#{"t_start": 1762609778.0620558, "env_id": "None"}
r,l,t
-0.72,11,0.098608
-0.49,10,0.142998
1.45,10,0.173509
-0.75,14,0.222179
-0.58,10,0.32598
1.57,16,0.408133
-0.56,8,0.440051
-0.45,11,0.488181
-0.63,12,0.535466
1.76,15,0.592741
-0.85,9,0.627459
-0.48,11,0.669217
-0.62,10,0.713668
-0.68,12,0.763669
-0.46,18,0.821063
-0.48,11,0.858698
-0.74,10,0.901119
-0.42,12,0.944036
0.85,21,1.010145
-0.72,8,1.034101
-0.77,11,1.067812
-0.62,11,1.101085
-0.66,10,1.136528
-0.84,11,1.173341
1.3,12,1.213946
-0.8,13,1.274016
1.54,10,1.328355
1.57,14,1.383314
1.28,11,1.422812
1.14,4,1.439224
-0.47,13,1.55896
-0.66,17,1.636094
-0.42,14,1.693937
-0.65,9,1.733391
-0.62,12,1.77996
-0.77,7,1.808809
1.44,11,1.850646
-0.41,12,1.890719
-0.55,10,1.927311
-0.7,9,1.957611
-0.72,16,2.005389
-0.72,10,2.046729
-0.53,15,2.101331
-0.62,11,2.135983
-0.35,16,2.187557
-0.68,12,2.225332
1.29,6,2.245534
1.53,10,2.278653
-0.31,15,2.332366
-0.55,15,2.384401
-0.78,8,2.412524
-0.84,11,2.449265
1.39,8,2.474486
-0.1,15,2.54433
-0.54,16,2.620771
-0.72,11,2.675653
-0.83,7,2.712127
-0.83,7,2.743088
-0.88,7,2.761312
-0.9,11,2.793865
-0.62,12,2.844895
-0.49,17,2.906429
-0.68,15,2.947242
-0.47,14,2.986571
-0.5,20,3.045805
1.6,11,3.080349
-0.44,12,3.118584
-0.6,9,3.150377
-0.61,16,3.208978
-0.72,8,3.237455
-0.32,16,3.285109
-0.5,11,3.325497
-0.65,10,3.388572
1.43,9,3.458573
-0.68,9,3.491423
-0.41,15,3.549079
-0.35,12,3.583184
1.36,9,3.613109
-0.4,14,3.663664
-0.76,12,3.72403
-0.76,9,3.778235
-0.45,10,3.827893
-0.56,11,3.86328
-0.63,13,3.911853
1.25,8,3.937097
-0.68,9,3.968347
1.27,11,4.005786
-0.49,10,4.04412
1.45,11,4.084682
1.44,14,4.133842
-0.77,10,4.170866
-0.42,14,4.216018
1.49,14,4.263831
1.6,11,4.307001
-0.54,11,4.361094
-0.4,11,4.416389
-0.59,14,4.47822
-0.6,10,4.527532
-0.65,14,4.581007
-0.38,17,4.642776
-0.75,17,4.710503
-0.38,17,4.775946
-0.63,10,4.814368
1.67,16,4.931677
1.74,16,4.982104
1.28,11,5.014518
1.43,11,5.049865
-0.73,12,5.092341
1.68,15,5.141795
-0.64,11,5.177757
-0.09,18,5.230643
1.43,12,5.270402
-0.86,10,5.306077
-0.78,8,5.337217
-0.66,9,5.368013
-0.25,15,5.423901
-0.46,14,5.461377
1.28,10,5.497578
-0.56,11,5.535662
1.51,12,5.580581
-0.18,14,5.629623
1.59,12,5.680162
-0.91,7,5.700754
1.06,7,5.727062
-0.6,16,5.776569
-0.43,14,5.825618
-0.51,9,5.856429
-0.68,12,5.897528
-0.71,9,5.93334
1.68,12,5.976471
-0.1,16,6.035541
-0.42,12,6.078337
-0.45,12,6.120407
-0.54,13,6.160193
1.27,10,6.188179
-0.44,13,6.229749
-0.06,21,6.288022
-0.56,11,6.322992
-0.58,15,6.364142
-0.91,16,6.474471
-0.69,7,6.499419
-0.82,6,6.522325
1.4,9,6.547652
1.51,10,6.581671
-0.47,19,6.641792
1.75,17,6.696664
1.53,10,6.729879
1.4,13,6.766561
1.6,11,6.804528
-0.04,20,6.859538
-0.56,12,6.897135
1.16,5,6.913875
-0.7,8,6.941788
-0.74,9,6.967192
-0.83,7,6.98744
-0.61,11,7.024769
-0.67,17,7.067894
1.4,11,7.110314
-0.45,15,7.169395
1.51,16,7.215892
-0.62,12,7.257249
1.69,15,7.29919
1.43,12,7.371176
1.5,13,7.425328
-0.64,11,7.456388
-0.74,10,7.491394
-0.8,7,7.513757
-0.34,17,7.574127
-0.7,8,7.59842
-0.72,10,7.641531
1.57,15,7.69843
1.3,8,7.738396
1.32,11,7.779736
1.63,15,7.842264
1.37,12,7.885983
-0.42,15,7.927099
-0.79,9,7.960296
-0.61,11,7.990686
-0.83,7,8.009799
-0.56,8,8.036273
1.24,9,8.063913
-0.75,13,8.118794
-0.73,12,8.156567
1.36,10,8.190935
-0.46,11,8.230323
-0.58,11,8.272657
-0.66,12,8.314093
1.61,14,8.358731
-0.75,10,8.396436
-0.48,14,8.440717
-0.32,16,8.491735
-0.36,17,8.548575
-0.92,8,8.578236
1.66,16,8.629866
-0.56,12,8.672452
-0.25,15,8.720123
1.25,10,8.754857
-0.74,7,8.780783
-0.42,14,8.831978
-0.8,10,8.86352
-0.48,13,8.912941
1.55,10,8.947325
-0.45,17,9.000928
-0.23,17,9.056336
-0.39,15,9.10585
-0.4,19,9.229749
-0.26,14,9.279335
-0.76,8,9.321946
-0.77,9,9.368615
1.45,10,9.510626
-0.42,16,9.611442
-0.49,14,9.675922
-0.48,11,9.711545
-0.64,11,9.752585
-0.32,16,9.835795
-0.6,9,9.882897
-0.25,14,9.938362
1.62,12,9.984558
-0.29,11,10.025154
-0.5,11,10.119954
-0.34,15,10.184568
-0.46,11,10.230072
-0.82,6,10.253867
-0.38,12,10.29644
-0.61,10,10.325623
1.48,13,10.372492
-0.64,8,10.398802
1.3,8,10.43058
-0.44,14,10.481841
-0.27,14,10.52327
-0.26,17,10.580892
-0.49,15,10.631057
1.47,12,10.669198
-0.68,10,10.70492
1.34,10,10.735566
1.57,12,10.774623
-0.68,10,10.808815
-0.74,12,10.853162
-0.59,12,10.889023
-0.66,12,10.921555
-0.43,12,10.966529
-0.7,10,10.999814
-0.53,13,11.040025
-0.54,10,11.071116
-0.53,11,11.117554
-0.79,9,11.158198
-0.44,13,11.212843
-0.64,9,11.266261
-0.8,10,11.319492
-0.66,12,11.396235
-0.71,7,11.455084
-0.48,13,11.507431
1.47,12,11.548593
-0.14,18,11.601925
-0.56,9,11.632324
-0.63,13,11.673031
-0.6,9,11.708871
-0.51,15,11.771333
-0.75,11,11.874162
1.63,12,11.931817
1.3,13,11.967956
1.44,13,12.005809
-0.8,9,12.039796
1.47,11,12.078737
-0.6,9,12.140186
-0.48,16,12.201925
-0.62,18,12.255236
-0.58,11,12.29036
-0.46,14,12.339054
-0.49,10,12.374967
1.48,13,12.409895
-0.7,11,12.456011
-0.61,11,12.508349
-0.67,11,12.554874
1.62,12,12.611295
-0.51,12,12.652086
-0.62,9,12.68696
-0.45,12,12.727548
-0.81,5,12.743919
-0.66,15,12.792524
-0.52,13,12.833172
-0.48,12,12.87862
-0.47,10,12.91596
-0.5,13,12.966619
-0.41,14,13.010218
-0.48,14,13.059167
-0.62,12,13.105033
-0.45,13,13.143995
-0.27,15,13.190047
-0.66,11,13.227181
1.45,13,13.273088
-0.83,7,13.291646
1.68,12,13.332919
-0.7,8,13.359227
-0.59,14,13.413714
-0.32,15,13.466428
-0.15,19,13.521181
-0.55,11,13.627243
1.48,11,13.669307
-0.74,12,13.709985
-0.43,12,13.751293
-0.82,9,13.790745
1.43,10,13.826109
1.51,12,13.870584
-0.66,15,13.918271
-0.62,9,13.961448
-0.68,10,14.013423
1.54,12,14.076278
1.55,14,14.140869
-0.31,14,14.1793
1.83,12,14.225348
-0.52,11,14.273482
-0.6,9,14.307904
-0.49,10,14.350176
-0.63,10,14.384019
-0.2,17,14.442004
-0.44,13,14.498042
1.14,4,14.514641
-0.09,18,14.571635
-0.28,14,14.621064
1.68,15,14.67068
-0.55,11,14.714909
-0.43,15,14.763352
-0.79,9,14.861044
1.39,8,14.885957
-0.64,12,14.936135
-0.22,16,14.985471
-0.57,14,15.033807
-0.49,9,15.067338
-0.64,10,15.104646
1.5,11,15.139626
-0.38,14,15.186729
-0.67,9,15.219884
-0.46,13,15.263741
-0.48,14,15.306989
1.58,11,15.344761
1.6,12,15.389306
-0.52,13,15.439003
-0.62,11,15.474921
-0.15,15,15.530266
1.72,17,15.584124
-0.73,11,15.624648
-0.77,7,15.647904
-0.64,11,15.688525
-0.42,14,15.727592
-0.55,14,15.772976
-0.49,10,15.805551
-0.54,12,15.844132
-0.6,8,15.870709
1.34,7,15.895075
-0.5,11,15.925959
-0.79,7,15.948687
-0.49,16,15.998975
-0.36,12,16.03978
-0.7,12,16.080578
1.34,10,16.118265
-0.66,10,16.147473
1.66,13,16.190363
-0.34,12,16.233511
1.35,9,16.262527
1.7,14,16.311025
-0.62,9,16.349541
-0.39,17,16.401027
1.44,11,16.441733
-0.62,8,16.476556
-0.81,11,16.513829
1.51,12,16.548822
-0.54,16,16.603806
-0.38,16,16.658485
-0.65,15,16.731795
-0.52,15,16.7866
0.26,18,16.841997
-0.65,9,16.880577
-0.62,12,16.938356
1.48,21,17.021999
-0.6,12,17.070884
-0.51,12,17.120287
-0.47,13,17.169693
-0.39,17,17.235913
-0.44,18,17.294428
1.58,13,17.339257
-0.72,7,17.369076
-0.48,13,17.413726
-0.74,7,17.438729
-0.71,11,17.482874
-0.5,13,17.536361
-0.56,12,17.579626
-0.3,16,17.632197
-0.5,11,17.666514
-0.73,11,17.702534
-0.58,10,17.737476
-0.63,10,17.770096
-0.8,10,17.806016
-0.25,15,17.851719
1.33,11,17.88698
1.34,10,17.916109
1.74,13,17.968805
-0.67,14,18.102796
-0.71,10,18.140992
-0.65,15,18.194639
1.13,6,18.21776
-0.7,8,18.245839
-0.84,8,18.270928
1.58,12,18.311503
1.55,11,18.341346
-0.83,9,18.372613
-0.29,15,18.423248
-0.81,10,18.457007
-0.23,18,18.555364
-0.3,15,18.615033
-0.39,14,18.658664
1.55,12,18.69851
-0.41,16,18.80876
-0.13,14,18.85254
-0.68,9,18.878878
-0.88,7,18.902617
-0.4,12,18.946459
-0.83,11,18.98657
-0.69,10,19.028516
-0.41,16,19.087894
-0.7,9,19.121642
-0.23,17,19.180003
-0.22,19,19.24597
-0.56,11,19.285675
1.6,12,19.325974
-0.47,11,19.358532
-0.56,8,19.385957
-0.64,10,19.421055
-0.74,13,19.467768
1.28,8,19.498345
-0.4,14,19.541716
1.17,7,19.567403
-0.6,13,19.613276
1.54,13,19.659677
-1.04,5,19.680674
1.55,11,19.721292
1.26,9,19.752373
-0.4,14,19.799682
1.14,4,19.811944
-0.3,15,19.863771
-0.45,12,19.90378
-0.34,14,19.957139
-0.45,13,20.016062
-0.61,10,20.082035
-0.74,13,20.139345
-0.34,14,20.187176
-0.52,13,20.238052
-0.63,10,20.277923
1.24,9,20.314416
-0.43,12,20.363389
-0.59,14,20.407487
-0.64,10,20.445166
1.63,12,20.497606
-0.57,13,20.550686
-0.55,11,20.651014
-0.54,10,20.693824
-0.32,17,20.760602
1.5,11,20.801476
-0.73,9,20.844182
-0.84,8,20.868819
1.62,17,20.933479
-0.82,6,20.954849
-0.63,13,21.00643
-0.47,15,21.057218
-0.45,15,21.115891
-0.51,16,21.192208
-0.36,14,21.251734
-0.76,13,21.297535
-0.68,8,21.330279
-0.32,18,21.41877
1.6,13,21.478965
-0.64,11,21.525061
-0.72,14,21.580533
-0.56,15,21.642791
-0.48,14,21.695253
-0.44,13,21.745083
-0.54,9,21.78486
-0.63,10,21.83533
-0.34,17,21.90354
-0.57,10,21.947752
-0.41,14,22.011546
-0.81,11,22.062766
1.4,9,22.098247
-0.82,9,22.142278
1.37,10,22.181998
-0.45,16,22.244869
1.58,11,22.289253
-0.23,16,22.363843
-0.33,13,22.479263
-0.37,12,22.534479
-0.31,13,22.581501
-0.6,9,22.620853
-0.39,13,22.677223
-0.49,14,22.744294
-0.63,14,22.829853
-0.76,9,22.964398
1.45,10,23.047671
-0.48,11,23.129767
-0.46,12,23.216957
-0.44,12,23.274289
1.59,10,23.315949
1.45,10,23.362497
1.54,12,23.422499
-0.23,14,23.483981
-0.68,13,23.539943
-0.17,14,23.591325
1.35,10,23.625462
-0.49,13,23.666796
1.48,13,23.724682
-0.73,11,23.763535
-0.55,14,23.81469
-0.66,16,23.866296
-0.67,10,23.90317
-0.84,8,23.938856
-0.65,9,23.975094
-0.87,11,24.008354
-0.53,13,24.062775
-0.85,13,24.109375
-0.51,11,24.142751
-0.82,12,24.180398
-0.93,9,24.213129
1.37,10,24.249206
-0.54,11,24.281329
1.42,13,24.322456
-0.65,12,24.368811
-0.42,11,24.411341
-0.68,9,24.442593
-0.68,9,24.467817
1.23,7,24.491071
1.34,10,24.527158
1.38,12,24.569123
-0.38,13,24.609921
1.56,11,24.65242
-0.46,17,24.707504
-0.53,16,24.758578
-0.62,11,24.799104
-0.23,14,24.85489
1.14,4,24.869581
-0.65,17,24.93045
-0.42,14,24.974879
-0.69,10,25.010566
1.62,15,25.072692
1.51,12,25.128974
-0.53,11,25.200577
-0.62,9,25.246294
-0.05,17,25.315269
-0.62,12,25.349869
-0.62,15,25.413236
-0.29,19,25.470446
-0.67,8,25.498475
-0.61,10,25.531414
-0.65,9,25.561704
1.43,9,25.594671
1.3,11,25.637472
-0.52,14,25.692178
1.53,11,25.731923
-0.21,17,25.790665
-0.35,12,25.828794
-0.42,15,25.88186
-0.83,7,25.908337
-0.45,11,25.945422
-0.77,7,26.032872
-0.62,11,26.077647
1.5,11,26.121568
-0.37,20,26.190404
-0.54,10,26.222565
-0.4,17,26.285452
-0.38,15,26.327971
1.28,8,26.356487
-0.45,11,26.395362
1.37,10,26.42801
1.6,12,26.472417
-0.66,7,26.495348
-0.72,10,26.54275
1.55,11,26.578354
1.45,9,26.61076
-0.66,9,26.640427
-0.61,12,26.684508
-0.47,12,26.726614
1.53,13,26.763612
-0.59,9,26.795024
1.45,11,26.830166
-0.49,16,26.883233
-0.39,12,26.923573
-0.61,11,26.962179
-0.67,13,27.000054
-0.44,12,27.053591
-0.54,12,27.148073
-0.7,11,27.183794
-0.76,8,27.212779
-0.61,12,27.246838
-0.56,11,27.285513
-0.61,17,27.357778
1.39,11,27.403196
-0.7,8,27.433522
1.59,11,27.464626
0.02,18,27.527043
-0.47,16,27.594457
-0.48,12,27.65117
1.49,10,27.705436
1.23,11,27.76306
-0.77,10,27.827553
-0.5,12,27.871427
-0.64,10,27.899158
1.48,10,27.93402
1.55,12,27.981259
1.84,13,28.020192
-0.56,11,28.058446
-0.52,11,28.102408
1.25,11,28.141881
1.51,10,28.183177
-0.68,10,28.216525
1.45,13,28.26818
-0.25,13,28.312699
1.66,17,28.365338
-0.34,13,28.413482
-0.61,13,28.456921
-0.35,13,28.501329
-0.52,10,28.530849
-0.35,19,28.604333
-0.72,14,28.655659
-0.34,13,28.707429
-0.66,13,28.755857
-0.53,15,28.809416
-0.59,16,28.861281
1.78,16,28.908116
-0.42,17,28.964244
1.6,12,29.010605
-0.51,14,29.058272
-0.61,10,29.094738
-0.34,12,29.137288
1.51,12,29.177089
-0.66,7,29.200135
-0.87,8,29.229372
-0.45,11,29.266768
-0.75,9,29.317407
-0.1,16,29.389693
1.58,11,29.440033
-0.82,9,29.469924
1.51,11,29.503718
-0.39,10,29.542639
1.13,5,29.56151
-0.66,13,29.669325
1.43,12,29.718048
-0.58,15,29.768438
1.44,11,29.808877
1.5,11,29.847344
-0.57,12,29.889223
-0.61,11,29.923605
-0.55,15,29.970693
1.56,14,30.017374
-0.67,14,30.070031
-0.5,10,30.109751
1.42,11,30.153072
1.48,10,30.180712
-0.63,13,30.226071
-0.24,19,30.298491
-0.81,8,30.331156
-0.6,10,30.363209
-0.39,16,30.420883
-0.53,15,30.481183
-0.05,15,30.543798
-0.79,9,30.584631
1.5,11,30.636348
1.5,10,30.686402
-0.68,12,30.739803
-0.78,7,30.763879
1.5,13,30.814358
-0.64,12,30.854836
1.39,10,30.887133
1.36,8,30.916364
-0.42,16,30.961432
-0.72,11,31.003949
-0.51,11,31.044899
1.45,11,31.083152
-0.36,15,31.128764
-0.72,11,31.164609
1.58,10,31.192953
-0.35,17,31.245238
-0.52,14,31.290305
-0.69,7,31.320751
-0.47,12,31.366714
-0.39,16,31.418067
-0.55,11,31.453606
1.41,9,31.487303
-0.71,9,31.518812
-0.44,12,31.55777
-0.4,11,31.593807
-0.68,12,31.634955
-0.65,9,31.70463
-0.31,14,31.806207
-0.65,9,31.849836
-0.81,11,31.88978
1.61,11,31.938988
-0.47,11,31.995368
-0.67,11,32.042606
-0.77,12,32.084749
1.3,11,32.12293
-0.67,11,32.163918
-0.7,12,32.197924
-0.68,15,32.241904
-0.78,9,32.275311
-0.54,9,32.31521
-0.32,14,32.369413
-0.65,12,32.414915
-0.61,11,32.465096
-0.15,14,32.519357
-0.47,13,32.574726
1.51,10,32.61445
-0.4,15,32.671501
-0.65,12,32.712666
1.31,10,32.742019
-0.19,15,32.796876
-0.52,12,32.837662
1.45,14,32.884632
-0.63,10,32.918008
-0.62,12,32.962073
-0.37,13,33.003291
-0.64,11,33.037581
-0.4,17,33.092275
1.47,11,33.124537
-0.65,9,33.163258
-0.31,17,33.233703
-0.7,11,33.285738
-0.72,8,33.319376
-0.69,11,33.367854
-0.28,14,33.424583
-0.73,8,33.465334
-0.28,13,33.519258
1.8,13,33.570239
-0.19,18,33.635123
-0.76,9,33.672591
-0.71,12,33.730737
-0.72,14,33.78286
-0.55,16,33.839436
-0.64,11,33.886945
-0.86,10,33.930701
-0.89,7,33.961029
1.34,9,34.004732
-0.51,11,34.059149
-0.62,14,34.12579
-0.27,17,34.220396
-0.35,13,34.282672
-0.72,10,34.341298
-0.46,12,34.40434
-0.21,15,34.520904
1.23,7,34.614564
-0.73,9,34.648097
-0.84,11,34.68757
-0.68,13,34.736455
-0.73,9,34.771027
-0.63,13,34.818433
-0.72,8,34.849588
-0.89,8,34.886084
-0.53,15,34.938481
1.63,15,35.012073
-0.56,11,35.05723
-0.77,10,35.098886
-0.6,9,35.132319
-0.38,16,35.199907
-0.62,9,35.236261
-0.56,11,35.282331
1.37,10,35.317364
-0.64,15,35.363221
1.77,13,35.420509
1.79,16,35.482988
-0.36,15,35.533717
-0.32,15,35.587766
-0.55,14,35.637768
-0.76,9,35.670763
1.58,12,35.716204
-0.64,15,35.763213
-0.8,13,35.810667
-0.4,12,35.853762
-0.8,10,35.889863
-0.66,14,35.947468
-0.22,13,35.992382
-0.61,13,36.034819
1.53,9,36.064344
-0.49,11,36.10501
-0.68,12,36.153696
-0.73,9,36.188039
1.53,10,36.217143
-0.09,16,36.324735
-0.35,13,36.369831
1.64,11,36.409668
-0.44,15,36.463649
-0.45,12,36.508887
1.35,10,36.535881
1.26,12,36.576847
-0.63,10,36.607983
1.36,8,36.63216
-0.81,12,36.676043
1.33,8,36.70498
-0.65,13,36.747778
-0.43,14,36.790423
-0.53,13,36.833934
-0.43,11,36.871792
-0.55,16,36.925133
-0.61,10,36.964242
-0.72,8,36.997342
-0.54,13,37.037501
1.56,14,37.084051
-0.6,13,37.13045
-0.78,11,37.181065
-0.76,9,37.214485
-0.61,11,37.252239
1.23,7,37.271111
-0.5,14,37.315873
1.54,11,37.351596
-0.37,13,37.394103
1.46,9,37.426271
1.59,12,37.471393
-0.41,13,37.526765
-0.79,9,37.554338
-0.93,6,37.574726
1.33,8,37.601667
-0.7,8,37.627391
-0.61,11,37.663485
-0.78,8,37.687957
-0.42,16,37.745569
1.61,12,37.784946
-0.78,12,37.818391
-0.43,15,37.871288
1.69,13,37.911448
-0.8,10,37.94333
-0.83,11,37.980851
1.5,11,38.0214
-0.33,13,38.063326
-0.52,10,38.10853
-0.5,11,38.159192
-0.53,14,38.206771
1.51,10,38.240852
-0.29,14,38.295037
-0.58,13,38.34096
-0.66,13,38.391781
-0.57,12,38.432045
-0.46,9,38.459558
1.63,18,38.514287
-0.54,13,38.554859
-0.83,8,38.580761
1.43,9,38.615725
-0.94,7,38.640382
-0.1,17,38.738946
-0.38,12,38.79106
-0.55,13,38.830843
-0.73,14,38.870003
-0.6,12,38.904944
-0.76,12,38.948872
1.37,12,38.993831
-0.54,14,39.041837
-0.59,13,39.08331
-0.1,16,39.145484
-0.6,14,39.194416
-0.47,13,39.231948
-0.74,10,39.262254
-0.53,12,39.304787
-0.41,11,39.345039
-0.65,9,39.37627
-0.61,14,39.417649
-0.58,11,39.458537
1.32,11,39.500806
-0.34,14,39.544302
-0.35,12,39.586837
-0.5,14,39.642723
-0.46,13,39.687117
1.37,10,39.722218
1.52,14,39.77417
1.72,13,39.814711
-0.54,15,39.870996
1.47,11,39.907952
-0.17,17,39.962419
-0.79,9,39.994647
-0.76,8,40.020799
-0.54,17,40.068797
1.57,12,40.181175
1.45,10,40.213155
-0.83,7,40.244293
1.38,10,40.278664
1.72,12,40.317274
-0.58,9,40.349127
-0.06,19,40.413564
-0.37,15,40.459321
1.27,12,40.500544
-0.41,13,40.548534
-0.64,17,40.595962
1.32,9,40.62549
-0.56,11,40.658605
-0.3,12,40.701291
-0.7,11,40.739152
-0.62,9,40.768938
1.63,14,40.81623
-0.74,13,40.854818
-0.1,17,40.908635
1.29,10,40.94287
-0.29,12,40.9814
-0.56,12,41.020312
1.39,10,41.050269
-0.55,11,41.092307
-0.68,11,41.125839
-0.46,13,41.165299
1.35,14,41.213603
1.45,13,41.248797
-0.43,11,41.287595
-0.61,11,41.329281
-0.51,11,41.369028
1.39,10,41.406166
1.46,9,41.434054
-0.67,8,41.462117
-0.72,8,41.490187
1.51,13,41.525324
-0.66,7,41.548756
1.72,16,41.595747
1.59,12,41.632425
-0.81,9,41.665439
-0.32,15,41.71551
-0.23,14,41.763992
1.37,12,41.799687
-0.64,11,41.82843
-0.52,9,41.85671
-0.33,14,41.896284
-0.74,10,41.927159
1.62,12,41.96499
-0.6,15,42.015413
1.59,11,42.055549
-0.75,11,42.108229
-0.4,14,42.149191
-0.31,14,42.210939
1.48,10,42.247182
-0.78,8,42.280051
1.18,9,42.310478
-0.57,15,42.365141
1.39,10,42.407092
1.56,9,42.441658
-0.58,10,42.4823
-0.56,12,42.52789
1.68,11,42.572245
-0.57,13,42.614304
-0.39,11,42.653851
-0.77,13,42.702857
1.53,10,42.743972
1.38,13,42.793831
-0.2,18,42.856601
-0.73,9,42.890019
-0.83,7,42.913952
1.56,9,42.946552
2.03,17,43.010913
-0.25,14,43.061449
1.46,11,43.095854
-0.9,11,43.136181
-0.72,13,43.183645
-0.77,10,43.225517
1.42,10,43.261959
-0.39,18,43.33796
-0.67,8,43.369571
-0.59,9,43.400193
-0.69,11,43.439966
-0.59,11,43.481852
-0.69,11,43.514574
-0.78,14,43.561882
-0.5,14,43.60914
-0.79,9,43.646212
-0.4,15,43.697795
-0.61,13,43.747143
-0.39,16,43.805757
-0.89,7,43.831552
-0.47,13,43.882549
1.95,17,43.948261
1.45,11,43.989939
-0.42,13,44.035972
1.65,12,44.088482
1.55,10,44.120737
-0.46,9,44.159308
1.45,11,44.197308
-0.37,17,44.261585
-0.56,11,44.362566
-0.84,8,44.391507
-0.52,10,44.432113
-0.68,9,44.464244
-0.76,11,44.507412
1.53,10,44.54483
-0.61,11,44.583941
-0.24,12,44.630971
-0.5,12,44.676647
-0.13,17,44.738664
1.51,10,44.777654
-0.51,12,44.817851
-0.45,12,44.860424
1.56,10,44.894876
1.44,10,44.93187
-0.72,8,44.960881
-0.6,10,44.995841
1.61,10,45.039342
1.4,15,45.097854
-0.45,17,45.155581
-0.6,11,45.197178
1.52,14,45.247858
-0.47,14,45.301304
1.41,11,45.347172
-0.84,8,45.384001
-0.42,14,45.442986
1.29,13,45.482615
-0.81,8,45.510978
1.17,7,45.537444
-0.47,13,45.587709
-0.56,11,45.631162
-0.33,13,45.676725
-0.2,18,45.744318
-0.37,18,45.810849
-0.87,11,45.857221
1.46,15,45.905763
1.5,10,45.939811
1.69,14,45.987734
-0.31,16,46.052128
-0.62,13,46.095069
-0.86,10,46.125684
-0.59,9,46.164559
-0.49,13,46.212823
-0.44,13,46.261204
-0.12,16,46.322878
-0.65,9,46.356372
-0.5,13,46.401713
1.17,8,46.430114
1.38,14,46.475273
-0.7,12,46.511671
-0.79,9,46.545033
-0.59,17,46.605717
1.87,15,46.659729
1.44,11,46.701082
-0.82,9,46.738644
1.68,11,46.777815
1.55,14,46.830747
-0.35,11,46.873189
-0.77,7,46.905613
1.49,9,46.938274
-0.76,11,46.976748
-0.8,11,47.016804
-0.5,13,47.062372
-0.35,11,47.105241
-0.39,13,47.154703
1.4,10,47.190911
-0.58,11,47.225477
1.66,11,47.272101
-0.85,9,47.307028
1.54,9,47.346532
-0.56,15,47.401812
-0.46,12,47.447094
-0.35,15,47.504372
1.65,14,47.55596
-0.73,9,47.589636
1.44,11,47.629499
-0.58,12,47.679188
-0.56,11,47.714451
-0.37,15,47.774072
1.71,13,47.817073
-0.1,15,47.872928
1.41,9,47.90426
-0.57,12,47.947919
-0.68,13,47.995941
-0.86,11,48.036844
-0.52,14,48.088566
-0.41,13,48.1379
1.69,13,48.18762
1.66,11,48.227406
-0.96,9,48.259835
1.53,10,48.308582
-0.61,11,48.354503
-0.69,13,48.397778
-0.6,12,48.446807
-0.76,8,48.475568
-0.41,15,48.522442
1.28,11,48.55715
-0.64,13,48.608629
-0.49,14,48.727865
-0.61,12,48.781561
1.57,12,48.824486
-0.76,13,48.87508
-0.73,9,48.918149
-0.31,12,48.963796
-0.61,11,48.995374
-0.63,11,49.036335
-0.5,13,49.075794
1.95,18,49.124824
-0.58,14,49.170321
-0.56,11,49.208568
-0.28,13,49.242633
-0.75,10,49.268409
1.51,10,49.302881
-0.72,13,49.342376
1.42,11,49.382083
-0.65,13,49.443922
-0.66,9,49.484726
1.5,13,49.539725
-0.73,12,49.636291
-0.59,14,49.682557
-0.26,15,49.725042
-0.61,10,49.753966
-0.79,10,49.78401
-0.33,16,49.83154
-0.67,9,49.860986
-0.59,9,49.890759
-0.78,14,49.941016
-0.72,11,49.982695
-0.62,14,50.025766
-0.52,11,50.064812
-0.36,13,50.113428
-0.67,11,50.1488
1.44,11,50.180933
1.37,12,50.222908
-0.81,11,50.261747
1.42,11,50.295614
-0.79,12,50.334159
-0.37,11,50.373757
-0.62,12,50.418392
-0.55,10,50.45702
-0.46,11,50.495677
1.4,10,50.52253
-0.22,15,50.574303
-0.66,10,50.600558
-0.42,12,50.646589
-0.53,11,50.68939
1.45,10,50.72358
-0.46,13,50.763498
-0.61,18,50.819329
-0.83,7,50.841595
-0.72,10,50.879804
-0.35,11,50.915363
-0.24,20,50.979308
-0.58,14,51.01807
-0.81,7,51.04314
-0.45,10,51.073741
-0.4,16,51.119287
1.39,11,51.156089
1.74,17,51.203768
-0.54,10,51.236305
-0.58,10,51.272395
1.54,11,51.30322
1.59,11,51.338923
-0.83,12,51.372126
-0.37,14,51.414789
-0.57,12,51.460044
1.56,12,51.499551
1.67,16,51.550246
-0.41,13,51.588291
-0.42,16,51.634585
-0.46,15,51.683122
-0.09,20,51.736932
-0.83,8,51.765646
-0.51,15,51.815022
-0.61,11,51.850732
-0.61,11,51.882475
-0.72,11,51.917935
1.61,13,51.957751
1.58,11,51.988077
1.44,11,52.020059
-0.4,14,52.05873
-0.81,8,52.087388
1.39,13,52.133589
-0.39,17,52.19098
-0.93,9,52.220307
-0.6,13,52.261577
-0.94,10,52.289879
-0.78,14,52.327751
-0.59,9,52.357679
-0.49,13,52.398741
1.53,13,52.44022
-0.48,12,52.477779
-0.82,13,52.52366
-0.52,13,52.563465
1.68,13,52.602496
1.51,12,52.638241
-0.65,12,52.672155
-0.64,11,52.710786
-0.39,10,52.744272
-0.69,10,52.772545
-0.61,11,52.870944
-0.61,14,52.909183
-0.6,13,52.942142
-0.56,11,52.98013
-0.44,16,53.029209
-0.64,11,53.06149
-0.78,10,53.093415
-0.82,10,53.12539
1.49,11,53.153634
-0.51,12,53.188902
1.86,14,53.237912
-0.39,10,53.274266
-0.51,14,53.321908
1.7,12,53.359455
1.51,11,53.399513
-0.85,9,53.429036
1.61,11,53.463666
-0.67,8,53.493499
1.64,14,53.534744
-0.38,14,53.58184
1.51,15,53.624887
1.49,11,53.665626
-0.81,8,53.696152
-0.66,16,53.739732
1.5,11,53.772676
1.8,16,53.822627
-0.17,13,53.860456
-0.68,10,53.894548
-0.77,8,53.924705
-0.59,11,53.950828
1.73,11,53.987164
1.22,10,54.020234
-0.7,9,54.048919
-0.33,12,54.086549
1.75,16,54.133562
-0.24,15,54.182709
1.87,16,54.236192
-0.69,13,54.277617
1.79,14,54.327622
1.58,13,54.365968
-0.67,8,54.38728
-0.22,15,54.428208
-0.54,20,54.478355
-0.89,7,54.500174
-0.37,13,54.543791
1.49,14,54.583556
-0.72,11,54.624497
-0.27,14,54.672342
-0.72,10,54.704307
-0.8,10,54.738953
1.39,11,54.774642
-0.76,8,54.799432
-0.8,10,54.833954
-0.22,14,54.878529
-0.49,10,54.910764
-0.79,14,54.949512
-0.46,9,54.978587
-0.85,9,55.005692
-0.78,8,55.032298
-0.79,9,55.059088
1.75,12,55.097023
1.43,11,55.127336
-0.25,16,55.180691
-0.58,13,55.215605
-0.47,14,55.25823
1.61,10,55.287093
1.56,10,55.317207
-0.28,16,55.368127
-0.22,17,55.416157
-0.24,11,55.451993
1.25,10,55.488795
-0.71,10,55.513462
-0.66,10,55.546824
1.42,10,55.572801
1.24,11,55.609516
-0.17,18,55.660071
-0.78,8,55.685372
-0.3,15,55.725044
-0.3,13,55.768039
-0.76,6,55.788704
-0.44,13,55.822945
-0.6,9,55.847843
-0.65,11,55.883545
1.41,14,55.927061
-0.27,14,55.968842
-0.77,7,55.990303
-0.6,10,56.02991
-0.93,6,56.054094
-0.67,12,56.086508
-0.65,13,56.126235
-0.43,15,56.168275
1.45,11,56.20154
-0.59,11,56.238058
-0.61,9,56.267983
-0.45,14,56.309616
-0.61,16,56.426071
-0.57,10,56.464842
-0.22,15,56.51546
-0.54,9,56.549521
-0.54,12,56.593763
-0.8,10,56.627819
-0.56,13,56.671846
-0.25,16,56.719716
-0.28,16,56.762314
1.49,12,56.799721
-0.74,14,56.838984
-0.42,14,56.878847
-0.66,10,56.912941
-0.66,11,56.947771
-0.46,12,56.991948
-0.6,14,57.027642
-0.48,12,57.065219
-0.55,10,57.094109
-0.32,15,57.143019
-0.56,12,57.184232
1.31,10,57.213434
-0.32,14,57.252119
-0.17,17,57.306364
1.61,11,57.342381
1.54,9,57.369879
-0.69,14,57.41116
-0.56,13,57.447619
1.43,12,57.482911
-0.53,15,57.525378
-0.38,12,57.557959
-0.53,14,57.604303
-0.62,14,57.647027
-0.35,15,57.69333
-0.5,11,57.728389
-0.9,9,57.760829
1.54,14,57.804051
-0.51,16,57.860526
-0.62,10,57.892604
1.27,12,57.930329
1.66,10,57.962255
-0.42,14,58.007504
-0.61,13,58.041335
-0.62,9,58.072975
-0.82,10,58.108509
-0.47,16,58.157904
-0.25,16,58.211737
-0.63,10,58.236176
-0.54,13,58.281048
-0.37,13,58.3209
-0.89,11,58.353453
-0.66,10,58.38724
1.35,14,58.429309
-0.71,16,58.475319
-0.35,15,58.514559
-0.31,18,58.566556
1.46,9,58.594485
-0.45,14,58.631833
-0.7,11,58.659111
1.46,9,58.685512
1.51,11,58.71972
-0.51,11,58.757822
-0.61,13,58.7958
1.54,9,58.824612
-0.9,9,58.851936
-0.46,14,58.895917
-0.5,11,58.930871
-0.5,13,58.97197
1.41,9,59.006075
-0.84,8,59.032209
-0.55,10,59.065296
-0.68,9,59.097707
-0.42,15,59.140846
-0.73,8,59.165687
-0.56,16,59.217372
-0.88,7,59.243919
-0.93,9,59.279303
1.54,9,59.308889
1.4,9,59.34022
0.05,19,59.394817
-0.54,12,59.430221
-0.6,10,59.467396
-0.63,13,59.500519
-0.03,15,59.54596
1.62,12,59.581898
1.72,13,59.624873
-0.68,9,59.655295
-0.68,10,59.688468
-0.11,17,59.738266
-0.54,12,59.76796
-0.51,12,59.808619
1.69,10,59.839237
-0.78,11,59.874528
-0.61,10,59.904207
-0.66,9,59.927321
-0.54,13,59.967055
-0.4,11,60.009628
1.16,11,60.043863
1.57,13,60.085587
-0.36,12,60.123481
-0.56,13,60.163215
-0.63,10,60.197681
-0.39,10,60.294083
1.39,11,60.328366
1.61,10,60.360689
-0.4,13,60.397666
1.35,12,60.439072
-0.54,15,60.479571
1.38,11,60.518821
-0.52,11,60.556475
-0.63,12,60.596062
1.36,8,60.623284
-0.6,12,60.658601
-0.59,12,60.692461
1.3,11,60.725347
-0.74,10,60.756823
-0.26,15,60.802033
-0.35,11,60.836973
-0.6,13,60.87294
1.47,11,60.907816
-0.87,8,60.936476
-0.84,10,60.965379
-0.68,8,60.98687
-0.58,10,61.018914
-0.61,10,61.048691
-0.58,14,61.096291
1.43,12,61.133508
-0.83,7,61.153223
-0.63,12,61.191868
-0.65,11,61.221207
-0.68,9,61.253492
1.63,14,61.293297
1.44,9,61.324834
-0.35,16,61.377418
1.56,9,61.401973
-0.61,16,61.448255
-0.26,17,61.497748
-0.54,9,61.52915
-0.75,14,61.578549
-0.16,17,61.628624
-0.2,14,61.672598
1.39,8,61.701994
-0.69,14,61.747256
-0.72,8,61.77354
-0.63,10,61.807293
-0.92,5,61.824744
1.14,4,61.835501
1.6,13,61.874807
-0.44,17,61.927563
-0.29,17,61.978954
1.54,9,62.011773
-0.64,11,62.045573
-0.34,12,62.091578
-0.44,10,62.129411
1.67,12,62.168253
1.4,10,62.192528
-0.53,11,62.227455
-0.52,13,62.268198
1.66,12,62.302579
-0.83,7,62.323629
-0.77,13,62.370692
1.51,11,62.405679
-0.74,10,62.442383
-0.56,8,62.47184
-0.5,11,62.505718
1.56,11,62.540076
-0.44,10,62.573253
1.35,13,62.617184
-0.65,11,62.647076
-0.4,11,62.676769
-0.83,7,62.70345
1.6,14,62.742929
-0.41,12,62.785546
-0.72,8,62.810641
-0.65,11,62.844813
1.4,13,62.887881
-0.29,13,62.929574
-0.76,9,62.955826
1.56,9,62.987013
-0.82,9,63.017073
1.14,4,63.028645
-0.47,16,63.070806
-0.83,7,63.089107
1.54,10,63.12385
-0.65,8,63.155177
-0.54,13,63.206698
-0.56,11,63.245094
-0.66,13,63.279283
-0.69,10,63.31587
1.63,11,63.34634
-0.44,12,63.381782
-0.76,9,63.41595
-0.88,7,63.44459
-0.56,9,63.478991
-0.64,8,63.503485
-0.66,10,63.534451
-0.53,12,63.573027
-0.54,13,63.607417
1.4,11,63.642125
-0.49,10,63.673739
1.54,10,63.708409
-0.36,10,63.742585
-0.68,10,63.77478
-0.75,12,63.812208
-0.63,10,63.840282
-0.39,13,63.884884
-0.45,18,63.99593
-0.69,10,64.030725
-0.18,17,64.078178
-0.55,10,64.117706
-0.34,17,64.166213
-0.33,17,64.219873
-0.44,10,64.253562
1.6,11,64.289323
-0.64,8,64.315787
-0.31,14,64.357011
-0.65,10,64.389499
-0.51,12,64.430885
1.64,10,64.517617
-0.57,9,64.546761
-0.88,12,64.585854
-0.35,14,64.630588
-0.79,9,64.663618
-0.81,8,64.69005
-0.39,17,64.741947
-0.12,15,64.787256
-0.41,11,64.818056
1.6,14,64.86288
-0.86,7,64.888391
1.6,12,64.920183
-0.33,13,64.951908
-0.54,13,64.994262
-0.51,12,65.0347
-0.7,12,65.070477
1.56,9,65.105005
-0.77,7,65.128012
1.66,11,65.163276
-0.54,12,65.205669
-0.64,10,65.237333
-0.51,12,65.28068
-0.77,7,65.305691
-0.3,15,65.352091
-0.03,16,65.399806
1.45,10,65.435187
-0.72,13,65.474844
-0.02,18,65.525002
-0.52,13,65.565799
-0.53,13,65.603961
1.63,12,65.638052
-0.52,13,65.67639
1.49,11,65.709999
-0.9,9,65.739535
-0.59,11,65.774302
-0.55,10,65.807476
-0.63,10,65.836956
-0.99,9,65.866839
-0.82,12,65.903736
-0.65,10,65.939455
-0.5,13,65.979557
-0.72,11,66.009376
-0.68,14,66.050987
-0.66,14,66.097226
-0.37,13,66.135081
-0.49,15,66.179362
-0.64,11,66.218153
-0.83,11,66.254857
-0.85,9,66.287678
-0.26,18,66.34227
-0.01,17,66.390938
-0.57,14,66.440313
1.61,12,66.484752
-0.45,10,66.515261
1.63,11,66.550315
-0.36,13,66.593035
-0.78,10,66.626886
1.34,10,66.660825
1.39,9,66.69044
1.56,11,66.722749
1.48,10,66.755559
-0.4,13,66.801853
-0.27,15,66.84878
-0.55,16,66.890238
-0.36,12,66.931047
-0.25,14,66.975645
1.53,10,67.009977
-0.66,10,67.039396
-0.53,13,67.07401
-0.78,8,67.100583
1.64,13,67.139567
1.67,11,67.170207
1.35,14,67.213674
1.43,10,67.244744
-0.3,15,67.300251
-0.65,11,67.337972
-0.8,12,67.382992
-0.16,15,67.4361
1.73,17,67.482589
-0.24,14,67.526616
-0.68,9,67.559154
1.14,4,67.573086
-0.69,8,67.602326
-0.36,13,67.639234
-0.54,14,67.68541
-0.53,11,67.726813
0.08,17,67.782563
-0.36,13,67.824573
1.72,12,67.924056
-0.81,8,67.945318
-0.64,9,67.976916
-0.8,9,68.002635
-0.62,9,68.02964
1.15,12,68.068685
-0.62,9,68.101566
-0.43,11,68.13438
1.62,11,68.168242
-0.67,11,68.206343
-0.3,13,68.242102
-0.65,12,68.281303
-0.75,9,68.313491
-0.84,16,68.36122
1.45,11,68.398219
1.63,13,68.431808
-0.48,14,68.470682
1.58,11,68.510894
-0.38,15,68.555345
-0.61,8,68.583537
-0.65,11,68.618386
1.47,11,68.650337
-0.49,12,68.691605
1.33,9,68.718917
-0.43,14,68.763389
-0.25,15,68.810903
1.19,5,68.828091
-0.73,11,68.855893
1.59,10,68.888145
-0.52,16,68.932417
-0.32,17,68.988194
-0.8,10,69.020074
-0.45,10,69.047826
-0.36,14,69.08707
-0.39,16,69.132857
-0.72,11,69.163607
-0.94,7,69.186221
-0.58,12,69.222544
-0.68,13,69.258891
-0.67,10,69.292547
-0.79,12,69.328132
1.53,10,69.360725
-0.45,14,69.408564
-0.53,13,69.449126
-0.18,18,69.508207
1.67,12,69.550004
-0.86,11,69.587569
-0.65,9,69.615906
1.54,11,69.649456
-0.73,11,69.68475
-0.27,14,69.728494
1.21,9,69.75475
-0.5,15,69.805565
-0.67,11,69.84055
1.52,13,69.885269
1.36,11,69.921432
1.42,13,69.966715
1.14,4,69.976577
-0.25,13,70.012283
-0.67,11,70.051446
1.74,15,70.098604
-0.13,15,70.143331
-0.84,9,70.17366
-0.86,11,70.205916
-0.6,11,70.246859
-0.46,15,70.291256
1.65,11,70.321053
-0.76,9,70.349473
1.52,11,70.386899
-0.69,10,70.421307
-0.51,11,70.459662
-0.59,9,70.491165
1.68,11,70.520098
1.41,9,70.5489
-0.59,12,70.585817
1.7,14,70.625387
-0.61,16,70.670325
1.18,9,70.697008
-0.68,12,70.733165
-0.31,11,70.763119
1.43,10,70.79744
1.56,9,70.824242
1.5,11,70.861916
-0.37,14,70.904458
-0.2,15,70.955673
-0.29,14,71.00512
-0.47,13,71.050899
-0.53,14,71.084272
-0.31,11,71.122973
-0.58,13,71.163755
-0.82,7,71.184382
-0.72,10,71.215546
-0.32,15,71.261241
1.54,10,71.294701
-0.58,15,71.338684
-0.83,7,71.353605
1.59,11,71.384914
-0.32,12,71.421234
1.29,6,71.446189
-0.11,17,71.499515
1.39,13,71.531925
-0.75,8,71.559834
1.28,8,71.615813
-0.25,17,71.69294
-0.56,12,71.732089
-0.71,12,71.764094
-0.58,13,71.800722
-0.6,9,71.831329
-0.75,7,71.853657
-0.6,10,71.883991
-0.64,13,71.925561
1.49,9,71.950815
1.54,11,71.985462
-0.53,13,72.03217
-0.47,14,72.075491
1.73,13,72.111161
1.35,9,72.136959
-0.52,16,72.186644
1.68,14,72.231656
-0.37,13,72.275444
1.47,11,72.313597
-0.57,12,72.354535
1.47,11,72.389424
-0.96,9,72.420447
-0.45,13,72.457736
-0.22,17,72.508345
-0.63,13,72.552714
-0.59,11,72.584392
-0.3,16,72.638512
1.31,10,72.664389
-0.53,18,72.718623
-0.28,13,72.755022
-0.55,10,72.785213
-0.51,14,72.830516
1.56,9,72.86272
-0.65,12,72.894575
-0.66,14,72.93295
-0.33,12,72.970861
1.37,12,73.007254
1.45,11,73.039518
-0.36,10,73.073325
1.64,16,73.12333
-0.72,8,73.154363
1.36,8,73.176651
1.5,12,73.212211
-0.68,13,73.258614
-0.62,11,73.295181
-0.39,18,73.35461
-0.55,14,73.393721
-0.3,16,73.444297
-0.86,11,73.486343
-0.88,7,73.511461
-0.36,13,73.554842
-0.35,13,73.594192
-0.31,13,73.636781
-0.83,7,73.662307
-0.75,10,73.696113
1.14,8,73.717981
-0.36,15,73.76846
-0.75,8,73.796348
-0.49,16,73.842651
-0.6,10,73.872826
-0.4,12,73.910431
-0.81,10,73.944698
-0.48,12,73.983759
-0.67,12,74.019139
-0.26,14,74.078302
-0.65,9,74.106333
-0.65,12,74.148043
-0.36,12,74.188849
1.59,16,74.233999
-0.72,10,74.261719
1.56,9,74.294343
1.64,12,74.333286
1.66,10,74.36708
-0.64,10,74.402283
1.26,10,74.432309
1.32,12,74.470344
-0.7,12,74.508902
-0.72,9,74.536195
-0.85,12,74.578748
-0.4,12,74.61916
-0.66,11,74.655629
-0.55,11,74.686286
-0.77,11,74.721903
-0.73,11,74.757004
1.54,9,74.783118
-0.52,13,74.819931
-0.86,8,74.845004
1.33,11,74.88391
1.45,12,74.922197
-0.88,7,74.940287
-0.58,11,74.971875
1.45,10,75.00912
-0.65,12,75.048315
-0.65,10,75.074822
-0.66,7,75.093695
-0.39,11,75.134499
-0.56,9,75.161893
1.63,12,75.192102
-0.24,14,75.233289
1.25,8,75.256718
-0.45,14,75.307773
-0.21,18,75.425996
-0.69,10,75.46161
-0.65,14,75.497509
-0.62,12,75.535814
-0.58,14,75.581726
-0.55,10,75.619398
1.41,9,75.653671
-0.58,14,75.701569
-0.63,10,75.737502
-0.33,11,75.767633
-0.85,9,75.796227
-0.84,6,75.8193
-0.64,11,75.860031
-0.42,11,75.897787
-0.78,10,75.932159
-0.72,8,75.960913
-0.29,20,76.014814
1.27,9,76.037387
-0.61,11,76.07651
1.45,10,76.112535
-0.44,9,76.139362
-0.55,14,76.178861
-0.55,15,76.217849
-0.46,13,76.261724
-0.7,11,76.291941
1.7,16,76.350002
1.3,9,76.378103
-0.69,10,76.410121
1.93,17,76.464101
1.42,10,76.496504
-0.72,16,76.54216
1.58,11,76.576377
-0.46,12,76.610798
-0.48,15,76.653587
-0.68,13,76.692041
1.5,12,76.731011
-0.4,11,76.766835
-0.81,14,76.816863
-0.88,7,76.837049
-0.61,11,76.875358
-0.4,11,76.914104
1.53,16,76.966578
1.72,13,77.006915
1.14,4,77.018326
-0.36,16,77.06281
-0.66,10,77.094487
1.37,10,77.130084
-0.64,10,77.165926
-0.8,12,77.202973
1.3,12,77.238488
1.59,10,77.26914
1.39,8,77.295589
1.35,8,77.317797
-0.57,9,77.348752
-0.33,15,77.397001
-0.34,10,77.437051
1.43,13,77.48159
-0.88,6,77.501536
-0.5,13,77.550141
1.33,11,77.5834
-0.46,13,77.627316
-0.57,14,77.672421
1.85,13,77.717377
2.02,19,77.779078
-0.79,9,77.801006
-0.52,13,77.845865
-0.52,13,77.879655
-0.54,12,77.921964
-0.47,11,77.956852
-0.82,12,77.984775
-0.68,15,78.02564
1.56,13,78.069769
1.56,12,78.107311
1.58,10,78.137564
-0.76,9,78.16403
1.56,11,78.201102
1.67,13,78.246094
-0.73,12,78.281946
1.58,10,78.311139
-0.85,6,78.333744
-0.61,13,78.38327
1.34,10,78.419338
-0.83,11,78.454983
-0.68,10,78.490131
-0.65,11,78.533506
1.56,9,78.563038
-0.33,13,78.600677
1.37,12,78.639212
-0.66,15,78.684156
-0.53,12,78.726151
-0.59,11,78.764089
1.53,14,78.811856
-0.58,13,78.843406
-0.79,9,78.876912
1.45,10,78.914875
-0.68,12,78.947013
-0.4,14,78.983432
1.35,12,79.020441
-0.56,8,79.104539
-0.32,13,79.149293
1.56,11,79.181517
1.45,15,79.227186
-0.35,13,79.267838
-0.18,18,79.314411
-0.77,7,79.333126
1.54,9,79.365062
-0.14,15,79.400386
-0.4,14,79.449584
-0.78,8,79.476022
-0.28,15,79.524257
-0.76,6,79.543431
1.57,11,79.582857
-0.48,11,79.613214
1.66,12,79.655625
-0.56,12,79.693704
-0.26,18,79.748195
1.45,13,79.787213
-0.72,8,79.812122
1.45,14,79.862253
-0.72,8,79.890565
-0.29,15,79.938582
1.14,4,79.949063
-0.53,12,79.990578
-0.52,14,80.026844
-0.39,13,80.070701
-0.7,15,80.115528
-0.58,9,80.143528
1.4,16,80.189512
-0.41,16,80.242618
-0.93,6,80.265808
1.52,12,80.303841
-0.52,12,80.342506
-0.61,11,80.377012
1.58,13,80.414553
1.45,10,80.447598
-0.33,14,80.493346
-0.45,12,80.530664
-0.74,10,80.566351
-0.34,15,80.610802
-0.55,13,80.652908
-0.55,11,80.6865
-0.54,12,80.725241
-0.59,8,80.752369
1.49,10,80.783538
-0.7,12,80.813375
-0.72,10,80.844113
1.53,16,80.895348
-0.56,9,80.922488
-0.73,8,80.944274
-0.52,13,80.989222
1.6,11,81.025662
-0.45,10,81.064423
-0.77,12,81.101832
-0.32,15,81.209585
-0.63,13,81.254076
-0.66,10,81.290125
-0.23,14,81.33681
-0.69,13,81.374727
-0.65,12,81.404192
-0.44,13,81.44236
1.43,11,81.479299
-0.82,7,81.503119
-0.13,14,81.550517
-0.65,11,81.590899
-0.76,8,81.615916
1.54,9,81.640199
-0.44,12,81.680452
-0.75,7,81.708711
-0.62,12,81.740159
1.35,9,81.768177
-0.58,14,81.816328
-0.65,8,81.842158
-0.35,16,81.88999
-0.72,8,81.915111
-0.2,15,81.966783
-0.65,10,82.001513
-0.45,10,82.035962
-0.42,14,82.075785
1.63,11,82.109271
-0.52,9,82.140786
-0.57,13,82.182144
-0.28,12,82.221608
1.53,10,82.258064
1.46,12,82.292094
-0.47,11,82.328955
-0.53,10,82.359973
1.65,12,82.40303
-0.9,11,82.442613
-0.22,14,82.483509
1.28,8,82.509685
-0.82,12,82.548735
-0.76,11,82.585668
-0.43,14,82.621795
-0.24,15,82.669194
-0.43,13,82.718639
1.52,11,82.75483
-0.35,12,82.794256
-0.2,18,82.852426
-0.53,13,82.894113
1.54,9,82.927439
1.72,13,82.966483
-0.71,10,82.996953
-0.61,12,83.034059
-0.6,15,83.146352
1.57,18,83.193723
1.72,13,83.233711
1.28,10,83.266167
-0.67,11,83.295329
-0.78,13,83.334533
-0.53,14,83.376126
-0.31,14,83.417175
-0.55,10,83.455765
-0.36,13,83.487013
-0.68,9,83.51258
1.66,12,83.551663
-0.73,8,83.577455
-0.74,10,83.612198
1.56,9,83.644545
-0.52,10,83.674277
-0.31,15,83.718268
-0.8,10,83.755365
-0.55,15,83.799216
-0.37,11,83.839027
-0.7,11,83.874319
-0.36,14,83.91892
-0.44,16,83.961215
-0.4,11,83.999597
1.4,10,84.031404
-0.79,11,84.066421
-0.56,8,84.091753
1.49,9,84.121322
-0.56,11,84.156703
-0.69,14,84.19654
-0.66,7,84.222556
-0.89,8,84.252886
1.58,11,84.283094
1.54,15,84.325628
-0.33,14,84.371382
-0.9,9,84.397222
1.14,4,84.411137
-0.69,16,84.454937
-0.78,8,84.47924
1.25,12,84.520095
-0.61,11,84.554517
-0.24,13,84.594881
-0.47,10,84.630985
-0.49,16,84.677421
-0.26,18,84.730044
-0.64,11,84.767424
-0.72,13,84.809238
1.64,13,84.849054
-0.48,12,84.886255
-0.45,11,84.922121
-0.57,12,84.959333
-0.76,8,84.989971
-0.23,14,85.03204
-0.83,10,85.062993
1.45,10,85.093221
-0.46,15,85.1403
1.71,11,85.171744
-0.86,10,85.201849
-0.52,13,85.239711
1.38,14,85.281386
-0.73,8,85.307025
-0.61,11,85.33664
-0.35,13,85.371163
1.29,9,85.401534
1.43,12,85.439714
1.45,10,85.475059
-0.64,8,85.500263
-0.35,12,85.53819
-0.63,14,85.576101
-0.66,9,85.606254
-0.49,10,85.637764
-0.77,10,85.676636
1.65,15,85.728014
-0.54,13,85.773988
-0.43,14,85.812413
-0.56,12,85.849938
-0.65,9,85.879242
-0.54,13,85.922291
-0.42,14,85.967635
-0.69,8,85.992651
-0.89,8,86.022202
-0.86,7,86.044035
-0.96,6,86.063338
-0.16,15,86.106748
-0.57,13,86.140073
-0.52,10,86.176987
-0.33,16,86.227583
1.43,13,86.258832
-0.64,11,86.290763
-0.71,10,86.320043
1.49,11,86.353689
1.63,10,86.389459
1.64,16,86.44201
1.72,13,86.484833
1.4,9,86.50935
-0.42,15,86.565843
-0.55,10,86.596295
-0.68,12,86.62867
1.48,11,86.667714
-0.47,13,86.701333
-0.44,14,86.746807
1.12,6,86.759959
-0.71,6,86.779478
1.67,13,86.87018
-0.48,13,86.917354
-0.75,8,86.939297
-0.67,8,86.967715
1.32,9,86.993842
-0.57,12,87.032847
-0.25,19,87.08805
-0.32,12,87.123976
-0.85,9,87.154299
-0.49,14,87.202983
-0.54,12,87.23846
-0.49,10,87.270844
-0.52,15,87.316037
-0.39,17,87.372009
-0.83,7,87.389717
-0.54,14,87.438493
-0.62,10,87.472527
-0.65,12,87.51395
-0.52,13,87.561212
-0.56,12,87.602934
-0.29,15,87.638243
1.17,13,87.686562
-0.67,11,87.722297
-0.64,12,87.764559
-0.81,14,87.807194
1.54,9,87.834281
-0.71,6,87.852499
1.61,10,87.880003
-0.55,13,87.918155
-0.62,11,87.956629
-0.76,9,87.98635
-0.41,12,88.02696
-0.37,17,88.084664
-0.67,8,88.115285
1.55,11,88.148657
-0.38,14,88.191877
-0.24,12,88.225859
1.48,16,88.271031
1.35,12,88.303978
-0.7,11,88.337773
-0.32,12,88.380039
-0.63,10,88.413525
-0.69,9,88.443862
-0.68,9,88.475111
-0.37,16,88.522988
1.27,15,88.568779
-0.85,7,88.593031
1.55,10,88.628192
-0.49,12,88.664308
-0.66,10,88.699198
-0.27,14,88.74044
1.48,10,88.773482
-0.5,15,88.824958
-0.44,18,88.875534
-0.66,10,88.909518
-0.67,9,88.941316
1.29,9,88.965234
-0.5,10,89.003896
-0.52,13,89.046378
-0.25,17,89.101154
-0.65,12,89.139102
-0.4,11,89.178329
-0.54,12,89.212415
-0.58,12,89.246715
-0.7,14,89.284354
1.37,9,89.316736
-0.7,11,89.354772
-0.79,12,89.393712
-0.65,12,89.432546
-0.87,6,89.454677
1.39,10,89.487975
-0.84,8,89.516597
-0.72,8,89.542605
1.49,9,89.569375
-0.52,10,89.600007
1.41,9,89.628358
1.55,10,89.652228
-0.59,8,89.682932
-0.77,14,89.719051
-0.71,7,89.735894
-0.63,13,89.785617
-0.73,10,89.821665
1.19,5,89.834388
-0.83,8,89.860676
1.75,13,89.904999
-0.77,7,89.932004
-0.58,11,89.967606
-0.48,11,90.001032
1.6,12,90.043468
1.61,10,90.075522
1.7,13,90.116187
1.56,9,90.142526
-0.66,14,90.182366
-0.61,11,90.214604
-0.57,9,90.246114
-0.88,13,90.290154
-0.32,19,90.346863
-0.73,9,90.376838
1.49,12,90.412506
-0.45,10,90.447086
-0.44,11,90.489344
-0.43,15,90.536379
-0.35,15,90.57295
1.21,6,90.594911
-0.48,11,90.634935
-0.8,7,90.657318
-0.49,9,90.683613
-0.53,11,90.781717
-0.48,14,90.830771
-0.62,15,90.882671
1.32,9,90.911953
-0.72,10,90.944345
1.66,15,90.990757
-0.69,12,91.029112
-0.45,10,91.062609
-0.71,9,91.093564
-0.73,9,91.126832
1.59,13,91.165725
-0.66,11,91.200778
1.56,9,91.231817
-0.42,12,91.269969
-0.55,10,91.306108
1.67,16,91.355555
1.66,16,91.401667
1.59,10,91.430891
-0.8,6,91.455327
-0.57,12,91.493122
-0.66,7,91.515395
-0.61,12,91.550275
-0.59,9,91.576632
-0.43,15,91.625736
-0.77,7,91.646448
-0.71,9,91.678969
-0.74,10,91.710925
-0.9,9,91.737873
-0.46,9,91.768957
-0.58,11,91.804731
-0.51,11,91.841522
-0.64,11,91.86792
-0.52,10,91.894654
1.68,11,91.93349
0.0,19,91.994938
-0.62,10,92.019219
1.62,12,92.052784
-0.82,9,92.083795
-0.18,13,92.185949
1.55,12,92.216177
1.58,12,92.257472
-0.76,12,92.299032
-0.03,15,92.351367
1.5,13,92.391212
-0.43,17,92.437065
-0.82,6,92.457558
1.39,14,92.492532
-0.49,13,92.528156
-0.78,7,92.55449
-0.56,9,92.57891
-0.6,9,92.610858
-0.55,15,92.655401
-0.42,15,92.699205
1.49,12,92.729296
-0.59,11,92.765245
-0.56,14,92.800009
1.65,11,92.839138
-0.72,8,92.866217
1.62,13,92.902325
-0.31,13,92.940439
1.32,9,92.966762
1.53,10,92.992878
-0.79,9,93.026315
-0.65,9,93.05714
-0.6,15,93.105096
1.71,11,93.136519
-0.5,18,93.196448
-0.26,13,93.237414
-0.36,10,93.271013
-0.6,10,93.299552
1.56,9,93.325775
-0.76,6,93.347719
1.7,12,93.389648
1.51,10,93.420081
-0.63,11,93.458179
-0.29,15,93.499814
-0.44,12,93.538797
1.45,12,93.584227
-0.62,12,93.624721
-0.58,12,93.661642
-0.14,16,93.712268
-0.89,8,93.742489
1.57,13,93.786645
-0.37,19,93.840041
-0.29,11,93.876357
-0.57,14,93.920449
-0.52,10,93.959705
-0.52,12,93.998127
-0.71,12,94.032802
1.66,18,94.08095
1.68,11,94.118681
-0.17,17,94.17442
1.39,8,94.195609
-0.75,11,94.23069
-0.42,12,94.262845
1.36,11,94.294992
-0.48,14,94.332137
1.56,9,94.357498
-0.47,16,94.405346
-0.21,15,94.44479
-0.42,13,94.487364
-0.39,19,94.61136
-0.58,10,94.644095
-0.69,13,94.681208
-0.51,14,94.726966
1.42,10,94.759661
-0.64,12,94.79714
-0.58,10,94.828063
-0.12,17,94.875792
1.26,13,94.913075
-0.54,13,94.956569
1.68,12,94.990836
1.45,9,95.021568
1.51,10,95.055683
1.5,11,95.094262
-0.63,11,95.13199
-0.71,13,95.173403
1.4,8,95.197434
-0.21,18,95.246432
-0.53,11,95.279106
1.29,12,95.316031
-0.59,8,95.344658
-0.92,8,95.369196
-0.65,11,95.399718
-0.63,12,95.440007
-0.18,13,95.480543
-0.35,16,95.522873
1.31,11,95.553479
-0.11,16,95.605865
-0.92,5,95.618709
-0.6,12,95.654528
-0.76,9,95.678125
-0.47,10,95.709476
-0.87,8,95.735862
-0.42,12,95.770747
-0.42,16,95.809167
1.26,9,95.836553
-0.61,14,95.888119
-0.37,13,95.93114
-0.35,13,95.96882
-0.33,14,96.012909
-0.85,10,96.04529
-0.78,8,96.072938
1.35,12,96.106458
-0.35,15,96.156119
-0.66,10,96.188111
1.4,10,96.223258
-0.61,11,96.249718
-0.39,16,96.297155
-0.59,12,96.331612
-0.51,12,96.374498
-0.82,10,96.409234
1.49,11,96.44599
-0.39,15,96.480756
1.78,12,96.518862
1.33,8,96.547842
-0.47,14,96.590791
1.51,10,96.622414
-0.69,14,96.666824
1.09,10,96.694497
-0.42,14,96.734634
1.47,14,96.776728
-0.52,12,96.81948
-0.65,10,96.855811
-0.18,17,96.903898
-0.59,12,96.935061
-0.35,15,96.975614
-0.34,13,97.011328
-0.56,9,97.040328
-0.17,14,97.080929
-0.42,17,97.134289
-0.48,17,97.185693
1.49,11,97.213135
-0.63,13,97.255935
1.43,9,97.28831
-0.36,12,97.319549
1.56,9,97.351255
-0.42,10,97.387991
1.54,9,97.421622
-0.26,15,97.459017
1.87,16,97.50603
-0.38,14,97.550594
-0.15,18,97.594004
-0.82,7,97.619052
-0.38,16,97.664645
1.71,12,97.704066
-0.68,10,97.741925
-0.39,13,97.778258
-0.34,11,97.816828
-0.82,7,97.83761
1.38,9,97.86532
1.54,9,97.89027
-0.62,12,97.924326
-0.61,8,97.950012
-0.61,11,97.991647
-0.78,8,98.01337
-0.46,12,98.046944
-0.35,16,98.104064
-0.62,9,98.133247
-0.47,10,98.162877
-0.12,18,98.212641
-0.63,12,98.279578
-0.55,12,98.333426
1.67,13,98.364192
-0.44,12,98.406196
-0.47,13,98.449204
0.15,17,98.506153
-0.64,11,98.53201
-0.52,13,98.574947
-0.54,9,98.604127
-0.56,9,98.637631
1.53,10,98.669016
-0.71,13,98.712183
-0.52,13,98.751489
1.78,15,98.796622
-0.83,8,98.824244
1.48,13,98.862051
-0.45,12,98.904444
1.36,11,98.941
-0.52,9,98.967268
1.32,13,99.01096
1.33,11,99.044397
1.33,11,99.081319
-0.63,11,99.115463
-0.44,14,99.150276
-0.4,20,99.199786
-0.56,11,99.238422
-0.77,15,99.286105
-0.5,12,99.320957
-0.3,13,99.360075
-0.56,13,99.394176
-0.72,13,99.431118
1.4,9,99.454771
-0.5,11,99.485011
-0.65,16,99.538506
-0.82,9,99.561524
-0.72,8,99.584396
-0.75,10,99.608619
-0.58,12,99.647158
-0.33,15,99.695004
-0.2,11,99.723143
-0.15,16,99.778617
-0.69,11,99.807527
-0.71,7,99.831883
-0.54,10,99.864319
-0.57,15,99.901373
1.73,16,99.951864
-0.63,13,99.991753
-0.51,12,100.035869
-0.51,12,100.080155
-0.4,15,100.126712
-0.28,16,100.175194
-0.49,12,100.213085
1.43,12,100.253294
1.51,13,100.289871
-0.76,12,100.328644
-0.75,11,100.362248
-0.46,9,100.385827
-0.43,14,100.424293
-0.54,12,100.464429
-0.64,11,100.497261
-0.53,13,100.532182
-0.34,14,100.575598
-0.65,12,100.606322
-0.33,15,100.650644
1.42,10,100.68044
-0.78,8,100.704987
1.49,12,100.737658
-0.5,11,100.779202
-0.57,9,100.807171
1.74,11,100.841707
1.63,11,100.876635
-0.45,15,100.927416
1.28,8,100.951519
-0.68,9,100.977433
-0.72,9,101.0094
-0.52,12,101.044992
1.32,9,101.070969
-0.56,10,101.105645
-0.54,12,101.14306
-0.34,14,101.18981
-0.63,12,101.223284
1.54,10,101.25345
1.26,9,101.280831
-0.48,14,101.323288
-0.55,12,101.361125
1.65,13,101.398291
1.58,11,101.438871
-0.49,11,101.479178
1.59,10,101.503241
-0.51,12,101.542112
1.43,9,101.573747
-0.52,9,101.60429
-0.7,11,101.638303
-0.4,11,101.675264
-0.49,10,101.702509
-0.61,11,101.737851
-0.62,9,101.769207
-0.61,8,101.793733
1.54,9,101.818403
1.44,17,101.862824
1.64,13,101.956674
1.53,13,102.002631
-0.68,12,102.033112
1.87,18,102.082482
1.5,11,102.110114
1.42,10,102.146323
1.72,13,102.189043
1.76,14,102.22496
-0.27,14,102.270516
1.55,10,102.302219
-0.46,15,102.348669
1.45,10,102.379317
-0.32,12,102.420003
-0.54,12,102.460627
-0.86,10,102.492125
-0.5,14,102.533892
-0.52,14,102.567436
-0.31,17,102.61602
-0.6,10,102.645296
1.26,9,102.673154
-0.44,13,102.718308
-0.42,13,102.762407
-0.74,7,102.780036
1.3,11,102.812639
1.36,8,102.833127
-0.65,9,102.866899
-0.72,8,102.895261
-0.44,13,102.938858
-0.53,11,102.969899
1.69,15,103.012455
1.59,10,103.044629
1.66,11,103.074363
1.58,11,103.110965
1.29,6,103.135206
-0.78,9,103.167262
1.32,9,103.189467
1.56,10,103.221837
1.51,14,103.25617
-0.77,7,103.278832
-0.59,12,103.322571
-0.54,13,103.369291
-0.23,17,103.427575
1.54,13,103.47582
1.6,11,103.508963
1.33,8,103.533889
-0.45,10,103.561154
-0.37,15,103.605844
-0.76,11,103.637465
1.61,14,103.680982
-0.67,8,103.70722
1.54,9,103.737883
-0.46,9,103.763552
1.14,4,103.776138
-0.83,7,103.7989
-0.29,18,103.850657
-0.7,12,103.885673
-0.47,12,103.925216
-0.76,12,103.958824
-0.74,12,103.99845
1.21,9,104.021405
1.14,4,104.03951
-0.41,16,104.144788
-0.78,14,104.180128
-0.75,11,104.217628
1.54,9,104.245854
-0.71,10,104.28432
1.37,13,104.325743
-0.46,14,104.368723
-0.65,9,104.399529
1.29,9,104.426295
1.39,11,104.460788
-0.5,11,104.499901
-0.49,15,104.544214
1.38,9,104.576563
-0.57,10,104.605858
-0.51,12,104.640258
-0.55,13,104.674179
-0.41,13,104.712765
-0.49,10,104.742801
1.51,12,104.784088
-0.77,7,104.809815
-0.51,11,104.847509
-0.49,12,104.885128
-0.76,6,104.904149
-0.56,8,104.931003
-0.57,12,104.96882
-0.34,14,105.013452
-0.43,12,105.045708
-0.54,12,105.07983
1.74,15,105.120001
-0.59,10,105.154662
-0.61,14,105.196805
-0.56,15,105.248614
-0.56,15,105.28691
1.59,12,105.329229
1.61,10,105.364534
-0.86,8,105.385323
-0.55,10,105.41877
-0.77,10,105.449
-0.79,9,105.477861
-0.43,17,105.532649
-0.3,14,105.579146
-0.46,13,105.620632
-0.34,15,105.715649
-0.17,18,105.762556
-0.57,12,105.79792
-0.65,13,105.837394
1.68,13,105.876908
-0.7,8,105.90394
-0.62,11,105.943544
1.14,4,105.957126
-0.39,10,105.996056
-0.17,19,106.047524
-0.29,18,106.097958
-0.51,14,106.135491
-0.41,15,106.177633
1.44,9,106.20849
1.39,12,106.243995
-0.73,9,106.272092
1.73,15,106.319945
1.61,11,106.355082
-0.91,10,106.384813
1.77,13,106.42835
-0.58,13,106.464189
1.36,8,106.488306
-0.23,15,106.539171
-0.33,13,106.584939
1.61,10,106.614066
-0.52,13,106.653265
-0.48,13,106.701335
1.64,10,106.736292
-0.51,11,106.765746
-0.71,10,106.803043
-0.55,10,106.837324
-0.82,10,106.871834
1.55,11,106.911319
1.67,14,106.949853
-0.71,7,106.973325
-0.67,11,107.003062
-0.31,14,107.04728
1.14,4,107.060332
-0.34,15,107.112419
-0.36,17,107.163046
1.36,10,107.192529
-0.74,6,107.212096
-0.52,11,107.251646
1.63,12,107.288872
-0.42,14,107.329607
1.45,13,107.36443
-0.57,9,107.395841
-0.38,15,107.445783
-0.56,10,107.472157
1.22,9,107.499542
1.63,11,107.534963
-0.58,13,107.57176
-0.43,16,107.621035
-0.56,14,107.66527
-0.43,18,107.716408
-0.27,16,107.761148
-0.3,18,107.817789
-0.5,11,107.851336
-0.8,6,107.873028
-0.49,10,107.911655
1.28,8,107.935909
1.23,12,107.970757
-0.4,12,108.004651
-0.34,14,108.044883
-0.7,12,108.081396
1.7,12,108.1204
-0.75,14,108.167809
1.65,11,108.201017
1.56,13,108.241613
-0.54,15,108.287358
-0.45,11,108.323493
-0.42,15,108.368282
-0.56,11,108.408202
-0.4,14,108.448399
1.81,17,108.511553
-0.7,12,108.550714
-0.35,12,108.591262
-0.6,16,108.637777
1.32,9,108.67084
-0.61,10,108.701149
1.53,10,108.73258
-0.58,11,108.767159
-0.59,11,108.806401
-0.76,8,108.834252
1.54,12,108.872751
-0.36,12,108.912
1.55,10,108.945744
-0.34,14,108.986671
1.4,10,109.015345
-0.73,9,109.042108
-0.35,16,109.081957
1.46,12,109.124011
1.41,11,109.15765
-0.56,11,109.188779
1.61,11,109.229564
-0.73,8,109.258037
-0.73,9,109.289786
-0.88,6,109.310021
1.14,4,109.326087
-0.5,11,109.364774
-0.45,14,109.469479
-0.47,13,109.507623
-0.36,13,109.550539
-0.58,13,109.58507
-0.49,13,109.620949
1.32,9,109.646735
-0.59,12,109.682647
1.66,11,109.715245
-0.33,13,109.752193
-0.67,12,109.7923
1.32,9,109.82358
-0.5,13,109.863712
1.57,13,109.903166
-0.53,11,109.931516
1.2,7,109.958679
-0.31,14,110.001445
-0.8,10,110.039256
1.62,11,110.072673
-0.16,14,110.11659
-0.39,15,110.164431
-0.63,13,110.208235
1.18,6,110.228159
-0.32,17,110.284353
1.14,4,110.295942
-0.52,12,110.333024
-0.42,14,110.380004
-0.43,10,110.411955
-0.74,10,110.436378
1.56,11,110.470915
1.56,11,110.508278
-0.34,13,110.545925
-0.33,13,110.583201
-0.53,11,110.62324
-0.7,14,110.662464
-0.75,7,110.690937
1.35,8,110.712189
-0.16,18,110.765851
-0.31,12,110.80766
1.38,9,110.837902
-0.57,12,110.876561
-0.64,17,110.92954
-0.75,10,110.962245
-0.27,17,111.011975
-0.36,18,111.064901
-0.6,10,111.090548
-0.46,15,111.136419
-0.15,14,111.187133
-0.3,16,111.231078
-0.69,10,111.263195
-0.63,10,111.291363
-0.91,4,111.307177
1.73,13,111.344112
1.43,9,111.370471
-0.3,16,111.413986
1.54,12,111.452647
-0.13,18,111.504007
-0.77,7,111.5286
-0.41,12,111.569358
1.37,13,111.625509
-0.25,15,111.698788
1.56,12,111.757189
-0.12,18,111.827843
-0.59,17,111.879742
-0.72,7,111.901276
-0.34,14,111.940208
1.41,11,111.971341
-0.62,12,112.014963
-0.81,7,112.039804
1.61,17,112.089571
1.54,9,112.121543
-0.37,11,112.155908
-0.66,10,112.191166
1.55,10,112.232575
1.49,15,112.284014
1.61,11,112.325687
1.44,10,112.378015
-0.61,10,112.422884
-0.64,14,112.483495
1.65,11,112.528013
-0.5,10,112.569075
1.53,11,112.613014
-0.81,8,112.644377
-0.21,17,112.701784
1.62,13,112.739377
-0.62,12,112.775152
-0.71,9,112.801408
1.54,9,112.832571
1.56,10,112.865269
-0.57,14,112.911407
-0.55,11,112.945659
-0.82,7,112.972068
-0.77,10,113.002656
-0.64,14,113.047242
-0.22,16,113.095525
-0.52,12,113.127795
-0.58,15,113.170499
1.62,14,113.216969
-0.94,7,113.235279
-0.58,11,113.268549
-0.71,9,113.293675
-0.7,12,113.326416
1.22,8,113.352252
-0.74,13,113.396553
-0.72,8,113.419584
-0.56,16,113.523881
-0.46,13,113.576909
-0.69,14,113.617448
-0.48,16,113.665825
1.37,14,113.710761
1.56,10,113.745178
-0.74,15,113.798119
1.36,13,113.835132
1.73,14,113.87603
-0.6,10,113.904364
-0.5,12,113.945817
-0.74,10,113.979256
-0.44,12,114.02303
-0.55,10,114.055089
-0.57,12,114.091421
-0.42,12,114.133987
1.46,13,114.171279
-0.57,8,114.193298
-0.41,13,114.235643
-0.4,13,114.27844
-0.39,14,114.321082
1.36,8,114.344126
-0.47,16,114.389362
-0.4,15,114.434794
-0.71,13,114.472358
-0.78,13,114.513574
-0.47,17,114.565161
-0.67,8,114.59282
-0.5,13,114.631368
-0.72,8,114.658438
-0.62,12,114.704198
-0.33,13,114.745323
-0.79,13,114.790165
1.39,12,114.826485
-0.36,16,114.881341
1.49,11,114.918815
1.5,11,114.955088
1.68,12,114.989877
-0.37,16,115.043309
-0.68,11,115.080199
1.66,15,115.128099
-0.48,11,115.161429
-0.65,12,115.199912
-0.56,13,115.245671
-0.57,13,115.290406
-0.62,9,115.31863
1.59,12,115.357548
-0.72,10,115.391745
1.46,14,115.435652
1.8,15,115.478593
1.42,13,115.522496
-0.23,15,115.575029
1.64,13,115.614494
-0.29,12,115.652226
1.33,8,115.67778
-0.51,14,115.720821
-0.14,16,115.771909
-0.34,17,115.81819
-0.74,8,115.843384
1.14,4,115.853824
1.39,10,115.88352
1.43,10,115.919858
-0.57,13,115.958439
-0.12,15,116.00646
-0.74,13,116.041477
-0.83,8,116.070023
-0.68,9,116.101311
-0.68,12,116.142305
-0.46,13,116.23934
1.5,14,116.285592
-0.48,14,116.327204
-0.52,11,116.363207
-0.62,9,116.397723
-0.85,7,116.421185
-0.58,10,116.458855
-0.52,11,116.490861
-0.19,15,116.54259
-0.8,10,116.575731
-0.5,14,116.613448
-0.42,19,116.663136
-0.84,11,116.703849
-0.59,12,116.740493
1.65,11,116.775352
-0.45,13,116.819125
-0.41,11,116.856424
1.57,11,116.891187
1.63,11,116.924665
1.22,9,116.952276
-0.39,17,117.002644
-0.5,14,117.041901
-0.36,12,117.079358
-0.36,12,117.118922
-0.36,13,117.156112
-0.21,18,117.203931
-0.61,11,117.237715
-0.4,12,117.277217
-0.43,15,117.324859
-0.35,14,117.369345
1.7,14,117.409709
-0.42,14,117.460385
-0.22,13,117.549469
-0.5,11,117.591277
-0.67,8,117.613771
-0.43,14,117.656932
-0.52,13,117.697366
-0.65,15,117.741159
-0.18,17,117.794407
-0.39,11,117.82934
1.21,9,117.860686
1.5,16,117.911511
-0.57,12,117.951328
1.48,10,117.977371
1.48,10,118.012519
1.51,9,118.041265
-0.42,16,118.086538
-0.48,11,118.114907
1.46,9,118.144509
-0.62,9,118.17475
-0.68,10,118.213589
1.43,9,118.248117
1.54,9,118.282617
-0.69,7,118.312544
-0.58,13,118.362984
-0.83,9,118.395258
-0.28,14,118.443576
1.38,12,118.488518
-0.26,15,118.539609
-0.42,11,118.580503
-0.93,9,118.608691
1.63,12,118.648563
-0.2,15,118.69063
1.32,9,118.72229
-0.54,12,118.76793
-0.58,11,118.800932
-0.71,13,118.844194
1.57,12,118.881231
-0.74,12,118.915992
-0.72,11,118.950145
1.47,11,118.988103
1.61,14,119.035042
-0.54,12,119.074498
1.34,10,119.108284
-0.42,12,119.149271
-0.46,15,119.199989
1.6,12,119.237995
-0.75,7,119.264195
-0.64,11,119.302111
-0.64,8,119.327258
-0.2,16,119.375432
1.34,12,119.407813
-0.6,13,119.446371
-0.53,10,119.475565
1.49,12,119.513842
-0.82,9,119.543354
1.42,10,119.581676
-0.41,15,119.634036
-0.35,11,119.666326
-0.76,6,119.684457
1.14,4,119.694937
-0.1,17,119.739545
-0.69,10,119.775155
-0.21,14,119.821611
1.32,9,119.851596
1.39,10,119.885972
-0.73,9,119.920025
-0.23,15,119.961038
-0.62,9,119.993276
-0.85,11,120.023445
1.56,10,120.056066
-0.6,10,120.092541
-0.87,8,120.117104
1.66,11,120.147987
-0.63,10,120.17721
-0.37,16,120.23759
1.36,11,120.27221
-0.44,14,120.308436
1.67,13,120.343623
-0.6,13,120.386644
-0.61,12,120.421556
-0.68,17,120.47084
-0.73,16,120.528841
1.22,10,120.559652
-0.59,12,120.59562
1.42,10,120.625374
-0.29,14,120.674065
-0.68,14,120.721848
-0.1,17,120.788987
-0.76,11,120.833939
1.35,9,120.866733
-0.56,14,120.90876
1.47,12,120.948826
-0.74,6,120.970323
-0.36,19,121.024536
1.41,14,121.067298
-0.68,10,121.096824
-0.46,14,121.138217
-0.7,11,121.171804
-0.72,11,121.207163
-0.38,13,121.248561
-0.49,13,121.310382
-0.3,13,121.385812
1.46,9,121.410464
-0.52,11,121.445268
-0.68,11,121.486579
-0.72,8,121.512287
-0.02,13,121.554279
1.41,11,121.589143
-0.83,7,121.612009
1.42,14,121.654604
-0.57,16,121.701562
-0.35,14,121.739421
-0.61,10,121.771929
1.64,10,121.80224
1.43,10,121.834754
1.41,11,121.867464
-0.7,8,121.894187
-0.64,9,121.927052
-0.69,11,121.970518
1.47,13,122.011828
1.39,8,122.036018
-0.45,14,122.074315
1.26,10,122.10499
-0.45,11,122.138751
1.5,11,122.167725
-0.16,16,122.212762
-0.47,10,122.244099
1.14,4,122.256984
1.81,16,122.299462
1.65,11,122.33957
1.34,13,122.374139
-0.88,7,122.396597
-0.22,14,122.441683
1.64,12,122.48431
-0.51,12,122.521278
-0.43,11,122.56307
1.52,11,122.599845
-0.87,6,122.615903
-0.21,18,122.666803
-0.68,9,122.695187
-0.7,9,122.721947
-0.64,10,122.756985
-0.67,8,122.783747
-0.7,12,122.824347
-0.76,12,122.867492
-0.78,10,122.894981
-0.55,16,122.938598
-0.58,13,122.973727
-0.64,11,123.006828
-0.05,16,123.051036
-0.32,12,123.087828
-0.09,14,123.13486
1.38,12,123.170259
-0.72,8,123.19442
-0.68,9,123.224385
1.39,10,123.254969
-0.64,14,123.297252
-0.59,10,123.326201
-0.52,11,123.367918
-0.7,11,123.409737
-0.54,9,123.435938
1.41,11,123.474023
-0.29,15,123.530513
1.36,11,123.56649
-0.72,11,123.604958
-0.69,14,123.651656
1.32,9,123.680982
-0.11,16,123.736973
-0.64,8,123.762434
-0.38,11,123.797051
1.46,9,123.822682
1.46,12,123.864419
-0.29,16,123.910358
-0.49,9,123.935795
1.38,12,123.968184
-0.27,17,124.028638
-0.05,17,124.075903
-0.84,8,124.102264
1.19,11,124.13675
-0.62,13,124.178896
-0.42,13,124.213437
1.59,14,124.255182
-0.74,10,124.288646
-0.43,11,124.328935
-0.41,13,124.36135
-0.42,16,124.407937
1.57,15,124.451241
-0.38,14,124.498542
0.15,19,124.556642
-0.68,9,124.585237
-0.49,12,124.621263
1.34,11,124.657273
-0.73,9,124.682277
-0.61,15,124.730002
-0.54,12,124.769758
1.78,12,124.807796
-0.1,20,124.870513
-0.21,15,124.907707
1.43,15,124.954638
-0.2,15,125.005077
-0.53,13,125.051895
-0.78,8,125.08104
-0.45,10,125.114107
-0.42,12,125.148775
1.14,4,125.158521
-0.67,8,125.185689
1.75,12,125.284482
-0.68,10,125.314373
-0.29,18,125.367096
-0.62,12,125.40592
-0.54,12,125.439457
1.57,11,125.474429
-0.59,15,125.523615
1.56,9,125.55508
-0.84,11,125.595167
-0.56,12,125.629999
1.48,10,125.658309
-0.14,19,125.71499
1.74,14,125.755997
-0.55,11,125.790187
1.89,15,125.836007
1.66,10,125.869081
1.51,9,125.893573
-0.75,10,125.928862
1.55,15,125.980368
-0.37,15,126.026846
-0.67,11,126.066581
-0.44,10,126.105932
-0.57,13,126.139194
-0.28,16,126.184594
1.31,10,126.215823
1.36,11,126.253436
-0.65,17,126.299526
1.67,13,126.337868
-0.23,13,126.377867
-0.57,16,126.425771
-0.54,11,126.457743
-0.51,12,126.496333
1.54,9,126.525304
-0.69,10,126.558416
-0.18,15,126.610439
1.47,11,126.645227
-0.83,11,126.681984
1.68,11,126.714499
-0.66,10,126.750356
1.33,10,126.781647
1.39,11,126.817082
1.7,12,126.858096
-0.38,11,126.896462
-0.48,15,126.947608
1.5,15,126.997049
1.49,11,127.032569
-0.47,11,127.065467
1.66,11,127.099859
-0.7,9,127.126366
-0.5,10,127.157476
-0.69,13,127.20016
1.22,8,127.222009
-0.37,16,127.262511
1.47,11,127.296736
-0.55,13,127.340525
-0.6,13,127.381823
-0.46,14,127.420202
-0.58,10,127.450681
1.3,11,127.49014
-0.26,17,127.535417
-0.64,10,127.570154
1.61,10,127.605492
-0.61,10,127.631748
1.62,10,127.664817
-0.51,12,127.697752
-0.63,12,127.734443
-0.46,14,127.768337
1.33,10,127.798097
-0.65,9,127.826107
-0.45,11,127.864585
-0.08,18,127.909456
1.73,13,127.949719
-0.5,11,127.97848
-0.1,18,128.025976
1.54,9,128.054773
-0.26,14,128.094037
1.59,12,128.13249
-0.49,10,128.163192
-0.69,10,128.199554
-0.67,9,128.231488
1.75,12,128.265668
-0.28,17,128.317356
-0.31,16,128.368528
-0.09,17,128.424191
1.51,10,128.506975
-0.84,12,128.549351
-0.14,16,128.602621
-0.22,14,128.646031
-0.53,12,128.685828
-0.79,9,128.71838
-0.19,14,128.753382
-0.64,11,128.7811
1.56,14,128.826294
1.1,9,128.857147
-0.45,16,128.894504
-0.71,10,128.928734
-0.79,9,128.959835
-0.66,7,128.983926
-0.7,8,129.009298
-0.54,11,129.038047
1.39,11,129.137421
-0.45,10,129.174277
1.14,4,129.186877
-0.25,16,129.229805
-0.34,13,129.274179
1.22,10,129.309243
1.41,11,129.347076
-0.64,13,129.385117
-0.71,12,129.419145
1.61,10,129.45137
1.28,8,129.472556
1.48,10,129.507794
1.56,14,129.551025
-0.65,10,129.590365
-0.55,10,129.617504
-0.2,14,129.663941
-0.64,13,129.70915
-0.81,11,129.75062
-0.73,11,129.781981
1.36,14,129.826603
-0.62,12,129.864711
-0.82,9,129.890988
1.56,13,129.934319
-0.66,10,129.962722
1.16,8,129.989504
1.44,9,130.016937
-0.71,12,130.050148
-0.39,17,130.097851
1.49,10,130.125979
1.14,4,130.142056
-0.16,19,130.194905
-0.51,10,130.227334
1.45,10,130.26002
1.45,10,130.292864
1.66,10,130.327285
-0.27,15,130.376338
-0.5,13,130.419579
1.73,13,130.457656
1.29,9,130.485194
-0.43,16,130.533998
-0.4,16,130.636949
-0.5,10,130.668302
1.61,10,130.693928
-0.71,9,130.729908
-0.16,15,130.782521
-0.87,6,130.80858
-0.66,14,130.853389
-0.03,17,130.900912
1.34,9,130.928328
-0.48,11,130.966131
-0.76,9,130.989926
1.42,11,131.025907
-0.55,15,131.065692
1.55,10,131.099586
-0.21,15,131.151814
-0.4,11,131.186547
-0.5,11,131.225731
-0.75,11,131.262571
-0.71,6,131.279754
-0.56,12,131.319431
-0.4,12,131.354671
1.88,12,131.390749
1.54,9,131.417824
1.59,12,131.457832
-0.12,15,131.501466
-0.52,10,131.535434
-0.21,16,131.578162
-0.28,15,131.621166
-0.68,16,131.662457
-0.82,6,131.684194
-0.83,7,131.709276
-0.47,9,131.740161
-0.58,10,131.778616
1.6,12,131.816087
-0.47,13,131.857376
-0.51,12,131.898756
-0.52,11,131.940691
-0.44,10,131.976976
-0.04,20,132.027243
1.34,10,132.062651
1.54,9,132.090474
1.4,10,132.121551
-0.47,14,132.165895
1.14,4,132.179153
1.61,10,132.208894
-0.45,12,132.250986
1.6,11,132.283204
-0.34,14,132.32933
1.52,11,132.361274
-0.56,12,132.398444
-0.43,15,132.442091
1.5,10,132.473198
-0.32,18,132.528549
1.51,11,132.564854
-0.19,16,132.615011
1.48,11,132.652386
-0.54,12,132.681973
-0.42,14,132.728368
-0.2,16,132.779685
-0.38,16,132.828822
-0.4,11,132.868413
-0.45,18,132.911768
-0.59,10,133.007469
-0.49,12,133.043588
-0.81,11,133.07543
1.53,11,133.105375
-0.59,16,133.155713
1.76,14,133.208732
1.25,8,133.250744
-0.43,13,133.31326
-0.46,11,133.362769
-0.5,10,133.394382
1.33,14,133.441381
-0.63,11,133.481847
1.37,10,133.512214
-0.46,12,133.553785
-0.1,18,133.613185
-0.7,11,133.646795
-0.85,10,133.687248
-0.37,14,133.735872
1.5,10,133.767839
1.65,12,133.80742
-0.76,15,133.845588
-0.58,10,133.874122
-0.46,15,133.918858
1.34,10,133.951955
-0.62,9,133.985875
1.76,14,134.028669
-0.62,12,134.075267
-0.4,12,134.139383
-0.63,9,134.172611
1.46,12,134.213069
-0.8,10,134.254723
-0.6,10,134.288836
1.71,11,134.326891
1.32,9,134.353813
1.69,15,134.402416
-0.63,10,134.438086
-0.75,14,134.488109
-0.32,14,134.534845
1.36,11,134.569749
-0.57,14,134.62025
1.56,9,134.646221
-0.4,13,134.692678
1.81,12,134.727202
-0.48,12,134.771551
-0.79,9,134.803932
1.44,9,134.826395
1.02,5,134.840127
-0.47,13,134.875984
-0.11,18,134.931038
1.37,10,134.959254
1.67,13,134.998512
-0.69,10,135.031765
-0.59,8,135.058344
1.66,10,135.093345
1.33,8,135.118669
-0.66,7,135.136447
-0.63,10,135.169074
1.5,10,135.204957
-0.49,13,135.248453
-0.43,11,135.287912
-0.55,13,135.323093
1.4,10,135.356448
1.65,12,135.391681
-0.56,10,135.431572
1.65,12,135.472778
-0.04,19,135.524848
-0.67,14,135.570375
-0.63,13,135.614193
-0.28,16,135.655899
-0.51,12,135.693902
-0.44,13,135.742875
1.59,13,135.787544
-0.28,14,135.829184
1.56,13,135.864038
-0.73,8,135.891343
-0.63,13,135.940136
-0.64,7,135.961597
-0.53,14,136.006911
-0.63,14,136.043985
-0.82,9,136.081449
-0.61,14,136.125228
-0.47,11,136.161864
1.56,9,136.19434
-0.23,14,136.245275
-0.6,14,136.287524
-0.63,11,136.324525
-0.73,13,136.361091
1.28,10,136.392468
-0.49,11,136.423
-0.93,11,136.46367
-0.56,9,136.495386
1.26,10,136.52694
-0.42,14,136.563918
-0.54,13,136.605337
1.46,9,136.636738
-0.2,18,136.6931
1.35,9,136.718279
1.68,11,136.804543
-0.36,16,136.852795
-0.63,12,136.889936
-0.52,10,136.922645
-0.36,13,136.959573
1.55,12,136.994795
-0.31,16,137.039414
-0.55,10,137.069447
-0.5,14,137.119774
-0.63,10,137.152532
-0.24,16,137.19663
1.35,12,137.22833
-0.58,13,137.27073
0.0,18,137.323703
1.69,11,137.356042
-0.53,11,137.393325
1.48,10,137.420582
1.58,13,137.46167
-0.23,17,137.518485
1.61,14,137.560998
1.39,8,137.588175
-0.51,16,137.640296
-0.39,12,137.682719
-0.66,8,137.704067
0.02,20,137.758981
-0.61,10,137.793757
-0.63,13,137.827722
1.55,12,137.86265
-0.79,9,137.8959
1.73,11,137.936514
-0.6,13,137.972661
1.54,12,138.008256
1.48,12,138.045138
1.8,13,138.086436
-0.8,10,138.115991
-0.37,16,138.163089
-0.53,14,138.206434
-0.74,10,138.237949
-0.65,9,138.266346
-0.55,10,138.300202
-0.25,13,138.346274
1.52,12,138.381264
-0.73,11,138.421069
-0.33,16,138.465773
-0.5,12,138.503397
1.76,16,138.552944
-0.58,11,138.591564
1.66,10,138.622171
-0.74,10,138.657902
-0.55,13,138.702713
-0.58,10,138.740397
-0.85,6,138.757367
-0.9,9,138.789844
-0.23,17,138.839056
-0.51,11,138.872308
-0.37,15,138.913698
-0.68,13,138.955172
1.56,9,138.981004
1.32,10,139.017824
-0.29,14,139.055106
-0.29,18,139.114036
1.53,10,139.147028
-0.6,10,139.187303
-0.36,14,139.225325
1.61,10,139.257271
-0.57,10,139.287864
-0.71,10,139.320916
1.47,12,139.357942
-0.73,12,139.39409
1.68,11,139.42552
-0.64,10,139.458014
1.41,11,139.495698
1.56,10,139.525845
-0.97,7,139.552832
-0.8,10,139.589361
-0.4,12,139.619746
1.52,15,139.661764
-0.26,13,139.702929
1.69,11,139.739087
-0.52,13,139.786981
1.33,8,139.812498
1.41,17,139.859951
-0.65,11,139.896198
-0.25,14,139.937453
-0.42,11,139.972945
1.54,9,140.003221
1.64,10,140.035795
1.45,10,140.066291
1.42,10,140.10197
1.53,15,140.141885
-0.4,12,140.186512
-0.24,14,140.22756
-0.54,11,140.262779
-0.41,16,140.318785
1.13,5,140.382574
-0.35,15,140.434084
-0.2,14,140.475183
1.47,12,140.504961
1.63,11,140.540369
1.54,9,140.635252
-0.49,10,140.677849
-0.5,11,140.710712
1.38,14,140.754054
-0.65,15,140.792702
1.5,14,140.835183
-0.43,12,140.874086
1.55,10,140.902949
-0.57,13,140.941878
1.4,13,140.973489
1.32,9,141.002552
-0.3,15,141.048763
1.54,9,141.08095
1.53,10,141.116444
-0.65,12,141.158107
-0.83,7,141.181695
1.43,11,141.214183
-0.65,8,141.236539
1.51,9,141.26641
1.42,11,141.304403
-0.63,10,141.33888
-0.67,10,141.37115
2.13,17,141.422124
-0.46,14,141.466106
-0.8,7,141.493719
-0.48,12,141.524402
-0.16,15,141.566805
-0.3,13,141.607907
-0.51,9,141.637116
-0.33,14,141.683783
-0.21,15,141.732393
-0.28,15,141.770115
1.49,13,141.806987
1.54,12,141.841604
1.61,10,141.876616
1.43,9,141.90726
-0.64,11,141.942673
-0.27,15,141.991236
-0.42,13,142.03387
-0.53,12,142.074033
1.48,13,142.113227
-0.55,10,142.145626
1.75,13,142.182049
1.69,11,142.222934
-0.71,7,142.246726
-0.56,8,142.276125
-0.34,10,142.310141
-0.58,13,142.351316
-0.42,11,142.383633
-0.26,18,142.443836
-0.86,8,142.463707
1.41,12,142.504306
-0.84,14,142.547994
1.53,13,142.592618
-0.41,17,142.646142
-0.67,10,142.683663
-0.62,15,142.734242
-0.55,10,142.767088
-0.2,16,142.816568
-0.41,15,142.86497
-0.55,11,142.902247
-0.67,11,142.940591
-0.63,13,142.988071
1.71,11,143.028173
1.64,12,143.066425
-0.42,16,143.110971
1.54,9,143.144323
1.69,14,143.191384
-0.7,12,143.236675
-0.82,20,143.289759
1.74,14,143.334076
1.65,12,143.368522
-0.58,13,143.410208
-0.49,13,143.448637
1.76,16,143.486459
-0.61,12,143.524956
-0.32,14,143.567826
-0.84,8,143.595579
-0.5,11,143.63105
1.66,11,143.664731
1.66,10,143.696467
1.44,8,143.716266
-0.61,13,143.754138
-0.38,15,143.79839
-0.69,10,143.828485
-0.3,16,143.875858
1.21,11,143.91202
1.57,11,143.947143
-0.45,17,144.006536
1.61,10,144.038944
-0.58,13,144.076716
1.4,12,144.115264
1.71,14,144.160885
-0.08,17,144.207424
-0.35,12,144.245526
1.37,10,144.333105
-0.32,16,144.383405
-0.37,12,144.423575
-0.67,12,144.460279
-0.28,12,144.496353
1.64,10,144.52466
1.59,18,144.583783
-0.41,13,144.619646
-0.58,13,144.665401
-0.58,11,144.698192
-0.79,9,144.725706
1.52,10,144.762414
-0.74,13,144.800347
-0.61,16,144.847142
-0.53,12,144.882039
1.33,11,144.920183
-0.75,8,144.949098
1.53,10,144.981918
-0.84,8,145.008832
-0.51,11,145.046534
-0.42,13,145.084936
-0.76,9,145.116509
1.45,13,145.154278
-0.59,12,145.188307
1.7,13,145.225141
-0.83,8,145.252563
-0.43,13,145.287416
-0.82,13,145.330624
-0.37,14,145.372243
1.4,9,145.400701
-0.72,11,145.433161
1.42,13,145.469194
1.53,13,145.51384
-0.35,15,145.558788
-0.64,11,145.592093
-0.38,12,145.631394
-0.79,12,145.667325
1.5,11,145.699832
-0.52,11,145.736828
-0.34,16,145.789816
-0.52,17,145.836653
1.87,14,145.874556
1.38,9,145.910102
1.72,12,145.946182
-0.65,14,145.985531
-0.41,12,146.0172
-0.77,13,146.058493
-0.45,15,146.098186
-0.43,12,146.140201
-0.49,13,146.187186
1.63,11,146.225939
-0.65,12,146.258538
-0.45,12,146.297152
-0.3,14,146.343427
-0.46,12,146.381671
1.54,9,146.411268
1.21,9,146.435243
-0.47,11,146.467116
1.44,8,146.488327
1.45,9,146.517672
-0.73,9,146.545473
1.48,10,146.574646
-0.64,10,146.609058
1.51,10,146.645996
-0.75,12,146.685318
1.72,17,146.734199
1.58,10,146.770136
-0.53,11,146.807227
1.34,16,146.846405
-0.54,17,146.895206
1.83,12,146.936063
-0.97,10,146.961787
1.54,9,146.99314
1.47,10,147.027783
-0.46,18,147.079816
-0.74,10,147.111166
1.33,11,147.146269
-0.77,10,147.175469
-0.54,13,147.212142
-0.74,10,147.242187
-0.45,10,147.276694
-0.74,11,147.311224
1.41,14,147.356563
-0.91,7,147.379401
-0.6,12,147.420757
1.55,12,147.455235
-0.53,14,147.500795
-0.63,10,147.534177
-0.39,11,147.575933
-0.21,16,147.630301
-0.33,13,147.665094
-0.67,11,147.70324
-0.5,18,147.757912
-0.78,10,147.792006
1.67,12,147.834498
-0.45,11,147.87136
-0.47,12,147.908971
-0.72,10,147.936969
-0.62,10,147.991379
1.34,10,148.06561
1.73,15,148.116142
-0.4,16,148.164525
1.84,17,148.212142
-0.38,16,148.262126
-0.45,14,148.30881
1.82,14,148.350981
-0.75,14,148.397201
-0.57,11,148.432068
1.35,9,148.460767
1.54,9,148.485064
-0.41,16,148.531325
1.27,9,148.561354
-0.49,14,148.598747
1.6,14,148.641773
-0.61,11,148.676563
-0.4,11,148.710452
-0.47,17,148.762357
-0.53,13,148.797818
-0.85,12,148.835715
-0.7,9,148.866284
-0.43,16,148.914029
-0.65,9,148.944165
1.67,16,149.000281
-0.22,15,149.048316
-0.89,8,149.071692
-0.55,9,149.094674
-0.42,14,149.144572
-0.51,11,149.182474
-0.45,12,149.224647
-0.55,12,149.262723
-0.39,15,149.310969
-0.72,11,149.346367
-0.75,13,149.388254
-0.76,8,149.408474
-0.47,10,149.437918
-0.64,10,149.468249
-0.55,15,149.514296
-0.98,5,149.527473
-0.67,10,149.558103
-0.24,14,149.604397
-0.71,13,149.64449
-0.58,13,149.681625
-0.69,14,149.722449
1.6,11,149.760143
-0.58,10,149.797287
-0.64,12,149.834235
1.44,10,149.865013
-0.46,10,149.898842
-0.65,13,149.938543
1.51,10,149.973102
1.38,9,149.996513
1.64,14,150.039445
-0.44,11,150.077124
1.64,12,150.114959
-0.52,13,150.156114
-0.67,8,150.183287
-0.61,11,150.220689
-0.39,17,150.268112
-0.25,15,150.31427
-0.91,6,150.331985
1.53,10,150.367243
-0.39,14,150.409455
-0.18,16,150.453465
-0.43,19,150.50861
-0.7,12,150.546036
-0.52,10,150.581017
-0.53,14,150.630951
1.64,10,150.66531
1.61,10,150.700183
-0.35,12,150.737283
1.51,9,150.760775
1.51,10,150.791368
-0.54,15,150.83866
-0.37,12,150.872516
-0.38,15,150.917877
1.31,10,150.947165
-0.73,9,150.979785
-0.73,9,151.009044
-0.55,11,151.043622
-0.6,12,151.079409
-0.51,12,151.115029
-0.51,11,151.15317
-0.65,9,151.185478
-0.49,17,151.237667
1.35,12,151.274649
-0.27,14,151.31802
1.54,11,151.353482
-0.49,13,151.387277
-0.6,13,151.431176
1.49,13,151.47238
-0.66,16,151.514332
1.43,10,151.543249
1.44,10,151.576293
-0.8,10,151.606759
1.71,13,151.644804
1.73,13,151.690165
1.72,16,151.734652
1.33,11,151.77164
-0.53,14,151.819289
1.34,11,151.85407
1.53,10,151.894073
-0.79,10,151.931107
-0.47,14,152.034341
-0.55,12,152.078287
-0.46,12,152.122585
-0.74,10,152.15799
-0.68,13,152.192861
-0.6,13,152.239078
-0.66,13,152.285297
-0.66,11,152.314299
-0.76,6,152.329847
-0.36,12,152.367201
-0.52,12,152.403449
1.55,10,152.429308
-0.67,13,152.464771
1.61,10,152.496413
1.8,14,152.55205
1.56,17,152.62738
1.64,13,152.737795
-0.92,11,152.777767
1.56,9,152.807183
-0.45,13,152.846717
-0.62,9,152.870231
-0.42,17,152.924714
1.6,11,152.969065
1.63,15,153.028869
1.27,9,153.061177
1.44,8,153.088895
1.44,9,153.126004
-0.64,11,153.179035
-0.51,11,153.216918
-0.29,14,153.270707
-0.6,15,153.324389
1.36,11,153.354266
1.73,13,153.393956
0.11,20,153.460251
-0.55,11,153.499724
-0.69,8,153.525214
-0.52,11,153.563973
-0.72,13,153.602835
1.64,10,153.638837
-0.43,12,153.675663
-0.74,9,153.709072
1.55,11,153.743612
-0.21,17,153.794825
-0.35,15,153.839899
-0.4,12,153.878851
-0.64,14,153.925732
1.71,13,153.970802
-0.86,11,154.003275
1.54,9,154.035373
-0.31,14,154.072958
1.48,9,154.107514
-0.48,12,154.148558
-0.52,10,154.180711
-0.45,12,154.223969
1.6,16,154.271307
-0.69,11,154.305256
1.63,10,154.335438
-0.52,14,154.381127
1.64,10,154.410783
1.54,12,154.443236
-0.63,12,154.476552
-0.79,9,154.50012
-0.32,13,154.549222
-0.57,13,154.587622
-0.55,12,154.627053
1.56,12,154.666141
-0.64,10,154.69492
1.43,12,154.730686
-0.38,13,154.775295
1.55,11,154.807034
0.14,18,154.855751
1.61,10,154.884308
1.52,11,154.91845
1.56,12,154.95928
-0.57,12,154.997238
-0.52,13,155.035901
-0.56,13,155.079458
1.36,15,155.127498
-0.22,14,155.180986
-0.71,12,155.22489
-0.63,13,155.263844
-0.78,8,155.28991
1.65,12,155.33288
1.46,12,155.375503
-0.59,12,155.415324
1.56,9,155.443694
-0.54,15,155.49238
-0.33,15,155.544774
-0.26,12,155.590547
-0.67,11,155.622442
-0.14,13,155.666008
1.54,9,155.693132
-0.45,11,155.7289
1.31,14,155.770518
-0.24,13,155.80828
1.58,11,155.843421
0.07,19,155.896662
-0.86,11,155.926753
1.57,13,155.967605
-0.82,8,155.99247
-1.01,8,156.018388
-0.56,12,156.057679
1.87,16,156.107203
1.56,9,156.195317
-0.54,9,156.21987
-0.34,13,156.256495
-0.62,11,156.294768
-0.55,9,156.32023
1.39,11,156.352305
1.4,11,156.384168
-0.71,10,156.416367
-0.55,13,156.450305
1.6,11,156.479068
-0.72,10,156.506138
-0.62,9,156.534377
-0.96,9,156.56593
1.6,13,156.605542
-0.28,14,156.65371
-0.48,14,156.696503
-0.46,11,156.725796
-0.49,11,156.770145
1.7,17,156.820388
-0.75,13,156.859488
-0.73,12,156.894826
1.35,9,156.920194
-0.5,12,156.957085
1.45,9,156.994089
-0.77,7,157.018061
-0.67,11,157.055454
1.29,6,157.074401
1.54,10,157.107228
-0.52,11,157.144269
-0.7,8,157.174276
-0.5,11,157.215622
-0.71,12,157.249976
-0.34,15,157.287848
1.66,10,157.318646
-0.74,10,157.344501
-0.37,15,157.3852
-0.71,9,157.413341
-0.18,16,157.457595
-0.57,12,157.492512
1.59,13,157.538847
1.26,9,157.564218
1.36,10,157.594493
1.42,11,157.629251
1.51,9,157.658399
-0.51,10,157.692919
1.56,11,157.72542
-0.99,15,157.768602
-0.71,10,157.804071
1.53,11,157.84097
-0.9,6,157.856011
-0.85,9,157.886588
-0.74,10,157.91818
1.64,15,157.963239
-0.55,11,157.991678
-0.12,13,158.030845
1.58,12,158.067426
-0.48,14,158.116199
-0.61,8,158.13552
-0.51,13,158.173505
-0.31,16,158.229083
1.75,13,158.264981
1.62,13,158.306648
-0.41,13,158.346431
-0.4,11,158.381198
-0.7,15,158.424176
-0.46,14,158.460427
-0.08,15,158.507756
-0.6,13,158.548895
-0.3,19,158.612707
-0.5,15,158.664031
-0.33,16,158.713858
-0.63,12,158.750636
1.71,14,158.789734
-0.64,12,158.819464
-0.87,14,158.859032
-0.85,9,158.887579
1.38,11,158.925825
-0.6,9,158.954443
-0.9,8,158.980347
-0.41,13,159.019328
1.47,11,159.053283
1.78,11,159.091927
1.4,12,159.124915
-0.69,8,159.152789
1.43,11,159.178427
-0.48,15,159.221662
1.5,11,159.260595
-0.36,17,159.312675
1.71,11,159.347002
1.54,9,159.373772
-0.26,14,159.414703
-0.55,13,159.463513
-0.41,17,159.508153
-0.85,12,159.549001
1.44,11,159.582065
-0.5,11,159.615103
1.56,10,159.646438
-0.12,15,159.693966
1.66,10,159.724006
1.37,14,159.767621
1.24,8,159.789669
-0.41,13,159.895289
-0.58,13,159.928535
1.38,11,159.965832
-0.79,14,160.005817
-0.17,15,160.044961
-0.45,11,160.072441
1.96,17,160.118498
-0.87,14,160.161698
-0.63,16,160.209082
-0.6,12,160.240193
-0.68,9,160.268143
-0.59,10,160.299559
-0.2,17,160.350553
1.66,10,160.381907
-0.42,14,160.427481
-0.65,10,160.453765
-0.75,11,160.486636
-0.26,14,160.531187
1.63,11,160.566553
-0.55,15,160.612592
1.56,9,160.641712
1.6,12,160.684194
1.37,10,160.719476
1.61,10,160.751229
-0.94,7,160.77492
1.64,13,160.818171
1.65,12,160.851806
1.5,10,160.88025
-0.85,6,160.895787
-0.86,13,160.941959
-0.47,13,160.98295
0.78,21,161.030891
1.43,14,161.081985
-0.83,7,161.101736
1.56,9,161.129467
-0.41,12,161.16719
1.66,10,161.193869
-0.7,8,161.215945
-0.78,8,161.246411
-0.33,18,161.305992
-0.71,12,161.345985
-0.08,18,161.406118
1.56,9,161.438983
-0.7,8,161.46535
-0.4,11,161.498901
1.5,13,161.533773
-0.57,12,161.573685
-0.32,12,161.610261
-0.58,10,161.640933
-0.57,12,161.678865
1.54,9,161.708838
-0.22,16,161.757371
-0.63,10,161.792094
-0.65,9,161.817335
1.45,10,161.850376
1.62,16,161.894314
-0.69,12,161.931407
-0.43,15,161.974007
-0.33,13,162.021655
0.02,17,162.070423
1.76,13,162.110482
-0.66,12,162.143353
-0.59,9,162.171807
-0.65,11,162.203114
1.65,14,162.245707
-0.51,9,162.272736
1.38,11,162.307985
1.63,11,162.345473
-0.32,13,162.387075
-0.7,9,162.412693
-0.52,13,162.449966
-0.89,8,162.476804
-0.51,12,162.511796
-0.61,13,162.549485
-0.67,8,162.582022
1.49,12,162.618691
-0.38,14,162.664878
-0.45,11,162.697048
1.58,14,162.742265
1.37,10,162.774141
1.67,12,162.814566
1.59,12,162.856135
-0.49,12,162.900403
-0.62,10,162.936707
1.61,10,162.970609
1.25,13,163.017287
-0.59,14,163.05816
-0.64,13,163.101299
-0.33,15,163.143936
-0.78,8,163.171079
1.37,12,163.214445
-0.52,11,163.248207
-0.31,12,163.283376
-0.56,9,163.305883
-0.65,11,163.343715
1.36,13,163.380883
1.55,11,163.412805
1.53,10,163.447763
1.74,11,163.537892
-0.1,17,163.58599
-0.88,7,163.611828
1.56,16,163.662817
1.61,11,163.698618
-0.91,9,163.72907
1.62,12,163.7701
-0.42,15,163.817145
-0.76,12,163.857992
-0.59,14,163.892936
-0.47,14,163.934268
-0.89,7,163.955546
1.57,13,163.991571
1.64,10,164.020251
-0.48,13,164.066314
-0.48,15,164.114509
1.5,9,164.146012
-0.6,13,164.183381
-0.66,10,164.214185
1.63,13,164.256175
-1.0,7,164.279224
-0.57,13,164.316249
-0.59,12,164.352367
-0.44,11,164.38185
-0.71,7,164.405027
1.46,9,164.434997
-0.61,12,164.478019
1.61,11,164.507038
1.58,13,164.543521
-0.27,15,164.591677
1.78,12,164.631546
-0.71,13,164.672051
1.57,12,164.71444
-0.4,14,164.756501
-0.26,17,164.806694
1.31,10,164.842227
-0.59,15,164.891224
-0.34,11,164.927364
-0.59,11,164.959538
-0.68,9,164.985291
-0.45,11,165.019319
-0.81,11,165.04819
-0.58,13,165.092349
-0.77,10,165.12752
-0.62,9,165.158294
-0.41,15,165.196938
-0.37,14,165.23644
-0.57,12,165.277641
-0.28,16,165.332934
1.26,12,165.371385
-0.83,9,165.399538
-0.34,20,165.45542
-0.77,9,165.485074
-0.81,8,165.507443
1.41,11,165.537377
1.54,9,165.56532
-0.66,10,165.607551
-0.3,12,165.644253
-0.97,4,165.658168
1.18,6,165.674169
1.51,10,165.70978
-0.2,18,165.763012
-0.24,13,165.796592
-0.16,18,165.849491
0.19,20,165.902404
-0.52,11,165.940383
-0.57,11,165.971576
-0.27,16,166.027081
1.46,9,166.059772
1.39,10,166.090786
-0.4,13,166.131039
-0.4,17,166.180712
1.36,10,166.209323
-0.76,9,166.233376
-0.56,15,166.281133
1.27,9,166.310401
-0.54,13,166.351984
-0.48,12,166.390168
-0.56,13,166.426652
1.39,11,166.460586
-0.46,14,166.497101
1.43,9,166.527171
1.56,9,166.55367
1.65,11,166.586566
-0.34,13,166.620975
-0.8,12,166.659999
-0.57,10,166.693903
0.0,15,166.738701
1.27,9,166.766161
1.3,12,166.802219
-0.52,15,166.848584
1.21,6,166.864754
-0.42,15,166.908747
-0.77,7,166.929224
-0.14,14,166.97775
-0.76,6,166.996
1.44,10,167.028347
1.57,11,167.05903
-0.11,14,167.10375
1.52,11,167.135542
-0.62,14,167.177148
1.54,9,167.204824
-0.65,9,167.235934
-0.47,13,167.330709
1.28,7,167.359398
-0.72,13,167.397852
-0.68,12,167.438477
1.66,10,167.470349
-0.51,15,167.515917
-0.67,8,167.540576
1.39,11,167.576205
-0.68,9,167.60345
1.56,9,167.634486
1.71,11,167.670346
-0.37,11,167.710542
1.48,13,167.744785
1.29,10,167.777697
1.52,12,167.818089
1.64,13,167.856917
1.49,10,167.88528
-0.64,11,167.925207
2.01,16,167.973465
-0.79,9,168.006619
1.71,11,168.041633
-0.7,15,168.081042
-0.62,9,168.114993
-0.63,10,168.148113
-0.44,16,168.201536
1.55,10,168.227398
-0.53,10,168.25637
1.53,11,168.283223
1.66,10,168.314286
1.49,9,168.347039
1.52,14,168.395128
1.42,10,168.428401
1.43,9,168.458638
-0.51,9,168.493916
-0.45,13,168.530387
1.59,10,168.561656
-0.41,16,168.61474
1.6,18,168.674965
1.31,10,168.705497
-0.58,14,168.746528
-0.33,15,168.792597
-0.73,9,168.821125
-0.78,8,168.847659
-0.33,12,168.880392
1.58,13,168.91958
1.61,10,168.95628
1.83,13,168.994698
-0.29,11,169.02379
1.53,12,169.104628
1.15,10,169.136347
-0.41,12,169.170721
-0.74,14,169.211628
-0.84,11,169.241087
-0.67,10,169.275305
1.56,10,169.302841
-0.52,13,169.345798
-0.21,16,169.395887
-0.49,11,169.432839
-0.54,11,169.467504
-0.37,11,169.501384
-0.68,10,169.529968
1.36,11,169.564696
-0.41,11,169.598646
-0.44,13,169.641026
-0.23,18,169.699811
-0.55,9,169.734788
-0.69,10,169.769379
-0.88,10,169.799625
-0.49,10,169.833218
-0.45,14,169.881833
-0.57,13,169.916142
-0.66,9,169.945194
-0.69,10,169.975898
-0.56,10,170.011497
-0.65,10,170.044845
-0.74,13,170.083312
-0.45,12,170.130353
1.59,13,170.177619
1.56,13,170.222005
-0.93,6,170.241184
-0.84,13,170.282419
-0.67,8,170.311545
1.56,9,170.342805
-0.63,12,170.386179
-0.8,12,170.426259
-0.79,9,170.46377
-0.39,13,170.513113
-0.96,9,170.54789
-0.53,16,170.622112
-0.63,10,170.672862
1.42,11,170.71314
-0.34,14,170.770916
1.45,9,170.806298
-0.41,13,170.857826
1.65,12,170.904968
-0.43,14,170.961984
-0.6,9,171.006615
1.33,8,171.03892
1.72,14,171.095012
-0.65,9,171.130489
1.54,14,171.190075
-0.57,10,171.229926
1.29,10,171.267667
-0.72,11,171.312996
-0.73,11,171.351022
-0.11,14,171.403742
-0.84,8,171.437799
1.61,12,171.553259
-0.81,11,171.593895
-0.53,13,171.646999
1.53,12,171.69873
1.59,10,171.733436
-0.85,9,171.766962
-0.76,9,171.803173
-0.39,17,171.866841
-0.65,12,171.909947
-0.47,15,171.957624
-0.47,14,172.006761
-0.65,10,172.040951
-0.75,11,172.076533
-0.21,19,172.138322
-0.65,12,172.189463
1.64,10,172.227169
1.54,9,172.255892
1.7,19,172.317433
1.52,15,172.360682
-0.43,13,172.39781
-0.14,16,172.450644
-0.86,8,172.474694
-0.57,13,172.524558
1.43,10,172.568098
1.43,12,172.605523
1.71,11,172.641304
-0.3,12,172.682434
-0.29,14,172.736053
1.52,11,172.774433
-0.63,14,172.824434
-0.65,12,172.873101
1.56,9,172.909266
-0.89,11,172.953511
1.56,9,172.985705
-0.32,15,173.035838
1.31,16,173.085326
-0.66,10,173.115488
-0.73,9,173.152415
-0.94,7,173.17495
-0.7,9,173.203373
-0.4,11,173.235434
1.3,11,173.267838
1.48,9,173.297541
-0.35,15,173.357239
1.76,16,173.414393
-0.23,13,173.457141
1.33,11,173.4995
-0.18,14,173.549923
-0.5,11,173.591979
-0.61,8,173.616675
1.69,11,173.650843
-0.85,15,173.692305
-0.39,11,173.723535
-0.79,10,173.754823
1.54,9,173.785678
-0.46,14,173.833448
-0.68,12,173.871135
1.64,10,173.901917
-0.64,15,173.948117
-0.44,16,173.993446
1.54,9,174.020631
-0.57,10,174.054607
-0.51,15,174.099547
-0.51,11,174.131917
-0.74,6,174.151502
1.54,9,174.182809
1.56,9,174.214981
-0.73,12,174.248321
-0.36,14,174.29285
-0.77,10,174.320517
-0.47,13,174.367152
-0.23,16,174.417355
-0.11,15,174.465381
1.43,9,174.497773
-0.32,15,174.542128
-0.58,14,174.585393
-0.12,18,174.63782
-0.35,13,174.683474
-0.58,11,174.716228
1.45,10,174.752177
1.6,11,174.787901
-0.53,11,174.821397
-0.67,8,174.845966
-0.78,10,174.878637
-0.81,11,174.933245
-0.71,13,174.983981
1.58,11,175.025576
1.84,17,175.078504
-0.76,9,175.105525
-0.63,10,175.138735
1.36,9,175.177757
-0.46,14,175.224282
1.18,12,175.264751
1.54,9,175.292225
-0.51,14,175.336796
1.63,11,175.372516
-0.6,10,175.409691
-0.51,12,175.448
1.3,9,175.481881
-0.15,17,175.536653
1.51,13,175.585331
1.57,12,175.633588
1.56,9,175.668021
-0.38,13,175.789977
1.54,11,175.835482
-0.07,17,175.909999
-0.26,18,175.977115
-0.67,7,176.004707
-0.55,16,176.066608
-0.35,14,176.12392
-0.61,11,176.169492
-0.72,8,176.200307
-0.58,11,176.241385
-0.41,12,176.28442
-0.27,16,176.348598
1.42,14,176.389336
1.54,9,176.421534
-0.71,12,176.4609
1.35,12,176.499726
-0.42,14,176.538875
-0.63,12,176.583028
-0.73,8,176.614522
-0.65,12,176.657653
-0.31,15,176.707706
-0.5,10,176.73658
-0.54,13,176.775253
-0.43,18,176.828342
-0.39,12,176.870653
1.41,9,176.90123
-0.64,14,176.947528
-0.45,14,176.984091
-0.63,13,177.029095
1.26,9,177.052813
1.45,13,177.093888
-0.55,10,177.131617
1.54,12,177.166127
1.67,13,177.202806
-0.55,13,177.245567
-0.47,13,177.281906
1.32,9,177.309863
-0.7,12,177.356065
1.36,11,177.389393
1.64,14,177.43554
-0.61,10,177.471817
1.14,4,177.483176
-0.7,9,177.511126
-0.89,8,177.536408
-0.36,13,177.578846
1.64,10,177.609457
1.63,11,177.648909
-0.69,8,177.683314
1.78,11,177.720933
1.81,12,177.759172
-0.68,12,177.79392
-0.45,11,177.832924
-0.32,11,177.866282
1.56,9,177.889396
1.14,4,177.900564
-0.91,7,177.921311
-0.71,12,177.956038
-0.55,14,178.003301
-0.62,13,178.045843
-0.57,10,178.086018
-0.58,12,178.122466
-0.79,12,178.159322
1.52,11,178.185296
-0.55,14,178.226159
1.5,11,178.257924
-0.53,11,178.29073
-0.5,13,178.328751
-0.63,10,178.360155
-0.51,11,178.390007
-0.7,10,178.421976
1.59,11,178.458503
-0.64,13,178.491393
-0.7,9,178.520041
-0.39,15,178.570033
-0.38,12,178.606697
1.51,9,178.645555
1.74,12,178.685847
1.56,10,178.715185
-0.73,8,178.741486
1.67,11,178.779823
-0.65,12,178.818517
-0.75,8,178.849908
-0.76,9,178.882046
-0.64,7,178.909127
-0.51,15,178.958013
-0.75,8,178.981238
1.14,4,178.994569
-0.77,7,179.021239
-0.75,8,179.045676
1.37,11,179.080323
1.63,12,179.121034
-0.84,9,179.150244
-0.74,13,179.190208
1.54,9,179.216295
-0.55,15,179.266807
1.3,8,179.29539
1.61,10,179.327179
1.14,4,179.336194
1.42,10,179.365018
1.43,9,179.461851
-0.54,9,179.492228
-0.17,14,179.532333
-0.39,14,179.57744
1.4,8,179.609154
1.74,12,179.644774
-0.25,17,179.693343
-0.41,17,179.748316
1.69,13,179.789734
1.3,14,179.833198
1.53,10,179.870784
1.7,13,179.917625
-0.43,13,179.966322
1.76,13,180.020819
-0.08,15,180.07151
-0.47,14,180.119586
-0.49,12,180.162356
1.56,9,180.19367
-0.24,14,180.241526
-0.38,13,180.282113
-0.35,14,180.327541
1.39,10,180.357733
1.45,9,180.388161
-0.52,13,180.42762
1.56,9,180.461492
-0.84,8,180.488118
-0.5,14,180.531091
-0.26,14,180.576636
-0.96,12,180.61123
1.5,11,180.647897
1.58,10,180.681866
-0.58,11,180.71791
-0.43,11,180.754267
-0.47,13,180.802432
1.61,10,180.831747
1.43,9,180.862062
1.54,9,180.891046
-0.67,12,180.981825
1.23,7,181.005861
0.05,19,181.061697
-0.36,13,181.10273
1.53,10,181.141277
1.44,12,181.184128
-0.07,18,181.24437
1.48,10,181.281178
1.54,9,181.313362
1.56,11,181.353138
-0.81,5,181.366707
-0.53,14,181.416577
1.63,11,181.447946
1.52,11,181.481435
-0.55,12,181.522643
-0.76,6,181.546484
-0.67,8,181.56779
-0.75,13,181.606101
-0.13,17,181.656314
-0.74,9,181.686146
-0.39,14,181.730201
1.45,12,181.769391
-0.76,9,181.800866
-0.81,8,181.826112
-0.36,15,181.868556
1.23,9,181.900905
1.66,13,181.946383
1.54,9,181.976526
1.38,9,182.003913
1.85,14,182.047265
-0.54,13,182.092592
1.37,13,182.135643
-0.34,11,182.177676
1.49,15,182.221408
1.56,15,182.272617
-0.52,11,182.311874
-0.47,10,182.341807
-0.47,13,182.379536
-0.45,11,182.41295
-0.29,13,182.449261
-0.54,12,182.479474
1.54,9,182.512033
-0.56,8,182.542707
1.19,5,182.561058
-0.46,10,182.593582
-0.45,15,182.64196
1.14,4,182.65585
1.29,6,182.679204
-0.83,8,182.700187
1.54,11,182.739198
-0.55,12,182.77591
1.37,10,182.803053
0.09,15,182.849061
-0.25,16,182.896781
1.3,11,182.929922
-0.49,11,182.963774
-0.2,19,183.01368
1.59,16,183.062109
1.14,4,183.074131
1.56,9,183.105526
-0.49,10,183.131235
-0.39,11,183.16174
-0.93,6,183.178905
-0.37,14,183.224728
1.73,12,183.262
1.54,9,183.289855
-0.51,16,183.342322
1.18,9,183.368519
-0.67,11,183.45282
-0.67,8,183.489084
1.37,12,183.521989
1.14,4,183.533764
-0.27,15,183.576676
-0.54,9,183.604646
1.41,8,183.631078
-0.98,5,183.647509
1.72,12,183.682688
-0.04,19,183.735138
1.36,8,183.764198
1.56,9,183.794389
-0.77,10,183.825844
-0.79,12,183.862921
-0.61,10,183.899058
-0.58,17,183.950954
1.49,12,183.985262
-0.78,10,184.0182
1.51,10,184.046061
1.71,17,184.104383
-0.79,9,184.136265
1.44,8,184.158526
-0.81,5,184.172601
-0.62,12,184.210396
-0.59,11,184.243402
-0.44,16,184.293545
-0.91,7,184.3151
1.45,9,184.346237
-0.49,10,184.378118
1.69,10,184.413872
-0.62,12,184.449429
-0.82,12,184.485079
-0.39,16,184.528473
1.53,10,184.560457
1.68,12,184.593992
1.43,11,184.625809
0.12,18,184.680238
-0.37,16,184.727763
-0.43,13,184.768511
-0.39,11,184.80048
1.45,11,184.83552
-0.76,9,184.861001
1.49,10,184.893962
1.64,12,184.936008
-0.48,11,184.972827
-0.54,9,184.998638
1.53,10,185.030149
-0.62,7,185.057852
-0.52,15,185.103276
-0.58,14,185.150185
1.6,16,185.198395
-0.44,12,185.234571
-0.16,14,185.279973
-0.47,14,185.325762
-0.67,15,185.367938
-0.32,14,185.412044
1.66,10,185.442529
-0.42,11,185.479178
-0.49,13,185.52127
-0.82,6,185.54563
-0.36,12,185.588795
-0.63,10,185.624169
1.54,9,185.654579
-0.64,13,185.698254
1.69,10,185.726137
-0.35,15,185.777321
1.72,13,185.813633
-0.63,10,185.852947
1.63,12,185.894372
-0.86,7,185.914932
-0.79,12,185.954957
-0.62,12,185.998113
-0.25,13,186.038203
1.57,13,186.08194
1.56,9,186.110148
-0.61,11,186.144201
1.54,9,186.171243
1.37,10,186.204543
-0.68,12,186.24285
-0.59,11,186.281804
-0.28,18,186.33487
-0.64,13,186.374595
1.29,12,186.414878
1.54,9,186.45174
-0.72,10,186.488097
-0.72,8,186.510753
1.54,9,186.541618
-0.45,13,186.58448
1.76,14,186.618351
1.14,4,186.631256
1.34,10,186.663047
-0.45,11,186.697822
-0.59,8,186.724688
1.13,11,186.760166
1.62,12,186.799471
1.5,9,186.825973
-0.35,11,186.855108
1.54,9,186.880279
1.79,11,186.915964
-0.73,12,186.954087
-0.43,10,186.990182
-0.49,17,187.046339
-0.53,15,187.143644
-0.01,19,187.201953
1.59,10,187.233629
-0.35,16,187.275156
1.63,11,187.311861
-0.61,13,187.357394
-0.57,10,187.38672
-0.87,6,187.40995
-0.51,14,187.455279
-0.8,7,187.481009
-0.55,14,187.524424
-0.12,15,187.568419
1.49,9,187.596433
1.52,10,187.624486
-0.58,13,187.657386
1.81,16,187.704059
1.36,8,187.7255
-0.93,6,187.745954
-0.53,10,187.77898
-0.8,7,187.801708
1.35,13,187.843161
1.65,11,187.879191
-0.72,10,187.910192
1.55,17,187.965778
-0.7,11,187.996301
1.56,9,188.022551
-0.32,16,188.064247
1.41,9,188.094666
-0.61,8,188.120965
-0.49,12,188.165074
-0.8,7,188.183664
-0.41,13,188.225792
-0.75,11,188.259878
0.04,18,188.30718
1.59,12,188.338166
-0.74,6,188.357688
-0.75,10,188.386968
-0.54,17,188.443859
-0.3,15,188.488757
1.53,10,188.523127
-0.85,7,188.547797
1.47,10,188.579376
1.3,12,188.62198
1.44,8,188.647692
-0.34,14,188.688471
-0.74,10,188.716096
-0.39,14,188.76381
-0.24,14,188.806402
-0.25,14,188.853888
-0.57,10,188.887513
1.21,6,188.906401
-0.54,9,188.935705
-0.51,11,188.971584
-0.62,12,189.013003
1.65,12,189.049562
-0.42,13,189.095369
-0.7,11,189.135894
-0.57,12,189.171056
-0.77,10,189.2006
-0.43,17,189.2535
1.59,12,189.284071
-0.42,14,189.331922
1.54,9,189.360375
-0.73,9,189.391999
-0.63,10,189.425615
-0.52,12,189.466892
1.66,10,189.494929
-0.77,10,189.524164
-0.46,12,189.567342
-0.44,10,189.599212
1.54,9,189.626789
1.53,10,189.65571
-0.41,12,189.691501
-0.64,8,189.721341
1.39,9,189.746874
-0.51,15,189.795292
1.56,9,189.823891
1.64,10,189.859736
1.36,8,189.887532
1.6,12,189.927639
1.57,10,189.960583
-0.68,9,189.992969
1.44,8,190.018408
1.54,9,190.045869
-0.59,11,190.087589
1.39,11,190.125402
-0.62,12,190.163993
-0.32,13,190.209452
-0.65,9,190.237826
-0.5,16,190.287233
-0.76,8,190.315423
-0.89,10,190.343006
-0.62,13,190.385036
-0.43,14,190.431969
-0.68,10,190.462313
-0.56,14,190.506004
-0.47,12,190.54101
-0.62,8,190.56603
-0.46,15,190.611144
-0.25,14,190.653584
1.57,18,190.70649
-0.66,11,190.806404
-0.93,9,190.834418
1.54,9,190.865706
-0.78,8,190.89414
-0.17,16,190.943647
-0.25,17,190.990084
-0.37,16,191.041302
-0.42,12,191.077478
-0.83,7,191.102625
-0.34,13,191.137489
1.52,11,191.167134
1.66,11,191.201783
1.22,8,191.230307
1.54,9,191.25886
-0.72,8,191.286306
1.68,12,191.322563
-0.85,10,191.35524
-0.6,10,191.386249
-0.76,9,191.417649
1.54,9,191.450321
1.36,11,191.486109
-0.78,11,191.522405
1.56,12,191.564052
-0.81,5,191.580801
1.44,11,191.616593
-0.31,15,191.664551
1.63,11,191.69841
-0.55,16,191.739766
-0.67,11,191.775995
1.5,10,191.813941
-0.44,13,191.857098
-0.63,12,191.898236
1.55,10,191.92862
1.66,14,191.971144
1.45,9,192.001086
1.56,12,192.03821
-0.49,10,192.0722
1.39,11,192.112134
1.4,10,192.141244
1.54,9,192.171203
-0.62,11,192.204597
1.74,15,192.249439
1.53,10,192.279139
-0.72,10,192.315165
-0.21,15,192.359088
-0.53,16,192.403126
1.26,6,192.421054
1.46,12,192.459182
-0.48,14,192.508685
1.49,11,192.546896
-0.83,8,192.573207
-0.77,7,192.604386
1.54,11,192.64645
-0.58,13,192.683315
-0.04,17,192.731876
-0.58,11,192.770708
1.74,11,192.803566
-0.43,12,192.835022
1.41,15,192.88198
-0.5,10,192.908681
1.56,9,192.943086
-0.8,9,192.98029
-0.71,7,193.002317
1.39,11,193.038101
-0.33,17,193.083344
1.51,9,193.117196
1.49,12,193.154449
-0.59,11,193.182619
-0.5,14,193.228292
-0.35,15,193.272662
1.53,10,193.307297
-0.54,12,193.352187
-0.63,10,193.386178
1.76,13,193.42237
1.54,9,193.449287
-0.74,10,193.485127
1.48,10,193.516196
1.54,9,193.538463
1.14,4,193.550837
-0.45,12,193.590643
-0.4,18,193.653378
1.14,4,193.667398
-0.61,11,193.704947
-0.09,17,193.751204
-0.53,11,193.791224
-0.52,11,193.829771
-0.71,9,193.85641
1.51,10,193.887605
1.54,9,193.916008
-0.52,12,193.947126
-0.58,10,193.98068
-0.6,10,194.012994
1.19,8,194.042069
1.59,10,194.077663
1.56,9,194.103545
1.58,12,194.139461
1.19,5,194.154022
-0.78,8,194.178023
1.27,11,194.209198
1.54,9,194.240061
-0.92,8,194.266511
-0.66,7,194.291305
-0.73,9,194.322754
1.51,13,194.416016
1.56,9,194.451582
1.59,10,194.480134
-0.46,12,194.507903
-0.67,11,194.542847
1.14,4,194.557487
1.43,9,194.584501
-0.55,11,194.620384
-0.73,11,194.658899
1.5,11,194.696166
1.56,9,194.724828
1.33,8,194.747795
1.56,9,194.777542
1.47,11,194.817737
-0.55,14,194.85675
1.56,9,194.887052
-0.54,12,194.925199
1.64,10,194.957691
-0.12,15,195.007924
-0.37,14,195.052732
1.34,13,195.091802
-0.35,13,195.133012
-0.83,11,195.168646
-0.77,10,195.194112
-0.67,13,195.231574
1.14,4,195.245845
1.54,9,195.275211
-0.46,11,195.307627
1.66,10,195.345364
-0.68,9,195.372661
1.56,9,195.397183
1.53,10,195.426114
1.4,12,195.461548
-0.62,15,195.506093
-0.77,10,195.539536
1.51,10,195.570307
-0.73,9,195.600429
1.68,12,195.645376
1.59,12,195.687004
-0.47,13,195.728576
1.43,9,195.754944
-0.57,12,195.795173
-0.73,9,195.822813
1.74,11,195.856102
1.33,8,195.885101
-0.44,13,195.921047
1.39,8,195.946079
1.35,9,195.967467
-0.27,13,196.006316
1.64,11,196.039728
0.04,17,196.087229
-0.33,13,196.124543
-0.42,13,196.167014
-0.44,11,196.208047
-0.26,14,196.248596
-0.55,10,196.274648
1.34,14,196.320174
-0.63,9,196.349965
1.27,12,196.388057
-0.67,9,196.414096
-0.87,6,196.434354
1.43,9,196.465252
-0.15,14,196.516049
1.14,4,196.528067
-0.73,10,196.558684
1.6,11,196.594604
1.56,9,196.619141
1.64,10,196.653916
-0.73,11,196.683553
1.54,9,196.714145
-0.54,13,196.750757
1.14,4,196.764608
-0.87,12,196.802549
1.41,9,196.827734
1.5,10,196.858301
-0.76,8,196.888984
-0.68,10,196.923814
-0.35,12,196.964023
1.56,13,197.002323
1.56,9,197.031815
-0.49,12,197.070525
1.56,13,197.108706
1.62,14,197.151424
1.64,10,197.180948
-0.73,9,197.214786
-0.46,12,197.259484
-0.17,15,197.306726
-0.67,8,197.331692
-0.51,11,197.367496
1.22,11,197.402022
1.56,10,197.433535
-0.77,10,197.461422
-0.62,9,197.488861
1.36,8,197.515514
-0.64,15,197.561382
1.41,15,197.606676
1.66,10,197.639146
-0.73,11,197.677364
-0.4,16,197.716874
1.48,12,197.752715
1.69,11,197.84278
1.82,14,197.927898
-0.4,12,197.973456
-0.57,10,198.000098
-0.51,11,198.034402
-0.52,13,198.072734
-1.05,6,198.095004
0.08,21,198.151919
1.41,12,198.188049
-0.63,14,198.225065
-0.29,13,198.267574
-0.53,13,198.301685
1.43,10,198.336657
1.66,10,198.372043
-0.39,12,198.407258
1.62,13,198.449056
-0.42,11,198.485328
-0.73,8,198.511448
-0.75,8,198.537482
-0.55,10,198.562201
-0.53,11,198.601177
1.64,10,198.632194
-0.53,14,198.680489
1.34,7,198.703243
-0.68,9,198.742046
-0.71,10,198.781131
1.59,12,198.818107
1.53,10,198.84922
-0.48,15,198.889369
-0.38,12,198.926732
1.67,13,198.969363
1.65,11,199.008684
-0.6,12,199.049884
-0.57,10,199.08611
1.49,12,199.128452
-0.85,9,199.163024
1.66,10,199.190485
1.34,16,199.235417
-0.68,9,199.25919
-0.6,13,199.29932
1.39,13,199.335285
-0.56,13,199.380908
-0.22,12,199.418339
-0.69,11,199.456729
1.52,11,199.493918
1.52,12,199.529731
-0.3,15,199.568142
-0.59,12,199.60248
-0.52,10,199.632433
1.53,12,199.671892
1.48,9,199.701442
1.55,12,199.739066
1.45,10,199.770186
1.35,11,199.806515
-0.74,10,199.839566
1.64,10,199.864999
0.03,17,199.918023
1.81,12,199.956854
-0.58,11,199.984286
1.23,7,200.008064
-0.72,10,200.045346
1.53,10,200.081436
-0.68,12,200.121312
-0.55,13,200.16234
-0.75,11,200.196543
-0.61,13,200.230649
-0.59,10,200.261676
1.22,8,200.289373
-0.63,15,200.336308
-0.64,12,200.381771
1.66,10,200.414461
1.55,15,200.457085
1.49,9,200.481968
-0.6,13,200.523841
1.21,6,200.546196
-0.81,9,200.576788
1.59,10,200.610327
1.56,9,200.645768
1.65,15,200.692654
1.43,12,200.719656
-0.69,11,200.754884
1.54,12,200.792181
1.56,9,200.825525
-0.72,8,200.853178
1.51,12,200.888504
1.66,10,200.917601
-1.08,9,200.943867
1.65,12,200.986037
1.54,14,201.033899
-0.39,10,201.06904
1.56,9,201.097574
1.64,10,201.128127
1.54,9,201.152302
-0.73,9,201.180963
1.56,14,201.223823
-0.31,16,201.272754
-0.2,17,201.327615
-0.71,7,201.358889
1.54,10,201.455208
1.54,9,201.484967
-0.34,14,201.527368
-0.57,11,201.566438
1.38,8,201.593429
-0.53,14,201.629988
1.54,12,201.663705
-0.67,10,201.698333
-0.41,14,201.742221
-0.14,16,201.794693
1.38,12,201.835175
-0.51,11,201.867119
-0.73,11,201.8984
1.54,13,201.936089
-0.14,16,201.994269
-0.32,13,202.040721
-0.39,12,202.074802
-0.4,14,202.119622
-0.52,13,202.157098
-0.3,15,202.204858
-0.48,15,202.24904
1.45,10,202.277092
1.22,8,202.303136
1.53,11,202.342219
1.55,11,202.378226
-0.41,14,202.425513
-0.66,9,202.453866
-0.96,9,202.4853
-0.81,11,202.517405
1.53,10,202.545806
-0.32,14,202.589182
-0.45,12,202.628583
1.51,10,202.661443
1.37,9,202.688797
-0.38,15,202.729622
1.43,11,202.765906
1.49,11,202.803248
-0.69,11,202.83861
-0.5,10,202.872215
-0.21,16,202.928996
1.73,12,202.960891
1.61,10,202.985802
-0.68,11,203.023883
-0.72,14,203.063048
1.46,10,203.091082
1.39,10,203.124149
0.03,18,203.189958
-0.54,15,203.231787
-0.67,8,203.258806
1.55,10,203.292776
1.28,8,203.314081
-0.06,15,203.365426
-0.62,15,203.416482
1.43,9,203.444818
1.59,10,203.47953
-0.63,10,203.511597
1.71,11,203.546365
1.54,9,203.570144
-0.53,14,203.617256
1.64,10,203.656271
-0.68,15,203.707849
-0.85,9,203.733496
-0.62,14,203.781307
1.56,12,203.824067
1.87,17,203.880895
1.47,11,203.914459
1.53,13,203.954827
-0.3,17,203.999963
1.35,9,204.028492
1.53,10,204.062084
1.55,10,204.089787
1.57,11,204.128737
1.58,10,204.163219
1.48,10,204.193079
1.4,9,204.223586
-0.26,15,204.270926
1.44,11,204.297949
-0.39,14,204.338209
1.53,10,204.368906
-0.46,15,204.411131
1.42,12,204.449004
1.64,10,204.478887
1.53,11,204.512843
-0.24,15,204.559957
-0.38,15,204.597688
-0.5,11,204.627986
1.42,12,204.662758
-0.36,13,204.709122
-0.26,18,204.762123
-0.67,9,204.786948
-0.19,16,204.834234
-0.55,10,204.871243
-0.74,8,204.89593
-0.2,17,204.946096
-0.75,9,204.974643
-0.71,9,205.00113
-0.64,10,205.034868
-0.64,10,205.063092
1.68,12,205.105542
1.61,10,205.139352
1.66,10,205.174192
-0.47,18,205.234236
1.31,11,205.268
-0.24,15,205.314426
-0.47,17,205.41265
1.64,10,205.439027
-0.73,12,205.475876
-0.69,7,205.502977
-0.69,10,205.536632
1.32,9,205.570418
-0.65,13,205.614144
1.5,11,205.651166
1.66,10,205.685376
-0.28,17,205.737098
1.54,9,205.76246
-0.32,13,205.802963
-0.74,9,205.833002
-0.83,8,205.857388
1.14,4,205.868881
1.39,11,205.905491
-0.67,8,205.928749
-0.69,11,205.961454
-0.71,7,205.97995
-0.25,15,206.032546
-0.49,14,206.072257
-0.64,12,206.10517
-0.85,9,206.136984
-0.29,15,206.18428
-0.26,16,206.235878
-0.64,11,206.272844
1.66,10,206.307413
-0.28,13,206.346919
-0.35,14,206.393924
-0.87,9,206.421334
-0.37,15,206.467693
-0.58,11,206.502232
1.32,9,206.525742
1.64,10,206.553668
1.62,11,206.584826
1.53,11,206.61879
-0.49,16,206.656609
-0.74,6,206.673313
-0.69,10,206.71168
-0.61,14,206.754519
1.54,9,206.78052
1.5,9,206.817635
-0.67,13,206.860679
-0.32,15,206.906617
1.81,14,206.951539
-0.51,12,206.989281
1.56,9,207.019048
-0.83,10,207.052905
-0.56,14,207.093245
1.55,10,207.123563
1.15,9,207.152122
1.42,10,207.187882
-0.56,14,207.227855
-0.58,13,207.268433
-0.44,13,207.307287
-0.8,8,207.337105
-0.61,13,207.382828
1.93,13,207.420455
-0.48,13,207.457826
1.33,8,207.485716
-0.9,10,207.518336
1.63,11,207.552637
-0.67,11,207.584192
-0.72,14,207.629237
1.58,11,207.657676
1.54,9,207.687815
-0.32,15,207.732397
1.41,10,207.762786
-0.72,8,207.789394
-0.56,11,207.824567
1.54,9,207.854485
-0.2,19,207.914227
-0.76,11,207.940177
-0.55,13,207.978888
1.39,11,208.0123
-0.53,11,208.040675
1.43,15,208.086381
1.48,10,208.122272
-0.78,10,208.152639
1.51,10,208.183658
-0.82,10,208.215166
1.53,10,208.248323
1.68,14,208.291872
-0.78,8,208.32386
1.5,10,208.360514
1.58,12,208.397844
-0.67,8,208.426361
1.64,10,208.454937
1.32,9,208.47821
-0.34,16,208.534563
-0.81,8,208.559024
-0.57,9,208.59439
1.14,4,208.606965
-0.59,9,208.637368
1.54,9,208.663908
-0.52,9,208.699334
1.64,10,208.735363
-0.59,12,208.771747
1.47,11,208.81154
-0.85,14,208.850885
-0.27,17,208.892898
1.3,11,208.927463
1.25,11,208.961271
1.54,9,208.995644
1.58,11,209.036114
1.48,13,209.139354
1.33,11,209.170351
-0.49,13,209.208559
-0.5,14,209.256839
1.32,9,209.285928
1.64,10,209.318706
1.56,11,209.354528
1.41,8,209.381353
-0.78,8,209.40398
-0.7,8,209.425492
1.53,14,209.470376
-0.61,11,209.505246
1.66,10,209.537481
-0.87,9,209.569846
1.54,9,209.600394
-0.88,6,209.62196
-0.77,9,209.647892
1.55,10,209.682829
-0.78,12,209.720701
1.42,10,209.752511
1.63,11,209.784025
1.14,4,209.797669
-0.3,15,209.850415
-0.67,8,209.878044
1.75,14,209.916352
-0.26,21,209.971818
1.44,14,210.008484
-0.38,13,210.05048
-0.83,7,210.070264
-0.65,9,210.104125
1.54,9,210.134226
-0.45,11,210.172373
-0.76,9,210.201896
-0.66,10,210.240663
-0.26,15,210.288563
1.64,10,210.321334
-0.81,8,210.349602
-0.6,10,210.38013
-0.63,10,210.419144
-0.63,11,210.464027
-0.83,7,210.486493
-0.73,9,210.512107
1.64,10,210.539781
-0.57,9,210.574319
-0.59,11,210.610673
1.48,10,210.642952
-0.65,12,210.685816
-0.5,14,210.723225
1.44,8,210.744145
0.2,17,210.802864
-0.43,15,210.851083
-0.74,10,210.884639
-0.43,15,210.980033
1.47,10,211.021081
1.54,9,211.052153
-0.47,11,211.091631
-0.83,7,211.112054
1.54,9,211.138121
1.47,14,211.18409
1.61,10,211.216309
-0.36,15,211.258767
1.66,11,211.297696
-0.71,6,211.318999
-0.82,12,211.355129
-0.61,11,211.391025
-0.69,10,211.416567
-0.66,9,211.443302
1.53,10,211.475367
1.34,10,211.504079
1.39,11,211.534561
-0.21,16,211.582787
1.42,11,211.619001
-0.31,12,211.659762
1.66,10,211.691776
-0.64,11,211.724046
-0.42,11,211.761254
-0.49,9,211.787107
-0.55,9,211.820078
-0.58,9,211.852741
1.56,9,211.880965
-0.7,10,211.915295
-0.34,10,211.94794
1.36,7,211.969564
1.54,9,211.998404
1.58,10,212.035242
-0.53,11,212.071748
1.65,11,212.113976
-0.72,11,212.151637
-0.2,16,212.203139
-0.62,11,212.233508
1.54,9,212.265718
1.51,9,212.292567
-0.44,14,212.33501
1.49,12,212.37428
-0.63,9,212.402577
1.52,11,212.432941
1.71,12,212.47048
1.68,13,212.516752
-0.46,9,212.549615
1.57,12,212.58883
-0.59,14,212.632905
1.99,18,212.686707
1.61,11,212.727988
1.41,11,212.757033
-0.76,12,212.861224
1.43,9,212.893596
-0.68,12,212.931416
1.63,11,212.968254
-0.55,11,213.00253
1.43,9,213.031788
-0.57,12,213.064133
-0.36,11,213.09358
-0.2,13,213.133991
1.48,9,213.165451
1.54,9,213.19812
2.07,17,213.24771
1.64,10,213.279128
-0.69,11,213.314134
1.49,9,213.347661
1.56,9,213.37954
1.45,10,213.416204
1.81,13,213.463047
-0.43,15,213.513129
1.48,13,213.552073
-0.88,7,213.57559
1.39,8,213.600661
-0.39,10,213.630967
-0.37,12,213.664442
1.51,10,213.69245
1.45,10,213.727137
-0.65,12,213.768743
1.61,11,213.799033
1.36,11,213.83388
-0.67,11,213.866034
1.32,10,213.909908
-0.48,13,213.968148
1.56,11,214.022535
1.64,10,214.076534
-0.46,9,214.124162
-0.49,9,214.152966
1.64,10,214.186512
1.64,10,214.215656
1.53,10,214.247158
1.42,15,214.288132
-0.58,18,214.341549
-0.32,14,214.37934
1.83,14,214.42785
-0.47,17,214.47987
-0.55,11,214.513663
1.58,11,214.542329
1.47,10,214.58063
1.58,11,214.616726
-0.45,10,214.642613
1.36,10,214.673049
-0.89,8,214.696744
-0.83,7,214.716288
1.63,13,214.756128
1.63,11,214.786578
1.28,10,214.820294
-0.34,14,214.865273
1.66,10,214.898962
1.47,11,214.930323
-0.96,9,214.956909
-0.58,10,214.984509
-0.66,11,215.018857
-0.48,13,215.054319
1.42,10,215.088173
-0.72,7,215.114478
-0.37,12,215.154896
1.5,9,215.186311
-0.42,11,215.22215
-0.3,16,215.272028
-0.57,13,215.313367
-0.44,12,215.347522
1.64,10,215.375897
-0.44,12,215.410433
1.59,13,215.453087
-0.45,11,215.490404
-0.92,5,215.514213
-0.22,16,215.561059
-0.71,6,215.577526
-0.22,19,215.627512
-0.56,12,215.667073
1.39,10,215.699661
1.59,12,215.735651
1.78,13,215.781706
-0.36,15,215.82262
1.43,9,215.855695
-0.23,14,215.899256
-0.8,10,215.928908
-0.6,13,215.963327
1.74,11,215.999048
-0.52,16,216.04947
-0.48,12,216.085006
1.64,11,216.119089
-0.57,9,216.152458
1.41,11,216.183521
-0.51,12,216.219844
1.74,13,216.266918
-0.63,12,216.302486
-0.54,15,216.345794
-0.39,13,216.394058
-0.5,13,216.437892
1.48,10,216.468511
-0.83,10,216.496473
-0.73,9,216.53021
1.65,11,216.637681
-0.42,11,216.674796
-0.42,13,216.707152
-0.51,10,216.735892
1.63,11,216.776096
-0.62,14,216.820433
1.56,9,216.846906
1.14,4,216.858576
1.27,10,216.887749
-0.57,13,216.926257
1.65,12,216.96582
-0.68,10,216.998791
-0.51,12,217.035721
-0.5,14,217.08461
-0.65,12,217.127536
1.63,11,217.158617
1.53,10,217.194594
-0.56,11,217.231392
-0.31,13,217.268316
-0.47,13,217.307734
-0.41,12,217.3402
1.61,10,217.37579
1.54,9,217.402012
-0.78,8,217.425856
1.63,14,217.465603
-0.53,11,217.496476
-0.35,13,217.535875
1.28,16,217.580629
-0.61,10,217.613116
-0.54,14,217.651144
-0.72,7,217.677338
1.44,11,217.713539
-0.22,13,217.751392
-0.61,11,217.785378
-0.34,10,217.816782
-0.46,14,217.864151
1.61,12,217.907461
1.64,10,217.939403
-0.27,16,217.989815
1.55,10,218.02112
1.63,11,218.06155
1.52,11,218.093305
-0.78,11,218.128524
1.32,9,218.151456
-0.58,10,218.190585
1.19,11,218.226538
1.28,10,218.260244
-0.68,12,218.299571
1.64,10,218.331189
-0.55,16,218.381326
-0.72,7,218.400087
-0.81,5,218.41903
-0.34,10,218.44847
-0.68,12,218.488601
-0.72,7,218.513812
1.54,9,218.545791
-0.66,13,218.592608
-0.64,15,218.642798
1.86,14,218.690473
-0.53,11,218.718604
1.64,10,218.754943
1.48,12,218.789645
1.66,10,218.818337
1.41,12,218.856328
1.43,9,218.887222
1.15,12,218.919836
-0.85,13,218.956896
-0.32,17,219.005826
-0.76,6,219.025756
-0.49,13,219.060672
1.56,9,219.083955
1.54,9,219.111962
-0.69,10,219.150457
1.66,10,219.184269
-0.41,17,219.229849
-0.57,9,219.257466
-0.5,14,219.299868
1.33,8,219.32394
-0.72,11,219.35746
1.21,9,219.390261
-0.28,14,219.437903
1.19,8,219.460087
-0.36,16,219.504571
1.66,11,219.542579
1.76,11,219.579991
-0.82,9,219.609465
1.62,12,219.646248
-0.8,10,219.673283
1.33,10,219.708436
-0.55,14,219.747644
-0.74,9,219.772752
-0.34,17,219.821471
-0.47,13,219.851552
-0.76,8,219.878098
-0.93,9,219.90389
1.33,14,219.951427
1.66,12,219.990244
-0.56,11,220.022911
-0.44,17,220.072599
-0.63,12,220.108764
-0.69,10,220.135452
1.53,10,220.165593
-0.67,8,220.188584
-0.43,11,220.285753
-0.41,12,220.32952
1.37,9,220.358707
-0.49,12,220.400834
1.59,10,220.431597
-0.6,12,220.471951
-0.57,8,220.498252
-0.36,14,220.543924
1.62,12,220.583428
1.54,11,220.621358
1.4,12,220.656601
1.82,13,220.702308
1.44,10,220.732772
1.74,12,220.779818
-0.58,11,220.819216
-0.59,9,220.848228
1.59,10,220.883769
-0.61,11,220.919154
-0.58,13,220.958512
-0.96,9,220.984268
-0.78,8,221.010237
1.36,10,221.039263
-0.82,9,221.071157
1.64,10,221.099174
-0.42,16,221.148034
1.51,10,221.18178
-0.65,10,221.217426
1.81,16,221.270702
-0.79,12,221.311571
-0.8,10,221.342915
1.48,9,221.368686
-0.73,9,221.3989
1.49,11,221.436944
1.59,10,221.472123
-0.72,10,221.503213
-0.81,11,221.540279
-0.85,9,221.572265
-0.79,10,221.604763
1.37,9,221.686273
-0.44,14,221.72697
-0.55,13,221.762832
1.46,11,221.8012
-0.7,14,221.840358
-0.28,14,221.885602
-0.68,13,221.922927
-0.42,14,221.968349
1.54,9,221.994833
-0.57,12,222.031468
-0.68,10,222.062977
-0.63,10,222.091505
-0.43,19,222.144631
-0.51,11,222.177305
-0.83,8,222.200384
-0.26,16,222.248098
-0.77,7,222.269913
-0.76,6,222.290565
1.23,12,222.323987
-0.52,11,222.362794
1.29,9,222.389996
-0.19,12,222.430053
1.48,13,222.466379
-0.57,14,222.509478
1.49,11,222.536234
-0.34,14,222.579016
-0.6,9,222.609322
1.14,4,222.628238
1.67,11,222.660805
-0.52,13,222.699292
-0.19,15,222.740438
1.54,9,222.770682
-0.84,8,222.796016
-0.4,14,222.843673
1.63,11,222.87303
-0.71,15,222.914342
-0.49,16,222.964571
-0.12,15,223.010576
1.64,10,223.04219
-0.54,12,223.077963
-0.74,12,223.115576
-0.66,14,223.163421
-0.36,13,223.20259
-0.52,12,223.235414
1.48,10,223.264216
1.9,17,223.315158
1.14,4,223.327861
1.68,11,223.362707
1.14,4,223.375025
-0.68,9,223.404795
1.64,15,223.445304
1.47,14,223.496605
1.59,14,223.542019
0.11,18,223.594127
-0.71,6,223.611717
-0.38,13,223.656156
-0.79,9,223.681087
1.42,11,223.716918
-0.6,10,223.743569
-0.46,10,223.77693
-0.52,10,223.805771
1.68,11,223.841942
1.54,9,223.873432
-0.46,17,223.926409
1.27,9,223.951508
-0.25,14,223.992714
1.14,4,224.004622
1.47,11,224.043031
-0.58,12,224.081158
1.59,10,224.112027
1.47,11,224.205777
-0.44,14,224.253849
1.6,11,224.284637
1.47,10,224.312429
1.71,11,224.345992
-0.25,17,224.398732
-0.38,15,224.44298
1.59,13,224.485723
-0.45,14,224.525734
-0.52,10,224.557364
-0.48,17,224.61377
1.28,11,224.651142
-0.58,13,224.688806
1.54,9,224.722864
1.49,9,224.747369
-0.58,13,224.78221
1.53,11,224.811772
1.54,9,224.840784
-0.53,11,224.873488
-0.43,13,224.910519
-0.73,11,224.947976
1.72,16,225.002645
-0.81,8,225.024626
-0.67,11,225.055521
-0.93,6,225.074641
-0.1,15,225.123662
1.64,10,225.155927
-0.52,10,225.186882
-0.43,12,225.223984
1.42,13,225.261405
1.56,13,225.302113
1.44,15,225.348996
1.34,9,225.368595
-0.99,6,225.391269
1.64,10,225.421775
1.41,11,225.454809
-0.7,11,225.490568
-0.97,7,225.514907
-0.69,11,225.550235
-0.58,15,225.601888
-0.51,17,225.647288
1.05,8,225.676224
-0.6,10,225.708272
1.66,10,225.736115
-0.95,8,225.760757
1.64,10,225.795368
1.41,11,225.829355
1.49,9,225.854442
1.47,10,225.887234
-0.58,14,225.934449
-0.65,11,225.971535
1.52,11,226.0051
-0.72,10,226.03655
-0.84,8,226.060114
-0.77,9,226.087012
-0.74,9,226.111518
1.64,10,226.142426
-0.45,15,226.194024
1.39,11,226.228264
1.64,10,226.266135
-0.55,11,226.306771
1.14,4,226.322515
-0.34,15,226.364954
-0.47,15,226.408788
1.42,14,226.451353
-0.32,16,226.507008
1.67,12,226.541554
-0.65,12,226.575732
1.57,12,226.610197
-0.65,9,226.63904
1.78,11,226.673134
1.66,10,226.705819
-0.38,13,226.747849
-0.47,10,226.786158
1.31,13,226.825763
1.55,10,226.853725
-0.53,12,226.887467
-0.36,14,226.927587
0.02,19,226.983128
-0.35,17,227.031547
1.36,12,227.061496
-0.5,11,227.095015
1.48,10,227.122559
1.64,10,227.156363
-0.18,18,227.215679
-0.27,18,227.267975
1.65,11,227.30078
-0.52,12,227.335161
1.56,9,227.365585
-0.79,12,227.406454
-0.61,11,227.43804
-0.68,12,227.476419
1.47,11,227.507805
1.56,10,227.546062
1.54,9,227.576205
-0.45,16,227.629499
-0.46,14,227.672651
-0.4,12,227.709575
1.5,13,227.753144
1.56,11,227.791257
-0.72,11,227.821157
-0.6,9,227.848711
-0.84,11,227.874589
-0.53,11,227.909091
-0.8,10,227.937501
-0.95,8,228.032568
-0.97,10,228.060638
-0.52,10,228.095579
-0.66,13,228.142652
-0.53,12,228.187769
1.45,13,228.233666
1.73,12,228.274847
-0.46,15,228.321793
-0.66,13,228.355643
1.72,18,228.408039
-0.47,10,228.436835
-0.45,11,228.470886
-0.62,9,228.503142
-0.52,13,228.544837
-0.57,10,228.579138
1.66,10,228.610315
1.34,8,228.633219
1.54,9,228.656659
-0.52,15,228.706442
1.54,9,228.739651
1.54,9,228.767813
-0.47,10,228.799585
-0.44,14,228.842145
-0.59,10,228.874727
-0.26,14,228.928255
1.14,4,228.942002
1.39,20,229.006363
0.01,15,229.054308
1.52,11,229.089642
-0.57,12,229.129707
1.64,10,229.159271
1.66,10,229.193307
-0.56,9,229.225923
-0.59,11,229.249749
1.53,10,229.279786
-0.46,16,229.333213
1.79,13,229.372315
1.14,4,229.384136
1.58,11,229.420314
-0.66,9,229.450961
1.14,4,229.465597
-0.45,16,229.506321
-0.45,17,229.558608
-0.68,9,229.586062
-0.5,13,229.619024
1.44,12,229.651102
1.69,10,229.683083
-0.69,17,229.736594
1.5,9,229.767255
1.52,13,229.801787
1.43,11,229.833672
-0.41,13,229.866528
1.55,15,229.91971
-0.57,13,229.953826
1.3,13,229.990587
-0.59,12,230.020106
1.64,10,230.051336
1.54,9,230.07922
-0.73,9,230.10349
1.5,9,230.137231
1.43,10,230.172118
1.59,13,230.212322
-0.53,11,230.252796
1.63,11,230.29019
1.14,4,230.303112
1.64,10,230.330609
-0.3,15,230.374444
-0.74,10,230.404953
1.43,9,230.434235
-0.41,15,230.488484
-0.77,7,230.512383
1.39,13,230.552313
-0.63,9,230.579438
-0.71,6,230.600128
-0.03,16,230.648537
-0.72,9,230.678611
-0.71,13,230.725482
-0.71,7,230.752275
1.14,4,230.765219
-0.79,10,230.797684
1.48,9,230.825181
1.14,4,230.836415
1.38,9,230.867303
-0.52,13,230.907395
-0.84,8,230.936028
-0.36,11,230.977843
1.41,10,231.011761
1.73,12,231.040634
-0.34,14,231.088287
-0.71,11,231.119832
-0.57,13,231.165935
-0.29,15,231.20574
1.39,11,231.244469
1.66,10,231.281148
1.42,10,231.309845
-0.48,16,231.358473
-0.29,16,231.408811
-0.54,15,231.449766
1.39,13,231.488911
1.53,11,231.525011
-0.47,12,231.565648
1.66,10,231.595322
1.14,4,231.607033
1.14,4,231.620598
-0.13,19,231.677407
-0.29,14,231.719024
-0.43,15,231.764023
1.53,10,231.800909
1.56,10,231.830488
-0.26,15,231.934333
-0.69,11,231.969344
-0.52,10,232.00149
-0.97,7,232.028309
1.5,12,232.065582
1.47,11,232.100681
1.66,10,232.133883
-0.8,11,232.166929
1.49,11,232.201458
-0.38,12,232.241001
1.54,9,232.270871
-0.29,14,232.310773
-0.46,12,232.343802
1.54,9,232.374673
1.45,10,232.408711
1.14,4,232.423402
-0.61,11,232.455367
1.78,11,232.488649
-0.7,11,232.520419
-0.75,11,232.552103
-0.84,8,232.579008
1.36,11,232.615386
-0.73,9,232.643698
-0.87,9,232.674168
-0.68,9,232.704906
1.14,4,232.7189
1.14,4,232.732585
1.14,4,232.746817
-0.62,11,232.780258
-0.84,8,232.806602
-0.3,15,232.850126
-0.45,16,232.900625
-0.47,10,232.935636
-0.52,11,232.969729
-0.6,12,233.002655
-0.85,12,233.040141
-0.99,6,233.056423
-0.4,13,233.098581
1.46,9,233.124727
1.56,9,233.149709
1.78,15,233.195435
-0.56,12,233.23757
-0.32,14,233.280848
-0.68,8,233.306902
-0.44,17,233.345847
1.64,12,233.386885
1.5,14,233.435535
-0.32,14,233.47698
-0.34,13,233.520243
1.5,9,233.544612
-0.48,17,233.595151
-0.79,12,233.62887
-0.27,15,233.670008
-0.48,14,233.718106
-0.67,8,233.743195
-0.39,13,233.779447
-0.31,15,233.825348
1.54,9,233.851748
1.53,10,233.883892
1.51,9,233.915195
1.64,10,233.946676
1.66,14,233.992521
1.64,13,234.036409
-0.71,6,234.054371
-0.16,15,234.099136
-0.74,10,234.132304
1.48,10,234.167445
1.64,10,234.199843
1.16,5,234.217415
1.42,13,234.254175
1.53,10,234.284352
-0.85,9,234.317163
1.42,11,234.351044
1.69,11,234.384964
1.63,11,234.424394
1.51,13,234.45557
1.64,10,234.487157
1.56,9,234.513537
-0.66,10,234.542784
-0.49,14,234.592768
-0.55,10,234.626356
-0.25,17,234.675395
1.43,9,234.706553
-0.46,16,234.752147
-0.69,10,234.780235
1.5,11,234.816785
-0.28,16,234.857721
-0.69,13,234.895317
-0.47,13,234.933624
1.54,9,234.961925
-0.73,9,234.98824
-0.77,10,235.022953
-0.33,13,235.06418
1.54,9,235.091958
-0.51,15,235.133325
1.58,10,235.162075
-0.57,10,235.190617
-0.43,11,235.2283
1.54,13,235.320409
1.54,9,235.351589
-0.69,12,235.383931
-0.46,9,235.414652
1.46,12,235.447829
-0.54,9,235.477176
1.53,10,235.508373
-0.48,12,235.549392
1.14,4,235.562558
1.58,12,235.605756
-0.36,12,235.644625
-0.6,10,235.677911
1.49,10,235.708046
1.39,12,235.744334
1.38,9,235.768041
1.55,10,235.853623
-0.83,9,235.892107
1.77,14,235.939392
-0.46,11,235.968041
-0.51,12,236.010765
-0.75,11,236.04907
1.66,10,236.078368
1.5,10,236.102651
1.69,10,236.134312
1.69,12,236.170562
1.56,9,236.204129
1.53,10,236.234841
1.5,9,236.262205
1.4,12,236.297253
-0.71,9,236.329322
1.53,10,236.361933
-0.6,14,236.405793
-0.43,14,236.451348
-0.27,16,236.49361
-0.47,16,236.54469
1.54,9,236.566334
1.44,12,236.608102
1.21,9,236.6412
-0.48,14,236.684383
1.31,10,236.720448
1.54,9,236.752344
1.65,14,236.797584
1.42,10,236.829057
-0.76,6,236.852188
1.36,10,236.881001
1.37,12,236.914504
1.54,9,236.943329
1.74,11,236.981391
-0.77,9,237.005676
-0.71,18,237.061057
-0.48,15,237.099874
-0.69,10,237.130559
1.64,10,237.167918
1.55,14,237.217065
1.61,13,237.255799
1.56,9,237.290543
1.54,9,237.323111
-0.28,17,237.370919
1.54,9,237.399114
-0.39,15,237.439407
-0.45,12,237.471598
1.54,9,237.502446
-0.68,9,237.534698
1.14,4,237.548606
-0.4,11,237.585868
-0.36,16,237.631009
-0.18,15,237.676632
-0.48,11,237.716016
-0.81,8,237.738024
1.7,12,237.775337
1.66,10,237.804674
1.66,10,237.839257
-0.5,12,237.883207
-0.66,14,237.921501
1.14,4,237.930294
-0.5,18,237.979089
-0.61,12,238.019821
-0.51,12,238.054574
-0.12,15,238.09932
-0.21,17,238.144961
1.31,13,238.177395
-0.56,11,238.21308
-0.78,8,238.239753
-0.89,8,238.267492
1.43,9,238.293494
-0.16,15,238.337284
-0.3,19,238.386085
-0.39,15,238.426413
1.48,10,238.459754
1.64,10,238.489611
-0.53,11,238.527811
1.25,8,238.557141
-0.52,15,238.601808
1.49,15,238.647603
-0.57,13,238.684249
1.14,4,238.694163
1.73,14,238.731905
1.52,12,238.768609
-0.44,16,238.823534
-0.27,17,238.873332
-0.47,13,238.912351
1.67,12,238.944951
1.36,9,238.973388
-0.68,9,238.999782
1.64,10,239.032639
-0.34,16,239.080992
-0.18,20,239.14271
1.54,9,239.169516
1.29,10,239.207293
1.61,10,239.241872
-0.8,7,239.267735
-0.57,10,239.297421
-0.84,9,239.32733
1.53,10,239.356266
1.73,11,239.40592
1.59,10,239.452996
-0.61,16,239.515563
1.14,4,239.530041
1.46,11,239.626368
1.37,10,239.66161
-0.71,9,239.690873
-0.45,11,239.727047
-0.22,16,239.772602
1.28,10,239.805091
-0.54,10,239.840623
1.79,18,239.886901
1.5,11,239.917593
1.54,10,239.947591
-0.59,9,239.980626
-0.71,6,240.003261
1.62,12,240.043295
-0.34,14,240.084965
1.47,11,240.117212
-0.7,13,240.156566
-0.98,5,240.171905
1.66,10,240.199635
-0.41,13,240.245909
-0.59,11,240.280367
-0.57,13,240.320688
1.49,10,240.345126
-0.34,13,240.387555
-0.45,11,240.424281
1.55,10,240.456938
-0.49,10,240.482123
-0.6,13,240.51432
-0.53,14,240.559413
-0.2,14,240.605235
1.43,9,240.637765
-0.29,16,240.68476
1.46,13,240.725955
-0.36,13,240.772131
1.42,10,240.80859
-0.49,13,240.852588
-0.44,15,240.891993
-0.4,15,240.930366
-0.41,13,240.973445
-0.67,14,241.016828
-0.53,12,241.058928
-0.76,12,241.095673
-0.59,11,241.134655
-0.5,14,241.178252
-0.46,9,241.214919
-0.32,19,241.263813
-0.72,8,241.289082
1.73,12,241.326895
1.64,10,241.363758
-0.5,14,241.407423
1.39,10,241.441299
1.68,14,241.48197
-0.51,12,241.520612
-0.35,18,241.57317
-0.51,17,241.619689
-0.49,11,241.65934
-0.37,14,241.71164
-0.71,10,241.74429
-0.38,12,241.784504
1.68,11,241.81953
1.72,14,241.860334
1.56,9,241.888883
1.55,10,241.921471
1.56,9,241.946997
1.58,10,241.986989
-0.63,12,242.025765
1.14,4,242.037488
1.41,11,242.069537
1.52,12,242.108066
-0.63,11,242.143996
1.41,9,242.173878
-0.63,13,242.216513
-0.1,17,242.26515
-0.54,14,242.300266
1.31,10,242.332279
1.54,9,242.358852
1.55,10,242.393779
-0.45,14,242.440308
-0.19,15,242.48666
1.39,8,242.50716
1.68,11,242.543217
1.47,11,242.570415
1.72,14,242.613008
-0.24,17,242.665546
-0.62,11,242.704393
1.63,11,242.738368
-0.47,17,242.783675
1.04,12,242.810517
-0.53,11,242.846498
-0.58,11,242.88178
-0.67,12,242.916682
1.65,11,242.950581
1.64,10,242.988931
-0.26,17,243.040965
-0.9,9,243.068273
-0.39,11,243.101776
-0.46,15,243.148124
-0.78,8,243.171227
-0.4,12,243.217097
-0.58,13,243.255535
1.69,10,243.361989
1.64,10,243.404972
1.33,8,243.426986
-0.56,12,243.467798
-0.54,9,243.495017
1.45,10,243.525367
1.54,9,243.553781
1.63,12,243.587849
-0.44,15,243.632889
1.53,10,243.658664
-0.48,14,243.706766
-0.73,12,243.742742
-0.68,10,243.77829
1.14,4,243.78945
-0.4,12,243.830454
-0.31,14,243.875353
-0.37,15,243.920707
1.4,12,243.954223
-0.31,17,244.006335
-0.71,10,244.030667
1.5,9,244.061106
-0.63,10,244.094179
1.7,12,244.136434
1.45,9,244.167474
-0.51,15,244.219144
-0.61,11,244.258287
1.6,11,244.293942
1.48,9,244.328293
1.48,10,244.359859
-0.46,11,244.39478
1.63,11,244.431262
-0.58,13,244.469359
-0.27,18,244.523627
-0.44,14,244.570727
1.44,8,244.599539
0.06,17,244.653532
1.55,10,244.686479
-0.53,14,244.726192
-0.58,12,244.765285
-0.59,9,244.792192
-0.72,10,244.834272
-0.5,10,244.867593
-0.65,11,244.903714
1.55,10,244.936503
-0.43,14,244.983557
1.5,13,245.024299
-0.17,16,245.074128
1.14,4,245.086944
-0.66,8,245.116771
-0.7,8,245.13824
1.63,11,245.170949
1.43,9,245.200426
-0.57,15,245.252865
1.54,9,245.276223
-0.31,13,245.319004
-0.41,14,245.358002
1.66,10,245.387328
1.52,12,245.42729
1.62,13,245.479726
-0.44,15,245.556432
1.65,12,245.60964
-0.46,9,245.641607
1.33,8,245.674451
-0.63,11,245.719255
-0.45,14,245.772965
-0.35,12,245.823811
1.64,10,245.860156
-0.67,8,245.890193
-0.91,7,245.921427
-0.52,16,245.99062
-0.67,8,246.02189
-0.45,11,246.06899
1.46,12,246.116221
-0.24,16,246.178091
-0.72,8,246.20674
1.57,12,246.249214
1.49,10,246.294788
-0.26,15,246.350897
-0.36,16,246.417086
1.66,10,246.454665
1.45,10,246.49499
1.75,13,246.554101
1.64,10,246.586847
-0.65,8,246.620939
-0.58,13,246.668547
-0.76,12,246.723244
1.67,13,246.777672
1.53,10,246.806658
-0.4,16,246.862358
1.56,10,246.897429
-0.4,11,246.931246
-0.46,11,246.966685
1.54,9,247.007937
-0.76,11,247.05774
-0.67,11,247.098381
-0.88,10,247.138712
1.46,9,247.179263
-0.77,7,247.202938
1.54,9,247.234739
-0.81,9,247.266935
-0.68,12,247.307691
-0.47,10,247.336014
1.46,9,247.368141
1.61,10,247.396209
-0.43,17,247.455788
-0.63,13,247.560481
1.43,11,247.597314
-0.17,17,247.646746
1.36,9,247.679718
1.55,12,247.720124
1.74,11,247.760134
1.69,13,247.804738
1.7,11,247.845711
1.66,10,247.878282
0.04,18,247.940285
-0.65,11,247.975349
-0.78,10,248.015519
-0.28,17,248.072848
-0.65,8,248.095942
1.54,9,248.121237
1.39,13,248.166737
-0.69,10,248.199443
1.64,10,248.234653
1.49,18,248.297035
-0.71,9,248.330284
-0.51,14,248.377279
-0.37,14,248.42304
-0.32,14,248.46768
-0.4,16,248.514981
1.47,11,248.553807
-0.63,10,248.584267
1.64,10,248.617862
-0.8,10,248.651358
1.61,11,248.685997
-0.36,19,248.753322
-0.62,11,248.791769
1.5,14,248.84163
1.64,10,248.878302
1.45,12,248.92021
1.64,10,248.96114
1.36,10,248.995381
-0.32,15,249.044273
1.49,9,249.067284
-0.46,14,249.111314
-0.57,13,249.149841
-0.58,15,249.194643
1.21,10,249.224103
-0.11,17,249.279584
-0.47,14,249.322931
-0.42,11,249.35501
1.48,10,249.383654
-0.71,6,249.405453
1.46,9,249.43676
-0.42,15,249.488117
1.35,8,249.515965
-0.61,10,249.550871
1.43,9,249.583264
1.51,13,249.666655
-0.33,15,249.707525
-0.68,9,249.735661
-0.49,9,249.768536
-0.35,14,249.814573
-0.4,14,249.857848
-0.77,10,249.893376
1.64,10,249.924826
1.64,10,249.957604
1.64,10,249.986625
1.14,4,249.99942
-0.36,14,250.047451
-0.31,19,250.103664
1.49,10,250.137032
1.73,13,250.18585
-0.66,13,250.242479
1.65,12,250.302242
1.4,10,250.35033
1.64,10,250.386754
-0.69,13,250.43847
1.53,10,250.483855
1.53,10,250.525989
1.25,10,250.562736
-0.7,8,250.59601
-0.55,15,250.647964
1.38,13,250.700177
1.48,10,250.743016
1.63,11,250.787462
1.54,9,250.830623
1.54,9,250.867406
1.64,10,250.906008
-0.77,13,250.963168
-0.6,15,251.022869
-0.76,12,251.07272
-0.6,9,251.100677
-0.81,12,251.148635
-0.67,11,251.183359
1.5,10,251.216343
1.73,14,251.260057
1.34,10,251.292906
-0.38,14,251.329081
-0.62,13,251.371276
-0.61,17,251.418742
1.5,11,251.455386
-0.49,10,251.482542
-0.19,13,251.521465
1.54,9,251.556686
-0.58,10,251.589283
1.34,8,251.610266
1.48,10,251.643045
-0.81,11,251.706808
-0.52,10,251.774461
-0.55,11,251.806345
-0.41,10,251.836643
-0.76,8,251.864168
-0.24,20,251.925685
1.14,4,251.935481
1.54,9,251.962063
-0.36,18,252.013295
1.26,12,252.053291
1.54,9,252.084043
1.64,10,252.118492
-0.37,11,252.146856
1.42,10,252.177309
-0.62,9,252.205869
1.54,9,252.236974
1.58,9,252.269372
-0.66,11,252.299955
1.64,10,252.328382
1.72,13,252.37554
1.31,10,252.408384
1.42,13,252.446745
1.63,11,252.481613
-0.62,12,252.52003
-0.27,15,252.566448
-0.18,13,252.609744
-0.13,17,252.660395
1.5,11,252.698138
-0.56,11,252.73512
1.53,13,252.7801
-0.55,11,252.816571
-0.62,18,252.87797
-0.58,11,252.912947
1.37,10,252.943202
1.47,11,252.977216
-0.65,12,253.012284
-0.65,13,253.051727
-0.98,5,253.070014
-0.67,10,253.103908
-0.83,7,253.131006
-0.5,15,253.176278
1.7,12,253.212118
1.47,11,253.246839
1.62,12,253.279315
-0.67,8,253.307515
-0.85,12,253.346881
1.31,10,253.374578
-0.62,9,253.404317
-0.26,18,253.450785
-0.51,11,253.49194
1.42,10,253.526253
-0.49,12,253.563679
-0.48,14,253.610851
1.7,12,253.650522
1.58,14,253.694065
-0.63,11,253.724251
1.14,4,253.735174
-0.53,14,253.783903
-0.8,7,253.811399
1.53,13,253.850409
-0.54,9,253.87937
1.54,9,253.911717
-0.71,13,253.953726
-0.43,13,254.001876
-0.61,9,254.032005
-0.79,9,254.057407
1.69,13,254.101047
1.43,9,254.126539
1.14,4,254.13904
-0.43,14,254.177704
-0.19,13,254.220903
1.42,10,254.245783
1.25,13,254.287898
-0.49,12,254.328572
1.64,10,254.360246
1.15,7,254.384166
-0.62,9,254.41552
1.66,10,254.450311
-0.19,20,254.51441
1.53,12,254.555607
-0.82,7,254.574413
1.47,11,254.604487
-0.67,14,254.641667
-0.59,13,254.682528
1.66,10,254.709451
-0.66,9,254.737232
-0.91,7,254.757222
-0.36,14,254.808284
-0.53,16,254.85239
-0.73,8,254.884052
1.66,10,254.919002
1.39,11,254.955863
1.47,10,254.98308
-0.35,12,255.028577
1.33,11,255.062386
-0.69,6,255.086074
-0.52,14,255.124357
1.49,9,255.157734
-0.57,15,255.206285
1.54,9,255.233997
1.61,10,255.26546
1.64,10,255.35503
-0.75,10,255.39285
1.14,4,255.402039
-0.83,7,255.425721
1.23,9,255.450727
1.64,10,255.478509
-0.6,12,255.515352
-0.78,10,255.545066
-0.7,13,255.580856
1.54,9,255.60904
-0.71,7,255.632608
-0.41,13,255.677044
-0.47,12,255.718149
-0.68,9,255.745976
1.5,12,255.783832
-0.77,7,255.807617
-0.71,9,255.84259
1.31,10,255.876318
1.58,9,255.906777
1.53,10,255.943768
-0.46,9,255.973538
-0.84,9,256.004803
1.53,10,256.032065
1.36,8,256.060033
-0.6,9,256.094389
1.3,11,256.132006
-0.33,15,256.179773
-0.68,10,256.212542
-0.29,17,256.269043
1.54,9,256.295058
-0.53,12,256.333099
1.58,11,256.363643
-0.19,15,256.414981
-0.62,8,256.444001
1.64,10,256.475777
-0.7,12,256.515563
-0.4,16,256.560332
-0.73,8,256.589345
-0.35,14,256.630137
-0.4,11,256.671306
1.54,13,256.713542
1.58,13,256.747964
1.66,10,256.778401
-0.36,13,256.815417
-0.18,20,256.865807
1.64,14,256.908453
1.44,11,256.946426
1.54,9,256.981012
1.46,11,257.013774
-0.16,14,257.062608
-0.62,10,257.094227
-0.5,14,257.143198
-0.71,9,257.176492
-0.32,11,257.210668
-0.2,17,257.265662
1.63,11,257.304566
-0.19,18,257.354523
1.64,10,257.381184
1.24,11,257.415951
-0.45,17,257.456751
-0.63,12,257.499695
1.54,9,257.528375
-0.4,11,257.562993
1.54,9,257.592495
-0.59,14,257.634501
-0.45,11,257.662927
1.73,11,257.698724
-0.52,10,257.735558
-0.4,13,257.772832
-0.59,9,257.801023
-0.54,9,257.828005
1.29,6,257.848242
1.58,11,257.882495
-0.61,8,257.908319
-0.41,16,257.958282
1.48,10,257.989124
-0.4,17,258.037709
1.58,10,258.071235
-0.45,20,258.130382
1.52,11,258.164695
1.37,9,258.190709
1.69,14,258.234858
1.63,11,258.273541
-0.29,15,258.320884
-0.45,17,258.367469
1.39,10,258.395589
-0.41,13,258.436461
-0.59,11,258.473626
-0.77,10,258.510122
-0.4,14,258.553013
1.78,11,258.579717
1.47,11,258.615626
-0.56,12,258.65452
-0.53,11,258.691083
1.49,11,258.724365
-0.62,9,258.754647
-0.41,18,258.808122
1.54,9,258.8339
1.75,17,258.877519
-0.82,10,258.909136
-0.59,8,258.936753
1.55,11,258.975534
1.14,4,258.989181
-0.73,9,259.015264
1.46,12,259.048382
-0.52,15,259.091053
1.55,10,259.123773
-0.36,15,259.165003
-0.57,12,259.267289
-0.3,17,259.311161
1.69,11,259.340574
1.54,9,259.373658
1.43,12,259.406535
1.54,9,259.434499
-0.61,10,259.462034
1.75,12,259.5014
-0.61,9,259.537822
-0.58,13,259.581063
-0.37,15,259.625905
-0.73,9,259.650001
1.33,11,259.687307
-0.61,14,259.724284
1.23,9,259.748959
-0.35,14,259.793334
-0.46,9,259.817832
-0.64,8,259.843643
-0.84,9,259.869128
1.54,14,259.91603
-0.58,10,259.951082
-0.61,14,259.993497
1.73,15,260.041405
-0.44,10,260.074274
1.29,9,260.102542
1.66,11,260.138075
1.45,10,260.168934
1.37,10,260.197265
1.54,9,260.223369
-0.43,12,260.261442
1.49,9,260.286989
-0.36,13,260.322239
-0.83,10,260.358038
1.69,14,260.409214
1.64,10,260.437037
1.46,12,260.473069
-0.47,18,260.522247
-0.84,9,260.552186
1.1,9,260.581685
-0.47,12,260.616037
-0.53,16,260.672763
-0.53,15,260.717247
1.54,11,260.754476
1.58,12,260.794506
-0.62,9,260.8258
1.14,4,260.836627
-0.7,9,260.860573
-0.69,10,260.894675
1.83,13,260.934977
-0.3,13,260.975221
-0.25,13,261.024292
1.37,10,261.050328
1.43,9,261.073935
1.64,10,261.102045
-0.11,16,261.152591
-0.96,9,261.179729
-0.75,7,261.205699
-0.56,14,261.24052
1.4,13,261.273269
-0.66,11,261.309757
-0.22,12,261.350065
-0.62,11,261.381776
-0.67,11,261.419232
1.14,4,261.43242
1.69,16,261.485289
-0.7,11,261.511916
1.5,10,261.545786
-0.77,10,261.584285
-0.59,11,261.613366
1.64,10,261.641698
1.7,12,261.685301
-0.62,9,261.711601
1.3,8,261.742237
-0.56,14,261.787459
1.64,10,261.817161
-0.59,12,261.854514
-0.13,15,261.900611
-0.59,11,261.930933
1.44,15,261.976155
-0.69,11,262.015923
1.5,10,262.050869
-0.58,12,262.092916
1.74,11,262.123205
1.64,10,262.155716
1.37,10,262.189184
-0.93,14,262.223472
1.64,10,262.25528
1.64,10,262.288358
1.37,12,262.325695
1.36,11,262.36375
-0.47,11,262.39988
-0.45,13,262.435623
-0.39,12,262.474956
1.33,8,262.500746
-0.79,8,262.524
1.54,9,262.554936
1.54,9,262.582867
-0.63,10,262.612327
1.64,10,262.642589
-0.53,14,262.684609
-0.62,13,262.724985
-0.71,12,262.754775
1.33,8,262.77705
-0.53,18,262.834982
1.48,12,262.873602
-0.58,10,262.902975
1.61,10,262.969743
-0.27,11,263.039396
-0.79,9,263.073212
1.64,10,263.104268
1.43,9,263.132188
-0.37,14,263.181166
-0.31,17,263.224775
-0.65,9,263.252147
-0.56,11,263.289581
1.64,10,263.319836
-0.21,16,263.369477
-0.36,13,263.411593
1.49,11,263.443653
-0.47,11,263.483242
1.83,17,263.533174
-0.25,13,263.573932
-0.44,16,263.61943
-0.55,13,263.657448
1.54,9,263.686595
-0.35,14,263.734062
1.64,10,263.759422
-0.49,9,263.791686
-0.67,15,263.838312
-0.77,7,263.858972
1.37,10,263.88764
1.5,10,263.9168
1.38,9,263.944625
-0.43,11,263.975351
-0.64,10,264.00561
-0.72,10,264.04098
-0.25,13,264.080581
1.66,10,264.110987
1.29,12,264.149802
-0.21,14,264.20006
1.35,9,264.226347
1.55,10,264.255236
-0.66,11,264.288595
1.66,10,264.319588
1.56,9,264.350779
1.56,9,264.378925
1.56,9,264.40249
-0.72,7,264.424182
-0.64,11,264.462289
1.43,9,264.493779
-0.32,17,264.546406
-0.67,8,264.575328
1.74,11,264.616339
1.27,9,264.649224
1.44,8,264.674931
1.43,9,264.707368
-0.82,10,264.736204
1.54,9,264.759212
-0.58,11,264.790402
1.63,11,264.824861
-0.72,8,264.853928
1.47,11,264.891915
-0.58,11,264.922859
1.7,12,264.963301
-0.44,13,265.007405
1.22,8,265.034145
-0.74,10,265.067891
-0.2,14,265.116991
-0.79,11,265.151199
1.27,9,265.17739
1.69,14,265.219404
-0.48,15,265.265687
-0.53,14,265.313637
1.5,9,265.339027
-0.62,9,265.365374
1.58,10,265.403165
-0.56,11,265.436231
-0.6,12,265.468212
1.43,10,265.500679
-0.27,14,265.553118
-0.53,17,265.592779
1.54,9,265.621526
-0.32,16,265.674191
-0.56,15,265.719507
1.27,8,265.74596
1.46,12,265.782856
1.25,10,265.813022
-0.67,8,265.838584
1.68,17,265.886869
-0.65,9,265.908693
-0.75,7,265.929193
-0.6,12,265.968679
-0.57,12,266.011611
-0.39,13,266.053194
-0.49,13,266.097953
-0.63,10,266.123357
-0.63,14,266.166887
-0.73,9,266.193782
-0.63,11,266.230406
-0.68,9,266.259207
-0.51,14,266.306931
1.53,13,266.344129
-0.59,14,266.386456
-0.53,13,266.427758
-0.49,11,266.465766
-0.37,15,266.505574
-0.63,9,266.537515
1.53,10,266.571384
1.52,11,266.607234
-0.2,14,266.764018
1.54,9,266.793409
-0.71,13,266.831778
1.47,10,266.865886
1.49,13,266.907707
1.42,13,266.942941
-0.37,13,266.981844
1.36,11,267.022011
-0.18,17,267.072899
-0.43,15,267.113798
-0.61,11,267.147336
-0.59,15,267.18897
-0.47,14,267.229603
1.43,9,267.255831
1.54,14,267.298527
1.39,12,267.331541
-0.3,12,267.368113
-0.64,11,267.403899
1.52,12,267.441898
1.72,14,267.490479
-0.46,15,267.536384
-0.41,13,267.578184
1.58,11,267.614177
-0.87,12,267.649577
-0.46,13,267.690517
1.66,11,267.727607
-0.66,15,267.769679
1.69,10,267.804414
1.61,10,267.836376
1.35,12,267.871014
1.49,12,267.904756
-0.77,9,267.940669
1.66,11,267.968803
1.27,8,267.989629
-0.42,11,268.025934
-0.72,10,268.063182
-0.49,16,268.113159
1.57,14,268.150063
1.54,9,268.172055
-0.66,9,268.206163
-0.5,14,268.253139
1.56,9,268.282998
1.36,8,268.312662
-0.39,10,268.348114
1.47,11,268.38241
1.56,11,268.419162
1.49,11,268.455478
-0.83,7,268.48373
-0.46,16,268.528871
-0.68,12,268.565441
1.54,9,268.597155
1.54,9,268.628548
-0.49,10,268.66624
-0.02,15,268.717341
1.17,8,268.739776
1.64,10,268.774742
1.61,12,268.806407
-0.72,8,268.830208
-0.67,9,268.861301
-0.64,14,268.904191
-0.5,13,268.945204
-0.36,12,268.980939
1.76,14,269.016405
1.69,11,269.051437
-0.36,14,269.098977
-0.34,12,269.135931
-0.54,9,269.16689
-0.4,15,269.209103
-0.48,12,269.242622
1.45,9,269.268195
1.48,9,269.298154
-0.55,9,269.332976
1.47,12,269.376522
-0.46,12,269.408209
1.55,13,269.449903
-0.48,12,269.491101
-0.45,14,269.535817
1.11,7,269.560135
-0.74,10,269.596808
-0.6,10,269.626389
-0.5,14,269.667296
1.47,11,269.696867
1.42,11,269.729801
-0.78,11,269.762582
1.81,12,269.803684
-0.45,14,269.842684
-0.46,13,269.88151
1.54,9,269.905802
-0.25,16,269.952894
-0.39,13,269.99423
1.38,9,270.025782
-0.58,10,270.058723
1.54,9,270.081243
-0.39,12,270.123253
1.57,11,270.163687
-0.2,17,270.231411
1.27,8,270.263386
-0.7,11,270.302991
1.45,13,270.352599
-0.6,12,270.402021
1.49,9,270.43807
-0.67,9,270.473404
-0.43,12,270.516689
-0.74,10,270.55539
1.54,9,270.660501
1.43,15,270.713061
-0.54,16,270.764466
1.14,4,270.777249
1.44,12,270.813728
1.64,10,270.845921
-0.67,11,270.873712
-0.83,7,270.900578
1.48,12,270.941752
1.6,12,270.98088
-0.69,11,271.013379
-0.56,11,271.048924
1.44,11,271.079293
1.53,10,271.117574
1.42,10,271.150776
-0.68,10,271.185002
-0.74,13,271.227541
-0.52,10,271.263028
-0.31,13,271.300863
1.64,10,271.327691
1.5,12,271.362288
1.61,11,271.393098
-0.58,10,271.43146
-0.07,20,271.491481
-0.47,11,271.526066
-0.49,16,271.573594
1.54,9,271.605708
-0.32,14,271.651769
-0.36,10,271.683904
-0.36,15,271.72761
-0.71,11,271.75793
-0.37,14,271.793958
1.51,9,271.819716
-0.67,8,271.844447
1.38,9,271.870491
-0.29,15,271.918013
1.54,14,271.957111
-0.95,8,271.978158
1.55,10,272.009727
-0.59,11,272.049519
1.64,10,272.080897
1.64,10,272.115309
-0.44,14,272.162304
-0.39,16,272.215573
-0.66,10,272.245031
1.85,13,272.285018
1.61,12,272.325951
-0.35,13,272.372959
1.52,12,272.413392
1.64,10,272.442448
-0.59,13,272.486293
1.56,10,272.517673
-0.47,11,272.548406
1.64,10,272.584093
1.54,9,272.614955
-0.6,9,272.643987
1.76,16,272.692253
-0.5,11,272.730528
-0.84,8,272.759402
1.32,9,272.793853
1.66,10,272.829172
1.59,12,272.866561
-0.52,14,272.907659
1.69,10,272.944888
-0.52,12,272.982659
1.4,12,273.016239
1.64,10,273.046457
1.57,11,273.084215
-0.37,16,273.135064
1.62,12,273.172576
1.54,13,273.21246
1.47,14,273.253822
-0.76,9,273.280508
-0.42,13,273.324452
-0.58,13,273.367249
1.45,14,273.409787
1.66,10,273.441733
-0.38,12,273.475165
1.49,11,273.51274
-0.6,13,273.549072
1.47,11,273.581899
-0.43,13,273.624811
-0.76,12,273.659085
1.5,10,273.692149
1.56,14,273.731621
1.38,9,273.765008
-0.81,11,273.793899
1.63,12,273.831138
-0.92,11,273.863811
1.54,9,273.893195
1.56,9,273.9192
1.39,10,273.946794
-0.5,10,273.975374
1.61,10,274.005279
1.65,12,274.042371
-0.19,17,274.0911
-0.78,10,274.123
1.43,9,274.151643
-0.15,19,274.196836
-0.75,10,274.226665
-0.7,10,274.25667
-0.83,7,274.279357
1.54,9,274.304939
-0.5,14,274.343202
-0.52,15,274.393073
1.42,10,274.427554
1.64,10,274.458216
1.55,10,274.494641
1.66,10,274.523163
-0.62,12,274.559716
-0.75,7,274.580155
1.31,8,274.642792
-0.32,15,274.719035
1.6,11,274.747552
-0.67,14,274.795739
-0.3,13,274.841698
-0.88,6,274.862135
-0.64,10,274.891754
-0.89,7,274.915934
-0.02,18,274.973864
1.64,10,275.004523
-0.48,14,275.046809
-0.52,12,275.091475
-0.52,11,275.134724
-0.61,11,275.166128
-0.63,11,275.20893
1.59,11,275.245995
-0.5,11,275.288517
-0.3,13,275.334194
1.45,15,275.382507
-0.84,9,275.411613
-0.77,6,275.437435
1.66,10,275.462989
1.56,9,275.489955
1.62,11,275.525331
1.54,9,275.559053
-0.5,13,275.603917
1.61,11,275.634449
-0.73,12,275.674977
-0.77,9,275.70789
1.15,9,275.733256
1.54,9,275.765893
1.54,10,275.792139
-0.6,10,275.824635
1.54,9,275.853688
-0.6,15,275.897151
1.43,9,275.926643
1.37,10,275.965657
-0.75,11,276.000818
-0.55,13,276.038743
1.73,11,276.07043
-0.28,13,276.114529
1.64,10,276.148273
1.56,9,276.173474
-0.7,8,276.200238
-0.43,13,276.242322
-0.49,15,276.279958
1.14,4,276.292452
1.66,10,276.32332
-0.59,12,276.360562
1.66,10,276.394879
1.56,17,276.443766
-0.48,14,276.488137
-0.44,17,276.537936
1.59,13,276.576281
1.53,11,276.606259
1.14,4,276.620063
-0.56,11,276.662641
1.54,9,276.696308
1.66,10,276.728492
-0.63,13,276.774762
1.48,10,276.803596
1.39,10,276.839599
-0.41,16,276.882149
1.74,11,276.914505
-0.51,11,276.950546
-0.35,14,276.99492
-0.64,11,277.027314
1.4,10,277.064398
-0.78,8,277.096513
-0.7,11,277.138254
1.55,10,277.170212
-0.79,9,277.196611
-0.51,14,277.247427
1.58,11,277.279238
1.34,10,277.313972
-0.71,9,277.346725
-0.5,15,277.398837
-0.67,11,277.434802
1.36,8,277.463017
-0.51,11,277.49249
-0.72,10,277.519656
1.71,14,277.563272
1.54,9,277.589543
1.48,12,277.62695
-0.72,10,277.661798
1.14,4,277.674216
1.53,10,277.710639
1.19,11,277.749508
1.53,10,277.776332
-0.39,11,277.816031
-0.65,12,277.859444
1.56,9,277.889055
1.63,11,277.927693
1.39,8,277.946415
-0.21,14,277.99336
1.37,12,278.026375
1.81,16,278.072616
-0.48,14,278.118902
-0.64,10,278.149645
-0.46,10,278.18168
-0.56,10,278.210604
1.66,12,278.24979
-0.24,14,278.290649
-0.31,12,278.333348
-0.12,16,278.379553
-0.49,18,278.423606
1.66,10,278.45532
-0.58,11,278.490584
-0.42,11,278.588834
1.33,8,278.616471
1.43,9,278.643292
-0.45,12,278.686637
-0.72,10,278.721048
-0.93,9,278.749406
1.53,10,278.838972
-0.38,14,278.87635
-0.45,12,278.913112
1.66,10,278.943123
-0.63,10,278.974916
1.21,9,279.003694
1.42,11,279.039849
1.66,10,279.067477
1.82,14,279.107861
-0.3,15,279.159329
1.14,4,279.17214
1.49,11,279.206303
1.64,10,279.240358
-0.61,8,279.267784
-0.61,10,279.30271
-0.6,13,279.338673
1.64,10,279.372117
-0.77,7,279.392652
1.64,10,279.42488
-0.43,12,279.466091
1.66,10,279.49384
-0.77,7,279.515107
-0.53,13,279.546418
-0.25,17,279.596361
1.66,11,279.633359
1.36,11,279.667439
1.54,9,279.694309
-0.28,17,279.741859
-0.72,10,279.774353
1.46,10,279.806462
-0.56,11,279.845556
-0.74,10,279.882351
1.56,10,279.910022
1.14,4,279.921977
-0.51,11,279.956155
-0.67,11,279.993123
1.27,9,280.021681
1.72,16,280.071481
-0.27,16,280.115417
1.51,10,280.146511
1.55,10,280.174849
-0.61,11,280.213668
-0.61,14,280.252843
1.64,10,280.284363
1.45,10,280.313401
1.54,13,280.3546
1.69,12,280.388628
-0.21,15,280.437554
-0.16,17,280.491415
1.48,10,280.522804
1.63,11,280.555975
-0.79,9,280.582933
-0.71,7,280.606937
1.55,11,280.637706
-0.32,12,280.679562
1.43,9,280.705879
1.64,10,280.740678
1.14,4,280.753287
-0.51,9,280.787479
-0.2,16,280.83579
-0.57,8,280.861153
1.78,18,280.918854
1.54,9,280.945037
1.66,10,280.977727
1.49,18,281.024132
1.6,12,281.059993
-0.37,13,281.107932
-0.54,11,281.141271
-0.42,14,281.190574
1.14,4,281.202815
-0.44,11,281.242806
1.54,9,281.271355
-0.53,9,281.300452
-0.51,12,281.339665
-0.13,15,281.390002
-0.68,12,281.428576
-0.35,17,281.486966
1.51,12,281.522289
-0.55,10,281.555055
-0.69,14,281.596092
-0.54,11,281.633405
1.64,10,281.665915
-0.58,11,281.699563
1.25,8,281.721733
1.46,12,281.757905
1.54,9,281.786357
-0.66,10,281.82098
-0.46,13,281.858958
1.6,14,281.901777
-0.42,14,281.948335
-0.6,10,281.985213
1.28,8,282.004752
1.33,8,282.025482
-0.58,11,282.059398
-0.72,10,282.097023
1.4,10,282.123317
-0.47,11,282.16503
1.64,10,282.19948
-0.33,12,282.293018
-0.62,12,282.331998
1.54,9,282.359048
-0.71,6,282.380144
1.64,10,282.418806
-0.7,15,282.469122
-0.88,7,282.491182
-0.83,7,282.517229
1.44,11,282.556203
-0.47,14,282.601442
1.66,10,282.633916
1.54,9,282.662645
-0.59,15,282.71302
-0.53,16,282.766337
1.64,10,282.796743
1.46,9,282.82595
-0.47,14,282.864904
-0.71,6,282.884831
1.32,10,282.916092
-0.61,13,282.961993
-0.71,7,282.987397
1.66,10,283.030642
1.47,11,283.064458
1.39,11,283.105142
-0.45,14,283.166065
-0.88,7,283.198402
-0.34,18,283.268507
1.49,11,283.3164
1.45,10,283.348504
-0.29,19,283.416013
-0.71,7,283.444544
1.55,10,283.481374
-0.71,6,283.511483
1.56,9,283.550426
-0.58,11,283.598715
1.54,9,283.63551
-0.78,11,283.675808
1.45,10,283.706084
1.56,9,283.738852
1.64,10,283.767642
1.37,13,283.811685
-0.31,12,283.850273
-0.78,8,283.880597
-0.92,5,283.896827
-0.69,12,283.936268
-0.68,12,283.976763
-0.72,11,284.012509
1.54,9,284.042112
1.66,11,284.079061
-0.45,14,284.12037
1.55,10,284.151788
1.55,11,284.186022
1.58,13,284.229837
1.32,9,284.260749
-0.43,14,284.307762
1.48,13,284.356577
-0.71,6,284.38099
-0.78,8,284.409602
-0.6,12,284.445055
1.4,12,284.484147
1.34,8,284.50856
1.54,9,284.537316
1.33,11,284.571909
-0.57,12,284.60783
1.64,10,284.634496
1.21,9,284.662026
-0.73,9,284.696203
1.49,9,284.725321
-0.4,15,284.777053
1.64,10,284.804195
1.22,11,284.839515
1.71,14,284.885419
1.1,9,284.918432
-0.43,11,284.951642
1.33,11,284.984362
1.56,9,285.013874
-0.29,17,285.068429
1.95,19,285.12645
1.49,10,285.162604
1.54,9,285.192477
-0.33,14,285.241012
-0.38,13,285.286744
-0.7,12,285.321702
-0.65,8,285.35274
-0.32,12,285.394185
1.14,4,285.407254
1.14,4,285.417767
-0.26,17,285.469132
-0.25,13,285.510878
-0.65,12,285.550482
-0.57,12,285.58983
-0.47,18,285.644104
-0.54,12,285.681844
1.53,10,285.712102
-0.62,12,285.75278
1.43,9,285.785827
1.44,11,285.815405
-0.39,17,285.863832
-0.71,6,285.883775
1.68,15,285.925856
1.54,9,285.953025
1.14,4,285.964332
1.55,10,285.998208
-0.54,13,286.034895
1.48,10,286.13096
1.54,9,286.161043
1.55,10,286.191072
1.56,9,286.219572
-0.51,15,286.277323
1.45,10,286.31213
1.61,10,286.341967
-0.52,10,286.377611
1.55,10,286.410804
1.56,9,286.438715
1.54,9,286.47294
-0.66,11,286.507503
-0.65,14,286.552427
1.56,9,286.579473
1.14,4,286.592503
-0.56,9,286.62149
-0.55,10,286.661873
-0.37,15,286.702344
-0.1,17,286.758019
-0.68,16,286.80877
-0.73,10,286.844809
1.62,13,286.889215
-0.57,10,286.92506
1.48,10,286.9621
-0.41,13,286.995208
-0.68,9,287.022858
-0.49,13,287.058973
-0.79,9,287.09059
1.63,11,287.132123
1.64,10,287.167213
1.56,10,287.202193
1.73,17,287.254708
1.54,9,287.281962
2.03,19,287.335196
1.48,10,287.368789
-0.59,11,287.402264
1.55,11,287.441004
1.14,4,287.452819
-0.49,10,287.483387
-0.71,12,287.514348
-0.25,13,287.560483
-0.38,11,287.599471
-0.7,8,287.6229
-0.54,13,287.664264
-0.57,10,287.697741
-0.77,7,287.725128
-0.46,12,287.762761
-0.57,9,287.795463
-0.64,14,287.840795
-0.64,11,287.8737
-0.77,7,287.895058
-0.59,9,287.925029
-0.35,12,287.972261
-0.63,14,288.020085
-0.55,11,288.057775
1.54,9,288.092393
-0.41,15,288.138471
1.14,4,288.151227
1.48,9,288.176658
1.14,4,288.188367
1.66,14,288.236683
1.54,9,288.263645
-0.53,10,288.29672
1.54,9,288.322264
1.54,9,288.353266
1.37,9,288.379862
-0.73,8,288.409202
-0.22,15,288.455016
-0.61,14,288.500116
1.54,9,288.527114
1.61,14,288.573279
-0.46,9,288.602587
1.96,19,288.664088
-0.41,16,288.710132
1.59,10,288.74039
-0.67,11,288.777032
-0.58,13,288.825199
1.26,9,288.854199
1.66,10,288.890978
1.66,10,288.924745
1.54,9,288.959907
-0.42,15,289.0016
-0.73,9,289.034268
-0.59,17,289.0824
1.54,9,289.114739
1.31,10,289.150161
1.71,14,289.193023
1.43,9,289.217118
-0.21,15,289.264061
1.63,14,289.307444
1.38,9,289.332232
-0.67,12,289.367442
1.56,9,289.395265
-0.28,12,289.429357
-0.27,12,289.46948
-0.47,11,289.505552
-0.56,9,289.533945
-0.44,16,289.577907
-0.64,8,289.606715
-0.51,12,289.647599
1.64,10,289.685567
-0.67,11,289.718063
-0.47,10,289.749321
-0.45,12,289.791837
1.54,10,289.887466
-0.49,13,289.93237
1.58,12,289.97046
1.54,14,290.015989
1.49,10,290.0465
-0.58,11,290.075922
1.43,12,290.113261
1.62,12,290.157966
-0.77,7,290.183922
-0.45,13,290.228351
-0.87,12,290.26984
1.56,10,290.296278
1.46,9,290.329242
-0.57,13,290.374642
1.14,4,290.387845
1.27,9,290.420596
-0.28,14,290.468929
-0.83,10,290.501105
-0.54,10,290.531049
1.47,10,290.565619
-0.07,17,290.620086
-0.59,9,290.648446
1.35,9,290.672811
1.69,14,290.718378
1.54,9,290.750378
1.49,10,290.783905
-0.18,18,290.832905
-0.4,15,290.881657
-0.26,14,290.930671
1.24,6,290.946178
-0.21,16,290.989028
1.54,9,291.016076
-0.34,11,291.053569
-0.37,11,291.086019
1.14,4,291.096318
-0.73,9,291.121505
1.54,9,291.147139
-0.64,11,291.179958
-0.15,16,291.219849
1.53,10,291.245774
1.65,11,291.286003
-0.4,15,291.334401
1.5,10,291.362978
1.45,10,291.398282
-0.71,12,291.438832
1.48,9,291.466337
1.55,11,291.501899
-0.56,9,291.532877
1.36,11,291.573283
1.51,9,291.598518
-0.59,11,291.632487
1.5,10,291.664073
-0.77,7,291.689665
1.37,9,291.71899
-0.67,11,291.756024
1.93,13,291.797844
-0.66,7,291.827845
-0.68,13,291.866876
1.54,9,291.893363
1.36,11,291.922772
-0.75,11,291.961044
1.45,14,292.007869
1.54,9,292.032936
-0.54,10,292.064494
-0.74,12,292.141281
1.39,11,292.1877
-0.25,20,292.250012
1.14,4,292.261513
1.47,10,292.295358
-0.28,16,292.347145
1.32,9,292.377383
1.64,10,292.405585
-0.33,13,292.44806
-0.41,18,292.496676
0.16,18,292.555998
-0.4,13,292.5983
1.51,12,292.639864
1.68,14,292.682251
1.54,9,292.710083
1.73,11,292.746907
-0.63,13,292.792018
-0.7,8,292.820578
1.44,11,292.858062
1.23,7,292.884181
1.49,9,292.913618
-0.46,13,292.956971
1.39,13,292.994433
1.6,14,293.039735
1.55,15,293.094086
1.49,11,293.127852
1.53,10,293.162088
1.31,10,293.197312
1.66,10,293.228373
-0.7,8,293.254404
-0.27,16,293.305793
-0.63,13,293.345676
-0.48,11,293.385405
1.64,10,293.417418
-0.57,10,293.501717
1.43,9,293.539726
-0.52,13,293.577519
-0.33,13,293.616917
-0.58,11,293.655337
1.69,10,293.687338
-0.76,6,293.710471
1.64,10,293.740241
1.45,10,293.77701
1.52,11,293.813366
-0.19,19,293.873485
-0.48,17,293.923204
1.56,9,293.951349
-0.13,14,293.993438
1.52,11,294.02674
-0.61,13,294.068444
1.69,11,294.108721
-0.43,11,294.144463
1.53,10,294.176233
1.47,11,294.207004
1.78,16,294.254084
1.64,10,294.289143
1.56,10,294.323947
1.46,9,294.353116
-0.65,12,294.392139
-0.72,7,294.415991
1.14,4,294.429786
1.65,11,294.467622
1.36,9,294.496136
-0.55,16,294.544424
-0.59,12,294.588978
-0.48,16,294.635702
-0.26,13,294.677681
1.65,12,294.714373
1.41,11,294.750787
-0.64,10,294.783231
1.49,9,294.811456
-0.6,12,294.848378
-0.37,11,294.886196
1.14,4,294.897321
1.43,10,294.926407
-0.62,18,294.984469
-0.97,4,295.000761
-0.84,9,295.030426
-0.64,16,295.076073
-0.55,15,295.114177
-0.56,8,295.14001
1.51,11,295.173283
1.32,9,295.203401
-0.65,12,295.24504
-0.93,6,295.265203
-0.41,10,295.295825
1.41,13,295.333867
1.43,9,295.360379
1.33,8,295.386641
-0.54,9,295.413868
-0.48,13,295.455179
-0.57,9,295.483658
-0.57,9,295.517746
1.39,8,295.544793
1.5,11,295.578578
-0.22,13,295.612567
-0.58,9,295.642492
-0.72,11,295.681863
-0.66,13,295.723872
1.54,9,295.757305
1.43,10,295.790593
-0.26,14,295.834089
-0.65,13,295.870879
1.56,9,295.898925
-0.62,9,295.929008
1.54,9,295.961807
-0.6,10,295.995465
-0.83,9,296.026822
1.61,13,296.070072
-0.58,10,296.102825
-0.04,18,296.15594
1.53,10,296.188534
1.66,10,296.222128
1.56,9,296.254115
-0.33,13,296.28992
1.64,10,296.321588
-0.82,6,296.345106
1.6,11,296.378496
-0.47,14,296.4212
1.69,11,296.457748
1.51,13,296.498908
1.54,9,296.533351
1.88,16,296.581141
-0.52,14,296.627031
1.66,10,296.655957
-0.49,11,296.689369
1.52,10,296.719849
1.64,14,296.760525
1.43,9,296.793389
-0.66,10,296.820226
1.52,17,296.869811
-0.53,14,296.913078
-0.69,11,296.947987
-0.69,10,296.980716
-0.55,12,297.01566
1.45,9,297.043426
-0.34,13,297.089036
-0.55,12,297.118753
-0.7,8,297.144233
-0.71,7,297.18157
-0.25,16,297.269571
-0.33,14,297.312557
-0.62,11,297.352523
-0.45,12,297.389379
-0.47,11,297.420546
1.54,9,297.451454
-0.57,9,297.481066
1.55,10,297.512002
1.57,11,297.548323
-0.63,14,297.598845
1.14,4,297.612483
1.54,9,297.640244
-0.92,14,297.682893
1.61,10,297.708751
1.46,11,297.745247
1.27,9,297.776256
1.3,9,297.801877
1.54,9,297.828714
1.47,11,297.863065
-0.62,9,297.885773
1.64,10,297.916644
1.64,10,297.94878
1.48,10,297.979814
1.43,10,298.009188
-0.36,13,298.048441
-0.14,16,298.095515
1.54,9,298.121697
-0.61,10,298.156393
1.54,9,298.187217
-0.36,10,298.220154
1.45,10,298.253938
1.64,10,298.285027
1.14,4,298.300248
1.64,10,298.328114
1.29,9,298.356302
1.43,9,298.3851
-0.61,13,298.429695
-0.13,16,298.476308
-0.77,7,298.503035
-0.32,18,298.561008
-0.63,15,298.606969
1.54,9,298.63919
-0.41,11,298.676562
-0.83,7,298.705936
1.45,10,298.737915
1.37,9,298.764326
1.49,12,298.799058
1.14,4,298.811047
1.64,10,298.845882
-0.53,14,298.887995
1.55,10,298.91981
-0.43,12,298.957545
1.64,10,298.989944
-0.43,15,299.035947
1.14,4,299.044789
-0.32,14,299.080015
-0.11,17,299.13574
1.51,13,299.180327
1.14,4,299.194277
-0.36,15,299.244648
-0.67,8,299.270897
-0.48,11,299.305407
1.14,4,299.318834
-0.33,11,299.356864
-0.14,16,299.404428
1.33,8,299.432665
1.66,10,299.462762
-0.17,17,299.51702
1.42,11,299.547673
-0.39,15,299.596566
1.64,10,299.62963
-0.45,15,299.672347
1.54,9,299.701004
1.76,12,299.734681
-0.89,11,299.773309
1.14,4,299.785203
1.43,15,299.8306
1.69,11,299.869237
-0.75,11,299.902187
1.14,4,299.917291
1.7,14,299.961434
-0.39,10,299.994527
-0.66,10,300.028675
1.44,10,300.063782
1.55,11,300.100469
1.34,9,300.131423
1.66,10,300.161732
-0.71,9,300.18788
1.64,10,300.223657
-0.25,13,300.258066
-0.23,14,300.305585
-0.46,9,300.337087
-0.57,14,300.376776
1.64,10,300.407504
1.66,10,300.440025
1.69,11,300.476987
-0.43,15,300.529505
1.7,11,300.570259
1.54,9,300.601153
1.56,9,300.631382
-0.71,9,300.662552
-0.38,19,300.719457
1.54,9,300.749959
1.14,4,300.764617
1.29,9,300.797154
-0.5,13,300.834878
-0.54,12,300.873098
-0.4,15,300.96147
1.56,13,301.006943
1.56,9,301.0344
1.42,11,301.068407
-0.48,14,301.112023
-0.85,9,301.148488
-0.53,11,301.17804
1.82,13,301.218792
-0.5,10,301.251108
-0.48,11,301.292678
1.54,9,301.3146
-0.61,9,301.340572
1.66,10,301.371822
1.32,15,301.420675
-0.75,11,301.453529
-0.57,14,301.497694
1.64,10,301.531021
-0.45,19,301.592256
-0.62,9,301.616135
1.14,4,301.626256
-0.48,11,301.661102
-0.72,10,301.698845
-0.42,15,301.745328
-0.37,15,301.790904
1.36,11,301.824013
-0.43,18,301.88208
1.33,8,301.908766
-0.88,6,301.93293
1.34,10,301.967802
1.53,10,302.004879
-0.46,15,302.040436
1.55,10,302.064429
1.31,12,302.102889
-0.39,10,302.13867
-0.72,12,302.18199
-0.66,9,302.209675
-0.47,12,302.249561
-0.71,12,302.292155
-0.72,8,302.318652
1.48,10,302.348476
-0.78,8,302.370386
-0.41,18,302.42864
-0.5,11,302.466943
-0.35,12,302.500268
1.43,9,302.527538
-0.55,12,302.559811
1.81,11,302.597172
-0.82,9,302.622691
-0.76,12,302.666178
1.33,8,302.692403
1.48,10,302.719621
1.41,11,302.756086
1.62,12,302.789531
-0.33,16,302.846165
-0.76,9,302.877254
-0.65,9,302.911532
1.39,11,302.946755
-0.25,19,303.008261
1.39,10,303.046094
1.52,11,303.079418
1.52,10,303.117383
-0.58,13,303.156295
1.54,9,303.186421
1.64,10,303.220815
1.58,10,303.251352
1.73,11,303.289125
-0.5,13,303.325659
-0.72,8,303.355592
-0.59,13,303.404875
-0.27,12,303.446185
-0.38,13,303.485455
-0.53,10,303.518252
-0.79,9,303.549968
1.43,9,303.58186
-0.67,12,303.617392
1.54,9,303.692218
-0.69,6,303.716991
-0.63,10,303.750226
-0.75,11,303.780792
-0.48,12,303.814925
1.39,10,303.844747
1.64,10,303.880348
-0.68,9,303.910209
-0.78,8,303.939536
1.14,4,303.952849
1.54,9,303.978615
1.33,11,304.011089
-0.88,7,304.032997
-0.72,7,304.059265
-0.52,10,304.094808
1.37,9,304.119706
1.75,13,304.16753
1.54,9,304.198575
1.68,14,304.237071
1.45,10,304.266412
-0.62,11,304.300434
-0.6,15,304.345972
-0.69,11,304.383955
-0.57,9,304.409885
-0.53,14,304.448893
1.51,9,304.478444
-0.35,16,304.579065
-0.36,16,304.663122
1.64,10,304.720899
1.54,9,304.750434
1.38,9,304.779787
1.25,8,304.804604
1.54,13,304.845778
1.62,13,304.891395
-0.57,9,304.919188
1.53,11,304.951864
-0.55,14,305.002528
-0.61,7,305.02899
1.47,11,305.073911
1.56,9,305.105213
1.54,9,305.137845
-0.71,9,305.18282
-0.4,13,305.232702
1.56,10,305.262314
-0.42,17,305.331973
1.36,10,305.371397
1.54,9,305.408195
-0.56,14,305.457251
-0.61,7,305.473682
-0.09,16,305.517704
1.69,10,305.553601
-0.81,5,305.566983
1.49,9,305.597289
1.55,10,305.633597
1.48,9,305.663887
-0.67,15,305.709767
1.44,11,305.745497
-0.42,10,305.775524
-0.53,11,305.807391
1.71,11,305.846925
-0.61,7,305.86819
-0.47,15,305.913342
-0.69,10,305.946737
1.69,10,305.974567
1.47,11,306.014555
1.66,10,306.040914
1.61,10,306.073274
1.52,11,306.111225
1.55,10,306.147204
-0.57,10,306.178906
-0.59,9,306.212908
-0.53,11,306.251843
0.02,18,306.304985
1.43,10,306.33636
-0.78,10,306.367098
-0.35,16,306.408048
1.43,9,306.432997
1.59,10,306.468807
-0.26,15,306.5131
1.51,9,306.543852
-0.54,12,306.586121
-0.31,13,306.62874
-0.71,12,306.667282
1.64,10,306.701572
1.54,9,306.729686
1.9,12,306.76895
-0.61,7,306.794474
1.43,9,306.824258
-0.29,13,306.867508
-0.56,15,306.912574
-0.75,11,306.954545
1.64,10,306.984867
-0.32,15,307.02838
-0.79,11,307.065804
-0.87,8,307.093214
-0.71,10,307.122958
1.48,10,307.15548
-0.54,8,307.180518
-0.48,10,307.212501
1.51,12,307.251486
-0.24,13,307.289941
-0.85,9,307.31537
1.54,12,307.357203
1.64,10,307.39138
1.4,9,307.415094
1.43,10,307.451497
1.66,10,307.483478
-0.4,13,307.524675
-0.21,15,307.569882
-0.12,14,307.621215
-0.47,11,307.660521
-0.5,10,307.701487
-0.78,8,307.737806
-0.41,17,307.796105
1.8,14,307.839945
1.43,9,307.869698
-0.58,13,307.914125
-0.71,14,307.962746
1.56,11,308.001433
-0.52,11,308.036157
1.64,10,308.066275
-0.54,9,308.09797
1.73,11,308.13839
-0.65,12,308.178319
1.43,9,308.207315
1.64,10,308.243457
-0.62,16,308.294062
-0.62,8,308.319695
-0.85,6,308.341584
-0.62,9,308.371981
-0.6,12,308.406745
1.31,9,308.483791
-0.84,8,308.520448
-0.46,15,308.565999
1.69,11,308.606215
-0.82,9,308.638052
1.39,14,308.697058
-0.53,12,308.736959
-0.62,15,308.794612
-0.52,10,308.821537
1.54,9,308.850777
1.3,11,308.88939
-0.7,8,308.915566
1.44,14,308.958102
1.8,15,309.004102
-0.65,12,309.044057
1.42,11,309.085451
1.27,9,309.115141
-0.31,15,309.168612
-0.27,14,309.219049
1.64,10,309.253818
-0.62,12,309.294099
1.5,11,309.331752
1.43,10,309.36319
-0.57,9,309.398451
1.38,9,309.42758
1.69,11,309.460932
-0.45,11,309.489334
-0.82,9,309.523828
-0.02,20,309.577839
1.66,10,309.604084
1.64,10,309.636333
1.63,11,309.668614
-0.48,14,309.702434
-0.43,13,309.751814
-0.29,12,309.818002
-0.57,12,309.872869
-0.72,7,309.907444
1.64,10,309.947397
1.66,10,309.990379
-0.5,10,310.031947
1.91,13,310.076158
1.54,9,310.109986
1.46,9,310.138702
1.54,9,310.176613
1.54,9,310.214921
-0.72,8,310.2445
-0.66,11,310.296542
1.46,11,310.352175
-0.64,14,310.41229
1.64,10,310.46134
-0.53,10,310.512181
1.48,10,310.564576
-0.65,12,310.631029
-0.32,12,310.692855
1.39,10,310.747583
1.65,11,310.797111
-0.64,11,310.856462
-0.56,11,310.899658
-0.77,11,310.951744
-0.59,11,311.000374
-0.33,16,311.060052
1.64,10,311.097774
1.76,11,311.142343
-0.5,14,311.195703
-0.6,16,311.26021
1.56,12,311.31129
-0.49,15,311.376044
1.47,10,311.422237
-0.43,13,311.480437
1.47,10,311.519533
-0.27,18,311.58452
-0.37,11,311.628045
-0.24,18,311.688124
-0.25,16,311.76065
-0.74,9,311.795509
1.76,19,311.857452
1.44,9,311.894461
-0.57,9,311.931937
1.43,9,311.965246
1.52,11,312.006654
-0.68,9,312.03924
1.64,10,312.069355
-0.76,12,312.115947
1.55,10,312.157717
1.46,12,312.199558
1.22,8,312.224162
-0.84,11,312.253683
1.14,4,312.270321
1.29,12,312.310084
-0.22,15,312.356176
1.54,9,312.387273
1.53,10,312.428085
-0.35,15,312.489296
-0.56,12,312.538751
-0.52,10,312.571285
-0.45,11,312.609869
-0.21,15,312.670547
-0.49,8,312.701064
-0.59,12,312.745702
-0.49,16,312.807896
-0.72,8,312.838518
-0.59,10,312.899794
-0.78,8,312.983901
-0.78,8,313.021551
1.29,9,313.059535
1.57,11,313.099857
-0.46,9,313.134256
-0.6,12,313.176953
-0.51,12,313.218285
1.59,10,313.249822
1.45,10,313.278061
-0.55,9,313.311716
1.74,11,313.346795
-0.54,8,313.373398
1.48,10,313.404518
-0.45,16,313.455689
1.64,10,313.484473
-0.83,7,313.507963
-0.3,13,313.550969
1.74,11,313.591972
1.54,9,313.615795
1.53,10,313.648501
1.5,13,313.688423
1.14,4,313.703121
1.67,16,313.748019
-0.59,14,313.787809
1.56,10,313.821615
-0.62,15,313.871686
-0.66,10,313.904462
-0.64,8,313.931148
-0.65,12,313.966066
-0.76,6,313.998567
-0.77,10,314.049314
1.35,12,314.112739
-0.42,15,314.188643
-0.51,13,314.248295
1.72,13,314.297494
-0.8,7,314.320564
-0.76,12,314.372254
1.64,10,314.417508
-0.59,8,314.447482
-0.52,12,314.493428
1.54,9,314.527609
-0.57,13,314.57794
-0.81,9,314.60969
1.61,10,314.642095
1.64,10,314.673421
1.43,12,314.71502
1.62,12,314.763408
1.53,10,314.798206
1.81,11,314.839629
1.38,9,314.870256
1.35,9,314.902504
-0.52,13,314.952189
1.54,9,314.996131
1.64,10,315.037309
1.46,13,315.090135
-0.66,13,315.144884
1.53,10,315.193279
1.64,10,315.24278
1.36,12,315.289879
1.54,9,315.321675
-0.5,11,315.361662
1.5,10,315.401047
-0.7,12,315.441297
-0.69,10,315.481378
1.54,9,315.510334
-0.24,12,315.561155
1.69,10,315.599084
-0.38,15,315.649784
-0.45,11,315.693716
-0.72,9,315.72457
-0.38,14,315.762108
-0.58,13,315.804016
1.37,10,315.840182
-0.61,10,315.877934
-0.45,16,315.925863
1.48,10,315.961157
1.51,12,316.044894
1.45,10,316.084397
1.56,9,316.111903
-0.05,17,316.158442
-0.66,10,316.192524
-0.61,11,316.222633
-0.66,10,316.252174
-0.6,9,316.285228
1.23,7,316.307575
-0.16,15,316.349934
-0.37,14,316.393964
1.44,11,316.424334
-0.88,10,316.460104
1.78,11,316.498902
1.45,9,316.525296
-0.42,17,316.57397
-0.63,10,316.606153
1.59,10,316.636744
-0.43,18,316.689635
-0.43,15,316.732729
1.44,11,316.768594
-0.28,15,316.813412
-0.77,9,316.840606
-0.46,11,316.876088
1.53,10,316.906713
1.6,11,316.946459
-0.45,15,317.063621
1.2,10,317.09297
1.78,11,317.129054
1.49,12,317.166082
-0.28,15,317.213617
1.43,10,317.239784
1.54,9,317.271101
1.61,10,317.30227
-0.6,14,317.347656
-0.48,10,317.37799
-0.67,14,317.417112
1.66,11,317.452949
-0.94,7,317.480036
-0.82,6,317.504819
1.61,10,317.538322
-0.41,13,317.582529
1.66,10,317.612258
1.58,11,317.637918
-0.53,11,317.674852
1.53,10,317.713753
1.63,11,317.746231
-0.41,14,317.788465
-0.6,13,317.831445
-0.5,14,317.878046
-0.11,19,317.927411
-0.72,7,317.949993
1.62,12,317.983435
-0.5,16,318.033433
-0.65,13,318.081208
1.27,8,318.109389
-0.21,18,318.163084
1.54,9,318.190603
-0.31,14,318.232042
-0.79,10,318.267125
1.41,9,318.296005
1.42,10,318.330385
-0.71,6,318.352865
-0.61,8,318.378979
-0.42,15,318.425697
1.63,11,318.460991
-0.51,11,318.495869
-0.57,12,318.535739
-0.68,10,318.563091
1.41,9,318.597534
-0.59,12,318.63983
-0.15,16,318.686631
-0.24,15,318.731819
-0.78,8,318.756746
1.66,10,318.789696
1.56,10,318.821686
1.52,13,318.863336
1.64,10,318.887999
-0.35,15,318.93667
-0.53,13,318.978357
-0.53,15,319.025206
1.34,10,319.061192
-0.29,17,319.109417
1.71,11,319.141747
1.45,10,319.175747
1.37,13,319.220686
-0.78,8,319.250518
1.41,9,319.281488
-0.25,15,319.325746
1.26,10,319.359257
1.54,9,319.386019
-0.58,10,319.419062
1.74,15,319.459414
1.64,10,319.493351
-0.47,14,319.539745
-0.46,9,319.566079
-0.76,9,319.596138
-0.4,14,319.641085
-0.44,10,319.678584
1.22,8,319.704244
-0.35,11,319.737868
-0.5,11,319.780684
-0.3,15,319.828863
1.54,9,319.85788
-0.51,13,319.900575
-0.64,13,319.943919
-0.31,14,319.980227
1.4,10,320.01407
1.64,10,320.044131
1.64,10,320.080463
1.53,10,320.111762
1.27,9,320.141415
1.54,9,320.172265
-0.41,11,320.210739
1.46,12,320.252221
1.44,11,320.285444
-0.46,12,320.326222
-0.74,10,320.362633
1.38,11,320.396136
1.51,10,320.426896
1.42,11,320.460649
1.66,10,320.489168
-0.73,11,320.526717
-0.52,12,320.563095
1.26,10,320.595321
-0.71,11,320.634042
-0.67,12,320.732408
1.59,10,320.766568
1.56,12,320.803818
1.62,12,320.838217
-0.4,13,320.874142
-0.18,14,320.914852
1.43,13,320.960662
1.47,10,320.996758
-0.83,14,321.038053
-0.78,8,321.061943
-0.67,9,321.095021
-0.4,14,321.138885
-0.4,15,321.182261
1.55,11,321.216955
-0.5,13,321.252623
1.46,13,321.294881
1.35,9,321.323171
-0.12,18,321.373662
-0.64,17,321.422323
-0.46,10,321.450399
-0.29,16,321.498739
1.64,10,321.530798
1.54,9,321.562991
-0.63,13,321.602161
-0.39,13,321.643799
-0.44,13,321.684313
-0.55,13,321.728193
1.55,11,321.764133
1.47,11,321.802219
-0.58,10,321.839433
-0.58,10,321.873685
1.54,9,321.903104
1.39,9,321.934376
1.37,10,321.973181
-0.59,9,322.000172
-0.34,12,322.044556
-0.34,11,322.079643
-0.45,16,322.12832
-0.62,12,322.159528
1.68,11,322.199208
1.51,10,322.229513
1.54,9,322.260918
-0.69,10,322.294426
1.58,11,322.334034
1.61,10,322.367585
-0.59,13,322.408738
1.14,4,322.42015
-0.58,11,322.453247
-0.72,8,322.483861
1.52,12,322.519935
1.52,11,322.556341
-0.48,13,322.600602
-0.83,7,322.625457
-0.81,8,322.649489
-0.4,14,322.690511
1.44,11,322.724159
1.54,9,322.754454
-0.67,12,322.794697
1.38,9,322.823609
1.49,9,322.85093
1.44,9,322.879134
-0.48,14,322.921516
1.54,9,322.950254
-0.68,10,322.982064
-0.29,15,323.019495
-0.5,10,323.057665
1.14,4,323.071232
1.64,10,323.105576
-0.43,12,323.148019
1.43,9,323.180609
1.61,10,323.211693
-0.48,12,323.2448
-0.95,8,323.270898
1.43,9,323.300065
1.66,10,323.33431
-0.46,10,323.362624
-0.61,13,323.408678
1.14,4,323.421856
-0.52,18,323.471346
1.59,10,323.507615
1.4,11,323.537843
-0.35,13,323.586293
-0.23,15,323.633626
-0.23,18,323.692883
1.64,11,323.729509
-0.57,10,323.760638
-0.77,7,323.785678
1.42,11,323.818482
1.48,10,323.850821
-0.65,12,323.889447
-0.6,13,323.930339
-0.66,14,323.972924
1.75,12,324.005811
1.47,11,324.042066
1.14,4,324.05485
-0.11,17,324.104124
1.64,10,324.134845
-0.43,18,324.189225
1.66,10,324.221366
1.53,10,324.260289
1.54,11,324.295786
-0.7,11,324.330505
-0.37,14,324.3644
-0.49,10,324.399081
1.57,11,324.437307
1.57,12,324.518917
-0.44,12,324.568389
-0.74,9,324.594827
-0.33,14,324.636896
-0.22,13,324.675446
1.6,11,324.708743
1.58,11,324.744354
-0.31,17,324.79364
1.58,11,324.829981
-0.56,13,324.870344
-0.67,14,324.914411
-0.35,13,324.95769
1.64,10,324.991836
-0.94,10,325.032219
-0.59,13,325.070437
-0.43,10,325.099996
1.66,10,325.132475
-0.62,15,325.175563
-0.77,7,325.200378
1.56,10,325.234439
1.62,16,325.287565
-0.53,13,325.322863
1.45,9,325.350615
-0.65,9,325.381746
1.61,10,325.40931
1.61,10,325.444041
1.45,9,325.476489
1.69,10,325.504111
-0.36,10,325.54101
1.14,4,325.553817
-0.52,12,325.594595
1.36,10,325.625721
1.54,9,325.651334
-0.6,12,325.685088
-0.2,15,325.734295
-0.62,14,325.773838
-0.5,11,325.812165
1.88,12,325.850066
1.85,13,325.89432
1.36,8,325.919627
-0.66,9,325.947676
-0.4,12,325.985085
-0.85,6,326.005767
1.14,4,326.018255
1.44,10,326.052028
-0.76,9,326.078176
-0.58,10,326.111626
1.14,4,326.123716
-0.45,14,326.166542
-0.6,12,326.210065
-0.57,12,326.253416
1.56,11,326.285247
1.6,11,326.319967
1.52,13,326.353901
1.42,11,326.392122
1.45,10,326.421664
1.45,13,326.464005
1.52,17,326.521252
1.39,10,326.556589
-0.57,15,326.603433
1.54,9,326.631268
-0.57,13,326.670555
-0.72,9,326.70582
-0.29,15,326.7541
-0.57,12,326.788392
-0.43,13,326.827462
1.55,10,326.856937
-0.54,13,326.897684
-0.79,13,326.93427
1.63,11,326.97306
-0.8,13,327.016994
-0.75,10,327.049913
1.37,10,327.083409
1.29,12,327.117593
1.4,9,327.146534
-0.32,16,327.195844
1.69,11,327.232209
1.57,12,327.262489
-0.57,13,327.305027
1.36,11,327.339612
1.74,11,327.375064
-0.81,10,327.401969
1.49,11,327.439904
-0.57,13,327.480159
1.64,10,327.511488
-0.55,11,327.54109
1.64,10,327.580109
1.14,4,327.593978
-0.7,11,327.629119
-0.6,11,327.662479
1.37,10,327.701349
-0.33,15,327.751029
1.54,9,327.780763
1.49,11,327.814501
1.49,10,327.841017
-0.46,9,327.870598
1.48,10,327.908063
1.66,10,327.941517
-0.5,14,327.988661
1.27,9,328.016297
1.61,11,328.055373
1.14,4,328.068661
1.54,9,328.12782
-0.82,7,328.193668
1.65,13,328.234705
1.54,11,328.266576
-0.8,10,328.30096
-0.56,10,328.331612
-0.67,8,328.357882
-0.58,9,328.388949
1.64,10,328.424916
-0.78,11,328.459389
-0.15,15,328.508346
1.66,10,328.540604
1.31,11,328.575246
-0.34,13,328.611605
1.14,4,328.671158
1.6,12,328.714999
-0.38,15,328.759851
1.69,13,328.804625
1.68,11,328.836985
-0.46,15,328.887713
-0.56,14,328.931362
-0.49,10,328.964949
1.64,10,328.999132
-0.76,11,329.030767
-0.64,11,329.067906
1.68,11,329.100775
1.54,9,329.124424
1.71,14,329.172606
1.53,10,329.210097
-0.41,11,329.246377
-0.62,9,329.278821
1.14,4,329.290926
-0.79,9,329.319601
-0.46,12,329.356396
1.63,11,329.39484
-0.46,10,329.428411
1.14,4,329.443421
1.64,10,329.474104
1.49,9,329.503303
1.63,11,329.536857
1.75,12,329.578508
-0.63,12,329.613746
-0.69,8,329.640536
1.52,11,329.67321
-0.57,9,329.708436
1.54,9,329.737715
1.37,10,329.764467
-0.46,13,329.804422
-0.46,13,329.847904
1.54,9,329.875419
1.54,9,329.904743
1.49,18,329.958623
-0.57,12,329.997151
-0.71,10,330.029763
-0.61,11,330.067752
1.61,10,330.100631
-0.63,13,330.144485
1.38,9,330.174992
-0.7,11,330.209772
1.48,10,330.241919
-0.68,13,330.283982
-0.82,7,330.305254
1.55,10,330.336728
1.26,9,330.370161
1.99,18,330.429037
-0.35,13,330.46571
-0.59,8,330.488133
1.54,9,330.518315
-0.31,14,330.565098
-0.7,9,330.593769
-0.58,11,330.628698
-0.33,15,330.677718
1.54,9,330.707615
-0.59,12,330.743707
1.54,9,330.773528
-0.64,10,330.807991
1.55,10,330.835553
1.35,11,330.870428
1.54,9,330.900671
-0.23,15,330.94719
1.63,11,330.985878
1.14,4,330.997589
1.63,11,331.036195
1.54,9,331.068552
-0.55,14,331.107309
1.54,9,331.139817
-0.65,12,331.181624
-0.59,12,331.22351
1.44,9,331.253427
1.66,10,331.281221
1.14,4,331.293706
-0.52,15,331.342006
-0.46,9,331.374748
1.39,10,331.405107
1.65,12,331.438992
1.54,9,331.467866
-0.7,9,331.496053
1.55,12,331.535139
-0.46,9,331.565487
1.3,9,331.594651
1.66,10,331.69269
-0.71,13,331.735503
-0.7,9,331.76445
-0.58,13,331.803762
-0.52,8,331.83305
-0.71,7,331.858079
1.54,9,331.883853
1.59,10,331.915687
1.66,10,331.952435
-0.63,12,331.993774
-0.8,10,332.02542
-0.7,15,332.075283
-0.66,9,332.111254
1.56,10,332.144207
1.66,10,332.181221
-0.44,16,332.221553
-0.53,10,332.251617
1.36,11,332.29125
1.63,11,332.32238
-0.39,18,332.378055
1.48,10,332.412352
-0.16,15,332.462672
1.14,4,332.474935
-0.68,11,332.509493
1.58,10,332.54258
-0.53,12,332.57766
-0.56,14,332.61902
1.56,9,332.650297
-0.6,9,332.688004
-0.73,9,332.719644
1.43,10,332.746583
-0.3,13,332.792262
1.69,10,332.825397
1.14,4,332.838663
1.54,9,332.867173
-0.45,13,332.905692
1.64,10,332.943358
-0.65,12,332.98005
1.54,9,333.009798
1.5,10,333.044916
1.29,9,333.072357
1.4,10,333.106659
-0.56,11,333.135899
1.48,11,333.174727
-0.47,13,333.21618
-0.57,11,333.252931
1.61,10,333.289452
-0.76,8,333.31751
1.36,10,333.350709
1.74,11,333.384455
-0.15,18,333.437688
1.63,11,333.468174
1.45,9,333.498887
-0.5,16,333.548591
1.54,9,333.579894
1.14,4,333.592549
-0.45,11,333.627961
1.54,9,333.659851
1.81,17,333.707603
-0.81,11,333.73948
1.64,10,333.772376
1.45,9,333.801869
-0.53,12,333.840035
-0.37,18,333.890977
-0.31,14,333.935055
-0.4,13,333.983123
-0.31,16,334.02842
1.43,9,334.052634
1.45,10,334.087311
1.64,10,334.122937
-0.49,12,334.158556
1.43,9,334.183328
-0.71,11,334.226314
-0.43,11,334.267261
1.64,10,334.294406
-0.65,9,334.320352
1.4,12,334.353807
1.46,9,334.381805
-0.47,15,334.426376
-0.79,11,334.456657
-0.46,13,334.500979
-0.48,14,334.54233
1.63,11,334.579682
-0.7,8,334.603285
-0.05,20,334.64987
1.14,4,334.663561
-0.65,11,334.702351
1.43,9,334.734098
1.54,9,334.766913
-0.32,11,334.800976
1.38,9,334.828948
-0.83,7,334.850767
1.35,11,334.884374
-0.71,6,334.906431
1.54,9,334.93618
1.52,10,334.967928
1.48,12,335.004794
-0.67,8,335.035093
-0.42,13,335.075386
1.14,4,335.087553
-0.71,6,335.110353
1.79,13,335.156529
1.33,8,335.250503
-0.77,12,335.29324
-0.55,13,335.330328
1.33,11,335.361352
-0.67,9,335.388121
-0.88,6,335.408713
-0.51,11,335.451653
1.31,10,335.48434
-0.63,10,335.515454
-0.58,10,335.548162
-0.43,15,335.590051
1.38,9,335.619257
1.46,12,335.659761
1.64,10,335.692017
-0.7,8,335.717818
-0.34,11,335.753803
1.35,12,335.789413
1.23,7,335.811754
1.64,10,335.842223
1.44,10,335.875241
-0.43,13,335.915515
-0.36,16,335.961318
-0.68,15,336.009668
-0.48,13,336.05054
-0.68,12,336.089377
1.66,10,336.122044
-0.62,11,336.16477
1.66,10,336.199744
-0.33,14,336.245121
-0.77,7,336.267188
1.82,16,336.313579
-0.67,8,336.337631
-0.58,10,336.372018
1.25,7,336.395188
1.64,10,336.433383
1.48,9,336.463495
1.64,10,336.497301
1.6,11,336.535104
-0.58,11,336.574625
1.64,10,336.602644
1.4,10,336.635859
1.14,4,336.648754
1.69,10,336.680427
-1.01,8,336.705575
-0.65,12,336.743294
1.28,8,336.767064
1.78,14,336.813944
1.49,9,336.838355
1.14,4,336.852249
1.76,11,336.889497
-0.4,14,336.935713
-0.58,13,336.977391
1.14,4,336.991554
1.14,4,337.002246
1.63,11,337.039869
1.14,4,337.05328
1.64,12,337.09315
1.38,9,337.128311
1.55,10,337.164687
-0.71,10,337.200718
-0.8,10,337.231094
1.47,11,337.263443
1.48,10,337.296471
1.33,11,337.328406
1.74,11,337.362709
-0.72,13,337.398726
1.54,9,337.430744
1.59,10,337.465603
1.14,4,337.474552
-0.55,13,337.521015
1.66,10,337.552623
1.67,12,337.589414
1.14,4,337.602093
-0.8,7,337.625359
-0.39,13,337.670166
-0.62,11,337.707446
-0.23,16,337.754552
1.14,4,337.766672
1.14,4,337.783462
-0.5,10,337.818245
-0.37,13,337.85751
1.14,4,337.870268
1.64,10,337.901962
-0.39,15,337.945748
1.54,9,337.974303
1.43,9,338.005338
-0.48,13,338.042852
-0.58,10,338.078607
1.39,8,338.100695
1.14,4,338.114625
1.66,10,338.150586
1.74,11,338.188015
-0.07,17,338.244771
1.14,4,338.253806
1.54,9,338.282939
-0.56,11,338.315371
-0.88,6,338.338542
-0.48,11,338.375452
1.47,9,338.408206
1.14,4,338.421443
1.6,11,338.451494
1.14,4,338.464866
-0.57,15,338.513093
1.42,11,338.549725
1.54,9,338.576051
-0.67,8,338.603563
1.66,12,338.647898
-0.32,17,338.689248
-0.6,15,338.734858
-0.83,10,338.768813
1.59,10,338.79855
1.54,9,338.824583
-0.32,15,338.868801
-0.22,13,338.933885
1.66,10,338.982998
-0.22,17,339.038206
-0.88,7,339.065441
-0.33,15,339.104797
-0.42,14,339.148581
1.14,4,339.161967
-0.59,11,339.198954
1.48,10,339.230967
1.43,9,339.265901
-0.58,14,339.306181
1.14,4,339.316306
-0.02,14,339.36115
1.82,14,339.399191
1.54,9,339.427792
-0.39,15,339.472509
-0.79,6,339.496194
-0.62,9,339.530826
1.29,13,339.572306
-0.47,16,339.623605
1.34,7,339.64792
1.71,12,339.691457
-0.61,12,339.723728
-0.23,15,339.765541
-0.81,8,339.789992
-0.63,11,339.823509
-0.45,12,339.859906
1.55,11,339.895018
-0.55,12,339.93233
-0.56,11,339.968669
-0.71,10,339.995865
-0.64,11,340.032275
-0.52,10,340.06408
1.66,11,340.103789
1.48,10,340.136982
1.64,10,340.169215
1.74,11,340.207178
-0.46,13,340.2553
1.62,12,340.295133
1.33,10,340.331241
-0.42,14,340.375567
-0.68,10,340.415526
1.71,12,340.451229
-0.48,17,340.49737
1.14,4,340.506312
1.69,11,340.539878
1.44,13,340.582262
-0.62,10,340.620142
1.64,10,340.651752
-0.18,16,340.724123
-0.64,10,340.759991
-0.37,14,340.80044
1.64,10,340.830973
-0.54,16,340.872397
-0.42,15,340.918115
1.64,10,340.951468
1.85,16,341.008296
-0.38,20,341.063755
1.64,10,341.09251
1.53,10,341.120798
1.64,14,341.165211
-0.57,10,341.201228
1.14,4,341.214211
-0.44,17,341.274109
1.66,10,341.304319
-0.39,11,341.340442
1.5,11,341.379045
-0.53,13,341.424489
-0.48,15,341.470761
1.4,9,341.496395
1.51,9,341.522426
1.45,10,341.551736
1.64,11,341.588776
-0.57,14,341.635052
-0.92,5,341.655854
1.54,9,341.68407
1.65,12,341.721493
-0.4,15,341.770027
-0.67,11,341.803197
-0.76,12,341.845709
-0.54,10,341.931171
1.55,10,341.962869
1.58,10,341.99707
-0.69,11,342.036448
1.38,9,342.065329
1.63,11,342.102271
-0.59,14,342.143662
1.14,4,342.157947
1.54,9,342.187032
1.64,10,342.224986
1.44,11,342.263773
1.66,10,342.303607
1.48,10,342.352242
-0.68,9,342.377252
-0.35,11,342.414669
-0.65,11,342.44752
-0.73,9,342.479189
1.59,10,342.510128
1.66,10,342.545515
-0.54,14,342.588484
-0.66,10,342.627009
-0.68,10,342.660685
1.69,11,342.692517
1.69,10,342.721479
1.52,11,342.752936
-0.55,14,342.878881
1.6,11,342.914812
-0.63,13,342.957054
-0.34,15,343.000301
1.54,9,343.033902
-0.67,9,343.065251
1.23,10,343.094501
1.85,13,343.136842
-0.58,10,343.171712
-0.67,10,343.208703
1.65,12,343.244974
1.69,13,343.28834
1.59,10,343.321191
-0.11,13,343.367884
-0.39,13,343.406918
-0.61,12,343.451611
1.61,11,343.487947
-0.44,12,343.528704
1.37,10,343.556146
-0.8,10,343.587187
-0.06,18,343.641399
1.53,10,343.67095
-0.57,15,343.709221
1.48,10,343.749857
1.33,8,343.774652
-0.49,12,343.814045
1.69,10,343.845297
1.54,9,343.877699
-0.56,12,343.920656
1.54,9,343.948447
-0.82,9,343.983256
1.23,10,344.020866
1.53,10,344.055725
-0.55,14,344.09672
1.14,4,344.11058
1.14,4,344.125699
-0.41,13,344.170512
-0.79,9,344.196914
-0.73,14,344.241851
1.14,4,344.25494
1.29,10,344.290422
1.36,12,344.333842
1.64,10,344.364496
-0.73,11,344.398315
1.64,10,344.433301
-0.68,10,344.468587
-0.65,13,344.515521
-0.88,7,344.539032
-0.63,10,344.579392
-0.73,9,344.604736
1.14,4,344.617137
1.64,10,344.652025
1.66,10,344.682181
1.53,11,344.723079
1.14,4,344.737252
-0.8,10,344.77048
-0.25,18,344.836685
-0.71,6,344.855841
-0.37,12,344.885909
-0.07,19,344.942354
-0.89,8,344.969456
-0.25,14,345.02266
-0.84,8,345.043915
1.64,10,345.074208
1.5,13,345.122808
1.54,9,345.152449
-0.63,13,345.196768
-0.27,15,345.248692
1.14,4,345.262202
-0.34,10,345.293347
-0.6,14,345.340553
1.69,10,345.37302
1.55,11,345.412261
-1.0,7,345.435289
1.56,9,345.463875
-0.56,12,345.497334
1.64,10,345.529104
1.48,9,345.559779
-0.67,9,345.589149
-0.35,12,345.626623
-0.33,13,345.675076
-0.37,12,345.714811
-0.98,5,345.731076
-0.73,9,345.763269
1.14,4,345.776814
1.66,10,345.809943
-0.47,16,345.858516
-0.34,15,345.903916
-0.74,10,345.933476
1.64,13,345.980049
-0.85,10,346.008725
1.44,9,346.033057
-0.68,11,346.070275
1.56,9,346.099508
1.64,10,346.134051
1.54,9,346.161956
1.54,9,346.196941
-0.5,10,346.236067
1.14,4,346.249696
-0.62,9,346.280653
-0.77,9,346.315044
1.54,14,346.364539
-0.31,17,346.407726
1.69,10,346.440225
-0.47,15,346.485873
-0.61,10,346.517042
1.4,10,346.55214
1.69,10,346.594791
-0.72,10,346.699851
1.64,10,346.744247
1.69,14,346.790442
1.69,10,346.817245
-0.74,10,346.852437
1.64,10,346.890397
-0.68,10,346.924206
-0.55,9,346.958035
-0.37,11,346.988276
-0.5,14,347.035557
1.54,12,347.071345
1.54,9,347.094177
1.54,9,347.124267
1.48,10,347.157098
-0.69,10,347.190589
-0.37,14,347.241976
-0.55,11,347.280967
-0.6,10,347.3184
-0.55,10,347.351203
1.64,10,347.384151
-0.51,13,347.432816
1.59,10,347.467481
1.63,11,347.508431
-0.7,9,347.538273
1.54,9,347.565238
-0.39,16,347.60876
1.74,11,347.641943
1.51,9,347.671922
1.64,10,347.705565
-0.3,14,347.747459
1.54,13,347.791958
1.7,14,347.840032
1.37,9,347.875997
1.54,9,347.908083
-0.32,16,347.961358
-0.77,7,347.987472
1.53,10,348.023948
1.37,9,348.051094
-0.76,7,348.078925
1.59,10,348.113977
1.37,11,348.152641
1.43,9,348.185814
1.14,4,348.200174
-0.57,11,348.242268
-0.58,17,348.298472
-0.75,14,348.346034
-0.72,13,348.396546
1.76,11,348.439315
-0.63,12,348.481199
-0.76,6,348.503603
-0.65,9,348.532051
-0.59,12,348.57816
1.32,11,348.622185
1.66,10,348.65563
-0.41,17,348.709299
-0.46,9,348.737291
1.49,10,348.768608
-0.44,14,348.806895
1.62,13,348.845897
1.54,9,348.878302
1.39,11,348.913188
-0.46,12,348.945391
1.63,11,348.979888
1.14,4,348.990847
1.66,14,349.035001
1.55,10,349.067509
1.51,10,349.102374
-0.76,6,349.120993
1.55,10,349.158247
-0.33,17,349.208501
1.48,9,349.240356
1.83,14,349.288868
1.69,11,349.325308
1.58,10,349.358698
-0.35,14,349.402133
-0.42,14,349.449406
-0.64,11,349.485617
-0.65,12,349.528082
-0.81,12,349.565114
1.54,9,349.592645
1.42,11,349.627414
1.45,10,349.658111
1.54,9,349.686546
-0.4,12,349.722867
1.65,11,349.759969
-0.34,13,349.805568
1.66,10,349.840286
1.64,10,349.873908
1.55,14,349.916385
-0.41,13,349.948546
-0.08,18,350.002535
1.68,14,350.048861
-0.45,14,350.099858
-0.81,8,350.121103
-0.39,16,350.16238
1.54,9,350.190957
1.87,15,350.235646
1.4,10,350.267587
0.05,20,350.326396
1.14,4,350.339611
-0.42,10,350.374341
-0.57,9,350.402725
1.64,12,350.44226
-0.59,14,350.484373
1.61,12,350.51894
-0.59,11,350.551881
-0.5,10,350.587074
1.37,13,350.624849
1.52,11,350.656742
1.14,4,350.66821
1.63,11,350.697617
1.64,10,350.727038
-0.71,6,350.749588
-0.68,9,350.778587
1.86,18,350.88043
1.54,9,350.922554
-0.29,15,350.976149
-0.36,10,351.010488
1.66,10,351.040195
1.34,11,351.074821
-0.46,9,351.106362
1.51,10,351.13742
1.56,14,351.186537
1.44,9,351.213399
-0.51,13,351.264478
1.29,9,351.291665
1.51,12,351.333872
-0.7,8,351.362721
-0.79,10,351.392796
1.44,13,351.437741
-0.67,11,351.47175
1.14,4,351.485375
1.64,13,351.530099
1.53,10,351.557394
1.14,4,351.570382
-0.49,15,351.611552
-0.15,17,351.657362
1.66,10,351.685421
1.54,9,351.709861
1.63,11,351.743758
1.51,9,351.769417
-0.25,13,351.810443
1.64,10,351.849874
1.74,14,351.895635
-0.62,8,351.928826
-0.57,11,351.964641
1.68,12,352.007136
-0.61,13,352.052313
-0.58,13,352.100312
-0.36,12,352.143266
-0.7,12,352.184315
-0.76,6,352.205134
-0.79,12,352.242585
-0.58,10,352.273429
-0.62,10,352.305883
1.35,12,352.345324
1.14,4,352.360867
1.49,14,352.401926
-0.49,12,352.445778
-0.56,14,352.498521
1.61,11,352.539286
-0.31,15,352.590718
1.54,12,352.626434
1.54,9,352.657395
-0.67,11,352.692964
1.67,13,352.744264
-0.52,10,352.775826
-0.72,8,352.811545
-0.72,14,352.867563
1.53,10,352.901463
1.53,10,352.938492
1.36,11,352.969769
-0.53,11,353.008612
-0.48,11,353.042978
1.64,10,353.074251
-0.68,9,353.103631
-0.52,10,353.138119
-0.39,13,353.1816
-0.68,8,353.207098
1.41,11,353.24662
-0.78,7,353.269486
-0.41,14,353.310794
1.69,10,353.348503
1.36,12,353.386911
-0.49,16,353.432518
1.73,12,353.471871
1.54,9,353.499326
1.61,11,353.586048
-0.54,14,353.633747
-0.77,7,353.658133
-0.63,10,353.695085
-0.54,15,353.731939
-0.64,11,353.768499
-0.57,13,353.809255
1.44,12,353.839982
-0.16,16,353.888083
-0.7,11,353.92198
-0.45,15,353.966408
1.14,4,353.977814
-0.63,12,354.021093
1.48,12,354.056943
1.47,10,354.091551
1.49,13,354.133438
1.67,16,354.178715
-0.47,10,354.211715
-0.67,8,354.235803
-0.25,14,354.274241
1.58,11,354.305423
1.51,10,354.344834
1.64,10,354.376204
-0.6,14,354.427409
1.55,10,354.459653
1.14,4,354.475338
1.6,13,354.520286
1.72,13,354.556645
1.51,14,354.601249
-0.31,15,354.650258
1.63,11,354.682226
1.53,10,354.72292
-0.51,9,354.799775
-0.48,12,354.838394
1.39,11,354.870666
1.65,11,354.90998
1.66,11,354.943787
1.66,10,354.978871
-0.47,19,355.037944
-0.58,14,355.075333
1.14,4,355.085198
-0.59,9,355.115249
1.64,10,355.13877
1.32,12,355.175431
1.58,13,355.222235
1.64,10,355.259328
1.52,12,355.287855
-0.82,12,355.321491
1.54,9,355.348299
1.61,16,355.397731
-0.78,9,355.430635
-0.43,11,355.462162
1.43,9,355.491015
-0.28,17,355.542137
1.42,10,355.573229
1.14,4,355.586609
-0.34,15,355.635114
-0.72,8,355.664614
1.6,11,355.699465
-0.97,4,355.711382
-0.57,12,355.748598
-0.61,8,355.770242
1.64,10,355.798544
-0.66,12,355.831791
-0.64,13,355.871784
1.57,15,355.913489
-0.28,14,355.959476
1.59,10,355.993172
1.64,10,356.030296
1.69,11,356.065226
1.54,9,356.095116
1.33,10,356.127023
1.54,9,356.159222
-0.4,11,356.200448
-0.19,17,356.254358
1.7,15,356.302862
1.53,10,356.340885
1.14,4,356.355237
1.14,4,356.368987
-0.74,10,356.405405
-0.64,13,356.447815
1.53,10,356.483168
1.48,9,356.509639
1.34,10,356.542044
-0.65,14,356.583598
1.66,17,356.638855
1.54,9,356.670948
-0.58,10,356.703904
1.62,13,356.744141
1.43,9,356.769885
-0.48,11,356.80409
-0.46,12,356.835614
1.63,11,356.869741
-0.8,7,356.898379
-0.64,11,356.93868
1.64,10,356.973078
-0.22,14,357.018619
-0.46,9,357.053858
1.29,9,357.085459
-0.53,14,357.13573
1.54,9,357.165792
-0.49,13,357.210831
1.51,10,357.247389
1.48,13,357.29176
1.14,4,357.30532
-0.52,11,357.346823
1.38,12,357.389929
-0.62,12,357.432433
1.62,11,357.475146
1.48,9,357.503585
-0.37,14,357.541884
-0.69,12,357.582189
-0.67,15,357.633746
-0.41,12,357.6776
1.45,15,357.728488
1.54,9,357.761202
1.57,14,357.803027
1.64,10,357.838617
1.58,10,357.878964
-0.49,14,357.922639
-0.77,9,357.95268
-0.61,8,357.988122
1.36,8,358.017846
-0.47,11,358.053574
1.66,10,358.088027
-0.38,12,358.135312
1.53,10,358.168201
-0.5,13,358.212098
-0.52,16,358.252923
-0.69,10,358.295086
1.58,18,358.36144
-0.34,14,358.405662
-0.77,7,358.432862
1.36,8,358.462402
1.61,11,358.496729
-0.24,18,358.651228
-0.72,11,358.68375
-0.61,11,358.719644
1.64,10,358.754929
-0.7,14,358.800022
1.64,10,358.83352
1.14,4,358.850026
1.54,9,358.879406
1.14,4,358.892905
1.64,10,358.927688
-0.78,8,358.954231
-0.46,9,358.98069
-0.62,8,359.0047
-0.28,14,359.045611
-0.53,11,359.083665
1.64,10,359.119832
1.54,9,359.150641
1.48,9,359.179549
1.14,4,359.194448
1.72,14,359.235144
-0.08,20,359.29107
-0.27,16,359.336858
-0.56,11,359.374698
-0.74,7,359.398297
1.47,10,359.433358
-0.28,17,359.489751
-0.25,14,359.530133
-0.59,9,359.560774
-0.35,17,359.61258
1.52,11,359.64741
1.65,12,359.683486
-0.52,11,359.71691
1.14,4,359.728119
1.36,12,359.765502
1.33,10,359.800331
-0.39,14,359.842991
1.64,10,359.873507
1.58,11,359.910173
1.59,10,359.93902
-0.5,14,359.983944
1.55,10,360.010561
1.54,9,360.041413
1.64,10,360.079518
-0.3,13,360.122152
-0.31,15,360.171247
-0.67,12,360.211108
1.26,11,360.250678
1.35,11,360.284846
1.14,4,360.296299
1.14,4,360.307499
1.37,10,360.345127
-0.46,14,360.386751
1.55,14,360.429557
1.91,14,360.474534
-0.47,13,360.517762
-0.36,14,360.562275
-0.63,9,360.593824
1.47,10,360.632265
-0.36,10,360.662853
1.51,9,360.690846
1.14,4,360.703032
-0.87,6,360.724972
1.53,10,360.760205
-0.57,14,360.800779
1.37,10,360.834852
1.14,4,360.848596
1.78,20,360.906298
-0.31,12,360.944034
-0.42,11,360.978184
1.49,14,361.024727
-0.18,17,361.0783
-0.53,11,361.113159
1.66,10,361.151033
1.52,11,361.187608
-0.55,10,361.226833
-0.52,11,361.260411
1.51,10,361.296752
-0.49,16,361.354746
1.64,10,361.385911
-0.62,8,361.411902
1.45,14,361.459915
1.14,4,361.469601
1.31,10,361.501653
-0.46,14,361.549973
-0.83,7,361.575383
-0.54,13,361.618827
1.54,9,361.654966
1.21,11,361.693451
1.4,14,361.733591
1.49,12,361.773277
1.64,14,361.825709
1.61,10,361.852496
-0.46,9,361.882705
1.43,9,361.913653
1.78,16,361.969213
-0.64,8,361.997646
1.45,9,362.029245
1.38,9,362.057189
-0.46,9,362.094491
-0.68,13,362.138122
1.34,10,362.175287
1.14,4,362.189538
1.32,9,362.224754
1.35,9,362.251497
1.66,11,362.288726
-0.33,11,362.32274
-0.67,10,362.422092
-0.55,11,362.457118
1.64,10,362.492032
1.54,9,362.518909
1.47,11,362.560318
1.4,10,362.602374
1.64,10,362.632818
-0.54,13,362.672249
1.69,11,362.714417
1.42,10,362.752097
-0.5,14,362.798931
-0.9,6,362.839963
1.49,9,362.881345
-0.67,9,362.914205
-0.73,8,362.940003
-0.41,13,362.981062
1.78,13,363.018952
-0.15,16,363.066694
-0.7,8,363.095929
1.5,13,363.140679
1.54,9,363.173094
1.45,9,363.200185
-0.73,9,363.229111
1.54,9,363.260427
1.36,11,363.301952
-0.64,10,363.381013
1.14,4,363.395311
1.64,15,363.444239
1.33,8,363.472358
-0.58,10,363.504703
1.49,9,363.536638
1.28,10,363.571568
-0.74,10,363.613277
-0.74,10,363.646766
-0.41,17,363.700854
1.22,8,363.725404
1.51,10,363.759214
1.54,9,363.785425
1.14,4,363.799661
-0.44,12,363.844822
-0.48,11,363.883547
1.39,9,363.914505
-0.35,11,363.948089
1.59,10,363.974522
-0.73,10,364.013167
-0.61,11,364.053572
-0.46,15,364.101193
1.59,10,364.142563
-0.54,11,364.184061
-0.63,10,364.214785
1.38,9,364.248238
-0.36,12,364.319376
-0.83,10,364.358165
-0.66,16,364.420716
1.51,14,364.466181
-0.34,15,364.522903
-0.51,13,364.562068
1.4,10,364.595629
1.32,13,364.632132
-0.55,15,364.68029
-0.44,10,364.709358
1.14,4,364.721183
-0.41,15,364.766581
1.64,10,364.799218
1.54,9,364.830318
-0.46,12,364.871252
1.56,10,364.900064
-0.51,13,364.948291
-0.57,9,364.978975
1.64,10,365.012362
1.38,11,365.042747
1.47,10,365.073092
-0.62,12,365.111544
1.68,11,365.147278
-0.4,17,365.197278
-0.43,13,365.238418
-0.61,10,365.267856
-0.48,14,365.310068
1.59,10,365.344926
-0.46,9,365.378166
-0.55,13,365.429852
1.52,11,365.474007
1.43,12,365.5138
-0.45,13,365.553192
1.37,15,365.594672
-0.49,14,365.629811
1.64,10,365.66578
1.5,14,365.709405
1.42,10,365.742062
1.59,13,365.77856
-0.5,20,365.838587
1.5,10,365.87219
1.38,9,365.901452
-0.94,7,365.921451
-0.74,11,365.954421
1.58,12,365.991604
-0.72,8,366.01983
-0.69,8,366.04679
1.14,4,366.060269
1.36,10,366.093155
-0.38,16,366.142523
1.54,9,366.174856
1.51,10,366.204866
1.55,10,366.239739
1.54,9,366.272121
-0.63,12,366.310301
1.53,10,366.344425
1.69,11,366.380391
-0.79,11,366.409596
-0.34,15,366.453906
1.55,11,366.487053
1.56,10,366.518953
-0.79,9,366.553612
1.64,10,366.588189
-0.34,16,366.633219
1.64,10,366.660145
1.59,10,366.693928
-0.66,10,366.720553
-0.6,12,366.753601
1.14,4,366.767055
1.46,10,366.806648
1.73,12,366.844053
-0.49,10,366.876134
1.47,11,366.909416
1.37,12,366.949161
-0.93,9,366.977026
-0.76,11,367.011715
-0.49,14,367.057063
1.64,10,367.093863
1.53,10,367.126506
-0.61,11,367.157895
-0.81,11,367.196458
1.33,8,367.227007
1.55,10,367.256971
1.5,11,367.29077
-0.69,13,367.335847
1.49,11,367.363822
1.58,11,367.393563
-0.71,10,367.423584
-0.63,13,367.460902
-0.58,11,367.498852
-0.63,13,367.531487
-0.56,12,367.573491
1.45,10,367.605521
-0.21,14,367.653422
1.14,4,367.665017
1.5,10,367.699646
-0.37,13,367.743685
-0.76,9,367.772611
-0.63,12,367.807494
1.74,12,367.849462
1.64,10,367.884314
-0.8,9,367.917591
-0.58,11,367.947511
1.47,10,368.0476
-0.6,10,368.076387
-0.39,16,368.126639
-0.61,12,368.164821
1.54,11,368.20614
-0.37,14,368.251037
1.48,10,368.284442
1.59,10,368.321516
1.47,11,368.354344
-0.61,14,368.397781
-0.36,11,368.43761
-0.69,10,368.469799
1.64,10,368.501121
-0.75,8,368.526749
-0.16,18,368.576382
-0.41,16,368.627141
1.59,10,368.661452
-0.52,13,368.702482
-0.34,16,368.751672
-0.83,7,368.771879
-0.43,13,368.816456
1.72,15,368.854655
1.69,12,368.893241
-0.22,17,368.94519
-0.44,14,368.991356
-0.65,12,369.021911
1.31,10,369.052945
-0.62,14,369.094248
1.14,4,369.105451
-0.52,11,369.138367
1.23,7,369.1583
1.37,12,369.19139
-0.43,14,369.226692
1.63,11,369.260243
1.54,9,369.290788
1.14,4,369.30354
-0.45,11,369.33806
-0.61,10,369.372012
1.64,10,369.399297
-0.57,12,369.436826
1.49,9,369.464015
-0.44,10,369.497872
-0.63,12,369.536041
-0.67,8,369.558542
1.57,15,369.603421
1.69,11,369.635152
1.7,11,369.67257
1.54,9,369.701255
-0.83,8,369.724119
-0.64,14,369.771035
1.45,10,369.80579
-0.82,6,369.829067
1.44,11,369.85964
1.51,10,369.889963
1.14,4,369.906085
-0.45,11,369.942941
-0.58,17,369.994615
-0.76,6,370.011237
-0.66,10,370.043163
-0.66,10,370.075685
-0.55,11,370.111317
-0.5,15,370.155675
1.54,9,370.186338
-0.39,10,370.221511
1.69,11,370.259961
-0.63,11,370.296341
-0.32,11,370.335102
1.54,9,370.360373
1.57,13,370.400933
-0.49,12,370.438302
-0.63,12,370.475431
1.36,8,370.50421
1.64,13,370.543667
1.51,9,370.574873
1.36,11,370.614894
-0.48,13,370.652394
1.81,11,370.683005
1.82,13,370.723682
-0.6,10,370.761899
1.05,8,370.788347
1.5,13,370.829821
1.49,15,370.87218
-0.49,10,370.904287
-0.46,12,370.938344
1.54,9,370.967003
-0.29,14,371.013312
1.78,15,371.058129
1.47,11,371.091328
1.14,4,371.102618
-0.25,16,371.155177
1.21,8,371.182451
1.45,10,371.215978
1.47,14,371.250296
-0.24,15,371.335155
1.54,9,371.375565
1.21,9,371.409775
-0.53,12,371.451706
-0.72,11,371.488835
-0.93,6,371.515176
1.66,10,371.545543
-0.41,13,371.589396
-0.64,14,371.63038
1.37,9,371.656461
1.64,10,371.689407
1.58,10,371.72072
-0.61,13,371.832134
-0.31,16,371.897198
-0.8,12,371.934559
1.54,9,371.963718
1.14,4,371.976744
1.7,13,372.017332
1.53,10,372.051158
1.69,11,372.089028
-0.77,9,372.123868
-0.84,8,372.148968
-0.88,7,372.166878
-0.85,10,372.203554
1.69,11,372.242654
-0.21,17,372.292766
1.4,9,372.326468
-0.5,13,372.369465
-0.19,16,372.424097
-0.37,12,372.468986
1.23,7,372.49353
-0.74,9,372.521697
-0.45,14,372.573491
1.69,10,372.60601
-0.85,6,372.624567
-0.55,13,372.668669
-0.65,10,372.706261
1.52,11,372.741549
1.43,14,372.7841
-0.16,19,372.842093
1.54,9,372.875622
1.52,11,372.90748
1.64,10,372.934452
-0.27,19,372.99164
1.54,9,373.018012
1.64,10,373.054486
-0.25,13,373.102546
1.44,12,373.140687
1.73,11,373.175797
1.69,10,373.204486
1.82,14,373.252649
-0.44,16,373.309221
1.64,10,373.336398
1.47,11,373.370902
1.69,10,373.403978
-0.53,11,373.444973
1.66,10,373.477674
1.91,18,373.525067
1.54,9,373.553674
-0.85,12,373.589113
-0.09,14,373.630651
-0.59,12,373.672484
1.61,10,373.702977
1.56,9,373.733853
1.14,4,373.746705
1.53,10,373.775769
1.81,13,373.817946
1.66,10,373.845293
1.42,11,373.880766
1.66,10,373.914007
1.35,11,374.022211
-0.59,14,374.066535
1.44,10,374.109589
1.32,8,374.136791
-0.51,16,374.188819
1.33,10,374.223084
1.14,4,374.234601
1.47,11,374.273358
1.69,11,374.320021
-0.34,14,374.370501
-0.87,6,374.402326
-0.31,16,374.45436
1.27,12,374.48924
1.56,9,374.52382
1.54,9,374.561619
1.61,10,374.602023
-0.36,13,374.654158
-0.89,7,374.685048
-0.45,12,374.725024
-0.76,12,374.765833
1.31,10,374.792033
1.64,10,374.827627
1.48,10,374.854496
1.19,5,374.871165
1.47,10,374.906101
1.19,5,374.923392
1.66,11,374.965566
-0.24,15,375.021111
1.14,4,375.038373
1.63,11,375.090338
1.54,9,375.133647
-0.77,7,375.165458
-0.25,13,375.210794
1.55,11,375.246554
-0.77,10,375.284905
1.64,10,375.334759
1.14,4,375.352596
-0.36,13,375.415524
-0.7,11,375.472502
1.62,12,375.53579
1.54,9,375.566306
-0.62,11,375.600755
-0.65,9,375.628001
1.47,10,375.66149
1.14,4,375.671097
-0.55,12,375.708455
1.64,10,375.745214
1.55,10,375.778516
1.29,7,375.80032
-0.5,14,375.904806
-0.75,12,375.948475
-0.5,11,375.982521
-0.63,15,376.027336
1.44,14,376.073276
1.67,11,376.103698
-0.25,17,376.162736
1.54,9,376.186364
1.14,4,376.199446
1.61,11,376.237855
1.48,9,376.270581
1.32,9,376.295429
-0.47,11,376.330902
-0.66,10,376.359849
1.61,11,376.399177
-0.76,6,376.417397
-0.61,8,376.440566
1.64,10,376.474382
1.53,12,376.515435
-0.14,15,376.560805
1.54,9,376.584983
1.35,9,376.614114
1.67,13,376.653398
1.33,14,376.6972
-0.57,11,376.731261
1.14,4,376.743922
1.39,11,376.779781
-0.42,14,376.818656
1.56,10,376.850674
-0.71,11,376.880347
-0.56,12,376.915641
1.14,4,376.926458
-0.65,17,376.977954
-0.57,10,377.006671
-0.35,15,377.061477
-0.83,7,377.084216
-0.31,14,377.127024
1.64,10,377.156289
1.54,9,377.189955
1.49,9,377.220811
1.66,10,377.257742
1.78,16,377.312386
1.51,10,377.345701
1.54,9,377.375092
-0.53,14,377.416943
-0.82,6,377.436976
-0.51,12,377.478732
1.14,4,377.49186
-0.67,8,377.520497
1.72,17,377.580605
-0.79,12,377.625773
-0.63,13,377.670789
1.46,9,377.69954
1.64,10,377.732993
1.67,12,377.772241
1.54,9,377.804871
-0.45,13,377.846738
-0.55,11,377.879055
1.5,11,377.914506
1.4,10,377.94727
-0.4,15,377.998683
1.71,11,378.0343
-0.25,14,378.079684
1.14,4,378.089023
-0.48,17,378.1486
1.38,12,378.19089
1.49,10,378.224974
-0.48,15,378.285354
-0.46,13,378.348712
-0.65,10,378.418932
1.45,9,378.484977
-0.53,11,378.547237
1.54,9,378.579942
1.65,12,378.623316
-0.39,15,378.679758
-0.34,15,378.732142
1.51,10,378.769584
1.43,10,378.806221
1.21,9,378.838194
-0.6,13,378.883286
1.14,4,378.895394
1.14,4,378.910591
1.66,10,378.947805
1.51,11,378.992017
1.54,9,379.025293
-0.67,8,379.056693
-0.46,10,379.094649
-0.38,15,379.14507
-0.58,11,379.187843
1.14,4,379.199002
-0.54,12,379.240148
-0.77,7,379.267352
1.44,10,379.304149
-0.7,9,379.341436
-0.59,12,379.381589
-0.77,7,379.399746
-0.69,11,379.43376
1.61,11,379.474939
-0.41,15,379.524544
1.54,9,379.550367
1.54,9,379.581943
1.49,9,379.625815
-0.61,10,379.666319
1.51,13,379.708578
1.64,10,379.745291
-0.57,9,379.783339
-0.31,17,379.904623
1.39,10,379.932651
1.36,11,379.967532
1.54,9,380.005965
-0.39,11,380.044664
-0.4,11,380.080689
1.46,9,380.114938
-0.48,15,380.169251
1.54,9,380.198637
-0.33,16,380.255757
-0.14,16,380.317658
-0.54,12,380.361799
-0.67,8,380.392816
1.66,10,380.426815
1.36,13,380.465077
1.14,4,380.48038
1.64,10,380.524204
1.64,10,380.555855
1.54,9,380.583428
1.58,11,380.627994
1.55,10,380.661112
-0.42,17,380.711769
1.91,16,380.764177
-0.77,11,380.803641
-0.58,10,380.83594
-0.42,12,380.874051
-0.46,19,380.936282
-0.52,10,380.965523
-0.57,10,381.008492
1.49,12,381.053406
1.64,10,381.088365
-0.23,15,381.15052
1.14,4,381.17597
-0.65,12,381.229114
1.42,13,381.294194
1.48,10,381.410417
1.54,9,381.447352
-0.6,11,381.483845
1.39,8,381.514831
-0.5,14,381.572353
1.37,10,381.61354
-0.57,13,381.665741
-0.47,20,381.746218
1.48,10,381.784261
-0.47,13,381.839408
-0.54,11,381.882562
-0.41,10,381.9236
1.33,11,381.977692
1.48,11,382.024052
-0.21,16,382.091765
1.54,9,382.133422
1.53,10,382.167475
-0.76,6,382.196774
1.53,10,382.22836
1.66,10,382.265072
1.53,11,382.305787
1.64,10,382.340377
-0.26,12,382.377618
-0.58,10,382.412036
1.46,12,382.454669
1.59,10,382.486422
1.44,9,382.518418
1.5,11,382.55727
1.49,11,382.588986
1.63,11,382.631132
-0.75,14,382.678785
-0.68,12,382.730505
-0.66,13,382.785157
-0.36,17,382.852236
1.6,11,382.893959
-0.44,13,382.944517
-0.79,9,382.977619
-0.29,19,383.030934
-0.43,13,383.076765
-0.41,13,383.120284
-0.77,7,383.148114
-0.44,17,383.212035
1.55,14,383.261696
-0.57,12,383.300965
-0.79,7,383.327471
1.54,9,383.361168
1.14,4,383.373435
1.31,10,383.405064
-0.17,14,383.45425
1.79,14,383.498903
-0.74,10,383.528687
-0.38,17,383.574174
-0.67,12,383.609538
1.57,11,383.645017
1.38,9,383.674469
-0.21,17,383.732604
1.65,12,383.773293
1.14,4,383.78635
-0.59,11,383.823558
-0.61,11,383.866083
-0.47,10,383.902298
1.14,4,383.916804
1.65,13,383.95736
1.42,10,383.99179
-0.71,15,384.036618
-0.64,11,384.069303
-0.24,17,384.124059
-0.68,9,384.146305
1.79,16,384.248479
1.55,10,384.294773
-0.71,13,384.340147
1.14,4,384.353849
1.14,4,384.364171
-0.5,16,384.416552
1.35,10,384.451043
-0.52,15,384.501668
1.56,9,384.534577
1.14,4,384.550221
-0.47,10,384.589757
1.75,15,384.640202
-0.56,13,384.690188
1.56,9,384.71894
1.21,8,384.745155
-0.44,16,384.801652
1.7,19,384.857594
1.27,9,384.893729
1.58,14,384.940278
-0.64,10,384.978493
-0.39,17,385.027719
1.62,13,385.069226
1.48,10,385.102152
1.54,10,385.130132
-0.52,13,385.173564
-0.48,15,385.225416
1.53,10,385.259066
-0.29,13,385.303456
1.51,10,385.335947
-0.62,16,385.391803
1.43,9,385.429639
-0.24,14,385.480334
1.63,11,385.515038
-0.4,13,385.561321
1.64,10,385.591287
-0.37,14,385.63539
1.78,11,385.674226
-0.51,13,385.726764
1.35,9,385.761406
1.58,13,385.804291
1.15,9,385.830684
-0.76,8,385.86018
-0.43,12,385.893221
1.5,11,385.9403
-0.8,10,385.974083
-0.84,6,386.001728
1.5,10,386.028569
-0.45,11,386.067733
-0.37,13,386.11345
1.53,10,386.153233
-0.69,10,386.188132
1.54,9,386.223406
-0.65,9,386.256318
-0.49,13,386.301013
1.64,10,386.331988
1.14,4,386.340908
1.54,9,386.370697
-0.79,12,386.461097
1.58,10,386.505031
-0.62,9,386.537709
1.44,11,386.575289
1.56,10,386.614207
-0.45,11,386.651455
1.51,10,386.686177
-0.32,14,386.752374
1.42,10,386.803077
-0.28,17,386.856229
-0.53,16,386.901979
-0.93,6,386.92483
1.61,10,386.960181
1.47,10,386.995074
1.69,10,387.028219
1.65,13,387.075147
1.48,9,387.107063
-0.69,13,387.144792
1.31,10,387.176573
1.14,4,387.190447
1.46,11,387.227141
-0.17,16,387.283043
1.64,10,387.314636
1.14,4,387.328728
1.56,9,387.363557
1.62,15,387.411439
1.14,4,387.425905
1.39,8,387.453274
-0.64,11,387.493959
1.48,13,387.542014
-0.55,10,387.571073
1.56,10,387.606862
1.49,11,387.649122
-0.51,9,387.672638
1.45,10,387.703658
-0.7,12,387.748192
1.16,9,387.784786
1.14,4,387.797267
1.6,12,387.839053
-0.54,12,387.885481
1.57,11,387.919907
-0.63,9,387.951789
1.69,11,387.992524
-0.68,10,388.03134
1.65,11,388.067405
1.56,14,388.105394
1.14,4,388.117705
1.49,12,388.161593
-0.47,16,388.254599
-0.72,8,388.297491
1.66,10,388.403339
-0.72,11,388.598469
-0.23,17,388.683369
1.46,11,388.734252
-0.76,8,388.771747
1.14,4,388.789615
1.38,9,388.83548
1.66,10,388.8734
-0.59,12,388.922915
1.53,10,388.96624
1.64,10,389.002272
1.44,9,389.037655
-0.39,13,389.087883
1.4,13,389.137612
1.82,13,389.176215
1.14,4,389.187667
1.44,11,389.224252
-0.82,6,389.245982
-0.08,18,389.304698
1.64,10,389.339628
-0.74,13,389.383375
-0.6,9,389.414421
-0.4,14,389.459323
1.61,14,389.500758
1.14,4,389.513064
1.54,12,389.553708
1.59,12,389.591531
-0.62,12,389.633529
-0.41,16,389.691192
1.36,8,389.723621
1.6,12,389.78262
1.52,11,389.88994
-0.6,12,389.937059
1.5,10,389.972948
1.57,10,390.020145
1.47,12,390.073783
1.61,10,390.116543
1.14,4,390.130602
1.24,9,390.157691
1.43,9,390.189363
1.64,11,390.226835
1.14,4,390.240547
1.14,4,390.257749
-0.74,10,390.294282
1.53,10,390.33094
1.63,19,390.396163
-0.44,14,390.461284
-0.17,14,390.512014
1.14,4,390.530092
1.38,9,390.574905
1.64,10,390.626996
1.54,9,390.671826
-0.31,14,390.750716
-0.67,9,390.803586
1.42,10,390.855357
-0.86,7,390.896689
-0.65,9,390.931108
-0.66,8,390.957018
1.49,14,391.005296
1.34,10,391.042618
1.45,12,391.086573
-0.73,9,391.122056
1.53,10,391.154941
1.69,10,391.197948
-0.52,12,391.239204
-0.64,11,391.353472
-0.83,14,391.404635
1.51,9,391.435216
1.14,4,391.449001
1.69,11,391.485376
1.49,14,391.535818
-0.62,11,391.575829
-0.63,9,391.610755
1.53,11,391.653275
-0.5,11,391.694097
1.14,4,391.704618
-0.58,13,391.750611
-0.8,10,391.78367
1.5,14,391.835106
1.31,10,391.866428
1.59,10,391.895559
1.54,9,391.920606
-0.28,20,391.980804
1.54,9,392.013628
1.14,4,392.026346
-0.98,5,392.04447
1.14,4,392.057829
1.5,10,392.086629
1.54,9,392.118977
1.49,11,392.156492
-0.67,11,392.200766
1.14,4,392.213222
1.63,11,392.251594
-0.46,13,392.302431
1.67,13,392.349766
1.69,14,392.402496
1.14,4,392.417452
1.44,9,392.450408
1.54,9,392.480884
1.59,10,392.51561
1.14,4,392.526518
1.53,12,392.566639
1.54,9,392.600598
1.14,4,392.613196
1.54,9,392.642788
1.51,16,392.732037
1.4,11,392.799926
-0.56,10,392.833384
1.14,4,392.846989
-0.82,6,392.863471
-0.25,14,392.910683
-0.42,11,392.948291
1.53,10,392.985847
1.14,4,392.998547
-0.47,13,393.042145
1.14,4,393.05525
-0.53,11,393.085391
1.58,11,393.116787
-0.43,14,393.161077
1.64,10,393.18906
1.14,4,393.198908
1.54,9,393.222565
1.4,9,393.253171
1.65,15,393.302967
-0.47,13,393.33624
1.42,10,393.369908
1.64,10,393.399121
-0.68,10,393.434488
-0.53,11,393.471449
1.53,10,393.502944
1.34,7,393.531307
1.59,14,393.572149
-0.56,10,393.610718
-0.77,7,393.635728
-0.51,10,393.676833
1.14,4,393.690526
-0.44,13,393.733752
-0.62,9,393.765576
1.66,10,393.796773
-0.33,15,393.845129
1.54,9,393.875829
1.51,13,393.913726
-0.41,13,393.960196
1.54,10,393.989974
-0.19,13,394.031107
1.49,10,394.058237
-0.7,8,394.089137
1.83,16,394.131942
-0.48,12,394.167262
1.37,12,394.204574
-0.66,8,394.231522
1.64,10,394.264918
-0.49,13,394.305934
-0.46,15,394.361187
1.54,9,394.390949
-0.72,10,394.415699
1.47,11,394.446851
1.54,9,394.476727
1.54,9,394.50473
1.14,4,394.517044
1.52,12,394.549793
1.62,13,394.587301
-0.33,15,394.627127
-0.87,6,394.649662
-0.76,9,394.676509
-0.58,14,394.726974
-0.63,10,394.766555
-0.6,13,394.808936
-0.66,13,394.848645
-0.36,14,394.895155
1.35,9,394.926651
1.48,10,394.960819
1.32,11,394.992458
1.41,12,395.031868
-0.39,12,395.071466
-0.17,20,395.124808
1.62,15,395.169757
-0.46,15,395.21367
1.73,12,395.257639
1.53,11,395.297234
1.37,13,395.339144
-0.71,12,395.380837
-0.45,16,395.433113
1.64,10,395.460463
1.64,10,395.491466
-0.55,11,395.526698
1.14,4,395.542412
-0.65,13,395.587812
1.45,10,395.618352
-0.45,10,395.654907
-0.94,7,395.682796
-0.41,16,395.733656
-0.56,11,395.766336
1.46,9,395.798257
1.6,12,395.83745
1.53,10,395.874782
1.46,13,395.915666
1.61,10,395.944416
1.53,11,395.982141
-0.07,14,396.022919
1.39,8,396.047121
1.27,7,396.070275
1.64,10,396.107594
-0.21,17,396.152794
-0.37,13,396.196558
1.54,9,396.22024
1.54,9,396.248836
-0.57,13,396.292981
1.55,10,396.35744
1.56,12,396.429146
1.54,9,396.460879
1.54,9,396.485826
-0.44,11,396.520073
1.64,11,396.555516
1.64,10,396.588541
-0.6,9,396.619245
1.53,10,396.652984
-0.34,11,396.699493
1.68,12,396.748626
-0.58,10,396.78701
1.44,12,396.828808
1.54,9,396.857309
1.64,10,396.89145
1.25,10,396.929021
-0.35,16,396.973247
1.54,9,396.996399
-0.77,11,397.02961
-0.7,11,397.059702
1.58,11,397.092223
1.14,4,397.105573
1.43,9,397.135143
1.19,11,397.166009
1.36,12,397.204418
-0.61,11,397.234364
-0.58,13,397.28282
1.53,10,397.319727
-0.82,8,397.344569
1.59,10,397.380335
1.58,14,397.427172
-0.47,13,397.465724
-0.85,7,397.48758
-0.06,17,397.542561
1.4,10,397.577319
-0.69,7,397.598888
-0.74,10,397.636671
1.36,12,397.669494
1.58,11,397.701677
-0.68,9,397.731142
1.61,11,397.765399
-0.67,9,397.798676
1.66,10,397.836133
-0.77,7,397.858851
1.64,16,397.90793
1.54,9,397.936773
-0.57,12,397.977009
1.54,9,398.010849
-0.28,13,398.054181
1.31,10,398.08197
1.42,10,398.120888
1.47,10,398.149415
-0.7,12,398.183024
-0.68,9,398.209306
-0.32,13,398.249395
1.85,15,398.300925
-0.6,9,398.330776
1.14,4,398.34393
-0.98,5,398.361208
-0.71,12,398.400389
-0.62,12,398.437833
1.14,4,398.447351
-0.57,9,398.481711
-0.45,11,398.519814
-0.53,11,398.553371
-0.84,8,398.582139
1.48,9,398.610964
-0.89,14,398.653611
1.53,11,398.694496
1.55,12,398.738939
1.54,9,398.774189
-0.65,13,398.812716
1.64,10,398.846424
1.34,7,398.872414
1.14,4,398.884453
-0.3,17,398.927853
-0.74,10,398.957994
-0.44,13,398.993971
1.64,10,399.02409
-0.51,11,399.053474
1.54,9,399.086959
1.14,4,399.098132
-0.57,13,399.135953
1.5,10,399.162623
1.45,11,399.200284
-0.63,13,399.239655
1.14,4,399.25457
1.64,10,399.282503
-0.78,8,399.304268
1.39,11,399.340567
1.5,10,399.372058
1.76,12,399.410588
-0.5,16,399.511594
-0.56,12,399.550813
1.53,10,399.590492
-0.46,9,399.618692
1.14,4,399.629833
1.74,12,399.665556
1.14,4,399.680907
1.51,9,399.711187
1.56,9,399.7376
-0.7,11,399.770198
-0.26,15,399.816221
-0.83,7,399.841964
-0.55,13,399.884743
1.48,9,399.917598
1.61,10,399.956416
-0.53,11,399.98748
-0.46,11,400.021769
-0.49,12,400.064771
1.54,9,400.095185
1.64,10,400.172801
1.54,9,400.211161
-0.59,14,400.250087
1.34,12,400.347795
1.55,10,400.379584
-0.54,10,400.419834
1.48,10,400.456288
-0.8,13,400.50209
1.48,10,400.535654
-0.56,11,400.572509
-0.31,14,400.616986
-0.85,9,400.651222
1.66,10,400.692384
-0.65,8,400.720292
1.38,9,400.746055
1.65,11,400.786943
1.33,9,400.822691
-0.43,15,400.878251
-0.66,10,400.908162
-0.63,10,400.944148
-0.42,14,401.001076
-0.86,7,401.040125
1.54,9,401.085183
1.37,12,401.147811
-0.39,11,401.188234
1.58,11,401.226033
-0.32,13,401.277121
-0.46,17,401.339347
-0.67,12,401.376846
1.49,11,401.417588
-0.65,12,401.476911
1.54,9,401.526577
-0.2,14,401.578417
1.59,10,401.612989
1.64,10,401.664415
1.8,13,401.728601
-0.47,11,401.774619
-0.72,10,401.80775
1.44,10,401.8482
1.14,4,401.865525
-0.83,9,401.895115
-0.46,9,401.926733
-0.57,15,401.984179
1.54,9,402.014704
1.14,4,402.029534
-0.43,12,402.073843
1.65,14,402.182746
1.69,10,402.228882
-0.3,17,402.289064
-0.69,10,402.32289
1.51,10,402.359107
1.71,12,402.40414
1.14,4,402.415035
-0.71,9,402.44662
1.35,10,402.482276
-0.7,12,402.522135
-0.8,7,402.544005
-0.6,13,402.592022
1.69,11,402.630353
1.54,9,402.660485
-0.29,13,402.701407
1.55,15,402.746381
-0.59,11,402.789101
-0.39,15,402.838648
1.14,4,402.851222
1.56,10,402.884603
-0.27,14,402.950379
1.53,10,402.992003
1.52,12,403.038824
-0.57,12,403.087258
1.69,10,403.122071
1.69,11,403.160823
1.48,10,403.190124
-0.56,12,403.223819
-0.56,13,403.25847
1.44,8,403.291156
-0.4,15,403.342078
1.68,15,403.387182
1.63,17,403.441712
-0.64,11,403.477277
1.61,10,403.509728
1.5,13,403.555186
1.83,12,403.59007
1.47,10,403.61986
-0.6,14,403.662281
-0.81,9,403.696943
-0.58,10,403.728518
1.54,9,403.766074
1.14,4,403.774941
-0.55,10,403.808163
1.64,10,403.839481
1.61,15,403.887116
1.14,4,403.901586
1.14,4,403.913897
1.48,10,403.954257
-0.64,11,403.99203
-0.6,14,404.037648
1.64,10,404.0727
-0.32,16,404.126406
1.14,4,404.1431
1.51,9,404.177213
1.64,10,404.212858
1.34,10,404.244723
1.14,4,404.261649
-0.49,12,404.303765
1.45,9,404.334961
1.54,9,404.361372
1.44,9,404.451543
1.14,4,404.488684
-0.07,17,404.542239
1.14,4,404.554354
-0.46,15,404.602289
1.66,14,404.648288
-0.73,12,404.688537
2.14,19,404.74816
-0.59,12,404.789466
1.54,9,404.818063
-0.82,12,404.857232
-0.29,13,404.896648
1.53,10,404.935883
-0.71,15,404.987259
-0.63,13,405.033478
-0.26,12,405.07651
-0.52,10,405.115051
-0.75,11,405.15781
-0.76,14,405.208431
-0.36,14,405.257939
-0.58,12,405.299682
1.64,11,405.33887
1.46,12,405.380088
-0.41,14,405.417905
1.48,10,405.448526
1.14,4,405.459161
1.53,10,405.485539
1.54,12,405.524672
-0.61,8,405.552115
-0.42,13,405.594099
1.54,9,405.626418
1.32,9,405.661416
1.43,12,405.699583
-0.74,8,405.729146
1.75,14,405.771563
-0.45,11,405.811014
1.64,10,405.846671
1.62,12,405.8829
1.32,9,405.912823
1.14,4,405.926714
-0.35,13,405.973237
-0.79,12,406.015502
-0.59,11,406.054267
-0.4,15,406.10372
-0.5,21,406.160605
-0.24,16,406.214328
-0.55,14,406.270758
-0.63,13,406.328751
1.64,13,406.378413
-0.56,14,406.427176
1.53,10,406.465042
-0.58,11,406.561174
1.62,13,406.622645
-0.65,12,406.658195
1.49,13,406.701796
1.54,11,406.737104
-0.39,13,406.779891
-0.76,6,406.803759
1.64,10,406.840972
-0.94,7,406.865215
1.56,9,406.891325
1.26,9,406.919514
-0.36,14,406.975368
1.14,4,406.990541
-0.35,13,407.038731
1.54,11,407.073748
1.47,11,407.110692
-0.47,13,407.154242
1.54,9,407.18678
1.66,10,407.220981
1.18,12,407.264904
-0.65,10,407.292817
1.54,9,407.328301
1.54,9,407.361096
1.52,11,407.400904
-0.45,11,407.438903
1.64,13,407.491307
-0.82,11,407.523751
1.37,12,407.565316
-0.46,10,407.60431
1.68,11,407.647418
-0.51,12,407.69
1.74,11,407.728184
-0.42,11,407.770966
-0.19,16,407.821431
-0.64,11,407.860066
-0.57,10,407.896993
1.37,10,407.951467
1.54,9,407.992122
1.53,13,408.043493
-0.49,15,408.124264
-0.59,12,408.199522
-0.62,11,408.252888
-0.82,6,408.314447
-0.97,4,408.35529
-0.75,11,408.407604
1.14,4,408.424417
1.14,4,408.439378
1.64,10,408.475322
1.59,10,408.503733
1.14,4,408.520552
1.66,12,408.566343
1.48,10,408.601563
-0.36,13,408.649672
-0.69,11,408.688242
1.46,10,408.722141
-0.23,17,408.779266
1.46,9,408.80888
-0.65,11,408.847807
1.14,4,408.85707
1.64,10,408.896923
-0.58,10,409.013518
1.5,11,409.049608
1.54,9,409.076377
1.53,10,409.105026
1.14,4,409.116673
1.14,4,409.131132
1.64,10,409.15951
-0.38,17,409.204959
-0.46,9,409.235895
-0.49,13,409.282952
1.51,10,409.313453
1.5,10,409.342601
-0.64,11,409.387416
-0.54,9,409.418714
1.51,9,409.446768
1.14,4,409.458565
0.04,18,409.513939
-0.61,14,409.553972
1.64,10,409.587862
-0.58,13,409.623133
-0.41,13,409.658098
-0.15,16,409.708814
1.48,13,409.745042
-0.68,10,409.768223
-0.62,12,409.804657
1.53,10,409.841268
1.54,9,409.872139
-0.27,11,409.912084
-0.7,11,409.938414
1.14,4,409.953181
-0.97,4,409.966668
-0.46,15,410.010744
1.55,14,410.055224
1.63,11,410.088716
1.38,9,410.122873
1.41,11,410.154205
-0.26,14,410.206938
-0.66,13,410.240631
-0.87,6,410.258733
1.45,10,410.290511
-0.38,16,410.338896
-0.6,10,410.376014
1.48,10,410.410358
-0.51,13,410.452417
1.54,9,410.480224
-0.59,12,410.512941
-0.37,14,410.554291
-0.6,12,410.586689
1.47,10,410.623605
-0.36,13,410.669326
1.48,9,410.699766
-0.8,10,410.734692
1.63,11,410.769855
1.45,11,410.81016
1.49,11,410.84408
1.56,9,410.871906
1.39,14,410.920647
1.54,13,410.962542
1.64,10,410.991785
1.64,10,411.025048
-0.42,14,411.069995
-0.61,14,411.121795
-0.51,15,411.173058
1.39,10,411.19927
-0.72,12,411.232877
-0.51,15,411.283015
1.66,10,411.313059
1.51,9,411.344623
-0.35,13,411.385624
-0.92,5,411.399092
1.76,16,411.44168
1.27,8,411.46983
-0.59,13,411.518507
-0.79,10,411.55716
1.69,10,411.591581
1.14,4,411.605437
-0.99,6,411.628782
1.72,13,411.674801
-0.21,18,411.727082
-0.74,12,411.759057
-0.56,11,411.793959
1.43,10,411.841899
-0.4,15,411.897443
1.14,4,411.910314
1.64,10,411.946311
1.51,9,411.982265
-0.52,10,412.01729
1.61,10,412.05758
1.14,4,412.072687
1.54,12,412.121484
-0.58,14,412.174222
1.45,10,412.212602
1.36,10,412.248994
-0.54,12,412.299608
-0.33,13,412.34606
-0.73,12,412.392408
-0.65,9,412.431046
1.54,9,412.468785
-0.74,10,412.506677
1.38,11,412.550805
1.54,9,412.586156
-0.63,10,412.63116
1.55,14,412.683907
-0.6,9,412.793654
1.54,9,412.831331
1.64,10,412.86907
1.53,13,412.915906
-0.78,8,412.952385
-0.99,6,412.981558
1.56,9,413.020195
1.64,10,413.062994
1.48,9,413.101085
-0.87,6,413.123498
1.53,13,413.176004
1.33,8,413.209937
1.55,11,413.249557
0.1,20,413.32101
-0.47,10,413.367155
1.35,9,413.437775
-0.46,12,413.514002
-0.29,17,413.570215
-0.34,13,413.623181
1.54,9,413.656235
1.36,14,413.708045
1.51,13,413.757379
-0.56,14,413.809232
-0.63,11,413.848935
-0.51,12,413.88898
1.43,12,413.928443
-0.58,10,413.962752
1.59,14,414.011978
1.21,8,414.036987
1.65,13,414.080378
-0.43,14,414.129187
1.31,8,414.154252
-0.61,11,414.19205
1.31,11,414.225558
-0.24,17,414.278282
-0.73,9,414.310796
1.35,11,414.346581
-0.68,9,414.380997
-0.63,9,414.410443
1.66,11,414.441203
-0.6,15,414.482339
-0.65,13,414.527132
-0.43,14,414.567718
1.53,10,414.601317
-0.69,11,414.641664
1.64,10,414.681283
1.53,10,414.713673
-0.84,9,414.74457
1.45,11,414.77878
-0.65,9,414.808234
-0.73,8,414.832919
-0.38,12,414.891629
-0.41,15,414.955726
-0.26,13,415.017769
1.33,11,415.071385
-0.75,14,415.115731
1.54,9,415.151403
-0.61,8,415.188514
1.64,10,415.218782
1.5,10,415.251768
1.71,11,415.2855
1.39,8,415.30825
1.66,10,415.340612
1.39,7,415.366309
1.32,9,415.400751
-0.65,14,415.461445
-0.89,8,415.490817
-0.39,13,415.544873
1.56,10,415.583059
1.56,9,415.615247
-0.85,10,415.659053
-0.64,11,415.696577
1.64,10,415.732592
-0.29,12,415.773822
1.64,10,415.804999
-0.54,15,415.848942
1.69,10,415.882104
1.54,9,415.917242
1.35,9,415.949666
1.44,11,415.990335
0.0,16,416.043086
-0.42,11,416.080773
-0.62,17,416.14442
-0.39,17,416.204506
-0.46,13,416.242111
1.14,4,416.254914
1.14,4,416.268963
-0.58,10,416.299585
1.54,12,416.341099
-0.77,7,416.359615
-0.57,9,416.398607
1.64,10,416.434587
-0.6,9,416.470373
1.59,12,416.514512
1.42,11,416.556504
1.68,12,416.594853
1.51,9,416.624395
1.64,10,416.660604
1.64,10,416.703842
-0.64,11,416.74228
-0.5,11,416.776441
-0.32,14,416.821809
1.51,9,416.856646
1.2,10,416.944036
-0.41,15,417.017469
-0.68,11,417.058939
-0.66,7,417.080887
1.56,10,417.109229
1.64,10,417.140996
1.52,11,417.173867
1.51,9,417.208869
1.61,10,417.326215
-0.43,13,417.366634
1.66,10,417.396076
-0.47,13,417.439482
1.4,10,417.465392
-0.31,11,417.506564
1.69,10,417.542516
1.24,9,417.57603
1.22,10,417.612428
1.64,10,417.650231
-0.66,10,417.681304
1.54,9,417.714005
1.41,11,417.744916
-0.77,17,417.807997
-0.28,17,417.860444
-0.55,9,417.896075
-0.73,12,417.940906
1.64,10,417.979447
-0.59,11,418.024072
1.54,9,418.058424
-0.52,10,418.092729
-0.27,15,418.139898
1.33,9,418.163236
1.4,9,418.190019
1.53,10,418.227632
1.64,10,418.257912
-0.61,15,418.306601
1.57,11,418.349913
1.61,10,418.378752
1.64,12,418.410104
1.14,4,418.420892
1.43,9,418.454541
-0.78,8,418.477854
1.56,10,418.512663
0.85,21,418.58658
-0.66,10,418.631615
1.49,11,418.669772
1.21,9,418.701718
-0.64,11,418.750713
1.54,9,418.789077
1.76,17,418.840708
1.54,9,418.871223
-0.2,13,418.921924
-0.67,8,418.955718
-0.7,12,418.993309
1.64,10,419.022461
1.14,4,419.035996
-0.39,15,419.096373
-0.49,13,419.157898
-0.82,7,419.197099
-0.48,11,419.249641
1.24,6,419.268291
1.53,10,419.297482
1.42,13,419.344674
1.14,4,419.357079
1.52,11,419.396346
-0.99,6,419.4183
-0.89,8,419.444509
-0.38,17,419.503405
-0.72,16,419.560636
-0.67,9,419.596632
-0.37,15,419.651848
1.14,4,419.663904
-0.77,7,419.695545
-0.67,8,419.725212
1.8,17,419.783525
1.35,12,419.821538
-0.83,10,419.856008
-0.34,14,419.894358
1.42,12,419.929683
1.63,11,419.974007
-0.82,6,420.002492
1.3,8,420.028947
1.41,9,420.061509
1.42,14,420.105017
1.14,4,420.119916
1.54,9,420.152137
1.45,10,420.182288
-0.45,11,420.275866
1.53,10,420.320902
-0.53,10,420.363909
1.43,11,420.396784
1.14,4,420.409497
-0.78,8,420.436114
-0.42,11,420.467196
1.33,8,420.494101
-0.6,14,420.541651
-0.59,12,420.576873
1.43,10,420.608111
1.14,4,420.617977
1.63,11,420.649005
-0.7,9,420.676398
1.52,11,420.712245
-0.78,11,420.743273
1.64,10,420.768886
1.61,13,420.817744
1.32,9,420.844811
-0.8,10,420.893202
1.14,4,420.943006
1.14,4,420.962982
1.64,10,421.001163
1.42,15,421.053226
-0.34,13,421.096707
1.53,10,421.1329
-0.44,14,421.186531
-0.57,13,421.226737
1.46,9,421.258714
1.69,11,421.296024
-0.57,9,421.32413
1.84,15,421.371039
-0.53,12,421.407439
-0.93,8,421.434204
1.64,10,421.469817
-0.45,11,421.504398
1.54,9,421.53997
-0.67,14,421.583045
1.48,10,421.620703
-0.78,8,421.651615
1.4,15,421.700822
1.48,9,421.735118
1.51,9,421.765608
1.66,10,421.794452
-0.4,15,421.845134
-0.16,17,421.896127
1.63,14,421.950809
-0.46,12,421.992916
1.64,10,422.025147
1.64,10,422.060778
1.53,10,422.09419
-0.65,14,422.14548
-0.56,13,422.184075
1.64,10,422.218023
-0.82,7,422.241689
1.35,9,422.278209
-0.64,13,422.327382
1.14,4,422.346804
-0.45,12,422.394698
-0.46,9,422.430408
-0.82,9,422.465949
1.58,13,422.518246
-0.6,12,422.561817
1.34,7,422.587396
1.43,9,422.625285
-0.74,10,422.661271
-0.69,10,422.703336
-0.36,14,422.754816
1.47,10,422.793286
-0.26,16,422.848
1.39,8,422.876989
-0.42,14,422.92381
1.56,9,422.958642
-0.8,7,422.991235
-0.6,10,423.024946
1.51,9,423.059013
1.42,11,423.100068
-0.55,14,423.145445
1.14,4,423.160088
-0.81,5,423.179713
1.53,10,423.219567
1.45,13,423.269044
-0.71,9,423.306494
1.69,10,423.340219
1.54,9,423.374213
-0.27,14,423.424022
1.54,9,423.453179
-0.76,11,423.497784
1.14,4,423.513577
-0.58,10,423.555354
1.61,10,423.5921
1.38,12,423.632908
-0.5,16,423.683645
1.66,10,423.719395
-0.58,11,423.761237
1.52,12,423.80285
1.46,9,423.838252
1.47,11,423.877931
-0.25,14,423.939319
1.54,9,423.973638
-0.73,9,424.011392
-0.5,14,424.057689
1.84,14,424.102065
1.64,10,424.138154
1.54,9,424.174906
1.54,9,424.210921
-0.68,10,424.242202
-0.71,13,424.297224
-0.8,10,424.324485
-0.45,12,424.36957
1.53,10,424.403209
-0.47,10,424.447828
-0.54,12,424.488258
-0.52,11,424.529408
-0.51,11,424.571836
1.64,10,424.607179
1.6,11,424.653306
-0.67,9,424.690326
-0.77,7,424.790716
1.43,9,424.824206
-0.19,15,424.878251
1.14,4,424.892803
1.55,10,424.926364
-0.78,15,424.983909
-0.72,13,425.023674
-0.59,9,425.062237
-0.61,18,425.124808
-0.55,16,425.18399
1.14,4,425.198452
-0.47,14,425.255504
-0.52,10,425.294564
-0.6,10,425.33232
-0.31,14,425.390049
-0.7,9,425.433894
1.49,11,425.478565
-0.71,9,425.512355
1.49,14,425.567636
-0.66,10,425.603964
1.55,11,425.642544
-0.44,15,425.693499
-0.64,8,425.732984
-0.4,13,425.778157
1.63,11,425.821449
1.63,11,425.867331
1.8,12,425.912253
-0.35,15,425.971515
1.66,10,426.016094
1.63,11,426.053963
1.64,10,426.091406
1.53,10,426.13311
1.64,10,426.165977
1.34,9,426.200316
1.14,4,426.214709
-0.34,17,426.278826
1.54,9,426.312531
-0.58,15,426.361963
-0.58,11,426.404675
1.53,10,426.443944
1.45,10,426.480686
-0.71,6,426.505574
1.46,9,426.538954
-0.73,11,426.582136
-0.53,12,426.63188
-0.64,11,426.673727
1.39,8,426.704213
1.41,11,426.741543
1.56,10,426.784778
1.14,4,426.79985
-0.64,10,426.836348
1.68,11,426.880837
-0.45,12,426.926804
-0.75,10,426.964736
1.45,10,427.004212
-0.91,9,427.037085
1.45,9,427.069506
1.57,12,427.114303
-0.22,15,427.170288
-0.44,17,427.233788
-0.27,15,427.290182
1.63,12,427.338524
1.53,11,427.380652
1.54,9,427.414308
-0.73,8,427.447373
1.64,10,427.485219
-0.63,10,427.528286
1.14,4,427.54359
-0.33,13,427.591168
1.43,11,427.623079
-0.48,11,427.671895
-0.47,12,427.717415
1.43,9,427.754938
-0.55,11,427.800625
1.54,9,427.835428
1.14,4,427.853743
1.66,10,427.890426
-0.73,9,427.928314
-0.61,13,427.972934
1.54,9,428.008177
-0.69,11,428.056263
1.66,10,428.094105
1.64,10,428.133586
1.47,11,428.177073
1.7,13,428.219177
-0.51,11,428.26334
1.14,4,428.280798
1.14,4,428.297371
1.39,10,428.332738
-0.32,16,428.39454
-0.6,13,428.448417
1.43,9,428.485649
-0.72,8,428.517092
1.49,11,428.56688
1.14,4,428.582177
1.47,10,428.620782
1.52,11,428.658836
1.55,10,428.768137
-0.54,12,428.813365
1.14,4,428.828021
1.54,9,428.860518
1.57,14,428.945026
0.1,17,429.047203
1.52,12,429.101677
-0.78,14,429.144358
-0.53,11,429.183609
-0.73,8,429.209542
-0.82,8,429.235785
-0.49,11,429.270049
1.64,10,429.299606
1.66,16,429.351884
1.14,4,429.36756
-0.9,9,429.39473
1.54,9,429.425558
1.73,16,429.481394
-0.61,14,429.544889
-0.71,10,429.599162
1.56,13,429.647412
1.49,9,429.672507
-0.61,11,429.7093
1.52,12,429.746967
-0.46,9,429.77398
1.56,9,429.802763
-0.48,11,429.852408
-0.45,11,429.894283
-0.81,8,429.924098
1.54,9,429.956219
-0.68,14,430.00247
1.42,11,430.032961
-0.7,8,430.061223
1.14,4,430.071679
1.64,10,430.108357
1.69,10,430.137189
1.54,9,430.166534
-0.67,8,430.197545
1.41,11,430.229008
-0.61,11,430.266815
1.51,13,430.309341
-0.16,19,430.367382
-0.71,12,430.402978
1.6,12,430.442763
1.52,17,430.49251
1.54,10,430.5271
1.54,9,430.561976
1.56,9,430.592287
-0.34,15,430.635368
-0.74,10,430.666615
1.31,10,430.697832
1.54,9,430.726493
-0.48,15,430.779626
-0.67,8,430.810218
-0.36,12,430.846477
1.54,9,430.872098
1.54,9,430.905459
1.54,9,430.930272
-0.59,12,430.971071
1.73,13,431.002925
-0.5,15,431.052458
-0.07,13,431.089137
-0.59,12,431.12615
-0.39,13,431.163655
-0.58,12,431.199883
1.49,11,431.236966
1.37,10,431.268513
-0.54,12,431.301066
-0.8,9,431.331302
1.5,11,431.362809
1.53,10,431.39393
-0.95,8,431.416646
1.52,12,431.456144
1.14,4,431.469745
-0.36,13,431.511547
1.14,4,431.524553
1.69,11,431.560652
1.47,10,431.599605
1.64,10,431.634144
1.54,9,431.664047
1.53,10,431.696194
-0.53,11,431.728841
-0.47,14,431.76855
-0.2,15,431.81543
-0.71,7,431.840009
-0.15,15,431.88288
1.48,10,431.919755
1.38,10,431.953054
1.43,10,431.981623
-0.59,11,432.017001
-0.37,12,432.060422
1.69,14,432.103338
1.53,10,432.141595
-0.83,10,432.170861
1.63,11,432.207281
1.14,4,432.219314
1.78,11,432.257802
-0.67,11,432.287895
-0.35,17,432.345586
1.61,14,432.383503
1.64,10,432.419683
1.57,14,432.463243
1.14,4,432.476254
-0.82,6,432.495278
1.53,10,432.522875
1.38,9,432.546616
1.14,4,432.561529
-0.7,14,432.600646
-0.88,7,432.620811
1.64,10,432.655295
-0.46,9,432.686242
1.76,11,432.7166
-0.05,18,432.77095
-0.65,8,432.794244
-0.64,10,432.823449
-0.76,6,432.842607
1.51,9,432.873752
-0.67,11,432.973237
-0.81,10,433.016325
1.14,4,433.026631
1.31,10,433.060655
1.54,9,433.091769
-0.52,10,433.127668
1.54,9,433.16197
1.4,13,433.205529
-0.46,15,433.253771
1.69,10,433.288843
-0.71,8,433.320895
1.44,9,433.347891
-0.62,11,433.383743
1.48,9,433.410745
-0.56,12,433.446672
1.54,9,433.477836
-0.87,6,433.495681
1.64,10,433.528151
-0.78,7,433.550998
1.54,9,433.583124
-0.83,7,433.608237
-0.35,12,433.645512
-0.42,12,433.685541
1.66,10,433.723
-0.62,11,433.756588
-0.71,6,433.778229
1.42,10,433.815374
1.55,10,433.844863
1.47,11,433.877376
1.68,12,433.918802
1.58,11,433.95202
1.43,9,433.976452
-0.95,8,433.996921
-0.36,15,434.046578
-0.53,15,434.093508
1.53,10,434.124571
1.69,11,434.156667
1.64,10,434.189218
1.4,9,434.22083
1.22,7,434.243526
-0.16,15,434.298547
1.51,9,434.32515
-0.32,17,434.37713
-0.77,16,434.422008
1.44,9,434.456034
1.54,9,434.485018
1.64,10,434.517186
1.63,11,434.550256
1.52,11,434.581969
-0.26,16,434.631655
1.66,15,434.673497
1.64,10,434.707385
1.4,9,434.734468
-0.55,10,434.766942
-0.74,9,434.800586
1.63,11,434.836445
1.14,4,434.848919
-0.57,13,434.892817
-0.27,17,434.946244
1.64,10,434.976628
-0.45,13,435.02054
1.54,9,435.048007
1.63,11,435.075937
-0.71,11,435.110367
-0.76,6,435.128701
-0.33,13,435.174459
-0.67,9,435.206714
-0.64,10,435.237914
1.54,9,435.264793
1.69,10,435.295639
1.53,13,435.337446
-0.6,10,435.367513
1.54,9,435.389379
-0.78,11,435.420629
-0.63,10,435.448971
1.48,9,435.474943
-0.58,10,435.505513
-0.64,11,435.544322
-0.61,11,435.582926
-0.46,15,435.630947
-0.53,13,435.674745
1.2,10,435.702347
1.43,9,435.727726
1.46,9,435.758444
1.54,9,435.789621
-0.51,12,435.829633
1.58,14,435.868169
-0.44,10,435.902577
1.54,9,435.927445
-0.58,15,435.974054
1.14,4,435.987324
1.56,9,436.013496
-0.85,12,436.044079
-0.39,14,436.088619
1.14,4,436.099141
1.5,11,436.133726
1.14,4,436.147555
-0.34,15,436.207212
-0.34,13,436.250961
-0.3,14,436.288246
-0.47,12,436.330635
1.29,7,436.353642
1.54,9,436.384651
1.41,8,436.406663
1.76,13,436.449001
1.14,4,436.465351
1.54,9,436.495048
1.35,14,436.593169
1.45,15,436.644149
1.74,12,436.68745
-0.73,8,436.710461
1.63,11,436.746108
1.45,9,436.779213
1.61,10,436.809519
1.14,4,436.820668
1.53,10,436.846154
-0.84,9,436.875336
1.7,13,436.909662
1.54,9,436.939164
1.14,4,436.948457
-0.73,8,436.979165
-0.5,10,437.02165
-0.54,11,437.059288
-0.81,7,437.079363
1.47,13,437.125585
1.14,4,437.140526
1.7,13,437.174319
-0.74,10,437.207181
1.14,4,437.220868
1.49,9,437.255481
1.65,11,437.286878
-0.62,16,437.342397
1.54,12,437.379524
-0.52,10,437.415814
1.14,4,437.428819
-0.44,16,437.473102
-0.78,8,437.500448
-0.64,8,437.528523
-0.45,16,437.575091
1.44,9,437.604706
1.63,11,437.639905
-0.41,17,437.691642
1.64,10,437.721031
-0.66,10,437.746055
1.34,11,437.782766
1.49,9,437.81551
1.64,10,437.84593
-0.72,10,437.877167
-0.78,7,437.904013
-0.42,16,437.949262
-0.61,8,437.974208
1.14,4,437.984601
1.64,10,438.01335
-0.67,11,438.045695
1.14,4,438.057332
1.43,11,438.087939
-0.55,13,438.130581
1.53,16,438.183954
1.6,11,438.220056
1.42,11,438.253348
-0.47,14,438.294331
1.73,11,438.326863
-0.45,11,438.360736
-0.6,12,438.39629
-0.59,15,438.444293
1.51,12,438.480768
1.63,11,438.510149
-0.78,8,438.537515
1.7,12,438.580937
1.14,4,438.593607
-0.67,13,438.625308
-0.3,19,438.676441
-0.53,11,438.708935
-0.69,9,438.743143
-0.49,13,438.785542
1.48,10,438.820995
-0.18,15,438.872271
-0.45,11,438.911386
1.3,11,438.938203
1.42,10,438.97031
-0.59,12,439.004807
1.39,11,439.036784
1.5,11,439.073987
-0.52,13,439.111311
-0.16,16,439.160533
1.64,10,439.198236
-0.47,11,439.232236
1.7,14,439.26869
1.14,4,439.278894
-0.74,10,439.347861
1.54,9,439.395364
1.14,4,439.407634
1.45,10,439.444239
-0.54,15,439.502658
1.47,13,439.541183
-0.67,15,439.584453
1.4,10,439.617508
1.44,10,439.645444
-0.66,11,439.676919
1.54,9,439.7032
1.46,11,439.737819
1.14,4,439.754895
-0.67,12,439.789947
-0.52,14,439.832898
1.14,4,439.84286
-0.24,16,439.893523
1.51,9,439.92642
-0.47,11,439.953778
-0.63,13,439.997232
1.14,4,440.010229
-0.42,14,440.055546
-0.73,11,440.082858
-0.64,9,440.110256
1.41,12,440.15132
1.54,9,440.180455
1.51,9,440.204975
1.43,11,440.241638
-0.82,7,440.271238
-0.37,16,440.379546
1.54,9,440.410268
-0.97,4,440.421358
1.47,11,440.455341
1.47,10,440.487157
1.14,4,440.499429
-0.42,12,440.540726
1.5,10,440.570675
-0.73,12,440.609211
1.73,15,440.655716
1.51,9,440.685095
1.67,13,440.720362
1.64,10,440.753175
1.64,10,440.786277
1.64,10,440.814395
1.49,11,440.853386
1.64,10,440.882585
-0.68,9,440.913559
1.53,10,440.949526
1.57,11,440.9869
1.14,4,441.000681
-0.46,12,441.037674
1.46,9,441.063756
-0.42,17,441.111602
1.54,9,441.138123
1.53,10,441.171348
1.85,14,441.214577
1.65,12,441.252358
-0.54,11,441.28769
1.52,11,441.323765
1.69,10,441.35363
1.54,9,441.385821
1.56,12,441.418077
-0.68,12,441.455891
-0.11,19,441.506824
1.43,9,441.536105
1.72,13,441.576998
-0.61,11,441.61893
1.4,10,441.651309
1.52,11,441.688237
-0.72,10,441.721155
-0.41,12,441.76379
1.4,9,441.794836
1.31,10,441.83177
-0.84,10,441.860663
-0.64,12,441.897402
1.14,4,441.90986
1.55,10,441.94438
-0.69,14,441.997464
1.76,12,442.040311
-0.35,16,442.089458
1.78,11,442.1263
1.64,10,442.15803
-0.84,11,442.194885
1.17,7,442.218893
-0.3,18,442.270601
1.56,12,442.300735
1.54,9,442.330146
1.42,11,442.359016
-0.67,11,442.396486
-0.43,11,442.435947
1.54,9,442.470177
1.14,4,442.483738
-0.61,16,442.533564
1.32,9,442.556988
1.59,10,442.583719
-0.54,11,442.620409
-0.84,11,442.65839
-0.58,13,442.697777
-0.62,12,442.735821
1.46,9,442.76753
-0.63,10,442.806865
1.64,10,442.832498
1.35,12,442.869189
-0.6,12,442.899178
1.66,10,442.933079
1.63,11,442.966214
-0.46,9,442.99332
-0.75,11,443.029685
-0.55,10,443.058572
1.66,12,443.09767
-0.71,9,443.126769
-0.57,12,443.168592
1.51,9,443.201605
1.54,9,443.224435
1.14,4,443.238118
-0.62,11,443.269046
1.7,12,443.306372
1.35,12,443.340243
-0.66,10,443.372574
1.61,10,443.407791
1.64,10,443.438554
-0.59,15,443.483143
-0.54,12,443.523817
-0.7,11,443.567229
-0.67,8,443.598373
1.54,12,443.626933
1.54,9,443.653198
1.69,11,443.690751
1.54,9,443.720766
1.54,9,443.751862
-0.47,10,443.785167
-0.46,9,443.817744
-0.52,13,443.85586
-0.5,12,443.901141
-0.42,11,443.936352
1.64,10,443.962843
1.69,11,444.0595
-0.36,10,444.093994
1.38,9,444.125318
1.54,9,444.155222
1.53,11,444.195476
1.52,12,444.229355
-0.57,12,444.270912
1.54,9,444.304075
1.75,14,444.356248
1.54,9,444.385272
-0.44,16,444.439248
-0.37,10,444.473998
-0.84,8,444.503872
1.33,10,444.534877
-0.26,15,444.581487
1.64,10,444.609374
-0.35,13,444.646471
1.68,14,444.685701
-0.54,11,444.723109
-0.63,16,444.769249
-0.78,8,444.799361
-0.59,14,444.845473
1.43,11,444.877594
1.61,16,444.919007
-0.61,11,444.958491
-0.33,16,445.011384
1.86,12,445.045083
1.14,4,445.055444
-0.59,8,445.084863
-0.59,11,445.121746
-0.71,12,445.15829
1.64,10,445.188601
-0.72,8,445.219687
-0.72,8,445.248561
-0.46,9,445.280701
1.49,11,445.312915
1.14,4,445.32692
-0.67,11,445.367165
-0.63,11,445.398737
1.29,9,445.427204
1.48,10,445.453426
1.48,10,445.480816
1.4,10,445.504736
1.23,12,445.546698
1.48,9,445.579703
-0.47,11,445.620085
1.14,4,445.633962
1.53,11,445.666049
1.54,12,445.698764
1.14,4,445.711853
0.03,19,445.765519
-0.55,13,445.801047
1.8,17,445.856304
1.14,4,445.870454
1.14,4,445.883308
1.43,9,445.910088
1.72,12,445.947094
1.64,10,445.981548
-0.71,12,446.016538
1.43,10,446.046471
1.5,10,446.082811
1.42,10,446.108665
1.58,11,446.145271
-0.31,14,446.188029
-0.46,14,446.228422
1.62,15,446.268224
1.66,10,446.299793
-0.57,13,446.341812
1.14,4,446.358697
1.22,8,446.384542
1.14,4,446.395916
-0.65,9,446.427328
1.27,9,446.456737
-0.61,10,446.48788
-0.54,14,446.52384
1.33,14,446.565542
1.54,9,446.598988
-0.94,7,446.619108
1.54,9,446.645957
-0.56,12,446.687393
-0.58,11,446.724717
-0.5,12,446.760967
-0.6,11,446.790314
-0.51,12,446.828345
1.69,10,446.858768
1.14,4,446.86837
1.14,4,446.88128
1.14,4,446.893777
1.64,10,446.927385
1.66,11,446.963095
-0.34,11,446.998149
1.69,10,447.027463
-0.66,13,447.067222
1.56,9,447.088241
-0.58,11,447.123203
1.63,11,447.152533
1.19,11,447.191733
-0.77,8,447.221637
-0.65,9,447.255444
-0.45,15,447.309908
-0.28,16,447.363348
1.41,12,447.396892
-0.35,15,447.442744
1.64,10,447.474018
1.42,11,447.508347
1.49,12,447.540414
1.75,12,447.580693
1.38,9,447.608677
-0.59,11,447.707915
1.56,10,447.736108
1.54,9,447.76604
-0.35,12,447.808562
1.48,10,447.842558
-0.75,8,447.867475
1.17,7,447.891409
1.58,11,447.925587
1.88,13,447.959725
1.14,4,447.972327
-0.2,16,448.016985
-0.49,12,448.05445
-0.68,11,448.091061
1.24,11,448.128288
-0.88,10,448.165688
-0.53,12,448.20188
1.51,12,448.2443
1.24,9,448.270351
-0.56,12,448.310083
1.64,10,448.345429
1.14,4,448.359198
-0.63,15,448.398229
1.38,9,448.423854
1.33,9,448.445928
1.47,10,448.480765
1.54,11,448.514113
1.64,10,448.548079
1.59,10,448.581848
-0.39,17,448.637479
1.78,11,448.67182
-0.77,7,448.698468
1.76,11,448.733344
-0.45,15,448.780404
1.67,16,448.833076
1.64,10,448.867551
1.69,13,448.907353
1.55,15,448.948533
-0.37,15,448.996427
1.65,11,449.027289
1.54,9,449.051247
-0.65,12,449.094239
1.4,15,449.142576
1.48,14,449.187623
1.49,9,449.218716
-0.59,12,449.26059
1.53,10,449.291778
-0.64,14,449.328929
-0.45,12,449.367723
1.68,12,449.408015
1.14,4,449.417238
1.2,9,449.448155
-0.82,6,449.469961
1.61,10,449.511702
-0.53,10,449.546672
1.14,4,449.561317
1.38,9,449.584538
1.44,9,449.614837
1.57,12,449.655848
-0.37,11,449.689073
1.44,11,449.723491
-0.55,13,449.764554
1.48,9,449.795347
-0.4,14,449.842017
1.66,12,449.881062
1.6,13,449.919482
1.38,12,449.955543
-0.78,8,449.982126
1.64,12,450.019938
-0.56,8,450.0432
-0.38,19,450.095237
1.14,4,450.106931
-0.55,17,450.152402
1.37,9,450.183168
-0.63,10,450.210147
-0.42,19,450.256435
-0.19,19,450.305679
1.69,11,450.343995
1.66,10,450.378621
1.38,9,450.408856
-0.34,13,450.447533
1.51,11,450.480516
1.65,12,450.512783
-0.98,5,450.525897
1.38,9,450.552416
1.14,4,450.565534
-0.32,16,450.618876
1.54,9,450.650129
1.51,9,450.677855
-0.72,10,450.715303
-0.73,9,450.747246
1.14,4,450.761276
1.66,10,450.791017
1.55,10,450.823196
1.77,14,450.855943
-0.73,11,450.892891
-0.74,9,450.921021
1.55,12,450.961542
-0.66,14,450.99998
-0.81,11,451.03886
-0.42,11,451.071971
-0.67,11,451.110065
1.41,12,451.146141
1.52,11,451.181585
-0.77,10,451.207289
-0.46,13,451.250089
-0.84,9,451.277295
1.61,10,451.418464
1.14,4,451.43071
-0.36,12,451.464911
1.32,9,451.496868
1.57,11,451.528194
-0.43,13,451.575762
1.21,8,451.603474
1.79,11,451.637788
1.67,13,451.678317
-0.56,10,451.710511
-0.77,9,451.74396
-0.42,16,451.796188
-0.53,12,451.834051
-0.58,11,451.8652
-0.54,16,451.916984
1.25,8,451.944746
1.69,11,451.980575
-0.71,9,452.008861
1.3,8,452.033852
1.52,11,452.064687
1.63,10,452.094447
-0.65,12,452.128809
-0.56,8,452.160778
-0.48,15,452.206127
-0.79,9,452.239569
1.44,14,452.271747
1.53,12,452.308951
-0.67,8,452.337793
1.5,10,452.371995
1.71,11,452.410991
1.48,12,452.446447
-0.6,11,452.483328
1.69,10,452.516571
-0.45,12,452.559885
1.4,10,452.595935
1.46,11,452.632029
1.3,8,452.655566
-0.81,8,452.678884
-0.87,6,452.697681
1.38,9,452.727551
1.53,10,452.760522
-0.77,10,452.794003
1.48,9,452.826582
-0.46,14,452.863025
-0.61,8,452.890039
1.47,11,452.926996
1.24,11,452.966641
1.61,10,452.996245
-0.43,11,453.034607
-0.67,11,453.064172
1.14,4,453.077611
1.36,11,453.10994
1.54,9,453.14242
1.66,10,453.173003
-0.37,15,453.224947
-0.42,12,453.260436
-0.36,16,453.303364
-0.43,18,453.355287
-0.62,15,453.395682
-0.49,13,453.433414
1.33,12,453.468417
-0.4,12,453.507367
-0.55,10,453.544201
1.64,10,453.57824
1.46,15,453.620967
1.64,13,453.662505
1.14,4,453.678547
1.66,10,453.708099
1.53,11,453.74143
1.49,9,453.773
1.53,10,453.808924
1.54,9,453.840175
-0.37,15,453.885944
1.48,9,453.919579
1.49,9,453.947071
-0.87,6,453.966926
1.54,9,453.993588
-0.59,12,454.031282
1.55,14,454.072697
1.63,11,454.10738
1.49,11,454.146927
1.48,9,454.177328
1.14,4,454.192196
1.64,10,454.220232
1.47,11,454.256756
-0.62,9,454.281201
-0.48,14,454.328302
1.51,9,454.355863
1.45,13,454.396295
1.64,10,454.429341
1.25,11,454.465533
-0.66,10,454.498548
-0.69,11,454.532687
1.64,10,454.565583
1.45,10,454.598526
-0.34,16,454.645156
-0.49,11,454.680349
1.68,11,454.71245
1.54,9,454.749078
1.14,4,454.762535
1.54,9,454.789716
1.69,15,454.837123
1.47,10,454.869568
1.64,10,454.90276
1.78,11,454.932682
1.28,16,454.981819
1.66,10,455.013739
1.38,12,455.05383
1.74,13,455.097102
1.27,9,455.122584
-0.6,9,455.155535
-0.52,12,455.193743
1.44,9,455.220261
-0.57,12,455.253728
1.64,10,455.283055
-0.52,12,455.380399
1.41,14,455.433202
1.64,10,455.464212
1.14,4,455.479723
1.64,10,455.508152
1.45,10,455.535743
1.58,10,455.568543
-0.34,13,455.608589
1.69,10,455.643138
1.55,10,455.67398
1.42,11,455.705439
-0.89,11,455.742941
1.33,8,455.768831
1.66,10,455.797513
-0.39,16,455.84264
1.38,9,455.875727
-0.52,12,455.918054
1.44,10,455.949676
1.38,9,455.977356
1.61,13,456.016925
1.48,12,456.052501
1.14,4,456.064809
1.14,4,456.07847
1.55,10,456.112324
-0.92,5,456.12967
1.63,11,456.163896
-0.66,7,456.184623
-0.57,10,456.215569
1.51,9,456.240682
1.65,11,456.273098
-0.49,10,456.305417
-0.44,12,456.344887
-0.8,15,456.385556
1.48,10,456.420562
1.14,4,456.433651
1.14,4,456.445704
-1.0,7,456.464488
1.71,11,456.495158
1.5,11,456.526605
1.54,11,456.56259
1.41,9,456.591314
1.14,4,456.602736
-0.58,11,456.63944
1.64,10,456.671272
1.54,9,456.702899
1.48,9,456.734288
-0.48,14,456.777107
-0.55,10,456.817841
-0.61,11,456.853072
1.43,10,456.886886
1.64,10,456.919661
-0.55,16,456.968127
-0.6,11,457.002015
1.54,9,457.030551
1.46,13,457.072088
-0.53,11,457.108177
-0.55,13,457.150357
-0.47,13,457.190624
1.54,9,457.219155
-0.81,8,457.248402
-0.46,9,457.276287
1.66,10,457.308897
1.53,10,457.339797
1.26,9,457.366268
1.48,10,457.393081
-0.72,11,457.432415
1.54,10,457.462586
-0.55,11,457.49566
1.54,9,457.529652
1.76,12,457.572683
1.46,9,457.598795
1.56,9,457.627136
1.54,9,457.65191
-0.49,15,457.697288
1.6,12,457.732964
-0.1,14,457.777462
-0.48,13,457.812278
-0.28,17,457.868686
1.59,10,457.903475
-0.69,11,457.935581
1.14,4,457.94425
-0.54,14,457.988612
-0.79,9,458.020913
-0.47,12,458.064537
-0.74,7,458.090379
1.38,9,458.120625
1.14,4,458.130682
1.53,10,458.169536
-0.82,7,458.191591
-0.69,11,458.225014
1.61,10,458.258528
1.37,9,458.284858
1.56,12,458.319589
-0.52,10,458.355925
-0.68,11,458.390281
1.14,4,458.404448
-0.76,9,458.428672
1.64,10,458.460414
1.64,10,458.489212
-0.66,7,458.518402
1.43,12,458.556901
1.5,11,458.593723
-0.48,12,458.635083
1.61,12,458.671263
1.37,9,458.701859
1.14,4,458.713239
1.34,13,458.758639
1.64,10,458.862875
1.61,10,458.891589
1.14,4,458.902934
1.36,10,458.931469
1.52,12,458.974725
-0.68,12,459.006197
-0.13,18,459.061453
-0.7,13,459.101265
-0.26,16,459.156097
-0.6,13,459.194816
-0.73,12,459.234049
-0.55,13,459.278415
1.54,9,459.307509
1.61,10,459.339024
1.14,4,459.351679
1.71,11,459.387121
1.71,11,459.421341
-0.61,10,459.450681
1.16,5,459.465527
1.54,9,459.496293
-0.6,15,459.540812
1.54,9,459.566475
-0.65,11,459.603089
1.43,9,459.628089
-0.58,10,459.666953
1.48,10,459.695749
-0.34,14,459.730244
1.27,9,459.753382
1.6,11,459.790858
1.52,11,459.82625
-0.59,13,459.871965
1.14,4,459.885728
1.14,4,459.900544
1.68,12,459.929929
1.14,4,459.942618
-0.65,9,459.971756
1.14,4,459.985271
1.59,10,460.018192
1.5,10,460.049949
1.53,10,460.084965
1.53,14,460.128949
-0.47,14,460.173626
1.27,9,460.199807
1.39,8,460.22456
1.64,10,460.252364
-0.48,12,460.289022
1.81,15,460.341062
1.76,11,460.381381
1.71,11,460.410207
-0.26,14,460.453909
-0.49,13,460.488727
1.54,9,460.518928
1.55,10,460.549809
1.48,10,460.584451
1.43,10,460.614923
1.66,10,460.649895
1.48,9,460.678475
1.58,10,460.709779
1.54,9,460.738716
1.54,9,460.765224
1.48,10,460.795999
1.66,11,460.826791
1.58,14,460.8706
-0.6,12,460.906067
-0.55,10,460.939812
1.46,9,460.967602
1.64,10,460.998734
1.14,4,461.012816
-0.4,17,461.058992
-0.32,14,461.109782
1.14,4,461.12045
1.54,9,461.147945
-0.29,19,461.210167
1.49,10,461.235847
-0.68,12,461.271666
1.56,9,461.295549
1.36,9,461.325981
-1.0,7,461.342836
-0.69,13,461.390272
-0.66,10,461.421267
1.47,10,461.458261
-0.5,14,461.508291
1.44,9,461.5396
1.55,12,461.58213
1.66,11,461.619912
-0.32,15,461.674709
-0.5,10,461.705779
-0.25,16,461.752619
-0.4,13,461.795211
1.69,11,461.822723
-0.61,11,461.856884
1.14,4,461.870508
-0.56,9,461.896849
1.66,15,461.943214
-0.61,11,461.977505
-0.54,12,462.016104
1.54,9,462.046389
1.72,13,462.083084
1.14,4,462.095129
1.14,4,462.107425
-0.6,15,462.163839
-0.62,12,462.200939
1.66,10,462.235301
-0.62,9,462.26663
1.48,9,462.301068
1.55,12,462.3393
1.09,13,462.374066
-0.42,16,462.423032
1.5,14,462.47096
1.71,17,462.550266
-0.52,10,462.630888
1.74,14,462.67753
1.48,9,462.709569
1.54,9,462.736433
-0.28,17,462.78208
-0.67,11,462.816713
1.14,4,462.832747
1.48,9,462.860628
1.14,4,462.876673
-0.28,14,462.919314
-0.53,14,462.972435
-0.51,12,463.026213
-0.35,17,463.07787
-0.38,14,463.124648
-0.66,11,463.156629
1.14,4,463.168324
1.46,9,463.197518
1.41,11,463.235909
1.14,4,463.252278
-0.28,13,463.290019
1.43,9,463.315097
-0.63,10,463.344144
-0.38,16,463.394627
1.14,4,463.406926
1.76,15,463.450297
1.24,12,463.508647
1.54,9,463.582991
1.54,9,463.615081
-0.44,14,463.658858
1.53,10,463.686716
1.33,8,463.715407
1.47,14,463.758414
1.58,12,463.79609
1.54,12,463.836738
-0.8,9,463.867484
1.5,11,463.90299
-0.78,9,463.925999
-0.66,10,463.955976
-0.52,13,464.000364
-0.46,17,464.047154
1.61,10,464.084775
-0.49,12,464.127949
1.66,11,464.16548
-0.77,13,464.194482
-0.75,13,464.232037
-0.74,12,464.270674
-0.85,10,464.301054
1.64,10,464.333118
1.47,11,464.371933
-0.35,16,464.42129
-0.51,16,464.472746
1.5,10,464.500921
1.69,10,464.534939
-0.42,16,464.592723
-0.47,10,464.628162
-0.28,17,464.677873
-0.82,6,464.692412
1.44,10,464.729792
1.71,11,464.762875
1.66,10,464.795476
1.5,10,464.827548
-0.32,15,464.879086
1.49,9,464.911831
1.54,9,464.945065
-0.73,8,464.972838
1.53,10,465.000354
-0.4,15,465.042551
-0.48,12,465.082142
1.64,10,465.114339
1.55,10,465.149124
-0.67,8,465.178265
-0.58,11,465.213678
-0.44,10,465.245741
1.59,10,465.277826
1.14,4,465.290205
-0.37,17,465.336659
1.66,11,465.367268
-0.66,7,465.390843
1.64,10,465.429108
-0.77,7,465.450785
1.49,12,465.488453
1.69,11,465.518981
1.45,10,465.550256
1.59,10,465.582113
-0.94,7,465.603865
1.5,10,465.634873
-0.39,16,465.687821
-0.57,9,465.718466
-0.45,12,465.757078
1.51,9,465.784931
1.14,4,465.801847
-0.54,9,465.835893
-0.57,11,465.870974
1.74,11,465.904857
-0.83,7,465.932451
1.78,17,465.990833
-0.19,12,466.028926
1.61,11,466.064432
-0.78,13,466.105609
-0.53,11,466.141566
1.54,12,466.1768
1.55,10,466.20775
-0.72,8,466.233597
1.54,9,466.258891
-0.84,9,466.285888
1.44,11,466.323219
-0.77,12,466.364295
-0.65,9,466.397032
1.5,11,466.433383
1.55,10,466.469583
1.58,11,466.502103
1.64,10,466.591591
1.37,9,466.614835
-0.67,8,466.643387
-0.11,15,466.686696
-0.63,12,466.721879
1.54,9,466.752573
-0.72,10,466.783874
1.54,9,466.813663
-0.53,10,466.850354
1.69,11,466.882752
-0.66,13,466.925935
1.66,11,466.958302
1.31,14,467.001432
-0.49,10,467.034951
1.46,9,467.065587
1.41,11,467.09972
1.56,10,467.128632
-0.52,10,467.165123
1.47,11,467.205266
-0.56,14,467.250108
1.5,10,467.275073
-0.58,11,467.312883
1.48,10,467.341353
1.69,10,467.374972
1.54,9,467.403355
-0.72,16,467.453873
-0.84,9,467.479743
1.38,9,467.512146
1.78,14,467.552013
-0.35,12,467.589628
-0.76,12,467.62541
-0.62,14,467.664047
-0.69,7,467.683068
1.54,9,467.717779
-0.83,10,467.750774
1.54,9,467.777804
1.54,9,467.808451
-0.92,8,467.833833
-0.4,11,467.868091
-0.68,10,467.900368
1.55,10,467.934903
1.14,4,467.945226
1.51,9,467.971085
1.52,12,468.003641
1.55,10,468.033682
1.5,10,468.070971
1.66,10,468.104908
1.14,4,468.119563
1.45,13,468.154387
1.43,9,468.180415
-0.46,13,468.225245
-0.78,12,468.266424
1.54,9,468.292081
-0.47,14,468.339197
-0.25,17,468.383834
1.14,4,468.395861
1.28,8,468.415205
-0.84,18,468.464715
-0.75,11,468.503018
-0.66,12,468.544574
1.69,11,468.580274
-0.46,12,468.620844
1.54,9,468.649512
1.51,9,468.675993
1.3,8,468.697832
1.54,9,468.726115
1.63,11,468.761898
-0.17,17,468.81382
1.49,12,468.850533
1.4,10,468.882262
1.4,9,468.908408
1.63,11,468.946262
-0.5,12,468.984549
-0.7,11,469.01826
-0.14,15,469.064673
1.14,4,469.077658
1.6,16,469.127743
1.54,9,469.158047
1.64,10,469.186389
1.66,13,469.229675
-0.72,10,469.26172
-0.7,12,469.298182
-0.5,15,469.342128
1.43,9,469.367035
-0.14,18,469.415872
1.43,9,469.440126
1.53,10,469.471246
1.54,9,469.507309
-0.86,5,469.525459
1.44,10,469.558577
-0.56,8,469.580833
-0.7,15,469.630426
-0.6,9,469.652236
-0.38,15,469.706065
1.61,10,469.736364
1.54,9,469.763689
1.54,9,469.785802
1.56,9,469.816975
1.9,16,469.868103
-0.59,12,469.912603
1.53,11,469.948622
-0.71,16,470.002039
-0.51,14,470.043756
1.39,10,470.071826
-0.71,8,470.097278
-0.61,10,470.131659
1.61,10,470.161976
-0.64,11,470.196031
-0.41,15,470.236454
-0.44,13,470.27081
1.55,11,470.306628
-0.86,13,470.343286
-0.47,11,470.381138
1.14,4,470.395615
1.57,12,470.431696
-0.66,7,470.456836
-0.8,8,470.482865
-0.26,11,470.512506
-0.62,9,470.54284
1.51,12,470.581595
1.76,11,470.679801
-0.44,11,470.716544
-0.13,16,470.769951
1.48,10,470.804101
1.64,10,470.841274
1.54,9,470.871408
1.69,11,470.900173
1.63,11,470.938352
1.55,10,470.966876
1.49,9,470.992953
1.54,9,471.019938
1.38,11,471.048802
1.14,4,471.060198
-0.72,13,471.101659
-0.1,18,471.146863
1.66,11,471.186529
-0.5,11,471.2226
-0.95,8,471.251741
1.66,10,471.280737
1.39,10,471.314998
1.43,9,471.346479
1.62,12,471.387694
-0.5,12,471.423899
1.5,10,471.457078
1.51,9,471.483068
1.49,9,471.514452
-0.37,11,471.552554
1.54,9,471.5836
1.39,10,471.612045
1.56,13,471.65424
-0.73,11,471.691679
-0.66,7,471.721333
1.64,10,471.756321
1.62,15,471.803731
1.32,10,471.831502
1.48,10,471.859226
-0.77,7,471.880782
1.58,10,471.912836
1.5,10,471.946251
1.26,10,471.979759
1.54,9,472.005517
-0.63,10,472.032047
1.54,9,472.063899
1.66,10,472.092788
-0.48,12,472.124869
-0.64,8,472.154533
-0.36,15,472.209268
1.56,13,472.251637
1.38,9,472.274107
-0.82,6,472.298059
1.56,9,472.328162
1.22,11,472.364357
1.63,10,472.39679
-0.52,12,472.435154
-0.25,17,472.4875
1.76,11,472.522289
1.14,4,472.531412
-0.72,10,472.562393
-0.7,12,472.599906
1.36,13,472.64575
-0.82,11,472.68896
1.14,4,472.702566
1.54,9,472.734513
1.48,12,472.774093
1.14,4,472.78692
1.5,10,472.818266
1.58,11,472.855185
1.58,11,472.890178
1.56,13,472.933352
-0.71,10,472.969501
1.53,10,472.996142
1.14,4,473.011293
1.54,9,473.044109
1.26,7,473.068162
-0.91,10,473.102407
-0.8,10,473.138793
1.53,10,473.175716
1.53,10,473.207229
-0.65,13,473.251261
-0.7,11,473.282519
-0.6,13,473.318698
1.51,14,473.361574
1.48,9,473.388766
-0.46,10,473.422367
1.47,10,473.45426
-0.78,8,473.484987
1.61,10,473.522638
1.45,10,473.555524
1.26,10,473.58891
-0.54,15,473.636834
1.51,12,473.676109
1.14,4,473.690755
-0.74,12,473.722781
1.74,11,473.751963
-0.93,8,473.779335
-0.71,10,473.813951
1.58,10,473.850796
1.53,10,473.884373
1.62,12,473.921205
1.54,9,473.950614
1.5,10,473.977435
-0.71,9,474.004014
1.74,11,474.035927
-0.78,8,474.062938
-0.55,13,474.174633
1.56,10,474.206512
-0.46,9,474.240157
1.41,9,474.272374
-0.4,17,474.321458
-0.51,13,474.358297
-0.78,8,474.386068
-0.85,10,474.419304
1.63,12,474.455851
-0.5,13,474.494537
1.47,11,474.52728
-0.65,15,474.572776
1.55,10,474.609502
1.14,4,474.621068
1.49,9,474.651256
-0.56,11,474.693251
1.8,14,474.742414
1.64,10,474.809314
-0.51,11,474.85407
1.9,14,474.898087
-0.39,13,474.94323
1.54,9,474.967707
-0.56,11,475.003033
-0.69,12,475.040858
-0.55,14,475.079071
-0.41,12,475.119558
-0.35,14,475.169941
1.43,9,475.196055
1.51,10,475.229894
-0.3,12,475.272073
-0.74,7,475.297304
-0.27,16,475.34921
1.64,10,475.376389
1.54,9,475.404299
1.49,12,475.437907
1.45,10,475.471334
1.69,10,475.5024
1.53,10,475.538808
-0.8,8,475.567785
1.64,10,475.603916
1.54,9,475.627109
-0.41,14,475.670577
-0.69,10,475.702481
1.53,11,475.743016
1.64,10,475.773538
1.61,10,475.802102
1.84,12,475.840991
1.19,5,475.857544
1.53,10,475.884717
1.14,4,475.896818
-0.99,6,475.916732
1.54,9,475.944564
-0.63,10,475.97429
1.14,4,475.987201
1.68,15,476.03246
1.4,10,476.068571
-0.45,14,476.1098
-0.57,12,476.143296
-0.15,18,476.200164
1.72,15,476.248633
1.64,10,476.279366
-0.53,12,476.320028
1.81,14,476.367151
1.32,9,476.39295
1.14,4,476.404281
1.54,9,476.427258
-0.52,10,476.466508
-0.5,12,476.504585
1.64,10,476.535249
-0.82,6,476.557966
1.51,9,476.585451
-0.86,5,476.603058
1.39,9,476.631126
-0.31,16,476.688448
-0.72,14,476.726083
-0.49,9,476.753153
1.38,9,476.784549
1.59,12,476.817304
-0.53,10,476.849542
1.28,10,476.886491
1.38,9,476.9118
-0.71,10,476.944619
1.31,10,476.981286
1.92,16,477.023303
-0.77,10,477.049036
1.38,9,477.074971
1.48,9,477.098987
1.48,10,477.131297
-0.38,11,477.160031
1.61,10,477.190418
-0.56,12,477.228329
1.52,11,477.267659
-0.64,8,477.297004
1.48,9,477.327078
1.66,11,477.365133
1.14,4,477.381359
1.46,12,477.416041
-0.82,7,477.434042
-0.79,9,477.460597
-0.38,15,477.518744
1.54,9,477.54222
-0.45,14,477.583656
-0.34,15,477.62181
1.14,4,477.636372
-0.78,14,477.672601
-0.49,13,477.705674
1.49,12,477.741969
-0.54,13,477.858678
-0.58,11,477.893119
1.39,11,477.925872
1.69,11,477.958559
-0.7,11,477.990555
-0.66,7,478.015943
1.14,4,478.028854
-0.72,9,478.066305
1.49,10,478.097916
1.54,9,478.12128
-0.65,14,478.164915
-0.3,13,478.201881
-0.71,7,478.22395
1.7,11,478.262299
1.56,9,478.290312
-0.47,11,478.327568
1.68,14,478.370569
-0.62,10,478.402212
1.64,10,478.436102
-0.12,12,478.476337
-0.56,12,478.517107
-0.67,10,478.54978
1.14,4,478.561136
1.14,4,478.57455
-0.56,10,478.606265
1.14,4,478.618983
-0.44,16,478.670052
1.57,14,478.718035
-0.47,13,478.763546
1.48,9,478.788176
1.55,10,478.820637
-0.41,16,478.862763
1.54,13,478.900443
-0.63,12,478.934712
1.14,4,478.945553
-0.88,7,478.969213
1.56,9,478.995795
1.48,9,479.020766
-0.32,13,479.061586
1.14,4,479.072539
1.49,11,479.108772
-0.67,8,479.137156
1.66,10,479.165933
-0.45,14,479.208633
1.65,12,479.246676
-0.46,9,479.270388
-0.5,11,479.306482
1.42,10,479.34102
1.64,10,479.371392
1.64,11,479.399625
-0.6,9,479.426888
-0.71,13,479.470073
-0.6,9,479.504217
-0.14,19,479.556741
1.49,12,479.590976
-0.7,12,479.628193
-0.27,18,479.684548
1.42,10,479.70869
-0.81,11,479.745203
1.41,11,479.784085
1.36,10,479.822263
-0.59,11,479.853301
-0.31,14,479.901469
1.49,9,479.930271
-0.39,10,479.959373
-0.72,10,479.988363
1.14,4,479.999772
-0.64,13,480.040253
-0.94,7,480.063965
1.44,8,480.09018
1.14,4,480.101093
1.14,4,480.113783
-0.45,10,480.145182
1.43,9,480.171709
-0.91,15,480.213048
1.14,4,480.225034
-0.56,11,480.259638
1.14,4,480.270254
1.49,11,480.305288
1.43,9,480.336353
1.82,14,480.387259
1.53,13,480.430973
1.54,9,480.45801
1.5,13,480.500955
1.6,12,480.540154
-0.46,13,480.585672
1.4,9,480.614367
-0.09,15,480.664319
-0.67,10,480.698262
1.4,12,480.734533
1.45,10,480.769157
-0.68,9,480.800686
-0.69,13,480.844057
1.45,9,480.87675
1.61,10,480.91164
-0.16,17,480.965196
1.45,9,480.997456
1.44,8,481.026218
-0.76,6,481.048379
1.6,11,481.086042
-0.17,13,481.125691
1.42,10,481.156528
1.64,10,481.18777
-0.46,11,481.224047
-0.61,13,481.265057
1.66,10,481.295739
-0.46,14,481.34371
-0.71,7,481.365237
1.63,12,481.401653
1.59,10,481.428267
1.14,4,481.439152
-0.58,13,481.480412
-0.67,14,481.528387
-0.39,12,481.56634
1.14,4,481.576816
-0.82,7,481.599605
-0.57,13,481.634347
1.53,13,481.674683
1.56,9,481.701263
1.63,12,481.73856
-0.66,9,481.769494
-0.43,16,481.819879
1.59,12,481.862303
1.43,9,481.889418
1.64,10,481.992288
-0.73,9,482.023135
1.35,9,482.049597
-0.46,16,482.098114
1.53,10,482.126459
1.73,11,482.165836
1.66,10,482.198899
-0.23,14,482.236974
-0.47,10,482.272953
1.74,11,482.310615
1.53,10,482.34867
1.54,9,482.38163
-0.73,12,482.42055
-0.69,10,482.449461
1.36,10,482.478095
-0.46,9,482.506581
1.54,9,482.537971
1.56,13,482.572532
1.6,14,482.62076
1.41,11,482.663451
-0.67,8,482.693609
-0.49,14,482.7361
1.7,12,482.774777
-0.48,12,482.807322
1.47,11,482.83751
1.61,10,482.873234
1.45,10,482.903236
1.58,10,482.9426
-0.85,9,482.969306
-0.71,12,483.003545
1.21,9,483.029721
1.14,4,483.043178
-0.45,13,483.085588
-0.39,14,483.132511
1.71,11,483.163212
1.63,13,483.20145
1.56,11,483.236146
-0.66,10,483.265894
1.64,10,483.297068
1.49,12,483.337341
-0.55,10,483.369982
1.84,14,483.412529
-0.31,17,483.470689
1.52,16,483.514486
-0.17,19,483.575915
-0.41,12,483.608652
1.77,14,483.652911
1.37,10,483.686365
-0.43,15,483.733561
1.48,12,483.769559
1.14,4,483.780782
1.41,9,483.813239
1.54,9,483.844628
1.59,10,483.880265
1.43,10,483.916146
-0.61,11,483.951336
1.4,10,483.985991
1.49,12,484.027101
1.44,10,484.062435
1.4,9,484.094413
1.51,9,484.124219
1.14,4,484.133443
1.28,8,484.160204
1.34,16,484.211517
-0.25,15,484.26022
-0.68,10,484.293949
1.63,11,484.328254
-0.67,13,484.368685
1.14,4,484.385765
1.36,10,484.41588
1.69,10,484.444435
1.14,4,484.460352
-0.85,9,484.486597
1.14,4,484.49818
1.54,10,484.530304
1.58,12,484.566114
1.4,9,484.59434
1.14,4,484.607142
1.5,10,484.63071
1.59,13,484.66782
1.69,10,484.707138
1.68,11,484.739165
-0.29,14,484.778689
-0.88,9,484.802796
1.64,10,484.832902
-0.45,10,484.861239
1.6,13,484.902589
-0.72,8,484.926942
-0.59,11,484.960403
1.46,9,484.989728
1.57,13,485.032691
-0.27,18,485.082837
-0.42,17,485.141117
1.51,9,485.164928
1.17,7,485.18444
1.47,11,485.215146
1.54,12,485.252844
1.62,12,485.288468
1.14,4,485.301173
1.6,11,485.339786
-0.62,12,485.377177
1.59,10,485.409475
-0.37,14,485.45198
1.64,10,485.47774
1.61,10,485.558004
1.58,11,485.602122
1.38,9,485.631885
1.4,10,485.666777
-0.46,16,485.709085
1.66,13,485.744698
-0.38,11,485.779543
1.26,10,485.807351
1.63,11,485.844843
1.69,11,485.877378
1.34,13,485.917453
1.41,8,485.945037
1.54,9,485.975656
1.45,9,486.006904
-0.44,14,486.085365
-0.88,12,486.130906
1.48,9,486.160197
1.64,10,486.195897
-0.53,14,486.248713
-0.8,11,486.29926
-0.52,11,486.354289
1.63,11,486.403719
-0.55,11,486.450302
-0.78,8,486.479206
1.53,10,486.525844
-0.55,10,486.566676
-0.48,13,486.634803
-0.44,11,486.688614
-0.46,9,486.732171
-0.48,14,486.794904
-0.67,10,486.839046
-0.59,14,486.895618
1.14,4,486.911653
-0.61,11,486.952182
-0.26,15,486.999775
-0.69,10,487.035362
1.64,10,487.074205
1.44,11,487.117097
-0.6,14,487.177597
1.14,4,487.191649
1.51,9,487.225614
-0.59,15,487.282796
1.37,13,487.33009
1.59,10,487.364419
1.52,11,487.411477
-0.46,9,487.449456
-0.5,11,487.49056
-0.63,9,487.52763
1.6,11,487.57583
-0.39,12,487.620582
-0.16,14,487.673544
-0.6,9,487.703252
1.42,10,487.739895
1.64,10,487.78308
1.5,10,487.813596
1.14,4,487.826701
-0.76,12,487.865847
-0.68,10,487.894922
1.45,10,487.929004
1.26,9,487.95733
-0.62,9,487.993181
1.46,11,488.037217
-0.51,19,488.101249
-0.39,12,488.137705
1.5,11,488.175566
1.53,10,488.211475
1.14,4,488.228199
1.6,16,488.28279
1.51,9,488.315737
1.54,9,488.348644
1.44,11,488.388217
1.32,9,488.414845
-0.33,18,488.477436
1.64,10,488.509293
-0.09,16,488.559272
1.53,14,488.608382
1.48,10,488.646101
-0.72,10,488.683047
1.39,10,488.718128
1.54,9,488.747812
1.53,10,488.786074
-0.51,14,488.834764
-0.62,12,488.873459
1.14,4,488.88535
1.43,9,488.913765
-0.56,11,488.948106
-0.6,12,488.993905
-0.6,10,489.038187
1.5,10,489.073455
1.37,11,489.111262
1.66,10,489.145755
1.34,11,489.176861
-0.68,10,489.212848
1.44,14,489.258037
1.55,10,489.292905
1.38,9,489.320091
1.32,9,489.347114
1.65,12,489.385887
1.14,4,489.399298
1.14,4,489.411362
-0.54,13,489.458773
-0.21,14,489.514038
-0.62,16,489.572882
1.69,16,489.633246
1.58,11,489.674894
-0.47,14,489.721951
1.14,4,489.737694
-0.61,10,489.776387
1.56,12,489.81515
1.55,14,489.858701
1.55,11,489.89093
-0.38,19,489.944247
-0.83,7,489.969507
-0.26,17,490.022063
-0.25,13,490.064074
1.52,11,490.095933
1.78,11,490.135905
-0.56,12,490.173515
-0.4,14,490.215924
1.69,10,490.242283
1.55,11,490.275399
1.43,9,490.307406
-0.38,14,490.349542
-0.73,8,490.378529
-0.59,12,490.418954
1.42,12,490.457557
-0.76,6,490.481117
1.54,9,490.512513
1.57,14,490.58795
-0.46,14,490.664538
1.89,12,490.698399
1.54,9,490.726787
1.52,11,490.762978
1.54,9,490.791381
-0.23,14,490.83988
1.53,10,490.87026
-0.1,20,490.932427
1.46,9,490.96048
1.61,10,490.997232
1.54,9,491.030461
1.46,9,491.083983
-0.63,11,491.138147
1.46,9,491.175682
1.35,12,491.218561
-0.43,17,491.286052
-0.9,12,491.335394
-0.28,19,491.406435
-0.82,6,491.438505
-0.91,9,491.477824
1.49,12,491.529351
1.41,11,491.574579
1.69,11,491.61975
-0.81,5,491.642097
-0.35,13,491.695218
-0.52,11,491.741881
-0.45,15,491.806105
1.14,4,491.824274
-0.52,12,491.862182
1.64,10,491.899641
1.54,9,491.930264
1.47,10,491.964778
-0.6,9,491.992611
-0.51,11,492.033263
1.36,11,492.062194
-0.58,11,492.09596
-0.41,12,492.13577
-0.64,9,492.171026
1.14,4,492.184483
-0.64,13,492.22157
-0.55,13,492.259565
-0.25,13,492.301055
1.45,10,492.334167
1.54,9,492.36154
1.46,11,492.393843
-0.14,15,492.442174
-0.52,10,492.468913
1.64,10,492.502541
-0.18,16,492.54847
-0.32,15,492.583605
-0.48,12,492.618421
-0.84,9,492.649688
1.45,13,492.685006
1.14,4,492.697166
1.5,11,492.733333
1.41,12,492.772106
1.4,12,492.803729
1.49,9,492.831101
-0.77,7,492.854444
1.38,10,492.887939
1.53,11,492.9232
1.59,10,492.956197
1.38,9,492.989027
1.63,11,493.027317
1.43,9,493.054781
1.53,10,493.081252
-0.3,16,493.134969
-0.41,13,493.174078
1.76,13,493.214372
-0.98,5,493.226349
-0.96,9,493.258515
1.63,11,493.29432
-0.61,8,493.324697
-0.51,10,493.353385
-0.64,11,493.389574
1.48,10,493.425524
1.67,13,493.461389
1.35,9,493.489122
1.7,12,493.530777
-0.02,20,493.605482
-0.48,11,493.652547
-0.69,13,493.692028
1.64,10,493.737707
1.83,14,493.791527
-0.29,13,493.837606
-0.35,14,493.887306
-0.35,16,493.940268
1.49,10,493.975305
-0.76,8,493.997613
1.51,9,494.028358
1.42,11,494.062967
-0.44,14,494.110237
-0.69,12,494.148477
1.14,4,494.160038
-0.53,13,494.201463
1.74,11,494.241043
-0.43,17,494.284342
1.63,15,494.326988
1.63,12,494.370972
-0.49,12,494.417538
-0.79,12,494.44986
-0.68,12,494.488511
1.61,13,494.527619
-0.85,9,494.562321
-0.46,13,494.66577
-0.58,10,494.705751
-0.39,15,494.750859
1.49,10,494.7813
1.42,12,494.818052
1.5,13,494.859849
-0.5,17,494.908557
1.59,10,494.936154
1.64,10,494.969253
-0.43,15,495.019896
1.14,4,495.030261
-0.7,11,495.064787
-0.5,14,495.113306
-0.67,8,495.136368
-0.71,13,495.173557
1.51,9,495.201531
-0.8,12,495.237173
-0.64,15,495.27907
1.61,10,495.317463
-0.52,13,495.360754
-0.19,17,495.405028
1.53,10,495.433314
1.14,4,495.44579
-0.49,15,495.489546
-0.83,10,495.518045
-0.62,15,495.565775
1.55,10,495.605919
-0.74,10,495.643535
1.49,11,495.673531
-0.5,17,495.726786
1.59,10,495.759332
1.65,11,495.797088
1.14,4,495.807518
1.56,9,495.835871
-0.33,16,495.887229
-0.43,12,495.926619
1.54,9,495.952785
-0.48,18,496.003914
-0.55,14,496.041165
-0.49,14,496.085064
1.14,4,496.096824
1.58,10,496.130287
-0.48,11,496.167387
-0.84,8,496.19538
-0.39,15,496.241493
1.14,4,496.255192
-0.82,10,496.291921
1.7,13,496.34051
1.14,4,496.353773
1.54,9,496.382344
1.55,11,496.419034
1.54,9,496.44414
1.38,10,496.474598
1.59,10,496.505653
-0.82,7,496.533386
1.45,9,496.567173
1.64,10,496.601591
1.51,10,496.634321
1.14,4,496.647459
-0.77,7,496.671574
1.54,9,496.700986
1.54,9,496.724159
-0.79,9,496.754894
-0.25,14,496.802544
-0.47,11,496.842046
-0.36,14,496.885871
-0.36,13,496.923696
1.56,13,496.968996
-0.74,16,497.014518
1.45,13,497.054726
1.33,9,497.082745
1.63,11,497.121213
1.14,4,497.133838
1.65,11,497.169112
1.32,12,497.206946
1.14,4,497.222131
1.53,10,497.253318
-0.66,11,497.29222
-0.5,11,497.332949
1.54,9,497.361525
1.39,10,497.389957
-0.75,8,497.415507
-0.49,13,497.45399
-0.54,12,497.490473
1.43,9,497.52097
-0.36,11,497.55365
-0.44,13,497.595754
-0.43,13,497.641603
1.54,9,497.667698
1.61,10,497.700823
-0.67,11,497.738099
1.42,10,497.771649
-0.63,13,497.809021
1.53,10,497.839077
1.43,10,497.865766
1.14,4,497.879885
1.14,4,497.892657
-0.32,15,497.946464
1.14,4,497.956077
1.51,12,497.996752
1.38,12,498.034924
-0.67,8,498.062558
-0.45,11,498.101846
1.49,9,498.132574
-0.69,10,498.166112
1.64,10,498.196837
1.54,9,498.229017
-0.37,15,498.273891
-0.39,14,498.325131
-0.73,10,498.356825
1.45,10,498.386615
1.54,9,498.418094
-0.43,14,498.46732
-0.52,13,498.571527
1.48,10,498.601278
-0.77,9,498.627955
1.14,4,498.638567
1.37,10,498.674322
1.68,15,498.718503
-0.65,12,498.750951
1.56,9,498.776251
-0.57,9,498.810985
1.31,10,498.849957
1.14,4,498.867689
-0.94,7,498.890929
-0.77,13,498.935823
1.14,4,498.949193
1.5,11,498.980098
-0.62,12,499.01839
1.66,10,499.051612
1.56,9,499.080299
-0.49,14,499.129809
1.56,10,499.162105
1.39,11,499.199388
-0.38,11,499.232758
1.56,10,499.265001
1.53,13,499.307301
-0.52,13,499.354169
1.35,11,499.383113
1.49,10,499.413979
1.45,9,499.443799
1.14,4,499.457164
1.66,10,499.485891
-0.31,15,499.531477
1.54,9,499.562616
1.54,9,499.588146
-0.7,8,499.616903
1.69,11,499.653356
1.66,10,499.690066
1.66,10,499.722651
-0.35,11,499.749958
-0.23,16,499.799296
-0.67,11,499.829488
1.44,8,499.856432
-0.59,11,499.892583
1.66,10,499.928793
1.69,10,499.96564
1.52,12,500.004913
1.14,4,500.018674
-0.45,11,500.048723
1.51,9,500.072556
-0.5,13,500.111567
-0.64,16,500.160993
-0.21,13,500.20058
-0.4,11,500.235756
1.54,12,500.272216
-0.73,9,500.356562
-0.54,12,500.399966
1.64,10,500.427825
-0.45,11,500.469109
1.54,9,500.500712
-0.43,18,500.552198
1.14,4,500.563264
-0.51,12,500.602136
-0.32,13,500.64821
-0.97,4,500.662954
1.71,11,500.693914
-0.43,13,500.733062
-0.58,10,500.760994
1.57,12,500.79939
1.52,11,500.833467
1.14,4,500.847156
1.4,9,500.874638
-0.51,12,500.913435
1.76,15,500.958266
1.69,11,500.998996
1.53,10,501.032695
-0.39,13,501.069892
1.48,10,501.101945
1.54,9,501.130558
1.3,12,501.170822
1.48,10,501.202901
-0.67,9,501.233253
-0.72,9,501.263794
-0.26,15,501.315994
1.44,11,501.351841
-0.97,4,501.366468
-0.28,17,501.417889
1.54,9,501.450373
1.43,15,501.493591
1.14,4,501.503052
-0.32,15,501.548388
-0.69,10,501.57747
-0.67,11,501.613268
1.64,10,501.638268
-0.4,13,501.682813
-0.15,16,501.731208
1.64,10,501.767572
1.35,8,501.795614
-0.11,15,501.842157
-0.38,14,501.882388
1.54,12,501.922003
-0.9,5,501.944745
1.44,11,501.982285
-0.58,14,502.025674
1.32,11,502.065418
-0.41,12,502.106124
-0.52,10,502.13289
1.38,11,502.172288
1.54,9,502.200801
1.66,10,502.228983
-0.77,10,502.255552
-0.63,12,502.294003
1.81,11,502.333519
1.54,9,502.362339
1.14,4,502.375554
1.54,9,502.405703
-0.86,8,502.432494
1.75,14,502.468832
-0.45,12,502.50097
1.58,14,502.547225
-0.73,9,502.577453
1.54,9,502.605499
1.72,14,502.714381
1.22,8,502.734698
1.54,9,502.7684
1.54,9,502.801438
1.54,9,502.823864
1.45,13,502.859025
1.25,7,502.883152
1.45,10,502.920995
1.58,12,502.952373
-0.69,10,502.974614
-0.65,12,503.015346
-0.57,10,503.04533
-0.87,6,503.059992
1.28,8,503.083163
-0.75,7,503.111517
1.64,10,503.139421
1.39,11,503.16766
1.14,4,503.179848
1.14,4,503.196105
1.47,10,503.232437
0.02,17,503.287361
1.26,12,503.316745
1.54,9,503.343723
1.74,11,503.378461
1.55,10,503.40895
1.47,10,503.438527
1.14,4,503.454163
-0.8,10,503.484037
1.59,10,503.516091
1.61,10,503.547488
1.41,11,503.578152
-0.66,10,503.610192
1.61,11,503.639339
-0.75,11,503.672424
1.61,10,503.701536
1.14,4,503.713406
1.66,10,503.74288
-0.8,10,503.781495
-0.45,12,503.821128
1.55,10,503.84649
1.37,9,503.876316
1.51,10,503.911802
1.55,10,503.94297
1.43,9,503.971903
-0.47,10,503.999988
1.14,4,504.015106
1.77,17,504.063538
1.64,13,504.108423
1.46,9,504.133984
1.53,14,504.176018
1.14,4,504.189462
-0.35,14,504.233403
1.4,12,504.269321
1.64,10,504.297061
1.14,4,504.311543
1.14,4,504.323735
-0.89,8,504.3503
1.45,10,504.384649
1.14,4,504.398596
-0.57,9,504.425686
1.44,10,504.459275
1.49,9,504.488859
1.6,14,504.531424
-0.33,15,504.573656
1.56,13,504.611256
-0.47,10,504.646268
1.14,4,504.660389
1.5,13,504.696555
1.76,14,504.743016
-0.32,14,504.783494
1.32,9,504.814923
-0.54,14,504.863153
1.51,9,504.884641
-0.19,17,504.940017
-0.14,17,504.996433
1.52,14,505.035998
1.14,4,505.049659
1.39,14,505.100256
-0.51,14,505.142069
-0.65,13,505.186262
1.49,10,505.212763
1.33,9,505.243303
1.54,9,505.276433
1.64,10,505.312602
-0.88,12,505.342765
1.61,10,505.367801
1.14,4,505.383116
1.44,8,505.405334
-0.3,13,505.447293
-0.45,10,505.478581
-0.24,14,505.531694
1.55,10,505.560362
-0.66,13,505.600685
1.46,9,505.631586
-0.42,12,505.670488
1.42,10,505.699157
-0.65,9,505.733317
1.81,14,505.782372
-0.47,13,505.824879
1.55,10,505.857369
1.49,11,505.892131
1.44,8,505.915414
-0.87,14,505.970258
1.58,10,505.999599
-0.68,9,506.027512
-0.26,14,506.067192
1.66,10,506.101268
-0.74,7,506.126242
-0.22,12,506.16028
-0.51,14,506.200181
1.58,10,506.23659
1.53,11,506.271333
1.66,10,506.305029
-0.73,9,506.340705
1.51,9,506.372231
1.58,11,506.405011
1.72,12,506.438707
-0.89,11,506.4775
-0.3,16,506.528503
-0.71,9,506.557093
1.66,10,506.592067
1.51,12,506.629087
1.55,10,506.662379
1.54,9,506.690068
1.64,10,506.741668
-0.3,14,506.824852
1.64,10,506.859236
1.14,4,506.869041
-0.48,12,506.9039
-0.36,13,506.943735
1.33,8,506.97402
-0.46,13,507.014606
-0.59,12,507.057283
-0.47,14,507.097836
1.54,9,507.124653
1.34,9,507.152911
-0.64,11,507.188436
1.71,12,507.225833
1.66,11,507.265177
1.33,8,507.293549
1.53,10,507.328609
-0.11,19,507.38896
-0.68,15,507.434136
-0.64,12,507.472939
1.55,11,507.509739
-0.5,15,507.553622
-0.53,11,507.592814
-0.54,10,507.626515
1.44,9,507.6588
1.48,10,507.682768
-0.61,11,507.722558
1.59,12,507.758193
1.38,9,507.787754
1.42,11,507.82783
1.65,14,507.872155
1.14,4,507.883212
1.6,11,507.920933
1.59,10,507.955252
-0.69,16,508.011336
1.43,9,508.041905
1.45,9,508.069084
-0.52,10,508.10485
1.37,13,508.14852
1.56,9,508.176283
1.28,10,508.212882
1.56,9,508.242949
-0.44,17,508.282867
-0.64,11,508.318208
1.57,12,508.358045
1.59,11,508.393451
1.47,11,508.423535
1.56,9,508.456086
1.66,10,508.483624
-0.42,14,508.527784
1.51,11,508.562604
-0.31,17,508.611368
1.54,9,508.640104
-0.61,10,508.674971
-0.64,11,508.716675
-0.58,14,508.759326
1.5,13,508.798661
-0.17,16,508.846609
-0.68,14,508.88557
-0.28,12,508.920905
1.76,21,508.981233
-0.07,17,509.0333
1.14,4,509.045756
1.66,10,509.073411
1.51,10,509.105354
-0.77,7,509.131852
1.4,11,509.166578
1.38,9,509.191984
-0.67,8,509.214952
1.66,10,509.244422
1.33,10,509.277721
1.71,11,509.309738
1.36,11,509.344083
1.46,9,509.373092
-0.46,13,509.417537
-0.97,4,509.428836
1.44,8,509.452983
1.65,15,509.497165
-0.57,11,509.535769
-0.8,10,509.564916
-0.08,17,509.617719
-0.56,12,509.652984
1.61,10,509.687593
1.71,12,509.724471
1.37,10,509.758214
1.14,4,509.770039
-0.59,11,509.809435
-0.48,11,509.845246
1.61,10,509.881124
1.66,10,509.913559
1.37,9,509.943904
-0.37,14,509.987082
1.69,12,510.021706
1.49,9,510.043146
1.52,11,510.082722
1.56,13,510.117818
1.5,10,510.155267
-0.79,10,510.189113
-0.48,14,510.23124
1.14,4,510.244293
1.66,11,510.279588
1.47,10,510.310147
1.55,10,510.338341
1.54,9,510.363938
1.61,10,510.396603
-0.35,12,510.435587
1.58,11,510.467022
1.64,10,510.498197
1.42,10,510.525938
1.14,4,510.537752
1.66,10,510.569836
1.69,10,510.5953
1.14,4,510.607828
1.49,9,510.635573
1.34,7,510.723145
1.37,10,510.759864
1.14,4,510.77167
-0.68,11,510.804841
1.32,9,510.838264
1.14,4,510.852113
1.54,9,510.882727
1.53,10,510.910481
1.45,10,510.944482
1.64,10,510.974281
-0.7,11,511.012792
-0.47,11,511.045938
0.02,18,511.099236
1.53,10,511.124039
-0.84,9,511.151214
1.59,10,511.184628
-0.61,10,511.215882
-0.63,13,511.249291
1.54,9,511.278528
1.5,10,511.30823
-0.87,6,511.328712
1.41,9,511.355945
1.54,9,511.38666
1.56,9,511.413081
-0.49,14,511.459927
-0.4,13,511.502557
1.34,10,511.534889
1.66,10,511.566657
-0.71,12,511.604493
-0.01,21,511.657305
-0.71,12,511.691396
-0.42,12,511.731009
-0.59,12,511.763512
1.32,9,511.790395
-0.34,15,511.83943
-0.33,15,511.877916
1.55,10,511.907825
-0.52,13,511.953162
1.14,4,511.967356
1.33,9,512.000362
1.51,10,512.035828
-0.37,18,512.113354
-0.71,10,512.16025
1.55,10,512.209685
-0.74,10,512.257609
1.53,10,512.293009
-0.55,10,512.332611
-0.55,14,512.367094
-0.78,11,512.40266
-0.59,15,512.449679
-0.49,13,512.489566
1.53,10,512.523647
1.61,10,512.556234
1.14,4,512.568634
-0.54,13,512.607785
1.47,10,512.635754
-0.6,10,512.663762
-0.59,15,512.705376
1.61,10,512.732978
1.71,11,512.76921
1.54,9,512.802173
-0.67,11,512.839358
-0.47,13,512.878945
1.45,9,512.904314
1.44,11,512.936007
1.54,9,512.966525
1.46,12,513.003106
1.74,11,513.039389
-0.6,13,513.081684
-0.48,11,513.119374
-0.63,13,513.165888
1.48,13,513.204078
-0.6,9,513.236364
1.64,10,513.269309
1.61,10,513.298121
1.6,12,513.335186
-0.49,10,513.368535
-0.69,10,513.4035
1.51,12,513.43415
-0.79,9,513.461679
1.48,9,513.499229
-0.41,16,513.543916
1.63,13,513.586889
-0.67,9,513.61814
-0.45,11,513.655477
1.54,9,513.680642
-0.58,11,513.71861
1.43,12,513.753655
1.64,10,513.785628
1.61,11,513.818842
1.79,16,513.870561
1.59,13,513.906905
1.57,14,513.953712
1.55,10,513.98662
1.48,13,514.031555
1.45,9,514.062404
1.49,9,514.094841
1.14,4,514.10534
1.64,10,514.138064
1.43,9,514.167377
1.37,10,514.203526
-0.54,14,514.247277
1.65,15,514.299413
1.48,10,514.329917
-0.45,18,514.391379
1.35,12,514.427656
-0.44,9,514.451238
1.64,10,514.478378
1.67,15,514.589806
1.6,11,514.625793
1.55,11,514.666187
-0.7,13,514.710195
-0.5,16,514.757123
-0.93,6,514.776684
-0.41,12,514.812717
1.48,13,514.862014
1.58,10,514.892885
1.4,12,514.930591
-0.55,10,514.971064
-0.64,11,515.002662
-0.76,6,515.02641
1.36,8,515.052656
1.53,10,515.088076
-0.45,11,515.122305
1.54,9,515.201498
1.43,10,515.237104
1.54,9,515.265544
1.14,4,515.279193
1.17,10,515.3169
-0.56,12,515.354897
1.14,4,515.367755
-0.62,11,515.401646
1.53,10,515.438811
1.44,8,515.465363
1.44,8,515.487252
1.89,14,515.531362
1.14,4,515.54563
1.77,12,515.579267
-0.64,14,515.62352
1.33,8,515.652001
-0.68,13,515.691635
1.14,4,515.700845
1.14,4,515.712152
-0.8,10,515.741826
1.54,9,515.773167
1.54,9,515.798886
-0.52,12,515.840887
1.41,11,515.872596
1.54,9,515.903738
1.34,10,515.935461
-0.65,12,515.97866
-0.83,10,516.006579
1.78,11,516.045849
1.4,16,516.097986
-0.58,13,516.142928
1.9,15,516.190317
-0.77,13,516.234153
-0.35,20,516.295144
1.14,4,516.308017
-0.43,14,516.357473
1.65,11,516.388489
-0.33,15,516.435621
-0.57,12,516.476652
-0.75,11,516.51969
-0.33,15,516.56686
1.54,9,516.595866
1.53,13,516.636488
1.47,14,516.680816
1.49,9,516.710526
1.14,4,516.723117
1.23,10,516.755291
-0.76,6,516.77442
-0.7,11,516.812765
1.71,11,516.839359
1.63,10,516.873406
-0.4,14,516.915661
1.6,15,516.964539
-0.73,9,516.996045
1.51,10,517.027962
1.43,11,517.063611
-0.41,10,517.098969
-0.58,16,517.146447
1.2,10,517.181411
-0.43,12,517.218896
1.63,12,517.252459
-0.53,11,517.283108
1.44,12,517.325183
1.57,13,517.369182
1.45,10,517.403355
-0.81,14,517.450342
-0.56,12,517.489983
-0.56,15,517.535549
-0.49,14,517.578001
1.8,12,517.615632
1.14,4,517.628954
-0.68,9,517.65834
-0.72,8,517.6857
1.14,4,517.698775
1.61,11,517.735837
1.54,12,517.765692
1.76,11,517.803617
1.54,9,517.82866
1.34,9,517.858192
1.54,9,517.888718
-0.38,12,517.928995
1.49,11,517.967099
1.3,11,518.007786
-0.5,11,518.040961
1.43,12,518.081512
1.46,9,518.113635
-0.83,10,518.148343
1.64,10,518.181845
-0.66,12,518.21302
1.56,9,518.239116
1.36,8,518.265163
1.64,10,518.300092
1.29,9,518.332756
1.14,4,518.345131
1.69,10,518.376304
-0.66,10,518.40857
-0.47,11,518.449917
-0.52,12,518.489968
-0.52,10,518.523373
-0.38,12,518.562718
1.37,13,518.60386
-0.24,14,518.643818
1.41,12,518.676251
-0.12,19,518.728899
1.44,8,518.758841
1.44,8,518.784279
1.55,10,518.815014
-0.77,7,518.838276
1.49,9,518.869755
1.38,9,518.899453
1.42,10,518.983533
1.38,9,519.01926
-0.72,8,519.049179
-0.36,14,519.096556
-0.71,9,519.120504
1.14,4,519.132289
1.77,13,519.170513
-0.63,11,519.209689
1.56,11,519.240672
1.58,10,519.27071
1.54,9,519.303711
1.66,10,519.33476
1.14,4,519.34882
1.5,11,519.383789
1.41,12,519.417594
1.57,11,519.448744
1.43,9,519.479305
1.87,18,519.538461
1.36,8,519.561793
-0.36,13,519.600547
1.44,8,519.6278
1.66,11,519.666036
-0.65,12,519.708715
1.39,10,519.743128
1.82,15,519.787942
1.14,4,519.801712
1.32,9,519.836084
-0.63,10,519.861807
1.65,11,519.888214
1.38,9,519.918246
1.37,13,519.965655
-0.99,6,519.986296
1.14,4,519.999048
1.14,4,520.012685
1.78,13,520.058661
1.47,10,520.090839
1.37,10,520.125115
1.14,4,520.137859
-0.64,9,520.166558
-0.73,8,520.195431
1.39,8,520.219219
1.45,10,520.253399
-0.75,11,520.285332
1.71,11,520.312468
-0.69,10,520.347165
1.46,9,520.380648
-0.76,8,520.413609
1.34,9,520.439081
1.53,10,520.471407
1.14,4,520.481233
1.54,9,520.511302
-0.76,8,520.53994
1.14,4,520.549799
1.54,13,520.593931
1.64,10,520.629261
-0.71,10,520.658868
1.53,10,520.694305
-0.8,11,520.730437
-0.44,10,520.764579
1.57,11,520.79775
-0.27,11,520.840234
1.54,9,520.869969
-0.65,11,520.902905
1.18,7,520.921215
-0.35,14,520.968571
1.54,9,520.994099
1.26,9,521.024829
1.53,11,521.05184
1.14,4,521.064719
1.54,9,521.089072
1.34,7,521.114992
1.79,13,521.15735
-0.68,10,521.193689
-0.44,15,521.244626
-0.61,11,521.274408
1.8,16,521.316678
1.64,13,521.357337
-0.63,10,521.390333
-0.56,11,521.422218
1.54,9,521.446047
1.53,10,521.480467
1.58,11,521.511424
-0.32,15,521.5629
-0.36,12,521.599164
-0.65,10,521.635067
1.55,13,521.67298
-0.49,14,521.717107
1.73,12,521.754173
-0.54,18,521.801508
1.54,9,521.828332
1.45,10,521.861886
1.39,10,521.887875
-0.56,12,521.925949
1.38,9,521.957754
-0.89,13,522.004775
1.59,10,522.034234
-0.24,15,522.083992
1.57,12,522.126405
1.32,9,522.158993
1.41,11,522.191486
1.51,9,522.223599
1.61,10,522.259465
1.61,10,522.294644
1.45,9,522.321488
-0.64,8,522.344338
-0.48,12,522.383594
-0.56,15,522.429454
1.39,9,522.456448
1.51,10,522.493719
-0.42,19,522.54739
-0.91,10,522.581661
-0.29,12,522.681056
-0.49,13,522.72207
-0.47,14,522.765429
-0.82,9,522.793375
-0.64,11,522.831011
1.56,9,522.858539
-0.67,8,522.885341
-0.69,10,522.917098
-0.46,9,522.945666
1.54,9,522.975699
-0.52,14,523.024726
1.74,14,523.063581
-0.47,10,523.097085
1.88,17,523.150095
1.14,4,523.163967
-0.74,12,523.209534
-0.77,7,523.235368
-0.66,11,523.273313
1.71,12,523.312228
-0.73,9,523.340469
1.64,10,523.369697
1.55,10,523.401514
1.44,8,523.424638
1.49,12,523.457705
1.66,10,523.48716
1.52,12,523.519258
1.47,10,523.551254
1.76,13,523.590161
1.43,9,523.615561
1.51,9,523.647619
-0.49,14,523.69126
1.6,13,523.7327
1.26,10,523.767931
-0.4,15,523.812196
1.54,9,523.843114
1.66,10,523.87176
1.58,14,523.915476
1.73,15,523.952799
-0.48,11,523.990914
-0.6,12,524.025677
-0.55,9,524.052868
1.39,8,524.077874
-0.74,10,524.114847
1.66,10,524.147548
1.67,11,524.185859
1.66,10,524.215071
-0.67,8,524.242812
0.04,16,524.292383
-0.23,13,524.32441
1.53,10,524.353489
-0.43,12,524.395626
1.51,10,524.435632
-0.43,14,524.481614
1.48,10,524.516312
1.14,4,524.526935
-0.3,18,524.581445
-0.77,10,524.61463
-0.67,9,524.64083
1.14,4,524.653598
-0.73,14,524.696746
1.61,13,524.739373
-0.44,11,524.773972
-0.68,9,524.804449
-0.81,8,524.832936
1.78,11,524.863421
1.5,10,524.894732
1.83,14,524.938854
1.48,9,524.967459
-0.63,10,524.993655
1.34,13,525.035659
-0.8,8,525.061271
1.64,10,525.091249
-0.58,16,525.139493
-0.6,13,525.183496
1.54,9,525.212698
-0.42,17,525.263163
-0.76,10,525.292208
1.66,13,525.33343
-0.55,10,525.364754
-0.47,16,525.419197
1.37,9,525.444324
1.47,11,525.484762
1.48,12,525.520862
-0.78,7,525.545954
1.47,10,525.570614
-0.4,11,525.604305
1.83,15,525.651277
1.59,11,525.688911
-0.53,11,525.723383
1.4,12,525.759567
-0.68,12,525.79522
1.36,11,525.832145
-0.72,11,525.866794
1.6,12,525.899621
1.51,9,525.924831
1.54,9,525.958754
1.46,13,526.004816
1.14,4,526.019008
1.55,12,526.059494
1.69,10,526.094937
1.6,11,526.132094
-0.42,16,526.18519
1.14,4,526.195526
1.48,10,526.224296
1.54,9,526.253405
1.53,10,526.287355
1.56,16,526.336437
1.44,10,526.372355
-0.36,17,526.434532
-0.34,11,526.47498
1.15,9,526.507202
1.45,10,526.534678
1.64,10,526.566576
-0.48,11,526.602159
1.62,11,526.761634
1.14,4,526.774416
-0.53,12,526.810273
-0.19,15,526.862257
-0.52,9,526.88957
1.37,10,526.91907
1.63,11,526.956544
-0.57,13,526.99832
-0.76,9,527.0222
1.14,4,527.035927
-0.52,14,527.075894
-0.21,15,527.123571
1.53,11,527.161848
1.43,13,527.209529
1.5,10,527.244688
-0.52,10,527.277074
1.51,9,527.307323
-0.3,15,527.347085
1.69,10,527.377018
-0.53,11,527.409859
1.47,11,527.443977
-0.31,14,527.494631
1.14,4,527.505456
1.45,10,527.535787
1.59,10,527.564979
-0.42,12,527.61053
-0.84,8,527.638768
1.51,10,527.669256
1.64,10,527.707301
1.53,10,527.740501
-0.73,15,527.787679
1.49,12,527.829584
1.44,8,527.853387
1.59,12,527.889525
1.47,11,527.924538
1.52,12,527.964748
1.14,4,527.97409
-0.4,14,528.019124
1.32,9,528.050539
1.43,10,528.087888
-0.61,9,528.127097
1.53,10,528.174337
-0.32,14,528.236331
-0.47,16,528.291293
1.66,10,528.323971
-0.24,17,528.381873
1.44,14,528.424474
1.77,13,528.471624
-0.58,11,528.511252
-0.61,10,528.564783
1.45,9,528.607615
-0.5,11,528.657514
1.14,4,528.67528
1.14,4,528.692222
-0.73,9,528.729205
1.64,10,528.772814
-0.8,10,528.815058
1.54,12,528.866909
-0.43,14,528.933007
1.53,10,528.980077
-0.63,13,529.041131
-0.41,17,529.104988
-0.77,16,529.161208
-0.53,17,529.228973
1.51,9,529.262748
1.51,9,529.302665
1.76,12,529.352981
1.48,11,529.396959
-0.71,11,529.440111
-0.52,14,529.491854
1.59,10,529.529521
1.14,4,529.541964
1.69,11,529.58058
1.66,10,529.620125
1.14,4,529.636209
1.52,11,529.675414
-0.59,12,529.727727
-0.36,15,529.781782
1.6,11,529.826209
1.49,11,529.867906
-0.29,17,529.917795
1.44,10,529.949713
-0.77,7,529.974106
-0.76,6,529.995011
1.22,8,530.020797
1.49,9,530.059159
1.66,10,530.091128
1.36,10,530.12554
1.14,4,530.1403
-0.68,10,530.18688
-0.72,10,530.224766
1.36,9,530.257195
1.63,11,530.292292
-1.0,7,530.314198
1.49,12,530.353148
1.37,10,530.3877
1.55,10,530.417271
1.54,9,530.450084
-0.26,13,530.49182
-0.34,13,530.526067
-0.62,10,530.57521
1.59,10,530.614641
1.68,12,530.656697
1.53,15,530.698953
-0.41,16,530.753596
-0.54,9,530.85717
-0.66,7,530.87857
1.53,10,530.912456
1.44,8,530.941814
1.66,10,530.976132
-0.34,11,531.018729
1.54,9,531.051185
1.45,9,531.083742
-0.69,10,531.121549
1.48,9,531.150707
-0.4,13,531.190914
-0.15,17,531.240188
1.69,11,531.283307
1.54,9,531.308673
1.58,11,531.348054
1.55,13,531.38484
1.89,14,531.439167
-0.47,13,531.49085
-0.47,12,531.532075
1.14,4,531.544019
1.14,4,531.558174
-0.54,12,531.59498
1.57,11,531.636305
1.54,9,531.666702
1.51,9,531.702585
1.54,9,531.726037
-0.45,11,531.759203
-0.03,16,531.811437
-0.53,15,531.858176
-0.56,12,531.888185
-0.44,11,531.927877
1.55,12,531.965816
1.14,4,531.980468
-0.37,13,532.018936
1.64,10,532.049736
-0.66,12,532.083944
1.63,12,532.121064
-0.64,11,532.152031
-0.6,9,532.186468
1.45,10,532.212487
-0.51,9,532.243002
1.48,10,532.274617
1.39,8,532.298148
1.49,10,532.327287
-0.12,18,532.381341
-0.85,7,532.402437
1.42,10,532.430986
-0.76,9,532.463889
-0.44,12,532.500874
1.6,12,532.53824
-0.46,11,532.573741
-0.35,12,532.606849
1.74,11,532.648718
-0.58,16,532.700152
1.59,12,532.738293
-0.6,10,532.772733
-0.6,13,532.820277
1.53,10,532.85213
1.52,10,532.885613
-0.6,10,532.92027
1.64,10,532.955423
1.45,11,532.99829
-0.49,12,533.037811
-0.61,8,533.071187
1.43,9,533.108283
1.37,9,533.140501
1.44,10,533.173934
1.41,11,533.210809
1.63,11,533.251123
-0.83,13,533.301688
1.44,8,533.331675
1.66,10,533.368273
-0.67,14,533.407311
1.28,8,533.430932
1.51,9,533.458565
1.64,10,533.495184
-0.62,9,533.524569
1.14,4,533.537906
1.39,10,533.570979
1.23,7,533.592387
-0.7,10,533.627722
-0.46,9,533.662874
1.54,9,533.696364
-0.51,11,533.738038
1.14,4,533.756314
1.54,9,533.791472
1.16,8,533.830139
1.54,9,533.871815
1.43,12,533.926989
-0.46,9,533.963566
1.14,4,533.976971
1.54,9,534.010733
1.74,11,534.052902
-0.81,11,534.087958
-0.76,6,534.109506
-0.44,13,534.1604
1.22,10,534.197583
1.53,14,534.238024
-0.67,9,534.270807
-0.55,13,534.308902
1.52,11,534.348467
1.49,10,534.380026
-0.79,9,534.413002
1.51,9,534.442517
1.55,10,534.472759
1.14,4,534.485815
1.49,10,534.517751
-0.55,10,534.552644
-0.56,14,534.599539
-0.91,13,534.638719
1.26,10,534.67332
1.33,8,534.696398
1.32,11,534.733797
1.56,9,534.762811
-0.31,13,534.801349
-0.21,14,534.84602
1.61,10,534.88265
1.56,9,534.913821
1.44,10,534.94845
1.54,9,534.9804
-0.32,11,535.022425
-0.37,14,535.066476
1.81,11,535.097012
1.66,11,535.133907
-0.94,10,535.164842
1.53,10,535.193334
-0.76,6,535.212672
-0.66,10,535.243544
-0.33,19,535.301934
1.56,12,535.340272
-0.61,11,535.434664
-0.51,9,535.46573
1.54,9,535.495286
1.66,10,535.523792
1.47,15,535.566972
1.61,10,535.599169
1.46,10,535.635304
-0.51,14,535.669251
1.71,13,535.71072
1.33,11,535.74618
-0.65,12,535.782987
-0.36,14,535.829464
1.61,10,535.860341
-0.23,16,535.912928
-0.64,11,535.949736
1.45,9,535.979788
1.66,10,536.016001
1.76,11,536.052401
1.14,4,536.067037
1.53,10,536.100233
1.64,12,536.135776
1.6,15,536.185202
1.53,10,536.213914
-0.76,6,536.237732
-0.78,8,536.264206
-0.68,9,536.295153
-0.13,18,536.346545
1.62,13,536.388354
-0.22,17,536.440432
-0.58,13,536.480948
1.53,10,536.510625
1.54,9,536.538078
1.35,12,536.58066
1.14,4,536.591833
1.6,11,536.630239
1.54,10,536.660797
1.14,4,536.669863
1.54,9,536.700523
1.64,10,536.730747
1.24,8,536.751295
1.14,4,536.764311
-0.87,6,536.781499
-0.33,12,536.820103
-0.69,16,536.866046
-0.87,11,536.901454
-0.57,13,536.942091
1.54,9,536.978086
1.47,10,537.013772
-0.69,10,537.04241
-0.64,11,537.075589
1.57,12,537.112211
1.54,9,537.139934
1.53,10,537.163742
-0.61,10,537.194741
-0.98,5,537.214051
1.27,12,537.256804
1.48,10,537.283823
1.41,9,537.311514
1.43,9,537.343199
1.14,4,537.355611
1.54,9,537.383368
1.61,10,537.414698
1.53,10,537.445558
-0.52,10,537.480589
1.14,4,537.493861
1.47,10,537.523673
1.57,12,537.561644
1.14,4,537.573442
1.88,15,537.618466
1.47,12,537.657784
1.54,9,537.6844
1.54,12,537.718832
1.64,10,537.755565
-0.64,11,537.787925
1.64,10,537.821973
1.14,4,537.834092
1.27,9,537.864796
1.36,8,537.892617
1.38,9,537.923016
1.68,11,537.9546
-0.44,15,538.00024
1.38,9,538.030553
1.64,10,538.061051
1.53,10,538.092228
-0.73,9,538.120514
-0.64,10,538.156116
1.52,11,538.198086
-0.77,10,538.231053
1.69,10,538.25922
1.51,9,538.28848
-0.62,9,538.316566
1.14,4,538.327519
1.33,10,538.358924
1.62,12,538.399606
1.69,10,538.433692
1.63,11,538.468613
-0.37,14,538.511447
1.48,10,538.545648
-0.55,10,538.573806
-0.12,17,538.621117
1.44,12,538.651755
-0.45,13,538.688979
-0.41,17,538.738182
1.91,20,538.792835
1.53,12,538.82916
1.65,11,538.861491
1.66,10,538.894104
1.56,9,538.924592
1.53,10,539.015824
-0.33,13,539.052024
1.67,13,539.091832
1.61,11,539.126281
1.48,9,539.155492
-0.92,5,539.169063
-0.63,10,539.204598
-0.35,17,539.257383
-0.24,14,539.299652
-0.63,9,539.33276
-0.28,15,539.387814
1.52,11,539.417446
-0.67,8,539.448191
-0.52,10,539.481
1.65,11,539.513
1.6,12,539.547019
1.66,10,539.578658
1.53,10,539.607753
-0.07,18,539.656888
-0.98,8,539.68202
1.44,10,539.714725
1.54,9,539.744435
-0.46,13,539.784233
-0.4,17,539.829788
1.56,9,539.856671
1.14,4,539.867173
-0.59,12,539.907136
-0.75,7,539.928734
1.54,9,539.959296
1.66,10,539.988848
-0.3,14,540.028265
1.53,10,540.060077
-0.84,11,540.088106
1.62,12,540.123501
-0.6,14,540.172223
1.31,10,540.196624
-0.61,10,540.232663
-0.65,13,540.27414
1.63,11,540.308077
-0.65,13,540.347563
1.14,4,540.360679
1.14,4,540.373096
1.14,4,540.388258
1.64,13,540.428075
1.55,10,540.458176
-0.61,8,540.482952
-0.75,10,540.513745
1.54,9,540.545659
1.5,12,540.587003
-0.37,20,540.633985
1.42,11,540.665609
-0.55,14,540.711562
1.32,9,540.738781
1.58,10,540.773829
-0.82,7,540.799953
-0.58,16,540.844296
-0.65,10,540.882343
-0.68,12,540.929526
1.54,9,540.962182
-0.51,11,540.998224
1.53,10,541.028805
-0.42,13,541.078378
1.14,4,541.09158
1.48,9,541.120842
1.45,10,541.150802
1.54,9,541.178228
1.31,10,541.203026
1.64,10,541.240175
-0.51,11,541.275086
1.44,8,541.301347
1.54,9,541.332158
1.38,14,541.377615
1.55,10,541.41166
-0.48,10,541.44295
1.43,12,541.479451
1.54,9,541.504586
1.37,10,541.535738
-0.36,10,541.564559
1.45,11,541.59949
1.14,4,541.613108
1.64,10,541.648736
-0.69,16,541.689103
1.93,15,541.730487
-0.28,16,541.772882
1.54,9,541.80118
-0.4,16,541.849943
-0.46,11,541.886373
1.66,10,541.919813
-0.88,7,541.941769
1.93,16,541.996045
-0.54,12,542.039335
-0.42,16,542.087139
1.38,9,542.112952
-0.51,11,542.192934
-0.8,10,542.23096
-0.72,11,542.267582
-0.38,15,542.312944
-0.14,17,542.369213
-0.6,11,542.408719
1.64,10,542.437469
-0.38,14,542.483507
-0.4,15,542.52156
1.71,11,542.556946
1.61,10,542.589669
1.64,11,542.623814
1.14,4,542.634498
1.64,10,542.73329
-0.54,13,542.776271
1.14,4,542.787537
-0.39,10,542.824306
-0.53,11,542.862429
-0.54,12,542.893497
-0.72,10,542.930461
-0.65,8,542.953864
1.44,10,542.982166
1.54,9,543.012012
-0.25,15,543.056263
1.37,10,543.083024
-0.54,13,543.129231
1.69,10,543.165833
-0.42,10,543.192548
1.63,14,543.238583
1.35,9,543.266579
1.53,10,543.297329
1.69,13,543.339736
1.53,10,543.36889
1.6,11,543.407858
1.31,11,543.440617
-0.46,9,543.467942
-0.61,10,543.499269
1.98,14,543.545957
-0.42,14,543.580135
1.46,12,543.61574
-0.32,13,543.660434
-0.42,15,543.706884
-0.73,9,543.731416
1.54,9,543.761513
1.54,9,543.789021
1.4,9,543.818796
1.66,10,543.852268
1.38,11,543.885668
1.53,11,543.92097
-0.46,13,543.96801
1.23,7,543.99016
1.14,4,544.002953
1.29,9,544.037778
-0.62,12,544.071876
-0.38,12,544.113093
1.5,10,544.148311
-0.52,10,544.189384
-0.72,10,544.227162
-0.76,9,544.25693
-0.58,14,544.303493
-0.33,18,544.359188
1.66,11,544.39758
1.55,10,544.426008
-0.9,5,544.444884
-0.5,13,544.489841
-0.37,17,544.54008
1.67,12,544.578766
1.47,11,544.611051
1.52,10,544.646306
1.54,9,544.679899
1.66,10,544.709464
1.14,4,544.72194
1.36,8,544.749107
-0.64,14,544.799207
-0.51,13,544.828878
1.5,10,544.861647
1.54,9,544.889071
1.59,10,544.919745
1.67,17,544.972126
-0.44,14,545.012932
-0.54,15,545.058744
-0.14,17,545.112446
1.43,10,545.141165
-0.64,11,545.176181
1.47,10,545.20766
1.39,12,545.247174
1.38,9,545.277874
-0.81,9,545.308006
1.54,9,545.341673
1.54,9,545.375952
-0.58,13,545.420726
1.34,10,545.454963
-0.52,13,545.494173
1.58,12,545.525992
1.54,9,545.554935
1.54,9,545.58422
1.26,9,545.617795
1.46,11,545.652244
1.38,9,545.682823
1.53,11,545.722072
-0.25,15,545.765481
1.47,10,545.80239
-0.07,18,545.854606
-0.16,16,545.897142
-0.62,9,545.929301
1.53,10,545.967422
-0.31,13,546.00534
1.65,11,546.039696
-0.63,12,546.078693
1.14,4,546.092803
1.64,10,546.12234
1.66,10,546.150524
0.11,21,546.209734
1.54,9,546.235695
-0.31,11,546.264506
1.54,9,546.293759
1.14,4,546.305312
-0.54,12,546.345453
1.54,9,546.374191
1.14,4,546.387277
1.69,10,546.416877
-0.39,14,546.46253
1.71,11,546.491076
1.14,4,546.503232
1.14,4,546.515934
-0.54,15,546.557415
1.45,10,546.592763
1.5,10,546.624057
1.33,8,546.652535
-0.21,15,546.699201
-0.99,6,546.712656
1.64,10,546.747155
-0.74,13,546.790014
1.39,8,546.818179
-0.65,9,546.844952
-0.57,9,546.87857
1.55,11,546.915894
1.14,4,546.995525
1.65,13,547.043213
1.48,10,547.075011
1.42,10,547.108368
1.77,14,547.154827
1.35,12,547.191102
1.66,10,547.22356
1.55,10,547.254005
-0.83,11,547.289726
1.38,11,547.325144
-0.48,14,547.371452
1.47,10,547.40482
1.52,13,547.44779
1.68,16,547.502503
1.32,9,547.526038
-0.78,11,547.566127
1.42,10,547.603177
1.59,13,547.639996
-0.46,12,547.676907
1.56,10,547.709129
-0.51,15,547.753501
-0.22,17,547.799406
-0.67,8,547.828146
-0.42,15,547.877903
1.54,9,547.905759
1.59,10,547.942635
-0.73,9,547.972749
-0.77,7,547.999516
1.53,10,548.033546
1.47,11,548.065121
-0.85,6,548.080876
-0.67,14,548.128605
-0.44,13,548.168314
-0.41,12,548.208922
-0.4,13,548.248389
1.54,9,548.285069
1.64,10,548.312821
1.74,11,548.342702
1.66,10,548.37526
-0.55,16,548.419411
1.54,11,548.457041
-0.54,12,548.488754
-0.65,10,548.524096
1.14,4,548.537491
1.44,14,548.578082
-0.35,12,548.617718
1.56,9,548.640884
1.49,10,548.669385
1.43,9,548.705147
-0.51,11,548.744145
-0.76,6,548.761601
-0.55,10,548.793643
1.37,12,548.832187
1.55,11,548.863439
-0.91,10,548.899624
-0.46,15,548.951788
-0.64,11,548.990945
1.53,10,549.026011
-0.77,8,549.051402
-0.44,13,549.094687
-0.61,10,549.129132
-0.76,6,549.14752
1.64,14,549.19596
1.51,9,549.225983
-0.61,10,549.262917
-0.45,12,549.303653
-0.39,13,549.34536
-0.55,10,549.377198
1.56,13,549.423424
1.84,17,549.473362
-0.37,14,549.52129
1.49,9,549.554412
-0.5,10,549.592559
-0.51,11,549.629703
1.49,10,549.663857
1.54,9,549.699331
-0.93,6,549.715424
-0.72,9,549.741914
-0.37,14,549.789317
1.36,10,549.816378
1.54,9,549.843455
1.54,9,549.868415
-0.83,8,549.890338
-0.46,9,549.920753
1.56,14,549.966669
-0.24,12,550.007295
-0.35,14,550.046662
-0.93,6,550.062806
1.38,9,550.092963
-0.42,13,550.131097
1.58,12,550.169735
-0.63,10,550.201522
1.45,10,550.231926
-0.52,12,550.268431
-0.4,12,550.309311
1.63,11,550.344373
1.53,13,550.386943
-0.62,12,550.423427
1.48,12,550.463758
-0.35,12,550.505878
-0.25,14,550.560925
-0.71,12,550.598627
-0.55,13,550.642217
1.45,10,550.672723
1.77,14,550.721794
-0.62,11,550.761683
1.46,12,550.799397
1.51,9,550.830331
1.4,9,550.860245
1.54,9,550.889631
-0.28,16,550.935107
-0.39,12,550.970368
1.26,9,551.004886
1.66,10,551.030524
1.38,11,551.069368
1.64,10,551.099224
-0.81,7,551.122855
-0.36,10,551.153396
1.67,12,551.189453
-0.21,12,551.221949
1.54,9,551.251831
-0.23,18,551.299099
-0.28,17,551.357275
-0.52,13,551.400959
1.47,11,551.504641
1.6,11,551.540912
1.14,4,551.553758
1.75,12,551.590456
-0.67,8,551.616819
1.43,10,551.648058
-0.41,15,551.68561
1.59,10,551.715981
1.14,4,551.730608
-0.66,7,551.752572
1.42,10,551.784725
-0.45,11,551.8282
1.48,9,551.855973
1.14,4,551.86618
1.71,11,551.902272
1.45,9,551.926159
1.59,14,551.970264
1.59,10,552.003167
1.64,10,552.040168
-0.59,11,552.073121
1.21,9,552.101433
1.53,10,552.126645
1.41,12,552.166724
1.5,11,552.205643
-0.23,16,552.257104
1.36,11,552.28671
-0.11,16,552.339465
1.49,13,552.381936
-0.54,9,552.41486
1.66,10,552.451988
-0.52,10,552.483907
1.54,9,552.515298
1.64,10,552.545012
-0.36,16,552.592126
-0.38,15,552.628147
-0.78,8,552.64974
-0.43,15,552.694903
1.48,15,552.726129
1.66,11,552.763522
-0.38,13,552.800423
-0.71,6,552.824707
1.75,14,552.858429
1.64,10,552.890908
1.33,8,552.910254
-0.66,7,552.936141
1.45,9,552.95985
-0.56,8,552.989625
-0.78,8,553.020006
-0.53,14,553.064689
1.54,9,553.094956
1.66,10,553.129938
1.54,11,553.164287
1.36,12,553.203266
-0.42,14,553.244112
-0.63,10,553.275062
1.66,10,553.309209
-0.6,12,553.350427
1.4,13,553.386271
1.47,10,553.417469
1.64,10,553.450831
1.14,4,553.465251
1.56,12,553.506578
1.7,13,553.547925
-0.79,9,553.572311
1.58,10,553.606413
-0.99,6,553.62118
1.48,10,553.65366
-0.82,7,553.678557
-0.46,13,553.721556
-0.58,13,553.759588
1.66,10,553.783549
-0.31,14,553.825817
1.14,4,553.840088
1.56,12,553.879594
-0.59,11,553.910472
1.14,4,553.920606
1.38,10,553.949872
-0.79,9,553.978808
-0.59,10,554.01891
1.43,9,554.049371
1.64,10,554.077332
-0.47,14,554.110763
1.64,10,554.14615
1.44,10,554.179624
1.64,10,554.208285
1.64,10,554.233089
1.14,4,554.245251
1.61,10,554.280269
1.56,10,554.314425
1.71,11,554.351511
1.65,13,554.38446
1.31,11,554.414619
1.62,14,554.461768
1.54,9,554.491931
1.64,10,554.523892
-0.9,9,554.555232
1.53,10,554.588413
1.69,10,554.615287
1.47,10,554.648855
1.64,10,554.6789
-0.65,12,554.715003
-0.65,11,554.747298
-0.71,6,554.769306
-0.47,12,554.801156
-0.84,9,554.829721
1.41,9,554.860632
-0.88,7,554.887193
1.31,13,554.928044
1.54,9,554.956622
1.41,13,555.003488
-0.71,6,555.019872
1.52,11,555.058826
1.64,10,555.088056
1.76,11,555.121222
1.66,11,555.15888
1.63,11,555.190137
1.41,9,555.223689
-0.69,6,555.244052
-0.6,15,555.289597
1.57,15,555.337881
1.32,9,555.363517
1.64,10,555.391785
-0.42,15,555.437803
1.43,9,555.463857
1.42,10,555.495039
1.14,4,555.504782
-0.65,15,555.549915
-0.43,18,555.605978
-0.4,15,555.717977
-0.64,13,555.763587
-0.59,14,555.796608
1.58,10,555.827793
-0.79,9,555.861062
1.56,13,555.898906
1.66,10,555.926473
1.47,11,555.963885
-0.51,12,556.007943
1.63,15,556.05385
1.61,11,556.09209
-0.87,8,556.122572
1.56,9,556.156888
-0.73,9,556.181573
1.58,10,556.210003
1.27,9,556.233809
1.54,9,556.263168
-0.65,12,556.300985
-0.78,8,556.3281
1.53,10,556.361393
1.56,9,556.390035
1.51,9,556.416755
1.46,11,556.450808
-0.43,12,556.48048
-0.17,14,556.521934
1.53,10,556.553475
1.53,10,556.584485
-0.79,9,556.616303
1.64,10,556.645015
1.64,10,556.673116
1.54,9,556.697618
-0.51,13,556.7316
-0.55,11,556.774251
1.64,10,556.804112
1.66,10,556.840747
1.41,10,556.869767
1.64,10,556.903232
1.64,10,556.933076
-0.62,10,556.970478
1.64,10,556.995467
-0.24,18,557.04582
1.42,10,557.075617
-0.48,15,557.118352
-0.68,9,557.15144
-0.37,13,557.191264
-0.72,11,557.220302
1.4,9,557.25023
1.43,9,557.278472
-0.42,18,557.335847
-0.46,11,557.3746
1.54,9,557.399534
-0.69,11,557.435938
1.64,11,557.475117
-0.35,12,557.511357
-0.47,17,557.563392
1.28,10,557.59959
-0.54,12,557.63851
1.57,15,557.683594
1.52,12,557.721529
1.41,11,557.751557
1.41,11,557.782043
1.62,14,557.81646
-0.11,17,557.879572
-0.54,12,557.921696
1.64,10,557.945503
1.36,10,557.97817
1.58,13,558.014905
1.79,15,558.059202
-0.52,13,558.09647
1.37,9,558.126076
-0.29,18,558.179656
1.66,10,558.206622
-0.57,12,558.24879
1.61,10,558.283295
1.4,9,558.314433
-0.24,14,558.354968
1.54,9,558.388506
1.68,11,558.424027
-0.94,7,558.44973
-0.62,9,558.475983
1.54,9,558.509368
-0.76,9,558.538105
-0.65,12,558.585101
-0.64,16,558.632176
1.46,9,558.658576
1.14,4,558.7183
1.52,11,558.758953
-0.8,10,558.790265
1.14,4,558.807158
-0.44,12,558.847278
-0.87,5,558.867798
1.53,11,558.905843
1.66,12,558.942836
1.64,10,558.970794
-0.91,13,559.005745
1.64,10,559.036833
1.14,4,559.04973
-0.16,16,559.094452
-0.54,12,559.132369
-0.53,11,559.162849
1.59,10,559.194664
-1.01,8,559.215404
-0.4,12,559.255197
1.52,13,559.299925
1.64,10,559.349248
1.58,11,559.386155
-0.61,10,559.423135
1.66,10,559.456224
1.64,10,559.563217
1.35,9,559.593081
1.64,10,559.625975
1.53,14,559.662484
1.53,10,559.698534
1.4,10,559.729824
1.31,10,559.760046
-0.68,9,559.789258
1.61,10,559.827709
1.74,11,559.868325
-0.16,18,559.914883
-0.56,13,559.954503
-0.5,14,559.99143
-0.36,10,560.02647
-0.51,16,560.070105
-0.52,12,560.100124
1.14,4,560.115242
1.54,9,560.138815
1.61,10,560.172769
1.54,9,560.198491
1.64,10,560.230547
1.37,10,560.267807
1.48,14,560.310459
1.14,4,560.32341
-0.79,9,560.354059
1.45,10,560.387125
-0.46,16,560.437595
-0.5,11,560.474772
1.61,10,560.505386
1.47,11,560.537662
1.58,10,560.572418
-0.44,12,560.607888
1.42,12,560.643114
1.63,11,560.671623
-0.89,10,560.708649
-0.5,13,560.746567
1.58,11,560.788063
1.66,10,560.813223
-0.56,12,560.854274
-0.57,12,560.897884
1.49,11,560.936121
1.51,9,560.967864
1.44,11,561.008844
-0.34,14,561.05446
-0.28,18,561.107606
-0.79,12,561.149212
1.69,10,561.17973
1.57,11,561.211363
-0.63,18,561.26362
-0.62,10,561.297682
1.48,13,561.342918
-0.63,10,561.369098
-0.4,14,561.409437
1.37,12,561.449816
-0.71,13,561.491663
1.63,11,561.524308
1.68,12,561.564703
-0.63,10,561.595618
1.67,16,561.648831
1.35,12,561.687477
1.69,13,561.724046
1.46,12,561.763325
1.14,4,561.774892
1.66,10,561.808337
1.58,12,561.84409
1.44,10,561.874707
1.53,10,561.906502
-0.56,8,561.937446
1.6,11,561.975524
1.66,10,562.008388
-0.63,11,562.044946
1.64,10,562.073085
1.79,14,562.11747
1.61,10,562.147499
1.48,10,562.177683
-0.4,15,562.223588
-0.19,16,562.276639
-0.57,15,562.312603
1.69,11,562.346438
-0.56,14,562.39109
-0.54,12,562.43372
-0.68,9,562.463102
1.66,10,562.49252
1.43,9,562.527676
1.64,10,562.555318
1.61,10,562.588214
-0.55,11,562.624628
1.67,13,562.668898
1.34,15,562.704865
-0.69,10,562.741911
1.53,10,562.771509
-0.27,18,562.822612
1.37,12,562.862825
1.61,14,562.901513
1.4,10,562.933674
-0.42,15,562.985855
1.42,10,563.017337
1.53,10,563.048721
-0.27,16,563.104845
1.56,9,563.13363
1.65,12,563.171054
-0.58,11,563.207992
1.51,10,563.24037
1.14,4,563.254699
1.14,4,563.27087
-0.29,16,563.323552
-0.58,11,563.42761
-0.22,14,563.470248
-0.57,10,563.508309
-0.27,12,563.549284
1.64,10,563.575789
1.56,9,563.605985
1.56,9,563.636566
1.34,9,563.66191
-0.19,14,563.709139
1.42,10,563.741518
-0.44,16,563.78806
1.51,10,563.814575
-0.49,12,563.846627
1.58,11,563.876921
1.56,11,563.914869
1.42,10,563.95075
1.55,10,563.978468
-0.44,17,564.03035
1.59,12,564.07497
-0.61,11,564.108912
1.29,10,564.140617
-0.49,13,564.184414
1.72,13,564.225454
1.43,9,564.249603
1.14,4,564.261844
-0.54,12,564.30509
1.34,10,564.342985
1.54,9,564.36745
1.66,10,564.397504
1.52,12,564.436044
1.54,9,564.464667
1.59,13,564.504181
1.66,10,564.529411
-0.74,10,564.558406
1.64,10,564.589058
1.14,4,564.601968
-0.43,15,564.647805
1.54,9,564.673202
-0.7,9,564.700605
-0.56,11,564.735087
1.54,9,564.761013
1.59,10,564.79547
-0.57,11,564.830984
1.58,11,564.868496
1.45,10,564.902176
1.78,11,564.940209
-0.69,11,564.985057
1.14,4,564.999137
-0.46,9,565.02781
-0.67,8,565.055144
-0.81,8,565.078707
-0.48,11,565.119431
1.44,11,565.159513
1.58,13,565.199872
1.54,12,565.241602
1.74,11,565.278122
1.53,10,565.313828
-0.74,10,565.353653
-0.64,12,565.396512
-0.59,12,565.43352
1.33,10,565.459404
1.43,9,565.490396
1.53,10,565.526962
1.54,12,565.556993
1.54,9,565.587118
1.5,10,565.623107
1.54,9,565.651837
1.57,13,565.689379
1.35,9,565.716473
1.47,11,565.754492
-0.43,16,565.801281
1.6,11,565.83686
-0.76,6,565.851891
-0.48,17,565.904464
1.53,10,565.939436
1.33,11,565.972708
1.54,9,565.991706
1.44,8,566.014796
-0.76,6,566.040426
1.54,9,566.067367
-0.77,7,566.092811
1.54,9,566.121997
1.3,11,566.15551
1.53,10,566.190295
1.45,10,566.225383
1.52,12,566.262038
1.38,11,566.301057
1.14,4,566.3131
-0.45,11,566.346365
1.41,11,566.383915
-0.45,14,566.422293
1.55,10,566.455384
-0.69,10,566.486486
1.31,10,566.524101
-0.82,6,566.544499
1.69,10,566.577636
-0.43,12,566.619
1.46,12,566.661844
1.6,11,566.694344
1.35,9,566.721477
-0.57,16,566.770848
1.53,12,566.799625
1.36,10,566.830173
1.59,12,566.870013
-0.48,13,566.91349
1.53,10,566.937065
-0.56,11,566.975077
-0.55,14,567.016263
1.53,10,567.052559
-0.64,11,567.087893
1.39,10,567.121522
-0.92,5,567.13884
-0.39,11,567.172943
1.14,4,567.184395
-0.63,14,567.234607
1.39,10,567.267907
1.53,10,567.352515
1.54,9,567.387744
1.54,9,567.416349
-0.79,8,567.446532
1.54,9,567.475415
1.64,10,567.511173
1.57,15,567.556675
1.44,10,567.58432
-0.61,13,567.624049
1.14,4,567.636453
-0.58,16,567.688897
-0.49,9,567.718434
1.14,4,567.732177
-0.51,12,567.772291
1.64,10,567.805571
-0.75,8,567.830081
1.32,9,567.856454
1.53,10,567.888162
1.74,11,567.930751
1.5,11,567.967774
1.21,9,567.999905
-0.5,11,568.037221
-0.27,13,568.081841
1.54,9,568.108445
-0.78,8,568.133145
1.54,9,568.157619
-0.63,14,568.204907
-0.54,13,568.250728
1.64,10,568.280318
1.74,11,568.31441
1.54,9,568.34709
1.54,9,568.375887
1.54,9,568.403528
-0.48,15,568.448466
1.74,11,568.475669
-0.57,10,568.502583
-0.33,13,568.545593
1.63,11,568.585074
-0.8,10,568.614867
1.75,12,568.649384
1.33,10,568.683927
-0.39,19,568.738182
-0.53,11,568.7739
-0.83,8,568.804782
-0.78,8,568.835859
-0.64,13,568.870413
-0.69,10,568.895802
-0.53,14,568.940423
1.54,9,568.967823
-0.56,11,569.005258
1.53,10,569.038676
-0.47,12,569.082282
1.48,9,569.106696
1.64,10,569.135312
1.43,10,569.162291
-0.44,14,569.20493
-0.66,7,569.22773
-0.38,13,569.267881
1.61,11,569.301424
1.14,4,569.314435
-0.39,10,569.344358
1.14,4,569.356586
-0.51,13,569.401815
-0.56,12,569.442331
-0.22,14,569.485386
-0.34,14,569.520406
-0.64,11,569.557168
1.33,8,569.582837
-0.45,16,569.633651
-0.48,16,569.67538
1.55,11,569.708283
1.14,4,569.718899
1.64,10,569.751211
1.14,4,569.763709
1.64,10,569.796198
1.52,11,569.830778
1.14,4,569.840798
1.29,10,569.868225
-0.47,13,569.913327
-0.74,11,569.948356
1.54,9,569.977883
1.14,4,569.991089
1.64,10,570.023578
-0.7,11,570.05981
1.54,9,570.089654
1.38,9,570.121857
1.53,10,570.152234
-0.57,9,570.178205
1.54,9,570.205338
-0.62,11,570.241442
-0.59,15,570.289442
1.59,10,570.315799
1.14,4,570.328346
1.22,11,570.363472
-0.53,16,570.41081
1.72,16,570.451969
2.03,18,570.498106
-0.84,11,570.588189
-0.35,14,570.636013
1.14,4,570.648218
1.64,10,570.673714
-0.51,14,570.715941
1.66,10,570.748214
1.63,14,570.788419
1.14,4,570.798617
1.47,10,570.829379
-0.54,10,570.865344
1.14,4,570.875683
-0.73,10,570.902618
-0.89,7,570.928358
-0.42,11,570.9701
1.53,11,571.000898
-0.63,12,571.041081
-0.48,16,571.089548
-0.21,15,571.144249
-0.37,11,571.185338
-0.47,13,571.223212
1.65,17,571.269391
1.66,10,571.301501
1.54,9,571.332586
1.64,10,571.366577
-0.48,12,571.404663
-0.67,8,571.431948
1.6,11,571.457458
1.57,11,571.499258
1.66,10,571.529816
-0.41,13,571.570738
1.54,9,571.659676
1.31,10,571.703204
-0.68,10,571.733598
1.64,10,571.768994
-0.53,14,571.815129
1.55,10,571.85111
1.64,15,571.900697
1.42,11,571.935319
1.71,15,571.990954
-0.64,11,572.036671
-0.53,14,572.088963
-0.51,15,572.14758
1.54,9,572.183183
-0.46,9,572.217952
-0.44,15,572.259287
1.54,10,572.295048
1.64,10,572.325844
1.64,10,572.361315
1.42,11,572.396279
-0.48,11,572.437075
1.32,12,572.478851
-0.64,16,572.524329
1.69,10,572.553155
1.64,10,572.582543
1.66,10,572.61537
1.57,12,572.652377
-0.69,13,572.69216
1.14,4,572.703312
1.61,10,572.731313
1.36,9,572.763588
-0.82,6,572.786004
1.81,14,572.832528
-0.37,11,572.871455
1.69,10,572.905594
1.66,11,572.94559
-0.36,15,572.989954
-0.46,9,573.024641
1.33,8,573.047389
1.54,9,573.076848
1.69,11,573.11224
-0.84,8,573.135926
-0.48,14,573.176261
1.54,9,573.202682
-0.57,9,573.230878
1.64,10,573.261184
-0.83,8,573.288014
1.39,8,573.317902
-0.47,14,573.363853
1.56,12,573.401914
-0.82,12,573.443737
1.45,10,573.469971
-0.4,14,573.515315
1.48,10,573.54111
-0.34,15,573.58883
1.62,12,573.63092
1.59,13,573.674912
-0.35,16,573.725024
-0.66,10,573.763681
-0.65,9,573.7974
-0.5,10,573.83226
1.64,10,573.864486
-0.86,10,573.895296
1.54,9,573.924416
1.45,9,573.952793
1.64,12,573.99127
-0.49,13,574.029574
-0.51,13,574.071787
-0.65,12,574.11472
1.64,10,574.149802
-0.38,17,574.205837
-0.14,17,574.256997
-0.51,9,574.290267
-0.56,11,574.322986
1.14,4,574.3365
-0.58,10,574.374786
-0.6,13,574.418306
-0.67,14,574.466866
1.54,9,574.49426
1.14,4,574.507402
-0.63,12,574.550498
1.37,10,574.581344
1.54,9,574.610876
-0.96,9,574.637381
1.37,10,574.666821
1.18,6,574.683192
-0.81,11,574.714626
1.64,10,574.745628
1.64,10,574.778946
-0.54,13,574.819571
-0.47,12,574.866269
1.5,10,574.899284
-0.22,17,574.954725
-0.84,9,574.985394
-0.35,12,575.029337
-0.62,11,575.059996
1.14,4,575.074273
1.34,9,575.105556
-0.72,7,575.127967
1.64,10,575.162419
1.63,11,575.195253
1.32,10,575.225544
-0.67,9,575.256549
-0.71,10,575.290248
-0.22,15,575.336518
1.47,13,575.375874
-0.53,12,575.414212
-0.23,15,575.46332
-0.61,14,575.508143
1.61,10,575.539343
1.14,4,575.549017
-0.49,11,575.647698
1.14,4,575.66045
1.65,12,575.702628
1.54,12,575.736368
-0.46,14,575.780479
-0.52,12,575.822549
-0.26,14,575.867402
-0.65,13,575.899569
1.39,8,575.926825
1.54,9,575.957103
1.43,10,575.992652
1.69,10,576.024161
-0.68,10,576.059117
1.69,10,576.09713
1.33,8,576.124517
1.83,13,576.167989
-0.84,8,576.196286
1.54,9,576.231137
1.54,9,576.258964
1.54,9,576.287947
1.59,10,576.318378
-0.76,6,576.335909
1.51,10,576.372057
-0.54,12,576.411012
1.48,10,576.441331
-0.25,16,576.50821
1.61,10,576.546936
1.66,10,576.582774
1.69,10,576.620857
1.5,11,576.658346
-0.44,15,576.746215
1.64,10,576.779088
1.14,4,576.792547
1.8,13,576.839154
1.61,10,576.866404
1.54,11,576.913047
-0.91,6,576.939462
1.49,10,576.9765
1.38,9,577.006306
1.4,13,577.045947
1.48,10,577.07711
1.44,8,577.115103
-0.35,12,577.184434
-0.88,6,577.218057
1.52,14,577.287098
1.38,11,577.342854
1.64,10,577.384873
1.95,13,577.45645
1.54,9,577.501909
-0.48,12,577.566391
1.54,9,577.609189
-0.76,6,577.644266
-0.57,9,577.684708
1.56,12,577.74358
1.54,9,577.786863
-0.45,12,577.842513
-0.56,9,577.885534
-0.48,11,577.941477
-0.57,12,577.998089
-0.37,12,578.05495
1.64,13,578.119002
1.64,10,578.170969
1.64,12,578.224514
-0.48,12,578.272199
1.64,10,578.32123
1.56,12,578.385239
-0.49,12,578.428661
-0.15,17,578.507486
-0.44,10,578.559945
-0.65,9,578.59295
-0.77,7,578.621683
1.59,13,578.662487
1.29,9,578.690931
1.74,11,578.724979
1.14,4,578.738348
-0.79,9,578.765195
-0.53,11,578.800483
1.64,10,578.845151
1.53,11,578.89472
1.6,14,578.959171
-0.9,9,578.996186
1.47,10,579.04088
-0.39,13,579.080792
1.14,4,579.095524
1.14,4,579.11
1.34,9,579.139737
1.64,10,579.177269
1.64,10,579.209424
-0.13,15,579.258211
-0.55,12,579.30155
1.64,10,579.339409
-0.34,15,579.393628
1.43,9,579.433752
1.64,10,579.474895
-0.38,14,579.527583
1.23,9,579.559474
1.56,10,579.593387
1.66,10,579.626518
-0.38,16,579.674965
-0.55,10,579.705603
1.43,9,579.739847
1.49,9,579.769659
-0.31,18,579.821202
-0.67,11,579.859469
1.14,4,579.874497
-0.51,15,580.005922
1.5,10,580.037774
-0.49,18,580.093175
1.57,12,580.132671
1.65,13,580.175811
-0.8,12,580.210265
1.4,9,580.241311
1.43,9,580.273281
1.37,10,580.310231
-0.33,13,580.351228
1.6,11,580.389991
-0.43,18,580.436276
1.43,9,580.461164
1.49,9,580.485148
1.37,10,580.513672
1.66,10,580.543775
1.51,10,580.580084
-0.59,12,580.617096
1.32,9,580.647977
-0.44,13,580.69123
1.36,11,580.730393
1.64,10,580.762782
-0.49,10,580.798892
-0.6,10,580.833678
1.14,4,580.84863
1.61,13,580.90514
-0.56,15,580.957139
1.64,10,580.993003
1.37,12,581.034777
-0.63,10,581.068411
1.14,4,581.081683
-0.72,8,581.117706
-0.37,14,581.168492
-0.52,13,581.210634
1.56,9,581.236356
1.64,10,581.269939
1.56,9,581.299492
1.64,10,581.333172
1.64,10,581.368063
1.54,9,581.395962
1.56,9,581.432556
1.66,10,581.463645
1.64,10,581.501735
1.52,12,581.535552
1.54,9,581.568041
-0.61,11,581.602612
1.56,9,581.631483
1.64,10,581.660505
-0.2,16,581.719829
-0.49,14,581.767385
1.44,8,581.804846
-0.46,12,581.847264
-0.7,8,581.873514
1.56,9,581.900261
1.68,11,581.932642
1.63,10,581.967456
-0.45,14,582.014188
-0.79,9,582.044194
-0.47,13,582.07945
1.63,11,582.115515
-0.51,12,582.152132
1.46,9,582.174826
1.43,9,582.208218
1.52,11,582.238881
-0.61,10,582.276095
-0.69,11,582.312957
1.59,10,582.342542
-0.33,16,582.393564
-0.54,12,582.430551
-0.84,9,582.456792
-0.59,13,582.50676
1.64,10,582.534207
-0.66,10,582.565761
-0.6,9,582.590899
1.45,9,582.622994
1.71,12,582.66134
-0.53,12,582.701707
-0.77,10,582.736944
1.47,10,582.766949
-0.52,10,582.794086
-0.77,7,582.818784
1.44,11,582.855948
-0.72,10,582.894443
-0.12,17,582.937776
-0.55,13,582.983125
-0.83,13,583.021574
1.14,4,583.034267
1.31,10,583.070303
1.41,9,583.104968
1.66,10,583.140025
-0.79,10,583.173731
-0.83,7,583.193757
1.32,14,583.241807
-0.6,15,583.283614
1.61,11,583.313712
1.74,11,583.351038
1.64,10,583.378301
1.5,10,583.413362
-0.34,13,583.44689
1.54,9,583.474421
1.58,12,583.512085
1.54,15,583.557262
-0.41,13,583.603447
-0.99,6,583.621059
1.41,9,583.653601
-0.3,12,583.690503
-0.88,7,583.715682
1.52,11,583.750976
1.47,10,583.862474
1.54,9,583.886785
1.41,12,583.923537
1.59,14,583.965732
1.66,10,584.004189
1.68,15,584.052791
1.14,4,584.063086
1.74,11,584.099976
1.69,10,584.137237
1.54,9,584.167061
-0.61,8,584.195796
1.51,14,584.240514
1.44,11,584.278224
1.51,10,584.312284
-0.79,11,584.347594
1.64,10,584.373229
1.44,8,584.401068
-0.31,11,584.434875
-0.74,7,584.457559
-0.24,15,584.506722
-0.4,11,584.541796
1.66,10,584.571751
1.38,11,584.604012
1.63,11,584.632154
-0.52,10,584.724612
1.26,10,584.75301
1.47,10,584.784037
1.51,12,584.814964
-0.33,13,584.862119
1.33,8,584.890177
1.14,4,584.904326
-0.65,9,584.932742
1.54,9,584.96827
1.48,10,585.003721
-0.82,8,585.02816
1.54,9,585.053239
1.14,4,585.067886
1.43,11,585.10474
-0.41,10,585.139272
-0.43,12,585.182838
1.64,10,585.214565
-0.52,12,585.256328
-0.53,13,585.296966
-0.5,12,585.337565
1.56,9,585.374093
-0.69,11,585.412362
1.64,10,585.443988
1.48,10,585.475863
1.64,10,585.512433
1.51,10,585.536976
-0.77,7,585.562353
1.22,10,585.593202
1.47,11,585.626095
1.65,11,585.656822
1.64,10,585.69
-0.37,16,585.731596
1.39,10,585.763632
1.14,4,585.776019
-0.28,13,585.814806
-0.42,12,585.852559
1.64,10,585.884678
1.53,10,585.912948
1.14,4,585.923143
1.47,14,585.968919
-0.64,11,586.001385
1.64,10,586.029742
1.64,11,586.06631
1.68,14,586.112922
-0.34,14,586.156701
1.59,10,586.187696
1.83,14,586.237133
1.48,10,586.265429
1.53,9,586.297268
1.58,11,586.334661
1.57,12,586.375046
-0.54,12,586.404428
1.48,9,586.439523
1.57,11,586.467914
1.38,9,586.500495
-0.39,17,586.55109
1.46,9,586.583328
-0.41,13,586.628057
-0.26,12,586.667218
-0.42,14,586.70899
-0.7,9,586.735579
1.64,10,586.766093
1.64,10,586.793045
-0.44,13,586.83816
1.14,4,586.853451
-0.53,12,586.890695
-0.45,13,586.922661
1.44,11,586.95655
1.66,12,586.997002
-0.65,14,587.037087
-0.43,12,587.070665
1.73,13,587.113729
-0.49,15,587.167975
1.36,11,587.202093
1.64,10,587.235382
1.37,10,587.268734
-0.77,8,587.29852
1.42,11,587.334038
-0.61,10,587.36859
1.54,9,587.39599
1.45,10,587.426885
1.64,10,587.453236
-0.73,12,587.493387
-0.59,11,587.527893
1.61,13,587.572597
1.64,10,587.605676
-0.55,10,587.638892
1.14,4,587.652441
-0.9,6,587.680781
-0.96,5,587.69834
1.54,9,587.73813
1.43,9,587.806068
1.14,4,587.822318
-0.71,10,587.851723
-0.52,13,587.892222
1.52,11,587.926716
-0.46,10,587.96363
1.6,12,588.003249
-0.24,13,588.037274
-0.97,4,588.051926
1.55,11,588.087406
1.49,13,588.128839
1.14,4,588.142327
1.69,10,588.17921
-0.46,15,588.225949
1.53,11,588.259283
1.42,11,588.288392
-0.63,12,588.326435
-0.34,15,588.371753
-0.56,12,588.41568
-0.7,12,588.453496
-0.62,10,588.490202
1.59,10,588.52452
-0.62,10,588.56423
1.54,9,588.596653
-0.4,17,588.653831
-0.52,10,588.687624
-0.39,12,588.728157
1.14,4,588.742068
1.48,12,588.784476
1.52,11,588.814772
-0.72,8,588.84056
-0.49,10,588.870431
1.34,11,588.902479
1.48,9,588.926627
-0.5,13,588.96954
-0.52,11,589.001755
-0.61,10,589.03442
1.63,11,589.069579
-0.45,14,589.116074
1.41,11,589.148366
1.43,9,589.179556
1.53,10,589.214071
1.59,10,589.251692
1.64,10,589.285142
1.14,4,589.296729
1.43,9,589.329976
-0.59,11,589.368073
-0.5,14,589.415215
-0.58,11,589.447459
-0.37,15,589.49336
1.14,4,589.504687
-0.3,16,589.549464
1.53,11,589.585254
1.64,10,589.617031
1.64,10,589.650426
-0.67,10,589.684249
1.62,12,589.723629
-0.69,10,589.757511
-0.39,12,589.794638
1.41,13,589.838255
-0.83,10,589.871974
-0.43,13,589.91194
-0.73,17,589.956006
1.58,10,589.991029
1.64,10,590.026101
1.54,9,590.055309
1.76,12,590.091836
1.61,11,590.121987
-0.39,12,590.161272
1.49,13,590.204934
-0.45,15,590.250261
1.47,11,590.282261
-0.72,8,590.306669
1.54,9,590.341189
-0.47,12,590.378767
-0.49,11,590.410272
-0.54,11,590.444093
1.54,9,590.472513
1.44,8,590.493426
-0.5,13,590.530283
-0.45,17,590.577667
-0.66,10,590.611954
1.74,15,590.657193
1.56,9,590.687393
-0.86,7,590.71175
1.48,13,590.753891
1.44,9,590.781665
-0.59,13,590.820052
-0.78,12,590.853571
-0.72,11,590.889993
1.53,10,590.927114
1.42,11,590.959235
1.63,11,590.999569
1.14,4,591.015924
-0.55,13,591.057235
-0.46,14,591.103859
1.38,8,591.131414
-0.73,14,591.169911
1.58,11,591.198807
1.14,4,591.209906
1.14,4,591.221225
1.29,9,591.250449
1.5,10,591.282525
-0.61,11,591.319089
-0.57,9,591.350158
1.6,12,591.392534
1.55,10,591.426145
-0.7,12,591.464843
1.64,10,591.50099
-0.57,10,591.531188
-0.7,13,591.575974
1.74,11,591.611976
1.42,10,591.64899
1.69,10,591.750621
-0.46,9,591.784071
1.14,4,591.796955
1.76,12,591.84009
1.64,10,591.872172
-0.53,12,591.899863
-0.69,9,591.931274
-0.16,18,591.991025
-0.58,11,592.022666
-0.73,9,592.04925
1.64,11,592.08582
-0.79,6,592.104597
-0.65,12,592.146963
-0.71,9,592.175886
1.44,10,592.209264
-0.53,13,592.246158
-0.73,10,592.28786
1.54,9,592.319339
1.36,11,592.346698
1.65,12,592.384575
1.65,12,592.430852
-0.67,11,592.464854
-0.37,13,592.503646
1.54,9,592.534851
1.63,11,592.566758
-0.55,13,592.610788
1.26,10,592.634174
-0.79,9,592.665772
1.42,10,592.698729
-0.49,12,592.735606
1.5,10,592.773238
-0.76,6,592.788626
1.64,10,592.828587
-0.66,10,592.862853
1.47,11,592.900002
-0.52,12,592.934667
-0.67,8,592.963458
-0.38,12,593.000428
1.47,10,593.032725
1.69,10,593.063015
-0.62,9,593.089252
-0.6,9,593.115637
1.54,9,593.149528
1.46,12,593.192053
-0.28,16,593.242541
1.23,7,593.260381
1.44,10,593.290024
-0.47,15,593.337239
1.54,9,593.368486
1.64,10,593.395624
1.45,10,593.424347
-0.62,9,593.453902
1.59,13,593.49826
-0.59,12,593.534194
-0.17,15,593.573331
1.54,9,593.600525
1.14,4,593.617272
-0.33,13,593.660012
1.66,10,593.695616
-0.94,7,593.721693
-0.47,11,593.760966
-0.32,15,593.80728
1.47,10,593.842629
1.39,11,593.875067
1.64,10,593.906416
-0.67,10,593.944444
1.54,9,593.976711
1.49,11,594.015245
1.53,10,594.045383
1.69,10,594.081323
-0.61,14,594.123141
-0.46,11,594.163475
1.74,11,594.195914
-0.68,10,594.222203
1.56,9,594.254039
1.42,10,594.285689
-0.56,13,594.33069
-0.61,14,594.373788
1.64,10,594.398673
1.42,11,594.429451
1.74,11,594.467064
1.64,10,594.495607
1.14,4,594.507761
-0.89,8,594.535425
1.48,9,594.566464
1.14,4,594.578075
1.66,11,594.615658
1.54,16,594.66042
1.55,10,594.691058
-0.83,7,594.709004
-0.59,11,594.744119
1.14,4,594.756461
1.53,10,594.791269
-0.5,14,594.840961
1.65,11,594.881521
-0.83,7,594.898963
-0.44,10,594.936149
1.36,10,594.971512
1.53,10,595.006543
-0.82,6,595.029874
-0.38,13,595.072992
1.43,9,595.104115
-0.36,17,595.152946
1.63,14,595.20052
1.33,11,595.241473
-0.46,9,595.267056
-0.66,15,595.311576
1.18,7,595.332875
1.64,10,595.365451
-0.94,7,595.389911
1.55,10,595.434456
1.14,4,595.478683
-0.36,14,595.527361
1.6,13,595.561775
1.14,4,595.574056
1.4,12,595.606977
-0.62,15,595.652741
1.64,10,595.685582
1.33,11,595.715073
-0.6,9,595.74666
-0.27,13,595.789367
-0.67,8,595.817472
1.47,11,595.855378
1.57,12,595.89749
1.44,9,595.922858
-0.51,10,595.958924
-0.39,13,595.995989
-0.41,13,596.035325
1.14,4,596.050378
1.54,9,596.078618
1.35,12,596.11248
1.36,11,596.144223
1.41,11,596.180153
-0.46,9,596.208986
1.52,11,596.291986
1.5,11,596.32918
1.51,9,596.363062
-0.51,11,596.397383
-0.75,10,596.423996
-0.74,8,596.450581
-0.8,10,596.488209
-0.36,15,596.529235
1.77,12,596.56229
1.66,10,596.58812
-0.56,9,596.616141
1.64,10,596.65114
1.53,11,596.691228
1.45,9,596.715539
1.64,10,596.74513
-0.29,15,596.791312
1.72,13,596.833631
1.53,10,596.871267
1.47,10,596.900214
-0.51,17,596.944439
1.54,13,596.982626
1.65,12,597.01749
1.14,4,597.029363
1.14,4,597.041614
1.64,10,597.067888
-0.7,10,597.101264
1.54,9,597.130233
1.55,14,597.171931
1.54,9,597.197914
1.74,11,597.232435
-0.61,8,597.265386
1.33,8,597.291365
1.55,11,597.329743
1.14,4,597.342466
1.64,10,597.373426
-0.53,10,597.406869
-0.32,12,597.445892
1.6,11,597.475265
1.14,4,597.488017
1.63,13,597.526283
1.33,11,597.563991
1.58,11,597.603828
1.64,10,597.631976
1.43,11,597.662174
1.63,11,597.69356
-0.3,15,597.738778
-0.41,15,597.788373
1.14,4,597.80097
-0.62,11,597.837378
1.37,13,597.872365
-0.53,11,597.905566
1.53,10,597.938314
-0.72,10,597.970594
-0.43,13,598.009858
1.54,9,598.036903
1.55,11,598.065709
1.54,9,598.09424
1.43,9,598.124103
1.35,9,598.150895
1.6,11,598.186949
-0.35,17,598.24053
1.54,9,598.266071
1.39,10,598.300804
1.14,4,598.310568
-0.36,13,598.352483
-0.65,9,598.375264
-0.37,16,598.419123
1.74,11,598.455043
-0.65,10,598.493902
1.5,10,598.522836
-0.58,9,598.549721
-0.33,16,598.595574
-0.74,8,598.62261
-0.48,11,598.660459
1.54,9,598.692376
1.14,4,598.70585
-0.26,12,598.743176
-0.58,11,598.775654
1.6,12,598.819141
1.54,9,598.846171
-0.45,11,598.88655
-0.56,11,598.918735
-0.66,13,598.955173
1.37,10,598.985647
1.14,4,598.998931
1.44,8,599.024112
1.5,14,599.068625
1.43,9,599.098879
1.52,11,599.13828
-0.67,8,599.166516
-0.37,12,599.204196
1.54,9,599.232108
1.55,10,599.268219
-0.34,11,599.305128
-0.81,17,599.3508
1.66,11,599.386869
-0.53,13,599.479227
-0.62,9,599.518974
1.14,4,599.530387
-0.53,11,599.560504
1.64,10,599.592124
-0.42,11,599.625291
1.44,11,599.658444
1.8,13,599.696753
1.46,9,599.726432
-0.32,15,599.775946
1.54,9,599.804104
1.55,12,599.842643
1.64,10,599.876925
-0.28,14,599.921191
1.69,10,599.955975
1.47,10,599.988696
1.89,15,600.039226
1.56,10,600.072274
1.69,11,600.101159
-0.6,10,600.127746
1.64,15,600.174592
1.64,10,600.207722
1.56,9,600.234563
-0.63,17,600.284884
-0.39,10,600.314399
1.14,4,600.328285
-0.88,7,600.355292
1.14,4,600.36909
1.14,4,600.381958
1.46,13,600.422836
1.49,11,600.459455
1.54,9,600.489352
-0.41,13,600.532641
1.63,11,600.570919
-0.48,11,600.605024
1.69,11,600.639722
0.94,21,600.70422
1.49,12,600.743739
1.7,13,600.784261
-0.45,14,600.833617
1.58,11,600.86631
-0.57,10,600.902152
1.54,9,600.93326
-0.8,10,600.96097
1.54,9,600.992404
-0.66,7,601.019844
1.43,12,601.060287
1.26,9,601.087525
-0.8,7,601.109221
-0.28,15,601.154895
1.14,4,601.169476
1.39,11,601.206969
-0.63,12,601.24817
-0.78,8,601.27731
1.14,4,601.290277
-0.5,11,601.324578
-0.87,6,601.346232
1.64,10,601.383247
1.14,4,601.398812
1.69,10,601.42385
1.43,12,601.462319
-0.51,14,601.505857
-0.55,10,601.536503
1.53,10,601.5696
-0.77,10,601.599594
1.35,9,601.632116
1.53,10,601.668228
-0.36,17,601.722502
1.54,9,601.75142
-0.5,12,601.793683
-0.6,8,601.818739
1.69,11,601.846073
1.53,10,601.878518
1.31,13,601.925636
-0.45,14,601.973449
-0.57,13,602.018607
-0.64,14,602.063061
-0.44,13,602.105249
1.48,13,602.14423
-0.09,16,602.196767
-0.54,9,602.227423
-0.62,14,602.272523
1.51,9,602.297421
1.14,4,602.307152
1.14,4,602.320627
-0.5,11,602.353617
1.16,5,602.36884
1.14,4,602.378171
1.54,9,602.406925
-0.34,14,602.452677
1.14,4,602.467476
1.64,10,602.498432
-0.56,9,602.52944
1.54,9,602.565066
-0.58,16,602.618102
1.14,4,602.62997
1.46,11,602.666046
-0.48,13,602.71156
1.58,11,602.748346
-0.43,16,602.800576
1.56,10,602.832268
1.76,12,602.875724
1.67,13,602.916673
1.66,10,602.951197
1.33,8,602.979527
-0.58,11,603.018732
-0.45,13,603.060557
1.71,12,603.091492
1.37,10,603.125242
1.14,4,603.139576
-0.31,13,603.176211
1.56,9,603.20387
1.6,12,603.243619
1.6,12,603.283841
-0.66,16,603.330914
1.66,10,603.358762
1.61,10,603.387677
1.63,12,603.427313
1.46,9,603.461661
1.59,10,603.490667
1.51,13,603.603335
-0.53,11,603.634662
1.53,10,603.671564
-0.19,14,603.709446
1.14,4,603.720492
-0.31,18,603.771798
1.64,10,603.803352
1.54,9,603.83386
-0.04,17,603.88619
-0.78,8,603.903683
-0.65,12,603.942963
1.52,14,603.991351
-0.66,10,604.023345
1.55,10,604.055058
-0.49,16,604.101743
-0.74,10,604.132035
1.64,10,604.161899
1.37,10,604.19664
-0.42,11,604.2381
-0.26,17,604.290337
1.66,12,604.330029
1.54,9,604.358875
1.29,9,604.39082
1.64,10,604.417212
1.48,10,604.449491
1.14,4,604.462042
1.78,11,604.500897
1.61,10,604.534512
1.72,13,604.580811
1.68,12,604.612903
1.14,4,604.624819
1.63,12,604.65782
-0.68,9,604.686523
1.53,11,604.724435
-0.84,8,604.7571
1.59,10,604.789057
1.54,9,604.818758
1.54,9,604.850388
1.59,10,604.879256
1.66,11,604.909257
1.71,14,604.95169
1.66,10,604.979141
-0.63,12,605.027334
1.69,10,605.059644
1.14,4,605.070363
1.47,10,605.096907
1.39,11,605.131298
-0.44,10,605.158705
1.64,10,605.187393
1.54,9,605.219236
-0.52,13,605.259355
1.46,11,605.2985
-0.31,16,605.350744
-0.68,13,605.387275
-0.62,9,605.416254
1.29,7,605.437113
1.62,15,605.486613
1.54,9,605.507549
1.54,9,605.539997
1.64,10,605.57024
-0.27,15,605.618983
1.51,9,605.643499
1.31,10,605.679884
1.54,9,605.710531
1.52,11,605.751825
1.55,11,605.785796
1.54,9,605.813374
-0.15,17,605.860437
1.63,16,605.91287
1.19,5,605.927832
1.38,13,605.967001
1.64,10,606.001315
1.55,11,606.041169
1.48,10,606.073936
1.4,9,606.10172
1.55,10,606.139011
-0.57,12,606.168904
1.43,9,606.196719
1.54,9,606.226566
1.61,10,606.257852
-0.51,16,606.310774
1.52,14,606.345489
-0.21,14,606.395973
1.36,11,606.423951
-0.54,11,606.454595
1.64,10,606.486583
-0.57,12,606.526077
-0.72,10,606.56397
1.54,9,606.596818
-0.63,12,606.633605
-0.43,12,606.67051
1.44,8,606.694154
1.48,9,606.721993
1.32,11,606.76269
-0.79,9,606.797692
-0.52,12,606.837737
-0.33,13,606.878706
1.14,4,606.891545
-0.55,11,606.930179
1.63,11,606.957442
-0.41,13,606.999207
-0.68,12,607.040869
1.54,9,607.075192
-0.93,6,607.093891
1.47,11,607.130432
-0.62,9,607.163854
1.49,10,607.19408
1.71,14,607.237985
1.61,10,607.267417
1.75,12,607.309934
1.53,10,607.348937
1.53,10,607.379025
1.61,10,607.412542
-0.54,15,607.459931
1.5,11,607.500017
1.6,11,607.588731
-0.47,11,607.646521
-0.82,7,607.670022
1.53,10,607.718174
1.33,12,607.766445
1.78,11,607.801342
-0.55,10,607.834655
1.59,10,607.866618
1.53,10,607.896963
-0.53,13,607.939128
1.69,10,607.973975
1.54,9,608.005869
-0.67,11,608.03653
1.53,11,608.075147
-0.21,15,608.120544
1.54,9,608.153575
1.64,10,608.182712
1.47,10,608.213843
1.64,10,608.24408
1.64,10,608.27988
1.39,10,608.319615
-0.66,10,608.373192
1.54,9,608.418666
1.51,9,608.467159
1.63,11,608.519197
1.64,10,608.555097
1.53,10,608.59225
-0.85,9,608.614707
-0.85,13,608.654855
-0.31,14,608.701135
1.14,4,608.714114
-0.5,14,608.753519
-0.23,14,608.794234
1.54,9,608.822605
1.14,4,608.835253
1.46,11,608.8764
-0.59,13,608.914633
1.44,8,608.938979
-0.63,13,608.97508
-0.47,14,609.013668
-0.52,12,609.048944
-0.45,18,609.10554
-0.59,9,609.135374
1.59,10,609.167029
1.53,10,609.20419
1.52,11,609.24058
1.54,10,609.276821
-0.46,13,609.318271
-0.29,13,609.354083
-0.44,14,609.394544
1.5,11,609.428539
-0.54,12,609.467283
1.74,12,609.501226
-0.3,13,609.544609
-0.56,12,609.589079
1.47,10,609.622371
1.56,10,609.655824
1.82,17,609.707287
1.65,11,609.735293
-0.48,12,609.787679
-0.46,13,609.838143
1.49,14,609.892936
1.74,11,609.930415
-0.54,12,609.971386
1.47,11,610.011122
1.61,10,610.099554
1.68,12,610.144059
1.14,4,610.162117
-0.52,14,610.214961
1.14,4,610.230107
1.34,10,610.272409
-0.73,9,610.307311
-0.53,11,610.342314
1.14,4,610.358568
1.61,10,610.393681
1.14,4,610.409764
-0.54,12,610.457353
-0.39,11,610.493837
-0.45,14,610.545214
1.74,14,610.599054
1.14,4,610.612702
-0.74,10,610.652966
-0.57,15,610.701799
-0.48,15,610.75227
-0.4,15,610.802849
1.54,9,610.833664
-0.64,10,610.866971
1.14,4,610.88299
-0.43,15,610.928651
-0.38,15,610.973187
1.51,12,611.012759
1.64,10,611.050668
-0.46,11,611.093889
-0.23,15,611.144491
-0.61,11,611.178791
1.74,12,611.219269
1.37,9,611.245647
1.55,11,611.280687
-0.47,12,611.320698
-0.71,7,611.345495
-0.62,12,611.395862
-0.52,13,611.439328
-0.46,9,611.466061
1.5,10,611.572873
1.53,13,611.623252
-0.64,11,611.658588
-0.8,10,611.692583
-0.59,15,611.740772
1.27,9,611.772849
1.55,10,611.806941
1.6,11,611.846367
-0.85,9,611.878872
1.54,9,611.9174
1.14,4,611.929613
1.47,10,611.964587
1.52,11,612.001986
1.14,4,612.015018
1.32,9,612.04621
1.44,8,612.06931
1.49,10,612.111834
1.43,16,612.163524
1.59,10,612.191837
1.54,9,612.222723
1.56,9,612.266089
1.52,11,612.301486
-0.74,6,612.327591
-0.46,15,612.379941
1.76,12,612.421818
1.47,10,612.451555
1.37,12,612.495134
-0.72,11,612.533724
-0.39,14,612.580903
-0.72,10,612.614426
1.46,12,612.661585
1.46,9,612.688527
1.66,10,612.718862
-0.43,14,612.761725
1.45,9,612.792886
1.6,12,612.829485
1.78,16,612.880716
-0.44,14,612.936449
1.74,12,612.98346
1.53,10,613.022324
1.14,4,613.041914
1.47,10,613.084859
1.61,10,613.128375
1.64,10,613.178519
1.49,12,613.23599
-0.47,10,613.278656
1.14,4,613.294567
1.14,4,613.311661
-0.47,10,613.357468
-0.68,9,613.398437
1.56,9,613.426011
1.64,10,613.458018
1.63,11,613.497052
1.66,10,613.533345
1.14,4,613.54691
1.59,10,613.586792
1.14,4,613.600156
-0.41,10,613.638643
-0.2,17,613.696457
-0.86,7,613.726837
1.63,11,613.768996
1.45,10,613.80208
1.14,4,613.812227
1.64,10,613.844304
-0.68,9,613.879368
1.64,10,613.914244
-0.62,12,613.953072
1.14,4,613.964845
1.5,14,614.008224
1.52,11,614.041516
1.74,11,614.075489
1.33,8,614.10979
-0.49,12,614.14825
1.54,13,614.193038
1.14,4,614.207141
1.54,9,614.231094
-0.12,17,614.28087
1.47,10,614.311429
-0.6,10,614.34481
-0.37,15,614.395182
1.54,9,614.424493
-0.35,13,614.464106
1.66,12,614.507568
1.51,9,614.537191
-0.59,15,614.579893
1.6,11,614.615082
1.14,4,614.627884
-0.67,9,614.674303
1.5,10,614.720469
-0.56,12,614.760149
-0.58,16,614.809585
1.53,10,614.843335
-0.62,14,614.886385
1.26,10,614.920704
-0.58,12,614.962114
1.14,4,614.976052
1.53,11,615.013004
-0.49,14,615.058754
-0.59,10,615.090384
-0.41,12,615.129137
-0.53,13,615.176
1.49,9,615.203589
-0.2,12,615.241662
1.59,13,615.281589
1.55,10,615.318005
-0.63,10,615.352147
1.68,11,615.394617
1.46,9,615.424075
-0.65,12,615.519506
1.14,4,615.537526
1.64,10,615.579827
1.54,9,615.612251
1.14,4,615.627777
-0.32,11,615.677378
-0.47,17,615.72722
1.48,10,615.757519
1.14,4,615.770971
-0.73,12,615.805138
-0.84,12,615.839257
-0.51,11,615.877774
1.64,10,615.911903
1.69,13,615.958578
1.14,4,615.972858
-0.6,10,616.007943
1.67,11,616.046977
1.46,9,616.071794
1.33,10,616.106858
1.54,9,616.133945
1.54,9,616.165951
-0.61,10,616.195545
1.14,4,616.207507
1.24,9,616.239125
-0.34,15,616.283942
1.14,4,616.29334
-0.88,7,616.314532
-0.36,10,616.342283
-0.44,11,616.379941
1.37,10,616.411868
1.44,8,616.432934
1.64,10,616.469931
1.14,4,616.484484
1.54,9,616.5087
1.53,10,616.541335
-0.66,10,616.572852
1.5,11,616.611412
1.64,10,616.637142
1.36,11,616.670155
1.72,13,616.712811
1.54,9,616.745587
1.54,9,616.777816
-0.66,10,616.815028
-0.66,7,616.843817
-0.8,10,616.875503
1.62,12,616.909329
1.43,10,616.945277
-0.69,11,616.986935
1.54,9,617.015795
1.55,10,617.045697
1.55,10,617.078531
1.47,11,617.118099
1.47,10,617.152678
1.53,10,617.189176
1.69,10,617.21989
1.58,10,617.252049
1.38,8,617.279581
-0.47,11,617.315913
1.54,9,617.340059
1.4,9,617.366294
1.53,10,617.405058
1.54,9,617.429051
1.81,13,617.467859
1.47,10,617.494216
-0.52,12,617.533663
-0.57,10,617.568355
1.69,10,617.600958
1.56,10,617.627516
-0.62,11,617.670741
1.55,10,617.702857
1.9,14,617.749917
1.55,10,617.779484
1.38,9,617.810871
-0.49,10,617.843307
-0.32,15,617.893743
1.14,4,617.907105
1.71,13,617.953605
1.61,10,617.985859
-0.69,10,618.021139
1.14,4,618.034819
1.54,9,618.067297
1.64,10,618.104172
1.68,11,618.141435
-0.47,18,618.196615
-0.65,11,618.235786
1.63,12,618.274441
1.29,12,618.312076
-0.63,9,618.343787
-0.29,16,618.391534
1.52,12,618.428479
-0.66,10,618.457497
-0.52,12,618.495989
1.61,11,618.526634
-0.74,11,618.561661
1.62,13,618.606406
1.53,10,618.640749
-0.24,17,618.692491
1.69,10,618.722518
1.59,13,618.764264
1.14,4,618.777966
1.14,4,618.791788
-0.25,15,618.83754
1.37,9,618.861833
-0.36,16,618.911216
-0.84,8,618.943508
1.14,4,618.955668
1.14,4,618.969171
1.69,10,618.998933
1.67,13,619.037812
1.64,10,619.068597
1.62,14,619.112301
-0.54,12,619.149926
1.53,10,619.183226
-0.36,10,619.216908
1.14,4,619.230258
1.55,10,619.256842
1.53,10,619.294197
1.5,10,619.328575
-0.22,11,619.364677
-0.75,13,619.40619
1.65,11,619.446876
1.66,10,619.481173
-0.65,9,619.510097
-0.44,10,619.54081
1.22,10,619.576569
1.56,9,619.60731
0.11,21,619.660341
-0.51,12,619.699749
-0.6,16,619.746915
1.14,4,619.759703
1.56,10,619.78993
1.51,12,619.82511
-0.37,14,619.867683
-0.57,10,619.903668
1.69,11,619.931367
1.27,9,619.963056
1.54,9,619.995184
1.39,13,620.031494
1.36,10,620.116493
-0.89,14,620.170927
1.54,11,620.207256
1.19,5,620.219951
1.49,9,620.246938
0.04,19,620.299884
1.64,12,620.334416
1.54,9,620.35873
1.54,9,620.388256
-0.54,12,620.426233
-0.49,10,620.458867
1.34,9,620.483985
-0.22,14,620.534111
1.76,11,620.573816
1.51,11,620.607943
1.14,4,620.618182
-0.98,5,620.63343
1.58,11,620.669286
1.49,11,620.708188
1.64,10,620.739285
1.32,9,620.768346
1.7,12,620.805403
1.64,10,620.838115
1.73,11,620.870432
1.65,12,620.906064
-0.88,6,620.929882
-0.71,15,620.973779
1.54,9,621.003084
1.49,10,621.031101
1.19,5,621.047174
-0.74,10,621.079238
1.55,11,621.117448
-0.67,11,621.152049
1.58,13,621.18746
1.28,11,621.219488
-0.35,20,621.283162
1.64,10,621.320542
-0.65,12,621.36132
1.52,13,621.402763
1.14,4,621.415801
-0.27,15,621.461347
1.58,10,621.490402
-0.97,4,621.508106
1.54,9,621.532908
1.49,11,621.566222
1.53,10,621.600657
1.47,11,621.636878
-0.53,10,621.670439
1.66,16,621.721749
1.41,11,621.759545
1.58,11,621.795351
1.49,11,621.825162
-0.85,10,621.860784
1.55,12,621.89695
1.48,10,621.926239
1.31,10,621.956129
0.03,15,622.0018
1.57,15,622.044749
1.49,9,622.080622
1.4,10,622.115934
-0.98,5,622.134842
1.47,11,622.175092
-0.31,11,622.216987
1.14,4,622.230219
1.51,9,622.257841
-0.68,10,622.291826
-0.45,15,622.340976
1.76,14,622.389475
-0.72,8,622.411276
1.27,9,622.434623
-0.24,14,622.485229
-0.66,9,622.515443
1.54,9,622.540628
1.54,9,622.570087
1.72,12,622.610805
1.76,11,622.640018
1.64,10,622.673958
-0.37,13,622.715149
-0.63,13,622.756554
1.69,11,622.78826
-0.66,10,622.817391
1.69,11,622.903243
-0.5,13,622.945068
-0.26,13,622.989175
1.74,11,623.026106
-0.36,15,623.072243
1.35,12,623.10697
-0.36,14,623.153888
1.54,9,623.180918
1.97,14,623.225909
-0.6,10,623.260938
2.01,13,623.299782
1.51,15,623.347294
1.14,4,623.356365
-0.4,12,623.402122
1.6,14,623.448567
-0.26,16,623.495903
1.64,10,623.528421
-0.46,14,623.573702
-0.94,13,623.615884
1.54,9,623.647225
-0.52,13,623.686251
1.48,10,623.721863
1.58,11,623.760683
-0.61,8,623.786609
1.53,11,623.818586
-0.64,12,623.856866
1.63,12,623.893438
-0.52,13,623.929249
-0.22,11,623.961832
1.61,11,623.997977
-0.57,9,624.028613
1.51,9,624.059925
1.54,9,624.13546
-0.4,10,624.185443
-0.66,10,624.219002
1.53,10,624.252977
-0.38,14,624.302795
1.68,16,624.356099
1.54,9,624.383226
-0.48,10,624.413097
1.61,10,624.449196
1.21,9,624.481644
-0.38,12,624.513552
-0.67,11,624.545279
1.54,9,624.572047
1.66,10,624.609822
1.14,4,624.623462
1.61,13,624.665471
1.37,12,624.704067
1.59,10,624.735385
-0.69,10,624.770944
1.62,12,624.816356
-0.56,8,624.846173
1.29,7,624.873906
1.63,11,624.906896
1.14,4,624.918729
1.55,10,624.954519
-0.54,11,624.987313
-0.66,7,625.008517
1.66,10,625.041259
1.49,9,625.072586
1.62,12,625.1057
1.14,4,625.116965
1.54,9,625.142374
-0.82,7,625.170789
1.53,11,625.209287
-0.42,13,625.251296
1.59,10,625.283445
1.55,10,625.317159
-0.74,12,625.359205
1.53,10,625.391854
1.32,9,625.419622
1.64,10,625.450018
1.14,4,625.464191
-0.53,11,625.498158
1.54,9,625.525109
1.46,13,625.569478
1.45,9,625.596035
-0.72,8,625.622778
1.53,10,625.651412
1.69,11,625.684813
-0.82,6,625.706004
-0.68,10,625.732543
-0.76,7,625.751776
-0.77,12,625.793689
1.34,11,625.837888
-0.77,13,625.877256
-0.64,8,625.906604
-0.4,13,625.941227
1.48,12,625.9818
-0.64,11,626.013039
-0.33,12,626.05579
1.31,10,626.082615
1.61,11,626.117214
1.66,10,626.152481
1.66,10,626.182387
1.14,4,626.194142
1.53,13,626.235236
1.38,9,626.266459
-0.53,12,626.306663
-0.74,12,626.335064
1.54,9,626.362642
-0.39,13,626.40483
-0.6,11,626.443942
-0.36,15,626.494989
1.55,10,626.529097
1.29,10,626.563508
-0.72,8,626.592487
1.54,9,626.61988
1.63,12,626.654972
1.6,11,626.683595
1.69,14,626.727814
-0.61,11,626.764355
1.64,10,626.800128
-0.42,12,626.842898
1.48,10,626.866915
1.5,10,626.902903
1.69,10,626.93919
1.5,10,626.971613
-0.51,11,627.005707
1.63,11,627.043906
1.64,10,627.07505
1.54,12,627.113755
-0.12,14,627.157508
1.63,11,627.192831
1.66,10,627.228331
1.14,4,627.239656
-0.38,15,627.286577
1.39,10,627.311577
-0.71,7,627.338477
1.53,13,627.378308
1.6,11,627.415821
1.53,10,627.448725
1.51,9,627.476444
-0.51,11,627.513785
-0.7,12,627.556029
-0.64,12,627.587375
-0.37,17,627.639129
1.18,14,627.678569
-0.76,6,627.700586
-0.26,17,627.754251
-0.55,14,627.792882
-0.54,13,627.831363
-0.48,12,627.87543
1.52,12,627.914972
-0.43,11,627.955438
1.54,9,627.981808
1.64,10,628.016836
1.41,11,628.054786
1.6,15,628.093692
-0.28,14,628.128938
-0.39,16,628.18091
1.14,4,628.194711
-0.67,8,628.294094
-0.42,11,628.32498
1.47,10,628.357402
1.69,11,628.384785
-0.48,13,628.423101
-0.92,11,628.457669
1.54,9,628.491496
1.45,10,628.518862
1.45,10,628.556046
-0.72,8,628.585094
1.75,13,628.630763
-0.24,15,628.678581
1.74,11,628.713823
-0.38,13,628.758374
1.35,9,628.781808
1.71,11,628.817652
1.63,11,628.85425
-0.67,8,628.87757
-0.65,9,628.910487
-0.84,10,628.941624
-0.77,9,628.969276
-0.54,11,629.011618
1.63,11,629.047783
1.65,11,629.085366
1.57,12,629.125681
1.3,11,629.160635
-0.8,10,629.197065
1.59,11,629.230407
1.51,14,629.27391
-0.28,14,629.314964
1.36,10,629.347287
1.81,14,629.39364
1.14,4,629.409056
-0.34,13,629.449578
1.14,4,629.462425
1.59,10,629.49761
1.14,4,629.508983
-0.78,11,629.54585
-0.62,9,629.568971
1.32,9,629.6005
1.64,10,629.632522
1.54,9,629.657061
1.44,10,629.687292
-0.68,9,629.719354
1.5,10,629.754418
-0.51,9,629.788759
1.22,7,629.810128
-0.39,11,629.847243
-0.26,12,629.887908
1.48,10,629.918861
-0.61,12,629.957739
1.45,10,629.992347
1.14,4,630.008098
1.63,11,630.039103
1.64,10,630.072941
-0.59,12,630.108694
-0.45,11,630.141541
1.44,10,630.177747
1.14,4,630.19184
1.32,9,630.220729
-0.36,11,630.260922
1.52,11,630.293359
1.74,11,630.327023
1.66,10,630.361484
-0.86,7,630.389994
-0.72,10,630.416039
1.54,9,630.444915
1.54,9,630.475789
1.27,9,630.502253
1.48,10,630.530237
1.69,10,630.563292
1.42,10,630.595267
1.54,9,630.626421
-0.55,16,630.675128
1.63,11,630.708096
1.48,10,630.741878
1.26,9,630.771857
1.46,10,630.803886
-0.87,6,630.823005
1.58,10,630.858545
1.34,7,630.883273
-0.36,16,630.93105
1.64,10,630.961878
-0.04,17,631.012623
-0.54,11,631.050402
-0.54,13,631.09447
1.53,10,631.124721
1.43,13,631.162594
1.66,10,631.19539
1.64,10,631.227941
1.64,10,631.253979
1.14,4,631.26727
1.54,9,631.302863
1.69,11,631.332318
-0.14,15,631.384143
1.54,14,631.430313
1.14,4,631.445573
1.44,10,631.476063
1.49,13,631.517838
1.58,10,631.554884
1.51,12,631.597337
1.64,10,631.629
1.45,9,631.65807
1.64,11,631.689056
1.54,9,631.71709
1.56,13,631.752576
-0.47,13,631.792866
1.14,4,631.804661
1.22,14,631.84711
1.31,10,631.878859
1.14,4,631.892819
-0.64,8,631.918348
-0.71,10,631.948098
1.74,11,631.97937
-0.69,12,632.015769
1.44,8,632.040936
1.54,9,632.074527
-0.32,13,632.112962
1.14,4,632.126019
1.55,10,632.158025
1.55,10,632.190642
-0.28,13,632.227226
1.24,11,632.256977
1.64,10,632.290598
1.29,7,632.370037
1.69,11,632.41195
1.38,9,632.439672
1.58,12,632.473937
1.66,10,632.510775
-0.68,11,632.541867
1.53,10,632.571626
1.64,10,632.60285
1.45,9,632.632776
-0.6,13,632.669513
1.65,11,632.708065
1.74,11,632.738668
-0.58,11,632.774164
1.64,10,632.808119
1.42,10,632.839762
-0.47,13,632.877301
1.49,9,632.909683
1.54,9,632.941637
-0.76,11,632.982896
1.69,13,633.020044
1.44,8,633.044641
-0.7,11,633.077219
1.46,9,633.100538
-0.68,9,633.129465
-0.56,11,633.169433
1.46,9,633.197125
1.69,11,633.233921
1.49,10,633.268207
1.54,12,633.308695
1.37,9,633.33435
1.37,9,633.361433
1.54,9,633.385881
1.65,12,633.423877
1.54,9,633.453874
1.54,9,633.486738
1.48,10,633.521397
1.47,11,633.559696
-0.64,10,633.593693
-0.82,7,633.620658
1.41,12,633.656831
1.59,10,633.689539
1.47,11,633.724975
1.81,13,633.771532
1.65,15,633.817702
-0.57,13,633.861519
-0.23,12,633.897241
1.47,11,633.93279
1.14,4,633.946584
1.54,9,633.976841
1.14,4,633.989334
1.56,9,634.019292
1.64,10,634.049703
-0.5,16,634.102785
-0.55,10,634.132055
-0.53,12,634.166598
-0.48,11,634.200412
-0.85,9,634.229583
-0.37,11,634.259852
-0.59,11,634.295403
1.59,10,634.32315
-0.25,13,634.369407
1.51,9,634.394002
1.54,9,634.423599
-0.71,13,634.454848
-0.73,13,634.496729
-0.41,12,634.526793
-0.46,12,634.56735
1.61,11,634.601238
1.63,11,634.641564
-0.62,12,634.678375
1.33,8,634.706464
-0.36,12,634.742065
-0.64,8,634.771607
1.54,12,634.803264
1.64,10,634.835752
1.53,10,634.869627
1.71,15,634.918871
-0.49,12,634.957755
1.58,11,634.989969
-0.63,13,635.034137
1.54,9,635.06594
1.46,12,635.107043
-0.22,13,635.139509
1.53,10,635.173194
1.38,9,635.210146
-0.16,15,635.254283
1.36,10,635.289729
-0.57,10,635.318969
1.47,11,635.355132
1.61,12,635.393505
-0.37,15,635.439445
-0.37,17,635.486293
-0.6,9,635.519399
1.14,4,635.531601
-0.72,8,635.558679
-0.11,14,635.604463
1.39,10,635.633644
1.73,11,635.667179
1.3,10,635.697182
1.54,9,635.725484
1.92,15,635.774646
1.73,12,635.814967
1.42,10,635.844994
-0.77,10,635.876392
-0.83,7,635.903548
-0.75,8,635.933344
1.54,9,635.965581
-0.3,15,636.010487
1.69,10,636.100798
1.64,10,636.139502
-0.77,7,636.165711
1.6,11,636.202169
-0.55,15,636.246913
-0.59,13,636.282496
1.31,10,636.314181
1.63,11,636.350189
1.44,11,636.384508
1.68,10,636.410218
1.43,9,636.436882
-0.6,12,636.468115
1.4,9,636.500428
-0.75,7,636.52325
1.63,13,636.567334
-0.38,15,636.616506
1.54,9,636.644671
-0.46,15,636.689417
1.14,4,636.699869
1.58,11,636.723202
1.45,12,636.765484
1.53,10,636.795183
-0.04,21,636.849811
-0.77,9,636.876331
-0.56,13,636.930689
-0.49,12,636.965632
-0.66,9,637.000842
1.56,11,637.036697
-0.65,9,637.065306
1.51,9,637.088378
-0.49,13,637.133363
1.65,15,637.183042
-0.77,7,637.207294
-0.37,11,637.243999
1.64,10,637.272871
-0.4,10,637.307439
1.56,13,637.350968
-0.59,11,637.38628
1.62,13,637.428694
1.51,9,637.454015
1.39,11,637.48792
1.54,12,637.575418
1.63,11,637.614692
-0.62,15,637.657811
-0.77,13,637.705696
1.55,10,637.73734
-0.61,11,637.77068
1.71,11,637.801112
-0.19,13,637.841584
-0.35,16,637.888371
-0.62,9,637.91638
1.42,10,637.949907
-0.57,9,637.980104
1.3,11,638.014464
-0.31,15,638.054128
-0.82,7,638.079936
1.37,10,638.115545
1.65,11,638.148083
1.58,16,638.198302
-0.47,14,638.242568
-0.45,15,638.293571
-0.53,13,638.332906
1.55,10,638.363935
1.64,10,638.399498
1.54,9,638.426756
1.14,4,638.43757
1.66,10,638.471858
1.54,9,638.496127
1.14,4,638.507686
1.58,10,638.534164
1.52,11,638.570644
1.54,11,638.604089
-0.8,11,638.637118
1.51,9,638.662907
1.69,12,638.703455
1.54,9,638.734052
-0.13,16,638.785829
-0.66,7,638.807411
1.69,13,638.847501
1.64,10,638.878196
-0.37,13,638.912208
1.58,10,638.941164
-0.49,16,638.986884
1.61,10,639.01707
1.59,10,639.05109
-0.57,13,639.095222
1.41,11,639.1308
1.33,8,639.151211
1.45,10,639.185371
1.61,10,639.214611
1.23,10,639.250327
-0.57,13,639.293704
-0.31,11,639.326092
1.47,11,639.354619
-0.69,7,639.372212
1.59,10,639.407575
-0.34,15,639.455565
-0.58,14,639.495337
-0.16,16,639.541776
1.53,10,639.573142
1.53,10,639.603965
1.5,13,639.642281
1.78,14,639.683677
1.44,8,639.708658
-0.58,10,639.748299
-0.46,10,639.786371
1.82,16,639.840671
-0.46,9,639.867584
-0.27,16,639.912583
1.53,10,639.943274
1.54,9,639.971414
1.47,10,640.006678
1.29,10,640.039601
-0.31,12,640.07784
-0.62,11,640.118698
1.44,8,640.145833
1.47,11,640.176754
1.71,15,640.222019
1.56,10,640.311992
1.51,11,640.360935
-0.43,12,640.400067
1.37,10,640.435847
1.14,4,640.45112
-0.74,12,640.489879
1.63,13,640.530851
1.56,9,640.563217
-0.46,13,640.606907
1.53,11,640.641108
1.68,14,640.6866
-0.4,14,640.730559
1.34,7,640.752096
1.58,10,640.782251
-0.78,8,640.809299
1.55,11,640.845817
1.73,13,640.886415
-0.73,11,640.920175
1.54,9,640.947797
-0.73,12,640.981861
1.54,9,641.010674
1.63,11,641.052044
-0.61,11,641.091645
-0.15,16,641.141693
1.64,10,641.174176
1.43,9,641.204526
1.14,4,641.221002
-0.57,14,641.270406
1.14,4,641.282473
-0.61,10,641.31672
-0.39,13,641.362654
1.48,10,641.393812
-0.38,13,641.436787
-0.35,16,641.487958
-0.76,9,641.515305
1.49,9,641.546569
-0.63,10,641.576867
1.69,10,641.606572
-0.56,11,641.637701
-0.58,10,641.673973
1.5,15,641.726637
1.54,9,641.751983
-0.2,13,641.797106
-0.53,13,641.839586
1.66,10,641.868824
1.51,10,641.90045
1.53,10,641.938102
1.42,10,641.971648
1.7,13,642.013877
1.14,4,642.024517
1.44,11,642.059884
1.54,9,642.087881
-0.35,15,642.131711
1.53,10,642.16273
-0.61,11,642.200822
-0.63,9,642.229626
-0.9,9,642.260578
-0.37,11,642.2976
-0.43,15,642.349821
-0.79,10,642.381633
1.56,17,642.433214
-0.36,13,642.479547
1.44,12,642.514487
-0.62,13,642.559889
1.14,4,642.569594
1.49,10,642.603634
-0.41,15,642.653543
1.54,9,642.682138
-0.55,11,642.720702
1.14,4,642.733981
1.42,10,642.76849
1.14,4,642.779845
-0.57,12,642.820559
-0.38,15,642.866192
-0.71,9,642.902659
-0.49,13,642.947216
1.63,12,642.983428
1.54,9,643.008071
1.69,10,643.037553
1.55,10,643.06347
-0.86,8,643.085736
1.52,11,643.125367
-0.63,10,643.158402
1.14,4,643.17048
1.64,10,643.206656
1.58,10,643.237179
1.31,10,643.276169
1.64,10,643.302508
-0.91,7,643.327356
1.64,10,643.360162
1.58,11,643.396529
-0.49,11,643.42906
1.59,14,643.47344
-0.38,12,643.506349
1.9,14,643.552998
1.66,10,643.583996
1.42,10,643.611858
-0.46,9,643.638629
1.14,4,643.655022
1.54,9,643.684494
1.48,10,643.714351
-0.56,11,643.758507
1.47,10,643.792925
1.33,8,643.820835
1.36,8,643.852439
1.63,17,643.897994
-0.66,7,643.920557
1.61,11,643.958836
1.64,10,643.988844
-0.57,10,644.015534
-0.83,7,644.038575
-0.2,19,644.095606
-0.17,14,644.144589
1.54,9,644.169397
-0.64,12,644.211346
1.61,12,644.249928
1.29,9,644.34261
1.5,13,644.384694
1.54,9,644.413758
1.38,9,644.441583
1.54,10,644.474387
-0.44,12,644.504471
1.7,12,644.545453
-0.61,11,644.579432
1.42,13,644.621135
-0.67,11,644.656949
1.54,9,644.68608
-0.89,7,644.70818
1.54,9,644.730835
1.54,13,644.762997
1.84,16,644.814251
-0.75,11,644.849118
1.53,16,644.893819
-0.56,15,644.941645
-0.53,11,644.974562
-0.71,7,645.000584
-0.64,11,645.039263
-0.8,6,645.056781
-0.31,14,645.106278
-0.65,10,645.139786
1.69,10,645.175566
-0.88,6,645.192848
-0.66,8,645.223232
-0.48,11,645.264568
1.65,11,645.303089
-0.33,12,645.344702
1.64,10,645.378122
1.64,10,645.416193
-0.52,13,645.456757
1.27,11,645.490286
1.58,10,645.523447
-0.56,11,645.566029
1.61,14,645.610812
1.64,10,645.639245
1.62,13,645.680904
-0.84,9,645.709362
-0.62,9,645.740522
1.53,11,645.774777
0.12,17,645.82575
-0.59,12,645.860665
1.48,11,645.895149
1.66,14,645.940777
1.3,11,645.978645
1.33,8,646.003414
1.38,11,646.033125
-0.55,9,646.063099
-0.71,11,646.099694
1.27,9,646.13006
1.14,4,646.14181
-0.48,15,646.184407
1.44,8,646.213234
-0.56,13,646.255501
1.56,9,646.27931
-0.81,11,646.312023
-0.63,10,646.35035
1.54,9,646.379153
1.14,4,646.392601
1.14,4,646.405082
-0.85,10,646.435972
1.64,10,646.466379
-0.25,16,646.513697
1.54,9,646.543836
1.14,4,646.557898
1.53,10,646.587796
1.14,4,646.600963
1.54,9,646.628669
-0.33,14,646.667124
1.34,8,646.693801
1.14,4,646.707454
1.8,14,646.750083
-0.82,7,646.774895
1.32,11,646.80919
-0.58,13,646.846597
1.38,9,646.874018
1.31,10,646.90955
1.59,13,646.944186
-0.54,12,646.986716
1.44,9,647.019469
1.46,9,647.049635
-0.11,16,647.093251
1.33,8,647.117666
1.52,12,647.149802
1.5,10,647.180084
-0.81,5,647.197687
-0.42,15,647.242486
1.54,9,647.270778
1.54,9,647.302875
-0.37,14,647.339273
-0.68,10,647.368712
-0.18,15,647.417592
1.32,9,647.445526
-0.39,17,647.496508
-0.63,12,647.528317
-0.54,9,647.558233
-0.54,10,647.598031
-0.45,17,647.647865
1.56,12,647.682225
1.66,10,647.71143
1.14,4,647.725401
1.44,8,647.750298
1.14,4,647.76324
-0.16,15,647.801758
1.68,11,647.836221
1.44,8,647.863419
-0.52,11,647.906552
-0.6,9,647.935619
1.61,10,647.969672
-0.65,12,648.010897
-0.55,16,648.060771
-0.55,11,648.093907
1.69,11,648.131403
1.48,10,648.163098
1.54,9,648.18973
1.14,4,648.199409
1.14,4,648.215004
-0.62,13,648.259396
1.52,12,648.295346
-0.7,8,648.316914
-0.45,15,648.372871
1.5,10,648.405656
-0.66,13,648.448132
-0.75,7,648.471355
-0.25,15,648.51368
1.14,4,648.524207
-0.56,11,648.55787
-0.24,18,648.613898
1.22,8,648.640476
-0.84,8,648.665682
1.32,9,648.753959
1.54,9,648.785647
1.5,12,648.824665
1.34,8,648.847747
1.78,13,648.888351
-0.51,12,648.921322
-0.46,9,648.948906
1.45,10,648.981704
1.63,14,649.024019
1.69,10,649.051802
1.5,10,649.080168
-0.68,10,649.11533
1.33,8,649.138135
-0.48,11,649.171626
1.63,12,649.213595
1.67,12,649.254079
1.6,13,649.296475
1.4,9,649.320892
1.27,9,649.353605
1.7,13,649.400922
1.31,11,649.427974
1.64,10,649.454848
1.71,14,649.500802
-0.74,11,649.52748
1.31,10,649.552689
1.33,8,649.576561
-0.88,6,649.598802
-0.72,8,649.628755
-0.43,15,649.681541
1.6,12,649.718971
1.53,11,649.751014
-0.54,12,649.786965
1.52,13,649.827325
1.37,9,649.854384
1.64,10,649.888841
1.54,9,649.915765
-0.66,7,649.943194
1.47,10,649.973305
1.65,11,650.01152
1.49,11,650.045086
1.64,10,650.073287
1.14,4,650.082124
-0.6,12,650.118975
1.7,15,650.164066
-0.68,9,650.189854
1.4,9,650.220186
-0.56,13,650.263932
1.42,11,650.294683
-0.27,15,650.341672
-0.39,13,650.379527
1.63,11,650.419086
1.64,10,650.456615
1.64,10,650.489921
-0.56,12,650.529258
-0.77,7,650.557048
1.56,9,650.586574
-0.56,12,650.629246
-0.63,10,650.665593
1.14,4,650.681161
1.45,10,650.707712
-0.15,14,650.749737
1.54,9,650.775087
1.39,8,650.860749
1.14,4,650.874238
1.64,10,650.906342
1.14,4,650.920163
1.68,10,650.951053
1.14,4,650.96103
1.52,11,650.99766
1.43,9,651.023792
1.47,10,651.05671
1.6,11,651.096644
-0.94,7,651.120711
1.74,11,651.155808
-0.38,13,651.202226
1.54,9,651.228978
-0.75,8,651.258119
1.44,8,651.283105
-0.12,12,651.312616
1.42,11,651.347684
-0.5,11,651.380325
1.49,9,651.405913
1.2,10,651.442725
1.68,12,651.482585
-0.49,13,651.524521
1.14,4,651.538427
1.68,11,651.569878
1.56,10,651.600873
-0.34,13,651.644839
1.74,11,651.680265
1.64,10,651.715827
-0.79,12,651.759763
1.49,12,651.796029
1.14,4,651.806092
1.45,10,651.834421
-0.52,11,651.871321
1.66,10,651.89994
-0.73,10,651.938131
1.74,11,651.976336
-0.76,11,652.011978
-0.4,13,652.049614
-0.26,13,652.090493
1.53,10,652.127058
1.46,12,652.163801
1.6,12,652.200062
-0.48,12,652.233742
-0.71,10,652.273285
-0.27,13,652.315565
1.6,11,652.349091
-0.73,9,652.373787
1.36,8,652.401024
1.55,10,652.43133
1.43,9,652.464571
1.67,11,652.499966
1.61,11,652.54039
1.6,14,652.578758
-0.64,8,652.671533
1.36,13,652.718286
-0.61,8,652.748931
1.54,9,652.773528
1.52,11,652.807132
-0.82,9,652.835433
-0.68,9,652.866997
1.54,9,652.896721
1.86,14,652.942787
1.27,11,652.979205
1.45,9,653.013336
1.49,9,653.041535
1.38,9,653.076747
-0.76,6,653.094209
1.49,11,653.134321
1.53,13,653.176922
1.58,11,653.209848
1.42,10,653.242997
-0.66,13,653.289615
1.42,10,653.321017
-0.72,8,653.345283
1.53,10,653.378247
1.64,10,653.412241
1.24,9,653.443418
1.18,9,653.476076
-0.57,10,653.507716
1.43,10,653.539804
-0.73,9,653.565104
-0.77,7,653.585704
1.54,9,653.609188
-0.8,10,653.636889
-0.71,10,653.66551
1.55,11,653.705263
1.81,11,653.73766
-0.66,10,653.774947
-0.57,11,653.80932
1.69,10,653.835309
1.31,10,653.868423
-0.45,11,653.90483
1.54,9,653.932004
1.82,15,653.977746
1.46,9,654.008173
1.54,9,654.03331
1.41,11,654.065401
1.14,4,654.078837
1.44,12,654.118695
1.58,11,654.15126
1.46,12,654.186673
-0.71,9,654.213972
-0.88,7,654.237036
1.71,12,654.275576
-0.61,11,654.310635
-0.41,14,654.352652
-0.29,13,654.387001
-0.8,9,654.415427
1.55,10,654.44747
1.33,8,654.471081
-0.5,10,654.503357
1.6,11,654.53641
1.14,4,654.546668
-0.64,15,654.595535
1.59,10,654.625701
1.45,10,654.660631
1.46,12,654.699253
1.61,10,654.728449
-0.39,11,654.765184
1.59,10,654.797158
-0.77,7,654.822626
1.63,14,654.86333
-0.19,18,654.90955
-0.26,18,654.969698
-0.91,10,654.998382
1.63,11,655.035456
-0.46,16,655.081772
-0.49,13,655.12411
1.54,9,655.152736
1.39,8,655.181379
1.4,9,655.21331
-0.84,9,655.244255
1.56,10,655.277071
1.64,10,655.303741
-0.74,13,655.343028
1.64,10,655.377998
-0.14,18,655.43359
1.55,10,655.461415
1.69,11,655.492018
1.56,12,655.528928
1.37,10,655.55977
1.47,12,655.594688
-0.54,10,655.622502
1.63,11,655.655067
-0.53,12,655.697874
-0.49,13,655.740646
1.54,9,655.773082
1.54,9,655.804403
1.14,4,655.815323
-0.62,11,655.848995
1.6,11,655.880595
1.58,10,655.913888
1.68,11,655.951043
1.64,10,655.984748
1.41,9,656.015289
1.64,10,656.051914
1.47,11,656.084277
1.14,4,656.096894
-0.44,10,656.132591
1.53,14,656.184005
1.61,10,656.209922
1.54,9,656.238251
1.4,9,656.267687
1.79,12,656.303416
-0.69,13,656.341826
1.64,10,656.369765
1.57,13,656.404106
-0.55,10,656.441586
-0.45,15,656.564359
1.64,10,656.599765
-0.34,19,656.664618
-0.46,12,656.704349
-0.72,8,656.73195
1.2,7,656.757064
1.53,10,656.789842
1.39,11,656.826
-0.81,9,656.859736
1.69,11,656.893466
1.61,11,656.927893
1.47,11,656.968795
1.5,11,657.002048
1.51,10,657.030982
1.61,12,657.064301
-0.34,14,657.104334
1.59,12,657.140183
1.53,13,657.182682
1.63,11,657.211655
-0.51,13,657.259292
-0.47,14,657.300309
1.56,10,657.338583
-0.37,15,657.379865
-0.84,8,657.404989
1.64,10,657.439001
1.29,9,657.462426
-0.5,14,657.502952
1.58,11,657.536999
1.52,12,657.576512
1.64,10,657.602699
1.34,9,657.632603
-0.87,9,657.660703
1.54,9,657.690234
1.66,11,657.724551
-0.5,11,657.764916
1.64,10,657.800044
-0.77,7,657.820338
1.25,8,657.847056
-0.33,15,657.889352
1.74,11,657.925852
1.48,11,657.965817
-0.21,17,658.018427
1.65,12,658.058689
1.3,8,658.085982
-0.81,5,658.102363
-0.73,9,658.128595
1.66,10,658.156371
1.35,11,658.191446
-0.47,11,658.226979
1.62,12,658.265677
1.66,10,658.302318
1.55,11,658.341942
1.48,9,658.371047
-0.64,9,658.403697
1.44,8,658.429587
1.64,10,658.462821
-0.44,13,658.502449
1.52,11,658.543231
-0.55,13,658.583466
1.43,9,658.614622
1.52,11,658.645786
1.45,12,658.678941
-0.71,7,658.703777
-0.47,14,658.744153
1.54,9,658.771529
1.46,12,658.812538
1.59,11,658.851064
1.54,9,658.882179
1.64,10,658.917006
1.69,10,658.948058
1.64,10,658.981883
1.14,4,658.999002
1.45,13,659.041536
-0.68,12,659.073256
1.56,9,659.099847
1.48,10,659.128794
-0.34,12,659.168408
-0.35,12,659.212617
1.31,10,659.246775
-0.59,8,659.274081
1.64,10,659.30543
1.32,9,659.336088
-0.47,14,659.379835
1.54,9,659.4043
1.53,10,659.433121
-0.31,13,659.47732
-0.67,12,659.514441
1.36,10,659.546283
1.61,10,659.576445
1.54,9,659.607251
1.56,9,659.637506
-0.62,9,659.668848
-0.32,15,659.716668
1.51,9,659.746485
-0.65,14,659.786985
-0.39,10,659.82273
1.54,9,659.849874
1.3,12,659.887932
1.6,11,659.923202
1.46,10,659.958584
1.47,11,659.9967
-0.39,10,660.028954
1.53,10,660.063654
-0.47,13,660.108046
1.44,10,660.142627
1.37,9,660.175908
1.41,11,660.210915
1.61,13,660.248513
1.6,11,660.277122
-0.49,10,660.351748
-0.27,11,660.412647
1.43,10,660.450845
-0.41,10,660.480138
1.39,10,660.51398
1.54,9,660.545413
1.4,9,660.579361
1.5,10,660.606266
1.61,10,660.643379
1.44,12,660.682485
1.14,4,660.69648
1.54,9,660.718706
1.66,10,660.747391
1.51,13,660.793297
1.54,9,660.818392
-0.72,10,660.845442
1.67,13,660.887055
1.75,14,660.926549
-0.64,8,660.955016
1.14,4,660.966165
-0.51,9,660.996428
1.52,12,661.034751
-0.07,19,661.091361
1.54,9,661.117229
-0.84,8,661.141736
1.2,10,661.173363
1.35,11,661.211949
1.59,10,661.242981
1.54,9,661.269319
1.27,9,661.296896
1.69,10,661.328876
-0.79,9,661.356622
1.57,15,661.40274
1.55,11,661.436793
-0.44,9,661.511672
1.63,11,661.548487
-0.58,15,661.595676
-0.45,11,661.629861
1.97,17,661.685818
1.66,10,661.715759
1.32,9,661.741264
-0.76,8,661.769005
-0.77,7,661.797348
1.47,10,661.830467
1.14,4,661.845598
-0.5,15,661.891864
1.5,10,661.92352
1.49,11,661.957076
-0.68,10,661.991167
1.47,11,662.029596
1.53,11,662.068045
1.51,9,662.097632
1.64,10,662.129015
1.43,9,662.157514
1.64,10,662.189389
-0.48,15,662.229337
-0.44,13,662.26923
-0.57,12,662.305826
-0.53,15,662.358382
1.49,10,662.384158
-0.71,10,662.416451
-0.52,12,662.45162
1.46,11,662.487495
1.41,11,662.516927
1.59,10,662.547956
1.53,10,662.579499
1.53,10,662.619634
0.0,16,662.680404
1.34,7,662.714239
1.67,15,662.787861
1.6,11,662.835698
1.83,14,662.90213
-0.28,13,662.954461
1.53,10,662.991731
1.44,11,663.029565
1.64,10,663.067397
1.53,10,663.100157
-0.6,9,663.126288
1.65,12,663.169395
-0.63,10,663.200684
-0.73,9,663.234079
1.58,11,663.268276
1.53,10,663.302823
1.41,8,663.32914
1.61,10,663.364708
1.14,4,663.376224
-0.29,18,663.433839
1.36,10,663.467284
-0.83,7,663.492288
-0.31,14,663.533078
1.52,11,663.571849
1.54,9,663.603508
-0.67,9,663.635802
1.64,10,663.672513
1.64,10,663.700214
-0.72,10,663.734056
1.64,10,663.763933
-0.52,16,663.804987
1.4,9,663.835078
1.5,10,663.866304
1.54,9,663.897211
1.48,9,663.940065
1.14,4,663.956341
-0.64,11,663.994241
1.51,10,664.024943
1.39,10,664.058185
1.35,9,664.086643
-0.47,11,664.121765
1.68,12,664.162073
-0.8,10,664.196176
1.59,10,664.230704
1.14,4,664.244123
1.54,9,664.275097
1.37,9,664.301683
1.54,9,664.393481
1.55,12,664.431519
-0.5,11,664.469856
-0.58,11,664.506819
1.14,4,664.522297
-0.4,13,664.5628
1.49,12,664.603571
-0.46,13,664.642548
-0.92,5,664.66234
1.14,4,664.674333
1.14,4,664.686203
-0.71,13,664.730856
-0.46,9,664.763064
1.48,10,664.795904
1.14,4,664.809347
-0.81,8,664.837674
1.56,9,664.868834
-0.42,11,664.903875
1.52,11,664.938006
1.64,10,664.967325
-0.38,12,665.010576
-0.47,12,665.051481
-0.44,10,665.083336
1.48,13,665.124185
1.14,4,665.139568
1.45,9,665.169983
1.67,14,665.211753
1.52,11,665.249985
-0.68,9,665.281705
1.54,9,665.313273
1.42,11,665.359307
1.5,17,665.415892
-0.51,11,665.457251
-0.36,14,665.50856
-0.63,12,665.555317
1.55,10,665.590349
1.14,4,665.604078
1.69,10,665.640108
1.54,9,665.672956
1.46,10,665.709452
1.41,12,665.757783
1.53,11,665.799046
1.46,12,665.839895
-0.6,10,665.885597
-0.42,14,665.941783
-0.73,12,665.977807
-0.33,12,666.022072
-0.38,12,666.069749
-0.5,13,666.122167
1.51,11,666.157809
1.27,15,666.217879
1.69,11,666.252788
1.69,10,666.285488
-0.73,9,666.31955
-0.23,14,666.378957
1.63,11,666.419124
-0.16,16,666.479421
-0.35,15,666.523368
-0.56,15,666.564184
1.65,11,666.61189
1.64,10,666.652729
-0.27,15,666.702464
-0.69,10,666.733929
1.53,10,666.772614
-0.23,16,666.827671
1.14,4,666.841698
1.74,11,666.877741
1.96,16,666.932266
1.64,10,666.970684
1.14,4,666.987344
1.32,10,667.030899
-0.39,10,667.062857
-0.3,16,667.120436
-0.55,10,667.159068
-0.72,11,667.204781
-0.63,13,667.257447
1.24,9,667.285064
1.58,11,667.327029
1.14,4,667.343211
1.71,12,667.383943
1.15,9,667.423912
1.14,4,667.436184
1.14,4,667.448133
-0.57,12,667.493364
1.64,10,667.53039
-0.45,17,667.589957
-0.46,10,667.632368
1.48,10,667.684335
1.54,12,667.725869
-0.3,18,667.782516
1.63,11,667.825298
1.73,15,667.871194
1.59,10,667.904741
1.26,9,667.938488
-0.72,10,667.97431
-0.63,12,668.010998
1.52,11,668.059074
1.56,9,668.089142
1.54,9,668.124673
-0.4,15,668.192195
1.23,9,668.232106
1.14,4,668.244959
-0.44,10,668.288881
-0.55,13,668.330073
1.43,10,668.369943
-0.69,10,668.404922
1.39,11,668.443243
1.33,8,668.470747
1.14,4,668.484202
1.51,9,668.512185
-0.82,15,668.562278
1.6,16,668.606078
-0.46,13,668.652314
1.54,9,668.674763
1.66,10,668.703108
1.61,11,668.737707
1.58,11,668.776643
1.5,14,668.822009
-0.51,15,668.871463
-0.53,11,668.906919
1.49,9,668.941892
1.69,11,668.976358
-0.78,8,669.000027
1.64,10,669.034324
1.14,4,669.049051
1.27,9,669.0761
1.61,10,669.109675
1.58,10,669.142468
1.64,10,669.17512
-0.85,7,669.199856
1.14,4,669.243181
1.4,10,669.314669
1.61,11,669.363074
-0.58,12,669.408587
1.14,4,669.421319
1.6,11,669.456954
-0.61,11,669.501352
1.33,9,669.544003
1.38,9,669.593874
-0.62,12,669.646013
1.59,10,669.690279
1.5,10,669.731202
1.64,10,669.774307
1.7,13,669.832165
1.66,12,669.878232
1.5,9,669.90618
1.14,4,669.919798
1.65,14,669.96963
-0.46,11,670.005561
1.66,10,670.034581
1.64,10,670.070085
1.78,13,670.114598
1.14,4,670.132352
-0.62,9,670.16298
1.39,10,670.198856
-0.38,13,670.25474
1.74,11,670.304731
-0.65,8,670.328689
-0.3,16,670.394037
1.33,10,670.4256
1.75,13,670.473386
-0.56,11,670.507154
-0.44,10,670.541236
1.54,9,670.571254
1.78,11,670.610963
1.64,10,670.644978
-0.33,13,670.686023
1.51,9,670.712142
1.82,16,670.761082
-0.25,15,670.813384
1.54,9,670.841743
1.62,12,670.885201
-0.37,14,670.93045
1.39,10,670.959241
-0.51,13,670.993192
-0.36,10,671.021689
1.71,11,671.05694
-0.29,18,671.109517
-0.44,13,671.158448
1.59,10,671.191457
1.43,9,671.223976
1.44,10,671.256861
1.14,4,671.270503
1.47,10,671.302443
1.31,10,671.331185
-0.25,13,671.374019
-0.2,15,671.427597
1.63,11,671.468294
1.64,10,671.503177
-0.57,9,671.528054
-0.64,10,671.560581
1.52,11,671.59789
-0.6,10,671.63868
-0.55,10,671.670793
-0.66,10,671.70873
1.64,10,671.740952
1.64,10,671.785618
1.44,8,671.809953
-0.87,9,671.836922
-0.39,15,671.880609
1.33,8,671.907
1.48,9,671.933202
-0.49,16,671.980867
1.47,10,672.009153
-0.87,6,672.033932
-0.85,16,672.079239
-0.52,10,672.116324
1.43,9,672.146788
1.74,11,672.182682
1.24,9,672.212784
1.14,4,672.225147
1.53,10,672.259908
-0.5,13,672.302922
1.49,14,672.345032
1.47,11,672.382392
1.28,11,672.41439
1.61,12,672.455413
1.54,9,672.487934
-0.49,13,672.527928
1.45,11,672.562491
1.37,13,672.607943
-0.84,9,672.635324
-0.42,10,672.665322
1.53,13,672.703007
-0.66,7,672.730584
-0.54,11,672.770956
-0.46,16,672.820401
1.49,12,672.858397
-0.48,14,672.910609
1.51,9,672.936161
1.14,4,672.948721
1.64,10,672.983612
1.63,11,673.022282
1.14,4,673.034817
1.32,10,673.067624
-0.5,14,673.109051
1.14,4,673.124413
1.31,10,673.155195
1.52,11,673.194206
1.53,10,673.287217
1.33,10,673.327278
-0.74,10,673.357277
-0.54,11,673.395406
-0.46,15,673.444947
1.45,12,673.47929
-0.52,12,673.518828
-0.14,16,673.568993
1.61,11,673.597907
-0.35,14,673.637658
1.14,4,673.648832
-0.51,12,673.690067
-0.57,10,673.723732
-0.24,15,673.771691
-0.69,8,673.797764
-0.36,12,673.837868
1.22,8,673.864782
1.46,10,673.899447
-0.85,7,673.918162
1.63,11,673.954888
-0.54,13,673.994304
1.14,4,674.011429
1.48,10,674.046193
1.47,11,674.08123
-0.65,12,674.119881
1.69,11,674.158081
1.43,15,674.210999
1.14,4,674.222176
1.14,4,674.23469
-0.34,11,674.27483
1.52,11,674.310322
1.64,10,674.339463
-0.63,12,674.377001
-0.75,10,674.413817
1.53,10,674.44085
1.42,10,674.474995
1.54,9,674.504287
-0.39,13,674.549659
1.5,10,674.580003
1.42,10,674.612504
-0.69,7,674.629509
-0.6,9,674.655719
1.36,11,674.688847
1.39,11,674.726497
1.34,9,674.757105
-0.01,17,674.807513
1.32,9,674.837055
-0.41,10,674.871816
1.64,10,674.898655
-0.78,8,674.927357
1.54,9,674.962984
1.14,4,674.976593
-0.36,12,675.013103
1.47,11,675.050145
1.6,12,675.092795
1.14,4,675.1067
-0.52,12,675.146784
1.56,9,675.177658
1.51,12,675.215258
-0.66,11,675.250214
1.14,4,675.262318
1.54,9,675.292206
-0.34,14,675.338983
-0.67,11,675.378383
-0.55,16,675.430624
-0.46,14,675.467861
-0.54,12,675.508458
-0.92,5,675.530335
-0.86,5,675.546527
1.62,12,675.590492
-0.6,11,675.628308
1.51,9,675.655761
1.14,4,675.669353
-0.41,15,675.723676
-0.49,9,675.754925
-0.34,14,675.799426
-0.76,8,675.830746
1.14,4,675.843755
-0.63,10,675.880852
1.56,11,675.915814
1.45,9,675.943808
1.32,10,675.976196
1.14,4,675.989043
-0.74,7,676.014211
1.28,10,676.052219
1.59,13,676.093124
-0.57,10,676.127013
-0.92,5,676.149926
-0.6,9,676.181996
1.59,10,676.21907
-0.37,19,676.280934
1.14,4,676.29541
1.14,4,676.306571
1.71,12,676.354395
1.35,12,676.396222
1.52,11,676.437501
1.56,9,676.470996
-0.43,12,676.520838
1.56,9,676.551274
1.53,10,676.586565
1.54,9,676.617607
1.14,4,676.631707
1.56,9,676.666295
-0.46,10,676.705389
1.14,4,676.718668
1.14,4,676.735611
-0.52,9,676.76931
1.58,11,676.808498
1.53,10,676.842005
0.06,16,676.900365
-0.3,16,676.954801
1.64,10,676.993746
1.31,10,677.025021
-0.46,13,677.073031
1.5,10,677.111729
-0.9,6,677.131169
-0.55,16,677.182282
1.41,12,677.227876
1.41,11,677.264751
1.63,11,677.297538
1.24,12,677.334776
-0.62,11,677.382514
1.74,11,677.416798
1.26,9,677.447617
-0.48,12,677.528743
1.43,9,677.574552
1.61,13,677.620654
-0.6,10,677.652223
1.6,11,677.692522
1.24,9,677.725454
-0.4,12,677.769014
1.38,13,677.815634
-0.57,12,677.853652
-0.62,11,677.898628
-0.23,14,677.938407
1.64,10,677.971413
1.81,11,678.008265
-0.82,6,678.029468
1.66,11,678.06575
1.53,10,678.09682
1.47,10,678.12795
1.43,11,678.162417
-0.48,12,678.201483
1.14,4,678.214612
1.26,9,678.23992
1.14,4,678.253261
-0.07,17,678.302981
1.54,9,678.334455
1.52,11,678.371504
-0.25,13,678.410283
-0.58,11,678.443552
1.58,10,678.478492
1.25,10,678.525061
1.64,10,678.596067
1.43,14,678.63984
1.7,13,678.68169
1.61,10,678.715802
1.44,8,678.742487
1.19,8,678.76924
1.54,9,678.796647
1.56,10,678.833966
-0.21,16,678.889668
1.54,9,678.911703
1.69,11,678.947702
1.53,10,678.975189
1.74,11,679.006894
1.65,12,679.047692
-0.57,13,679.08616
-0.8,10,679.116711
-0.87,6,679.137847
1.61,10,679.1704
1.52,11,679.20506
1.61,10,679.24189
1.14,4,679.259259
1.14,4,679.27041
1.58,11,679.306087
1.54,9,679.334634
-0.3,15,679.378766
1.64,10,679.408707
-0.41,10,679.445269
-0.4,14,679.488712
1.42,10,679.526613
1.51,10,679.557928
1.44,14,679.60394
1.64,10,679.633291
1.54,9,679.662136
1.59,12,679.7011
1.41,14,679.748781
1.14,4,679.765204
1.59,12,679.803754
1.51,9,679.833139
1.54,9,679.865011
-0.33,13,679.914857
-0.46,12,679.956265
1.64,10,679.987752
-0.33,15,680.040494
1.64,10,680.070204
-0.49,12,680.1133
1.55,10,680.147565
1.64,10,680.177468
1.52,11,680.210894
1.37,9,680.244247
-0.23,19,680.300013
-0.53,10,680.335294
-0.52,14,680.385369
1.69,12,680.424326
-0.6,12,680.46223
1.54,9,680.487333
1.44,11,680.515467
-0.29,14,680.564635
1.48,10,680.593875
1.64,10,680.626212
1.38,12,680.665215
1.43,12,680.707082
1.67,13,680.750388
1.63,11,680.788765
-0.39,10,680.819115
1.54,9,680.850336
1.69,10,680.884419
1.54,9,680.914236
-0.36,13,680.957817
1.47,10,680.992887
1.68,12,681.03063
-0.73,12,681.068583
-0.83,8,681.093261
1.14,4,681.108887
-0.61,12,681.144046
1.41,11,681.180833
-0.82,7,681.205401
-0.65,11,681.248106
-0.67,8,681.279473
-0.35,15,681.327681
-0.53,11,681.360146
1.38,9,681.386994
1.66,12,681.425287
-0.45,12,681.464339
-0.35,13,681.505949
-0.56,13,681.550997
-0.79,9,681.583182
-0.6,13,681.624358
1.42,11,681.660387
-0.44,10,681.697164
1.54,9,681.727631
1.53,10,681.763054
1.14,4,681.774984
-0.64,10,681.809899
1.54,9,681.839222
1.69,10,681.868787
1.74,11,681.908678
-0.68,9,681.938383
1.14,4,681.948489
1.53,13,681.99159
1.34,12,682.032397
-0.34,14,682.080484
1.54,9,682.109055
1.14,4,682.121799
1.54,9,682.144881
-0.47,18,682.24986
1.44,8,682.282413
1.54,9,682.315625
-0.55,10,682.352405
1.14,4,682.368942
-0.44,16,682.418414
1.37,10,682.448729
1.29,10,682.47866
1.23,9,682.511027
1.14,4,682.527034
-0.5,10,682.559963
1.14,4,682.572727
-0.44,11,682.613682
-0.71,7,682.635372
-0.86,5,682.651698
1.37,10,682.685987
1.33,8,682.715207
1.64,10,682.744386
-0.8,10,682.782276
1.64,10,682.814522
-0.89,8,682.84075
1.75,13,682.875265
1.53,13,682.909857
-0.72,8,682.937325
1.33,8,682.968742
1.63,11,683.004632
1.49,9,683.037666
1.71,11,683.069545
-0.49,16,683.12518
1.51,9,683.155685
1.44,11,683.190777
1.54,9,683.217346
1.68,13,683.254567
-0.59,14,683.3001
1.56,9,683.332543
1.54,9,683.363307
1.64,10,683.398184
1.4,9,683.431063
-0.77,7,683.456024
1.66,10,683.489174
1.58,13,683.532701
-0.48,14,683.58513
1.66,11,683.617038
1.86,16,683.665606
1.74,11,683.711766
-0.36,15,683.750384
1.74,11,683.779849
1.41,14,683.820471
1.5,10,683.854451
1.39,11,683.88675
-0.56,12,683.922382
1.65,12,683.961154
1.64,10,683.994837
1.78,13,684.036145
-0.71,9,684.070647
1.37,9,684.103188
1.58,11,684.136209
1.14,4,684.14817
1.14,4,684.158615
1.55,10,684.188207
1.74,11,684.225954
1.36,10,684.256611
-0.28,18,684.318646
-0.57,10,684.353889
1.44,9,684.382801
1.56,9,684.41425
-0.74,12,684.446176
-0.84,8,684.471812
1.43,9,684.499699
-0.7,11,684.536672
1.71,15,684.58458
-0.67,13,684.626751
1.45,10,684.657041
-0.51,13,684.69167
1.57,13,684.73561
-0.55,10,684.767798
1.54,9,684.799758
1.87,16,684.846724
1.52,11,684.87749
1.33,8,684.903328
-0.66,15,684.949875
-0.51,15,684.996437
-0.41,10,685.031003
-0.54,13,685.072132
1.44,8,685.100809
-0.53,15,685.142918
1.32,10,685.178857
1.55,11,685.214015
1.43,10,685.249777
1.14,4,685.260008
1.52,11,685.289189
1.64,10,685.319881
1.14,4,685.339297
1.44,11,685.37679
-0.63,10,685.411808
1.51,10,685.448832
-0.47,10,685.482841
1.14,4,685.495346
1.47,11,685.531314
-0.68,9,685.558136
-0.5,14,685.608835
-0.73,12,685.64738
-0.49,12,685.684976
1.64,10,685.715656
1.69,10,685.753794
1.61,11,685.789505
-0.64,10,685.822789
-0.6,10,685.861467
-0.53,11,685.900583
-0.7,9,685.935115
1.64,10,685.963901
-0.91,6,685.982861
-0.61,17,686.035517
1.31,12,686.075382
-0.46,16,686.126566
-0.57,12,686.16521
-0.8,7,686.190349
-0.46,9,686.221564
1.31,11,686.261683
1.54,9,686.290111
0.26,21,686.356873
1.14,4,686.369408
-0.11,15,686.420155
-0.32,14,686.460904
1.59,10,686.494478
-0.77,7,686.514888
1.33,9,686.543617
-0.57,10,686.579026
-0.69,10,686.620145
-0.65,12,686.717937
1.65,11,686.754453
1.44,10,686.78484
1.53,10,686.823449
-0.59,11,686.857882
1.34,7,686.878989
-0.49,12,686.921228
1.23,7,686.944803
-0.8,7,686.9687
1.34,11,687.00374
1.64,10,687.038934
1.53,10,687.071493
-0.51,11,687.109354
-0.52,14,687.155029
1.34,7,687.17502
1.37,10,687.209641
1.54,9,687.237344
1.36,8,687.263839
-0.09,17,687.314164
1.48,10,687.348756
-0.39,10,687.382143
1.44,11,687.42282
-0.8,10,687.46108
-0.49,9,687.49547
1.49,10,687.52486
1.8,13,687.569695
-0.74,6,687.585962
-0.45,12,687.626285
1.14,4,687.639499
-0.48,15,687.684542
1.38,8,687.711544
-0.93,6,687.727244
1.22,10,687.757069
1.49,15,687.805129
-0.05,14,687.851404
-0.58,13,687.899675
1.48,11,687.940283
1.34,10,687.968763
1.64,10,688.000865
1.5,17,688.053176
-0.33,14,688.099599
1.33,10,688.131044
1.36,11,688.169124
-0.76,6,688.191585
-0.74,10,688.216105
1.44,11,688.246052
1.46,11,688.280241
-0.69,10,688.315988
-0.78,8,688.343341
1.69,10,688.378464
1.69,10,688.413469
1.43,12,688.451289
-0.63,10,688.489215
1.54,9,688.516369
1.42,11,688.550143
-0.63,14,688.598097
1.62,12,688.633864
-0.46,15,688.686497
-0.58,11,688.720948
-0.42,14,688.761224
1.53,10,688.794157
1.53,10,688.827292
-0.63,10,688.863987
1.64,10,688.898698
1.63,11,688.936976
1.53,11,688.975862
1.14,4,688.987788
1.66,11,689.02654
-0.9,9,689.056268
-0.33,12,689.099587
1.63,11,689.135029
-0.59,14,689.199593
1.14,4,689.243304
1.42,11,689.281893
1.53,10,689.312626
1.54,9,689.341211
-0.45,10,689.373069
1.74,11,689.404815
1.47,10,689.435964
-0.64,10,689.465755
1.44,8,689.491892
1.34,9,689.522197
1.14,4,689.536468
-0.46,12,689.576454
1.42,11,689.616075
1.59,10,689.648159
1.71,13,689.689034
1.43,9,689.719729
1.29,10,689.750869
1.49,11,689.787426
-0.43,15,689.836416
-0.47,10,689.869886
1.36,10,689.901333
-0.16,14,689.947836
-0.56,9,689.974889
-0.62,9,690.010374
-0.53,14,690.056602
-0.87,6,690.078947
1.64,14,690.122377
1.48,12,690.163252
1.58,13,690.209585
1.66,10,690.246173
1.58,10,690.282152
-0.63,12,690.317016
-0.83,11,690.368526
-0.45,10,690.441892
1.36,11,690.473497
1.53,10,690.504228
1.39,11,690.542415
-0.49,12,690.583444
1.52,11,690.617887
1.58,11,690.65675
1.51,10,690.693744
1.14,4,690.705775
1.55,11,690.742547
-0.46,12,690.79319
1.48,9,690.829045
-0.43,14,690.87291
1.38,10,690.906453
1.43,9,690.93783
-0.35,11,690.97566
-0.57,9,691.007066
-0.62,9,691.039019
1.14,4,691.055022
1.51,9,691.085376
1.45,11,691.125095
1.54,9,691.155025
1.14,4,691.168522
-0.56,14,691.217667
1.54,9,691.247407
1.63,13,691.284184
-0.48,11,691.323568
1.44,8,691.351084
1.84,14,691.400045
1.54,9,691.429088
-0.55,12,691.476153
1.14,4,691.486795
1.36,11,691.52094
-0.33,14,691.564838
1.14,4,691.576287
-0.21,15,691.622611
-0.36,14,691.66513
1.54,9,691.696934
-0.53,11,691.735966
-0.66,13,691.7776
-0.56,11,691.805998
-0.72,17,691.861186
1.39,10,691.895216
1.46,9,691.92396
1.36,10,691.952764
1.33,8,691.976316
1.55,10,692.009143
-0.45,15,692.054842
1.54,9,692.085545
-0.69,10,692.123846
1.54,9,692.156133
1.48,9,692.185092
1.49,9,692.213964
-0.5,11,692.249312
1.47,10,692.279497
1.47,11,692.315671
-0.57,10,692.354684
1.53,10,692.389097
-0.15,17,692.441538
1.73,13,692.483589
1.6,13,692.524481
1.54,9,692.553574
-0.65,14,692.5948
1.63,11,692.632444
1.64,10,692.664754
1.74,11,692.703899
-0.68,9,692.73617
1.45,9,692.76897
-0.71,7,692.787123
-0.71,10,692.819476
1.61,10,692.850874
1.32,10,692.885185
1.54,9,692.91251
1.14,4,692.925084
-0.52,13,692.965762
1.42,11,693.001122
1.14,4,693.01328
1.14,4,693.025439
-0.81,8,693.053057
1.54,9,693.079988
1.35,9,693.113476
-0.55,10,693.148321
1.71,17,693.200596
1.41,9,693.234057
1.35,12,693.273208
1.14,4,693.286547
-0.14,17,693.343264
1.64,10,693.375706
1.44,8,693.400674
-0.56,14,693.447829
-0.25,16,693.503101
-0.37,11,693.540115
1.6,11,693.578695
1.55,10,693.608784
1.14,4,693.620883
1.14,4,693.632534
1.64,10,693.662134
-0.34,14,693.709351
1.29,7,693.736513
-0.78,8,693.758807
1.54,9,693.785198
1.53,11,693.822555
-0.2,15,693.875056
-0.32,16,693.923213
1.63,11,693.95434
1.47,10,693.989657
1.14,4,694.005143
1.64,10,694.036878
-0.47,14,694.087938
-0.39,14,694.136033
-0.34,12,694.233081
1.49,12,694.267476
-0.59,14,694.307844
1.56,13,694.345752
1.7,12,694.380692
-0.56,16,694.426838
-0.38,13,694.467584
1.54,9,694.496527
-0.56,14,694.543233
-0.54,12,694.573041
-0.73,12,694.61422
1.54,9,694.637802
-0.65,12,694.679319
1.14,4,694.692658
1.64,10,694.730171
1.44,8,694.754708
1.14,4,694.770752
1.54,9,694.802657
1.64,10,694.827253
1.14,4,694.838681
1.2,10,694.869997
1.41,12,694.901074
1.44,8,694.926964
-0.57,11,694.958429
1.44,8,694.986089
-0.86,8,695.010698
-0.99,6,695.030822
1.63,11,695.067178
1.6,12,695.10935
-0.68,10,695.141901
-0.57,12,695.186435
1.63,11,695.223991
1.45,10,695.264493
-0.79,12,695.307777
1.63,12,695.344927
1.43,9,695.371841
1.49,11,695.413925
1.37,10,695.441584
1.14,4,695.453977
1.51,13,695.48666
-0.52,10,695.52205
-0.86,13,695.564825
1.63,12,695.600445
1.69,10,695.634182
-0.86,7,695.659902
-0.48,15,695.706963
-0.41,15,695.768486
-0.43,14,695.811527
-0.35,14,695.860543
-0.43,17,695.912946
1.66,11,695.952005
-0.59,14,695.998487
-0.61,14,696.040654
1.3,9,696.06687
1.63,12,696.106164
1.66,10,696.140343
1.53,10,696.168266
1.54,9,696.194812
1.64,10,696.222945
1.47,10,696.257312
1.64,10,696.294216
-0.77,9,696.319552
-0.6,10,696.358167
-0.9,8,696.383312
-0.51,12,696.432052
-0.79,9,696.452606
-0.62,11,696.490327
1.54,9,696.520969
1.52,11,696.559145
1.26,9,696.589211
-0.5,11,696.62122
-0.56,13,696.665885
-0.68,10,696.694916
-0.69,10,696.729331
-0.29,14,696.768664
-0.39,17,696.812335
1.14,4,696.825049
-0.63,10,696.857901
-0.48,12,696.891744
-0.71,7,696.917969
1.14,4,696.934232
1.64,10,696.96158
1.56,9,696.991449
1.43,9,697.022366
-0.5,11,697.064914
1.68,11,697.103464
1.63,11,697.133509
1.64,10,697.164776
-0.53,15,697.211423
1.14,4,697.223054
1.69,11,697.256288
-0.46,15,697.299131
-0.57,9,697.33179
1.63,12,697.36876
1.46,18,697.417284
1.54,9,697.445165
1.43,15,697.496821
1.56,9,697.526411
1.6,11,697.564352
1.58,11,697.599238
1.42,11,697.639424
1.14,4,697.649357
-0.45,11,697.68849
1.22,8,697.716501
1.55,11,697.757054
1.64,10,697.787914
1.63,11,697.821553
-0.54,14,697.861559
1.45,10,697.895062
1.69,10,697.922101
-0.26,14,697.959566
-0.59,14,697.998471
1.48,14,698.044594
-0.46,16,698.092425
1.14,4,698.10602
1.14,4,698.118355
1.69,10,698.153689
1.59,10,698.17944
-0.5,11,698.218953
-0.47,12,698.261774
-0.52,11,698.371641
1.4,10,698.404703
1.59,12,698.439879
-0.53,13,698.484341
-0.52,12,698.519444
-0.65,10,698.558852
-0.68,10,698.593021
1.67,15,698.644452
0.03,18,698.704948
-0.44,14,698.751976
1.64,10,698.784112
-0.67,8,698.806869
-0.53,12,698.849496
-0.49,11,698.889126
1.54,9,698.915399
1.44,9,698.947757
1.32,12,698.986847
1.34,10,699.018569
1.34,8,699.047551
1.39,10,699.079745
-0.54,10,699.112962
1.53,10,699.146069
-0.82,7,699.16982
1.54,9,699.19873
-0.52,15,699.249385
-0.2,16,699.297963
1.54,9,699.326231
-0.68,9,699.350801
1.54,9,699.377846
-0.88,6,699.397201
-0.88,6,699.416692
1.44,8,699.443941
1.38,9,699.477356
-0.69,16,699.531663
-0.79,9,699.564663
1.14,4,699.577876
1.61,10,699.612579
-0.38,15,699.658448
1.46,15,699.709592
1.54,9,699.733893
1.14,4,699.748339
-0.27,15,699.791251
1.26,10,699.824708
1.49,9,699.850711
-0.49,13,699.894429
1.48,9,699.923547
1.54,9,699.953634
1.61,10,699.985447
-0.72,8,700.014205
1.53,11,700.051792
-0.65,9,700.082671
1.38,11,700.113087
1.37,10,700.147517
-0.73,12,700.189757
-0.35,12,700.233034
1.64,10,700.26717
1.14,4,700.282349
-0.85,9,700.314359
-0.86,10,700.350715
1.51,9,700.377151
1.48,10,700.412905
1.14,4,700.426076
1.64,10,700.457982
1.55,10,700.493541
-0.59,9,700.526936
1.31,10,700.558851
1.53,10,700.59039
-0.38,15,700.637874
-0.34,15,700.68547
-0.65,12,700.725749
1.63,11,700.760999
-0.58,13,700.808878
0.08,14,700.84977
1.14,4,700.861913
1.69,11,700.895827
1.59,10,700.926661
1.51,10,700.961424
-0.41,13,701.003773
1.46,11,701.039459
-0.76,6,701.05563
-0.79,11,701.091038
1.54,9,701.115637
1.66,11,701.154626
1.54,10,701.188915
1.52,12,701.228061
1.54,9,701.258955
1.73,12,701.300613
1.14,4,701.313949
-0.58,13,701.353642
1.54,9,701.383212
1.54,9,701.410844
1.14,4,701.423342
1.5,10,701.457835
1.38,9,701.483421
1.45,9,701.512911
-0.54,9,701.540713
-0.8,7,701.568664
-0.37,12,701.605754
1.64,10,701.632041
-0.32,12,701.672546
1.74,11,701.710322
1.64,10,701.734895
1.64,10,701.770247
-0.85,9,701.796971
-0.27,11,701.83924
1.66,10,701.87236
1.51,13,701.914365
1.47,11,701.946434
1.78,14,701.989462
-0.76,12,702.021797
-0.33,14,702.060373
-0.86,5,702.07839
1.48,10,702.111898
-0.63,10,702.147892
-0.67,9,702.242174
-0.53,16,702.289819
1.52,12,702.328934
1.33,9,702.357278
1.54,9,702.388459
1.44,12,702.429403
1.48,9,702.459792
-0.83,7,702.481611
-0.43,14,702.530263
-0.44,10,702.565093
1.44,11,702.600256
1.14,4,702.613486
1.65,11,702.652812
-0.32,15,702.69649
-0.55,16,702.745178
-0.73,9,702.777124
1.27,9,702.804181
-0.89,7,702.829951
1.54,12,702.877156
-0.33,15,702.92608
1.53,10,702.956812
-0.53,11,702.991593
1.58,11,703.031175
1.54,9,703.061207
1.37,10,703.094042
1.14,4,703.106574
1.54,9,703.139445
1.14,4,703.151778
1.56,9,703.181324
1.44,8,703.2062
1.54,9,703.236049
1.44,11,703.275465
1.49,11,703.309624
1.44,8,703.333645
1.75,13,703.383741
-0.69,6,703.397702
1.54,10,703.474712
-0.42,11,703.514038
1.61,10,703.546761
-0.66,10,703.578538
1.64,10,703.608748
1.42,10,703.644829
1.19,11,703.67424
1.69,10,703.71105
1.14,4,703.72566
1.14,4,703.738335
-0.64,11,703.774518
-0.46,15,703.817199
-0.7,12,703.851689
1.69,12,703.889013
1.48,10,703.924473
1.53,10,703.957958
1.6,15,703.999604
1.73,17,704.057668
1.46,12,704.109241
1.66,10,704.151155
1.54,9,704.19206
-0.62,9,704.237728
1.61,10,704.288013
1.3,11,704.327014
-0.8,10,704.357243
-0.72,7,704.378542
1.64,10,704.410259
1.54,9,704.440435
-0.48,14,704.482306
1.44,8,704.504688
1.64,10,704.532819
-0.8,12,704.56916
-0.64,11,704.600469
1.14,4,704.611816
1.53,10,704.642992
1.44,11,704.676372
-0.53,15,704.721079
-0.3,15,704.769701
1.66,10,704.798688
1.74,11,704.83132
1.54,9,704.864885
1.51,10,704.894682
1.75,16,704.939126
-0.39,15,704.987575
1.14,4,704.999545
-0.55,9,705.030101
-0.55,13,705.067518
1.7,13,705.108735
-0.38,12,705.149399
1.64,10,705.174435
1.14,4,705.190709
1.45,10,705.225518
1.67,14,705.269767
1.59,12,705.312386
1.14,4,705.328895
-0.64,11,705.370647
-0.64,11,705.422147
-0.5,10,705.465602
1.64,10,705.505019
1.5,10,705.541948
1.45,9,705.570005
-0.51,14,705.62085
1.66,10,705.654424
-0.73,8,705.679618
1.54,9,705.711197
-0.27,14,705.759325
1.44,8,705.790597
1.14,4,705.803507
-0.44,10,705.837057
1.55,12,705.876965
-0.59,13,705.911566
1.61,13,705.958955
1.61,11,705.999323
1.64,10,706.100388
1.37,10,706.142809
-0.63,14,706.190366
1.51,9,706.220068
1.62,12,706.269482
1.24,9,706.298595
-0.5,11,706.332637
-0.57,12,706.372089
1.64,15,706.415159
-0.28,12,706.460596
-0.52,15,706.509563
1.7,12,706.554589
-0.19,17,706.6106
1.56,10,706.656764
1.46,12,706.694154
1.59,10,706.726424
-0.87,9,706.75842
1.14,4,706.773228
1.41,11,706.804582
-0.61,13,706.844681
1.66,10,706.889132
-0.58,12,706.941418
-0.67,8,706.972294
-0.2,13,707.01666
-0.38,11,707.050192
1.54,9,707.080826
-0.73,8,707.108245
1.54,9,707.137305
-0.42,11,707.177681
1.14,4,707.194062
-0.62,11,707.234015
1.45,10,707.271381
1.83,14,707.31769
1.14,4,707.332595
-0.55,9,707.357508
1.7,13,707.399512
1.44,9,707.430203
1.51,12,707.46653
1.64,10,707.494104
1.66,10,707.524484
1.14,4,707.53782
1.14,4,707.55335
-0.55,10,707.578997
-0.77,7,707.605153
1.58,15,707.655025
-0.49,10,707.690448
-0.51,9,707.726392
-0.41,10,707.756502
-0.63,10,707.787254
-0.57,13,707.820596
1.58,12,707.862378
1.55,13,707.902173
1.44,9,707.931127
1.36,8,707.96142
-0.82,8,707.994297
-0.61,10,708.022986
1.64,10,708.050246
-0.48,11,708.084792
1.14,4,708.094001
1.65,11,708.131562
1.14,4,708.144682
1.64,10,708.176147
1.32,9,708.206124
-0.62,9,708.237532
-0.71,10,708.270219
1.47,12,708.30701
-0.64,13,708.349401
1.76,12,708.384984
-0.16,14,708.430332
-0.56,9,708.461404
-0.66,7,708.485456
1.44,8,708.509568
1.93,13,708.552527
1.2,10,708.585001
-0.38,15,708.631585
-0.71,7,708.65333
1.14,4,708.665907
1.54,9,708.701243
1.63,13,708.73576
1.66,12,708.778285
1.45,9,708.805951
1.64,10,708.838106
1.48,10,708.862319
-0.76,6,708.877199
-0.97,4,708.887157
1.64,10,708.915318
-0.25,12,708.948111
1.53,10,708.977093
1.44,8,709.00066
1.43,9,709.029597
1.79,13,709.065735
1.31,11,709.104726
-0.42,12,709.141127
-0.49,16,709.190473
-0.26,16,709.235079
1.59,10,709.262927
-0.27,12,709.299784
-0.82,7,709.323725
1.46,9,709.348472
-0.33,13,709.391374
1.59,10,709.416618
1.59,12,709.451097
-0.86,5,709.466414
1.64,11,709.50199
-0.6,16,709.549325
1.56,13,709.653534
1.14,4,709.66684
1.45,10,709.700107
-0.47,16,709.74779
1.32,12,709.786833
1.58,10,709.815926
1.14,4,709.826309
1.14,4,709.839585
-0.7,12,709.883718
-0.55,13,709.928513
-0.8,10,709.963312
-0.58,11,709.996398
1.64,10,710.028232
-0.57,9,710.063565
1.65,11,710.09713
-0.41,13,710.140949
1.33,8,710.171141
1.14,4,710.184197
1.47,10,710.214077
1.14,4,710.222916
1.63,11,710.253776
-0.6,13,710.289644
1.45,10,710.324921
1.73,16,710.379208
1.47,11,710.416029
1.19,5,710.432288
1.45,9,710.457387
-0.31,14,710.499627
-0.99,6,710.524185
-0.28,16,710.587671
1.28,8,710.624902
1.58,11,710.675402
-0.65,12,710.725949
1.84,12,710.780526
-0.76,6,710.807051
1.5,10,710.850961
1.14,4,710.866771
1.58,10,710.903632
1.39,10,710.938311
-0.33,16,710.99696
1.14,4,711.011202
-0.45,11,711.063132
1.47,10,711.099592
-0.33,15,711.155833
-0.67,10,711.189386
1.46,13,711.237909
1.14,4,711.255292
-0.34,12,711.293875
1.49,11,711.338125
1.42,11,711.378469
1.42,10,711.415991
1.42,11,711.453008
1.14,4,711.472667
-0.56,9,711.507639
1.53,10,711.548905
1.51,10,711.594026
1.32,9,711.641526
1.48,9,711.678623
1.64,10,711.719363
1.64,10,711.753535
1.53,10,711.790783
1.53,10,711.821298
1.37,12,711.861224
1.7,11,711.899542
-0.71,8,711.926413
1.56,12,711.96308
-0.78,9,711.989383
-0.37,12,712.031223
1.74,11,712.071146
1.14,4,712.084205
1.59,10,712.114652
1.69,10,712.152862
1.5,10,712.185868
1.64,10,712.219114
-0.35,13,712.2578
1.8,12,712.294041
-0.66,14,712.336526
1.64,10,712.371554
1.14,4,712.383505
-0.59,12,712.418616
1.53,10,712.449782
1.14,4,712.461586
1.14,4,712.474613
-0.55,14,712.518832
1.64,10,712.548127
1.41,12,712.584924
-0.34,16,712.632797
1.56,10,712.664937
-0.63,13,712.707337
1.53,10,712.740911
1.69,11,712.77753
1.34,7,712.799836
-0.69,10,712.831565
-0.5,10,712.858146
1.65,14,712.902298
-0.44,13,712.936839
1.53,10,712.969913
-0.12,13,713.016027
1.54,9,713.046571
-0.61,10,713.082829
-0.54,9,713.118263
-0.72,8,713.147179
-0.68,9,713.186558
-0.79,9,713.215941
-0.74,10,713.254363
1.3,8,713.284746
1.45,10,713.319431
1.31,10,713.352513
1.61,11,713.388942
1.66,11,713.420181
1.42,11,713.466893
-0.41,11,713.51301
1.14,4,713.531087
-0.5,10,713.568739
-0.92,14,713.616811
1.54,9,713.64778
-0.35,14,713.692122
1.68,12,713.732482
-0.38,12,713.771897
1.49,9,713.804329
1.54,9,713.833138
-0.76,6,713.853534
-0.87,7,713.886184
1.55,12,713.93996
1.38,9,713.981397
1.43,11,714.026338
1.54,9,714.061575
1.69,11,714.105204
-0.74,12,714.167228
1.49,9,714.199531
1.14,4,714.215366
1.54,9,714.256873
-0.49,12,714.310814
1.64,10,714.343615
1.43,9,714.377647
1.43,9,714.414027
1.71,11,714.457093
-0.25,16,714.531398
1.54,9,714.569979
-0.65,10,714.60769
1.63,15,714.662323
-0.49,12,714.706007
-0.38,17,714.760398
1.64,10,714.796831
-0.69,14,714.852984
-0.56,11,714.890907
1.53,10,714.930879
1.43,10,714.967697
-0.53,11,715.016453
1.14,4,715.032161
1.46,9,715.076334
1.55,12,715.127974
1.14,4,715.148027
1.14,4,715.165812
1.44,8,715.19751
1.14,4,715.211552
-0.46,12,715.256442
-0.1,15,715.311896
-0.77,12,715.413364
1.42,10,715.448873
1.54,9,715.48666
1.62,13,715.545597
-0.31,14,715.594695
1.71,11,715.629223
-0.29,17,715.680085
-0.44,11,715.718235
-0.6,10,715.757939
1.69,10,715.797766
1.76,12,715.836193
-0.35,15,715.906863
-0.05,16,715.968075
1.64,10,715.998286
1.61,10,716.034721
1.55,10,716.065745
1.56,10,716.097719
-0.47,14,716.143399
-0.67,8,716.170078
-0.61,13,716.214187
-0.43,13,716.265667
1.32,9,716.291871
-0.52,16,716.353533
1.29,7,716.380597
1.42,12,716.418295
1.14,4,716.429876
1.66,10,716.477501
1.14,4,716.514748
1.54,11,716.56434
-0.19,12,716.614047
1.53,10,716.650882
-0.59,11,716.688859
1.14,4,716.702408
1.76,12,716.735318
1.46,10,716.769354
1.14,4,716.780456
-0.54,9,716.81195
1.45,9,716.838858
1.43,9,716.873697
-0.37,14,716.921203
1.48,10,716.954621
-0.58,9,716.984606
1.54,9,717.01452
-0.49,14,717.05851
-0.54,10,717.091918
-0.43,13,717.134048
-0.36,19,717.193446
-0.8,10,717.227535
-0.48,13,717.266975
1.31,10,717.299863
-0.39,13,717.344006
-0.84,8,717.367803
1.33,11,717.404521
1.43,9,717.499402
-0.66,8,717.533999
1.37,9,717.567838
-0.29,14,717.613782
1.14,4,717.62751
1.14,4,717.641098
1.55,11,717.675526
-0.49,10,717.71352
1.64,10,717.751254
-0.28,18,717.8168
-0.71,6,717.844202
1.55,11,717.888123
1.64,10,717.934627
1.55,10,717.980188
1.14,4,717.995588
1.14,4,718.00924
1.43,10,718.049465
-0.46,14,718.114062
-0.37,14,718.17086
1.54,9,718.204555
1.64,10,718.247019
1.56,9,718.285264
1.63,11,718.337779
-0.15,17,718.392526
1.52,11,718.427734
1.66,10,718.461104
-0.93,6,718.485272
1.45,12,718.525903
1.49,9,718.558218
-0.54,12,718.601071
-0.5,15,718.649061
1.39,10,718.682471
1.69,10,718.720857
1.14,4,718.736601
-0.65,9,718.769547
1.14,4,718.785833
1.64,10,718.821621
1.44,11,718.861754
1.54,9,718.892988
1.47,10,718.924262
1.69,11,718.955942
-0.92,8,718.983322
-0.42,13,719.021652
1.73,12,719.052488
-0.45,12,719.092467
1.62,13,719.132153
1.65,11,719.168332
1.76,12,719.209592
-0.62,9,719.238749
1.14,4,719.253096
-0.5,13,719.289515
-0.54,13,719.330997
-0.73,12,719.370882
-0.72,8,719.4021
1.54,9,719.426874
-0.64,8,719.45008
-0.68,10,719.487558
-0.61,10,719.516048
-0.63,10,719.550744
1.53,10,719.580125
1.6,11,719.614745
-0.61,8,719.646086
1.33,8,719.677077
1.64,10,719.711441
1.14,4,719.724468
-0.31,14,719.767624
-0.54,12,719.812503
1.54,9,719.841494
1.29,7,719.867016
-0.57,12,719.907366
1.64,10,719.935763
-0.48,11,719.970417
-0.63,12,720.004539
-0.07,17,720.05946
-0.74,6,720.081241
-0.76,9,720.107213
1.54,9,720.133769
-0.09,17,720.193368
1.88,17,720.243182
1.64,10,720.271575
-0.8,6,720.295107
1.33,8,720.321888
-0.68,16,720.367123
-0.7,9,720.401223
1.33,8,720.42985
-0.36,12,720.470482
1.54,9,720.496877
1.64,10,720.533525
1.5,11,720.572904
-0.32,12,720.617747
1.23,7,720.635863
1.14,4,720.648693
1.64,10,720.67701
1.53,10,720.702235
1.59,10,720.736055
1.49,13,720.775841
1.63,11,720.80992
1.14,4,720.82617
1.47,10,720.85742
-0.46,10,720.896039
1.41,9,720.928494
-0.55,15,720.971883
-0.58,10,721.005486
-0.45,15,721.057291
1.35,12,721.097977
-0.41,12,721.14429
1.14,4,721.155535
1.56,10,721.182259
1.53,10,721.206549
-0.86,5,721.222921
1.14,4,721.235227
1.14,4,721.246739
0.06,15,721.29879
1.74,11,721.339575
1.14,4,721.351616
1.14,4,721.363843
-0.86,11,721.405234
1.48,10,721.440141
1.61,11,721.474645
-0.52,8,721.505654
1.33,8,721.540567
1.43,9,721.578804
-0.76,15,721.621822
-0.39,11,721.660962
-0.76,12,721.709417
1.67,14,721.760822
-0.35,14,721.856052
-0.57,9,721.90101
1.74,11,721.939613
1.53,10,721.974386
1.69,11,722.009302
1.69,10,722.045114
1.37,9,722.082369
-0.41,13,722.125766
1.54,11,722.169989
1.14,4,722.183975
-0.57,12,722.230575
1.24,9,722.298491
1.54,9,722.33112
1.55,15,722.387302
1.44,8,722.417788
-0.73,15,722.524297
-0.65,15,722.58411
1.66,10,722.625249
-0.63,13,722.673866
1.38,9,722.706567
-0.34,11,722.748351
-0.73,9,722.778888
-0.51,13,722.822685
-0.56,11,722.861158
-0.66,13,722.906893
1.38,9,722.94371
1.56,9,722.978035
1.55,10,723.013854
1.54,9,723.044276
1.47,10,723.07727
1.14,4,723.090288
-0.39,17,723.146975
-0.83,7,723.170443
-0.45,11,723.210873
1.53,10,723.264934
1.45,10,723.33681
-0.55,13,723.382451
1.61,13,723.427123
-0.38,14,723.468734
-0.57,9,723.505354
-0.47,16,723.558872
1.46,11,723.594717
-0.65,14,723.645401
1.34,12,723.689957
-0.62,12,723.731937
-0.2,13,723.774875
1.14,4,723.787919
1.54,9,723.82523
1.21,9,723.858552
1.19,5,723.876345
-0.72,11,723.909757
1.48,9,723.95064
1.14,4,723.970532
1.14,4,723.986461
1.63,12,724.028891
1.66,10,724.066473
-0.39,13,724.11263
1.52,12,724.14867
1.61,10,724.186492
1.38,9,724.222673
-0.86,5,724.243798
-0.79,12,724.281186
1.55,10,724.323549
1.14,4,724.339918
1.47,11,724.377738
1.54,9,724.414896
-0.25,15,724.494247
1.57,12,724.540669
-0.37,11,724.578547
1.32,10,724.614709
1.4,12,724.654049
1.6,14,724.702729
1.61,15,724.749825
1.54,10,724.787735
1.14,4,724.803296
1.53,10,724.837131
-0.02,14,724.91528
-0.79,9,724.947854
1.42,10,724.982314
-0.74,10,725.023765
1.43,9,725.071515
-0.39,10,725.115741
-0.76,12,725.161999
1.5,10,725.205294
-0.11,17,725.259953
-0.58,10,725.290407
1.14,4,725.305046
1.62,13,725.354897
-0.71,13,725.397663
-0.81,11,725.439026
1.61,10,725.472999
1.45,9,725.505971
1.14,4,725.521104
-0.36,13,725.563219
-0.2,17,725.621313
-0.62,11,725.678255
1.14,4,725.703343
-0.56,11,725.755459
1.64,10,725.79261
1.33,11,725.837409
-0.7,10,725.869433
1.69,10,725.902648
1.36,11,725.942967
-0.77,10,725.980179
1.63,11,726.017054
-0.47,14,726.063004
-0.55,10,726.097538
1.49,11,726.187953
1.42,11,726.227386
-0.56,14,726.2747
1.78,11,726.320451
-0.27,14,726.370029
1.14,4,726.382287
-0.55,10,726.419043
-0.62,12,726.463504
-0.47,14,726.508416
1.71,11,726.545001
-0.99,6,726.568904
1.72,13,726.611751
-0.78,8,726.642389
1.4,9,726.685601
-0.71,9,726.715842
1.62,12,726.758371
1.52,11,726.802177
1.6,13,726.850177
1.24,12,726.891203
1.48,10,726.927973
1.54,9,726.963445
1.52,12,727.007198
1.63,11,727.041193
1.31,10,727.074563
1.45,9,727.109485
1.54,9,727.171219
-0.05,18,727.304422
1.7,12,727.348194
1.14,4,727.366329
1.3,9,727.395265
1.14,4,727.411065
1.64,10,727.443815
1.45,10,727.479593
1.53,10,727.518598
-0.62,10,727.572561
1.53,10,727.637563
1.53,10,727.682662
1.59,10,727.716963
1.63,11,727.779052
1.14,4,727.809059
1.42,10,727.868434
-0.2,13,727.913983
-0.59,11,727.945286
1.38,9,727.982627
1.33,8,728.011137
1.25,10,728.048185
1.64,10,728.082122
-0.98,5,728.097183
-0.66,12,728.145228
1.66,13,728.191339
-0.3,11,728.230792
-0.39,20,728.294603
-0.45,12,728.373751
1.45,10,728.412254
-0.54,12,728.452012
1.14,4,728.464946
-0.52,10,728.504062
1.36,7,728.529759
1.14,4,728.542543
1.64,10,728.576504
-0.69,10,728.615654
-0.87,11,728.654953
-0.61,11,728.695823
1.49,9,728.726435
1.38,12,728.770471
1.64,10,728.800414
1.14,4,728.814564
1.56,9,728.847239
1.33,10,728.884355
1.5,9,728.91819
-0.73,12,728.952411
1.44,8,728.978945
-0.52,13,729.034342
1.71,13,729.082979
1.51,12,729.118444
1.59,10,729.153734
-0.85,9,729.182815
1.53,10,729.21805
-0.55,12,729.260268
-0.37,16,729.312979
1.14,4,729.333591
-0.64,9,729.366296
-0.47,13,729.414474
1.14,4,729.42744
-0.56,14,729.485589
-0.5,14,729.528546
-0.32,16,729.576408
1.76,11,729.614998
1.39,10,729.649278
-0.6,15,729.703568
1.54,9,729.73471
-0.63,11,729.770938
1.57,13,729.819558
1.14,4,729.833061
1.28,8,729.862952
1.37,10,729.953825
-0.66,13,730.035689
1.49,9,730.063033
1.64,10,730.099989
1.55,11,730.134579
-0.38,15,730.18771
1.55,11,730.225011
-0.64,10,730.262557
1.71,11,730.299239
1.6,11,730.339051
-0.57,12,730.414898
-0.7,11,730.468129
-0.68,12,730.507176
-0.51,9,730.540112
1.54,9,730.570283
1.27,9,730.60134
1.64,10,730.638988
1.63,11,730.727757
1.68,11,730.824102
1.55,10,730.855867
-0.3,14,730.904999
1.44,8,730.937197
-0.48,12,730.979288
1.33,11,731.012699
1.61,10,731.044873
1.45,13,731.138343
1.53,10,731.178345
1.14,4,731.19131
-0.39,13,731.278933
1.61,10,731.317197
1.58,13,731.366385
-0.3,13,731.41438
1.53,10,731.446642
1.66,10,731.483731
1.31,10,731.518491
1.62,11,731.554953
1.44,8,731.5811
-0.62,9,731.614124
1.14,4,731.627655
1.14,4,731.641957
1.47,12,731.684341
1.5,10,731.725762
1.14,4,731.740279
1.44,8,731.770514
-0.57,10,731.808936
-0.54,11,731.877112
-0.82,9,731.94229
1.14,4,731.967627
-0.7,12,732.019854
1.56,9,732.056384
1.13,5,732.072457
1.51,9,732.103308
1.51,9,732.130944
1.54,12,732.178464
1.27,9,732.240352
1.64,10,732.319914
1.59,13,732.412689
-0.63,13,732.476381
-0.7,9,732.513478
1.46,11,732.552061
-0.34,14,732.595242
1.36,8,732.624772
1.45,9,732.658392
1.61,10,732.713028
1.14,4,732.728301
1.53,11,732.772885
-0.32,15,732.821686
1.5,11,732.858333
-0.61,11,732.906561
1.43,11,732.947324
1.64,10,732.979554
-0.31,19,733.033944
1.43,11,733.070397
-0.65,8,733.104959
1.52,11,733.146492
-0.5,11,733.182701
1.45,11,733.218886
1.56,10,733.256652
1.32,9,733.297073
1.38,9,733.327163
1.53,10,733.360886
1.33,8,733.395221
-0.68,9,733.429248
-0.58,12,733.467141
1.57,13,733.513023
-0.45,13,733.558033
-0.43,14,733.607196
1.43,12,733.649299
1.64,13,733.69187
1.37,10,733.729673
1.14,4,733.752104
1.63,13,733.838487
1.89,13,733.890885
1.63,11,733.973472
1.69,10,734.005821
-0.69,12,734.0497
-0.68,9,734.082417
1.55,15,734.171711
-0.68,9,734.215567
1.55,10,734.298585
-0.46,9,734.371898
-0.54,13,734.429845
1.54,9,734.462372
1.35,9,734.491345
1.46,11,734.534793
-0.56,11,734.616293
1.54,9,734.684387
1.31,10,734.721189
-0.88,7,734.748561
-0.76,6,734.767711
1.44,8,734.797892
1.64,10,734.83206
1.43,9,734.860814
-0.38,12,734.967484
1.14,4,734.977888
1.71,15,735.030199
-0.6,13,735.07738
-0.48,14,735.119452
1.54,9,735.150487
-0.5,14,735.190856
1.67,13,735.236268
1.48,11,735.27367
-0.33,12,735.316669
1.51,9,735.34852
1.34,9,735.379191
-0.26,20,735.438761
-0.7,11,735.477173
1.54,9,735.506055
1.36,8,735.535708
1.54,9,735.576555
-0.24,14,735.629153
-0.58,16,735.6834
-0.76,9,735.714597
1.54,9,735.762843
-0.21,11,735.830979
-0.63,10,735.863514
1.33,8,735.892234
1.54,9,735.926377
1.61,10,735.958865
1.64,10,735.993976
1.46,9,736.019655
1.52,11,736.067516
1.14,4,736.081043
1.4,10,736.114759
-0.71,10,736.149374
1.44,9,736.185558
1.45,10,736.217953
1.43,11,736.257688
-0.33,12,736.29831
1.45,10,736.337193
1.54,9,736.365651
-0.6,9,736.397303
-0.68,12,736.439139
1.4,9,736.494658
1.36,10,736.530396
1.55,11,736.569568
1.14,4,736.584206
1.54,12,736.626705
-0.33,13,736.672462
-0.6,16,736.720997
-0.68,11,736.759673
1.3,12,736.804532
1.83,12,736.842714
1.64,10,736.876789
1.64,10,736.911512
-0.6,9,736.976514
1.53,10,737.020072
1.14,4,737.034853
1.53,10,737.072573
-0.42,15,737.125186
1.53,10,737.186784
1.47,10,737.237407
1.14,4,737.263394
-0.53,11,737.329309
-0.47,13,737.37236
1.53,10,737.404042
1.53,9,737.434697
-0.67,8,737.466962
1.87,13,737.515892
-0.73,8,737.549493
-0.53,14,737.6399
1.27,8,737.709481
-0.65,9,737.752048
-0.89,8,737.781611
-0.56,11,737.81877
1.42,13,737.863281
1.48,12,737.900748
1.35,15,737.994977
-0.64,13,738.039687
1.64,10,738.075093
-0.98,5,738.090248
1.47,10,738.127931
1.6,11,738.177826
1.48,13,738.232413
1.46,9,738.26611
-0.36,15,738.315808
1.14,4,738.328788
-0.46,15,738.380256
1.71,11,738.44731
1.52,12,738.496822
1.66,11,738.530555
1.46,10,738.568564
-0.17,13,738.618538
-0.4,14,738.664183
1.26,10,738.694491
-0.51,12,738.737531
-0.73,11,738.775232
1.51,12,738.817207
1.51,9,738.850023
1.66,10,738.889805
-0.79,9,738.920035
1.37,10,738.959243
1.71,12,738.99947
-0.46,9,739.029925
-0.67,12,739.068677
1.54,9,739.099227
1.52,11,739.137443
1.54,9,739.17403
-0.53,10,739.214909
-0.57,12,739.259676
-0.82,8,739.28419
-0.66,7,739.353851
1.44,8,739.38458
1.14,4,739.397382
-0.78,8,739.452057
1.47,11,739.540783
1.3,12,739.582994
-0.27,16,739.682144
1.14,4,739.694197
-0.38,13,739.745286
-0.42,10,739.774755
1.68,11,739.811015
1.49,9,739.843491
1.48,11,739.886187
1.54,9,739.915731
-0.79,9,739.945532
1.64,10,739.980453
1.59,10,740.018876
1.14,4,740.032367
-0.88,10,740.066508
1.8,18,740.12872
1.44,8,740.190177
-0.5,10,740.236448
1.14,4,740.249071
-0.3,14,740.295097
-0.48,12,740.339936
-0.66,7,740.369113
1.52,11,740.409095
-0.63,10,740.441673
1.64,10,740.48147
1.5,10,740.515284
1.31,11,740.554141
1.69,10,740.591986
-0.57,12,740.637118
-0.69,11,740.674954
1.33,8,740.703694
1.54,9,740.73292
1.61,10,740.768921
1.47,10,740.809676
-0.65,15,740.862002
1.34,7,740.889237
1.51,9,740.922208
1.64,10,740.95983
-0.51,11,741.022412
1.64,10,741.100459
1.43,9,741.150662
-0.77,7,741.176164
1.47,14,741.22045
1.64,10,741.253668
-0.44,14,741.303847
1.42,11,741.337763
1.14,4,741.354676
-0.74,7,741.379608
-0.81,11,741.427856
-0.59,9,741.459584
1.47,11,741.50115
1.44,12,741.541431
1.44,8,741.573353
1.51,9,741.630822
1.63,11,741.679062
1.14,4,741.691396
-0.5,10,741.728449
1.54,9,741.764935
1.64,10,741.819942
-0.77,10,741.859367
1.54,9,741.893985
1.45,10,741.923941
1.57,12,741.971149
1.69,11,742.004683
-0.71,13,742.050739
1.49,9,742.082382
-0.41,10,742.127165
-0.48,11,742.176705
-0.51,12,742.223948
-0.46,16,742.273531
1.33,8,742.307955
1.64,10,742.340621
1.54,9,742.376441
1.25,10,742.406741
1.48,11,742.443976
-0.55,10,742.47954
1.63,11,742.517915
1.55,11,742.554994
1.69,10,742.590822
-0.73,7,742.624673
-0.51,9,742.659165
1.33,8,742.684523
-0.55,13,742.729495
-0.43,12,742.769108
1.14,4,742.784479
1.49,11,742.822458
1.24,9,742.855674
1.64,10,742.886712
1.51,10,742.924307
1.35,9,742.955281
-0.64,11,742.992612
1.77,15,743.042223
1.47,10,743.083803
-0.54,14,743.130062
1.14,4,743.143477
1.59,11,743.220608
1.14,4,743.261285
-0.88,6,743.308178
-0.53,14,743.363811
-0.5,14,743.415643
-0.69,10,743.451146
-0.46,13,743.496472
1.56,9,743.530795
-0.71,14,743.619759
1.63,13,743.67113
-0.4,11,743.72867
-0.73,8,743.799016
1.58,11,743.891129
1.63,11,743.989371
-0.62,12,744.054029
-0.61,10,744.095217
-0.41,14,744.161491
1.64,10,744.196562
-0.72,10,744.234613
1.66,10,744.272479
1.14,4,744.290184
1.45,12,744.33611
1.45,11,744.372422
1.64,10,744.403752
1.64,10,744.436064
1.54,9,744.471976
1.14,4,744.484897
-0.47,10,744.518713
1.66,10,744.553462
-0.36,15,744.608952
1.53,10,744.641203
-0.57,12,744.683029
1.52,11,744.721437
1.51,10,744.758384
1.61,14,744.805127
1.74,13,744.846178
1.62,12,744.88603
-0.78,7,744.914215
1.63,14,744.959765
-0.55,10,744.993534
1.49,9,745.031039
1.28,8,745.098984
-0.43,16,745.15275
-0.71,9,745.184985
1.53,10,745.219906
1.74,11,745.258238
1.89,12,745.301017
1.32,10,745.336067
-0.49,10,745.372961
1.14,4,745.387863
-0.69,10,745.419827
1.43,9,745.482703
1.64,13,745.543335
1.63,11,745.590153
1.14,4,745.607018
-0.66,8,745.636156
1.42,10,745.668622
-0.52,16,745.721147
-0.42,13,745.760599
1.23,7,745.783984
1.54,9,745.812645
-0.55,9,745.862302
1.42,11,745.89898
1.67,13,745.945826
1.37,9,745.994454
1.91,13,746.089628
1.44,8,746.153553
1.37,10,746.194849
1.32,9,746.254498
1.2,10,746.338604
1.38,11,746.402755
1.54,9,746.432895
1.69,11,746.469067
1.51,9,746.503038
-0.5,13,746.544698
1.64,10,746.576175
-0.52,13,746.618523
-0.4,11,746.657906
1.8,14,746.702692
1.57,11,746.736355
1.56,9,746.768458
1.14,4,746.784194
-0.62,12,746.826738
-0.54,14,746.879959
-0.63,13,746.977721
-0.76,9,747.059349
-0.59,9,747.124835
1.54,13,747.237148
-0.3,16,747.307131
1.64,10,747.348583
1.18,9,747.384192
-0.29,16,747.440413
1.27,9,747.471159
1.43,10,747.513403
-0.74,9,747.552058
1.54,9,747.620299
1.28,9,747.658596
-0.74,12,747.703074
-0.4,12,747.739647
1.54,9,747.772836
-0.59,12,747.814402
1.43,9,747.847836
1.58,15,747.898096
-0.35,12,747.93911
1.51,9,747.970338
1.14,4,747.986294
1.64,12,748.028059
-0.66,8,748.066936
1.91,14,748.114908
1.14,4,748.132824
-0.52,14,748.182705
-0.54,12,748.220601
1.48,10,748.252467
1.84,16,748.360723
1.53,10,748.396912
1.54,12,748.4409
1.14,4,748.454095
1.23,13,748.497351
-0.02,16,748.552089
1.54,9,748.589944
-0.24,14,748.648188
-0.42,12,748.693704
1.14,4,748.709879
1.37,9,748.73923
-0.54,12,748.782672
1.64,10,748.820088
1.48,12,748.872941
1.14,4,748.890112
-0.3,15,748.951371
-0.4,11,748.993758
1.54,9,749.028798
-0.41,12,749.069812
1.54,9,749.09995
-0.39,13,749.149226
1.51,10,749.181077
-0.61,16,749.230803
1.64,10,749.265854
1.5,9,749.297897
-0.37,19,749.353744
-0.4,15,749.405075
1.53,10,749.439853
-0.47,17,749.488429
-0.73,9,749.52217
1.74,11,749.556178
1.46,9,749.592674
1.55,11,749.630724
1.71,12,749.675255
-0.53,17,749.726408
1.54,9,749.756157
-0.22,16,749.831186
-0.34,11,749.86768
1.8,16,749.922551
1.43,9,749.950902
1.46,9,749.984893
1.14,4,750.003242
-0.6,9,750.037129
1.66,11,750.077367
1.54,15,750.127649
1.59,10,750.157817
1.66,10,750.190771
1.47,10,750.255849
1.54,9,750.298222
-0.44,14,750.345867
-0.65,12,750.387302
1.38,9,750.421887
1.59,10,750.463166
1.59,10,750.497543
-0.51,15,750.551867
1.61,10,750.581457
1.72,12,750.627741
1.56,9,750.655478
1.61,13,750.70336
1.58,10,750.736354
-0.56,9,750.772239
-0.64,9,750.803821
-0.21,17,750.855013
1.14,4,750.867794
1.14,4,750.883338
1.27,11,750.923113
1.64,10,750.960446
-0.38,13,751.009042
1.54,9,751.046613
-0.6,15,751.097535
1.49,15,751.15095
-0.73,12,751.194852
1.63,16,751.250119
1.54,9,751.280264
-0.74,10,751.311563
1.54,9,751.346984
-0.53,11,751.387918
1.49,10,751.42417
1.4,9,751.453664
-0.44,13,751.497546
1.35,11,751.539618
-0.43,15,751.589318
1.56,14,751.634718
-0.41,18,751.691476
1.37,9,751.725084
1.54,10,751.762785
1.46,12,751.800598
-0.67,8,751.829273
1.42,11,751.865885
1.65,12,751.930773
1.49,11,752.023216
-0.72,8,752.090906
-0.37,14,752.199462
-0.76,12,752.30246
1.14,4,752.320282
-0.47,13,752.367123
-0.72,8,752.397521
1.56,9,752.432797
-0.4,13,752.484652
1.66,16,752.560936
1.14,4,752.58878
1.64,10,752.63546
1.71,11,752.671637
1.63,11,752.711204
1.35,12,752.752266
-0.6,10,752.788533
-0.57,12,752.830787
1.54,9,752.897738
1.53,10,752.940689
-0.87,6,752.965986
-0.6,9,753.002143
-0.61,8,753.027713
2.01,17,753.087973
1.64,14,753.140669
1.53,10,753.175802
-0.57,13,753.215615
1.48,13,753.264421
1.14,4,753.279314
-0.61,8,753.307709
-0.43,15,753.359417
1.34,13,753.401848
1.49,10,753.439943
1.14,4,753.452186
1.79,12,753.488212
1.14,4,753.505711
1.14,4,753.517402
-0.46,16,753.571922
1.66,10,753.60253
-0.49,13,753.656941
1.45,9,753.689493
-0.68,11,753.722268
1.64,10,753.7562
-0.69,7,753.784955
1.33,11,753.822382
-0.53,13,753.87511
2.19,17,753.927257
-0.42,14,753.98037
1.14,4,753.99295
1.14,4,754.005369
1.63,11,754.042345
1.41,8,754.073092
1.54,9,754.099369
1.61,16,754.151004
1.44,8,754.177268
1.6,11,754.233782
1.28,8,754.263251
1.53,10,754.299019
-0.51,11,754.33725
-0.66,9,754.380044
-0.53,14,754.46454
1.43,9,754.498271
1.53,10,754.535895
1.68,10,754.573541
1.54,9,754.606951
1.14,4,754.61946
-0.39,12,754.660742
1.66,10,754.707058
1.32,9,754.741678
-0.39,15,754.821134
1.14,4,754.849885
1.64,10,754.91962
1.41,11,754.953381
-0.62,11,755.002226
1.14,4,755.033788
1.6,11,755.126183
-0.43,12,755.181337
1.46,11,755.224334
1.34,9,755.257927
1.54,11,755.303215
-0.6,10,755.349365
-0.41,10,755.397225
1.47,10,755.429497
-0.58,11,755.488732
-0.62,11,755.530395
1.14,4,755.546231
1.45,10,755.595043
1.44,11,755.64395
-0.53,10,755.692827
1.43,11,755.739816
1.54,9,755.769754
-0.57,12,755.826989
1.32,9,755.859963
1.55,15,755.912056
1.14,4,755.924463
1.61,10,755.962563
1.64,10,755.995984
1.36,11,756.033602
1.14,4,756.046954
1.23,7,756.078722
1.63,12,756.130051
1.33,10,756.16926
-0.16,14,756.263846
1.53,10,756.295976
1.51,9,756.328115
1.52,11,756.363634
1.54,9,756.395994
-0.15,17,756.470841
1.14,4,756.505905
-0.81,5,756.550089
1.14,4,756.581558
-0.12,14,756.646484
-0.46,9,756.679495
-0.71,8,756.708042
1.59,10,756.739897
1.47,11,756.783035
-0.12,14,756.833148
-0.86,5,756.850392
1.58,11,756.88975
1.64,11,756.932001
1.14,4,756.945466
1.69,10,756.979247
1.49,10,757.013052
-0.58,10,757.051698
1.49,9,757.081033
1.64,10,757.15278
-0.5,11,757.236288
1.56,11,757.281749
1.44,8,757.311044
-0.77,7,757.341014
1.55,11,757.384304
1.58,13,757.42636
-0.53,15,757.481976
1.56,9,757.516727
-0.47,11,757.557911
1.69,11,757.593651
-0.55,14,757.638937
1.14,4,757.651476
1.54,9,757.68052
1.4,10,757.722976
1.61,10,757.757249
1.64,10,757.798287
-0.65,9,757.870538
1.44,8,757.941751
-0.5,15,758.005198
1.53,10,758.036994
1.53,10,758.070697
-0.47,10,758.109675
1.56,9,758.140759
1.47,10,758.175023
1.45,9,758.208494
-0.54,11,758.255758
1.64,10,758.287391
1.64,10,758.323967
1.46,10,758.357719
-0.55,10,758.42527
1.64,11,758.487486
-0.55,14,758.535586
-0.98,8,758.6073
1.48,10,758.654472
1.14,4,758.667912
-0.68,12,758.709306
1.64,10,758.744524
1.55,11,758.78428
1.54,9,758.810097
1.13,5,758.825417
1.54,9,758.856822
1.14,4,758.876609
1.54,9,758.908798
1.66,10,758.943123
1.14,4,758.957275
-0.61,10,758.999624
-0.72,8,759.028434
1.66,10,759.061109
-0.44,14,759.111712
-0.78,8,759.144603
1.14,4,759.158253
1.53,10,759.189377
1.14,4,759.201871
-0.3,12,759.248767
-0.42,15,759.29973
1.54,9,759.329352
1.52,11,759.366884
-0.52,12,759.412707
-0.53,14,759.460968
-0.54,13,759.499978
1.68,12,759.565734
-0.5,11,759.607377
-0.87,6,759.627205
-0.58,14,759.671805
-0.51,9,759.704139
-0.72,10,759.739582
-0.67,8,759.771915
1.4,9,759.804815
1.48,9,759.835458
1.54,9,759.86919
1.14,4,759.884115
-0.46,13,759.930331
1.59,10,759.967063
1.54,9,759.997882
1.47,10,760.032184
1.65,11,760.070223
1.46,9,760.103724
1.57,16,760.186344
1.52,11,760.253051
1.75,15,760.303962
1.37,10,760.33743
1.54,9,760.37276
-0.41,13,760.417373
1.62,12,760.456295
-0.82,7,760.480562
-0.78,8,760.521404
-0.28,13,760.57027
-0.42,12,760.610944
1.64,10,760.648742
1.44,8,760.679344
1.66,10,760.711474
1.49,9,760.742119
1.14,4,760.758679
-0.51,11,760.797943
1.51,9,760.828301
-0.48,14,760.878124
1.53,15,760.937506
-0.67,11,760.981268
1.14,4,761.00081
-0.38,16,761.103295
-0.58,10,761.138298
1.53,10,761.174392
1.74,11,761.211358
1.67,14,761.258232
1.51,12,761.300991
-0.81,11,761.337488
1.76,11,761.376029
-0.54,14,761.421132
1.19,8,761.447266
-0.68,10,761.486213
1.33,11,761.522711
-0.57,9,761.55241
1.14,4,761.564571
-0.57,12,761.607778
-0.64,11,761.656739
-0.62,11,761.740368
1.52,11,761.776209
1.64,10,761.818304
1.47,10,761.854687
-0.17,13,761.938201
1.43,11,761.99401
-0.47,10,762.051403
1.71,11,762.092296
-0.13,17,762.148444
-0.45,13,762.193137
-0.62,8,762.224748
-0.37,15,762.272717
-0.26,11,762.316325
1.59,10,762.352843
-0.66,7,762.385666
1.44,8,762.412519
1.64,13,762.454722
1.55,11,762.490705
-0.84,9,762.528785
1.32,9,762.55839
1.31,10,762.590768
1.47,11,762.627891
-0.51,12,762.668688
-0.52,12,762.705395
-0.66,9,762.736339
1.39,11,762.773861
1.53,13,762.814598
1.48,9,762.844552
1.45,9,762.877515
-0.88,7,762.902118
1.14,4,762.921911
-0.87,11,762.96356
1.14,4,762.977146
1.64,10,763.008131
-0.88,7,763.036615
1.26,10,763.071687
1.49,10,763.103201
-0.1,17,763.182909
1.56,9,763.233511
1.58,11,763.26794
1.44,8,763.293748
1.56,9,763.329734
-0.66,10,763.364043
1.52,11,763.404822
-0.53,12,763.446324
1.66,11,763.485231
-0.4,15,763.53529
-0.66,7,763.562277
-0.43,11,763.601447
1.48,9,763.629442
1.34,12,763.674418
-0.58,11,763.706543
1.77,14,763.751504
-0.69,10,763.787072
1.56,10,763.823679
1.54,9,763.859565
-0.82,12,763.91084
1.54,9,763.940372
-0.76,9,763.977002
1.3,8,764.005548
-0.46,9,764.040898
1.63,12,764.078756
1.14,4,764.093925
1.52,11,764.13406
1.37,10,764.168578
1.14,4,764.182686
-0.65,12,764.22947
1.43,9,764.269635
-0.68,12,764.316971
1.14,4,764.330757
1.69,11,764.374031
-0.77,7,764.397334
1.61,10,764.433861
1.14,4,764.449689
1.64,10,764.490618
1.59,10,764.526199
1.66,10,764.559026
1.63,11,764.598765
-0.52,10,764.638477
-0.52,15,764.693695
1.61,10,764.727379
-0.57,9,764.759336
1.64,10,764.79667
1.64,10,764.830768
1.44,12,764.871306
1.53,13,764.911037
-0.76,10,764.950836
1.52,17,765.001905
1.63,11,765.040808
1.57,11,765.08049
1.48,9,765.119005
1.66,12,765.183963
-0.4,16,765.26005
1.22,10,765.295665
-0.35,15,765.354342
1.64,10,765.391908
1.48,9,765.419902
1.42,11,765.456656
1.48,9,765.504357
-0.35,13,765.553635
1.56,10,765.62002
1.47,9,765.664371
1.43,11,765.706062
-0.44,14,765.794705
1.14,4,765.808465
-0.48,14,765.855571
1.72,14,765.899949
1.54,9,765.92861
-0.29,16,765.978356
-0.86,5,765.998786
1.64,10,766.035003
1.41,9,766.06353
1.29,9,766.113987
1.69,10,766.150464
1.64,10,766.188805
-0.76,9,766.219715
1.64,10,766.252143
-0.46,13,766.323193
-0.23,15,766.425468
1.43,9,766.459723
1.64,10,766.4911
1.52,11,766.529967
1.14,4,766.545606
1.54,9,766.575157
1.65,13,766.616274
-0.73,9,766.649761
-0.77,7,766.680474
-0.45,18,766.736637
-0.41,10,766.771778
1.33,8,766.800048
1.53,10,766.835803
1.56,9,766.866879
1.27,9,766.895906
1.63,11,766.938882
-0.75,11,766.978742
1.64,10,767.008516
-0.7,9,767.067426
-0.35,13,767.110331
-0.49,12,767.15769
-0.3,16,767.20931
1.53,10,767.242346
-0.64,14,767.28957
1.45,10,767.327049
-0.62,12,767.369533
1.54,9,767.401414
1.41,11,767.435361
-0.39,15,767.486317
1.53,10,767.521372
1.14,4,767.536009
1.14,4,767.554013
0.98,21,767.695069
1.43,9,767.728056
-0.67,14,767.781274
1.44,8,767.809759
1.43,9,767.864843
1.66,10,767.91638
1.41,9,767.951761
1.58,11,767.986699
1.56,9,768.020348
1.38,14,768.066598
-0.39,10,768.10515
1.64,10,768.137502
-0.37,13,768.185342
-0.76,6,768.206211
1.54,9,768.239353
1.69,10,768.275904
1.56,10,768.309715
-0.52,10,768.349527
-0.62,13,768.396897
-0.31,14,768.441138
1.57,11,768.485417
1.61,10,768.519596
1.46,10,768.555181
1.56,9,768.585806
1.64,10,768.65715
-0.64,11,768.699551
1.14,4,768.713685
-0.81,9,768.747405
1.52,12,768.795005
-0.57,11,768.833638
-0.56,10,768.867253
1.64,10,768.899847
1.48,12,768.940755
-0.65,12,768.981826
-0.53,11,769.019243
-0.48,11,769.058215
1.46,9,769.091993
-0.6,15,769.178149
1.58,11,769.219087
1.54,9,769.247149
-0.76,8,769.278984
1.62,11,769.316826
-0.78,11,769.356238
1.74,11,769.390457
-0.34,12,769.436896
1.44,9,769.468901
-0.37,14,769.515709
-0.77,7,769.537971
1.14,4,769.553781
-0.54,8,769.581523
1.14,4,769.594724
1.54,9,769.623286
-0.36,10,769.669485
1.61,10,769.705821
-0.55,13,769.797463
1.4,10,769.837242
1.27,11,769.926939
1.14,4,769.939963
1.47,11,769.973537
1.36,11,770.013121
-0.83,7,770.044376
1.69,11,770.116369
1.48,9,770.162038
1.54,9,770.190917
1.67,13,770.235604
1.5,14,770.28279
1.48,10,770.318328
-0.27,15,770.367176
1.64,10,770.401769
-0.39,14,770.446836
1.26,7,770.474162
1.8,15,770.522915
1.49,10,770.555234
1.54,9,770.586717
1.51,10,770.618397
1.14,4,770.631308
1.61,11,770.675248
1.63,11,770.710063
1.14,4,770.72545
1.69,10,770.761294
1.14,4,770.779617
-0.68,9,770.810794
1.47,10,770.85007
-0.45,12,770.893455
1.54,9,770.928857
1.36,11,770.967429
-0.45,17,771.021283
-0.39,11,771.061061
1.45,12,771.125423
1.14,4,771.141871
-0.75,8,771.168158
1.56,10,771.20035
1.26,10,771.23905
1.51,9,771.272285
-0.01,20,771.333758
-0.57,11,771.375227
-0.47,12,771.42001
1.45,10,771.451691
1.54,9,771.521576
1.64,10,771.570821
1.64,10,771.607575
1.3,9,771.641576
1.14,4,771.654335
1.59,10,771.686781
-0.76,9,771.720156
-0.46,10,771.758605
-0.58,12,771.795243
-0.88,12,771.831008
1.66,10,771.863064
1.14,4,771.875114
1.65,13,771.917526
1.32,10,771.952049
-0.89,8,771.98269
-0.8,10,772.016674
1.36,8,772.0468
1.65,12,772.087025
1.3,8,772.137828
1.54,9,772.185155
-0.5,11,772.225786
-0.47,16,772.275232
1.55,15,772.33005
-0.33,13,772.439899
1.48,10,772.474573
-0.74,7,772.498139
1.59,10,772.541906
1.14,4,772.560507
-0.75,9,772.595575
1.44,8,772.622387
-0.57,12,772.666376
1.56,9,772.697045
1.14,4,772.719217
1.58,11,772.789382
-0.83,8,772.823022
1.66,12,772.859537
-0.58,11,772.896778
1.69,17,772.949853
-0.62,14,772.995568
1.48,13,773.034957
-0.46,9,773.068568
1.14,4,773.081948
-0.42,13,773.126067
1.42,11,773.161232
-0.82,9,773.194982
1.4,9,773.229578
-0.25,14,773.282352
-0.34,12,773.321976
1.44,10,773.353668
-0.92,13,773.395422
1.54,9,773.432274
1.51,12,773.468049
1.41,11,773.503174
1.47,10,773.540839
1.38,9,773.580953
-0.49,10,773.616087
1.14,4,773.629898
-0.66,13,773.679978
-0.5,11,773.721367
1.14,4,773.734076
1.64,10,773.767272
1.64,13,773.834442
1.59,14,773.892239
1.33,9,773.921673
1.45,13,773.964061
1.5,10,773.998348
-0.7,8,774.026768
-0.35,16,774.078729
1.51,9,774.10933
1.58,11,774.145834
1.7,12,774.189651
-0.73,9,774.218881
1.64,10,774.290965
1.53,10,774.328062
1.53,10,774.365312
-0.71,13,774.400979
1.33,10,774.433895
1.63,10,774.470468
1.54,9,774.527385
-0.74,7,774.56863
1.14,4,774.582413
-0.38,13,774.628318
-0.53,10,774.669086
-0.32,16,774.749017
1.53,10,774.802525
1.54,9,774.830822
-0.73,8,774.887542
1.64,10,774.923562
1.78,14,774.965888
-0.54,11,775.004653
1.51,9,775.038081
-0.47,14,775.092986
1.41,11,775.130298
-0.35,12,775.17341
-0.65,8,775.204053
1.69,10,775.239753
-0.78,8,775.268775
1.53,11,775.307756
-0.53,10,775.344918
1.5,14,775.392062
1.43,9,775.425581
1.58,15,775.468811
1.64,10,775.507027
-0.49,10,775.543416
-0.62,9,775.573518
1.54,11,775.609503
1.14,4,775.626828
-0.67,12,775.666911
-0.64,12,775.747756
1.54,9,775.815464
1.14,4,775.838625
1.54,9,775.873875
1.57,11,775.916177
-0.52,10,775.954639
-0.5,15,776.008944
1.64,10,776.043526
1.54,9,776.07351
1.26,9,776.102091
1.58,18,776.170193
1.53,10,776.203428
1.4,10,776.238395
-0.78,8,776.265121
1.64,10,776.304227
1.41,11,776.338927
1.14,4,776.351895
1.6,11,776.391958
1.14,4,776.409552
1.45,10,776.442901
1.19,5,776.462667
1.47,11,776.496114
1.78,17,776.556647
-0.24,15,776.628847
1.66,11,776.717532
1.14,4,776.731014
-0.57,10,776.77542
-0.2,15,776.822479
1.48,10,776.886336
-0.59,11,776.927648
1.5,10,776.963136
1.47,10,777.00727
1.74,11,777.048621
1.52,9,777.088025
1.43,10,777.124881
-0.69,7,777.150115
-0.4,15,777.196757
1.48,13,777.236536
1.61,10,777.277188
-0.4,13,777.322406
1.66,10,777.357075
1.41,11,777.394061
1.69,11,777.432549
-0.39,13,777.475464
1.58,10,777.509525
1.54,9,777.544166
1.64,10,777.582764
-0.31,13,777.628709
1.56,9,777.660221
-0.43,12,777.700836
1.26,10,777.736613
-0.31,16,777.791866
-0.64,11,777.830768
1.37,10,777.863886
1.27,11,777.904438
1.44,10,777.938493
1.53,10,777.969646
1.68,11,778.007115
1.73,11,778.046668
-0.53,11,778.079274
1.58,10,778.114312
1.14,4,778.147473
-0.61,13,778.247565
-0.76,7,778.272122
1.38,11,778.310017
1.6,16,778.361634
-0.38,15,778.413292
1.53,10,778.447257
-0.18,19,778.530134
-0.51,12,778.584091
1.54,9,778.61706
1.69,13,778.65886
-0.75,8,778.68351
1.35,15,778.731014
-0.57,9,778.765289
1.54,9,778.797199
1.53,10,778.836021
1.41,11,778.874099
-0.21,18,778.936243
-0.77,6,778.961163
-0.62,10,778.995807
1.14,4,779.020237
-0.64,8,779.079862
1.48,9,779.111706
1.49,13,779.155343
-0.48,14,779.199358
1.64,10,779.237876
1.34,10,779.270457
1.51,12,779.309122
1.53,10,779.341982
-0.1,19,779.40406
1.47,13,779.445096
1.53,10,779.480147
-0.27,16,779.535137
1.38,9,779.566933
-0.46,15,779.639936
1.14,4,779.658937
1.64,10,779.695868
1.63,14,779.743424
1.7,13,779.790203
1.6,12,779.829338
1.48,13,779.873917
1.78,15,779.92625
-0.53,12,779.970705
1.47,11,780.008776
1.36,14,780.048525
1.59,11,780.089662
1.53,10,780.145722
1.14,4,780.177029
1.43,9,780.218035
1.44,13,780.267395
-0.44,15,780.318656
1.56,12,780.358117
1.64,10,780.392385
1.66,10,780.426705
1.58,10,780.466697
-0.47,14,780.509157
-0.55,10,780.545429
1.94,18,780.644582
-0.48,12,780.69527
1.63,12,780.758675
-0.5,11,780.853317
1.14,4,780.876224
1.56,9,780.909029
-0.62,13,780.953829
1.14,4,780.967663
1.64,10,781.010251
1.47,11,781.046035
1.39,10,781.079285
1.34,13,781.120909
-0.59,9,781.157886
1.34,11,781.193823
1.74,11,781.23133
1.67,12,781.271853
1.74,13,781.318048
1.51,9,781.351867
1.64,10,781.387433
1.51,10,781.424903
1.43,9,781.460077
-0.58,11,781.501675
1.2,10,781.539698
1.53,10,781.579428
1.64,10,781.617265
-0.82,9,781.643698
1.14,4,781.65532
-0.72,8,781.686054
1.53,10,781.728572
1.37,9,781.759982
1.64,10,781.795731
-0.38,12,781.83707
1.53,10,781.869925
-0.83,8,781.902058
1.76,11,781.939957
-0.7,15,781.989669
1.64,10,782.028033
1.49,12,782.071252
1.63,11,782.108115
1.14,4,782.123274
1.14,4,782.138862
-0.47,15,782.186052
-0.66,9,782.220496
-0.49,19,782.284825
1.5,10,782.321326
-0.87,6,782.342931
-0.4,14,782.385924
-0.73,12,782.425666
-0.59,14,782.478897
1.5,11,782.515238
1.6,12,782.555251
-0.75,7,782.581422
1.45,10,782.620518
-0.6,13,782.664924
-0.73,11,782.701152
1.45,11,782.733991
-0.54,13,782.789433
-0.78,8,782.815209
1.41,9,782.864017
-0.66,10,782.949275
1.64,10,783.001085
1.61,11,783.036736
-0.68,13,783.087048
1.69,10,783.120834
-0.39,14,783.172876
1.54,9,783.20135
1.57,11,783.236992
1.66,10,783.269729
1.65,11,783.314094
1.64,10,783.349037
1.43,9,783.376127
-0.69,10,783.411439
1.21,9,783.44308
-0.68,9,783.471244
1.14,4,783.484697
1.64,10,783.51593
-0.25,16,783.571929
1.52,12,783.611496
-0.65,9,783.642602
1.63,11,783.676646
-0.55,13,783.726557
-0.51,12,783.770969
1.56,10,783.834574
-0.47,10,783.871763
-0.48,11,783.907588
1.14,4,783.922123
1.44,9,783.953987
-0.54,10,783.988542
1.61,10,784.026134
-0.49,12,784.0671
-0.36,14,784.119545
1.54,9,784.153067
1.53,10,784.192891
-0.55,9,784.227609
-0.98,5,784.244146
1.14,4,784.257883
1.63,13,784.308367
-0.57,12,784.353995
1.54,12,784.396897
1.56,9,784.426482
1.44,8,784.456155
-0.64,11,784.498208
1.46,11,784.534497
1.51,9,784.567761
1.64,10,784.603355
-0.57,17,784.65587
1.68,11,784.691611
1.53,10,784.732252
-0.39,16,784.783371
1.61,11,784.817259
1.14,4,784.830922
-0.66,13,784.87379
1.54,9,784.905959
1.13,5,784.922468
-0.33,14,784.971917
-0.77,8,785.001973
1.46,10,785.040219
1.54,9,785.071232
1.64,10,785.106327
-0.87,9,785.139108
1.49,9,785.179322
-0.4,12,785.223596
-0.46,13,785.301745
-0.43,13,785.362854
-0.91,7,785.421349
1.64,10,785.45837
1.64,10,785.539502
-0.46,13,785.591127
-0.69,10,785.629349
-0.4,16,785.68488
1.44,10,785.718991
-0.46,9,785.751257
1.94,13,785.798204
1.32,10,785.868401
1.48,9,785.908721
1.69,13,785.953748
1.5,14,786.001595
1.14,4,786.014822
1.32,11,786.052139
1.59,12,786.092324
1.14,4,786.113824
-0.43,13,786.157367
-0.5,14,786.198138
-0.79,9,786.230875
1.14,4,786.247327
1.14,4,786.261786
1.66,10,786.292907
1.14,4,786.305389
1.14,4,786.320866
1.52,15,786.36705
1.46,11,786.408031
1.14,4,786.421013
1.55,10,786.454729
1.42,11,786.508075
-0.9,9,786.561594
1.54,9,786.59202
1.44,10,786.629884
-0.41,14,786.676811
-0.23,13,786.730715
1.54,9,786.766209
1.29,9,786.800061
-0.4,15,786.883854
1.46,12,786.933432
1.64,10,786.975539
1.47,13,787.052625
1.5,10,787.113714
1.93,14,787.162921
1.61,10,787.200662
1.61,10,787.24039
1.54,9,787.272108
1.54,9,787.301782
1.51,10,787.33219
-0.56,8,787.363249
-0.53,12,787.404801
1.14,4,787.417494
1.5,9,787.44733
1.64,10,787.480576
1.45,10,787.515453
-0.21,18,787.608164
-0.88,7,787.631875
-0.65,12,787.674204
1.58,11,787.712971
1.69,11,787.752911
1.54,9,787.784932
-0.4,13,787.832234
-0.66,11,787.866147
1.64,10,787.898628
-0.38,13,787.942803
1.14,4,788.467488
-0.36,10,788.546283
1.38,9,788.605397
1.55,10,788.663756
1.14,4,788.698702
1.14,4,788.73492
1.56,9,788.790701
-0.67,11,788.878882
1.74,11,788.976211
1.61,11,789.072927
1.69,11,789.17731
1.69,10,789.24633
-0.68,8,789.32923
-0.67,11,789.419547
1.54,10,789.484373
1.64,10,789.570931
1.14,4,789.608152
-0.74,10,789.698284
1.14,4,789.728275
-0.52,10,789.80621
1.51,12,789.906366
1.5,11,790.003906
1.53,10,790.089203
1.47,10,790.149928
-0.14,16,790.257138
1.64,10,790.316055
-0.57,10,790.413818
-0.69,10,790.514625
1.77,14,790.636103
-0.42,11,790.717192
-0.59,9,790.752501
1.57,11,790.795599
1.76,14,790.861182
-0.7,12,790.907642
-0.48,12,790.976858
-0.62,9,791.07104
-0.46,10,791.12281
1.43,9,791.152656
1.37,11,791.189324
1.63,11,791.225959
1.56,9,791.263802
1.64,10,791.298141
-0.66,10,791.330664
1.54,9,791.362102
1.44,8,791.394741
1.63,10,791.433198
1.14,4,791.463096
1.42,10,791.525461
-0.55,11,791.570962
1.56,11,791.608305
-0.65,12,791.6758
1.14,4,791.712391
-0.62,11,791.773625
1.48,10,791.833945
-0.46,10,791.905741
-0.45,14,791.952817
1.74,12,792.032568
-0.46,9,792.101838
-0.68,9,792.143387
-0.49,13,792.185719
1.61,11,792.226111
-0.65,12,792.272595
-0.71,12,792.325692
1.37,10,792.360694
1.48,9,792.394889
1.69,11,792.430194
1.64,10,792.468373
-0.54,15,792.513562
-0.22,18,792.577078
1.58,11,792.618495
-0.4,13,792.663073
1.44,8,792.688927
1.67,11,792.770214
1.43,11,792.825638
1.56,10,792.858837
1.51,9,792.904045
1.14,4,792.922521
-0.39,12,792.965639
1.66,10,793.002959
-0.8,6,793.032842
1.5,11,793.080803
1.62,12,793.127102
1.59,10,793.156546
1.27,9,793.190154
1.49,11,793.238519
1.7,12,793.27796
1.61,10,793.316301
1.54,9,793.373994
-0.56,11,793.424749
1.14,4,793.438
1.37,9,793.469028
1.57,11,793.509271
1.56,9,793.557335
-0.57,10,793.596214
-0.66,10,793.643516
1.14,4,793.678828
1.52,11,793.78207
1.55,14,793.888637
-0.91,9,793.95554
1.63,11,794.052281
1.14,4,794.091404
-0.57,10,794.183893
1.43,9,794.216744
1.49,9,794.247304
-0.55,13,794.365709
1.54,9,794.395964
1.44,8,794.441447
1.64,10,794.494839
-0.33,15,794.591172
1.48,10,794.624318
-0.37,10,794.661062
-0.89,8,794.694979
1.54,9,794.770363
-0.91,10,794.816058
1.45,10,794.849016
1.6,11,794.891521
1.53,10,794.936773
1.14,4,794.951865
-0.78,9,794.981425
1.58,14,795.027243
1.64,10,795.066726
1.14,4,795.076689
1.53,10,795.131948
1.14,4,795.162158
1.64,10,795.211984
1.54,9,795.246047
1.54,9,795.280557
-0.28,17,795.415757
1.66,12,795.514148
1.64,10,795.588971
1.51,11,795.679297
1.63,11,795.771711
-0.46,14,795.891067
1.54,9,795.944136
1.14,4,795.967721
-0.72,11,796.006847
-0.78,11,796.054883
-0.51,16,796.108954
-0.54,11,796.148567
1.54,9,796.180597
1.4,11,796.223764
1.48,11,796.259229
1.6,11,796.297637
-0.32,11,796.340622
1.55,10,796.380705
1.54,9,796.422114
1.46,9,796.467124
-0.66,13,796.567409
1.64,10,796.651317
1.64,10,796.735701
1.61,10,796.825685
-0.56,12,796.925708
1.68,14,797.0497
-0.41,15,797.157619
-0.85,9,797.229751
-0.53,13,797.341909
1.63,11,797.398694
-0.79,9,797.430665
1.14,4,797.444692
1.66,10,797.480257
-0.52,10,797.515897
1.29,12,797.557094
-0.26,15,797.606422
-0.72,11,797.683139
1.69,10,797.740986
-0.57,12,797.795521
1.54,9,797.871629
1.31,13,797.969486
1.52,11,798.019668
-0.62,9,798.052641
1.42,10,798.085367
-0.47,10,798.123963
1.59,12,798.164456
1.39,14,798.258157
1.63,11,798.296995
1.36,8,798.344375
1.4,10,798.387913
1.64,14,798.42821
-0.41,13,798.492255
1.37,8,798.550735
1.44,8,798.627567
1.14,4,798.661309
1.64,10,798.7061
1.51,9,798.733893
-0.32,18,798.801895
1.35,10,798.880783
1.55,10,798.931138
-0.69,9,798.962998
1.61,10,799.003233
1.66,10,799.037037
1.38,9,799.070424
-0.13,17,799.12467
1.6,12,799.168873
1.54,9,799.205396
-0.53,12,799.247825
1.74,11,799.287946
1.49,9,799.326348
1.14,4,799.339075
1.63,11,799.374113
-0.62,12,799.415799
-0.56,10,799.458995
1.43,10,799.492353
1.33,10,799.56882
-0.46,12,799.661738
1.4,9,799.702921
1.42,10,799.73704
1.52,11,799.77455
1.86,14,799.893
-0.77,10,799.955979
1.53,10,799.987387
1.64,10,800.017999
1.14,4,800.031496
-0.45,13,800.079848
1.14,4,800.094879
1.34,13,800.140799
-0.73,9,800.171091
1.51,9,800.20639
1.64,10,800.239776
-0.68,9,800.315578
1.64,10,800.351037
1.64,10,800.385211
-0.19,19,800.444981
1.64,10,800.47636
1.69,10,800.515611
-0.47,10,800.556567
1.64,10,800.602275
-0.49,11,800.649594
1.14,4,800.672133
-0.87,9,800.725496
1.61,11,800.8125
1.64,13,800.856368
-0.6,13,800.921511
-0.71,12,800.990752
1.66,10,801.081563
1.56,11,801.148518
-0.52,10,801.190212
1.14,4,801.209378
1.34,7,801.233495
1.52,14,801.284249
1.58,11,801.320995
-0.45,12,801.365808
1.45,9,801.395916
-0.73,13,801.4469
1.54,9,801.48498
1.58,12,801.531643
1.55,10,801.566478
-0.76,6,801.590113
1.62,12,801.705111
-0.41,15,801.775084
1.66,10,801.852448
-0.87,6,801.883603
-0.63,12,801.925712
1.38,9,801.965075
-0.81,8,801.993656
1.14,4,802.007764
1.14,4,802.020364
-0.43,15,802.09211
1.56,10,802.172604
1.14,4,802.184718
1.51,13,802.23897
1.33,8,802.310775
-0.29,16,802.425539
1.43,9,802.494004
1.38,11,802.590292
-0.58,13,802.680012
1.59,10,802.708253
1.54,9,802.735976
-0.86,5,802.750668
1.61,10,802.788157
1.42,11,802.856946
1.64,10,802.893032
1.44,12,802.952836
1.52,11,803.037793
1.63,12,803.078925
1.69,11,803.116088
-0.21,16,803.172218
1.78,13,803.280857
-0.54,15,803.405807
1.14,4,803.426665
-0.66,16,803.552549
-0.73,8,803.588409
1.38,9,803.618047
1.14,4,803.632375
1.8,14,803.689894
1.63,14,803.812402
1.54,9,803.874549
-0.65,9,803.919395
-0.51,12,803.965299
1.59,11,804.015698
-0.87,6,804.046377
1.47,10,804.082266
1.64,10,804.1163
1.66,10,804.192484
1.31,10,804.240386
1.38,9,804.270933
-0.36,13,804.307358
-0.51,12,804.353842
-0.59,8,804.384424
-0.55,9,804.417438
1.61,10,804.453554
1.45,10,804.506231
1.64,10,804.560062
1.49,10,804.593472
-0.68,9,804.629766
1.54,9,804.666646
-0.43,11,804.71259
-0.07,16,804.759279
-0.3,12,804.799964
-0.75,11,804.846539
1.64,13,804.956536
-0.47,15,805.008542
1.43,9,805.03652
1.53,10,805.070364
1.44,8,805.108224
1.32,9,805.176594
1.64,10,805.214707
1.14,4,805.230297
1.64,10,805.263474
-0.43,14,805.316382
1.55,11,805.373351
-0.47,10,805.418937
1.43,9,805.451053
1.6,11,805.498601
-0.54,15,805.602256
-0.38,12,805.710275
-0.35,16,805.809956
-0.71,13,805.845914
1.46,12,805.883485
-0.6,13,805.965043
-0.6,9,806.008201
-0.71,6,806.03726
1.43,9,806.094581
-0.61,13,806.144887
-0.71,10,806.184566
1.36,10,806.221875
-0.53,12,806.267948
1.49,10,806.305712
1.53,10,806.349253
1.66,10,806.432119
1.47,11,806.531165
-0.29,17,806.645716
1.64,10,806.726938
1.63,11,806.817122
1.14,4,806.8497
1.55,11,806.942286
1.54,9,807.013658
1.64,10,807.088887
1.34,15,807.184318
-0.38,13,807.305843
1.61,11,807.395794
-0.71,12,807.496284
-0.85,9,807.572613
1.59,12,807.63641
1.58,11,807.713126
1.54,9,807.788695
1.44,8,807.858312
1.14,4,807.899001
1.14,4,807.935374
1.66,12,807.983792
1.66,10,808.01478
1.14,4,808.030411
1.43,9,808.066053
1.54,9,808.094394
-0.45,12,808.145534
1.47,13,808.19176
1.32,9,808.251396
1.16,9,808.30436
-0.7,9,808.338387
1.14,4,808.354928
1.54,10,808.386278
1.72,13,808.432148
1.64,14,808.475625
1.54,9,808.506992
1.14,4,808.519512
1.63,11,808.552908
-0.85,6,808.575564
1.87,15,808.628739
1.44,11,808.668371
-0.26,13,808.714174
1.14,4,808.726194
-0.8,6,808.764114
1.76,11,808.832493
-0.68,9,808.86461
1.36,8,808.917229
1.14,4,808.957326
1.69,11,809.054527
-0.65,12,809.104876
-0.47,10,809.139519
-0.53,17,809.202505
1.64,10,809.243954
-0.78,8,809.279951
1.45,10,809.311505
1.63,11,809.392404
-0.43,15,809.545789
1.64,10,809.605028
-0.47,13,809.649042
-0.55,10,809.686891
1.27,9,809.726186
1.63,12,809.769864
1.6,11,809.804793
1.55,11,809.870201
1.14,4,809.886323
1.55,10,809.94753
-0.79,10,810.025116
-1.0,7,810.064054
1.45,10,810.095749
-0.44,12,810.136998
1.53,10,810.212718
-0.36,17,810.267452
1.66,10,810.297681
1.35,9,810.330617
-0.18,15,810.380767
1.55,11,810.427284
1.29,8,810.455901
1.38,8,810.483981
1.64,10,810.521152
-0.27,15,810.565745
-0.55,16,810.632387
1.49,12,810.715539
-0.47,10,810.803346
1.56,9,810.860475
1.5,10,810.897865
1.44,14,810.9412
-0.6,10,810.978611
1.47,10,811.013049
-0.85,9,811.048276
1.53,10,811.092109
-0.65,13,811.138843
1.14,4,811.154998
1.61,10,811.193152
1.63,11,811.233742
1.38,9,811.271065
1.52,11,811.341166
1.61,10,811.390593
1.46,9,811.436213
-0.57,12,811.519161
1.51,10,811.602036
1.69,11,811.640375
1.14,4,811.653293
-0.39,16,811.701242
1.34,7,811.729112
-0.51,15,811.781794
1.48,12,811.820783
1.14,4,811.833339
-0.66,9,811.866642
1.51,9,811.893234
-0.47,11,811.933278
1.29,9,811.998813
1.36,10,812.085869
1.71,10,812.121669
1.58,11,812.15887
-0.17,14,812.204112
1.69,10,812.241404
1.78,15,812.29159
-0.87,6,812.311319
1.64,10,812.343791
1.49,10,812.381944
-0.86,11,812.419256
-0.54,12,812.464266
1.64,10,812.49997
-0.08,21,812.578085
1.66,10,812.607869
1.47,10,812.644946
-0.5,11,812.681035
1.61,12,812.727547
-0.45,15,812.772762
1.51,11,812.810564
1.37,10,812.874976
1.38,12,812.948912
-0.72,9,813.005511
1.42,11,813.086977
1.61,10,813.163604
1.14,4,813.19336
-0.49,10,813.285382
1.14,4,813.303197
1.69,10,813.337959
-0.56,14,813.392696
-0.52,14,813.434223
-0.82,7,813.460431
1.14,4,813.476738
1.54,9,813.530758
-0.98,5,813.568245
1.14,4,813.596571
1.77,13,813.652605
1.14,4,813.671174
-0.47,11,813.708984
-0.41,10,813.750365
1.54,9,813.77492
1.54,13,813.823161
1.14,4,813.837961
-0.88,7,813.902275
-0.53,15,813.964894
-0.49,12,814.007866
1.53,11,814.048931
1.64,10,814.08714
-0.44,12,814.136745
1.75,13,814.189928
1.53,11,814.269833
1.63,11,814.368208
1.18,9,814.445033
1.51,9,814.49793
1.64,10,814.575091
1.22,8,814.629072
-0.5,16,814.718829
1.63,11,814.763911
1.14,4,814.781231
1.64,10,814.813134
1.59,11,814.859882
-0.73,15,814.941056
1.34,9,814.978789
-0.56,12,815.019601
1.55,13,815.066818
1.63,11,815.116167
-0.88,6,815.139886
-0.38,15,815.221963
1.54,9,815.258868
1.46,15,815.368996
1.55,10,815.413211
1.14,4,815.425945
-0.39,15,815.478201
1.14,4,815.511291
1.54,9,815.559276
-0.49,10,815.590645
-0.44,13,815.65532
1.14,4,815.673458
1.42,10,815.709669
-0.88,7,815.734747
0.0,15,815.79478
1.54,9,815.885088
-0.73,8,815.963484
-0.62,9,816.029744
1.24,9,816.06491
-0.62,11,816.151891
-0.54,9,816.207643
1.69,10,816.255569
1.54,9,816.326159
1.48,10,816.414427
-0.56,10,816.47537
1.44,8,816.538646
-0.73,7,816.586023
-0.49,16,816.643592
1.14,4,816.656595
1.4,10,816.691549
-0.61,12,816.730458
-0.63,13,816.775364
-0.48,13,816.828111
1.53,12,816.890266
1.54,9,816.921217
1.46,9,816.956365
-0.59,11,816.996931
1.64,10,817.027868
1.44,8,817.055283
-0.41,15,817.118955
-0.78,14,817.169314
1.66,10,817.208514
1.53,13,817.307794
1.55,10,817.378225
1.66,10,817.406661
1.63,11,817.442139
-0.4,14,817.499302
1.14,4,817.519851
-0.56,11,817.556746
-0.32,13,817.617687
1.64,10,817.693167
-0.44,10,817.738892
1.51,11,817.775212
1.14,4,817.793448
1.64,10,817.829256
1.64,10,817.904492
1.54,9,817.982624
-0.13,16,818.040716
-0.45,11,818.080201
1.66,10,818.119171
1.54,9,818.149481
1.5,11,818.188729
-0.74,12,818.234088
1.14,4,818.250688
1.64,10,818.278139
1.48,10,818.319693
1.69,10,818.354788
-0.83,8,818.405255
-0.64,11,818.499794
-0.85,9,818.555343
1.56,13,818.624887
1.66,11,818.710234
-0.47,13,818.791316
-0.26,16,818.842031
-0.45,14,818.887315
-0.56,11,818.927584
1.46,9,818.958191
1.54,9,818.98893
1.54,9,819.047559
-0.18,14,819.121147
-0.52,11,819.157875
1.54,9,819.186667
1.44,14,819.234278
1.51,12,819.275811
-0.64,14,819.323706
-0.27,17,819.384002
-0.7,11,819.420314
1.5,10,819.456419
-0.58,10,819.517331
1.59,10,819.551267
1.48,10,819.586191
1.38,9,819.619041
-0.36,13,819.702071
1.22,11,819.791342
1.7,13,819.858236
1.54,9,819.942405
1.55,11,820.027274
1.44,14,820.093039
-0.77,10,820.129122
1.48,10,820.165874
1.37,12,820.203909
1.5,10,820.255221
-0.57,13,820.303369
1.61,10,820.336695
1.14,4,820.348716
1.64,10,820.383305
1.14,4,820.397397
1.13,5,820.415804
-0.74,8,820.446019
1.53,10,820.481523
-0.68,9,820.539593
1.54,9,820.582349
1.55,10,820.619701
1.14,4,820.633708
-0.88,6,820.653799
-0.59,14,820.701183
1.69,11,820.738477
-0.53,15,820.785204
0.04,17,820.840248
1.14,4,820.874094
-0.54,12,820.973756
1.61,10,821.064541
1.48,10,821.139787
1.53,10,821.219175
1.48,16,821.267416
-0.68,9,821.314998
-0.49,12,821.390085
-0.64,11,821.436407
-0.52,12,821.54046
1.64,10,821.569681
1.64,11,821.605998
1.44,8,821.637475
-0.49,11,821.723853
-0.21,13,821.826431
-0.5,11,821.912214
1.46,9,821.990642
1.5,10,822.068916
1.49,9,822.113283
1.14,4,822.129739
1.49,11,822.192173
-0.37,13,822.300578
1.64,10,822.365597
1.66,11,822.458118
1.51,10,822.511158
1.14,4,822.530654
1.64,10,822.613245
1.78,12,822.720952
1.29,12,822.767169
1.38,9,822.795622
-0.28,13,822.845649
1.47,12,822.889398
1.66,12,822.938118
-0.64,10,822.973808
1.37,10,823.012862
1.64,10,823.0571
1.68,11,823.163309
-0.45,12,823.273132
1.44,11,823.315065
1.46,9,823.372227
1.57,11,823.446511
1.53,11,823.541732
1.61,10,823.625501
1.69,11,823.726981
1.25,10,823.813078
1.46,13,823.893843
1.44,8,823.935182
-0.47,13,823.987736
-0.49,10,824.024873
1.67,13,824.081644
1.57,11,824.135476
1.33,8,824.168597
1.64,10,824.23423
1.69,10,824.275483
1.61,11,824.322903
-0.6,10,824.357499
-0.48,11,824.402083
1.53,10,824.460406
1.42,11,824.53336
-0.58,11,824.571536
-0.31,15,824.663241
-0.71,9,824.699905
1.19,10,824.736642
-0.5,11,824.772512
1.49,9,824.811159
-0.63,11,824.84287
1.25,8,824.869645
-0.75,14,824.918144
-0.66,10,824.957088
-0.43,12,824.994643
1.55,10,825.067157
-0.54,12,825.141969
-0.43,11,825.18704
-0.59,14,825.231449
1.61,10,825.26428
1.49,9,825.293575
1.64,10,825.330944
-0.87,11,825.367087
1.51,9,825.396624
-0.56,11,825.477792
1.14,4,825.514413
1.53,10,825.591048
-0.41,16,825.674938
1.45,10,825.709209
1.74,11,825.774007
1.44,8,825.841279
1.55,10,825.921832
1.53,10,826.011699
-0.52,10,826.098564
1.37,10,826.182475
-0.54,12,826.227853
-0.44,21,826.308099
1.64,10,826.352022
1.14,4,826.365385
-0.67,12,826.410374
1.51,9,826.445915
1.14,4,826.471171
1.44,8,826.50601
-0.54,12,826.575186
-0.42,13,826.673207
1.53,10,826.739873
1.64,10,826.815256
1.64,11,826.917309
1.64,10,826.992556
1.53,10,827.06299
1.74,11,827.101395
1.14,4,827.11457
1.54,9,827.148931
-0.39,11,827.229671
1.42,10,827.264385
1.14,4,827.280861
1.64,10,827.336014
-0.48,14,827.420979
1.59,10,827.476247
1.53,10,827.556548
1.44,8,827.617518
-0.53,10,827.725914
1.87,13,827.816903
1.44,8,827.843412
-0.31,14,827.892042
1.14,4,827.910599
1.59,10,827.944474
1.64,10,827.980416
1.39,8,828.009074
-0.47,15,828.05733
-0.52,11,828.093514
1.49,11,828.135931
-0.57,9,828.173179
-0.39,14,828.225084
1.64,10,828.264736
-0.47,11,828.302979
-0.97,4,828.316288
1.52,11,828.367384
1.45,9,828.404232
1.26,12,828.450258
-0.43,11,828.492083
-0.67,9,828.532624
-0.61,10,828.567899
-0.62,12,828.61147
1.43,9,828.64871
-0.3,15,828.704617
1.63,11,828.743564
-0.35,15,828.803133
1.79,13,828.849878
-0.26,15,828.909863
-0.61,10,828.945107
-0.4,15,829.004049
-0.56,11,829.046543
1.14,4,829.064127
1.63,11,829.106237
-0.59,12,829.157276
1.8,16,829.222805
-0.48,12,829.275539
1.54,9,829.305885
-0.3,15,829.36502
1.69,13,829.415828
1.54,11,829.449984
1.69,12,829.494904
1.54,9,829.521571
-0.36,13,829.572626
1.44,8,829.603917
-0.37,10,829.638597
1.37,9,829.674648
-0.79,9,829.744765
-0.3,14,829.802135
1.26,9,829.833265
1.4,9,829.875705
1.47,10,829.913901
1.66,10,829.953327
-0.74,10,829.986002
1.14,4,830.001294
1.54,9,830.040249
1.45,9,830.073964
1.75,14,830.127517
1.48,13,830.178183
1.63,11,830.213907
-0.67,11,830.254739
1.47,11,830.292177
-0.32,16,830.347783
1.35,12,830.391085
-0.31,16,830.464527
-0.51,11,830.502382
-0.59,12,830.54495
1.63,11,830.578011
1.48,10,830.614155
1.14,4,830.628197
1.57,11,830.670342
1.44,8,830.706327
-0.47,19,830.771634
1.54,9,830.811187
1.37,9,830.844301
0.02,15,830.899514
1.84,15,830.957115
1.69,10,830.991297
-0.61,10,831.029504
1.33,8,831.055036
1.58,14,831.104182
-0.49,12,831.147073
-0.72,11,831.193841
-0.55,15,831.27822
1.64,10,831.315735
-0.41,10,831.386961
-0.48,11,831.47314
1.53,11,831.566449
1.49,12,831.616799
1.56,9,831.642304
1.42,10,831.679309
1.59,10,831.71376
1.46,9,831.754109
-0.5,11,831.794235
1.58,10,831.829896
-0.56,10,831.862068
-0.5,17,831.971323
-0.32,14,832.070911
1.66,14,832.123004
1.44,8,832.150707
-0.71,9,832.194013
1.54,9,832.226382
1.43,9,832.257299
1.34,7,832.287225
1.5,10,832.334991
-0.26,17,832.391935
1.46,9,832.415305
1.46,11,832.453895
1.64,10,832.487734
1.48,9,832.518092
1.5,11,832.558581
1.66,11,832.59312
1.68,11,832.636758
1.36,8,832.669077
1.5,9,832.705858
1.44,10,832.743216
1.63,11,832.800389
-0.63,10,832.842147
-0.41,14,832.906924
-0.52,11,832.957804
-0.65,13,833.006728
1.5,11,833.056736
1.76,15,833.119006
-0.56,9,833.155165
1.64,10,833.193932
1.43,9,833.229856
-0.68,10,833.308169
1.62,12,833.386218
-0.63,14,833.449801
1.37,10,833.478959
1.66,10,833.516094
1.7,14,833.56222
-0.87,11,833.602393
-0.78,11,833.6374
1.53,10,833.6727
-0.59,10,833.703293
-0.31,15,833.754892
-0.73,7,833.781994
1.3,8,833.824908
1.14,4,833.851326
1.64,10,833.909251
1.28,9,833.968104
1.64,10,834.00213
-0.47,10,834.076518
1.54,9,834.154241
-0.34,16,834.265284
1.14,4,834.278846
-0.66,10,834.343731
1.73,14,834.461361
-0.08,15,834.558734
-0.56,12,834.597858
-0.79,9,834.643193
1.53,12,834.732787
1.14,4,834.750157
-0.48,15,834.804259
-0.4,11,834.842294
1.48,10,834.89867
1.14,4,834.928123
-0.69,12,835.028758
1.53,10,835.07441
1.14,4,835.105344
1.32,9,835.175706
-0.7,9,835.255676
1.46,9,835.337778
-0.48,12,835.401594
-0.58,11,835.440021
1.29,7,835.462213
-0.53,10,835.493254
-0.51,13,835.547416
-0.81,11,835.58519
1.51,12,835.625656
1.43,9,835.661335
1.66,10,835.69652
1.38,9,835.72754
1.46,9,835.759085
1.52,11,835.79738
1.45,10,835.84374
1.57,12,835.884708
1.64,10,835.91827
-0.48,12,835.955411
-0.55,11,835.996933
1.59,10,836.031799
-0.75,10,836.070207
1.62,12,836.110635
-0.57,13,836.156746
1.54,9,836.185699
1.37,9,836.215523
1.41,11,836.252102
1.74,11,836.29373
1.6,12,836.33444
1.63,11,836.374603
-0.84,8,836.403968
1.66,10,836.445319
1.54,9,836.476027
-0.64,11,836.519689
-0.6,11,836.557354
1.33,8,836.588498
1.7,13,836.63368
1.49,10,836.666605
1.63,11,836.7405
-0.46,13,836.796255
1.64,10,836.831696
-1.0,7,836.854555
-0.47,13,836.898149
1.73,12,836.951186
1.32,10,836.98225
-0.53,14,837.067886
1.14,4,837.102875
1.4,9,837.188354
1.6,13,837.278059
1.54,9,837.327636
1.54,9,837.363493
-0.76,12,837.406259
1.24,8,837.436594
1.53,10,837.46771
1.65,11,837.54313
1.54,9,837.587225
-0.33,11,837.628034
1.31,7,837.654577
-0.84,8,837.681569
1.53,10,837.723145
1.14,4,837.738262
1.14,4,837.768775
-0.57,12,837.83009
1.6,12,837.876619
1.4,10,837.916682
1.34,10,837.957383
1.34,9,838.02712
1.78,11,838.069733
1.44,8,838.096168
1.49,12,838.136431
-0.74,10,838.173425
-0.77,7,838.207865
-0.5,10,838.246994
1.54,9,838.281637
1.14,4,838.294581
-0.78,8,838.328582
1.55,11,838.379711
1.7,12,838.458135
-0.52,10,838.511856
1.28,13,838.567478
1.5,10,838.624973
1.57,11,838.680412
1.64,10,838.713677
1.44,12,838.753992
-0.58,10,838.796165
1.54,9,838.824052
1.7,14,838.907703
1.66,10,839.017862
-0.59,12,839.12585
1.14,4,839.13788
1.33,8,839.163909
-0.51,11,839.201467
1.69,10,839.234794
-0.55,16,839.292588
1.45,10,839.327605
1.57,12,839.386753
1.14,4,839.399729
1.53,11,839.478838
1.41,11,839.53606
-0.27,11,839.583601
1.74,11,839.620002
-0.46,9,839.652674
1.2,7,839.691697
1.13,5,839.731019
1.14,4,839.747863
1.59,12,839.785906
-0.64,8,839.85157
1.37,9,839.932865
-0.46,11,840.029207
1.55,11,840.076019
1.66,11,840.121911
1.54,9,840.167163
1.46,9,840.202239
-0.88,6,840.226208
-0.48,12,840.268534
-0.79,12,840.308648
1.53,10,840.33922
1.14,4,840.369567
-0.51,16,840.443269
1.4,10,840.489259
-0.17,16,840.540791
1.43,9,840.57119
1.54,9,840.63158
-0.54,12,840.722759
-0.42,18,840.814773
-0.89,8,840.891723
-0.45,14,840.967175
1.46,9,840.995228
1.68,12,841.074138
1.5,10,841.124379
1.14,4,841.138865
1.51,10,841.212158
1.61,11,841.278563
-0.66,16,841.337935
1.62,12,841.38577
1.74,11,841.466941
-0.55,12,841.527392
1.64,10,841.558959
1.14,4,841.573098
-0.49,10,841.614866
1.54,9,841.651866
1.64,13,841.689746
1.59,10,841.719785
1.54,9,841.750896
1.54,9,841.79011
1.44,8,841.858093
1.54,9,841.94258
-0.6,10,841.993976
-0.57,14,842.038392
1.66,10,842.070838
1.53,10,842.105863
1.64,10,842.137875
1.57,12,842.173625
-0.5,12,842.20798
1.51,10,842.243925
-0.72,13,842.293743
1.96,13,842.343361
-0.57,12,842.382629
1.66,10,842.419389
-0.51,15,842.5079
1.65,11,842.553134
-0.54,12,842.591084
1.57,14,842.661175
-0.58,13,842.728855
1.48,10,842.763075
1.69,10,842.798908
1.54,9,842.8292
-0.5,14,842.902009
1.43,9,842.949901
1.52,11,843.04844
1.54,9,843.127269
-0.5,12,843.24099
-0.62,10,843.326388
-0.62,12,843.367878
1.5,10,843.44994
1.14,4,843.489512
1.66,10,843.566265
1.64,10,843.647476
-0.83,7,843.714253
1.44,10,843.801577
-0.67,8,843.879963
1.43,12,843.963892
-0.52,13,844.008846
1.66,10,844.080969
1.49,9,844.114325
-0.49,10,844.211686
-0.66,9,844.260845
1.4,9,844.329166
-0.15,14,844.454091
-0.39,13,844.553375
1.63,12,844.639132
1.35,8,844.667403
1.43,10,844.74565
1.64,11,844.788557
1.26,9,844.817736
1.54,9,844.852155
1.66,10,844.883991
-0.25,15,844.934928
1.73,13,844.982605
1.58,10,845.061751
1.85,13,845.177208
-0.54,12,845.279897
-0.75,11,845.354307
-0.47,13,845.460367
1.14,4,845.492548
-0.98,5,845.532482
1.42,11,845.57498
1.46,11,845.620776
1.34,9,845.647305
-0.66,7,845.673545
1.56,9,845.701391
1.24,8,845.731972
-0.61,15,845.781664
1.42,9,845.811438
1.56,10,845.853634
-0.66,7,845.901452
-0.49,13,845.950861
1.4,9,845.987958
-0.69,13,846.026442
1.52,11,846.074065
-0.47,13,846.11506
2.03,14,846.173778
-0.32,15,846.288759
1.44,8,846.317001
1.14,4,846.329742
1.36,11,846.409672
-0.52,13,846.521785
1.34,9,846.582592
1.44,8,846.618783
1.61,10,846.70613
1.56,10,846.745624
1.75,12,846.795014
1.44,10,846.836104
1.69,11,846.874634
1.53,10,846.90793
1.46,9,846.940951
1.53,10,846.97777
1.14,4,846.990674
1.66,10,847.025007
1.6,12,847.070895
1.42,11,847.106411
-0.71,11,847.143975
1.64,10,847.176638
1.14,4,847.19544
-0.44,13,847.277683
1.48,10,847.325816
-0.58,11,847.363446
1.34,13,847.463327
-0.51,14,847.506691
-0.16,12,847.546206
1.51,9,847.581003
1.32,9,847.611869
-0.61,15,847.663917
-0.3,15,847.71961
-0.97,4,847.738455
1.14,4,847.761518
-0.47,10,847.796593
-0.73,9,847.870933
1.4,10,847.927961
-0.56,8,847.973202
1.42,11,848.044154
1.59,10,848.075979
1.4,12,848.114532
-0.45,13,848.19434
1.14,4,848.208173
1.68,12,848.261414
1.52,11,848.304159
1.34,13,848.358547
1.68,11,848.399787
1.61,10,848.442863
1.64,10,848.486101
1.5,13,848.543382
1.54,9,848.575541
-0.36,12,848.621791
-0.41,16,848.681469
-0.46,15,848.761591
-0.84,8,848.811897
-0.27,15,848.949265
-0.75,11,849.007086
-0.32,14,849.090579
-0.55,10,849.175881
-0.72,8,849.206815
-0.32,12,849.250366
1.48,9,849.282089
1.41,9,849.350911
1.29,9,849.390312
1.41,9,849.423251
-0.48,11,849.492511
1.5,11,849.583907
1.64,10,849.677723
1.64,10,849.7556
-0.96,6,849.826963
1.44,8,849.869344
-0.68,9,849.902889
-0.29,11,849.943283
1.14,4,849.956638
1.14,4,849.968114
1.54,9,849.998601
1.14,4,850.011493
-0.63,12,850.054016
-0.47,10,850.088652
1.14,4,850.102368
1.54,9,850.131702
1.66,11,850.221397
-0.55,10,850.312297
1.44,8,850.387651
-0.61,8,850.437411
1.14,4,850.456881
1.38,11,850.498662
1.54,9,850.556501
1.42,10,850.639455
-0.59,12,850.732458
-0.72,10,850.81695
1.48,10,850.90927
-0.75,9,850.998264
1.45,11,851.060985
-0.44,10,851.09263
1.44,8,851.119415
1.58,10,851.156695
1.45,10,851.192813
1.64,10,851.276168
1.14,4,851.296039
-0.29,17,851.352998
1.59,10,851.389543
-0.33,12,851.434191
-0.63,10,851.471662
-0.5,10,851.513752
1.14,4,851.533992
1.45,10,851.570428
1.33,9,851.600264
-0.6,12,851.645748
1.57,10,851.687723
1.56,12,851.763165
-0.66,7,851.789933
1.14,4,851.804898
-0.33,15,851.86347
-0.53,12,851.914631
-0.26,11,851.955849
-0.7,8,851.990331
1.43,10,852.029155
1.14,4,852.045717
1.14,4,852.059886
1.33,9,852.087011
1.14,4,852.101568
1.53,15,852.152013
-0.76,12,852.191563
-0.34,15,852.24086
-0.55,15,852.292257
1.61,10,852.32567
-0.55,13,852.373556
1.64,10,852.405853
1.54,12,852.44839
1.14,4,852.463689
1.37,9,852.49944
1.64,10,852.534762
1.14,4,852.554547
-0.6,12,852.597161
-0.65,10,852.629806
-0.76,8,852.660746
1.48,12,852.710934
1.54,9,852.742862
1.53,10,852.780421
1.63,12,852.827187
-0.47,10,852.907286
-0.76,12,852.959342
1.64,10,852.991125
-0.18,15,853.042166
1.39,10,853.131762
1.99,15,853.189014
-0.69,11,853.230191
1.37,9,853.260415
1.64,10,853.298344
1.53,10,853.332367
1.52,11,853.403139
-0.46,12,853.479065
-0.47,15,853.602149
1.6,11,853.67995
1.7,15,853.727948
1.39,14,853.777882
1.54,9,853.827424
1.76,12,853.893101
-0.74,10,853.921618
1.55,11,853.982466
-0.32,17,854.121029
1.32,12,854.222063
-0.7,9,854.294356
1.48,10,854.372884
1.27,11,854.467085
-0.35,15,854.52942
1.63,11,854.577812
1.5,10,854.664664
1.54,9,854.708103
-0.51,12,854.792752
-0.61,10,854.824805
1.66,10,854.857305
1.4,12,854.928522
1.69,11,855.001364
-0.91,10,855.063465
1.14,4,855.094708
-0.46,12,855.173688
-0.27,18,855.230706
1.48,9,855.260581
1.14,4,855.274954
1.58,13,855.322306
1.15,9,855.370093
-0.72,8,855.417583
1.14,4,855.447506
1.29,9,855.494479
1.54,9,855.523699
1.64,10,855.556077
1.56,13,855.603931
1.14,4,855.621548
1.14,4,855.647819
-0.55,13,855.750472
1.54,9,855.833536
-0.53,15,855.921102
1.34,10,855.989572
-0.64,11,856.063542
-0.75,8,856.123637
1.45,11,856.192682
1.54,9,856.27049
1.14,4,856.293233
1.7,16,856.383854
1.36,8,856.427688
1.64,10,856.462544
1.43,9,856.49253
-0.47,13,856.53321
1.69,11,856.604615
-0.65,8,856.644426
1.62,11,856.686284
1.51,11,856.729259
1.64,10,856.805028
-0.63,10,856.89473
1.54,9,856.962491
1.3,11,857.019845
-0.6,9,857.057708
1.46,11,857.118218
-0.55,10,857.183948
-0.57,13,857.254928
1.66,13,857.309594
1.54,11,857.347077
1.46,9,857.380167
-0.61,11,857.422136
1.53,10,857.458787
1.44,8,857.482541
1.64,10,857.514257
1.64,10,857.557639
1.14,4,857.593502
-0.56,12,857.658315
1.61,10,857.68728
1.4,10,857.731277
-0.23,14,857.783017
-0.61,12,857.830254
-0.73,12,857.873343
-0.09,16,857.940861
1.48,13,858.017652
1.53,10,858.050527
1.48,10,858.127096
-0.6,10,858.190786
1.59,12,858.232647
1.39,8,858.258794
1.42,10,858.303323
1.49,11,858.370614
1.14,4,858.405721
1.64,10,858.450243
-0.73,9,858.491633
-0.66,10,858.542636
1.59,10,858.593964
-0.31,15,858.656788
1.64,10,858.733347
1.14,4,858.76293
-0.61,8,858.805214
1.54,9,858.889005
-0.77,13,858.994743
1.14,4,859.013383
1.14,4,859.029469
-0.41,10,859.067637
1.54,9,859.108377
1.66,10,859.145964
-0.57,12,859.201518
-0.62,9,859.231679
1.64,10,859.267285
1.54,9,859.30072
1.61,10,859.372535
-0.23,13,859.435873
1.14,4,859.449314
1.36,11,859.490644
1.14,4,859.505069
1.85,14,859.596562
-0.6,13,859.673108
1.43,10,859.720996
1.47,11,859.8117
1.14,4,859.827905
1.35,9,859.857911
-0.46,9,859.888325
1.66,10,859.924309
1.14,4,859.936385
1.4,9,859.978698
1.64,10,860.060558
-0.49,14,860.196204
1.47,10,860.229811
-0.49,13,860.274553
1.74,11,860.308424
1.58,11,860.347212
1.59,10,860.382968
1.62,12,860.479752
1.69,11,860.584302
1.42,11,860.689041
1.14,4,860.713729
1.51,12,860.80221
1.62,13,860.858727
-0.33,12,860.954048
1.54,9,860.99867
-0.66,10,861.034706
-0.76,8,861.061527
-0.61,11,861.133429
2.05,15,861.208199
1.61,11,861.246057
1.43,9,861.276641
1.14,4,861.29403
-0.38,11,861.329835
-0.89,11,861.412866
-0.77,7,861.440429
1.64,10,861.516128
-0.68,9,861.602011
1.54,9,861.679554
1.14,4,861.708077
1.5,11,861.796949
-0.69,14,861.900585
1.61,10,861.968634
1.62,14,862.026278
-0.72,11,862.070235
-0.69,10,862.104981
1.52,11,862.144345
1.29,8,862.171153
1.14,4,862.217602
-0.57,10,862.262825
-0.68,13,862.303685
1.47,10,862.337706
1.72,15,862.449023
-0.54,12,862.498677
-0.57,9,862.520432
1.23,7,862.547032
-0.72,8,862.583651
1.14,4,862.597153
1.63,12,862.635203
1.38,12,862.715797
-0.38,15,862.838387
-0.32,12,862.925708
-0.4,10,862.958546
-0.37,15,863.01062
1.48,10,863.075763
-0.39,10,863.152148
1.51,10,863.239863
-0.68,9,863.333318
-0.45,14,863.398989
-0.73,12,863.46329
1.55,11,863.50982
-0.37,18,863.60435
-0.4,15,863.69279
-0.6,9,863.777183
1.48,10,863.83505
-0.66,7,863.866497
1.64,10,863.938908
1.63,11,863.983754
1.27,8,864.011705
1.64,10,864.05301
1.52,11,864.136588
-0.53,13,864.203357
-0.43,12,864.246299
1.63,11,864.329875
1.52,11,864.414936
1.14,4,864.426336
1.41,9,864.454555
-0.76,9,864.488642
-0.44,10,864.527909
-0.09,15,864.575406
-0.27,14,864.623735
1.67,12,864.665623
-0.46,9,864.738657
1.4,9,864.814445
-0.61,12,864.851512
1.55,13,864.895434
1.51,9,864.929418
1.54,9,864.965549
1.44,8,865.020367
-0.4,11,865.104769
1.43,9,865.199803
-0.6,13,865.253712
1.54,9,865.279147
1.51,9,865.306739
1.14,4,865.319752
-0.69,13,865.370579
1.14,4,865.38238
-0.51,14,865.425615
1.35,11,865.469235
-0.57,10,865.501901
-0.56,14,865.583248
-0.69,10,865.660875
1.54,9,865.752193
-0.39,13,865.832436
1.56,10,865.903266
1.53,10,865.941847
1.56,9,866.023
-0.64,12,866.086294
-0.45,10,866.120892
1.52,11,866.160812
1.54,10,866.259265
-0.23,14,866.350352
1.14,4,866.364066
-0.18,15,866.468614
-0.31,12,866.550277
1.53,10,866.59929
1.61,10,866.634641
1.55,10,866.672263
1.54,10,866.735954
1.64,10,866.76973
1.69,10,866.802809
-0.6,13,866.83931
-0.44,15,866.896739
1.54,9,866.930565
1.79,14,866.980779
1.14,4,866.993664
-0.7,9,867.02826
-0.24,13,867.076183
1.43,10,867.113424
1.14,4,867.12622
1.63,11,867.19127
-0.51,12,867.231929
1.5,11,867.266853
-0.45,16,867.320907
1.45,10,867.361056
1.36,13,867.411176
1.74,12,867.52004
1.51,13,867.576564
1.38,11,867.628274
-0.72,10,867.669286
1.64,10,867.702332
1.14,4,867.717329
1.53,10,867.7574
1.83,18,867.80945
1.54,9,867.844197
1.64,10,867.891447
1.54,12,867.937101
1.54,9,867.969074
1.54,9,867.996665
1.14,4,868.01365
1.58,11,868.05837
-0.45,15,868.118864
1.14,4,868.13212
1.66,10,868.193784
1.34,8,868.227168
1.53,10,868.265626
-0.42,11,868.303016
-0.72,11,868.341743
1.54,9,868.37951
1.64,10,868.412468
-0.62,9,868.444019
1.72,13,868.489726
1.53,10,868.52442
-0.71,10,868.562492
1.48,11,868.598466
-0.13,15,868.643466
1.64,10,868.6795
1.24,14,868.719825
-0.42,13,868.761135
1.14,4,868.775935
1.64,10,868.815413
1.38,12,868.889273
1.14,4,868.904037
-0.82,6,868.927756
-0.44,10,868.970274
-0.52,10,869.003881
1.14,4,869.018812
-0.84,9,869.05168
1.35,9,869.079737
1.54,9,869.108643
1.41,9,869.140656
1.44,8,869.17633
1.14,4,869.197542
1.54,9,869.226184
1.36,8,869.254485
1.68,16,869.315388
1.42,10,869.352859
-0.63,12,869.393421
1.56,13,869.438771
1.54,9,869.468854
-0.19,15,869.527487
1.39,9,869.602014
-0.6,10,869.644475
1.69,10,869.674418
1.54,9,869.707176
1.66,10,869.746409
-0.72,8,869.779275
1.48,13,869.826528
-0.67,7,869.850902
1.29,8,869.881092
1.55,10,869.917159
1.14,4,869.940953
1.81,13,870.051992
1.69,11,870.14921
-0.68,13,870.237599
1.54,9,870.26582
1.53,11,870.309631
1.28,8,870.353005
1.44,10,870.443733
-0.67,9,870.545722
-0.46,9,870.601867
1.54,9,870.629916
-0.26,17,870.705398
-0.81,11,870.738293
1.39,8,870.771493
1.32,9,870.806092
-0.35,15,870.884782
-0.4,16,871.016073
1.64,14,871.100102
-0.38,12,871.204037
-0.47,13,871.27231
1.14,4,871.285604
1.84,17,871.339227
-0.67,8,871.398922
1.14,4,871.435843
-0.71,12,871.550624
-0.61,8,871.633655
1.46,9,871.684472
1.54,9,871.736576
-0.78,10,871.82615
-0.23,15,871.904226
1.64,10,871.936298
1.64,10,871.974595
1.44,8,872.036903
-0.12,13,872.094815
-0.65,9,872.133008
1.14,4,872.145456
-0.49,9,872.176165
-0.35,17,872.237477
1.68,13,872.283929
-0.51,9,872.32014
1.44,8,872.348228
1.37,9,872.383878
-0.63,10,872.425169
-0.46,9,872.499728
1.59,10,872.583581
1.53,10,872.680606
-0.51,11,872.764632
1.48,10,872.799248
1.64,11,872.836474
-0.27,11,872.878761
-0.92,5,872.898608
-0.63,9,872.956395
-0.24,12,873.051875
1.42,10,873.140087
1.34,9,873.201763
-0.52,12,873.263637
1.69,11,873.320043
1.53,10,873.371874
1.54,9,873.448811
-0.79,6,873.504428
1.14,4,873.521723
-0.38,12,873.612818
1.54,9,873.649921
-0.37,16,873.703893
-0.51,12,873.745018
-0.51,12,873.790147
1.74,11,873.82871
1.54,9,873.89706
1.14,4,873.929691
1.54,9,874.009264
-0.84,9,874.048122
1.14,4,874.063387
-0.65,8,874.107146
1.45,11,874.198427
1.66,10,874.283993
-0.51,12,874.383445
1.64,10,874.42254
1.61,13,874.522203
1.28,8,874.566196
-0.71,6,874.61365
1.14,4,874.645395
-0.47,15,874.730225
-0.46,13,874.777158
1.44,12,874.817508
-0.67,11,874.874658
1.42,12,874.946426
-0.7,11,874.983249
1.44,8,875.013545
1.14,4,875.0293
-0.37,15,875.089529
-0.58,13,875.128744
1.54,9,875.162062
1.8,13,875.207798
1.48,10,875.273104
1.44,11,875.316828
-0.48,14,875.375772
-0.46,9,875.440763
1.54,9,875.517139
1.64,10,875.597306
-0.65,9,875.656497
1.54,9,875.694062
1.54,12,875.729482
1.69,11,875.764893
1.51,11,875.822067
1.14,4,875.836827
1.64,10,875.872686
1.69,10,875.978905
1.53,10,876.012327
-0.65,9,876.039718
1.58,11,876.075088
1.44,8,876.101602
1.67,13,876.139756
-0.56,13,876.185349
1.55,10,876.248941
-0.62,12,876.328416
1.53,10,876.389395
-0.98,5,876.428503
-0.44,14,876.489891
1.49,10,876.562075
1.14,4,876.592571
1.69,11,876.63242
-0.52,13,876.719141
1.64,10,876.798932
1.49,11,876.876257
1.45,10,876.958868
-0.73,8,877.037891
-0.74,14,877.099899
1.54,9,877.137576
1.64,10,877.217465
1.59,10,877.252639
1.14,4,877.265093
1.41,9,877.296789
-0.35,15,877.392675
-0.83,7,877.422402
1.43,10,877.506256
-0.85,9,877.59499
1.64,10,877.678423
1.46,9,877.772011
-0.57,10,877.860125
1.54,12,877.939191
1.77,16,878.001536
1.64,10,878.042522
1.54,9,878.073883
1.64,10,878.107316
1.48,10,878.143505
1.64,10,878.212631
-0.3,14,878.335211
1.54,9,878.403247
-0.35,11,878.493551
-0.29,13,878.586673
-0.41,10,878.641538
1.64,10,878.678965
-0.46,12,878.725408
1.66,10,878.764441
1.63,12,878.807046
1.45,11,878.846988
1.56,13,878.894838
-0.6,13,878.981926
1.43,9,879.057213
-0.72,13,879.162479
-0.6,14,879.253704
-0.44,13,879.300706
-0.45,11,879.341407
1.47,11,879.401802
-0.57,9,879.465512
1.79,12,879.511144
1.28,7,879.539425
1.47,11,879.584295
-0.45,11,879.668473
1.61,10,879.758388
1.35,8,879.832319
1.64,10,879.914919
1.66,10,879.95569
1.6,17,880.059957
1.14,4,880.074304
-0.95,5,880.107433
-0.73,11,880.192025
1.79,14,880.285529
1.49,9,880.362555
-0.49,14,880.475384
-0.62,9,880.557037
1.46,11,880.626075
-0.68,9,880.656923
-0.67,9,880.691759
-0.63,10,880.723338
1.53,10,880.787903
-0.19,18,880.85199
1.58,11,880.940656
-0.25,18,881.0868
1.55,10,881.172782
1.48,9,881.225177
-0.44,11,881.318198
-0.8,12,881.414444
-0.51,11,881.494566
1.64,10,881.525323
1.38,11,881.560662
-0.27,12,881.60818
1.54,9,881.642841
1.43,12,881.68224
1.64,10,881.76974
1.26,10,881.804179
-0.46,9,881.869235
1.64,10,881.909756
1.41,9,881.943371
1.54,9,881.974517
-0.3,18,882.038726
1.43,12,882.07952
1.14,4,882.106717
-0.57,12,882.187133
1.54,9,882.240569
-0.39,11,882.327792
1.58,11,882.364341
1.53,10,882.397569
-0.18,15,882.458889
1.14,4,882.472192
1.64,10,882.508221
-0.4,15,882.562823
1.41,12,882.605942
-0.62,12,882.693384
1.4,9,882.763882
1.75,14,882.883296
1.44,8,882.934935
1.32,9,883.010379
1.36,10,883.053344
-0.37,10,883.096075
1.19,7,883.157231
1.53,11,883.222054
1.54,9,883.258883
1.43,9,883.292351
-0.61,8,883.337785
1.63,11,883.423127
1.53,13,883.477087
-0.5,13,883.530138
1.66,12,883.578608
1.46,8,883.608711
1.48,9,883.638575
1.69,13,883.688664
-0.73,9,883.722956
-0.85,10,883.758539
1.37,10,883.800378
1.69,10,883.836025
1.55,11,883.876916
1.2,8,883.928888
1.82,13,884.037279
1.14,4,884.071949
1.59,10,884.160927
1.64,10,884.242072
1.44,8,884.30005
1.55,11,884.373083
1.67,15,884.429152
-0.6,10,884.495141
-0.49,14,884.597529
1.4,12,884.632448
1.44,14,884.704513
1.62,14,884.74493
1.54,9,884.778607
1.49,9,884.82001
1.43,12,884.865671
1.56,9,884.894504
1.64,10,884.929174
-0.77,10,884.963518
-0.23,17,885.047023
-0.63,12,885.131018
1.51,9,885.172284
-0.47,13,885.229905
1.14,4,885.250861
1.55,12,885.299839
1.64,10,885.335154
1.64,10,885.37638
1.46,9,885.410195
-0.47,15,885.461478
1.14,4,885.474447
1.37,10,885.501331
1.48,10,885.539135
1.64,10,885.593866
1.14,4,885.616855
-0.41,14,885.689009
-0.36,10,885.77756
2.13,16,885.875159
1.51,12,885.935292
1.59,11,886.036061
1.45,9,886.115762
1.54,9,886.187887
1.66,10,886.251406
1.4,10,886.320661
1.44,8,886.350195
-0.3,14,886.397456
1.69,10,886.429516
-0.29,13,886.482283
-0.47,14,886.522701
-0.69,11,886.561285
1.64,10,886.593732
-0.34,15,886.639386
1.14,4,886.670764
1.64,10,886.745043
-0.57,9,886.822562
1.46,11,886.890099
1.44,8,886.922579
1.46,12,886.968756
1.47,15,887.070613
1.33,11,887.182701
1.66,10,887.238747
1.48,10,887.269557
1.14,4,887.28075
-0.42,12,887.334572
-0.56,10,887.372765
1.48,10,887.408893
1.54,9,887.450638
1.48,9,887.522908
1.56,10,887.565341
1.14,4,887.581081
-0.27,13,887.636124
1.64,10,887.67163
1.55,11,887.724383
-0.65,9,887.778024
-0.51,12,887.820006
-0.51,9,887.854623
1.5,13,887.918389
1.53,10,888.012032
1.64,10,888.076613
1.66,12,888.175702
1.43,9,888.248711
1.44,8,888.276576
1.51,10,888.309714
-0.42,13,888.373752
-0.54,14,888.433255
1.61,12,888.48836
-0.64,10,888.550915
1.42,10,888.587078
1.41,9,888.626396
1.62,14,888.685495
-0.6,9,888.713354
1.69,14,888.775695
-0.47,19,888.902073
1.42,10,888.938517
-0.73,14,888.986463
-0.68,12,889.026905
-0.54,14,889.075293
1.56,13,889.110937
1.14,4,889.123597
1.64,10,889.156171
1.49,9,889.198818
-0.52,12,889.261765
1.49,12,889.302609
-0.75,10,889.336799
1.56,9,889.369796
1.48,10,889.405451
1.69,10,889.440671
-0.63,10,889.478542
-0.87,6,889.50198
1.27,11,889.542515
-0.47,14,889.596486
1.64,10,889.631435
-0.58,10,889.669549
-0.55,13,889.708264
-0.33,13,889.759611
1.14,4,889.776702
-0.31,14,889.827638
1.54,9,889.856073
-0.52,13,889.950539
1.58,10,890.029233
1.48,9,890.096009
1.14,4,890.133349
1.57,11,890.193066
1.14,4,890.20344
1.66,10,890.257395
1.53,10,890.342689
1.6,11,890.429303
-0.4,11,890.52759
1.14,4,890.567968
1.51,9,890.617754
-0.43,12,890.671261
1.35,9,890.703817
1.54,9,890.757009
-0.07,20,890.851633
1.54,12,890.907423
1.35,8,890.959816
1.43,9,890.997643
1.14,4,891.01336
1.57,13,891.052039
1.64,10,891.110929
-0.36,14,891.168578
-0.52,14,891.211954
-0.46,14,891.272924
-0.53,10,891.352875
1.48,11,891.443224
1.64,10,891.476728
1.66,10,891.511999
1.3,8,891.548561
1.56,9,891.597008
-0.42,11,891.698592
-0.45,14,891.812824
1.63,11,891.888603
1.64,10,891.965102
1.64,10,892.003676
1.53,10,892.045861
-0.28,14,892.11623
1.34,10,892.155255
-0.77,9,892.189009
-0.75,7,892.209126
-0.45,13,892.27283
1.52,15,892.314641
-0.51,9,892.347638
1.47,11,892.383301
-0.34,17,892.484453
1.64,10,892.523879
1.56,9,892.566783
1.27,9,892.608239
-0.3,14,892.668461
-0.41,11,892.712195
1.73,12,892.757756
1.55,10,892.791619
-0.65,12,892.841456
1.64,10,892.91099
1.53,10,892.993598
-0.7,9,893.074628
1.63,12,893.171113
-0.45,12,893.293811
1.69,10,893.351973
1.42,12,893.394901
1.42,14,893.456273
1.14,4,893.476675
1.33,8,893.50423
1.59,10,893.535374
1.76,13,893.579997
1.53,10,893.665718
1.62,17,893.739671
1.14,4,893.752643
1.35,11,893.796093
1.48,9,893.864948
-0.74,10,893.916812
-0.6,12,893.959776
1.44,10,893.986926
-0.81,11,894.026551
-0.73,9,894.053686
1.54,9,894.110089
1.47,11,894.165094
1.54,9,894.199485
-0.08,14,894.268028
1.53,10,894.328197
1.59,12,894.427469
1.42,11,894.482911
1.41,11,894.549453
1.53,10,894.591991
1.54,12,894.632934
1.44,8,894.66231
1.64,10,894.708014
1.55,11,894.750251
1.79,16,894.814995
1.45,11,894.878166
1.61,11,894.920554
1.43,9,894.952522
1.13,5,894.974997
1.56,10,895.011111
1.57,12,895.065155
-0.57,12,895.114325
1.63,11,895.16392
-0.39,12,895.218506
1.58,11,895.259041
-0.94,7,895.283452
1.32,11,895.331381
1.14,4,895.347658
-0.37,11,895.389831
1.47,11,895.437085
1.53,14,895.499404
-0.71,12,895.54446
-0.23,17,895.60298
1.61,12,895.648115
-0.62,9,895.686283
1.35,9,895.725847
1.13,5,895.747248
-0.27,13,895.792589
1.64,10,895.834283
-0.93,9,895.871024
1.5,11,895.920743
1.44,8,895.960086
-0.84,9,895.987818
1.68,10,896.026643
-0.24,13,896.079558
1.58,11,896.124025
-0.77,12,896.166871
1.53,10,896.210794
1.42,11,896.25126
-0.79,9,896.320151
1.47,11,896.374387
-0.5,10,896.419431
1.69,10,896.449948
1.61,13,896.502796
1.64,10,896.547033
1.69,10,896.61246
1.63,11,896.655101
1.14,4,896.676277
-0.46,9,896.718067
1.56,13,896.764932
-0.79,9,896.79978
1.82,14,896.848314
1.74,11,896.888489
1.59,14,896.932003
1.14,4,896.945982
-0.73,11,896.985689
-0.6,13,897.028719
1.54,9,897.099922
1.4,10,897.154903
-0.74,12,897.211962
1.46,9,897.252041
1.14,4,897.272924
1.66,11,897.315176
1.69,15,897.365806
1.14,4,897.379868
-0.55,17,897.473908
-0.65,12,897.51863
1.14,4,897.531843
-0.44,10,897.589733
1.32,15,897.650347
1.14,4,897.667707
1.33,8,897.720078
1.14,4,897.734549
-0.83,10,897.780927
1.59,10,897.813543
1.38,9,897.846145
-0.54,14,897.894212
1.48,10,897.931319
-0.42,15,897.996652
1.1,9,898.043296
1.47,10,898.077646
1.58,10,898.128781
1.47,10,898.161316
1.49,12,898.199245
1.44,8,898.260013
1.54,9,898.303092
1.18,7,898.336028
1.34,10,898.375334
-0.23,13,898.419605
-0.22,16,898.477329
1.85,12,898.525757
-0.71,9,898.567275
1.53,10,898.6131
1.17,7,898.638942
1.64,10,898.676951
-0.47,11,898.719052
-0.62,9,898.76042
1.66,10,898.795416
1.14,4,898.806081
-0.61,8,898.834225
1.55,11,898.874083
1.58,11,898.925231
1.64,10,898.97225
-0.72,9,899.008995
1.54,9,899.047138
-0.97,4,899.063931
1.43,9,899.121781
1.54,9,899.169622
1.52,12,899.219715
1.44,10,899.26043
1.53,10,899.300658
-0.42,11,899.362051
1.54,9,899.394876
-0.54,9,899.431776
1.56,13,899.477794
-0.06,14,899.523975
1.64,10,899.561306
1.51,13,899.61743
-0.66,12,899.662176
1.64,10,899.704627
-0.96,9,899.733876
1.64,10,899.771313
1.64,10,899.832709
-0.17,12,899.895715
1.54,9,899.925191
1.54,9,899.962193
-0.56,11,900.001187
-0.55,10,900.039786
1.4,9,900.068878
1.59,10,900.108418
1.65,11,900.14722
-0.5,15,900.200156
-0.2,17,900.299323
1.14,4,900.318122
1.49,9,900.344653
-0.41,12,900.390739
-0.58,11,900.43014
-0.56,11,900.472685
1.54,9,900.503179
-0.49,12,900.559664
1.64,10,900.643631
1.64,10,900.68276
-0.3,16,900.740545
1.64,10,900.810863
-0.83,11,900.847971
1.53,10,900.881706
-0.54,13,900.928059
1.14,4,900.941043
1.64,10,900.980829
1.56,9,901.018502
1.77,14,901.087263
1.66,11,901.156884
-0.46,15,901.204617
1.41,12,901.245965
1.65,11,901.285524
1.64,10,901.315435
1.45,11,901.358876
1.14,4,901.376939
1.47,11,901.420474
1.14,4,901.433781
1.43,9,901.462323
-0.77,10,901.536785
1.66,10,901.611494
1.64,10,901.658795
1.54,10,901.70846
1.14,4,901.730002
-0.4,11,901.774229
1.47,11,901.815441
1.47,10,901.854121
1.31,10,901.890537
-0.42,14,901.9603
1.75,13,902.066238
-0.61,10,902.145858
1.41,13,902.216224
1.42,11,902.259001
-0.35,17,902.31247
1.64,10,902.349447
-0.23,17,902.492215
-0.27,12,902.556903
-0.54,11,902.637034
-0.59,12,902.678482
1.53,10,902.752183
1.52,15,902.804302
1.34,10,902.836044
-0.37,14,902.889588
-0.54,11,902.927391
-0.61,14,902.976736
-0.42,17,903.081879
-0.53,15,903.17883
1.7,13,903.221553
1.44,11,903.272507
1.54,9,903.302227
-0.36,10,903.339493
-0.31,18,903.402974
1.54,9,903.429825
1.53,10,903.467478
-0.83,9,903.50199
1.37,9,903.532423
-0.08,20,903.593693
1.54,9,903.627721
1.86,15,903.687624
1.53,11,903.763523
1.38,9,903.824475
1.65,12,903.873075
-0.85,9,903.947635
1.49,11,904.027522
1.5,10,904.099938
1.54,9,904.144278
1.35,9,904.174847
1.61,11,904.217062
1.64,10,904.252432
-0.73,14,904.29377
-0.56,11,904.363722
-0.85,9,904.40345
-0.68,13,904.446686
1.64,10,904.523788
1.66,11,904.571655
1.14,4,904.587102
1.54,11,904.623187
-0.4,14,904.677875
1.63,12,904.756104
1.53,10,904.819846
1.14,4,904.833258
1.14,4,904.851906
1.4,10,904.889994
1.59,10,904.929925
1.38,11,904.971394
1.4,10,905.004646
1.64,10,905.038892
-0.74,12,905.081289
1.14,4,905.109046
-0.58,12,905.161165
-0.87,8,905.190669
-0.53,11,905.231784
-0.5,15,905.301991
-0.1,14,905.389835
1.53,10,905.475913
1.63,11,905.520657
1.47,11,905.559328
1.14,4,905.577433
-0.37,12,905.624504
-0.68,12,905.693723
1.49,12,905.734132
1.74,11,905.770331
1.58,10,905.816027
1.14,4,905.844418
-0.57,12,905.897604
1.58,11,905.944144
-0.47,14,905.997447
1.14,4,906.022415
1.59,10,906.064899
-0.45,15,906.109709
1.64,10,906.137922
1.51,11,906.184592
-0.03,18,906.246537
1.54,9,906.278036
-0.5,14,906.319916
-0.42,15,906.373352
-0.47,17,906.426714
1.52,11,906.466155
-0.74,9,906.497235
1.69,14,906.546751
-0.31,16,906.594015
-0.43,12,906.641334
-0.9,5,906.661646
1.14,4,906.679565
-0.06,17,906.729026
1.54,9,906.761316
1.66,10,906.815851
-0.53,12,906.88346
-0.67,10,906.921783
1.77,14,906.967537
1.56,9,907.007035
-0.73,12,907.068329
1.43,12,907.119375
-0.88,7,907.179808
1.64,10,907.218813
-0.7,12,907.315541
-0.72,13,907.36059
-0.38,15,907.405587
1.42,11,907.44601
1.58,11,907.485612
1.14,4,907.49511
1.61,10,907.53139
1.3,11,907.605298
1.5,15,907.712391
-0.17,14,907.763623
1.41,11,907.797147
1.47,10,907.836673
1.53,10,907.872026
-0.56,14,907.948818
-0.56,13,908.022926
-0.7,8,908.059299
1.54,9,908.092029
1.54,9,908.127006
-0.79,9,908.192542
1.45,12,908.246979
1.47,10,908.279653
1.32,9,908.319263
1.42,11,908.356762
1.64,10,908.390917
-0.53,10,908.426752
1.37,10,908.47068
-0.4,14,908.567216
1.35,9,908.621056
-0.36,10,908.663728
-0.63,11,908.709965
1.38,11,908.782603
-0.54,11,908.815483
1.44,11,908.857599
1.65,11,908.93006
1.64,10,908.962882
1.51,9,908.995824
-0.71,13,909.049992
1.44,8,909.075922
-0.81,8,909.113424
1.74,11,909.149391
1.51,12,909.193094
1.29,9,909.220279
-0.73,9,909.247778
1.2,10,909.289564
-0.35,15,909.339292
-0.48,12,909.382575
-0.59,11,909.416223
1.61,11,909.452203
1.66,10,909.488161
1.63,12,909.532393
1.63,11,909.618844
1.14,4,909.647541
1.44,11,909.738062
1.67,13,909.789074
-0.48,12,909.833641
-0.65,11,909.869776
-0.61,11,909.913823
1.38,9,909.946584
1.49,12,909.98618
1.58,11,910.020516
1.43,9,910.049453
1.14,4,910.061028
-0.68,9,910.089006
-0.7,11,910.12291
1.43,9,910.15726
-0.64,10,910.196579
1.64,11,910.237822
1.58,12,910.279201
1.14,4,910.297791
1.42,8,910.324848
1.74,11,910.365376
1.23,9,910.392696
1.69,11,910.433218
-0.68,10,910.467513
1.14,4,910.480075
1.54,9,910.525897
1.34,9,910.578454
1.66,10,910.646919
1.83,13,910.695086
-0.56,14,910.735601
1.44,8,910.770491
-0.54,14,910.81789
1.14,4,910.835133
-0.27,14,910.883345
1.59,10,910.953826
-0.56,12,911.000742
1.43,11,911.04172
-0.69,10,911.111959
1.58,11,911.164437
-0.78,7,911.192201
-0.44,14,911.233939
1.61,10,911.267159
1.54,9,911.301558
-0.61,14,911.353978
1.37,10,911.422017
-0.85,6,911.47276
-0.55,11,911.557114
1.42,10,911.606652
1.64,10,911.641547
1.68,10,911.727098
-0.66,9,911.795073
-0.22,15,911.846228
-0.31,12,911.898527
1.54,9,911.932878
-0.39,11,912.021055
-0.88,7,912.070637
1.54,9,912.114385
1.14,4,912.133735
-0.79,10,912.207354
1.44,15,912.314509
-0.34,14,912.418769
-0.55,10,912.459988
1.64,10,912.536715
1.44,14,912.657866
1.59,10,912.718826
-0.55,14,912.807462
-0.63,10,912.847134
1.44,8,912.879664
1.26,9,912.947322
1.34,10,913.002835
1.65,17,913.05439
-0.72,8,913.081621
-0.79,10,913.124442
-0.86,10,913.156966
-0.54,11,913.231314
-0.9,9,913.288614
1.46,12,913.347583
1.36,13,913.458551
1.14,4,913.494467
-0.43,12,913.563869
1.6,13,913.62199
1.62,14,913.662894
1.14,4,913.683772
1.56,11,913.737434
1.48,9,913.783851
-0.84,8,913.84551
-0.56,12,913.957472
-0.69,10,914.034485
1.54,9,914.109529
-0.59,12,914.151442
-0.81,7,914.179926
1.32,12,914.236358
-0.81,11,914.31176
1.64,10,914.391833
1.66,11,914.49987
-0.87,8,914.561524
1.14,4,914.591472
1.69,11,914.691293
1.53,10,914.734053
-0.62,10,914.798225
1.52,12,914.858729
-0.67,8,914.888211
1.14,4,914.906812
1.14,4,914.918875
-0.37,19,914.982476
1.37,10,915.015176
-0.61,13,915.098464
1.49,11,915.197576
-0.74,10,915.268615
1.48,10,915.2975
1.85,13,915.345592
-0.63,13,915.388327
1.64,10,915.425216
1.74,11,915.461347
1.64,10,915.498269
1.26,10,915.532575
1.64,10,915.565856
-0.5,10,915.600044
1.14,4,915.619767
-0.55,10,915.68102
1.45,9,915.751293
-0.54,13,915.812666
1.38,11,915.849454
1.64,10,915.888052
1.53,10,915.915804
1.36,8,915.94534
-0.68,9,915.986165
1.56,13,916.029716
1.47,10,916.075517
-0.36,10,916.157441
-0.64,11,916.264271
-0.36,13,916.370987
1.63,11,916.447648
1.42,10,916.530166
-0.99,6,916.585677
-0.63,14,916.653329
1.45,10,916.688324
1.66,10,916.721552
1.66,10,916.785877
1.64,10,916.867389
-0.66,7,916.900179
1.41,12,916.944391
-0.55,11,916.99194
1.48,10,917.030772
1.56,9,917.063536
-0.52,10,917.099286
-0.72,11,917.143507
-0.6,12,917.188833
1.61,11,917.222993
1.53,10,917.259356
-0.37,11,917.300579
-0.67,11,917.334601
1.14,4,917.347116
1.14,4,917.372773
-0.25,16,917.466839
1.55,12,917.547699
1.69,16,917.615515
1.14,4,917.630821
1.64,10,917.684177
1.69,10,917.73677
1.44,8,917.784528
-0.32,12,917.827352
1.67,12,917.891544
-0.74,12,917.937953
1.47,10,918.008328
-0.53,10,918.081465
-0.39,13,918.129126
1.49,15,918.170488
1.14,4,918.187598
1.48,10,918.221114
1.53,11,918.262559
-0.43,13,918.312046
1.61,15,918.363161
-0.67,8,918.404754
1.37,9,918.471284
1.64,10,918.557345
-0.24,13,918.650068
1.64,10,918.678949
1.51,12,918.724616
-0.33,14,918.76751
1.71,11,918.802969
1.64,10,918.835368
1.53,12,918.89198
1.53,10,918.969899
1.64,10,919.056364
1.66,10,919.097984
1.51,10,919.14896
-0.92,11,919.245218
1.35,12,919.34249
1.14,4,919.378279
-0.59,11,919.450848
1.54,13,919.493448
-0.66,11,919.531077
1.51,9,919.564304
-0.57,14,919.650357
-0.68,9,919.729741
-0.96,9,919.781253
1.69,10,919.822036
-0.62,15,919.867914
1.64,10,919.924672
1.54,12,920.004667
-0.49,11,920.034581
-0.33,17,920.155555
1.64,10,920.203599
-0.39,11,920.239823
-0.64,8,920.26978
1.52,15,920.31653
1.35,9,920.346218
1.14,4,920.363037
-0.41,14,920.422931
1.14,4,920.445276
-0.63,9,920.478398
1.14,4,920.493916
1.33,8,920.540178
1.43,10,920.604087
1.64,10,920.641766
-0.71,12,920.686266
1.75,13,920.736554
-0.45,16,920.793583
-0.48,18,920.848285
1.53,10,920.885271
1.66,10,920.916414
1.64,10,920.956913
-0.87,6,920.977839
1.14,4,920.991137
-0.68,9,921.018224
1.54,9,921.059575
1.67,14,921.1062
1.4,13,921.143905
1.38,9,921.178937
1.64,10,921.214425
1.64,10,921.254359
1.41,11,921.293226
1.44,8,921.364693
-0.69,10,921.424878
1.48,9,921.45268
1.64,10,921.522969
1.54,9,921.575513
1.41,11,921.617837
1.64,10,921.652942
-0.4,14,921.698169
1.67,11,921.733414
-0.88,7,921.759947
1.58,14,921.811452
-0.64,10,921.850136
1.51,13,921.894505
1.44,10,921.93405
1.64,10,921.976885
1.63,11,922.014347
1.54,9,922.043817
-0.25,16,922.104325
1.54,9,922.135647
1.56,9,922.168235
1.14,4,922.188867
1.65,11,922.239223
1.79,13,922.286504
-0.28,14,922.338892
-0.72,8,922.387492
-0.47,14,922.444364
-0.67,10,922.478905
-0.68,9,922.519745
1.14,4,922.536375
1.52,11,922.648468
-0.81,5,922.686555
1.51,10,922.718776
1.36,8,922.743443
1.57,12,922.799254
1.43,10,922.882659
1.14,4,922.921707
1.54,9,922.978909
1.54,9,923.020388
1.46,9,923.050408
-0.41,12,923.088403
1.44,8,923.116138
1.14,4,923.132052
1.66,10,923.164582
1.78,14,923.235862
1.71,15,923.299757
1.58,11,923.33901
-0.64,10,923.371477
1.54,9,923.404682
1.14,4,923.418608
1.66,10,923.456872
-0.35,12,923.543415
-0.46,11,923.587108
1.14,4,923.59871
1.69,11,923.640593
-0.68,9,923.673119
-0.97,4,923.688111
1.64,10,923.71904
1.14,4,923.744183
1.42,10,923.809963
-0.29,14,923.903739
1.62,12,924.002736
1.64,10,924.093737
1.66,10,924.156682
-0.71,7,924.189678
1.43,9,924.22102
1.65,12,924.261842
1.43,9,924.296137
1.64,10,924.327857
-0.44,13,924.376919
-0.63,10,924.417607
-0.57,9,924.461857
1.61,10,924.503327
-0.89,10,924.542448
1.52,11,924.586719
1.54,9,924.621686
1.63,11,924.663135
-0.54,12,924.705258
1.31,10,924.73982
-0.39,11,924.783242
-0.66,7,924.805186
-0.48,11,924.8444
-0.48,14,924.893981
-0.44,14,924.937891
-0.66,13,924.994476
1.48,9,925.063421
1.14,4,925.081505
1.64,10,925.149949
-0.47,15,925.235707
-0.48,11,925.294773
1.29,7,925.340673
1.54,9,925.376873
1.14,4,925.389503
-0.53,10,925.428522
1.39,11,925.470983
1.14,4,925.487964
1.53,10,925.517847
1.53,10,925.544049
1.66,11,925.585246
-0.67,12,925.67284
-0.77,7,925.735217
-0.73,8,925.79913
-0.56,8,925.832561
1.14,4,925.844989
1.14,4,925.857857
-0.46,10,925.900811
1.42,10,925.941375
1.44,8,925.973714
-0.41,16,926.104794
1.64,10,926.192708
1.4,10,926.280784
1.32,9,926.314892
1.57,13,926.35727
1.64,10,926.408143
1.42,10,926.49181
1.14,4,926.522195
-0.42,16,926.659285
1.53,10,926.704426
1.66,10,926.739117
1.54,9,926.7692
1.51,9,926.799504
-0.64,11,926.839515
-0.58,14,926.887215
1.48,11,926.927029
-0.65,15,926.973782
1.44,10,927.00769
-0.5,13,927.07696
1.56,10,927.163663
1.64,10,927.218524
1.48,15,927.265133
-0.69,10,927.312763
1.34,10,927.345572
1.51,12,927.395276
-0.5,10,927.481026
-0.67,9,927.542141
1.74,11,927.590699
1.45,10,927.673947
1.34,8,927.735707
-0.59,11,927.817525
-0.54,15,927.871979
1.74,11,927.91779
1.38,9,927.964508
1.7,13,928.009199
1.69,11,928.052977
1.54,9,928.086293
1.42,11,928.127188
1.84,18,928.267894
-0.65,13,928.335306
-0.66,10,928.367952
-0.78,9,928.397153
1.54,9,928.464322
-0.56,11,928.545391
-0.28,12,928.59199
1.52,14,928.67012
1.44,10,928.723543
-0.53,11,928.813495
1.64,10,928.89869
1.71,11,928.968249
-0.57,9,928.999693
1.54,9,929.032311
1.63,11,929.071052
1.6,11,929.11005
-0.37,13,929.160192
-0.44,10,929.195935
-0.56,11,929.239025
1.46,12,929.278553
1.64,10,929.312935
-0.69,9,929.345334
-0.56,15,929.395426
-0.61,13,929.447756
1.37,10,929.547244
-0.68,11,929.617097
-0.47,14,929.666664
1.53,10,929.723464
1.32,12,929.777657
-0.63,9,929.814235
-0.72,8,929.841572
1.61,10,929.879051
-0.98,5,929.907554
1.63,11,929.941382
-0.63,9,929.97625
1.47,11,930.013087
-0.72,7,930.043968
-0.13,14,930.098234
-0.51,17,930.198492
1.89,15,930.289959
1.5,13,930.374984
-0.29,18,930.486319
1.54,9,930.519364
-0.46,9,930.552818
1.66,10,930.588516
1.14,4,930.605475
-0.47,10,930.647514
1.41,9,930.677131
1.53,10,930.714075
1.64,10,930.744901
1.14,4,930.758318
1.69,10,930.794312
1.61,11,930.83175
-0.54,15,930.880794
1.61,10,930.915128
1.43,9,930.946274
1.32,13,930.989571
1.48,10,931.024592
1.32,9,931.050777
1.47,11,931.090752
-0.78,8,931.122695
1.66,16,931.207806
1.38,11,931.288773
-0.48,15,931.425703
-0.4,18,931.49204
1.64,10,931.521974
-0.34,14,931.614568
-0.83,7,931.633241
1.32,9,931.678835
-0.56,12,931.720582
-0.71,9,931.766542
1.59,10,931.843327
1.53,10,931.914985
1.71,10,932.008789
1.51,10,932.098273
-0.63,12,932.153786
-0.83,8,932.214343
1.39,11,932.289953
1.62,12,932.357393
1.54,10,932.388933
1.59,10,932.426924
1.44,14,932.470381
1.66,10,932.506817
1.66,10,932.53397
1.64,10,932.594154
-0.59,12,932.667578
-0.59,13,932.709297
1.14,4,932.726974
-0.57,12,932.799447
1.44,8,932.865687
1.54,9,932.948331
1.44,8,933.015838
1.64,10,933.126707
1.54,9,933.16031
1.48,10,933.188106
-0.78,8,933.218242
-0.1,19,933.329436
-0.45,10,933.364875
1.14,4,933.377336
1.55,10,933.409074
1.38,11,933.460876
1.63,11,933.497739
-0.24,15,933.547025
1.67,13,933.626417
-0.36,13,933.715448
1.48,12,933.809927
-0.65,9,933.868685
1.41,9,933.901207
-0.86,5,933.921095
1.58,11,933.958539
1.68,10,934.034703
-0.62,14,934.09281
1.4,14,934.147194
-0.48,12,934.192382
1.54,9,934.221251
-0.6,11,934.262311
1.27,9,934.296917
-0.16,13,934.33772
-0.57,9,934.372992
1.47,10,934.42818
-0.5,16,934.530599
1.29,9,934.564431
1.34,7,934.609233
-0.58,13,934.724336
1.48,10,934.8171
1.14,4,934.841273
1.61,10,934.880938
-0.37,11,934.921875
1.14,4,934.93725
1.74,11,934.978523
-0.55,10,935.013126
1.57,13,935.062326
-0.44,16,935.11675
-0.74,10,935.149265
1.29,9,935.179558
-0.56,11,935.255894
1.76,15,935.369669
1.8,15,935.422473
1.66,11,935.458906
-0.53,11,935.506028
-0.66,11,935.553731
1.47,11,935.625998
1.64,10,935.711238
1.71,13,935.797664
1.41,9,935.878225
-0.47,13,935.928768
1.53,10,935.964879
-0.35,13,936.018493
-0.7,9,936.051679
-0.49,17,936.102532
-0.62,9,936.133517
-0.46,9,936.166784
-0.38,12,936.2095
1.79,11,936.245343
1.54,9,936.27769
1.64,10,936.31101
1.24,9,936.352596
1.14,4,936.366028
1.23,7,936.393327
-0.54,14,936.443751
-0.46,16,936.53689
1.66,10,936.577089
1.55,10,936.613082
-0.59,13,936.665939
1.66,10,936.734034
1.56,13,936.820644
1.74,11,936.891911
0.0,17,937.030849
1.56,9,937.070908
1.64,10,937.13887
-0.73,9,937.218445
1.14,4,937.257156
1.53,10,937.323099
1.53,10,937.356822
-0.63,10,937.409224
1.56,9,937.482203
-0.75,10,937.527498
1.24,8,937.557905
1.14,4,937.570908
-0.6,12,937.620371
1.22,8,937.655393
-0.46,9,937.688544
1.74,11,937.725247
-0.78,8,937.75462
1.61,17,937.811471
1.14,4,937.824804
1.53,10,937.860648
-0.62,14,937.909644
1.34,10,937.947632
-0.42,15,937.994871
1.14,4,938.006892
-0.73,12,938.051258
0.1,19,938.120541
1.54,9,938.168908
-1.06,7,938.211449
1.14,4,938.227728
1.41,9,938.266604
-0.17,16,938.370997
1.14,4,938.402392
1.66,10,938.452689
1.26,10,938.489533
1.5,11,938.563425
1.14,4,938.584559
-0.56,13,938.662271
1.48,13,938.723217
1.64,10,938.757849
1.55,10,938.793021
1.56,12,938.832718
1.53,12,938.869899
1.54,9,938.900502
1.63,11,938.976323
1.57,11,939.02431
1.42,11,939.068718
-0.82,7,939.095955
1.35,9,939.128734
-0.33,13,939.215128
1.53,10,939.311528
1.74,11,939.389902
1.55,10,939.473077
1.24,9,939.523391
-0.66,10,939.608173
1.54,9,939.676633
1.6,11,939.718178
1.83,14,939.766878
-0.08,14,939.823174
-0.47,12,939.885854
1.53,10,939.960662
1.44,8,940.0073
1.49,9,940.049479
1.23,7,940.069239
-0.77,9,940.108673
-0.35,13,940.156106
1.14,4,940.180134
-0.65,8,940.214597
1.63,11,940.250405
-0.64,14,940.35948
1.88,12,940.422208
1.52,13,940.466273
-0.67,8,940.493593
1.58,13,940.589807
1.14,4,940.606642
1.14,4,940.622336
-0.46,9,940.654147
-0.55,13,940.704102
-0.25,16,940.813854
1.47,10,940.897269
1.14,4,940.921018
-0.6,10,940.998307
1.54,9,941.034137
1.45,10,941.071456
1.28,8,941.097573
1.5,11,941.138266
1.71,13,941.190739
-0.56,12,941.240439
1.44,8,941.290534
-0.84,10,941.344316
1.57,12,941.41431
-0.53,12,941.480851
1.14,4,941.511332
1.54,9,941.595746
1.64,10,941.657696
1.47,10,941.72508
-0.55,14,941.846774
1.47,11,941.933429
-0.57,10,941.974455
-0.37,10,942.01187
1.64,10,942.041356
1.56,13,942.133031
1.51,10,942.223792
1.4,9,942.266947
1.72,13,942.308291
1.39,8,942.357136
1.14,4,942.374224
1.56,13,942.442224
1.59,10,942.478474
-0.6,12,942.522059
1.44,8,942.555361
-0.84,8,942.58479
-0.27,14,942.633738
-0.45,17,942.690458
-0.58,10,942.72999
1.14,4,942.746257
1.65,12,942.789098
1.46,11,942.865909
1.51,9,942.937295
1.43,9,942.983538
-0.45,16,943.044047
-0.26,14,943.08938
1.14,4,943.104753
1.53,10,943.153037
-0.64,10,943.235245
1.64,10,943.310129
-0.59,11,943.36717
1.64,10,943.397803
1.49,9,943.435062
-0.47,13,943.524558
-0.55,10,943.614084
-0.41,14,943.722277
-0.87,11,943.794599
1.6,15,943.88657
-0.7,12,943.934275
1.52,11,943.975875
1.46,9,944.027498
-0.39,17,944.117127
-0.34,12,944.161023
1.14,4,944.176714
1.63,11,944.21597
1.14,4,944.229032
-0.37,12,944.278877
1.53,10,944.31452
-0.83,7,944.34841
-0.71,13,944.449317
1.3,9,944.526733
-0.25,16,944.654741
1.41,11,944.693199
-0.7,8,944.724369
1.54,9,944.761063
1.74,11,944.795254
-0.4,15,944.846353
-0.49,13,944.888668
-0.81,11,944.969842
1.46,9,945.007276
1.51,10,945.038992
1.56,9,945.070181
-0.52,13,945.124831
1.14,4,945.141553
1.29,10,945.173
1.5,10,945.228719
-0.4,12,945.265651
-0.55,12,945.306791
-0.56,17,945.398729
-0.26,11,945.448131
-0.43,14,945.527524
1.54,9,945.591914
1.54,9,945.634241
-0.42,13,945.678967
1.2,11,945.719229
1.14,4,945.731797
-0.71,9,945.764467
-0.72,8,945.793731
1.62,12,945.844703
1.59,13,945.88704
-0.69,10,945.923119
-0.46,9,945.951048
-0.29,14,945.997162
1.64,10,946.048919
1.29,12,946.097144
1.63,11,946.133861
1.5,10,946.170774
1.64,10,946.209889
-0.5,11,946.292808
-0.66,11,946.337648
1.46,10,946.380734
1.64,10,946.410536
1.53,10,946.446253
1.43,9,946.481744
1.44,8,946.550117
-0.33,12,946.635913
-0.63,10,946.727391
1.14,4,946.757054
1.56,9,946.839238
-0.23,14,946.954603
1.46,9,946.992614
1.63,11,947.037609
1.46,9,947.074807
1.59,10,947.117884
-0.76,12,947.162383
1.66,15,947.228719
1.5,10,947.30063
-0.45,10,947.34464
1.77,13,947.389386
-0.7,12,947.433208
1.56,12,947.485715
-0.58,11,947.561377
-0.73,9,947.615596
-0.36,13,947.662993
-0.46,15,947.766103
1.52,12,947.808014
-0.26,14,947.917956
1.49,12,948.022112
-0.47,12,948.090029
-0.43,13,948.176722
1.42,10,948.256817
-0.56,9,948.326854
1.73,12,948.376785
1.63,11,948.413197
-0.62,14,948.504156
-0.29,15,948.554585
-0.41,15,948.617005
1.38,9,948.644521
1.55,10,948.682359
-0.78,8,948.714592
-0.67,8,948.747799
-0.35,15,948.803683
1.69,10,948.838159
-0.51,13,948.899897
1.53,10,948.998476
-0.55,13,949.110545
1.38,11,949.196833
1.54,12,949.295836
-0.6,13,949.42256
1.64,10,949.463783
1.14,4,949.478942
1.31,10,949.508233
1.14,4,949.527614
-0.44,13,949.589525
-0.4,11,949.686598
-0.61,10,949.785616
1.14,4,949.816469
1.54,9,949.854884
1.56,9,949.896596
1.54,9,949.976181
1.61,13,950.095808
1.53,10,950.158193
1.73,14,950.257684
1.46,8,950.317567
1.64,10,950.362852
-0.46,9,950.399085
1.64,10,950.433329
1.49,10,950.470413
1.26,9,950.541912
1.6,11,950.58771
-0.38,16,950.64187
-0.43,16,950.70209
-0.64,11,950.746201
-0.38,12,950.792364
1.74,15,950.895696
1.14,4,950.934998
1.14,4,950.97678
1.32,12,951.05096
-0.78,8,951.074371
-0.28,13,951.119051
1.87,16,951.212073
-0.78,13,951.266844
-0.64,11,951.303348
1.64,10,951.343058
1.35,9,951.385087
-0.44,16,951.517646
1.64,10,951.613828
1.33,11,951.714672
1.78,12,951.826896
1.68,11,951.87465
1.65,12,951.986617
1.54,9,952.031018
1.5,10,952.120533
1.35,8,952.187297
1.58,15,952.241631
-0.62,9,952.276134
1.47,10,952.318893
1.56,11,952.361449
1.66,10,952.400873
-0.5,10,952.441481
1.55,10,952.483169
1.56,12,952.530455
1.44,14,952.622933
-0.49,13,952.659746
-0.13,16,952.716324
-0.25,17,952.798764
-0.36,16,952.872684
1.46,10,952.931207
-0.41,13,953.026033
-0.39,13,953.061339
-0.79,9,953.093987
1.14,4,953.108143
1.31,10,953.146343
1.57,12,953.187485
1.14,4,953.200655
1.68,12,953.249824
1.12,6,953.304942
1.39,9,953.355014
-0.56,12,953.399338
-0.46,9,953.445692
-0.42,14,953.564023
1.73,12,953.674641
1.56,11,953.714082
1.29,9,953.747601
1.14,4,953.763273
1.49,9,953.795457
1.51,10,953.831488
1.64,10,953.874545
1.14,4,953.891229
1.58,15,953.94287
1.42,10,953.98896
1.14,4,954.000535
1.14,4,954.012651
1.54,9,954.040194
1.48,10,954.070115
1.43,10,954.103617
-0.03,17,954.163206
1.43,9,954.189718
1.46,12,954.258753
-0.63,13,954.32323
-0.78,8,954.375961
1.48,10,954.421535
1.14,4,954.435315
-0.55,14,954.480894
-0.54,11,954.525106
1.58,10,954.563481
1.64,10,954.629153
-0.65,15,954.682694
1.6,12,954.72431
1.66,10,954.7566
-0.58,10,954.793409
-0.5,11,954.83612
-0.61,9,954.874323
1.14,4,954.926517
-0.64,11,954.977799
-0.44,11,955.017659
1.5,11,955.071048
1.79,14,955.144576
1.4,10,955.227669
-0.34,15,955.312916
1.74,14,955.42571
1.41,9,955.45593
-0.55,12,955.496555
1.57,11,955.537617
-0.52,10,955.578206
1.54,9,955.640104
1.48,13,955.695205
1.14,4,955.708399
-0.46,9,955.740498
-0.77,7,955.768715
-0.54,12,955.814321
-0.21,16,955.865457
1.85,14,955.917081
-0.76,6,955.936939
1.54,10,955.97232
1.48,10,956.00248
1.64,10,956.04178
1.64,10,956.074231
1.63,15,956.126565
1.14,4,956.138934
1.7,11,956.179619
1.26,10,956.214558
1.56,10,956.2488
1.44,8,956.293396
1.42,10,956.361354
1.72,14,956.410115
-0.85,9,956.481446
1.71,11,956.565524
1.34,10,956.606582
-0.66,11,956.640068
1.63,11,956.686873
1.43,9,956.732334
1.66,10,956.772804
-0.59,8,956.800991
-0.31,17,956.857366
1.53,11,956.893759
1.44,11,956.940697
1.45,10,956.983886
1.33,8,957.009559
1.33,14,957.060874
-0.42,12,957.105023
-0.36,13,957.148064
1.64,10,957.181206
1.86,17,957.240064
-0.41,10,957.284719
-0.4,17,957.359368
-0.48,12,957.456698
-0.88,7,957.494167
-0.34,14,957.554069
1.64,10,957.636234
1.69,11,957.730504
-0.39,14,957.847842
1.35,9,957.88883
-0.36,14,957.940692
-0.16,14,957.99812
-0.72,10,958.038562
1.14,4,958.05417
-0.44,17,958.113994
1.6,11,958.149906
-0.49,13,958.193234
-0.46,9,958.237216
-0.34,14,958.283348
-0.44,11,958.349937
1.63,11,958.418251
1.53,10,958.483387
-0.65,9,958.520528
1.53,11,958.572476
1.6,11,958.634918
-0.78,11,958.676232
1.14,4,958.689307
1.54,9,958.719111
1.58,11,958.757367
-0.55,10,958.831934
1.44,10,958.91464
-0.46,15,959.041701
-0.61,8,959.096237
1.33,10,959.176052
1.42,10,959.213233
-0.33,17,959.270309
1.6,11,959.310372
1.14,4,959.341662
1.64,10,959.416424
1.14,4,959.440048
1.54,9,959.486942
1.14,4,959.503707
-0.46,9,959.534255
-0.56,11,959.573366
1.14,4,959.589667
1.74,11,959.63915
-0.67,14,959.685016
1.68,10,959.715718
-0.28,15,959.79481
-0.63,9,959.838268
-0.19,16,959.887673
1.66,10,959.927457
-0.5,14,959.975881
1.18,6,960.003141
1.69,13,960.043238
1.6,15,960.090326
-0.39,14,960.175286
1.54,9,960.208583
1.44,8,960.242269
1.66,12,960.283223
1.21,9,960.323442
-0.83,7,960.381118
1.72,15,960.452447
1.44,8,960.475178
-0.5,10,960.524285
-0.63,11,960.566211
-0.39,16,960.616424
1.64,11,960.655737
-0.56,11,960.697709
-0.36,14,960.810479
-0.39,12,960.916244
-0.65,11,960.984446
1.63,11,961.024453
-0.54,9,961.057765
1.66,11,961.093111
1.14,4,961.111378
1.88,17,961.1686
1.61,10,961.209435
1.54,9,961.239088
1.41,12,961.278086
1.66,10,961.353837
-0.47,12,961.405887
-0.2,11,961.443389
-0.89,8,961.478066
1.88,17,961.599175
1.32,9,961.685122
1.63,12,961.783312
-0.56,12,961.835046
1.67,13,961.921566
1.68,14,962.027203
1.66,10,962.057343
1.32,8,962.090012
1.31,10,962.131347
-0.61,15,962.199005
1.58,10,962.257128
1.3,11,962.3573
1.44,8,962.430259
1.43,9,962.51916
1.31,10,962.572425
1.64,10,962.607299
-1.0,7,962.639225
1.14,4,962.65706
1.65,11,962.729739
1.4,10,962.76853
1.52,12,962.808297
-0.47,14,962.893517
-0.65,11,962.973964
-0.6,13,963.029986
-0.53,11,963.121136
1.46,9,963.164133
-0.48,11,963.20336
1.32,9,963.234747
1.26,10,963.30531
-0.7,8,963.346275
-0.66,14,963.390709
-0.33,14,963.44164
1.14,4,963.45385
1.63,11,963.493582
1.56,9,963.524119
-0.28,16,963.580712
1.42,10,963.61722
-0.59,13,963.664374
-0.62,8,963.693489
-0.54,12,963.734853
1.46,11,963.774179
-0.79,8,963.805083
-0.71,6,963.827797
-0.73,11,963.889443
-0.56,12,963.941067
-0.47,13,964.044459
-0.83,8,964.101538
1.41,11,964.14106
1.14,4,964.174528
1.14,4,964.214412
-0.28,13,964.302619
1.55,10,964.333798
1.69,10,964.370496
-0.59,11,964.415784
1.52,11,964.451633
1.7,12,964.503152
-0.63,10,964.595929
1.14,4,964.637489
-0.8,10,964.73074
1.64,10,964.829526
1.4,9,964.891917
1.43,12,964.970622
1.46,9,965.00027
-0.61,11,965.045089
1.49,9,965.100135
1.14,4,965.133865
1.66,10,965.19568
1.36,8,965.286704
1.66,14,965.339808
-0.7,11,965.411159
1.71,10,965.472218
1.44,8,965.537252
1.38,11,965.630165
1.48,12,965.727172
1.64,10,965.769866
1.59,10,965.804348
1.5,11,965.871426
-0.63,10,965.972786
1.66,10,966.056064
-0.28,16,966.186112
1.68,10,966.251579
1.71,12,966.294194
1.55,12,966.332047
1.36,8,966.361777
1.57,12,966.402121
1.61,10,966.443542
-0.67,11,966.481637
-0.6,12,966.523907
1.14,4,966.540702
-0.77,10,966.576989
1.26,12,966.635712
-0.53,11,966.724809
-0.68,9,966.769937
-0.65,11,966.84985
1.14,4,966.864016
1.79,12,966.941977
-0.47,11,967.005755
1.35,12,967.047046
-0.6,14,967.116948
-0.76,9,967.206469
1.51,12,967.253321
-0.34,17,967.319419
1.74,13,967.416685
1.66,10,967.50674
1.39,10,967.593071
-0.55,14,967.710356
1.56,11,967.760964
1.26,10,967.794299
-0.39,14,967.842689
-0.45,15,967.911487
1.44,14,967.993384
1.41,9,968.026519
-0.79,9,968.05426
-0.77,7,968.081123
1.27,8,968.108361
1.14,4,968.120858
1.14,4,968.133647
0.05,19,968.238513
1.59,10,968.270594
-0.55,13,968.327813
1.14,4,968.34216
-0.44,14,968.405668
1.14,4,968.440045
1.42,11,968.498845
1.78,12,968.539248
-0.18,17,968.608792
1.14,4,968.636562
1.58,11,968.739821
-0.54,14,968.819261
1.14,4,968.839241
1.49,9,968.91139
1.36,8,968.966446
-0.58,10,969.004293
-0.49,13,969.054695
1.43,13,969.096143
1.68,12,969.137215
1.41,12,969.182704
-0.44,12,969.232421
1.85,13,969.275801
1.53,10,969.332156
-0.66,9,969.377621
1.14,4,969.397707
1.23,9,969.432611
1.59,10,969.467841
1.57,11,969.505386
1.7,12,969.551013
1.64,10,969.595603
1.14,4,969.606371
1.11,8,969.65199
1.59,10,969.696262
1.54,12,969.765566
1.69,11,969.857209
1.68,10,969.936198
1.14,4,969.97345
-0.36,16,970.095969
-0.46,12,970.141082
-0.43,15,970.210791
-0.34,13,970.323142
-0.41,16,970.423843
1.37,10,970.46436
1.52,12,970.503083
1.14,4,970.519046
1.64,10,970.551384
-0.61,8,970.615922
1.68,11,970.668658
1.54,9,970.699872
1.53,10,970.73728
1.14,4,970.771635
1.54,9,970.848348
1.14,4,970.898311
-0.65,14,970.9461
-0.69,10,970.990215
1.14,4,971.020736
-0.55,14,971.09934
1.43,9,971.148502
1.54,9,971.216348
1.28,12,971.318992
1.64,10,971.368801
1.54,9,971.404684
-0.44,13,971.467965
-0.57,9,971.527082
-0.66,13,971.639404
1.14,4,971.674405
-0.69,11,971.738614
-0.73,9,971.777192
-0.68,9,971.868468
1.74,11,971.915287
1.64,10,971.949064
-0.46,12,972.031033
1.54,9,972.11613
-0.59,9,972.158387
-0.28,18,972.22408
-0.43,12,972.30258
1.58,14,972.355494
-0.72,10,972.390983
1.56,10,972.448457
1.14,4,972.469462
1.44,8,972.527481
-0.55,11,972.568058
1.31,11,972.605467
-0.57,9,972.638504
-0.54,10,972.681525
1.5,10,972.732163
-0.49,11,972.774031
-0.64,10,972.807911
1.44,8,972.837485
1.54,9,972.871629
1.64,10,972.903574
1.64,10,972.966543
1.53,14,973.066923
-0.6,13,973.167436
1.14,4,973.179869
1.43,9,973.243953
-0.49,15,973.325999
1.53,11,973.398987
1.53,10,973.428066
-0.81,5,973.44785
-0.35,13,973.521904
1.59,10,973.612298
1.14,4,973.648802
1.54,12,973.711158
-0.64,12,973.796221
-0.39,10,973.847011
1.64,10,973.904732
1.64,10,973.948103
1.57,16,974.03969
-0.17,15,974.085003
1.51,9,974.113908
-0.58,13,974.153486
1.38,9,974.187325
-0.57,10,974.223234
1.54,9,974.256298
1.26,9,974.293067
-0.31,15,974.342041
-0.29,14,974.393252
1.63,11,974.434567
1.66,10,974.471369
-0.34,12,974.521342
1.54,9,974.588594
1.19,11,974.627277
1.14,4,974.640292
1.54,9,974.677005
1.56,11,974.726196
1.14,4,974.746557
-0.28,14,974.831163
-0.41,13,974.890684
1.36,10,974.919859
1.44,8,974.948658
-0.57,9,974.98101
-0.35,12,975.025005
-0.76,16,975.077844
1.54,9,975.106967
-0.58,13,975.146938
1.14,4,975.163421
1.18,6,975.185505
-0.64,11,975.215238
1.14,4,975.230809
1.76,12,975.318203
-0.49,11,975.390669
1.7,13,975.448178
-0.81,10,975.482112
-0.23,16,975.543171
-0.57,12,975.622948
-0.87,6,975.642745
-0.83,7,975.669401
1.54,9,975.703908
1.14,4,975.715516
1.44,10,975.75387
1.84,13,975.79205
1.46,12,975.83479
1.43,9,975.861728
-0.41,10,975.893184
-0.77,7,975.917307
1.64,10,975.985601
1.66,10,976.044305
-0.44,13,976.091712
1.57,15,976.142384
1.43,9,976.180212
1.49,12,976.273738
-0.83,8,976.308414
1.14,4,976.333715
1.5,10,976.387237
1.5,10,976.453883
-0.61,9,976.535317
1.63,13,976.621592
-0.85,9,976.705669
-0.87,6,976.724265
-0.33,13,976.783463
1.64,10,976.860838
1.58,11,976.913319
1.58,11,976.946206
1.42,10,976.98004
-0.44,10,977.052389
-0.8,13,977.107642
1.68,10,977.144467
1.54,9,977.202461
-0.91,10,977.283548
1.51,9,977.324704
1.46,9,977.361538
1.29,7,977.405431
1.54,9,977.466855
1.44,8,977.540194
1.14,4,977.558014
1.61,10,977.59834
-0.15,17,977.653546
-0.71,7,977.681396
1.18,7,977.70653
-0.44,13,977.816255
-0.28,13,977.934511
-0.27,15,978.037052
-0.73,9,978.106167
-0.32,11,978.15507
1.64,10,978.188299
-0.61,12,978.241292
1.84,15,978.36684
-0.35,13,978.408229
1.58,11,978.444188
1.14,4,978.460419
1.68,13,978.505285
-0.22,12,978.550007
1.53,13,978.62744
-0.73,8,978.713043
1.74,14,978.823762
1.74,11,978.864867
-0.31,11,978.902129
1.38,9,978.937443
-0.46,9,979.007572
-0.46,11,979.048124
-0.48,15,979.136439
1.75,15,979.252768
-0.13,16,979.308975
1.14,4,979.32049
1.26,10,979.363457
1.66,10,979.40297
1.52,11,979.439812
1.64,10,979.476232
-0.81,11,979.53687
1.14,4,979.556393
1.54,9,979.589205
1.46,9,979.621907
1.26,9,979.653118
1.53,10,979.689388
1.27,8,979.717546
1.68,10,979.754278
-0.64,11,979.821583
1.14,4,979.854312
-0.35,17,979.945325
1.33,8,980.019874
1.14,4,980.04707
1.53,11,980.098464
1.28,10,980.139686
1.63,11,980.227621
-0.71,10,980.29601
1.64,10,980.338089
1.54,9,980.364337
1.14,4,980.376463
-0.88,7,980.402438
-0.55,10,980.497452
1.74,11,980.562063
-0.89,11,980.618517
1.14,4,980.632012
1.38,11,980.70429
1.14,4,980.715545
1.59,12,980.752202
-0.84,8,980.77739
1.54,9,980.833236
-0.55,18,980.922196
1.48,10,980.953312
1.58,14,981.005253
1.37,10,981.038309
1.43,10,981.090281
1.46,13,981.161466
-0.49,13,981.235364
-0.45,11,981.279592
-0.67,10,981.313544
1.54,9,981.344914
-0.45,12,981.385241
-0.67,8,981.422812
1.73,11,981.453435
1.61,10,981.491297
1.63,12,981.53087
1.53,10,981.613544
1.14,4,981.629421
1.66,10,981.664842
1.63,11,981.701952
1.31,10,981.773441
-0.42,17,981.880135
-0.44,16,981.933337
1.14,4,981.946935
-0.88,7,981.983665
1.45,11,982.026026
-0.76,6,982.052389
1.41,9,982.084503
1.6,11,982.129404
1.46,9,982.168721
1.53,10,982.203008
1.53,11,982.261193
-0.76,12,982.318263
1.4,9,982.34398
1.3,8,982.372145
1.42,9,982.404625
1.74,11,982.448932
1.66,10,982.485025
1.71,10,982.517205
1.53,12,982.56324
1.46,9,982.596398
1.14,4,982.609007
-0.57,12,982.64951
-0.96,6,982.672093
1.44,8,982.706238
1.76,11,982.746201
1.14,4,982.75826
-0.65,9,982.78924
-0.72,8,982.819979
1.64,10,982.872156
-0.41,14,982.950046
1.14,4,982.963229
-0.54,12,983.019782
1.33,11,983.116008
-0.36,12,983.20605
-0.57,13,983.286187
1.74,11,983.379932
1.62,12,983.444125
1.43,9,983.471866
-0.78,11,983.515666
1.3,8,983.568713
-0.87,8,983.636061
1.58,12,983.729246
-0.47,10,983.781166
-0.67,9,983.816439
-0.64,14,983.866598
1.51,10,983.914438
-0.72,10,984.007816
1.53,10,984.080181
-0.45,11,984.119368
1.75,13,984.164159
1.14,4,984.180974
1.61,13,984.233755
1.28,8,984.263734
-0.45,11,984.299626
-0.82,9,984.331445
-0.49,16,984.382426
-0.44,13,984.42253
1.44,11,984.489486
1.14,4,984.513076
-0.5,14,984.583335
-0.83,11,984.686484
1.49,9,984.766011
-0.62,11,984.808911
-0.12,17,984.913311
1.51,9,984.968255
-0.67,8,985.000842
-0.63,13,985.042246
-0.67,9,985.073481
1.33,8,985.101105
1.54,9,985.131241
1.14,4,985.152563
-0.85,9,985.236931
-0.49,10,985.333356
-0.43,13,985.386005
1.71,10,985.425292
1.36,12,985.49378
-0.66,8,985.568725
-0.64,8,985.633087
1.4,10,985.66428
1.39,10,985.708884
-0.44,10,985.743526
-0.42,12,985.784753
1.61,11,985.826724
1.3,8,985.858552
1.54,9,985.892766
1.61,10,985.943247
-0.33,14,986.041747
1.68,10,986.130952
-0.37,10,986.191824
-0.13,19,986.24946
1.14,4,986.261435
1.58,10,986.300151
1.45,10,986.341944
-0.66,7,986.389547
1.14,4,986.407273
1.87,16,986.513246
1.14,4,986.546714
1.59,11,986.625565
-0.57,11,986.72588
1.41,9,986.802707
1.14,4,986.838005
-0.56,15,986.95845
1.54,9,987.027247
-0.52,14,987.124024
-0.82,8,987.166836
-0.39,14,987.218518
1.66,10,987.260428
1.32,10,987.297128
1.54,9,987.329059
1.44,8,987.35626
1.54,9,987.38572
1.66,10,987.431302
1.44,11,987.512678
1.61,11,987.565997
1.38,9,987.599304
1.61,10,987.691104
-0.45,13,987.809583
-0.52,13,987.882631
1.64,10,987.913449
1.69,10,987.957657
-0.53,13,988.005075
-0.58,13,988.098723
-0.38,17,988.221378
-0.22,16,988.3178
-0.68,10,988.399389
1.54,9,988.45317
-0.5,11,988.515987
1.4,13,988.607556
1.66,10,988.67253
-0.28,18,988.803919
1.56,10,988.865992
-0.67,10,988.946676
-0.37,18,989.081806
1.73,14,989.176277
1.14,4,989.199252
-0.41,14,989.297268
1.23,10,989.40175
1.54,9,989.475096
-0.5,13,989.575158
-0.82,6,989.598074
-0.64,13,989.639108
1.46,9,989.676777
1.54,9,989.731858
-0.42,18,989.877893
1.54,9,989.923975
-0.48,12,989.96592
1.37,10,990.004529
-0.49,10,990.044199
1.47,14,990.088365
1.51,10,990.126449
1.69,10,990.163221
1.74,11,990.200039
1.33,8,990.231028
1.54,9,990.269756
1.45,10,990.307834
-0.47,11,990.383121
1.33,10,990.467237
1.31,10,990.554742
-0.68,12,990.624533
1.71,10,990.669505
1.23,9,990.714588
-0.47,10,990.760436
-0.41,14,990.810073
-0.66,11,990.906543
1.53,10,990.949584
1.53,10,990.981664
-0.68,10,991.015842
1.56,10,991.082778
1.37,11,991.145092
1.66,10,991.191474
-0.64,15,991.280806
1.53,12,991.330266
-0.45,17,991.472573
1.67,19,991.62314
1.64,10,991.694774
1.14,4,991.71444
1.54,9,991.773483
-0.63,13,991.864153
1.53,11,991.966737
1.66,10,992.061214
-0.8,13,992.107583
1.14,4,992.122855
1.68,12,992.172797
1.59,13,992.259947
1.49,12,992.303212
1.54,9,992.332995
-0.38,15,992.385535
-0.62,12,992.489863
1.48,10,992.574362
1.36,11,992.610616
1.59,13,992.658783
1.65,11,992.697934
-0.77,10,992.741252
1.61,11,992.77787
-0.43,12,992.820435
1.51,15,992.863171
1.64,10,992.922621
-0.6,12,993.019339
1.55,11,993.074281
-0.67,8,993.147705
-0.7,11,993.19707
1.61,10,993.275371
1.39,10,993.327538
1.42,11,993.377118
1.23,10,993.419449
1.66,10,993.492898
1.61,10,993.585128
-0.43,16,993.646116
-0.74,9,993.672857
1.54,12,993.722522
1.64,10,993.755695
-0.64,11,993.796782
1.59,10,993.849451
1.74,11,993.929762
1.66,10,994.020972
-0.25,18,994.131377
1.44,8,994.15831
-0.18,17,994.212342
-0.74,9,994.243656
1.64,10,994.284608
1.38,16,994.354049
1.47,10,994.441876
1.14,4,994.477036
-0.59,14,994.591557
1.14,4,994.621042
1.43,11,994.703126
-0.92,11,994.777654
-0.66,10,994.81759
1.59,10,994.855279
-0.19,15,994.895806
-0.74,10,994.929827
-0.52,13,994.979591
1.49,12,995.040857
1.63,11,995.13641
1.76,12,995.238111
-0.65,9,995.331592
-0.47,11,995.396394
-0.89,7,995.455467
1.38,12,995.505279
1.38,11,995.552696
-0.22,14,995.600414
-0.22,17,995.702371
1.51,10,995.734421
-0.61,11,995.772948
-0.67,11,995.840578
1.54,9,995.874421
1.38,9,995.905576
1.68,11,995.942611
1.54,9,995.969482
1.37,10,995.999648
1.42,11,996.036977
1.7,14,996.098685
1.57,12,996.141719
1.14,4,996.156595
1.46,9,996.187342
1.14,4,996.204093
1.66,13,996.280484
-0.41,12,996.342855
1.5,10,996.374932
1.57,12,996.422212
1.38,8,996.479341
-0.44,14,996.584918
1.54,9,996.614956
-0.19,15,996.672311
1.36,10,996.708138
1.6,15,996.792297
1.61,11,996.864034
1.48,9,996.925391
1.66,16,997.02085
1.42,10,997.108799
1.36,8,997.181732
1.54,9,997.264756
-0.05,19,997.405204
-0.69,10,997.441381
-0.57,10,997.487052
1.31,10,997.531989
-0.65,9,997.573025
1.69,11,997.633912
-0.76,8,997.682251
-0.28,14,997.791079
1.64,10,997.850953
1.14,4,997.886076
1.53,10,997.980205
-0.56,12,998.032997
1.38,9,998.060691
1.44,8,998.08838
1.14,4,998.099964
1.64,10,998.183484
1.54,9,998.223855
-0.59,12,998.263383
1.64,10,998.304944
-0.32,14,998.407316
-0.76,6,998.462551
-0.56,11,998.512619
1.38,9,998.541653
1.68,14,998.596231
-0.29,10,998.632242
1.14,4,998.645024
-0.43,14,998.688846
1.14,4,998.711128
1.19,11,998.747054
-0.31,11,998.784618
1.35,9,998.818524
1.54,9,998.90128
1.54,9,998.933952
1.14,4,998.94498
1.14,4,998.956907
1.45,11,999.006925
1.44,8,999.036505
1.65,11,999.075582
1.55,12,999.128531
1.66,10,999.190218
1.14,4,999.223684
-0.82,10,999.306658
1.59,10,999.34304
1.63,11,999.385166
1.56,9,999.414581
1.49,11,999.489139
-0.45,11,999.534771
1.51,10,999.569378
1.43,11,999.62742
1.66,11,999.698537
1.54,9,999.729165
-0.73,9,999.773532
1.43,10,999.809224
1.54,9,999.83646
1.47,10,999.873124
1.38,9,999.937064
1.14,4,999.967411
-0.75,10,1000.049627
1.54,9,1000.114153
1.14,4,1000.147441
-0.45,10,1000.236515
1.61,10,1000.327755
1.14,4,1000.354197
1.6,11,1000.400076
1.55,12,1000.440089
-0.41,13,1000.4822
1.58,14,1000.527874
1.61,11,1000.570288
1.69,10,1000.603841
-0.5,11,1000.647032
1.64,10,1000.678293
1.14,4,1000.696373
1.36,8,1000.723832
1.61,13,1000.81346
-0.54,12,1000.920784
-0.67,11,1001.008196
1.64,10,1001.077098
1.66,10,1001.114224
1.51,12,1001.152512
1.66,11,1001.191295
-0.72,10,1001.224993
-0.44,12,1001.268676
1.39,10,1001.303223
1.37,10,1001.348024
-0.11,14,1001.439524
-0.11,16,1001.495673
1.14,4,1001.507621
-0.67,8,1001.555308
1.66,10,1001.594779
1.54,9,1001.624889
-0.6,10,1001.67014
1.61,10,1001.70705
1.55,10,1001.769989
-0.62,9,1001.861031
1.36,8,1001.903609
1.54,9,1001.934195
1.64,12,1001.972866
-0.27,15,1002.026417
-0.46,15,1002.124907
-0.2,19,1002.262959
-0.46,16,1002.328742
1.5,11,1002.414099
1.64,10,1002.488157
1.14,4,1002.515215
-0.46,9,1002.58876
-0.6,9,1002.670259
1.65,11,1002.71821
1.45,9,1002.755959
-0.4,15,1002.827459
1.43,9,1002.866509
1.61,10,1002.898729
1.64,11,1002.938329
1.71,12,1002.97896
1.65,12,1003.018015
-0.53,10,1003.054229
1.58,12,1003.107424
1.12,7,1003.133536
-0.49,10,1003.214705
1.41,11,1003.258012
-0.51,15,1003.341783
1.33,10,1003.402334
1.49,9,1003.432284
-0.59,12,1003.46748
-0.61,11,1003.514104
1.47,11,1003.55145
1.64,10,1003.60884
-0.69,10,1003.667415
-0.76,6,1003.704743
1.63,11,1003.763191
1.54,9,1003.811677
1.55,12,1003.855465
1.63,11,1003.941924
1.46,12,1004.059713
-0.56,11,1004.102013
1.42,10,1004.133872
-0.54,15,1004.190864
1.41,10,1004.222692
1.57,12,1004.258458
1.33,8,1004.293131
1.54,9,1004.366148
1.53,10,1004.42413
1.64,10,1004.473234
1.5,10,1004.540993
-0.69,11,1004.581522
-0.73,9,1004.617674
-0.64,9,1004.658451
1.51,11,1004.734047
1.61,14,1004.78725
1.14,4,1004.800644
-0.34,15,1004.849862
-0.61,10,1004.886929
1.54,9,1004.927309
-0.63,10,1005.011409
1.14,4,1005.042908
1.61,10,1005.086515
-0.19,15,1005.141659
-0.36,10,1005.177215
1.61,10,1005.223357
1.49,11,1005.304435
-0.34,18,1005.409762
-0.58,11,1005.475201
1.69,11,1005.512345
1.59,10,1005.546771
1.44,8,1005.577481
-0.56,14,1005.623686
-0.51,12,1005.6707
1.29,9,1005.697887
-0.6,10,1005.734421
1.72,15,1005.79848
1.64,10,1005.87218
1.64,10,1005.901138
1.46,12,1005.947997
-0.7,16,1006.002152
-0.47,9,1006.069041
-0.54,13,1006.181617
-0.5,14,1006.222392
1.66,10,1006.256449
-0.25,14,1006.305355
1.14,4,1006.323234
1.26,9,1006.360556
-0.47,10,1006.433718
-0.76,13,1006.513284
-0.7,9,1006.59369
1.76,11,1006.674686
1.38,12,1006.739799
1.59,10,1006.777504
1.59,17,1006.853658
-0.48,12,1006.918947
1.3,11,1006.953238
1.73,11,1006.988463
1.54,9,1007.021706
1.34,8,1007.056789
-0.48,11,1007.093503
1.54,12,1007.131999
-0.6,11,1007.173417
1.53,10,1007.231105
-0.47,10,1007.268093
1.14,4,1007.287186
1.54,9,1007.340178
1.37,9,1007.407999
-0.43,14,1007.451112
1.66,10,1007.488582
1.43,10,1007.524511
-0.34,10,1007.56547
1.54,9,1007.592939
1.64,10,1007.629008
-0.88,13,1007.674446
1.66,11,1007.747436
-0.38,13,1007.859982
-0.54,10,1007.945876
1.53,10,1008.040331
-0.73,12,1008.103155
-0.72,8,1008.133489
1.54,9,1008.162503
-0.67,8,1008.194876
1.51,13,1008.277528
1.49,14,1008.386283
-0.72,11,1008.435279
-0.49,9,1008.475783
1.41,11,1008.529424
1.48,11,1008.592109
1.32,8,1008.62318
1.59,10,1008.657012
1.36,11,1008.696221
1.31,10,1008.729741
1.54,9,1008.762405
1.53,10,1008.802942
1.48,9,1008.848044
1.54,9,1008.89916
-0.3,15,1009.037158
-0.46,16,1009.091564
-0.38,12,1009.155506
1.48,10,1009.242543
1.64,10,1009.316272
1.54,9,1009.34217
-0.59,11,1009.384892
-0.64,11,1009.422394
1.49,12,1009.466658
-0.88,7,1009.49852
1.51,12,1009.572503
-0.59,8,1009.622641
1.59,16,1009.74486
1.64,10,1009.836682
-0.62,9,1009.930144
-0.46,9,1009.993505
-0.57,13,1010.029107
1.14,4,1010.040968
1.14,4,1010.057216
-0.16,15,1010.113478
1.3,11,1010.148401
-0.4,14,1010.198161
-0.71,10,1010.236239
1.38,12,1010.276734
-0.92,5,1010.306357
1.46,9,1010.364838
1.14,4,1010.386001
-0.84,9,1010.420926
1.43,9,1010.49639
1.53,10,1010.58619
-0.82,6,1010.642867
1.38,9,1010.726223
1.22,13,1010.846658
-0.44,10,1010.930574
1.75,11,1011.037925
1.43,9,1011.099868
1.14,4,1011.11121
1.53,10,1011.141695
1.54,9,1011.18108
-0.45,12,1011.225324
1.26,10,1011.261785
1.52,11,1011.307369
1.59,10,1011.392762
-0.78,11,1011.471565
-0.6,13,1011.51425
1.54,9,1011.542386
-0.61,11,1011.63797
-0.93,6,1011.684305
-0.49,14,1011.758295
1.53,10,1011.79134
1.14,4,1011.809546
-0.73,12,1011.876933
-0.39,16,1012.000357
-0.5,11,1012.094967
-0.55,10,1012.1359
1.48,9,1012.167356
1.76,12,1012.199605
-0.6,9,1012.229707
1.51,9,1012.275603
1.64,10,1012.310034
1.34,12,1012.352075
1.53,11,1012.390364
-0.78,9,1012.427314
-0.48,12,1012.471829
1.54,9,1012.499843
1.31,10,1012.536625
1.14,4,1012.553488
1.48,10,1012.598782
-0.52,14,1012.701631
-0.8,7,1012.751393
1.63,11,1012.811528
1.54,12,1012.84817
1.54,9,1012.878819
-0.37,15,1012.931625
-0.82,6,1012.953001
-0.32,11,1012.990223
-0.49,13,1013.036243
-0.56,9,1013.106666
-0.41,15,1013.156709
1.73,12,1013.205839
1.43,9,1013.245416
1.54,9,1013.282477
-0.29,12,1013.337798
-0.42,12,1013.373371
1.47,10,1013.401414
-0.44,10,1013.438927
1.65,17,1013.507408
-0.74,12,1013.602622
1.61,10,1013.690768
-0.65,9,1013.759645
1.28,8,1013.820081
1.55,10,1013.856207
1.28,8,1013.882257
1.63,11,1013.918795
-0.93,6,1013.946639
-0.62,10,1013.981972
1.39,11,1014.02261
1.44,12,1014.06495
1.62,12,1014.106066
-0.44,11,1014.149662
1.53,10,1014.180221
1.64,10,1014.21578
1.54,9,1014.259102
1.52,14,1014.316919
-0.68,9,1014.427941
-0.84,9,1014.467121
-0.75,11,1014.554837
-0.68,10,1014.620429
-0.5,13,1014.656229
1.14,4,1014.670574
1.54,9,1014.709612
1.74,11,1014.743498
1.47,11,1014.779446
1.33,8,1014.812782
1.42,11,1014.853938
1.56,10,1014.887316
-0.62,11,1014.921936
-0.27,15,1014.96903
1.64,10,1015.004519
-0.63,10,1015.039692
-0.7,11,1015.084111
-0.54,12,1015.121031
-0.39,14,1015.169665
1.57,12,1015.270092
-0.56,11,1015.357573
1.14,4,1015.383698
1.67,11,1015.461263
-0.58,11,1015.502298
-0.56,13,1015.572631
1.54,9,1015.605418
-0.95,8,1015.664186
-0.47,13,1015.73439
-0.52,9,1015.766951
-0.64,8,1015.800858
-0.47,10,1015.841782
1.48,9,1015.870948
-0.73,9,1015.900954
1.83,11,1015.942056
-0.41,10,1015.980641
1.48,11,1016.014845
1.54,13,1016.061288
1.46,12,1016.101589
-0.45,11,1016.143784
1.27,9,1016.17442
1.44,8,1016.241743
1.39,10,1016.328829
-0.93,6,1016.36682
1.48,9,1016.404569
1.14,4,1016.420043
-0.77,7,1016.455167
1.5,12,1016.50792
1.51,9,1016.575771
1.74,11,1016.661775
1.41,11,1016.721918
1.37,8,1016.761696
1.54,9,1016.807848
1.56,13,1016.867566
-0.98,5,1016.887008
-0.33,12,1016.930271
1.47,12,1016.971968
1.57,11,1017.010643
1.32,12,1017.053499
1.61,10,1017.088183
1.48,10,1017.123689
1.58,10,1017.185298
1.47,12,1017.271563
1.14,4,1017.308358
1.59,12,1017.371723
1.64,10,1017.407852
1.59,10,1017.439482
1.51,10,1017.485607
-0.69,10,1017.570456
1.14,4,1017.599065
1.34,10,1017.692741
1.14,4,1017.734788
1.46,13,1017.84634
1.66,10,1017.915854
1.71,11,1017.969021
1.44,8,1017.996836
1.62,11,1018.08372
1.55,10,1018.17505
1.39,11,1018.245236
1.53,10,1018.332632
1.39,16,1018.455833
1.14,4,1018.467648
-0.71,7,1018.492091
-0.29,14,1018.571294
-0.62,11,1018.672681
1.84,15,1018.736995
1.52,11,1018.769187
1.66,10,1018.844416
-0.82,8,1018.884601
-0.46,12,1018.940771
1.43,10,1018.975743
1.52,11,1019.037408
1.43,8,1019.093426
1.59,9,1019.160646
1.53,10,1019.193782
1.64,10,1019.265581
-0.69,10,1019.314862
1.33,8,1019.360307
1.54,15,1019.4418
-0.17,15,1019.553112
-0.63,9,1019.594503
-0.51,12,1019.638223
1.7,11,1019.675313
-0.81,8,1019.706195
1.54,9,1019.741872
1.47,10,1019.782122
1.45,10,1019.849209
-0.42,15,1019.903469
1.92,14,1019.956789
-0.46,9,1020.035377
-0.57,9,1020.101573
-0.78,8,1020.137037
1.54,9,1020.167876
1.7,12,1020.215112
1.27,9,1020.276725
1.52,11,1020.340343
-0.86,8,1020.373836
1.54,9,1020.448139
1.52,12,1020.528081
1.54,9,1020.578032
1.39,10,1020.63139
1.43,9,1020.663608
1.47,10,1020.707415
-0.46,11,1020.816062
1.53,13,1020.924863
-0.32,15,1021.054949
-0.35,13,1021.1162
1.64,10,1021.153768
-0.36,14,1021.242093
1.14,4,1021.274798
1.39,9,1021.334791
-0.37,11,1021.375338
1.45,11,1021.416567
1.64,10,1021.45244
1.54,11,1021.491467
1.44,8,1021.524512
1.14,4,1021.537263
1.5,10,1021.575623
1.44,8,1021.599303
1.79,13,1021.666378
-0.64,8,1021.69087
-0.55,10,1021.734406
1.14,4,1021.768154
1.61,10,1021.850926
-0.45,12,1021.927832
-0.88,7,1021.961462
-0.2,16,1022.04181
1.14,4,1022.070013
-0.4,14,1022.170203
1.38,11,1022.201107
-0.72,8,1022.226948
-0.51,21,1022.291331
1.54,9,1022.323851
-0.6,13,1022.362454
-0.45,17,1022.423828
-0.31,14,1022.481958
1.46,9,1022.512111
-0.78,10,1022.545236
1.14,4,1022.563159
1.52,16,1022.646953
1.38,17,1022.703994
-0.79,9,1022.734112
-0.25,17,1022.817467
1.36,8,1022.88453
1.23,9,1022.91675
1.47,11,1022.953006
-0.56,11,1022.992142
1.33,8,1023.059363
-0.26,14,1023.172278
-0.51,14,1023.245309
1.55,12,1023.315189
1.29,7,1023.38431
1.62,12,1023.488428
-0.37,14,1023.596975
-0.78,9,1023.676463
-0.46,9,1023.75881
1.37,10,1023.830736
1.63,10,1023.914294
-0.67,10,1024.006616
1.56,11,1024.116761
-0.55,10,1024.207945
1.72,13,1024.258297
1.71,12,1024.299135
1.44,8,1024.330175
1.69,10,1024.367682
-0.89,8,1024.397511
1.54,9,1024.434583
1.39,10,1024.475929
-0.35,11,1024.507435
1.52,11,1024.542251
1.14,4,1024.556977
-0.56,14,1024.608746
-0.53,17,1024.698565
-0.82,10,1024.761925
1.63,11,1024.79853
-0.36,14,1024.880406
1.46,12,1024.978806
1.56,10,1025.016555
-0.37,12,1025.060327
1.53,10,1025.105371
1.14,4,1025.130278
1.61,11,1025.179506
1.47,9,1025.225652
-0.39,14,1025.33589
-0.54,12,1025.384382
-0.54,8,1025.431993
1.43,10,1025.547602
-0.53,15,1025.621207
1.14,4,1025.634295
1.51,12,1025.676364
-0.74,10,1025.711617
-0.31,13,1025.804914
-0.8,10,1025.837997
1.62,12,1025.875623
-0.51,12,1025.915792
1.51,10,1025.95312
1.69,11,1025.995621
1.35,12,1026.042351
1.14,4,1026.057461
1.46,11,1026.100174
-0.2,15,1026.160021
1.54,9,1026.222041
1.41,12,1026.272131
1.14,4,1026.290677
1.64,11,1026.345093
1.64,10,1026.37563
1.46,12,1026.415617
-0.48,11,1026.4599
-0.55,11,1026.495594
-0.55,9,1026.535817
1.14,4,1026.56607
-0.52,11,1026.624777
-0.34,13,1026.730687
1.46,9,1026.765986
1.58,11,1026.852582
-0.82,6,1026.892197
-0.59,12,1027.005992
1.64,10,1027.0923
1.51,11,1027.162778
1.14,4,1027.185836
1.46,9,1027.250841
1.63,15,1027.361783
1.71,11,1027.406336
-0.45,11,1027.454591
1.76,16,1027.506446
1.64,10,1027.541499
1.43,10,1027.581358
1.59,11,1027.619927
1.51,10,1027.65203
1.64,10,1027.685156
1.33,8,1027.744031
-0.34,15,1027.838058
-0.66,13,1027.934151
-0.58,11,1028.029559
1.37,9,1028.078577
1.48,10,1028.135542
1.69,10,1028.226914
1.54,9,1028.289368
1.14,4,1028.326005
1.54,9,1028.395924
1.5,11,1028.492832
-0.56,11,1028.564237
-0.32,13,1028.667376
-0.5,11,1028.727033
1.49,9,1028.757822
-0.17,17,1028.865208
1.6,12,1028.912556
-0.56,14,1028.96822
1.45,10,1029.013082
1.54,9,1029.096349
1.52,12,1029.181837
1.59,12,1029.294403
1.44,12,1029.41055
1.54,9,1029.462534
-0.57,10,1029.498615
-0.8,6,1029.526111
-0.81,11,1029.559145
1.54,9,1029.586192
1.47,11,1029.619149
1.83,12,1029.660796
-0.88,7,1029.686445
-0.69,11,1029.725296
1.29,9,1029.7601
1.52,11,1029.803175
-0.52,10,1029.83767
1.59,10,1029.873961
1.85,16,1029.929698
-0.51,9,1029.994982
1.53,10,1030.050676
1.37,12,1030.089948
1.44,11,1030.131706
1.46,9,1030.197206
1.71,15,1030.288504
-0.48,12,1030.40272
1.47,13,1030.453805
1.51,12,1030.503482
1.46,9,1030.535615
1.53,10,1030.571067
1.4,16,1030.672199
-0.6,13,1030.721442
1.69,11,1030.757359
1.34,8,1030.784386
1.5,16,1030.85616
1.54,9,1030.895213
1.47,10,1030.922696
-0.23,19,1030.977647
1.52,12,1031.02986
-0.69,13,1031.071941
1.49,12,1031.109641
-0.69,13,1031.208002
-0.6,16,1031.297259
-0.3,14,1031.341335
-0.52,15,1031.404264
1.38,9,1031.470539
1.65,11,1031.580518
-0.48,11,1031.654757
1.58,13,1031.69775
1.51,10,1031.735472
1.54,9,1031.767556
-0.56,11,1031.844208
-0.58,13,1031.944762
1.46,9,1032.019431
1.73,13,1032.096195
-0.92,5,1032.116963
-0.44,14,1032.169654
-0.72,11,1032.20504
1.64,10,1032.230777
1.36,8,1032.265226
1.14,4,1032.282293
1.35,9,1032.339193
-0.3,16,1032.449595
1.54,12,1032.489989
-0.32,16,1032.547545
1.59,10,1032.581475
1.54,9,1032.612709
1.44,9,1032.645328
1.46,11,1032.683035
1.28,8,1032.727349
-0.98,5,1032.747747
1.51,11,1032.792726
1.54,9,1032.823119
1.14,4,1032.83979
-0.48,15,1032.887641
1.59,10,1032.931026
1.64,10,1032.962641
1.5,11,1033.013183
-0.43,14,1033.095082
-0.51,12,1033.196305
1.54,9,1033.236803
1.48,13,1033.271905
1.53,10,1033.305867
1.14,4,1033.324548
1.14,4,1033.337615
-0.76,12,1033.384465
1.27,9,1033.415426
1.55,10,1033.452451
-0.5,13,1033.504529
1.78,13,1033.549399
1.14,4,1033.565984
1.36,8,1033.599434
-0.49,15,1033.644182
-0.26,19,1033.704297
1.14,4,1033.724718
1.64,10,1033.774117
-0.6,16,1033.829533
1.41,8,1033.860448
1.14,4,1033.874711
-0.74,13,1033.926617
-0.52,11,1033.964706
1.54,9,1033.998059
1.52,12,1034.033916
-0.81,5,1034.057625
-0.14,18,1034.115316
-0.13,16,1034.167265
1.59,10,1034.200718
1.4,12,1034.246476
1.42,14,1034.29901
-0.77,10,1034.328899
1.36,11,1034.396429
1.63,11,1034.452066
1.39,13,1034.54569
1.14,4,1034.559834
-0.77,7,1034.587989
1.45,9,1034.666798
1.64,10,1034.737128
1.52,12,1034.835689
-0.63,10,1034.901402
1.51,13,1034.950205
1.74,11,1034.986799
1.31,10,1035.051222
1.7,13,1035.153764
-0.75,11,1035.21839
-0.28,14,1035.340478
1.17,7,1035.40582
1.46,9,1035.488095
1.43,9,1035.545004
1.14,4,1035.559175
-0.77,9,1035.587356
1.35,13,1035.632768
1.54,9,1035.665821
-0.87,6,1035.689645
1.59,12,1035.73795
1.14,4,1035.752407
1.54,9,1035.802895
-0.06,18,1035.885365
-0.27,16,1035.934667
1.14,4,1035.94803
1.64,10,1035.982868
1.51,10,1036.017571
-0.64,11,1036.052374
1.64,10,1036.09071
-0.87,6,1036.122837
1.59,13,1036.166836
1.59,10,1036.207408
1.14,4,1036.220749
1.59,10,1036.25703
1.43,9,1036.329456
-0.58,9,1036.387061
1.14,4,1036.400288
1.55,10,1036.454508
-0.64,11,1036.576471
-0.08,18,1036.659023
-0.54,13,1036.70157
-0.58,10,1036.74195
-0.61,11,1036.779911
-0.54,13,1036.823864
1.35,9,1036.859453
1.64,10,1036.90232
1.5,11,1036.946223
1.53,10,1036.977366
1.64,10,1037.01288
1.53,10,1037.050336
-0.52,12,1037.146062
1.33,9,1037.186303
1.56,11,1037.225588
-0.33,14,1037.279705
1.77,12,1037.320511
1.38,9,1037.349585
1.39,8,1037.378179
-0.72,10,1037.417538
1.5,10,1037.451571
1.64,10,1037.48582
1.61,10,1037.545772
-0.47,11,1037.595128
1.48,14,1037.64089
1.55,11,1037.699486
1.54,9,1037.731105
-0.18,16,1037.788333
-0.49,12,1037.833662
1.14,4,1037.846787
-0.55,10,1037.885155
-0.83,10,1037.934046
-0.86,5,1037.954677
-0.39,16,1038.010366
1.43,12,1038.050613
1.4,15,1038.105286
1.68,12,1038.148437
1.14,4,1038.161577
1.44,8,1038.186794
1.54,9,1038.222207
1.79,14,1038.274707
1.14,4,1038.28764
-0.42,14,1038.332005
-0.37,14,1038.391004
-0.37,18,1038.448287
1.53,10,1038.482852
1.14,4,1038.497132
1.71,11,1038.539683
-0.93,6,1038.559659
1.57,12,1038.600355
-0.69,10,1038.636997
-0.54,11,1038.671792
1.43,11,1038.706765
1.14,4,1038.718461
-0.61,10,1038.758049
1.48,10,1038.796984
1.64,10,1038.832579
1.48,9,1038.861814
1.64,10,1038.892123
1.48,10,1038.929367
1.56,13,1038.972772
1.65,13,1039.015476
1.74,11,1039.051842
-0.41,10,1039.092022
1.64,11,1039.128151
-0.41,12,1039.166522
-0.59,11,1039.211809
1.4,11,1039.251133
1.54,9,1039.278329
-0.38,14,1039.325848
1.63,11,1039.361043
1.57,12,1039.410693
1.14,4,1039.424061
1.48,9,1039.45926
-0.35,15,1039.511471
1.44,8,1039.541491
1.49,13,1039.58711
1.14,4,1039.600067
1.69,11,1039.634061
1.53,10,1039.672335
1.38,9,1039.701746
-0.82,7,1039.739766
1.43,9,1039.786543
1.66,10,1039.844347
-0.66,13,1039.888054
-0.63,10,1039.919083
1.14,4,1039.935897
-0.58,12,1039.978095
1.69,14,1040.025745
1.32,8,1040.052267
1.54,9,1040.089367
1.79,12,1040.136442
-0.7,11,1040.18008
1.44,8,1040.213723
-0.57,12,1040.249258
-0.45,17,1040.3086
1.52,11,1040.349663
1.54,9,1040.380448
1.64,10,1040.437691
-0.61,10,1040.486321
-0.73,9,1040.516496
1.66,10,1040.550445
1.19,8,1040.577632
1.59,10,1040.617594
1.14,4,1040.632313
-0.75,11,1040.668384
1.55,10,1040.70553
-0.68,10,1040.750538
-0.7,12,1040.917372
1.65,12,1040.95998
-0.41,13,1041.00927
1.54,9,1041.04308
1.14,4,1041.057679
1.73,15,1041.109851
1.64,10,1041.1643
1.28,8,1041.196382
1.68,11,1041.234829
1.54,12,1041.304232
1.14,4,1041.327147
1.52,12,1041.39476
1.53,10,1041.430268
1.37,10,1041.489197
-0.54,12,1041.547745
-0.41,14,1041.592981
-0.83,7,1041.620075
1.42,11,1041.704804
-0.68,13,1041.745806
1.58,12,1041.792428
-0.54,9,1041.849461
1.29,9,1041.905005
-0.62,9,1041.94313
-0.69,7,1041.968336
1.52,11,1042.009504
1.74,11,1042.047902
1.36,8,1042.098682
1.38,9,1042.135622
1.76,11,1042.174279
1.36,10,1042.224468
1.14,4,1042.256772
1.69,11,1042.331403
1.51,16,1042.393752
1.14,4,1042.404353
-0.67,14,1042.456344
-0.67,12,1042.511171
1.14,4,1042.523093
1.54,9,1042.555518
1.46,10,1042.589176
1.27,8,1042.621253
1.53,10,1042.657238
-0.99,6,1042.679152
1.61,10,1042.711923
-0.36,16,1042.763668
1.69,10,1042.795274
1.17,7,1042.819575
1.66,12,1042.863658
-0.48,12,1042.935983
1.6,16,1043.022918
1.32,10,1043.073668
-0.34,11,1043.136857
1.53,13,1043.219613
1.53,13,1043.308932
-0.75,11,1043.380418
-0.51,11,1043.479394
1.6,12,1043.586631
1.86,17,1043.665174
1.14,4,1043.676857
1.54,9,1043.707795
1.64,10,1043.744374
1.54,9,1043.775885
-0.82,10,1043.821042
1.44,8,1043.849012
-0.47,11,1043.916108
-0.39,13,1043.977214
-0.93,6,1044.022074
1.47,14,1044.142204
1.14,4,1044.180363
1.54,9,1044.261057
-0.82,9,1044.311685
-0.62,9,1044.3436
-0.51,11,1044.382409
1.56,9,1044.413545
1.21,9,1044.445925
1.63,11,1044.490212
1.56,11,1044.537127
-0.44,13,1044.575655
1.14,4,1044.588504
1.14,4,1044.604684
1.54,9,1044.64376
1.7,12,1044.699939
1.44,11,1044.734875
1.61,11,1044.777617
-0.63,9,1044.820306
1.69,11,1044.856586
1.14,4,1044.871173
1.59,10,1044.945122
1.54,9,1044.988712
1.39,10,1045.03135
-0.56,11,1045.114445
1.74,11,1045.146154
1.69,11,1045.186554
1.52,11,1045.23386
-0.24,16,1045.33535
1.14,4,1045.355656
1.51,10,1045.399358
-0.54,13,1045.454613
1.46,9,1045.483949
-0.48,14,1045.560735
-0.58,13,1045.612283
-0.39,14,1045.663963
1.58,10,1045.695068
1.14,4,1045.707924
-0.55,10,1045.789331
1.54,9,1045.823041
1.46,9,1045.858675
1.53,10,1045.892042
-0.47,12,1045.931828
1.49,11,1045.968692
-0.47,18,1046.036206
-0.64,10,1046.104714
-0.64,11,1046.154186
1.54,9,1046.183677
1.14,4,1046.196201
1.46,9,1046.225111
-0.55,11,1046.268979
1.64,10,1046.306211
1.14,4,1046.319323
-0.41,13,1046.384174
1.73,12,1046.469023
1.54,9,1046.525238
1.14,4,1046.547664
1.41,11,1046.648829
1.39,11,1046.701312
-0.48,13,1046.823449
1.64,10,1046.875307
-0.61,11,1046.936191
1.14,4,1046.95585
1.7,13,1047.003071
1.51,9,1047.031783
-0.7,12,1047.073255
1.48,10,1047.118795
1.14,4,1047.132339
-0.72,11,1047.169981
1.14,4,1047.184588
-0.64,11,1047.222318
1.63,12,1047.262822
-0.74,10,1047.294663
1.43,12,1047.362324
1.46,12,1047.415867
1.14,4,1047.428587
-0.67,9,1047.46272
1.55,11,1047.506126
1.54,9,1047.542719
1.14,4,1047.555024
1.14,4,1047.56697
1.44,8,1047.590762
1.69,10,1047.640476
-0.18,13,1047.744239
1.44,8,1047.788508
1.42,13,1047.834024
1.59,10,1047.878636
1.39,11,1047.911683
1.66,10,1047.973063
-0.73,7,1048.014892
1.49,9,1048.074895
1.44,8,1048.09733
1.5,11,1048.135817
-0.54,14,1048.181573
1.54,9,1048.213128
1.14,4,1048.226068
1.53,10,1048.262105
-0.8,10,1048.292194
-0.46,9,1048.334925
1.66,14,1048.386436
-0.42,11,1048.436677
0.88,21,1048.509414
1.72,12,1048.56776
-0.57,9,1048.599729
1.14,4,1048.625746
-0.72,11,1048.704747
1.37,10,1048.746134
1.44,8,1048.790282
-0.66,9,1048.856109
1.6,11,1048.941078
-0.53,11,1049.04158
1.63,11,1049.085284
1.22,11,1049.122331
1.14,4,1049.14132
-0.42,11,1049.216347
-0.22,14,1049.265121
1.59,10,1049.300802
1.54,9,1049.331777
1.44,8,1049.367052
1.72,13,1049.440113
1.59,10,1049.501466
1.46,12,1049.541335
-0.75,8,1049.576512
1.35,9,1049.607545
1.64,10,1049.642017
1.35,9,1049.678462
1.6,11,1049.718625
1.54,9,1049.752012
-0.43,15,1049.802634
1.55,11,1049.86742
-0.77,7,1049.934102
1.53,10,1050.019412
-0.6,9,1050.110023
-0.34,14,1050.235968
1.66,10,1050.335442
1.48,10,1050.371685
1.32,12,1050.413271
1.45,10,1050.448474
1.64,10,1050.489454
1.64,10,1050.522148
1.51,10,1050.554389
-0.39,14,1050.605977
1.35,12,1050.647782
1.14,4,1050.657255
1.14,4,1050.669925
-0.9,9,1050.702319
1.14,4,1050.718073
1.54,9,1050.754451
1.54,9,1050.790018
-0.69,10,1050.8649
1.47,10,1050.90719
1.64,10,1050.943419
1.14,4,1050.957978
-0.67,12,1051.042545
1.14,4,1051.08018
1.44,8,1051.127534
1.52,11,1051.166735
-0.71,10,1051.235198
1.64,10,1051.333559
1.3,10,1051.409948
-0.81,5,1051.455699
-0.79,9,1051.526063
-0.61,10,1051.572739
1.51,9,1051.645415
1.38,11,1051.690219
1.48,9,1051.720405
1.54,9,1051.755859
1.64,12,1051.796588
1.51,12,1051.851058
1.47,12,1051.890843
1.32,9,1051.925143
1.38,11,1051.961219
-0.52,13,1052.012194
1.56,9,1052.04136
1.43,11,1052.087443
-0.66,10,1052.12568
1.67,13,1052.213458
-0.47,11,1052.306828
-0.51,14,1052.403524
1.35,10,1052.46614
1.66,10,1052.506498
-0.48,16,1052.557864
1.43,9,1052.591179
1.38,9,1052.619574
1.49,10,1052.652402
1.26,10,1052.728064
1.61,13,1052.852369
1.74,16,1052.945072
-0.4,12,1053.043347
1.56,11,1053.081022
1.54,9,1053.119065
1.45,13,1053.170014
-0.59,15,1053.291651
1.38,9,1053.368427
1.14,4,1053.387099
1.63,12,1053.424213
1.36,11,1053.475082
-0.79,7,1053.536723
-0.77,7,1053.605808
1.64,10,1053.645914
-0.68,12,1053.687864
-0.49,15,1053.774498
-0.68,9,1053.822924
1.39,10,1053.857235
-0.42,15,1053.916899
-0.24,15,1053.969025
1.22,8,1053.999893
-0.23,14,1054.045174
1.6,12,1054.082498
1.51,10,1054.118342
1.39,10,1054.180435
1.44,8,1054.244976
-0.72,10,1054.336942
-0.18,16,1054.476259
-0.76,7,1054.536093
-0.41,13,1054.639837
1.57,14,1054.702921
1.5,11,1054.740765
1.52,11,1054.783125
1.45,12,1054.825557
-0.68,10,1054.868136
-0.74,11,1054.903342
1.46,10,1054.94721
-0.4,14,1054.998243
1.7,15,1055.045846
1.54,9,1055.078488
1.55,15,1055.130579
-0.7,12,1055.176218
1.58,10,1055.240456
1.44,13,1055.293959
-0.52,9,1055.348643
-0.07,13,1055.462002
-0.49,10,1055.531845
-0.71,10,1055.590546
1.58,10,1055.674788
-0.77,7,1055.734785
1.28,8,1055.771085
1.69,10,1055.818547
1.39,10,1055.893799
-0.78,8,1055.955568
1.52,11,1056.003395
-0.67,11,1056.039091
1.55,10,1056.075424
-0.52,14,1056.129198
-0.29,12,1056.173475
1.46,9,1056.202223
-0.6,15,1056.252829
1.44,8,1056.279736
1.54,9,1056.314701
1.54,13,1056.35615
-0.58,13,1056.45707
1.59,10,1056.49273
1.14,4,1056.504337
1.14,4,1056.520725
1.68,12,1056.611858
1.47,10,1056.64925
1.61,10,1056.705347
1.42,9,1056.765341
-0.72,12,1056.811597
1.69,10,1056.845635
1.68,13,1056.912873
1.66,14,1056.982865
1.14,4,1057.001772
1.73,13,1057.054453
-0.9,9,1057.089482
1.59,11,1057.133277
1.5,10,1057.174272
-0.46,15,1057.251345
-0.52,9,1057.302265
1.56,11,1057.342841
-0.47,10,1057.409489
1.43,9,1057.443378
1.59,10,1057.477909
-0.36,15,1057.535318
1.53,11,1057.5844
1.57,11,1057.618362
1.45,10,1057.650614
-0.61,13,1057.693525
1.14,4,1057.707263
1.14,4,1057.720738
1.64,10,1057.786593
1.38,9,1057.831749
1.4,12,1057.875391
-0.61,14,1057.951462
1.53,12,1058.049753
-0.59,12,1058.092415
-0.73,11,1058.144535
1.64,10,1058.175187
1.14,4,1058.188249
-0.68,10,1058.220881
1.59,10,1058.257937
1.44,9,1058.289854
1.64,10,1058.345207
-0.57,13,1058.393735
1.63,13,1058.457551
1.14,4,1058.483979
-0.51,12,1058.528898
1.53,10,1058.563272
1.52,11,1058.609312
1.45,9,1058.647508
-0.34,14,1058.695906
1.7,17,1058.751693
1.63,11,1058.821078
-0.49,14,1058.902099
-0.39,13,1058.946971
-0.03,14,1059.058191
1.54,9,1059.125019
-0.54,13,1059.219616
-0.48,11,1059.263016
1.14,4,1059.276547
1.76,13,1059.377678
1.54,9,1059.429403
1.14,4,1059.444606
-0.31,16,1059.493554
1.14,4,1059.518249
0.01,19,1059.621422
-0.29,16,1059.669965
-0.86,5,1059.693111
1.14,4,1059.710572
1.6,13,1059.754885
1.64,10,1059.791927
-0.6,10,1059.830492
1.14,4,1059.848341
1.64,10,1059.881838
1.51,10,1059.918694
-0.54,11,1059.952899
1.59,13,1060.001112
-0.87,8,1060.06843
1.66,10,1060.162136
-0.26,13,1060.243001
1.46,11,1060.289256
1.53,10,1060.326561
1.78,11,1060.368078
-0.55,13,1060.419983
1.54,9,1060.500641
1.58,11,1060.553173
-0.7,9,1060.610477
1.64,10,1060.696113
1.42,10,1060.755239
-0.35,13,1060.851333
1.14,4,1060.884517
-0.27,15,1061.000822
-0.37,16,1061.093343
-0.55,19,1061.150523
1.54,9,1061.179317
-0.47,15,1061.25891
1.4,12,1061.356096
1.66,11,1061.440877
1.76,12,1061.483302
1.29,7,1061.510587
-0.34,16,1061.575967
1.38,9,1061.603165
1.46,9,1061.631269
1.76,11,1061.701368
1.43,12,1061.76037
1.43,9,1061.791084
1.46,9,1061.818297
1.44,8,1061.842362
1.47,11,1061.886632
-0.72,8,1061.910979
1.59,10,1061.944143
1.51,13,1061.996608
1.66,10,1062.07278
-0.89,10,1062.115037
-0.37,12,1062.158625
1.58,13,1062.205568
1.63,11,1062.263634
1.58,11,1062.362552
-0.75,8,1062.432451
1.66,11,1062.47876
-0.63,11,1062.519799
-0.46,12,1062.597008
-0.83,7,1062.631285
1.64,10,1062.693793
1.53,10,1062.738497
-0.59,12,1062.827435
1.46,14,1062.901142
-0.44,15,1062.944427
-0.67,8,1062.977152
1.14,4,1062.98915
1.54,9,1063.026766
1.53,10,1063.061965
1.14,4,1063.07956
-0.5,11,1063.11866
1.55,14,1063.161657
-0.57,13,1063.204692
1.45,10,1063.242702
1.63,11,1063.27635
1.65,11,1063.31506
-0.73,9,1063.353307
1.34,10,1063.392436
1.52,10,1063.428866
1.47,10,1063.465764
-0.44,17,1063.516932
1.14,4,1063.534405
1.54,9,1063.570969
-0.62,12,1063.610925
1.64,10,1063.642088
-0.38,13,1063.693474
-0.53,14,1063.742474
1.53,10,1063.78512
1.53,10,1063.85623
-0.3,12,1063.906561
-0.55,10,1063.943831
1.47,10,1063.979686
1.45,13,1064.019363
-0.68,9,1064.054604
-0.88,7,1064.080479
1.59,14,1064.166495
-0.82,7,1064.196192
1.32,9,1064.238573
1.46,9,1064.271415
1.47,10,1064.314484
1.54,9,1064.375168
1.53,11,1064.454035
-0.55,14,1064.538896
-0.45,15,1064.593524
1.66,10,1064.621087
1.58,12,1064.665153
1.66,10,1064.697023
1.44,10,1064.754927
1.76,11,1064.798144
1.58,11,1064.835995
1.53,14,1064.880096
-0.9,9,1064.913067
-0.49,10,1064.951678
-0.45,15,1065.014928
1.55,11,1065.053449
1.14,4,1065.066483
-0.7,8,1065.098032
1.48,10,1065.139825
1.51,10,1065.178086
1.6,11,1065.240921
-0.1,16,1065.304203
1.54,9,1065.340253
1.56,10,1065.411241
1.46,9,1065.492063
-0.36,13,1065.589245
-0.47,10,1065.627383
-0.51,9,1065.658788
-0.98,5,1065.673634
1.53,10,1065.708852
-0.46,9,1065.743054
1.46,9,1065.773999
-0.65,11,1065.81155
-0.25,12,1065.853081
1.43,9,1065.8879
-0.78,8,1065.917276
1.14,4,1065.928672
1.5,10,1065.963542
-0.36,14,1066.01103
1.58,11,1066.052578
1.54,9,1066.083394
-0.62,15,1066.151551
-0.89,8,1066.19784
-0.78,8,1066.231142
1.6,12,1066.277524
1.43,10,1066.317014
1.49,11,1066.365198
-0.71,9,1066.398963
1.14,4,1066.410858
-0.17,17,1066.469492
1.14,4,1066.484438
-0.56,11,1066.526789
-0.67,8,1066.579844
-0.48,14,1066.62876
1.43,9,1066.664568
-0.78,8,1066.696167
-0.4,12,1066.749517
1.54,9,1066.784451
1.49,12,1066.872138
1.46,9,1066.899887
1.27,9,1066.932986
-0.02,18,1066.999088
1.5,11,1067.083045
-0.46,9,1067.171789
1.7,12,1067.276226
1.38,9,1067.354483
-0.66,10,1067.444693
1.53,10,1067.540103
1.41,11,1067.614231
1.69,10,1067.669654
1.59,11,1067.746112
-0.56,12,1067.804247
1.37,10,1067.844406
1.54,10,1067.914994
1.44,11,1067.955454
1.59,10,1067.987265
1.14,4,1068.0018
-0.52,9,1068.053022
-0.84,9,1068.100249
1.51,10,1068.139818
1.54,9,1068.175223
1.32,10,1068.220255
1.52,11,1068.257368
1.54,9,1068.287515
1.66,10,1068.34182
-0.53,11,1068.385308
-0.76,8,1068.416254
1.54,9,1068.445343
1.64,10,1068.480864
1.59,10,1068.518933
1.61,13,1068.566865
-0.6,9,1068.613242
-0.51,12,1068.654239
1.49,13,1068.703741
1.59,10,1068.742234
-0.45,13,1068.797305
-0.26,15,1068.888375
-0.54,11,1068.92251
1.14,4,1068.939957
1.59,10,1068.975221
1.53,13,1069.051779
1.66,10,1069.105365
1.71,11,1069.158486
1.52,11,1069.239387
1.36,11,1069.275418
-0.63,13,1069.317109
1.51,9,1069.347009
-0.48,14,1069.390659
1.33,8,1069.419488
-0.67,12,1069.462448
1.45,13,1069.550841
1.51,10,1069.598158
1.59,11,1069.631131
-0.64,11,1069.669086
1.68,11,1069.710161
1.59,10,1069.73872
1.52,11,1069.771679
1.14,4,1069.785524
-0.47,13,1069.829992
-0.54,8,1069.859707
1.86,15,1069.910631
-0.48,14,1069.962948
1.49,11,1070.012881
1.62,13,1070.093749
-0.45,12,1070.143802
1.66,10,1070.17738
1.14,4,1070.202529
-0.54,15,1070.272573
1.54,13,1070.389724
1.38,9,1070.447473
1.46,11,1070.536114
-0.61,10,1070.609085
1.52,17,1070.664273
1.14,4,1070.680953
-0.75,10,1070.717555
-0.79,9,1070.75242
1.61,10,1070.788786
1.54,9,1070.835968
-0.55,12,1070.906073
1.44,8,1070.95248
1.58,14,1071.064442
1.68,11,1071.105526
-0.32,16,1071.169895
1.46,14,1071.255636
-0.83,10,1071.338709
1.5,12,1071.410951
-0.76,12,1071.456956
-0.7,8,1071.485655
1.24,9,1071.518101
-0.39,14,1071.558393
-0.63,13,1071.612167
1.48,15,1071.655822
1.39,10,1071.699115
1.44,8,1071.727019
1.4,12,1071.771137
-0.69,10,1071.805661
-0.69,10,1071.879871
-0.46,9,1071.944687
1.23,9,1071.9801
-0.43,13,1072.028167
1.52,12,1072.068752
1.53,10,1072.102973
1.69,13,1072.150553
1.64,10,1072.189995
1.54,10,1072.222859
1.54,9,1072.256884
-0.55,14,1072.314546
-0.56,9,1072.343236
1.74,11,1072.383235
1.52,12,1072.434057
-0.45,13,1072.489456
1.45,10,1072.531606
1.58,11,1072.613102
1.64,10,1072.650054
1.53,10,1072.69818
1.39,8,1072.741771
-0.83,7,1072.768586
-0.32,14,1072.820826
1.64,10,1072.875924
-0.66,10,1072.937229
1.44,15,1072.996157
1.49,9,1073.030099
1.32,9,1073.080257
-0.62,12,1073.173587
1.55,12,1073.260558
-0.35,14,1073.327353
1.26,10,1073.363111
-0.66,10,1073.407332
1.49,9,1073.470049
1.14,4,1073.486648
1.51,10,1073.526145
1.48,13,1073.573363
1.47,10,1073.61197
1.28,9,1073.663774
1.64,10,1073.72716
1.57,13,1073.802038
1.39,8,1073.840756
1.47,10,1073.876387
-0.56,8,1073.913171
1.14,4,1073.927175
1.5,15,1073.979332
1.14,4,1073.99292
1.54,9,1074.031672
1.56,10,1074.066774
1.66,11,1074.115758
-0.55,11,1074.186513
-0.97,7,1074.240133
1.69,11,1074.285755
1.52,11,1074.322127
-0.25,15,1074.390777
1.42,10,1074.456937
1.42,10,1074.499367
1.37,10,1074.571595
1.47,11,1074.613348
1.58,14,1074.664099
1.64,11,1074.700226
-0.69,11,1074.73464
-0.79,12,1074.815964
1.44,10,1074.853633
1.14,4,1074.864191
1.54,9,1074.934614
-0.46,14,1075.04791
1.53,10,1075.131291
1.43,10,1075.193968
-0.44,16,1075.24647
-0.77,7,1075.273442
-0.46,9,1075.301781
-0.74,10,1075.338774
1.49,9,1075.367748
1.64,10,1075.40286
-0.43,17,1075.458377
-0.68,11,1075.494582
-0.51,13,1075.542764
-0.73,9,1075.57439
-0.64,11,1075.612159
1.69,10,1075.653535
1.07,6,1075.681552
1.73,13,1075.753341
1.4,9,1075.794901
1.14,4,1075.81087
-0.68,9,1075.851765
1.64,10,1075.888925
1.66,10,1075.928498
1.51,10,1075.965388
-0.61,11,1076.026831
1.14,4,1076.049136
1.14,4,1076.070241
1.37,10,1076.108691
-0.43,15,1076.170667
-0.34,11,1076.214101
1.14,4,1076.229225
1.5,10,1076.262698
1.39,8,1076.291585
1.55,11,1076.328765
1.58,11,1076.372885
1.14,4,1076.388396
-0.43,14,1076.442231
-0.55,13,1076.496699
1.33,10,1076.539468
1.42,11,1076.578919
1.14,4,1076.593085
-0.69,9,1076.632836
-0.82,6,1076.659535
1.59,10,1076.698969
1.37,12,1076.746333
-0.4,12,1076.794359
1.41,11,1076.841181
1.39,10,1076.875126
1.15,10,1076.925881
1.51,12,1076.972163
-0.4,14,1077.023703
1.42,10,1077.064954
-0.33,16,1077.127259
-0.32,16,1077.179184
1.52,11,1077.229573
1.47,11,1077.27966
-0.76,6,1077.302531
-0.49,15,1077.394492
1.54,9,1077.434263
1.64,10,1077.471594
-0.59,9,1077.504517
-0.59,13,1077.565648
1.52,11,1077.614653
1.66,11,1077.659892
-0.77,10,1077.690794
-0.64,13,1077.742011
-0.26,13,1077.786541
-0.36,17,1077.872439
1.54,9,1077.910582
1.44,8,1077.939585
-0.19,18,1078.010725
-0.64,11,1078.064955
1.3,9,1078.101072
-0.61,8,1078.132493
1.35,11,1078.175169
1.7,15,1078.228277
1.14,4,1078.242859
1.64,10,1078.274846
1.54,9,1078.309601
1.43,9,1078.34578
-0.46,14,1078.391095
-0.53,11,1078.431037
-0.63,12,1078.475362
1.47,10,1078.510914
1.65,15,1078.563488
-0.67,10,1078.597001
-0.52,9,1078.632168
1.54,9,1078.660263
1.64,10,1078.713654
1.54,9,1078.785986
-0.37,14,1078.87128
-0.58,16,1078.961104
1.63,11,1079.02141
1.21,9,1079.055002
1.64,10,1079.090528
1.61,11,1079.124208
-0.64,10,1079.151702
1.5,11,1079.191438
1.46,9,1079.23017
1.61,10,1079.275053
1.56,11,1079.320845
-0.62,10,1079.356321
1.74,16,1079.42215
-0.71,10,1079.483957
-0.76,6,1079.51811
-0.33,15,1079.58021
1.36,12,1079.627552
-0.65,12,1079.662546
1.69,10,1079.708209
-0.5,14,1079.754942
-0.55,10,1079.793823
1.45,10,1079.833892
-0.64,7,1079.862724
1.64,10,1079.908942
-0.67,15,1079.963162
1.42,13,1080.011146
1.55,12,1080.067951
-0.44,12,1080.112539
1.14,4,1080.126329
-0.51,11,1080.170406
1.48,9,1080.202092
1.43,10,1080.240001
1.14,4,1080.256782
-0.58,11,1080.297473
-0.55,14,1080.373924
1.66,11,1080.434032
1.6,11,1080.532634
1.64,10,1080.624945
1.54,9,1080.70134
-0.34,16,1080.7667
1.42,10,1080.847946
-0.43,11,1080.897894
1.52,12,1080.942867
1.33,8,1081.004667
1.48,12,1081.099935
-0.75,10,1081.18783
-0.49,11,1081.267631
1.56,9,1081.306445
1.54,9,1081.340984
-0.63,10,1081.374575
1.55,10,1081.461518
-0.38,16,1081.573025
1.78,15,1081.626058
1.49,9,1081.653756
1.54,9,1081.682215
-0.48,11,1081.721618
1.64,10,1081.758634
1.5,10,1081.791373
1.6,11,1081.830322
1.44,8,1081.856577
1.64,10,1081.894655
1.67,13,1081.936312
1.71,11,1082.012041
-0.64,13,1082.082709
-0.48,15,1082.130323
1.51,9,1082.159922
1.32,9,1082.199129
1.44,13,1082.268416
-0.49,13,1082.343528
1.55,11,1082.387707
-0.64,12,1082.463808
-0.34,18,1082.558417
1.14,4,1082.574658
-0.53,14,1082.623128
1.52,11,1082.665664
-0.56,12,1082.719287
-0.62,11,1082.755142
1.33,8,1082.783988
1.44,9,1082.816036
1.14,4,1082.829004
-0.57,12,1082.870401
1.29,7,1082.894319
1.14,4,1082.912924
-0.29,11,1082.963669
-0.78,8,1082.996548
1.69,11,1083.044157
1.43,10,1083.083479
-0.77,13,1083.132255
1.44,8,1083.17468
-0.62,9,1083.216775
-0.49,13,1083.255928
-0.88,7,1083.284444
-0.75,11,1083.328001
-0.73,8,1083.358649
1.49,17,1083.415932
1.71,11,1083.453972
-0.77,7,1083.479014
1.64,10,1083.52308
-0.42,13,1083.57096
1.54,9,1083.602745
-0.36,13,1083.655032
-0.89,8,1083.686144
-0.77,7,1083.708257
-0.62,12,1083.753765
-0.45,10,1083.798998
-0.39,15,1083.852174
1.43,10,1083.891571
-0.47,13,1083.940074
1.61,10,1083.978299
1.46,9,1084.008966
-0.61,10,1084.049269
1.65,14,1084.10475
1.39,10,1084.145072
1.45,14,1084.198285
1.54,12,1084.241033
1.36,11,1084.279593
-0.74,7,1084.317149
1.47,10,1084.353126
1.59,10,1084.399951
-0.88,13,1084.441828
1.14,4,1084.457768
1.56,9,1084.489934
-0.82,7,1084.515793
1.79,12,1084.556438
1.65,11,1084.605233
-0.65,9,1084.654472
1.36,8,1084.682279
1.48,11,1084.718959
-0.26,12,1084.817887
-0.44,11,1084.902429
1.59,10,1085.002357
1.59,10,1085.074921
-0.78,14,1085.154852
1.34,10,1085.191396
-0.62,9,1085.244505
1.51,9,1085.326921
-0.59,13,1085.388825
1.54,9,1085.417477
1.18,6,1085.438086
-0.63,14,1085.538125
-0.7,11,1085.643705
-0.23,16,1085.742716
-0.6,9,1085.821083
-0.58,13,1085.868503
-0.64,11,1085.901913
1.66,11,1085.940331
1.54,9,1085.972437
-0.76,8,1086.003164
-0.38,13,1086.066318
1.14,4,1086.082803
-0.26,16,1086.1459
-0.72,8,1086.178115
-0.47,11,1086.218417
1.61,10,1086.255249
1.42,11,1086.286005
1.14,4,1086.297569
-0.37,11,1086.3375
-0.78,8,1086.377227
1.49,11,1086.411737
1.51,12,1086.45427
-0.56,9,1086.492785
-0.46,9,1086.527465
1.71,11,1086.567281
1.18,6,1086.587433
-0.45,10,1086.624979
1.64,10,1086.693753
1.65,11,1086.796426
1.61,10,1086.87229
1.39,10,1086.948349
1.54,9,1087.002017
1.54,13,1087.043882
1.43,9,1087.073105
1.64,10,1087.113446
1.31,10,1087.174202
1.33,8,1087.24581
1.35,10,1087.302038
-0.75,11,1087.398621
1.49,9,1087.427415
1.32,9,1087.459901
1.38,9,1087.497323
-0.55,10,1087.570243
1.59,10,1087.607109
1.14,4,1087.62129
1.45,10,1087.665543
1.51,9,1087.70045
1.59,13,1087.74213
-0.42,15,1087.798656
1.44,9,1087.838316
-0.23,17,1087.945867
1.65,11,1087.981381
1.36,13,1088.029008
1.37,9,1088.058388
-0.27,14,1088.105031
-0.47,10,1088.13793
-0.46,9,1088.183289
-0.54,12,1088.223209
-0.62,12,1088.266011
1.54,9,1088.293928
1.38,9,1088.350237
-0.57,13,1088.420963
1.54,9,1088.453394
-0.7,7,1088.481392
1.41,11,1088.518798
1.69,12,1088.562545
1.54,13,1088.649749
1.14,4,1088.668971
-0.75,11,1088.758486
-0.46,18,1088.886968
1.54,9,1088.947719
1.46,9,1088.992307
1.14,4,1089.00792
1.33,11,1089.044489
1.44,11,1089.081521
-0.54,12,1089.123082
1.5,11,1089.162437
1.28,8,1089.191517
1.57,11,1089.235384
1.81,13,1089.282928
1.69,10,1089.318763
-0.21,18,1089.379636
-0.4,18,1089.445359
1.54,9,1089.481738
-0.82,12,1089.539181
-0.39,15,1089.591223
-0.13,15,1089.700247
-0.63,10,1089.775531
-0.46,13,1089.818344
1.71,13,1089.898366
1.53,12,1089.944949
1.64,10,1089.978935
1.44,10,1090.017441
1.53,13,1090.053374
1.43,9,1090.120662
1.56,10,1090.19417
1.64,10,1090.235253
1.54,9,1090.273504
1.57,12,1090.35619
-0.55,9,1090.388857
1.53,10,1090.424633
-0.49,16,1090.479457
1.4,10,1090.514658
1.14,4,1090.526234
1.51,10,1090.562457
-0.25,17,1090.618702
1.65,13,1090.665742
1.46,9,1090.692823
-0.58,10,1090.730109
1.64,10,1090.767774
1.24,9,1090.838895
-0.68,9,1090.919946
1.47,11,1090.999116
1.64,10,1091.085739
-0.59,15,1091.185347
-0.31,17,1091.255427
-0.74,9,1091.286743
1.63,11,1091.359683
1.56,10,1091.458206
-0.5,14,1091.561977
1.34,8,1091.591237
-0.23,14,1091.635719
1.53,11,1091.682644
-0.3,12,1091.784964
1.58,10,1091.869203
1.66,16,1091.924429
-0.44,11,1091.968241
1.18,9,1092.00054
-0.08,15,1092.062466
1.69,11,1092.097878
-0.46,11,1092.138706
1.5,14,1092.218385
1.48,12,1092.263111
-0.51,12,1092.304823
1.14,4,1092.321358
1.52,11,1092.353998
1.54,9,1092.391161
-0.72,8,1092.418385
1.65,11,1092.457691
-0.19,16,1092.562151
1.44,8,1092.583761
-0.47,14,1092.631501
-0.78,10,1092.66664
-0.42,14,1092.711498
1.69,11,1092.787823
-0.23,14,1092.889013
1.59,10,1092.96644
-0.49,13,1093.016117
1.53,10,1093.049209
2.03,18,1093.10968
-0.54,13,1093.158878
-0.57,9,1093.193246
1.5,11,1093.232999
1.9,14,1093.277066
1.83,13,1093.321657
1.65,11,1093.357459
1.52,11,1093.393897
-0.42,10,1093.430217
-0.74,9,1093.510854
-0.72,10,1093.609389
-0.81,11,1093.69109
1.53,9,1093.720774
-0.56,10,1093.762764
1.6,11,1093.804187
1.39,9,1093.835765
1.53,11,1093.910806
-0.57,13,1093.96312
-0.46,12,1094.002337
1.57,11,1094.043214
-0.48,15,1094.095096
1.14,4,1094.111769
1.78,13,1094.154182
-0.69,10,1094.187861
1.38,11,1094.225778
-0.77,9,1094.266504
1.38,9,1094.305936
1.54,13,1094.345851
-0.43,15,1094.396097
1.76,11,1094.444983
1.46,16,1094.534923
-0.44,11,1094.57085
1.48,9,1094.596265
-0.92,11,1094.632816
-0.44,16,1094.71429
1.37,11,1094.750132
1.66,10,1094.81271
1.53,10,1094.896837
-0.2,21,1094.961416
-0.73,14,1095.008208
1.36,10,1095.043794
-0.53,11,1095.085636
1.56,13,1095.180664
-0.51,12,1095.276072
0.02,20,1095.360106
1.88,16,1095.428023
-0.5,11,1095.471016
-0.63,13,1095.515156
1.54,9,1095.589364
-0.24,13,1095.679055
1.37,9,1095.706117
-0.71,12,1095.74439
-0.29,15,1095.797718
-0.54,15,1095.852268
1.45,10,1095.886044
1.79,15,1095.946446
-0.44,14,1096.01827
1.48,9,1096.046009
1.47,11,1096.082023
-0.95,8,1096.110527
1.58,10,1096.146749
-0.89,7,1096.177049
-0.68,11,1096.214724
-0.88,9,1096.24842
1.6,11,1096.285212
-0.59,12,1096.334277
-0.45,12,1096.378182
-0.63,11,1096.418383
1.38,11,1096.483939
1.66,10,1096.563401
1.64,10,1096.613972
1.4,9,1096.691628
1.4,9,1096.76227
-0.36,16,1096.905995
1.63,11,1097.007383
-0.69,13,1097.092686
1.14,4,1097.124863
-0.82,12,1097.239151
1.51,10,1097.326015
-0.32,11,1097.364867
1.69,11,1097.415241
-0.46,9,1097.484061
-0.4,14,1097.542112
-0.58,11,1097.577409
-0.63,13,1097.653072
-0.58,11,1097.75769
1.45,13,1097.859378
-0.6,10,1097.94339
1.54,9,1097.980366
1.44,10,1098.010943
1.46,9,1098.040349
-0.73,9,1098.072096
-0.1,19,1098.127509
1.9,15,1098.23433
1.54,9,1098.263996
1.54,9,1098.328969
1.14,4,1098.361888
-0.41,17,1098.456407
1.48,10,1098.487312
-0.52,13,1098.530039
-0.45,11,1098.572574
-0.5,13,1098.646516
1.4,9,1098.673278
1.14,4,1098.687252
1.52,11,1098.725134
-0.62,9,1098.766127
1.5,11,1098.807355
-0.58,11,1098.840632
1.4,9,1098.89749
1.14,4,1098.929363
1.59,11,1098.974046
-0.77,14,1099.020411
1.55,12,1099.068871
1.14,4,1099.087177
1.36,13,1099.13216
1.59,16,1099.198075
1.64,10,1099.255799
1.34,9,1099.330207
1.54,9,1099.4048
1.56,9,1099.486434
1.14,4,1099.512343
1.54,9,1099.555996
1.14,4,1099.566462
1.49,9,1099.594182
1.49,15,1099.686896
-0.48,13,1099.74078
-0.33,11,1099.784431
-0.6,9,1099.815353
1.37,10,1099.855179
1.54,9,1099.889788
-0.69,10,1099.92029
-0.52,13,1099.96152
-0.84,8,1099.992952
1.64,14,1100.049147
1.14,4,1100.061394
1.14,4,1100.073709
-0.53,14,1100.120392
1.43,10,1100.16354
-0.79,6,1100.188057
-0.93,6,1100.210525
1.71,14,1100.262363
1.63,12,1100.311802
1.53,10,1100.347091
-0.52,13,1100.393401
1.52,12,1100.433353
1.51,10,1100.471182
1.44,8,1100.50052
1.49,10,1100.531853
1.14,4,1100.544796
-0.56,11,1100.582608
1.79,12,1100.622063
1.5,13,1100.665235
1.54,15,1100.718561
1.64,10,1100.762203
1.48,10,1100.798347
-0.85,15,1100.84982
1.53,10,1100.88161
1.44,11,1100.922555
1.53,10,1100.957654
1.64,10,1100.989627
1.14,4,1101.003193
1.14,4,1101.018932
-0.22,15,1101.0704
1.64,10,1101.102864
1.46,9,1101.135486
-0.15,13,1101.189356
-0.36,14,1101.269816
-0.49,12,1101.33731
-0.38,15,1101.436714
1.47,10,1101.501345
1.46,9,1101.583329
-0.28,14,1101.675095
1.69,11,1101.74882
1.49,9,1101.815616
-0.5,15,1101.874028
1.51,9,1101.906651
1.14,4,1101.920032
-0.49,10,1101.968043
1.64,10,1102.006464
-0.76,11,1102.040607
0.92,21,1102.129223
-0.53,11,1102.176075
1.14,4,1102.188867
-0.56,11,1102.226807
1.55,11,1102.261371
-0.69,14,1102.336517
1.5,9,1102.374965
1.47,10,1102.416296
1.14,4,1102.431724
1.54,9,1102.46564
-0.36,10,1102.501744
1.43,9,1102.531259
1.54,9,1102.559789
-0.34,14,1102.611091
-0.4,14,1102.65162
-0.77,7,1102.678728
1.36,8,1102.708308
-0.75,11,1102.77407
-0.7,9,1102.845462
1.48,10,1102.942721
-0.62,15,1102.992625
1.39,11,1103.032561
1.61,11,1103.067365
1.14,4,1103.080429
1.58,14,1103.134701
1.69,10,1103.173758
1.44,9,1103.210696
1.63,11,1103.250399
-1.03,4,1103.267488
1.67,13,1103.321712
-0.43,12,1103.367077
-0.13,19,1103.426209
-0.52,12,1103.470379
1.31,9,1103.516767
1.53,10,1103.570476
-0.6,12,1103.645661
-0.74,9,1103.682858
1.4,10,1103.721916
-0.63,10,1103.780452
-0.41,10,1103.873392
1.46,9,1103.941928
1.53,13,1103.996732
-0.85,9,1104.036916
-0.32,10,1104.077285
-0.46,14,1104.126404
-0.73,12,1104.175876
1.53,13,1104.225972
-0.59,11,1104.2728
1.33,8,1104.303139
1.51,9,1104.337934
1.57,13,1104.387834
1.14,4,1104.400895
1.5,10,1104.435661
1.14,4,1104.451504
1.39,10,1104.483227
1.56,10,1104.515669
1.25,11,1104.554682
-0.67,14,1104.602612
-0.71,10,1104.63448
-0.89,8,1104.687047
1.65,15,1104.797218
1.14,4,1104.820517
-0.67,11,1104.914309
-0.49,10,1104.952561
1.46,9,1104.983139
1.74,11,1105.029628
1.14,4,1105.042322
1.74,11,1105.087358
1.38,11,1105.122211
-0.72,8,1105.170569
1.67,12,1105.271466
1.46,9,1105.304231
1.66,10,1105.349433
1.38,9,1105.426116
1.45,11,1105.481784
-0.64,8,1105.514244
-0.63,13,1105.557299
1.44,14,1105.635088
1.37,10,1105.727591
1.42,8,1105.788838
1.78,14,1105.83914
-0.4,13,1105.899485
1.43,10,1105.931353
-0.63,13,1105.979894
-0.72,11,1106.02065
-0.05,19,1106.083853
1.45,11,1106.119005
1.59,10,1106.154831
1.44,11,1106.227823
1.45,10,1106.271944
1.14,4,1106.28971
-0.8,12,1106.335596
1.32,9,1106.370331
1.81,11,1106.442489
1.3,11,1106.484837
1.4,9,1106.515021
1.45,11,1106.551806
1.44,9,1106.584013
-0.84,8,1106.611843
1.4,12,1106.65776
-0.42,11,1106.731871
1.62,12,1106.783958
1.53,10,1106.853008
-0.61,11,1106.922632
1.3,8,1106.993387
1.56,13,1107.120414
-0.7,12,1107.211664
-0.62,11,1107.293147
1.56,9,1107.347524
-0.62,11,1107.3979
1.14,4,1107.410269
1.55,10,1107.445138
1.28,13,1107.4845
1.14,4,1107.5006
1.14,4,1107.515438
-0.74,10,1107.548491
-0.37,12,1107.614018
1.51,9,1107.661951
1.44,8,1107.690803
1.7,12,1107.75948
1.29,7,1107.803321
1.53,11,1107.87488
1.49,11,1107.930399
1.14,4,1107.948701
-0.53,11,1107.987742
-0.38,13,1108.034796
-0.25,17,1108.144687
-0.26,13,1108.199959
1.12,7,1108.224422
-0.4,12,1108.295886
1.37,9,1108.374426
-0.68,10,1108.452496
1.42,10,1108.492795
1.5,10,1108.526623
-0.85,10,1108.573269
-0.43,13,1108.615479
1.54,9,1108.645552
1.47,10,1108.700253
1.69,11,1108.785657
1.53,10,1108.871057
1.14,4,1108.905066
1.21,9,1108.980843
1.45,12,1109.055942
1.54,9,1109.118913
-0.97,4,1109.133193
-0.64,8,1109.165699
-0.67,9,1109.201598
1.45,11,1109.235674
-0.31,11,1109.278088
1.28,10,1109.317207
1.64,10,1109.349192
1.46,9,1109.378357
1.19,5,1109.39959
-0.69,13,1109.447966
1.46,9,1109.509757
-0.18,17,1109.596129
1.14,4,1109.628543
-0.42,11,1109.688367
1.54,9,1109.717881
1.27,9,1109.75689
1.47,10,1109.788131
-0.52,10,1109.82847
1.71,11,1109.862502
1.43,12,1109.927597
1.54,9,1109.965202
1.65,11,1110.028082
1.14,4,1110.062961
-0.85,12,1110.173338
1.46,9,1110.25298
-0.41,13,1110.36518
1.42,10,1110.434654
1.14,4,1110.449088
1.37,10,1110.495772
-0.18,16,1110.550259
1.68,10,1110.580969
1.59,10,1110.641959
1.64,10,1110.699309
1.14,4,1110.721646
1.44,11,1110.790147
1.14,4,1110.824865
1.46,9,1110.88939
-0.71,9,1110.971696
-0.76,11,1111.065089
-0.52,11,1111.139284
-0.72,8,1111.165955
1.46,10,1111.239884
-0.58,10,1111.330806
-0.58,14,1111.412821
-0.42,12,1111.457966
-0.69,10,1111.500988
-0.63,9,1111.535244
1.64,10,1111.568192
1.41,11,1111.60617
-0.6,10,1111.647295
1.45,10,1111.68432
1.61,11,1111.729941
1.44,8,1111.793354
-0.46,13,1111.851801
1.52,11,1111.880929
1.14,4,1111.891791
1.54,9,1111.927307
1.7,13,1111.975293
1.68,11,1112.01362
1.14,4,1112.026591
1.68,11,1112.061626
1.37,10,1112.102672
-0.56,13,1112.14465
-0.82,9,1112.180706
1.14,4,1112.196683
-0.79,9,1112.235656
1.14,4,1112.252973
-0.67,12,1112.293186
-0.55,11,1112.357693
-0.46,15,1112.442526
1.61,10,1112.498044
-0.56,8,1112.530275
1.64,10,1112.561692
-0.74,10,1112.605989
-0.36,10,1112.654601
1.54,9,1112.72289
1.58,13,1112.763193
-0.39,12,1112.805571
-0.58,10,1112.847427
-0.9,6,1112.898743
1.61,11,1112.956372
-0.25,15,1113.057164
1.61,13,1113.098931
1.64,10,1113.132574
-0.77,7,1113.157018
1.42,10,1113.196684
-0.47,10,1113.232182
1.44,8,1113.25983
1.14,4,1113.272823
1.58,10,1113.304729
1.54,12,1113.344546
-0.58,10,1113.376957
1.54,9,1113.405374
-0.61,10,1113.440478
1.46,9,1113.472317
1.56,14,1113.517359
1.43,9,1113.551115
-0.39,12,1113.592526
-0.46,9,1113.626869
1.34,10,1113.658173
1.64,10,1113.692061
1.51,10,1113.731212
1.62,13,1113.773711
1.14,4,1113.785606
-0.55,14,1113.838116
-0.6,10,1113.900551
1.54,9,1113.936556
1.46,9,1113.967061
-0.24,16,1114.02005
1.51,13,1114.065123
1.69,11,1114.109913
-0.36,10,1114.147753
1.14,4,1114.166622
1.32,10,1114.202164
1.42,11,1114.237722
1.59,17,1114.289824
-0.73,9,1114.325591
1.54,9,1114.357183
-0.28,13,1114.407822
1.53,10,1114.476677
1.14,4,1114.508737
1.48,10,1114.577892
-0.43,15,1114.636865
-0.53,11,1114.696855
-0.78,7,1114.746154
1.37,10,1114.782971
1.52,11,1114.825456
1.54,9,1114.860339
-0.43,12,1114.910056
-0.63,12,1114.951544
-0.73,8,1114.983542
-0.63,12,1115.024245
1.54,9,1115.06176
1.43,9,1115.093878
1.53,11,1115.15204
1.44,11,1115.243166
1.19,5,1115.300401
-0.49,16,1115.394027
1.53,10,1115.46423
1.74,11,1115.544602
1.4,10,1115.576842
1.39,10,1115.620785
1.47,10,1115.660757
1.54,9,1115.69516
-0.71,9,1115.729093
0.1,18,1115.788544
-0.38,14,1115.873919
1.51,10,1115.910362
-0.31,13,1115.965013
1.55,10,1116.029686
1.5,11,1116.120721
-0.63,10,1116.202855
-0.44,17,1116.33621
-0.78,7,1116.361256
1.4,10,1116.395567
1.14,4,1116.409174
1.55,11,1116.46617
-0.82,7,1116.50092
1.14,4,1116.518316
1.54,9,1116.592544
1.64,10,1116.645684
-0.63,10,1116.681131
1.14,4,1116.695188
1.4,9,1116.727464
1.55,11,1116.772232
1.58,10,1116.80672
1.47,10,1116.834779
1.64,10,1116.868016
-0.56,11,1116.950642
1.69,17,1117.007511
1.64,10,1117.041195
1.49,12,1117.105103
1.57,13,1117.21793
1.59,10,1117.297103
1.32,8,1117.371034
-0.65,9,1117.441689
-0.49,15,1117.501304
1.46,9,1117.540179
1.52,12,1117.585372
1.54,9,1117.641432
-1.03,4,1117.677138
1.66,14,1117.739191
-0.22,17,1117.816763
-0.72,8,1117.905683
1.74,11,1117.960552
-0.77,7,1117.989112
-0.73,7,1118.012262
1.44,11,1118.076929
1.58,10,1118.14036
1.64,10,1118.176473
1.56,16,1118.224997
1.14,4,1118.23904
-0.6,10,1118.277047
-0.24,18,1118.339293
-0.82,6,1118.358915
-0.26,20,1118.438959
1.58,11,1118.472857
1.34,12,1118.519545
1.49,11,1118.560022
-0.62,9,1118.589853
1.54,9,1118.621989
1.54,9,1118.661265
1.64,10,1118.696517
1.58,10,1118.728584
1.39,8,1118.757405
-0.44,14,1118.811359
1.5,10,1118.840865
1.44,11,1118.880046
-0.68,11,1118.920795
1.14,4,1118.936624
-0.76,11,1118.975816
-0.63,10,1119.00922
1.58,10,1119.051346
1.42,10,1119.092088
-0.43,15,1119.152026
-0.52,10,1119.18803
1.66,10,1119.227383
1.54,9,1119.266531
-0.66,7,1119.290188
1.54,9,1119.318306
1.53,10,1119.35089
-0.61,8,1119.384509
-0.52,12,1119.423313
1.64,10,1119.460675
1.68,11,1119.497047
-0.7,12,1119.545157
1.58,10,1119.577384
1.48,10,1119.613514
1.14,4,1119.625562
-0.93,6,1119.656224
1.58,11,1119.694124
-0.56,12,1119.734684
1.53,11,1119.783418
1.14,4,1119.811642
1.53,11,1119.856668
1.43,11,1119.891669
1.54,9,1119.923944
1.26,10,1119.959007
1.57,12,1120.008039
-0.59,15,1120.057119
1.73,14,1120.100319
1.47,10,1120.135873
1.48,10,1120.168322
1.74,14,1120.219225
1.51,10,1120.258602
1.64,10,1120.304574
1.33,8,1120.337515
1.63,11,1120.430916
1.58,11,1120.53052
-0.86,5,1120.585986
-0.42,15,1120.642599
-0.44,10,1120.680596
1.6,12,1120.720676
1.53,10,1120.756391
1.14,4,1120.767556
1.14,4,1120.780403
1.44,8,1120.805204
1.54,9,1120.838924
1.49,11,1120.873191
1.61,10,1120.908232
1.46,9,1120.938194
1.34,10,1120.977672
-0.57,13,1121.027393
1.5,10,1121.066892
-0.75,11,1121.10817
-0.57,9,1121.175461
1.14,4,1121.192077
1.14,4,1121.205832
1.44,8,1121.266903
1.37,10,1121.323121
-0.19,14,1121.371043
1.54,9,1121.405638
-0.58,10,1121.440737
1.47,12,1121.490062
1.42,10,1121.528774
-0.68,10,1121.566013
1.54,9,1121.605034
1.55,11,1121.67572
1.72,15,1121.727144
1.3,9,1121.758966
1.44,12,1121.802993
1.14,4,1121.818113
1.28,11,1121.85915
1.37,10,1121.899109
-0.45,14,1121.959104
-0.3,15,1122.076404
1.14,4,1122.088279
-0.34,19,1122.149082
1.33,8,1122.177525
1.33,10,1122.221711
1.14,4,1122.235487
1.14,4,1122.247708
-0.34,13,1122.294065
1.14,4,1122.314105
1.64,10,1122.401734
1.43,12,1122.440756
1.53,10,1122.470612
1.14,4,1122.489232
1.42,8,1122.52532
1.6,18,1122.634674
-0.45,13,1122.712365
1.73,11,1122.813103
1.32,12,1122.913828
1.78,11,1123.006917
1.63,11,1123.07383
-0.56,8,1123.12927
-0.77,7,1123.159615
1.58,11,1123.219589
1.54,9,1123.251608
1.46,11,1123.299898
1.45,9,1123.334523
1.4,9,1123.371019
-0.47,15,1123.43146
-0.34,11,1123.486038
1.48,12,1123.537177
1.14,4,1123.555199
1.43,9,1123.633579
1.69,10,1123.673728
1.56,9,1123.71348
1.55,11,1123.75841
-0.61,14,1123.847624
1.66,10,1123.893623
1.14,4,1123.911534
-0.67,14,1123.967285
1.5,11,1124.013896
-0.49,9,1124.098482
-0.7,12,1124.173577
-0.88,6,1124.208142
1.54,9,1124.268583
-0.51,13,1124.323091
-0.44,10,1124.366439
-0.47,14,1124.423065
1.83,14,1124.485906
1.52,12,1124.531754
1.51,9,1124.57159
-0.65,12,1124.633572
-0.72,8,1124.674854
1.45,12,1124.733526
1.47,12,1124.786923
1.14,4,1124.802743
1.64,10,1124.842751
1.39,10,1124.894387
1.4,9,1124.931156
1.14,4,1124.947455
1.37,12,1125.002206
1.66,10,1125.04344
1.7,13,1125.11431
1.14,4,1125.132572
1.44,8,1125.165515
1.64,10,1125.208047
-0.87,8,1125.240055
-0.2,18,1125.324699
1.55,10,1125.364757
1.68,15,1125.424523
1.54,9,1125.458457
1.54,9,1125.497519
1.69,11,1125.539881
1.44,8,1125.58976
-0.66,9,1125.664758
-0.72,8,1125.71716
-0.62,9,1125.78589
1.72,13,1125.927162
-0.58,10,1125.978662
-0.79,6,1126.002755
-0.61,10,1126.050812
1.96,17,1126.14788
-0.62,15,1126.210263
1.69,12,1126.263719
1.53,10,1126.306316
1.2,10,1126.355356
1.34,10,1126.400253
-0.56,16,1126.482914
1.38,9,1126.526312
-0.76,8,1126.569919
1.68,10,1126.628281
1.55,10,1126.672905
1.51,9,1126.71471
-0.47,13,1126.78792
-0.41,14,1126.844875
1.4,10,1126.884478
1.64,10,1126.928672
-0.54,11,1126.983484
1.5,13,1127.017554
-0.36,12,1127.073008
-0.65,11,1127.116716
-0.66,7,1127.14696
1.46,12,1127.210271
1.46,9,1127.247591
-0.47,12,1127.303864
1.37,9,1127.336535
1.36,11,1127.380727
-0.32,15,1127.441975
1.55,11,1127.497219
1.42,16,1127.575532
-0.52,10,1127.629751
1.54,10,1127.67909
1.14,4,1127.699357
1.44,8,1127.748676
1.14,4,1127.765527
1.54,9,1127.811841
1.63,10,1127.917758
-0.66,13,1128.004696
-0.68,9,1128.049918
-0.7,8,1128.088738
1.54,9,1128.13115
1.14,4,1128.150382
1.33,8,1128.189001
1.43,15,1128.241954
1.48,10,1128.286086
-0.33,13,1128.3576
1.66,10,1128.411979
1.61,13,1128.482703
-0.55,10,1128.523525
-0.57,13,1128.580307
1.58,14,1128.655603
1.61,10,1128.710233
1.64,10,1128.756551
-0.73,12,1128.826296
1.64,10,1128.892582
1.63,11,1128.962379
-0.56,14,1129.035434
1.53,10,1129.096399
1.66,11,1129.17787
1.64,10,1129.232963
1.14,4,1129.257192
1.65,11,1129.321406
-0.8,10,1129.385293
1.54,16,1129.467905
1.54,9,1129.528982
-0.62,15,1129.679079
1.64,10,1129.728595
1.32,9,1129.767476
1.45,10,1129.812787
-0.71,9,1129.864004
-0.4,17,1129.927072
1.51,10,1129.973019
1.4,9,1130.009667
1.56,10,1130.040994
1.64,10,1130.078559
1.63,11,1130.121145
1.76,18,1130.17523
-0.51,12,1130.225246
1.57,11,1130.262643
1.63,11,1130.299906
1.55,10,1130.34838
1.54,9,1130.389903
-0.62,9,1130.423786
-0.54,19,1130.477426
-0.59,12,1130.516505
1.14,4,1130.531879
1.63,12,1130.569841
-0.83,13,1130.600133
1.66,10,1130.630647
1.39,10,1130.666089
1.41,8,1130.694862
-0.44,13,1130.741796
-0.55,16,1130.781516
-0.49,9,1130.812006
1.58,11,1130.85379
-0.62,12,1130.899449
-0.63,12,1130.936755
-0.64,8,1130.961801
1.66,10,1130.989681
1.48,10,1131.017841
1.54,9,1131.04249
-0.26,17,1131.094476
-0.76,9,1131.12285
-0.56,10,1131.159104
-0.35,17,1131.21038
1.46,9,1131.241808
1.52,11,1131.278159
-0.65,9,1131.307836
-0.52,15,1131.35474
1.39,8,1131.382317
1.41,8,1131.411582
-0.19,15,1131.457981
-0.22,14,1131.505008
-0.32,14,1131.558611
-0.44,17,1131.60785
1.54,9,1131.639326
1.66,10,1131.674334
-0.52,12,1131.71472
-0.19,18,1131.770017
-0.67,8,1131.797252
-0.78,9,1131.834707
1.83,14,1131.885668
1.59,10,1131.920702
1.59,13,1131.962749
1.48,10,1131.995833
1.31,10,1132.029538
-0.42,11,1132.065861
1.64,10,1132.09284
1.54,11,1132.130602
1.61,10,1132.15967
1.64,10,1132.18904
1.14,4,1132.199124
1.56,9,1132.224583
1.54,9,1132.256162
-0.39,12,1132.290928
1.52,11,1132.320153
-0.22,19,1132.372372
1.56,11,1132.408695
1.64,10,1132.456568
-0.46,11,1132.49428
-0.82,8,1132.524257
1.44,8,1132.557857
1.49,11,1132.592571
1.54,12,1132.63289
-0.45,18,1132.689496
-0.44,12,1132.728748
-0.68,8,1132.755825
-0.57,10,1132.791612
-0.53,11,1132.822356
1.61,10,1132.857129
1.64,10,1132.886216
1.14,4,1132.896219
-0.41,13,1132.946565
1.44,8,1132.974968
1.6,11,1133.010583
1.74,11,1133.052583
1.71,11,1133.086891
1.52,11,1133.131306
-0.46,15,1133.253846
-0.77,10,1133.304047
-0.52,12,1133.370769
-0.08,17,1133.494319
1.49,11,1133.529482
1.42,13,1133.574352
1.54,9,1133.689456
1.27,9,1133.731618
-0.25,16,1133.791298
-0.98,5,1133.809514
1.14,4,1133.823107
1.45,10,1133.862658
-0.63,16,1133.911497
1.68,11,1133.954643
-0.68,13,1134.000654
-0.76,9,1134.037204
1.14,4,1134.046224
-0.57,10,1134.085385
1.14,4,1134.095115
1.4,9,1134.127514
-0.51,10,1134.172511
-0.62,7,1134.194677
1.35,9,1134.229712
1.69,11,1134.276727
1.54,9,1134.30994
1.14,4,1134.322995
-0.49,12,1134.365898
1.14,4,1134.377678
1.57,12,1134.417297
-0.65,13,1134.478397
-0.35,11,1134.554018
-0.56,14,1134.724779
-0.58,18,1134.823957
1.14,4,1134.83932
-0.42,11,1134.881705
1.14,4,1134.895201
-0.7,9,1134.927463
1.49,11,1134.972554
1.63,11,1135.0192
1.45,13,1135.069434
1.5,11,1135.106863
1.43,9,1135.138702
-0.77,7,1135.167285
1.54,9,1135.205319
1.68,11,1135.244568
1.54,9,1135.286243
1.68,14,1135.327283
-0.92,5,1135.351542
1.37,10,1135.388549
1.47,12,1135.434468
1.33,8,1135.45943
1.53,10,1135.496844
1.61,11,1135.535012
1.63,11,1135.57156
1.28,8,1135.591197
1.51,15,1135.640732
0.02,16,1135.760466
1.51,10,1135.791315
-0.42,16,1135.837679
-0.78,8,1135.914417
-0.32,14,1135.975539
1.61,10,1136.013859
1.52,13,1136.060016
-0.22,16,1136.114266
1.31,8,1136.148749
1.54,9,1136.185751
-0.72,8,1136.215967
-0.47,16,1136.278669
1.52,13,1136.324135
1.14,4,1136.342125
1.38,10,1136.384252
-0.56,12,1136.445071
-0.41,13,1136.506911
1.69,11,1136.541521
1.33,11,1136.578739
1.14,4,1136.59849
-0.62,17,1136.682984
-0.7,8,1136.711858
1.66,11,1136.742435
1.37,12,1136.787518
-0.55,9,1136.821249
1.64,10,1136.856626
1.38,9,1136.889211
1.64,10,1136.934422
1.46,9,1136.966014
1.45,9,1137.006153
1.54,9,1137.053467
1.28,8,1137.121514
1.64,12,1137.201898
-0.48,15,1137.268456
1.48,9,1137.308035
1.33,8,1137.342919
1.73,12,1137.387441
-0.71,7,1137.417051
1.64,10,1137.454091
1.56,9,1137.489027
-0.74,7,1137.518779
1.63,11,1137.561024
1.64,10,1137.607099
1.64,10,1137.666262
1.65,14,1137.738464
1.42,10,1137.769191
-0.36,10,1137.80717
1.4,9,1137.840347
1.34,10,1137.885461
-0.38,14,1137.946458
1.37,12,1138.001651
1.3,14,1138.061419
1.64,10,1138.105218
-0.72,7,1138.130286
1.48,10,1138.163691
-0.61,8,1138.1877
1.63,12,1138.223312
-0.32,15,1138.270955
1.43,9,1138.300013
1.58,12,1138.337658
-0.53,12,1138.37132
1.14,4,1138.382359
1.14,4,1138.392103
-0.67,10,1138.422876
-0.95,5,1138.508379
-0.49,12,1138.564833
1.54,9,1138.587715
1.44,8,1138.61238
-0.56,8,1138.650756
1.64,10,1138.69752
-0.77,13,1138.753361
1.44,8,1138.791694
1.44,8,1138.814755
1.64,13,1138.851714
1.14,4,1138.863274
1.41,15,1138.932685
-0.61,14,1139.020417
1.7,13,1139.084238
1.66,11,1139.136731
-0.77,9,1139.17361
1.69,10,1139.20535
1.14,4,1139.217162
-0.51,15,1139.258713
1.21,9,1139.294557
1.47,11,1139.330187
1.58,11,1139.364092
-0.44,10,1139.393342
-0.45,13,1139.445856
1.14,4,1139.454742
-0.51,10,1139.485421
1.44,9,1139.509614
1.46,9,1139.541203
-0.38,17,1139.599914
1.86,12,1139.634345
1.59,10,1139.662815
-0.44,13,1139.702642
1.14,4,1139.714105
1.66,10,1139.741091
-0.54,14,1139.788562
-0.52,13,1139.835368
1.14,4,1139.845608
-0.53,9,1139.872171
1.69,12,1139.904002
1.54,9,1139.929055
1.61,10,1139.96082
1.54,9,1139.985087
-0.68,11,1140.01853
-0.62,13,1140.059608
1.3,9,1140.087177
1.14,4,1140.098241
-0.4,11,1140.129916
1.14,4,1140.141174
-0.97,4,1140.155569
-0.62,12,1140.198575
1.34,13,1140.235197
1.36,11,1140.26954
1.14,4,1140.282014
1.14,4,1140.294571
1.14,4,1140.36623
1.64,10,1140.402735
1.42,14,1140.435933
-0.72,12,1140.467878
1.43,10,1140.499275
1.14,4,1140.514462
1.14,4,1140.52706
1.34,12,1140.565331
-0.83,8,1140.590137
1.71,13,1140.632998
-0.48,14,1140.671026
1.81,12,1140.712428
1.49,9,1140.737481
1.25,11,1140.775655
1.58,11,1140.809821
1.71,11,1140.843307
1.61,10,1140.873069
1.54,9,1140.904167
-0.47,13,1140.943929
-0.65,9,1140.973478
1.68,12,1141.014442
-0.7,12,1141.052658
1.32,9,1141.084517
1.14,4,1141.097229
1.14,4,1141.107226
1.48,10,1141.146804
-0.82,9,1141.17254
1.54,9,1141.202507
1.19,8,1141.227213
-0.21,18,1141.283847
1.58,14,1141.320334
1.64,10,1141.353308
1.28,8,1141.381215
-0.82,11,1141.420336
-0.28,14,1141.465113
-0.55,15,1141.514626
1.37,10,1141.545187
1.53,10,1141.582834
-0.44,12,1141.620454
1.53,10,1141.651081
1.73,13,1141.689235
1.55,10,1141.724816
-0.42,11,1141.761863
1.28,7,1141.782308
1.53,10,1141.814
1.63,11,1141.851266
1.68,12,1141.887494
-0.16,15,1141.936419
-0.33,12,1141.969208
1.44,8,1141.993894
1.14,4,1142.002992
1.44,11,1142.030115
1.14,4,1142.038768
-0.66,8,1142.065821
1.69,10,1142.094071
1.6,11,1142.12817
-0.36,18,1142.206519
1.14,4,1142.221112
-0.68,9,1142.250489
-0.88,7,1142.269475
1.14,4,1142.281487
1.51,12,1142.318895
-0.22,13,1142.354702
-0.51,15,1142.428006
1.54,9,1142.462124
-0.68,15,1142.505139
-0.87,6,1142.523393
1.59,10,1142.55205
1.64,10,1142.583611
-0.46,9,1142.614844
1.59,12,1142.647892
1.45,10,1142.676278
1.36,8,1142.695832
-0.51,9,1142.81481
1.64,10,1142.847082
1.49,9,1142.868714
1.5,10,1142.900174
-0.46,14,1142.941753
-0.54,16,1142.983401
-0.2,14,1143.019823
-0.81,8,1143.04756
1.53,11,1143.081274
-0.66,8,1143.104086
1.28,8,1143.128219
1.69,10,1143.152641
1.48,9,1143.177729
1.69,11,1143.208678
-0.57,13,1143.2462
1.43,9,1143.270715
-0.57,17,1143.325979
1.37,10,1143.351814
-0.37,17,1143.407157
-0.72,8,1143.439725
1.58,11,1143.478318
1.14,4,1143.489973
1.34,9,1143.516665
1.51,11,1143.553295
1.44,8,1143.576438
-0.61,10,1143.610791
1.68,12,1143.643265
1.53,10,1143.670728
1.64,10,1143.706561
1.36,8,1143.731409
1.64,10,1143.75561
-0.72,7,1143.776572
1.44,8,1143.802362
1.37,9,1143.82841
-0.79,12,1143.861747
1.54,9,1143.889735
-0.61,12,1143.931808
-0.69,13,1143.969034
1.64,10,1143.9968
1.69,11,1144.031233
-0.5,15,1144.080424
1.14,4,1144.093875
-0.48,12,1144.131961
1.37,10,1144.163654
-0.3,14,1144.212846
-0.53,12,1144.249739
1.54,9,1144.280984
-0.3,12,1144.324237
1.53,10,1144.359237
-0.59,8,1144.382668
-0.79,9,1144.411037
1.49,12,1144.448089
1.54,9,1144.479204
1.59,10,1144.510921
1.35,9,1144.552575
1.48,12,1144.608397
1.37,10,1144.66339
-0.38,13,1144.711616
1.36,11,1144.742701
1.61,10,1144.769893
1.59,10,1144.800708
1.44,12,1144.841027
-0.68,10,1144.896359
1.54,9,1144.944795
1.51,13,1144.983085
1.33,8,1145.011906
-0.48,12,1145.044574
-0.66,10,1145.079929
1.61,10,1145.13553
-0.51,8,1145.180378
1.51,9,1145.219113
1.59,10,1145.265936
-0.73,9,1145.30156
1.58,10,1145.337441
1.54,9,1145.362806
-0.73,11,1145.404458
-0.67,8,1145.435957
1.27,9,1145.461912
1.64,10,1145.497298
-0.56,11,1145.534754
-0.72,11,1145.579264
-0.5,15,1145.629985
1.14,4,1145.640505
1.52,11,1145.676591
1.69,11,1145.708576
-0.66,7,1145.732254
1.54,9,1145.762904
1.61,11,1145.80204
-0.64,11,1145.843966
-0.52,10,1145.869524
-0.61,8,1145.895531
1.5,12,1145.931986
1.45,10,1145.967837
1.42,10,1145.995195
1.59,10,1146.02655
1.53,10,1146.058569
1.41,11,1146.089692
1.69,10,1146.118752
1.41,9,1146.148263
1.74,11,1146.182634
-0.66,9,1146.213603
-0.81,13,1146.248687
1.56,13,1146.281795
-0.66,10,1146.313516
1.53,10,1146.350109
-0.7,9,1146.39501
-0.84,8,1146.432195
1.32,9,1146.465481
-0.64,11,1146.507521
1.4,9,1146.535774
-0.56,11,1146.567218
1.49,12,1146.596829
1.55,11,1146.627478
1.63,11,1146.660492
1.54,9,1146.685602
1.47,14,1146.808947
1.58,10,1146.840889
1.58,12,1146.87149
-0.28,14,1146.906123
1.38,9,1146.93193
1.33,10,1146.963531
1.61,10,1146.991126
1.14,4,1147.004177
1.63,11,1147.036192
-0.44,12,1147.07679
1.14,4,1147.090163
1.25,10,1147.117708
-0.67,7,1147.138199
1.66,10,1147.169157
1.45,12,1147.206522
1.54,9,1147.231112
1.56,13,1147.271795
-0.48,11,1147.315301
-0.66,9,1147.343232
-0.82,12,1147.378402
1.64,10,1147.406616
-0.39,11,1147.442635
-0.48,15,1147.485558
1.59,10,1147.51805
1.23,9,1147.543133
1.54,9,1147.567042
1.63,11,1147.602727
-0.79,12,1147.632926
1.64,10,1147.663669
-0.3,13,1147.702444
1.64,10,1147.732416
-0.29,15,1147.772608
1.64,10,1147.79698
1.14,4,1147.812149
1.44,8,1147.837721
1.59,10,1147.871082
-0.45,11,1147.911648
1.54,9,1147.945225
1.4,9,1147.980514
1.58,11,1148.016792
1.64,10,1148.048157
-0.52,10,1148.083709
-0.25,15,1148.124089
1.58,11,1148.153715
1.47,10,1148.179018
1.3,11,1148.20861
1.64,10,1148.236276
1.47,11,1148.267165
1.54,13,1148.309558
1.63,13,1148.356696
1.54,9,1148.385211
-0.57,9,1148.41215
1.35,11,1148.438574
1.46,9,1148.467515
1.63,11,1148.498947
1.14,4,1148.510388
1.59,10,1148.53577
1.44,8,1148.55932
-0.72,11,1148.593575
1.41,9,1148.619509
-0.47,12,1148.655567
-0.55,16,1148.697317
1.42,11,1148.72515
1.43,9,1148.748623
-0.34,16,1148.78967
1.53,10,1148.819708
1.68,11,1148.846688
-0.61,8,1148.870414
-0.38,13,1148.905512
1.61,10,1148.932638
1.59,11,1148.964972
-0.34,13,1148.996578
1.63,11,1149.027201
-0.51,13,1149.063029
-0.71,7,1149.084843
-0.2,16,1149.126649
-0.55,13,1149.163449
1.43,10,1149.194912
-0.21,17,1149.245119
1.5,10,1149.273907
1.38,9,1149.302889
1.37,10,1149.338057
1.66,11,1149.374429
-0.61,14,1149.404005
1.64,10,1149.43047
1.39,8,1149.452777
-0.78,11,1149.485036
1.54,9,1149.507389
1.39,11,1149.538676
-0.53,14,1149.578248
1.45,10,1149.60993
1.54,11,1149.639529
1.47,11,1149.675423
1.53,11,1149.747612
1.54,9,1149.820637
1.48,12,1149.858221
1.64,10,1149.887942
1.54,12,1149.926186
1.54,9,1149.952634
1.83,12,1149.980349
1.45,14,1150.021858
1.54,9,1150.05637
-0.63,9,1150.086852
1.18,8,1150.117285
1.53,10,1150.151417
-0.43,12,1150.197484
1.48,10,1150.229905
1.69,11,1150.263606
1.14,4,1150.27679
-0.46,9,1150.309354
1.14,4,1150.322497
-0.79,11,1150.360975
1.67,13,1150.403737
-0.45,11,1150.442043
1.64,10,1150.472012
1.47,10,1150.500721
1.59,10,1150.528619
1.64,10,1150.559195
-0.44,10,1150.589962
1.64,10,1150.62063
1.64,10,1150.650618
1.53,10,1150.682458
-0.76,6,1150.70046
-0.7,14,1150.743505
1.65,11,1150.776321
1.42,10,1150.813022
1.36,8,1150.958761
1.45,10,1150.994873
-0.48,15,1151.036324
1.54,12,1151.082852
-0.31,13,1151.148376
1.37,9,1151.188561
-0.58,13,1151.23858
-0.55,13,1151.277708
1.34,7,1151.30289
1.41,11,1151.339065
1.47,11,1151.370003
1.53,10,1151.410417
1.42,11,1151.446503
1.27,8,1151.472448
-0.52,13,1151.510015
-0.31,17,1151.561469
-0.75,7,1151.587399
1.14,4,1151.598497
1.53,10,1151.631542
-0.41,13,1151.674508
-0.76,6,1151.694241
1.69,13,1151.733587
1.45,10,1151.77027
-0.41,11,1151.803046
1.51,9,1151.823379
1.44,8,1151.841608
1.14,4,1151.853737
-0.37,15,1151.899133
1.5,11,1151.927531
1.66,10,1151.960203
1.43,9,1151.983388
1.54,9,1152.016673
1.68,12,1152.055109
1.48,9,1152.078777
-0.65,9,1152.101775
1.46,11,1152.135896
1.14,4,1152.145248
1.24,8,1152.169338
1.41,9,1152.193647
1.44,14,1152.236652
1.43,9,1152.264695
-0.93,6,1152.282645
1.14,4,1152.293051
-0.39,10,1152.323706
-0.64,8,1152.348215
1.54,9,1152.376703
-0.57,13,1152.40799
-0.54,13,1152.449035
1.54,15,1152.489369
-0.6,12,1152.524374
1.3,8,1152.54631
1.14,4,1152.562588
-0.47,13,1152.601573
1.47,10,1152.629058
-0.56,8,1152.655475
1.51,10,1152.688518
1.66,10,1152.761038
1.5,10,1152.800327
1.14,4,1152.811413
1.46,9,1152.844673
-0.46,12,1152.889659
1.47,10,1152.920733
1.55,12,1152.956381
1.54,9,1152.984966
1.54,9,1153.013038
1.41,9,1153.043659
1.14,4,1153.056139
-0.47,11,1153.097285
1.48,10,1153.128107
-0.69,9,1153.160477
1.44,8,1153.183371
1.5,10,1153.215629
-0.25,17,1153.265818
-0.37,14,1153.308503
1.36,8,1153.335985
1.45,15,1153.373455
1.38,9,1153.399268
-0.83,8,1153.422391
-0.32,16,1153.468762
1.64,10,1153.494954
1.14,4,1153.504983
-0.51,17,1153.553942
1.51,9,1153.580027
1.14,4,1153.594013
1.52,11,1153.623684
1.71,10,1153.653747
-0.7,12,1153.688429
1.64,10,1153.720649
-0.76,8,1153.749008
1.33,8,1153.774021
-0.68,9,1153.802923
1.63,11,1153.8377
-0.59,11,1153.87358
1.53,10,1153.907303
-0.63,12,1153.94429
-0.51,11,1153.982099
1.46,9,1154.008607
1.34,7,1154.032454
-0.65,8,1154.055182
1.36,8,1154.076751
-0.3,14,1154.118844
-0.83,7,1154.14125
1.47,12,1154.174139
1.53,10,1154.208247
1.27,9,1154.238572
1.14,4,1154.253803
1.64,10,1154.292584
-0.61,8,1154.322845
1.46,8,1154.349944
1.61,10,1154.377023
1.64,10,1154.409886
1.66,10,1154.441949
1.56,13,1154.483796
1.64,10,1154.509999
1.24,9,1154.534737
-0.68,10,1154.56597
1.14,4,1154.57495
-0.42,11,1154.603813
-0.52,12,1154.636416
1.71,11,1154.673252
1.64,10,1154.70498
-0.68,14,1154.746308
-0.75,8,1154.845087
-0.52,13,1154.884699
-0.44,13,1154.912416
1.6,11,1154.941886
1.4,10,1154.975267
1.54,9,1155.005015
1.53,11,1155.039603
-0.98,8,1155.075471
1.64,10,1155.123621
-0.68,12,1155.160882
-0.56,11,1155.189912
-0.31,15,1155.234866
-0.32,14,1155.280417
-0.42,15,1155.327233
1.64,10,1155.364212
1.45,10,1155.399277
-0.77,10,1155.436258
1.82,17,1155.48283
-0.76,6,1155.503878
1.49,15,1155.543678
1.14,4,1155.552932
1.34,8,1155.5806
-0.79,10,1155.627311
1.46,10,1155.667938
1.35,12,1155.711356
1.54,9,1155.756473
-0.41,12,1155.799173
-0.52,10,1155.827922
1.5,11,1155.871187
-0.7,8,1155.904942
-0.68,9,1155.934963
-0.68,9,1155.958637
1.38,12,1155.991328
-0.64,7,1156.01517
-0.46,9,1156.041691
1.47,10,1156.069908
1.46,11,1156.103951
1.14,4,1156.121585
-0.37,14,1156.166072
1.38,9,1156.18785
1.54,10,1156.222866
-0.57,10,1156.256351
1.46,13,1156.300174
-0.64,11,1156.332875
1.63,12,1156.370261
1.14,4,1156.383636
-0.58,13,1156.425535
1.44,10,1156.456561
1.48,10,1156.487293
1.53,10,1156.517687
-0.59,20,1156.576821
1.56,9,1156.604679
1.32,9,1156.636555
1.33,10,1156.665666
-0.52,10,1156.699141
1.54,9,1156.722287
1.4,12,1156.757127
1.54,9,1156.786409
1.14,4,1156.797064
-0.7,9,1156.827529
1.69,12,1156.861846
1.27,9,1156.889207
-0.6,13,1156.924981
1.46,11,1156.960058
-0.63,9,1156.984244
1.58,10,1157.072563
-0.31,14,1157.118739
-0.5,11,1157.153297
1.37,10,1157.178346
1.52,11,1157.207861
1.38,9,1157.233326
1.64,10,1157.263684
-0.34,17,1157.316953
1.52,11,1157.349926
-0.59,12,1157.378739
1.52,11,1157.413177
-0.76,6,1157.432942
-0.34,13,1157.47848
1.52,10,1157.509415
1.51,10,1157.538199
1.38,8,1157.564719
1.42,11,1157.608886
-0.16,14,1157.65088
1.28,13,1157.686675
-0.61,8,1157.712086
1.49,9,1157.734767
1.44,11,1157.771177
1.32,9,1157.81038
1.66,10,1157.851238
1.44,12,1157.892793
-0.61,11,1157.9384
1.14,4,1157.958319
1.14,4,1157.977411
1.51,10,1158.045502
1.71,11,1158.095969
1.22,7,1158.115056
-0.45,13,1158.147582
1.43,12,1158.183791
1.33,16,1158.228101
1.66,10,1158.257026
1.46,9,1158.287036
-0.93,9,1158.315302
-0.3,14,1158.364122
1.52,11,1158.398555
1.14,4,1158.407054
-0.62,12,1158.440621
-0.95,8,1158.46497
1.53,10,1158.491795
1.66,10,1158.518059
-0.55,13,1158.555927
1.44,8,1158.583899
1.65,14,1158.618691
1.64,10,1158.649061
1.64,11,1158.684498
-0.37,15,1158.726292
1.54,9,1158.751635
1.43,9,1158.786061
-0.49,13,1158.833162
-0.45,11,1158.874223
1.47,10,1158.910304
1.77,14,1159.022038
-0.61,11,1159.055071
1.37,10,1159.081914
-0.49,12,1159.117281
-0.32,14,1159.161884
-0.55,14,1159.202116
1.48,10,1159.23193
1.63,12,1159.263305
1.44,8,1159.287289
-0.46,9,1159.323524
1.56,10,1159.357916
1.44,8,1159.385672
1.32,9,1159.416513
-0.82,8,1159.445437
1.44,11,1159.476306
1.47,10,1159.507732
1.67,13,1159.544987
-0.61,8,1159.568256
1.14,4,1159.580427
-0.79,9,1159.603663
-0.17,17,1159.650581
-0.67,8,1159.67667
-0.45,14,1159.713897
1.46,9,1159.736704
-0.6,10,1159.76949
-0.75,7,1159.797626
1.51,10,1159.824765
1.45,10,1159.863188
1.51,9,1159.902338
-0.44,15,1159.983038
-0.8,6,1160.009673
1.58,11,1160.054734
-0.46,9,1160.085531
1.53,14,1160.140105
-0.86,10,1160.171005
1.64,14,1160.216889
1.61,10,1160.244545
1.14,4,1160.258056
-0.43,15,1160.302036
-0.67,8,1160.330567
-0.65,9,1160.39838
1.52,15,1160.480027
-0.68,9,1160.508886
1.72,13,1160.548801
1.49,9,1160.572713
-0.46,13,1160.616633
-0.87,6,1160.635873
1.48,11,1160.665103
1.59,10,1160.691165
-0.56,11,1160.722485
1.32,12,1160.762743
1.14,4,1160.773625
1.5,10,1160.808507
1.14,4,1160.820218
1.64,11,1160.859156
-0.29,13,1160.899576
-0.52,10,1160.929966
1.14,4,1160.941909
-0.68,12,1160.978508
1.64,10,1161.006326
1.57,12,1161.038415
1.42,10,1161.072002
-0.41,10,1161.106328
1.64,10,1161.129957
1.54,9,1161.160137
1.64,10,1161.193152
-0.53,13,1161.227049
1.49,9,1161.253597
-0.72,11,1161.286594
-0.68,9,1161.319243
-0.68,12,1161.354575
1.55,14,1161.392424
-0.42,12,1161.42786
1.35,9,1161.455068
-0.56,10,1161.482292
1.4,9,1161.509544
-0.15,18,1161.561587
1.49,11,1161.598087
-0.58,10,1161.632651
-0.64,13,1161.669686
-0.59,8,1161.695306
1.61,12,1161.73258
1.54,9,1161.756871
1.34,9,1161.785162
1.14,4,1161.801604
1.47,11,1161.845881
-0.78,8,1161.885998
1.54,9,1161.927197
-0.55,11,1161.9764
1.14,4,1162.00038
-0.54,12,1162.054478
-0.69,13,1162.113924
1.4,9,1162.151684
-0.81,5,1162.173781
1.59,10,1162.218841
-0.41,15,1162.270125
1.33,10,1162.308957
1.66,11,1162.3511
-0.37,13,1162.400761
1.31,9,1162.432039
1.33,8,1162.458778
-0.56,12,1162.504955
1.51,9,1162.536291
1.64,10,1162.570131
-0.71,10,1162.603874
1.66,10,1162.645076
1.52,11,1162.679608
1.54,16,1162.718964
1.14,4,1162.729956
1.53,10,1162.766278
1.59,10,1162.79426
1.49,10,1162.822106
1.49,12,1162.859189
1.44,8,1162.883903
1.14,4,1162.895747
-0.5,13,1162.942841
1.58,15,1163.001234
-0.8,8,1163.035022
-0.58,10,1163.078863
1.54,12,1163.12503
-0.54,10,1163.162537
-0.67,12,1163.20609
1.54,9,1163.237183
-0.48,12,1163.281764
1.14,4,1163.296042
-0.53,11,1163.343827
1.38,9,1163.450257
-0.64,11,1163.511917
-0.44,9,1163.542224
1.46,9,1163.582646
1.45,10,1163.618012
1.44,8,1163.6498
-0.76,9,1163.684281
1.74,11,1163.725705
1.63,11,1163.769337
-0.57,10,1163.801808
1.54,9,1163.833793
1.64,10,1163.865823
-0.76,11,1163.908422
1.64,10,1163.944272
1.22,10,1163.981433
1.48,13,1164.035164
1.45,10,1164.080267
1.53,10,1164.118708
-0.7,11,1164.161166
1.42,10,1164.199298
1.32,11,1164.241454
1.33,8,1164.273572
1.68,10,1164.310719
-0.54,12,1164.349779
-0.19,17,1164.402836
1.53,10,1164.431705
-0.82,6,1164.450864
1.23,13,1164.497478
1.31,10,1164.52877
-0.67,8,1164.556063
-0.38,11,1164.582168
-0.71,10,1164.617413
1.45,9,1164.645468
1.51,10,1164.677903
1.53,10,1164.709543
-0.64,11,1164.785808
-0.63,9,1164.867066
-0.82,9,1164.898585
1.68,12,1164.933584
1.46,9,1164.972934
1.34,7,1164.992409
-0.43,12,1165.031647
-0.71,13,1165.07837
1.6,11,1165.11429
1.54,9,1165.144017
-0.37,12,1165.19172
-0.42,11,1165.229009
-0.57,14,1165.275859
1.44,8,1165.297956
-0.68,12,1165.332662
-0.39,11,1165.368416
-0.45,14,1165.413741
1.37,9,1165.440932
-0.57,12,1165.479089
1.33,10,1165.508367
-0.47,10,1165.537304
-0.82,9,1165.56297
1.68,12,1165.599516
1.27,8,1165.62319
-0.49,13,1165.661578
1.64,10,1165.692361
1.53,9,1165.724377
1.53,10,1165.750067
-0.37,13,1165.789191
-0.53,12,1165.821045
-0.76,6,1165.844512
-0.63,10,1165.873732
-0.34,14,1165.916764
1.51,10,1165.944717
1.6,11,1165.981693
1.22,11,1166.021591
1.14,4,1166.03311
1.46,9,1166.060245
-0.47,10,1166.089396
1.54,9,1166.114504
-0.32,16,1166.167504
1.64,10,1166.19957
1.66,10,1166.232039
-0.69,7,1166.255055
-0.88,7,1166.28076
1.19,5,1166.295528
-0.79,9,1166.325824
-0.65,8,1166.35522
1.71,11,1166.392143
-0.75,7,1166.410064
1.43,12,1166.442936
-0.66,7,1166.463605
1.5,12,1166.499892
1.39,10,1166.527859
-0.64,11,1166.556637
-0.69,11,1166.588049
-0.62,9,1166.615648
1.44,9,1166.640928
1.72,12,1166.686938
-0.8,10,1166.72386
-0.5,9,1166.756177
1.14,4,1166.76607
-0.46,9,1166.791697
-0.41,14,1166.827337
1.64,10,1166.860055
1.69,18,1166.911117
1.54,9,1166.934022
1.14,4,1166.944661
-0.5,11,1166.981065
1.43,12,1167.016907
1.64,10,1167.044956
1.61,11,1167.075624
1.66,10,1167.106977
-0.46,9,1167.12889
1.54,9,1167.154157
1.53,10,1167.186564
1.64,10,1167.214004
-0.66,10,1167.246498
1.32,12,1167.283985
1.14,4,1167.293719
1.54,9,1167.323887
1.53,10,1167.355795
-0.4,13,1167.392524
1.46,9,1167.4181
1.51,9,1167.451615
1.64,10,1167.545951
1.66,10,1167.576289
1.54,9,1167.602466
1.62,13,1167.633107
-0.56,9,1167.654217
1.75,13,1167.694893
-0.53,10,1167.725193
1.79,13,1167.765111
-0.67,11,1167.800243
1.14,4,1167.810951
-0.46,9,1167.841571
1.14,4,1167.855918
-0.49,11,1167.887647
1.14,4,1167.89693
-0.38,12,1167.931066
-0.81,11,1167.964387
-0.6,14,1168.000023
1.53,16,1168.045759
1.63,11,1168.080564
1.53,10,1168.112397
-0.49,16,1168.154392
1.56,10,1168.183319
1.83,12,1168.217042
1.59,10,1168.253271
1.51,9,1168.283675
-0.46,16,1168.333437
1.35,9,1168.370296
-0.55,10,1168.402704
1.21,9,1168.433798
-0.65,12,1168.476872
-0.66,11,1168.519867
-0.34,14,1168.573728
-0.67,8,1168.602808
-0.23,14,1168.646605
-0.57,9,1168.682452
1.66,10,1168.717739
1.14,4,1168.730647
-0.61,10,1168.76889
-0.81,8,1168.79969
1.64,10,1168.838556
1.61,10,1168.872992
1.63,12,1168.919284
1.48,9,1168.950426
1.51,9,1168.986756
1.52,12,1169.026303
1.36,14,1169.077039
1.44,11,1169.112462
-0.68,13,1169.162987
1.54,9,1169.199242
1.29,9,1169.228585
1.5,12,1169.275431
1.51,12,1169.327853
1.59,12,1169.369972
1.62,12,1169.409131
-0.58,11,1169.451198
-0.75,13,1169.49313
1.54,9,1169.520942
1.56,16,1169.5675
1.14,4,1169.581082
-0.44,15,1169.640668
-0.51,11,1169.673887
-0.21,20,1169.737419
1.54,11,1169.776046
1.52,11,1169.815813
1.14,4,1169.829615
1.48,10,1169.86937
1.5,13,1169.918749
1.37,9,1169.955972
1.61,10,1169.991225
-0.26,19,1170.057801
-0.26,19,1170.117604
-0.79,9,1170.150238
-0.49,10,1170.182985
1.37,9,1170.215944
1.69,12,1170.260283
1.51,9,1170.294142
1.36,8,1170.327848
1.5,10,1170.362597
1.14,4,1170.376375
1.36,8,1170.411511
-0.49,10,1170.454039
1.51,10,1170.486058
1.14,4,1170.499722
1.68,13,1170.543855
-0.53,13,1170.594971
1.55,11,1170.630404
-0.66,8,1170.657165
1.33,11,1170.701673
1.64,10,1170.736465
1.36,15,1170.789019
1.58,11,1170.829245
-0.67,14,1170.877645
1.34,10,1170.912315
1.14,4,1170.924741
1.54,9,1170.955985
1.46,9,1170.991985
1.34,9,1171.022787
1.45,10,1171.059365
1.44,10,1171.095027
1.51,10,1171.135583
1.48,10,1171.178396
-0.81,11,1171.221471
1.69,14,1171.259388
-0.57,12,1171.305674
1.52,11,1171.342563
-0.34,14,1171.393337
0.82,21,1171.453093
1.14,4,1171.470321
1.54,9,1171.506211
1.53,10,1171.539904
1.53,10,1171.578858
1.14,4,1171.59919
-0.45,15,1171.652465
-0.73,9,1171.764781
1.64,10,1171.800884
-0.18,16,1171.855635
-0.51,11,1171.900157
-0.74,11,1172.024917
1.59,11,1172.070219
-0.82,9,1172.102604
1.4,9,1172.135463
1.28,8,1172.18722
1.46,12,1172.237005
1.46,11,1172.28339
1.54,13,1172.325781
1.55,11,1172.369135
1.74,11,1172.415969
1.64,10,1172.455078
-0.4,15,1172.504413
1.43,9,1172.53778
1.14,4,1172.549961
1.64,10,1172.589999
1.58,10,1172.62282
-0.34,14,1172.672877
-0.62,9,1172.700279
1.56,10,1172.736455
1.46,9,1172.767827
1.44,14,1172.814404
-0.28,17,1172.866843
1.68,11,1172.908857
1.64,10,1172.951246
1.45,10,1172.988942
-0.59,10,1173.029739
1.14,4,1173.044572
1.5,10,1173.08585
1.48,10,1173.122213
1.54,9,1173.1531
1.14,4,1173.169973
1.53,10,1173.208784
1.54,9,1173.248218
-0.76,6,1173.270201
-0.48,11,1173.318359
1.53,10,1173.350927
1.53,10,1173.389984
1.57,12,1173.42667
1.24,7,1173.451908
-0.53,12,1173.495771
1.56,11,1173.534444
-0.62,8,1173.558361
-0.28,18,1173.622528
1.51,10,1173.658108
1.53,10,1173.696363
1.37,10,1173.735599
1.33,14,1173.788905
-0.74,10,1173.825218
1.38,9,1173.857721
1.55,11,1173.894598
1.59,12,1173.937508
1.39,8,1173.961141
1.69,11,1173.99818
1.66,10,1174.036203
1.54,12,1174.080941
1.54,9,1174.11724
-0.67,9,1174.150723
1.38,9,1174.181662
1.64,10,1174.221109
-0.78,8,1174.252447
1.41,8,1174.289537
-0.57,12,1174.335521
1.51,11,1174.380031
1.52,12,1174.424366
1.41,11,1174.460379
1.14,4,1174.475126
1.13,12,1174.524678
1.69,10,1174.557013
1.46,9,1174.587047
1.14,4,1174.603159
-0.89,8,1174.630322
1.22,10,1174.667921
-0.17,15,1174.717884
1.64,10,1174.756429
1.61,11,1174.80067
1.52,11,1174.838765
1.48,10,1174.874131
1.44,8,1174.901204
1.64,10,1174.948098
1.64,10,1174.980696
1.64,10,1175.012418
-0.77,10,1175.047664
1.48,10,1175.081314
1.62,13,1175.123273
1.61,11,1175.157668
-0.72,8,1175.186693
1.54,9,1175.216425
1.53,10,1175.241315
-0.64,11,1175.274144
1.54,12,1175.313839
1.53,10,1175.343086
1.77,12,1175.379813
-0.71,7,1175.399999
1.55,12,1175.434454
1.24,9,1175.464511
-0.53,16,1175.504714
1.53,10,1175.532182
-0.6,13,1175.564855
1.56,9,1175.588752
1.54,9,1175.687732
1.47,10,1175.72357
-0.53,11,1175.764275
1.47,11,1175.80684
-0.52,12,1175.845623
1.61,10,1175.874372
1.41,9,1175.904241
1.54,9,1175.934002
1.38,11,1175.962052
1.37,10,1175.992266
1.64,10,1176.018166
1.53,10,1176.0549
1.14,4,1176.067668
1.59,10,1176.09504
1.41,11,1176.125407
1.74,12,1176.164109
1.64,10,1176.197397
-0.91,7,1176.213279
-0.44,13,1176.25098
1.53,10,1176.283136
1.66,10,1176.316469
-0.4,16,1176.36186
1.64,10,1176.393597
-0.38,15,1176.443792
1.54,12,1176.476503
1.4,9,1176.502473
-0.14,16,1176.548424
-0.49,12,1176.586391
-0.52,13,1176.625757
1.56,11,1176.657459
1.59,10,1176.690965
1.62,13,1176.75596
1.26,10,1176.809736
1.65,11,1176.86166
-0.16,16,1176.941916
-0.72,8,1176.975312
-0.92,5,1176.9891
-0.62,13,1177.030337
-0.52,13,1177.072196
1.14,4,1177.088704
-0.12,18,1177.154127
1.55,9,1177.19297
1.66,10,1177.231344
1.37,10,1177.2677
1.49,9,1177.296386
-0.18,15,1177.347077
1.66,10,1177.375143
1.19,5,1177.389837
-0.62,9,1177.418468
-0.78,9,1177.445347
1.14,4,1177.455819
1.14,4,1177.471593
1.54,9,1177.497193
-0.48,11,1177.528862
1.58,11,1177.560117
-0.41,12,1177.597936
1.43,9,1177.623857
-0.64,13,1177.666652
1.69,11,1177.698547
1.44,10,1177.73079
1.46,9,1177.76302
1.64,10,1177.791694
-0.69,6,1177.812134
1.51,10,1177.845767
1.61,11,1177.880608
-0.4,14,1177.916735
1.24,9,1177.950732
-0.6,10,1177.984542
-0.54,14,1178.027402
-0.58,11,1178.064527
1.47,11,1178.097057
1.37,12,1178.135681
1.52,11,1178.166474
1.38,11,1178.198586
1.14,4,1178.209066
1.53,10,1178.242069
-0.3,13,1178.278331
1.51,10,1178.30901
-0.28,13,1178.345181
1.49,10,1178.380538
1.43,10,1178.408709
1.19,5,1178.421144
1.74,11,1178.456765
-0.35,13,1178.497128
1.46,9,1178.520521
1.69,11,1178.546782
-0.77,8,1178.568354
1.24,10,1178.598204
-0.7,9,1178.627136
-0.4,13,1178.66571
-0.84,11,1178.695556
-0.79,10,1178.73172
1.6,13,1178.76169
1.53,10,1178.786978
1.41,12,1178.821653
1.67,13,1178.869842
-0.78,8,1178.890125
1.5,10,1178.916176
1.69,11,1178.948611
1.63,11,1178.979308
1.56,10,1179.003442
1.51,10,1179.032576
1.24,9,1179.061237
-0.33,16,1179.105308
-0.24,20,1179.156335
-0.63,12,1179.187763
1.54,9,1179.211906
-0.62,14,1179.254087
-0.16,19,1179.304177
1.51,13,1179.339781
1.49,11,1179.367158
1.54,9,1179.395911
-0.38,12,1179.424284
1.14,4,1179.434175
1.32,9,1179.457933
0.06,17,1179.503235
-0.39,14,1179.542763
1.14,4,1179.551867
-0.5,10,1179.581798
1.14,4,1179.595744
1.64,10,1179.62658
1.14,4,1179.638406
-0.72,8,1179.665096
-0.48,11,1179.702776
-0.25,18,1179.757725
1.71,11,1179.78702
1.63,11,1179.818968
-0.72,9,1179.85247
-0.46,10,1179.881477
1.14,4,1179.893574
-0.25,16,1179.945072
1.47,13,1179.982668
-0.47,11,1180.016418
-0.41,10,1180.051724
1.14,4,1180.062928
1.44,8,1180.090657
-0.73,8,1180.113287
1.47,10,1180.138119
1.51,10,1180.167993
-0.61,11,1180.200829
-0.62,13,1180.241506
1.44,11,1180.275986
1.6,14,1180.321141
1.49,11,1180.359421
-0.64,12,1180.389441
1.58,11,1180.424838
-0.68,10,1180.45822
1.42,10,1180.492348
1.64,10,1180.519546
-0.73,8,1180.545728
1.63,12,1180.583657
1.44,8,1180.610784
-0.38,13,1180.650411
1.29,9,1180.674126
-0.54,11,1180.707747
1.43,10,1180.738078
-0.91,10,1180.767275
-0.92,8,1180.79389
1.46,9,1180.820416
1.64,10,1180.858051
1.64,10,1180.883986
1.14,4,1180.89697
1.77,14,1180.938353
-0.37,15,1180.980526
-0.86,10,1181.010849
-0.55,11,1181.044541
1.49,12,1181.077539
-0.67,12,1181.115968
-0.75,13,1181.152701
1.56,11,1181.188498
-0.53,12,1181.224213
-0.48,15,1181.273195
1.34,10,1181.302898
1.66,10,1181.330603
1.4,12,1181.370158
1.27,9,1181.400142
-0.41,13,1181.43308
-0.58,14,1181.478224
-0.62,12,1181.512861
1.51,9,1181.544027
-0.99,6,1181.562108
1.22,8,1181.584223
1.14,4,1181.595438
1.52,10,1181.629021
-0.75,16,1181.6659
1.14,4,1181.676112
1.55,11,1181.705953
-0.51,12,1181.809809
-0.38,13,1181.848691
1.65,15,1181.89379
1.64,10,1181.917067
1.31,10,1181.949998
1.44,8,1181.974695
1.69,17,1182.017827
1.43,9,1182.043815
1.54,9,1182.069376
1.45,11,1182.099954
-0.42,15,1182.140192
1.14,4,1182.149703
-0.82,9,1182.188
1.59,10,1182.213274
1.56,17,1182.250114
1.54,13,1182.284072
1.23,7,1182.30676
1.55,12,1182.344125
1.61,10,1182.368322
-0.62,8,1182.394748
1.38,9,1182.421588
1.14,4,1182.431938
-0.47,12,1182.467689
-0.68,9,1182.493645
1.42,10,1182.523848
-0.49,15,1182.564497
1.48,9,1182.588399
-0.82,9,1182.61672
1.36,11,1182.649018
-0.5,10,1182.678065
-0.67,8,1182.698745
1.53,10,1182.730573
1.84,14,1182.771013
1.53,10,1182.797894
-0.68,9,1182.825093
1.14,4,1182.833765
1.64,12,1182.867916
-0.65,14,1182.911931
1.54,9,1182.93466
-0.73,9,1182.964232
1.69,10,1182.996487
-0.78,11,1183.024211
-0.76,6,1183.040891
-0.77,10,1183.070909
-0.72,8,1183.09782
-0.76,12,1183.131236
1.68,12,1183.162877
1.51,10,1183.185919
-0.67,9,1183.221163
1.32,9,1183.245603
1.48,12,1183.278842
1.42,13,1183.309806
1.48,10,1183.345198
1.35,9,1183.370407
-0.41,15,1183.413653
-0.39,13,1183.447603
-0.49,14,1183.49404
-0.74,6,1183.516875
-0.6,9,1183.544632
1.53,13,1183.578613
-0.17,17,1183.626789
1.14,4,1183.635664
1.49,14,1183.67009
1.47,10,1183.697871
1.51,10,1183.731091
1.53,10,1183.758264
-0.76,6,1183.772184
-0.29,14,1183.811989
1.14,4,1183.825546
-0.45,11,1183.860352
-0.78,9,1183.884044
-0.94,7,1183.905993
-0.33,14,1183.954235
1.64,10,1183.983673
1.48,10,1184.01392
-0.37,15,1184.060524
1.14,4,1184.073023
1.54,9,1184.094264
1.64,10,1184.125293
1.67,12,1184.157548
1.14,4,1184.171221
1.67,16,1184.213205
1.47,10,1184.241154
1.64,10,1184.264746
1.66,11,1184.315427
1.45,10,1184.361187
1.48,9,1184.396956
-0.72,11,1184.443817
1.57,12,1184.511932
-0.61,12,1184.585929
-0.68,13,1184.739875
-0.3,14,1184.792254
-0.67,10,1184.838444
1.64,13,1184.898853
1.3,11,1184.950861
1.14,4,1184.964134
-0.73,15,1185.030378
-0.45,11,1185.074107
1.43,13,1185.139358
1.46,11,1185.191899
-0.36,14,1185.251732
1.14,4,1185.26398
1.14,4,1185.277678
1.14,4,1185.295923
1.5,10,1185.342993
-0.51,14,1185.395302
1.44,8,1185.427744
-0.8,8,1185.467382
-0.43,11,1185.511597
1.44,11,1185.552184
-0.63,14,1185.604984
1.64,10,1185.635486
-0.38,13,1185.695625
1.64,10,1185.728759
-0.73,7,1185.758237
-0.64,10,1185.78963
1.54,9,1185.821111
1.63,12,1185.858179
-0.47,14,1185.904474
-0.94,10,1185.930361
1.56,11,1185.964634
1.54,9,1186.007149
1.66,10,1186.039193
1.54,15,1186.093147
1.5,13,1186.135209
1.49,11,1186.17433
1.14,4,1186.184842
1.14,4,1186.19534
1.64,10,1186.228167
-0.62,11,1186.260182
1.64,10,1186.293612
1.43,9,1186.323427
1.53,11,1186.362607
-0.49,13,1186.402644
1.34,9,1186.437044
-0.42,11,1186.473807
1.56,9,1186.509434
-0.37,15,1186.558903
1.52,15,1186.600917
-0.31,16,1186.653827
1.64,10,1186.684886
-0.28,17,1186.736371
1.34,11,1186.773297
1.69,10,1186.82015
1.29,9,1186.851644
1.53,10,1186.877825
-0.52,10,1186.912089
1.64,10,1186.943623
1.14,4,1186.96068
-0.49,14,1187.007817
1.32,11,1187.04332
1.48,12,1187.078899
1.61,14,1187.124748
1.54,9,1187.161148
1.52,11,1187.203944
-0.73,9,1187.229775
-0.62,12,1187.268012
1.38,11,1187.304223
-0.74,9,1187.332297
1.5,10,1187.364181
-0.85,10,1187.401795
1.44,8,1187.427223
1.51,9,1187.455904
1.46,11,1187.490551
1.49,11,1187.528089
-0.68,10,1187.562751
1.54,9,1187.591274
1.14,4,1187.605059
1.31,10,1187.636371
-0.51,9,1187.67104
1.63,12,1187.711621
-0.53,11,1187.744273
-0.6,12,1187.799383
1.53,10,1187.834801
-0.55,14,1187.891751
1.14,4,1187.904031
-0.52,14,1187.950684
-0.43,13,1187.984787
-0.8,9,1188.009094
-0.55,13,1188.046158
1.51,10,1188.078637
-0.62,8,1188.10311
1.53,13,1188.138288
-0.68,9,1188.169909
1.26,10,1188.205038
1.57,12,1188.23566
1.59,11,1188.264911
-0.09,18,1188.307306
1.22,8,1188.330129
-0.49,13,1188.369222
1.57,12,1188.401953
-0.41,10,1188.4281
1.35,9,1188.460038
1.6,12,1188.498374
1.54,9,1188.525776
-0.68,12,1188.556615
1.63,11,1188.667566
1.46,9,1188.700257
1.14,4,1188.710726
1.54,9,1188.73449
1.64,10,1188.761305
1.69,10,1188.790907
1.47,10,1188.826227
1.68,12,1188.859824
1.64,12,1188.895499
1.64,10,1188.931745
1.36,8,1188.958929
-0.55,13,1189.053704
-0.4,15,1189.109489
1.49,11,1189.14692
-0.58,13,1189.202279
-0.48,13,1189.252437
-0.54,12,1189.298843
1.42,11,1189.341457
-0.48,11,1189.387938
-0.25,17,1189.455731
-0.45,10,1189.489838
-0.58,10,1189.526658
-0.37,16,1189.571197
1.3,8,1189.596712
1.54,11,1189.635691
-0.69,12,1189.669803
-0.52,10,1189.701267
1.14,4,1189.715088
1.14,4,1189.731
1.66,11,1189.765514
1.41,10,1189.792705
1.56,9,1189.826481
1.19,5,1189.843817
1.66,10,1189.880759
1.14,4,1189.894514
1.53,10,1189.931679
1.59,10,1189.969439
1.62,11,1190.007915
1.69,11,1190.044814
1.54,9,1190.071755
-0.45,15,1190.132538
1.49,14,1190.171748
1.66,13,1190.205115
1.54,9,1190.227008
-0.61,11,1190.266869
1.53,10,1190.290789
1.46,11,1190.324841
1.49,11,1190.351717
1.14,4,1190.364758
1.44,11,1190.392605
1.36,11,1190.424898
-0.49,10,1190.450274
1.14,4,1190.465304
-0.42,11,1190.493104
1.4,9,1190.524778
1.94,16,1190.572283
1.58,11,1190.607471
-0.41,14,1190.647783
1.48,10,1190.674699
1.44,10,1190.70298
1.14,4,1190.716021
-0.45,11,1190.746046
1.59,10,1190.776357
1.21,9,1190.806531
-0.79,11,1190.843288
1.64,10,1190.871579
-0.61,10,1190.896147
1.55,11,1190.9306
-0.61,13,1190.969429
1.49,11,1190.995407
-0.4,15,1191.032981
1.64,10,1191.067537
1.14,4,1191.08722
1.56,11,1191.148185
1.14,4,1191.164001
1.14,4,1191.18048
1.63,11,1191.221418
1.58,13,1191.265632
1.24,9,1191.289723
-0.89,8,1191.312743
1.76,11,1191.356122
1.43,12,1191.391359
1.31,10,1191.418215
1.54,9,1191.449213
-0.75,11,1191.484647
-0.52,13,1191.528202
1.5,11,1191.562389
1.65,11,1191.595159
-0.78,9,1191.626203
-0.5,11,1191.657711
1.38,9,1191.685322
1.64,10,1191.717488
1.14,4,1191.731157
1.65,12,1191.767417
-0.2,17,1191.813462
1.47,11,1191.841733
1.42,10,1191.868651
1.54,9,1191.89337
1.49,9,1191.920003
1.66,10,1191.946147
1.69,11,1191.978284
-0.99,8,1191.998651
1.64,10,1192.026157
1.54,9,1192.052526
1.48,10,1192.087153
1.48,10,1192.116119
-0.43,14,1192.156187
-0.4,17,1192.199833
-0.67,13,1192.239492
-0.38,11,1192.272224
-0.64,11,1192.304887
1.53,10,1192.332978
1.64,14,1192.371807
1.64,10,1192.400835
-0.67,8,1192.423045
-0.72,10,1192.451778
1.64,10,1192.486813
1.51,12,1192.523835
1.14,4,1192.534941
1.36,8,1192.555777
1.54,9,1192.585158
-0.25,13,1192.623645
1.54,9,1192.651905
1.53,12,1192.683502
-0.78,8,1192.786886
1.22,8,1192.820305
1.32,9,1192.842319
1.64,10,1192.86721
1.54,9,1192.893863
1.74,11,1192.923895
-0.63,13,1192.958594
1.76,15,1192.996397
1.52,11,1193.028529
-0.47,10,1193.056688
1.73,12,1193.0928
1.54,9,1193.120268
1.14,4,1193.132359
1.58,11,1193.160257
1.55,14,1193.193907
-0.55,11,1193.230132
-0.34,14,1193.271232
-0.67,10,1193.300053
1.49,11,1193.331934
1.44,8,1193.355271
1.59,12,1193.391911
1.38,11,1193.423605
1.64,10,1193.451133
-0.32,14,1193.489057
-0.85,10,1193.524599
1.37,9,1193.54953
-0.54,12,1193.579822
-0.56,12,1193.610422
1.54,9,1193.642018
1.64,10,1193.668838
-0.53,12,1193.700377
-0.59,18,1193.749907
-0.72,11,1193.787945
-0.74,9,1193.81072
1.64,10,1193.839929
-0.5,14,1193.883587
-0.52,12,1193.917315
-0.39,13,1193.959451
1.5,14,1193.994624
1.69,10,1194.021875
1.64,10,1194.057002
-0.82,8,1194.081366
-0.82,6,1194.098848
-0.4,14,1194.136493
1.61,10,1194.165155
1.44,8,1194.189031
-0.4,14,1194.229067
-0.32,15,1194.273973
1.53,10,1194.305233
-0.44,13,1194.348861
1.14,4,1194.361081
1.44,8,1194.385208
-0.51,14,1194.432828
-0.25,15,1194.475456
1.14,4,1194.487021
-0.76,12,1194.522194
-0.56,12,1194.557109
-0.79,9,1194.584573
1.64,10,1194.616827
-0.87,6,1194.63459
1.74,11,1194.666114
1.14,4,1194.675253
-0.66,10,1194.703426
1.14,4,1194.714456
-0.49,15,1194.758729
1.54,13,1194.796196
-0.56,13,1194.833501
-0.54,11,1194.866472
-0.74,6,1194.885001
1.54,9,1194.912995
1.69,10,1194.94087
1.14,4,1194.95423
-0.51,11,1194.992385
-0.6,9,1195.018824
1.34,10,1195.04474
1.54,9,1195.073926
1.64,10,1195.101946
1.44,8,1195.122271
-0.51,12,1195.156759
1.14,4,1195.169578
1.36,10,1195.208255
1.6,11,1195.238333
-0.63,9,1195.268634
1.68,12,1195.302811
1.32,10,1195.332399
1.51,10,1195.355345
-0.5,14,1195.392927
1.51,9,1195.416075
1.31,11,1195.450115
1.64,10,1195.473413
1.53,12,1195.508896
1.54,9,1195.534168
1.53,10,1195.566611
-0.59,11,1195.599008
1.14,4,1195.610679
-0.36,16,1195.652349
1.64,10,1195.682815
-0.95,8,1195.703964
-0.54,11,1195.739751
1.64,10,1195.777219
-0.68,10,1195.806031
-0.48,10,1195.834492
-0.65,10,1195.864861
-0.14,12,1195.901052
-0.71,8,1195.924049
1.69,11,1195.95345
1.41,9,1195.976962
1.56,9,1196.003943
1.38,11,1196.038384
1.76,14,1196.079793
-0.47,10,1196.112029
-0.71,7,1196.130819
-0.6,16,1196.174109
1.44,8,1196.196637
-0.65,12,1196.230861
1.56,9,1196.253748
1.57,12,1196.287096
-0.54,8,1196.315919
-0.61,10,1196.350123
1.44,10,1196.382549
1.62,13,1196.421889
-1.04,5,1196.435628
-0.55,10,1196.466268
1.33,8,1196.487211
1.42,10,1196.519621
-0.76,6,1196.536661
-0.6,10,1196.570942
-0.78,8,1196.594411
1.61,10,1196.626199
-0.46,12,1196.658042
-0.42,17,1196.707086
1.61,10,1196.733417
1.69,10,1196.763741
1.59,14,1196.875134
-0.75,14,1196.915493
-0.76,6,1196.932604
1.44,11,1196.964115
-0.72,8,1196.985235
-0.34,15,1197.026324
1.36,10,1197.055544
-0.43,15,1197.09976
-0.45,14,1197.140218
-0.65,8,1197.163665
1.63,11,1197.194148
-0.39,13,1197.242528
1.28,8,1197.264245
1.55,11,1197.294212
1.73,15,1197.331668
1.6,12,1197.365847
-0.44,13,1197.403128
1.14,4,1197.413996
1.52,11,1197.445244
-0.63,13,1197.478549
-0.31,15,1197.520921
-0.58,10,1197.546848
-0.51,11,1197.575553
1.44,8,1197.602776
1.52,11,1197.633229
1.34,10,1197.657934
1.39,11,1197.687109
-0.4,12,1197.725103
1.59,10,1197.750634
1.14,4,1197.763134
-0.47,12,1197.797235
1.66,10,1197.826381
-0.47,13,1197.863791
1.52,11,1197.896044
1.43,10,1197.921091
-0.45,18,1197.976581
1.55,11,1198.010477
-0.58,14,1198.043039
1.2,10,1198.077631
-0.48,13,1198.114912
1.61,14,1198.151813
-0.66,12,1198.183381
-0.66,8,1198.209858
1.14,4,1198.224672
1.5,14,1198.267468
-0.4,13,1198.30343
1.63,11,1198.334124
1.54,9,1198.369914
-0.71,10,1198.398478
-0.44,14,1198.433616
1.54,9,1198.464096
1.61,11,1198.500227
1.54,9,1198.526551
1.63,12,1198.562564
1.45,11,1198.594309
-0.47,14,1198.635855
1.33,8,1198.66234
1.42,10,1198.688183
1.64,10,1198.715172
1.26,10,1198.750131
-0.87,12,1198.785877
1.7,12,1198.816922
-0.42,17,1198.861816
-0.56,12,1198.899207
1.14,4,1198.909179
1.31,10,1198.941552
-0.69,10,1198.966231
1.53,11,1199.000271
-0.35,13,1199.033772
1.36,11,1199.063169
1.53,10,1199.094556
1.6,12,1199.130509
1.66,10,1199.157871
1.46,9,1199.182717
1.44,8,1199.205129
1.28,8,1199.234409
-0.42,14,1199.273019
-0.62,11,1199.2998
1.19,5,1199.313812
1.46,9,1199.342733
1.14,4,1199.358498
-0.72,8,1199.381371
1.51,12,1199.416359
1.52,12,1199.449036
1.44,10,1199.487368
1.63,11,1199.518607
1.64,10,1199.544512
1.61,14,1199.583415
1.23,9,1199.614431
-0.28,13,1199.658973
1.47,11,1199.687222
1.14,4,1199.699669
-0.54,10,1199.725718
1.61,10,1199.752436
1.64,10,1199.778734
-0.71,9,1199.803991
-0.66,10,1199.830323
1.4,12,1199.860166
-0.54,13,1199.897216
-0.69,10,1199.929355
1.36,8,1199.952585
1.79,12,1199.986604
1.43,9,1200.010214
-0.79,9,1200.04107
1.14,4,1200.051434
1.52,14,1200.09338
1.69,11,1200.120592
-0.55,10,1200.149674
-0.83,13,1200.183224
-0.4,17,1200.223913
1.57,12,1200.255982
-0.19,18,1200.317225
1.51,10,1200.344681
1.61,12,1200.383975
1.51,10,1200.412544
-0.51,11,1200.453869
-0.71,10,1200.484712
-0.6,10,1200.513191
1.63,10,1200.5439
1.51,10,1200.576394
1.38,9,1200.600198
-0.46,12,1200.632211
-0.95,8,1200.654807
1.47,10,1200.682546
1.64,10,1200.710112
-0.73,9,1200.734402
1.73,15,1200.848787
1.67,14,1200.888484
1.56,10,1200.916498
-0.54,11,1200.947835
1.6,11,1200.973609
-0.32,17,1201.0198
1.5,10,1201.045306
1.48,9,1201.071801
-0.72,14,1201.113412
1.51,9,1201.141007
1.14,4,1201.149564
1.53,10,1201.176836
1.54,9,1201.198481
1.54,9,1201.225116
1.14,4,1201.235125
1.32,9,1201.263628
1.14,4,1201.275318
-0.31,11,1201.314025
-0.64,11,1201.341828
1.14,4,1201.353813
-0.22,15,1201.395915
1.61,13,1201.431782
-0.4,11,1201.467627
1.43,9,1201.49286
-0.71,10,1201.516491
-0.73,9,1201.601674
-0.57,12,1201.633134
1.59,14,1201.670372
-0.83,7,1201.690078
1.54,9,1201.72155
1.44,11,1201.746511
-0.51,12,1201.779822
1.54,9,1201.804501
1.51,9,1201.833671
1.64,10,1201.862243
1.56,13,1201.895831
-0.64,14,1201.931833
1.51,10,1201.962498
-0.62,12,1202.003584
-0.62,9,1202.027381
1.54,9,1202.052807
1.4,9,1202.080686
1.66,10,1202.105098
1.14,4,1202.113716
-0.54,11,1202.145689
1.49,9,1202.177712
1.66,10,1202.206344
-0.61,10,1202.231453
-0.81,17,1202.279371
1.54,9,1202.303666
-0.7,12,1202.341115
-0.62,13,1202.379891
1.43,14,1202.424304
-0.32,14,1202.462448
-0.71,7,1202.481567
-0.95,8,1202.505211
-0.63,10,1202.53282
1.51,10,1202.565677
1.53,10,1202.594927
-0.46,12,1202.627908
1.59,12,1202.657055
1.51,9,1202.689104
1.36,11,1202.72265
1.14,4,1202.734674
1.46,9,1202.761469
1.63,11,1202.793447
-0.6,9,1202.823036
-0.57,15,1202.863017
-0.81,6,1202.880779
1.59,10,1202.912536
1.45,10,1202.946231
1.22,13,1202.979895
1.61,13,1203.012767
1.29,12,1203.047702
1.14,4,1203.059022
1.14,4,1203.071011
1.45,10,1203.104151
1.63,11,1203.14005
1.58,11,1203.167993
1.43,12,1203.203571
1.42,10,1203.229636
-0.12,13,1203.270945
1.64,10,1203.298024
1.55,10,1203.330155
-0.6,12,1203.367088
-0.7,14,1203.416569
1.64,10,1203.441298
1.64,10,1203.468873
1.55,13,1203.502223
1.34,9,1203.530698
1.54,16,1203.57447
1.14,4,1203.58456
1.38,9,1203.606734
1.28,8,1203.629953
1.53,10,1203.659299
-0.34,16,1203.700689
1.14,4,1203.709767
-0.6,9,1203.734523
1.44,8,1203.756331
-0.74,9,1203.780987
1.38,9,1203.807584
1.41,9,1203.840317
-0.48,16,1203.886666
-0.87,9,1203.910872
1.14,4,1203.922331
1.54,9,1203.952155
1.56,9,1203.980992
-0.44,13,1204.021715
1.14,4,1204.030097
-0.33,13,1204.071255
1.42,10,1204.107949
1.63,11,1204.138429
-0.2,16,1204.181162
1.64,10,1204.21561
-0.5,13,1204.253219
1.64,10,1204.283194
1.51,10,1204.307117
1.54,9,1204.337985
1.14,4,1204.346516
1.59,10,1204.374769
1.74,11,1204.403883
1.51,9,1204.433771
-0.54,11,1204.46642
1.54,9,1204.489645
1.55,11,1204.519881
1.44,8,1204.543259
1.51,13,1204.579008
-0.74,13,1204.619038
1.53,10,1204.721546
-0.51,16,1204.770282
1.64,10,1204.796243
1.44,11,1204.82827
-0.48,10,1204.855769
1.43,10,1204.888264
1.34,7,1204.908648
-0.66,16,1204.951292
-0.43,14,1204.983966
1.14,4,1204.995405
1.46,11,1205.024462
1.55,10,1205.053562
-0.29,14,1205.092776
1.14,4,1205.105238
1.62,12,1205.137682
1.74,14,1205.175704
-0.35,15,1205.218174
1.53,10,1205.252242
1.64,10,1205.276818
-0.58,11,1205.309844
-0.6,15,1205.346353
1.61,10,1205.375768
1.44,11,1205.409344
-0.78,11,1205.444417
1.53,10,1205.47239
-0.44,14,1205.513569
-0.65,9,1205.543363
-0.55,10,1205.57002
1.58,12,1205.606867
1.29,7,1205.633321
1.54,9,1205.656429
1.39,8,1205.678985
-0.66,10,1205.70849
1.52,11,1205.749158
-0.55,13,1205.778718
-0.57,9,1205.805474
-0.36,13,1205.841
1.64,10,1205.872856
1.59,12,1205.906934
1.64,10,1205.9346
1.49,9,1205.967868
1.52,11,1205.994278
1.71,12,1206.028402
1.66,10,1206.056852
1.22,8,1206.084643
-0.86,11,1206.120137
1.85,14,1206.159277
-0.66,10,1206.190159
-0.62,9,1206.218437
1.49,9,1206.244738
-0.71,8,1206.267447
-0.61,10,1206.295724
1.47,10,1206.328222
1.14,4,1206.3428
1.51,13,1206.377146
-0.36,14,1206.418995
-0.85,10,1206.452466
-0.57,10,1206.484275
1.54,9,1206.505971
1.64,10,1206.536944
1.47,11,1206.566139
1.54,9,1206.59431
-0.6,9,1206.624153
1.55,15,1206.667993
1.37,10,1206.693524
1.54,9,1206.720446
-0.02,15,1206.767912
1.5,10,1206.793007
1.44,8,1206.816912
-0.63,10,1206.850521
-0.44,10,1206.881695
1.14,4,1206.890742
-0.67,8,1206.911717
1.53,10,1206.942455
1.14,4,1206.957306
-0.35,11,1206.995027
-0.58,13,1207.030299
1.4,10,1207.062018
1.59,10,1207.094627
1.43,10,1207.130669
1.45,10,1207.161274
-0.18,20,1207.219591
-0.08,17,1207.265911
-0.52,15,1207.307213
1.56,10,1207.338327
1.14,4,1207.352481
1.53,10,1207.381737
1.64,10,1207.410995
1.39,10,1207.438247
-0.58,13,1207.488195
1.7,12,1207.522095
1.47,10,1207.548822
1.39,10,1207.573211
1.43,11,1207.610787
1.51,9,1207.643214
-0.44,11,1207.683233
1.44,8,1207.718582
-0.57,13,1207.780695
1.37,9,1207.814633
-0.5,13,1207.853166
-0.46,12,1207.889242
1.64,10,1207.920579
1.47,12,1207.968795
1.14,4,1207.982591
-0.41,10,1208.017087
1.97,17,1208.071686
-0.57,9,1208.100545
1.35,9,1208.129717
1.38,11,1208.157163
-0.53,11,1208.191639
-0.47,11,1208.226101
1.38,9,1208.253654
1.78,11,1208.28482
-0.62,9,1208.312207
-0.32,17,1208.35357
-0.53,12,1208.390762
-0.44,13,1208.486707
1.66,13,1208.534906
1.51,9,1208.555975
1.54,12,1208.587976
1.35,9,1208.618362
1.64,10,1208.658691
1.63,11,1208.694658
1.28,8,1208.720374
1.43,9,1208.747654
-0.41,10,1208.780798
1.23,7,1208.801769
1.64,10,1208.835268
1.37,9,1208.863729
1.65,12,1208.905433
1.47,10,1208.937117
1.54,9,1208.966832
-0.77,7,1208.986278
-0.66,13,1209.024656
-0.59,11,1209.057922
-0.49,11,1209.093774
1.44,8,1209.120555
-0.72,11,1209.156291
1.14,4,1209.169156
-0.46,17,1209.217243
-0.83,13,1209.253723
1.6,12,1209.292412
-0.49,10,1209.324456
1.54,9,1209.352044
1.14,4,1209.362727
1.55,11,1209.398681
1.59,10,1209.423059
-0.67,10,1209.450964
1.3,11,1209.485236
1.66,10,1209.514683
-0.65,12,1209.548881
1.14,4,1209.560563
1.14,4,1209.573589
1.14,4,1209.587511
1.64,10,1209.616737
-0.84,8,1209.638777
1.63,11,1209.66872
1.67,13,1209.705551
1.14,4,1209.717733
1.53,13,1209.766644
1.38,9,1209.81392
1.27,9,1209.855044
1.64,10,1209.888624
1.55,11,1209.924972
1.44,11,1209.961657
1.41,9,1209.998532
-0.54,12,1210.037031
-0.69,12,1210.071345
1.54,9,1210.097082
1.54,10,1210.126932
-0.64,11,1210.159263
-0.8,6,1210.178239
-0.35,17,1210.224034
1.44,8,1210.253385
-0.73,9,1210.289932
1.48,10,1210.332023
-0.48,15,1210.385931
1.54,9,1210.418595
1.64,10,1210.44958
-0.62,12,1210.494711
-0.54,11,1210.534912
-0.64,11,1210.568447
1.14,4,1210.580703
-0.32,14,1210.62568
1.23,9,1210.653037
1.37,9,1210.681896
1.37,9,1210.705586
-0.65,9,1210.72897
-0.64,9,1210.752773
-0.86,8,1210.782726
1.39,11,1210.812872
-0.55,10,1210.843339
1.56,9,1210.869616
-0.43,16,1210.916407
-1.0,7,1210.93653
1.28,10,1210.967497
-0.41,13,1210.999031
-0.64,11,1211.028726
-0.48,11,1211.059402
1.25,11,1211.087575
1.61,11,1211.116854
1.7,13,1211.156411
1.61,10,1211.184499
1.14,4,1211.197148
-0.51,9,1211.222734
1.63,11,1211.257175
-0.67,9,1211.284359
1.34,7,1211.302747
1.65,12,1211.335941
1.14,4,1211.348659
1.63,11,1211.378326
1.54,9,1211.402806
1.48,10,1211.431317
-0.36,14,1211.476986
1.48,10,1211.511278
1.19,5,1211.523469
-0.55,10,1211.552557
1.14,4,1211.566413
1.28,11,1211.598322
1.48,9,1211.62448
1.42,10,1211.656148
1.52,11,1211.686796
-0.76,11,1211.715688
1.54,9,1211.740668
-0.19,16,1211.782218
1.53,10,1211.811248
-0.44,13,1211.84806
1.54,9,1211.87335
1.55,11,1211.902949
1.14,4,1211.917068
1.14,4,1211.929346
1.29,7,1211.947051
1.49,9,1211.97181
-0.5,10,1212.002756
-0.72,8,1212.025352
1.14,4,1212.036038
-0.82,8,1212.060423
1.66,10,1212.088383
-0.59,11,1212.123909
1.54,9,1212.150122
-0.49,13,1212.188127
1.51,10,1212.220656
1.45,10,1212.249614
1.34,10,1212.27758
-0.76,9,1212.300308
-0.57,12,1212.33813
-0.54,12,1212.373892
1.28,8,1212.396729
1.58,11,1212.426684
1.65,12,1212.461937
1.64,10,1212.490852
1.39,12,1212.597702
1.73,12,1212.631658
-0.42,14,1212.676272
1.53,10,1212.704943
1.5,10,1212.731263
1.64,10,1212.759906
1.64,10,1212.788936
-0.71,10,1212.822264
-0.51,15,1212.866558
-0.63,11,1212.895201
1.43,9,1212.923656
-0.95,8,1212.952204
-0.82,9,1212.980971
1.46,12,1213.014717
1.48,10,1213.045226
1.14,4,1213.057817
1.63,11,1213.094378
1.33,9,1213.117129
-0.56,11,1213.148474
1.55,15,1213.185873
1.42,11,1213.218223
1.48,10,1213.246746
-0.71,9,1213.273917
-0.35,13,1213.31079
-0.32,11,1213.348441
1.63,14,1213.384784
-0.45,15,1213.4274
1.6,10,1213.456879
1.14,4,1213.469058
-0.51,12,1213.500874
1.72,12,1213.535415
-0.13,15,1213.578751
1.5,11,1213.605577
-0.53,12,1213.63749
1.76,11,1213.672158
1.14,4,1213.683993
-0.53,13,1213.722281
1.83,12,1213.754466
-0.82,9,1213.791573
1.62,12,1213.833845
-0.58,13,1213.884076
-0.46,9,1213.914322
1.71,11,1213.953715
1.41,12,1213.996964
1.54,9,1214.025756
1.52,11,1214.067739
1.59,10,1214.098942
1.14,4,1214.11316
1.55,15,1214.152538
1.51,13,1214.183953
1.38,9,1214.213874
1.56,16,1214.254587
1.64,10,1214.283443
1.14,4,1214.297419
-0.96,9,1214.32533
1.61,10,1214.354304
-0.62,10,1214.384989
1.7,15,1214.433846
1.54,9,1214.459546
-0.58,10,1214.48691
1.66,10,1214.51466
1.49,9,1214.547338
-0.72,10,1214.583596
-0.23,16,1214.6278
-0.54,13,1214.709824
-0.46,9,1214.749172
1.54,9,1214.779455
1.47,11,1214.815785
1.47,10,1214.84415
-0.71,10,1214.879497
1.64,10,1214.911445
-0.64,10,1214.938266
1.62,11,1214.975889
1.48,9,1215.00515
1.38,9,1215.035715
-0.47,11,1215.068355
-0.68,10,1215.102402
-0.55,15,1215.148883
1.14,4,1215.163277
1.31,13,1215.202309
-0.35,12,1215.242414
1.14,4,1215.252107
1.33,8,1215.27538
1.32,9,1215.298882
1.71,11,1215.332405
1.64,10,1215.359473
-0.61,10,1215.392873
1.53,10,1215.424663
1.22,8,1215.451821
-0.67,8,1215.483163
1.66,10,1215.514785
-0.73,9,1215.547189
-1.04,5,1215.568155
1.58,12,1215.604667
-0.7,7,1215.630695
-0.7,14,1215.674615
1.59,10,1215.70153
1.14,4,1215.711456
1.46,9,1215.740619
1.14,4,1215.749829
1.66,10,1215.781371
1.51,9,1215.809327
1.56,11,1215.842955
-0.62,9,1215.866972
-0.51,14,1215.906482
1.14,4,1215.916119
-0.25,13,1215.963181
1.66,10,1215.994444
1.4,10,1216.023158
1.44,11,1216.051332
-0.43,13,1216.100435
1.42,10,1216.131142
1.54,9,1216.153682
1.58,11,1216.181998
-0.62,12,1216.21781
1.54,9,1216.24353
1.39,8,1216.266979
1.84,16,1216.3126
-0.35,11,1216.356079
1.14,4,1216.365945
1.56,10,1216.395744
1.8,14,1216.528612
-0.76,8,1216.561461
1.19,5,1216.576867
1.44,8,1216.599626
1.44,8,1216.63041
1.54,9,1216.6582
1.59,10,1216.684478
1.54,9,1216.708975
1.53,10,1216.734999
1.33,10,1216.76634
1.58,13,1216.805491
1.52,10,1216.842601
-0.67,11,1216.878343
1.44,8,1216.906343
-0.39,11,1216.939989
1.39,8,1216.96297
1.27,9,1216.987035
1.34,9,1217.021255
1.43,12,1217.057857
1.69,10,1217.085403
1.47,11,1217.120711
1.56,12,1217.159757
1.46,9,1217.190223
1.33,10,1217.215917
1.59,10,1217.242373
1.66,10,1217.280164
1.62,13,1217.317646
1.69,11,1217.348017
1.63,11,1217.37226
1.66,10,1217.406484
1.3,11,1217.434678
1.54,9,1217.462259
1.14,4,1217.473831
-0.8,10,1217.501148
1.54,9,1217.526951
1.66,11,1217.556458
1.6,11,1217.590009
-0.23,14,1217.634791
1.33,10,1217.667033
-0.51,11,1217.701505
-0.54,12,1217.738835
1.64,10,1217.764528
1.66,10,1217.797212
-0.48,12,1217.838835
1.53,10,1217.863858
-0.62,9,1217.896449
1.14,4,1217.908684
-0.64,11,1217.940137
-0.35,11,1217.975796
-0.45,11,1218.015402
1.64,10,1218.05445
1.14,4,1218.067672
-0.62,11,1218.099021
-0.55,10,1218.139854
-0.57,12,1218.171644
1.61,10,1218.199756
1.54,9,1218.229257
1.32,9,1218.264539
1.46,14,1218.309696
1.14,4,1218.318627
-0.38,14,1218.359091
-0.7,13,1218.39723
1.64,10,1218.428459
1.54,9,1218.458851
-0.61,8,1218.483826
1.51,9,1218.512499
-0.87,6,1218.531424
1.52,11,1218.559947
1.38,9,1218.588599
-0.51,13,1218.629982
-0.79,9,1218.659281
-0.31,13,1218.69981
-0.37,13,1218.737736
1.46,9,1218.772902
-0.38,13,1218.817185
-0.66,9,1218.845672
1.58,9,1218.872733
-0.21,16,1218.926463
-0.55,16,1218.973175
-0.43,13,1219.017404
-0.52,10,1219.052957
1.51,9,1219.079638
1.53,10,1219.114639
1.51,13,1219.157448
1.63,11,1219.188518
1.14,4,1219.199608
1.39,8,1219.224903
-0.34,14,1219.266814
-0.31,15,1219.314291
1.44,13,1219.357602
1.66,10,1219.392334
1.53,10,1219.423736
-0.37,14,1219.465823
1.33,8,1219.497463
-0.57,12,1219.536391
-0.77,7,1219.555702
1.54,9,1219.579398
1.63,13,1219.622816
-0.75,11,1219.660502
1.54,9,1219.68818
1.14,4,1219.697382
1.5,10,1219.728528
1.14,4,1219.738726
-0.34,14,1219.775472
1.54,9,1219.800968
1.64,10,1219.833375
1.58,9,1219.86077
1.55,10,1219.892453
1.36,8,1219.920434
1.5,10,1219.953799
1.42,11,1219.98197
-0.46,15,1220.02385
-0.55,11,1220.056372
1.64,10,1220.092198
-0.45,13,1220.129014
1.69,10,1220.162001
-0.85,6,1220.179405
-0.38,15,1220.226512
-0.54,12,1220.262123
-0.32,18,1220.310516
-0.65,10,1220.344481
1.14,4,1220.360495
-0.69,11,1220.392605
1.64,10,1220.420827
1.39,10,1220.4564
1.63,11,1220.488497
1.46,9,1220.512823
1.57,12,1220.550693
-0.52,13,1220.68187
-0.54,10,1220.757685
1.64,10,1220.805527
-0.64,11,1220.849691
1.14,4,1220.863574
1.45,9,1220.893573
-0.78,10,1220.925435
-0.67,9,1220.964142
1.27,9,1220.994886
1.59,11,1221.03337
1.47,10,1221.066613
1.59,10,1221.098837
1.14,4,1221.112661
1.27,8,1221.137255
1.14,4,1221.150224
1.64,10,1221.180516
-0.69,10,1221.212439
1.54,9,1221.242625
1.64,10,1221.27068
1.52,11,1221.299609
-0.56,10,1221.33388
-0.39,10,1221.371015
1.5,10,1221.402311
-0.67,14,1221.441589
-0.63,11,1221.474713
1.14,4,1221.489042
1.59,10,1221.516693
1.54,9,1221.544373
-0.52,12,1221.57824
-0.77,10,1221.604615
-0.35,16,1221.646204
1.61,14,1221.684613
1.6,11,1221.714944
1.64,10,1221.747932
-0.51,9,1221.779104
1.14,4,1221.790725
-0.46,15,1221.830461
-0.72,8,1221.85996
1.61,10,1221.895455
1.43,11,1221.932679
1.54,9,1221.96258
-0.31,18,1222.022262
1.54,9,1222.050456
-0.37,11,1222.082745
-0.69,7,1222.106807
1.46,9,1222.140414
-0.79,9,1222.165018
1.46,11,1222.197353
1.63,11,1222.231266
-0.45,14,1222.282073
-0.72,8,1222.304042
1.58,11,1222.337852
1.56,10,1222.362146
-0.7,8,1222.38918
1.13,5,1222.404936
1.49,11,1222.432241
-0.47,14,1222.469252
1.69,10,1222.496561
1.56,9,1222.524334
-0.68,10,1222.553324
-0.57,9,1222.576761
1.33,8,1222.606749
-0.7,11,1222.641188
-0.67,11,1222.668046
-0.62,10,1222.699903
-0.54,11,1222.733764
-0.27,12,1222.769011
1.53,11,1222.804082
-0.78,9,1222.828174
-0.68,12,1222.87266
1.65,16,1222.915773
1.63,11,1222.943318
-0.66,10,1222.973444
-0.46,13,1223.013596
1.54,9,1223.039968
-0.56,14,1223.075036
-0.63,11,1223.106087
1.64,10,1223.139319
1.14,4,1223.149914
1.22,8,1223.174575
-0.64,8,1223.197984
-0.59,12,1223.234504
1.48,10,1223.259198
-0.49,13,1223.299064
1.38,9,1223.326898
1.51,15,1223.367402
1.41,9,1223.392347
-0.3,18,1223.434929
-0.81,8,1223.459882
-0.54,9,1223.496943
1.52,11,1223.535544
1.26,9,1223.56248
1.4,9,1223.590338
-0.69,13,1223.626037
-0.76,9,1223.64738
1.53,10,1223.676259
1.44,8,1223.700297
1.59,10,1223.728576
-0.56,10,1223.76184
1.51,9,1223.788668
1.34,15,1223.826791
1.54,9,1223.850676
1.75,14,1223.888546
1.14,4,1223.897488
1.64,10,1223.928848
1.61,10,1223.960307
1.56,10,1223.993397
-0.53,11,1224.022463
-0.68,9,1224.051645
1.48,10,1224.085818
-0.21,13,1224.126097
1.49,9,1224.149576
-0.48,14,1224.183873
-0.54,16,1224.227384
1.47,11,1224.255304
1.14,4,1224.267205
1.14,4,1224.278008
1.58,11,1224.309102
1.41,8,1224.328349
1.55,12,1224.361808
1.37,10,1224.392549
1.42,10,1224.423639
1.61,10,1224.450954
-0.34,10,1224.480782
1.49,12,1224.512805
1.54,9,1224.540273
1.64,10,1224.568711
1.14,4,1224.581342
1.66,10,1224.605402
-0.75,11,1224.641103
1.54,14,1224.677423
1.14,4,1224.687625
1.69,10,1224.715604
-0.64,8,1224.813349
-0.78,8,1224.841794
1.54,9,1224.865877
1.14,4,1224.875739
-0.75,8,1224.903982
-0.64,14,1224.944315
1.14,4,1224.95415
-0.63,13,1224.988868
1.71,15,1225.077632
1.49,9,1225.115694
1.55,12,1225.150796
1.28,9,1225.173267
1.66,11,1225.204033
-0.41,14,1225.243179
-0.58,10,1225.273662
1.54,9,1225.30175
1.61,10,1225.329731
1.58,11,1225.359065
1.19,5,1225.37636
1.44,11,1225.404935
1.63,11,1225.433874
1.69,11,1225.469441
-0.1,14,1225.513426
1.46,9,1225.540228
1.54,9,1225.568268
-0.25,15,1225.604029
1.69,10,1225.632505
1.36,10,1225.660722
1.59,10,1225.701051
1.54,9,1225.751907
1.14,4,1225.779846
1.45,10,1225.866367
1.37,11,1225.97517
1.63,11,1226.064006
-0.35,12,1226.154805
1.56,11,1226.202175
1.14,4,1226.236677
-0.36,14,1226.306624
-0.6,12,1226.352621
-0.49,13,1226.408256
-0.4,15,1226.460763
-0.61,8,1226.491111
1.48,10,1226.530015
-0.6,13,1226.610837
-0.69,11,1226.700911
-0.52,10,1226.746075
-0.2,15,1226.79259
-0.27,15,1226.898473
1.49,10,1226.941783
-0.77,10,1226.982492
-0.25,16,1227.033397
-0.44,9,1227.063361
1.43,9,1227.0998
1.38,9,1227.132559
1.38,10,1227.167483
1.82,16,1227.220482
1.58,11,1227.288901
1.66,10,1227.355793
1.71,13,1227.461909
1.71,14,1227.573137
-0.45,18,1227.711279
1.59,13,1227.785249
-0.43,16,1227.837104
-0.1,15,1227.887243
1.54,9,1227.933977
1.64,10,1228.009411
1.93,15,1228.05941
1.54,9,1228.123693
-0.6,15,1228.238255
1.51,10,1228.267707
-0.47,15,1228.333441
-0.72,10,1228.37415
-0.67,8,1228.445894
1.54,9,1228.480341
-0.57,9,1228.513097
1.54,12,1228.551188
-0.69,11,1228.59401
1.63,12,1228.641618
-0.38,14,1228.693023
1.78,17,1228.742263
1.64,10,1228.780168
-0.46,9,1228.810281
1.14,4,1228.839895
1.53,10,1228.927727
1.74,11,1229.031236
1.77,16,1229.137398
-0.37,14,1229.255425
1.5,15,1229.371308
-0.74,10,1229.471588
-0.3,17,1229.534981
1.44,12,1229.574882
1.4,15,1229.626677
-0.6,10,1229.665057
-0.7,7,1229.697059
1.14,4,1229.713304
1.24,9,1229.777044
1.65,13,1229.872968
1.64,10,1229.906714
1.54,9,1229.938
-0.37,15,1229.985908
1.14,4,1230.001604
1.14,4,1230.014687
-0.84,12,1230.055902
1.55,11,1230.149285
1.51,10,1230.231732
1.53,10,1230.347646
1.38,10,1230.416324
-0.51,12,1230.451602
1.71,12,1230.502645
-0.53,12,1230.539913
1.64,10,1230.577928
1.28,11,1230.618378
1.34,10,1230.657368
-0.78,9,1230.687956
1.14,4,1230.710724
-0.62,12,1230.812566
-0.54,13,1230.8827
-0.42,11,1230.913751
1.59,10,1230.950318
1.64,10,1230.983251
1.91,12,1231.036919
1.58,12,1231.087034
1.66,10,1231.173636
1.14,4,1231.200969
1.59,12,1231.315564
1.19,5,1231.362084
1.52,16,1231.434682
2.05,16,1231.485991
1.54,9,1231.520134
-0.29,14,1231.629453
1.48,13,1231.741547
1.46,9,1231.810849
1.54,9,1231.901417
1.56,12,1231.993905
1.67,12,1232.090466
1.15,7,1232.137763
1.69,11,1232.212591
1.64,10,1232.248498
-0.1,14,1232.299404
1.56,9,1232.331728
1.47,11,1232.380626
1.71,12,1232.422056
-0.6,13,1232.468326
1.36,10,1232.540415
1.53,10,1232.599771
1.5,11,1232.648679
1.17,7,1232.710775
-0.7,9,1232.785098
-0.49,13,1232.873653
-0.67,9,1232.970137
-0.49,13,1233.072052
1.41,14,1233.147645
1.45,9,1233.183433
1.54,9,1233.214206
1.14,4,1233.226894
1.5,10,1233.263697
-0.57,10,1233.348207
1.31,7,1233.401275
1.69,10,1233.466587
1.73,16,1233.520115
-0.58,10,1233.55986
1.66,10,1233.586052
-0.84,10,1233.620054
-0.59,11,1233.65629
-0.75,11,1233.705884
1.36,8,1233.76134
-0.26,18,1233.821157
-0.4,18,1233.957242
1.4,12,1234.02608
1.64,10,1234.068605
1.5,10,1234.115557
-0.13,16,1234.190634
1.54,9,1234.25126
1.64,10,1234.31577
-0.63,10,1234.356663
1.25,11,1234.392782
1.62,12,1234.435419
1.57,12,1234.481758
-0.61,16,1234.53009
-0.49,13,1234.604835
1.59,10,1234.687822
1.14,4,1234.708125
1.64,15,1234.781541
1.61,11,1234.809568
1.33,11,1234.855816
-0.52,13,1234.918573
1.41,9,1234.999758
-0.15,14,1235.122497
1.55,12,1235.243415
-0.27,12,1235.344028
1.14,4,1235.377203
-0.72,7,1235.438608
1.64,10,1235.496705
-0.68,11,1235.530408
1.66,10,1235.563751
1.59,13,1235.610786
-0.75,14,1235.697447
-0.34,14,1235.803578
1.14,4,1235.82892
-0.84,9,1235.864613
1.69,10,1235.909219
1.66,10,1235.958145
-0.56,11,1236.005008
-0.93,6,1236.027113
-0.6,10,1236.104094
-0.59,11,1236.141396
-0.57,13,1236.178946
-0.48,11,1236.217828
1.66,10,1236.275765
-0.55,14,1236.328479
1.4,9,1236.362316
-0.82,7,1236.385774
1.59,10,1236.426124
1.14,4,1236.45161
1.36,10,1236.507226
1.44,10,1236.559649
1.3,12,1236.612252
1.14,4,1236.627679
-0.59,11,1236.669008
1.38,11,1236.708255
1.63,11,1236.760235
-0.37,11,1236.844048
1.54,9,1236.915951
1.72,15,1237.031138
1.37,10,1237.097454
-0.55,16,1237.183566
-0.39,14,1237.283962
1.59,10,1237.311513
-0.59,9,1237.352215
-0.57,15,1237.415979
1.55,10,1237.461618
1.54,11,1237.526202
1.69,11,1237.581965
1.14,4,1237.599144
1.34,10,1237.664241
1.14,4,1237.694883
1.21,8,1237.752295
-0.58,13,1237.814045
1.14,4,1237.825968
1.14,4,1237.838966
1.26,13,1237.891892
-0.38,11,1237.929054
1.26,10,1237.969722
-0.56,14,1238.038543
-0.98,8,1238.087057
1.54,9,1238.14227
-0.97,4,1238.169183
1.5,10,1238.232522
1.45,13,1238.302752
1.75,12,1238.345695
1.48,9,1238.390298
1.14,4,1238.410172
1.14,4,1238.42803
1.41,8,1238.463383
1.34,11,1238.509509
1.64,10,1238.543937
-0.4,14,1238.618335
1.49,9,1238.653471
-0.81,11,1238.687433
1.54,9,1238.748456
1.14,4,1238.779626
1.4,9,1238.82688
1.14,4,1238.846279
1.52,12,1238.892817
1.14,4,1238.913958
-0.2,16,1239.007279
1.36,11,1239.079615
1.65,11,1239.141529
-0.62,11,1239.194034
1.14,4,1239.217264
1.66,10,1239.258284
1.66,10,1239.294303
-0.58,10,1239.334401
1.47,11,1239.37451
1.64,10,1239.418138
-0.46,13,1239.463702
1.54,9,1239.517867
1.58,11,1239.557014
1.66,12,1239.615515
1.54,11,1239.659105
1.5,11,1239.707835
1.47,11,1239.744907
1.38,9,1239.785363
-0.52,12,1239.832406
1.37,9,1239.86316
1.66,10,1239.899693
1.59,10,1239.942773
1.64,10,1239.978532
1.41,12,1240.112495
1.6,11,1240.181607
-0.4,13,1240.243079
1.55,10,1240.283316
1.63,11,1240.324226
1.64,10,1240.373521
-0.59,14,1240.457441
1.35,9,1240.528311
-0.5,11,1240.61078
-0.46,9,1240.642979
1.26,9,1240.675751
-0.51,12,1240.730066
1.14,4,1240.751857
-0.5,10,1240.811139
-0.35,11,1240.847224
1.45,10,1240.882555
1.54,9,1240.917672
1.35,12,1240.973986
-0.86,8,1241.009663
-0.49,14,1241.112067
1.57,12,1241.173122
1.59,10,1241.207908
1.69,11,1241.251799
1.41,11,1241.291081
1.14,4,1241.305546
1.53,10,1241.345923
1.14,4,1241.364448
1.66,10,1241.423492
1.41,8,1241.463553
1.66,10,1241.501447
1.42,10,1241.53844
1.54,10,1241.584164
1.27,9,1241.619137
1.5,10,1241.65309
-0.92,5,1241.670197
1.14,4,1241.682711
-0.23,15,1241.733001
1.54,9,1241.763761
-0.31,11,1241.807752
-0.62,11,1241.848501
1.37,10,1241.883615
1.64,10,1241.9308
1.14,4,1241.944777
-0.59,14,1242.003208
1.59,10,1242.07722
-0.68,10,1242.114415
1.55,10,1242.152873
1.71,11,1242.21018
-0.47,14,1242.302752
-0.45,11,1242.394594
1.66,10,1242.475276
-0.66,7,1242.53117
1.64,10,1242.585626
-0.67,8,1242.615813
-0.19,16,1242.717766
-0.77,9,1242.762267
1.58,11,1242.801748
-0.72,10,1242.827054
1.64,10,1242.857475
1.74,11,1242.891218
1.14,4,1242.907915
-0.67,8,1242.93564
-0.26,14,1242.976384
1.61,10,1243.002936
-0.6,13,1243.042209
1.26,9,1243.076607
-0.66,10,1243.102062
1.44,8,1243.123916
1.66,10,1243.155056
1.41,10,1243.18464
1.72,13,1243.223039
1.44,12,1243.268482
-0.29,14,1243.310869
-0.53,14,1243.350767
-0.51,13,1243.389705
-0.52,13,1243.431936
1.49,10,1243.462514
1.62,12,1243.494629
-0.71,10,1243.527685
-0.47,13,1243.566137
1.14,4,1243.577363
1.14,4,1243.590997
1.64,11,1243.624379
1.69,11,1243.657246
-0.63,11,1243.688808
1.14,4,1243.70016
1.63,13,1243.739814
1.54,9,1243.770301
1.14,4,1243.784729
-0.43,11,1243.819834
1.36,8,1243.840425
1.36,8,1243.860876
-0.48,11,1243.89306
1.28,8,1243.924539
1.17,7,1243.942182
1.66,10,1243.971102
1.36,11,1244.005753
1.63,12,1244.041955
-0.68,9,1244.087378
-0.61,10,1244.119486
1.64,10,1244.152152
-0.52,13,1244.190339
-0.61,13,1244.229319
1.64,10,1244.261121
1.33,8,1244.309157
1.69,10,1244.343055
-0.49,12,1244.38433
1.54,9,1244.410832
-0.73,11,1244.441943
1.62,13,1244.486564
1.46,12,1244.523368
1.66,11,1244.555407
1.54,11,1244.589269
-0.46,9,1244.61744
-0.69,10,1244.648161
-0.65,14,1244.688079
1.41,11,1244.723724
-0.7,12,1244.761465
1.58,10,1244.786585
1.14,4,1244.797254
-0.44,13,1244.841934
1.66,11,1244.870562
-0.41,13,1244.90945
-0.43,16,1244.956289
1.37,10,1244.982436
1.54,9,1245.008626
1.43,9,1245.033511
1.23,9,1245.057869
-0.69,10,1245.089663
1.56,12,1245.130662
-0.43,12,1245.165665
-0.76,8,1245.188746
1.64,10,1245.22299
1.14,4,1245.234166
1.27,9,1245.257613
1.44,11,1245.292068
1.38,9,1245.321617
-0.58,14,1245.362881
1.64,10,1245.387444
-0.72,10,1245.418773
1.42,10,1245.44514
1.64,13,1245.475288
1.76,14,1245.513834
-0.65,11,1245.540979
-0.74,6,1245.559771
-0.59,11,1245.590436
-0.77,7,1245.613561
1.55,11,1245.643559
-0.57,15,1245.682932
-0.77,7,1245.70704
1.63,11,1245.737438
-0.81,8,1245.765067
-0.61,13,1245.800529
-0.52,13,1245.837022
-0.79,9,1245.866324
-0.32,15,1245.907438
-0.36,10,1245.938635
1.64,10,1245.962897
1.63,11,1245.990209
1.73,11,1246.020814
-0.48,14,1246.056038
-0.42,12,1246.097425
1.66,10,1246.128574
-0.68,10,1246.15432
1.14,4,1246.168029
-0.75,14,1246.207877
-0.38,14,1246.24939
1.64,10,1246.276397
1.14,4,1246.288879
1.62,12,1246.324845
-0.74,10,1246.357351
-0.63,10,1246.389892
1.53,11,1246.421166
-0.98,5,1246.440401
1.14,4,1246.450877
-0.58,10,1246.478167
1.59,10,1246.511781
-1.04,5,1246.524158
1.14,4,1246.535123
1.48,12,1246.569002
1.46,12,1246.602291
1.53,10,1246.628581
1.14,4,1246.637959
1.14,4,1246.651139
-0.61,11,1246.685166
1.39,9,1246.709505
-0.74,10,1246.738922
1.14,4,1246.750217
1.69,11,1246.783358
-0.83,8,1246.804402
1.64,10,1246.832825
-0.48,12,1246.862331
-0.38,14,1246.91329
1.55,11,1246.947684
1.32,9,1246.97232
1.66,14,1247.007882
-0.82,6,1247.030737
-0.61,9,1247.056181
-0.68,12,1247.092096
1.69,11,1247.122663
1.77,14,1247.163407
1.46,13,1247.19979
1.62,13,1247.234864
1.43,9,1247.260761
1.45,11,1247.293681
-0.45,14,1247.330041
1.64,12,1247.369426
1.14,4,1247.380209
1.66,11,1247.415047
1.66,10,1247.439357
-0.91,9,1247.467829
1.56,9,1247.489959
1.6,15,1247.531942
1.54,9,1247.556968
1.75,13,1247.600421
1.55,10,1247.630735
1.54,9,1247.656689
1.19,13,1247.696708
1.14,4,1247.706549
1.45,13,1247.741452
1.14,4,1247.75356
1.97,14,1247.794327
1.56,9,1247.82062
1.51,9,1247.845687
-0.57,11,1247.8809
1.53,10,1247.911838
1.78,16,1247.952847
1.4,9,1247.976262
1.46,12,1248.015477
1.52,11,1248.049011
-0.55,11,1248.081214
-0.19,15,1248.121231
1.54,13,1248.155725
-0.76,6,1248.172377
1.32,10,1248.202583
1.4,9,1248.231776
1.14,4,1248.245821
1.65,13,1248.283415
1.57,12,1248.314367
-0.75,8,1248.336473
1.14,4,1248.351396
1.14,4,1248.363844
-0.2,13,1248.402297
1.45,10,1248.434391
1.49,12,1248.467485
-0.78,8,1248.49247
1.14,4,1248.502522
1.31,10,1248.545133
1.19,5,1248.618255
-0.35,12,1248.6531
1.53,10,1248.68118
1.54,14,1248.715432
-0.35,12,1248.750611
-0.72,8,1248.770853
1.14,4,1248.783064
-0.5,16,1248.827949
1.14,4,1248.842636
1.48,13,1248.879482
-0.32,14,1248.912836
1.36,11,1248.943034
1.54,9,1248.969045
1.14,4,1248.983062
1.66,10,1249.016172
-0.51,11,1249.048798
1.72,16,1249.096992
-0.84,9,1249.121057
1.57,10,1249.149194
1.54,9,1249.175077
1.71,13,1249.21695
1.14,4,1249.227765
-0.86,10,1249.253784
-0.6,13,1249.35111
-0.53,11,1249.384886
1.14,4,1249.39583
-0.47,11,1249.427932
0.79,21,1249.48097
1.63,10,1249.512125
1.52,11,1249.543594
1.14,4,1249.552797
1.69,12,1249.587077
1.61,10,1249.624113
1.69,10,1249.649971
-0.4,14,1249.688882
-0.63,13,1249.73084
1.14,4,1249.744325
-0.75,9,1249.767111
1.58,11,1249.796877
1.5,10,1249.827733
1.64,10,1249.859839
1.55,11,1249.8866
1.45,13,1249.922757
-0.76,6,1249.941426
1.53,10,1249.978214
1.5,9,1250.003603
-0.83,7,1250.030014
-0.41,16,1250.077379
-0.83,13,1250.116189
-0.64,12,1250.148231
1.71,11,1250.179446
-0.78,9,1250.204647
-0.61,14,1250.248455
1.69,11,1250.283229
1.14,4,1250.294021
1.14,4,1250.303376
-0.56,8,1250.328477
1.69,10,1250.355477
1.44,12,1250.392601
1.64,10,1250.419597
1.53,14,1250.460316
1.64,10,1250.493128
-0.35,11,1250.521799
1.14,4,1250.532527
1.34,7,1250.555635
-0.47,13,1250.588842
1.64,11,1250.617437
1.38,9,1250.644129
1.58,11,1250.678924
1.74,11,1250.708182
-0.61,8,1250.731826
1.64,10,1250.755939
1.14,4,1250.770552
-0.57,13,1250.813329
1.53,10,1250.839892
1.41,9,1250.864533
-0.63,10,1250.897044
-0.38,12,1250.932807
1.52,11,1250.962538
-0.78,8,1250.984622
1.54,9,1251.015604
-0.78,8,1251.042061
1.66,11,1251.068557
-0.4,11,1251.101103
1.52,11,1251.13534
1.4,9,1251.157407
-0.59,11,1251.183007
1.59,10,1251.211186
-0.57,13,1251.246677
1.42,10,1251.273185
-0.47,10,1251.302498
1.59,10,1251.332405
1.54,9,1251.367133
1.74,12,1251.398525
1.28,8,1251.419914
-0.55,9,1251.447103
1.69,10,1251.479519
-0.36,14,1251.526659
1.47,10,1251.553131
-0.5,10,1251.580461
-0.73,11,1251.611231
-0.73,11,1251.636311
1.19,5,1251.652431
1.14,4,1251.663227
1.51,13,1251.701302
1.63,12,1251.735132
-0.17,12,1251.768213
1.64,10,1251.796834
1.44,11,1251.83256
-0.38,15,1251.875365
-0.49,10,1251.903394
1.37,9,1251.929872
1.14,4,1251.944052
1.3,11,1251.972722
1.51,15,1252.014001
1.74,11,1252.045365
-0.57,12,1252.079919
-0.7,8,1252.102788
1.64,10,1252.129024
1.14,4,1252.139462
1.47,10,1252.169213
1.52,11,1252.208158
1.64,10,1252.303777
1.54,9,1252.335173
1.22,8,1252.360788
1.22,8,1252.380209
1.51,10,1252.409157
1.51,13,1252.444356
1.46,11,1252.480388
1.59,10,1252.509513
1.68,10,1252.53678
1.69,11,1252.577016
1.38,11,1252.612722
-0.72,7,1252.635763
1.46,9,1252.668083
1.42,11,1252.701091
1.66,10,1252.730644
-0.48,13,1252.761013
-0.56,12,1252.800214
1.64,10,1252.828145
-0.76,6,1252.849348
1.56,10,1252.879814
1.48,9,1252.903906
1.53,10,1252.929797
1.54,9,1252.959004
1.35,8,1252.980397
1.36,10,1253.007051
1.19,5,1253.01817
1.26,10,1253.046341
1.55,11,1253.082333
1.64,10,1253.110339
-0.52,15,1253.147692
1.74,11,1253.185981
1.37,13,1253.2234
1.32,9,1253.24633
-0.38,16,1253.283362
1.64,10,1253.312467
1.43,10,1253.339465
-0.56,10,1253.364351
1.53,10,1253.390141
-0.42,19,1253.447549
-0.7,8,1253.468777
-0.31,14,1253.50578
1.54,9,1253.5314
-0.59,12,1253.565926
1.14,4,1253.576428
-0.89,8,1253.600744
1.55,11,1253.634231
1.1,9,1253.665486
1.59,10,1253.698188
1.54,9,1253.724378
1.66,10,1253.752349
-0.52,12,1253.792153
1.69,11,1253.819356
1.64,10,1253.852054
1.42,10,1253.880153
1.6,11,1253.914167
1.71,10,1253.943368
1.66,11,1253.972022
-0.54,9,1253.998266
1.55,12,1254.036454
1.43,12,1254.06554
-0.53,13,1254.104907
1.52,14,1254.144496
1.51,10,1254.175499
1.24,11,1254.205167
-0.63,9,1254.228617
-0.47,11,1254.25922
1.54,9,1254.281341
1.46,9,1254.30861
1.69,10,1254.333776
-0.82,6,1254.35419
1.41,9,1254.388518
1.59,14,1254.429139
1.88,14,1254.467691
1.33,8,1254.489362
1.59,10,1254.520226
1.64,10,1254.548255
1.53,10,1254.576967
1.71,11,1254.614353
-0.1,16,1254.660722
-0.67,8,1254.686522
-0.48,12,1254.719486
1.54,9,1254.745027
1.66,14,1254.787131
1.63,11,1254.822784
1.64,11,1254.85516
1.38,9,1254.879184
1.36,8,1254.903384
-0.52,10,1254.934146
-0.37,14,1254.971207
1.14,4,1254.980875
-0.61,12,1255.022133
1.14,4,1255.031791
-0.69,9,1255.056602
-0.78,8,1255.079948
-0.36,16,1255.122918
1.64,10,1255.15711
-0.67,9,1255.182018
1.7,12,1255.216521
-0.7,8,1255.24112
1.53,11,1255.276081
-0.12,18,1255.323338
1.58,10,1255.349307
1.45,9,1255.378384
1.39,10,1255.41051
1.54,12,1255.441599
-0.37,11,1255.472864
-0.8,10,1255.501832
-0.58,10,1255.528728
1.46,9,1255.55582
-0.85,10,1255.58619
1.19,5,1255.603385
1.62,13,1255.6436
-0.74,10,1255.676893
-0.61,8,1255.702311
-0.78,11,1255.73772
-0.61,8,1255.759041
-0.58,11,1255.789104
1.61,10,1255.816665
-0.53,11,1255.850103
1.56,9,1255.873209
1.39,11,1255.905004
1.66,11,1256.00537
1.48,12,1256.046632
1.27,9,1256.074266
-0.52,12,1256.102916
1.64,12,1256.134515
1.64,10,1256.171
1.44,8,1256.195058
1.54,9,1256.221657
1.59,10,1256.244596
-0.05,14,1256.288763
-0.74,9,1256.316987
1.51,9,1256.338848
-0.24,12,1256.37395
-0.69,7,1256.394571
1.48,10,1256.419523
1.38,9,1256.445991
1.43,9,1256.470299
-0.17,15,1256.518416
1.64,10,1256.548493
1.14,4,1256.55909
-0.49,9,1256.582685
1.52,11,1256.616417
-0.51,12,1256.651837
-0.61,10,1256.680545
1.42,11,1256.709479
1.55,12,1256.74377
1.4,10,1256.774447
-0.54,11,1256.807151
1.63,11,1256.836233
-0.54,15,1256.880028
1.43,10,1256.90992
1.1,9,1256.935152
-0.58,10,1256.961631
1.44,8,1256.990034
1.43,13,1257.031644
1.38,9,1257.055629
-0.35,11,1257.083154
1.53,10,1257.11459
1.14,4,1257.126229
-0.7,12,1257.161643
1.48,16,1257.20089
1.66,11,1257.236257
1.68,11,1257.264604
1.19,5,1257.278492
-0.61,11,1257.30975
-0.44,16,1257.347537
-0.67,9,1257.374283
-0.62,9,1257.399003
-0.15,15,1257.448101
-0.5,11,1257.488328
1.58,11,1257.519237
1.14,4,1257.5304
1.61,14,1257.569847
1.61,11,1257.60599
1.46,9,1257.629758
1.14,4,1257.643225
1.37,10,1257.677761
1.14,4,1257.68973
-0.85,9,1257.714624
1.48,10,1257.747793
1.43,9,1257.773092
1.59,13,1257.809801
1.53,10,1257.835928
1.27,11,1257.863362
1.51,12,1257.895422
1.46,9,1257.92641
1.69,11,1257.959116
-0.38,12,1257.990366
-0.19,14,1258.03216
-0.42,11,1258.062439
1.37,9,1258.091482
1.64,13,1258.125738
1.62,14,1258.170585
-0.61,8,1258.196431
1.64,10,1258.227336
1.19,5,1258.239925
-0.96,9,1258.264096
1.33,8,1258.291378
1.47,14,1258.329824
1.54,9,1258.354135
-0.11,18,1258.404762
1.71,11,1258.441123
1.48,13,1258.476061
1.61,10,1258.506071
1.64,10,1258.53404
1.71,11,1258.566016
1.59,10,1258.594033
-0.59,11,1258.622916
1.44,8,1258.6467
1.31,10,1258.684452
-0.63,11,1258.715877
1.49,9,1258.740137
-0.36,10,1258.768597
1.14,4,1258.78146
1.76,11,1258.817381
1.54,12,1258.848016
1.56,10,1258.883999
1.51,16,1258.941456
-0.98,5,1258.955825
1.44,11,1258.989359
1.52,11,1259.019837
1.28,11,1259.053747
-0.56,11,1259.086569
-0.46,15,1259.128695
-0.47,11,1259.160638
1.66,13,1259.205917
1.64,10,1259.231854
-0.35,12,1259.261879
-0.7,9,1259.289677
1.38,9,1259.318533
1.35,12,1259.353424
-0.55,13,1259.382624
1.36,8,1259.406162
1.33,10,1259.434299
1.37,9,1259.459243
1.53,10,1259.486732
-0.39,14,1259.525437
1.14,4,1259.540563
1.14,4,1259.553255
1.38,9,1259.576848
1.64,10,1259.601767
1.36,11,1259.632257
1.64,10,1259.660326
-0.69,10,1259.758825
1.54,9,1259.784992
-0.68,12,1259.822377
1.66,11,1259.851177
1.53,10,1259.877651
-0.51,14,1259.92029
1.23,9,1259.945676
1.14,4,1259.957477
1.47,10,1259.98629
1.53,10,1260.009458
-0.6,13,1260.052627
1.3,11,1260.082705
-0.23,16,1260.128149
-0.77,13,1260.172302
-0.55,12,1260.207183
1.74,12,1260.240556
1.53,10,1260.269152
1.59,10,1260.299076
-0.4,12,1260.336524
1.74,11,1260.36296
-0.72,16,1260.40677
1.14,4,1260.416419
-0.59,11,1260.450403
1.5,10,1260.479879
-0.59,12,1260.51102
1.32,9,1260.535882
-0.78,8,1260.561587
-0.37,13,1260.599074
1.64,10,1260.624282
-0.28,13,1260.662345
-0.38,11,1260.698472
1.72,13,1260.735729
-0.69,11,1260.770077
-0.97,4,1260.779945
-0.47,10,1260.808698
1.62,14,1260.846414
1.64,10,1260.871683
1.64,10,1260.905352
-0.67,12,1260.946491
1.31,10,1260.973903
1.33,8,1260.995407
1.55,13,1261.035065
1.61,10,1261.066707
1.46,9,1261.092553
1.14,4,1261.10442
1.53,10,1261.137248
1.69,10,1261.167192
1.69,10,1261.1936
-0.74,9,1261.220221
1.54,9,1261.244254
1.49,9,1261.270221
-0.5,17,1261.318818
1.14,4,1261.329499
1.43,12,1261.361517
1.48,10,1261.390023
1.39,10,1261.417157
1.64,10,1261.443424
-0.71,13,1261.483239
1.64,10,1261.517267
-0.71,7,1261.536503
1.53,10,1261.566086
1.14,4,1261.579575
1.68,13,1261.622454
1.73,15,1261.664781
1.61,10,1261.68971
1.63,11,1261.721819
-0.21,13,1261.767645
1.44,8,1261.788344
-0.77,7,1261.81186
-0.62,9,1261.839736
1.55,10,1261.867145
1.67,13,1261.905123
1.74,11,1261.937195
-0.47,10,1261.969145
-0.67,9,1261.994943
1.71,13,1262.033884
1.49,12,1262.066536
-0.37,16,1262.108498
1.54,9,1262.13652
1.17,7,1262.15713
-0.81,5,1262.169922
-0.7,12,1262.199077
-0.46,14,1262.316208
-0.51,14,1262.351842
1.39,10,1262.381543
1.71,14,1262.419068
1.67,13,1262.459444
1.52,15,1262.500566
1.31,10,1262.529025
-0.46,9,1262.556136
-0.62,12,1262.592995
-0.74,10,1262.624582
-0.43,12,1262.657423
1.54,11,1262.687722
1.86,12,1262.724728
-0.62,20,1262.77424
-0.36,10,1262.803063
1.69,14,1262.846048
1.48,11,1262.877406
1.54,9,1262.900559
-0.77,9,1262.928172
1.47,10,1262.951631
1.44,11,1262.988844
-0.47,11,1263.021039
1.4,9,1263.050342
1.62,11,1263.079104
-0.46,9,1263.111257
1.64,10,1263.137764
-0.42,13,1263.178014
1.39,9,1263.201699
-0.7,12,1263.235108
-0.38,13,1263.278697
1.59,14,1263.318954
1.4,9,1263.343945
1.14,4,1263.359666
-0.23,16,1263.405174
1.48,10,1263.429915
1.49,9,1263.455678
-0.39,10,1263.487898
1.83,12,1263.524075
1.76,11,1263.551225
1.58,11,1263.580823
-0.67,9,1263.606228
-0.46,14,1263.644777
-0.63,13,1263.676959
1.55,12,1263.706961
1.45,10,1263.737565
1.58,10,1263.765435
-0.62,12,1263.873312
1.5,11,1263.900077
1.37,10,1263.933651
1.69,11,1263.970462
-0.65,11,1263.999357
1.14,4,1264.007442
1.41,11,1264.039936
-0.66,8,1264.067205
-0.6,12,1264.094029
-0.31,14,1264.138
-0.66,14,1264.174287
1.41,11,1264.205038
-0.51,11,1264.243383
-0.62,13,1264.283144
-0.19,16,1264.331543
1.14,4,1264.340799
1.39,11,1264.371187
1.14,4,1264.382512
1.69,10,1264.409961
1.2,12,1264.443619
-0.41,17,1264.482467
1.63,11,1264.512007
1.14,4,1264.526417
-0.84,11,1264.57045
1.4,9,1264.6192
1.52,11,1264.678809
1.44,8,1264.723608
1.54,12,1264.778685
1.34,10,1264.808046
-0.97,6,1264.826992
1.69,10,1264.861312
1.4,12,1264.891832
-0.68,13,1264.930499
-0.59,9,1264.955216
1.37,9,1264.987824
-0.5,13,1265.024752
-0.82,7,1265.0451
1.47,11,1265.074016
1.56,10,1265.104956
1.51,9,1265.130778
1.45,9,1265.153775
1.48,10,1265.18024
1.14,4,1265.192841
1.37,12,1265.224442
-0.64,12,1265.258049
1.14,4,1265.27401
-1.03,4,1265.289201
1.14,4,1265.301803
-0.51,11,1265.335288
1.14,4,1265.345461
1.58,10,1265.380733
-0.33,15,1265.415337
1.54,9,1265.445667
-0.55,15,1265.483296
1.66,11,1265.51759
1.14,4,1265.529877
1.38,9,1265.553637
-0.73,14,1265.591182
-0.62,11,1265.628734
1.58,10,1265.652996
1.64,10,1265.682899
-0.33,14,1265.72053
1.14,4,1265.736108
-0.42,11,1265.770816
1.76,11,1265.803973
1.14,4,1265.815466
-0.78,8,1265.83859
-0.6,10,1265.864783
1.51,9,1265.891572
-0.57,13,1265.930765
1.5,11,1265.964604
1.49,9,1265.98888
1.28,11,1266.023983
1.64,10,1266.063826
-0.54,13,1266.101554
1.43,9,1266.130369
1.54,9,1266.158053
1.63,11,1266.183577
-0.41,12,1266.216267
-0.83,7,1266.238909
-0.93,6,1266.264287
1.49,12,1266.30139
-0.94,10,1266.335476
1.54,9,1266.357424
-0.48,16,1266.398211
1.62,12,1266.430826
-0.52,10,1266.462374
1.64,10,1266.486716
1.42,10,1266.517521
1.5,10,1266.542444
-0.65,12,1266.575953
1.4,9,1266.602118
-0.88,9,1266.626319
1.63,11,1266.659122
1.64,10,1266.689605
-0.46,12,1266.72759
1.29,9,1266.751714
1.56,14,1266.78932
-0.56,8,1266.817189
1.69,10,1266.845083
-0.65,10,1266.878099
-0.54,9,1266.902196
-0.77,7,1266.92722
1.66,10,1266.957582
1.39,10,1266.98462
1.69,11,1267.015196
-0.33,12,1267.050643
-0.45,11,1267.079897
1.69,13,1267.117054
1.64,10,1267.14145
1.54,9,1267.169081
-0.65,9,1267.1949
-0.63,12,1267.224307
-0.74,9,1267.249834
1.14,4,1267.264704
-0.98,5,1267.2793
-0.68,9,1267.307879
1.64,10,1267.335257
-0.59,12,1267.371979
-0.44,13,1267.402589
1.14,4,1267.415969
1.5,10,1267.449237
1.54,9,1267.477732
-0.37,12,1267.509369
1.64,10,1267.533792
-0.66,10,1267.562041
1.43,10,1267.594564
-0.75,11,1267.690124
1.61,10,1267.724801
1.14,4,1267.735268
-0.26,14,1267.770088
1.14,4,1267.781341
-0.83,7,1267.805603
-0.25,16,1267.846202
-0.8,7,1267.870749
1.59,11,1267.898594
1.44,10,1267.925594
1.52,12,1267.960233
1.5,10,1267.989446
-0.54,13,1268.028924
1.44,8,1268.049571
1.64,10,1268.073086
1.47,10,1268.111368
-0.82,9,1268.135648
1.54,9,1268.159826
1.64,10,1268.185527
1.54,9,1268.213222
-0.58,10,1268.242701
1.42,10,1268.271715
1.64,10,1268.296817
-0.48,11,1268.332304
1.54,9,1268.356353
1.54,14,1268.399019
-0.57,11,1268.427108
1.64,10,1268.457838
-0.73,11,1268.487329
-0.28,15,1268.533937
1.66,10,1268.558639
1.53,10,1268.588179
1.46,9,1268.612153
-0.19,18,1268.659718
-0.68,12,1268.694675
1.59,10,1268.728347
1.53,10,1268.756499
1.14,4,1268.767251
-0.88,7,1268.792001
1.44,8,1268.816219
-0.69,17,1268.861547
1.64,10,1268.889646
1.14,4,1268.898536
1.59,10,1268.928983
1.46,12,1268.959285
1.64,10,1268.988801
1.51,12,1269.018407
-0.62,9,1269.049684
1.49,11,1269.077911
1.36,11,1269.106319
-0.05,14,1269.143819
-0.73,8,1269.169193
1.6,11,1269.202984
-0.42,13,1269.234907
1.64,10,1269.263796
-0.15,14,1269.302669
1.54,9,1269.329979
1.64,10,1269.358776
1.58,11,1269.392226
1.14,4,1269.402545
1.44,10,1269.431216
1.28,13,1269.461862
-0.3,16,1269.504588
1.14,4,1269.519987
1.61,10,1269.547651
1.7,11,1269.578777
1.42,14,1269.615591
1.43,10,1269.64399
1.46,9,1269.670811
-0.67,8,1269.696233
-0.77,15,1269.738943
-0.74,10,1269.771465
1.54,9,1269.798126
1.49,9,1269.8298
-0.54,12,1269.865079
-0.29,11,1269.896488
1.44,8,1269.916989
1.57,12,1269.948651
1.64,10,1269.977755
1.14,4,1269.991758
1.4,9,1270.016848
1.54,9,1270.039973
-0.93,6,1270.058928
1.49,9,1270.08526
1.14,4,1270.096966
1.51,9,1270.123565
-0.26,16,1270.163471
1.14,4,1270.175598
1.46,14,1270.216985
-0.43,11,1270.249463
1.8,13,1270.285792
1.55,11,1270.325538
1.48,9,1270.349944
1.44,8,1270.374665
-0.34,14,1270.414502
-0.36,12,1270.452857
-0.81,11,1270.486461
-0.06,14,1270.532015
-0.37,13,1270.565762
1.57,11,1270.601316
1.14,4,1270.611451
-0.38,14,1270.654043
1.53,11,1270.681356
1.61,11,1270.721829
-0.77,10,1270.747361
1.48,12,1270.780821
1.4,9,1270.809863
-0.56,11,1270.845402
1.64,10,1270.875481
1.64,10,1270.900433
1.14,4,1270.912349
1.62,12,1270.951414
1.59,10,1270.981347
1.5,12,1271.019373
-0.8,7,1271.038107
1.76,12,1271.076074
1.64,10,1271.10378
1.25,10,1271.133056
1.24,6,1271.149374
1.41,11,1271.188694
1.46,9,1271.213389
1.51,10,1271.241005
1.55,12,1271.277072
-0.63,10,1271.311098
1.47,11,1271.416337
-0.67,8,1271.443351
1.14,4,1271.45823
-0.39,13,1271.49522
1.14,4,1271.503763
-0.28,14,1271.549584
1.54,9,1271.576555
1.24,12,1271.615794
1.69,11,1271.64956
-0.55,13,1271.691615
-0.76,6,1271.706972
1.45,10,1271.738349
-0.66,9,1271.769946
-0.56,10,1271.807868
-0.41,15,1271.856242
1.64,10,1271.882987
1.54,9,1271.905359
1.28,8,1271.92582
1.14,4,1271.934787
-0.74,9,1271.962628
1.64,10,1271.995534
-0.21,19,1272.0442
1.44,8,1272.068273
1.64,10,1272.103166
1.64,10,1272.1266
-0.75,7,1272.154044
-0.67,8,1272.175299
1.44,11,1272.212145
-0.4,11,1272.246585
1.4,13,1272.282846
1.47,12,1272.318244
1.14,4,1272.331738
1.64,10,1272.363058
-0.59,12,1272.397816
-0.75,11,1272.431965
1.54,9,1272.464186
-0.82,7,1272.487646
1.64,10,1272.522901
1.54,12,1272.556731
1.71,15,1272.60617
1.7,11,1272.635397
1.52,11,1272.664949
1.54,9,1272.690024
1.42,10,1272.724848
-0.62,9,1272.746602
1.69,11,1272.777471
1.59,10,1272.806483
1.75,13,1272.846664
1.61,18,1272.899173
1.14,4,1272.912721
-0.4,17,1272.962252
1.68,13,1273.002988
-0.73,9,1273.029609
1.42,10,1273.057988
-0.48,15,1273.106253
1.54,9,1273.194249
1.59,13,1273.238885
1.56,10,1273.27291
1.49,15,1273.315011
1.66,11,1273.352375
-0.52,12,1273.388437
1.46,11,1273.415967
1.54,9,1273.44017
1.14,4,1273.452727
1.33,11,1273.486434
1.14,4,1273.498161
1.52,10,1273.536189
1.14,4,1273.547208
1.26,9,1273.571403
1.66,11,1273.601683
-0.67,8,1273.624435
1.62,12,1273.663923
1.51,10,1273.694437
-0.44,10,1273.727939
1.5,10,1273.759901
1.66,10,1273.796866
-0.82,7,1273.818306
1.54,9,1273.84672
-0.79,9,1273.875339
1.61,12,1273.920936
1.51,10,1273.945839
1.33,11,1273.983927
-0.31,16,1274.02882
1.5,11,1274.066374
-0.41,10,1274.092072
1.53,10,1274.124627
1.41,9,1274.149446
1.59,10,1274.188143
1.45,10,1274.213897
1.46,9,1274.240915
1.64,10,1274.268243
-0.61,11,1274.301223
1.49,9,1274.326023
-0.56,11,1274.35971
-0.64,11,1274.394418
-0.47,14,1274.43957
-0.33,13,1274.478347
1.64,10,1274.510637
1.3,12,1274.545582
-0.72,10,1274.577398
-0.25,15,1274.620919
1.27,9,1274.647113
-0.48,14,1274.690558
1.14,4,1274.703753
1.68,11,1274.730246
1.64,10,1274.761397
1.64,10,1274.791641
1.47,13,1274.830066
1.14,4,1274.842462
1.75,12,1274.876591
-0.49,9,1274.904842
1.64,10,1274.938209
-0.51,13,1274.981047
1.38,10,1275.009897
1.38,9,1275.032886
1.64,10,1275.073104
1.43,9,1275.097681
-0.51,13,1275.131239
1.63,11,1275.160655
1.49,9,1275.192435
1.39,11,1275.290463
1.46,9,1275.316002
-0.68,9,1275.342019
-0.81,8,1275.371109
-0.65,13,1275.407044
-0.43,14,1275.439606
1.14,4,1275.450046
-0.76,8,1275.474249
1.74,11,1275.506317
1.14,4,1275.520208
-0.67,9,1275.552399
1.39,10,1275.587183
-0.66,11,1275.622295
1.46,13,1275.660221
1.74,11,1275.688306
-0.59,13,1275.730126
1.07,12,1275.763448
-0.6,16,1275.807115
1.52,11,1275.83871
-0.61,12,1275.875953
-0.46,9,1275.905513
-0.79,8,1275.924469
-0.69,10,1275.95193
1.48,10,1275.984286
1.48,10,1276.011472
-0.53,14,1276.047341
1.27,9,1276.076176
-0.24,11,1276.11668
-0.84,8,1276.13904
-0.52,10,1276.169992
-0.8,13,1276.202184
1.14,4,1276.217587
1.6,11,1276.245547
1.36,11,1276.27806
-0.46,15,1276.322934
1.59,10,1276.354025
1.44,11,1276.38638
1.63,11,1276.419809
-0.55,10,1276.449014
1.54,9,1276.476396
1.14,4,1276.487386
1.69,10,1276.514064
1.55,10,1276.542675
1.34,9,1276.57403
-0.83,13,1276.608752
-0.19,15,1276.656858
-0.72,8,1276.683154
-0.93,9,1276.707934
1.51,9,1276.731819
1.64,10,1276.762053
-0.54,13,1276.795814
1.14,4,1276.810308
1.72,13,1276.850002
-0.75,7,1276.870414
1.66,10,1276.899037
1.52,11,1276.933495
1.69,11,1276.968199
1.17,7,1276.987801
1.64,10,1277.015494
1.64,10,1277.046015
-0.27,15,1277.089929
1.61,11,1277.117277
-0.77,12,1277.149313
1.44,11,1277.18317
-0.72,11,1277.211299
-0.11,17,1277.25246
-0.42,11,1277.282491
1.49,11,1277.318683
1.66,11,1277.348105
1.51,9,1277.374344
1.15,9,1277.396873
-0.75,8,1277.422478
1.14,4,1277.434352
1.5,11,1277.46751
1.54,9,1277.491137
-0.72,13,1277.537833
-0.6,10,1277.569379
1.54,12,1277.602035
1.67,12,1277.636932
1.58,11,1277.671707
1.7,15,1277.710802
1.64,10,1277.740092
-0.61,8,1277.763817
1.55,10,1277.796606
1.41,11,1277.828447
-0.26,17,1277.871781
1.64,10,1277.902591
-0.77,7,1277.924374
1.61,10,1277.950967
1.64,10,1277.976671
1.45,10,1278.007465
1.89,13,1278.045913
1.52,11,1278.082057
-0.6,10,1278.109096
1.14,4,1278.121358
1.93,13,1278.15953
1.81,13,1278.193001
1.47,11,1278.226928
-0.4,18,1278.269928
1.53,10,1278.302059
-0.7,9,1278.332061
1.6,12,1278.367148
1.47,11,1278.402079
-0.3,15,1278.448458
1.51,10,1278.48637
-0.58,10,1278.517427
1.14,4,1278.526437
1.47,10,1278.561943
-0.64,7,1278.579422
1.53,10,1278.60573
-0.67,9,1278.632211
1.76,11,1278.6689
1.43,10,1278.701448
1.67,16,1278.745043
1.42,11,1278.774472
1.47,10,1278.812089
-0.81,7,1278.837075
1.54,9,1278.864214
-0.39,10,1278.90029
-0.58,10,1278.936937
1.14,4,1278.94613
-0.51,15,1278.987966
1.38,9,1279.011756
1.49,9,1279.040432
1.63,11,1279.073511
1.52,11,1279.102492
1.55,11,1279.134548
-0.77,8,1279.160598
1.37,10,1279.190859
1.54,9,1279.216348
1.66,10,1279.242827
-0.59,12,1279.276095
1.49,10,1279.380399
-0.78,8,1279.404299
1.59,10,1279.433022
1.48,10,1279.466557
1.42,10,1279.493938
1.38,8,1279.518699
-0.72,16,1279.561554
1.49,10,1279.594442
-0.64,11,1279.630226
1.19,5,1279.643176
1.14,4,1279.654402
-0.41,10,1279.684591
-0.69,7,1279.702881
-0.48,15,1279.748662
-0.78,8,1279.771097
1.43,10,1279.801775
-0.48,11,1279.834328
1.39,10,1279.860951
1.39,10,1279.889459
1.43,9,1279.920272
1.14,4,1279.930091
1.58,11,1279.963207
1.14,4,1279.974025
1.38,9,1280.002491
1.54,9,1280.025706
1.53,10,1280.051703
1.14,4,1280.060726
1.52,11,1280.094334
1.14,4,1280.10512
1.61,13,1280.147953
-0.89,8,1280.1723
1.69,10,1280.203038
1.47,10,1280.230438
1.14,4,1280.242002
-0.27,17,1280.289631
1.54,13,1280.330135
1.54,9,1280.355327
1.64,10,1280.388327
-0.46,9,1280.411619
-0.38,14,1280.447617
1.64,10,1280.481185
1.37,9,1280.503689
1.54,9,1280.529786
-0.69,10,1280.564905
-0.74,9,1280.593405
1.55,10,1280.620799
-0.67,9,1280.646743
1.46,11,1280.685405
-0.45,16,1280.727009
1.14,4,1280.737716
1.39,11,1280.767634
1.48,9,1280.799932
1.18,7,1280.819015
1.53,10,1280.845337
-0.43,16,1280.886547
1.14,4,1280.900335
1.38,9,1280.923733
1.47,12,1280.96306
1.53,10,1280.991794
1.72,12,1281.031209
1.54,9,1281.054439
-0.46,12,1281.089821
1.14,4,1281.101498
1.45,10,1281.135596
-0.57,9,1281.166669
1.33,8,1281.186437
-0.24,15,1281.222892
1.49,9,1281.251661
-0.6,13,1281.286904
1.25,8,1281.311398
-0.66,7,1281.333783
1.66,10,1281.36202
1.53,10,1281.393097
1.74,11,1281.420577
1.14,4,1281.431078
1.59,10,1281.467211
1.36,8,1281.492868
-0.65,12,1281.531202
1.14,4,1281.540966
1.59,10,1281.568683
1.29,11,1281.598783
1.66,10,1281.62536
1.14,4,1281.638187
1.51,9,1281.664399
1.51,9,1281.690418
1.5,13,1281.727886
1.64,10,1281.755693
1.69,11,1281.796461
-0.55,11,1281.829957
1.71,11,1281.867069
1.14,4,1281.879227
-0.6,11,1281.914569
-0.5,12,1281.953881
-0.57,11,1281.992013
-0.68,9,1282.019267
-0.69,14,1282.057596
-0.76,12,1282.097099
1.51,10,1282.121957
-0.59,12,1282.156904
-0.95,8,1282.183259
-0.44,10,1282.214777
1.62,11,1282.249547
1.54,9,1282.272618
1.14,4,1282.28491
1.29,7,1282.306092
1.37,10,1282.336748
1.66,10,1282.366655
1.14,4,1282.380011
1.29,10,1282.408329
-0.73,9,1282.434577
1.14,4,1282.447001
1.14,4,1282.457088
1.33,8,1282.483701
-0.4,17,1282.526455
1.48,9,1282.550096
1.53,10,1282.582223
1.53,10,1282.613659
1.54,9,1282.640624
1.63,11,1282.671005
1.31,10,1282.704915
1.32,9,1282.730803
1.29,7,1282.750346
1.56,10,1282.779123
1.34,9,1282.809273
1.34,9,1282.83296
1.14,4,1282.842184
1.39,13,1282.879077
1.62,13,1282.914565
1.14,4,1282.926948
1.53,10,1282.955157
-0.52,11,1282.991957
1.48,9,1283.030092
1.44,8,1283.051499
1.49,12,1283.081642
1.36,8,1283.101773
1.69,11,1283.136124
1.47,10,1283.165863
-0.78,8,1283.187532
1.53,10,1283.216051
1.34,10,1283.24689
1.66,10,1283.407104
-0.62,11,1283.43694
1.5,13,1283.477603
1.42,10,1283.511802
1.53,10,1283.537644
1.47,10,1283.565544
1.14,4,1283.578024
1.14,4,1283.588688
-0.54,10,1283.620876
1.44,9,1283.649324
1.49,11,1283.685491
1.4,9,1283.717448
1.66,11,1283.753844
1.53,10,1283.790197
-0.61,11,1283.828761
1.46,12,1283.867142
-0.33,16,1283.915056
1.14,4,1283.924459
-0.21,15,1283.965474
-0.78,8,1283.993922
-0.79,8,1284.020175
-0.88,6,1284.038309
-0.05,19,1284.097432
1.54,9,1284.124392
1.14,4,1284.134167
1.32,9,1284.161042
1.14,4,1284.176455
-0.37,13,1284.214907
-0.7,11,1284.249747
1.59,10,1284.27395
1.14,4,1284.284247
1.14,4,1284.300246
-0.72,11,1284.335033
1.14,4,1284.346403
1.14,4,1284.357043
1.63,11,1284.386662
1.74,11,1284.413298
1.14,4,1284.422398
1.47,10,1284.4549
1.52,13,1284.498069
1.64,10,1284.527532
-0.4,13,1284.562069
1.29,6,1284.578774
1.28,7,1284.601125
-0.74,9,1284.630197
1.49,9,1284.65214
1.14,4,1284.663073
-0.71,12,1284.703707
-0.23,15,1284.745758
1.72,14,1284.783714
-0.53,15,1284.819705
1.54,9,1284.848234
-0.8,12,1284.882216
1.64,10,1284.912202
1.55,13,1284.946445
-0.4,17,1284.998797
1.42,11,1285.031309
1.54,10,1285.063772
-0.47,10,1285.090881
1.14,4,1285.104417
1.5,11,1285.137681
-0.01,17,1285.187876
-0.6,10,1285.215097
1.14,4,1285.229432
-0.5,14,1285.268468
-0.32,13,1285.302592
1.14,4,1285.314828
1.14,4,1285.328505
1.5,11,1285.359135
-0.5,14,1285.40415
1.14,4,1285.415661
1.51,10,1285.444996
-0.87,8,1285.468447
1.44,8,1285.493545
-0.56,12,1285.528904
1.69,11,1285.563337
1.54,9,1285.585677
-0.24,14,1285.628937
1.44,11,1285.655587
1.43,9,1285.683172
-0.46,12,1285.720099
1.37,10,1285.750764
-0.59,15,1285.792405
1.24,9,1285.823727
1.68,12,1285.85783
1.54,9,1285.88586
1.64,14,1285.919279
-0.61,9,1285.947714
-0.34,11,1285.977186
1.43,10,1286.003298
1.14,4,1286.015495
1.69,11,1286.046668
1.14,4,1286.059422
1.53,10,1286.092923
1.37,10,1286.118222
1.31,10,1286.1508
1.53,10,1286.184851
1.41,9,1286.214376
1.14,4,1286.224893
-0.41,10,1286.258412
1.45,10,1286.28555
-0.18,14,1286.330875
1.39,11,1286.365204
-0.76,12,1286.409185
1.14,4,1286.418155
-0.68,9,1286.442658
1.54,9,1286.466802
-0.72,11,1286.50298
1.14,4,1286.514676
1.44,8,1286.54031
1.3,11,1286.571995
-0.71,10,1286.614283
1.45,9,1286.643674
1.48,11,1286.675262
1.14,4,1286.683895
1.48,9,1286.710769
1.19,5,1286.721935
-0.55,13,1286.75894
1.63,12,1286.793788
1.14,4,1286.806832
-0.15,16,1286.854415
1.53,10,1286.883322
1.6,15,1286.926941
1.53,10,1286.958704
1.14,4,1286.968372
1.69,10,1286.998219
-0.7,8,1287.02558
1.36,11,1287.061861
1.65,13,1287.100837
-0.61,10,1287.130604
1.14,4,1287.141739
1.64,10,1287.175048
1.59,13,1287.214899
-0.57,11,1287.246532
-0.54,11,1287.275679
1.53,10,1287.308483
1.14,4,1287.318366
1.25,10,1287.347583
1.13,5,1287.358968
-0.63,10,1287.38613
1.46,11,1287.417611
1.14,4,1287.428516
1.74,11,1287.457384
1.64,10,1287.490133
1.58,10,1287.515663
-0.44,11,1287.547884
-0.34,13,1287.584761
-0.57,9,1287.616026
1.62,12,1287.643791
1.14,4,1287.65293
-0.05,20,1287.710954
1.43,12,1287.827436
1.58,11,1287.856933
1.66,10,1287.886712
-0.6,13,1287.920305
-0.49,14,1287.966819
1.39,11,1287.994353
1.64,10,1288.024569
1.65,17,1288.068372
1.52,10,1288.103306
1.14,4,1288.116835
1.32,8,1288.141941
-0.41,17,1288.186818
1.52,11,1288.222503
-0.15,18,1288.268975
1.14,4,1288.279412
1.68,11,1288.31215
1.4,10,1288.347992
1.64,10,1288.37311
