#{"t_start": 1762624325.0120726, "env_id": "None"}
r,l,t
-0.34,17,0.09863
-0.56,14,0.136165
-0.56,12,0.180226
-0.78,10,0.224428
-0.6,13,0.269546
-0.37,14,0.311078
-0.6,9,0.345281
-0.83,7,0.369863
-0.41,14,0.414078
-0.54,13,0.457196
-0.21,15,0.50595
-0.6,11,0.541952
-0.44,15,0.592241
1.42,14,0.636486
-0.88,7,0.662038
-0.47,12,0.706071
1.14,4,0.720527
1.17,10,0.751241
-0.75,7,0.7779
-0.73,11,0.816014
-0.73,11,0.848204
-0.44,12,0.89063
-0.92,5,0.910397
-0.65,9,0.941616
-0.74,13,0.979229
-0.7,11,1.085274
-0.61,10,1.122544
-0.61,10,1.160208
-0.62,12,1.206216
-0.51,14,1.257222
-0.7,11,1.294843
-0.29,13,1.344583
-0.76,9,1.386688
1.16,11,1.42465
-0.55,13,1.473881
-0.67,10,1.510452
-0.58,10,1.548865
-0.97,7,1.578037
-0.75,9,1.61144
1.62,13,1.653398
-0.43,11,1.69508
-0.51,15,1.745151
-0.85,6,1.767846
-0.63,9,1.802471
-0.48,12,1.843362
-0.69,13,1.886248
-0.69,11,1.923526
-0.67,12,1.964247
-0.81,11,2.007288
-0.61,10,2.042347
-0.82,9,2.075037
-0.47,13,2.114816
-0.84,11,2.156399
-0.4,13,2.20156
-0.38,13,2.243354
-0.63,10,2.280829
-0.63,9,2.312393
-0.6,9,2.344932
-0.6,11,2.390984
-0.61,10,2.42412
-0.88,7,2.446295
1.76,14,2.503341
-0.68,8,2.532212
-0.26,16,2.590418
-0.72,11,2.626671
-0.48,14,2.678702
-0.75,8,2.708283
1.51,10,2.74499
-0.49,13,2.799043
-0.93,6,2.822316
-0.48,12,2.863801
-0.88,9,2.899574
-0.53,12,2.948576
-0.62,12,2.991278
-0.75,8,3.016188
-0.63,15,3.067936
-0.77,7,3.093882
-0.97,4,3.109354
-0.78,11,3.153869
-0.99,9,3.187778
-0.6,12,3.30412
1.14,11,3.347609
-0.7,8,3.374233
-0.97,4,3.388749
-0.81,9,3.422736
-0.61,12,3.46297
-0.44,12,3.505803
-0.67,11,3.559541
-0.52,13,3.61828
-0.82,10,3.655645
-0.64,8,3.688132
-0.49,15,3.742818
-0.59,14,3.801003
-0.34,13,3.848862
-0.45,11,3.885363
-0.47,12,3.925256
-0.24,15,3.984277
-0.59,9,4.019175
-0.69,14,4.067876
-0.5,14,4.115362
-0.81,8,4.149148
-0.38,14,4.194557
-0.51,14,4.239452
1.58,11,4.273981
-0.62,11,4.309038
-0.71,10,4.345569
1.4,12,4.389921
-0.47,14,4.434752
1.31,12,4.483614
-0.57,10,4.5173
1.28,10,4.554391
-0.54,12,4.604287
-0.6,12,4.64343
1.3,11,4.683987
-0.5,11,4.721086
-0.56,11,4.762139
-0.69,9,4.797303
-0.73,12,4.842222
-0.38,11,4.879853
1.44,11,4.922743
-0.61,13,4.974692
-0.61,14,5.028251
-0.72,7,5.053774
-0.73,11,5.088418
-0.95,8,5.114343
-0.63,12,5.232779
-0.47,11,5.276151
1.48,10,5.315452
-0.7,10,5.354539
-0.43,19,5.420543
-0.58,11,5.455965
-0.89,11,5.494997
-0.84,9,5.533535
1.14,10,5.568563
-0.35,13,5.618301
-0.83,8,5.646273
-0.59,10,5.684616
-0.73,9,5.711132
-1.0,4,5.726596
-0.62,16,5.789825
-0.86,9,5.826051
-0.49,15,5.879723
-0.67,12,5.917475
-0.65,14,5.958583
-0.56,13,6.004338
-0.57,12,6.041061
-0.94,7,6.070396
-0.56,15,6.126799
-0.66,10,6.159038
-0.49,14,6.205148
1.33,12,6.248019
-0.58,10,6.286272
-0.42,18,6.341417
-0.72,8,6.371046
-0.48,12,6.412826
-0.63,11,6.454552
-0.51,12,6.50073
-0.37,19,6.567696
-0.7,11,6.607585
1.3,9,6.636772
-0.7,8,6.671788
-0.63,13,6.719501
-0.32,14,6.76881
-0.58,16,6.827433
-0.95,5,6.846222
-0.8,7,6.868733
-0.62,13,6.916246
-0.84,8,6.947521
-0.58,13,7.071128
-0.72,8,7.102927
-0.7,8,7.134549
1.21,9,7.166823
-0.77,10,7.204723
-0.5,14,7.250635
-0.62,8,7.279665
1.87,15,7.333159
-0.83,7,7.363019
-0.66,9,7.395608
-0.64,10,7.431782
-0.53,13,7.477537
-0.7,10,7.519411
-0.67,8,7.554179
-0.48,12,7.599618
-0.39,14,7.653614
-0.26,14,7.706943
-0.51,16,7.759698
-0.55,12,7.810172
-0.33,13,7.866389
-0.88,10,7.904501
-0.45,14,7.964347
-0.62,9,7.999732
-0.31,12,8.047104
-0.69,10,8.088264
1.44,12,8.134531
-0.53,15,8.18693
-0.65,12,8.231487
-0.62,9,8.261679
-0.65,8,8.289751
1.49,11,8.333635
-0.8,9,8.364122
-0.5,12,8.404771
-0.67,10,8.442986
-0.96,12,8.482098
-0.65,10,8.517563
-0.75,14,8.567255
-0.86,7,8.591371
1.28,8,8.622908
-0.89,14,8.666467
1.58,19,8.71972
-0.92,8,8.749775
-0.88,6,8.767704
-0.85,7,8.793799
-0.82,10,8.838144
-0.77,7,8.862915
-0.83,7,8.892915
-0.66,7,8.921483
-0.75,11,8.958311
-0.86,9,8.989372
-0.82,6,9.013679
-0.57,11,9.052756
-0.86,9,9.090268
-0.69,14,9.143389
-0.81,7,9.165542
-0.53,13,9.206463
-0.69,10,9.245295
1.39,11,9.284942
-0.31,13,9.394062
-1.04,5,9.415606
1.25,8,9.444687
-0.3,14,9.488312
-0.72,8,9.516949
-0.6,9,9.552414
-0.72,10,9.59113
1.51,12,9.637505
-0.35,13,9.685044
-0.59,16,9.740336
-0.87,11,9.782609
-0.38,13,9.836748
-0.65,12,9.885298
-0.78,8,9.916032
-0.63,12,9.963358
-0.35,15,10.017128
-0.46,16,10.072791
-0.54,9,10.105045
-0.71,10,10.144279
-1.04,5,10.157485
-0.78,14,10.201998
-0.7,8,10.234361
-0.48,14,10.282668
-0.59,8,10.312765
-0.9,15,10.369632
-0.82,7,10.398766
-0.95,8,10.432421
-0.51,12,10.480739
-0.86,8,10.507544
-0.66,7,10.535522
-0.32,14,10.589375
-0.65,9,10.626852
-0.82,10,10.666131
1.0,10,10.70367
-0.78,17,10.763403
-0.61,14,10.818901
-0.6,11,10.861195
-0.47,11,10.904428
-0.62,9,10.942918
-0.82,9,10.977313
-0.79,13,11.030546
-0.83,10,11.065159
-0.67,14,11.115173
-0.86,5,11.131549
-0.63,10,11.1723
-0.72,7,11.195896
-0.7,11,11.237223
-0.54,11,11.279066
1.44,12,11.321002
-0.66,11,11.366336
1.62,18,11.4335
1.55,10,11.469021
-0.54,15,11.520894
-0.54,13,11.5728
-0.68,12,11.613042
1.5,13,11.658402
-0.93,6,11.676122
-0.84,8,11.701127
-0.76,12,11.742075
-0.82,8,11.771127
-0.82,11,11.81704
-0.75,10,11.861691
-0.56,11,11.902891
-1.04,5,11.925612
-0.57,9,11.961581
-0.68,10,12.000541
-0.84,9,12.032001
-0.43,17,12.089602
-0.45,13,12.133097
-0.83,7,12.160194
-0.4,17,12.214019
1.39,9,12.243286
1.72,12,12.285146
-0.77,12,12.351558
-0.5,15,12.448353
-0.66,9,12.491159
1.21,7,12.526674
-0.82,8,12.563005
-0.78,8,12.606255
-0.52,12,12.655202
-0.77,11,12.703327
-0.95,8,12.736702
-0.58,16,12.799918
-0.81,8,12.834418
1.8,14,12.886178
-0.84,8,12.923699
-0.9,9,12.968622
-0.84,8,13.01235
-0.34,15,13.072993
1.46,9,13.108073
-0.97,10,13.150196
-0.55,16,13.208111
-0.79,8,13.231915
-0.59,13,13.284012
-0.56,9,13.319556
-0.05,15,13.446247
-0.55,13,13.490915
1.43,10,13.526881
-0.93,6,13.551038
-0.69,9,13.584392
-0.39,14,13.633406
-0.81,8,13.663261
-0.42,12,13.710874
-0.75,8,13.743456
-0.6,11,13.786191
-0.75,11,13.8271
-0.57,10,13.865964
1.5,14,13.916693
-0.51,9,13.954055
-0.52,10,13.996159
-0.42,11,14.036016
1.56,13,14.098928
-0.93,9,14.132162
-0.66,14,14.185701
-0.91,7,14.216672
-0.61,15,14.272496
1.54,10,14.31219
-0.7,12,14.357287
-0.57,13,14.409533
-0.65,15,14.464502
-0.98,5,14.486564
-0.67,11,14.52642
-0.66,10,14.588996
-0.61,13,14.64069
1.11,8,14.676325
-0.68,9,14.711172
1.25,7,14.742936
-0.78,8,14.7736
-0.73,8,14.804646
-0.98,8,14.84392
1.56,10,14.889615
-0.89,10,14.927773
-0.8,7,14.964602
-0.69,12,15.013729
1.24,9,15.045198
-0.77,10,15.091712
-0.69,10,15.131705
-0.6,10,15.171333
-0.56,11,15.2149
-0.85,9,15.251631
1.32,10,15.291261
-0.56,8,15.323119
-1.0,7,15.350125
-0.64,12,15.397951
-0.78,8,15.435408
-0.46,10,15.477774
-0.45,14,15.536431
-0.66,14,15.584739
-0.96,9,15.625711
-0.58,11,15.662569
-0.87,8,15.697068
-0.44,11,15.742304
-0.72,11,15.784371
-0.8,10,15.821149
-0.76,15,15.88218
-0.62,13,15.935512
-0.62,9,15.98244
-0.62,11,16.021178
-0.85,6,16.047827
-0.93,6,16.070187
-0.73,15,16.127468
-0.43,11,16.173593
-0.76,10,16.211756
-0.75,8,16.244216
-0.62,12,16.291893
-0.5,12,16.338025
1.49,11,16.381148
-0.34,14,16.441918
-0.75,15,16.506029
-0.88,10,16.55014
-0.76,10,16.592912
-0.75,11,16.635097
-0.69,14,16.686796
-0.1,16,16.745164
-0.5,11,16.788789
-0.39,15,16.84668
-0.7,8,16.878134
1.51,11,16.9243
-0.93,11,16.972599
-0.26,18,17.029457
-0.67,11,17.066572
-0.73,14,17.116513
-0.7,11,17.159901
-0.47,13,17.212095
-0.51,9,17.247447
-0.48,17,17.307086
-0.71,10,17.346457
-0.58,14,17.405951
-0.63,17,17.470554
-0.71,9,17.508525
-0.73,10,17.558964
-0.81,11,17.605257
-0.65,17,17.6715
-0.71,7,17.76487
-0.61,13,17.814868
-0.44,13,17.865951
-0.69,9,17.899436
-0.58,11,17.943224
-0.24,15,18.015873
-0.54,9,18.056329
-0.56,10,18.10205
-0.63,10,18.143683
-0.26,15,18.207574
1.8,13,18.253942
-0.68,9,18.281742
-0.79,9,18.31744
-0.58,13,18.36302
-0.47,14,18.40929
-0.44,12,18.452138
-0.51,12,18.5037
-0.86,8,18.530514
-0.64,14,18.578265
-0.72,7,18.603529
-0.58,13,18.654011
-0.6,11,18.694852
-0.74,15,18.748198
-0.45,14,18.801313
-0.63,13,18.918221
-0.87,6,18.96194
1.62,13,19.007784
-0.34,11,19.045316
-0.73,9,19.079189
-0.71,14,19.135797
-0.95,11,19.180033
-0.62,9,19.211155
-0.43,11,19.25399
1.12,9,19.287464
-0.55,13,19.328991
-0.83,8,19.362224
-0.77,7,19.388534
-0.71,11,19.430143
-0.74,10,19.463627
-0.76,6,19.48843
-0.84,11,19.531655
-0.46,15,19.593987
-0.79,14,19.644712
-0.73,8,19.677997
-0.55,14,19.727055
-0.6,13,19.773369
-0.61,14,19.819421
-0.69,11,19.859838
-0.48,11,19.898428
-0.77,12,19.938944
1.54,9,19.967271
-0.8,7,19.989157
-0.61,8,20.019217
1.41,14,20.063011
-0.97,4,20.077743
-0.65,9,20.108649
-0.78,8,20.135162
-0.91,10,20.176454
-0.98,5,20.192032
-0.71,9,20.220349
-0.39,16,20.267892
-0.98,5,20.284852
-0.81,12,20.328573
1.65,16,20.380726
1.32,12,20.424464
-0.47,13,20.466091
-0.3,15,20.511021
-0.77,7,20.532764
-0.6,17,20.582747
-0.69,11,20.619303
-0.51,11,20.652122
1.7,12,20.693858
-0.48,14,20.73945
-0.72,14,20.784984
-0.2,17,20.840143
-0.72,8,20.868743
-0.16,18,20.921426
1.37,12,20.962738
-0.52,10,20.997792
-0.72,8,21.027175
-0.66,9,21.057152
-0.59,10,21.089996
-0.77,12,21.132941
-0.63,10,21.171995
-0.43,11,21.210856
-0.78,11,21.251525
-0.47,14,21.296216
-0.63,10,21.326067
-0.6,11,21.365557
-0.97,4,21.377389
-0.39,15,21.428222
-0.49,12,21.46936
-0.82,6,21.486282
1.42,10,21.523218
-0.83,10,21.55436
-0.63,10,21.587795
-0.63,12,21.627544
-0.38,13,21.667527
-0.6,15,21.713454
1.22,8,21.740517
-0.3,16,21.797378
-0.56,9,21.887458
-0.52,13,21.93522
-0.41,16,21.991166
-0.67,8,22.016182
1.14,4,22.029174
1.44,10,22.062769
1.63,13,22.108044
1.72,14,22.156556
-0.41,15,22.196256
-0.66,10,22.225891
1.4,13,22.272084
1.4,11,22.309297
-0.98,5,22.325179
1.29,10,22.357473
-0.34,11,22.392828
-0.99,6,22.414044
-0.97,4,22.426734
1.14,4,22.437676
-0.56,8,22.461375
-0.57,9,22.493797
-0.95,8,22.526555
-0.52,11,22.562947
1.52,10,22.597356
1.27,9,22.630815
-0.55,9,22.65872
-0.8,10,22.686649
-0.61,12,22.724634
1.47,11,22.764421
-0.74,10,22.797097
-0.61,9,22.833562
-0.75,8,22.857097
-0.5,14,22.900624
-0.52,15,22.947028
-0.64,14,23.000151
-0.85,7,23.025625
-0.7,9,23.059864
-0.48,14,23.098697
-0.66,11,23.139482
-0.77,7,23.162406
-0.98,5,23.178595
-0.96,9,23.211004
-0.73,8,23.235826
-0.59,10,23.26773
-0.85,10,23.296968
-0.28,13,23.338963
-0.61,13,23.373858
-0.82,6,23.394655
-0.33,14,23.44113
-0.56,11,23.475242
-0.48,11,23.511909
-0.91,7,23.536053
-0.72,10,23.567271
-0.4,13,23.617627
1.23,7,23.636694
-0.52,10,23.673525
-0.24,16,23.723386
-0.63,11,23.765168
1.09,10,23.798568
-0.92,8,23.823196
1.38,12,23.860414
-0.86,7,23.892964
-0.57,9,23.923294
-0.52,10,23.957425
-0.66,15,24.006339
-0.47,12,24.046886
-0.6,12,24.086229
-0.62,11,24.12152
-0.88,10,24.156523
-0.36,17,24.213474
-0.56,11,24.246553
-0.67,8,24.273767
1.46,12,24.309944
-0.77,7,24.331787
1.17,7,24.352436
-0.3,12,24.395109
-0.53,10,24.425878
-0.41,13,24.466149
1.14,4,24.476446
-0.73,8,24.503788
-0.18,16,24.559146
-0.96,9,24.588066
-0.72,11,24.629891
-0.56,12,24.662235
-0.68,10,24.690173
-0.8,9,24.726973
-0.58,12,24.767688
-0.8,11,24.796123
-0.68,9,24.830717
-0.69,9,24.864697
-0.59,12,24.906048
1.27,8,24.933145
-0.68,10,24.965039
-0.79,12,25.002371
-0.54,14,25.042591
-0.72,7,25.066154
-0.61,12,25.109722
-0.83,9,25.140458
-0.64,11,25.170944
-0.85,7,25.192367
-0.65,9,25.229455
-0.84,8,25.26256
-0.69,15,25.315099
-0.45,14,25.355057
-0.6,13,25.394414
-0.63,13,25.442909
-0.75,11,25.47373
-0.73,9,25.503966
-0.57,11,25.537212
-0.65,12,25.579468
-0.48,12,25.630557
-0.23,13,25.703015
-0.52,13,25.744484
-0.94,10,25.778777
1.68,18,25.834804
1.23,7,25.856823
-1.04,5,25.87875
-0.5,10,25.910629
-0.66,9,25.937596
-0.73,11,25.977384
-0.92,5,25.994936
1.47,11,26.035984
-0.39,11,26.067495
-0.94,10,26.100411
-0.52,16,26.150711
-0.76,8,26.181229
-0.66,10,26.220349
-0.83,13,26.264581
-0.26,17,26.317926
1.54,14,26.363337
1.41,11,26.395122
-0.81,8,26.425879
-0.7,12,26.468557
-0.56,10,26.504593
1.49,13,26.549116
-0.48,12,26.59391
-0.68,8,26.625643
-0.77,12,26.669147
-0.44,15,26.717823
-0.34,16,26.766069
-0.94,7,26.786557
1.51,10,26.816213
-0.44,12,26.857138
-0.62,11,26.899787
-0.57,12,26.94221
-0.68,11,26.978289
1.14,4,26.98763
-0.07,21,27.047117
-0.74,13,27.094731
-0.63,13,27.137102
-0.51,12,27.170833
-0.97,10,27.202954
-0.85,6,27.224785
-0.56,10,27.256549
-0.92,8,27.287055
-0.83,7,27.314383
-0.71,10,27.346768
-0.5,16,27.395558
-0.6,15,27.441828
-0.68,14,27.489907
1.14,4,27.501923
-0.47,10,27.53286
-0.95,5,27.551652
1.3,8,27.582543
-0.62,15,27.640845
-0.45,14,27.68952
-0.4,11,27.718657
-0.44,11,27.760738
-0.5,12,27.808488
-0.4,12,27.852683
1.14,4,27.864805
-0.78,8,27.8882
1.47,11,27.926421
-0.47,11,27.964328
1.52,11,27.998719
-0.77,9,28.030933
-0.71,13,28.06742
-0.77,11,28.100167
-0.46,13,28.141544
1.39,10,28.16725
-0.9,9,28.200498
-0.64,13,28.249887
-0.46,17,28.303247
1.41,11,28.33839
-0.55,10,28.372355
-0.68,14,28.421197
1.35,8,28.439628
-0.34,12,28.480222
-0.51,11,28.513543
-0.33,16,28.563697
-0.73,8,28.587667
1.55,11,28.623523
1.25,10,28.661242
1.47,14,28.707762
-0.74,6,28.730278
-0.7,11,28.766291
1.41,11,28.801715
-0.44,13,28.852127
1.14,4,28.866504
-0.42,12,28.90441
-1.07,8,28.932999
-0.85,7,28.955431
-0.65,9,28.985567
-0.81,8,29.009865
-0.83,7,29.02672
-1.01,8,29.053627
1.2,11,29.093317
-0.66,8,29.122577
-0.49,14,29.167287
-0.88,12,29.20469
-0.72,11,29.244315
-1.01,5,29.260657
-0.53,13,29.302353
1.58,10,29.340958
-0.66,8,29.367576
-0.91,4,29.382002
-0.51,10,29.478101
-0.84,8,29.50422
-0.57,8,29.530085
-0.83,7,29.552663
-0.64,10,29.583321
1.54,13,29.633943
-0.67,8,29.661724
-0.83,13,29.702165
-0.65,14,29.744809
-0.46,12,29.781649
-0.43,13,29.821501
-0.73,9,29.85616
-0.76,8,29.886511
-0.64,12,29.928041
-0.46,12,29.972816
-0.37,17,30.022364
-0.83,7,30.044771
0.1,19,30.099667
-0.68,14,30.143846
-0.31,18,30.192156
-0.91,7,30.215783
-0.58,11,30.260102
1.47,13,30.299695
-0.67,8,30.324289
-0.69,10,30.359674
-0.9,9,30.393243
-0.35,14,30.43812
1.49,13,30.481474
-0.86,5,30.496247
1.75,18,30.549281
1.54,11,30.588963
-0.88,10,30.621793
1.64,13,30.670025
-0.98,11,30.70944
-0.88,7,30.732416
-0.7,8,30.759894
1.39,11,30.798759
-0.63,12,30.832275
0.01,16,30.88192
-0.57,10,30.919728
-0.68,13,30.964485
-0.49,10,30.999869
-0.5,12,31.087228
-0.64,11,31.127127
-0.45,11,31.167062
-0.66,7,31.189614
-0.47,10,31.224852
-0.78,8,31.251313
-0.57,9,31.282445
-0.58,15,31.340604
-0.64,11,31.383089
-0.81,9,31.4066
-0.77,13,31.440272
-0.67,8,31.467052
-0.79,11,31.501999
-0.83,7,31.52723
-0.94,7,31.549323
-0.62,15,31.601736
-0.75,7,31.627037
-0.6,11,31.668171
-1.03,4,31.68328
1.39,10,31.714225
-0.89,7,31.738901
-0.67,12,31.782901
1.49,14,31.831887
-0.37,14,31.870973
-0.58,11,31.901914
-0.55,10,31.933187
-0.73,12,31.977089
-0.47,14,32.021488
-0.71,6,32.037054
-0.69,9,32.064634
-0.49,16,32.117854
-0.69,10,32.150432
-0.92,8,32.175817
1.38,11,32.20973
-0.45,16,32.255542
-0.76,8,32.286004
-0.75,7,32.307864
-0.88,6,32.327421
-0.81,11,32.36498
-0.68,11,32.397895
-0.61,14,32.447211
-0.22,13,32.493279
-0.82,9,32.530258
1.41,11,32.569086
-0.74,14,32.610808
-0.71,7,32.632485
-0.79,9,32.662583
-0.41,16,32.717763
-0.92,5,32.734377
-0.74,9,32.761415
-0.56,11,32.80301
-0.47,13,32.84432
-0.83,7,32.867103
-0.54,12,32.905751
-0.76,9,32.938241
1.47,11,32.974528
-0.83,13,33.020541
-0.77,12,33.061603
-0.45,13,33.166147
-0.72,12,33.202762
-0.48,11,33.233983
-0.21,12,33.279593
-0.59,8,33.30835
-0.75,11,33.346283
-0.51,12,33.38463
-0.8,7,33.412009
-0.58,14,33.455462
-0.65,10,33.487703
-0.74,10,33.522356
1.31,12,33.564843
-0.64,12,33.605127
-0.68,10,33.64404
-0.87,9,33.675279
-0.13,15,33.729541
-0.57,8,33.755332
-0.45,10,33.782831
-0.96,5,33.798513
-0.85,9,33.825914
-0.79,9,33.851604
-0.78,7,33.877393
-0.78,14,33.919852
-0.83,8,33.944419
1.33,8,33.967613
1.34,9,34.004402
-0.62,9,34.033957
-0.56,11,34.072425
-0.31,12,34.113238
1.28,8,34.140213
-0.72,9,34.167647
-0.39,15,34.216213
-0.68,10,34.250965
-0.84,11,34.287593
-0.7,9,34.314512
-0.58,10,34.34772
-0.65,9,34.380622
-0.58,14,34.422963
-0.7,11,34.458971
-0.35,12,34.500925
-0.7,10,34.531349
-0.8,11,34.573581
-0.35,14,34.61571
1.64,14,34.656684
-0.66,10,34.690904
-0.46,12,34.73759
-0.46,16,34.786527
-0.54,9,34.817386
-0.81,8,34.842394
-0.96,5,34.862125
-0.65,12,34.900159
-0.58,13,34.949442
-0.87,6,34.969817
-0.23,15,35.010195
-0.86,10,35.039104
-0.85,12,35.0815
-0.89,7,35.102966
-0.59,8,35.130362
-0.66,10,35.16198
1.7,12,35.202433
-1.03,4,35.217258
-0.82,9,35.246555
1.57,11,35.282145
1.56,13,35.32351
-0.6,11,35.359033
-0.86,8,35.39116
-0.67,11,35.428648
-0.74,10,35.466983
-0.66,12,35.509565
-0.86,13,35.556144
-0.13,17,35.60921
-0.71,14,35.657176
1.35,14,35.702233
-0.58,12,35.743147
-0.78,10,35.77242
-0.37,17,35.826337
-0.83,11,35.864106
-0.56,17,35.920546
-0.66,12,35.96315
-0.72,10,35.99803
-0.31,17,36.045368
-0.41,12,36.080209
-0.82,7,36.104029
-0.52,11,36.142475
-0.54,11,36.179817
-0.92,8,36.21064
-0.56,10,36.247923
-0.65,16,36.301265
-0.41,14,36.342757
-0.65,9,36.374578
-0.43,17,36.425744
-0.82,10,36.46331
-0.45,13,36.50899
-0.76,6,36.5297
-0.6,14,36.570498
-0.14,18,36.62378
1.56,13,36.666934
-0.81,11,36.699353
-0.42,10,36.729131
-0.4,12,36.775925
-0.64,11,36.812235
-0.93,6,36.833502
1.14,4,36.843219
-0.74,12,36.941269
-0.81,15,36.987142
-0.76,9,37.019609
1.36,13,37.065139
1.28,9,37.092591
-0.8,11,37.126491
-0.42,12,37.166058
-0.54,14,37.210093
-0.86,5,37.231389
1.49,11,37.26113
0.73,21,37.326009
-0.5,14,37.363093
-0.72,10,37.399651
-0.82,8,37.428035
-0.68,9,37.454281
-0.67,12,37.50048
-0.98,5,37.512839
-0.66,13,37.552761
-0.66,10,37.590396
1.39,12,37.625196
-0.78,11,37.668261
-0.53,17,37.715145
-1.03,4,37.731209
1.63,14,37.769866
-0.7,13,37.819976
-0.34,14,37.863999
1.71,14,37.909725
-0.48,11,37.948478
-0.69,8,37.978742
-0.57,13,38.025355
-0.43,13,38.075401
-0.84,8,38.10426
-0.48,17,38.157955
-0.69,10,38.189016
-1.02,9,38.219713
-0.47,11,38.259203
-0.67,14,38.305267
-0.79,6,38.329337
0.04,19,38.389115
-0.92,5,38.403415
-0.64,10,38.438248
-0.23,13,38.482152
-0.53,15,38.535578
-0.75,8,38.560657
1.6,12,38.604482
-0.7,12,38.645463
-0.53,13,38.682555
1.39,14,38.727131
-0.32,12,38.770956
-0.81,10,38.804658
-0.73,12,38.843553
-0.53,14,38.890263
1.52,11,38.923422
-0.64,11,38.956973
-0.28,13,39.007763
-0.55,12,39.042008
-0.71,11,39.075938
-0.65,9,39.10762
-0.44,13,39.159317
-0.08,16,39.210555
-0.59,9,39.245131
-0.34,13,39.295219
-0.57,10,39.337418
-0.56,13,39.383047
-0.95,8,39.414107
-0.88,6,39.437953
-0.48,17,39.486171
-0.67,9,39.517706
-0.35,12,39.557227
-0.87,8,39.585343
-0.69,8,39.609596
-0.97,4,39.623529
-0.35,12,39.663227
-0.97,7,39.68382
-0.66,7,39.711183
-0.54,14,39.756189
-0.55,13,39.792032
1.27,11,39.825922
-0.44,14,39.879585
-0.55,13,39.917263
1.26,9,39.946356
-0.86,7,39.972789
-0.77,10,40.005708
-0.49,9,40.035121
-0.93,6,40.052902
-0.56,10,40.09046
-0.62,12,40.131886
-0.92,8,40.157656
-0.84,8,40.189612
-0.38,18,40.241396
-0.7,13,40.286787
-0.72,10,40.322829
-0.91,7,40.345688
-0.78,8,40.367597
1.31,10,40.395176
-0.69,10,40.429653
-0.68,21,40.485233
-0.6,9,40.514795
1.51,12,40.551732
-0.74,7,40.574468
1.55,10,40.603413
1.21,12,40.635862
-0.71,10,40.672564
-0.74,15,40.717155
-0.59,12,40.755234
-0.4,11,40.793645
-0.75,8,40.821681
-0.51,13,40.867448
1.21,13,40.915817
-0.56,14,40.955144
-0.36,14,40.999137
-0.68,12,41.033118
-0.68,11,41.070116
-0.77,6,41.08793
-0.83,7,41.119289
-0.83,8,41.145876
-1.0,7,41.16681
-0.9,6,41.185693
1.32,13,41.229403
-0.35,16,41.279053
-0.53,14,41.327075
-0.14,17,41.382256
1.38,10,41.418466
1.14,4,41.432367
-0.73,12,41.470359
-0.86,11,41.501848
-0.62,12,41.543359
-0.6,16,41.593844
-0.62,11,41.625562
-0.67,18,41.740421
-0.7,8,41.76965
-0.68,13,41.812995
-0.57,8,41.838597
-0.56,12,41.882432
-0.63,11,41.917774
-0.68,9,41.949643
-0.88,7,41.973836
-0.37,13,42.017906
-0.66,12,42.058313
-0.51,9,42.088432
-0.55,13,42.121666
1.31,11,42.153391
-0.56,11,42.197645
-0.87,11,42.238493
-0.56,9,42.269831
1.14,4,42.282053
1.28,10,42.313166
-0.7,9,42.347822
1.3,10,42.381869
-0.88,9,42.411996
-0.65,9,42.442273
-0.54,8,42.466978
-0.41,15,42.515923
-0.67,8,42.539645
-0.82,10,42.581938
1.23,11,42.618222
-0.54,9,42.650317
-0.92,5,42.667706
-0.77,9,42.698727
-0.9,9,42.735479
-0.51,11,42.772708
1.45,14,42.824978
-0.59,12,42.867849
1.47,17,42.919079
-0.86,8,42.945527
1.44,10,42.979465
-0.43,11,43.014718
-0.71,12,43.053069
-0.97,4,43.06682
-0.75,10,43.106338
1.34,11,43.144249
-0.81,9,43.175338
-0.96,9,43.209765
-0.57,14,43.252839
-0.69,8,43.280087
-0.32,19,43.337963
-0.84,8,43.366808
-0.84,11,43.4041
-0.44,10,43.440316
-0.63,10,43.470177
1.18,11,43.504526
-0.72,13,43.545086
-0.76,9,43.569211
1.64,13,43.607052
-0.66,7,43.628009
-0.6,12,43.673352
-0.37,13,43.717328
-0.7,12,43.758315
1.47,13,43.799039
-0.88,13,43.834983
1.19,5,43.851382
-0.83,12,43.887775
-0.64,11,43.922451
1.61,12,43.965204
-0.84,8,43.995802
-0.67,11,44.030555
-0.8,10,44.064493
-0.44,16,44.116188
-0.82,9,44.146285
-0.76,11,44.179984
-0.72,10,44.21688
-0.73,10,44.250663
-0.69,12,44.286448
-0.58,14,44.333101
-0.77,7,44.356496
-0.67,13,44.39457
1.4,9,44.420161
-0.69,11,44.456606
-0.71,16,44.515529
-0.73,11,44.553737
-0.86,14,44.589396
-0.72,7,44.616286
-0.9,9,44.646325
-0.79,11,44.684889
-0.77,10,44.717818
-0.49,13,44.760279
-0.79,10,44.798443
-0.69,10,44.832335
1.5,11,44.864393
-0.56,10,44.899301
-0.75,8,44.92894
-0.52,12,44.967667
-0.38,12,45.006714
-0.59,13,45.050975
-0.44,12,45.086143
-0.69,11,45.126974
-0.84,11,45.166965
-0.67,9,45.198828
-0.81,7,45.225081
-0.83,11,45.25514
-0.68,10,45.295182
-0.91,10,45.325825
-0.62,11,45.368915
-0.65,14,45.414596
-0.95,8,45.438402
-0.55,11,45.469537
-0.89,10,45.496384
-0.33,12,45.593533
1.52,11,45.629513
-0.84,8,45.650508
-0.72,10,45.680494
-0.32,17,45.730676
1.55,13,45.835561
-0.49,10,45.884774
-0.71,9,45.910544
-0.68,13,45.95869
-0.76,14,46.009765
1.34,10,46.039814
-0.86,8,46.067938
-0.47,13,46.110267
-0.65,11,46.148426
-0.62,12,46.190987
-0.43,14,46.240204
1.35,12,46.282512
-0.91,6,46.307954
-0.54,12,46.338437
1.91,14,46.387412
-0.69,9,46.417206
-0.72,13,46.454446
-0.64,18,46.512235
-0.6,12,46.553531
-0.65,11,46.58735
-0.92,5,46.607731
-0.64,11,46.645889
-0.82,12,46.687208
-0.58,10,46.721796
-0.7,14,46.771266
-0.61,10,46.805535
-0.86,4,46.82055
-0.64,8,46.85208
-0.56,12,46.890233
-0.6,12,46.921514
-0.97,4,46.935988
-0.88,9,46.965306
-0.5,14,47.011548
-0.62,12,47.051286
-0.56,11,47.085408
-0.17,13,47.125374
-0.73,15,47.185699
-0.8,7,47.203777
-0.58,13,47.24277
-0.4,16,47.28838
-0.74,7,47.311641
1.45,14,47.348677
-0.37,10,47.383622
-0.82,15,47.430671
-0.77,7,47.460576
-0.92,5,47.475621
-0.75,8,47.502143
-0.57,14,47.548784
-0.83,7,47.575267
-0.33,17,47.628427
-0.78,8,47.653208
-0.45,19,47.702135
-0.85,7,47.72959
-0.8,7,47.756213
-0.7,14,47.797615
-0.76,8,47.824802
-0.63,14,47.868086
-0.77,10,47.901981
-0.37,13,47.945507
-0.66,10,47.97392
-0.46,12,48.017893
1.35,10,48.048623
1.26,9,48.073094
-0.7,11,48.112538
-0.53,12,48.156826
-0.65,9,48.185316
-0.85,9,48.21886
1.64,14,48.270698
-0.68,10,48.307152
-0.62,14,48.346901
-0.36,14,48.401279
1.28,8,48.42608
-0.62,11,48.464371
-0.6,9,48.497085
-0.76,9,48.532129
-0.58,10,48.565208
-0.51,13,48.605975
-0.34,14,48.662078
-0.5,15,48.705972
-0.52,15,48.75388
-0.92,5,48.77444
-0.71,12,48.812733
-0.82,9,48.849836
-0.35,13,48.898356
1.39,11,48.94176
-0.72,7,48.968459
-0.43,16,49.019487
-0.5,13,49.055043
-0.36,15,49.113475
-0.66,11,49.148795
-0.52,10,49.187529
-0.12,16,49.232339
-0.44,16,49.286108
-0.83,9,49.310319
-0.88,7,49.3349
-0.64,11,49.379499
-0.84,11,49.420618
-0.4,12,49.467846
-0.82,9,49.557144
-0.64,15,49.603662
-0.98,5,49.623044
1.28,10,49.655983
1.39,13,49.703169
-0.75,9,49.743932
-0.76,13,49.782307
-0.34,17,49.83901
-0.62,9,49.872796
-0.68,12,49.91669
-0.99,6,49.943737
-0.77,9,49.975879
-0.35,19,50.039782
-0.94,7,50.060714
-0.39,16,50.120462
-0.7,14,50.169825
-0.71,9,50.205618
-0.55,12,50.247009
1.26,10,50.279321
-0.77,9,50.308114
-0.66,9,50.34177
-0.37,12,50.38276
-0.66,12,50.423386
-0.55,13,50.462048
1.49,11,50.494034
-0.73,7,50.521316
-0.85,9,50.550966
-0.5,11,50.592671
1.18,6,50.611841
1.29,10,50.649059
-0.55,13,50.697323
-0.99,6,50.720221
1.27,11,50.755554
-0.37,18,50.819326
-0.96,6,50.842105
-0.67,11,50.880437
-0.69,15,50.940762
-0.59,12,50.983912
-0.65,11,51.020393
1.21,9,51.046119
-0.45,11,51.086666
-0.66,12,51.129959
-0.29,13,51.179129
-0.72,8,51.20649
-0.5,14,51.257051
-0.76,11,51.297971
-0.77,10,51.344819
-0.74,10,51.378818
-0.38,14,51.427895
-0.55,13,51.475026
-0.54,12,51.508915
-0.55,11,51.546431
-0.93,12,51.584627
1.19,11,51.62112
-0.72,11,51.656922
-0.71,8,51.685195
-0.72,12,51.731823
1.54,12,51.772353
-0.35,15,51.830431
-0.51,13,51.867421
-0.39,17,51.926496
-0.26,14,51.966143
-0.71,10,52.000044
-0.52,12,52.044512
-0.42,14,52.086908
-0.8,10,52.120098
-0.68,18,52.176985
-0.77,10,52.21232
-0.2,14,52.264191
-0.82,6,52.288333
-0.74,10,52.328005
-0.57,10,52.369066
-0.81,11,52.411947
1.27,9,52.446557
-0.62,15,52.490783
-0.89,10,52.529776
-0.89,8,52.561299
-0.77,9,52.589495
-0.46,12,52.636291
-0.69,10,52.667412
-0.74,9,52.694562
-0.66,14,52.745368
-0.54,9,52.783461
-0.68,11,52.821002
-0.8,9,52.854837
-0.42,17,52.911161
-0.95,7,52.945611
-0.3,15,52.99158
1.42,14,53.038982
0.01,21,53.106058
-0.49,12,53.145266
-0.63,13,53.182101
-0.76,9,53.211412
-0.41,12,53.255666
-0.81,5,53.27325
-0.86,7,53.291467
-0.65,11,53.3276
-0.62,12,53.364578
1.23,7,53.393098
-0.59,12,53.437807
1.48,12,53.477444
-0.68,9,53.508079
1.54,15,53.568222
-0.44,14,53.66578
-0.88,6,53.693149
-0.57,12,53.735173
1.66,14,53.778547
-0.88,10,53.80946
-0.77,7,53.83652
-0.8,10,53.869995
-0.6,9,53.905686
-0.9,8,53.933305
-0.33,12,53.976793
1.41,11,54.010341
-0.8,10,54.046938
-0.52,16,54.091226
-0.77,9,54.121305
-0.8,10,54.150736
-0.95,5,54.169362
-0.28,13,54.217918
-0.96,6,54.241453
-0.89,5,54.257406
1.6,12,54.291717
1.52,12,54.337969
-0.52,16,54.394745
-0.99,9,54.420915
-0.82,7,54.442609
-0.93,6,54.461843
1.12,10,54.492543
1.29,15,54.550135
-0.76,8,54.576597
1.54,16,54.632654
-0.72,11,54.665221
-0.69,14,54.70706
1.43,13,54.755903
-0.66,7,54.783876
-0.76,9,54.814789
-0.54,9,54.847806
1.44,11,54.887903
-0.73,8,54.910636
-0.73,9,54.944692
1.24,9,54.979101
-0.58,10,55.024244
1.16,8,55.052397
-0.67,8,55.076998
1.14,4,55.089429
-0.66,10,55.123288
-0.76,15,55.168633
-0.81,9,55.206579
-0.13,13,55.24686
-0.61,10,55.285348
1.39,10,55.321572
-0.5,13,55.360951
-0.78,11,55.39297
1.4,11,55.432367
-0.81,8,55.460541
-0.62,12,55.506305
-0.66,11,55.544629
-0.65,14,55.597643
-1.0,7,55.622916
1.43,10,55.656581
-0.6,19,55.716226
-0.61,11,55.758372
-0.61,8,55.786611
-1.05,6,55.80763
-0.84,8,55.836455
1.46,10,55.871459
-0.65,11,55.911271
-0.96,9,55.950756
-0.33,12,55.998276
-0.64,14,56.044501
-0.54,17,56.091597
-0.35,15,56.137029
-0.96,8,56.162249
-0.53,12,56.22279
-0.99,6,56.248233
-0.62,11,56.282997
1.44,10,56.320642
-0.68,12,56.36097
-0.42,12,56.403614
1.47,11,56.444953
-0.62,9,56.471927
-0.39,11,56.51754
-0.64,8,56.554368
1.59,12,56.600029
1.7,11,56.633585
-0.79,10,56.671164
-0.76,8,56.700106
-0.91,10,56.735833
-0.41,13,56.783584
-0.45,10,56.813563
-0.88,7,56.839869
-0.48,16,56.890754
1.13,8,56.921169
-0.72,10,56.953572
-0.75,13,56.997349
-0.49,13,57.0404
-0.62,13,57.0875
-0.38,13,57.135456
-0.89,7,57.156933
-0.78,8,57.184839
-0.89,11,57.223429
-0.51,14,57.273505
-0.67,10,57.309797
-0.5,12,57.353435
-0.58,12,57.392573
-0.65,9,57.425001
-0.62,9,57.45567
-0.89,10,57.497764
-0.69,11,57.665047
-0.74,9,57.692673
-0.58,16,57.745274
-0.81,8,57.776903
-0.74,7,57.807724
-0.88,7,57.836469
-0.7,9,57.879226
-0.47,16,57.953216
-0.34,11,57.997973
-0.54,13,58.038972
-0.8,9,58.068127
-0.67,8,58.095511
-0.7,9,58.125441
-0.62,10,58.159975
-0.38,17,58.218888
-0.7,14,58.254975
-0.51,9,58.285812
-0.58,10,58.312964
1.14,4,58.325021
-0.58,11,58.367526
-0.39,13,58.40217
-0.6,10,58.443801
-0.67,9,58.470979
-0.68,12,58.514088
-0.72,11,58.557964
-0.51,11,58.593768
-0.75,15,58.645227
-0.7,11,58.681962
-0.71,13,58.72513
-0.76,9,58.757903
-0.59,15,58.812626
-0.74,10,58.847513
-0.61,13,58.889571
-0.29,15,58.941834
-0.66,9,58.969085
-0.56,11,59.00851
-0.6,10,59.041006
-0.66,10,59.082085
-0.24,15,59.135158
-0.61,12,59.167628
-0.61,11,59.198343
-0.65,9,59.230175
-0.55,10,59.263422
1.16,11,59.300406
0.23,19,59.348792
-0.35,13,59.390029
-0.49,13,59.433104
-0.51,13,59.477093
-0.35,13,59.514286
-0.89,7,59.540951
-0.73,11,59.578501
-0.62,12,59.623106
-0.25,16,59.671406
-0.76,13,59.715322
-0.58,12,59.74907
-0.46,14,59.795649
-0.41,15,59.841836
1.18,12,59.883842
1.39,8,59.911199
-0.68,11,59.951087
0.04,20,60.006521
-0.66,14,60.055001
-0.82,7,60.077384
-0.44,13,60.122917
-0.85,7,60.145475
-0.53,13,60.189203
-0.51,15,60.231475
-0.34,16,60.282832
1.24,12,60.318952
-0.55,13,60.363533
-0.62,12,60.401544
-0.46,12,60.440342
-0.92,8,60.462763
-0.76,11,60.505493
-1.0,10,60.539071
-0.81,8,60.566655
-0.84,8,60.591779
-0.35,13,60.636267
-0.57,15,60.681268
-0.6,9,60.708612
-0.58,11,60.748978
-0.56,10,60.782577
-0.48,14,60.827495
-0.75,10,60.861927
-0.84,5,60.880788
-0.6,9,60.910747
-0.46,12,60.950457
-0.77,10,60.978355
-0.95,8,61.007915
-0.97,4,61.024168
-0.62,11,61.065317
-0.58,11,61.102801
-0.34,10,61.133828
-0.91,7,61.163166
-0.92,7,61.183003
-0.58,11,61.2161
-0.2,14,61.262268
-0.66,11,61.302364
-0.16,14,61.342673
-0.73,11,61.377792
-0.69,11,61.414377
1.36,14,61.518504
-0.74,12,61.560651
1.47,10,61.589713
1.44,12,61.634252
1.4,9,61.668453
-0.36,14,61.715092
-0.57,11,61.747826
-0.81,8,61.774298
1.74,14,61.822371
1.41,10,61.852291
-0.56,12,61.896114
1.73,15,61.949186
-0.44,15,61.993827
-0.6,10,62.021643
-0.52,10,62.060006
-0.39,18,62.123314
-0.9,6,62.145343
1.33,12,62.184492
-0.83,10,62.212661
-0.68,15,62.261579
-0.77,9,62.285433
-0.42,12,62.317945
-0.61,8,62.339112
-0.69,11,62.378601
-0.42,11,62.419326
1.21,5,62.436872
-0.35,18,62.494587
1.38,17,62.547345
1.22,8,62.569347
-0.44,16,62.618712
1.32,9,62.648254
-0.1,16,62.706666
-0.51,14,62.751879
1.26,9,62.777738
-0.41,10,62.813009
-0.52,14,62.862447
1.45,11,62.904552
-0.5,17,62.959162
1.83,17,63.010083
-0.73,9,63.035157
-0.61,11,63.07784
-0.7,11,63.11431
-0.71,6,63.131047
1.46,12,63.174176
-0.88,10,63.210358
-0.87,9,63.237202
-0.29,16,63.284018
-0.82,9,63.31317
-0.9,6,63.338588
1.41,15,63.385193
-0.79,9,63.418239
1.54,10,63.455036
-0.95,11,63.498569
-0.77,13,63.54044
-0.78,8,63.568053
-0.67,14,63.614731
-0.34,14,63.659552
-0.89,10,63.687509
-0.68,9,63.720366
1.36,13,63.764546
-0.6,11,63.805997
-0.51,16,63.857583
-0.64,11,63.895762
-0.98,5,63.90997
-0.87,8,63.935776
-0.64,8,63.965147
1.61,12,64.00688
-0.29,11,64.040375
-0.72,8,64.06393
-0.7,9,64.09336
1.53,15,64.141102
-0.57,13,64.178207
-0.56,15,64.224981
-0.47,12,64.264583
-0.77,7,64.287791
-0.59,12,64.325574
-0.6,9,64.361855
-0.57,15,64.414898
-0.32,13,64.463046
-0.92,5,64.478535
-0.63,10,64.509595
-0.85,9,64.538533
-0.62,9,64.570557
-0.59,11,64.613799
-0.62,11,64.653749
-0.72,11,64.691453
-0.47,13,64.737424
-0.05,18,64.797247
-0.49,12,64.840623
1.38,14,64.893138
-0.78,11,64.92294
-0.94,4,64.935201
-0.53,14,64.989293
-0.66,10,65.018966
-0.83,8,65.045399
-0.25,14,65.095269
1.53,11,65.137193
-0.57,13,65.182257
-0.71,10,65.212348
-0.84,8,65.241765
-0.66,11,65.279238
-0.71,12,65.317094
-0.41,17,65.430435
-0.69,10,65.459688
-0.74,7,65.486472
-0.66,9,65.513472
-0.87,12,65.550082
-0.28,15,65.605582
-0.8,8,65.635136
-0.73,8,65.65941
-0.59,11,65.691733
-0.73,9,65.726764
-0.65,11,65.763168
-0.6,12,65.806743
-1.04,5,65.827465
-0.81,8,65.857888
-0.76,8,65.881757
-0.68,11,65.913217
1.81,14,65.965191
-0.58,14,66.003108
1.32,9,66.033225
1.35,11,66.063551
-0.55,14,66.1102
-0.84,8,66.140865
-0.79,8,66.173798
-0.62,9,66.204527
-0.72,11,66.235316
-0.35,11,66.277684
-0.16,15,66.322566
-0.65,12,66.359191
-0.68,10,66.396756
-0.85,7,66.420923
-0.9,8,66.451857
-0.4,13,66.492079
-0.54,11,66.524107
-0.76,11,66.554865
1.61,14,66.600312
1.45,10,66.632068
1.3,11,66.664633
1.3,11,66.707928
-0.84,8,66.740831
-0.48,13,66.780263
1.75,15,66.82641
1.36,13,66.872254
-0.78,9,66.909284
-0.4,20,66.976669
-0.9,13,67.018309
-0.36,13,67.065178
1.41,9,67.091783
-0.82,9,67.114594
-0.57,14,67.158113
-0.54,11,67.19409
-0.34,20,67.265326
1.78,12,67.299223
-0.63,11,67.332127
-0.64,11,67.36878
-0.61,11,67.403434
1.25,11,67.432097
-0.78,10,67.46634
-0.83,9,67.502305
-0.57,12,67.543378
-0.71,10,67.579611
-0.74,12,67.62275
-0.01,17,67.672677
-0.73,8,67.702209
-0.86,7,67.722559
-0.71,8,67.750374
-0.38,14,67.792446
1.22,8,67.818949
-0.3,15,67.868156
-0.91,10,67.902863
-0.78,8,67.925375
-0.68,14,67.966853
-0.77,9,67.992486
-0.67,13,68.033364
-0.63,13,68.077885
-0.5,13,68.124675
-0.66,10,68.156482
-0.8,7,68.179431
-0.84,8,68.207878
-0.73,8,68.231693
-0.65,15,68.278112
-0.37,13,68.318034
-0.85,7,68.343677
-0.31,15,68.39549
-0.9,11,68.430287
1.82,15,68.475523
-0.7,8,68.505374
-0.55,13,68.554615
-0.5,11,68.584003
-0.94,10,68.619025
-0.83,7,68.64422
-0.75,11,68.678355
-0.79,12,68.720443
-0.56,10,68.751741
1.36,11,68.780777
-0.61,17,68.827976
-0.64,10,68.860615
-0.62,10,68.89918
-0.72,8,68.928825
-0.5,17,68.98099
-0.61,13,69.027191
-0.7,11,69.070858
-0.55,12,69.10935
-0.81,12,69.145176
-0.8,7,69.165174
-0.68,9,69.192847
-0.59,14,69.241069
1.43,11,69.276242
-0.66,10,69.378309
-0.46,16,69.426998
-0.67,11,69.460864
-0.67,17,69.519136
-0.79,14,69.563397
-0.56,9,69.601538
-0.54,17,69.65713
-0.52,14,69.699726
-0.84,8,69.730408
-0.22,13,69.77706
-0.76,12,69.817494
-0.7,10,69.852888
-0.73,13,69.890663
-0.85,9,69.920803
-0.73,15,69.963561
-0.41,14,70.015524
-0.63,10,70.046771
-0.49,11,70.082802
-0.56,12,70.120301
-0.98,5,70.140004
-0.61,10,70.171673
1.52,11,70.207592
-0.97,10,70.239812
1.6,11,70.278727
-0.78,11,70.310603
-0.55,9,70.340395
-0.87,9,70.366628
1.1,9,70.396377
-0.72,8,70.424852
-0.36,12,70.465746
-0.55,12,70.505081
-0.54,12,70.543648
-0.68,12,70.579906
-0.76,8,70.609285
-0.86,8,70.634293
-0.61,13,70.678971
-0.47,13,70.722777
-0.55,10,70.754706
-0.98,5,70.775322
-0.32,14,70.82131
-0.5,10,70.851525
-0.46,13,70.899028
-0.34,13,70.940276
-0.52,11,70.980774
-0.61,12,71.022471
-0.91,7,71.044355
-0.92,11,71.07938
-0.8,7,71.106025
-0.23,15,71.149986
-0.81,10,71.18018
-0.42,15,71.227096
-0.62,10,71.266003
-0.79,8,71.296317
1.34,10,71.326019
-0.44,18,71.378225
-0.53,13,71.419434
-0.58,16,71.477011
-0.64,14,71.514668
-0.69,8,71.537927
-0.84,11,71.584223
-0.92,10,71.615358
-0.65,14,71.664371
-0.72,10,71.696608
-0.54,8,71.723933
-0.92,5,71.73899
-0.46,11,71.777202
-0.76,12,71.815058
-0.96,6,71.835122
1.53,9,71.860625
-0.5,15,71.913619
-0.81,11,71.947617
1.7,17,71.99426
-0.37,15,72.042861
-0.67,14,72.085306
-0.87,8,72.107653
-0.68,11,72.148742
-0.88,7,72.171699
-0.66,11,72.214699
-0.66,15,72.260074
-0.66,7,72.286371
-0.32,16,72.337506
-0.9,12,72.369526
-0.75,8,72.397106
-0.9,6,72.420638
-0.81,7,72.441926
1.5,10,72.473397
-0.65,12,72.51068
-0.85,10,72.54186
-0.74,9,72.570908
-0.62,12,72.610567
-0.57,13,72.652832
1.09,10,72.68713
-0.3,14,72.741387
-0.83,11,72.775759
-0.5,15,72.813943
-0.75,10,72.852484
-0.33,16,72.907681
-0.85,10,72.942689
-0.6,10,72.983143
-0.42,11,73.020973
-0.73,12,73.063492
-0.5,14,73.116827
-0.38,13,73.158056
-0.97,4,73.175678
-0.37,11,73.218129
1.67,13,73.260894
-0.63,13,73.305326
-0.93,6,73.396852
-0.83,7,73.424609
-0.74,12,73.536113
-0.56,15,73.605286
1.22,8,73.647672
-0.59,17,73.732129
-0.52,13,73.784873
1.44,9,73.827321
-0.37,11,73.880251
-0.9,8,73.914691
-0.84,8,73.951502
-0.51,10,73.994535
-0.24,15,74.049848
-0.71,10,74.098625
1.33,8,74.140548
-0.59,11,74.191803
1.03,7,74.22352
-0.74,9,74.26812
-0.49,13,74.320793
1.34,10,74.35616
-0.65,11,74.40602
-0.75,10,74.459499
-0.13,18,74.541489
1.62,16,74.603961
-0.67,11,74.662256
-0.71,15,74.720096
-0.65,12,74.782489
-0.66,12,74.845778
1.27,7,74.872261
-0.75,7,74.907457
-0.67,12,74.96888
-0.39,13,75.030278
-0.94,7,75.066502
-0.65,10,75.131407
-0.93,6,75.163698
1.36,11,75.219906
1.22,8,75.257457
-0.44,13,75.308698
-0.66,7,75.341691
-0.54,17,75.407113
-0.63,9,75.445944
-0.53,14,75.521025
1.48,10,75.557637
-0.65,15,75.622766
-0.69,11,75.669526
-0.63,9,75.711107
-0.66,9,75.750428
-0.83,7,75.786184
-0.66,13,75.857584
-0.94,7,75.898987
-0.64,11,75.968369
-0.82,13,76.023319
-0.55,9,76.061538
-0.45,14,76.118603
1.51,11,76.160048
-0.37,13,76.210658
-0.51,14,76.275675
-0.62,14,76.343773
-0.64,9,76.379594
1.27,11,76.427184
-0.86,13,76.479637
1.36,11,76.526762
-0.54,16,76.594002
-0.64,11,76.644339
-0.77,7,76.676034
-0.67,10,76.733733
-0.66,9,76.770806
1.61,13,76.810267
-0.75,13,76.861474
-0.73,11,76.898046
-0.71,10,76.93695
-0.33,14,76.984983
-0.61,14,77.033724
-0.18,14,77.075646
-0.77,7,77.100718
-0.77,9,77.130174
-0.58,14,77.180695
-0.69,10,77.21352
-0.42,12,77.254639
-0.56,11,77.291548
1.62,12,77.331276
-0.7,14,77.377521
-0.31,14,77.426795
-0.36,15,77.477109
-0.72,7,77.503926
-0.48,13,77.540048
-0.98,5,77.555722
-0.79,11,77.596432
-0.64,11,77.639237
-0.46,11,77.678978
-0.55,10,77.708858
1.34,11,77.809465
-0.51,11,77.851455
-0.33,14,77.895315
-0.47,13,77.933388
-0.5,12,77.978486
-0.95,8,78.009223
-0.85,10,78.0451
1.49,10,78.074596
-0.44,13,78.120777
-0.54,15,78.170072
-0.89,8,78.197327
-0.58,12,78.242987
-0.41,13,78.281854
-0.73,12,78.325263
-0.59,12,78.372164
-0.56,13,78.415286
-0.78,11,78.447388
-0.75,8,78.478081
-0.55,10,78.515296
-0.82,13,78.562946
-0.5,17,78.617774
-0.73,9,78.656202
-0.72,14,78.704528
-0.46,15,78.76098
1.45,10,78.793383
-0.48,14,78.848743
-0.45,11,78.881894
-0.52,14,78.927437
-0.55,12,78.971637
-0.95,8,78.999137
-0.39,12,79.035155
-0.82,6,79.059562
-0.57,13,79.111854
-0.74,9,79.152227
1.59,12,79.207061
-0.65,10,79.242503
-0.61,10,79.273481
-0.4,14,79.321744
-0.86,11,79.355891
-0.58,12,79.404418
-0.68,12,79.436659
-0.92,8,79.465146
-0.54,12,79.503834
-0.88,12,79.543232
-0.63,13,79.583557
0.0,17,79.639802
-0.67,11,79.680684
-0.51,11,79.718239
-0.81,7,79.742582
1.14,4,79.757241
-0.55,16,79.805883
-0.9,6,79.822566
-0.5,15,79.870582
-0.72,12,79.914135
-0.94,7,79.942105
-0.52,13,79.991224
-0.57,12,80.035171
-0.48,13,80.078296
-0.74,8,80.105927
-0.83,10,80.132337
-0.68,11,80.16234
-0.75,11,80.196669
-0.73,9,80.228224
-0.65,9,80.256809
-0.81,11,80.291023
-0.86,10,80.319804
1.41,11,80.3599
-0.7,9,80.387437
-0.65,12,80.429214
-0.67,11,80.467022
-0.55,12,80.504024
-0.45,12,80.547097
1.92,16,80.601023
-0.56,11,80.641193
-0.48,14,80.688552
-0.17,15,80.734281
-0.8,8,80.761339
-0.13,18,80.815866
-0.75,8,80.836453
-0.77,7,80.858023
-0.56,14,80.900974
-0.63,13,80.946393
-0.38,12,80.987796
1.24,12,81.021731
-0.81,12,81.058356
-0.69,10,81.093706
-0.62,12,81.128862
-0.77,10,81.158518
-0.66,9,81.186252
-0.86,10,81.220064
-0.24,14,81.258752
-0.75,8,81.282454
1.65,15,81.332104
-0.95,8,81.357448
-0.9,9,81.383995
-0.35,14,81.43313
-0.83,10,81.46119
-0.89,10,81.498036
-0.84,11,81.53229
-0.81,11,81.561126
-0.52,12,81.6017
-0.46,13,81.652608
-0.54,12,81.697019
-0.78,11,81.790298
-0.54,13,81.870186
-0.35,16,81.924937
-0.68,9,81.958299
-0.82,9,81.983363
1.62,12,82.027663
-0.57,14,82.072403
-0.82,10,82.102254
-0.68,13,82.141746
-0.66,12,82.181752
1.45,13,82.222177
-0.88,7,82.239194
-0.71,13,82.283931
-0.56,11,82.31541
-0.72,11,82.350584
-0.63,10,82.382908
-0.6,10,82.415193
-1.01,11,82.457459
-0.62,10,82.494571
-0.44,19,82.551178
-0.75,8,82.576559
1.48,13,82.618332
-0.77,14,82.669428
-0.42,11,82.710532
-0.51,9,82.739362
-0.66,10,82.769681
-0.56,17,82.82673
-0.48,16,82.876553
-0.71,10,82.908259
-0.84,9,82.940052
-0.44,16,82.995365
-0.5,10,83.024114
1.29,9,83.047745
1.11,7,83.071452
-0.66,8,83.097093
-0.83,7,83.119242
-0.84,8,83.14838
-0.45,12,83.188636
-0.97,6,83.206561
-0.78,8,83.227757
-0.49,15,83.274441
-0.84,12,83.311148
1.18,6,83.329311
1.49,17,83.380471
-0.64,16,83.428429
-0.78,8,83.45314
-0.65,9,83.481409
-0.86,7,83.501805
-0.44,14,83.545241
-0.66,12,83.58553
-0.77,7,83.613479
-0.7,13,83.655759
-0.65,11,83.697564
-0.73,9,83.730437
-0.75,9,83.764609
-0.89,13,83.810735
-0.68,9,83.833157
-0.56,11,83.875046
-0.79,13,83.914685
-0.98,14,83.955066
-0.4,11,83.993432
-0.5,13,84.02598
-0.81,8,84.049977
-0.87,8,84.075016
-0.37,15,84.123042
-0.73,8,84.152654
-0.75,8,84.183245
1.79,17,84.233831
1.3,9,84.265362
-0.82,12,84.307095
-0.53,14,84.347346
-0.83,10,84.380736
-0.11,14,84.423698
-0.39,16,84.476014
1.48,12,84.516301
-0.28,17,84.562472
-0.89,5,84.578146
-0.61,11,84.605898
-0.79,10,84.64081
-0.75,13,84.684618
1.65,15,84.727954
-0.58,13,84.772142
-0.76,12,84.811376
-1.02,6,84.832424
-0.87,9,84.857711
-0.78,13,84.897649
-0.5,10,84.941436
-0.73,8,84.967134
-0.82,9,84.999556
-0.68,8,85.025997
-0.42,18,85.074529
-0.95,5,85.089315
-0.64,10,85.124239
-0.82,11,85.163536
-0.71,15,85.220507
-0.53,12,85.259374
-0.55,10,85.293274
-0.63,18,85.358299
1.53,10,85.390317
-0.36,17,85.440845
-0.6,15,85.485532
-0.72,11,85.521413
-0.58,14,85.626535
1.5,11,85.667122
-0.27,15,85.711883
-0.81,5,85.725197
1.84,11,85.764365
1.15,6,85.780896
-0.72,8,85.8051
-0.44,13,85.847883
-0.57,11,85.887661
-0.33,15,85.938682
-0.67,12,85.97515
-0.81,8,85.998084
-0.84,6,86.016957
-0.92,11,86.05164
-0.3,16,86.103285
-0.74,9,86.133361
1.55,13,86.175453
-0.21,19,86.31088
1.35,8,86.339574
-0.63,13,86.377738
-0.43,13,86.415051
-0.73,11,86.457077
-0.58,13,86.499267
-0.71,9,86.527372
1.4,16,86.572363
-0.54,11,86.608784
-0.61,13,86.653931
-0.29,14,86.695209
-0.57,10,86.731496
-0.67,15,86.784261
1.59,10,86.814153
-0.37,14,86.856959
-0.83,11,86.891391
-0.27,19,86.947243
-0.45,14,86.994136
-0.1,13,87.03863
-0.63,11,87.076593
-0.63,13,87.123209
-0.95,5,87.143992
-0.61,11,87.181178
-0.57,16,87.244826
1.66,16,87.300342
1.29,9,87.331125
-0.53,12,87.37163
-0.62,8,87.406078
-0.67,9,87.439368
-0.7,9,87.472736
-0.75,13,87.514959
-0.82,8,87.546024
-0.43,16,87.587255
-0.95,8,87.612656
-0.53,12,87.654654
1.42,10,87.695725
-0.54,13,87.745484
-0.75,13,87.787461
-0.86,4,87.798181
-0.58,10,87.835529
-0.55,12,87.872523
-0.42,11,87.910412
-0.62,17,87.965138
-1.01,8,87.992485
-0.29,15,88.045108
-0.77,12,88.087396
-0.46,11,88.126581
-0.71,9,88.155244
-0.6,11,88.1932
-0.46,15,88.248441
-0.73,9,88.27931
-0.42,12,88.319417
1.4,10,88.358061
-0.27,12,88.399158
-0.73,11,88.444826
-0.52,14,88.494998
-0.74,7,88.517183
-0.81,14,88.561424
1.19,11,88.598602
-0.47,15,88.64485
-0.92,5,88.663723
1.42,13,88.706262
-0.87,8,88.732173
-0.65,12,88.778378
-0.94,4,88.790846
-0.63,13,88.837477
-0.46,11,88.872333
-0.58,10,88.910393
-0.88,7,88.933661
-0.61,10,88.964904
-0.61,16,89.01882
-0.47,16,89.070675
-0.22,14,89.116435
-0.5,13,89.161782
-0.47,12,89.206982
-0.83,11,89.242683
-0.67,11,89.277232
-0.5,11,89.312613
-0.63,10,89.343362
-0.8,13,89.386912
-0.38,13,89.427688
-0.64,11,89.461363
-0.69,10,89.496787
-0.7,8,89.525781
-0.58,10,89.556782
-0.4,19,89.662921
-0.33,16,89.727974
-0.69,10,89.760143
-0.35,16,89.817861
-0.73,11,89.850284
-0.24,13,89.897027
-0.67,17,89.953092
-0.74,10,89.984524
-0.8,13,90.029253
-0.66,10,90.069806
-0.77,7,90.089947
-0.92,11,90.122719
-0.81,12,90.160669
-0.83,7,90.181795
-0.64,15,90.231955
-0.68,9,90.260127
-0.6,10,90.295914
-0.81,8,90.323299
-0.67,9,90.355474
-0.53,15,90.400373
-0.52,10,90.436289
1.33,11,90.473152
-0.49,15,90.524971
-0.75,10,90.560563
-0.46,11,90.600029
-0.33,14,90.652695
-0.73,13,90.692527
-0.69,11,90.727924
-0.54,16,90.790717
-0.55,13,90.833918
1.67,13,90.87781
1.45,12,90.916224
-0.33,16,90.97337
-0.45,14,91.013577
-0.12,20,91.076548
-0.6,9,91.107404
-0.57,10,91.145697
-0.47,12,91.192408
-0.46,12,91.242765
-0.93,8,91.274526
-0.8,9,91.309969
-0.88,7,91.337162
1.32,9,91.368726
1.66,13,91.406664
-0.67,11,91.442089
1.32,9,91.472492
-0.78,8,91.500523
-0.78,7,91.529337
-0.62,18,91.591541
-0.7,8,91.616621
-0.22,17,91.674712
1.17,9,91.69862
-0.58,13,91.738801
1.12,6,91.756066
-0.47,12,91.800417
-0.86,10,91.836036
-0.82,9,91.869724
-0.53,10,91.903092
-0.56,13,91.939995
-0.77,9,91.973391
-0.75,14,92.015689
-0.78,9,92.041214
1.59,13,92.091634
1.54,10,92.12686
-0.57,15,92.17779
-0.75,14,92.224976
-0.2,17,92.284377
-0.58,14,92.32381
-0.57,12,92.365673
-0.56,13,92.411936
-0.76,6,92.439129
-0.88,7,92.462551
-0.73,12,92.509552
-0.78,8,92.539423
-0.67,13,92.582035
1.44,11,92.621697
-0.8,14,92.664941
-0.82,9,92.695158
-0.44,16,92.744465
-0.51,12,92.78386
-0.65,10,92.822517
-0.72,8,92.850867
-0.58,10,92.883107
-0.79,9,92.912036
-0.72,12,92.944198
-0.92,5,92.960576
-0.9,9,92.99181
-0.31,14,93.040434
-0.54,11,93.074304
-0.98,8,93.102638
-0.42,14,93.153914
-0.52,16,93.210917
1.19,9,93.240384
1.53,13,93.287452
-0.91,4,93.302281
-0.49,16,93.360933
-0.78,11,93.406625
-0.7,8,93.438972
-0.95,11,93.474792
-0.68,12,93.513287
-0.71,9,93.544796
-0.83,8,93.570227
-0.6,15,93.618107
-0.72,10,93.717983
-0.6,9,93.752498
-0.66,13,93.793075
-0.44,13,93.83656
-0.7,14,93.886206
-0.75,8,93.91586
-0.76,9,93.950765
-0.68,12,93.996972
1.55,11,94.039218
-0.54,11,94.072836
-0.22,16,94.126635
-0.78,14,94.172786
-0.56,11,94.210819
-0.64,11,94.248424
-0.71,15,94.288917
-0.53,10,94.335454
-0.24,18,94.399345
-0.73,9,94.429469
-0.77,7,94.456098
-0.85,6,94.477387
-0.52,10,94.510221
-0.77,9,94.539452
-0.76,8,94.568369
-0.49,13,94.608926
-0.56,15,94.663715
-0.65,8,94.692105
-0.59,12,94.732545
-0.66,9,94.768119
-0.82,9,94.798835
-0.87,9,94.827194
-0.12,20,94.886143
-0.62,12,94.922987
-0.29,14,94.976359
-0.66,12,95.021917
-0.76,6,95.0421
-0.54,16,95.093605
-0.34,13,95.144732
1.55,11,95.183089
1.5,13,95.226363
-0.73,11,95.268236
-0.62,14,95.32212
-0.45,11,95.356536
1.44,8,95.384585
-0.44,11,95.424005
-0.24,13,95.470185
1.14,11,95.50817
-0.92,5,95.523727
1.14,4,95.53949
-0.87,6,95.559095
-0.98,5,95.575686
-0.6,9,95.606867
-0.23,19,95.66905
-0.84,11,95.708515
-0.76,9,95.739526
-0.58,11,95.779451
-0.82,6,95.802927
-0.69,10,95.834296
-0.34,14,95.878102
-0.69,11,95.919451
-0.81,15,95.975775
-0.89,8,96.006869
-0.89,7,96.031066
-0.21,14,96.078244
1.69,13,96.123024
-0.88,7,96.145642
-0.27,12,96.188677
-0.65,10,96.228861
-0.78,8,96.26162
-0.83,8,96.287779
1.47,11,96.325674
-0.76,6,96.35198
-0.55,14,96.394951
-0.32,12,96.432421
-0.55,16,96.484674
-0.41,12,96.526695
-0.74,9,96.560598
-0.65,9,96.594126
-0.9,12,96.626017
-0.39,12,96.658406
-0.18,16,96.708677
-0.68,14,96.748128
-0.8,7,96.774465
-0.42,13,96.817847
-0.84,8,96.843708
-0.71,9,96.876519
-0.69,14,96.918228
-0.82,6,96.937679
-0.5,13,96.978091
-0.56,8,97.009433
-0.8,9,97.039314
-0.85,10,97.073951
-0.39,15,97.115687
-0.61,11,97.152428
-0.58,9,97.181037
-0.82,7,97.205442
1.26,9,97.238362
-0.6,10,97.278869
-0.71,10,97.314622
-0.7,8,97.344768
-0.51,15,97.401305
-0.24,15,97.449922
1.14,4,97.462763
1.59,12,97.498428
-0.78,8,97.564615
-0.71,11,97.6243
-0.86,7,97.64851
-0.44,12,97.69009
-0.28,13,97.735283
-0.27,15,97.780545
1.69,13,97.819334
-0.79,8,97.850323
-0.62,9,97.879805
-0.8,7,97.903202
-0.85,9,97.936914
-0.42,11,97.976007
-0.64,13,98.016079
-0.69,11,98.050576
-0.62,18,98.108721
-0.23,14,98.150486
-0.62,11,98.184444
1.64,13,98.230218
-0.71,12,98.26899
-0.96,6,98.288899
1.79,16,98.335124
-0.48,13,98.378466
-0.54,15,98.435763
-0.77,9,98.460371
-0.89,7,98.486233
-0.59,9,98.515601
-0.61,11,98.553228
-0.73,9,98.582066
1.58,10,98.615433
-0.66,7,98.641637
-0.65,8,98.66835
-0.81,9,98.697628
1.16,8,98.726609
-0.41,16,98.774822
-0.56,18,98.8233
-0.73,8,98.851821
-0.8,13,98.904964
-0.78,8,98.930446
1.41,14,98.975468
-0.52,17,99.033889
-0.72,9,99.063344
-0.73,9,99.092902
1.34,7,99.114836
-0.61,8,99.139991
-0.49,12,99.181796
1.49,11,99.219556
1.61,14,99.262964
1.58,11,99.297741
1.45,10,99.32898
-0.56,10,99.362022
-0.42,16,99.415248
-0.48,11,99.445938
-0.72,11,99.484887
1.62,11,99.524318
-0.9,9,99.547868
-0.68,9,99.579083
-0.42,14,99.63792
1.14,4,99.656971
-0.72,7,99.697539
1.41,11,99.752349
-0.62,12,99.813857
-0.69,10,99.859398
1.14,4,99.871619
-0.07,18,99.930358
-0.83,10,99.967549
1.42,12,100.010635
1.43,15,100.061765
-0.54,11,100.10046
-0.53,12,100.145799
-0.62,14,100.185625
-0.52,18,100.240338
-0.66,10,100.271013
-0.41,17,100.320368
-0.54,10,100.351748
-0.87,8,100.38103
-0.48,12,100.420308
-0.33,17,100.469749
-0.39,11,100.510136
-0.62,12,100.552138
-0.57,12,100.590562
1.44,12,100.633075
-0.73,9,100.662059
-0.37,16,100.706212
-0.78,11,100.747432
-0.52,9,100.779553
-0.9,8,100.803103
-0.42,13,100.840458
-0.56,10,100.871063
-0.6,12,100.911601
-0.66,13,100.954403
1.25,8,100.980667
-0.7,11,101.016094
-1.02,9,101.046948
-0.31,14,101.095071
-0.62,11,101.129768
-0.72,7,101.15275
-0.52,10,101.223852
-0.41,13,101.292834
-0.55,15,101.336799
-0.33,15,101.380346
1.48,11,101.423062
-0.86,11,101.524795
-0.2,17,101.576827
1.21,9,101.606297
-0.87,6,101.627143
1.62,15,101.679147
-1.05,6,101.6997
-0.58,10,101.728417
-0.77,7,101.752173
-0.03,17,101.810845
-0.37,12,101.850429
-0.65,14,101.892533
0.1,19,101.950684
1.41,16,102.001428
1.14,4,102.014788
-0.63,10,102.050256
-0.98,5,102.067104
-0.9,6,102.088581
1.74,13,102.136294
-0.77,7,102.164828
-0.41,13,102.20145
-0.73,14,102.241025
-0.69,11,102.268506
-0.08,16,102.330851
1.35,13,102.370895
-0.17,19,102.428171
-0.61,12,102.467017
-0.49,16,102.512967
-0.71,13,102.556762
-0.31,13,102.596115
0.08,17,102.650418
-0.62,13,102.696584
1.45,11,102.737381
-0.75,7,102.758409
1.14,4,102.770366
-0.73,8,102.801636
-0.85,9,102.832164
-0.59,12,102.86345
-0.48,11,102.900886
-0.85,7,102.928371
-0.41,12,102.970521
-0.39,17,103.027912
-0.89,7,103.055063
-0.92,5,103.072865
-0.56,13,103.123581
-0.76,8,103.155836
-0.63,13,103.198529
-0.54,11,103.231336
-0.82,12,103.278614
-0.58,10,103.318553
-0.98,11,103.351012
-0.65,9,103.38336
-0.56,11,103.421677
-0.67,11,103.459049
-0.46,14,103.504807
-0.8,9,103.532291
-0.38,17,103.584374
-0.65,12,103.626786
-0.42,13,103.676998
-0.31,14,103.725712
-0.6,11,103.76196
-0.64,10,103.79163
1.69,13,103.831089
1.4,11,103.868993
1.11,8,103.895922
-0.45,17,103.948548
-0.57,14,103.991911
-0.41,13,104.030705
-0.29,15,104.090519
-0.96,6,104.107264
1.36,8,104.134774
-0.51,13,104.176732
-0.67,8,104.208741
-0.84,8,104.235289
-0.78,8,104.264521
-0.38,13,104.311031
-0.6,9,104.346439
-0.49,13,104.39288
-0.94,7,104.416256
1.55,13,104.4598
-0.58,12,104.504499
-1.01,11,104.535291
-0.5,11,104.574522
-0.44,12,104.618648
-0.78,10,104.6559
-0.9,8,104.685804
1.34,7,104.711865
-0.65,11,104.746216
-0.43,15,104.797853
-0.85,7,104.822753
-0.3,15,104.877691
1.28,7,104.902375
-0.89,8,104.931025
-0.66,11,104.965379
1.42,10,104.997411
-0.56,8,105.023365
-0.71,9,105.048979
-0.95,8,105.073291
-0.29,13,105.124786
1.33,12,105.165838
-0.33,16,105.218275
-0.37,15,105.26195
1.29,13,105.305968
-0.71,13,105.344469
-0.47,12,105.391614
-0.76,11,105.427437
-0.57,10,105.462058
-0.57,9,105.561938
-0.65,10,105.601213
-0.65,16,105.645582
1.14,4,105.657866
-1.05,6,105.676424
-0.84,8,105.704842
-0.54,13,105.749195
1.82,17,105.802455
-0.53,11,105.839071
-0.73,12,105.885519
1.14,7,105.903757
-0.63,9,105.934805
-0.41,11,105.967014
-0.69,7,105.998934
-0.84,9,106.023254
-0.7,9,106.056353
-0.69,7,106.077457
-0.44,14,106.128387
-0.68,9,106.159716
-0.57,14,106.202847
-0.91,7,106.224588
-0.68,9,106.259658
-0.56,11,106.296362
-0.65,10,106.333615
-0.63,11,106.371876
-0.96,6,106.391248
-0.69,10,106.421664
-0.43,11,106.458223
-0.62,9,106.490105
-0.58,13,106.530782
-0.54,9,106.561602
1.73,11,106.600336
-0.57,15,106.64662
-0.75,13,106.682071
-0.42,13,106.728657
-0.64,8,106.757872
-0.73,8,106.788349
-0.7,9,106.818289
-0.88,6,106.839525
1.64,14,106.879093
-0.78,8,106.902959
-0.76,6,106.929638
-0.56,8,106.96098
-0.35,17,107.010729
-0.59,12,107.045929
-0.41,15,107.105838
-0.74,16,107.159062
-0.61,8,107.185636
-0.77,7,107.209508
-0.79,9,107.242294
-0.86,10,107.264964
-0.26,15,107.309217
-0.48,14,107.353698
-0.5,13,107.395923
-0.66,13,107.444671
1.65,12,107.479917
-0.73,9,107.510459
-0.37,13,107.548295
-0.91,4,107.562737
-0.53,11,107.594689
-0.64,11,107.629239
-0.38,12,107.670764
-0.57,16,107.71971
-0.18,15,107.774316
1.39,13,107.815124
-0.48,13,107.862049
-0.8,7,107.881132
-0.58,11,107.92102
-0.53,13,107.967952
-0.52,15,108.013045
1.38,13,108.049829
-0.49,12,108.089214
-0.24,17,108.142019
-0.47,13,108.187079
1.55,15,108.230601
-0.45,11,108.269712
-0.59,11,108.304772
1.19,8,108.333283
-0.38,14,108.376968
-0.77,6,108.400103
1.13,9,108.425086
-0.42,11,108.45879
-0.43,16,108.509551
-0.77,12,108.554359
-0.62,11,108.591916
-0.78,10,108.619931
1.49,12,108.659087
-0.4,15,108.708781
-0.54,9,108.741016
-0.68,9,108.769634
1.37,9,108.798048
1.02,5,108.815233
1.63,14,108.86137
-0.89,11,108.901865
1.45,16,108.957288
-0.81,8,108.97964
1.56,12,109.016128
-0.84,9,109.049266
1.49,11,109.089002
-0.75,8,109.120501
-0.71,9,109.148626
-0.74,9,109.185689
1.15,9,109.276306
-0.68,9,109.309297
-0.6,13,109.353529
1.25,8,109.378642
-0.65,9,109.412959
-0.65,11,109.45234
-0.4,18,109.51504
-0.57,13,109.557153
-0.81,8,109.580067
-0.73,9,109.610989
-0.66,7,109.636549
-0.66,9,109.669047
-0.3,16,109.717242
-0.81,11,109.750538
1.67,12,109.791988
-0.72,10,109.828901
-0.59,14,109.880115
-0.93,9,109.905974
-0.47,12,109.943697
-0.69,9,109.982672
-0.37,15,110.027084
-0.69,7,110.054246
-0.82,9,110.087493
-0.52,14,110.138474
-0.49,15,110.182625
-0.55,11,110.221317
-0.48,14,110.273907
1.44,14,110.321833
1.24,10,110.354372
-0.48,11,110.395681
1.61,19,110.452278
-0.68,14,110.504108
-0.62,9,110.535388
-0.91,6,110.55575
-0.26,17,110.607352
-0.45,10,110.637514
1.4,14,110.67573
-0.23,19,110.725837
1.28,10,110.755867
-0.85,9,110.790106
1.56,12,110.837548
1.21,8,110.867239
-0.5,14,110.918505
1.44,11,110.953512
-0.77,11,110.985074
-0.45,14,111.039527
-0.72,8,111.066306
-0.59,12,111.108605
-0.34,14,111.151952
-0.38,17,111.204981
-0.78,12,111.24392
1.54,10,111.276305
-0.59,14,111.327832
-0.63,12,111.361465
-0.56,9,111.39492
-0.69,10,111.430147
-0.95,8,111.455859
-0.77,10,111.49316
-0.13,17,111.537414
-0.85,6,111.558325
-0.42,14,111.602269
-0.16,16,111.650903
-0.56,11,111.686851
-0.42,15,111.73481
-0.38,12,111.770888
-0.77,9,111.800701
-0.63,13,111.841928
-0.39,16,111.896629
1.27,8,111.925936
-0.51,9,111.954537
-0.53,15,111.998149
-0.53,12,112.035293
-0.66,7,112.060822
-0.73,11,112.100975
-0.47,13,112.146291
-0.57,15,112.185642
-0.68,9,112.207908
-0.74,10,112.239599
-0.63,11,112.275252
-0.55,13,112.317664
-0.35,12,112.359428
-0.49,9,112.389719
-0.67,8,112.420174
-0.41,16,112.469604
-0.53,14,112.518078
-0.57,9,112.549389
1.35,11,112.588199
1.42,10,112.625132
-0.78,7,112.648039
-0.43,18,112.712212
-0.68,15,112.754014
-0.93,12,112.791513
1.6,12,112.834427
-0.72,11,112.874221
-0.89,7,112.894245
1.38,12,112.932235
-0.78,11,112.971382
-0.77,7,112.998689
-0.51,11,113.038072
-0.6,10,113.068876
-0.5,17,113.191293
1.41,14,113.234469
1.33,8,113.25597
-0.39,16,113.302618
-0.42,13,113.343266
-0.75,10,113.373224
-0.67,8,113.399968
1.14,4,113.412672
-0.83,9,113.443961
-0.78,10,113.475131
-0.57,12,113.562957
-0.61,11,113.618413
-0.58,10,113.652686
-0.64,11,113.690026
-0.69,10,113.721241
-0.67,8,113.748904
-0.44,13,113.786004
-0.77,7,113.807122
-0.53,15,113.859735
-0.87,8,113.888437
-0.76,9,113.917102
-0.21,19,113.973792
1.5,10,114.004576
-0.72,8,114.035063
-0.81,11,114.07151
-0.49,13,114.117918
-0.76,11,114.146276
-0.49,10,114.178842
-0.62,10,114.215253
-0.87,10,114.247458
-0.52,16,114.298053
1.31,9,114.328607
1.3,10,114.363753
-1.01,8,114.391094
-0.8,7,114.413059
-0.76,12,114.449504
-0.68,9,114.475198
-0.43,15,114.515645
-0.99,6,114.533381
-0.98,8,114.557778
-0.53,10,114.593354
-0.77,9,114.620976
-0.71,7,114.644757
1.34,10,114.675861
-0.37,21,114.735684
1.56,13,114.770485
-0.36,19,114.828723
-0.98,5,114.848093
-0.55,13,114.891599
-0.82,6,114.906005
-0.35,11,114.941952
-0.48,12,114.975517
1.6,15,115.03104
-0.57,11,115.061547
-0.2,15,115.107559
1.38,11,115.150367
-0.83,9,115.174167
-0.66,10,115.205416
-0.41,10,115.236348
-0.49,12,115.272902
-0.39,15,115.323049
-0.61,10,115.358255
-0.81,10,115.388215
-0.77,7,115.414069
-0.57,12,115.454422
-0.72,11,115.490302
-0.27,13,115.533313
-0.82,7,115.563819
-0.37,14,115.613203
1.48,10,115.647522
-0.5,10,115.679851
-1.0,7,115.702735
-0.6,13,115.742932
-0.49,13,115.782359
1.59,10,115.816623
-0.61,10,115.852174
1.41,9,115.878313
-0.73,8,115.907367
-0.57,16,115.96508
-0.36,16,116.013632
-0.24,16,116.062197
-0.73,11,116.096082
-0.7,8,116.124663
1.14,4,116.137203
-0.69,10,116.168077
-0.62,13,116.21152
-0.85,10,116.242622
-0.46,15,116.292152
-0.52,15,116.337732
1.71,15,116.382241
-0.42,16,116.433467
-0.8,8,116.466529
1.25,8,116.496214
-0.46,11,116.532449
1.1,8,116.559033
-0.83,7,116.586443
-0.58,14,116.63908
1.44,11,116.672951
1.59,15,116.719078
-0.39,11,116.758157
-0.93,6,116.773994
-0.76,9,116.805317
-0.82,6,116.825218
1.26,13,116.866785
-0.78,8,116.888615
-0.42,16,116.942802
-0.73,8,116.965862
-0.66,8,116.995783
-0.82,9,117.03879
-0.74,13,117.121122
-0.1,17,117.180538
-0.49,14,117.232749
-0.46,16,117.277979
-0.97,10,117.309269
-0.52,13,117.349998
-0.71,9,117.384733
-0.83,7,117.406863
-0.8,13,117.442897
-0.51,12,117.484054
-0.6,12,117.52095
-0.65,10,117.55739
-0.41,17,117.612443
1.29,13,117.652372
-0.65,12,117.691869
-0.72,7,117.71502
-0.9,6,117.732065
-0.17,17,117.78749
-0.74,10,117.823353
-0.57,10,117.85287
1.67,11,117.888082
1.44,14,117.937865
-0.81,8,117.967764
-0.85,9,118.000442
-0.76,14,118.045824
-0.54,17,118.096804
1.45,13,118.138474
-0.55,9,118.164579
-0.44,13,118.211361
-0.62,11,118.248536
-0.55,10,118.280793
-0.74,10,118.309335
-0.46,12,118.352407
-0.54,11,118.387832
-0.96,6,118.406861
-0.77,10,118.436012
-0.66,10,118.471527
1.39,11,118.513722
-0.54,12,118.552022
1.36,8,118.578988
-0.74,9,118.608921
1.31,10,118.641975
-0.62,11,118.68117
1.0,7,118.700741
-0.72,8,118.725476
-0.5,11,118.760779
-0.69,8,118.788462
1.36,14,118.838158
-0.57,12,118.876853
-0.75,8,118.904036
-0.67,8,118.936995
-0.52,13,118.977432
-0.7,10,119.012621
-0.61,11,119.050663
-0.65,9,119.083756
1.49,9,119.114649
1.61,13,119.156673
-0.79,9,119.182572
1.6,13,119.227108
-0.29,15,119.273714
-0.68,8,119.302963
-0.37,16,119.356054
1.47,18,119.409445
-0.7,11,119.438995
1.55,11,119.476197
-0.3,13,119.519964
-0.71,13,119.565103
-0.49,13,119.605049
1.2,10,119.637393
-0.58,13,119.689475
-0.67,11,119.719992
-0.6,13,119.764158
-0.73,7,119.788645
-0.78,7,119.816685
0.05,18,119.876248
1.38,12,119.917614
-0.57,9,119.947413
-0.86,9,119.978925
-0.6,10,120.012544
-0.75,11,120.0412
-0.07,18,120.101197
-0.81,9,120.12977
-0.69,10,120.167969
1.38,11,120.202201
-0.68,11,120.240054
-0.78,11,120.27745
-0.72,8,120.309773
-0.45,17,120.361829
1.32,9,120.384877
1.23,7,120.406767
-0.69,12,120.442833
-0.7,9,120.472893
1.45,10,120.5097
-0.87,11,120.537506
1.66,13,120.576585
-0.46,9,120.600947
-0.59,11,120.637884
-0.49,14,120.68397
-0.86,10,120.722067
-0.37,13,120.759866
1.34,13,120.790709
-0.82,6,120.813288
-0.77,11,120.920215
-0.86,10,120.951712
-0.59,18,121.015111
1.42,11,121.048146
-0.87,9,121.084411
1.05,8,121.111566
-0.51,13,121.159172
1.16,5,121.175634
-0.57,11,121.221463
-0.64,13,121.263508
-0.38,14,121.308493
-0.63,13,121.347776
-0.78,11,121.384836
-0.6,11,121.423428
-0.84,10,121.461493
-0.37,14,121.520441
-0.89,8,121.560349
1.7,14,121.633483
-0.42,14,121.697311
-0.83,9,121.734547
-0.36,15,121.798154
-0.71,6,121.823058
-0.74,12,121.870881
-0.44,15,121.927904
-0.55,11,121.966213
1.56,14,122.035762
-0.92,7,122.064961
-0.62,12,122.110961
1.43,9,122.146141
1.59,11,122.197859
-0.77,7,122.230299
-0.81,8,122.268037
-0.9,9,122.307951
-0.54,12,122.357955
1.31,13,122.405287
-0.39,16,122.45928
1.11,8,122.493629
-0.77,7,122.525465
-0.45,13,122.580785
-0.69,11,122.642186
1.53,12,122.698279
-0.64,12,122.752444
-0.45,13,122.802593
-0.83,7,122.829726
-0.67,12,122.874626
-0.57,12,122.915701
1.33,12,122.961869
-0.58,11,123.000276
-0.77,12,123.042907
-0.58,11,123.077586
1.34,10,123.119735
1.14,4,123.133272
-0.52,12,123.178904
-0.68,9,123.216172
-0.56,11,123.27938
-0.56,12,123.329218
-0.51,11,123.369034
-0.71,12,123.426493
-0.57,9,123.485062
-0.82,6,123.516167
-0.45,14,123.580712
-0.59,13,123.631387
-0.55,12,123.68006
-0.05,17,123.748438
1.35,13,123.800435
-0.38,12,123.852671
-0.12,17,123.912563
-0.74,12,123.95332
-0.42,16,124.003973
-0.84,9,124.033629
1.29,8,124.063029
-0.52,13,124.10175
-0.71,7,124.130032
-0.81,9,124.16311
1.53,11,124.2012
1.64,13,124.245137
1.44,11,124.286512
-0.66,7,124.321708
-0.6,12,124.372594
-0.66,10,124.40876
-0.44,11,124.455903
-0.32,13,124.510368
-0.74,11,124.558965
-0.48,12,124.59917
-0.35,12,124.644822
-0.7,8,124.671305
-0.42,11,124.703645
-0.47,13,124.751278
1.57,12,124.790133
-0.43,13,124.830011
-0.25,14,124.8731
-0.32,17,124.936585
-0.48,15,124.984359
-0.77,7,125.002138
-0.68,9,125.028173
-0.76,6,125.045085
-0.73,12,125.08148
-0.4,13,125.12844
-0.76,9,125.165465
1.17,10,125.196627
1.1,12,125.313457
-0.53,12,125.40004
-0.59,8,125.475166
-0.59,11,125.521286
-0.69,11,125.576777
-0.39,11,125.629055
-0.81,8,125.664655
-0.97,7,125.704829
-0.48,12,125.76659
-0.83,10,125.817525
-0.68,14,125.898132
-0.43,13,125.959116
-0.64,14,126.023336
-0.24,16,126.102132
1.48,10,126.1535
-0.72,7,126.186514
-0.81,8,126.219861
-0.72,14,126.278749
-0.65,13,126.327193
-0.65,12,126.374344
-0.58,14,126.426061
-0.61,8,126.457202
-0.3,18,126.522885
-0.64,11,126.562476
-0.31,13,126.611852
-0.79,11,126.649654
-0.73,12,126.689331
1.11,8,126.721065
-0.73,11,126.759735
-0.66,13,126.822108
1.65,14,126.871098
-0.92,8,126.890692
-0.44,17,126.939786
-0.55,13,126.987756
-0.67,13,127.030988
-0.63,13,127.079266
1.8,12,127.117672
1.43,10,127.150447
-0.23,19,127.210019
-0.65,8,127.241503
-0.54,16,127.289622
-0.62,9,127.323158
-0.94,7,127.346738
-0.64,12,127.387232
-0.94,7,127.414211
-0.72,13,127.455674
-0.66,14,127.496801
1.47,16,127.548221
-0.54,12,127.581714
-0.86,7,127.606881
-0.49,14,127.651531
-0.72,13,127.688582
-0.68,10,127.721218
-0.48,14,127.763794
-0.45,13,127.809374
-0.48,14,127.848843
-0.87,6,127.874293
-0.97,7,127.896543
-0.62,9,127.927502
-0.81,5,127.944825
1.48,12,127.985356
-0.84,8,128.01671
-0.53,11,128.055522
-0.66,10,128.085844
-0.38,12,128.123676
-0.47,13,128.166766
-0.45,16,128.211269
-0.56,10,128.248255
-0.6,16,128.297729
-0.41,12,128.341972
-0.77,9,128.369036
-0.75,8,128.393585
-0.29,17,128.443882
-0.55,11,128.482392
-0.71,7,128.504843
-0.71,9,128.535484
-0.92,8,128.561376
-0.19,12,128.601326
-0.74,9,128.630158
-0.25,16,128.68475
-0.98,8,128.710687
-0.84,11,128.749823
-0.76,6,128.771037
-0.6,12,128.807685
-0.73,8,128.837545
-0.59,14,128.886883
-0.49,10,128.927365
-0.36,13,128.963659
-0.84,8,128.99542
-0.58,11,129.034387
-0.7,12,129.073349
1.44,14,129.114424
-0.63,12,129.151032
-0.53,16,129.201687
1.35,10,129.233453
-0.58,12,129.27306
-0.85,8,129.296852
-0.62,16,129.418591
1.53,10,129.451601
-0.74,10,129.481653
-0.74,6,129.504649
-0.62,9,129.534765
-0.91,4,129.549773
-0.06,17,129.612345
-0.64,11,129.646935
-0.93,9,129.674234
1.32,9,129.700089
-0.59,13,129.738226
-0.72,10,129.771949
-0.48,11,129.811287
-0.84,8,129.842585
-0.74,10,129.882691
-0.92,5,129.902875
-0.77,10,129.931895
-0.52,13,129.970268
-0.86,9,130.003673
-0.71,10,130.043172
1.47,17,130.094945
-0.58,17,130.141381
-0.6,9,130.170449
-0.09,15,130.227807
-0.15,16,130.277369
-0.83,11,130.312032
-0.65,12,130.351637
-0.88,10,130.384918
-0.54,8,130.411452
-0.57,13,130.452683
-0.64,12,130.493956
-0.58,13,130.53666
-0.53,16,130.581404
-0.54,16,130.641669
-0.84,12,130.682967
-0.36,12,130.722887
1.3,8,130.750132
-0.94,7,130.773843
-0.58,10,130.804396
-0.5,13,130.84349
-0.6,13,130.891407
-0.43,12,130.932915
-0.94,7,130.95848
-0.71,10,131.000267
-0.53,15,131.045959
-0.91,7,131.065263
-0.52,12,131.10393
1.46,11,131.13684
-0.71,14,131.182462
-0.67,14,131.230344
-0.59,12,131.273766
-0.6,13,131.314136
-0.58,12,131.351526
-0.71,12,131.38753
-0.57,14,131.43678
-0.83,7,131.460657
-0.43,10,131.491767
-0.58,13,131.531447
-0.42,11,131.569127
1.28,12,131.613654
-0.64,10,131.642157
-0.51,16,131.693228
-0.4,14,131.735062
-0.83,7,131.764088
-0.64,9,131.795791
1.28,10,131.824503
-0.81,9,131.858177
-0.83,7,131.884381
-0.77,11,131.913142
-0.87,8,131.942841
-0.92,5,131.958552
-0.59,9,131.992335
1.55,11,132.034491
-0.82,9,132.069005
1.13,9,132.098972
-0.83,9,132.128371
-0.42,13,132.168887
-0.73,8,132.197793
1.45,16,132.254157
-0.61,13,132.298952
-0.5,13,132.343499
-0.58,14,132.389106
-0.28,14,132.433452
-0.45,17,132.489411
-0.78,8,132.517321
-0.72,7,132.540197
1.6,14,132.585148
-0.55,18,132.635759
-0.87,6,132.657292
-0.53,10,132.689919
1.42,14,132.732794
-0.57,11,132.769452
-0.71,7,132.794528
-0.64,14,132.84584
-0.72,10,132.874883
-0.84,11,132.908466
1.59,11,132.942715
1.33,12,132.979379
-0.6,9,133.012577
-0.2,19,133.068921
-0.66,11,133.100494
-0.55,13,133.142941
-0.81,13,133.18318
-0.61,10,133.290253
-0.87,6,133.317479
-0.61,13,133.359146
-0.83,7,133.384904
-0.6,13,133.429873
-0.58,11,133.472457
-0.83,10,133.509568
-0.67,16,133.563306
-0.26,14,133.610141
-0.51,18,133.664389
1.48,10,133.701263
-1.04,5,133.717443
-0.78,10,133.755576
-0.78,13,133.801717
-0.63,11,133.841808
-0.65,13,133.884552
-0.67,11,133.928805
1.13,5,133.942161
-0.88,6,133.960574
-0.43,14,134.011977
-0.44,13,134.057273
-0.39,13,134.098256
-0.38,12,134.139979
-0.61,8,134.171003
-0.96,9,134.20963
-0.36,11,134.241877
1.47,18,134.296311
-0.6,10,134.326344
-0.72,7,134.353769
-0.5,16,134.411654
-0.62,13,134.455768
1.28,11,134.495892
-1.03,4,134.512942
-0.82,8,134.537802
-0.82,13,134.579589
-0.81,11,134.61251
1.54,9,134.646509
1.14,4,134.657686
-0.61,8,134.684709
-0.75,11,134.718604
-0.33,16,134.776236
-0.68,15,134.828875
1.69,11,134.8629
-0.22,18,134.919617
-0.54,14,134.969341
-0.48,13,135.011033
-0.69,10,135.040124
-0.56,14,135.09203
-0.53,15,135.133757
-0.64,14,135.175072
-0.72,8,135.260884
-0.55,14,135.311944
1.43,10,135.348311
1.16,5,135.362667
-0.7,11,135.397012
-0.73,9,135.420887
-0.84,8,135.455062
-0.33,13,135.500078
-0.2,17,135.551763
-0.74,12,135.587395
-0.7,8,135.613023
0.04,20,135.668715
-0.73,9,135.699723
-0.79,9,135.725947
-0.64,11,135.764649
-0.85,12,135.806397
-0.73,8,135.835342
-0.47,15,135.886288
-0.39,13,135.930823
-0.52,10,135.970359
-0.78,8,135.998944
1.29,9,136.026732
1.16,5,136.043591
-0.7,12,136.07869
-0.65,11,136.111116
-0.62,13,136.148591
-0.63,11,136.193418
-0.47,11,136.231832
-0.59,15,136.280556
1.32,9,136.31194
-0.56,11,136.349771
-0.78,8,136.378347
-0.21,13,136.417752
-0.78,8,136.443324
-0.94,10,136.54233
-0.33,13,136.582232
-0.75,13,136.623772
-0.63,13,136.672671
-0.42,11,136.713334
1.46,11,136.747191
-0.61,16,136.795673
-0.47,14,136.84582
-0.9,9,136.875442
-0.64,9,136.902568
-0.55,10,136.933591
-0.41,12,136.979047
1.14,4,136.993549
-0.46,15,137.036796
-0.65,11,137.072439
-0.27,17,137.124105
1.42,10,137.158146
-0.19,17,137.219497
-0.74,17,137.270647
1.14,4,137.284381
1.42,11,137.316749
-0.68,18,137.370857
1.55,13,137.409601
1.35,12,137.517029
-0.58,15,137.567103
-0.65,14,137.614737
-0.23,14,137.668011
-0.59,9,137.697539
-0.93,6,137.721198
-0.92,11,137.756467
1.48,10,137.79154
-0.71,10,137.826613
-0.32,18,137.890566
-0.6,9,137.920647
-0.69,12,137.959801
-0.62,10,137.99229
-0.69,13,138.039927
-0.66,9,138.066725
1.42,11,138.104553
1.66,14,138.152474
-0.64,8,138.179519
-0.3,16,138.231025
-0.7,14,138.277477
-0.6,10,138.311014
1.28,11,138.347511
1.54,13,138.386458
-0.51,15,138.437489
-0.65,16,138.488053
-0.65,11,138.521894
-0.69,10,138.557006
-0.57,12,138.599593
-0.63,13,138.645169
-0.45,12,138.680827
-0.59,9,138.709343
1.38,9,138.734186
-0.67,9,138.761501
-0.37,12,138.799837
-0.87,9,138.83331
-0.48,16,138.878744
-0.61,10,138.910249
-0.68,13,138.948071
-0.75,10,138.980447
-0.59,12,139.019017
-0.6,12,139.054173
1.4,15,139.09732
-0.42,15,139.144634
-0.67,9,139.177576
-0.87,8,139.201913
-0.29,14,139.249125
1.31,14,139.29622
-0.8,10,139.330752
-0.52,18,139.390113
-0.17,19,139.450888
-0.46,14,139.495331
1.6,18,139.545663
-0.68,15,139.594537
-0.59,17,139.641132
1.07,9,139.676111
-0.58,10,139.713074
-0.72,10,139.750698
-0.81,8,139.776415
-0.64,13,139.824914
-0.32,15,139.880604
-0.16,14,139.921691
-0.61,12,139.958825
-0.73,9,139.983241
1.32,10,140.014418
-0.79,12,140.052153
-0.66,7,140.081797
-0.58,12,140.125843
-0.22,16,140.174703
-0.76,6,140.192253
-0.41,12,140.22765
-0.7,11,140.263267
-0.59,10,140.300415
-0.53,10,140.333542
-0.41,13,140.382884
-0.5,13,140.42456
-0.55,15,140.476482
-0.55,13,140.517447
-0.7,14,140.565294
-0.75,9,140.599305
1.49,11,140.642762
1.4,10,140.678807
-0.79,12,140.721248
-0.57,15,140.77164
-0.63,11,140.804472
-0.4,13,140.848884
-0.57,11,140.890391
-0.56,8,140.914274
-0.81,9,140.938126
-0.45,14,140.982629
-0.53,13,141.026956
-0.23,16,141.076483
-0.93,6,141.095095
1.57,14,141.13662
-0.52,10,141.17107
1.56,14,141.216537
-0.33,17,141.271738
-0.58,13,141.31281
-0.78,8,141.342389
-0.74,10,141.378774
-0.4,11,141.419403
1.47,11,141.44984
-0.66,9,141.477663
-0.51,13,141.515514
-0.63,10,141.616271
-0.75,11,141.64953
1.61,14,141.699073
-0.72,16,141.746515
-0.42,15,141.792322
1.53,12,141.835893
-0.82,9,141.86836
-0.6,10,141.894832
-0.59,11,141.93694
-0.72,11,141.972558
-0.47,13,142.013837
-0.34,14,142.057542
-0.64,13,142.103998
-0.6,13,142.140404
-0.83,10,142.17022
-0.42,12,142.204876
-0.61,13,142.246763
-0.75,10,142.280907
-0.78,11,142.313813
-0.55,12,142.348853
-0.53,14,142.391101
-0.17,18,142.454087
1.48,11,142.491071
-0.49,17,142.532031
-0.75,8,142.560001
-0.3,18,142.618278
1.18,9,142.653954
-0.56,13,142.691678
1.68,12,142.729448
-0.34,11,142.76662
-0.79,12,142.812435
-0.6,12,142.848469
-0.97,4,142.86258
-0.79,12,142.901064
-0.58,10,142.931319
-0.71,13,142.97557
-0.41,15,143.029279
-0.66,12,143.06572
-0.78,13,143.113225
-0.55,16,143.159459
-0.72,8,143.184009
-0.65,9,143.217919
-0.6,13,143.258579
-0.59,11,143.298257
-0.87,14,143.344754
-0.67,14,143.388049
1.7,12,143.43103
-0.79,8,143.459285
1.57,11,143.491984
-0.9,9,143.522178
-0.83,7,143.547241
-0.68,12,143.58668
-0.38,12,143.624263
-0.49,10,143.658478
-0.25,17,143.717035
-0.78,8,143.740495
1.07,6,143.75853
-0.41,15,143.799073
-0.52,15,143.847148
-0.69,13,143.887278
1.27,9,143.918542
1.46,13,143.959335
-0.6,12,143.994561
-0.34,12,144.033193
-0.71,8,144.057066
-0.9,9,144.085136
-0.3,17,144.142102
-0.29,12,144.181642
-0.56,11,144.223534
-0.45,15,144.279236
-0.35,15,144.325419
-0.87,8,144.351655
-0.22,16,144.403943
-0.64,8,144.43151
-0.44,13,144.478152
-0.42,10,144.513668
-0.43,11,144.546957
-0.63,13,144.582395
-0.56,15,144.632483
-0.58,10,144.671763
1.35,12,144.706137
1.27,9,144.737433
-0.34,20,144.793563
-0.24,16,144.844577
-0.97,4,144.858924
-0.5,12,144.892461
-0.62,10,144.92305
-0.92,7,144.944433
-0.58,10,144.977509
-0.76,8,145.008185
-0.65,11,145.045699
-0.63,13,145.086194
-0.73,8,145.114018
-0.74,12,145.154138
-0.62,11,145.186964
-0.16,17,145.242851
-0.8,10,145.268825
-0.51,13,145.312159
-0.71,6,145.337755
-0.5,17,145.389876
-0.56,10,145.422102
-0.56,11,145.525074
-0.21,17,145.589258
-0.63,10,145.60832
-0.39,15,145.657314
-0.76,12,145.700885
-0.8,9,145.733631
-0.63,12,145.772038
-0.36,17,145.829169
-0.68,12,145.868514
-0.89,8,145.898038
-0.32,15,145.942775
-0.35,19,145.999975
-0.67,11,146.042722
-0.61,21,146.099207
-0.65,9,146.12673
-0.89,10,146.16607
-0.65,12,146.210348
-0.72,7,146.235211
-0.49,11,146.271633
-0.42,11,146.311394
-0.74,7,146.337735
-0.64,14,146.379242
-0.83,10,146.417459
-0.47,12,146.453098
-0.74,14,146.49351
-0.78,8,146.522443
-0.38,17,146.581886
-0.87,5,146.601638
-0.92,5,146.619413
-0.59,11,146.659926
-0.64,14,146.699763
-0.61,12,146.734748
1.42,10,146.766794
-0.66,13,146.810556
-0.78,10,146.833829
-0.82,12,146.875965
-0.82,7,146.897276
-0.71,15,146.944969
1.14,4,146.958942
-0.52,16,147.01198
-0.54,12,147.048175
-0.87,5,147.062299
-0.62,9,147.091844
1.26,11,147.125187
-0.38,15,147.181122
-0.55,16,147.22661
1.7,14,147.267363
-0.47,11,147.301552
-0.74,10,147.329002
1.62,12,147.372833
-0.55,16,147.42322
-0.53,9,147.452594
-0.5,14,147.493764
-0.71,14,147.551231
-0.37,19,147.605551
-0.97,7,147.626704
-0.61,11,147.659308
1.48,14,147.702987
-0.55,13,147.74793
-0.19,14,147.791543
-0.97,7,147.820632
-0.66,10,147.854589
1.18,7,147.87216
-0.61,14,147.920516
-0.38,14,147.965096
-0.46,12,148.00655
-0.5,17,148.062518
1.52,13,148.103273
-0.47,10,148.138535
-0.51,15,148.190791
-0.07,20,148.248827
-0.65,11,148.282181
1.14,4,148.291466
-0.71,9,148.319215
-0.73,9,148.349886
-0.56,11,148.39163
-0.84,8,148.417782
-0.62,12,148.460176
-0.58,11,148.498316
-0.75,8,148.529006
-0.29,15,148.582663
1.2,10,148.622897
-0.51,14,148.672687
-0.37,15,148.712431
1.23,9,148.747621
1.97,13,148.787498
-0.68,9,148.813804
-0.39,14,148.860055
-0.73,9,148.887871
-0.87,8,148.917841
-0.5,15,148.959891
-0.58,10,148.997983
1.14,4,149.012099
-0.64,7,149.040488
-0.74,7,149.059259
1.29,10,149.090869
1.35,10,149.12631
-0.82,8,149.152467
-0.49,14,149.194021
-0.86,8,149.220964
-0.76,14,149.26547
-0.78,8,149.293476
-0.57,10,149.332123
-0.47,14,149.430527
-0.98,8,149.46254
-0.57,12,149.500401
-0.52,14,149.538009
-0.63,10,149.575949
-0.25,16,149.619774
-0.27,14,149.667556
-0.82,9,149.693521
-0.64,11,149.726074
1.42,12,149.766677
-0.48,11,149.804285
-0.58,11,149.845601
-0.59,10,149.881591
-0.74,12,149.92097
-0.7,11,149.95608
1.33,8,149.982394
-0.86,8,150.00845
-0.61,11,150.046508
1.19,11,150.08292
-0.62,15,150.130793
1.56,9,150.157639
-0.67,12,150.195859
1.45,10,150.236774
-0.03,15,150.28566
1.43,12,150.326621
-0.68,15,150.369244
-0.38,15,150.420435
-0.86,7,150.442765
1.41,13,150.488365
1.48,10,150.525303
-0.47,13,150.561049
1.27,14,150.604009
-0.46,15,150.647519
-0.44,11,150.684317
-0.72,10,150.72128
1.34,9,150.750636
-0.79,9,150.783105
1.53,11,150.820209
1.34,10,150.856705
-0.4,17,150.912378
-0.48,18,150.972743
-0.36,19,151.072212
-0.31,13,151.121666
-0.76,14,151.16617
-0.76,9,151.196102
-0.43,12,151.23675
-0.79,9,151.27386
-0.19,19,151.338083
-0.77,10,151.365821
-0.77,14,151.419071
-0.54,11,151.44734
-0.62,9,151.480964
-0.45,15,151.53494
-0.75,10,151.572611
-0.64,14,151.618839
-0.74,7,151.646621
1.57,12,151.692466
1.33,9,151.718553
-0.61,8,151.750582
-0.57,12,151.791013
-0.62,10,151.822174
-0.36,15,151.875742
-0.56,10,151.910443
-0.7,11,151.942619
-0.73,10,151.977336
1.54,13,152.016502
-0.52,9,152.044069
-0.66,10,152.076712
-0.41,12,152.113537
-0.65,11,152.145772
-0.47,11,152.187463
-0.61,8,152.214559
-0.67,8,152.24815
-0.81,9,152.277754
-0.69,12,152.317466
-0.44,13,152.365769
-0.57,14,152.416103
-0.51,14,152.46014
-0.85,10,152.494374
-0.41,16,152.547978
0.05,18,152.60319
-0.4,15,152.657234
1.29,9,152.691776
-0.27,17,152.75171
1.45,12,152.795468
-0.64,13,152.83911
-0.75,11,152.873254
-0.59,15,152.925092
-0.66,7,152.948168
-0.71,10,152.986077
-0.61,11,153.026029
-0.77,7,153.046865
-0.6,10,153.084233
1.43,12,153.121714
1.32,10,153.155109
-0.76,14,153.258343
-0.37,14,153.303006
-0.33,16,153.352471
-0.65,11,153.394692
-0.45,10,153.423055
-0.69,10,153.453489
-0.54,11,153.492661
-0.88,13,153.536285
-0.56,14,153.573315
-0.73,8,153.596493
1.14,4,153.606588
-0.8,6,153.630102
-0.97,4,153.643156
-0.39,11,153.686513
-0.58,11,153.72612
-0.65,8,153.752828
-0.83,10,153.783392
-0.5,17,153.834058
-0.63,10,153.872568
-0.86,8,153.89977
-0.5,15,153.946779
-0.38,16,153.994364
-0.92,7,154.020381
1.24,8,154.051922
-0.65,12,154.09474
-0.54,11,154.132676
-0.29,13,154.180459
-0.54,11,154.219299
-0.71,11,154.264222
0.02,16,154.32001
-0.81,8,154.344054
-0.58,8,154.376053
-0.51,12,154.416987
-0.76,9,154.449527
-0.75,8,154.474474
-0.36,16,154.521379
-0.76,15,154.568514
-0.47,14,154.607991
-0.8,14,154.656106
-0.72,7,154.680421
-0.6,12,154.712063
-0.69,10,154.739101
-0.87,11,154.777075
-0.6,10,154.81021
-0.56,10,154.843427
-0.46,15,154.886407
-0.78,8,154.909892
1.32,12,154.95207
-0.65,15,155.003873
1.39,12,155.042047
1.14,4,155.054346
-0.63,12,155.101349
-0.77,7,155.126471
-0.48,13,155.164412
1.48,16,155.216488
-1.01,8,155.238638
-0.62,12,155.281596
-0.96,9,155.311741
-0.44,12,155.350656
-0.62,13,155.403344
-0.5,14,155.446135
-0.34,13,155.489847
-0.71,6,155.511424
1.47,10,155.542938
1.59,14,155.594666
-0.65,12,155.633913
-0.62,9,155.660518
-0.44,13,155.700628
-0.82,9,155.725155
1.54,10,155.753927
-0.68,8,155.780437
-0.73,9,155.812691
-0.95,10,155.849067
-0.65,12,155.891245
-0.47,12,155.927116
-0.32,14,155.971007
1.47,12,156.009405
-0.37,14,156.049778
-0.58,17,156.093387
-0.61,12,156.133838
1.4,13,156.164364
-0.33,18,156.21809
-0.56,12,156.250488
-0.69,9,156.279828
-0.3,13,156.332253
-0.9,9,156.368932
-0.43,16,156.418525
-0.46,12,156.461473
-0.59,15,156.5068
-0.7,9,156.544587
-0.65,9,156.577096
-0.65,8,156.608354
1.65,14,156.651232
-0.5,13,156.696092
-0.61,10,156.726178
-0.46,14,156.774906
-0.81,12,156.809962
1.35,13,156.850512
-0.65,10,156.882759
-0.68,14,156.939066
-0.82,16,156.985919
-0.76,9,157.013847
-0.57,9,157.045126
-0.72,11,157.134931
-0.75,7,157.168348
-0.46,13,157.207299
-0.63,12,157.248228
-0.35,15,157.313735
1.44,9,157.350256
-0.67,11,157.387411
-0.63,13,157.438592
-1.0,10,157.474107
-0.72,8,157.502714
-0.61,12,157.541925
-0.72,11,157.577036
1.62,13,157.626604
-0.62,15,157.677422
-0.43,14,157.739617
-0.76,9,157.778521
-0.67,8,157.811218
-0.64,12,157.861109
1.3,9,157.886583
-0.98,5,157.911465
-0.6,15,157.965816
-0.59,12,158.018912
1.83,12,158.072668
-0.27,17,158.145701
-0.63,13,158.196462
-0.76,9,158.233926
-0.78,11,158.283371
-0.69,11,158.333875
-0.41,15,158.386097
-0.68,12,158.437993
-0.65,9,158.477685
-0.52,11,158.525093
-0.82,9,158.570285
-0.06,16,158.627283
-0.49,14,158.684779
-0.61,10,158.736408
-0.67,11,158.779115
-0.31,16,158.83567
-0.48,12,158.88396
1.27,9,158.93146
-0.96,12,158.977301
-0.64,11,159.015567
-0.57,9,159.057806
-0.77,10,159.09905
-0.59,9,159.138391
-0.55,16,159.198273
1.15,9,159.237505
-0.15,20,159.297501
-0.76,11,159.331204
-0.59,11,159.3718
-0.69,7,159.400178
1.12,9,159.430689
1.36,10,159.470015
1.52,11,159.503999
-0.72,15,159.560938
-0.97,4,159.577432
1.47,10,159.621632
-0.36,11,159.661918
-0.66,11,159.700407
-0.77,7,159.727596
-0.72,11,159.767701
1.4,13,159.809689
-0.46,10,159.842368
-0.33,16,159.892624
-0.82,9,159.938344
-0.72,12,159.984212
1.29,10,160.021057
-0.75,14,160.076327
-0.59,11,160.110618
1.78,13,160.154269
1.56,13,160.198903
-0.37,14,160.240139
-0.59,12,160.284609
-0.49,15,160.337624
-0.39,13,160.376255
-0.46,9,160.423442
-0.42,11,160.46609
1.39,13,160.514932
-0.59,9,160.546771
-0.5,14,160.598145
-0.75,10,160.63875
-0.64,14,160.689419
-0.67,16,160.746078
-0.37,14,160.806068
-0.69,13,160.856069
-0.88,10,160.89475
-0.82,9,160.920467
-0.84,8,160.947814
-0.36,15,160.990968
-0.63,10,161.022803
1.68,12,161.062161
-0.65,11,161.099328
-0.45,14,161.146785
1.35,9,161.172878
-0.66,13,161.215132
1.43,13,161.255688
-0.69,7,161.277261
-0.42,13,161.315923
-0.15,16,161.3662
-0.94,7,161.392691
1.41,13,161.435767
-0.81,8,161.465729
-0.43,16,161.519688
-0.44,16,161.57162
-0.17,18,161.699505
-0.49,12,161.749176
-0.76,6,161.769452
-0.54,11,161.809022
-0.51,12,161.848461
-0.55,15,161.893748
-0.67,8,161.921525
-0.57,11,161.960444
-0.4,13,162.017311
-0.65,15,162.085728
-0.41,14,162.135993
1.41,12,162.172951
-0.6,12,162.217286
-0.95,5,162.232764
-0.77,8,162.267179
-0.76,8,162.30368
-0.33,15,162.357516
-0.86,8,162.386067
-0.59,11,162.425349
-0.6,16,162.479378
-0.46,15,162.528511
-0.24,18,162.589141
-0.83,7,162.611956
1.21,11,162.650402
-0.45,11,162.693806
-0.72,11,162.737013
-0.68,12,162.774103
-0.69,10,162.819737
-0.63,12,162.882689
-0.82,12,162.936068
1.55,10,162.983207
-0.56,14,163.030276
-0.6,12,163.07484
1.47,14,163.113496
-0.9,6,163.129633
-0.62,9,163.162861
-0.48,11,163.196357
-0.72,8,163.220447
-0.69,10,163.254481
-0.64,8,163.278172
-0.62,10,163.311905
-0.7,11,163.354996
-0.39,15,163.405599
-0.33,15,163.465283
-0.8,10,163.501994
-0.42,12,163.544132
-0.8,10,163.581233
-0.6,12,163.621034
-0.75,11,163.656573
1.76,14,163.702044
1.4,11,163.736848
-0.94,6,163.757017
-0.04,17,163.821351
-0.83,8,163.84398
1.39,9,163.873239
-0.61,11,163.910335
-0.68,13,163.963041
-0.77,7,163.985646
-0.61,8,164.012373
-0.56,11,164.054511
-0.5,15,164.105355
-0.98,5,164.122
-0.58,12,164.157211
-0.69,13,164.191769
-0.64,11,164.22918
-0.51,13,164.330102
-0.76,8,164.358072
-0.87,8,164.382401
-0.77,10,164.415375
-0.88,9,164.443022
-0.52,13,164.482373
-0.39,15,164.537042
-0.71,9,164.574526
1.14,4,164.591308
-0.7,8,164.633637
-0.66,14,164.712706
-0.37,17,164.796716
-0.62,14,164.860512
-0.66,12,164.91635
-0.58,15,164.978666
-0.66,8,165.021228
-0.67,10,165.07338
-0.56,10,165.117784
1.43,9,165.161836
-0.72,10,165.204817
-0.79,9,165.235805
-0.58,13,165.290208
-0.66,10,165.329444
-0.69,10,165.375979
1.26,10,165.41645
-0.58,14,165.471284
-0.77,7,165.493047
1.58,9,165.537907
-0.64,13,165.590654
-0.63,11,165.627709
-0.85,6,165.644678
-0.86,7,165.671253
-0.56,11,165.709972
-0.69,13,165.76271
-0.59,11,165.876002
-0.79,13,165.920145
-0.76,12,165.963132
-0.65,11,166.000406
-0.59,11,166.041967
-0.6,13,166.100363
-0.64,11,166.14249
-0.83,7,166.161588
-0.76,9,166.195129
-0.38,13,166.246802
-0.76,9,166.272807
-0.52,13,166.319721
-0.67,8,166.347076
-0.74,6,166.370557
1.63,15,166.421632
1.19,5,166.442989
-0.56,11,166.487136
-0.29,14,166.544924
-0.58,14,166.597856
1.14,4,166.611969
-0.72,11,166.651005
-0.34,10,166.694909
-0.56,16,166.754981
-0.69,7,166.775844
-0.65,11,166.821256
-0.42,13,166.871775
-0.47,11,166.921564
-0.61,11,166.968096
-0.56,14,167.013392
-0.73,12,167.055017
-0.46,15,167.123932
-0.35,21,167.196141
1.54,10,167.235038
-0.85,9,167.269999
-0.97,4,167.282547
1.44,10,167.320453
-0.88,13,167.361821
1.6,12,167.41108
-0.97,10,167.450161
-0.58,10,167.488225
-0.88,10,167.524825
-0.56,11,167.571869
1.44,8,167.602494
-0.68,11,167.638165
-0.84,8,167.670702
1.29,12,167.714746
-0.56,11,167.755612
-0.56,8,167.78636
-0.61,11,167.828215
-0.52,16,167.880444
1.31,13,167.92732
-0.72,15,167.975971
-0.64,12,168.01813
-0.97,7,168.044135
-0.94,7,168.069032
-0.74,9,168.103308
1.81,13,168.156391
-0.74,6,168.185812
-0.63,11,168.222177
1.34,8,168.249128
1.29,10,168.28571
-0.47,13,168.337174
1.57,15,168.398091
-0.41,13,168.444313
-0.41,13,168.485157
-0.95,5,168.508839
1.13,5,168.526837
-0.66,16,168.582929
-0.34,12,168.620079
-0.64,8,168.651964
-0.72,10,168.689754
-0.39,13,168.729427
1.2,10,168.756991
1.02,8,168.787139
-0.31,17,168.846185
-0.77,12,168.886472
0.06,16,168.945689
-0.59,16,169.001186
-0.52,17,169.053307
-0.84,8,169.080467
-0.48,12,169.116732
-0.54,11,169.152879
-0.58,13,169.1919
-0.62,11,169.224696
1.33,10,169.257423
-0.21,17,169.310906
-0.73,9,169.341836
-0.73,9,169.370914
-0.72,8,169.400465
-0.74,13,169.439495
-0.78,11,169.467435
-0.89,10,169.498834
-0.78,12,169.538572
-0.87,6,169.56589
-0.4,13,169.608267
-0.56,13,169.643298
-0.51,12,169.684977
-0.44,13,169.732477
-0.6,9,169.761964
-0.41,14,169.807798
-0.66,7,169.831255
1.44,10,169.866842
-0.46,15,169.912371
-0.68,9,169.948549
-0.88,7,169.972407
-0.4,13,170.016355
-0.36,17,170.122578
-0.51,11,170.163537
-0.58,13,170.204159
-0.42,15,170.263403
-0.53,13,170.304646
-0.41,15,170.347607
-0.35,15,170.391965
-0.56,10,170.431697
-0.59,12,170.470959
-0.75,11,170.506182
1.51,12,170.545376
-0.81,9,170.578811
-0.53,14,170.622793
-0.72,7,170.650355
1.38,9,170.677562
-0.63,16,170.730854
-0.54,12,170.767958
-0.62,9,170.797849
-0.83,13,170.832986
-0.61,14,170.877528
-0.7,12,170.920015
-0.41,14,170.971749
-0.83,10,171.005471
1.61,12,171.047917
-0.71,9,171.082187
-0.54,11,171.12185
-0.7,12,171.163127
-0.96,6,171.18711
-0.43,13,171.22723
-0.67,8,171.252039
-0.6,11,171.291832
-0.27,12,171.332118
1.55,11,171.358797
-0.74,10,171.391955
1.27,12,171.433396
-0.7,9,171.468777
-0.57,10,171.510304
1.26,9,171.539398
1.54,9,171.572319
1.35,10,171.610572
-0.69,10,171.647791
-0.72,8,171.67853
-0.65,11,171.715742
-0.7,13,171.758949
-0.19,15,171.811044
-0.74,11,171.850907
-1.03,7,171.87856
1.19,11,171.91611
-0.66,10,171.953596
-0.67,12,171.997327
-0.9,9,172.029106
1.43,10,172.065323
-0.56,8,172.096816
-0.37,15,172.1452
-0.33,13,172.185851
-0.8,7,172.207257
-0.65,11,172.240212
-0.61,10,172.270563
-0.92,5,172.286485
-0.33,13,172.333029
-0.87,9,172.36174
1.55,16,172.411291
1.25,10,172.44675
1.61,10,172.47966
-0.94,7,172.501859
-0.55,16,172.552399
-0.54,13,172.594863
-0.43,12,172.639354
1.45,12,172.679593
-0.71,11,172.720364
-0.91,4,172.733972
-0.71,17,172.791574
-0.44,17,172.849101
-0.46,13,172.89164
1.14,4,172.905774
1.32,20,172.964376
-0.82,9,172.993575
-0.36,12,173.036308
-0.54,15,173.082513
1.4,8,173.113576
-0.76,11,173.156261
-0.65,14,173.19592
-0.06,17,173.24221
-0.7,11,173.283807
-0.78,8,173.369659
-0.27,18,173.423159
-0.77,7,173.445074
-0.74,10,173.483967
-0.63,16,173.535605
-0.55,11,173.574096
-0.57,15,173.618407
1.44,11,173.65879
1.43,12,173.70098
-0.88,9,173.728578
-0.84,7,173.753815
-0.64,14,173.808075
-0.85,13,173.845806
-0.85,10,173.87272
-0.92,5,173.894333
-0.5,14,173.947013
-0.5,11,173.987643
-0.52,12,174.035198
-0.39,20,174.138923
-0.64,10,174.172663
-0.26,17,174.227241
1.22,8,174.255298
-0.49,12,174.297153
-0.46,17,174.343235
-0.63,10,174.37484
-0.23,14,174.415868
-0.72,12,174.457089
1.45,13,174.500036
-0.72,8,174.529666
-0.53,14,174.569742
-0.55,12,174.610344
-0.38,12,174.657036
-0.69,8,174.687659
-0.51,14,174.729409
-0.82,7,174.750765
-0.76,9,174.782424
-0.71,9,174.811269
-0.8,10,174.855239
-0.72,9,174.878001
-0.61,11,174.917914
-0.57,9,174.94992
-0.71,7,174.975467
-0.69,10,175.006939
-0.53,14,175.061958
-0.45,14,175.105299
-0.43,12,175.148087
-0.66,12,175.185864
1.38,12,175.22962
-0.87,8,175.258255
1.14,4,175.270989
-0.61,14,175.314762
-0.76,12,175.356402
-0.22,14,175.401167
-0.63,12,175.442448
-0.37,14,175.48472
-0.76,8,175.516164
-0.26,15,175.569168
-0.32,19,175.624274
-0.81,8,175.65063
-0.75,11,175.693726
-0.72,13,175.730829
-0.49,14,175.773542
-0.84,11,175.814339
-0.63,13,175.858754
1.35,9,175.890252
-0.77,13,175.932639
-0.76,12,175.969071
-0.44,14,176.024406
-0.46,15,176.077437
-0.59,9,176.109341
-0.55,12,176.153326
-0.83,10,176.188347
-0.43,16,176.236854
-0.6,12,176.267149
1.53,16,176.313268
-0.79,13,176.363439
-0.66,16,176.413911
-0.91,4,176.427126
-0.73,12,176.464859
-0.64,17,176.516557
-0.61,13,176.553517
-0.34,12,176.593056
-0.79,15,176.642031
-0.72,8,176.665178
-0.83,10,176.693424
-0.45,15,176.74156
-0.4,18,176.803562
-0.57,12,176.848933
-0.38,13,176.89548
1.72,13,176.9397
-0.07,18,177.003606
-0.71,10,177.035922
1.48,12,177.074592
-0.69,13,177.114674
-0.26,14,177.164855
1.44,13,177.208132
-0.49,13,177.246305
-0.31,14,177.2893
-0.54,12,177.332587
-0.81,7,177.357713
-0.65,10,177.383507
-0.4,11,177.422796
-0.47,12,177.465158
1.29,7,177.492551
-0.81,5,177.508451
0.04,18,177.557121
-0.64,11,177.588094
1.33,10,177.621339
-0.45,12,177.665694
-0.41,13,177.71227
-0.06,15,177.764674
-0.97,4,177.781623
-0.57,13,177.827701
-0.61,10,177.862143
-0.28,12,177.907035
-0.36,15,177.960848
-0.57,9,177.994051
-0.75,11,178.030315
-0.74,9,178.055918
1.4,13,178.095549
-0.92,8,178.123749
-0.71,7,178.143876
-0.62,9,178.178209
1.28,15,178.233069
-0.22,16,178.3529
-0.13,17,178.40698
-0.66,14,178.449724
-0.43,13,178.495782
-0.47,10,178.527642
-0.53,15,178.574061
-0.56,10,178.609067
-0.49,13,178.657003
-0.7,11,178.696219
-0.82,10,178.730703
-0.79,9,178.762218
1.39,10,178.796304
-0.81,15,178.842539
-0.48,10,178.877113
1.62,12,178.915791
-0.63,10,178.945306
1.37,9,178.974284
-0.59,15,179.024889
-0.49,17,179.077019
-0.38,12,179.115578
-0.41,17,179.165164
-0.34,14,179.205273
-0.56,12,179.249097
-0.2,16,179.301287
-0.58,13,179.338418
-0.77,8,179.36659
1.31,13,179.407525
-0.83,7,179.431069
-0.4,12,179.469709
-0.66,12,179.506564
-0.62,11,179.545948
-0.63,12,179.592913
-0.75,10,179.622526
1.19,11,179.650627
-0.64,10,179.691866
-0.53,15,179.745228
-0.88,9,179.774303
1.45,12,179.817196
1.27,11,179.854956
-0.47,11,179.890369
-0.45,14,179.940183
-0.65,10,179.969484
-0.66,10,180.007352
1.46,14,180.051509
-0.67,12,180.093168
1.61,13,180.131784
-0.83,6,180.147853
-0.55,12,180.193306
-0.85,10,180.227205
-0.9,9,180.257109
-0.62,9,180.284792
-0.2,20,180.346972
-0.55,10,180.449016
-0.34,13,180.496497
1.33,10,180.523458
-0.24,14,180.575354
-0.39,17,180.626521
-0.83,7,180.651274
-0.78,11,180.690359
-0.82,6,180.714155
-0.16,13,180.75637
-0.9,9,180.791223
-0.49,12,180.834415
-0.7,8,180.861488
-0.74,7,180.882657
1.72,14,180.929541
1.8,17,180.983648
-0.56,12,181.025252
-0.59,12,181.062562
-0.77,7,181.090058
-0.89,7,181.117805
1.48,10,181.155916
-0.53,11,181.193272
-0.23,18,181.25061
-0.79,12,181.294394
-0.31,14,181.342763
-0.73,10,181.376524
1.14,4,181.388963
-0.53,12,181.427618
-0.67,11,181.470748
-0.35,16,181.523099
-0.17,14,181.571711
-0.7,12,181.608716
-0.45,11,181.640993
-0.53,15,181.689378
-0.75,14,181.739179
-0.83,7,181.763764
-0.88,8,181.796495
-0.97,4,181.810653
1.61,13,181.857126
-0.84,14,181.903721
-0.67,11,181.938505
-0.78,6,181.957138
1.65,13,182.003251
-0.58,11,182.041087
-0.54,13,182.092522
-0.78,8,182.118876
-0.72,14,182.185142
-0.69,15,182.28024
-0.94,7,182.306333
-0.76,8,182.338053
-0.57,8,182.369002
-0.28,15,182.420416
-0.86,11,182.458333
1.47,11,182.487822
-0.22,16,182.538072
-0.69,14,182.578559
-0.69,13,182.624305
-0.98,11,182.661397
-0.6,9,182.695857
-0.63,13,182.739408
-0.61,8,182.764754
-0.8,13,182.804914
-0.62,9,182.832415
-0.42,15,182.885273
-0.28,14,182.935209
1.24,11,182.970879
-0.53,10,183.007107
1.49,9,183.0346
-0.64,13,183.081058
-0.76,6,183.10259
-0.53,13,183.143046
-0.75,10,183.182145
-0.59,14,183.229138
-0.57,9,183.257569
-0.7,9,183.289696
1.37,11,183.319452
-0.54,14,183.364258
-0.59,10,183.39773
-0.49,9,183.429619
-0.55,15,183.474171
-0.67,10,183.510507
1.24,9,183.540796
-0.44,15,183.596465
-0.73,9,183.621887
-0.77,11,183.665584
-0.92,7,183.688558
1.41,11,183.721058
-0.42,12,183.764533
-0.96,8,183.796221
-0.58,10,183.836134
-0.68,11,183.87659
-0.35,14,183.918691
-0.85,9,183.950094
-0.67,9,183.984838
1.47,12,184.027088
-0.48,11,184.064364
-0.51,11,184.100843
1.43,11,184.132496
-1.04,11,184.161899
-0.59,12,184.201647
1.59,13,184.24751
1.66,11,184.287479
-0.3,15,184.334964
-0.76,8,184.359596
-0.32,16,184.406117
-0.72,10,184.434401
-0.26,14,184.478272
-0.86,7,184.503535
-0.97,7,184.532333
-0.34,14,184.57831
1.51,11,184.615939
-0.21,14,184.669066
1.53,10,184.704593
-0.7,9,184.735226
-0.39,16,184.780259
-0.82,13,184.828363
-0.72,10,184.861025
-0.64,10,184.892603
-0.31,14,184.932763
-0.52,10,184.970456
-0.4,12,185.012379
-0.56,13,185.054278
-0.53,11,185.093891
1.22,11,185.128283
-0.24,14,185.182411
1.21,6,185.201087
1.45,11,185.236181
-0.71,12,185.275493
-0.59,10,185.31486
-0.54,12,185.353032
-0.67,8,185.378499
-0.76,9,185.406442
-0.77,9,185.440847
-0.6,9,185.473426
-0.71,8,185.501931
-0.45,17,185.555663
1.46,11,185.586008
-0.52,12,185.627976
-0.66,7,185.654929
-0.4,11,185.692231
-0.57,12,185.740742
-0.66,11,185.783589
-0.8,7,185.807714
-0.2,19,185.876303
-0.41,12,185.917984
-0.56,11,185.959034
1.57,12,186.000263
-0.93,9,186.048455
1.39,10,186.128594
-0.63,18,186.187894
1.32,9,186.217607
-0.54,12,186.256561
-0.62,11,186.297342
1.45,11,186.332727
1.47,12,186.375614
-0.9,6,186.392157
-0.38,13,186.443464
-0.37,14,186.485201
1.37,13,186.528499
-0.64,14,186.571978
-0.42,16,186.626412
1.57,13,186.662458
-0.18,18,186.719463
-0.5,16,186.772702
-0.56,14,186.814385
-0.67,11,186.852201
1.24,11,186.887986
-0.52,11,186.922654
-0.62,9,186.959305
1.27,11,186.99602
-0.82,9,187.026314
-0.55,10,187.059666
-0.42,14,187.106408
-0.88,6,187.127015
1.54,14,187.173502
-0.66,12,187.217262
-0.07,17,187.278228
-0.85,13,187.320837
-0.88,7,187.34752
-0.6,12,187.390063
-0.61,13,187.435897
-0.41,13,187.476483
-0.38,13,187.519834
1.45,10,187.546194
-0.58,14,187.598585
-0.25,13,187.640919
-0.49,12,187.676293
-0.64,10,187.712449
-0.74,13,187.762809
-0.75,14,187.798458
-0.52,13,187.847279
-0.14,18,187.906745
1.25,11,187.948776
-0.56,15,187.992758
-0.68,10,188.027733
-0.64,11,188.062068
-0.66,13,188.10253
-0.81,8,188.129961
-0.69,8,188.156949
-0.69,8,188.184347
-0.18,18,188.243247
-0.77,9,188.273929
-0.72,14,188.330843
-0.82,7,188.35482
-0.71,10,188.396832
-0.74,12,188.439176
-0.6,9,188.47032
-0.91,7,188.489188
1.46,11,188.52984
1.52,10,188.567904
1.69,11,188.597537
-0.64,11,188.632209
-0.62,9,188.666744
1.45,12,188.711561
1.81,18,188.769079
-0.18,15,188.816224
-1.04,5,188.832865
-0.61,11,188.865346
1.05,11,188.900906
-0.74,10,188.93499
-0.72,8,188.961113
-0.66,10,188.989187
1.36,12,189.034194
-0.32,16,189.092249
1.18,8,189.117584
-0.88,10,189.147289
-0.63,12,189.184425
1.33,12,189.224833
-0.58,10,189.257213
-0.5,11,189.297651
-0.96,6,189.319033
-0.35,14,189.368715
-0.58,10,189.40397
-0.74,10,189.429434
-0.71,9,189.459423
-0.86,7,189.481773
-0.74,10,189.520556
-0.19,15,189.574523
-0.45,12,189.616918
-0.67,14,189.663688
-0.54,11,189.708649
1.44,10,189.736619
-0.78,11,189.76882
-0.55,15,189.82147
-0.45,14,189.863479
-0.83,8,189.889508
-0.03,18,189.951688
-0.97,4,189.964532
-0.71,15,190.013645
-0.6,10,190.050746
-0.79,9,190.133814
-0.47,13,190.171813
-0.46,9,190.204039
-0.75,7,190.226968
-0.64,10,190.255461
1.51,10,190.286284
1.54,12,190.324114
1.58,17,190.381339
-0.62,11,190.417711
-0.35,14,190.468571
-0.87,6,190.487446
-0.39,10,190.522636
-0.28,13,190.566154
1.69,15,190.619292
-0.55,11,190.656712
-0.44,13,190.699148
-0.65,15,190.747891
-0.59,10,190.7846
-0.5,14,190.836193
1.03,10,190.866047
-0.43,12,190.905134
-0.81,8,190.928116
-0.55,12,190.967376
-0.45,15,191.012778
-0.98,5,191.028978
-0.77,6,191.051342
-0.43,14,191.096035
0.72,21,191.163645
-0.67,9,191.193524
1.37,10,191.221824
-0.91,7,191.25082
-0.79,16,191.299587
-0.48,17,191.352244
-0.49,13,191.395323
1.42,12,191.441032
1.25,8,191.466376
-0.39,15,191.512589
-0.86,8,191.538778
-0.8,7,191.564666
-0.86,10,191.598137
-0.96,9,191.629518
1.19,13,191.671471
-0.77,7,191.699022
1.57,12,191.738817
-0.61,11,191.775485
-0.83,14,191.8169
1.18,10,191.845462
-1.0,4,191.857065
1.66,13,191.897347
1.43,10,191.93039
-0.34,11,191.967757
-0.7,9,191.999008
-0.96,9,192.03072
1.28,10,192.065154
-0.25,15,192.119397
-0.79,10,192.150737
-0.39,17,192.20676
-0.49,11,192.247666
1.42,11,192.283663
-0.72,11,192.315343
-0.39,10,192.346682
-0.34,13,192.390483
-0.7,11,192.428487
-0.78,8,192.456829
-0.18,20,192.524774
-0.61,11,192.562276
-0.54,11,192.598515
-0.91,10,192.634192
-0.57,10,192.670476
-0.76,9,192.700229
-0.67,12,192.745477
-0.54,9,192.776634
-0.84,7,192.799616
-0.83,7,192.827083
-0.66,9,192.858667
1.87,18,192.908361
1.57,11,192.94442
-0.62,9,192.976596
-0.74,14,193.033401
-0.82,13,193.077836
-0.69,9,193.106524
-0.67,8,193.134574
-0.77,10,193.172586
0.0,17,193.229664
-0.44,14,193.273843
-0.82,6,193.286848
-0.7,11,193.326068
-0.77,10,193.361121
-0.68,9,193.394438
1.76,11,193.428652
-0.75,11,193.46648
-0.69,10,193.50181
-0.57,9,193.530567
1.4,13,193.576283
-0.2,18,193.640421
-0.7,16,193.693464
-0.77,7,193.71583
-0.85,10,193.752183
-0.43,16,193.804087
1.41,9,193.83255
-0.25,19,193.889753
-0.74,10,193.927448
-0.61,10,193.9603
-0.54,12,193.998731
-0.56,11,194.035269
-0.46,13,194.13414
1.47,13,194.176213
-0.28,14,194.223074
-0.72,14,194.262592
-0.44,16,194.312928
-0.73,8,194.344942
-0.44,14,194.388339
-0.84,12,194.423668
1.96,18,194.47981
-0.57,12,194.520783
-0.86,7,194.54588
-0.83,7,194.579678
-0.56,10,194.613329
-0.45,14,194.66526
-0.61,13,194.706452
-0.94,10,194.740896
-0.6,9,194.776773
-0.26,17,194.830503
-0.07,19,194.894331
-0.4,16,194.945566
-0.77,9,194.975703
1.4,9,195.003628
-0.76,6,195.023109
-0.36,17,195.076089
-0.71,10,195.108001
-0.68,10,195.146509
-0.82,8,195.174726
1.34,12,195.213832
-0.5,10,195.239833
-0.66,12,195.284668
-0.93,6,195.309565
-0.55,12,195.349977
-0.57,10,195.377386
-0.04,17,195.440929
-0.6,8,195.468764
-0.72,8,195.493036
-0.45,12,195.535831
1.01,6,195.55764
-0.74,9,195.5895
-0.8,10,195.620552
-0.55,13,195.664049
-0.62,11,195.703886
-0.65,8,195.73419
-0.82,6,195.754219
-0.87,5,195.777594
1.26,10,195.810884
1.13,5,195.826707
-0.48,13,195.871962
1.18,6,195.889383
-0.67,12,195.933012
-0.79,8,195.95883
-0.38,12,195.996792
1.31,10,196.029219
-0.29,15,196.075755
-0.82,18,196.134175
1.21,14,196.182145
-0.51,12,196.21635
-0.71,12,196.260891
1.64,13,196.299745
-0.28,20,196.363236
-0.74,12,196.401176
-0.4,13,196.440322
1.62,15,196.488727
-0.41,12,196.531113
-0.62,12,196.571629
-0.73,12,196.611558
-0.57,11,196.646897
-0.62,16,196.696025
-0.28,13,196.74106
-0.8,10,196.778351
-0.74,7,196.804089
-0.82,10,196.838119
-0.73,8,196.865142
-0.68,12,196.918195
-0.45,14,196.964067
-0.44,12,197.009621
-0.18,16,197.059372
-0.4,12,197.102523
-0.67,9,197.185842
-0.53,14,197.238976
-0.9,6,197.258544
1.57,14,197.309134
-0.6,12,197.355432
-0.66,9,197.385706
-0.44,13,197.422081
1.53,10,197.458002
-0.7,12,197.496835
-0.33,15,197.540045
-0.79,8,197.56777
-0.45,14,197.616628
-0.51,15,197.664091
-0.58,10,197.692793
-0.57,14,197.742244
1.14,4,197.756208
-0.84,8,197.777427
-0.73,9,197.806617
-0.87,6,197.824322
-0.42,14,197.873247
-0.59,8,197.90363
-0.77,8,197.929943
-0.38,12,197.967826
-0.46,12,198.007464
-0.78,8,198.035698
-0.72,8,198.079031
-0.75,8,198.151357
-0.88,7,198.182111
1.48,15,198.221459
-0.71,7,198.245361
-0.22,17,198.298494
1.41,17,198.358183
1.4,12,198.390063
-0.58,12,198.432664
-0.59,13,198.472592
-0.1,18,198.530165
-0.65,8,198.552384
1.54,12,198.594609
1.41,8,198.621876
-0.5,16,198.673707
-0.37,15,198.722199
-0.74,9,198.754152
-0.98,8,198.776701
-0.72,7,198.797818
-0.65,14,198.840614
-0.78,11,198.871428
-0.67,8,198.895895
-0.21,14,198.952869
1.08,8,198.981137
-0.29,15,199.032412
-0.67,12,199.072614
-0.59,12,199.116551
-0.66,10,199.151344
-0.68,11,199.193577
-0.75,11,199.235067
1.28,10,199.262327
1.54,11,199.299902
-0.01,20,199.359973
-0.74,10,199.392827
-0.62,17,199.452211
-0.59,13,199.495233
1.33,12,199.534213
1.22,8,199.560427
-0.73,9,199.590084
-0.55,10,199.628048
1.33,9,199.659129
-0.68,12,199.696121
-0.76,12,199.741917
-0.43,14,199.796013
-0.49,12,199.83883
-0.8,14,199.898209
-0.74,9,199.931617
-0.48,14,199.978319
-0.6,13,200.022388
-0.42,11,200.064296
-0.41,12,200.106523
-0.77,11,200.141796
-0.76,8,200.170306
-0.15,15,200.219298
-0.29,20,200.283196
-0.63,10,200.31444
1.48,12,200.351336
-0.54,15,200.40015
-0.82,6,200.423883
-0.53,11,200.470377
-0.62,10,200.501275
-0.71,7,200.526676
1.47,11,200.56652
-0.74,11,200.603947
-0.74,15,200.651234
-0.7,9,200.677068
-0.55,14,200.730259
-0.71,10,200.763302
-0.44,10,200.799467
1.39,11,200.837388
1.13,8,200.865608
-0.28,12,200.907948
-0.84,9,200.938813
-0.64,14,200.982566
-0.89,11,201.018546
1.24,11,201.054859
-0.7,12,201.095944
1.51,9,201.123038
-0.48,14,201.170994
1.37,9,201.200642
-0.47,18,201.253439
1.26,9,201.285031
-0.76,9,201.319741
-0.82,9,201.349835
1.24,9,201.381852
-0.53,13,201.423789
-0.53,13,201.463765
-0.52,12,201.500133
-0.52,10,201.533066
1.54,14,201.583086
-0.47,12,201.629988
-0.56,11,201.669842
-0.12,16,201.724698
1.63,10,201.755053
1.5,11,201.797525
-0.45,17,201.83951
1.41,9,201.869395
-0.32,14,201.920376
-0.15,16,201.975021
1.3,11,202.010313
-0.64,11,202.050646
1.33,12,202.153025
-0.84,10,202.187344
-0.6,9,202.220834
-0.81,11,202.25617
-0.3,15,202.301006
-0.41,13,202.348021
-0.62,11,202.384181
-0.57,13,202.425471
1.18,10,202.462059
-0.41,14,202.51204
-0.7,11,202.543692
1.35,11,202.581103
-0.65,9,202.616104
-0.65,9,202.648875
-0.82,12,202.69443
1.26,7,202.715201
-0.53,12,202.754014
-0.94,9,202.780582
-0.69,13,202.825314
1.35,12,202.867782
-0.74,13,202.910198
-0.4,11,202.9534
-0.57,9,202.982684
-0.82,7,203.008582
-0.29,16,203.056445
-0.79,12,203.089597
-0.45,14,203.140791
-0.39,15,203.185198
-0.66,14,203.230561
-0.38,15,203.279778
-0.74,9,203.306667
-0.54,12,203.350725
1.26,8,203.380092
-0.74,11,203.414278
-0.61,11,203.445963
-0.66,13,203.489271
-0.69,14,203.527886
-0.45,13,203.569571
-0.36,13,203.606982
-0.57,9,203.639388
-0.29,18,203.701208
-0.52,12,203.748681
1.07,12,203.79019
-0.77,7,203.816321
-0.24,18,203.874383
1.46,13,203.919508
-0.7,8,203.942909
-0.72,10,203.972595
-0.77,13,204.018605
-0.44,12,204.058237
-0.87,9,204.082483
-0.77,7,204.109759
-0.55,11,204.144476
-0.47,10,204.179423
-0.79,13,204.221328
-0.24,21,204.288193
1.7,14,204.333176
-0.48,11,204.369104
-0.83,8,204.395306
-0.66,10,204.423319
1.69,14,204.471387
-0.42,11,204.507736
-0.74,12,204.547931
-0.64,11,204.583298
-0.47,11,204.625046
-0.29,16,204.683749
-0.17,18,204.745582
-0.52,10,204.77837
-0.82,6,204.793007
-0.71,13,204.840914
1.35,9,204.871688
-0.6,11,204.913718
-0.53,10,204.948276
-0.53,14,204.997696
-0.95,8,205.023531
-0.9,5,205.038606
-0.53,13,205.076797
-0.76,11,205.120409
1.33,8,205.146894
-0.21,21,205.205714
-0.75,7,205.23101
1.57,12,205.273187
-0.64,16,205.326078
-0.61,13,205.364906
1.19,11,205.399012
-0.84,8,205.429674
-0.69,10,205.460553
-0.54,12,205.497211
-0.6,11,205.534535
-0.92,8,205.560527
-0.66,10,205.594752
-0.71,12,205.628316
-0.56,11,205.664254
1.32,9,205.699066
-0.6,12,205.734316
-0.82,6,205.755689
-0.61,11,205.794321
-0.53,14,205.840321
-0.74,12,205.884625
-0.75,7,205.910498
1.16,9,205.937865
-0.91,7,205.9639
-0.94,7,205.98822
-0.95,8,206.016662
1.19,8,206.044761
-0.7,8,206.073176
-0.38,17,206.231544
-0.65,11,206.288178
-0.57,13,206.354822
-0.19,13,206.409852
-0.63,13,206.451934
-0.81,11,206.488694
-0.85,5,206.509517
-0.84,8,206.544987
-0.61,10,206.581056
-0.48,12,206.621593
-0.56,11,206.657343
-0.55,17,206.711982
-0.49,13,206.756503
-0.47,14,206.799467
-0.83,7,206.8252
-0.74,10,206.858149
1.57,12,206.900786
-0.68,15,206.945243
1.43,10,206.972707
0.64,21,207.03872
1.29,6,207.054369
-0.72,13,207.088952
-0.75,10,207.120461
1.6,10,207.151746
-0.62,11,207.186477
-0.68,9,207.207304
-0.37,12,207.244546
-0.7,8,207.2725
-0.59,13,207.321553
1.22,8,207.349348
-0.58,11,207.3867
-0.45,14,207.435009
-0.58,11,207.472923
-0.7,10,207.504115
1.14,4,207.517489
-0.61,12,207.558786
1.34,10,207.591845
-0.78,11,207.628043
-0.59,8,207.656849
-0.87,5,207.680078
-0.8,11,207.715638
-0.65,11,207.754077
-0.59,16,207.809862
-0.64,8,207.839752
-0.62,13,207.889655
-0.38,11,207.930944
-0.63,10,207.964754
-0.82,9,207.997865
-0.55,13,208.042186
-0.94,12,208.074856
-0.93,6,208.097078
1.6,14,208.139336
-0.7,11,208.17021
-0.48,14,208.210566
-0.6,16,208.259125
-0.62,8,208.292397
-0.59,15,208.344199
-0.43,13,208.382492
1.44,11,208.423242
1.49,10,208.458513
-0.72,11,208.494052
1.28,10,208.532307
-0.58,15,208.587215
-0.47,9,208.622313
-0.36,14,208.66418
-0.65,9,208.697204
-0.4,17,208.753596
-0.46,14,208.798882
-0.71,9,208.827327
-0.82,9,208.858882
-0.43,14,208.902447
-1.02,9,208.936413
-0.9,6,208.953454
-0.85,9,208.979711
-0.73,8,209.007721
1.4,9,209.042885
-0.74,11,209.079108
1.42,14,209.124188
-0.02,20,209.188771
-0.55,13,209.223594
-0.6,10,209.254315
-0.72,10,209.289119
-0.56,8,209.317143
-0.68,11,209.366264
-0.62,12,209.404486
-0.74,10,209.435401
-0.58,11,209.47602
-0.62,9,209.505296
-0.63,11,209.543823
-0.09,16,209.585632
1.43,13,209.631047
1.43,13,209.677094
-0.8,7,209.700916
-0.39,14,209.746765
-0.67,10,209.783452
-0.81,12,209.821848
-0.42,15,209.86293
-0.41,14,209.912435
-0.48,14,209.966728
1.47,11,210.001747
-0.68,10,210.035161
-0.27,17,210.084353
-0.62,12,210.118401
-0.72,11,210.22829
-0.46,16,210.329129
-0.64,8,210.356348
-0.83,11,210.396928
-0.62,12,210.444452
-0.7,8,210.471639
-0.61,12,210.503012
-0.88,7,210.528897
-0.64,8,210.557875
-0.51,15,210.608763
-0.21,17,210.659607
-0.81,5,210.670238
-0.18,18,210.735127
-0.94,7,210.753646
-0.76,14,210.80334
-0.68,9,210.833233
-0.48,13,210.879313
-0.65,9,210.91572
-0.58,10,210.951116
-0.74,6,210.97545
-0.4,14,211.018286
1.86,15,211.061367
1.35,12,211.097329
-0.48,11,211.136537
-0.73,9,211.169225
-0.74,13,211.213848
1.31,13,211.254527
-0.76,6,211.273142
-0.67,10,211.305812
-0.8,12,211.350853
-0.52,12,211.38847
-0.55,10,211.423827
-0.7,9,211.453809
-0.79,9,211.485301
-0.62,9,211.514944
-0.57,10,211.546498
-0.68,12,211.58578
-0.41,12,211.629397
-0.77,10,211.668998
1.35,8,211.695666
-0.78,8,211.722131
-0.7,9,211.75193
-0.53,10,211.786968
1.12,6,211.80696
1.24,8,211.835217
-0.68,9,211.869307
1.5,10,211.908147
-0.8,6,211.926513
-0.34,17,211.979789
-0.58,13,212.02473
1.37,13,212.065873
-0.61,11,212.098609
-0.69,10,212.137608
-0.67,11,212.179825
-0.59,11,212.216732
1.51,15,212.258505
1.27,10,212.290524
1.52,15,212.334513
-0.67,13,212.375705
-0.47,14,212.423508
-0.68,9,212.461059
-0.37,11,212.498337
-0.77,7,212.524555
1.87,14,212.565271
1.03,7,212.586915
-0.83,7,212.609345
1.28,8,212.635027
1.27,12,212.669654
-0.76,10,212.703438
-0.83,10,212.73009
-0.52,13,212.772334
-0.59,12,212.812804
-0.67,11,212.854895
-0.51,17,212.909423
1.47,14,212.956115
-0.69,11,212.994035
-0.46,14,213.042585
-0.47,11,213.080094
-0.74,10,213.112527
-0.64,11,213.142179
-0.44,15,213.190848
-0.43,16,213.233116
-0.8,12,213.271693
1.42,9,213.305506
-0.39,13,213.352446
-0.68,9,213.389502
1.2,10,213.417511
-0.16,15,213.467731
-0.76,12,213.49782
-0.68,9,213.531379
-0.3,18,213.594069
-0.51,15,213.637815
-0.68,11,213.666868
-0.75,11,213.70421
-0.88,9,213.737038
-0.61,10,213.777557
-0.48,12,213.820137
-0.86,8,213.841772
1.46,12,213.887188
-0.94,7,213.910403
-0.63,11,213.949216
-0.55,16,214.068125
1.53,10,214.099931
-0.73,10,214.129149
1.55,14,214.177599
-0.75,13,214.224557
-0.36,12,214.264549
-0.76,9,214.289493
-0.55,11,214.320193
1.1,12,214.356455
-0.48,16,214.41003
-0.33,19,214.468193
-0.64,10,214.505939
-0.67,11,214.538857
-0.63,10,214.575264
-0.77,10,214.611037
-0.35,12,214.652373
1.53,13,214.687132
-0.65,10,214.721996
-0.82,6,214.741246
-0.64,9,214.769496
1.31,13,214.809466
-0.66,10,214.835172
1.27,12,214.87807
-0.63,14,214.925339
-0.69,11,214.965745
-0.67,17,215.021624
-0.24,15,215.068925
-0.77,9,215.098839
-0.47,17,215.153833
1.4,9,215.185021
-0.48,12,215.223237
-0.88,7,215.251091
1.16,4,215.260496
-0.74,11,215.304706
-0.62,11,215.338759
-0.72,16,215.390208
-0.7,8,215.418836
1.41,12,215.457762
-0.81,12,215.497364
-0.66,10,215.538937
-0.8,10,215.569964
1.46,12,215.612431
-0.74,7,215.632712
1.18,7,215.658874
-0.7,8,215.68809
-0.74,9,215.714077
-0.81,9,215.749102
-0.56,11,215.789128
1.59,16,215.842472
1.59,9,215.871906
-0.46,10,215.909788
-0.54,12,215.953527
-0.43,12,215.991434
-0.71,12,216.032593
-0.38,11,216.072231
-0.76,6,216.09575
1.08,7,216.120246
-0.5,13,216.165643
-0.61,17,216.212049
-0.52,10,216.251185
-0.87,6,216.265015
-0.63,15,216.316687
-0.81,8,216.347188
1.36,11,216.390067
-0.58,11,216.429455
-0.69,12,216.47002
1.79,15,216.519375
-0.65,14,216.567975
-0.95,5,216.586379
-0.48,13,216.636403
-0.59,9,216.667022
-0.79,9,216.699228
-0.59,10,216.73541
-0.8,7,216.760472
-0.4,12,216.796764
-0.58,12,216.842823
-0.58,10,216.875711
-0.97,9,216.906217
1.91,15,216.953246
-0.24,15,216.995894
-0.38,14,217.050591
-0.64,13,217.095929
-0.37,19,217.158651
-0.74,9,217.188529
1.35,8,217.216124
-0.48,14,217.261426
-0.58,13,217.304812
-0.77,7,217.330814
-0.66,9,217.360904
1.47,10,217.397988
1.41,11,217.438627
1.17,7,217.464087
1.37,10,217.497933
-0.57,10,217.540992
1.28,10,217.59001
1.46,13,217.657552
-0.71,7,217.684953
-0.81,8,217.721207
1.13,9,217.764965
-0.39,14,217.848547
-0.74,13,217.953157
-0.69,10,217.986185
-0.66,9,218.012387
1.29,6,218.036375
-0.53,11,218.074098
-0.52,12,218.107126
-0.37,11,218.149244
1.52,13,218.192728
-0.73,11,218.22709
1.47,12,218.276719
1.26,9,218.304001
-0.1,21,218.361652
-0.2,14,218.398473
-0.36,12,218.445166
-0.3,12,218.482165
-0.56,12,218.524627
1.4,12,218.568964
-0.67,11,218.615061
-0.53,10,218.653403
-0.88,9,218.693246
-0.61,8,218.723846
1.48,11,218.7617
-0.38,13,218.812936
-0.55,13,218.860379
-0.72,10,218.897467
-0.59,14,218.957296
-0.66,10,218.994018
-0.35,12,219.047142
-0.78,11,219.088548
-0.59,18,219.151721
-0.23,15,219.20593
1.14,8,219.237411
-0.2,17,219.303312
-0.72,9,219.338174
-0.78,11,219.378512
-0.55,15,219.426828
-0.15,15,219.484717
-0.67,8,219.524028
-0.42,13,219.582213
1.36,10,219.626995
1.33,12,219.673518
-0.36,15,219.72663
-0.45,13,219.786065
1.21,9,219.821449
1.55,12,219.866168
-0.8,14,219.909741
1.6,12,219.950934
1.47,11,219.984243
1.62,14,220.035714
-0.62,13,220.083977
-0.79,6,220.114563
-0.77,10,220.153926
1.49,11,220.194508
-0.46,15,220.242006
-0.69,8,220.270838
-0.92,5,220.291316
-0.33,19,220.361638
-0.87,8,220.401219
-0.54,9,220.436068
1.49,12,220.499112
-0.68,10,220.536223
-0.59,11,220.568922
-0.66,11,220.619003
-0.43,10,220.660935
-0.87,8,220.691245
-0.66,12,220.738919
-0.27,12,220.782201
-0.35,13,220.845092
1.27,9,220.881509
-0.56,15,220.934647
-0.69,10,220.974256
-0.5,16,221.033947
1.14,4,221.051214
-0.82,15,221.104925
1.43,11,221.146571
-0.85,13,221.190362
-0.45,12,221.244282
-0.59,11,221.287686
-0.74,9,221.322014
-0.79,12,221.364326
1.49,12,221.408761
1.19,8,221.435975
-0.18,16,221.494444
-0.53,12,221.537685
-0.65,12,221.579017
1.68,14,221.628232
-0.51,14,221.680269
1.52,13,221.721311
-0.67,11,221.759805
-0.44,12,221.798737
-0.82,6,221.818579
-0.44,13,221.867235
1.14,4,221.880985
1.14,4,221.894034
-0.84,8,221.920381
-0.25,15,221.973784
-0.45,14,222.015846
-0.59,8,222.043911
-0.84,9,222.134656
-0.41,16,222.192258
-0.67,10,222.227466
-0.58,12,222.26706
1.38,13,222.312704
-0.63,11,222.350161
-0.53,13,222.391119
-0.49,12,222.438792
-0.51,18,222.505952
-0.86,7,222.53209
-0.78,8,222.562525
-0.03,15,222.615143
-0.92,8,222.644972
-0.76,6,222.667825
1.16,9,222.701622
-0.57,12,222.758971
-0.92,7,222.788545
-0.62,9,222.83234
-0.75,10,222.863788
-0.4,12,222.911727
1.21,6,222.939963
-0.81,8,222.986215
-0.75,8,223.021379
-0.55,14,223.086552
-0.21,17,223.162015
-0.09,15,223.223375
-0.42,14,223.279402
-0.65,9,223.316214
-0.53,11,223.365758
-0.95,5,223.384052
-0.58,12,223.4265
-0.54,12,223.477436
-0.04,16,223.599263
-0.83,10,223.642848
1.31,10,223.68303
1.28,8,223.709361
-0.6,10,223.743608
-0.71,6,223.766852
-0.88,13,223.80757
-0.78,11,223.846426
-0.53,13,223.887802
-0.42,16,223.943426
1.3,15,223.983189
-0.75,11,224.021901
-0.51,12,224.066134
1.51,12,224.107655
-0.65,15,224.154026
1.31,11,224.190778
1.35,10,224.224125
-0.79,8,224.252496
-0.45,14,224.302772
-0.6,9,224.335613
-0.57,12,224.381129
-0.96,5,224.40217
-0.69,10,224.42873
-0.35,13,224.476401
-0.61,11,224.517128
-0.92,10,224.555929
-0.6,10,224.589094
1.24,9,224.619757
-0.77,10,224.652723
-0.4,16,224.712136
-0.58,13,224.749938
-0.86,4,224.76298
1.14,4,224.776635
-0.59,11,224.81414
-0.66,16,224.867717
-0.66,12,224.912459
1.36,10,224.942611
1.72,20,225.003894
0.08,19,225.063415
-0.68,9,225.095951
-0.79,10,225.130546
-0.71,8,225.160684
-0.58,11,225.199641
-0.42,16,225.250484
-0.73,9,225.281731
-0.4,13,225.321661
-0.55,10,225.356209
0.05,18,225.410925
-0.63,9,225.440563
-0.46,12,225.482136
-0.75,11,225.51759
1.47,13,225.560076
-0.77,9,225.592918
-0.42,13,225.631704
-0.48,11,225.67115
1.39,10,225.700631
-0.52,10,225.738213
-0.3,14,225.787195
1.44,14,225.838986
1.53,13,225.8814
-0.52,9,225.912585
1.38,9,225.945103
1.33,11,225.985145
-0.71,13,226.027246
-0.63,9,226.058858
-0.59,13,226.096124
-0.3,16,226.141765
-0.43,12,226.186982
-0.58,10,226.224818
-0.4,15,226.343239
1.33,13,226.381502
-0.82,6,226.405143
1.13,5,226.419559
-0.57,12,226.460166
-0.55,10,226.491434
-0.51,14,226.535326
-1.08,9,226.566757
-0.58,14,226.612088
-0.24,14,226.655264
-0.59,10,226.685721
-0.6,14,226.730483
-0.95,11,226.766002
-0.82,10,226.804909
1.48,13,226.84879
-0.13,18,226.898572
-0.64,11,226.942105
-0.53,13,226.981108
-0.82,9,227.013193
-0.36,12,227.048612
-0.61,13,227.089405
-0.9,6,227.108071
1.44,15,227.159297
-0.51,12,227.19613
1.19,11,227.232577
1.33,8,227.262466
-0.37,15,227.311352
-0.19,19,227.359042
-0.54,16,227.420392
-0.36,14,227.472818
-0.58,13,227.512552
-0.58,14,227.562695
1.73,17,227.61693
1.14,4,227.632742
-0.62,9,227.662936
1.46,9,227.697895
-0.62,9,227.73461
-0.59,11,227.773305
1.43,12,227.810919
-0.74,7,227.837663
-0.38,14,227.883747
-0.45,11,227.921635
1.42,10,227.959967
-0.54,15,228.010852
-0.86,10,228.043607
-0.51,12,228.0883
1.57,14,228.13716
-0.53,17,228.193959
1.42,9,228.227526
-0.82,6,228.251081
1.7,19,228.307847
-0.56,16,228.364516
-0.67,11,228.409644
-0.83,7,228.436233
-0.74,10,228.47482
-0.52,13,228.528085
1.08,5,228.548707
1.14,4,228.564274
-0.75,8,228.596505
-0.73,11,228.645039
-0.43,15,228.705043
-0.65,10,228.740032
-0.46,14,228.792614
-0.86,9,228.821038
-0.41,15,228.875736
1.54,13,228.925148
-0.87,11,228.965347
-0.57,13,229.015958
-0.69,12,229.06293
1.39,13,229.113301
-0.47,16,229.175746
1.45,10,229.216408
-0.15,16,229.287008
-0.16,15,229.346764
-0.25,15,229.402757
-0.59,10,229.437912
1.0,7,229.466488
-0.49,11,229.505304
1.64,13,229.546297
-0.52,11,229.584954
1.15,9,229.615308
1.47,13,229.660787
-0.75,7,229.687168
-0.48,14,229.735574
-0.63,11,229.76861
1.28,7,229.792572
-0.58,9,229.826185
-0.35,15,229.876219
-0.5,14,229.923355
-0.55,13,229.966879
-0.49,12,230.009739
1.23,10,230.041646
-0.62,12,230.081177
-0.95,8,230.107788
-0.9,12,230.151088
-0.69,14,230.207407
-0.83,7,230.238157
-0.8,9,230.272148
-0.87,9,230.307297
-0.76,8,230.337008
-0.52,13,230.396358
1.27,11,230.441597
-0.36,16,230.567159
-0.45,18,230.621313
-0.94,7,230.643738
-0.35,12,230.691362
1.42,10,230.730698
-0.67,15,230.779998
-0.6,10,230.824937
1.43,9,230.859509
-0.6,13,230.906887
-0.67,12,230.947867
-0.26,14,230.995564
-0.87,8,231.021614
-0.43,13,231.0667
1.14,4,231.082648
-0.84,8,231.111897
1.13,5,231.130006
-0.66,10,231.159642
-0.62,12,231.2
-0.66,7,231.230012
-0.55,14,231.285161
-0.79,11,231.325613
1.55,11,231.363649
1.42,11,231.407562
-0.54,9,231.443778
-0.57,12,231.474549
-0.45,14,231.520751
1.2,10,231.553224
-0.55,15,231.605033
-0.63,10,231.637395
-0.44,12,231.675289
-0.51,12,231.720483
-0.29,11,231.765968
-0.59,10,231.800663
-0.62,8,231.831838
-0.25,14,231.888244
-0.52,11,231.925166
-0.23,14,231.971884
-0.55,10,232.006761
-0.77,13,232.056383
-1.05,6,232.080437
1.44,9,232.108367
-1.09,10,232.139117
-0.53,10,232.179914
1.52,11,232.216082
-0.59,16,232.266861
1.55,17,232.3151
-0.71,15,232.361646
1.66,13,232.405825
1.31,10,232.438411
-0.54,9,232.466325
-0.9,8,232.499182
-0.43,15,232.549726
-0.52,13,232.592297
-0.57,13,232.630095
-0.59,10,232.659226
-0.76,9,232.688061
-0.17,17,232.744074
-0.76,10,232.779158
-0.77,7,232.808166
-0.56,15,232.85867
-0.54,10,232.890638
-0.4,16,232.943159
-0.81,8,232.971222
-0.6,13,233.014104
1.45,10,233.050566
1.14,4,233.063794
-0.36,16,233.112548
-0.42,12,233.154629
-0.52,10,233.18442
-0.72,7,233.206804
-0.83,7,233.234639
1.29,7,233.257676
-0.8,7,233.276813
-0.15,14,233.32762
1.08,14,233.373806
1.14,4,233.385551
1.67,13,233.434195
-0.52,17,233.4875
1.27,11,233.523553
-0.68,12,233.561438
1.31,10,233.592852
-0.69,10,233.627495
-0.7,12,233.671761
-0.71,10,233.709046
-0.8,9,233.743022
-0.54,12,233.778013
-0.72,8,233.8097
-1.0,7,233.833831
-0.94,7,233.861591
-0.55,11,233.903068
-0.67,9,233.936436
-0.82,6,233.958748
1.44,12,233.998188
-0.09,15,234.04652
-0.3,13,234.086824
-0.19,13,234.135911
-0.55,10,234.168509
-0.15,20,234.232313
-0.88,7,234.256845
-0.71,9,234.279264
-0.57,13,234.32349
-0.41,17,234.379685
-0.35,15,234.424826
-0.5,16,234.47958
-0.85,9,234.506959
-0.63,10,234.540577
-0.64,11,234.641177
-0.22,15,234.692969
-0.67,8,234.718706
-0.71,12,234.760126
-0.76,9,234.789631
-0.6,11,234.829768
-0.62,11,234.862971
1.21,9,234.89671
1.14,4,234.91429
-0.79,9,234.946271
-0.71,6,234.967399
1.45,10,235.005804
1.54,9,235.03907
-0.53,12,235.084347
-0.74,9,235.115304
-0.41,14,235.163471
1.14,4,235.179672
1.39,10,235.208014
-0.56,16,235.261401
-0.53,10,235.294766
1.14,4,235.308865
1.27,8,235.3358
-0.65,8,235.367615
1.63,15,235.42035
1.47,12,235.458435
-0.8,7,235.47977
1.48,10,235.515882
1.61,10,235.546545
-0.49,11,235.58805
-0.86,11,235.621944
1.57,11,235.658115
-0.28,14,235.70487
-0.22,16,235.760216
-0.68,9,235.791404
-0.49,15,235.843992
-0.6,9,235.875856
-0.68,12,235.918941
-0.68,10,235.955465
-0.4,13,235.995533
-0.58,14,236.042843
-0.41,13,236.08633
-0.8,12,236.117883
-0.61,13,236.161406
-0.7,8,236.189457
-0.76,9,236.224063
-0.26,19,236.2835
-0.9,6,236.306109
-0.33,15,236.353523
1.27,9,236.388223
1.73,19,236.444631
-0.69,15,236.497219
-0.45,11,236.538524
-0.64,8,236.568401
-0.69,10,236.60235
1.39,11,236.643016
1.59,11,236.695175
-0.27,16,236.750685
-0.86,8,236.778489
-0.36,15,236.82879
-0.72,8,236.855726
-0.37,12,236.900478
-0.92,11,236.928964
-0.58,11,236.973485
1.56,15,237.02003
-0.73,11,237.054429
-0.63,11,237.092246
-0.33,17,237.14064
-0.59,10,237.174565
-0.53,17,237.22768
-0.6,10,237.261365
-0.51,12,237.301994
-0.35,14,237.351607
-0.38,16,237.401933
-0.4,11,237.437428
-0.16,12,237.481009
-0.76,8,237.507725
-0.51,11,237.542835
-0.51,15,237.593769
-0.74,7,237.618741
1.76,14,237.664731
-0.88,10,237.701207
-0.34,17,237.762266
-0.57,11,237.792391
-0.21,15,237.83631
-0.19,15,237.887637
-0.72,14,237.936811
-0.42,13,237.98414
-0.4,11,238.016049
-1.01,5,238.039496
1.45,14,238.087363
-0.75,10,238.118222
-0.2,15,238.169616
1.53,11,238.208033
1.54,10,238.241009
-0.85,13,238.284615
-0.7,10,238.321708
1.3,9,238.356258
-0.52,10,238.390466
-0.49,13,238.433376
1.4,10,238.469497
1.55,10,238.505151
-0.75,11,238.538669
-0.31,13,238.58118
-0.51,11,238.621208
-0.58,11,238.661005
-0.57,12,238.70524
1.49,9,238.736769
-0.65,12,238.830572
-0.32,14,238.884828
-0.57,12,238.926089
-0.28,16,238.975998
1.35,9,239.005851
-0.45,11,239.050167
-0.83,11,239.086978
1.53,12,239.124843
-0.62,9,239.161834
1.54,19,239.219673
-0.75,7,239.250119
-0.65,12,239.287076
-0.69,15,239.340556
-0.51,14,239.384238
-0.75,10,239.418527
-0.54,15,239.468327
-0.68,14,239.511765
-0.54,15,239.628471
1.43,10,239.663821
-0.45,14,239.713427
1.52,13,239.752347
1.56,11,239.791189
-0.61,16,239.837742
-0.39,15,239.882976
1.14,4,239.897485
1.39,8,239.929605
-0.51,13,239.97324
-0.67,11,240.00674
-0.73,11,240.0468
-0.64,12,240.087445
-0.32,19,240.146395
-0.94,10,240.181149
-0.63,10,240.211161
-0.66,9,240.240798
-0.69,10,240.278828
-0.64,13,240.319406
-0.54,11,240.358531
-0.48,12,240.403837
-0.52,11,240.441916
-0.71,10,240.473109
1.44,10,240.507348
1.21,9,240.538443
1.55,11,240.570459
-0.67,13,240.608943
-0.83,7,240.635476
-0.6,12,240.68034
-0.92,11,240.711524
-0.45,10,240.748903
-0.33,12,240.790567
-0.74,10,240.82101
1.62,15,240.870282
-0.63,9,240.894118
1.23,12,240.935292
-0.76,8,240.960809
-0.65,9,240.993861
-0.83,11,241.033478
1.73,14,241.085404
-0.93,9,241.120322
-0.97,7,241.146582
-0.38,15,241.186117
1.45,12,241.232971
-0.87,5,241.254572
-0.77,11,241.294335
-0.38,16,241.346908
-0.56,9,241.378258
-0.45,14,241.426163
1.26,13,241.473094
-0.67,11,241.501851
-0.62,11,241.540529
-0.54,11,241.576833
-0.41,13,241.618848
-0.38,11,241.657252
1.36,9,241.683686
1.3,9,241.715109
1.33,15,241.761294
1.69,14,241.804741
-0.44,10,241.834214
-0.56,12,241.871809
-0.7,8,241.898407
1.33,9,241.928832
1.48,9,241.962852
-0.64,14,242.010637
-0.6,10,242.048243
-0.78,12,242.084678
1.44,9,242.116367
-0.78,8,242.14639
-0.71,10,242.176702
1.34,9,242.204759
-0.59,10,242.239362
-0.62,12,242.279867
1.27,11,242.318642
-0.84,8,242.339638
1.59,10,242.370815
-0.52,12,242.4177
1.24,9,242.448473
1.17,9,242.472422
1.37,8,242.501392
-0.56,14,242.547374
-0.34,11,242.586473
-0.67,13,242.636664
-0.64,10,242.673723
-0.76,13,242.751271
-0.61,11,242.809877
1.37,11,242.846637
-0.5,15,242.895226
-0.89,11,242.93208
0.0,16,242.989019
-0.52,10,243.025792
-0.63,15,243.075271
-0.65,9,243.10613
-0.57,13,243.144699
1.57,15,243.19731
-0.43,11,243.237871
1.4,12,243.278401
-0.52,10,243.314336
-0.84,8,243.345152
-0.68,12,243.379097
-0.71,12,243.417663
-0.58,10,243.449599
-0.71,10,243.485473
-0.46,17,243.53972
-0.5,15,243.590125
-0.52,10,243.622527
-0.52,13,243.671994
-0.87,5,243.688838
1.34,14,243.736851
1.6,11,243.76613
-0.54,14,243.809701
-0.81,11,243.839756
-0.39,10,243.877393
-0.47,10,243.911484
-0.5,14,243.960927
-0.57,9,243.987409
1.44,10,244.021966
-0.33,14,244.071073
-0.38,13,244.114596
-0.61,12,244.155448
-0.61,16,244.217266
-0.24,16,244.266685
1.71,12,244.307542
-0.6,13,244.35899
-0.47,13,244.398443
-0.83,7,244.419629
-0.77,7,244.443522
-0.75,14,244.498315
-0.63,10,244.53217
-0.92,8,244.55987
-0.94,7,244.581248
-0.21,14,244.627031
-0.79,12,244.667717
-0.8,8,244.695417
-0.11,18,244.753511
-0.22,16,244.810867
1.16,8,244.839947
-0.76,10,244.869086
1.49,11,244.901704
-0.53,12,244.943713
-0.55,10,244.980026
-0.79,9,245.010554
1.32,11,245.049557
-0.54,11,245.083375
-0.62,12,245.120182
-0.65,13,245.16445
-0.48,14,245.203342
-0.63,10,245.235478
-0.32,12,245.280649
-0.63,13,245.324759
-0.44,14,245.379134
-0.63,13,245.422166
-0.6,13,245.464157
-0.49,12,245.505984
-0.56,15,245.556516
-0.72,13,245.602756
-0.76,6,245.629599
-0.81,11,245.663936
-0.66,10,245.695047
-0.55,10,245.727396
-0.65,9,245.76155
1.64,13,245.807697
-0.7,11,245.847309
-0.68,12,245.885226
-0.56,13,245.934701
-0.43,13,245.978603
-0.54,11,246.010977
-0.58,11,246.047309
-0.68,10,246.073848
-0.53,14,246.125993
1.53,11,246.161623
-0.9,8,246.185632
-0.66,13,246.239172
-0.87,10,246.268302
1.63,11,246.302396
-0.63,10,246.328878
-0.31,18,246.391094
-0.71,6,246.412903
1.48,12,246.452459
-0.3,17,246.511169
1.55,12,246.554345
-0.64,11,246.590115
0.05,14,246.643894
-0.55,11,246.686572
-0.73,9,246.716198
-0.89,8,246.745348
1.42,13,246.847236
-0.54,10,246.879092
-0.74,15,246.920452
-0.2,18,246.975893
-0.56,13,247.016986
1.63,11,247.059692
-0.75,8,247.09175
-0.62,9,247.115642
1.25,8,247.141825
-0.38,15,247.191638
-0.5,13,247.240408
-0.5,15,247.29115
-0.28,14,247.336195
-0.4,13,247.386973
-0.56,8,247.415866
-0.56,12,247.465399
-0.46,11,247.501026
1.67,15,247.547341
-0.71,6,247.572698
-0.61,14,247.619172
1.5,10,247.650146
-0.54,12,247.694207
1.54,9,247.723198
-0.73,11,247.761815
-0.61,13,247.803991
-0.56,12,247.847003
1.33,9,247.876951
-0.69,10,247.911698
-0.21,15,247.963823
1.38,8,247.993966
1.53,13,248.043177
-0.63,13,248.083199
-0.66,14,248.125881
-0.63,9,248.152893
-0.61,11,248.188907
-0.37,15,248.240708
1.38,9,248.266628
-0.74,9,248.300184
-0.83,13,248.34145
-0.58,10,248.373168
1.36,14,248.418663
1.62,12,248.455472
-0.64,15,248.513475
-0.79,10,248.544327
-0.37,18,248.603951
-0.78,13,248.652746
-0.61,10,248.688556
1.52,18,248.753597
-0.55,14,248.794853
-0.6,12,248.835393
-0.73,16,248.892641
-0.79,7,248.913276
1.4,10,248.948574
-0.46,12,248.99592
-0.82,8,249.027528
1.68,13,249.070495
-0.46,15,249.115801
-0.3,16,249.165165
-0.37,12,249.209825
-0.79,9,249.238296
-0.65,13,249.280648
-0.73,17,249.336864
1.51,10,249.375749
1.43,9,249.406034
-0.81,7,249.431559
-0.66,13,249.471807
0.17,21,249.535587
-0.12,16,249.586138
-0.33,17,249.649649
-0.74,13,249.693759
-0.54,12,249.751408
1.14,8,249.776747
-0.33,15,249.819868
-0.3,15,249.865879
-0.56,10,249.904797
-0.63,13,249.943561
-0.61,17,249.999819
1.45,10,250.031989
-0.8,7,250.06084
-0.72,8,250.090515
1.02,5,250.103101
-0.27,17,250.152098
-0.51,13,250.195556
-0.61,12,250.234358
1.38,15,250.281421
-0.12,20,250.343194
-0.59,12,250.387138
-0.39,16,250.430327
-0.56,9,250.457817
-0.66,13,250.503678
1.35,9,250.530045
-0.79,12,250.571687
-0.86,7,250.596222
-0.21,17,250.648386
1.24,8,250.677598
1.25,11,250.717948
1.73,15,250.761012
-0.56,15,250.811753
-0.69,12,250.849794
-0.45,15,250.903145
-0.41,14,250.945127
-0.85,10,250.977034
-0.46,11,251.034891
-0.71,9,251.0911
-0.67,13,251.136179
-0.31,12,251.175399
-0.27,15,251.22832
-0.8,18,251.283613
-0.51,12,251.324553
-0.58,17,251.376542
1.36,11,251.412444
-0.69,13,251.455163
1.53,14,251.492993
1.32,11,251.531055
-0.56,8,251.563196
1.14,4,251.575808
-0.8,10,251.606698
-0.34,11,251.643391
-0.5,16,251.687745
-0.22,20,251.747636
-0.41,14,251.796662
-0.54,11,251.832207
1.49,9,251.866512
1.42,10,251.899662
-0.71,12,251.943324
-0.82,6,251.961822
1.4,12,251.998494
1.58,11,252.028117
1.44,13,252.071676
-0.76,12,252.115813
-0.77,16,252.170881
-0.77,9,252.195521
-0.77,9,252.222378
-0.3,16,252.2753
-0.9,9,252.303895
-0.42,13,252.348828
1.36,11,252.386545
1.57,13,252.435745
1.3,8,252.46597
-0.71,9,252.496227
-0.84,9,252.523159
-0.72,10,252.557914
-0.88,9,252.590296
-0.69,13,252.630353
-0.57,11,252.670643
-0.73,9,252.699269
-0.63,10,252.736116
1.33,14,252.777146
-0.5,14,252.824173
-0.33,14,252.867356
-0.5,10,252.905754
-0.34,14,252.954744
-0.54,12,252.995899
-0.83,11,253.031273
-0.68,9,253.060663
1.44,10,253.096522
-0.36,13,253.135073
-0.5,14,253.178424
-0.68,9,253.212268
1.46,15,253.259365
-0.4,15,253.308193
-0.45,13,253.351947
-0.9,8,253.383955
-0.66,13,253.429862
1.33,9,253.459683
-0.22,18,253.515892
-0.6,13,253.564907
-0.6,10,253.590744
-0.39,16,253.63997
-0.7,13,253.680198
1.77,12,253.722897
-0.82,6,253.745553
1.52,10,253.777286
-0.53,13,253.823563
-0.51,14,253.864735
-0.71,10,253.899745
-0.6,10,253.936797
-0.25,14,253.987976
-0.38,11,254.023896
1.42,10,254.058845
1.34,9,254.086793
-0.87,8,254.11249
-0.4,15,254.168031
-0.46,13,254.199662
-0.65,12,254.295728
-0.54,11,254.334945
-0.77,7,254.36156
-0.53,13,254.406393
-0.39,13,254.447721
-0.68,8,254.476708
-0.53,12,254.516477
1.46,11,254.55239
-0.65,9,254.580879
1.42,10,254.614679
1.44,11,254.650922
-0.51,15,254.698773
-0.47,15,254.742799
1.39,13,254.782843
-0.74,10,254.821726
-0.74,10,254.856102
-0.34,16,254.908263
-0.68,9,254.939089
-0.68,10,254.973596
-0.66,8,255.003153
-0.42,15,255.118644
1.5,10,255.16229
-0.34,16,255.215806
-0.45,16,255.259066
-0.65,9,255.287809
-0.73,9,255.322423
-0.66,14,255.366851
-0.74,13,255.404002
-0.57,9,255.438077
1.39,9,255.469857
1.27,12,255.506732
-0.73,17,255.549183
-0.57,14,255.59573
-0.77,7,255.615373
1.24,9,255.649494
-0.9,5,255.66544
-0.56,14,255.710489
-0.93,12,255.75148
-0.57,14,255.80461
1.47,10,255.83796
1.13,6,255.859935
1.85,12,255.901726
-0.63,10,255.936431
1.49,12,255.974155
-0.22,15,256.023469
-0.36,14,256.071746
-0.59,11,256.10547
-0.7,17,256.158251
1.14,4,256.170612
-0.61,10,256.201076
-0.64,19,256.259628
1.45,12,256.294529
1.24,9,256.327097
-0.59,14,256.371097
-0.09,18,256.420108
1.58,14,256.464799
-0.57,9,256.497371
1.2,7,256.521775
-0.61,10,256.557716
-0.63,10,256.59058
1.18,6,256.60863
-0.76,12,256.649998
-0.82,11,256.690666
-0.82,6,256.710691
-0.98,5,256.730114
-0.97,4,256.744259
1.41,9,256.776213
1.04,9,256.809531
1.3,12,256.850655
-0.8,10,256.886215
-0.72,8,256.916942
-0.66,12,256.956328
-0.67,8,256.984913
-0.56,12,257.020376
-0.84,11,257.058114
1.65,19,257.120636
-0.76,12,257.162859
1.14,4,257.172797
-0.6,10,257.207305
-0.77,10,257.237676
-0.55,12,257.277445
1.44,15,257.319929
1.29,7,257.347341
-0.86,10,257.379014
-0.6,11,257.418725
-0.67,9,257.447561
-0.01,19,257.516013
1.35,13,257.556401
-0.26,18,257.611577
-0.2,18,257.66112
-0.06,20,257.726056
-0.69,10,257.758843
1.56,12,257.798819
0.05,19,257.868946
-0.75,7,257.891399
-0.55,10,257.927303
-0.72,10,257.974538
1.14,4,257.991922
-0.38,16,258.045271
-0.71,10,258.080164
1.36,11,258.109453
-0.56,12,258.151069
-0.71,10,258.185852
-0.81,14,258.23051
1.43,9,258.262755
-0.63,13,258.301885
-0.45,11,258.340916
-0.72,13,258.379727
-0.37,14,258.423283
-0.66,10,258.456362
-0.43,11,258.493027
-0.7,12,258.531881
-0.58,13,258.569541
-0.67,14,258.61968
-0.98,5,258.639421
1.29,12,258.673925
-0.5,16,258.725802
-0.8,10,258.755256
-0.65,12,258.799318
-0.59,14,258.845505
1.48,10,258.879886
-0.51,11,258.919886
-0.75,10,258.954944
1.59,12,259.055531
-0.38,12,259.098692
-0.9,9,259.130758
-0.44,13,259.1752
-0.92,8,259.201032
-0.21,15,259.253256
-0.86,10,259.279082
-0.33,15,259.328567
1.14,4,259.345248
-0.4,11,259.388782
1.14,4,259.402277
-0.57,18,259.462704
-0.65,9,259.491307
-0.72,11,259.527479
-0.72,10,259.56643
1.46,9,259.599383
-0.46,12,259.637185
-0.27,15,259.69013
1.39,12,259.728582
-0.65,15,259.769633
-0.41,12,259.814049
1.48,11,259.847146
-0.22,13,259.892208
-0.73,8,259.922512
-0.36,16,259.973775
-0.15,17,260.02433
-0.67,11,260.05627
-0.26,17,260.122642
-0.68,9,260.152625
-0.71,6,260.173409
-0.78,8,260.205036
-0.34,12,260.245963
-0.41,14,260.294641
-0.79,9,260.32404
-0.56,8,260.347426
1.59,11,260.386278
1.07,9,260.41217
-0.64,8,260.440805
-0.3,12,260.483069
-0.59,11,260.51665
-0.66,9,260.545759
-0.25,17,260.598459
-0.66,9,260.633141
-0.53,16,260.685339
-0.58,10,260.719499
-0.65,8,260.748507
-0.76,8,260.777239
-0.83,8,260.805423
-0.55,11,260.84618
-0.91,7,260.871918
-0.85,11,260.905458
-0.6,10,260.94682
1.58,11,260.985861
-0.74,12,261.034146
-0.85,9,261.061206
-0.66,7,261.084502
-0.35,15,261.127228
-0.53,10,261.160698
-0.6,13,261.204307
-0.95,8,261.237047
-0.51,9,261.266234
1.18,11,261.297968
-0.68,15,261.340152
-0.54,16,261.387475
-0.35,14,261.435268
-0.36,16,261.484679
1.6,12,261.525491
-0.59,12,261.567285
-0.58,12,261.611322
1.45,18,261.667971
-0.66,7,261.692682
1.52,15,261.74289
-0.29,15,261.793568
-0.6,13,261.837475
-0.71,9,261.87703
-0.35,12,261.918581
-0.25,17,261.965339
-0.77,12,262.002627
-0.62,9,262.034379
-0.3,20,262.096438
-0.04,16,262.146711
-0.85,7,262.170609
-0.62,9,262.203602
-0.66,7,262.229784
-0.49,9,262.268382
-0.52,13,262.310408
-0.25,15,262.367218
1.63,14,262.421729
-0.66,10,262.45682
-0.89,11,262.496855
1.37,10,262.532768
-0.72,17,262.581844
1.38,11,262.617094
-0.67,10,262.652097
-0.61,18,262.710533
1.57,11,262.750167
-0.81,8,262.775629
-0.16,17,262.835907
1.38,8,262.858585
-0.69,11,262.899523
1.39,10,262.990396
1.21,9,263.017634
1.51,10,263.048109
-0.72,10,263.088823
-0.57,9,263.120361
-0.56,11,263.155368
-0.68,12,263.195409
-0.66,10,263.232658
1.76,12,263.271774
-0.72,9,263.304551
1.84,16,263.354863
-0.48,17,263.416262
-0.61,8,263.443754
-0.83,7,263.464929
-0.53,14,263.505347
-0.61,17,263.556756
-0.62,16,263.611181
0.0,17,263.666402
-0.76,6,263.686757
-0.63,12,263.727366
-0.57,13,263.767942
-0.39,13,263.814622
1.47,10,263.84777
-0.04,19,263.908768
1.47,10,263.941686
-0.69,11,263.977143
-0.63,12,264.02177
-0.85,9,264.048886
-0.47,12,264.082783
1.68,11,264.120858
1.49,13,264.163575
1.43,8,264.186633
-0.78,10,264.22177
-0.71,7,264.248363
-0.48,13,264.291535
-0.72,11,264.327691
-0.63,13,264.365631
1.5,11,264.405558
-0.83,7,264.424907
-0.17,17,264.485325
-0.76,6,264.500678
-0.23,16,264.554458
1.34,14,264.599227
-0.79,9,264.63334
-0.89,10,264.666281
-0.84,9,264.703172
-0.49,14,264.749597
-0.51,11,264.79154
-0.48,14,264.831501
1.38,11,264.87446
-0.67,11,264.914922
-0.32,17,264.97745
1.29,7,265.003103
1.27,9,265.03101
-0.74,12,265.071189
-0.77,7,265.097336
-0.74,9,265.131168
-0.95,8,265.163129
1.56,12,265.199465
-0.48,14,265.247145
-0.59,9,265.278071
-0.77,13,265.316771
-0.44,13,265.362261
-0.55,10,265.394742
-0.64,15,265.434725
-0.57,12,265.47938
-0.79,13,265.523407
-0.62,9,265.557005
-0.55,15,265.60665
-0.5,9,265.635796
-0.53,17,265.695261
-0.45,11,265.730541
1.6,11,265.76919
-0.88,10,265.79837
-0.45,13,265.845738
1.14,4,265.861697
-0.78,10,265.89363
-0.54,12,265.934677
-0.47,11,265.974447
1.67,15,266.025522
-0.65,12,266.067069
1.46,14,266.106284
-0.79,12,266.146602
-0.56,11,266.183405
-0.63,15,266.233925
1.31,10,266.266396
-0.5,13,266.312878
-0.88,6,266.338821
-0.47,17,266.39634
-0.84,11,266.429981
1.41,11,266.465315
-0.59,9,266.498763
-0.55,9,266.529282
-0.5,10,266.565089
-0.74,9,266.597898
-0.48,14,266.642771
-0.66,10,266.679679
1.35,9,266.703631
1.44,8,266.728518
-0.57,15,266.781859
1.48,10,266.815827
-0.55,11,266.85377
-0.64,14,266.898389
-0.55,10,266.926829
1.42,14,266.975276
1.33,8,266.999854
-0.72,10,267.055866
-0.68,11,267.125456
-0.61,10,267.158447
1.56,12,267.199036
-0.7,8,267.226612
1.48,10,267.259429
-0.92,5,267.275597
-0.58,13,267.317747
-0.79,8,267.345257
-0.23,15,267.39389
1.75,14,267.441443
-0.56,12,267.481696
-0.83,11,267.515502
-0.62,11,267.553859
1.23,9,267.582152
1.53,11,267.621576
-0.36,15,267.747827
-0.68,12,267.791414
-0.32,14,267.833425
-0.7,9,267.867055
-0.54,15,267.916854
1.56,13,267.970017
-0.63,10,268.004135
-0.38,15,268.057399
-0.72,10,268.084295
-0.18,18,268.142711
-0.59,12,268.183473
1.44,11,268.220775
-0.67,9,268.24888
1.27,11,268.290344
-0.88,7,268.313314
-0.76,9,268.346755
-0.71,6,268.36531
-0.59,12,268.406657
-0.9,12,268.446152
-0.69,10,268.480889
-0.44,15,268.522476
-0.6,13,268.571715
-0.61,11,268.6035
1.54,10,268.639476
-0.67,11,268.671526
-0.96,6,268.69123
-0.77,7,268.714273
1.25,11,268.753949
-0.56,12,268.792807
-0.3,15,268.839882
-0.62,11,268.879211
-0.83,10,268.912934
-0.53,11,268.947342
-0.38,15,269.001429
-0.51,14,269.045514
-0.77,12,269.083636
-0.48,12,269.128115
1.7,13,269.17406
-0.61,10,269.207304
-0.51,10,269.241053
-0.65,10,269.275731
-0.65,10,269.316302
-0.72,9,269.347453
-0.6,9,269.378716
1.43,10,269.413589
-0.64,8,269.438702
-0.25,13,269.482027
-0.46,15,269.528286
-0.75,12,269.567636
1.48,12,269.60888
-0.61,8,269.636427
-0.5,13,269.680946
-0.48,11,269.718797
-0.64,8,269.747153
-0.21,13,269.791438
1.61,19,269.85651
-0.62,9,269.889637
-0.42,13,269.935371
-0.09,16,269.991042
-0.75,8,270.019618
-0.74,12,270.053008
-0.34,15,270.108705
-0.78,11,270.149851
1.14,4,270.161713
-0.66,13,270.203549
-0.36,16,270.255493
-0.44,13,270.299437
1.59,11,270.335671
-0.78,8,270.362363
-0.6,10,270.397676
-0.54,13,270.444572
-0.65,8,270.473891
-0.19,14,270.521863
-0.59,11,270.563905
-0.38,15,270.618897
1.66,15,270.661158
-0.75,8,270.689767
-0.46,11,270.726474
1.69,11,270.756964
1.32,10,270.790833
1.14,4,270.804387
-0.38,12,270.852769
-0.81,8,270.880144
-0.05,17,270.929663
-0.67,10,270.963582
-0.7,10,271.005298
-0.05,15,271.052738
-0.4,14,271.102458
1.43,12,271.143058
-0.95,8,271.235043
-1.03,4,271.248951
-0.43,16,271.304733
1.17,8,271.332749
-0.68,10,271.366665
1.14,4,271.377633
-0.44,10,271.411307
-0.71,6,271.435623
-0.51,11,271.473009
-0.97,10,271.514107
-0.66,13,271.557287
-0.7,14,271.610678
-0.55,10,271.643219
-0.74,13,271.688515
1.44,13,271.735748
-0.55,13,271.769399
-0.35,15,271.820081
-0.5,16,271.869532
1.44,10,271.899705
-0.85,6,271.920092
-0.84,8,271.948301
-0.68,17,272.004163
-0.57,13,272.047848
-0.14,13,272.086821
-0.41,13,272.128196
-0.65,12,272.163183
-0.39,13,272.2063
-0.88,7,272.230045
-0.45,13,272.272331
-0.84,8,272.302099
-0.7,8,272.330293
-0.76,11,272.363813
-0.28,13,272.411703
1.4,10,272.442349
-0.67,8,272.469642
-0.67,13,272.511738
-0.87,8,272.541505
-0.62,12,272.583445
1.24,9,272.613477
1.32,12,272.650128
-0.52,10,272.685144
-0.55,12,272.727409
-0.45,11,272.76906
-0.44,10,272.806292
-0.51,18,272.865805
-0.46,14,272.913597
-0.67,10,272.945148
1.39,11,272.984491
-0.35,16,273.039923
-0.46,13,273.081094
1.01,6,273.097657
-0.82,7,273.120819
-0.55,12,273.163855
-0.33,14,273.213073
-0.82,6,273.232286
-0.36,12,273.275114
-0.77,7,273.302033
-0.81,14,273.347714
-0.83,7,273.369531
-0.34,17,273.41993
-0.26,21,273.47947
-0.84,8,273.50846
1.24,12,273.550961
-0.8,13,273.589323
1.73,13,273.631306
-0.81,11,273.665179
-0.65,17,273.715424
-0.78,8,273.742434
-0.73,11,273.785752
-0.77,9,273.816459
-0.53,14,273.861962
1.57,11,273.895057
-0.67,11,273.93317
1.56,13,273.981148
-0.71,11,274.010877
-0.8,9,274.041664
-0.54,9,274.076152
-0.31,16,274.128153
-0.32,16,274.174531
-0.42,18,274.23282
-0.77,7,274.26095
-0.69,13,274.3023
-0.34,14,274.353191
-0.74,12,274.394758
-0.77,10,274.42964
-0.28,16,274.483025
1.47,11,274.517048
-0.71,9,274.546938
-0.66,13,274.587058
-0.57,12,274.622105
-0.77,7,274.641878
-0.51,12,274.683255
-0.47,12,274.725937
-0.38,12,274.765711
1.14,4,274.778346
-0.81,10,274.812565
1.56,10,274.847523
-0.67,11,274.889936
-0.46,13,275.002753
-0.83,7,275.024614
-0.6,14,275.072161
1.28,11,275.10684
-0.81,5,275.127173
-0.7,12,275.158771
-0.66,11,275.196676
-0.27,15,275.248543
-0.71,12,275.293213
-0.57,13,275.348039
-0.74,12,275.383124
1.43,9,275.412578
1.27,11,275.444705
-0.8,10,275.47419
1.47,11,275.515403
-0.7,11,275.548748
1.49,10,275.58019
-0.46,11,275.615991
-0.51,12,275.655203
-0.56,11,275.68783
-0.49,17,275.739862
-0.5,11,275.779517
1.65,15,275.832787
-0.8,7,275.858961
-0.85,10,275.8971
-0.66,10,275.935515
-0.66,11,275.974998
-0.9,14,276.019543
1.55,15,276.064019
-0.36,15,276.111584
-0.82,10,276.1431
-0.89,8,276.170134
-0.62,11,276.208899
-0.85,9,276.23666
1.59,12,276.280447
-0.66,10,276.316765
-0.81,7,276.341843
-0.65,12,276.388319
-0.78,10,276.423524
-0.38,18,276.483433
-0.23,12,276.526066
-0.42,11,276.565515
-0.64,11,276.605459
1.39,12,276.641617
-0.69,13,276.684332
1.49,11,276.723557
-0.75,13,276.767869
-0.55,14,276.811371
-0.5,10,276.842753
-0.32,15,276.887641
-0.5,11,276.928103
1.48,13,276.970068
1.09,7,276.994192
1.31,7,277.014711
-0.39,17,277.076777
1.48,14,277.118237
-0.55,16,277.168267
-0.66,16,277.219316
1.61,12,277.255788
1.69,11,277.298538
-0.57,13,277.34245
-0.71,12,277.381846
-0.86,8,277.410647
-0.4,14,277.456056
-0.7,9,277.484125
-0.67,8,277.505633
-0.6,13,277.550207
1.4,13,277.590761
-0.44,11,277.628913
-0.71,12,277.673628
-0.48,11,277.720659
-0.39,14,277.76655
-0.6,13,277.813243
-0.73,13,277.850706
-0.64,11,277.89026
-0.85,9,277.920978
1.49,11,277.959886
1.44,9,277.9893
-0.67,11,278.035175
-0.11,19,278.091533
-0.97,7,278.115291
-0.21,16,278.166358
-0.68,10,278.200831
1.4,12,278.242133
-0.47,11,278.282173
-0.57,13,278.32858
-0.23,13,278.369529
-0.44,13,278.410864
-0.57,16,278.464876
-0.81,10,278.495942
-0.82,8,278.521473
-0.64,11,278.559004
-0.36,11,278.595044
-0.62,9,278.626688
1.15,9,278.661834
-0.6,10,278.694265
-0.94,7,278.715762
-0.66,14,278.757791
-0.6,9,278.794218
-0.96,12,278.833778
-0.88,9,278.865311
-0.69,10,278.900436
1.31,10,278.934669
-0.45,17,278.987918
-0.79,9,279.018188
-0.71,9,279.102225
-0.49,11,279.155298
-0.81,11,279.192
1.63,14,279.242998
1.42,9,279.272156
-0.49,9,279.304829
-0.65,10,279.339376
-0.65,9,279.369998
-0.5,14,279.415705
-0.78,11,279.456388
-0.55,11,279.493577
1.43,15,279.536666
-0.6,11,279.569402
1.3,16,279.623764
-0.74,14,279.665926
-0.62,11,279.705507
1.37,11,279.738612
-0.49,11,279.783675
-0.56,17,279.839406
-0.56,14,279.89123
1.62,13,279.934837
-0.43,15,280.040811
1.54,11,280.076622
-0.83,7,280.097706
-0.46,10,280.131634
-0.86,11,280.176183
-0.36,14,280.22394
-0.74,12,280.26109
-0.67,8,280.288938
1.7,14,280.344018
-0.74,12,280.382684
-0.36,13,280.423574
-0.58,12,280.470652
-0.58,10,280.506659
-0.44,14,280.547397
-0.51,16,280.604306
-0.68,8,280.632563
-0.54,9,280.666691
-0.49,12,280.709955
-0.5,13,280.755523
-0.35,13,280.801634
-0.3,15,280.848595
-0.39,13,280.892481
-0.62,14,280.935
-0.7,11,280.978212
-0.11,18,281.029657
-0.67,8,281.058536
1.53,11,281.095414
-0.64,9,281.124589
1.14,4,281.14098
-0.52,12,281.181538
-0.46,12,281.219292
-0.47,10,281.251879
1.43,13,281.296775
-0.44,15,281.348038
1.43,9,281.378761
1.53,10,281.414514
1.89,16,281.466196
1.14,4,281.479063
1.51,13,281.518595
-0.82,7,281.545809
-0.72,10,281.579073
-0.79,9,281.601021
-0.91,4,281.613445
-0.64,10,281.647838
-0.69,12,281.687597
-0.84,8,281.715163
-0.56,12,281.752458
1.57,12,281.790745
-0.72,8,281.816077
-0.76,9,281.84498
-0.4,16,281.893446
-0.52,20,281.954767
-0.57,10,281.993271
-0.73,15,282.036599
-0.66,9,282.062148
1.29,10,282.091728
1.8,16,282.147765
-0.48,20,282.210522
-0.37,15,282.255966
1.22,9,282.283469
1.38,15,282.333939
1.46,11,282.365512
-1.03,4,282.379455
-0.33,14,282.425848
-0.63,9,282.460449
1.31,7,282.486678
-0.81,9,282.517459
-0.47,9,282.55079
1.14,4,282.56507
1.91,13,282.603483
-0.59,10,282.63684
-0.42,10,282.674284
-0.74,11,282.710837
-0.83,7,282.728976
-0.61,16,282.777777
1.55,13,282.82299
-0.89,8,282.852582
-0.42,10,282.887673
-0.65,11,282.924576
-0.91,6,282.945299
-0.87,5,282.968883
-0.58,14,283.012717
-0.7,8,283.036907
-0.38,12,283.081783
-0.41,12,283.179203
-0.73,9,283.210065
-0.32,13,283.258259
1.51,12,283.292616
-0.71,11,283.329473
-0.75,11,283.368074
-0.82,6,283.39058
-0.57,12,283.433464
1.39,9,283.468672
-0.7,8,283.498062
1.57,12,283.539581
-0.58,10,283.573291
-0.55,10,283.608981
-0.71,12,283.649189
-0.62,11,283.683957
-0.53,11,283.719326
-0.63,13,283.770149
-0.56,10,283.804236
-0.62,18,283.862705
-0.67,15,283.908721
-0.55,10,283.947548
-0.88,7,283.970349
1.42,11,284.003637
-0.92,5,284.020029
-0.57,12,284.06628
-0.75,9,284.09606
-0.49,10,284.130165
-0.85,6,284.15138
-0.54,13,284.193868
1.14,4,284.204844
-0.95,10,284.234774
-0.59,16,284.28112
-0.83,10,284.317064
1.55,11,284.346916
-0.24,15,284.395557
-0.3,16,284.443568
-0.81,5,284.45968
-0.8,12,284.494373
1.2,7,284.516151
-0.6,16,284.569014
1.14,4,284.588457
-0.84,9,284.614241
1.18,6,284.632364
1.14,4,284.6459
-0.67,11,284.684872
-0.67,10,284.718344
-0.57,10,284.755224
-0.93,6,284.777809
-0.5,13,284.821105
-0.54,9,284.854714
-0.91,7,284.880306
-0.57,14,284.927915
-0.6,9,284.961971
-0.53,13,285.00364
-0.76,6,285.02347
-0.34,14,285.067535
1.43,14,285.114837
-0.58,12,285.155225
-0.43,12,285.194714
-0.57,9,285.227993
1.8,17,285.280654
0.01,20,285.346036
-0.94,7,285.369292
-0.44,10,285.403989
-0.39,10,285.440945
1.14,4,285.456422
-0.55,9,285.487237
1.35,8,285.515068
1.46,12,285.558011
-0.82,6,285.576491
1.27,8,285.6026
1.61,13,285.640932
-0.61,8,285.673205
1.5,10,285.707774
-0.19,15,285.756721
-0.42,15,285.811142
1.57,12,285.856573
-0.12,19,285.911807
1.3,11,285.949627
1.91,14,285.998051
1.31,13,286.041644
-0.61,10,286.075681
1.51,11,286.106876
-0.69,11,286.141368
-0.78,8,286.176543
1.17,10,286.204702
-0.51,16,286.255449
-0.71,7,286.276791
-0.64,12,286.316328
-0.49,15,286.365394
-0.58,11,286.399601
-0.33,16,286.454215
-0.82,6,286.471683
-0.67,11,286.510059
-0.55,10,286.548698
1.61,11,286.587864
-0.35,17,286.640629
-0.38,16,286.692894
-0.63,13,286.741707
-0.52,12,286.781058
-0.73,11,286.815596
-0.87,8,286.84502
-0.85,9,286.880275
-0.42,12,286.923648
-0.35,13,286.967058
-0.45,11,287.008432
-0.64,14,287.055547
-0.56,11,287.096314
1.14,4,287.109114
-0.17,13,287.145078
-0.6,14,287.194457
-0.68,9,287.224668
-0.69,11,287.263317
1.28,8,287.29025
1.38,11,287.325256
-0.52,10,287.363757
1.59,15,287.414152
1.14,4,287.426468
1.42,13,287.463359
-0.39,16,287.510383
-0.82,9,287.543948
-0.64,16,287.598042
1.21,9,287.626291
-0.57,16,287.67663
-0.44,13,287.725115
-0.41,16,287.774251
1.32,14,287.82192
-0.77,9,287.851115
-0.66,7,287.875679
-0.8,7,287.899553
-0.63,10,287.934421
1.34,10,287.972332
-0.59,16,288.030057
-0.51,11,288.066146
-0.46,14,288.111959
-0.56,14,288.161856
-0.45,15,288.267349
-0.49,13,288.31181
-0.53,11,288.343411
-0.66,13,288.391026
-0.66,12,288.42469
-0.19,15,288.477408
-0.51,12,288.512369
-0.66,13,288.553301
1.18,8,288.578435
-0.48,14,288.620586
-0.82,6,288.640485
-0.89,10,288.669559
-0.34,16,288.717565
-0.77,7,288.742131
-0.88,6,288.76053
-0.66,11,288.79525
-0.55,12,288.835795
1.61,14,288.878386
1.33,12,288.918134
-0.21,19,288.97718
1.14,4,288.996767
1.23,7,289.016942
-0.6,10,289.051765
-0.39,10,289.086865
-0.67,11,289.126451
1.34,10,289.159909
-0.47,15,289.207033
-0.83,8,289.237138
-0.69,13,289.27898
1.26,12,289.319523
-0.8,13,289.367047
-0.98,11,289.406088
-0.74,15,289.456472
1.56,9,289.489258
-0.52,12,289.53188
-0.62,11,289.568469
-0.84,11,289.602958
1.36,8,289.631227
-0.09,16,289.676701
-0.42,16,289.733104
-0.68,9,289.763441
-0.52,13,289.804788
-0.44,14,289.852752
-0.71,10,289.887348
-0.68,8,289.91695
-0.55,9,289.951186
1.36,11,289.987199
-0.74,6,290.005474
1.53,10,290.034132
-0.72,10,290.069828
1.6,11,290.111783
1.48,10,290.144517
-0.42,14,290.190388
1.48,10,290.224648
-0.48,12,290.265688
-0.49,9,290.292724
-0.54,11,290.336045
-0.7,14,290.386225
-0.62,13,290.428423
-0.01,17,290.476627
-0.74,10,290.511116
-0.66,8,290.541006
-0.83,9,290.56797
-0.53,18,290.624561
-0.6,10,290.664007
-0.73,9,290.689391
-0.44,14,290.736475
-0.55,9,290.766747
-0.65,21,290.826581
-0.79,9,290.859733
-0.4,15,290.913675
-0.65,12,290.945547
-0.65,9,290.979545
-0.46,10,291.019265
-0.62,10,291.049752
-0.78,8,291.07805
-0.66,10,291.118431
-0.87,6,291.137339
1.71,11,291.179026
-0.55,10,291.219347
-0.78,11,291.259789
-0.57,16,291.314903
1.58,12,291.347988
-0.73,16,291.396384
-0.59,13,291.445709
-0.81,10,291.481281
-0.57,13,291.519329
-0.66,8,291.548695
-0.63,13,291.596942
-0.49,14,291.636512
-0.69,10,291.669727
1.59,13,291.713716
-0.23,17,291.763783
-0.68,15,291.810897
-0.67,9,291.837821
-0.68,12,291.87948
1.57,11,291.917805
1.57,12,291.95505
-0.72,8,291.984529
-0.45,15,292.031304
-0.48,13,292.116841
-0.25,13,292.165519
-0.52,13,292.209551
-0.72,8,292.235591
1.14,4,292.249607
-0.56,10,292.28688
-0.65,8,292.317656
1.45,10,292.349744
-0.6,13,292.39579
1.57,15,292.436776
1.61,10,292.471053
-0.26,16,292.520855
-0.72,7,292.547565
-0.72,10,292.577279
1.16,8,292.604542
1.39,9,292.635968
-0.28,16,292.695566
1.56,10,292.732417
-0.68,9,292.759655
-0.65,12,292.805385
-0.44,14,292.859982
1.11,11,292.898661
-0.81,11,292.932153
-0.67,12,292.97403
-0.9,9,293.007403
-0.74,7,293.032593
-0.76,12,293.069091
-0.55,12,293.11143
-0.93,6,293.139881
-0.68,12,293.179956
-0.51,15,293.227242
1.42,13,293.270825
-0.5,14,293.321697
-0.62,9,293.35018
-0.88,7,293.375511
-0.3,15,293.429331
-0.71,12,293.469302
-0.25,19,293.526717
-0.52,13,293.564281
1.48,10,293.595892
-0.64,14,293.650932
-0.66,7,293.675945
-0.44,15,293.723503
-0.62,13,293.770036
-0.77,10,293.802869
-0.7,8,293.826211
-0.28,12,293.920204
-0.45,11,293.95566
-0.68,10,293.992942
-0.72,11,294.02948
-0.45,11,294.064303
1.36,12,294.105731
-0.77,12,294.149868
-0.47,12,294.185111
-0.62,8,294.207877
-0.43,15,294.25577
-0.61,14,294.299777
1.56,10,294.335777
-0.69,11,294.371837
-0.57,9,294.406943
-0.74,11,294.444195
-0.51,16,294.490548
-0.5,14,294.53388
-0.58,11,294.574364
-0.69,10,294.609876
-0.65,9,294.640712
-0.64,11,294.679101
-0.6,13,294.722466
-0.87,9,294.756554
-0.46,12,294.795128
-0.84,8,294.821193
-0.6,12,294.862024
-0.44,11,294.898413
1.41,8,294.925353
-0.52,13,294.972251
1.14,4,294.985127
1.48,11,295.024539
-0.61,11,295.05818
1.09,9,295.089121
-0.73,14,295.141216
-0.55,10,295.182668
-0.31,12,295.224397
-0.57,15,295.271816
-0.53,14,295.320442
-0.73,11,295.356523
-0.77,10,295.392761
-0.76,9,295.423898
-0.77,7,295.449352
-0.63,9,295.483495
-0.2,14,295.533654
-0.93,8,295.560961
-0.31,14,295.607506
-0.29,16,295.664858
-0.84,11,295.700225
-0.62,8,295.728144
-0.81,7,295.754569
-0.73,9,295.789554
1.54,13,295.833353
1.69,12,295.871757
-0.58,10,295.910293
-0.8,11,295.945823
-0.4,15,295.998543
-0.67,14,296.040994
-0.8,7,296.060192
-0.41,12,296.169249
1.65,11,296.208617
1.36,10,296.245574
1.64,12,296.284951
-0.66,13,296.325746
-0.23,20,296.391906
1.22,11,296.429291
-0.67,10,296.453057
-0.29,17,296.505333
-0.91,4,296.518855
-0.59,11,296.55389
-0.48,17,296.603135
-0.74,9,296.639892
1.45,11,296.673741
1.31,11,296.71395
-0.72,8,296.738771
-0.74,7,296.763628
-0.45,17,296.814751
-0.44,9,296.84559
1.76,14,296.893887
-0.41,17,296.952914
1.47,11,296.987087
-0.81,11,297.023268
-0.61,11,297.062025
-0.56,13,297.112398
-0.86,10,297.144088
-0.82,6,297.165303
-0.71,11,297.200611
-0.67,12,297.247959
-0.48,13,297.293931
-0.61,8,297.323347
-0.56,13,297.362234
-0.75,8,297.391857
-0.93,6,297.407313
-0.52,14,297.457389
1.55,10,297.491691
-0.36,12,297.537345
-0.66,12,297.579916
-0.71,15,297.626454
-0.72,7,297.647311
-0.04,17,297.703138
-0.32,14,297.75505
-0.3,14,297.798648
-0.6,14,297.852572
-0.76,11,297.885485
-0.28,14,297.93084
-0.39,12,297.974371
-0.67,11,298.011935
-0.39,14,298.060561
-0.64,9,298.092901
-0.81,7,298.114327
-0.87,6,298.136006
-0.7,8,298.167202
-0.46,16,298.220602
1.41,10,298.247201
-0.81,13,298.282373
1.74,16,298.335718
-0.59,8,298.364364
-0.54,9,298.400185
-0.99,6,298.421743
1.42,11,298.460041
-0.57,13,298.501998
1.51,13,298.548515
-0.4,11,298.586886
-0.62,8,298.613431
-0.71,9,298.644155
1.35,8,298.672513
-0.45,14,298.721792
-0.25,18,298.773427
-0.49,9,298.804616
-0.71,9,298.835802
-0.84,15,298.88848
-0.61,11,298.926082
1.21,11,298.964572
-0.38,15,299.015465
-0.69,7,299.042787
1.32,10,299.077739
1.37,10,299.107115
-0.63,16,299.157441
1.69,12,299.197282
1.14,4,299.212862
-0.64,7,299.234066
-0.51,14,299.282485
1.42,11,299.322232
-0.86,5,299.341391
-0.65,9,299.373603
1.31,14,299.421688
-1.03,4,299.431858
1.64,10,299.464495
-0.62,10,299.501619
-0.87,14,299.545489
-0.72,13,299.58424
-0.76,8,299.611915
-0.76,6,299.631315
-0.5,16,299.676257
-0.75,12,299.713374
-0.27,14,299.759486
1.48,12,299.795092
-0.68,9,299.826067
-0.63,16,299.879139
1.56,12,299.918743
-0.64,13,299.962838
1.14,4,299.976215
1.52,10,300.008392
1.23,9,300.042099
-0.62,9,300.130873
-0.44,13,300.164459
-0.5,15,300.216843
-0.3,18,300.276055
-0.28,15,300.317738
1.55,17,300.373524
-0.67,10,300.410133
-0.73,8,300.438003
-0.56,12,300.480174
-0.5,13,300.527922
-0.49,21,300.588525
-0.9,8,300.616731
-0.5,13,300.663479
-0.78,8,300.686418
-0.73,8,300.71382
1.63,12,300.752743
-0.5,17,300.804058
-0.58,10,300.836965
-0.66,11,300.880144
1.48,9,300.914118
-0.48,18,300.975275
-0.62,12,301.013762
-0.64,13,301.057474
1.14,4,301.073167
-0.71,10,301.10886
-0.39,15,301.159161
1.32,10,301.198963
-0.73,9,301.230763
1.35,8,301.255776
-0.32,15,301.298431
-0.27,12,301.337067
-0.72,11,301.373931
-0.33,15,301.417464
-0.49,13,301.454376
1.72,13,301.495893
-0.68,11,301.538469
-0.59,12,301.583115
-0.78,8,301.612876
-0.4,14,301.65968
1.14,4,301.677243
-0.58,11,301.718127
-0.74,9,301.748168
-0.65,12,301.788324
1.48,11,301.825965
-0.5,12,301.864736
1.72,17,301.919967
-0.75,11,301.957062
-0.88,7,301.983512
-0.05,15,302.035846
1.29,9,302.065184
-0.51,15,302.113284
-0.4,11,302.157551
-0.42,17,302.215663
-0.55,10,302.258634
1.5,10,302.296649
-0.35,18,302.350986
-0.34,14,302.398717
-0.77,13,302.443316
-0.82,7,302.469899
-0.63,9,302.513664
-0.47,13,302.573882
1.31,8,302.60614
-0.32,16,302.659486
-0.55,12,302.703405
1.47,10,302.738771
-0.29,16,302.79619
-0.77,10,302.837876
-0.52,13,302.883805
-0.44,14,302.943381
-0.72,8,302.975474
-0.57,13,303.029239
-0.8,13,303.076271
1.59,13,303.125891
-0.94,10,303.169327
-0.61,10,303.206859
-0.62,8,303.237016
1.43,9,303.279658
-0.82,7,303.309065
-0.29,14,303.37105
-0.6,13,303.419914
-0.67,10,303.455254
-0.79,14,303.502158
-0.36,14,303.555544
1.29,13,303.597734
-0.4,19,303.660819
-0.73,9,303.696347
1.14,4,303.712394
-0.44,12,303.761126
-0.65,8,303.787948
-0.86,10,303.824188
1.66,10,303.858018
-0.76,12,303.905191
-0.44,12,303.952108
-0.75,8,303.978866
1.26,9,304.015069
-0.36,15,304.083212
-0.67,9,304.118977
-0.59,12,304.158262
-0.72,10,304.198789
1.64,12,304.242225
1.3,8,304.267895
-0.57,12,304.304439
-0.68,13,304.358831
1.43,10,304.39548
1.55,14,304.508125
-0.61,10,304.544935
-0.62,14,304.597904
-0.46,14,304.652896
-0.66,10,304.692966
-0.29,11,304.733882
1.45,10,304.769325
-0.68,9,304.811298
-0.4,15,304.896395
1.49,11,304.945923
-0.73,9,304.979874
-0.77,7,305.013934
-0.67,11,305.064844
-0.8,10,305.103834
-0.77,9,305.138706
-0.88,7,305.1713
-0.43,13,305.221615
-0.83,10,305.260502
-0.48,11,305.309447
-0.61,14,305.359994
-0.42,10,305.398717
1.14,4,305.414972
1.46,14,305.464534
-0.48,19,305.530306
-0.61,13,305.577927
-0.35,14,305.625608
-0.29,15,305.67746
-0.05,17,305.745085
1.27,8,305.771475
-0.83,7,305.796106
-0.61,13,305.843077
1.32,9,305.878278
-0.67,11,305.924069
-0.44,10,305.967793
1.14,4,305.984848
-0.45,15,306.05138
1.28,8,306.089722
-0.34,15,306.14992
-0.53,10,306.185485
-0.55,13,306.232475
-0.47,13,306.277556
-0.57,10,306.313093
1.18,6,306.336767
-0.56,9,306.382776
1.14,4,306.402902
-0.75,7,306.431152
-0.61,10,306.467054
1.46,9,306.498145
-0.92,7,306.52182
-0.8,9,306.557933
-0.39,13,306.615009
-0.47,15,306.670595
-0.52,12,306.708059
-0.37,11,306.755217
1.61,13,306.800166
1.6,11,306.835197
-0.61,11,306.870631
-0.77,10,306.905337
-0.6,9,306.944079
-0.91,10,306.982402
1.33,9,307.012964
1.48,12,307.06084
-0.59,14,307.128893
1.64,12,307.178839
-0.33,12,307.220693
-0.86,11,307.251572
-0.73,14,307.299082
-0.61,8,307.332332
-0.35,18,307.380909
-0.69,14,307.423818
-0.57,12,307.46427
-0.81,11,307.508795
-0.33,18,307.561093
1.53,10,307.595353
-0.98,8,307.621378
-0.24,15,307.674037
-0.54,14,307.718239
-0.58,13,307.760308
1.38,9,307.855779
-0.83,17,307.909455
-0.49,11,307.9461
-0.79,15,307.989441
-0.7,9,308.022072
1.3,12,308.065492
-0.29,16,308.120553
-0.71,10,308.149714
1.73,15,308.204553
1.41,14,308.240825
-0.69,10,308.278694
-0.35,14,308.328309
-0.67,11,308.370641
-0.4,15,308.418633
1.41,12,308.457023
-0.62,12,308.496412
-0.67,8,308.521892
1.2,9,308.555014
1.4,9,308.586857
-0.48,15,308.637834
-0.5,18,308.749253
1.51,12,308.78786
-0.61,8,308.812201
-0.68,12,308.845544
1.55,12,308.883816
-0.6,9,308.914143
-0.77,12,308.956106
-0.41,18,309.006451
-0.53,11,309.044358
-0.72,10,309.086013
-0.64,8,309.11616
-0.5,10,309.147288
-0.36,13,309.193409
1.45,11,309.236651
-0.58,11,309.272362
-0.68,9,309.30059
-0.8,7,309.326376
-0.41,16,309.375112
-0.48,16,309.42582
-0.74,12,309.469708
-0.36,11,309.50824
-0.75,11,309.546722
1.59,10,309.583207
-0.2,17,309.630367
-0.43,14,309.677954
1.45,13,309.716272
-0.28,14,309.763499
-0.57,13,309.80753
-0.81,8,309.838917
-0.51,11,309.87575
-0.45,15,309.924241
1.4,13,309.966247
-0.83,10,309.998996
-0.53,10,310.034345
-0.6,12,310.074214
-0.59,15,310.124504
-0.3,16,310.173176
-0.32,17,310.231919
1.42,10,310.262452
-0.51,11,310.302579
-0.48,14,310.339487
-0.76,11,310.375588
-0.62,14,310.414528
1.96,19,310.478898
-0.66,10,310.515227
1.47,10,310.547961
-0.92,5,310.56403
-0.53,18,310.616801
-0.47,13,310.656133
-0.46,12,310.704773
-0.43,14,310.756334
-0.76,8,310.78338
-0.66,7,310.806486
-0.36,14,310.856858
-0.26,16,310.907939
-0.22,16,310.954051
-0.51,13,311.001938
-0.63,11,311.037418
1.23,12,311.075512
-0.51,14,311.117724
1.39,11,311.155293
1.28,11,311.192463
-0.41,13,311.233586
1.49,9,311.262625
-0.82,15,311.313373
-0.62,12,311.358396
-0.61,11,311.399598
-0.61,14,311.445848
1.59,12,311.481699
1.46,8,311.509835
-0.39,14,311.554887
-0.54,14,311.598616
-0.61,11,311.63788
-0.2,16,311.696571
-0.63,16,311.745739
-0.45,13,311.790811
-0.53,14,311.840818
-1.0,7,311.868446
-0.56,11,311.902341
-0.04,17,311.95887
1.15,9,311.985991
-0.66,7,312.014691
-0.47,13,312.057614
-0.1,18,312.11761
-0.63,13,312.158553
-0.55,13,312.198864
1.53,10,312.231098
1.69,15,312.286268
1.47,11,312.323695
-0.47,11,312.363751
-0.57,9,312.393196
-0.63,10,312.428774
1.22,8,312.455122
-0.75,11,312.497418
-0.74,9,312.527836
-0.67,14,312.568953
-0.81,11,312.609067
-0.51,10,312.647171
1.39,11,312.680425
-0.15,17,312.732057
1.19,11,312.76758
-0.66,10,312.803931
-0.38,14,312.846929
-0.33,16,312.890089
1.57,14,312.936987
1.61,10,312.986338
-0.78,8,313.054968
-0.51,11,313.096412
-0.76,6,313.114484
-0.43,17,313.168871
-0.66,12,313.20946
1.22,8,313.233519
-0.69,10,313.267032
-0.66,10,313.304406
-0.54,11,313.346243
-0.57,12,313.387978
-0.57,9,313.416229
-0.71,12,313.456328
-0.73,12,313.497971
-0.68,12,313.536436
1.49,11,313.572099
-0.46,12,313.617811
-0.67,8,313.648027
-0.77,10,313.683967
-0.4,17,313.740918
-0.52,10,313.789005
-0.66,11,313.841808
-0.58,9,313.883691
-0.5,16,313.966295
-0.1,20,314.029884
-0.75,8,314.057287
1.63,13,314.097251
-0.84,9,314.125226
-0.43,11,314.158311
-0.29,16,314.208279
-0.79,9,314.238433
1.6,11,314.272426
-0.52,10,314.302517
-0.72,7,314.330797
-0.75,8,314.359311
-0.75,7,314.386938
1.14,4,314.403326
1.25,11,314.439047
-0.38,17,314.49595
1.43,11,314.531361
-0.75,11,314.563249
-0.57,9,314.594222
-0.23,16,314.64197
-0.99,6,314.658569
-0.85,13,314.702722
-0.27,13,314.751573
-0.34,14,314.804148
1.44,9,314.832082
-0.6,10,314.871576
-0.72,13,314.909376
-0.58,11,314.942578
-0.77,7,314.964327
-0.69,10,315.001493
-0.67,11,315.038376
1.37,10,315.069939
1.35,9,315.099676
1.46,12,315.140396
-0.46,13,315.183674
-0.23,15,315.234239
1.51,10,315.264937
1.68,13,315.307645
-0.68,9,315.338204
1.53,10,315.37598
-0.71,14,315.413921
-0.73,8,315.440072
-0.54,12,315.479593
-0.51,16,315.523288
-0.37,12,315.559751
-0.44,10,315.601429
1.29,9,315.628075
1.45,14,315.673833
-0.34,10,315.703079
-0.7,9,315.739319
1.45,12,315.781133
-0.68,10,315.815053
-0.61,10,315.84767
-0.77,17,315.904489
-0.45,17,315.959623
-0.68,11,315.9933
-0.97,4,316.00639
-0.78,8,316.037288
-0.52,13,316.0807
-0.55,12,316.119731
-0.48,12,316.163596
-0.56,11,316.207469
-0.44,13,316.249972
-0.47,14,316.298265
-0.64,8,316.326733
1.42,9,316.362663
-0.76,12,316.400619
1.46,9,316.431554
-0.65,10,316.466303
-0.64,13,316.515555
-0.32,19,316.570919
-0.7,12,316.608553
1.51,11,316.648271
1.76,14,316.6998
-0.49,9,316.72908
-0.34,18,316.778262
-0.16,18,316.841583
1.4,13,316.880228
-0.42,11,316.916804
-0.64,7,316.942718
-0.79,17,316.993882
-0.63,13,317.03384
-0.6,13,317.073149
-0.64,11,317.111935
-0.5,13,317.152528
1.29,9,317.186069
-0.39,15,317.231914
-0.61,11,317.272755
-0.66,15,317.323298
-0.65,9,317.351801
-0.27,16,317.470184
-0.49,12,317.507092
1.29,12,317.546484
1.73,15,317.596431
1.61,10,317.629075
-0.76,8,317.652764
-0.37,14,317.697649
-0.85,9,317.72753
1.58,10,317.762214
1.46,9,317.793867
-0.81,7,317.81613
-0.98,5,317.835653
-0.82,8,317.865126
-1.01,14,317.912396
-0.71,9,317.946744
-0.61,17,317.996787
-0.05,16,318.043664
-0.6,12,318.079546
-0.51,13,318.126291
-0.47,10,318.160506
-0.23,15,318.203034
-0.57,10,318.240184
-0.54,12,318.285745
-0.61,11,318.32453
-0.38,17,318.375043
1.39,10,318.408501
-0.77,7,318.434265
-0.63,9,318.466776
-0.73,9,318.497589
-0.33,13,318.543371
-0.54,12,318.576676
0.91,21,318.640902
-0.68,12,318.682689
-0.4,12,318.728146
-0.53,13,318.773259
1.29,9,318.810154
-0.56,10,318.845611
-0.8,10,318.879634
-0.19,14,318.927149
-0.4,14,318.979862
1.39,10,319.008236
-0.89,7,319.033189
-0.41,16,319.086198
-0.71,9,319.115043
-0.3,13,319.161331
1.59,11,319.197503
-0.6,14,319.249104
-0.62,13,319.293051
-0.35,12,319.339161
1.44,14,319.377003
1.44,11,319.41652
-0.77,10,319.457895
-0.42,11,319.493548
-0.45,12,319.532344
-0.43,18,319.597204
1.46,10,319.625994
-0.48,17,319.687554
-0.79,13,319.724375
-0.76,12,319.76053
0.01,16,319.809837
-0.46,11,319.847873
-0.3,16,319.900285
-0.48,15,319.946666
-0.71,9,319.984664
1.54,9,320.061806
1.65,12,320.101867
-0.67,10,320.134715
-0.72,8,320.166001
-0.66,10,320.197919
0.04,19,320.260817
-0.73,17,320.310615
1.59,13,320.349423
1.52,15,320.40279
-0.4,15,320.458368
-0.36,12,320.49646
-0.41,15,320.546005
1.48,10,320.576748
-0.47,14,320.620015
1.33,8,320.641725
1.24,6,320.664137
-0.58,15,320.709479
-0.54,10,320.74639
-0.71,9,320.779604
-0.34,14,320.828651
-0.24,15,320.883361
-0.55,10,320.918618
-0.46,14,320.961364
-0.42,18,321.014432
-0.15,13,321.056076
-0.42,12,321.100084
-0.52,11,321.134429
-0.79,9,321.168727
1.34,11,321.202069
1.73,18,321.263034
-0.73,9,321.293358
-0.45,12,321.339258
-0.54,11,321.375959
1.39,11,321.404279
-0.5,16,321.457545
-0.75,14,321.508104
-0.51,13,321.543863
1.34,13,321.584396
-0.59,13,321.624377
-0.73,9,321.654293
-0.35,17,321.702099
-0.59,15,321.794114
1.45,9,321.830407
1.54,13,321.873381
-0.68,12,321.9091
1.23,7,321.932756
-0.97,4,321.947063
1.29,9,321.978909
-0.81,12,322.020853
-0.37,14,322.071418
-0.49,9,322.099442
1.25,11,322.130066
-0.76,8,322.159315
1.32,12,322.19617
-0.44,10,322.227006
-0.82,6,322.251277
-0.81,8,322.275816
1.6,11,322.312671
-0.39,12,322.356191
0.09,20,322.41641
-0.58,10,322.448986
-0.35,15,322.502556
-0.72,15,322.549135
1.29,12,322.595898
1.69,13,322.639525
-0.7,10,322.67218
-0.97,4,322.68789
-0.14,19,322.757401
1.38,15,322.805031
-0.77,7,322.835469
-0.78,8,322.865468
-0.68,9,322.900718
1.18,6,322.914352
-0.76,6,322.934905
-0.34,14,322.979962
-0.51,15,323.02684
-0.61,10,323.066011
-0.32,12,323.111172
-0.42,14,323.158079
-0.44,11,323.201311
-0.33,17,323.251275
-0.65,10,323.279118
1.65,15,323.322293
1.13,6,323.348146
-0.55,10,323.375661
-0.54,11,323.413054
-0.88,9,323.443216
-0.64,11,323.481366
-0.54,15,323.535758
-0.48,17,323.596174
-0.51,12,323.632177
-0.47,9,323.666497
-0.65,12,323.704362
-0.56,13,323.752073
-0.41,14,323.789774
-0.37,16,323.838098
-0.4,11,323.872159
-0.65,9,323.899685
-0.44,14,323.953173
-0.62,12,323.995759
1.17,8,324.024422
-0.4,11,324.064354
-0.58,13,324.103419
1.51,12,324.149701
-0.67,11,324.18135
-0.3,18,324.241952
1.46,12,324.282687
1.45,12,324.323385
-0.55,10,324.357618
-0.73,10,324.392952
-0.3,15,324.440647
-0.19,14,324.49057
-0.66,10,324.523443
-0.75,8,324.54516
-0.52,13,324.586579
-0.53,13,324.636191
-0.54,12,324.671392
-0.57,15,324.721981
-0.7,14,324.769
-0.21,17,324.829705
1.33,10,324.860925
-0.62,9,324.890285
-0.7,11,324.924148
-0.73,9,324.960609
1.84,14,325.008297
1.49,15,325.058803
-0.12,13,325.100413
1.18,7,325.127539
1.64,12,325.167568
1.14,4,325.180829
-0.57,16,325.22798
1.4,11,325.266681
-0.7,12,325.306289
-0.55,9,325.340723
-0.67,17,325.39412
-0.36,16,325.446306
1.16,8,325.475264
-0.68,12,325.515559
-0.52,11,325.552203
-0.53,11,325.591501
1.69,16,325.643596
-0.61,11,325.681537
-0.55,12,325.725658
-0.41,15,325.776135
-0.59,15,325.822462
-0.73,12,325.861089
-0.72,9,325.89297
-0.48,13,325.94197
-0.49,13,325.989438
-0.2,16,326.035493
-0.66,7,326.05913
-0.73,11,326.159506
1.36,11,326.198104
1.45,10,326.22947
-0.67,9,326.25692
-0.64,11,326.297654
-0.76,12,326.334561
-0.38,12,326.37575
-0.64,11,326.416489
-0.75,7,326.444756
1.32,11,326.481387
-0.65,12,326.522565
-0.48,12,326.564128
-0.56,11,326.603569
-0.6,9,326.635721
-0.03,19,326.692308
-0.36,11,326.729711
-0.27,14,326.777027
-0.47,15,326.825347
-0.2,19,326.88463
-0.81,8,326.911715
-0.38,11,326.953496
1.14,4,326.966871
-0.59,12,327.007879
1.26,12,327.0465
1.19,10,327.081676
-0.43,16,327.129846
-0.47,13,327.173946
-0.58,11,327.21519
-0.77,10,327.242143
1.69,15,327.290516
1.06,7,327.313649
-0.77,7,327.338217
-0.56,13,327.381896
-0.76,6,327.402549
1.7,11,327.441002
-0.98,5,327.462163
-0.56,9,327.491056
-0.78,11,327.522309
-0.2,16,327.580224
-0.73,8,327.610285
-0.69,16,327.658162
-0.58,11,327.693902
-0.48,13,327.739286
-1.03,4,327.750528
-0.34,18,327.802508
-0.57,12,327.844742
-0.22,15,327.89772
1.14,4,327.911239
-0.56,9,327.939091
1.45,10,327.967586
1.47,13,328.004283
-0.41,17,328.056531
-0.48,13,328.099998
-0.68,9,328.135292
-0.69,6,328.155568
-0.5,12,328.193971
-0.07,18,328.250567
1.27,9,328.279409
-0.86,7,328.303833
-0.73,8,328.325897
-0.45,13,328.369469
1.36,8,328.393916
1.54,12,328.436295
-0.47,13,328.472975
-0.41,14,328.524715
-0.59,10,328.562146
-0.49,15,328.615119
-0.44,13,328.657073
1.65,14,328.700574
-0.58,14,328.747064
1.64,10,328.780149
-0.41,14,328.83041
-0.77,7,328.856455
-0.2,15,328.906302
-0.68,9,328.936381
-0.36,13,328.976955
-0.51,16,329.022702
-0.65,12,329.060318
-0.12,16,329.116209
-0.38,13,329.157469
-0.68,14,329.203221
-0.3,17,329.257727
-0.77,7,329.276477
-0.92,8,329.301955
-0.51,13,329.346533
-0.69,6,329.367873
-0.54,14,329.408348
-0.54,13,329.453301
-0.59,10,329.492222
1.58,10,329.524091
-0.77,10,329.561286
-0.62,12,329.604475
-0.6,8,329.630041
-0.58,12,329.670854
1.66,10,329.702956
-0.86,8,329.731616
-0.21,21,329.810394
1.61,15,329.867654
-0.54,12,329.912629
-0.72,10,329.953079
-0.82,6,329.976742
-0.61,8,330.004136
-0.92,11,330.039716
1.55,15,330.092119
-0.83,7,330.11973
-0.34,16,330.168424
-0.71,7,330.186881
-0.77,7,330.212525
-0.69,10,330.24938
-0.74,10,330.282527
-0.49,18,330.395874
-0.11,19,330.450947
1.14,4,330.46563
-0.23,12,330.507497
-0.28,18,330.570514
-0.76,11,330.604601
-0.66,12,330.649515
1.39,11,330.684923
-0.46,15,330.733384
-0.55,11,330.767639
-0.57,11,330.801702
-0.51,11,330.834734
-0.41,12,330.875324
-0.58,11,330.91239
1.54,12,330.957635
1.48,12,330.997506
1.71,11,331.037694
-0.69,9,331.068678
-0.81,11,331.102297
1.21,12,331.143269
-0.45,14,331.191452
-0.34,15,331.241582
-0.66,12,331.278262
-0.55,15,331.329996
-0.64,11,331.370121
-0.66,7,331.393656
-0.64,17,331.440677
1.46,9,331.470389
1.14,11,331.505773
-0.76,8,331.531598
-0.6,13,331.572045
-0.54,10,331.601465
-0.66,10,331.639287
-0.71,12,331.681326
1.06,7,331.702755
-0.7,8,331.729951
-0.23,15,331.777029
-0.9,8,331.803791
-0.77,7,331.83328
-0.93,8,331.862147
-0.58,11,331.89743
1.44,8,331.92308
-0.42,11,331.960321
-0.55,10,331.997225
-0.59,8,332.025763
1.71,11,332.066865
-0.61,16,332.119094
-0.75,7,332.146604
-0.64,14,332.192709
-0.67,8,332.221114
-0.74,10,332.262321
-0.62,11,332.299404
1.23,9,332.334387
-0.87,6,332.355705
1.15,9,332.386612
-0.34,14,332.429189
-0.51,15,332.477114
-0.09,18,332.538579
1.44,14,332.582786
-0.52,10,332.614738
1.45,12,332.651328
-0.51,9,332.680043
-0.34,13,332.73271
1.48,13,332.777408
-0.75,8,332.805813
1.14,4,332.817197
-0.48,13,332.86259
-0.74,11,332.897607
-0.58,13,332.940707
1.22,10,332.979024
-0.46,12,333.019961
-0.48,14,333.069994
-0.56,15,333.122006
-0.67,11,333.15464
-0.58,12,333.203608
-0.76,6,333.225701
1.32,9,333.253656
-0.15,16,333.311563
-0.59,9,333.349353
-0.76,6,333.369062
-0.64,11,333.401632
1.47,11,333.438337
1.13,5,333.456298
-0.56,10,333.48543
-1.0,7,333.513126
-0.63,10,333.547613
-0.46,18,333.604425
1.35,8,333.628603
-0.65,10,333.663587
-0.64,10,333.696358
1.58,13,333.744091
-0.64,10,333.778092
-0.75,7,333.802671
-0.67,9,333.835153
-0.35,17,333.891004
-0.86,7,333.917733
-0.5,10,333.9499
-0.67,11,333.990065
-0.74,13,334.036956
1.34,10,334.071336
-0.42,13,334.114238
-0.65,9,334.145954
0.18,19,334.271447
-0.63,13,334.31748
0.16,18,334.378774
1.65,11,334.417572
-0.62,10,334.450068
-0.47,13,334.494244
-0.75,11,334.532356
1.56,9,334.565282
1.38,13,334.614126
-0.26,12,334.663997
-0.22,17,334.719869
-0.75,8,334.751756
-0.89,10,334.786011
-0.63,10,334.820044
1.69,11,334.857388
1.35,12,334.897789
-0.65,11,334.933451
1.37,10,334.96656
-0.67,14,335.01312
1.63,12,335.053377
-0.54,12,335.098507
1.43,13,335.147313
-0.74,10,335.176269
-0.4,14,335.224859
1.6,12,335.260543
-0.5,10,335.2919
-0.64,10,335.325259
-0.85,7,335.345301
1.62,14,335.396024
-0.3,16,335.449872
1.31,10,335.482616
-0.36,19,335.54403
-0.69,10,335.58308
1.81,14,335.620999
1.64,13,335.657539
-0.62,12,335.697312
-0.49,12,335.735743
1.37,9,335.772693
-0.49,14,335.820185
1.31,13,335.861007
-0.47,13,335.906653
-0.28,14,335.948461
-0.57,12,335.993122
-0.44,13,336.034624
-0.29,15,336.090631
-0.61,10,336.126648
1.2,11,336.161481
-0.46,9,336.19562
1.53,13,336.241457
-0.92,5,336.259506
1.81,13,336.306271
-0.9,5,336.327149
-0.5,11,336.364118
-0.64,12,336.404821
-0.59,12,336.442054
-0.43,15,336.491007
-0.69,10,336.524566
1.47,11,336.554798
-0.7,8,336.578956
1.58,11,336.618195
-0.4,14,336.660377
-0.23,20,336.714169
-0.59,12,336.762313
1.14,4,336.77531
1.2,9,336.804622
-0.9,11,336.843108
-0.36,13,336.88981
-0.47,14,336.937976
1.41,9,336.973579
1.58,11,337.010067
-0.46,15,337.0571
-0.62,12,337.097377
-0.4,16,337.148908
-0.77,10,337.185735
-0.64,12,337.229656
1.63,14,337.27636
-0.74,10,337.312542
-0.64,13,337.355028
-0.78,8,337.382961
-0.45,13,337.429855
1.46,13,337.467514
-0.54,12,337.510298
-0.79,11,337.54707
1.31,11,337.586262
-0.69,13,337.62794
-0.59,10,337.660028
-0.64,11,337.695389
-0.52,13,337.736881
-0.51,11,337.776237
-0.62,11,337.815008
-0.35,12,337.854423
-0.7,8,337.877985
-0.4,16,337.93405
1.58,10,337.969913
-0.91,9,338.001006
-0.46,16,338.05216
-0.36,17,338.107877
-0.81,11,338.140544
-0.6,12,338.184197
-0.67,9,338.217954
-0.55,12,338.262621
-0.58,14,338.313961
-0.75,8,338.362991
1.21,9,338.440425
-0.64,10,338.473809
-0.78,14,338.521722
-0.63,12,338.561016
1.53,10,338.594426
-0.82,6,338.622047
-0.65,9,338.653948
1.59,11,338.690636
-0.41,18,338.750489
1.44,11,338.790038
1.62,14,338.83843
1.36,10,338.862881
1.61,12,338.904068
-0.68,9,338.936154
-0.2,14,338.983799
-0.51,12,339.019464
-0.56,15,339.067778
-0.34,14,339.112662
-0.6,9,339.142704
1.51,13,339.18693
-0.75,12,339.221284
-0.84,8,339.25025
-0.65,8,339.274306
1.49,12,339.313982
1.43,12,339.354096
-0.47,16,339.409444
-0.77,9,339.436363
1.76,17,339.490874
-0.57,11,339.528113
-0.65,15,339.576308
-0.69,10,339.604379
-0.74,10,339.639807
-0.7,14,339.686095
-0.47,13,339.733999
-0.77,7,339.758198
-0.51,9,339.78886
-0.64,12,339.832105
-0.71,9,339.867267
-0.46,13,339.913268
-0.25,16,339.971889
1.1,9,340.005951
-0.74,13,340.052936
-0.32,15,340.100536
-0.66,10,340.133486
-0.75,16,340.186282
-0.8,7,340.210935
-0.69,10,340.246365
-0.52,11,340.28565
-0.59,16,340.337636
-0.67,11,340.372277
-0.6,12,340.416841
1.18,10,340.480623
-0.29,12,340.547985
1.49,10,340.583991
1.49,11,340.617821
-0.73,9,340.645108
-0.54,14,340.694421
-0.5,15,340.73968
-0.81,7,340.763102
1.62,11,340.793624
-0.88,7,340.815306
-0.68,12,340.85817
-0.51,12,340.89878
-0.64,8,340.925104
1.15,7,340.953844
-0.41,14,340.999366
-0.52,13,341.041797
-0.78,8,341.066727
-0.29,17,341.120794
-0.53,10,341.156711
1.41,11,341.196336
-0.64,11,341.230459
-0.93,6,341.252038
-0.64,14,341.299296
1.39,11,341.333331
-0.26,13,341.381764
1.16,9,341.410193
-0.39,16,341.46004
-0.59,10,341.485055
-0.34,18,341.545979
1.35,8,341.567041
-0.61,10,341.605471
-0.27,12,341.64284
-0.79,12,341.678129
-0.77,7,341.699904
1.47,10,341.733281
-0.36,13,341.774262
-0.73,9,341.806777
-0.52,18,341.860106
-0.69,10,341.892594
-0.71,9,341.918832
-0.45,14,341.967429
1.97,18,342.021597
-0.57,10,342.058097
1.23,9,342.089268
-0.82,9,342.11757
-0.59,11,342.155245
-0.75,8,342.185392
1.18,6,342.20872
-0.45,15,342.257492
-0.65,10,342.284387
1.44,11,342.322871
-0.38,16,342.373032
-0.6,13,342.475241
-0.61,11,342.513045
1.48,9,342.541479
1.69,11,342.57627
1.42,10,342.606885
1.27,9,342.636924
-0.73,11,342.680026
-0.73,13,342.721109
1.14,13,342.767446
-0.26,14,342.816523
-0.89,11,342.854049
-0.65,13,342.895699
-0.65,15,342.947996
-0.47,12,342.986103
-0.89,8,343.01534
-0.59,9,343.041904
-0.59,12,343.082515
-0.71,9,343.106748
1.33,11,343.144276
-0.36,18,343.20836
-0.39,18,343.267337
1.28,7,343.288666
-0.72,10,343.321776
-0.59,8,343.348641
1.26,12,343.38884
-0.81,7,343.415569
1.6,11,343.454086
-0.92,5,343.472885
-0.23,17,343.527716
-0.78,11,343.565351
-0.52,13,343.605836
-0.18,17,343.655255
-0.61,10,343.686988
-0.69,11,343.721352
-0.39,20,343.775513
-0.46,13,343.817834
0.0,20,343.882292
1.38,11,343.919764
1.25,10,343.957571
-0.62,14,344.007875
-0.93,6,344.024624
1.68,11,344.062475
-0.5,10,344.096222
-0.61,8,344.122094
-0.88,9,344.147714
-0.74,9,344.173545
-0.65,11,344.21072
-0.88,6,344.229084
-0.86,8,344.260076
-0.78,11,344.301334
-0.73,11,344.338664
1.32,10,344.368672
-0.31,13,344.416969
1.45,13,344.457175
-0.3,18,344.512027
-0.77,12,344.553618
1.14,4,344.566681
-0.59,9,344.597696
1.5,10,344.63209
-0.66,13,344.669075
-0.71,9,344.703343
-0.56,17,344.758904
-0.52,13,344.804452
1.07,9,344.834976
-0.32,14,344.879747
-0.72,10,344.911227
-0.55,11,344.949001
-0.46,15,344.993464
-0.3,15,345.044057
-0.45,10,345.074368
-0.52,12,345.112841
-0.63,13,345.147834
-0.29,17,345.200365
-1.01,5,345.216637
-0.44,10,345.247615
-0.69,10,345.27816
1.38,13,345.320702
-0.26,13,345.363064
1.47,11,345.403676
-0.44,17,345.459613
1.74,14,345.509111
-0.78,8,345.53159
-0.75,14,345.57365
-0.93,6,345.594021
-0.71,13,345.638892
-0.49,12,345.681381
-0.61,11,345.719324
1.63,10,345.756088
-0.65,10,345.79841
-0.6,9,345.829502
-0.52,10,345.870622
-0.53,12,345.904941
-0.66,10,345.93167
-0.72,10,345.970496
-0.71,7,345.996624
-0.19,18,346.055689
-0.63,12,346.09537
-0.46,12,346.138401
-0.46,9,346.171352
1.14,4,346.184769
-0.32,12,346.224637
-0.77,7,346.250984
1.41,8,346.276982
-0.73,11,346.313681
-0.52,11,346.347834
-0.25,19,346.40591
-0.8,7,346.432234
-0.03,16,346.548609
-0.53,10,346.580204
-0.68,11,346.618488
1.39,11,346.654535
-0.29,15,346.714761
-0.64,9,346.75007
1.38,11,346.808647
-0.3,12,346.887749
-0.55,13,346.959142
1.48,13,347.017243
-0.73,10,347.070234
-0.84,12,347.133518
-0.73,9,347.166842
1.3,8,347.197244
-0.75,8,347.227979
1.3,7,347.26965
-0.85,6,347.297946
-0.88,7,347.322348
1.64,10,347.35329
-0.72,13,347.399897
1.44,11,347.431799
1.58,11,347.470593
1.3,8,347.499168
-0.76,9,347.532102
-0.87,6,347.55386
-0.77,8,347.582751
-0.65,14,347.626198
-0.55,12,347.673577
-0.71,6,347.697037
-0.44,17,347.754973
1.14,4,347.768105
1.31,13,347.810835
1.12,6,347.832465
1.14,4,347.844809
-0.53,12,347.889404
1.14,4,347.906063
-0.52,12,347.950658
-0.57,10,347.984829
-0.62,9,348.017712
1.55,11,348.048621
-0.35,15,348.101822
-0.76,13,348.150931
-0.39,17,348.202292
-0.71,10,348.239285
-0.76,9,348.274671
-0.76,9,348.311077
-0.36,13,348.352193
1.48,11,348.390887
-0.54,10,348.422746
1.76,15,348.475301
1.68,12,348.516577
-0.57,11,348.562819
1.32,11,348.60161
-0.52,14,348.65308
-0.21,14,348.699885
-0.33,14,348.747692
-0.69,10,348.772229
1.39,10,348.808086
-0.77,7,348.833756
-0.59,12,348.870306
-0.66,9,348.90469
1.54,13,348.946214
-0.7,11,348.984857
-0.64,14,349.039543
1.53,13,349.07897
1.54,14,349.123076
-0.97,4,349.13802
-0.49,13,349.18052
1.23,7,349.200367
-0.86,10,349.232931
-0.4,13,349.28029
-0.73,10,349.317889
-0.52,10,349.35482
-0.32,17,349.407356
1.17,7,349.428226
-0.6,14,349.470373
1.33,11,349.508608
-0.15,16,349.564739
-0.67,10,349.602123
-0.75,7,349.628629
1.14,4,349.641647
1.43,12,349.678176
1.63,11,349.717143
1.39,8,349.743229
-0.68,9,349.766808
-0.51,9,349.800018
-0.69,10,349.831666
-0.46,13,349.876112
-0.77,7,349.903346
-0.6,10,349.947276
1.2,8,349.973933
1.39,8,350.000659
1.13,5,350.016659
1.37,12,350.051572
-0.69,17,350.10261
-0.59,14,350.159559
1.66,14,350.203144
-0.89,7,350.23184
-0.57,9,350.265174
-0.61,10,350.300778
1.75,13,350.33562
1.65,17,350.380797
-0.66,10,350.418904
1.56,15,350.464384
-0.54,12,350.507703
-0.73,8,350.534824
-0.16,12,350.573591
-0.74,11,350.678847
1.61,14,350.723278
-0.53,11,350.758362
1.63,12,350.797153
1.14,4,350.812879
-0.1,16,350.863138
-0.67,10,350.901134
-0.51,11,350.935464
-0.27,19,351.001551
1.48,16,351.053264
1.51,13,351.093827
-0.61,11,351.126501
1.32,11,351.168409
-0.14,21,351.227843
-0.67,8,351.259349
1.35,9,351.29482
1.6,11,351.332526
-0.7,12,351.370634
-0.3,16,351.423958
-0.71,10,351.460213
-0.78,8,351.490888
-0.61,11,351.527628
-0.55,13,351.572129
-0.55,10,351.606656
-0.66,17,351.666532
-0.66,10,351.696707
-0.32,16,351.743389
-0.57,13,351.785299
-0.66,8,351.815015
-0.4,15,351.859949
-0.86,7,351.882272
-0.34,18,351.938497
-0.46,13,351.98665
-0.38,14,352.027228
-0.65,9,352.052876
-0.34,14,352.098865
-0.54,12,352.139306
-0.65,12,352.175645
1.17,11,352.208589
1.33,11,352.236237
-0.44,14,352.291368
-0.43,18,352.349392
-0.67,8,352.379956
-0.73,8,352.406925
1.3,14,352.454758
-0.59,9,352.486394
-0.65,11,352.523944
-0.16,15,352.576049
-0.52,10,352.609768
1.61,17,352.672408
-0.88,12,352.709392
1.4,10,352.740495
-0.42,9,352.773874
-0.38,18,352.829949
1.39,10,352.865321
-0.4,14,352.911405
1.5,10,352.941188
1.51,15,352.991199
-0.64,13,353.028159
-0.17,16,353.082803
-0.61,18,353.142247
1.55,12,353.185093
-0.56,8,353.214092
-0.77,7,353.232798
-0.21,17,353.294616
-0.73,12,353.332593
-0.85,10,353.364069
1.12,11,353.396283
-0.51,12,353.438892
-0.43,17,353.495742
1.23,10,353.529941
-0.34,17,353.585772
1.33,11,353.630001
-0.68,12,353.675431
-0.6,10,353.71302
-0.88,9,353.743946
-0.63,14,353.786236
-0.56,10,353.816365
-0.43,13,353.863579
1.14,4,353.877091
-0.67,8,353.91009
-0.65,9,353.941975
-0.55,16,353.992601
-0.56,17,354.047774
-0.12,21,354.110551
-0.66,11,354.145053
-0.66,10,354.181035
-0.68,9,354.206413
-0.68,12,354.249001
-0.28,18,354.299623
1.14,4,354.315185
-0.67,8,354.344666
-0.78,8,354.37723
-0.36,14,354.423913
-0.51,12,354.459926
-0.42,15,354.508426
1.53,9,354.536956
1.61,14,354.576495
1.68,12,354.618201
-0.54,13,354.66289
-0.62,9,354.695647
-0.61,15,354.746847
-0.56,14,354.79463
-0.63,13,354.835201
-0.65,9,354.87043
-0.38,13,354.915731
-0.68,10,355.010181
-0.56,12,355.060587
1.32,9,355.095829
-0.28,15,355.143017
1.53,16,355.19402
-0.51,16,355.249205
-0.87,5,355.272236
-0.54,12,355.307132
-0.58,11,355.343542
1.41,11,355.379907
-0.41,11,355.42122
1.49,9,355.447513
0.05,15,355.49648
1.44,12,355.535721
1.36,12,355.571526
1.41,11,355.610093
-0.72,13,355.653608
1.42,13,355.692465
-0.62,14,355.747472
-0.15,13,355.794707
1.66,16,355.846589
-0.68,9,355.880343
-0.58,14,355.923724
-0.51,11,355.96148
-0.17,18,356.015861
-0.63,17,356.075911
1.14,4,356.092268
1.42,12,356.131228
-0.61,9,356.164787
-0.42,17,356.21982
-0.55,10,356.253267
-0.63,15,356.302336
-0.81,8,356.32766
1.47,11,356.363081
-0.32,13,356.407116
-1.03,7,356.431881
-0.49,11,356.46544
-0.83,7,356.491984
-0.79,12,356.537787
-0.39,16,356.587371
-0.73,9,356.61436
-0.73,11,356.651983
1.07,9,356.682422
-0.4,14,356.725471
-0.33,14,356.769945
-0.77,11,356.807194
1.49,11,356.844971
-0.61,13,356.888646
-0.35,14,356.939754
1.49,12,356.974755
1.5,10,357.009607
1.53,10,357.045985
-0.82,9,357.0746
-0.48,13,357.117097
-0.4,15,357.169483
1.59,10,357.196031
-0.6,10,357.232768
-0.34,11,357.26994
-0.4,14,357.321514
-0.84,9,357.345974
1.4,9,357.380671
1.14,4,357.392565
1.14,4,357.40892
-0.56,12,357.454024
-0.61,8,357.476905
-0.6,9,357.507265
-0.42,13,357.550552
-0.75,11,357.586049
1.5,13,357.6276
-0.78,14,357.669401
-0.92,5,357.688149
-0.76,9,357.718554
1.35,9,357.748572
1.35,14,357.797169
-0.12,19,357.863586
1.65,12,357.907239
-0.55,14,357.949209
-0.58,11,357.982202
1.49,13,358.021778
-0.76,10,358.058969
-0.8,8,358.087833
-0.66,14,358.131941
-0.15,17,358.182179
-0.52,10,358.214035
-0.67,8,358.243225
-0.48,11,358.34887
-0.8,7,358.372512
-0.5,15,358.422524
-0.72,10,358.451448
1.36,11,358.486023
1.4,9,358.521139
-0.66,14,358.567544
-0.54,17,358.624337
1.31,10,358.660176
-0.94,7,358.691883
1.22,8,358.717546
-0.92,5,358.735652
-0.71,9,358.764298
-1.03,7,358.792419
-0.24,16,358.842828
0.0,18,358.894314
-0.71,9,358.919556
1.33,8,358.948241
1.33,10,359.03741
-0.72,16,359.088885
-0.33,15,359.142454
-0.58,10,359.177535
-0.59,17,359.228773
-0.54,10,359.258818
1.45,11,359.30062
-0.68,12,359.344426
-0.42,14,359.394344
1.17,6,359.417657
-0.67,9,359.449731
1.67,14,359.500075
-0.35,18,359.557496
-0.61,14,359.603191
1.35,11,359.635447
1.14,4,359.650038
-0.8,7,359.674621
-0.66,13,359.718249
1.45,10,359.755556
-0.55,13,359.800543
1.82,13,359.837749
-0.5,12,359.880058
-0.56,14,359.929574
0.01,17,359.981973
-0.56,14,360.032433
1.58,14,360.076209
-0.11,16,360.127789
1.14,4,360.142532
1.53,18,360.198569
-0.54,15,360.246418
-0.62,12,360.281038
-0.47,14,360.329467
-0.53,17,360.379173
-0.53,14,360.42629
-0.51,11,360.470348
-0.87,9,360.503229
-0.57,18,360.558036
-0.64,12,360.60001
-0.51,11,360.636435
-0.82,10,360.672185
-0.64,14,360.720968
-0.62,12,360.757437
1.48,12,360.797578
-0.27,16,360.849396
1.58,16,360.900764
-0.51,12,360.938586
1.18,9,360.970064
-0.67,11,361.010654
-0.59,11,361.048238
-0.82,10,361.080812
-0.48,12,361.123099
-0.58,15,361.178384
-0.56,11,361.219202
-0.47,12,361.256545
-0.62,11,361.29435
-0.78,8,361.323853
1.63,12,361.36486
-0.34,14,361.407398
-0.43,12,361.444833
-0.67,9,361.476264
-0.66,10,361.516288
-0.26,16,361.560459
-0.67,9,361.584603
-0.68,9,361.616124
1.49,9,361.644457
-0.66,10,361.681026
-0.56,8,361.709157
-0.76,9,361.739985
1.55,11,361.780904
-0.62,8,361.809121
-0.31,12,361.850603
-0.61,18,361.9042
-0.66,7,361.931709
1.33,8,361.962632
1.52,12,362.002279
-0.48,14,362.056052
1.3,8,362.084403
-0.82,7,362.107806
-0.3,18,362.170743
-0.69,7,362.19712
-0.82,6,362.215388
1.77,15,362.269039
1.63,12,362.309119
1.43,9,362.341376
-0.62,9,362.373194
-0.61,10,362.409625
-0.36,14,362.446523
-0.32,13,362.49562
-0.58,14,362.544413
1.48,12,362.583451
-0.39,10,362.619456
1.36,13,362.660321
-0.72,7,362.680094
-0.8,10,362.707371
-0.29,18,362.766263
-0.64,8,362.794425
-0.6,10,362.828312
1.14,4,362.842108
1.59,14,362.892262
-0.44,13,362.936486
1.22,14,362.981716
-0.62,10,363.0161
-0.46,12,363.051537
-0.49,12,363.091096
-0.65,13,363.132569
1.26,9,363.163169
-0.29,12,363.266951
-0.38,19,363.328981
-0.64,10,363.364208
1.27,8,363.385018
1.36,11,363.412538
-0.59,11,363.458099
-0.77,12,363.506539
-0.45,11,363.541805
-0.25,16,363.592643
-0.7,11,363.634844
-0.67,8,363.66439
1.73,12,363.706674
-0.56,11,363.745315
-0.85,6,363.770975
1.14,4,363.78424
1.29,6,363.802111
1.28,10,363.843569
-0.74,6,363.868232
-0.62,10,363.903251
-0.66,9,363.934022
1.48,9,363.962786
-0.88,10,364.000654
-0.6,11,364.038088
-0.41,18,364.094938
-0.53,10,364.126769
-0.56,13,364.167985
-0.58,10,364.197048
-0.69,13,364.241345
-0.64,7,364.258915
1.5,10,364.295925
-0.35,13,364.339194
1.18,9,364.365972
-0.65,9,364.399817
-0.85,9,364.428843
-0.65,8,364.458219
-0.49,10,364.493888
-0.46,15,364.541687
-0.4,11,364.581637
-0.58,12,364.621928
-0.33,11,364.663491
-0.55,12,364.700809
1.45,11,364.733876
-0.82,10,364.767889
1.58,10,364.798665
-0.36,13,364.838789
-0.55,15,364.891519
-0.38,15,364.939044
-0.78,10,364.970329
-0.83,7,364.993981
-0.55,15,365.048874
-0.69,13,365.096907
1.29,9,365.132019
-0.69,7,365.152959
1.5,12,365.188239
1.48,10,365.221596
-0.89,7,365.24925
-0.8,7,365.270533
-0.5,14,365.317166
1.61,13,365.359952
-0.48,14,365.422833
1.58,14,365.462031
-0.44,12,365.498647
-0.49,10,365.534578
1.29,14,365.579258
-0.55,15,365.62121
-0.35,14,365.666146
-0.48,14,365.715869
-0.34,13,365.759286
-0.66,9,365.78703
-0.58,10,365.82448
-0.58,9,365.867693
-0.55,11,365.908222
-0.7,11,365.94629
-0.2,16,365.998343
-0.42,13,366.038726
1.55,11,366.081374
1.43,9,366.113161
1.28,8,366.144838
-0.88,10,366.174347
-0.39,16,366.228202
1.48,9,366.257384
-0.62,10,366.28231
1.29,6,366.302706
-0.87,6,366.321955
-0.4,16,366.370045
-0.59,9,366.40236
1.4,12,366.439227
1.41,10,366.470296
1.42,10,366.505259
1.22,11,366.546565
-0.47,13,366.587249
1.43,9,366.623121
-0.56,14,366.669938
-0.62,8,366.697044
-0.71,6,366.718892
1.14,4,366.732004
1.39,13,366.777129
-0.66,10,366.809992
-0.47,12,366.850028
1.62,11,366.890105
-0.53,10,366.926886
1.54,11,366.960841
-0.63,12,367.001564
-0.25,19,367.0568
1.67,12,367.101193
-0.41,9,367.134642
1.4,13,367.180794
-0.49,9,367.277268
-0.35,18,367.336996
-0.28,16,367.382271
1.42,11,367.418695
-0.73,8,367.447663
-0.82,11,367.485024
-0.52,16,367.537572
-0.58,20,367.594771
1.54,9,367.624333
-0.2,19,367.67637
1.49,12,367.717788
-0.7,9,367.748749
1.3,8,367.776468
1.46,9,367.804259
-0.81,11,367.850589
-0.63,11,367.897474
1.14,4,367.912979
1.22,11,367.95141
-0.57,10,367.988123
-0.53,11,368.018691
-0.57,15,368.063444
-0.58,11,368.090336
-0.67,14,368.13909
1.48,13,368.181285
-0.56,16,368.227482
-0.69,14,368.278137
1.79,14,368.326726
-0.29,18,368.390814
-0.55,14,368.439448
-0.54,15,368.491417
-0.78,13,368.530202
1.38,11,368.56651
-0.66,13,368.612456
1.45,10,368.645154
1.51,11,368.680256
-0.44,11,368.717476
-0.38,13,368.762619
1.74,17,368.817191
1.61,10,368.847898
-0.63,12,368.888225
-0.52,10,368.927339
-0.9,6,368.943735
1.54,11,368.983794
-0.67,10,369.01643
-0.32,11,369.053204
-0.66,10,369.08155
-0.23,15,369.130754
-0.59,14,369.173536
-0.41,12,369.212367
-0.4,19,369.270775
1.59,12,369.31383
-0.47,17,369.367435
-0.77,7,369.394963
-0.4,14,369.444569
-0.67,11,369.481173
1.39,11,369.515659
-0.52,11,369.558669
1.37,13,369.603168
-0.56,11,369.636804
1.62,14,369.68428
1.66,13,369.727019
-0.64,8,369.753646
-0.78,7,369.774906
-0.82,6,369.792602
-0.49,13,369.839757
-0.72,19,369.900224
-0.16,16,369.950508
-0.43,10,369.984445
-0.57,12,370.025301
1.31,14,370.07264
-0.87,11,370.114785
-0.62,16,370.163485
-0.76,10,370.199232
-0.82,6,370.21925
-0.57,9,370.254847
-0.33,18,370.30882
-0.8,7,370.335099
1.66,14,370.38218
1.29,10,370.420384
-0.23,14,370.467482
-0.48,12,370.50575
-0.59,17,370.563733
-0.28,14,370.611365
-0.35,15,370.651123
1.12,10,370.680893
-0.52,12,370.724374
-0.68,10,370.767003
-0.66,7,370.790648
-0.62,14,370.835554
-0.54,10,370.868469
-0.56,14,370.91641
1.33,15,370.96493
1.67,15,371.013768
-0.62,8,371.037832
1.45,12,371.083611
1.39,10,371.114011
1.73,14,371.159213
1.32,11,371.191849
-0.67,10,371.232728
-0.36,11,371.266924
1.4,9,371.299406
-0.68,9,371.326083
-0.88,10,371.360791
1.52,11,371.399687
-0.18,16,371.522757
-0.5,14,371.565542
-0.58,11,371.594312
-0.94,7,371.619254
-0.59,10,371.648207
1.82,16,371.699826
-0.6,10,371.73555
1.5,12,371.775645
-0.37,13,371.81904
-0.75,14,371.854604
1.42,10,371.892325
0.0,15,371.946239
-0.61,10,371.978189
-0.39,16,372.029331
-0.67,8,372.059362
-0.68,12,372.101792
-0.41,15,372.143929
-0.7,11,372.177554
-0.76,9,372.21397
1.52,11,372.249458
-0.39,17,372.298314
-0.49,14,372.341585
-0.28,14,372.384901
-0.74,11,372.427796
-0.22,14,372.478627
-0.5,11,372.514051
1.49,11,372.545902
-0.26,14,372.590782
-0.04,19,372.64504
-0.44,16,372.690185
1.28,8,372.716297
1.32,9,372.747196
1.32,12,372.783137
-0.36,10,372.810363
-0.23,13,372.851389
-0.35,11,372.892256
-0.59,11,372.926144
1.26,13,372.966684
1.24,9,373.000393
-0.37,11,373.040521
-0.58,12,373.073772
1.45,10,373.110707
-0.39,13,373.158119
1.46,11,373.197976
-0.38,14,373.243772
-0.76,8,373.271794
-0.49,11,373.309006
1.52,11,373.346631
-0.19,14,373.39139
-0.67,10,373.424519
-0.34,14,373.470851
-0.17,19,373.527947
1.31,10,373.557449
-0.64,11,373.599586
-0.58,16,373.64827
1.45,9,373.674249
-0.46,14,373.715972
1.32,11,373.758152
-0.38,13,373.799473
1.43,9,373.831164
1.57,12,373.865597
-0.83,7,373.891912
-0.35,12,373.931688
-0.52,13,373.976797
1.55,11,374.012255
-0.58,13,374.053666
-0.51,9,374.090366
-0.53,13,374.132534
-0.63,10,374.171562
1.73,12,374.209675
-0.34,17,374.263227
1.74,12,374.308124
-0.66,8,374.343867
1.73,13,374.394455
-0.62,14,374.446484
-0.18,18,374.514849
-0.65,8,374.545788
-0.41,12,374.588367
-0.25,15,374.640585
-0.33,18,374.697523
1.5,13,374.742418
1.37,12,374.781668
1.59,12,374.818252
-0.46,14,374.864249
1.34,10,374.895003
-0.47,13,374.937579
-0.85,7,374.965224
-0.41,13,375.008757
-0.71,13,375.053781
1.2,10,375.087443
1.61,11,375.127119
-0.3,15,375.174978
1.14,4,375.188898
1.7,14,375.229702
1.44,12,375.26704
-0.83,7,375.288055
-0.44,13,375.328301
-0.58,13,375.366621
-0.4,11,375.406107
1.41,12,375.446683
-0.32,12,375.488425
-0.43,14,375.531722
1.23,7,375.618548
-0.22,18,375.679111
-0.6,11,375.71695
-0.48,15,375.765241
-0.35,12,375.811952
1.47,11,375.847655
1.39,13,375.890945
-0.21,17,375.94873
-0.68,12,375.993818
-0.34,14,376.045382
-0.5,10,376.078666
-0.47,11,376.116692
-0.75,8,376.142006
1.11,10,376.173809
-0.28,19,376.235769
-0.54,13,376.281001
1.49,11,376.371772
-0.36,20,376.435344
-0.6,9,376.461173
-0.36,13,376.504411
-0.81,5,376.523113
1.76,13,376.570083
1.14,4,376.580565
-0.78,14,376.625854
-0.87,12,376.6657
-0.48,11,376.697447
-0.49,11,376.734499
1.13,5,376.749744
-0.61,10,376.786903
1.43,11,376.821296
-0.14,16,376.873892
-0.52,11,376.91223
1.23,10,376.948078
-0.51,9,376.987777
-0.49,10,377.021172
-0.3,12,377.060412
1.47,11,377.099045
1.39,12,377.140173
1.31,7,377.16031
-0.42,15,377.209262
-0.78,13,377.258804
-0.55,15,377.312523
-0.09,17,377.369704
1.36,8,377.399696
-0.23,15,377.445136
-0.34,14,377.494006
-0.66,7,377.520642
-0.51,16,377.571099
-0.82,9,377.597833
1.14,4,377.60751
-0.91,10,377.643449
-0.54,9,377.677388
-0.63,10,377.708812
-0.51,11,377.745763
-0.37,15,377.797219
1.24,8,377.823875
1.38,11,377.865016
1.59,11,377.904243
-0.48,16,377.952874
-0.54,10,377.990666
-0.87,7,378.011167
1.51,10,378.046354
-0.66,9,378.078244
1.44,11,378.118289
-0.44,16,378.17763
-0.56,12,378.218956
1.4,12,378.258591
-0.7,11,378.299194
-0.41,13,378.34375
-0.42,17,378.392825
-0.29,15,378.444141
-0.71,9,378.475277
-0.97,4,378.490133
-0.32,12,378.531261
-0.81,7,378.555042
1.26,11,378.594137
-0.64,11,378.630005
-0.37,14,378.67949
-0.52,17,378.727909
-0.59,12,378.768749
-0.66,10,378.808534
-0.91,4,378.821754
-0.86,8,378.848199
-0.72,7,378.868508
-0.54,15,378.925004
-0.89,8,378.950388
-0.19,15,378.99829
-0.37,15,379.049559
-0.45,12,379.087729
-0.69,13,379.126604
-0.52,13,379.169498
-0.78,7,379.195285
-0.77,10,379.228139
-0.69,8,379.25466
-0.58,10,379.293737
-0.29,16,379.349873
-0.47,13,379.39792
-0.31,16,379.443888
-0.55,10,379.482958
-0.48,12,379.520056
1.56,12,379.56322
-0.37,16,379.615541
-0.44,17,379.668644
1.48,9,379.698028
-0.84,8,379.722988
-0.47,14,379.770644
-0.75,11,379.805379
-0.52,13,379.854203
1.46,9,379.882912
1.46,9,379.911824
-0.86,10,379.942226
-0.82,6,379.962849
-0.5,14,380.006245
-0.73,9,380.033505
-0.13,21,380.10029
1.49,9,380.133945
-0.86,7,380.161974
1.26,9,380.189478
1.14,4,380.199388
-0.16,16,380.251495
-0.65,11,380.291986
-0.28,19,380.349097
-0.46,13,380.392348
-0.36,13,380.443274
1.14,4,380.460048
1.48,10,380.496267
1.48,12,380.596526
1.12,7,380.62111
-0.71,10,380.658991
-0.73,9,380.690421
1.19,8,380.713226
-0.36,14,380.760908
-0.64,10,380.79485
-0.5,15,380.840966
-0.85,10,380.872658
-0.39,14,380.916275
-0.41,16,380.968864
-0.79,6,380.98903
1.35,15,381.029539
-0.42,10,381.06206
-0.34,15,381.112639
-0.66,12,381.151458
1.47,15,381.195835
-0.58,12,381.240381
-0.23,18,381.298957
1.38,9,381.327764
-0.58,9,381.357484
1.42,11,381.398025
-0.28,14,381.446938
-0.58,13,381.487724
1.62,11,381.522998
-0.54,11,381.558838
-0.49,9,381.599571
-0.48,13,381.638871
-0.53,10,381.670294
1.61,10,381.702463
1.49,12,381.742691
-0.65,11,381.780841
-0.37,15,381.823704
-0.66,7,381.849675
-0.51,15,381.90473
-0.27,17,381.959993
-0.94,6,381.977387
-0.61,10,382.005854
-0.36,13,382.049341
-0.36,12,382.087634
-0.79,8,382.114351
-0.7,15,382.162571
-0.3,14,382.210705
-0.31,15,382.252529
1.49,9,382.284394
-0.47,10,382.320038
-0.68,16,382.377829
-0.48,11,382.414405
-0.66,10,382.443983
1.49,10,382.481289
1.13,5,382.499137
-0.48,10,382.536804
-0.38,16,382.586827
1.51,11,382.61872
1.55,11,382.654372
1.37,9,382.684052
-0.71,10,382.723552
1.56,15,382.77685
-0.68,10,382.813683
-0.7,10,382.849398
1.48,13,382.892525
-0.4,11,382.934275
1.61,10,382.968204
-0.82,14,383.014557
-0.53,11,383.043177
-0.59,11,383.078746
-0.42,16,383.126763
-0.33,18,383.185473
-0.51,12,383.22922
-0.42,11,383.264345
1.38,12,383.309157
1.35,10,383.347151
-0.59,8,383.376468
1.35,11,383.413747
-0.6,13,383.458097
1.58,11,383.494123
-0.29,16,383.546172
1.31,7,383.568577
1.5,14,383.614021
-0.51,9,383.643249
-0.75,11,383.676416
-0.23,17,383.731811
-0.62,15,383.783164
-0.73,11,383.821239
1.63,11,383.859578
-0.52,9,383.895241
-0.72,9,383.929971
-0.61,11,383.969679
1.42,13,384.010981
1.14,4,384.023425
-0.31,15,384.074481
-0.98,8,384.101373
-0.09,16,384.157297
1.14,4,384.170613
-0.45,12,384.213717
-0.36,13,384.25238
-0.61,12,384.29084
1.49,9,384.323324
-0.74,10,384.358866
-0.52,16,384.40758
-0.47,16,384.459741
1.14,4,384.470053
-0.71,9,384.501911
-0.55,10,384.538089
-0.61,11,384.580105
-0.72,11,384.672346
-0.68,13,384.732567
-0.52,14,384.784109
1.65,17,384.83925
-0.65,8,384.86922
-0.43,15,384.923101
-0.22,16,384.971119
-0.6,10,385.002483
-0.66,12,385.046105
-0.13,20,385.106253
-0.35,13,385.14888
-0.51,12,385.191872
-0.71,13,385.23686
-0.58,11,385.274804
-0.6,14,385.323475
1.49,16,385.372144
-0.84,8,385.403484
-0.66,7,385.427661
-0.79,9,385.458283
-0.67,13,385.501405
-0.69,13,385.539483
1.48,10,385.573983
-0.71,9,385.606564
1.34,10,385.644435
1.42,9,385.672845
-0.53,11,385.705945
-0.69,10,385.742105
-0.28,17,385.796511
-0.73,8,385.822108
-0.66,15,385.873193
-0.66,10,385.906999
1.6,15,385.94575
-0.45,14,385.990849
-0.65,11,386.027104
1.58,11,386.056418
-0.3,16,386.11185
-0.53,11,386.154677
-0.51,15,386.207524
1.43,13,386.251196
-0.62,9,386.277303
-0.65,13,386.324316
-0.52,13,386.369095
1.55,14,386.414571
1.54,9,386.445033
1.2,11,386.48244
1.54,13,386.528996
-0.72,8,386.556872
-0.51,12,386.597082
-0.69,10,386.63219
1.32,9,386.666985
-0.46,10,386.706396
-0.47,11,386.73734
1.42,10,386.771283
-0.4,11,386.811912
1.44,11,386.849489
-0.36,16,386.899971
-0.77,9,386.93265
1.18,6,386.953982
1.42,10,386.987073
-0.6,9,387.016444
-0.61,14,387.062777
1.14,4,387.076521
1.3,11,387.11174
-0.66,13,387.158801
-0.88,6,387.175634
1.13,5,387.193792
-0.63,10,387.232067
-0.31,15,387.283344
-0.53,14,387.334155
-0.79,9,387.363493
-0.44,15,387.410943
-0.32,11,387.451837
-0.6,10,387.486054
1.36,11,387.527287
-0.71,6,387.549523
1.43,13,387.593387
-0.55,9,387.624554
-0.48,13,387.667651
-0.67,11,387.700141
-0.58,15,387.749975
-0.48,11,387.787257
-0.73,9,387.822828
-0.57,13,387.869358
1.1,8,387.893691
-0.76,10,387.930278
-0.65,16,387.985173
1.34,10,388.018115
1.57,12,388.058744
1.64,14,388.11116
1.37,10,388.144095
-0.41,15,388.197689
-0.71,8,388.229111
-0.84,8,388.25511
-0.59,14,388.304052
-0.33,13,388.34753
1.61,11,388.380103
-0.34,14,388.42463
0.07,16,388.473953
-0.59,16,388.530468
-0.48,15,388.577662
-0.32,17,388.633567
-0.49,12,388.677711
-0.66,10,388.747177
1.37,12,388.803867
-0.58,16,388.853477
-0.72,8,388.886623
1.51,9,388.914625
-0.6,10,388.981544
1.14,4,389.019748
1.36,7,389.048911
-0.66,9,389.081391
1.5,10,389.112054
-0.65,13,389.153218
-0.26,15,389.211244
-0.56,11,389.248252
-0.53,16,389.296907
1.59,13,389.342611
1.42,10,389.378421
-0.36,13,389.418166
-0.47,16,389.474912
1.2,13,389.524423
-0.82,6,389.550036
-0.81,11,389.590633
1.45,10,389.622209
-0.16,18,389.675853
-0.46,14,389.728472
-0.82,6,389.751089
-0.29,15,389.798575
1.64,20,389.862339
1.48,10,389.897577
1.56,13,389.941537
-0.38,18,390.000013
1.37,10,390.034384
-0.68,9,390.06805
1.14,4,390.080349
-0.72,12,390.116693
-0.53,10,390.15308
-0.39,14,390.205763
-0.54,10,390.239978
1.32,9,390.272555
-0.96,9,390.309949
1.13,5,390.32874
1.14,4,390.342126
-0.98,5,390.356868
-0.46,10,390.388445
-0.5,11,390.41885
-0.86,7,390.443752
-0.46,11,390.483626
-0.54,15,390.530234
-0.45,15,390.580677
1.14,4,390.592933
-0.54,12,390.634295
-0.6,10,390.674336
-0.81,11,390.708701
1.44,11,390.742225
-0.57,10,390.780851
-0.62,13,390.828685
-0.53,11,390.865284
-0.6,10,390.898004
1.65,13,390.945392
-0.59,15,390.994151
1.53,11,391.036376
-0.62,12,391.073526
-0.48,12,391.113621
-0.67,13,391.154357
-0.54,10,391.19348
-0.39,18,391.249218
-0.62,15,391.298764
1.52,11,391.332228
-0.52,13,391.37718
-0.72,14,391.421421
-0.66,9,391.445083
-0.56,17,391.499951
-0.79,12,391.536031
-0.4,17,391.585418
-0.78,11,391.623839
-0.61,11,391.664904
1.37,12,391.707937
-0.71,10,391.74333
-0.59,8,391.774329
1.14,4,391.785815
-0.61,11,391.824933
-0.62,10,391.861484
-0.16,14,391.907897
1.44,14,391.957025
1.73,14,392.000671
-0.52,14,392.051785
-0.59,12,392.094369
0.98,21,392.160916
-0.83,7,392.18867
1.76,14,392.234614
-0.82,6,392.252697
-0.61,11,392.281935
1.43,15,392.324494
1.81,13,392.360254
1.56,10,392.391898
1.85,18,392.443364
1.65,12,392.488199
1.48,10,392.525188
-0.45,12,392.562435
1.14,4,392.574701
-0.62,14,392.620989
-0.49,9,392.654356
-0.56,12,392.697599
-1.04,5,392.71672
-0.68,13,392.755097
1.14,4,392.765026
-0.43,15,392.81095
-0.63,9,392.837907
-0.68,9,392.8665
1.48,10,392.899542
1.29,9,392.927953
-0.28,20,393.050641
1.16,6,393.073443
1.12,7,393.091812
-0.37,16,393.139941
-0.18,16,393.195329
1.72,13,393.244686
-0.27,17,393.301069
-0.6,12,393.339074
1.49,13,393.382255
-0.51,12,393.425728
-0.84,8,393.452734
-0.53,11,393.492832
1.32,13,393.530615
-0.5,12,393.572924
1.14,4,393.583432
1.14,4,393.596405
-0.68,9,393.628582
-0.91,10,393.667508
-0.78,8,393.690422
1.43,12,393.731649
1.28,11,393.76887
-0.13,15,393.812183
-0.56,8,393.835065
-0.73,12,393.873664
-0.6,13,393.919721
1.29,13,393.964355
-0.26,17,394.021915
1.28,10,394.056367
-0.78,14,394.101337
1.34,12,394.140992
1.43,10,394.17819
1.33,10,394.207837
1.63,10,394.242348
-0.45,16,394.297403
-0.88,7,394.319915
1.36,8,394.347607
-0.51,16,394.404622
-0.47,13,394.455901
-0.17,18,394.515208
1.38,15,394.563687
-0.51,12,394.602514
-0.4,11,394.645815
-0.5,14,394.691609
-0.26,13,394.72938
-0.66,7,394.751812
-0.5,12,394.788448
-0.78,8,394.812591
-0.45,13,394.855236
1.59,9,394.891877
-0.78,12,394.927117
1.29,9,394.951899
1.39,8,394.976708
-0.37,14,395.023367
-0.52,10,395.060935
1.54,11,395.10157
1.31,8,395.130214
-0.62,10,395.161548
1.34,7,395.188118
-0.71,6,395.20356
-0.77,13,395.248352
-0.49,17,395.295652
-0.4,12,395.341982
-0.88,10,395.374492
-0.34,12,395.411684
-0.34,13,395.449654
1.67,13,395.486925
1.54,10,395.521372
1.3,9,395.556349
1.73,14,395.60482
-0.13,15,395.662194
-0.46,12,395.700876
1.5,10,395.733757
-0.32,11,395.776518
-0.41,18,395.835695
-0.87,12,395.877915
1.65,12,395.919651
-0.45,10,395.954572
1.5,13,396.001203
1.68,15,396.051502
-0.8,6,396.07578
1.43,15,396.120521
-0.73,12,396.152827
1.54,10,396.186723
-0.62,11,396.227612
-0.45,10,396.256045
-0.55,12,396.298484
-0.53,18,396.353749
1.29,6,396.372178
-0.61,10,396.406976
-0.85,6,396.429482
-0.6,11,396.466118
-0.77,15,396.51144
-0.59,12,396.553244
-0.6,9,396.585793
-0.6,9,396.61107
-0.33,16,396.659599
-0.41,12,396.697892
-0.18,14,396.747806
-0.62,11,396.786722
-0.63,12,396.827935
-0.45,15,396.871493
1.67,15,396.922138
1.61,15,396.972916
-0.42,15,397.012094
-0.26,15,397.06479
-0.68,9,397.095229
-0.76,14,397.140183
1.7,13,397.185392
-0.49,13,397.228025
-0.63,16,397.275407
1.77,15,397.330335
-0.73,9,397.361685
-0.52,15,397.41552
-0.44,13,397.458292
-0.55,11,397.498358
-0.73,9,397.528322
-0.49,10,397.562976
-0.76,12,397.602809
-0.6,15,397.656978
-0.47,13,397.694499
-0.62,12,397.796474
-0.78,9,397.832573
1.3,9,397.865481
-0.6,15,397.909683
-0.63,14,397.954037
1.38,9,397.985602
1.62,12,398.025271
-0.62,15,398.079915
-0.47,15,398.125996
1.46,9,398.162431
-0.5,17,398.214013
-0.39,15,398.258237
1.37,10,398.2844
-0.71,15,398.331057
-0.84,8,398.358205
1.63,11,398.400027
-0.2,15,398.446045
1.4,10,398.481383
1.14,4,398.491038
1.14,4,398.504862
1.1,9,398.534725
1.35,9,398.567647
-0.62,12,398.61376
-0.77,9,398.649388
1.35,9,398.678333
1.14,4,398.691753
-0.6,9,398.721709
-0.47,11,398.758791
-0.88,7,398.7866
1.58,12,398.82815
1.34,9,398.851849
-0.5,16,398.900048
1.14,4,398.910831
-0.38,11,398.952331
-0.84,12,398.992593
-0.26,14,399.03675
-0.87,8,399.06581
-0.68,10,399.10371
1.44,10,399.134401
-0.63,13,399.173918
-0.3,17,399.228228
-0.12,16,399.285464
-0.62,9,399.315037
1.36,14,399.362299
1.14,4,399.372117
-0.6,16,399.423231
1.52,12,399.466089
-0.04,18,399.519957
-0.67,12,399.561021
-0.5,11,399.602705
-0.3,14,399.650689
1.14,4,399.664442
1.42,10,399.701487
-0.77,7,399.724719
1.7,15,399.766404
1.43,10,399.803177
-0.83,7,399.82585
-0.76,6,399.851213
-0.35,13,399.892111
-0.27,17,399.951747
1.72,13,399.99843
-0.93,8,400.024447
-0.58,13,400.066753
-0.6,13,400.108582
-0.31,13,400.153897
-0.38,17,400.213718
-0.69,11,400.250583
-0.27,12,400.291888
-0.46,14,400.333574
-0.51,14,400.382361
-0.6,15,400.437255
-0.51,14,400.491642
-0.57,12,400.534405
-0.24,17,400.593003
1.41,10,400.624126
-0.42,12,400.66067
1.33,11,400.696058
-0.52,10,400.730702
-0.73,9,400.760406
1.14,4,400.773758
1.58,10,400.808141
-0.32,13,400.855191
-0.7,11,400.89088
-0.07,19,400.947426
-0.69,11,400.98259
1.48,12,401.02633
-0.92,8,401.055092
-0.1,18,401.106135
-0.67,10,401.140794
1.53,13,401.180732
1.61,10,401.213121
1.53,13,401.252129
1.39,10,401.287372
1.39,9,401.323262
-0.73,8,401.351402
-0.5,11,401.387805
-0.7,14,401.440702
-0.47,11,401.484861
-0.58,13,401.51861
1.18,7,401.545427
-0.44,16,401.59258
1.29,9,401.625455
-0.57,13,401.73839
-0.61,9,401.773448
1.43,9,401.802677
-0.6,12,401.841267
1.58,13,401.876603
-0.43,14,401.920411
1.24,9,401.948906
-0.72,11,401.98476
-0.63,13,402.033397
1.44,8,402.057535
-0.41,18,402.174947
-0.55,10,402.208549
-0.62,11,402.244665
-0.49,12,402.287216
-0.57,13,402.332022
-0.86,14,402.378438
1.7,14,402.422952
-0.74,10,402.449743
-0.39,10,402.4875
-0.44,13,402.530123
-0.58,11,402.567335
-0.64,9,402.600198
-0.59,9,402.628694
1.14,4,402.643616
-0.53,12,402.682256
1.61,13,402.726772
1.34,14,402.770947
1.35,15,402.826517
-0.62,9,402.854265
-0.44,16,402.91123
-0.35,15,402.961183
-0.72,10,402.999969
-0.54,10,403.031375
-0.73,12,403.072324
-0.78,8,403.094542
-0.27,15,403.142079
1.14,4,403.156958
-0.67,8,403.185527
1.51,9,403.217423
-0.17,18,403.280041
1.14,4,403.2937
-0.32,14,403.342892
-0.48,14,403.387859
-0.85,9,403.416451
1.14,4,403.428606
-0.22,16,403.477642
-0.64,12,403.5124
1.14,4,403.528185
-0.62,15,403.581526
-0.44,16,403.632804
-0.67,15,403.687508
1.14,4,403.699491
-0.87,5,403.7144
-0.58,10,403.74663
1.14,4,403.755611
1.35,9,403.78373
1.63,10,403.81664
-0.3,13,403.862693
-0.26,15,403.908478
-0.78,9,403.941463
1.54,10,403.972023
1.14,4,403.985493
-0.47,12,404.023165
-0.65,13,404.064444
1.49,12,404.104801
-0.61,8,404.132296
1.43,9,404.165209
-0.65,11,404.204968
-0.25,12,404.24686
1.58,11,404.285918
1.61,10,404.321417
1.44,11,404.352179
-0.49,13,404.399203
-0.82,10,404.431104
1.59,14,404.478132
-0.41,12,404.512556
1.14,4,404.521747
-0.44,13,404.557306
1.11,8,404.582808
-0.63,12,404.622685
-0.7,11,404.661768
-0.36,16,404.718367
-0.57,9,404.743268
1.39,10,404.774117
1.14,4,404.786676
-0.63,10,404.826218
1.14,11,404.866566
-0.25,14,404.914444
1.45,14,404.958149
-0.43,15,405.002508
-0.56,11,405.03835
1.5,10,405.0781
-0.87,9,405.108138
-0.5,16,405.157416
-0.71,9,405.18246
1.14,4,405.197443
-0.7,8,405.218427
-0.62,12,405.261061
-0.7,10,405.300262
1.14,4,405.316112
-0.55,13,405.354294
-0.7,15,405.398878
-0.61,8,405.429578
1.37,9,405.459741
1.44,11,405.498106
1.38,15,405.545717
1.53,14,405.587595
-0.62,14,405.633885
-0.31,12,405.672011
-0.71,10,405.712871
-0.78,11,405.750825
-0.5,15,405.798224
-0.73,8,405.825762
-0.55,11,405.86591
-0.63,13,405.908817
1.28,16,405.964234
-0.78,8,405.9917
-0.5,11,406.027239
-0.3,15,406.074123
-0.54,9,406.105508
-0.24,14,406.16021
1.69,12,406.203091
-0.58,10,406.232956
-0.58,11,406.27543
-0.48,12,406.378438
1.69,15,406.427299
-0.48,12,406.469684
1.55,10,406.50426
-0.43,15,406.546486
-0.52,17,406.600272
-0.76,11,406.637014
1.42,13,406.679434
-0.51,11,406.715058
1.13,5,406.729308
-0.71,9,406.76203
-0.76,12,406.800618
-0.77,13,406.836429
-0.82,11,406.875594
-0.44,17,406.931183
-0.36,13,406.973724
-0.55,12,407.0146
-0.54,12,407.061316
-0.71,7,407.086436
1.23,7,407.108991
-0.3,13,407.15468
-0.71,7,407.177369
-0.72,11,407.210192
-0.55,14,407.25801
1.72,15,407.302994
1.36,9,407.336684
-0.3,18,407.387419
1.33,8,407.414951
1.5,11,407.457731
-0.53,12,407.501552
-0.66,11,407.543144
-0.6,13,407.587616
1.14,4,407.600938
-0.39,13,407.638527
-0.57,12,407.677953
1.33,11,407.717703
1.53,11,407.750128
-0.81,5,407.766582
1.14,4,407.780309
-0.39,10,407.814914
-0.85,9,407.847392
-0.62,10,407.880568
1.71,14,407.931519
-0.62,12,407.969637
-0.23,16,408.015633
-0.69,10,408.049381
1.16,8,408.076997
-0.51,12,408.116629
-0.41,12,408.155442
-0.32,16,408.210348
-0.45,12,408.254332
1.59,12,408.297637
-0.41,15,408.349083
-0.53,14,408.392699
-0.69,11,408.426968
-0.96,6,408.452618
-0.6,11,408.487362
1.48,9,408.514581
1.59,11,408.549723
1.41,11,408.587992
-0.83,7,408.610664
-0.29,14,408.655473
1.59,9,408.689613
1.33,8,408.718324
-0.36,15,408.767317
-0.58,14,408.815516
1.44,14,408.858268
-0.57,11,408.898938
-0.53,16,408.944854
-0.91,4,408.958557
1.69,11,408.996039
1.69,14,409.041022
1.33,11,409.073886
-0.52,19,409.128618
-0.61,15,409.170424
-0.78,11,409.202687
-0.28,14,409.248816
-0.69,7,409.266951
-0.66,9,409.29778
1.56,9,409.330051
1.62,12,409.371677
-0.77,7,409.393955
-0.62,12,409.428317
-0.44,12,409.471086
-0.38,12,409.513094
-0.36,14,409.550136
-0.74,9,409.585829
-0.78,8,409.615483
-0.59,11,409.648256
-0.51,11,409.684301
1.47,10,409.722742
-0.41,13,409.764087
1.54,15,409.808374
-0.51,12,409.849221
-0.79,11,409.887713
1.72,15,409.935437
-0.95,5,409.952657
1.24,9,409.986877
-0.5,10,410.016572
-0.31,13,410.059543
-0.46,15,410.114246
-0.35,14,410.155535
-0.43,19,410.210307
1.17,10,410.240652
-0.76,9,410.334
-0.69,10,410.37155
1.14,4,410.386617
1.57,11,410.421565
-0.49,10,410.461256
-0.39,14,410.50858
-0.88,7,410.535741
1.49,9,410.569624
-0.61,11,410.609119
1.51,15,410.660227
-0.64,10,410.691445
-0.71,9,410.724783
-0.68,9,410.755104
1.42,10,410.787765
-0.56,10,410.825605
-0.82,11,410.866172
1.39,9,410.894153
-0.43,11,410.932925
1.38,11,410.963879
-0.57,15,411.016116
1.42,9,411.046639
-0.41,15,411.097374
-0.39,17,411.149078
-0.96,6,411.174507
1.35,11,411.208012
-0.57,12,411.246108
-0.59,10,411.282332
-0.6,13,411.33082
-0.96,6,411.349691
1.77,14,411.397497
-0.71,8,411.424827
-0.67,8,411.455983
-0.25,16,411.506696
-0.61,8,411.536103
-0.81,13,411.576376
1.38,9,411.607315
-0.57,15,411.657331
-0.53,12,411.695175
-0.38,15,411.741
-0.52,12,411.77774
-0.45,12,411.820065
-0.41,17,411.876541
1.74,13,411.916809
-0.7,11,411.954721
-0.42,16,412.004904
1.14,4,412.018629
-0.26,21,412.082697
-0.61,13,412.123456
1.44,12,412.163013
-0.35,16,412.214866
-0.52,16,412.263484
1.4,9,412.28989
1.14,4,412.301639
-0.72,11,412.34053
-0.29,16,412.395699
1.14,4,412.412875
1.64,18,412.471087
-0.56,15,412.51235
-0.23,15,412.561944
-0.67,8,412.592797
1.14,4,412.606545
-0.61,11,412.64793
-0.47,13,412.687982
1.48,11,412.728195
1.94,15,412.777527
-0.26,17,412.832154
1.47,11,412.871946
1.34,10,412.908363
1.36,7,412.931435
1.58,11,412.964848
1.56,9,412.992221
1.68,17,413.049209
-0.4,11,413.089114
1.43,12,413.12771
-0.75,14,413.170023
-0.58,13,413.217681
-0.48,12,413.260734
1.14,4,413.274195
-0.66,13,413.318918
-0.5,13,413.355254
-0.54,12,413.390821
1.34,10,413.425421
-0.8,10,413.457283
-0.92,8,413.486947
-0.13,18,413.551342
-0.71,12,413.581652
-0.39,11,413.619932
-0.42,15,413.673584
-0.66,12,413.709335
-0.82,6,413.732229
-0.34,21,413.789716
-0.55,10,413.818226
1.58,10,413.85316
1.34,10,413.881728
-0.79,9,413.917613
1.51,9,413.949522
-0.49,9,413.981692
1.38,15,414.027042
-0.63,10,414.054057
-0.29,15,414.110803
-0.52,11,414.148961
-0.65,9,414.182102
1.42,13,414.218919
-0.56,8,414.246989
-0.64,11,414.348573
-0.56,14,414.392476
-0.76,9,414.416825
-0.44,12,414.45685
-0.52,16,414.505605
-0.64,13,414.551006
1.48,9,414.582584
-0.59,9,414.619561
1.32,12,414.656742
-0.32,14,414.699986
-0.47,16,414.749194
-0.33,14,414.795743
-0.78,8,414.819929
-0.72,11,414.856705
1.11,8,414.884235
-0.83,7,414.910352
-0.69,10,414.944072
1.49,12,414.9839
-0.52,10,415.012278
1.34,13,415.059596
1.54,12,415.100284
-0.53,11,415.135146
-0.62,8,415.160701
1.48,13,415.208262
1.42,10,415.243278
-0.51,12,415.28984
1.14,8,415.318031
-0.26,15,415.366475
-0.5,13,415.403837
-0.36,13,415.444426
-0.38,17,415.496667
-0.23,15,415.550978
1.14,4,415.564067
-0.24,14,415.616636
-0.99,6,415.635121
-0.8,10,415.672792
-0.79,11,415.705083
-0.56,8,415.732662
-0.64,9,415.7651
-0.24,11,415.806038
1.6,12,415.845449
1.2,10,415.881347
1.64,12,415.914102
1.71,16,415.962331
1.37,10,415.991227
1.15,10,416.025023
1.44,11,416.06446
-0.56,8,416.093082
-0.62,8,416.118543
-0.77,9,416.144009
-0.67,12,416.185688
-0.67,9,416.219291
-0.43,14,416.268058
-0.65,8,416.300853
-0.75,8,416.330085
-0.42,15,416.376907
1.75,12,416.415759
-0.63,14,416.462749
-0.86,7,416.489817
-0.61,14,416.536394
-0.6,11,416.569538
1.41,11,416.607687
0.06,19,416.669231
-0.39,16,416.723456
-0.91,10,416.758433
-0.63,9,416.839203
1.58,11,416.874464
-0.58,14,416.914632
-0.41,12,416.951424
-0.71,11,416.98583
-0.43,12,417.026068
-0.6,13,417.073133
-0.78,11,417.111568
-0.67,13,417.157028
-0.64,8,417.185403
-0.86,5,417.207518
1.56,10,417.240794
1.37,9,417.270442
-0.97,4,417.284727
-0.59,12,417.331038
-0.45,14,417.377146
-0.87,9,417.405078
1.63,11,417.440907
1.45,12,417.472464
-0.56,15,417.517976
-0.43,14,417.561234
1.8,14,417.61185
1.57,11,417.647112
1.33,11,417.682935
1.28,8,417.712375
-0.29,17,417.76323
-0.65,10,417.803825
1.41,9,417.834421
-0.77,9,417.862221
1.49,12,417.899585
-0.13,17,417.959286
-0.62,11,417.991908
-0.72,8,418.017095
-0.49,9,418.048795
-0.26,16,418.10237
-0.67,8,418.123628
1.14,4,418.136061
-0.82,9,418.168234
1.39,10,418.20104
-0.72,8,418.23043
-0.58,11,418.266348
1.43,9,418.296831
-0.63,13,418.349201
-0.58,10,418.376801
-0.68,9,418.405915
-0.68,9,418.436006
-0.72,11,418.474775
-0.74,7,418.499435
1.33,8,418.594855
-0.43,11,418.636378
-0.47,14,418.685702
-0.7,11,418.719825
-0.22,17,418.771401
-0.48,12,418.803023
-0.83,7,418.82131
1.14,4,418.833901
-0.36,17,418.88741
-0.81,10,418.925457
1.38,11,418.960891
-0.79,12,419.001398
-0.33,13,419.046682
1.49,11,419.08264
-0.6,13,419.135196
-0.85,6,419.153606
-0.49,9,419.18695
1.5,11,419.221411
1.55,10,419.25702
-0.64,11,419.289884
-0.29,15,419.336248
1.47,11,419.373809
1.54,9,419.405353
-0.56,13,419.449718
1.58,13,419.48636
-0.35,17,419.540757
1.26,10,419.577761
-0.53,11,419.618067
-0.71,9,419.650623
1.89,14,419.698309
-0.72,9,419.731614
-0.66,11,419.763242
-0.55,14,419.811472
-0.73,9,419.838134
1.58,10,419.872817
-0.42,13,419.916414
1.36,11,419.951438
1.14,4,419.964656
1.34,14,420.014975
1.53,12,420.054818
-0.47,14,420.101115
1.14,4,420.114399
-0.6,9,420.151039
-0.11,16,420.205724
-0.77,9,420.237923
-0.46,10,420.272568
-0.85,10,420.309383
-0.24,14,420.353846
-0.47,15,420.404883
-0.49,13,420.451756
-0.77,10,420.483196
-0.3,15,420.530488
1.51,12,420.564672
-0.73,12,420.611807
-0.43,15,420.681516
1.14,4,420.700737
-0.29,13,420.778212
1.33,8,420.813715
-0.28,17,420.885184
1.25,10,420.911751
-0.37,18,420.966239
-0.36,16,421.021684
1.32,9,421.046834
-0.48,16,421.100613
-0.91,4,421.1156
-0.99,6,421.134042
-0.66,13,421.184324
-0.49,15,421.236444
-0.52,10,421.272887
-0.83,13,421.317917
-0.61,8,421.348511
-0.82,7,421.371498
-0.49,14,421.419373
1.54,13,421.463329
-0.56,8,421.492868
1.63,11,421.529936
1.58,11,421.562453
-0.84,8,421.588597
-0.59,12,421.636788
1.56,15,421.681508
-0.88,6,421.704057
-0.65,12,421.744788
1.41,9,421.779153
-0.81,6,421.798363
-0.61,10,421.833869
-0.54,18,421.886621
-0.42,14,421.94254
-0.8,7,421.966106
1.22,11,422.000426
1.43,14,422.048527
1.43,10,422.079015
-0.83,8,422.106057
-0.55,12,422.145259
-0.5,10,422.185085
-0.59,10,422.218357
-0.65,14,422.268535
1.28,11,422.31015
-0.57,15,422.356673
-0.4,11,422.400938
-0.77,7,422.430791
1.39,12,422.466762
-0.53,11,422.500279
-0.67,7,422.526102
1.39,9,422.619347
-0.49,12,422.66029
1.68,13,422.702581
-0.35,12,422.746642
1.55,14,422.791297
-0.73,14,422.845835
-0.54,11,422.880554
-0.57,18,422.938151
-0.33,16,422.98875
-0.63,12,423.022514
-0.18,16,423.07095
-0.35,15,423.125082
-0.47,10,423.160267
1.36,13,423.203203
1.48,9,423.235324
-0.25,15,423.287077
-0.44,9,423.31628
1.14,4,423.332169
1.38,12,423.373647
-0.71,13,423.415025
1.33,13,423.452597
1.14,4,423.46562
-0.46,14,423.511885
-0.98,5,423.529785
-0.59,11,423.570282
1.66,12,423.612067
-0.64,12,423.649629
1.4,11,423.692681
-0.74,9,423.724908
-0.47,14,423.76673
-0.6,10,423.801327
-0.51,11,423.845248
-0.5,14,423.885331
1.39,10,423.9186
-0.91,13,423.959886
1.44,10,423.996452
1.46,13,424.04476
1.71,15,424.090903
-0.45,14,424.129393
-0.88,9,424.158398
-0.8,10,424.189202
-0.7,11,424.222798
-0.16,17,424.279359
-0.46,12,424.316684
-0.51,11,424.348523
-0.78,8,424.376238
1.14,4,424.390219
1.41,15,424.445577
-0.81,8,424.468601
1.53,10,424.497397
1.14,4,424.510654
1.54,12,424.548879
-0.67,12,424.588211
-0.33,13,424.628854
-0.81,9,424.657578
1.4,11,424.699986
-0.61,14,424.745628
-0.56,12,424.781401
-0.81,8,424.805968
-0.78,11,424.843805
-0.58,11,424.883864
1.14,4,424.897364
-0.51,15,424.950162
-0.57,11,424.989475
-0.56,9,425.017868
-0.82,9,425.047662
1.2,7,425.070688
1.68,14,425.117286
-0.77,9,425.148709
-0.55,13,425.191031
1.14,4,425.200424
1.14,4,425.213909
1.37,11,425.250083
-0.24,15,425.299838
-0.53,11,425.329859
1.43,12,425.369617
1.22,8,425.396617
-0.37,10,425.431351
-0.8,7,425.457071
1.57,11,425.495496
1.49,12,425.538889
-0.67,9,425.568682
-0.62,12,425.610609
-1.03,4,425.629145
1.46,9,425.659909
-0.6,9,425.696909
-0.27,15,425.745838
-0.61,14,425.791671
-0.66,16,425.8427
1.14,4,425.85722
-0.5,12,425.8923
1.14,4,425.906991
-0.73,9,425.937788
-0.41,15,425.984768
1.31,11,426.024185
-0.68,11,426.057304
1.41,9,426.088545
1.34,8,426.1206
-0.47,15,426.169488
-0.46,12,426.216853
-0.58,13,426.260234
-0.65,13,426.300819
1.42,10,426.33438
-0.88,9,426.369471
-0.48,10,426.464833
-0.58,13,426.510069
-0.56,16,426.559993
-0.14,19,426.620174
-0.68,9,426.644897
-0.26,17,426.698302
-0.62,16,426.751019
-0.97,4,426.76658
-0.38,13,426.806242
1.24,12,426.846276
1.26,15,426.894801
1.48,17,426.947083
-0.48,16,427.002128
-0.66,10,427.041973
-0.38,16,427.093498
-0.67,14,427.138883
-0.57,11,427.175417
-0.81,5,427.190185
1.43,9,427.221509
1.63,11,427.257414
1.54,9,427.281613
-0.44,12,427.324531
1.14,4,427.337332
-0.31,14,427.387047
-0.29,16,427.433224
-0.66,10,427.46386
-0.67,11,427.499565
1.3,10,427.532604
1.24,8,427.558449
-0.71,9,427.590651
-0.43,14,427.639509
1.39,8,427.668331
-0.59,9,427.695364
-0.75,11,427.731544
-0.65,12,427.766413
-0.65,9,427.794266
-0.75,11,427.83305
1.48,12,427.867586
-0.52,13,427.912435
-0.66,10,427.945441
-0.35,18,427.998746
-0.68,12,428.040828
-0.71,12,428.079968
1.5,9,428.116687
-0.74,7,428.140859
-0.48,12,428.179917
-0.62,12,428.215964
1.19,8,428.247
-0.61,13,428.292299
1.69,13,428.337004
-0.57,9,428.36074
1.14,4,428.377712
-0.92,11,428.412701
-0.3,15,428.464678
-0.39,17,428.51484
-0.06,20,428.573541
1.14,4,428.587427
-0.75,8,428.610327
-0.74,9,428.639809
1.42,13,428.690474
1.49,11,428.73226
-0.5,10,428.767721
-0.88,6,428.783031
-0.64,13,428.827285
1.14,4,428.838476
-0.48,16,428.889511
-0.02,17,428.946153
-0.54,11,428.980196
1.23,10,429.015876
1.46,9,429.046184
-0.43,15,429.092347
-0.41,15,429.146952
-0.75,11,429.179399
-0.66,13,429.225835
-0.48,15,429.270272
1.35,14,429.322382
-0.38,12,429.362896
-0.22,18,429.416714
-0.51,15,429.459645
-0.62,15,429.512894
-0.37,11,429.545218
-0.88,7,429.567892
-0.7,15,429.617235
-0.45,11,429.652984
-0.31,18,429.708718
1.23,7,429.729576
-0.34,12,429.773201
-0.72,7,429.798888
-0.79,8,429.823806
1.5,10,429.855664
-0.76,6,429.877763
-0.57,9,429.909679
1.14,4,429.921646
-0.49,16,429.966231
1.45,9,429.995099
-0.57,12,430.03664
1.22,11,430.070208
-0.43,18,430.125202
1.14,4,430.138074
-0.66,10,430.166939
-0.27,14,430.214807
-0.19,19,430.270666
-0.29,18,430.330965
-0.6,15,430.378709
1.47,11,430.410067
-0.41,13,430.455874
-0.84,5,430.47132
-0.8,12,430.571685
-0.28,12,430.609953
-0.51,15,430.66156
-0.67,8,430.69067
-0.11,21,430.756179
-0.75,8,430.780713
-0.31,15,430.8269
1.14,4,430.840189
1.27,9,430.868451
-0.28,13,430.908528
-0.5,14,430.958215
1.26,10,430.99095
-0.49,13,431.033509
1.14,4,431.048147
-0.4,16,431.098519
-0.03,18,431.161905
-0.73,8,431.193494
1.64,14,431.23768
1.14,4,431.24828
-0.65,12,431.290175
-0.26,14,431.340282
1.14,4,431.35236
1.14,4,431.362374
1.14,4,431.37488
-0.47,10,431.406068
-0.46,11,431.441334
1.44,11,431.479398
1.44,12,431.515509
-0.78,8,431.541341
-0.65,9,431.567777
-0.05,20,431.626302
-0.67,16,431.681417
1.29,10,431.719968
1.64,16,431.765164
-0.53,11,431.808351
1.4,12,431.846496
-0.51,11,431.884163
-0.57,11,431.923455
-0.61,9,431.952291
-0.64,14,431.998089
1.31,10,432.029884
1.14,4,432.042235
-0.87,6,432.067785
-0.71,7,432.090328
1.49,10,432.121886
-0.68,12,432.161486
-0.39,14,432.208761
-0.67,12,432.248771
-0.57,12,432.296217
-0.77,7,432.319706
-0.65,12,432.358206
1.14,4,432.370537
-0.87,5,432.388703
-0.82,9,432.416989
1.26,14,432.454222
-0.62,10,432.488509
-0.88,6,432.507542
-0.72,8,432.538072
1.55,16,432.584042
-0.19,16,432.630104
-0.49,15,432.677963
1.61,10,432.704255
-0.68,13,432.747601
1.5,13,432.792727
-0.06,14,432.838697
-0.56,12,432.881188
1.25,13,432.931235
-0.53,12,432.966598
-0.81,8,432.992355
-0.87,6,433.011576
-0.91,7,433.035012
-0.76,6,433.053433
1.32,9,433.085541
-0.66,10,433.115048
1.58,10,433.151141
-0.42,17,433.204684
1.57,12,433.246667
-0.29,15,433.29586
1.44,13,433.340651
1.64,10,433.372977
1.43,12,433.407312
1.69,14,433.449346
1.06,7,433.467557
-0.65,9,433.496017
-0.77,7,433.524039
-0.62,12,433.616759
-0.4,14,433.665554
-0.6,9,433.698165
-0.4,15,433.757358
1.49,10,433.794753
-0.19,14,433.842952
-0.57,9,433.874552
-0.47,14,433.920221
1.14,4,433.932506
1.72,18,433.984157
-0.6,15,434.037053
1.51,10,434.080204
1.45,10,434.105447
1.34,9,434.136306
1.47,11,434.173446
-0.46,15,434.225647
1.56,9,434.253233
1.19,5,434.269765
1.14,4,434.285707
1.14,4,434.302183
1.55,13,434.350937
1.49,11,434.386801
1.51,10,434.422495
-0.5,13,434.466921
1.48,10,434.501765
1.14,4,434.516265
1.55,15,434.558563
-0.43,11,434.653757
1.39,10,434.68794
1.63,15,434.739012
1.37,9,434.776671
-0.47,13,434.823101
1.54,11,434.85784
-0.34,12,434.896749
1.47,11,434.927452
-0.7,8,434.957161
-0.79,9,434.990377
-0.49,12,435.030493
1.26,11,435.067824
-0.66,12,435.112809
1.68,13,435.164441
-0.72,10,435.197607
1.14,4,435.207272
1.67,13,435.25424
-0.46,16,435.305899
-0.68,9,435.334167
1.13,5,435.350003
-0.11,18,435.403965
-0.46,15,435.452445
-0.63,11,435.488569
-0.41,16,435.54119
-0.86,7,435.569023
-0.77,7,435.589033
1.14,4,435.600349
-0.2,19,435.662657
-0.61,13,435.706655
-0.29,11,435.740758
-0.52,14,435.79059
-0.62,14,435.837663
-0.64,11,435.874592
-0.37,14,435.914784
-0.88,6,435.937263
1.44,12,435.973984
1.65,15,436.018916
-0.51,14,436.070663
-0.58,13,436.111533
-0.48,15,436.15819
-0.38,15,436.203722
-0.94,10,436.238061
0.01,16,436.283083
-0.8,10,436.321814
-0.44,13,436.361878
1.22,9,436.393056
1.59,10,436.429424
1.14,4,436.441938
-0.42,11,436.485541
-0.45,15,436.531795
-0.56,14,436.57843
-0.55,10,436.613008
-0.48,12,436.654932
1.34,9,436.685809
1.14,4,436.697701
-0.68,10,436.731854
1.54,9,436.76619
1.35,9,436.799047
1.25,13,436.8384
1.48,11,436.877279
-0.71,12,436.922043
-0.63,13,436.955939
-0.57,9,436.98494
1.46,11,437.025775
1.14,4,437.043022
-0.52,10,437.077094
1.41,8,437.103581
-0.56,14,437.150404
1.36,10,437.182977
-0.3,16,437.237738
1.41,11,437.275481
-0.33,15,437.319532
-0.3,21,437.384838
1.44,8,437.41056
-0.37,14,437.462675
1.59,10,437.494759
-0.45,12,437.537492
-0.64,14,437.585995
-0.26,14,437.629853
-0.86,7,437.650568
-0.57,9,437.685522
1.14,4,437.696058
-0.41,13,437.740661
-0.81,11,437.782426
1.59,10,437.821657
-0.72,7,437.845381
1.5,11,437.880094
1.46,9,437.909183
-0.5,14,437.959591
1.07,6,437.977304
-0.56,15,438.026835
1.43,9,438.055087
-0.73,8,438.084116
-0.46,12,438.124658
1.59,13,438.170592
1.52,11,438.205192
1.14,4,438.224139
1.14,4,438.23856
-0.48,13,438.284017
-0.22,15,438.333718
-0.62,17,438.387515
-0.68,9,438.416392
1.43,9,438.446576
-0.38,13,438.489965
1.59,13,438.533844
1.47,11,438.566916
-0.43,14,438.612399
1.41,9,438.634879
-0.31,16,438.68984
-0.27,15,438.740014
-0.7,8,438.763562
-0.25,18,438.817921
-0.82,6,438.842355
-0.77,9,438.872836
1.23,9,438.901148
-0.61,10,438.932689
-0.44,9,438.965067
1.71,17,439.017132
-0.33,17,439.071443
-0.61,11,439.104834
-0.51,11,439.156854
-0.47,14,439.249559
-0.65,15,439.295056
1.29,9,439.327096
1.34,9,439.357596
1.41,11,439.395517
-0.67,8,439.42441
1.37,10,439.458388
1.23,7,439.486336
1.29,15,439.534208
-0.62,9,439.569185
1.28,10,439.604793
-0.32,18,439.667121
-0.41,12,439.713679
-0.58,9,439.741791
1.39,8,439.769128
1.14,4,439.783193
1.32,9,439.809772
-0.76,12,439.852531
-0.61,14,439.901115
-0.67,8,439.93112
-0.55,16,439.983009
-0.58,11,440.022997
-0.9,6,440.043833
1.51,12,440.08448
1.42,10,440.119619
-0.29,15,440.164329
-0.57,13,440.217041
-0.6,12,440.260557
1.61,12,440.298613
1.58,17,440.35019
-0.27,14,440.386106
-0.8,7,440.412747
-0.27,17,440.465791
1.14,4,440.480376
1.61,10,440.515668
1.83,16,440.572249
-0.64,11,440.610404
1.36,8,440.637609
1.44,11,440.669959
-0.48,14,440.7163
-0.36,16,440.764304
-0.75,14,440.811936
1.23,7,440.838646
1.44,11,440.872734
-0.38,16,440.923902
-0.62,17,440.979164
-0.62,9,441.009393
-0.43,18,441.066239
1.42,11,441.103773
1.14,4,441.114146
-0.62,15,441.162429
-0.72,14,441.217049
-0.61,11,441.252869
-0.66,12,441.296637
1.14,4,441.310669
1.31,14,441.360217
-0.73,11,441.391472
-0.6,12,441.436913
-0.65,11,441.475617
-0.37,14,441.514922
-0.53,12,441.551864
-0.6,9,441.585822
-0.63,9,441.621372
-0.68,9,441.653698
-0.55,9,441.685162
1.61,15,441.739582
-0.72,7,441.76444
1.31,10,441.794159
1.42,10,441.822167
1.54,13,441.864252
-0.77,7,441.892799
-0.55,10,441.925332
1.49,12,441.967473
-0.55,14,442.018871
-0.78,8,442.045096
-0.54,18,442.092705
1.14,4,442.102627
-0.51,12,442.143577
-0.66,12,442.182177
1.14,4,442.199269
-0.62,9,442.22561
-0.76,8,442.254581
1.6,12,442.29509
-0.23,21,442.36694
1.32,9,442.392114
1.25,9,442.415385
-0.45,13,442.458234
1.14,4,442.472301
1.4,10,442.510058
1.49,9,442.542862
-1.0,7,442.567737
-0.62,12,442.60685
-0.88,7,442.633813
-0.53,12,442.677613
-0.54,9,442.704364
-0.71,7,442.731278
-0.73,11,442.763211
-0.53,10,442.797633
-0.47,20,442.86257
-0.78,7,442.886969
-0.68,13,442.92368
-0.67,15,442.97955
1.46,12,443.018113
1.5,10,443.051631
1.14,4,443.064981
1.52,12,443.10781
-0.47,12,443.149408
-0.61,11,443.19004
1.64,11,443.228251
-0.71,11,443.256006
-0.5,12,443.315503
1.34,13,443.381809
1.14,4,443.394458
1.59,11,443.429534
1.42,10,443.464666
-0.65,16,443.51043
-0.43,12,443.552641
-0.44,15,443.608778
1.14,4,443.623209
-0.32,15,443.673279
-0.46,15,443.726222
1.43,10,443.755233
-0.62,18,443.813337
1.5,10,443.847382
-0.48,12,443.88743
-0.43,11,443.919343
-0.67,12,443.963966
1.14,4,443.979506
1.58,11,444.01686
1.48,12,444.05874
-0.59,14,444.106044
-0.51,13,444.147034
-0.79,6,444.166917
-0.26,16,444.218852
1.64,14,444.265122
1.14,4,444.27812
1.14,4,444.290089
-0.53,16,444.344127
1.49,9,444.375452
-0.7,7,444.401373
-0.77,10,444.427741
-0.49,12,444.462788
-0.5,10,444.499532
-0.09,16,444.546357
1.36,8,444.574884
1.14,4,444.589464
-0.28,16,444.642232
1.48,10,444.672215
1.65,13,444.720258
-0.48,17,444.771852
-0.73,8,444.800524
1.51,11,444.841928
1.62,15,444.885057
1.44,8,444.913613
-0.72,8,444.943024
-0.47,17,444.998723
1.76,13,445.042545
-0.55,13,445.085785
-0.63,9,445.110554
1.66,11,445.152404
-0.54,14,445.202818
-0.3,14,445.247884
-0.33,12,445.290172
-0.52,10,445.325876
1.13,5,445.342329
-0.45,14,445.387682
-0.54,17,445.445217
-0.48,11,445.482158
1.47,10,445.512838
-0.58,10,445.544487
-0.67,8,445.572828
1.48,12,445.610727
1.14,4,445.621962
1.45,10,445.657795
1.38,10,445.693415
-0.67,11,445.729733
1.76,15,445.780478
-0.84,9,445.809648
-0.5,15,445.863389
-0.85,6,445.885527
-0.46,14,445.93461
-0.59,18,445.991772
1.14,4,446.00447
0.08,19,446.063189
1.19,5,446.075981
-0.4,12,446.113958
-0.79,9,446.146163
1.89,18,446.203899
-0.68,8,446.232401
-0.53,15,446.286771
-0.66,9,446.31388
-0.51,13,446.35248
-0.37,17,446.405921
-0.63,12,446.45451
1.14,4,446.464354
-0.45,11,446.501099
-0.68,9,446.534952
1.14,4,446.54561
-0.06,20,446.60727
1.59,14,446.654144
1.45,10,446.686398
1.43,12,446.731447
-0.49,13,446.768485
-0.65,10,446.798955
-0.97,7,446.826784
-0.34,17,446.877146
-0.42,16,446.933595
-0.55,14,446.988411
1.61,10,447.022847
1.59,15,447.076305
-0.37,11,447.11256
1.45,10,447.144321
-0.34,16,447.191127
1.14,4,447.201121
1.14,4,447.211496
1.57,11,447.249732
-0.39,13,447.345901
1.14,4,447.405152
-0.25,14,447.458208
-0.46,11,447.502406
-0.44,15,447.549685
-0.56,14,447.5925
1.5,10,447.623735
-0.84,11,447.660278
1.33,10,447.68923
-0.71,7,447.712854
1.14,4,447.727519
-0.59,8,447.756747
-0.63,10,447.79213
-0.16,19,447.852082
-0.57,9,447.878921
-0.28,16,447.929814
-0.8,11,447.962524
-0.89,15,448.008739
1.22,7,448.033422
-0.18,14,448.077737
1.39,11,448.110495
-0.41,11,448.152431
1.61,9,448.181154
1.39,11,448.217192
-0.86,7,448.242383
-0.87,6,448.263198
-0.42,15,448.337574
-0.77,7,448.406159
-0.58,11,448.447575
1.53,10,448.479565
1.6,15,448.532369
-0.77,9,448.563089
1.14,4,448.575645
1.54,11,448.609992
-0.61,10,448.641274
-0.67,8,448.67183
-0.61,12,448.711477
-0.2,15,448.761942
1.26,9,448.788554
-0.47,10,448.831051
1.14,4,448.843402
-0.71,10,448.874796
-0.74,12,448.907293
-0.57,14,448.954405
-0.52,14,448.99977
-0.63,13,449.048849
-0.43,10,449.084326
-0.84,8,449.112748
-0.62,11,449.150579
-0.65,14,449.19072
-0.63,9,449.225702
-0.35,13,449.263531
-0.49,12,449.3003
1.14,4,449.310851
-0.59,8,449.338078
-0.64,8,449.365228
1.14,4,449.376199
-0.59,11,449.418512
-0.63,12,449.463848
-0.11,19,449.523168
-0.79,9,449.554143
-0.47,14,449.597108
-0.65,12,449.635056
-0.57,11,449.676465
-0.47,14,449.715905
-0.78,12,449.760713
-0.66,9,449.795231
1.56,11,449.830647
-0.79,11,449.869426
-0.74,10,449.902592
-0.67,11,449.934417
-0.56,11,449.968916
-0.67,8,449.994881
1.14,4,450.00821
-0.43,14,450.058801
-0.32,14,450.105916
-0.67,8,450.131975
1.49,11,450.174918
-0.51,14,450.224625
-0.47,17,450.285798
-0.63,9,450.319383
-0.83,7,450.346151
-0.82,9,450.376393
-0.58,11,450.418073
-0.6,9,450.445519
1.51,9,450.477125
-0.47,12,450.518574
-0.52,12,450.559585
-0.49,12,450.606444
-0.72,13,450.64496
-0.65,13,450.693007
1.62,12,450.736722
-0.61,9,450.766691
-0.79,12,450.803735
1.14,4,450.816209
1.38,11,450.849506
1.71,14,450.899532
-0.77,7,450.921387
1.8,17,450.975688
-0.55,13,451.020147
-0.7,11,451.060161
1.26,7,451.086375
1.47,11,451.127951
1.14,4,451.144555
-0.6,9,451.17294
-0.15,17,451.222201
1.14,4,451.235371
-0.5,12,451.277245
-0.66,10,451.315429
1.5,10,451.345162
-0.52,13,451.388872
-0.68,9,451.424306
-0.82,6,451.444963
-0.38,16,451.491068
1.31,10,451.521687
1.49,9,451.549561
-0.88,6,451.566015
1.62,13,451.618566
1.32,12,451.661753
-0.47,16,451.703931
-0.43,15,451.752724
-0.63,10,451.790612
1.55,11,451.827174
1.52,11,451.863914
1.74,12,451.898716
-0.57,15,451.940637
1.14,4,451.954434
-0.42,12,452.000329
-0.75,7,452.025934
1.37,12,452.072407
-0.43,12,452.110122
-0.08,18,452.17428
-0.81,5,452.190001
1.5,10,452.221648
-0.64,11,452.249549
-0.83,7,452.326585
1.14,4,452.347579
-0.68,9,452.379617
-0.61,12,452.420922
1.6,12,452.459248
-0.5,14,452.503892
1.41,11,452.542206
-0.52,9,452.569922
-0.62,9,452.604501
-0.42,11,452.636697
-0.78,17,452.690783
1.39,8,452.715931
-0.29,19,452.774279
-0.41,10,452.811482
-0.49,15,452.859462
-0.49,9,452.88835
-0.46,12,452.929976
-0.23,16,452.980816
1.14,4,452.993638
-0.19,15,453.041806
-0.7,11,453.06995
-1.04,5,453.087418
1.42,12,453.129775
-0.7,8,453.159967
1.34,8,453.18995
-0.74,7,453.213556
-0.42,13,453.25865
1.31,9,453.287143
1.14,8,453.314381
-0.41,16,453.369842
-0.45,14,453.418689
1.41,10,453.456494
1.43,12,453.499877
1.58,15,453.543162
1.48,16,453.599061
-0.3,15,453.646652
1.36,11,453.687353
-0.54,10,453.724476
-0.42,13,453.766748
-0.72,8,453.798066
-0.57,13,453.842728
-0.34,16,453.885474
1.21,9,453.913232
1.37,10,453.950684
-0.19,13,453.995767
-0.67,11,454.023298
-0.69,15,454.076317
1.25,13,454.119364
-0.73,9,454.14872
-0.7,7,454.170723
-0.39,13,454.215874
-0.38,13,454.25585
1.56,14,454.301661
-0.78,8,454.327988
1.49,12,454.369742
-0.42,10,454.404449
-0.69,13,454.449157
1.65,14,454.493872
-0.61,10,454.533284
-0.35,15,454.582306
1.38,12,454.626368
-0.64,11,454.667183
1.14,4,454.681055
-0.42,14,454.728843
-0.23,14,454.772344
-0.4,15,454.820952
-0.44,19,454.885898
-0.52,15,454.92522
-0.5,14,454.973284
-0.61,9,455.005448
1.49,9,455.03931
-0.57,12,455.07943
1.48,13,455.12544
1.44,14,455.170166
1.56,12,455.209582
-0.64,9,455.238946
-0.57,10,455.277633
1.38,10,455.312516
-0.8,10,455.350966
-0.67,12,455.392583
-0.4,17,455.446321
-0.44,14,455.491669
-0.71,9,455.517354
1.43,12,455.552248
1.66,11,455.589787
-0.73,11,455.627004
1.31,7,455.653132
-0.43,14,455.697398
1.19,8,455.72883
-0.44,10,455.759541
-0.76,9,455.791166
-0.42,14,455.831494
-0.66,7,455.860076
-0.5,11,455.895534
-0.45,12,455.936936
1.45,10,455.973778
-0.43,14,456.016003
-0.43,15,456.067441
-0.62,13,456.110374
-0.55,10,456.144656
1.44,14,456.187766
-0.47,13,456.284845
-0.57,15,456.335465
1.49,9,456.366623
-0.6,10,456.4004
-0.67,8,456.428566
-0.53,11,456.469739
-0.76,15,456.51916
-0.7,11,456.548742
-0.51,12,456.590706
-0.74,10,456.628922
1.65,15,456.68046
1.86,14,456.728588
-0.48,14,456.778514
-0.49,12,456.819315
-0.59,14,456.867394
-0.84,8,456.899951
-0.31,14,456.94623
1.48,10,456.974972
-0.88,6,456.993006
-0.87,8,457.024594
1.53,10,457.056358
-0.58,11,457.094817
-0.81,5,457.111709
1.25,8,457.142404
-0.63,14,457.189631
1.28,10,457.221053
1.39,11,457.260866
-0.12,17,457.327277
-0.74,10,457.357468
1.33,8,457.377039
-0.51,15,457.424548
-0.44,17,457.483731
-0.57,11,457.520256
1.51,10,457.555899
-0.77,9,457.588921
-0.45,14,457.643472
1.39,10,457.677606
1.22,11,457.717812
1.22,8,457.747614
1.33,8,457.772889
-0.45,14,457.812104
-0.36,10,457.843858
-0.59,12,457.882744
-0.76,8,457.912814
-0.85,10,457.948026
-0.61,17,458.003741
1.49,11,458.034705
-0.55,12,458.066458
-0.8,12,458.10078
-0.52,14,458.143371
-0.38,14,458.178231
-0.52,13,458.223907
-0.62,9,458.256521
-0.76,14,458.30066
1.14,4,458.314399
1.49,9,458.351402
-0.5,14,458.395656
-0.57,13,458.44127
1.68,11,458.47584
-0.26,14,458.51653
-0.66,10,458.549486
-0.1,15,458.600933
-0.52,11,458.633752
1.69,14,458.679703
1.67,16,458.734511
1.7,12,458.776325
1.24,9,458.80026
1.14,4,458.81289
-0.63,10,458.848218
1.57,10,458.878232
-0.7,9,458.908877
-0.65,9,458.943223
-0.68,9,458.969446
1.64,10,459.004604
1.54,12,459.045805
1.68,16,459.098228
1.84,16,459.146229
1.47,12,459.18671
1.14,4,459.200472
-0.22,17,459.252913
-0.67,12,459.297534
-0.97,4,459.312589
-0.61,11,459.349581
1.55,14,459.394799
-0.59,12,459.440408
1.3,9,459.472379
-0.67,8,459.494187
1.25,8,459.523987
-0.57,9,459.557004
-0.62,8,459.584733
-0.57,9,459.612046
-0.69,17,459.668042
1.53,10,459.702977
-0.37,17,459.75886
0.02,18,459.814506
-0.72,8,459.84353
1.59,10,459.876281
-0.78,15,459.920859
-0.74,10,459.955313
1.58,11,459.990304
1.4,12,460.032341
1.69,12,460.078082
-0.55,10,460.106918
-0.72,8,460.138469
1.14,4,460.151814
-0.76,10,460.245754
1.53,11,460.286983
-0.75,8,460.318161
-0.75,7,460.34232
1.64,11,460.378636
-0.6,12,460.412127
-0.25,16,460.463305
-0.44,13,460.502739
1.51,10,460.537092
-0.72,9,460.567444
-0.24,15,460.619735
-0.69,7,460.644684
-0.55,12,460.692281
-0.44,17,460.757457
-0.1,17,460.880447
-0.73,11,460.917287
-0.69,11,460.953046
-0.6,10,460.984829
-0.65,12,461.019651
-0.56,11,461.061044
-0.82,12,461.103586
-0.76,8,461.130891
-0.83,8,461.162099
-0.45,11,461.199046
-0.39,14,461.245905
-0.61,11,461.286041
-0.43,11,461.326608
-0.61,11,461.352356
1.53,12,461.39001
-0.56,11,461.425493
-0.44,13,461.467448
-0.57,14,461.516572
-0.53,11,461.558382
1.33,8,461.589648
1.44,12,461.63632
-0.49,10,461.667333
-0.69,7,461.697807
-0.34,14,461.744352
-0.54,15,461.79841
-0.77,10,461.836285
1.35,12,461.871424
-0.46,9,461.903585
-0.52,10,461.935171
1.39,12,461.977413
-0.65,10,462.010759
1.56,10,462.040003
1.56,10,462.076947
-0.42,10,462.107445
1.57,13,462.154225
1.23,9,462.18569
-0.56,17,462.248963
-0.51,12,462.283983
1.24,9,462.315732
1.15,13,462.364885
-0.38,14,462.40755
1.37,13,462.448521
-0.67,9,462.478576
-0.37,14,462.522699
1.14,4,462.538993
1.52,11,462.575588
1.47,13,462.615116
-0.5,19,462.672803
-0.61,10,462.707687
1.55,11,462.743554
1.42,11,462.781928
-0.68,9,462.832153
-0.42,10,462.879086
1.19,11,462.918042
-0.55,13,462.971624
1.28,10,463.007102
1.55,11,463.042355
-0.78,8,463.067932
-0.32,20,463.138632
1.14,4,463.154836
-0.4,16,463.212604
1.65,13,463.266131
-0.42,15,463.335541
1.31,10,463.371669
1.32,10,463.411379
1.36,12,463.460139
-0.42,13,463.508418
1.5,14,463.557921
1.4,13,463.608045
-0.64,10,463.645765
-0.86,8,463.680399
1.55,11,463.726544
1.14,4,463.744041
1.38,12,463.786416
-0.47,15,463.841899
-0.54,12,463.89168
1.14,4,463.90941
1.37,10,463.946197
1.33,11,463.987829
1.4,10,464.017794
1.37,13,464.062035
1.53,10,464.095459
-0.6,9,464.136135
1.37,9,464.173499
-0.4,13,464.278807
-0.45,14,464.346673
1.82,12,464.38674
-0.24,16,464.453581
-0.87,8,464.492042
-0.65,13,464.549437
1.48,10,464.588887
1.59,12,464.647721
-0.43,17,464.73825
-0.61,10,464.789863
-0.81,8,464.827252
1.26,12,464.878401
1.45,9,464.918897
1.61,12,464.972194
-0.61,11,465.029611
1.39,13,465.092773
-1.03,4,465.118679
1.15,10,465.172798
1.24,10,465.21874
-0.48,15,465.282654
-0.9,9,465.319566
-0.28,19,465.392171
-0.62,8,465.423796
-0.59,9,465.461251
1.31,7,465.499931
-0.63,11,465.552863
1.49,11,465.599238
1.56,11,465.6444
1.74,11,465.697394
-0.5,14,465.763573
-0.39,18,465.821661
-0.69,11,465.85702
-1.03,4,465.872756
1.26,9,465.907621
-0.18,17,465.972048
1.14,4,465.988342
1.14,4,466.006334
1.66,11,466.046593
1.14,4,466.061322
-0.7,11,466.103993
-0.69,11,466.142706
1.41,8,466.163331
1.42,15,466.20943
1.45,9,466.242981
-0.48,10,466.27336
-0.31,18,466.338627
1.42,13,466.374441
1.44,8,466.400185
-0.66,7,466.424862
1.49,12,466.4673
1.55,11,466.496228
-0.4,12,466.536619
1.14,4,466.552357
-0.31,16,466.604616
1.23,15,466.649023
-0.74,10,466.685545
1.39,10,466.720172
-0.74,9,466.75053
1.58,15,466.803819
1.2,10,466.833421
-0.7,11,466.869286
1.21,9,466.893386
-0.34,17,466.942064
1.4,9,466.970576
-0.51,11,467.00924
1.14,4,467.023199
1.5,11,467.061034
1.48,9,467.096528
-0.55,12,467.136861
-0.57,12,467.177705
-0.66,7,467.202095
-0.7,10,467.234043
1.14,4,467.251319
-0.65,13,467.293336
1.42,13,467.338115
1.66,10,467.387908
-0.55,14,467.45183
1.5,11,467.488178
-0.6,12,467.524121
1.38,9,467.564579
1.54,9,467.601156
-0.66,11,467.642724
-0.77,7,467.666881
1.73,13,467.71162
-0.82,6,467.734992
1.31,11,467.776212
1.54,9,467.803801
1.42,11,467.842512
-0.62,9,467.881431
-0.46,14,467.927442
-0.29,17,467.987809
-0.82,6,468.006618
1.33,8,468.042326
-0.45,12,468.085894
-0.58,13,468.14995
-0.6,12,468.19841
-0.27,11,468.231677
-0.66,16,468.2837
-0.39,13,468.32635
-0.42,15,468.371985
1.72,13,468.417749
-0.46,12,468.471511
1.45,10,468.523383
-0.39,12,468.558457
-0.61,10,468.593303
-0.86,10,468.627481
1.34,9,468.656327
1.73,11,468.696428
-0.43,16,468.747214
1.68,15,468.795852
1.14,4,468.808832
-0.26,17,468.861243
-0.62,13,468.910581
-0.67,11,468.945364
-0.64,10,468.987212
-0.54,11,469.022343
-0.42,11,469.059686
1.63,17,469.108983
1.4,13,469.147447
1.39,9,469.173341
1.64,11,469.214043
1.53,10,469.246885
-0.43,13,469.290735
1.54,9,469.325622
-0.77,9,469.357191
1.14,4,469.371875
-0.6,15,469.418561
-0.65,12,469.455687
1.39,11,469.492206
1.52,11,469.528317
-0.65,13,469.571904
-0.48,10,469.610939
1.53,14,469.656253
-0.41,16,469.698935
-0.34,15,469.747563
-0.7,12,469.785499
-0.72,14,469.835081
-0.51,9,469.868503
-0.49,11,469.905537
-0.59,8,469.930915
1.52,11,469.96684
-0.46,15,470.016481
1.37,10,470.051072
-0.68,9,470.078686
-0.77,7,470.106925
1.53,10,470.138019
-0.45,14,470.188242
-0.74,10,470.216459
-0.62,9,470.254324
1.3,9,470.281454
1.23,9,470.309341
-0.59,12,470.352698
1.28,11,470.395622
-0.52,11,470.43502
-0.51,13,470.480984
-0.86,6,470.500056
1.56,11,470.543191
-0.24,11,470.584568
1.55,10,470.620904
1.36,11,470.659687
1.71,16,470.710522
1.51,9,470.74047
1.14,4,470.75493
-0.3,18,470.816933
1.34,10,470.851146
-0.72,13,470.895646
1.4,10,470.923099
1.44,12,470.958824
-0.78,11,470.99656
-0.65,12,471.036373
-0.57,15,471.086073
1.14,4,471.100311
1.34,15,471.155204
-0.77,9,471.185725
-0.54,13,471.22672
-0.41,16,471.281193
1.59,10,471.315004
-0.15,13,471.353623
1.61,12,471.392268
-0.55,13,471.436826
-0.3,16,471.492807
-0.8,7,471.516812
1.44,10,471.548816
-0.45,13,471.58999
-0.46,9,471.624134
1.56,9,471.656747
-0.72,8,471.684307
-0.63,9,471.712866
-0.43,15,471.759782
-0.7,8,471.785825
-0.35,12,471.830001
1.14,4,471.84286
-0.81,12,471.889343
-0.78,8,471.91931
-0.72,11,471.952641
-0.4,17,472.00787
-0.3,17,472.052474
-0.38,12,472.09329
1.48,13,472.134959
1.46,12,472.171711
1.53,10,472.205644
1.26,13,472.248358
1.21,9,472.277442
1.14,4,472.288733
1.27,11,472.33012
-0.52,12,472.368074
1.13,5,472.383974
1.38,11,472.432369
-0.65,9,472.508393
1.44,10,472.542249
1.47,11,472.577424
1.51,9,472.610804
1.61,10,472.645285
1.32,11,472.68201
1.47,13,472.725526
1.27,9,472.75339
1.6,12,472.796929
-0.95,5,472.815664
-0.7,8,472.842192
1.37,10,472.873539
-0.62,12,472.916895
-0.4,12,472.95848
1.14,4,472.970514
-0.42,11,473.01078
-0.53,14,473.059227
1.14,4,473.070008
-0.67,8,473.096805
1.59,10,473.135029
1.68,10,473.17167
1.44,11,473.204953
1.43,12,473.242635
-0.16,19,473.30632
1.48,12,473.344939
-0.72,10,473.375813
1.54,11,473.413191
-0.77,10,473.446761
-0.6,9,473.481043
-0.75,10,473.51364
-0.56,14,473.55899
-0.38,15,473.603806
1.12,7,473.623748
1.44,8,473.651936
-0.31,13,473.69758
-0.45,14,473.742122
-0.78,8,473.767922
-0.37,15,473.814839
-0.25,13,473.862515
-0.59,10,473.901591
-0.46,9,473.930317
1.39,10,473.961769
1.4,12,473.996972
1.58,13,474.041508
1.6,12,474.085089
-0.7,9,474.11691
-0.5,10,474.156691
-0.27,12,474.195497
-0.87,8,474.220786
-0.5,13,474.265098
-0.55,14,474.310269
-0.22,12,474.35386
1.51,9,474.387488
1.14,4,474.400803
-0.32,14,474.449772
-0.77,10,474.476291
1.35,10,474.510274
-0.58,14,474.550397
1.14,4,474.560875
1.48,9,474.624816
-0.57,9,474.666176
-0.52,13,474.71184
-0.57,11,474.748358
1.14,4,474.762059
1.14,4,474.781799
1.14,4,474.794102
1.8,13,474.834539
1.61,11,474.872765
1.64,10,474.903493
1.43,12,474.942174
-0.57,15,474.999983
1.48,9,475.034626
1.41,12,475.082979
1.3,8,475.11115
1.14,4,475.124015
-0.64,12,475.168692
1.19,8,475.198994
-0.59,15,475.244132
1.38,10,475.278238
-0.26,13,475.322564
-0.51,15,475.366097
-0.83,10,475.402402
1.3,9,475.432373
-0.53,14,475.479687
1.73,14,475.521787
-0.17,16,475.574662
-0.2,18,475.633831
1.2,9,475.662824
1.52,12,475.704013
-0.66,9,475.729838
1.88,16,475.781022
-0.23,18,475.84163
-0.55,10,475.873338
-0.58,10,475.914817
1.72,15,475.969217
-0.46,17,476.023903
1.46,12,476.066496
1.48,10,476.101444
-0.44,15,476.143291
-0.62,9,476.175378
1.54,12,476.22123
-0.64,8,476.252847
-0.47,12,476.295125
-0.92,11,476.33105
1.14,4,476.345943
-0.66,12,476.382979
-0.68,12,476.421761
1.26,9,476.452607
-0.49,15,476.500725
-0.58,10,476.533097
-0.8,7,476.556335
-0.39,19,476.614228
-0.31,14,476.662236
-0.69,7,476.685165
-0.76,6,476.70395
1.53,14,476.809618
-0.54,12,476.850413
-0.44,10,476.883019
1.57,12,476.921728
-0.4,13,476.958325
-0.76,9,476.983776
1.47,10,477.016467
-0.62,15,477.066724
1.5,9,477.095897
-0.68,9,477.131791
-0.42,11,477.167092
-0.56,10,477.199383
1.48,12,477.235053
1.58,13,477.280672
1.43,9,477.309536
-0.23,17,477.362244
1.47,12,477.402032
-0.44,14,477.449392
1.76,12,477.488079
-0.6,9,477.518496
1.5,11,477.556623
-0.56,12,477.60039
1.75,15,477.648427
-0.62,9,477.681849
-0.84,9,477.710332
-0.66,12,477.750414
1.58,11,477.78427
1.43,10,477.816567
-0.63,12,477.85519
1.76,12,477.899042
-0.7,10,477.933692
1.59,13,477.978628
-0.38,15,478.027045
1.44,9,478.055609
-0.78,8,478.083638
-0.56,10,478.116182
1.43,12,478.154032
1.39,11,478.196
-0.25,11,478.235373
1.56,12,478.278597
-0.62,9,478.307908
-0.61,8,478.333641
-0.84,16,478.387619
1.63,10,478.424394
-0.92,8,478.45172
-0.15,19,478.509465
-0.47,17,478.562844
1.28,13,478.600369
-0.52,13,478.645709
-0.68,13,478.691548
-0.47,19,478.750107
-0.46,16,478.796848
-0.82,9,478.828866
-0.63,10,478.866104
-0.48,14,478.90829
-0.97,4,478.921992
-0.53,17,478.976259
1.56,9,479.000768
-0.8,10,479.031731
-0.84,8,479.059309
-0.84,6,479.07867
1.35,12,479.116014
-0.49,9,479.146686
-0.73,8,479.173896
1.54,10,479.208559
1.63,10,479.243242
1.81,15,479.290869
1.56,10,479.321109
-0.63,9,479.351618
-0.78,9,479.387151
1.49,11,479.422698
1.53,9,479.446758
-0.58,11,479.484809
-0.8,6,479.500717
1.47,11,479.537185
1.21,11,479.576493
-0.52,13,479.621723
-0.54,8,479.648895
1.52,10,479.676147
1.19,11,479.714684
-0.23,16,479.769911
-0.81,11,479.80731
-0.52,12,479.845042
-0.86,8,479.872814
-0.9,8,479.901148
-0.16,17,479.956607
1.18,7,479.975276
-0.33,16,480.025135
-0.78,8,480.051506
-0.7,9,480.082452
1.68,15,480.136131
-0.67,11,480.173928
-0.44,9,480.20474
-0.7,8,480.234326
-0.68,9,480.260798
1.36,7,480.285135
1.76,14,480.333388
-0.54,12,480.374334
-0.71,11,480.41554
-0.69,11,480.458207
-0.59,12,480.498105
-0.59,12,480.544715
-0.68,9,480.575627
1.08,8,480.602593
1.62,18,480.662024
1.59,16,480.71085
-0.05,18,480.765754
1.14,4,480.78274
1.63,12,480.821554
-0.67,9,480.853493
1.65,12,480.94781
1.33,8,480.975504
-0.81,8,480.998937
1.4,10,481.036327
-0.72,11,481.074514
1.46,9,481.10843
-0.67,12,481.151288
-0.33,16,481.201363
-0.77,7,481.224526
1.51,9,481.256958
1.63,11,481.287975
-0.32,14,481.33301
1.35,9,481.363774
1.73,11,481.404189
-0.79,9,481.435667
1.33,9,481.467451
1.74,11,481.506231
-0.74,9,481.534902
-0.42,16,481.591104
-0.39,14,481.63594
-0.63,8,481.66425
1.39,10,481.697953
1.73,15,481.73717
1.4,9,481.766961
1.14,4,481.778084
1.14,4,481.791321
-0.82,12,481.832872
-0.38,17,481.88593
-0.41,15,481.941337
-0.04,17,481.997695
1.8,14,482.038372
-0.33,14,482.083935
1.47,16,482.138522
1.14,4,482.151533
-0.36,21,482.213546
-0.1,16,482.265807
-0.75,10,482.299581
1.28,13,482.341834
-0.68,9,482.373702
1.55,10,482.41158
1.34,10,482.445527
1.57,11,482.482334
1.5,11,482.518586
-0.13,16,482.571228
-0.28,13,482.608127
-0.63,11,482.647686
-0.4,11,482.681345
1.47,11,482.720063
-0.1,17,482.768129
-0.62,11,482.803549
-0.52,13,482.848556
-0.38,13,482.902099
-0.69,8,482.930172
-0.49,12,482.97324
-0.58,13,483.016071
1.47,11,483.05587
-0.81,8,483.082093
-0.17,14,483.129709
-0.62,12,483.17129
1.14,4,483.186483
1.49,9,483.213416
-0.7,13,483.251447
1.55,11,483.286297
-0.58,10,483.325769
1.69,14,483.372203
1.38,12,483.409191
1.32,11,483.448774
1.38,9,483.48206
1.53,17,483.541804
1.56,10,483.574507
-0.73,9,483.605901
-0.6,9,483.641119
-0.72,8,483.665678
1.74,15,483.715558
-0.24,15,483.760217
1.14,4,483.772965
1.45,10,483.806739
1.35,9,483.839046
-0.05,19,483.900125
1.87,15,483.945576
1.56,11,483.984213
1.42,9,484.011736
1.17,8,484.037042
1.6,12,484.075065
-0.73,12,484.115172
-0.47,11,484.148455
-0.52,13,484.19823
-0.4,12,484.244096
-0.36,10,484.276109
-0.35,18,484.329693
1.53,17,484.379651
-0.47,14,484.421752
1.33,11,484.457843
-0.66,10,484.492129
-0.48,11,484.535091
-0.51,10,484.573163
-0.7,9,484.60455
1.13,6,484.622202
1.14,4,484.635158
-0.54,15,484.68695
-0.44,10,484.722131
1.77,17,484.77204
-0.51,11,484.806456
-0.71,12,484.850657
-0.34,15,484.894427
-0.58,10,484.928254
1.31,9,484.956787
-0.6,10,484.994745
-0.8,9,485.077987
-0.67,10,485.120421
1.4,11,485.158422
-0.69,13,485.204141
1.73,12,485.243668
1.14,4,485.256116
1.52,12,485.295695
-0.73,11,485.335882
-0.77,10,485.371632
1.68,11,485.404392
1.45,12,485.442255
1.64,13,485.48419
-0.76,6,485.498943
-0.56,9,485.527601
-0.55,17,485.579606
-0.8,11,485.61161
-0.73,9,485.640139
-0.54,9,485.670758
-0.27,18,485.728388
1.54,9,485.763519
-0.39,17,485.817448
-0.15,18,485.869826
-0.59,10,485.902656
-0.54,8,485.930362
1.33,8,485.957881
1.21,9,485.989611
-0.2,17,486.051036
-0.49,15,486.09747
-0.76,8,486.121104
1.14,4,486.134465
-0.52,10,486.172333
-0.52,16,486.227621
-0.48,13,486.269495
-0.61,10,486.297929
-0.27,17,486.35659
1.39,8,486.378888
1.14,4,486.388405
-0.64,13,486.432688
-0.73,8,486.46302
1.28,13,486.508258
-0.13,18,486.56385
1.39,8,486.586704
-0.97,4,486.600329
1.37,10,486.635328
1.42,10,486.67117
-0.54,14,486.717088
1.14,4,486.727336
-0.78,8,486.748163
1.53,12,486.784659
-0.57,9,486.812724
-0.84,8,486.839921
-0.61,10,486.878257
1.49,9,486.906859
-0.59,8,486.933803
1.61,13,486.976897
1.5,10,487.014845
-0.47,12,487.060344
1.36,11,487.100169
-0.46,12,487.142611
-0.57,12,487.179423
-0.57,13,487.215041
1.34,13,487.258723
1.59,12,487.295188
-0.74,15,487.340504
-0.8,10,487.375585
-0.45,11,487.415312
-0.32,13,487.459488
1.35,12,487.497562
-0.89,8,487.516121
-0.34,14,487.557201
-0.62,12,487.595937
1.43,9,487.630964
1.14,4,487.640355
-0.42,16,487.689101
-0.45,11,487.721771
1.14,4,487.737077
-0.38,12,487.781929
1.14,4,487.796031
1.37,10,487.826105
-0.46,12,487.871188
-0.62,15,487.908755
1.58,11,487.948292
-0.3,14,487.998291
-0.82,9,488.032043
1.34,8,488.057196
-0.4,11,488.091358
1.66,14,488.136881
-0.41,13,488.177842
-0.75,8,488.202437
-0.4,14,488.252246
1.47,11,488.290017
-0.42,13,488.34075
1.14,4,488.354466
-0.54,12,488.397743
-0.65,9,488.431825
-0.71,8,488.463286
1.3,11,488.502809
1.28,8,488.532218
1.14,4,488.545658
-0.62,10,488.578281
1.59,10,488.605978
1.53,10,488.63856
1.14,4,488.653139
-0.57,15,488.701759
-0.65,15,488.752385
1.45,10,488.783382
1.64,10,488.817134
-0.78,8,488.841105
1.78,13,488.889138
-0.61,10,488.920023
-0.47,12,488.959072
-0.63,13,489.001582
1.14,4,489.016537
-0.45,13,489.058358
-0.49,15,489.10543
-0.58,13,489.141046
1.14,4,489.153995
-0.83,7,489.181788
-0.23,18,489.235706
-0.7,11,489.271491
-0.21,20,489.339221
1.14,4,489.352181
-0.76,9,489.385468
-0.61,11,489.422043
-0.86,16,489.47254
1.7,12,489.512318
-0.52,10,489.571037
1.57,13,489.638322
-0.43,15,489.685492
-0.45,12,489.723293
-0.6,13,489.772646
-0.77,7,489.79799
-0.59,15,489.844034
1.51,9,489.868367
1.53,10,489.903507
1.3,8,489.928041
1.31,10,489.952625
-0.57,11,489.993187
-0.48,18,490.056819
1.18,6,490.079344
-0.58,11,490.122415
1.14,4,490.136309
-0.52,15,490.183307
-0.78,8,490.212518
-0.74,7,490.233217
1.74,15,490.283255
-0.72,8,490.312644
-0.72,17,490.364764
1.14,4,490.37965
1.44,10,490.41074
1.75,12,490.451097
1.38,12,490.490638
-0.39,14,490.536691
1.39,11,490.579867
1.14,4,490.58936
-0.34,11,490.626634
-0.74,10,490.652746
-0.97,4,490.665893
-0.56,9,490.700752
-0.64,7,490.728228
-0.68,13,490.773299
-0.27,13,490.812392
-0.51,17,490.86345
1.37,10,490.897571
-0.64,10,490.936816
-0.55,10,490.976671
1.63,12,491.015098
-0.67,11,491.055356
-0.8,8,491.087483
1.55,13,491.131642
1.47,11,491.166047
-0.65,12,491.208681
1.64,13,491.251839
1.35,9,491.280868
-0.59,15,491.325982
-0.75,8,491.35629
1.56,11,491.442301
-0.88,6,491.468182
1.48,11,491.502115
-0.65,16,491.546496
-0.52,12,491.591169
1.54,9,491.620404
-0.63,10,491.656231
-0.06,19,491.715593
-0.76,8,491.737479
-0.66,9,491.769135
-0.77,9,491.803644
1.14,4,491.819988
1.69,14,491.865963
1.49,9,491.892209
1.58,9,491.925279
-0.6,10,491.960253
1.64,10,491.994406
-0.54,9,492.025777
-0.33,19,492.087596
1.14,4,492.101924
-0.58,14,492.140267
-0.35,17,492.191548
-0.55,10,492.228405
-0.31,17,492.283699
-0.58,17,492.344369
1.54,11,492.38302
-0.61,14,492.432509
-0.72,7,492.458446
1.46,13,492.501987
1.27,8,492.52902
-0.71,12,492.565987
-0.61,13,492.607131
1.23,7,492.628313
-0.67,8,492.652535
1.35,9,492.681889
-0.31,14,492.728748
-0.6,16,492.776074
1.22,11,492.814032
-0.34,16,492.863495
-0.4,13,492.902565
1.61,11,492.938469
-0.7,8,492.968702
-0.33,15,493.019528
-0.58,9,493.051104
-0.34,14,493.097603
-0.76,15,493.143573
-0.66,7,493.167597
1.14,4,493.183473
1.14,4,493.19776
1.14,4,493.212121
1.4,9,493.242741
-0.71,11,493.292228
-0.27,13,493.33972
1.14,4,493.353211
-0.54,12,493.393376
1.46,11,493.43531
-0.25,18,493.490445
-0.72,8,493.518045
-0.49,12,493.560356
-0.54,15,493.606099
1.52,10,493.64098
-0.82,9,493.665705
-0.33,18,493.728165
-0.72,10,493.757486
-0.89,11,493.793768
-0.63,9,493.822053
-0.65,12,493.857877
-0.7,13,493.901753
1.58,10,493.942602
-0.31,18,494.001267
-0.77,7,494.027882
-0.78,12,494.137767
-0.17,15,494.191549
1.24,8,494.222163
1.39,10,494.257258
-0.76,6,494.279671
1.55,12,494.318722
-0.54,9,494.348564
1.44,12,494.38719
-0.88,7,494.415549
-0.34,14,494.457746
1.76,16,494.507297
-0.55,12,494.54786
1.14,4,494.563009
-0.32,15,494.611811
-0.55,12,494.656429
-0.72,7,494.680221
1.31,10,494.714989
1.44,14,494.761689
1.41,11,494.792504
-0.36,16,494.842897
-0.48,17,494.899643
1.51,13,494.940095
-0.73,9,494.969
-0.66,11,494.998401
1.32,8,495.026451
1.45,10,495.061773
1.59,10,495.094766
-0.64,11,495.133636
-0.5,13,495.177469
-0.29,16,495.22557
-0.73,14,495.27732
-0.73,9,495.310113
-0.35,13,495.358382
1.54,12,495.3927
1.72,15,495.437629
-0.8,7,495.465386
-0.64,13,495.506816
1.14,4,495.517694
-0.48,12,495.564746
-0.71,7,495.58937
-0.88,9,495.628689
-0.4,17,495.68265
-0.22,21,495.744378
1.59,10,495.779707
1.43,10,495.812297
1.73,11,495.851091
-0.69,11,495.885294
1.14,4,495.900113
1.41,11,495.940916
-0.62,9,495.964217
-0.74,13,496.003933
-0.7,15,496.056182
1.65,14,496.106599
-0.46,16,496.156475
-0.61,10,496.192887
-0.4,13,496.235144
-0.78,8,496.260198
-0.91,10,496.293573
-0.8,13,496.336095
1.38,12,496.373569
1.45,9,496.402822
-0.32,13,496.43806
-0.44,13,496.483597
-0.48,11,496.517592
1.56,12,496.558336
1.12,7,496.58186
1.14,4,496.594167
1.48,13,496.635312
-0.66,10,496.668816
-0.51,10,496.699967
1.66,11,496.740283
1.14,4,496.74982
-0.26,20,496.808735
-0.96,5,496.825605
1.31,10,496.863632
-0.75,11,496.900506
-0.44,13,496.944533
-0.54,13,496.987189
-0.49,10,497.024479
1.58,14,497.067323
-0.46,12,497.1055
1.47,11,497.135556
-0.52,15,497.185159
-0.63,15,497.231657
-0.65,8,497.257204
1.38,9,497.286455
-0.58,10,497.322674
-0.56,15,497.379098
1.59,10,497.411908
-0.82,7,497.436758
-0.49,12,497.479141
1.53,10,497.514515
1.49,9,497.548421
1.14,4,497.562541
1.6,12,497.598546
-0.44,18,497.657666
1.54,9,497.692968
-0.81,5,497.708578
1.65,14,497.752518
1.84,14,497.800228
-0.61,13,497.842757
-0.88,6,497.865221
1.33,8,497.890098
1.33,10,497.922069
1.68,14,497.975728
-0.35,13,498.019963
-0.52,13,498.062929
-0.33,11,498.114292
1.47,17,498.203772
-0.55,10,498.241121
-0.38,15,498.285194
1.53,10,498.322944
-0.54,11,498.366533
-0.45,14,498.417891
1.44,10,498.455163
-0.42,12,498.495666
-0.94,7,498.521027
-0.51,15,498.571635
-0.72,8,498.599968
1.34,15,498.650753
1.62,12,498.692144
1.5,11,498.72922
1.49,9,498.758668
1.43,13,498.800591
-0.49,15,498.849586
1.31,10,498.877977
1.14,4,498.891578
-0.44,9,498.927042
1.28,8,498.957053
-0.25,13,498.993058
1.58,13,499.037875
-0.54,17,499.090654
-0.85,10,499.126941
-0.89,8,499.153978
1.51,12,499.196439
-0.68,12,499.232522
-0.87,9,499.264975
-0.62,12,499.304446
1.23,9,499.333236
-0.72,10,499.371783
-0.44,15,499.423226
-0.46,10,499.45407
-0.59,12,499.491635
-0.75,10,499.529907
-0.48,12,499.574981
1.55,10,499.609139
-0.32,16,499.660657
-0.76,8,499.683478
1.49,9,499.715873
-0.68,9,499.746608
-0.12,18,499.802243
-0.41,15,499.845325
1.41,13,499.888236
1.14,4,499.900039
-0.53,14,499.942769
-0.35,14,499.992946
1.42,11,500.034406
1.14,4,500.044091
1.61,10,500.073081
1.39,10,500.107183
-0.6,12,500.153669
-0.57,12,500.191583
-0.48,11,500.231768
1.12,7,500.255234
-0.13,17,500.313121
1.28,11,500.34319
-0.44,12,500.383193
-0.9,9,500.421396
2.03,16,500.47627
-0.31,17,500.533337
1.64,10,500.568271
1.54,10,500.597658
-0.7,11,500.641382
-0.77,16,500.696344
-0.24,16,500.745428
-0.55,13,500.792005
-0.5,13,500.832603
-0.73,9,500.864542
-0.41,10,500.900939
-0.82,6,500.91672
1.14,4,500.933982
1.14,4,500.946829
1.52,9,500.980313
-0.41,14,501.028989
-0.38,14,501.079278
-0.19,14,501.124829
-0.61,9,501.155431
-0.64,11,501.188149
-0.74,12,501.229314
0.02,15,501.279448
-0.58,12,501.320627
1.26,10,501.353513
-0.77,12,501.39079
-0.49,10,501.427792
-0.59,15,501.470669
1.14,4,501.484033
-0.07,18,501.539902
1.14,4,501.552849
-0.4,14,501.597868
1.35,12,501.638081
1.14,4,501.65417
1.28,11,501.688844
-0.53,13,501.738747
-0.6,12,501.778968
-0.57,8,501.809844
1.14,4,501.822768
-0.75,10,501.846664
1.37,10,501.880424
-0.71,7,501.905769
-0.29,15,501.958295
1.37,12,502.001215
-0.65,10,502.035357
-0.36,16,502.148571
1.49,9,502.1793
-0.65,11,502.217247
-0.33,14,502.262528
-0.14,18,502.324618
-0.71,10,502.352884
1.63,10,502.384466
-0.67,15,502.435423
-0.78,10,502.47299
-0.69,7,502.497574
-0.72,7,502.521173
-0.44,14,502.567263
1.14,4,502.579129
1.14,4,502.593961
-0.71,9,502.625645
1.18,9,502.656434
-0.84,11,502.698293
-0.67,8,502.723928
-0.43,16,502.782576
1.81,13,502.825952
-0.83,14,502.876905
-0.52,12,502.917716
1.14,4,502.930019
1.14,4,502.941358
-0.72,8,502.965065
1.14,4,502.978135
-0.75,11,503.0117
0.1,17,503.072686
1.69,12,503.112449
-0.62,8,503.142059
-0.52,13,503.191041
-0.51,12,503.232124
1.48,9,503.261711
-0.34,13,503.304847
1.3,12,503.345914
-0.72,7,503.368792
-0.52,15,503.421479
1.51,10,503.453936
-0.61,10,503.483066
-0.77,10,503.520765
-0.5,11,503.561006
1.43,9,503.58817
-0.54,11,503.625898
-0.59,12,503.668158
1.14,4,503.68618
-0.25,12,503.728785
1.53,13,503.775139
1.71,12,503.809198
-0.89,8,503.835765
-0.29,12,503.877802
-0.32,13,503.909961
-0.65,14,503.957456
-0.71,7,503.987466
1.14,4,504.00049
-0.76,6,504.023237
1.59,12,504.064419
-0.78,8,504.088831
1.66,11,504.121932
1.33,9,504.155614
1.21,9,504.180144
-0.35,14,504.227109
-0.59,11,504.268636
-0.71,17,504.320892
1.47,10,504.352808
1.49,9,504.380558
-0.86,10,504.41135
1.54,13,504.448825
-0.79,12,504.488194
1.55,10,504.518565
-0.53,14,504.56593
-0.6,9,504.599891
1.47,10,504.635823
-0.8,8,504.666531
1.58,10,504.697727
1.53,10,504.735773
1.52,11,504.771018
-0.49,15,504.820783
-0.26,15,504.871623
-0.63,12,504.90514
1.45,10,504.938829
-0.61,8,504.962532
-0.47,13,505.006754
-0.45,10,505.040212
1.14,4,505.051998
1.41,14,505.104453
1.33,8,505.133183
-0.97,4,505.148124
1.14,4,505.161704
1.65,15,505.212897
1.44,11,505.251603
-0.62,9,505.283668
1.49,10,505.321031
-0.37,18,505.368503
1.63,11,505.408136
1.3,12,505.44923
1.54,9,505.478402
-0.29,14,505.526331
-0.65,11,505.568033
-0.37,14,505.607093
-0.93,8,505.631838
1.14,4,505.646971
1.72,12,505.686488
1.58,11,505.724595
-0.59,8,505.75515
-0.93,6,505.7778
-0.84,11,505.819729
1.14,4,505.832891
1.62,12,505.871462
-0.63,9,505.904477
-0.78,11,505.942219
-0.76,6,505.961643
1.37,10,505.989627
-0.88,10,506.026818
1.64,13,506.069434
1.66,11,506.109062
1.61,12,506.15145
-0.73,8,506.184428
-0.54,12,506.226847
1.14,4,506.23794
1.43,10,506.268445
1.66,14,506.316342
1.14,4,506.327635
-0.57,16,506.379798
-0.67,11,506.415742
1.46,11,506.455905
-0.12,19,506.518355
-0.31,14,506.620293
-0.14,15,506.668753
-0.55,14,506.711995
1.56,12,506.747288
-0.35,12,506.788419
-0.47,13,506.833079
1.54,9,506.919054
-0.48,10,506.959675
-0.73,9,506.992934
-0.66,10,507.022347
-0.8,7,507.051749
-0.57,15,507.102711
-0.21,17,507.153646
-0.65,10,507.187568
-0.19,19,507.242757
1.42,12,507.28359
1.46,12,507.323081
-0.71,8,507.348961
-0.72,11,507.389938
-0.43,12,507.428785
-0.67,9,507.456672
-0.36,12,507.499461
-0.45,11,507.538982
1.14,4,507.553121
-0.56,11,507.591763
-0.69,12,507.631376
-0.45,10,507.659403
1.53,14,507.70224
-0.2,18,507.75838
-0.44,12,507.797536
-0.49,10,507.837502
1.51,10,507.868359
-0.45,12,507.908844
1.21,11,507.94825
-0.62,11,507.988314
1.21,12,508.027622
1.19,13,508.071713
1.6,11,508.109936
-0.37,16,508.164578
-0.3,15,508.212903
1.4,9,508.241507
1.56,9,508.269292
-0.3,13,508.315531
-0.54,13,508.361183
1.38,14,508.403061
1.5,10,508.432203
-0.27,17,508.479294
-0.35,19,508.539501
-0.44,13,508.585474
-0.63,15,508.635871
1.49,12,508.680212
-0.41,15,508.725284
-0.42,13,508.767944
1.51,15,508.81705
1.69,13,508.861728
-0.45,14,508.908493
-0.48,13,508.953186
-0.54,9,508.987799
-0.53,16,509.035483
1.72,15,509.078059
-0.49,16,509.123259
-0.76,11,509.163556
-0.21,17,509.220113
1.14,4,509.232726
1.73,13,509.279441
-0.56,12,509.310314
1.16,9,509.341804
-0.44,13,509.385614
-0.64,11,509.421717
-0.3,15,509.473341
-0.5,15,509.524067
-0.76,8,509.54648
1.54,9,509.578626
-0.42,13,509.620844
-0.43,13,509.668312
-0.62,9,509.702445
1.29,10,509.736871
1.36,11,509.77214
1.39,14,509.816465
-0.28,17,509.877122
1.14,4,509.889856
-0.34,20,509.943641
1.47,10,509.977366
-0.46,16,510.025211
-0.7,12,510.066448
1.42,10,510.099663
-0.69,16,510.149978
1.58,13,510.194649
1.69,13,510.238526
-0.45,13,510.280832
1.46,10,510.316989
-0.54,11,510.348168
-0.67,15,510.396455
1.66,10,510.429997
1.77,14,510.475496
-0.67,11,510.515624
-0.61,11,510.551322
1.7,18,510.609974
-0.38,16,510.654094
-0.48,14,510.702488
-0.8,9,510.72965
-0.77,10,510.762397
-0.38,16,510.815248
-0.78,8,510.843732
1.62,15,510.893934
-0.83,13,510.935483
-0.79,9,510.974097
-0.39,14,511.016731
-0.33,14,511.063638
1.58,10,511.150255
1.39,11,511.194187
1.33,14,511.228788
1.3,11,511.267115
-0.41,12,511.303782
-0.62,8,511.327263
1.57,11,511.368711
-0.54,11,511.41314
-0.62,9,511.445078
1.41,8,511.474752
1.39,10,511.503769
-0.31,15,511.549533
1.14,4,511.562943
-0.49,15,511.6073
-0.31,11,511.639546
-0.85,11,511.677568
-0.57,9,511.709477
1.31,10,511.738017
-0.49,14,511.789387
1.49,15,511.83863
-0.65,11,511.874552
-0.82,12,511.919131
1.49,9,511.948001
0.26,20,512.010538
-0.33,17,512.068765
-0.28,15,512.11508
1.45,10,512.144122
-0.52,13,512.185511
1.14,4,512.199681
1.43,9,512.228581
1.65,13,512.270257
1.43,9,512.300402
-0.57,12,512.338784
-0.64,10,512.366433
-0.13,19,512.425631
1.4,10,512.462724
-0.52,14,512.506974
1.3,8,512.535415
1.69,14,512.579669
-0.63,9,512.60924
-0.76,8,512.6342
-0.38,15,512.685133
-0.52,19,512.738004
1.44,12,512.77889
-0.39,16,512.82903
-0.72,13,512.875555
-0.47,12,512.918158
-0.51,12,512.957395
-0.75,8,512.985898
-0.28,17,513.03855
-0.32,11,513.079271
-0.75,8,513.104945
-0.51,9,513.13362
-0.85,7,513.15759
-0.56,14,513.198167
-0.58,10,513.230486
-0.29,17,513.285123
-0.67,8,513.31732
-0.7,9,513.349753
1.6,13,513.387687
1.44,10,513.425644
-0.64,11,513.466037
-0.77,8,513.493231
-0.41,12,513.537822
-0.52,12,513.577642
-0.77,11,513.617004
-0.62,9,513.649564
-0.58,17,513.695378
1.52,16,513.746205
-0.67,8,513.772094
-0.43,12,513.813375
-0.55,10,513.845239
1.6,11,513.879607
1.43,9,513.911811
-0.67,8,513.939936
-0.72,14,513.985366
-0.4,12,514.02148
1.43,13,514.067382
1.5,12,514.111327
-0.57,13,514.152524
-0.6,13,514.194482
1.4,10,514.2311
1.17,10,514.262253
-0.63,10,514.29252
-0.69,10,514.330491
1.33,8,514.35979
1.48,10,514.389588
1.24,8,514.416491
-0.42,18,514.473878
-0.34,15,514.523107
-0.76,13,514.565668
1.68,11,514.600814
-0.3,15,514.654243
-0.76,11,514.690317
-0.47,14,514.736566
1.29,10,514.768017
1.5,14,514.815589
1.6,11,514.852736
1.54,9,514.875991
1.44,11,514.915548
1.44,14,514.961639
-0.8,11,514.999818
-0.59,12,515.035037
1.14,4,515.048779
-0.69,10,515.144137
-0.44,12,515.180364
-0.4,18,515.239501
1.51,10,515.276253
-0.29,18,515.335493
1.38,9,515.371379
1.56,9,515.400469
-0.66,13,515.440366
1.19,8,515.467237
1.86,14,515.512908
-0.63,10,515.548183
1.14,4,515.563824
1.58,14,515.610716
1.55,12,515.651702
-0.47,14,515.6887
1.32,13,515.733672
-0.61,16,515.781429
1.14,4,515.797901
-0.75,8,515.829281
1.5,10,515.868742
-0.66,12,515.910638
-0.73,9,515.947428
-0.64,8,515.982277
1.49,11,516.019121
-0.41,18,516.081517
1.7,13,516.134136
-0.47,17,516.200113
-0.71,9,516.238207
1.61,10,516.276803
-0.55,14,516.33353
-0.85,9,516.369606
-0.37,14,516.429647
-0.76,9,516.462176
1.48,12,516.508805
-0.73,9,516.54047
-0.65,11,516.586083
-0.01,15,516.632409
1.3,11,516.675001
-0.5,14,516.722765
1.14,4,516.736949
1.5,9,516.768626
-0.47,12,516.815676
1.28,10,516.854734
-0.59,12,516.896743
1.41,12,516.94133
-0.65,10,516.982168
-0.48,15,517.045498
-0.53,11,517.094373
1.44,11,517.140783
1.14,4,517.155305
-0.56,12,517.193609
-0.39,10,517.231843
1.55,15,517.293716
1.28,10,517.333925
1.51,10,517.377821
-0.67,8,517.408114
-0.75,11,517.463938
1.41,12,517.517387
1.44,10,517.56296
1.35,8,517.59823
-0.67,12,517.654649
-0.84,8,517.693869
1.6,12,517.742969
-0.54,12,517.788425
1.64,10,517.828943
1.14,4,517.847558
1.14,4,517.862035
-0.48,12,517.902573
-0.52,12,517.941221
1.41,9,517.973905
-0.42,14,518.023068
-0.47,14,518.069957
1.45,13,518.114708
1.69,10,518.149141
-0.38,14,518.198107
1.55,13,518.241178
-0.6,11,518.275107
1.28,10,518.31483
-0.49,13,518.353252
1.52,11,518.387151
-0.78,8,518.414824
-0.57,9,518.449667
-0.4,12,518.493484
-0.54,14,518.53905
-0.83,7,518.567842
-0.41,12,518.610294
-0.59,11,518.645378
1.33,10,518.690859
-0.33,18,518.756601
-0.34,18,518.817625
-0.5,14,518.865643
1.78,11,518.904311
-0.56,8,518.931108
-0.52,16,518.989715
1.29,8,519.02277
1.9,14,519.07546
1.67,16,519.137501
-0.57,10,519.178117
-0.56,11,519.216558
-0.82,11,519.263016
1.5,14,519.320352
-0.41,15,519.373821
1.27,11,519.419048
-0.74,7,519.441789
1.38,9,519.545922
-0.6,12,519.591215
1.34,11,519.628799
-0.47,13,519.675532
1.67,13,519.737051
-0.36,14,519.845441
-0.64,13,519.883475
-0.51,13,519.935465
-0.56,17,520.006375
-0.37,18,520.08177
1.23,10,520.116127
1.25,8,520.141141
1.66,10,520.179132
1.44,10,520.231243
-0.3,19,520.295384
-0.63,14,520.359519
1.32,11,520.403274
1.77,17,520.471552
-0.59,11,520.517127
1.14,4,520.532479
-0.63,13,520.579678
-0.58,14,520.630306
-0.79,15,520.693298
1.32,9,520.746691
-0.65,14,520.796195
-0.5,10,520.837006
1.35,12,520.874636
-0.5,12,520.919686
-0.98,5,520.939573
1.45,10,520.976526
-0.6,14,521.022384
1.56,10,521.056619
-0.41,10,521.106028
-0.31,20,521.16903
-0.14,21,521.236969
1.32,15,521.29175
1.62,11,521.327121
-0.95,5,521.350006
1.66,11,521.387004
1.14,4,521.400339
1.7,12,521.440379
-0.49,13,521.507483
1.3,12,521.55437
-0.21,17,521.612957
1.63,11,521.660214
-0.51,15,521.715051
-0.51,12,521.749256
1.46,9,521.778138
1.63,12,521.818612
-0.64,14,521.861251
1.48,11,521.899451
-0.01,17,521.95124
1.66,11,521.987421
-0.44,11,522.028357
-0.53,18,522.077533
-0.69,11,522.115214
-0.21,14,522.163524
1.13,14,522.207689
1.3,11,522.24247
1.5,13,522.28301
1.38,15,522.3284
-0.59,10,522.362258
-0.65,9,522.389515
1.74,13,522.435275
1.14,4,522.444901
1.14,4,522.458556
1.4,10,522.490759
0.66,21,522.548876
1.7,15,522.602055
1.52,14,522.660523
-0.34,15,522.712904
-0.81,9,522.753395
-0.43,12,522.796126
-0.32,14,522.837954
1.43,9,522.867527
1.54,12,522.907273
-0.39,10,522.956623
1.14,4,522.987725
-0.31,11,523.036863
-0.25,16,523.089176
-0.66,7,523.113507
1.34,11,523.156221
-0.5,15,523.213472
-0.45,10,523.249333
-0.54,12,523.292716
-0.24,19,523.358349
-0.39,14,523.405429
-0.39,13,523.45269
-0.75,10,523.487226
1.55,14,523.545458
-0.32,14,523.597464
1.14,4,523.607509
-0.37,14,523.66541
1.54,9,523.697752
-0.36,17,523.774114
1.14,4,523.78677
1.52,10,523.818946
1.23,7,523.842042
1.14,4,523.854176
-0.57,12,523.892294
1.27,11,523.924035
-0.33,13,523.98443
-0.61,13,524.040972
1.53,13,524.10814
-0.55,11,524.17222
1.43,13,524.225722
-0.7,8,524.252326
1.61,10,524.287426
-0.77,11,524.324232
-0.67,11,524.360035
-0.26,17,524.409787
-0.68,11,524.448055
-0.37,13,524.483351
1.73,16,524.535143
-0.71,9,524.56727
-0.46,14,524.610734
-0.7,8,524.638451
-0.19,16,524.688959
-0.74,10,524.725154
-0.7,16,524.770232
-0.71,6,524.789914
-0.57,9,524.826076
1.14,4,524.840643
1.44,11,524.879321
1.14,4,524.892417
-0.74,9,524.924746
-0.48,10,525.018717
-0.56,17,525.073117
-0.19,18,525.132969
1.58,13,525.175879
-0.26,14,525.22407
1.14,4,525.235428
-0.51,14,525.280813
1.5,11,525.323054
-0.71,10,525.354321
1.56,9,525.385021
-0.32,14,525.431435
-0.27,19,525.481962
1.57,12,525.517213
-0.44,13,525.556471
-0.53,10,525.589679
1.54,12,525.632733
1.14,4,525.646177
1.51,14,525.686429
-0.5,11,525.7252
-0.55,16,525.782256
-0.38,12,525.823467
-0.62,11,525.860043
1.33,8,525.889813
1.51,15,525.936481
1.53,10,525.96889
-0.62,8,525.999293
-0.71,12,526.038687
1.41,10,526.075245
1.14,4,526.085475
-0.15,18,526.142611
1.33,8,526.165758
1.6,12,526.209256
-0.3,11,526.244696
-0.59,13,526.290747
1.35,9,526.319169
-0.53,14,526.360013
-0.5,11,526.399615
-0.81,8,526.427818
-0.74,6,526.451696
1.4,10,526.486369
-0.21,19,526.546222
1.39,9,526.576374
1.49,14,526.626151
-0.59,15,526.67718
-0.6,10,526.715612
-0.55,9,526.744977
1.49,11,526.784731
1.14,4,526.801049
-0.22,17,526.851552
1.61,10,526.887151
1.37,15,526.930157
-0.69,8,526.957759
-0.57,14,527.00652
-0.69,10,527.038081
-0.21,14,527.084774
1.38,14,527.126365
1.48,11,527.169642
-0.84,9,527.204247
1.28,11,527.245923
-0.91,6,527.270981
1.47,14,527.316234
-0.48,14,527.36877
1.59,10,527.400491
-0.52,10,527.433851
-0.27,16,527.482671
-0.19,15,527.529007
-0.19,19,527.587722
-0.47,12,527.625432
1.38,9,527.652602
1.62,11,527.687973
-0.33,17,527.735676
-0.42,14,527.785595
-0.5,11,527.822953
1.42,12,527.862439
-0.77,12,527.899644
-0.35,18,527.950004
-0.49,13,527.986439
-0.82,6,528.007977
1.14,4,528.01987
1.29,9,528.047425
-0.64,8,528.072065
1.43,9,528.096558
-0.89,7,528.124261
-0.63,10,528.161813
-0.37,11,528.195523
-0.66,7,528.221675
1.52,12,528.262047
-0.51,16,528.317634
1.36,8,528.347077
1.5,10,528.386706
-0.38,15,528.433219
-0.36,14,528.481261
-0.49,11,528.519513
1.65,12,528.561266
1.14,4,528.575639
-0.51,18,528.634764
-0.47,17,528.697037
1.14,4,528.70905
1.27,12,528.748768
-0.37,16,528.803368
-0.48,13,528.850564
-0.52,13,528.897937
-0.3,13,528.943882
1.4,12,528.978819
-0.55,10,529.016755
1.43,13,529.057696
-0.36,12,529.098166
1.38,12,529.201296
1.44,12,529.246198
-0.55,10,529.281129
-0.8,10,529.319677
1.58,13,529.361621
-0.25,13,529.406346
1.55,11,529.443124
1.58,9,529.47227
-0.58,15,529.527355
-0.5,10,529.56021
1.44,8,529.584513
-0.6,14,529.622551
1.23,7,529.647977
-0.97,7,529.671517
-0.88,10,529.702682
1.37,11,529.742731
1.14,4,529.759182
-0.42,16,529.804523
-0.48,10,529.840816
-0.74,12,529.882519
-0.85,7,529.907027
1.87,14,529.957685
1.19,8,529.983403
1.45,13,530.026518
-0.36,18,530.075352
1.46,9,530.103049
-0.72,8,530.132512
-0.37,11,530.171953
1.67,15,530.226787
-0.66,12,530.269804
-0.82,8,530.295758
1.64,10,530.33051
-0.49,15,530.381039
1.14,4,530.391364
-0.58,11,530.42925
-0.61,10,530.462094
-0.32,12,530.501247
-0.17,21,530.553463
1.71,14,530.603625
1.5,10,530.634297
-0.93,6,530.65071
1.36,11,530.685894
1.43,9,530.712542
-0.43,11,530.750669
-0.41,14,530.796243
1.6,12,530.832342
-0.8,7,530.854968
1.54,10,530.891148
-0.6,9,530.921021
-0.63,15,530.963684
1.91,17,531.020027
-0.41,13,531.059684
1.41,12,531.103328
1.63,12,531.139505
-0.69,11,531.173862
-0.41,13,531.216311
-0.17,19,531.277252
1.47,13,531.315355
1.77,14,531.360668
-0.59,10,531.394836
-0.86,10,531.429984
1.38,11,531.467
-0.76,11,531.503687
-0.73,12,531.541522
1.33,9,531.576332
1.53,10,531.6091
1.14,4,531.622573
1.53,12,531.662806
1.52,12,531.702655
1.23,12,531.73925
-0.11,18,531.798179
-0.44,18,531.851355
-0.56,11,531.891538
-0.4,11,531.927073
-0.79,12,531.966647
-0.78,8,531.994829
-0.41,15,532.046785
-0.81,8,532.075665
-0.2,18,532.133071
-0.55,13,532.168439
1.6,11,532.206278
1.46,9,532.237135
-0.54,14,532.286083
-0.38,16,532.334816
1.17,9,532.365894
-0.56,12,532.40688
1.61,15,532.46042
-0.61,10,532.489354
-0.41,12,532.531041
-0.44,13,532.570779
1.14,4,532.582435
-0.54,11,532.620421
1.47,10,532.651506
1.51,11,532.686244
-0.62,11,532.724989
1.14,4,532.735851
-0.43,12,532.778296
-0.16,14,532.824314
-0.35,18,532.880626
-0.54,9,532.912572
1.4,10,532.949994
-0.36,13,532.988223
-0.24,15,533.034702
1.48,10,533.062369
-0.34,11,533.101115
1.14,4,533.196903
-0.43,15,533.290484
1.27,9,533.318427
-0.42,11,533.360217
-0.59,8,533.388569
-0.5,13,533.432657
-0.97,4,533.444648
-0.62,11,533.480023
-0.11,16,533.53961
-0.59,11,533.580126
1.6,12,533.612706
1.61,10,533.645975
1.73,12,533.690842
-0.57,9,533.717224
1.5,15,533.765219
-0.53,10,533.796357
1.39,8,533.823168
-0.54,15,533.868814
1.18,6,533.887825
1.37,10,533.923345
1.61,10,533.959832
-0.49,12,533.997732
1.47,11,534.032799
-0.72,8,534.066274
1.62,13,534.102703
-0.62,14,534.146816
-0.48,11,534.188707
-0.7,10,534.224907
-0.71,9,534.253624
1.71,13,534.29738
-0.57,11,534.338088
-0.43,15,534.390437
1.46,10,534.424187
-0.58,11,534.464747
-0.59,10,534.495559
1.41,8,534.522021
1.63,11,534.552805
-0.64,10,534.585535
-0.4,13,534.629122
1.52,13,534.674142
-0.68,13,534.711209
-0.61,11,534.749272
-0.58,10,534.789819
-0.23,17,534.851227
-0.6,12,534.892827
-0.17,16,534.944957
1.64,10,534.977799
-0.76,9,535.012151
-0.79,6,535.03337
1.63,16,535.076423
-0.8,11,535.115317
1.37,9,535.144416
1.63,14,535.187874
1.51,11,535.222497
-0.51,12,535.261353
-0.45,14,535.308179
-0.73,9,535.336616
-0.85,9,535.366931
-0.22,18,535.423208
-0.47,12,535.464749
1.6,15,535.506503
1.52,15,535.55362
-0.63,11,535.590277
-0.52,11,535.624227
-0.52,11,535.662891
1.63,11,535.696577
1.27,9,535.729292
1.54,12,535.774385
1.34,11,535.809405
1.44,10,535.845355
1.48,12,535.883849
-0.42,14,535.927255
-0.74,9,535.955586
-0.04,20,536.019114
-0.54,11,536.053637
-0.57,13,536.096087
1.44,8,536.121509
-0.29,14,536.167047
-0.83,7,536.189031
-0.22,17,536.245914
-0.73,11,536.285383
1.38,9,536.314968
-0.61,10,536.35153
0.02,16,536.402054
1.62,14,536.442561
-0.56,11,536.47929
-0.76,12,536.521364
1.33,8,536.554739
-0.44,20,536.616417
1.45,10,536.644647
1.75,17,536.701534
-0.58,10,536.735049
-0.44,10,536.768253
1.58,11,536.803749
-0.64,7,536.828924
-0.51,11,536.866283
-0.18,17,536.923288
-0.57,9,536.955532
1.5,10,536.990628
-0.54,11,537.031568
-0.66,11,537.065002
-0.77,9,537.10194
1.61,10,537.137227
-0.85,7,537.166164
-0.72,8,537.251753
1.88,16,537.320827
-0.57,11,537.364804
1.42,10,537.400734
-0.66,9,537.429427
1.91,16,537.479879
1.23,12,537.516643
-0.53,11,537.561776
1.14,4,537.57571
1.14,7,537.599465
-0.39,12,537.628417
-0.73,12,537.668135
-0.18,15,537.725706
-0.76,6,537.747226
1.6,11,537.788761
-0.52,10,537.823081
-0.24,14,537.866642
-0.8,7,537.89303
1.71,13,537.937501
1.33,10,537.971776
1.54,11,538.011722
1.38,12,538.049386
-0.68,11,538.081359
-0.81,11,538.118768
1.61,10,538.151973
1.41,14,538.195411
-0.6,9,538.222139
-0.35,17,538.278131
1.67,12,538.310537
-0.27,15,538.362947
-0.73,8,538.39156
1.45,11,538.432566
-0.59,12,538.468484
1.61,10,538.500333
1.63,12,538.536607
1.17,15,538.581767
-0.55,13,538.625364
-0.54,12,538.668772
-0.81,8,538.691389
1.59,9,538.723857
-0.19,17,538.776374
1.59,12,538.815875
1.5,12,538.852483
-0.71,9,538.882833
1.14,4,538.89607
1.43,9,538.924519
-0.75,10,538.959018
1.84,18,539.018832
-0.14,18,539.077151
-0.6,12,539.117079
-0.7,18,539.175786
-0.56,14,539.223177
1.35,9,539.250007
1.59,15,539.299416
-0.61,11,539.333241
-0.89,7,539.359902
-0.26,11,539.401231
1.38,9,539.431331
1.34,11,539.470243
-0.87,6,539.494423
-0.11,14,539.552093
1.4,11,539.591493
1.38,9,539.620432
-0.26,19,539.673348
-0.37,17,539.725104
-0.48,12,539.769388
-0.1,16,539.820894
1.38,9,539.85272
-0.58,14,539.911338
-0.77,9,539.945857
-0.91,4,539.957869
-0.28,18,540.013509
-0.58,10,540.048291
1.31,10,540.074615
1.67,13,540.125224
0.03,18,540.189179
1.38,9,540.216829
1.56,10,540.25308
1.28,10,540.286466
1.52,11,540.324464
-0.43,18,540.376004
1.14,4,540.389655
-0.25,16,540.441286
1.38,14,540.483475
-0.39,14,540.534048
1.54,9,540.56952
2.02,16,540.623461
1.55,11,540.665656
-0.6,13,540.706737
1.59,12,540.746958
1.61,10,540.779725
-0.51,17,540.833127
-0.66,13,540.874372
-0.59,15,540.923751
1.54,9,540.951574
1.57,13,540.993914
1.92,20,541.051517
-0.53,15,541.099433
-0.57,16,541.151128
-0.28,16,541.210405
1.48,10,541.237808
1.75,16,541.291281
1.14,4,541.303377
-0.52,13,541.347988
1.61,10,541.444374
1.63,17,541.495377
1.14,4,541.508688
-0.82,6,541.534025
-0.8,7,541.561819
-0.71,6,541.577105
1.29,10,541.613989
1.5,10,541.646235
1.15,9,541.670073
-0.88,6,541.687903
-0.77,13,541.725651
-0.42,10,541.769009
1.22,8,541.796541
-0.81,14,541.843297
-0.57,18,541.896837
1.14,4,541.912548
-0.56,11,541.947721
1.34,10,541.98147
-0.31,11,542.018652
1.56,10,542.053306
-0.5,15,542.100219
-0.74,10,542.135496
-0.38,16,542.17534
1.62,13,542.223075
1.55,10,542.254637
1.14,4,542.269561
-0.25,17,542.322802
-0.15,15,542.377513
-0.56,14,542.419551
1.48,15,542.46694
1.34,13,542.514092
1.5,11,542.551773
-0.54,8,542.580821
-0.7,11,542.618505
-0.57,15,542.66892
1.2,7,542.691047
1.56,10,542.724973
-0.47,13,542.771536
-0.82,8,542.798064
1.6,11,542.832951
1.54,12,542.873116
1.19,5,542.887113
1.96,17,542.945364
-0.55,15,542.99262
-0.33,16,543.046617
1.44,15,543.090134
1.54,10,543.125096
-0.46,9,543.15986
-0.33,12,543.197712
-0.53,14,543.244624
1.14,4,543.257105
1.59,10,543.293592
1.38,9,543.320329
1.55,17,543.370459
-0.56,14,543.419029
-0.57,12,543.462493
1.14,4,543.475357
-0.49,9,543.503067
1.59,11,543.542225
-0.76,9,543.574514
1.14,4,543.588128
1.6,14,543.636845
1.49,11,543.672741
-0.76,6,543.696218
1.55,11,543.732163
1.46,13,543.772573
-0.46,16,543.82626
-0.8,10,543.860435
-0.47,11,543.896758
1.7,16,543.945166
1.54,9,543.972003
2.01,20,544.037096
-0.86,7,544.062045
1.14,4,544.074826
1.53,10,544.105531
-0.76,9,544.130851
-0.39,17,544.18116
-0.45,15,544.233359
-0.66,13,544.271792
1.62,13,544.311893
1.54,12,544.353407
1.31,10,544.392677
1.42,10,544.428964
-0.52,15,544.488798
-0.7,11,544.52466
1.42,10,544.555705
1.16,8,544.581846
1.14,4,544.595822
-0.31,13,544.638215
-0.43,15,544.681821
1.14,4,544.694961
-0.47,10,544.735549
1.61,10,544.768202
-0.11,18,544.828035
1.14,4,544.841353
-0.48,14,544.886294
-0.61,11,544.921177
-0.55,19,544.979835
-0.33,13,545.024159
1.51,10,545.060322
-0.22,18,545.120146
1.39,8,545.149435
-0.62,9,545.180533
-0.35,13,545.22593
1.44,14,545.266149
1.16,9,545.295395
-0.29,14,545.345404
-0.5,12,545.388633
-0.21,15,545.439822
-0.66,12,545.480626
-0.56,12,545.583613
-0.65,15,545.628509
-0.76,8,545.656923
1.44,9,545.686623
1.37,18,545.73717
1.51,9,545.764618
-0.13,17,545.824049
-0.64,11,545.86149
1.64,13,545.912902
1.43,9,545.944359
-0.6,9,545.976048
1.4,9,546.002934
1.24,10,546.03674
-0.71,9,546.07064
-0.61,11,546.106171
-0.43,16,546.156634
1.45,9,546.186239
-0.34,13,546.234783
1.5,11,546.271106
-1.03,4,546.28635
-0.79,11,546.319679
-0.54,11,546.356665
-0.69,13,546.392399
1.45,13,546.434443
-0.54,12,546.472596
-0.52,16,546.532311
-0.56,16,546.583625
1.45,14,546.632727
-0.54,10,546.666909
-0.51,14,546.715413
1.79,17,546.769405
2.02,15,546.820312
-0.77,7,546.843815
-0.59,11,546.882541
1.35,9,546.915255
1.68,11,546.950903
-0.42,16,547.003356
1.62,15,547.049469
-0.67,8,547.074865
-0.49,11,547.112113
-0.54,15,547.162919
-0.53,10,547.20153
-0.53,13,547.241361
1.45,13,547.281754
1.47,11,547.319443
1.46,9,547.34661
1.19,15,547.397966
-0.39,11,547.435376
-0.8,10,547.464045
-0.55,10,547.503249
1.52,12,547.539397
1.53,14,547.589839
1.71,13,547.632805
-0.73,12,547.677697
-0.45,11,547.716148
1.83,15,547.766736
-0.8,15,547.811689
-0.79,9,547.8395
-0.28,17,547.885101
1.13,6,547.92744
-0.75,11,548.006737
1.36,11,548.040862
1.5,10,548.071784
1.42,11,548.111397
1.48,13,548.155349
1.14,4,548.16866
-0.79,6,548.189724
-0.6,15,548.233597
1.4,12,548.270458
1.61,11,548.31232
1.19,5,548.325023
1.23,14,548.370752
-0.42,11,548.404134
1.92,16,548.453197
-0.19,15,548.497047
1.61,10,548.533189
-0.83,7,548.551162
-0.4,18,548.612349
1.39,10,548.646596
1.5,10,548.683151
1.78,11,548.724413
-0.49,11,548.759618
-0.48,17,548.811635
-0.62,11,548.847878
1.52,11,548.887711
-0.72,8,548.913404
-0.6,10,548.94596
1.45,11,548.979786
-0.39,13,549.027564
1.42,10,549.066159
1.62,11,549.106919
-0.49,15,549.153242
1.4,12,549.187943
1.4,9,549.21229
1.47,10,549.243644
-0.52,13,549.289501
1.39,13,549.330252
-0.74,9,549.364612
1.52,13,549.403194
1.57,12,549.442956
-0.31,15,549.490676
-0.2,19,549.554122
1.54,9,549.576762
1.4,12,549.611668
-0.61,10,549.643919
-0.64,9,549.743166
1.14,4,549.756333
-0.34,12,549.796684
-0.61,8,549.832936
-0.92,14,549.879986
1.14,4,549.891984
-0.27,17,549.944784
1.72,16,549.989307
-0.57,10,550.021072
1.63,15,550.065311
-0.81,8,550.095158
-0.49,13,550.135977
-0.83,10,550.175246
-0.26,17,550.220213
-0.52,12,550.258708
-0.76,13,550.296804
-0.39,10,550.333414
-0.46,15,550.373591
1.43,9,550.399677
-0.85,12,550.44172
1.22,8,550.471474
-0.36,12,550.509496
1.54,9,550.537755
1.63,12,550.577661
1.36,11,550.623097
-0.57,9,550.652807
-0.3,14,550.695422
-0.4,14,550.746078
1.59,10,550.782417
1.14,4,550.794876
-0.45,12,550.831854
1.14,4,550.844059
-0.73,11,550.881769
1.51,11,550.919811
1.45,10,550.953168
-0.25,21,551.012606
1.44,11,551.052397
1.56,10,551.083236
1.55,10,551.116169
1.14,4,551.128485
1.3,9,551.159093
-0.59,11,551.191177
-0.58,13,551.232697
1.37,11,551.26456
-0.48,11,551.302859
-0.45,13,551.349961
1.44,10,551.377841
-0.38,15,551.426887
1.8,13,551.470494
-0.29,18,551.516244
-0.31,15,551.559243
-0.68,13,551.596802
-0.92,5,551.618051
-0.66,13,551.657333
-1.04,5,551.675819
-0.46,14,551.718133
1.3,8,551.740991
-0.48,11,551.772226
1.53,11,551.809974
1.28,8,551.836426
1.33,9,551.868376
-0.11,18,551.932609
1.42,10,551.962099
-0.61,11,552.002678
1.52,11,552.042605
-0.72,13,552.086684
1.51,13,552.123541
-0.6,13,552.173059
1.35,12,552.210237
1.42,15,552.253726
1.49,11,552.294506
-0.44,12,552.328788
1.14,4,552.344585
-0.3,14,552.384522
-0.57,9,552.412932
-0.81,5,552.42787
-0.72,10,552.462403
-0.55,14,552.503529
1.5,11,552.54091
-0.74,10,552.573181
-0.46,16,552.626602
-0.33,18,552.685932
-0.54,15,552.734149
1.63,16,552.780602
1.66,11,552.816051
1.43,12,552.857128
1.45,10,552.892437
-0.79,8,552.924178
1.54,10,552.956447
-0.36,16,553.012759
1.45,13,553.054308
-0.55,12,553.089477
1.61,16,553.140669
-0.58,10,553.175982
1.44,12,553.215743
-0.21,18,553.272415
-0.53,12,553.314054
-0.63,10,553.348875
1.59,10,553.386734
-0.67,11,553.419652
-0.54,14,553.464699
-0.62,15,553.514414
-0.54,11,553.554136
-0.94,12,553.591643
1.24,9,553.627748
1.33,8,553.650771
1.53,15,553.700812
-0.57,9,553.736028
-0.08,17,553.847389
1.43,9,553.886276
-0.5,15,553.940179
-0.38,16,553.989324
-0.63,16,554.035075
-0.42,19,554.093762
-0.65,8,554.122489
-0.64,11,554.158724
-0.43,12,554.200612
1.14,4,554.214138
-0.61,16,554.268144
-0.55,15,554.311719
-0.59,11,554.350305
1.58,10,554.381739
-0.97,7,554.408788
-0.78,8,554.435695
-0.47,15,554.489931
1.54,9,554.522875
1.5,14,554.570887
-0.66,13,554.611898
-0.58,11,554.653721
1.82,15,554.700674
-0.65,9,554.735588
-0.5,15,554.781389
1.23,7,554.807788
-0.62,10,554.844867
1.83,17,554.902287
1.48,13,554.944172
1.14,4,554.959106
1.5,10,554.99222
1.56,13,555.036275
1.58,13,555.078987
-0.35,14,555.124374
-0.81,8,555.144086
-0.39,12,555.185723
-0.75,8,555.21444
-0.47,12,555.257707
-0.65,8,555.28895
-0.31,15,555.330527
1.61,14,555.377162
1.41,11,555.41537
1.38,12,555.449142
-0.5,10,555.480662
-0.3,16,555.528641
-0.59,11,555.563757
-0.56,15,555.609732
1.64,11,555.644902
1.55,14,555.690396
-0.88,7,555.717524
1.52,14,555.759124
1.14,4,555.772448
-0.27,13,555.814424
1.42,10,555.848733
-0.52,14,555.891282
1.44,10,555.92478
1.51,9,555.955062
-0.92,8,555.987538
1.48,10,556.026038
-0.64,11,556.063987
-0.74,9,556.100189
-0.74,12,556.1434
-0.82,9,556.175426
1.38,12,556.21777
-0.28,16,556.27355
-0.75,8,556.303402
1.41,11,556.33577
-0.63,10,556.368892
1.14,4,556.381729
-0.5,14,556.426989
-0.63,13,556.472954
-0.65,9,556.50384
-0.07,16,556.559065
-0.6,10,556.59303
1.43,9,556.624225
-0.82,6,556.641787
-0.09,18,556.703345
-0.65,16,556.756107
-0.63,10,556.788668
-0.5,10,556.821475
1.39,13,556.856417
-0.23,14,556.906016
1.53,10,556.935187
1.49,9,556.964921
1.64,12,557.009531
1.54,9,557.045248
-0.82,6,557.066088
1.54,11,557.105947
-0.66,10,557.139117
-0.46,14,557.191882
1.64,12,557.226299
-0.75,17,557.270059
1.14,4,557.280491
-0.33,15,557.329735
1.53,10,557.363224
1.17,7,557.385073
-0.48,10,557.422926
-0.42,13,557.468106
1.46,12,557.507268
1.56,10,557.537279
-0.32,13,557.584896
-0.54,15,557.63605
-0.73,12,557.672648
1.38,11,557.704101
-0.49,9,557.737227
1.73,13,557.788036
-0.64,14,557.830824
1.5,10,557.866194
-0.68,9,557.894823
-0.51,16,557.946302
1.86,18,557.999517
-0.03,16,558.053296
-0.38,16,558.104371
1.78,12,558.146987
1.39,10,558.18457
1.58,12,558.224736
1.42,11,558.263663
1.54,14,558.311744
1.5,10,558.348631
-0.49,9,558.373736
1.33,8,558.405164
1.5,12,558.506479
1.63,18,558.55605
-0.78,8,558.582584
1.92,19,558.642625
-0.55,15,558.687468
-0.64,9,558.714002
1.78,17,558.766855
1.59,13,558.813407
-0.68,12,558.852914
-0.48,15,558.894746
1.66,10,558.934942
1.58,11,558.974212
1.48,12,559.015245
-0.51,9,559.044069
2.12,17,559.101479
1.24,9,559.131478
1.56,9,559.165448
-0.66,7,559.187756
1.66,14,559.236104
1.14,4,559.24986
-0.33,18,559.306246
-0.42,17,559.354828
-0.65,9,559.38341
-0.39,14,559.42623
-0.44,13,559.475599
1.7,13,559.518172
1.65,12,559.555119
-0.32,15,559.605526
-0.15,21,559.669846
-0.66,15,559.718155
-0.5,11,559.753827
-0.44,13,559.797133
1.93,16,559.84929
1.43,9,559.882845
-0.33,15,559.937075
0.13,20,559.998382
-0.78,8,560.022238
-0.61,19,560.074229
-0.29,18,560.126231
-0.36,13,560.164054
1.56,9,560.197557
1.65,16,560.253382
1.54,12,560.293047
1.49,13,560.336848
-0.44,15,560.383422
-0.42,11,560.420361
1.27,8,560.447674
1.38,11,560.482943
1.56,12,560.522578
-0.49,15,560.572394
1.56,12,560.611216
-0.23,18,560.671984
1.5,11,560.712677
-0.5,12,560.747475
-0.35,14,560.845093
-0.56,10,560.88343
-0.73,9,560.914133
-0.46,9,560.940361
-0.64,13,560.98205
-0.5,11,561.015635
1.54,9,561.051014
-0.47,10,561.084612
1.5,10,561.116538
1.56,9,561.146192
-0.89,11,561.188369
1.39,9,561.220127
-0.6,9,561.243768
-0.47,10,561.280703
1.82,13,561.321503
1.6,11,561.359816
1.59,12,561.40286
-0.55,17,561.457125
1.77,17,561.506804
-0.19,15,561.55754
-0.75,11,561.595759
-0.42,18,561.645048
-0.67,13,561.688227
-0.75,7,561.711942
1.43,9,561.738678
1.42,11,561.771872
1.14,4,561.784292
-0.56,13,561.827584
1.25,8,561.857003
-0.27,18,561.917186
-0.46,9,561.948956
-0.28,17,562.002714
-0.85,9,562.031315
1.84,13,562.072641
1.56,9,562.10429
-0.51,9,562.134064
-0.36,14,562.181744
-0.79,15,562.230167
1.61,14,562.273597
1.14,4,562.285301
-0.4,16,562.327302
-0.31,14,562.373737
-0.69,8,562.401267
-0.75,7,562.420617
-0.61,13,562.46889
1.61,11,562.507296
-0.73,11,562.543032
1.39,9,562.572254
1.49,9,562.606169
-0.67,18,562.722217
1.33,12,562.76371
-0.38,19,562.821167
-0.79,6,562.838066
-0.41,15,562.893278
1.28,8,562.923369
-0.45,13,562.968817
1.19,8,562.997326
1.59,10,563.032906
1.36,8,563.061865
1.43,10,563.090018
1.29,10,563.126267
-0.5,13,563.170967
1.34,10,563.209811
1.39,19,563.265354
1.33,8,563.289356
1.54,9,563.31795
-0.44,16,563.371332
-0.72,10,563.407295
1.29,12,563.448217
-0.46,16,563.502611
-0.72,10,563.532935
1.62,11,563.565634
-0.57,13,563.613887
-0.99,6,563.631635
1.14,4,563.645937
0.41,21,563.708102
1.53,10,563.739287
1.71,14,563.785739
1.76,11,563.825635
-0.76,6,563.845828
-0.29,17,563.905744
-0.68,9,563.935248
-0.55,16,563.98546
1.14,4,563.997647
1.46,15,564.042246
1.41,9,564.072873
-0.61,17,564.12289
-0.67,11,564.162657
1.32,9,564.192499
1.48,10,564.230238
1.52,13,564.271912
-0.79,12,564.310694
-0.55,10,564.348032
1.14,4,564.362357
-0.39,10,564.394223
1.44,10,564.431365
-0.55,12,564.469639
-0.96,9,564.502165
-0.42,18,564.556476
1.53,10,564.586483
1.56,12,564.624949
-0.66,7,564.652512
1.57,12,564.690125
1.63,12,564.724855
1.61,10,564.756837
1.55,13,564.799796
-0.32,11,564.842005
-0.69,10,564.878062
1.63,10,564.908502
1.22,8,564.934367
1.36,14,564.986724
1.27,11,565.021598
-0.51,13,565.068593
-0.1,15,565.119008
-0.26,17,565.174464
-0.18,15,565.217889
1.54,9,565.250479
-0.69,17,565.306405
-0.78,8,565.336044
1.47,11,565.371502
1.47,12,565.410066
-0.68,13,565.449364
-0.64,8,565.48039
-0.72,8,565.507705
1.53,10,565.540276
-0.46,19,565.600984
1.65,12,565.640501
1.54,10,565.673759
-0.23,17,565.71935
1.27,10,565.747752
-0.16,17,565.803633
-0.1,17,565.858793
-0.58,10,565.892592
-0.65,9,565.924522
1.72,14,565.970288
1.45,9,565.99672
1.48,13,566.044231
1.14,4,566.056933
1.66,11,566.091656
-0.73,8,566.116206
-0.63,10,566.153221
1.54,9,566.178055
-0.49,12,566.218065
-0.1,18,566.281991
1.14,4,566.295726
-0.47,11,566.329153
1.55,10,566.364627
-0.23,15,566.409395
1.33,9,566.439387
-0.64,11,566.47936
-0.45,17,566.537013
-0.23,12,566.579716
1.72,12,566.678132
-0.48,11,566.719243
-0.58,11,566.750555
1.54,9,566.783749
-0.52,12,566.82246
1.43,12,566.861506
1.4,9,566.897319
-0.27,11,566.931819
1.28,11,566.962785
1.51,10,566.996626
1.53,11,567.036572
-0.54,14,567.074572
1.58,13,567.114969
1.46,12,567.148157
1.58,10,567.186734
1.53,10,567.21379
1.62,14,567.259603
-0.66,7,567.286664
-0.72,8,567.314568
1.4,9,567.345612
-0.75,10,567.379883
1.59,10,567.413577
-0.12,21,567.477337
-0.45,15,567.527848
1.56,11,567.567424
-0.57,12,567.606218
-0.66,9,567.635225
-0.77,10,567.666397
-0.08,16,567.721194
1.34,7,567.74642
-0.35,17,567.806871
1.4,12,567.84552
-0.33,14,567.896594
-0.23,13,567.944924
1.54,12,567.989229
-0.66,9,568.019929
1.35,9,568.053525
-0.6,15,568.093056
1.47,10,568.130231
1.14,4,568.143778
-0.46,14,568.189815
-0.61,12,568.226699
-0.31,16,568.280237
-0.32,20,568.339034
-0.56,10,568.376365
1.14,4,568.391075
1.48,9,568.420305
1.5,10,568.458218
-0.76,16,568.510748
1.55,10,568.536819
1.54,12,568.574632
-0.77,9,568.604721
1.62,13,568.651869
1.22,10,568.684917
1.48,10,568.727529
1.41,11,568.762017
-0.54,14,568.809956
-0.66,12,568.852954
1.61,10,568.886236
1.2,7,568.911482
-0.53,15,568.964858
1.4,10,568.995525
-0.46,11,569.033001
-0.25,17,569.090905
-0.51,11,569.134411
1.51,12,569.175627
1.54,9,569.201729
1.54,9,569.233353
1.57,11,569.272808
1.65,11,569.309869
1.71,16,569.358621
1.37,12,569.399786
1.61,11,569.439724
1.54,9,569.466866
-0.37,14,569.512375
0.73,21,569.575476
-0.43,10,569.610614
1.59,10,569.645898
1.39,10,569.67739
1.64,10,569.709835
1.28,10,569.740376
-0.57,12,569.784211
1.58,11,569.830219
1.14,4,569.843203
-0.13,19,569.898017
1.43,18,569.952548
-0.56,14,569.998565
1.25,8,570.020015
-0.47,13,570.059257
1.14,4,570.072537
-0.32,15,570.120406
-0.34,19,570.174362
1.14,4,570.189353
1.28,8,570.220112
-0.12,17,570.273605
-0.61,9,570.302845
-0.74,7,570.325378
-0.59,19,570.391709
1.14,4,570.406678
1.38,12,570.442186
1.68,11,570.475279
-0.54,9,570.51261
-0.83,8,570.539808
-0.53,11,570.576178
-0.7,8,570.603632
1.29,10,570.641537
1.14,4,570.659293
-0.34,12,570.696212
1.47,11,570.739229
1.14,4,570.753797
1.24,12,570.796695
1.55,11,570.83431
-0.47,17,570.946376
-0.66,13,570.988836
0.1,19,571.048131
-0.45,15,571.093806
1.28,14,571.139232
-0.39,20,571.197521
-0.73,12,571.240248
1.44,8,571.266319
1.7,13,571.31221
-0.45,12,571.353535
1.43,12,571.39569
1.55,11,571.435749
-0.41,10,571.466233
1.43,9,571.500164
1.53,13,571.543129
1.59,10,571.577128
-0.77,16,571.623285
-0.76,9,571.656937
-0.79,9,571.688566
-0.37,18,571.745396
1.52,14,571.792753
1.4,9,571.820617
-0.54,17,571.863251
1.55,10,571.895579
-0.35,16,571.947043
-0.27,17,571.99199
1.44,14,572.040583
1.34,11,572.074575
-0.56,11,572.112403
1.42,10,572.145279
-0.26,18,572.203193
-0.89,8,572.231459
-0.95,8,572.25144
1.14,4,572.263627
-0.55,10,572.292194
-0.54,11,572.328074
-0.26,17,572.38674
-0.71,9,572.418753
1.42,11,572.45627
-0.82,9,572.487442
-0.27,13,572.531394
-0.47,14,572.575136
-0.5,14,572.623077
1.14,4,572.636654
1.66,10,572.672925
1.14,4,572.687181
1.49,11,572.72502
-0.6,9,572.759542
1.63,14,572.80067
-0.51,15,572.84627
1.79,15,572.89414
1.54,12,572.937613
1.4,13,572.982842
1.38,11,573.014289
1.45,10,573.051656
-0.49,13,573.08896
1.16,8,573.115135
-0.45,10,573.146434
-0.59,9,573.17547
-0.59,12,573.215642
1.2,10,573.246677
1.2,10,573.279633
-0.66,8,573.311037
-0.53,11,573.34766
1.53,10,573.376424
-0.61,10,573.41138
-0.53,11,573.45027
-0.65,9,573.473533
1.66,18,573.528045
1.14,4,573.539584
-0.71,9,573.568598
1.79,14,573.609963
1.36,8,573.638728
-0.5,10,573.674924
-0.46,12,573.718777
1.85,15,573.768506
-0.62,14,573.808365
-0.36,13,573.852835
-0.7,7,573.878642
-0.34,17,573.934267
-0.61,11,573.973696
1.51,9,574.002317
-0.6,10,574.035553
1.63,13,574.08025
-0.43,15,574.129487
1.69,15,574.185466
1.5,10,574.228129
-0.72,8,574.261276
1.48,13,574.364898
1.51,12,574.407655
1.13,5,574.427635
1.14,4,574.438746
1.7,16,574.493106
1.65,12,574.537999
1.5,12,574.590829
1.34,12,574.637871
-0.24,15,574.690834
-0.26,18,574.762241
1.58,11,574.794491
-0.73,8,574.830298
1.49,9,574.866005
-0.73,12,574.909971
-0.86,8,574.947119
1.28,8,574.987338
-0.27,12,575.037161
-0.53,11,575.071681
1.3,11,575.111156
-0.46,12,575.159449
1.14,4,575.172866
1.42,12,575.222569
-0.35,16,575.283236
1.61,10,575.326787
-0.61,10,575.36316
-0.49,13,575.419329
-0.51,11,575.471026
-0.39,15,575.520497
-0.57,9,575.547554
1.04,9,575.584457
-0.59,12,575.635382
-0.4,12,575.686103
1.7,15,575.745533
1.88,12,575.786921
1.51,12,575.841589
-0.56,12,575.881705
1.14,4,575.892004
1.28,8,575.917409
1.77,14,575.967909
-0.73,8,575.999582
1.25,10,576.030839
1.34,11,576.071775
-0.68,12,576.121135
1.52,12,576.176908
-0.68,13,576.223699
-0.37,14,576.277533
-0.62,12,576.389654
-0.43,15,576.436348
-0.48,12,576.473506
-0.53,13,576.534717
-0.61,21,576.60638
1.76,17,576.664852
1.41,8,576.696472
-0.31,18,576.767706
1.53,13,576.817595
-0.73,16,576.876579
1.45,12,576.924149
-0.31,17,576.990827
1.71,11,577.040992
-0.4,16,577.097208
-0.64,8,577.127905
1.53,10,577.165004
1.78,15,577.219079
-0.21,12,577.260213
-0.34,18,577.312629
-0.6,10,577.346184
1.52,11,577.38162
-0.52,15,577.434854
1.39,9,577.467896
1.54,9,577.490538
1.61,10,577.523775
-0.68,11,577.564078
-0.65,9,577.599984
1.29,12,577.641649
1.44,11,577.676245
1.54,9,577.704461
1.62,16,577.753727
-0.78,8,577.779145
1.43,9,577.811971
-0.67,7,577.836265
-0.78,8,577.861997
1.66,11,577.893464
-0.48,15,577.936837
-0.83,10,577.97223
1.51,10,578.004506
1.25,10,578.040923
-0.19,16,578.096438
1.2,10,578.125945
1.41,11,578.159922
-0.39,17,578.222788
-0.5,13,578.267194
-0.76,8,578.293205
1.62,14,578.339919
-0.59,11,578.384758
1.43,9,578.43265
-0.77,8,578.476448
-0.76,8,578.509609
1.39,11,578.549177
-0.57,12,578.591829
-0.74,9,578.624307
-0.62,8,578.656646
-0.2,13,578.692438
1.55,10,578.728278
1.63,12,578.773803
-0.21,17,578.837685
1.41,12,578.887454
-0.37,15,578.947118
1.64,11,578.994139
1.54,9,579.039512
-0.61,10,579.083734
1.43,9,579.118515
-0.33,16,579.178328
-0.75,8,579.20794
-0.79,9,579.241711
-0.57,9,579.274422
-0.52,9,579.303639
1.93,17,579.351651
1.61,17,579.406467
1.25,8,579.43347
1.55,11,579.469954
-0.33,15,579.519481
1.55,12,579.555225
1.82,18,579.608432
-0.61,13,579.650487
1.66,11,579.686523
1.45,11,579.720987
-0.49,9,579.758522
-0.69,7,579.780632
1.72,16,579.83284
-0.64,13,579.872015
-0.81,8,579.904978
-0.63,12,579.944486
0.01,19,580.001783
1.6,14,580.05195
1.14,4,580.066249
-0.51,12,580.105975
-0.48,14,580.153403
1.95,14,580.201967
-0.25,17,580.263432
-0.4,18,580.321929
-0.66,10,580.34944
1.14,4,580.36237
-0.46,15,580.407322
-0.69,12,580.449579
-0.11,16,580.499785
-0.51,20,580.554605
-0.4,11,580.595171
-0.51,12,580.638052
1.46,12,580.675048
-0.38,13,580.783229
1.54,12,580.828571
1.14,4,580.843245
1.09,10,580.876943
-0.56,13,580.925379
-0.52,11,580.960926
-0.28,14,581.002613
-0.41,15,581.058145
1.0,7,581.078814
1.29,13,581.119997
1.66,11,581.153043
-0.66,16,581.204805
-0.58,11,581.234872
-0.41,16,581.28358
1.43,11,581.320038
-0.6,12,581.357434
1.61,18,581.414121
1.07,9,581.444175
-0.4,15,581.491969
-0.36,14,581.539099
1.14,4,581.55259
1.68,12,581.596826
1.68,16,581.648973
-0.5,11,581.680035
-0.47,13,581.719964
-0.48,9,581.746143
-0.32,13,581.784125
-0.34,17,581.844113
-0.3,14,581.884653
1.41,11,581.919032
1.52,13,581.960951
-0.49,13,581.999588
-0.66,11,582.041457
-0.9,6,582.065236
1.48,9,582.092482
1.58,10,582.125339
-0.49,16,582.174872
-0.97,4,582.192746
-0.78,14,582.23794
1.59,13,582.278663
-0.42,14,582.325245
1.39,10,582.358928
1.44,11,582.395601
-0.51,11,582.435977
1.14,4,582.448748
-0.4,13,582.490367
1.53,17,582.542507
1.21,9,582.574434
1.71,11,582.610711
1.33,11,582.646624
-0.37,14,582.692786
1.51,14,582.732393
-0.66,7,582.758044
-0.16,16,582.813156
1.52,14,582.858261
1.41,16,582.913567
-0.49,9,582.947231
-0.41,14,582.996502
-0.47,16,583.047945
1.89,16,583.099187
-0.68,11,583.134681
-0.84,14,583.178194
1.21,11,583.209983
-0.2,14,583.253962
-0.49,15,583.305
1.74,14,583.354891
1.35,11,583.392616
-0.46,14,583.438558
-0.58,15,583.4813
1.14,4,583.497557
1.32,15,583.546188
-0.45,11,583.581651
1.46,9,583.610717
1.52,15,583.656934
1.14,4,583.667617
1.69,17,583.717083
-0.56,15,583.759682
-0.69,10,583.793511
1.47,11,583.829899
1.66,12,583.871032
-0.11,15,583.916702
-0.15,18,583.973927
-0.07,13,584.010597
-0.56,10,584.045473
2.19,20,584.105516
1.45,10,584.14129
1.29,9,584.1707
-0.65,14,584.22069
1.54,9,584.248918
-0.83,7,584.275652
-0.57,11,584.309441
-0.18,17,584.367002
-0.65,9,584.395652
-0.32,14,584.441497
1.32,9,584.473605
-0.49,15,584.524248
-0.64,11,584.558602
-0.62,11,584.595952
-0.45,14,584.644472
-0.73,8,584.670323
1.88,17,584.729637
-0.72,7,584.754377
1.74,14,584.800111
1.38,10,584.830431
1.66,11,584.872679
-0.84,8,584.953501
-0.47,15,585.004639
-0.41,12,585.046291
-0.43,12,585.09249
-0.44,14,585.14251
-0.64,15,585.19156
-0.15,15,585.239914
-0.36,14,585.281957
-0.59,11,585.322229
-0.68,10,585.354543
1.52,12,585.387855
1.59,13,585.428931
-0.68,9,585.460615
1.54,9,585.489187
-0.41,12,585.529957
-0.24,13,585.574931
1.61,14,585.618969
1.54,9,585.650796
-0.77,7,585.676382
-0.4,17,585.730709
1.43,15,585.782343
-0.39,17,585.839878
1.65,11,585.878462
-0.78,10,585.912564
1.37,10,585.941814
1.14,4,585.955232
-0.38,15,585.996298
-0.43,15,586.045213
1.54,9,586.077227
-0.54,9,586.101316
-0.05,19,586.161346
1.51,12,586.1962
-0.5,13,586.238256
-0.34,13,586.281007
-0.66,10,586.318678
-0.71,9,586.347164
-0.34,14,586.396076
1.55,10,586.431572
1.68,14,586.482247
1.24,9,586.509598
-0.64,15,586.562177
-0.78,8,586.590299
1.29,8,586.614535
-0.5,14,586.651737
-0.4,16,586.699009
-0.56,11,586.731409
-0.34,17,586.777299
-0.81,11,586.810415
-0.24,12,586.850853
1.64,12,586.887347
1.49,16,586.940195
-0.23,16,586.994135
-0.31,11,587.033853
1.33,8,587.05771
-0.53,14,587.096223
1.66,16,587.147506
-0.74,12,587.182103
-0.77,10,587.217884
-0.66,7,587.24226
-0.79,9,587.27773
1.56,14,587.324846
-0.41,14,587.374501
-0.71,10,587.402996
1.56,9,587.43387
1.55,10,587.468845
-0.62,10,587.504946
-0.45,10,587.538713
1.47,11,587.57143
1.64,10,587.603923
1.37,10,587.635691
1.45,9,587.666841
1.55,12,587.705543
-0.2,19,587.768171
-0.34,14,587.81413
-0.88,6,587.838978
-0.49,17,587.89188
-0.25,15,587.938921
-0.42,14,587.978616
-0.35,17,588.02508
1.49,11,588.056867
1.56,10,588.092943
1.61,10,588.121403
1.44,12,588.160316
-0.56,15,588.215899
1.65,15,588.269482
-0.73,9,588.29666
1.14,4,588.310552
-0.29,17,588.368932
1.27,8,588.395944
-0.33,12,588.436296
-0.82,7,588.463392
-0.8,7,588.486732
1.14,4,588.498626
-0.49,10,588.52788
1.68,14,588.572095
-0.83,10,588.604171
1.14,4,588.61898
-0.47,16,588.670048
1.35,9,588.700645
-0.22,11,588.740013
1.45,11,588.774749
1.32,9,588.800657
-0.91,4,588.81475
-0.5,16,588.866182
-0.53,13,588.914906
-0.54,15,588.960531
1.56,13,589.003973
1.68,18,589.064226
1.54,9,589.097027
1.57,14,589.139056
-0.76,9,589.169677
-0.4,19,589.225249
-0.27,19,589.276918
1.53,10,589.309467
1.69,11,589.343961
1.54,9,589.375955
-0.34,12,589.418407
-0.11,15,589.471835
-0.48,12,589.508241
1.29,10,589.539077
-0.47,9,589.571706
1.25,8,589.598792
-0.6,11,589.638898
-0.66,11,589.674446
1.48,15,589.727029
1.33,11,589.795492
-0.31,15,589.867016
1.43,12,589.901992
-0.45,18,589.957815
-0.35,20,590.020334
1.48,9,590.051633
1.44,11,590.087609
1.39,10,590.122901
-0.67,11,590.162965
1.43,9,590.192974
-0.31,15,590.244327
-0.3,21,590.297372
-0.57,12,590.335133
-0.48,16,590.387827
-0.28,16,590.437473
-0.81,9,590.465668
1.54,9,590.49673
-0.62,9,590.524094
-0.52,12,590.563996
-0.25,18,590.616778
-0.51,11,590.659852
-0.97,4,590.674612
-0.31,16,590.726804
-0.66,9,590.75493
1.53,10,590.792461
1.4,13,590.830489
-0.65,15,590.883479
1.62,12,590.926849
-0.37,18,590.982926
1.61,13,591.026397
-0.55,13,591.070839
1.44,11,591.108555
-0.58,10,591.141402
-0.54,12,591.179137
-0.37,15,591.224464
-0.39,15,591.278258
1.38,9,591.308496
-0.44,13,591.354911
1.33,8,591.382316
1.67,15,591.435212
1.54,9,591.460627
1.61,10,591.495294
-0.4,18,591.553632
1.48,16,591.605367
1.4,10,591.642364
-0.54,12,591.745029
-0.61,11,591.78247
-0.31,19,591.838328
-0.44,16,591.884226
-0.21,16,591.935759
-0.5,15,591.987033
-0.47,13,592.033203
-0.44,10,592.067346
1.43,18,592.119829
1.52,16,592.162524
-0.63,13,592.210411
1.14,4,592.222115
-0.44,12,592.257179
-0.78,8,592.287171
-0.68,9,592.318429
-0.7,11,592.352512
1.34,10,592.38746
-0.46,11,592.421016
1.65,12,592.462624
1.53,10,592.495583
-0.63,12,592.532434
-0.75,10,592.566952
-0.39,17,592.620694
-0.56,8,592.648733
1.56,10,592.68111
-0.05,16,592.730956
1.22,9,592.76711
-0.55,10,592.800571
-0.26,14,592.852349
1.86,15,592.892103
-0.64,8,592.918617
-0.57,9,592.948075
-0.5,15,592.999338
-0.43,15,593.052623
1.41,9,593.087555
-0.65,13,593.128673
-0.21,14,593.173856
1.64,12,593.210604
-0.1,19,593.271573
1.4,15,593.322632
-0.33,15,593.364617
-0.64,13,593.411387
-0.57,17,593.466806
-0.44,15,593.521776
1.56,9,593.552186
-0.73,9,593.580935
1.41,9,593.614
-0.64,9,593.651967
-0.48,13,593.698241
-0.45,14,593.744267
1.34,9,593.776419
-0.82,6,593.793552
-0.66,13,593.836446
-0.66,9,593.870934
1.3,8,593.896949
-0.23,16,593.94272
1.76,15,593.981782
-0.56,15,594.034033
-0.84,14,594.076639
-0.85,6,594.096138
1.59,12,594.140753
-0.27,12,594.200666
-0.16,18,594.306296
1.54,9,594.333756
-0.59,11,594.370939
1.52,11,594.405918
-0.67,12,594.445685
1.46,11,594.47472
-0.7,8,594.507035
1.67,12,594.550007
-0.4,15,594.597719
1.51,12,594.63943
1.14,4,594.653576
-0.65,9,594.686621
1.45,12,594.73076
1.43,10,594.768471
1.7,12,594.809326
-0.65,12,594.850675
-0.34,15,594.897025
1.46,11,594.932114
-0.65,13,594.978162
-0.83,7,595.007243
1.33,8,595.036388
-0.66,14,595.079961
1.48,12,595.117406
1.27,9,595.148106
1.5,10,595.182225
1.5,11,595.218656
-0.46,12,595.251473
-0.25,18,595.300156
-0.38,17,595.35613
1.34,7,595.380889
1.39,10,595.411638
1.25,11,595.449548
1.21,9,595.478262
1.43,14,595.521672
1.68,14,595.558515
1.29,9,595.588217
1.54,12,595.628404
1.32,10,595.660948
-0.29,16,595.717453
1.35,11,595.755193
-0.63,10,595.792339
-0.49,11,595.828029
-0.19,15,595.880319
1.14,4,595.893258
1.6,13,595.939096
1.14,4,595.953353
-0.43,14,596.000399
1.59,10,596.030938
1.41,13,596.078231
1.59,10,596.10781
1.47,10,596.138222
1.31,12,596.179679
1.14,4,596.196135
1.49,9,596.225778
1.37,10,596.26016
-0.43,11,596.298187
-0.48,15,596.337812
-0.57,13,596.384468
-0.68,9,596.414
-0.59,17,596.458631
1.14,4,596.473634
1.14,4,596.485352
-0.25,16,596.535474
-0.65,9,596.569826
-0.7,8,596.600029
1.64,10,596.634459
-0.66,8,596.656427
1.51,12,596.69709
-0.83,7,596.723213
-0.53,11,596.760821
1.56,15,596.811399
1.48,8,596.838537
-0.17,19,596.902638
1.5,15,596.947994
1.58,13,596.990338
1.66,10,597.024193
-0.47,10,597.058798
1.51,9,597.085841
1.3,10,597.118178
1.45,10,597.147456
-0.49,13,597.194614
-0.56,16,597.245349
1.48,12,597.282873
1.75,11,597.317525
1.78,18,597.378497
-0.82,9,597.406843
-0.55,11,597.450159
1.14,4,597.46493
1.61,10,597.495933
1.43,10,597.528602
-0.47,13,597.574283
-0.55,10,597.60938
1.47,14,597.653376
-0.58,11,597.685783
-0.69,10,597.715415
-0.14,17,597.768216
-0.5,10,597.799088
-0.39,13,597.84357
1.57,13,597.888158
-0.26,17,597.94816
1.95,18,598.001299
1.14,4,598.013625
-0.59,12,598.052609
1.14,4,598.064648
-0.45,12,598.109911
-0.62,14,598.150903
1.14,4,598.164463
-0.39,13,598.202317
-0.59,12,598.241756
-0.15,14,598.277063
-0.51,12,598.322265
1.22,8,598.343575
-0.69,9,598.375071
-0.54,14,598.423734
-0.49,15,598.476007
1.14,4,598.490113
-0.58,15,598.610765
-0.62,9,598.639905
1.14,4,598.652981
-0.66,12,598.693403
1.49,12,598.733778
-0.61,10,598.765118
-0.62,11,598.807606
1.58,11,598.847495
-0.29,13,598.891452
1.7,19,598.950654
-0.55,9,598.982027
1.66,12,599.020229
1.46,12,599.061259
-0.55,14,599.103928
1.38,12,599.145397
-0.18,14,599.191373
1.54,9,599.225199
1.86,12,599.268494
-0.6,14,599.315703
1.48,11,599.357074
-0.14,16,599.410367
1.68,13,599.447657
-0.54,12,599.48492
-0.44,12,599.531053
-0.55,10,599.562911
-0.18,15,599.614185
-0.65,15,599.66284
-0.84,8,599.68835
1.56,13,599.733061
-0.61,10,599.76509
-0.76,10,599.797601
1.14,4,599.810908
-0.71,12,599.852653
-0.44,11,599.886411
1.19,8,599.913813
1.31,11,599.950132
-0.42,14,599.995252
-0.51,17,600.041332
-0.53,10,600.067604
-0.04,18,600.125805
-0.27,17,600.17906
-0.42,15,600.225692
1.38,9,600.257939
1.72,19,600.316593
-0.45,10,600.356898
1.29,6,600.373651
-0.36,16,600.432163
-0.52,19,600.490499
1.48,10,600.52702
1.14,4,600.536028
-0.47,13,600.578434
-0.73,14,600.621565
1.47,9,600.658343
1.97,14,600.696403
-0.46,9,600.726551
-0.66,13,600.775123
-0.39,19,600.833047
-0.35,15,600.886922
-0.54,12,600.920891
-0.76,9,600.953963
1.57,11,600.998999
-0.58,11,601.040505
1.14,4,601.052208
-0.57,19,601.103911
1.52,11,601.141897
1.54,9,601.177028
-0.46,17,601.230091
1.46,11,601.271394
1.66,13,601.30547
-0.71,7,601.328881
-0.41,10,601.365165
-0.67,8,601.394653
-0.37,11,601.436653
-0.49,12,601.480987
-0.36,10,601.51723
-0.27,15,601.565635
-0.43,11,601.605843
-0.15,17,601.663963
-0.16,20,601.729213
1.56,9,601.754843
1.45,9,601.786677
-0.5,15,601.832948
-0.73,8,601.860131
-0.61,11,601.894211
1.47,13,601.939682
1.53,11,601.979856
-0.49,10,602.011431
1.58,14,602.057053
1.58,10,602.093941
-0.52,10,602.119663
-0.3,16,602.168318
-0.43,13,602.212842
-0.39,15,602.267516
1.49,9,602.291037
1.66,14,602.333899
-0.48,14,602.378926
1.9,19,602.425718
1.61,10,602.462988
-0.39,13,602.503066
1.14,4,602.515616
-0.29,17,602.572255
1.53,10,602.601955
1.61,16,602.650601
1.81,21,602.714656
1.56,12,602.749878
-0.2,20,602.809983
1.14,4,602.824266
1.8,12,602.933082
-0.61,11,602.975573
1.67,15,603.022473
0.46,21,603.085716
1.38,8,603.111242
-0.05,18,603.174144
-0.88,6,603.193542
1.5,10,603.221394
-0.4,16,603.267883
-0.48,11,603.30695
-0.51,14,603.352157
1.49,12,603.394164
-0.37,18,603.454038
1.17,9,603.486088
1.14,4,603.498881
1.44,16,603.542969
1.35,9,603.571963
-0.42,15,603.623926
1.54,9,603.65309
1.36,10,603.690318
-0.72,7,603.710715
1.55,12,603.747738
1.14,4,603.760072
-0.25,16,603.811287
-0.33,13,603.852463
-0.51,12,603.8928
1.27,9,603.921006
1.55,10,603.956547
1.3,11,603.993364
1.14,4,604.007772
1.51,9,604.037352
1.51,11,604.069609
1.54,14,604.116511
-0.51,11,604.152231
-0.61,10,604.187005
-0.56,14,604.234605
0.1,21,604.300309
-0.71,10,604.331417
-0.81,7,604.357068
1.47,11,604.397035
1.14,4,604.410372
-0.38,11,604.458607
-0.67,8,604.488014
1.67,13,604.543874
1.39,10,604.574418
-0.63,13,604.621454
-0.66,8,604.646501
1.71,11,604.679367
1.6,13,604.723771
-0.68,9,604.754058
-0.28,14,604.799541
-0.57,9,604.830693
1.47,11,604.866548
1.57,12,604.908334
1.29,8,604.933162
-0.12,16,604.981724
-0.52,10,605.01305
-0.72,8,605.044984
-0.45,13,605.085591
1.67,14,605.124716
1.6,12,605.165937
1.28,10,605.201465
0.0,13,605.248141
1.42,10,605.286653
-0.6,13,605.329828
1.52,13,605.37767
-0.85,6,605.401365
1.56,13,605.448123
1.76,13,605.496309
-0.57,12,605.534647
1.36,14,605.586424
1.4,9,605.619125
-0.45,14,605.672055
1.45,12,605.710389
-0.38,13,605.750104
-0.67,11,605.791043
1.5,9,605.816348
1.57,11,605.911963
1.35,9,605.941245
1.51,10,605.974059
1.58,10,606.008977
1.47,11,606.049982
1.49,12,606.090214
-0.66,10,606.116482
-0.51,11,606.159046
1.44,9,606.190229
-0.48,12,606.23245
-0.47,10,606.27101
1.72,13,606.306208
1.53,10,606.333776
1.4,14,606.384753
1.14,4,606.399941
1.14,4,606.411906
-0.66,10,606.445951
1.14,4,606.45876
1.68,11,606.495952
-0.28,15,606.543986
1.54,9,606.57742
1.76,12,606.613876
-0.66,13,606.655956
1.44,14,606.692868
1.72,14,606.742188
-0.62,11,606.778767
-0.8,7,606.803324
-0.4,11,606.839474
1.78,17,606.897114
1.65,13,606.938279
1.43,9,606.973298
1.27,9,607.064729
-0.45,20,607.125152
1.38,9,607.157596
1.53,14,607.204463
-0.68,9,607.232011
-0.66,13,607.282522
1.58,11,607.315971
-0.83,10,607.343247
1.45,9,607.373179
1.5,10,607.410076
-0.47,10,607.437825
1.61,11,607.475526
-0.63,10,607.511123
1.54,9,607.544595
-0.31,16,607.590218
1.9,15,607.64375
-0.66,8,607.668455
-0.58,13,607.705779
1.68,15,607.753113
1.59,10,607.782001
1.23,9,607.811029
1.33,10,607.850928
-0.71,10,607.881051
-0.53,13,607.931617
-0.77,7,607.956601
1.72,13,608.001523
1.4,8,608.025668
1.45,9,608.051919
1.59,12,608.092292
-0.39,19,608.151732
1.52,12,608.195891
-0.78,11,608.232679
1.64,10,608.269555
-0.33,12,608.312581
1.7,16,608.364326
-0.58,13,608.408495
-0.53,11,608.448388
1.49,12,608.490851
-0.44,14,608.541396
-0.14,19,608.605716
1.44,10,608.641654
1.61,10,608.676174
-0.47,10,608.714721
1.43,12,608.755826
-0.38,12,608.79606
-0.52,16,608.844868
1.4,10,608.877878
-0.71,7,608.903337
1.44,9,608.934137
-0.4,19,608.989984
1.42,12,609.028589
1.14,4,609.042566
1.55,11,609.080576
-0.83,8,609.108329
1.64,13,609.150556
-0.62,8,609.175926
-0.84,8,609.202753
-0.91,4,609.217187
1.15,9,609.244318
1.55,11,609.275067
-0.45,14,609.315495
-0.42,14,609.357368
1.58,10,609.388603
-0.47,13,609.436867
-0.57,9,609.463441
1.14,4,609.476103
1.44,9,609.50531
1.45,14,609.553418
1.56,9,609.57849
-0.73,8,609.606512
1.64,12,609.649153
-0.41,14,609.702235
-0.23,17,609.762442
1.77,14,609.805249
-0.5,13,609.847337
-0.78,8,609.873747
1.57,12,609.911865
-0.68,10,609.942542
1.38,16,609.990472
1.45,10,610.017989
1.85,16,610.068798
-0.27,11,610.107496
-0.46,14,610.150263
-0.5,11,610.187456
-0.6,13,610.23085
1.14,4,610.247063
1.68,16,610.295192
1.58,10,610.326125
1.52,12,610.368406
1.18,9,610.396722
1.53,11,610.429849
1.44,10,610.465206
1.14,4,610.478218
1.31,7,610.498255
-0.43,15,610.543558
-0.51,10,610.57638
-0.79,12,610.620989
1.65,14,610.664491
1.28,16,610.716581
1.45,10,610.743153
-0.77,7,610.767373
-0.15,14,610.819679
-0.64,8,610.846515
1.38,12,610.885569
1.14,4,610.903103
1.44,11,610.944542
1.57,18,611.001496
1.66,10,611.036443
1.45,9,611.063617
1.48,9,611.096376
1.6,11,611.133073
1.54,9,611.158823
1.57,13,611.199184
1.14,4,611.214554
-0.49,12,611.255421
-0.36,16,611.30611
1.7,14,611.35466
-0.56,16,611.405303
-0.48,17,611.456407
-0.44,15,611.507179
1.24,8,611.535144
-0.63,10,611.570908
1.43,10,611.609085
-0.62,12,611.649941
1.36,8,611.67468
-0.53,11,611.71037
1.63,16,611.763004
-0.37,21,611.828221
1.65,11,611.866578
-0.68,10,611.902968
-0.36,16,612.005264
1.84,14,612.066239
1.33,11,612.101864
1.47,12,612.143612
1.65,14,612.195304
-0.56,13,612.241027
1.53,13,612.284155
-0.38,18,612.337812
1.43,11,612.369819
1.64,13,612.412815
1.66,10,612.446412
-0.26,13,612.497062
-0.24,18,612.54225
1.7,13,612.58593
1.49,12,612.623186
-1.03,4,612.639077
-0.72,11,612.679342
1.61,11,612.716949
1.68,12,612.753194
1.14,4,612.769641
1.72,14,612.809085
-0.38,18,612.870757
1.71,12,612.91352
-0.48,11,612.948088
-0.88,6,612.965729
1.63,14,613.017245
-0.77,7,613.042806
1.54,9,613.074867
-0.09,18,613.132898
-0.71,12,613.173936
1.44,9,613.204205
-0.33,12,613.244198
-0.5,10,613.283043
1.33,8,613.305684
1.61,10,613.336241
-0.55,11,613.373161
-0.25,19,613.432739
1.74,16,613.484524
1.55,10,613.517242
-0.8,8,613.548121
1.42,10,613.583502
1.52,10,613.6146
-0.57,10,613.653429
-0.58,13,613.702464
1.25,11,613.741359
-0.04,18,613.800416
1.14,4,613.813845
1.75,18,613.868764
-0.58,10,613.902637
-0.47,10,613.937668
1.52,11,613.975726
1.74,13,614.016611
1.43,10,614.049043
-0.5,14,614.095365
-0.64,8,614.126954
1.56,10,614.166287
-0.5,11,614.202428
-0.76,8,614.229929
1.45,11,614.266697
-0.52,14,614.317931
-0.28,16,614.367941
-0.66,10,614.40656
-0.67,10,614.433738
1.3,14,614.480443
-0.28,14,614.519787
1.53,11,614.557927
-0.28,16,614.612699
1.79,14,614.658823
1.57,13,614.700609
1.51,9,614.730099
1.47,14,614.782047
1.43,12,614.820762
1.43,10,614.854058
-0.36,14,614.900075
-0.52,13,614.945437
1.53,10,614.980601
1.3,8,615.001287
1.95,15,615.04556
-0.68,9,615.071931
1.8,13,615.122994
1.45,10,615.154886
1.64,10,615.189033
1.4,9,615.219327
-0.51,17,615.275681
-0.52,15,615.321719
1.52,16,615.376048
1.14,4,615.389084
-0.57,12,615.4283
-0.64,7,615.45436
-0.56,14,615.498974
-0.79,9,615.529881
1.66,16,615.58357
1.4,9,615.610287
-0.44,17,615.662923
1.14,4,615.673135
1.63,12,615.716697
1.43,9,615.746135
-0.39,14,615.793254
-0.16,17,615.841185
1.43,9,615.869683
-0.29,17,615.916873
1.66,11,615.953155
1.43,12,615.992867
-0.54,11,616.035276
-0.47,13,616.079954
1.53,10,616.112573
-0.61,12,616.151434
1.43,9,616.183412
-0.54,18,616.240208
-0.82,7,616.318959
-0.25,12,616.361837
-0.46,13,616.411355
1.41,8,616.436146
-0.4,18,616.487401
1.55,10,616.515263
1.44,14,616.563087
-0.82,6,616.577648
1.39,12,616.611075
1.35,9,616.644483
-0.87,6,616.664895
-0.39,13,616.708748
-0.91,4,616.723229
-0.41,10,616.757109
-0.29,14,616.800071
-0.76,9,616.83317
1.31,10,616.868164
-0.35,13,616.912495
1.64,10,616.947614
1.57,12,616.984132
1.14,4,616.99843
-0.54,11,617.038158
-0.45,15,617.084277
-0.54,13,617.128546
1.69,11,617.162308
-0.63,18,617.218932
1.45,9,617.250721
-0.51,14,617.29863
-0.7,9,617.3317
1.62,13,617.377279
-0.43,11,617.414675
-0.21,13,617.456476
-0.46,14,617.500631
-0.53,13,617.543238
-0.55,11,617.580457
-0.18,15,617.633409
1.42,16,617.675855
-0.58,9,617.709619
1.82,13,617.757639
-0.71,7,617.779717
1.42,10,617.812013
-0.48,17,617.867919
1.49,9,617.903475
1.28,13,617.94524
1.14,4,617.958215
-0.77,10,617.989907
1.1,9,618.027716
-0.68,11,618.059365
1.59,10,618.096941
-0.56,8,618.126177
1.56,9,618.160081
1.5,11,618.199682
1.14,4,618.213495
-0.41,13,618.248672
1.59,10,618.280639
1.14,4,618.291235
-0.59,15,618.338984
-0.7,11,618.44122
1.51,10,618.482047
-0.4,13,618.526318
1.14,4,618.54055
-0.61,11,618.579785
1.64,10,618.615823
1.36,8,618.642971
1.57,14,618.68959
-0.59,11,618.727719
-0.34,15,618.780449
-0.53,14,618.826732
-0.8,7,618.846333
1.6,19,618.900703
-0.43,11,618.94238
1.48,10,618.970459
-0.61,11,619.007195
1.56,12,619.048033
-0.51,12,619.091816
-0.37,16,619.142707
1.56,10,619.178219
1.87,13,619.216922
-0.56,16,619.266702
-0.73,14,619.311939
-0.15,14,619.356585
-0.55,9,619.386633
1.79,14,619.442025
-0.5,10,619.473223
-0.69,15,619.529072
-0.67,9,619.562218
1.54,9,619.589427
-0.73,8,619.612804
-0.62,8,619.636736
1.66,10,619.668458
1.49,9,619.696594
1.14,4,619.709813
1.66,11,619.748552
-0.77,7,619.774217
1.57,12,619.816087
-0.8,7,619.833953
-0.34,13,619.880676
1.47,11,619.913697
1.44,11,619.953064
-0.24,13,619.990792
1.6,15,620.03331
1.72,12,620.076847
-0.65,9,620.111564
1.64,10,620.142748
1.71,11,620.173992
1.53,10,620.210187
-0.69,14,620.259064
1.52,10,620.293475
1.14,4,620.309316
1.14,4,620.322317
1.54,9,620.355798
-0.83,7,620.382843
-0.52,12,620.421241
-0.52,13,620.466352
1.28,8,620.497611
0.06,16,620.546971
1.38,9,620.639707
-0.81,7,620.660174
1.63,10,620.68887
1.64,12,620.729128
1.42,10,620.757616
-0.62,9,620.792449
1.58,15,620.835549
-0.62,9,620.86654
1.49,11,620.904191
-0.27,17,620.96599
1.21,9,620.997421
1.71,17,621.052756
-0.51,14,621.096461
-0.3,15,621.143937
-0.3,16,621.195499
-0.26,14,621.241862
1.44,9,621.270106
1.64,10,621.306337
1.46,11,621.3426
1.49,13,621.388883
-0.82,7,621.411206
1.33,8,621.442188
-0.32,15,621.48954
-0.56,15,621.532628
-0.54,8,621.555349
1.28,11,621.59331
-0.26,19,621.647754
1.4,9,621.679245
1.14,4,621.691414
-0.4,11,621.723304
1.31,17,621.780191
1.39,10,621.814084
-0.62,9,621.844613
1.69,15,621.891762
-0.51,14,621.943073
-0.34,19,621.997141
-0.6,12,622.040175
1.76,17,622.098141
1.57,13,622.140666
1.23,10,622.168874
-0.38,16,622.218131
1.59,13,622.256797
-0.44,10,622.290124
1.38,8,622.317163
1.14,4,622.331254
1.65,16,622.377463
-0.36,16,622.429111
1.64,10,622.462989
-0.82,6,622.480788
1.54,9,622.509948
-0.37,13,622.556676
-0.65,12,622.59388
-0.63,12,622.6393
1.58,14,622.686898
1.54,9,622.715706
-0.38,18,622.770598
-0.42,15,622.817822
-0.24,18,622.861747
-0.48,12,622.89763
1.14,4,622.909334
-0.78,8,622.937474
1.54,9,622.961732
-0.69,10,622.99604
1.66,10,623.026264
-0.7,12,623.062388
1.14,4,623.073848
1.48,10,623.111617
1.54,9,623.141136
1.29,6,623.162526
1.58,10,623.194837
-0.39,10,623.226495
1.44,10,623.257868
1.45,11,623.292074
-0.27,16,623.349334
-0.58,12,623.391345
1.64,14,623.435521
1.35,12,623.469532
1.66,10,623.510323
1.32,9,623.542899
-0.59,12,623.584509
-0.23,18,623.643079
1.54,9,623.676466
1.47,11,623.717223
-0.68,12,623.756037
-0.33,15,623.796772
-0.85,9,623.831859
1.64,14,623.877378
1.48,13,623.917896
1.14,4,623.9314
1.2,9,623.9611
-0.53,11,623.992692
1.5,10,624.029417
1.64,10,624.061435
1.33,8,624.092075
1.53,10,624.128525
1.39,10,624.163104
-0.63,11,624.202047
1.21,12,624.244552
1.48,10,624.280772
-0.58,11,624.31496
-0.59,11,624.345874
1.4,9,624.37593
-0.29,16,624.425485
1.54,12,624.463324
1.49,12,624.503833
-0.39,14,624.548786
-0.68,12,624.59216
1.71,10,624.624435
1.14,4,624.672511
-0.3,17,624.760223
1.43,12,624.799524
1.47,14,624.842701
1.54,12,624.885599
1.47,11,624.920998
1.44,8,624.951713
-0.22,15,624.995244
1.47,10,625.025497
1.33,8,625.053082
-0.52,16,625.098322
-0.26,16,625.1443
1.54,9,625.172736
1.52,12,625.211053
1.54,9,625.245302
1.49,14,625.287794
1.64,10,625.322707
1.24,9,625.354985
1.14,4,625.370579
1.49,9,625.394556
-0.28,13,625.431515
-0.13,18,625.485798
1.44,12,625.522177
1.51,14,625.562728
-0.59,8,625.591758
1.58,11,625.628345
1.14,4,625.642402
-0.31,12,625.67966
1.49,15,625.723751
-0.89,7,625.748883
1.54,9,625.780543
1.48,13,625.815819
1.53,10,625.843332
1.54,9,625.874143
-0.54,15,625.924014
1.61,10,625.957947
-0.48,11,625.998147
1.41,14,626.046431
1.68,11,626.087121
1.14,4,626.100433
-0.48,18,626.155761
1.29,9,626.186014
1.39,8,626.215042
1.37,12,626.251103
-0.56,10,626.285158
-0.78,8,626.310834
-0.55,10,626.351121
1.61,10,626.380452
1.66,10,626.40989
1.6,11,626.444763
1.41,9,626.477746
1.32,12,626.522041
1.14,4,626.534715
1.14,4,626.543769
1.43,9,626.574992
1.14,4,626.588625
1.18,7,626.61178
1.14,4,626.625665
-0.43,19,626.683248
1.54,12,626.718957
-0.34,13,626.76013
-0.31,13,626.799779
1.14,4,626.816144
-0.66,10,626.854457
-0.62,14,626.899183
-0.61,15,626.954561
1.42,9,626.987532
-0.77,7,627.013291
1.52,13,627.058167
-0.35,16,627.111878
-0.37,13,627.153569
1.61,10,627.186833
1.6,11,627.224964
1.5,13,627.268684
-0.13,15,627.323496
1.14,4,627.336687
1.64,10,627.368345
1.63,12,627.408657
-0.56,15,627.457401
1.49,12,627.495562
-0.39,15,627.538964
-0.84,11,627.571307
1.46,11,627.606799
1.61,11,627.641474
1.54,9,627.671353
-0.67,10,627.70861
-0.98,5,627.727112
-0.57,9,627.756706
1.46,11,627.79284
0.06,19,627.859203
1.14,4,627.874532
-0.59,11,627.912951
1.23,10,627.948341
1.14,4,627.961355
1.39,11,627.998734
-0.49,10,628.036986
1.41,11,628.074971
-0.59,11,628.109246
-0.47,12,628.153312
-0.45,11,628.192232
-0.72,13,628.229758
1.8,13,628.275401
1.39,11,628.311731
-0.73,11,628.348486
1.64,10,628.387635
1.19,8,628.417344
-0.42,11,628.460367
-0.7,9,628.48789
-0.29,16,628.539588
1.7,17,628.603058
1.14,4,628.624808
1.53,14,628.692744
-0.58,14,628.754235
-0.34,18,628.825919
1.37,9,628.853942
1.66,11,628.887976
1.14,4,628.901662
1.5,10,628.933869
-0.59,10,628.971492
-0.58,10,629.005363
1.34,10,629.039871
-0.39,14,629.089628
-0.36,19,629.15329
1.46,13,629.196968
-0.68,9,629.226625
1.68,11,629.263534
1.14,4,629.275078
-0.36,10,629.310838
1.48,10,629.341244
1.44,12,629.378777
-0.45,14,629.424637
-0.18,17,629.47839
-0.63,13,629.52318
-0.47,14,629.573269
-0.56,10,629.607256
1.14,4,629.620461
1.38,9,629.648856
1.66,13,629.693445
-0.42,19,629.7536
-0.46,12,629.792498
-0.72,11,629.888654
1.56,12,629.932421
-0.67,11,629.97132
-0.53,14,630.01338
1.14,4,630.025375
1.4,10,630.062034
-0.43,11,630.101436
1.54,9,630.126934
1.31,7,630.15279
1.14,4,630.165667
1.58,11,630.204194
1.14,4,630.21508
-0.16,15,630.257671
1.54,9,630.288006
1.54,12,630.326442
-0.45,13,630.376616
1.58,11,630.408575
-0.17,20,630.466859
-0.42,10,630.506077
-0.58,13,630.555259
1.5,11,630.592999
1.14,4,630.607414
-0.55,9,630.63599
-0.47,14,630.678726
1.14,4,630.691233
-0.67,10,630.720548
1.5,15,630.771646
-0.72,8,630.796155
1.4,10,630.824172
1.49,9,630.858378
-0.55,14,630.897145
1.54,9,630.926838
-0.66,11,630.967029
1.59,11,631.005271
1.38,11,631.040711
1.62,11,631.073658
1.6,12,631.115673
1.21,12,631.152673
-0.61,12,631.245483
1.63,13,631.293946
1.37,9,631.328827
1.57,11,631.367341
-0.81,9,631.394719
-0.52,12,631.43599
1.46,9,631.465307
1.8,12,631.50227
1.41,10,631.541267
1.54,12,631.582255
1.4,9,631.603959
-0.45,11,631.63876
1.3,9,631.667505
-0.23,17,631.720109
-0.02,18,631.777015
1.69,10,631.805339
-0.91,4,631.822494
-0.55,9,631.856072
1.51,9,631.889817
-0.4,11,631.927015
-0.19,19,631.992714
-0.5,10,632.023347
0.07,16,632.074096
-0.7,11,632.108939
1.14,4,632.124479
-0.51,11,632.158746
1.51,9,632.188501
1.96,19,632.249363
1.45,11,632.282679
-0.51,15,632.33117
1.45,9,632.361611
-0.72,10,632.393281
1.13,5,632.416564
-0.6,11,632.452011
-0.35,21,632.516991
-0.64,14,632.564348
-0.85,6,632.589204
1.41,8,632.617824
-0.7,11,632.650176
1.14,4,632.661659
-0.39,11,632.704133
-0.33,12,632.747718
1.49,11,632.782726
1.14,4,632.796523
-0.39,17,632.854936
1.61,14,632.903509
1.37,15,632.948477
-0.46,16,632.998028
-0.46,9,633.033765
-0.51,12,633.079411
-0.2,16,633.129567
-0.3,19,633.191473
-0.71,9,633.226244
1.62,12,633.266419
-0.11,20,633.328635
-0.7,8,633.356355
-0.2,16,633.412795
1.54,9,633.44162
1.38,8,633.466115
-0.44,10,633.498609
1.34,8,633.530006
-0.47,9,633.554981
-0.39,18,633.615026
1.14,4,633.627565
1.48,9,633.658724
1.35,9,633.685793
-0.33,13,633.721214
1.45,13,633.757278
-0.52,12,633.798135
1.14,4,633.807785
-0.58,16,633.909449
-0.84,9,633.942358
1.58,10,633.981883
1.14,4,633.994315
1.14,4,634.005382
1.61,14,634.050789
-0.58,10,634.089826
1.14,4,634.101078
-0.68,12,634.146832
1.34,11,634.17848
1.39,10,634.212614
-0.83,8,634.241801
1.55,10,634.279433
-0.67,11,634.314798
-0.82,9,634.351224
-0.74,12,634.392001
1.49,11,634.420119
-0.73,9,634.453126
1.54,9,634.486337
1.34,8,634.515315
-0.45,15,634.563094
-0.72,8,634.588366
1.43,9,634.620211
1.26,15,634.666368
1.88,17,634.721165
1.33,8,634.748834
-0.44,10,634.784224
-0.53,11,634.818889
1.14,4,634.831425
-0.97,4,634.845712
1.22,12,634.884857
1.5,10,634.922578
-0.64,8,634.949688
-0.42,11,634.982516
1.61,10,635.024629
1.14,4,635.037672
1.51,9,635.070144
1.33,10,635.09975
-0.53,11,635.134794
-0.44,15,635.180534
-0.75,8,635.20583
1.28,9,635.234157
-0.72,8,635.266577
-0.42,13,635.313877
1.54,9,635.344491
1.54,9,635.373107
-0.42,13,635.419445
1.61,10,635.456603
-0.55,13,635.497495
1.36,14,635.544227
1.43,9,635.571976
-0.63,14,635.612383
1.45,10,635.643338
-0.64,7,635.667288
1.14,4,635.680962
-0.77,7,635.701797
1.31,11,635.736261
1.55,12,635.777644
0.61,21,635.843169
-0.6,9,635.876198
1.29,9,635.904987
-0.24,14,635.953945
-0.53,14,636.001233
-0.29,17,636.050283
-0.37,14,636.100922
1.29,9,636.128824
-0.54,13,636.165503
-0.45,15,636.213604
1.52,10,636.250535
-0.65,12,636.29457
1.66,11,636.332478
-0.61,10,636.366372
-0.65,14,636.405065
-0.47,10,636.43597
1.48,12,636.479225
-0.82,6,636.498799
-0.01,17,636.557206
-0.37,15,636.609709
1.64,10,636.649994
1.54,9,636.678749
-0.35,11,636.720274
1.4,9,636.751661
1.14,4,636.76821
1.54,9,636.797236
-0.46,9,636.818663
1.75,17,636.873205
1.54,12,636.910962
-0.53,10,636.94142
1.42,10,636.978616
1.53,12,637.019953
1.31,11,637.059377
-0.47,15,637.114842
1.6,11,637.151522
1.39,10,637.183751
-0.57,9,637.218024
1.23,9,637.247795
1.61,11,637.279325
-0.46,15,637.325724
1.74,11,637.361593
1.69,17,637.40309
-0.8,10,637.438017
-0.28,18,637.48936
1.14,4,637.504683
-0.47,16,637.554564
-0.38,12,637.59547
1.54,12,637.635274
-0.93,6,637.658912
1.4,12,637.696888
1.14,4,637.71017
1.14,4,637.723087
-0.47,18,637.779678
1.4,10,637.815316
1.71,11,637.853999
1.4,10,637.888293
-0.54,18,637.951067
1.3,15,637.997953
1.49,9,638.029639
1.41,9,638.059114
1.14,4,638.076254
1.64,11,638.115148
-0.68,9,638.144431
-0.58,16,638.187122
-0.79,11,638.224895
-0.94,7,638.247786
1.53,10,638.280509
-0.53,14,638.326658
1.14,4,638.342494
1.48,9,638.390313
-0.78,8,638.464222
1.78,16,638.517664
1.64,10,638.553279
1.14,4,638.567046
-0.63,11,638.60547
-0.64,8,638.636309
-0.75,11,638.66808
-0.61,10,638.702567
-0.24,21,638.764772
1.54,9,638.796019
1.54,9,638.826136
1.19,9,638.858053
-0.61,10,638.895697
-0.57,13,638.936058
1.48,13,638.976423
1.48,9,639.008977
1.14,4,639.02175
1.61,10,639.060796
1.43,9,639.096516
-0.53,11,639.134589
1.6,11,639.174583
-0.54,15,639.222158
1.36,8,639.247935
1.28,14,639.296443
1.14,4,639.310086
-0.16,13,639.354828
-0.55,10,639.39282
1.14,4,639.406505
1.14,4,639.418827
-0.25,17,639.46455
1.14,4,639.478696
1.41,14,639.517418
1.58,11,639.559013
1.44,8,639.587639
-0.67,14,639.632883
-0.21,15,639.676928
1.76,11,639.714678
1.52,11,639.756116
-0.68,11,639.787007
1.61,10,639.818899
1.14,4,639.832134
-0.69,8,639.863488
1.58,11,639.895141
-0.73,9,639.926599
-0.43,10,639.966781
-0.67,11,640.004976
-0.16,16,640.054218
-0.56,10,640.087275
-0.65,11,640.123009
-0.68,10,640.158214
1.54,11,640.196767
1.54,9,640.2277
1.5,11,640.269814
-0.73,12,640.312023
-0.42,15,640.373573
1.48,11,640.405802
-0.72,8,640.430532
1.14,4,640.443905
1.35,11,640.479694
-0.72,8,640.5081
1.14,4,640.518301
1.64,10,640.550683
1.14,4,640.567275
-0.51,9,640.598908
1.33,9,640.631698
1.47,10,640.670528
1.38,9,640.70551
1.52,15,640.754305
1.14,4,640.76521
1.5,10,640.797051
1.51,9,640.83271
-0.46,9,640.871149
1.55,15,640.916456
-0.31,19,640.983453
1.53,9,641.017363
1.45,10,641.050217
1.28,8,641.07469
1.49,9,641.107366
-0.75,16,641.169784
1.43,10,641.199753
1.33,13,641.244296
-0.44,14,641.290144
-0.36,12,641.329981
-0.4,15,641.383436
1.54,9,641.420696
1.46,11,641.462074
-0.59,8,641.496167
1.14,4,641.510366
1.33,11,641.547535
1.14,4,641.561741
1.32,11,641.599885
1.14,4,641.611144
-0.46,13,641.654101
0.09,17,641.715466
1.26,12,641.758128
1.66,10,641.794404
1.54,9,641.827847
1.62,15,641.873612
-0.13,20,641.944666
-0.87,6,641.96237
1.24,9,641.994834
-0.63,10,642.027625
1.34,13,642.071571
1.41,13,642.112867
-0.27,16,642.167166
1.64,10,642.198395
1.53,10,642.233658
1.46,12,642.278576
1.51,10,642.313253
-0.56,12,642.356739
-0.64,11,642.396897
1.55,12,642.439197
-0.37,14,642.4909
1.6,12,642.530602
1.14,4,642.544933
-0.82,6,642.570943
1.45,10,642.604619
1.38,9,642.636203
-0.24,12,642.75991
1.76,11,642.808649
-0.19,18,642.862349
1.74,11,642.987147
1.54,10,643.076375
-0.3,15,643.165674
-0.16,15,643.232342
1.59,13,643.281611
1.6,11,643.326457
-0.3,15,643.375916
-0.67,8,643.406272
1.59,10,643.443383
1.66,11,643.485398
1.14,4,643.498871
1.37,12,643.546909
-0.36,16,643.620823
1.37,10,643.661127
1.48,10,643.70108
1.14,4,643.715503
1.54,9,643.754647
1.38,9,643.790891
1.89,14,643.84187
1.6,12,643.887314
1.56,13,643.94041
1.53,10,643.977414
1.5,10,644.007792
-0.63,10,644.045182
1.27,10,644.086583
-0.91,15,644.142145
-0.78,8,644.173819
-0.84,8,644.206439
1.54,9,644.239415
-0.3,16,644.294344
1.77,17,644.356024
1.45,10,644.390926
-0.61,10,644.428392
-0.66,9,644.460263
1.47,11,644.503593
1.43,9,644.529223
-0.64,11,644.574996
-0.51,10,644.609632
1.3,9,644.639307
-0.31,15,644.688518
1.3,8,644.715395
1.14,4,644.731126
1.46,9,644.759451
-0.8,11,644.792603
-0.25,14,644.839033
-0.63,11,644.875613
-0.64,11,644.91002
-0.64,8,644.941135
1.65,12,644.98512
-0.5,18,645.045896
1.43,9,645.075074
-0.44,13,645.117481
1.36,8,645.145268
-0.35,14,645.201847
1.52,11,645.240202
1.17,7,645.261999
1.35,12,645.294375
1.36,16,645.344522
1.57,14,645.395498
-0.63,13,645.442086
-0.31,13,645.486644
-0.07,18,645.539465
1.65,11,645.57495
1.39,11,645.611369
1.35,12,645.65153
1.68,15,645.699592
1.43,13,645.734883
1.14,4,645.745132
-0.6,13,645.784959
-0.7,8,645.814444
-0.33,12,645.855572
1.45,13,645.894136
1.69,10,645.92599
-0.68,9,645.962368
1.43,10,645.997668
1.42,10,646.04362
1.54,9,646.093788
1.14,4,646.115431
1.64,10,646.225994
-0.73,9,646.297048
1.65,17,646.36086
1.54,9,646.392013
1.53,10,646.427273
1.4,10,646.460077
1.76,11,646.50258
-0.6,9,646.54049
1.14,4,646.556725
1.14,4,646.572168
1.48,11,646.606392
1.22,8,646.63907
1.62,13,646.689118
1.54,9,646.719631
1.65,11,646.762295
-0.7,9,646.799568
-0.46,13,646.850724
1.54,11,646.885312
-0.64,13,646.932968
-0.75,11,646.963968
1.48,13,647.006805
1.19,11,647.041518
1.52,14,647.089714
-0.48,14,647.133572
-0.65,12,647.171195
1.34,10,647.206403
-0.59,11,647.248895
1.14,4,647.265755
-0.42,11,647.298011
-0.64,8,647.322043
1.43,10,647.356074
1.6,11,647.38829
-0.69,11,647.421912
1.75,17,647.48294
1.4,11,647.519351
1.47,10,647.556
-0.56,11,647.596816
-0.5,16,647.644746
1.38,9,647.674218
-0.72,13,647.718981
-0.32,13,647.772398
-0.72,10,647.902124
1.45,10,647.960705
1.63,15,648.02594
-0.48,14,648.089942
1.39,11,648.136682
1.51,13,648.188484
1.46,11,648.232891
1.61,12,648.274145
1.54,13,648.320986
1.51,12,648.362254
-0.59,11,648.399559
-0.45,11,648.442241
1.54,9,648.47772
1.48,11,648.531394
-0.17,16,648.604755
1.66,10,648.643163
1.42,10,648.681202
-0.68,9,648.71945
-0.49,11,648.758347
-0.53,14,648.814181
-0.75,8,648.844
1.14,4,648.857762
-0.34,20,648.919897
1.56,12,648.969331
-0.5,11,649.021119
1.45,13,649.073852
1.64,19,649.134946
1.69,13,649.182429
-0.28,20,649.248612
1.53,11,649.280595
-0.58,11,649.315825
1.18,8,649.341988
1.54,9,649.376308
1.66,10,649.411457
-0.65,9,649.439227
-0.67,9,649.47296
1.59,10,649.513643
1.54,10,649.553502
0.02,18,649.632347
0.68,21,649.704932
1.53,10,649.749717
1.48,9,649.786259
-0.46,12,649.838942
-0.62,15,649.90388
-0.4,11,649.94208
-0.44,12,649.982985
-0.58,12,650.023045
-0.69,21,650.105338
-0.6,12,650.160632
-0.67,11,650.207467
1.68,13,650.256381
1.51,10,650.291793
1.76,11,650.329298
-0.91,7,650.357074
1.43,9,650.3915
-0.44,14,650.441485
1.56,9,650.473399
-0.72,14,650.509148
-0.16,14,650.563333
1.42,11,650.602994
1.66,16,650.666582
-0.31,12,650.714114
-0.76,12,650.762945
-0.36,10,650.806238
1.47,10,650.839954
1.14,4,650.855734
-0.53,9,650.905272
-0.47,13,650.954429
1.21,9,650.986562
-0.6,10,651.02785
-0.28,17,651.092601
1.32,9,651.123639
-0.73,12,651.171526
1.68,12,651.213928
-0.47,10,651.248331
1.14,4,651.261976
1.5,16,651.31545
-0.67,12,651.36421
1.71,11,651.405929
1.45,11,651.451852
-0.6,10,651.498773
1.81,11,651.540943
1.47,13,651.592903
1.47,11,651.624183
1.64,10,651.663411
-0.53,11,651.702772
1.66,10,651.740267
1.75,15,651.79257
1.41,14,651.84374
-0.63,10,651.881633
-0.71,12,651.932884
1.42,13,651.97404
-0.62,9,652.000441
1.64,10,652.037728
1.35,12,652.073319
-0.38,18,652.131702
-0.35,14,652.181472
1.64,10,652.210497
-0.24,17,652.267841
1.53,10,652.300625
1.78,16,652.350724
1.47,10,652.384929
1.46,9,652.416721
1.46,9,652.449363
-0.77,10,652.487149
-0.43,13,652.596653
1.28,10,652.630877
1.59,10,652.667267
-0.53,10,652.706334
-0.46,11,652.743176
1.54,9,652.774314
1.38,12,652.816481
-0.14,18,652.879589
1.14,4,652.891479
-0.27,15,652.938727
1.46,9,652.96594
1.44,12,653.009916
-0.29,14,653.057809
1.49,10,653.095538
1.33,8,653.121973
1.15,9,653.151446
-0.33,16,653.207148
1.55,10,653.242104
-0.34,14,653.344473
-0.56,11,653.406828
-0.45,16,653.473119
-0.57,9,653.509715
1.26,13,653.561586
-0.27,16,653.617932
1.64,10,653.657049
-0.38,16,653.716254
-0.1,21,653.783888
-0.59,12,653.836104
-0.67,8,653.870126
-0.64,8,653.908685
1.48,9,653.948584
1.44,11,653.997964
-0.55,10,654.035735
0.31,21,654.116944
1.47,10,654.158885
-0.51,9,654.200059
1.14,4,654.213241
1.66,11,654.250197
1.49,9,654.294295
-0.37,17,654.368006
-0.6,9,654.409108
1.56,11,654.4622
-0.11,18,654.536675
1.43,9,654.579917
-0.31,14,654.635019
-0.25,19,654.699648
1.28,11,654.741485
1.34,9,654.775806
1.55,12,654.816767
-0.43,11,654.860559
-0.35,14,654.917473
1.5,13,654.963475
1.38,9,654.997734
-0.31,13,655.043025
1.64,10,655.073706
-0.79,11,655.114049
1.54,9,655.143597
-0.41,10,655.178936
1.33,8,655.205322
1.39,10,655.243047
-0.47,11,655.282109
1.54,9,655.313953
-0.06,19,655.376153
1.64,10,655.409801
1.69,10,655.441599
-0.71,12,655.48644
1.47,12,655.529216
1.34,10,655.564556
1.3,9,655.597646
1.47,10,655.635723
-0.34,11,655.670222
-0.64,7,655.693556
1.54,9,655.724264
1.28,8,655.752507
1.37,10,655.783159
-0.57,13,655.826128
1.61,15,655.880285
1.43,9,655.915433
-0.53,11,655.953392
1.36,8,655.977697
1.64,10,656.012486
1.14,4,656.028735
1.14,4,656.040645
1.48,10,656.069559
1.51,12,656.113001
-0.54,13,656.152264
-0.74,6,656.170084
-0.52,9,656.203482
-0.71,9,656.2332
1.48,10,656.263804
1.46,11,656.303955
1.72,14,656.349271
-0.66,14,656.394995
-0.27,16,656.445157
-0.54,12,656.482038
1.42,10,656.514166
1.43,9,656.54289
-0.62,9,656.57348
1.66,11,656.614257
1.44,11,656.645525
-0.35,12,656.694784
-0.33,17,656.756609
-0.7,15,656.804076
1.68,11,656.832702
-0.6,10,656.868389
1.63,12,656.90811
1.2,8,656.930462
-0.81,10,656.963807
1.54,10,656.998884
-0.64,8,657.026726
1.98,16,657.06908
1.54,14,657.117157
1.41,8,657.145637
-0.51,15,657.206872
1.81,11,657.248942
-0.76,6,657.269491
-0.29,15,657.31819
1.14,4,657.334018
1.14,4,657.348483
1.58,10,657.389164
-0.27,18,657.4417
1.43,12,657.48032
1.66,10,657.513263
1.55,11,657.622129
-0.28,13,657.67232
-0.23,13,657.719207
-0.48,11,657.764354
-0.77,7,657.79144
1.41,11,657.834011
1.48,10,657.874386
-0.59,11,657.915039
-0.59,18,658.053421
-0.71,7,658.077825
1.14,4,658.095203
-0.34,14,658.143862
1.35,13,658.183743
1.42,10,658.222969
1.64,14,658.278055
-0.76,9,658.324372
-0.28,14,658.381276
1.38,9,658.416234
-0.55,12,658.462856
1.24,15,658.539788
1.33,16,658.619117
-0.45,14,658.66586
1.54,9,658.700124
1.14,4,658.714353
-0.47,10,658.745734
-0.68,13,658.789427
-0.48,20,658.861596
1.7,16,658.920075
1.55,10,658.952269
1.67,13,658.995171
1.55,12,659.039835
1.44,9,659.074995
1.14,4,659.08862
1.64,10,659.11773
-0.41,10,659.152661
-0.62,10,659.181135
-0.43,12,659.224463
-0.48,18,659.284163
-0.39,11,659.319005
1.54,12,659.354033
1.54,9,659.383175
1.51,12,659.425088
-0.68,19,659.480876
1.14,4,659.491953
-0.66,8,659.519301
1.46,9,659.554555
1.33,9,659.582895
1.61,10,659.61128
-0.59,10,659.645894
1.14,4,659.660017
1.39,10,659.694971
1.42,10,659.730327
-0.93,8,659.760323
-0.74,9,659.803365
-0.36,18,659.890577
1.63,11,659.937967
-0.82,6,659.97343
1.51,13,660.029448
-0.93,6,660.05478
-0.53,10,660.087989
-0.57,9,660.117724
-0.73,9,660.157884
-0.96,5,660.178956
1.64,10,660.216036
-0.12,18,660.279751
-0.66,10,660.31278
1.65,11,660.358701
1.6,12,660.399022
-0.62,9,660.434825
1.71,15,660.48609
1.88,12,660.530481
1.74,11,660.578633
-0.62,11,660.624809
-0.67,11,660.661145
1.54,11,660.700998
1.53,11,660.740366
1.42,11,660.785985
1.32,9,660.817739
-0.59,14,660.87113
1.39,11,660.912378
-0.56,11,660.959185
-0.39,18,661.01893
1.54,9,661.058535
-0.66,10,661.095865
-0.5,10,661.139858
1.75,17,661.29556
1.8,13,661.343575
-0.87,9,661.374438
-0.67,10,661.410462
1.64,10,661.442047
1.55,17,661.503106
-0.46,13,661.556851
-0.25,16,661.623623
1.6,14,661.679539
-0.61,12,661.74514
1.64,10,661.798428
1.84,18,661.869929
0.85,21,661.96312
-0.32,13,662.027115
-0.5,12,662.071007
1.75,15,662.142283
1.53,10,662.195825
1.48,9,662.265856
-0.56,11,662.35817
1.56,17,662.419791
1.57,13,662.485438
-0.76,9,662.532812
1.7,18,662.610396
1.14,4,662.628888
1.4,12,662.681134
-0.65,16,662.745612
1.59,13,662.81041
-0.47,11,662.856525
1.54,9,662.890099
-0.74,6,662.913926
1.54,9,662.950837
-0.78,10,662.990767
1.28,10,663.031481
1.42,11,663.07481
-0.44,10,663.11399
-0.83,7,663.151838
-0.59,12,663.205213
1.47,10,663.242309
-0.61,8,663.273824
1.47,10,663.309853
1.22,11,663.367809
-0.61,9,663.414989
-0.56,11,663.456531
1.43,13,663.497922
1.33,8,663.527662
1.5,11,663.570593
1.39,11,663.611176
1.48,9,663.641398
1.59,10,663.686923
1.42,11,663.737468
1.43,9,663.772871
-0.44,10,663.817013
1.54,9,663.856579
1.64,10,663.907166
-0.49,12,663.967195
1.44,9,664.003345
1.55,12,664.053139
1.51,10,664.200735
1.3,8,664.23978
1.52,12,664.291308
1.14,4,664.314611
1.55,10,664.367722
-0.45,15,664.438477
1.38,15,664.506645
-0.38,19,664.575994
-0.37,17,664.644215
1.51,10,664.685125
-0.45,11,664.749777
1.6,13,664.814684
1.81,17,664.879716
1.39,11,664.929548
1.41,11,664.989968
-0.66,10,665.037241
1.22,8,665.076417
1.45,12,665.128189
-0.46,15,665.190514
1.41,15,665.258659
-0.17,17,665.330405
1.33,8,665.361937
1.14,4,665.378878
1.36,11,665.427304
1.5,10,665.464307
1.51,9,665.508343
1.14,4,665.52319
-0.51,12,665.591778
1.38,12,665.641088
1.14,8,665.67242
-0.82,6,665.69384
-0.72,8,665.749464
1.14,4,665.769487
1.59,13,665.814356
1.26,13,665.865484
1.48,12,665.91662
1.48,9,665.961895
-0.46,16,666.022273
-0.33,18,666.084218
-0.22,15,666.140259
1.38,9,666.175685
1.49,9,666.216459
1.64,10,666.256558
1.22,8,666.29036
1.61,10,666.334775
-0.46,14,666.387053
-0.67,9,666.423391
-0.34,15,666.491154
-0.58,13,666.557984
1.54,9,666.606053
1.33,11,666.653201
-0.61,14,666.72855
1.56,9,666.80154
-0.46,15,666.866827
-0.73,11,666.902802
-0.69,11,666.943323
-0.55,13,667.000719
1.33,8,667.030156
-0.34,18,667.116283
-0.23,16,667.184361
1.28,8,667.214087
-0.59,11,667.255812
-0.53,15,667.320458
-0.58,10,667.355615
1.6,14,667.414815
1.55,15,667.497952
1.42,13,667.578394
1.45,10,667.623765
1.53,10,667.669467
1.53,10,667.720715
-0.71,9,667.755492
-0.64,11,667.796368
-0.49,11,667.850893
1.32,13,667.903607
1.59,11,667.945967
1.14,4,667.959654
-0.65,10,668.007779
-0.68,9,668.063734
-0.68,12,668.134463
1.7,12,668.177467
1.55,10,668.216004
1.35,10,668.250907
1.69,13,668.312074
-0.57,12,668.361288
-0.75,13,668.412544
1.65,15,668.488255
1.71,14,668.539171
-0.91,4,668.557307
-0.52,13,668.635119
1.53,10,668.683448
-0.29,15,668.777503
-0.13,19,668.864837
1.58,11,668.940992
-0.46,9,669.021643
1.8,13,669.070799
1.36,8,669.103537
1.35,12,669.151582
-0.64,8,669.184065
-0.55,9,669.218355
1.14,4,669.232754
-0.6,17,669.292782
1.69,11,669.337164
-0.34,15,669.407228
1.69,11,669.4679
-0.85,6,669.493599
1.66,10,669.537145
1.64,10,669.578372
1.38,9,669.611481
-0.63,13,669.66256
-0.56,14,669.70825
-0.48,18,669.771231
1.49,11,669.806201
1.42,10,669.8488
-0.31,14,669.89918
-0.52,10,669.936162
1.59,19,670.001015
-0.36,16,670.062725
1.14,4,670.07885
-0.49,16,670.134631
-0.8,13,670.189598
1.14,4,670.220223
1.68,12,670.269545
-0.41,12,670.319333
-0.64,11,670.36374
-0.46,13,670.41004
1.56,9,670.440961
-0.47,10,670.479628
1.12,12,670.517733
1.16,5,670.537079
1.33,10,670.570975
1.64,10,670.617244
-0.48,11,670.661368
-0.5,11,670.730262
-0.66,10,670.767986
1.36,13,670.808938
1.44,10,670.850713
1.33,8,670.886548
1.46,13,670.970376
-0.85,9,671.022157
-0.62,11,671.07668
1.3,8,671.128596
-0.36,14,671.179972
1.54,9,671.215408
-0.94,7,671.245781
1.44,11,671.307967
-0.67,11,671.364482
-0.34,14,671.41871
1.41,11,671.549702
-0.3,17,671.632071
1.3,8,671.657002
1.64,10,671.700474
1.76,11,671.755763
-0.5,18,671.848872
-0.62,11,671.906111
-0.36,20,671.978102
1.22,11,672.014795
1.58,14,672.066118
-0.31,11,672.102523
-0.39,16,672.160867
1.36,8,672.193999
0.37,20,672.264534
1.23,9,672.298735
1.55,10,672.350816
1.49,11,672.418652
1.46,13,672.50372
1.54,11,672.56637
-0.57,10,672.61504
1.46,12,672.663413
1.61,14,672.731634
1.61,11,672.828302
-0.21,15,672.88034
-0.56,11,672.922221
1.63,16,672.988652
-0.74,9,673.030784
-0.64,11,673.067221
-0.35,15,673.125481
-0.41,16,673.18769
1.46,9,673.226051
1.14,4,673.242686
-0.39,11,673.279448
-0.67,8,673.314461
1.86,19,673.393776
1.14,4,673.409707
1.69,12,673.452213
-0.33,19,673.520125
-0.34,16,673.577974
-0.52,15,673.634783
1.51,14,673.686272
-0.51,12,673.732561
1.34,10,673.77546
-0.28,20,673.847892
-0.36,16,673.911531
-0.31,14,673.97772
1.28,10,674.018742
-0.54,9,674.065234
-0.52,10,674.10722
1.14,4,674.126423
1.54,9,674.166891
-0.31,19,674.244185
-0.67,8,674.278426
-0.61,10,674.322969
1.54,9,674.353594
1.46,12,674.401653
1.84,19,674.476935
1.53,11,674.525274
1.64,10,674.564542
1.14,4,674.578656
1.21,8,674.61416
1.38,12,674.667116
-0.61,10,674.715805
-0.71,7,674.747581
1.64,10,674.798069
-0.07,19,674.877598
1.14,4,674.888918
-0.31,16,674.952053
1.45,10,674.985894
1.72,16,675.060313
1.14,4,675.086193
-0.53,14,675.142058
1.72,13,675.200268
-0.68,11,675.250801
1.46,12,675.305957
1.35,9,675.344303
-0.66,15,675.405
1.66,10,675.45104
1.43,12,675.50376
1.68,10,675.544064
1.54,14,675.599141
-0.58,11,675.665953
-0.71,7,675.6939
-0.24,20,675.775316
1.72,12,675.824296
1.43,9,675.869701
1.33,10,675.904913
1.44,14,675.965335
1.57,14,676.025824
1.47,11,676.063175
1.14,4,676.077854
1.75,17,676.159955
1.57,12,676.209948
1.14,4,676.231231
-0.47,17,676.288473
-0.95,8,676.321268
1.3,15,676.372563
-0.66,7,676.403175
-0.26,17,676.459233
1.28,9,676.495729
-0.46,12,676.546411
-0.73,9,676.586189
1.66,11,676.62943
-0.6,12,676.672878
1.14,4,676.686071
1.32,9,676.727911
-0.58,11,676.781161
1.43,10,676.818132
-0.45,11,676.859591
1.71,12,676.906758
-0.77,7,676.931365
-0.36,15,676.982606
-0.72,13,677.039414
-0.21,16,677.095929
1.21,12,677.143888
1.3,12,677.193099
1.47,13,677.242072
1.32,9,677.276839
-0.6,10,677.32341
1.54,9,677.357491
1.31,13,677.408253
1.51,16,677.463696
1.64,10,677.548932
1.55,12,677.631675
1.63,11,677.66854
1.61,10,677.71843
-0.34,17,677.778789
1.36,10,677.813705
-0.77,7,677.841714
-0.3,16,677.909055
-0.55,10,677.96631
-0.67,11,678.008285
1.5,10,678.04433
1.14,4,678.05949
1.39,10,678.096215
-0.56,14,678.164047
1.41,10,678.204756
-0.31,13,678.256525
1.45,10,678.296148
1.47,10,678.338372
1.5,10,678.37914
1.45,15,678.460072
-0.54,9,678.498848
0.04,20,678.573317
-1.04,5,678.594618
1.83,12,678.658966
1.41,11,678.722397
1.45,10,678.784151
1.49,14,678.874404
1.71,11,678.926701
1.69,13,678.987446
-0.64,10,679.027459
1.32,11,679.067399
1.51,9,679.102466
1.45,11,679.152643
-0.68,12,679.204829
-0.68,9,679.244388
-0.47,10,679.28809
1.54,9,679.332411
1.43,9,679.370919
-0.65,17,679.429262
1.47,10,679.472103
-0.92,5,679.491639
1.3,10,679.530721
1.65,12,679.57638
-0.66,10,679.619718
1.14,4,679.633755
-0.42,13,679.683874
-0.57,15,679.747102
-0.47,11,679.790269
1.14,4,679.804469
1.57,12,679.848501
1.38,9,679.881504
-0.87,6,679.906403
-0.4,18,679.971353
-0.69,10,680.024031
1.66,12,680.06742
-0.59,8,680.111835
1.14,4,680.12866
-0.63,10,680.165208
-0.12,15,680.232332
1.79,18,680.294169
1.28,13,680.339112
1.54,9,680.381093
1.52,11,680.41961
-0.28,13,680.474336
1.71,11,680.512761
-0.59,14,680.587012
-0.63,12,680.637659
1.48,9,680.670609
1.38,11,680.708987
-0.27,11,680.753081
-0.56,10,680.800214
1.59,10,680.843189
1.47,10,680.880012
-0.57,13,680.934927
1.52,11,680.978109
-0.78,11,681.031585
1.24,11,681.088869
1.54,9,681.124634
-0.72,13,681.181864
-0.67,8,681.230437
-0.5,15,681.286235
-0.57,14,681.349563
-0.18,20,681.434146
1.54,9,681.47751
1.61,13,681.528575
-0.26,14,681.577979
-0.3,16,681.659338
-0.39,11,681.719623
-0.4,14,681.778349
1.14,4,681.796134
1.49,11,681.842681
-0.47,16,681.905133
1.43,10,681.942359
1.46,12,681.98909
1.14,4,682.006884
-0.83,7,682.04499
1.14,4,682.062274
1.14,4,682.079858
1.54,9,682.112613
-0.51,11,682.160397
1.57,14,682.211889
-0.67,8,682.243155
-0.49,16,682.365737
-0.32,14,682.424485
-0.4,17,682.486657
-0.51,14,682.549242
1.42,10,682.588562
1.64,10,682.635528
1.66,10,682.67784
1.18,9,682.711849
1.37,10,682.767645
1.61,11,682.808523
-0.63,14,682.868651
1.54,13,682.923591
1.68,12,682.967674
1.26,9,683.00289
1.5,10,683.038232
1.52,12,683.088708
-0.58,10,683.119104
-0.55,11,683.170743
-0.38,15,683.240362
1.59,12,683.287457
-0.45,11,683.330652
0.01,18,683.409726
-0.54,16,683.485101
-0.49,9,683.528062
1.44,9,683.562521
1.4,13,683.613258
-0.45,14,683.672687
1.14,4,683.699342
1.66,10,683.743601
1.37,12,683.787172
-0.56,14,683.833846
-0.5,11,683.881395
-0.63,13,683.924111
1.33,8,683.954583
-0.82,9,683.989624
1.61,15,684.037061
1.64,10,684.090508
-0.4,16,684.162078
-0.28,12,684.207605
-0.45,12,684.274363
1.32,9,684.305455
1.43,13,684.385473
-0.73,13,684.477739
1.53,10,684.51681
-0.39,19,684.583259
1.14,4,684.597741
-0.51,15,684.650192
1.42,10,684.69075
-0.57,15,684.806764
-0.38,12,684.90534
1.8,15,684.983441
1.32,11,685.018283
1.86,13,685.06553
1.25,8,685.098478
1.41,14,685.142268
-0.38,12,685.188741
1.64,10,685.230154
-0.68,10,685.26479
-0.73,11,685.301253
-0.54,12,685.351574
1.64,10,685.386412
1.39,8,685.429876
1.56,12,685.49314
-0.59,15,685.544962
-0.42,11,685.58655
1.75,16,685.64397
1.61,14,685.690748
1.64,10,685.729797
1.49,10,685.765475
1.52,11,685.812183
-0.57,13,685.851163
-0.18,17,685.914969
1.31,10,685.977742
1.27,9,686.029598
1.45,13,686.107352
1.54,9,686.137888
1.14,4,686.151601
1.54,9,686.186624
-0.63,12,686.229681
1.35,17,686.283947
-0.54,12,686.325422
1.54,9,686.36132
1.38,9,686.392518
1.45,10,686.425022
-0.16,21,686.492541
1.43,11,686.53249
-0.56,10,686.570588
1.66,10,686.604025
-0.78,14,686.651282
1.32,11,686.69189
1.14,4,686.705288
-0.54,15,686.791593
1.51,10,686.854462
-0.57,12,686.901745
-0.63,12,686.942239
1.28,9,686.974139
1.51,15,687.025362
1.14,4,687.042434
1.48,9,687.073297
1.44,13,687.119744
1.44,10,687.161017
1.38,11,687.236869
1.62,13,687.301661
1.49,11,687.343722
1.64,10,687.375788
1.64,10,687.430268
-0.7,11,687.471378
1.49,11,687.508785
-0.31,19,687.621115
1.47,10,687.652274
-0.8,11,687.691272
-0.04,19,687.766922
1.54,9,687.862211
1.69,13,687.914537
1.59,13,687.963172
1.55,10,687.997203
1.42,13,688.043093
1.34,11,688.128126
1.49,12,688.181619
1.14,4,688.194928
1.43,10,688.231646
-0.9,9,688.265817
1.14,4,688.282515
-0.2,17,688.336126
1.14,4,688.349598
1.62,11,688.390698
1.53,10,688.423945
1.14,4,688.439558
-0.37,15,688.498124
1.14,4,688.517479
-0.73,9,688.548001
-0.29,14,688.595549
-0.32,19,688.691108
-0.79,9,688.731111
1.14,4,688.74899
1.14,4,688.761744
1.37,9,688.793457
1.42,10,688.83167
1.51,10,688.868349
1.14,4,688.881637
1.38,12,688.917864
-0.44,16,688.975406
1.64,14,689.047735
1.44,8,689.087343
1.44,11,689.124855
1.52,11,689.168239
-0.6,16,689.218863
1.64,16,689.265532
-0.83,7,689.29203
1.74,14,689.341899
1.4,9,689.37592
1.54,9,689.409655
1.4,9,689.44737
1.7,13,689.500645
-0.47,18,689.566428
-0.61,10,689.595104
1.5,10,689.630742
1.56,10,689.664046
-0.44,16,689.731107
-0.59,11,689.767785
1.64,10,689.855476
1.58,11,689.955194
-0.47,16,690.024873
1.23,7,690.052801
1.37,9,690.086585
1.14,4,690.106761
-0.26,15,690.186668
1.47,12,690.231963
-0.23,19,690.294869
1.14,4,690.311483
1.64,10,690.343668
-0.64,15,690.392627
-0.51,11,690.434894
-0.34,15,690.486927
1.76,14,690.536345
-0.33,21,690.605731
1.53,10,690.641465
1.14,4,690.663296
-0.27,16,690.720054
1.54,9,690.750618
-0.62,8,690.783908
-0.67,8,690.823375
1.63,11,690.902817
-0.41,17,691.004868
-0.82,10,691.054776
1.37,12,691.106097
-0.42,13,691.19049
-0.77,7,691.218398
-0.76,12,691.259447
-0.45,12,691.307923
-0.5,11,691.345403
-0.76,6,691.368717
1.47,10,691.401431
-0.59,16,691.463359
-0.41,13,691.509825
-0.32,14,691.555163
-0.46,9,691.586411
1.34,10,691.631549
1.64,10,691.670116
-0.43,13,691.720082
1.14,4,691.73427
-0.49,13,691.784138
-0.34,14,691.831244
1.38,11,691.87534
1.54,9,691.906608
1.64,10,691.956158
1.14,4,691.980937
1.58,13,692.056545
-0.78,8,692.083198
-0.44,10,692.129129
1.98,14,692.176383
1.54,9,692.212906
-0.45,14,692.340904
1.45,11,692.390038
1.38,9,692.431472
1.66,11,692.484283
-0.57,13,692.5448
-0.58,12,692.606221
1.14,4,692.63202
-0.4,11,692.678816
1.55,11,692.720616
1.69,11,692.77669
1.64,10,692.81568
-0.33,15,692.871457
1.7,13,692.913922
-0.6,10,692.955026
-0.57,12,692.995428
-0.51,11,693.03494
1.22,10,693.085397
-0.29,12,693.147706
-0.92,8,693.174525
-0.64,8,693.210609
1.55,14,693.257578
-0.7,8,693.28834
1.57,11,693.334971
-0.72,13,693.378522
1.61,10,693.415307
1.14,4,693.434461
1.45,9,693.491159
-0.73,11,693.55847
1.38,11,693.604282
1.49,12,693.657989
-0.48,11,693.705488
1.45,13,693.76115
1.5,10,693.798195
-0.54,18,693.897542
-0.44,9,693.949635
-0.55,13,694.013879
1.14,4,694.028078
1.52,11,694.065412
1.48,9,694.100981
1.54,9,694.146867
-0.67,8,694.181018
1.26,12,694.225022
-0.67,11,694.266042
1.66,14,694.329236
-0.56,10,694.369426
1.54,9,694.406052
-0.67,8,694.429155
-0.7,8,694.457662
0.84,21,694.535609
-0.47,17,694.597313
-0.41,10,694.634444
-0.54,12,694.693636
-0.85,9,694.722294
-0.49,13,694.774162
1.56,13,694.837686
1.45,10,694.886347
-0.44,14,694.934763
-0.39,13,694.980349
1.57,10,695.017052
1.58,10,695.081899
1.38,12,695.137392
1.63,11,695.20206
1.41,12,695.250849
-0.46,15,695.303788
1.54,9,695.337473
1.56,14,695.382107
-0.34,12,695.421382
1.4,16,695.474788
1.14,4,695.48797
-0.42,11,695.534915
1.21,11,695.57335
1.29,7,695.599261
-0.65,9,695.645951
1.53,10,695.686609
1.63,15,695.762342
1.4,10,695.805035
1.66,15,695.887689
-0.46,9,695.922576
-0.46,17,695.998012
1.53,12,696.05212
1.5,11,696.090368
-0.71,12,696.140508
1.77,16,696.195912
-0.37,13,696.283391
1.13,5,696.307589
-0.42,18,696.372731
1.14,4,696.391843
1.49,10,696.444949
-0.35,15,696.513224
1.14,4,696.542559
1.14,4,696.562503
-0.22,17,696.689501
-0.93,6,696.709979
1.14,4,696.726736
1.6,12,696.776249
1.66,10,696.813467
1.54,15,696.878771
1.69,10,696.919708
1.53,11,696.962429
1.14,4,696.979724
1.61,11,697.032737
1.53,10,697.087356
1.64,10,697.128295
-0.39,14,697.178148
-0.65,8,697.208299
1.45,9,697.288659
1.65,14,697.355568
1.74,11,697.398071
1.55,16,697.455319
1.44,10,697.494446
-0.54,18,697.565041
1.54,9,697.595006
1.55,15,697.654958
-0.72,11,697.696608
-0.46,14,697.744463
-0.42,13,697.796032
-0.86,8,697.833537
-0.41,16,697.899559
1.14,4,697.914663
1.5,10,697.94738
1.25,8,697.9773
-0.34,12,698.018544
-0.78,8,698.047667
1.53,10,698.078623
1.54,9,698.110832
1.75,17,698.174046
1.32,11,698.21032
1.56,14,698.263996
1.54,9,698.297156
-0.83,7,698.33288
1.14,4,698.35006
1.47,10,698.384198
1.58,12,698.428939
-0.54,14,698.489028
1.14,4,698.504428
1.14,4,698.518157
1.57,15,698.572685
1.56,12,698.617979
1.4,9,698.653717
1.64,10,698.694019
1.14,4,698.711282
1.14,4,698.735382
1.46,10,698.772614
-0.21,19,698.837662
-0.72,7,698.872179
-0.53,13,698.939264
-0.65,11,699.01264
-0.44,15,699.082669
1.64,10,699.158945
1.35,14,699.236201
1.34,10,699.304458
1.67,13,699.383265
1.83,12,699.466494
1.54,13,699.554175
1.33,14,699.603687
-0.35,14,699.656922
-0.19,14,699.709932
1.64,10,699.746406
-0.67,8,699.771912
1.56,16,699.822881
1.23,10,699.865173
1.55,11,699.920326
1.14,4,699.932559
-0.7,13,699.979763
1.33,10,700.012583
1.22,11,700.058609
1.68,12,700.101987
1.54,12,700.14379
-0.58,10,700.177649
1.4,10,700.214452
1.63,11,700.253488
1.66,11,700.291907
1.5,10,700.335192
1.91,17,700.399954
-0.77,7,700.42781
-0.54,13,700.499505
-0.28,18,700.562063
1.68,11,700.601371
-0.44,18,700.66267
1.56,12,700.702994
1.35,9,700.730298
-0.56,11,700.773357
1.14,4,700.788438
-0.31,15,700.846958
1.47,11,700.88413
-0.56,11,700.931577
1.64,10,700.971749
-0.33,16,701.0425
1.27,9,701.077643
-0.38,16,701.139458
-0.66,10,701.178015
1.46,11,701.250037
1.66,11,701.311824
1.56,10,701.346567
-0.49,15,701.451263
-0.51,12,701.511948
-0.1,18,701.592976
1.14,4,701.623903
1.14,4,701.649217
-0.17,16,701.719673
-0.77,7,701.767081
1.48,13,701.82466
1.42,13,701.868323
-0.48,14,701.928917
1.64,10,701.97498
1.18,9,702.011304
1.54,9,702.040984
1.27,9,702.074207
1.38,8,702.149156
1.51,10,702.197921
-0.4,17,702.249305
1.66,10,702.292866
1.48,9,702.381063
-0.38,11,702.443927
1.36,11,702.508475
1.79,18,702.578993
1.64,10,702.654565
1.38,15,702.745938
-0.49,18,702.880469
1.44,8,702.911516
1.49,10,702.945315
-0.52,9,703.015166
-0.41,16,703.090899
-0.36,13,703.136979
-0.92,8,703.166702
-0.59,9,703.204217
1.54,9,703.233838
1.45,10,703.271787
-0.68,12,703.330875
-0.72,10,703.394443
1.48,9,703.426452
-0.42,13,703.471955
1.56,9,703.50676
-0.43,15,703.573924
1.46,11,703.61872
1.57,11,703.700568
1.14,4,703.728701
1.66,11,703.814681
-0.58,10,703.886613
-0.86,7,703.941456
1.56,9,704.009456
1.75,13,704.091373
1.45,10,704.170609
1.32,9,704.220028
1.47,10,704.255232
-0.76,6,704.283757
1.54,11,704.326755
1.44,14,704.376032
1.54,9,704.410486
-0.37,12,704.456498
1.43,9,704.492721
1.14,4,704.512946
1.43,9,704.553354
-0.69,11,704.591239
1.64,10,704.62534
1.4,9,704.657267
-0.64,11,704.698786
1.39,10,704.737494
-0.72,8,704.766613
1.14,4,704.782743
1.56,9,704.82027
-0.66,12,704.871306
1.27,9,704.900605
1.38,9,704.931384
-0.49,12,704.976009
-0.53,11,705.020318
1.61,10,705.053919
-0.86,11,705.094898
1.61,10,705.134764
-0.75,7,705.162933
1.68,11,705.200503
-0.49,18,705.263434
1.66,11,705.302108
-0.73,13,705.355501
-0.67,8,705.384444
1.45,9,705.416764
1.7,13,705.459869
-0.55,11,705.502297
1.39,9,705.533894
1.46,12,705.579324
-0.36,15,705.629736
-0.54,12,705.672051
-0.66,16,705.731489
-0.43,19,705.805994
-0.72,8,705.833584
1.41,12,705.876073
1.8,11,705.912758
1.56,10,705.95111
1.35,12,706.001208
-0.58,11,706.047262
1.14,4,706.061785
1.14,4,706.081243
1.55,13,706.139377
1.66,10,706.207665
1.45,10,706.273323
1.54,9,706.346201
0.17,17,706.444622
1.3,11,706.509971
1.57,13,706.604449
1.52,15,706.666852
-0.32,17,706.743552
1.34,9,706.806564
-0.76,11,706.839291
1.17,7,706.893915
1.58,12,706.950694
-0.37,11,706.995788
1.42,10,707.030158
-0.4,12,707.07422
-0.41,10,707.116154
-0.73,12,707.213501
1.56,9,707.250954
-0.38,15,707.301858
-0.41,19,707.372514
1.46,11,707.410961
-0.29,12,707.450744
-0.37,15,707.502014
-0.28,17,707.604079
-0.7,11,707.651098
1.64,10,707.689084
1.3,8,707.717939
-0.56,18,707.776275
-0.46,11,707.818166
-0.62,15,707.870808
1.61,10,707.905505
1.39,10,707.945106
1.68,14,708.050051
1.41,13,708.113567
1.61,12,708.205321
-0.55,13,708.277039
1.37,9,708.324878
-0.24,16,708.383463
-0.56,8,708.412363
-0.78,16,708.461175
-0.23,14,708.518452
-0.73,11,708.566419
0.05,20,708.641974
1.14,4,708.655522
1.54,9,708.692002
1.54,9,708.726254
1.41,12,708.766935
-0.19,16,708.819272
1.54,9,708.855935
-0.03,18,708.914489
-0.46,16,708.966021
-0.3,16,709.020768
1.54,9,709.085403
1.21,11,709.129623
-0.67,12,709.179172
1.61,10,709.216436
1.54,9,709.259351
1.68,12,709.332348
1.29,10,709.36405
1.74,13,709.413914
-0.17,19,709.480743
1.43,10,709.515002
1.34,10,709.555651
1.34,13,709.601662
1.77,16,709.702595
-0.42,11,709.752487
1.54,9,709.781994
-0.33,11,709.828125
1.44,9,709.862512
1.59,10,709.89731
-0.06,16,709.95926
-0.33,13,710.035971
-0.4,14,710.122853
-0.78,8,710.155626
-0.76,6,710.177735
-0.66,13,710.261935
-0.72,8,710.304723
1.58,10,710.346026
1.22,11,710.38326
-0.46,16,710.440478
1.69,10,710.483844
1.67,11,710.525071
-0.56,12,710.564841
-0.39,16,710.61549
1.66,10,710.654189
-0.49,10,710.68807
1.57,13,710.737533
1.56,10,710.783915
1.54,11,710.831261
1.48,9,710.861543
1.63,16,710.923957
-0.45,11,710.966005
1.35,9,711.004966
-0.47,13,711.050205
-0.42,16,711.103684
1.55,11,711.14517
-0.31,14,711.201936
1.69,16,711.255127
1.71,11,711.294166
1.44,11,711.332032
1.69,10,711.375892
-0.81,11,711.422076
1.7,11,711.462631
1.58,10,711.496635
1.26,10,711.530241
1.14,4,711.54341
-0.65,9,711.573085
1.32,9,711.604785
1.35,9,711.640194
-0.62,9,711.675025
-0.78,8,711.704383
1.64,10,711.750993
1.42,10,711.790461
1.44,10,711.826568
-0.61,10,711.859546
1.9,20,711.922125
-0.56,11,711.965919
1.33,8,712.017162
-0.17,16,712.076345
-0.39,10,712.110437
-0.25,19,712.224209
-0.5,20,712.28644
1.14,4,712.298384
1.37,10,712.333109
1.61,14,712.447248
-0.31,13,712.538553
1.55,11,712.574671
1.14,4,712.587013
-0.46,11,712.626358
1.14,10,712.659773
1.17,11,712.696034
-0.34,18,712.761242
1.68,11,712.807379
1.6,11,712.861171
1.44,14,712.91142
-0.64,10,712.946176
1.54,9,712.981965
-0.28,13,713.03125
-0.35,15,713.080981
1.28,8,713.111364
1.58,10,713.182694
1.52,12,713.228928
1.14,4,713.24555
-0.49,16,713.30191
-0.51,15,713.349893
-0.85,12,713.391489
-0.26,14,713.433692
-0.37,13,713.477391
1.14,4,713.494047
-0.27,17,713.556549
1.14,4,713.570452
-0.38,15,713.621086
-0.7,8,713.65388
1.32,9,713.679284
-0.56,11,713.717027
-0.72,10,713.756237
-0.37,14,713.808957
1.59,10,713.844406
1.14,4,713.866731
-0.6,9,713.938094
1.14,4,713.975841
1.71,11,714.024906
1.14,4,714.042877
1.47,11,714.094122
-0.36,10,714.160026
1.14,4,714.177742
1.31,10,714.212773
-0.77,7,714.238134
-0.32,13,714.288543
1.93,19,714.353366
1.44,12,714.401974
1.64,13,714.449958
-0.67,8,714.484263
-0.54,18,714.543401
-0.48,14,714.590372
1.45,10,714.627162
-0.46,13,714.723288
-0.51,15,714.853961
-0.71,15,714.906679
1.33,17,714.962045
1.66,16,715.02729
1.54,9,715.058179
1.74,12,715.099505
1.51,9,715.133064
-0.67,14,715.18629
-0.04,14,715.237263
1.61,10,715.273741
1.14,4,715.288674
-0.71,7,715.31714
-0.63,10,715.351056
1.58,10,715.389501
1.39,10,715.422046
-0.6,9,715.460013
1.49,13,715.505481
1.61,10,715.569206
1.47,11,715.64212
-0.62,14,715.699453
1.54,9,715.727508
1.28,7,715.781856
-0.51,11,715.836216
1.51,9,715.870967
-0.34,16,715.927143
1.47,10,715.958693
1.61,10,715.994803
-0.39,14,716.041215
1.74,12,716.081445
-0.65,12,716.12251
1.82,15,716.195631
1.61,11,716.251367
-0.27,16,716.307865
1.54,9,716.341189
1.66,11,716.390982
-0.51,14,716.443897
1.39,11,716.481863
-0.2,19,716.543693
1.54,9,716.573298
1.61,10,716.611148
-0.47,16,716.669086
-0.72,10,716.708664
1.14,4,716.723176
-0.46,14,716.797508
-0.7,14,716.84947
-0.6,12,716.889775
0.07,18,716.944421
1.36,8,717.004756
1.54,9,717.067777
1.43,14,717.117989
1.37,10,717.157509
1.41,13,717.203106
1.37,12,717.242291
1.13,5,717.260555
1.45,10,717.298238
1.14,4,717.321701
-0.76,8,717.349725
1.39,12,717.390295
1.25,11,717.428089
-0.73,8,717.470229
1.57,12,717.511679
1.56,10,717.551468
-0.53,11,717.589235
1.33,8,717.619997
-0.5,11,717.658921
1.54,9,717.689331
-0.57,10,717.724825
1.32,13,717.774856
1.35,9,717.807603
1.5,12,717.851072
1.48,10,717.884691
-0.51,10,717.936428
-0.5,10,717.974164
-0.48,17,718.029877
-0.38,15,718.090759
1.47,11,718.197074
1.31,12,718.273915
1.14,4,718.286531
1.53,13,718.3337
-0.34,11,718.38346
-0.17,16,718.437023
0.01,19,718.502858
1.62,14,718.579711
1.43,9,718.625387
1.48,10,718.6599
1.14,4,718.673265
1.66,10,718.707257
1.49,12,718.753103
1.45,12,718.793856
1.14,4,718.806966
-0.71,12,718.851009
-0.67,11,718.9414
-0.72,8,718.966444
-0.12,17,719.022443
1.54,9,719.055506
1.49,11,719.092606
1.14,4,719.107664
-0.72,8,719.137803
-0.4,11,719.175527
1.58,10,719.249474
-0.81,11,719.318771
1.45,10,719.355489
-0.71,10,719.398169
1.65,12,719.444921
-0.7,8,719.475327
1.33,8,719.50348
1.52,11,719.543647
-0.31,14,719.599567
1.36,11,719.645017
1.34,8,719.676337
-0.62,14,719.731373
-0.51,10,719.771917
1.64,10,719.821716
1.47,14,719.903947
-0.62,10,719.94193
-0.51,11,720.00316
-0.66,10,720.050272
-0.58,9,720.090202
1.43,9,720.150941
1.56,9,720.188916
1.61,10,720.227774
1.4,9,720.275669
1.58,12,720.317757
0.01,20,720.385546
-0.74,14,720.451985
-0.59,8,720.485913
1.06,7,720.519813
-0.36,10,720.555462
-0.45,11,720.598524
1.43,12,720.641319
1.4,10,720.693029
1.43,10,720.729261
1.79,12,720.781711
1.47,11,720.822929
-0.55,11,720.86869
1.79,15,720.926876
-0.61,12,720.983184
1.55,12,721.019196
1.58,13,721.076123
-0.65,9,721.140502
-0.48,15,721.196151
-0.37,15,721.244236
1.3,11,721.316027
1.14,4,721.338429
-0.42,11,721.38558
1.45,13,721.428491
-0.84,8,721.457289
1.37,10,721.501598
1.36,11,721.544879
1.14,4,721.559965
-0.96,9,721.608622
1.58,11,721.695727
1.49,9,721.776225
1.54,9,721.818856
1.14,11,721.856982
1.14,4,721.874707
-0.42,21,721.992867
0.01,21,722.053494
1.14,4,722.066179
1.73,17,722.122581
1.64,10,722.153823
-0.54,12,722.202385
-0.46,11,722.24014
1.75,11,722.279634
2.0,19,722.350468
-0.55,17,722.400894
1.49,9,722.437673
-0.79,8,722.475846
-0.93,6,722.492868
-0.29,17,722.556518
-0.61,11,722.640398
1.54,9,722.718006
-0.56,12,722.798211
-0.49,9,722.832691
1.36,8,722.860788
1.14,4,722.875309
2.04,15,722.925705
1.74,11,722.97146
-0.62,9,723.004039
1.35,8,723.038379
-0.16,17,723.095915
1.43,9,723.125471
-0.6,13,723.171997
1.66,10,723.213037
1.27,9,723.248454
1.65,11,723.286793
-0.71,9,723.319196
1.33,9,723.352962
1.14,4,723.370653
-0.45,12,723.417002
-0.62,11,723.455834
-0.29,11,723.506226
1.72,15,723.610371
1.66,10,723.646031
1.14,4,723.662914
-0.26,14,723.732537
1.5,9,723.765862
1.47,10,723.801193
-0.78,8,723.856198
1.5,10,723.948679
-0.5,9,723.984668
1.39,8,724.015963
1.21,9,724.047322
-0.72,10,724.086
-0.46,10,724.155447
-0.47,13,724.217286
1.53,10,724.252763
1.42,10,724.288682
-0.78,10,724.368218
1.61,16,724.423172
1.5,11,724.461681
-0.78,13,724.509403
1.6,12,724.583629
1.55,11,724.624951
-0.31,13,724.671328
1.14,4,724.692147
1.59,16,724.776458
-0.72,7,724.802578
1.36,12,724.848011
1.13,6,724.870358
-0.38,14,724.922743
1.39,10,724.958701
1.48,14,725.011863
1.58,11,725.059421
1.45,13,725.114621
-0.63,17,725.168253
-0.57,9,725.199584
1.39,11,725.246167
-0.37,10,725.277694
-0.59,10,725.314416
-0.13,15,725.370013
1.37,10,725.407039
1.54,9,725.467694
1.49,9,725.510859
1.54,9,725.544137
1.14,4,725.561815
1.14,4,725.575696
1.53,16,725.624877
1.42,11,725.663723
1.38,9,725.699986
1.66,10,725.73413
1.85,16,725.789876
-0.12,19,725.871745
1.49,9,725.901946
1.3,11,725.938241
1.14,4,725.951397
1.48,12,725.993016
-0.39,12,726.038693
1.54,14,726.090338
1.42,10,726.122662
-0.08,16,726.179789
1.14,4,726.196687
1.67,13,726.240216
1.54,9,726.270679
-0.52,16,726.321643
1.32,9,726.355429
1.5,15,726.407779
1.74,13,726.45103
1.48,9,726.523958
1.3,11,726.617987
-0.73,11,726.669573
1.61,10,726.698705
1.47,10,726.733941
1.64,13,726.830238
1.37,19,726.88743
-0.77,7,726.912243
1.52,11,726.946367
1.14,4,726.96471
1.63,12,727.008282
1.61,16,727.118666
-0.6,12,727.166591
-0.09,16,727.22299
1.41,13,727.265473
1.77,15,727.321341
1.5,12,727.39592
1.45,9,727.435942
-0.68,10,727.505182
1.64,12,727.545534
1.32,9,727.57771
1.18,9,727.612821
1.88,13,727.671312
1.5,14,727.722007
-0.36,12,727.763835
1.43,9,727.797467
-0.62,8,727.822016
1.51,12,727.866966
-0.38,12,727.910367
-0.25,20,727.97542
1.59,10,728.016275
1.14,4,728.030299
1.55,14,728.085692
1.66,10,728.134332
1.75,17,728.193232
-0.29,16,728.251221
-0.37,11,728.291798
1.14,4,728.308074
-0.32,11,728.351873
-0.13,15,728.400763
-0.13,16,728.452335
1.5,10,728.494691
1.44,14,728.541815
1.55,14,728.590748
-0.82,6,728.611278
-0.66,13,728.667683
1.29,9,728.70001
1.35,8,728.727215
1.68,13,728.766619
1.5,10,728.806075
1.54,9,728.835338
1.59,14,728.874224
-0.67,13,728.924338
-0.8,7,728.951726
1.53,10,728.992221
-0.72,8,729.025197
1.45,13,729.069753
-0.33,19,729.139415
1.52,11,729.178434
1.45,14,729.225398
1.64,10,729.261079
1.5,10,729.297835
-0.65,8,729.32632
-0.84,8,729.356116
-0.62,15,729.406724
1.69,10,729.441822
1.33,8,729.471527
-0.56,14,729.516325
1.14,4,729.529168
-0.66,10,729.56728
1.46,17,729.623433
1.72,14,729.669288
-0.6,13,729.714156
1.74,16,729.790545
-0.06,16,729.922349
-0.81,11,730.019941
-0.08,21,730.168345
1.64,10,730.219419
1.14,4,730.233208
1.71,11,730.278681
1.69,11,730.315183
-0.73,9,730.352208
1.27,12,730.402539
-0.15,20,730.543104
1.48,10,730.588027
1.49,9,730.633701
1.66,10,730.678787
-0.45,14,730.733342
1.14,4,730.747034
1.6,12,730.814217
-0.25,17,730.876911
1.47,10,730.919377
1.36,8,730.951917
1.5,11,731.002259
1.64,12,731.051746
1.13,9,731.08673
1.5,9,731.125441
1.74,11,731.180171
-0.57,9,731.215083
1.29,10,731.261427
1.45,9,731.302316
1.15,9,731.345201
1.61,17,731.420324
1.64,10,731.457234
1.47,11,731.499964
1.33,11,731.557839
1.14,4,731.571486
1.57,11,731.608452
1.14,4,731.624888
-0.58,18,731.68306
1.68,15,731.752515
-0.37,12,731.797434
1.25,8,731.888433
-0.4,13,731.936221
-0.55,14,732.014591
1.44,11,732.062482
-0.61,10,732.101674
-0.48,12,732.144907
-0.23,14,732.204862
1.73,19,732.281403
1.14,4,732.306023
1.14,4,732.342176
-0.55,11,732.427693
-0.36,13,732.523447
-0.52,10,732.570349
1.14,4,732.595994
1.59,10,732.635646
1.45,14,732.686164
1.44,10,732.730757
-0.72,11,732.803699
1.48,13,732.858582
1.65,13,732.902783
1.47,11,732.938463
-0.29,13,732.986817
1.56,12,733.029615
-0.71,10,733.068348
1.33,11,733.111036
-0.1,17,733.18092
1.14,4,733.193808
-0.76,12,733.232023
1.7,14,733.336917
1.65,11,733.394769
1.75,19,733.512666
1.37,10,733.553558
-0.45,14,733.647935
1.72,12,733.693889
1.56,10,733.726138
-0.49,12,733.773356
-0.14,12,733.82024
1.55,11,733.884454
-0.62,12,733.934996
1.29,9,733.965092
1.72,12,734.011889
1.43,13,734.071043
-0.62,14,734.183117
1.14,4,734.21687
-0.67,8,734.298415
-0.5,14,734.370484
1.31,10,734.411474
-0.32,13,734.458803
1.66,11,734.496156
1.58,12,734.540623
1.43,13,734.613199
-0.65,8,734.640459
1.33,8,734.670277
-0.45,15,734.73804
-0.41,13,734.785964
1.46,17,734.841398
1.54,9,734.878216
-0.57,10,734.914599
-0.51,21,734.973348
1.14,4,734.987316
1.53,12,735.033125
-0.42,11,735.085329
1.42,11,735.126476
1.9,16,735.181515
1.56,9,735.212024
-0.35,12,735.252457
-0.45,15,735.318046
1.54,9,735.379869
-0.54,14,735.427466
1.46,8,735.456595
1.53,10,735.498752
-0.7,15,735.624123
1.56,14,735.679911
-0.31,13,735.743776
1.47,10,735.776084
1.27,8,735.807552
-0.57,9,735.861425
1.48,9,735.90189
-0.67,8,735.929935
1.54,9,735.963052
1.53,10,735.998741
1.38,8,736.031951
-0.3,15,736.084471
-0.75,13,736.135446
-0.51,16,736.186867
1.34,10,736.227434
-0.57,13,736.275017
1.3,11,736.313991
1.14,4,736.333181
1.42,11,736.374932
1.55,12,736.423089
-0.42,13,736.463746
1.64,14,736.524248
-0.46,12,736.573047
1.44,11,736.614894
1.14,4,736.628283
1.35,10,736.665538
1.34,13,736.713992
-0.75,11,736.787175
1.64,12,736.836219
1.34,10,736.871574
1.46,11,736.912293
-0.63,12,736.961478
-0.5,12,737.031395
1.38,12,737.125415
1.53,10,737.174432
1.33,10,737.219252
1.57,13,737.272528
1.42,14,737.319595
1.38,9,737.351486
-0.57,9,737.385834
1.14,4,737.40302
-0.69,10,737.438096
1.82,14,737.488409
1.72,13,737.535748
-0.5,19,737.602056
-0.71,12,737.646394
-0.62,15,737.7066
1.57,12,737.746851
1.47,10,737.783153
1.42,11,737.8232
1.58,11,737.860487
1.32,9,737.89104
1.41,12,737.932287
-0.72,10,737.969908
1.64,10,738.005909
1.38,8,738.055407
1.37,10,738.135334
-0.45,16,738.196698
1.58,20,738.314648
-0.38,13,738.36334
-0.36,16,738.494162
1.14,4,738.530111
1.14,4,738.571773
1.54,9,738.64382
1.52,11,738.706716
-0.49,10,738.780101
1.32,13,738.89782
-1.03,4,738.920047
1.27,9,738.973563
1.64,14,739.072027
1.54,9,739.130743
1.59,15,739.191198
-0.68,12,739.292471
-0.69,11,739.394427
-0.36,14,739.518548
-0.33,19,739.603603
1.75,13,739.653704
-0.4,12,739.717828
1.56,9,739.755158
1.73,12,739.796632
1.14,4,739.815651
1.64,10,739.869477
1.66,10,739.911314
-0.68,17,739.961933
-0.57,9,739.994978
1.66,11,740.048668
1.66,10,740.104687
1.43,15,740.158131
1.57,12,740.201303
-0.21,14,740.283238
1.58,11,740.326561
1.56,10,740.362188
-0.19,17,740.483797
-0.73,9,740.525824
-0.66,8,740.556545
1.43,9,740.586569
1.64,10,740.617517
1.44,8,740.66055
1.14,4,740.689208
1.55,16,740.748578
1.63,14,740.87051
1.5,10,740.905851
1.56,11,740.953769
1.46,9,740.983911
1.5,13,741.030666
1.56,12,741.08273
1.7,13,741.13304
1.53,10,741.167051
0.84,21,741.238369
1.53,10,741.271189
-0.05,17,741.361339
1.35,14,741.413724
1.64,10,741.448332
1.32,9,741.483065
-0.46,12,741.55665
-0.21,14,741.654873
1.73,14,741.767204
1.66,12,741.860786
1.64,10,741.944023
1.23,7,742.008695
-0.68,11,742.060539
-0.88,9,742.117243
-0.36,16,742.17952
1.42,10,742.210866
-0.43,14,742.267931
1.43,12,742.343322
1.32,9,742.377885
-0.41,15,742.43047
1.59,12,742.50077
1.14,4,742.531077
1.23,10,742.603853
1.49,11,742.654681
1.36,11,742.690673
1.4,8,742.721152
1.53,10,742.764704
-0.73,11,742.812472
1.54,9,742.846684
1.67,16,742.916987
1.4,12,742.963127
-0.54,12,743.036516
-0.73,12,743.080563
-0.69,11,743.123519
1.14,4,743.141275
1.37,13,743.187588
-0.7,13,743.258173
1.31,10,743.294852
1.49,10,743.335279
1.66,11,743.376242
1.31,11,743.418369
1.51,10,743.489847
1.31,7,743.53636
1.29,12,743.589203
1.53,10,743.63272
-0.39,10,743.666467
1.14,4,743.682367
1.39,9,743.712777
1.14,4,743.730586
1.14,4,743.747262
1.61,11,743.794593
1.48,9,743.831517
1.25,8,743.864282
1.54,9,743.91167
-0.48,13,743.96013
-0.33,18,744.018238
1.34,10,744.065518
1.64,10,744.114229
-0.47,10,744.152874
1.14,4,744.166723
1.6,16,744.219809
1.54,9,744.252857
1.57,14,744.363118
-0.01,21,744.431412
-0.6,13,744.478609
1.46,12,744.521728
1.14,4,744.541131
1.54,9,744.579335
1.41,11,744.61553
1.14,4,744.629104
1.37,10,744.678235
1.54,9,744.727782
1.59,10,744.763528
1.44,11,744.801444
-0.55,10,744.838737
-0.38,14,744.882858
1.53,13,744.923634
1.37,9,744.954857
1.48,9,744.986397
1.49,12,745.030715
1.34,10,745.06499
-0.43,11,745.099279
-0.48,18,745.158538
1.23,13,745.210592
1.6,11,745.251258
1.75,13,745.293778
-0.45,11,745.339324
1.14,4,745.351133
1.32,10,745.390524
-0.38,16,745.497185
1.54,9,745.585982
1.64,10,745.638717
1.45,10,745.696681
1.14,4,745.713233
-0.69,11,745.751884
1.14,4,745.766852
1.55,11,745.80158
1.47,10,745.835074
-0.64,7,745.861477
-0.46,16,745.912468
1.49,12,745.960188
1.14,4,745.973252
1.5,10,746.013631
-0.52,11,746.055008
1.43,10,746.09146
-0.19,17,746.146193
-0.41,13,746.195084
-0.35,12,746.270119
1.57,13,746.32204
1.14,4,746.336299
1.39,10,746.371159
1.88,16,746.423595
1.52,15,746.472602
1.54,9,746.505459
1.17,7,746.537061
-0.58,10,746.577856
1.66,11,746.611621
1.56,9,746.638818
-0.74,9,746.676219
-0.85,6,746.698253
1.65,12,746.748621
1.33,8,746.779824
1.14,4,746.797806
1.44,9,746.829736
1.53,10,746.861738
-0.63,10,746.899563
-0.45,10,746.95351
1.14,4,746.963234
1.64,10,747.031668
1.54,9,747.065634
1.46,9,747.10061
1.37,12,747.161218
1.14,4,747.189064
1.47,10,747.2314
1.74,11,747.268611
1.28,7,747.291138
1.49,10,747.329468
1.49,11,747.366763
-0.48,14,747.421164
1.61,10,747.453965
-0.19,18,747.516846
-0.71,12,747.553282
1.54,14,747.586514
1.56,12,747.625026
1.22,8,747.646846
1.14,4,747.657454
1.73,13,747.69839
-0.33,12,747.731455
1.14,4,747.744331
1.53,10,747.775124
-0.51,9,747.803937
1.64,10,747.840299
1.31,10,747.871847
1.51,10,747.90858
1.53,13,747.945646
1.14,4,747.958354
1.14,4,747.968691
-0.11,19,748.020767
1.54,9,748.046847
-0.74,10,748.076715
-0.61,11,748.11391
1.54,9,748.142424
1.47,17,748.194805
1.42,10,748.222639
1.14,4,748.235064
-0.41,10,748.27236
-0.84,8,748.305235
1.47,9,748.336793
-0.48,11,748.371453
-0.65,8,748.400296
-0.32,17,748.4436
1.4,10,748.477309
1.78,18,748.525726
1.55,11,748.56043
1.14,4,748.575885
1.54,11,748.609055
1.5,13,748.646215
1.71,11,748.680647
1.54,9,748.70638
1.34,10,748.737307
1.22,12,748.768634
-0.17,19,748.826988
1.43,13,748.862474
1.49,12,748.89638
1.54,9,748.925375
1.4,9,748.954799
1.45,15,749.005537
1.14,4,749.015267
1.53,10,749.04729
1.34,10,749.081548
-0.55,10,749.109438
1.6,11,749.138918
1.45,11,749.172949
1.45,13,749.211754
1.37,9,749.238307
1.43,10,749.271413
1.39,10,749.304195
1.64,10,749.336563
1.48,9,749.367859
-0.52,8,749.390338
1.64,10,749.421707
-0.6,9,749.449262
1.51,12,749.489165
1.44,10,749.521386
1.64,10,749.555097
1.47,13,749.592399
1.54,9,749.619321
-0.86,17,749.663172
1.14,4,749.675985
1.53,10,749.707967
1.64,10,749.738656
1.64,10,749.773832
-0.41,11,749.809685
-0.63,10,749.842883
1.42,10,749.878519
1.63,11,749.908951
-0.44,12,749.94615
-0.4,17,749.995034
1.61,20,750.060133
-0.32,18,750.11508
-0.56,11,750.145731
-0.39,20,750.202266
1.65,14,750.244724
1.58,11,750.275244
1.64,10,750.309424
1.49,10,750.340506
1.44,8,750.369027
1.47,10,750.401195
1.38,8,750.428531
1.54,9,750.457413
1.4,8,750.486913
-0.86,7,750.51311
1.93,16,750.581586
1.14,4,750.593506
1.14,4,750.608575
1.6,11,750.639628
-0.67,9,750.669222
1.54,9,750.69944
1.54,9,750.724716
1.37,10,750.755766
1.37,10,750.786215
-0.67,8,750.808356
1.34,10,750.840558
1.14,4,750.852119
1.77,17,750.905301
1.64,10,750.937256
1.21,9,750.967754
-0.42,15,751.010702
1.54,10,751.04561
1.33,11,751.086036
1.55,13,751.122589
1.67,17,751.17278
1.64,10,751.202967
-0.46,15,751.243975
1.48,10,751.277499
1.54,9,751.305522
1.44,12,751.344918
-0.67,11,751.378438
-0.5,14,751.44928
1.14,4,751.470156
1.14,4,751.483308
-0.68,15,751.535197
1.53,10,751.568226
-0.23,15,751.610246
-0.29,17,751.663356
1.39,8,751.686288
1.52,11,751.714393
-0.48,13,751.763004
1.57,12,751.803761
1.64,10,751.83035
1.64,13,751.870672
1.61,12,751.903049
1.42,10,751.93791
1.51,11,751.97727
1.52,11,752.013795
1.64,10,752.041754
-0.71,7,752.068267
-0.51,12,752.10602
-0.46,9,752.135135
1.38,9,752.165539
1.84,13,752.206361
-0.4,12,752.241033
-0.72,8,752.267435
1.54,9,752.300325
-0.63,12,752.344248
1.58,11,752.380007
1.53,10,752.415944
1.11,7,752.435752
-0.2,15,752.483238
1.58,14,752.526541
-0.22,13,752.56841
1.44,10,752.604005
-0.43,12,752.642712
1.16,8,752.669245
-0.54,9,752.692236
-0.24,20,752.747931
1.53,10,752.776173
1.54,10,752.810443
1.41,9,752.839066
1.64,10,752.872449
1.38,11,752.90499
1.65,12,752.938664
1.14,4,752.951895
1.79,12,752.985931
1.51,16,753.033393
1.14,4,753.044175
-0.45,11,753.076177
-0.54,9,753.105618
-0.38,15,753.155466
1.36,10,753.188489
1.54,9,753.221917
1.14,4,753.232688
-0.6,16,753.274958
-0.47,10,753.304904
-0.52,14,753.348317
-0.32,14,753.383326
1.64,10,753.413814
-0.28,14,753.450671
1.6,16,753.493374
-0.87,6,753.520238
1.49,13,753.565193
1.64,10,753.59596
-0.33,16,753.639692
1.49,16,753.68533
-0.31,21,753.745326
1.54,9,753.776927
-0.34,15,753.829315
1.55,11,753.868966
-0.31,13,753.974717
-0.66,13,754.01878
1.78,15,754.066586
1.14,4,754.079683
1.57,13,754.121886
-0.23,17,754.167964
1.59,12,754.208306
1.14,4,754.221315
-0.44,13,754.269227
1.5,11,754.306258
-0.46,12,754.351025
1.38,11,754.385468
1.39,11,754.425341
1.56,11,754.457808
1.64,10,754.489672
-0.77,7,754.512383
-0.73,8,754.539304
1.27,9,754.569267
1.64,10,754.606248
-0.49,13,754.649107
-0.39,12,754.687249
1.47,11,754.724928
1.44,14,754.769121
1.39,10,754.805284
1.14,4,754.817846
1.14,4,754.830642
1.25,13,754.868505
1.14,4,754.877616
1.14,4,754.890103
1.14,4,754.902627
1.54,9,754.932634
-0.83,8,754.962998
1.35,9,754.995282
-0.42,12,755.035288
1.43,10,755.06567
1.53,14,755.105515
1.66,16,755.155727
1.69,10,755.193315
-0.22,17,755.280091
1.45,10,755.33704
-0.67,11,755.389152
1.14,4,755.408321
1.43,10,755.450781
-0.72,7,755.475944
1.14,4,755.487498
1.58,12,755.522606
1.14,4,755.538598
1.65,13,755.576681
-0.6,18,755.628876
1.86,12,755.66723
1.69,10,755.703693
1.87,17,755.757344
1.53,10,755.790658
1.59,10,755.818758
1.51,10,755.854878
1.3,8,755.883179
1.53,10,755.916222
-0.65,11,755.955286
1.58,10,755.986067
1.13,5,756.004851
1.57,17,756.063168
-0.83,7,756.086453
-0.54,12,756.192662
1.64,14,756.236667
1.46,9,756.266281
-0.79,12,756.302349
-0.66,10,756.340998
2.11,18,756.394069
-0.69,9,756.430637
1.5,10,756.459704
1.52,10,756.498575
1.14,4,756.510839
1.61,10,756.536795
1.58,11,756.571038
-0.39,20,756.625163
-0.8,10,756.6549
1.62,16,756.70318
1.27,9,756.736445
-0.64,14,756.778234
1.55,10,756.807577
0.06,17,756.855663
1.45,10,756.888868
1.56,9,756.921185
1.14,4,756.932964
1.14,4,756.945515
1.92,15,756.982576
1.46,9,757.017864
1.14,4,757.032073
-0.43,13,757.072791
1.39,11,757.106661
1.22,8,757.133147
1.54,13,757.180262
1.58,11,757.220667
1.14,4,757.232889
1.67,12,757.271547
1.64,10,757.305958
-0.69,10,757.343656
1.64,10,757.376792
-0.83,7,757.403336
-0.45,11,757.442842
1.56,10,757.477613
-0.4,11,757.52419
1.71,11,757.568269
1.64,10,757.59957
1.17,7,757.623837
1.07,9,757.649114
-0.85,10,757.68685
1.54,10,757.718367
-0.15,15,757.767149
-0.25,18,757.832407
1.36,8,757.858913
-0.71,7,757.878566
1.45,10,757.911928
-0.29,17,757.961876
1.41,11,757.999043
-0.67,8,758.022611
-0.11,18,758.079133
1.43,9,758.106348
1.52,11,758.144417
1.54,11,758.174462
-0.03,17,758.232048
1.14,4,758.245054
1.53,11,758.279889
-0.67,8,758.304805
1.54,9,758.33413
1.47,11,758.37007
-0.72,13,758.409179
-0.4,11,758.446359
1.14,4,758.45843
1.47,10,758.485468
-0.45,11,758.526001
1.63,11,758.56458
1.54,9,758.59725
1.48,13,758.642285
1.3,8,758.670227
1.54,9,758.704337
1.4,9,758.737493
1.52,12,758.777651
1.56,9,758.810184
1.33,8,758.831241
1.14,4,758.842837
1.43,16,758.889037
-0.33,20,758.948896
-0.54,12,758.990995
1.64,10,759.025136
1.14,4,759.038817
1.37,10,759.074162
1.64,10,759.113559
1.35,12,759.15563
1.53,10,759.188063
1.14,4,759.204427
1.33,11,759.239177
1.56,10,759.272767
1.64,10,759.307452
-0.3,15,759.358116
1.33,8,759.388147
-0.73,9,759.419399
-0.42,13,759.466332
1.4,10,759.506192
-0.45,10,759.538953
-0.43,11,759.579265
-0.37,16,759.635784
1.7,14,759.681339
1.54,9,759.705588
1.5,13,759.751768
1.46,9,759.784346
-0.31,16,759.835439
-0.42,11,759.881654
-0.6,12,759.934462
1.09,10,759.971259
-0.21,18,760.035068
1.53,10,760.066071
1.62,12,760.109815
1.37,10,760.14947
1.47,14,760.200706
-0.26,16,760.257682
1.14,4,760.27159
1.64,10,760.305332
1.46,9,760.34242
-0.38,12,760.394454
1.14,4,760.415008
-0.39,20,760.548408
-0.79,9,760.616868
1.39,10,760.731734
-0.27,11,760.772855
1.54,12,760.829608
1.31,10,760.86766
-0.35,11,760.91549
-0.89,8,760.949215
-0.67,9,760.985904
1.65,14,761.046251
1.14,4,761.060729
1.32,9,761.087866
1.73,11,761.132415
1.54,9,761.16828
-0.68,10,761.20557
1.54,11,761.242355
0.01,19,761.316118
1.6,12,761.367474
1.36,8,761.399805
1.34,10,761.436019
-0.22,17,761.504928
-0.5,10,761.539644
-0.75,8,761.579124
1.38,11,761.631942
1.16,10,761.671215
1.22,10,761.720155
1.46,9,761.750935
1.21,9,761.796492
1.37,11,761.837989
-0.34,18,761.908214
1.74,11,761.952115
-0.1,18,762.020619
-0.78,8,762.053105
1.51,9,762.09665
-0.29,11,762.142943
1.53,10,762.180224
1.66,10,762.223501
1.59,10,762.255524
1.56,9,762.290596
-0.41,14,762.335769
1.64,10,762.373921
1.48,9,762.407451
-0.42,15,762.459275
1.35,11,762.495211
1.55,11,762.53375
-0.72,8,762.56872
1.54,9,762.604788
1.14,4,762.62068
1.14,4,762.634817
1.76,15,762.689054
1.14,4,762.701176
1.82,18,762.762723
-0.65,9,762.795455
1.45,10,762.829658
-0.52,15,762.910104
-0.36,13,762.96522
1.65,14,763.029025
1.54,9,763.067885
-0.42,13,763.126491
1.51,11,763.181088
1.71,15,763.247547
-0.68,9,763.289171
-0.82,10,763.339213
1.14,4,763.356605
1.56,10,763.397324
-0.6,9,763.444301
1.38,9,763.493821
1.83,14,763.543806
1.4,15,763.591517
1.44,9,763.629181
1.47,11,763.669136
-0.37,15,763.723446
1.54,9,763.757955
1.64,10,763.789089
1.46,10,763.827901
1.48,12,763.880554
1.48,16,763.939894
-0.64,10,763.980292
1.54,9,764.01376
1.64,11,764.050043
-0.33,12,764.100036
-0.7,9,764.135202
1.47,10,764.164634
-0.39,16,764.221026
-0.4,14,764.266842
-0.29,12,764.309394
1.36,11,764.358762
-0.67,8,764.385318
-0.29,14,764.431097
-0.58,16,764.477479
1.38,10,764.50814
1.57,11,764.543316
-0.2,15,764.594323
1.51,13,764.64009
1.54,9,764.678561
1.14,4,764.69634
1.63,13,764.760139
1.52,11,764.812467
1.45,10,764.854568
-0.3,16,764.927063
1.61,14,764.977925
-0.51,9,765.024045
-0.3,13,765.068433
1.33,12,765.114128
1.79,12,765.170134
1.14,4,765.196613
1.14,4,765.220625
1.64,10,765.260077
1.24,9,765.296712
-0.36,14,765.349739
-0.75,13,765.404381
-0.58,11,765.455122
1.4,9,765.483347
-0.37,14,765.544143
-0.57,18,765.619797
1.38,9,765.662967
1.55,10,765.699685
1.43,18,765.783922
-0.64,11,765.898744
-0.77,10,765.93639
0.05,17,765.991816
1.54,9,766.025994
1.66,10,766.059642
1.42,10,766.0928
1.49,14,766.14368
-0.7,9,766.180484
1.26,7,766.218683
1.64,10,766.259079
1.71,11,766.299244
-0.57,9,766.340261
1.14,4,766.354358
1.14,4,766.365422
1.48,10,766.407462
1.51,14,766.452511
1.45,11,766.487047
1.54,9,766.513719
1.14,4,766.527112
1.3,8,766.557019
1.54,9,766.591104
1.39,10,766.623912
1.49,10,766.657225
1.33,10,766.691344
1.23,10,766.722197
-0.41,13,766.764105
1.14,4,766.778039
1.54,9,766.810262
-0.81,8,766.838865
-0.68,12,766.879605
1.54,9,766.910257
1.31,10,766.950077
1.58,11,766.979869
1.97,16,767.033015
-0.44,10,767.066201
1.58,11,767.10109
1.56,9,767.128376
-0.3,15,767.181026
1.47,14,767.220537
1.38,11,767.254364
1.39,8,767.283156
1.48,10,767.318362
1.38,11,767.353965
1.39,10,767.388805
1.51,10,767.415869
1.46,10,767.45342
-0.56,12,767.495122
1.41,11,767.534361
1.85,16,767.583808
1.54,9,767.61339
1.64,10,767.642665
-0.61,10,767.677256
1.53,11,767.729872
1.39,8,767.773457
1.51,10,767.814396
1.38,12,767.856539
1.48,10,767.892169
1.46,9,767.923919
1.66,10,767.955817
1.35,9,767.994847
1.64,10,768.028928
-0.4,20,768.086673
1.39,10,768.12061
1.41,8,768.147421
-0.63,13,768.186462
1.53,10,768.215127
1.37,10,768.25255
-0.53,13,768.301586
1.14,4,768.312171
-0.38,11,768.348819
1.51,9,768.378856
1.37,9,768.409658
1.39,10,768.445316
1.28,8,768.474957
1.62,11,768.516176
-0.33,20,768.572663
-0.61,10,768.602883
-0.46,12,768.644786
-0.24,18,768.715375
-0.62,9,768.750305
1.25,14,768.79664
1.34,10,768.82896
0.63,21,768.887369
1.54,9,768.917561
-0.38,16,768.960349
1.64,10,768.994655
1.14,4,769.007737
1.41,10,769.041313
1.58,10,769.072968
-0.56,15,769.123816
1.24,12,769.161844
1.42,10,769.195905
1.51,10,769.22902
1.54,9,769.252708
1.14,4,769.265452
-0.37,20,769.322058
1.5,11,769.360042
1.58,10,769.387683
1.38,9,769.411036
1.38,15,769.467474
1.61,14,769.518598
-0.33,17,769.575517
-0.74,10,769.600104
1.49,11,769.639489
-0.29,15,769.689808
1.57,12,769.729489
1.44,12,769.768924
1.48,10,769.801817
1.32,10,769.837839
1.64,10,769.8715
1.41,9,769.898714
1.42,10,769.928605
1.59,10,769.960679
1.14,4,769.972998
-0.59,17,770.026964
-0.71,9,770.063025
1.14,4,770.076686
1.64,14,770.123786
1.49,12,770.162864
1.54,9,770.18891
1.61,10,770.286915
1.44,8,770.313274
1.47,10,770.350331
1.53,11,770.384827
1.69,10,770.414693
1.41,11,770.449788
1.14,4,770.459166
1.42,10,770.490868
1.54,9,770.521236
1.4,10,770.553004
-0.69,10,770.588652
1.41,12,770.632654
1.5,12,770.663045
1.58,10,770.694345
1.37,12,770.737711
-0.14,19,770.792802
1.58,10,770.825508
1.69,14,770.871365
1.49,13,770.913104
1.66,10,770.947457
-0.31,16,770.993316
1.47,11,771.028455
-0.72,10,771.060955
-0.53,14,771.108204
1.44,13,771.158319
1.51,12,771.200682
1.48,10,771.231814
1.4,16,771.279224
1.14,4,771.292256
-0.17,16,771.345984
1.64,10,771.384875
-0.44,12,771.424583
-0.4,17,771.47985
-0.44,12,771.522847
1.48,9,771.552446
1.14,4,771.566323
1.29,10,771.600552
1.64,10,771.633113
-0.59,11,771.673199
1.39,11,771.708987
1.54,9,771.732099
1.29,9,771.759675
1.14,4,771.772393
1.67,17,771.821854
-0.14,17,771.877872
1.66,10,771.907853
1.36,8,771.937544
-0.84,9,771.964986
1.14,4,771.977185
-0.52,12,772.010482
1.14,4,772.021579
1.48,10,772.054874
-0.3,17,772.10198
1.19,8,772.126448
1.14,4,772.141833
-0.62,12,772.184284
-0.52,13,772.227489
1.49,10,772.265198
1.44,11,772.298873
-0.38,13,772.338295
-0.78,11,772.370447
-0.73,8,772.399995
-0.42,16,772.453672
-0.23,15,772.495337
-0.57,11,772.527996
1.51,13,772.571776
1.14,4,772.583988
1.65,12,772.621867
-0.83,8,772.643304
-0.51,11,772.682523
1.41,9,772.713685
1.64,10,772.749371
1.27,11,772.78815
1.14,4,772.801953
-0.5,17,772.852217
-0.6,12,772.890999
-0.57,9,772.914515
-0.46,17,772.967668
-0.66,7,773.051144
-0.3,14,773.097484
1.5,16,773.139497
-0.6,16,773.187274
-0.48,12,773.229509
1.54,13,773.271118
1.41,9,773.300185
1.54,10,773.335477
-0.24,19,773.391941
1.41,11,773.432637
1.45,9,773.456436
1.7,12,773.495667
-0.42,17,773.5523
-0.61,16,773.601627
1.14,4,773.615372
1.44,8,773.643281
1.56,9,773.674324
1.53,12,773.718281
-0.58,13,773.75799
1.64,14,773.814555
1.21,9,773.847448
1.66,11,773.889286
1.14,4,773.902828
-0.68,11,773.935972
1.56,9,773.963586
1.14,4,773.976179
1.2,10,774.003532
1.57,12,774.043098
1.14,4,774.056641
1.14,4,774.070004
-0.67,8,774.097437
1.56,9,774.12261
1.39,10,774.158935
1.14,4,774.175852
-0.64,10,774.203361
1.34,10,774.235594
1.14,4,774.246754
-0.66,11,774.281816
1.55,11,774.31932
1.4,9,774.352564
-0.61,14,774.393507
-0.49,18,774.45182
1.14,4,774.465536
1.56,9,774.495787
-0.49,16,774.610015
-0.52,10,774.646297
-0.56,12,774.682528
1.14,4,774.692823
1.45,10,774.721792
1.58,13,774.767628
1.61,10,774.799099
1.58,14,774.842388
1.38,10,774.873033
1.14,4,774.885963
1.5,10,774.920014
-0.62,9,774.947019
1.44,9,774.982697
1.38,8,775.016058
-0.54,13,775.055013
-0.55,14,775.090889
1.65,11,775.128544
-0.65,9,775.160965
1.54,9,775.189435
1.14,4,775.201532
-0.47,14,775.243819
-0.78,8,775.272028
1.61,15,775.31791
1.42,12,775.352853
1.28,10,775.386981
-0.77,7,775.410118
1.14,4,775.423192
1.64,10,775.462397
1.53,10,775.496326
-0.65,12,775.535677
1.34,10,775.573576
1.14,4,775.587201
1.38,11,775.622516
1.69,11,775.661762
1.34,10,775.700356
1.14,4,775.712043
1.32,12,775.755304
-0.57,11,775.788818
1.36,8,775.812916
-0.39,18,775.879217
-0.15,17,775.934968
1.14,4,775.947067
-0.57,16,775.996527
1.14,4,776.007954
1.14,4,776.019907
1.17,8,776.044902
-0.35,16,776.095144
1.14,4,776.105346
1.14,4,776.119899
1.44,8,776.151304
1.14,4,776.163352
1.14,4,776.175624
1.54,9,776.206765
-0.45,14,776.25495
-0.25,16,776.302161
-0.55,10,776.331436
-0.56,12,776.372255
1.64,10,776.411334
1.14,4,776.42382
-0.62,9,776.449018
-0.56,9,776.480886
1.54,9,776.515072
-0.67,14,776.559587
-0.22,19,776.621802
-0.44,9,776.653212
-0.73,11,776.69885
-0.31,14,776.74628
1.64,10,776.777667
1.45,10,776.813114
1.14,4,776.827579
1.14,4,776.839094
1.44,9,776.873216
1.45,13,776.918115
1.48,10,776.954229
-0.45,14,777.006778
1.36,8,777.033738
-0.15,18,777.091712
-0.45,13,777.137397
-0.6,13,777.174209
1.14,4,777.185409
1.24,8,777.213427
-0.65,12,777.259115
-0.71,13,777.307667
-0.49,9,777.34029
1.14,4,777.35416
-0.25,21,777.427417
1.14,4,777.440758
-0.3,16,777.49244
-0.46,9,777.518852
-0.81,12,777.560741
1.5,11,777.599144
1.28,7,777.6225
1.55,14,777.675422
-0.63,12,777.711468
1.39,10,777.740113
-0.67,8,777.77205
1.14,4,777.784141
1.48,9,777.819127
1.64,10,777.85383
1.72,17,777.909116
1.11,11,777.950398
1.33,8,777.979348
1.14,4,777.992576
-0.68,12,778.030533
-0.28,17,778.083963
1.28,11,778.124231
1.88,13,778.170965
1.36,11,778.20754
1.14,4,778.221266
0.0,16,778.280266
1.6,12,778.315778
1.48,13,778.352375
1.75,16,778.405899
1.45,10,778.44191
1.78,16,778.493392
1.29,12,778.536175
1.61,10,778.570548
1.44,9,778.624191
-0.47,17,778.715966
-0.65,9,778.744117
1.49,12,778.781063
1.54,9,778.812057
1.14,4,778.826229
1.3,8,778.851481
1.73,19,778.914501
1.37,11,778.955906
1.57,13,778.993112
1.64,10,779.022356
-0.5,13,779.067248
-0.32,17,779.126383
-0.46,15,779.183429
1.54,9,779.212962
-0.71,12,779.254012
1.58,11,779.290423
1.64,10,779.32303
1.65,12,779.368075
-0.78,8,779.398463
1.14,4,779.411652
1.14,4,779.421934
-0.44,13,779.465276
1.68,10,779.497172
1.61,10,779.534042
1.14,4,779.547356
-0.54,12,779.589782
1.53,10,779.615479
1.54,9,779.644923
-0.09,15,779.700903
1.54,9,779.731869
1.4,9,779.765666
-0.41,16,779.813034
1.56,11,779.84695
1.3,8,779.869909
1.55,17,779.930096
-0.8,12,779.977283
-0.9,9,780.006209
1.46,12,780.046075
1.58,10,780.077853
-0.65,11,780.118175
1.76,18,780.172171
1.54,9,780.197329
-0.43,15,780.242507
-0.52,10,780.275668
-0.46,12,780.313813
1.14,4,780.326941
1.14,4,780.341331
-0.77,10,780.379473
1.54,9,780.408349
1.37,10,780.440928
-0.3,13,780.481109
1.14,4,780.495802
1.41,9,780.518709
-0.32,15,780.560806
1.66,12,780.603339
-0.4,16,780.648013
1.14,4,780.660188
1.57,11,780.695709
1.14,4,780.707581
-0.63,13,780.751771
-0.64,10,780.782836
1.43,11,780.823071
1.14,4,780.837347
-0.34,14,780.88209
1.6,10,780.918583
1.36,11,780.952379
1.64,10,780.982472
1.37,11,781.017465
1.5,11,781.053036
1.48,12,781.099072
-0.75,11,781.137605
1.14,4,781.154031
1.14,4,781.166804
-0.58,11,781.200109
1.25,8,781.225869
1.48,12,781.263253
1.51,9,781.293512
1.28,11,781.327389
1.25,8,781.353254
-0.34,15,781.403564
1.56,10,781.431563
1.58,11,781.470628
1.75,15,781.525166
1.44,10,781.558203
1.14,4,781.56929
1.64,14,781.616288
1.14,4,781.629461
1.43,9,781.661706
1.14,4,781.673947
1.14,4,781.68335
1.14,4,781.696834
1.14,4,781.712728
1.63,15,781.760202
1.75,14,781.802449
1.54,9,781.829156
1.58,10,781.857867
1.39,10,781.892424
1.44,11,781.923397
1.27,12,781.966809
1.64,10,782.003123
-0.84,9,782.031215
1.54,9,782.063256
-0.85,6,782.086201
1.64,10,782.120951
1.14,4,782.135508
-0.41,12,782.179769
-0.46,9,782.213728
-0.94,7,782.235742
-0.6,9,782.269569
1.43,9,782.30266
1.29,6,782.322289
1.56,13,782.366952
1.14,4,782.379166
-0.93,6,782.396679
1.48,9,782.422686
-0.75,8,782.448186
1.47,11,782.481557
1.14,4,782.494165
1.44,12,782.529268
-0.38,14,782.577996
1.7,12,782.614451
-0.28,17,782.666009
-0.41,16,782.715316
-0.77,7,782.743265
-0.21,15,782.783819
1.14,4,782.797188
-0.34,15,782.84447
1.14,4,782.859729
-0.32,17,782.914921
-0.37,14,783.028847
1.73,13,783.095044
1.54,9,783.134656
1.56,9,783.174178
1.47,15,783.232074
-0.55,14,783.291297
1.14,4,783.309359
-0.39,11,783.359111
1.14,4,783.375859
-0.57,9,783.411323
1.27,10,783.450726
1.71,14,783.51086
-0.6,10,783.542991
1.36,8,783.57351
-0.69,11,783.615172
-0.45,13,783.655603
1.37,9,783.689612
-0.54,13,783.729182
1.21,9,783.761094
-0.62,11,783.798496
1.14,4,783.809903
1.14,4,783.822275
1.54,11,783.856785
1.42,11,783.891447
-0.5,11,783.926303
1.41,11,783.959489
-0.4,14,784.004176
1.63,12,784.041883
-0.6,10,784.070911
1.66,11,784.107534
1.38,12,784.15074
1.46,9,784.180902
1.54,9,784.20398
1.38,9,784.231841
1.5,10,784.272631
1.58,11,784.313
-0.73,9,784.340652
1.54,9,784.370435
1.14,4,784.386008
1.51,10,784.421328
1.83,15,784.461351
-0.36,17,784.515615
1.63,11,784.545102
-0.11,15,784.587304
1.57,11,784.624455
1.54,9,784.653408
1.48,9,784.682194
1.14,4,784.696637
1.53,11,784.736574
-0.26,17,784.785302
-0.52,11,784.828114
1.56,9,784.853764
1.4,9,784.887563
1.14,4,784.896133
1.3,8,784.923585
1.28,13,784.964447
1.48,17,785.011179
1.33,11,785.048653
1.27,9,785.144771
-0.38,19,785.200333
1.23,7,785.224485
-0.62,9,785.251591
1.46,9,785.276965
-0.4,15,785.326134
-0.69,13,785.367322
1.57,15,785.410015
1.14,4,785.425157
-0.73,11,785.462171
1.42,13,785.497089
1.31,10,785.53191
1.53,10,785.56549
1.3,11,785.597633
1.14,4,785.609483
-0.56,17,785.664114
1.22,8,785.690913
-0.69,13,785.730896
1.25,14,785.779431
1.43,10,785.809702
-0.39,14,785.855339
1.47,13,785.897991
-0.14,15,785.950582
-0.2,13,785.989078
1.12,9,786.01192
1.41,11,786.042284
-0.58,11,786.076136
1.69,13,786.117126
1.65,13,786.152691
1.71,11,786.189678
1.48,9,786.22227
-0.44,12,786.264159
1.5,11,786.300292
-0.79,9,786.330155
1.5,15,786.376794
-0.51,9,786.408925
1.44,11,786.451885
1.58,14,786.495994
1.64,10,786.528667
-0.6,15,786.571638
1.53,11,786.605203
1.47,10,786.638669
-0.03,19,786.700489
-0.29,16,786.749286
1.36,8,786.780521
1.65,15,786.825085
1.61,13,786.874501
-0.65,12,786.915955
1.56,9,786.945918
1.54,9,786.972824
1.54,9,787.000547
1.38,11,787.041318
-0.52,14,787.096558
1.66,10,787.125283
1.41,12,787.160069
-0.58,11,787.194793
-0.51,12,787.239739
1.64,10,787.270276
-0.63,16,787.324901
-0.45,11,787.357959
1.42,11,787.391825
1.14,4,787.405206
-0.52,13,787.450522
1.54,12,787.490738
-0.49,18,787.544209
1.36,13,787.57637
1.14,4,787.58979
-0.39,14,787.634831
1.69,14,787.679783
1.57,12,787.794978
1.43,9,787.825701
1.62,15,787.871804
-0.58,14,787.916426
1.54,9,787.947791
-0.7,10,787.977663
1.66,13,788.019333
1.14,4,788.03008
-0.11,20,788.086792
1.5,19,788.138356
-0.33,12,788.182579
1.38,11,788.215176
1.55,10,788.243469
-0.14,15,788.288391
-0.58,9,788.321708
1.54,9,788.358147
-0.46,9,788.389414
1.5,10,788.426411
1.22,8,788.45431
1.49,12,788.492576
1.44,10,788.52478
1.66,15,788.578932
1.73,12,788.614964
-0.29,16,788.672223
1.34,10,788.697465
-0.67,8,788.723949
1.14,4,788.735703
-0.58,10,788.77423
1.14,4,788.78734
1.41,9,788.813729
1.14,4,788.82737
1.44,9,788.857895
1.48,9,788.886038
1.49,10,788.919068
-0.3,15,788.968317
-0.62,12,789.006738
-0.13,17,789.058931
1.48,12,789.092411
1.58,11,789.131613
1.14,4,789.148376
1.3,8,789.174614
1.29,10,789.20274
-0.37,16,789.254474
1.37,10,789.292871
1.32,9,789.318217
1.47,11,789.35925
1.2,11,789.392064
1.54,9,789.425183
1.14,4,789.438361
1.53,10,789.472299
-0.47,16,789.528467
0.01,19,789.59218
1.38,9,789.620876
-0.51,14,789.678648
0.65,21,789.758303
2.07,19,789.832859
-0.23,20,789.901752
-0.46,17,789.959034
1.56,11,789.999228
-0.35,17,790.057404
1.14,4,790.069711
1.71,12,790.112406
1.37,10,790.140033
-0.47,15,790.188813
-0.4,11,790.228776
1.38,9,790.256573
-0.79,11,790.291951
1.53,10,790.322158
1.43,9,790.350832
1.45,12,790.389231
-0.67,10,790.424255
1.48,13,790.466109
1.43,13,790.513068
1.25,8,790.534128
-0.71,13,790.572913
-0.87,12,790.609134
1.54,9,790.638879
-0.43,16,790.692106
1.49,13,790.737213
1.64,10,790.773297
1.38,12,790.80876
-0.09,20,790.872983
1.14,4,790.88453
1.14,4,790.900266
1.29,10,790.93066
1.36,8,790.956175
1.52,11,790.993441
-0.35,12,791.034107
1.14,4,791.042915
-0.56,9,791.07529
1.59,11,791.110754
1.18,6,791.132871
1.18,6,791.148279
-0.53,15,791.193142
1.58,11,791.232104
1.54,9,791.261908
1.67,16,791.318077
1.54,10,791.34644
1.69,10,791.382969
1.61,16,791.435275
-0.67,8,791.464396
1.14,4,791.477315
1.64,10,791.508489
1.66,10,791.546426
1.43,12,791.585518
-0.5,11,791.628118
-0.32,18,791.68525
1.58,11,791.722771
1.4,9,791.755323
-0.57,10,791.797472
1.55,10,791.831507
1.19,16,791.880795
1.43,13,791.918834
1.36,11,791.954438
1.44,11,791.993812
-0.74,13,792.037481
1.72,14,792.087207
1.7,12,792.121266
1.47,15,792.168828
1.33,10,792.256108
1.64,10,792.297976
-0.41,10,792.33294
-0.29,18,792.385249
-0.88,9,792.420375
1.5,16,792.467958
1.67,19,792.529053
-0.21,13,792.576069
-0.63,9,792.605316
-0.19,13,792.645995
1.2,10,792.683874
1.64,10,792.717346
1.73,12,792.755311
1.54,9,792.784522
1.43,9,792.816628
1.14,4,792.827333
1.64,10,792.862779
1.46,12,792.901565
1.44,9,792.928218
1.26,10,792.965914
1.48,9,792.995943
1.28,10,793.029247
1.14,4,793.039061
1.6,11,793.069917
1.14,4,793.085028
1.34,10,793.118633
1.36,15,793.171727
-0.44,10,793.206197
1.49,11,793.247337
1.39,10,793.284513
-0.63,12,793.336928
-0.33,17,793.416667
1.4,11,793.460776
1.43,13,793.513551
1.14,4,793.527994
1.94,16,793.581567
-0.62,15,793.629222
1.16,8,793.656417
1.44,11,793.697624
1.44,14,793.748508
-0.41,15,793.802469
1.14,4,793.816363
1.41,9,793.84777
-0.75,10,793.880281
-0.4,15,793.923863
1.47,12,793.961583
1.43,9,793.996825
-0.74,9,794.027387
1.46,9,794.060881
1.54,9,794.087242
1.81,15,794.144961
1.65,16,794.197489
-0.52,10,794.226254
0.04,18,794.28559
1.45,9,794.323182
-0.66,11,794.370356
-0.34,16,794.433601
-0.53,11,794.475136
1.14,4,794.49035
1.63,15,794.553119
1.14,4,794.57029
1.43,9,794.603879
-0.67,8,794.628865
1.32,12,794.668749
1.66,11,794.706955
1.56,10,794.744514
-0.5,14,794.787197
1.39,11,794.821547
-0.68,9,794.856325
1.66,11,794.895691
1.53,10,794.933953
1.54,9,794.965891
-0.49,19,795.028014
-0.2,16,795.075124
1.54,9,795.112622
-0.38,16,795.178759
-0.42,11,795.225408
1.24,9,795.265026
-0.56,9,795.29951
1.77,18,795.361994
1.14,4,795.380259
1.66,10,795.423715
1.61,11,795.46933
1.56,9,795.504858
1.52,12,795.547153
-0.22,16,795.601839
1.38,8,795.630047
-0.19,16,795.679074
-0.48,15,795.732191
1.14,4,795.748494
1.77,16,795.805759
1.66,14,795.850904
1.64,11,795.888472
1.54,9,795.912856
1.48,14,795.956949
1.63,11,795.997416
-0.73,9,796.048264
-0.76,15,796.103056
1.14,4,796.114288
1.14,4,796.128046
1.38,9,796.162588
1.54,9,796.19773
1.53,10,796.227605
1.59,12,796.268688
1.47,9,796.309801
1.64,10,796.342312
1.36,11,796.380686
1.14,4,796.394965
1.32,10,796.429381
1.56,15,796.474841
1.32,12,796.517733
1.45,9,796.624405
-0.36,20,796.698648
1.53,10,796.733753
1.45,13,796.784077
-0.77,7,796.80892
-0.53,13,796.859785
1.57,12,796.904417
1.14,4,796.91922
-0.84,11,796.964255
-0.31,18,797.018235
1.14,4,797.031583
1.6,11,797.151685
1.54,12,797.189186
1.49,12,797.235281
1.55,14,797.285977
1.57,11,797.32091
1.25,10,797.36406
-0.48,19,797.425784
1.14,4,797.44114
1.48,10,797.501221
1.64,10,797.547825
1.54,9,797.583003
1.45,10,797.61834
1.52,13,797.674608
1.56,10,797.72148
1.64,10,797.79379
1.55,11,797.842993
1.39,10,797.891299
1.51,9,797.927861
1.72,17,797.986852
1.66,11,798.036894
1.49,10,798.072932
1.67,16,798.131616
-0.41,13,798.178436
1.14,4,798.192095
-0.73,8,798.217798
1.14,4,798.231131
-0.82,6,798.258701
1.24,8,798.292497
-0.86,7,798.322451
1.61,11,798.364745
1.65,12,798.406078
-0.54,12,798.452546
1.48,13,798.49401
1.14,4,798.508375
1.88,13,798.550128
-0.62,9,798.582878
1.54,12,798.625783
-0.67,15,798.66876
1.14,4,798.685243
1.14,4,798.699777
1.37,10,798.735336
-0.65,9,798.769965
1.52,12,798.811908
-0.39,11,798.849446
1.21,9,798.881538
1.14,4,798.895118
1.61,14,798.942564
-0.67,10,798.971759
1.57,11,799.010507
-0.57,10,799.04611
1.47,10,799.077526
1.56,9,799.106251
1.14,4,799.117579
-0.3,15,799.16137
1.31,8,799.191767
1.14,4,799.203956
1.39,10,799.238188
1.38,9,799.26985
1.73,14,799.319561
1.23,10,799.353436
-0.31,17,799.407828
1.7,16,799.465964
-0.59,14,799.519551
-0.67,11,799.560036
-0.56,16,799.606512
1.42,10,799.646754
-0.45,15,799.684093
1.14,4,799.696924
1.54,9,799.727301
1.52,12,799.776474
1.14,10,799.809165
-0.55,11,799.843348
1.14,4,799.857307
-0.3,15,799.908812
1.53,10,799.934356
-0.7,12,799.978014
1.53,10,800.014798
-0.57,8,800.047657
1.47,10,800.083739
-0.43,14,800.129186
1.77,19,800.184913
1.54,9,800.214073
1.56,10,800.249672
1.32,10,800.285085
1.66,10,800.31983
1.28,11,800.357309
1.14,4,800.37052
1.46,11,800.407358
1.48,13,800.4475
-0.22,18,800.499098
1.56,10,800.535608
-0.51,9,800.565961
1.67,12,800.612891
1.54,9,800.646172
1.54,10,800.687299
-0.73,9,800.715173
-0.5,10,800.748542
1.14,4,800.762222
1.64,10,800.796717
1.55,10,800.832793
1.32,9,800.863726
1.66,10,800.898622
-0.31,14,800.952895
1.56,9,800.985942
1.62,12,801.022021
1.34,10,801.057672
1.14,4,801.070958
-0.5,17,801.122693
-0.39,17,801.178038
1.42,13,801.215181
1.6,12,801.256119
-0.42,17,801.31969
1.14,4,801.334844
1.14,4,801.350789
1.48,16,801.401191
1.53,10,801.432977
0.79,21,801.499401
1.61,10,801.531523
1.14,4,801.546128
1.53,10,801.577613
1.53,10,801.609727
-0.56,11,801.64639
-0.92,8,801.677151
1.14,4,801.690698
1.14,4,801.704532
1.14,4,801.71799
1.14,4,801.733669
1.41,11,801.762928
-0.35,13,801.807477
1.14,4,801.817161
-0.22,12,801.865179
1.55,10,801.966528
1.4,9,801.999733
-0.32,12,802.039773
-0.54,13,802.090019
1.5,10,802.117893
1.45,10,802.160305
-0.9,6,802.180427
1.46,11,802.228233
1.49,9,802.267164
1.12,10,802.305258
-0.39,14,802.350826
-0.26,14,802.409249
1.14,4,802.423131
1.51,12,802.475038
1.64,10,802.511645
1.44,11,802.556097
-0.74,10,802.597185
1.14,4,802.616229
-0.62,11,802.672202
1.52,12,802.724093
1.43,9,802.760868
-0.68,9,802.801173
1.14,4,802.815049
-0.65,15,802.882
-0.76,15,802.939163
1.46,9,802.969718
-0.33,18,803.043931
1.14,4,803.061689
1.36,13,803.11881
1.53,10,803.155965
1.14,4,803.174753
1.54,9,803.215271
1.64,10,803.249125
-0.42,14,803.306736
1.39,8,803.337981
1.42,10,803.391223
1.14,4,803.407005
1.4,9,803.439188
1.42,11,803.477268
1.69,11,803.529009
1.54,9,803.560008
1.84,16,803.613584
1.48,10,803.647641
1.14,4,803.661845
1.64,10,803.793711
1.68,14,803.849879
-0.66,10,803.885252
1.14,4,803.903166
-0.65,9,803.948804
1.53,10,803.992713
1.15,9,804.031676
1.54,9,804.070284
1.61,13,804.122384
-0.53,12,804.209087
1.57,12,804.31499
-0.63,9,804.361754
-0.31,13,804.413078
1.64,10,804.459324
1.31,11,804.512052
-0.82,9,804.56191
1.14,4,804.580907
1.14,4,804.599726
1.48,10,804.649217
1.14,4,804.676822
1.54,9,804.778439
1.51,10,804.85197
1.63,18,804.937375
1.14,4,804.959465
1.54,9,805.005515
-0.53,17,805.072264
-0.84,8,805.103962
1.14,4,805.125081
-0.03,15,805.225502
1.14,4,805.244145
-0.62,11,805.291836
1.14,4,805.310231
-0.5,11,805.363171
1.49,12,805.403586
1.14,4,805.422349
1.14,4,805.4401
-0.23,15,805.48884
-0.64,11,805.560012
1.38,12,805.637845
1.69,13,805.719985
1.64,10,805.760164
-0.48,14,805.807764
1.49,9,805.837635
1.54,9,805.876386
1.64,10,805.915327
1.43,9,805.953498
1.79,18,806.020457
1.29,10,806.063754
-0.6,16,806.126064
1.69,10,806.159362
1.54,9,806.192569
-0.57,18,806.261526
1.14,4,806.27577
1.14,4,806.290561
1.32,9,806.324211
1.14,4,806.341725
1.64,10,806.375736
-0.26,20,806.458329
-0.54,16,806.531817
1.14,4,806.552005
1.14,4,806.567765
1.44,14,806.687137
1.48,9,806.719418
-0.45,12,806.76755
-0.19,18,806.907255
1.54,9,806.946667
-0.3,16,807.012972
1.54,9,807.066997
1.52,10,807.112638
-0.15,16,807.184787
1.14,4,807.195482
1.14,4,807.211899
-0.45,16,807.271744
-0.74,9,807.304756
-0.77,7,807.327369
1.59,12,807.367163
1.59,10,807.39669
1.14,4,807.412146
1.39,10,807.45421
1.59,10,807.495232
1.43,12,807.535826
1.14,4,807.547403
1.66,11,807.614263
-0.42,17,807.712558
1.66,11,807.765559
1.69,16,807.823903
1.57,13,807.866972
-0.25,17,807.919475
1.61,19,807.972976
1.14,4,807.986081
1.41,11,808.031124
1.14,4,808.052818
1.64,10,808.092998
1.59,10,808.128827
1.4,9,808.163465
1.94,19,808.221426
-0.35,18,808.295342
1.18,9,808.349025
1.59,10,808.383905
1.64,10,808.445829
-0.56,11,808.487711
1.38,9,808.51951
1.72,12,808.561089
1.71,11,808.608157
1.3,8,808.638983
1.14,4,808.653787
1.34,14,808.698486
-0.55,16,808.75826
1.73,12,808.808817
1.14,4,808.828529
1.54,10,808.869029
-0.6,13,808.91838
1.54,9,808.949333
1.54,9,808.98795
-0.34,17,809.047906
1.64,10,809.110346
1.54,9,809.148964
1.49,11,809.213353
1.45,9,809.247923
1.64,10,809.283999
1.33,8,809.312243
1.14,4,809.327704
1.14,4,809.340889
-0.38,12,809.382781
1.14,4,809.395524
-0.43,15,809.439689
1.76,16,809.496638
-0.49,9,809.53463
-0.5,13,809.580142
1.56,10,809.615905
1.14,4,809.629517
-0.19,13,809.68502
1.14,4,809.701288
1.14,4,809.717197
-0.59,8,809.753083
1.52,12,809.83686
1.51,12,809.904206
1.14,4,809.926064
1.27,9,809.966512
1.14,4,809.98404
1.14,4,810.003635
1.14,4,810.019009
1.39,11,810.062831
1.14,4,810.079827
1.14,4,810.093006
1.14,4,810.106098
1.14,4,810.119722
1.14,4,810.13559
-0.44,12,810.178654
1.14,4,810.188855
-0.37,11,810.225384
1.39,10,810.26635
1.14,4,810.280481
1.54,9,810.307768
1.41,9,810.340982
1.76,15,810.391001
1.55,15,810.441224
1.14,4,810.455082
1.14,4,810.468635
-0.57,12,810.514078
-0.5,14,810.566417
1.32,9,810.597619
-0.38,13,810.651711
1.76,13,810.696776
1.39,10,810.733672
1.51,13,810.785743
1.26,9,810.82111
-0.27,18,810.900291
-0.55,19,810.963938
1.14,4,810.976722
-0.13,14,811.022869
-0.49,9,811.053949
-0.51,13,811.097968
-0.26,17,811.160786
1.61,13,811.206648
-0.69,10,811.242012
-0.57,12,811.285108
-0.67,8,811.31764
1.52,10,811.36651
1.51,10,811.405217
1.47,10,811.537761
1.74,13,811.586881
1.37,12,811.630916
-0.67,12,811.677032
1.14,4,811.691477
1.63,13,811.744383
-0.78,8,811.772181
-0.46,12,811.822073
1.77,15,811.882872
-0.64,7,811.912992
1.14,4,811.92854
1.34,10,811.959271
-0.16,15,812.007118
1.46,10,812.043391
1.64,10,812.081112
-0.66,11,812.121558
1.14,4,812.134379
1.14,4,812.148828
-0.47,11,812.196973
1.14,4,812.215812
1.53,10,812.253877
1.53,10,812.291582
-0.64,7,812.317847
1.14,4,812.334038
1.43,9,812.366514
1.5,10,812.402936
1.14,4,812.417069
-0.7,12,812.45568
1.14,4,812.472144
1.56,14,812.521907
1.64,10,812.559946
1.4,9,812.595056
-0.38,18,812.660481
1.54,9,812.692945
1.51,16,812.743632
1.53,10,812.777928
1.14,4,812.791246
-0.71,9,812.82162
1.58,11,812.863719
1.57,11,812.905451
1.14,4,812.918402
-0.29,16,812.972034
1.38,9,813.019276
-0.47,15,813.071194
-0.5,16,813.118611
1.54,9,813.149076
-0.68,16,813.200858
1.49,9,813.230299
1.14,4,813.240903
1.14,4,813.254306
1.14,4,813.268162
1.14,4,813.282743
1.14,4,813.29829
1.55,16,813.353518
1.53,11,813.392639
1.54,9,813.425946
1.64,10,813.455487
1.53,11,813.500694
1.49,9,813.527967
-0.7,8,813.553699
-0.43,12,813.599261
-0.62,12,813.632177
-0.17,16,813.688833
1.66,11,813.731247
-0.58,10,813.769657
1.42,13,813.815741
1.54,9,813.850878
-0.46,19,813.922708
1.42,10,813.956249
1.54,9,813.985965
1.34,9,814.014937
1.46,9,814.046785
1.14,4,814.057611
-0.4,11,814.092717
1.64,11,814.130546
1.14,4,814.146729
1.14,4,814.161146
-0.53,11,814.201942
1.45,12,814.247324
1.53,10,814.303032
-0.24,20,814.363974
1.64,10,814.396024
-0.22,16,814.450691
1.53,10,814.486708
1.37,10,814.52076
-0.58,19,814.575653
-0.65,9,814.608496
1.14,4,814.622324
-0.46,12,814.662218
1.64,10,814.692677
-0.45,11,814.732617
-0.61,8,814.765548
-0.37,11,814.805937
-0.29,14,814.85356
1.54,9,814.883046
-0.66,7,814.911401
1.14,4,814.922847
1.64,10,814.953541
1.48,9,814.982622
1.39,10,815.014356
-0.36,17,815.058385
1.54,9,815.08788
1.14,4,815.101936
1.43,10,815.137071
1.35,9,815.168366
1.72,14,815.213985
1.43,11,815.250997
1.64,10,815.2869
1.54,9,815.318596
1.43,12,815.353925
-0.67,11,815.393891
1.14,4,815.410137
1.14,4,815.423548
1.39,10,815.457623
1.54,9,815.483211
-0.67,8,815.50822
1.14,4,815.521164
1.14,4,815.534865
1.43,11,815.591837
1.67,13,815.668463
-0.76,9,815.694445
1.14,4,815.707523
-0.52,17,815.757921
-0.43,14,815.813363
1.64,10,815.845451
-0.14,18,815.910495
1.51,13,815.950716
-0.44,10,815.983273
1.14,4,815.996897
-0.56,14,816.041198
-0.47,14,816.088429
1.14,4,816.101074
-0.85,9,816.132101
1.47,15,816.173131
-0.68,9,816.206465
1.49,11,816.248076
1.5,10,816.279028
1.6,14,816.329584
1.32,9,816.355639
1.53,10,816.388891
1.14,4,816.403325
1.38,9,816.441685
1.44,11,816.485425
-0.55,10,816.530451
1.39,10,816.564329
1.24,11,816.605844
1.76,14,816.653622
1.14,4,816.668841
1.52,11,816.706804
1.44,11,816.741605
1.14,4,816.750913
-0.14,20,816.816548
-0.85,9,816.848797
1.95,14,816.902016
1.56,10,816.930755
1.58,11,816.968401
1.38,12,817.004609
-0.41,13,817.05166
1.14,4,817.063246
-0.46,9,817.09634
-0.63,10,817.129298
1.66,15,817.194246
1.14,4,817.210823
1.14,4,817.229334
1.54,9,817.262956
1.51,12,817.300558
-0.58,10,817.333228
1.43,9,817.364357
1.36,8,817.391987
1.14,4,817.403561
1.78,16,817.458139
1.14,4,817.475049
-0.57,9,817.506704
-0.52,11,817.553232
1.38,9,817.586283
1.39,10,817.632162
1.39,11,817.668665
1.34,10,817.702487
1.14,4,817.71732
1.42,10,817.75442
1.33,8,817.781689
1.25,8,817.810274
1.65,16,817.863414
1.14,4,817.88299
1.14,4,817.897156
1.48,12,817.941778
1.54,9,817.9798
1.67,14,818.027476
1.14,4,818.041477
1.43,9,818.074784
-0.58,11,818.114753
1.61,14,818.16399
1.14,4,818.1779
-0.38,13,818.22177
1.64,10,818.252558
-0.62,9,818.293625
1.37,9,818.323646
1.37,9,818.354895
1.23,12,818.391124
-0.91,7,818.421426
1.53,10,818.452956
1.14,4,818.466557
1.64,10,818.549016
1.38,9,818.610721
1.53,10,818.646852
1.22,10,818.679103
1.54,9,818.710842
1.45,13,818.76167
1.76,12,818.800709
-0.49,17,818.853423
1.43,9,818.886444
1.46,9,818.91778
-0.73,11,818.956773
-0.88,7,818.983895
1.43,9,819.011533
1.54,9,819.043927
-0.13,20,819.099576
1.47,10,819.135793
-0.56,8,819.163256
1.5,13,819.209432
1.42,9,819.239787
1.64,10,819.275143
1.66,11,819.315215
1.69,10,819.358057
-0.28,21,819.428379
1.54,9,819.457729
-0.6,13,819.498738
1.35,9,819.526503
-0.89,8,819.551341
1.84,13,819.605465
1.47,11,819.673878
1.54,9,819.734848
1.79,12,819.797768
1.55,11,819.861506
1.45,10,819.95534
1.5,10,820.022087
-0.76,9,820.099198
1.64,10,820.215854
1.39,11,820.297497
1.14,4,820.328411
1.59,14,820.404802
1.14,4,820.427879
1.43,9,820.558484
-0.5,16,820.652871
1.14,4,820.674797
-0.54,9,820.733931
-0.61,13,820.801428
1.14,4,820.823026
1.61,11,820.943392
-0.35,16,821.03162
-0.33,17,821.110056
-0.43,15,821.186839
-0.59,11,821.241085
1.53,11,821.297916
1.46,9,821.340783
1.49,9,821.391358
1.61,12,821.445774
1.44,11,821.501956
1.56,9,821.55641
1.27,11,821.621608
-0.46,12,821.68737
1.64,10,821.737636
1.64,10,821.794558
1.61,10,821.862158
1.14,4,821.887462
-0.36,10,821.938566
1.43,9,822.011467
1.64,10,822.081328
1.3,14,822.179769
1.14,4,822.201716
-0.33,12,822.272578
1.3,8,822.321929
1.14,4,822.341501
1.63,17,822.430175
1.14,4,822.452126
1.14,4,822.471573
1.54,13,822.533895
1.54,9,822.57806
-0.38,13,822.662495
-0.94,7,822.721494
-0.37,11,822.808833
1.14,4,822.835122
1.54,9,822.89274
1.68,12,822.968552
1.54,9,823.033839
1.78,15,823.118289
1.14,4,823.14146
1.65,13,823.310051
1.62,13,823.365182
1.64,10,823.409086
-0.65,12,823.463155
1.64,10,823.502182
-0.65,12,823.542764
1.36,8,823.570152
1.64,11,823.609484
1.64,10,823.641218
1.37,10,823.678893
1.14,4,823.694979
1.19,12,823.738375
-0.26,17,823.799668
1.14,4,823.814188
1.14,4,823.826752
1.66,10,823.860575
-0.53,13,823.924841
1.58,11,823.960764
1.14,4,823.97504
1.72,13,824.024559
-0.41,13,824.071324
1.32,14,824.119549
1.14,4,824.13382
1.26,13,824.188935
-0.32,16,824.244758
1.14,4,824.258608
1.61,14,824.311263
1.25,8,824.34344
1.56,11,824.394864
1.14,4,824.409786
1.46,12,824.458754
1.64,10,824.493502
-0.61,8,824.526071
-0.61,11,824.561457
1.4,12,824.600073
-0.68,11,824.637611
1.69,10,824.675143
1.53,10,824.71117
1.54,9,824.748784
-0.51,12,824.799269
1.59,10,824.843523
-0.13,17,824.9078
1.52,17,824.966875
1.35,12,825.011079
-0.48,15,825.069891
1.61,10,825.104426
1.37,10,825.142323
-0.5,14,825.19466
1.64,10,825.234205
-0.25,19,825.305513
-0.36,19,825.365373
1.64,10,825.406461
-0.67,8,825.438385
-0.57,9,825.468858
1.14,4,825.482325
-0.65,14,825.533709
-0.67,14,825.579698
1.66,10,825.619168
1.28,8,825.650492
1.14,4,825.666589
1.14,4,825.683058
-0.3,13,825.733143
1.55,11,825.777176
1.46,9,825.813628
1.59,10,825.849586
1.51,9,825.889198
1.81,16,825.952302
1.45,11,826.068234
-0.29,19,826.131251
-0.41,16,826.186023
1.14,4,826.200795
1.14,4,826.214005
1.14,4,826.227167
-0.45,14,826.279841
1.64,10,826.314932
1.41,11,826.348669
1.59,12,826.386272
-0.71,11,826.420596
-0.34,18,826.464853
1.44,9,826.497013
-0.44,16,826.551908
1.54,9,826.583601
-0.82,9,826.614276
-0.44,13,826.657029
1.54,9,826.685153
1.54,9,826.714849
1.61,10,826.752467
1.47,10,826.785565
1.38,11,826.822169
1.14,4,826.836653
1.34,10,826.875028
-0.66,11,826.916903
1.64,10,826.94323
1.4,9,826.969563
1.64,10,827.001215
-0.07,20,827.059805
1.69,11,827.099563
1.47,10,827.127401
1.36,10,827.159249
1.65,11,827.193653
1.14,4,827.210281
1.35,12,827.250409
1.14,4,827.261498
1.65,16,827.312473
1.14,4,827.327214
1.42,14,827.3811
1.6,12,827.414338
1.39,11,827.454257
1.49,9,827.483638
1.36,8,827.509477
-0.53,11,827.545985
-0.29,15,827.5916
1.14,4,827.606954
1.58,10,827.639085
1.5,14,827.682306
-0.44,16,827.739808
1.54,9,827.774685
1.26,7,827.795551
1.14,4,827.8101
1.7,12,827.848786
1.37,10,827.883327
1.14,4,827.896909
-0.34,16,827.946908
1.42,11,827.975127
1.4,9,828.010137
1.63,12,828.056034
1.14,4,828.070313
1.47,14,828.108769
-0.8,10,828.143015
-0.04,16,828.19893
-0.59,11,828.234472
1.38,9,828.266621
1.41,9,828.29732
1.22,10,828.332522
1.14,4,828.345977
1.48,13,828.380479
1.5,11,828.423822
1.56,11,828.458021
1.14,4,828.471973
-0.46,9,828.505799
1.14,4,828.521978
-0.38,19,828.575248
-0.36,15,828.620308
1.54,9,828.645782
1.61,10,828.6805
1.49,11,828.71873
1.69,13,828.767461
-0.36,13,828.811695
1.14,4,828.827031
1.14,4,828.840537
1.14,4,828.853489
1.4,9,828.878908
1.43,10,828.910397
1.46,11,828.950744
1.54,9,828.979539
1.48,10,829.010417
-0.74,9,829.04727
1.39,10,829.075766
1.36,8,829.104281
-0.41,14,829.154989
-0.68,9,829.191598
1.37,9,829.223733
-0.59,13,829.268502
1.53,10,829.297483
1.14,4,829.310193
1.14,4,829.324518
1.14,4,829.33951
-0.62,9,829.366956
1.74,19,829.424925
1.59,10,829.454839
-0.66,10,829.488593
1.64,10,829.518207
1.64,10,829.55592
1.14,4,829.57008
1.38,15,829.614713
1.2,10,829.643302
1.46,9,829.673652
1.54,9,829.706484
1.3,11,829.743196
1.38,8,829.771885
-0.09,16,829.827776
1.14,4,829.841271
1.58,11,829.882151
1.41,11,829.918747
1.37,10,830.006383
1.46,9,830.053185
1.14,4,830.068527
-0.32,16,830.112985
-0.44,17,830.166645
-0.37,14,830.213893
1.14,4,830.228589
1.61,13,830.272636
1.61,11,830.307826
1.55,10,830.346838
1.55,10,830.453572
1.71,14,830.504731
1.66,15,830.552945
1.41,11,830.589687
1.54,9,830.623675
1.14,4,830.638039
-0.5,15,830.695894
1.14,4,830.710432
1.54,9,830.745133
1.49,9,830.782257
1.59,16,830.853269
1.24,9,830.887203
1.54,9,830.921829
1.42,10,830.962484
1.14,4,830.978315
1.14,4,830.991778
1.71,17,831.0548
1.45,9,831.089378
1.53,10,831.133761
1.57,12,831.183222
1.14,4,831.200008
1.52,11,831.244817
-0.4,11,831.289618
1.58,11,831.337074
1.53,11,831.384524
1.65,15,831.436393
1.66,10,831.46842
-0.71,12,831.515494
1.14,4,831.53161
-0.73,9,831.563292
1.42,11,831.608214
1.48,12,831.652263
1.54,9,831.683598
1.14,4,831.699406
1.14,4,831.717003
1.56,11,831.760542
-0.61,12,831.798668
-0.63,13,831.844763
1.75,18,831.929856
-0.61,14,831.978342
-0.56,11,832.01915
1.47,11,832.063824
1.14,4,832.078911
1.54,9,832.109757
-0.53,11,832.151178
-0.39,14,832.198779
1.48,10,832.231218
-0.6,9,832.259759
1.14,4,832.273877
1.14,4,832.288527
1.46,9,832.317145
-0.05,17,832.375932
1.48,11,832.415878
1.69,10,832.464024
1.74,11,832.51168
-0.23,17,832.574043
1.57,15,832.631241
1.69,10,832.663335
1.14,4,832.678527
1.33,8,832.70407
1.44,8,832.729657
-0.65,9,832.762158
-0.55,11,832.80578
1.43,9,832.834146
1.14,4,832.848465
-0.52,13,832.892938
1.81,16,832.952376
-0.82,10,832.987344
1.38,9,833.019027
1.49,9,833.052617
1.63,10,833.090178
1.55,14,833.132734
1.33,8,833.16126
-0.62,9,833.193893
1.54,9,833.225379
1.38,9,833.25564
1.6,11,833.299704
1.14,4,833.316225
-0.64,15,833.382404
1.43,12,833.429165
1.43,9,833.46383
-0.44,12,833.509291
1.14,4,833.522507
1.53,10,833.559261
-0.89,7,833.582956
1.14,4,833.596518
1.46,14,833.644506
-0.51,10,833.682625
-0.65,11,833.725131
1.58,11,833.766321
-0.63,14,833.809918
1.14,4,833.821146
1.4,9,833.857734
-0.51,15,833.903503
-0.33,16,833.955183
1.46,11,833.994572
1.48,10,834.025503
-0.5,13,834.076068
1.93,16,834.119142
1.54,9,834.151386
-0.62,15,834.200992
-0.67,8,834.226671
1.14,4,834.239703
1.56,12,834.274752
-0.52,9,834.310996
1.51,9,834.344579
1.41,9,834.380193
1.14,4,834.394966
-0.74,10,834.43295
1.58,10,834.466139
1.45,15,834.513931
1.38,8,834.542045
1.48,10,834.575636
1.54,9,834.60173
-0.44,13,834.726319
-0.36,18,834.779807
1.64,10,834.809851
1.14,4,834.822535
-0.67,12,834.86236
1.32,12,834.899793
1.54,9,834.930721
1.45,10,834.962388
1.64,10,835.000092
1.54,9,835.034692
1.38,9,835.063306
-0.59,12,835.110264
1.62,12,835.147947
-0.81,14,835.187891
-0.76,6,835.20629
-0.54,16,835.254276
1.44,12,835.295305
1.52,12,835.334455
-0.5,14,835.388487
1.49,9,835.419975
1.14,4,835.432819
1.41,9,835.458374
1.48,17,835.509423
1.59,10,835.536613
1.47,11,835.574483
-0.42,11,835.607284
1.38,9,835.640748
-0.61,10,835.668506
1.38,9,835.699829
1.64,10,835.731396
1.4,9,835.764116
1.43,10,835.79977
1.46,11,835.830755
1.47,10,835.860611
1.52,11,835.899222
-0.37,12,835.941943
1.64,10,835.977711
1.51,11,836.014398
-0.44,16,836.062754
1.66,11,836.10099
-0.4,15,836.143734
1.14,4,836.156434
1.73,15,836.212767
1.14,4,836.227357
1.49,9,836.257114
-0.69,13,836.300477
-0.24,17,836.358607
1.14,4,836.368338
1.61,10,836.399362
1.49,11,836.428293
1.59,10,836.463074
1.27,9,836.494645
-0.51,15,836.542068
-0.63,16,836.590324
-0.83,7,836.609602
-0.62,8,836.633596
1.14,4,836.650095
-0.8,7,836.672095
-0.48,18,836.733145
1.14,4,836.74356
1.54,9,836.769875
1.54,9,836.798377
1.54,9,836.830411
-0.84,11,836.868508
1.54,9,836.903281
1.48,9,836.938882
1.52,11,836.971924
1.69,10,837.00718
1.64,10,837.035254
1.49,9,837.069918
-0.49,15,837.123623
1.39,8,837.152629
1.42,10,837.181961
1.14,4,837.193157
-0.31,17,837.236739
1.39,10,837.269907
1.27,9,837.304294
1.43,9,837.338397
1.52,11,837.379079
1.14,4,837.390171
1.53,13,837.427283
-0.29,16,837.477718
1.5,15,837.523083
1.32,12,837.563952
1.45,10,837.595006
-0.47,19,837.651306
1.14,4,837.661495
-0.49,17,837.715077
1.51,10,837.757941
1.81,14,837.808339
-0.6,11,837.849768
1.43,12,837.8919
1.85,18,837.955392
1.64,10,837.987823
-0.64,11,838.02514
1.45,13,838.064665
1.59,10,838.103117
-0.63,10,838.137797
1.47,11,838.177042
1.14,4,838.189214
1.56,9,838.221712
1.73,11,838.258432
1.44,11,838.298382
-0.02,19,838.360444
-0.55,10,838.393212
1.56,9,838.424199
-0.4,18,838.476742
-0.55,10,838.514968
1.14,4,838.533493
1.29,13,838.580175
1.54,9,838.61326
1.14,4,838.62513
1.35,9,838.653725
1.14,4,838.663927
1.34,9,838.694679
1.37,10,838.727473
1.43,9,838.759621
1.27,8,838.790169
1.14,4,838.801255
1.14,4,838.811261
1.42,10,838.843499
1.66,11,838.888517
1.54,12,839.019314
1.33,12,839.063644
1.54,9,839.094989
-0.75,9,839.223831
1.38,15,839.291441
-0.73,14,839.357164
1.14,4,839.380095
1.36,13,839.473673
1.43,10,839.526303
1.41,11,839.573239
1.47,10,839.639042
-0.45,18,839.710429
1.61,10,839.752746
1.14,4,839.77042
1.32,9,839.808885
-0.61,12,839.851963
1.54,9,839.894363
-0.17,19,839.981492
1.66,10,840.026924
1.54,9,840.068312
1.46,11,840.119175
1.52,12,840.164919
-0.56,17,840.228531
1.14,4,840.242331
1.34,7,840.271815
1.54,9,840.310411
1.7,13,840.364035
1.63,11,840.407181
-0.56,15,840.466149
1.54,9,840.512074
1.49,14,840.584407
1.27,13,840.658731
1.48,10,840.707807
1.64,10,840.759553
-0.45,11,840.80394
-0.42,14,840.85673
1.49,9,840.890633
-0.33,14,840.944325
1.14,4,840.956967
1.64,10,840.989597
1.22,8,841.018779
1.29,12,841.063666
1.14,4,841.077781
-0.41,16,841.130404
1.38,9,841.162157
1.81,18,841.220936
1.14,4,841.233567
1.14,4,841.246234
-0.77,13,841.286797
-0.76,13,841.330481
1.48,10,841.371291
1.14,4,841.383109
1.52,11,841.421576
1.71,11,841.456469
1.59,12,841.502762
-0.44,18,841.55968
1.58,11,841.600487
1.64,10,841.636223
1.47,10,841.671036
1.64,10,841.706002
1.64,10,841.740778
1.14,4,841.754697
1.29,9,841.787575
1.55,10,841.816389
-0.57,9,841.850902
1.54,9,841.884333
1.64,10,841.915688
-0.12,16,841.968871
-0.49,18,842.032182
1.53,10,842.064831
1.45,10,842.104436
-0.84,8,842.130665
1.62,13,842.172439
1.43,9,842.203793
1.53,10,842.240935
1.54,9,842.273609
-0.64,15,842.324538
1.42,10,842.352601
1.42,11,842.389139
1.54,9,842.417811
1.54,9,842.451597
-0.1,16,842.507088
1.66,14,842.555284
-0.52,14,842.603678
1.28,10,842.641087
1.53,10,842.684056
1.6,11,842.723507
1.14,4,842.736149
1.34,9,842.766857
-0.77,10,842.805232
-0.57,10,842.847285
1.64,10,842.878847
1.63,14,842.92339
0.01,20,842.985501
-0.26,17,843.042217
1.54,9,843.072646
-0.53,11,843.112837
-0.41,13,843.157351
1.14,4,843.171952
-0.46,15,843.2212
1.54,9,843.254609
1.58,18,843.317422
1.57,12,843.354843
1.39,10,843.387061
1.47,10,843.423954
1.14,4,843.438048
-0.5,13,843.477381
1.55,11,843.519682
1.33,8,843.545697
1.43,9,843.573597
1.63,19,843.638691
-0.65,9,843.67343
-0.35,16,843.794648
1.55,10,843.832879
1.54,9,843.870157
1.28,9,843.900017
1.38,9,843.932775
1.59,10,843.961342
1.65,15,844.004736
1.54,9,844.043059
1.22,8,844.067916
1.61,11,844.102556
1.68,12,844.142141
1.58,14,844.184722
-0.57,13,844.222501
1.45,10,844.255221
1.35,8,844.285591
1.48,9,844.31408
1.14,4,844.324514
1.66,13,844.363464
1.59,12,844.408193
0.13,19,844.467958
1.48,10,844.500772
-0.41,10,844.540267
1.79,12,844.57968
1.65,11,844.622238
-0.37,12,844.677078
1.74,11,844.710525
1.24,12,844.755996
1.64,10,844.795958
1.56,16,844.855656
1.5,12,844.895404
-0.28,17,844.974421
-0.58,17,845.041955
-0.76,11,845.098001
1.52,11,845.156889
-0.64,12,845.206598
1.48,10,845.252517
-0.5,19,845.345092
1.54,9,845.384658
1.48,13,845.523537
-0.2,19,845.596857
1.14,4,845.611775
1.47,10,845.654214
-0.53,14,845.709358
-0.7,9,845.752509
1.49,12,845.806649
1.64,10,845.846926
-0.41,10,845.890249
1.61,11,845.931355
1.52,11,845.978584
1.54,9,846.019338
1.46,9,846.060374
1.46,9,846.107249
1.92,15,846.177785
1.5,10,846.221363
-0.6,10,846.266203
-0.4,15,846.31707
-0.47,13,846.363437
1.38,9,846.397483
1.64,10,846.429986
1.43,11,846.46938
-0.26,17,846.522533
1.46,9,846.557693
1.66,10,846.594666
1.35,15,846.652427
1.64,10,846.683324
1.5,11,846.721484
1.33,12,846.764598
1.6,19,846.821729
-0.55,16,846.8766
1.41,11,846.906702
-0.57,9,846.937182
1.54,9,846.969275
-0.43,14,847.01875
-0.48,17,847.072384
1.14,4,847.090448
1.34,14,847.136367
1.39,10,847.170754
1.72,14,847.213573
-0.49,12,847.254142
1.68,14,847.302977
-0.53,14,847.355257
-0.87,9,847.393461
1.82,15,847.439668
-0.61,11,847.483105
1.14,4,847.49481
-0.43,14,847.539589
1.39,9,847.580746
-0.65,13,847.629395
-0.83,11,847.677094
1.48,9,847.707835
-0.63,12,847.751633
1.54,9,847.781172
-0.97,10,847.820521
-0.26,17,847.883825
-0.61,10,847.920599
-0.34,15,847.972036
1.64,10,848.013779
-0.3,15,848.061978
-0.59,17,848.12579
-0.74,10,848.159469
1.47,14,848.204107
1.52,11,848.239828
1.52,12,848.285574
1.48,12,848.332183
1.14,4,848.344371
1.31,10,848.375537
-0.3,12,848.49472
1.14,4,848.509247
1.54,9,848.543559
-0.37,18,848.611921
-0.65,8,848.648364
-0.74,10,848.696471
-0.65,12,848.762491
1.43,9,848.817485
1.3,8,848.853435
1.53,10,848.889472
1.14,4,848.90284
1.54,15,848.957155
1.64,10,848.993719
1.53,10,849.027263
1.58,10,849.06213
-0.11,19,849.130558
1.61,16,849.180589
1.14,4,849.194451
1.44,9,849.219448
1.53,11,849.25421
1.14,4,849.269245
1.31,11,849.310951
1.49,9,849.340913
1.53,10,849.372195
1.33,8,849.396809
1.54,9,849.422747
-0.61,10,849.455896
-0.44,16,849.510636
1.54,9,849.547823
1.44,9,849.577131
1.48,9,849.608918
1.64,10,849.646061
1.64,10,849.677173
1.41,14,849.725662
1.56,9,849.769433
-0.43,16,849.838377
1.45,10,849.877604
1.62,13,849.91995
1.48,9,849.951295
1.14,4,849.965917
1.53,10,850.002511
1.64,10,850.037247
-0.82,6,850.059249
1.18,6,850.081587
-0.39,14,850.139314
1.54,9,850.176551
1.48,11,850.217196
1.44,8,850.248835
1.37,12,850.29054
1.56,11,850.33412
1.38,9,850.369503
0.18,21,850.436958
1.39,11,850.47786
-0.24,14,850.527058
-0.67,8,850.557481
1.53,10,850.593119
1.35,8,850.688206
1.56,10,850.724711
1.54,9,850.770139
1.38,11,850.820268
1.64,10,850.872002
-0.5,11,850.916206
1.39,10,850.960304
-0.44,9,850.995813
-0.55,16,851.046396
-0.36,13,851.092859
-0.46,14,851.143538
0.77,21,851.208542
-0.61,16,851.263656
-0.25,14,851.318034
1.59,10,851.362167
-0.39,20,851.429798
1.95,15,851.482993
1.64,10,851.519353
1.69,14,851.570922
1.33,11,851.678437
-0.59,12,851.720606
1.64,10,851.763017
1.49,9,851.798529
-0.44,13,851.846229
1.48,9,851.882218
1.64,10,851.917257
1.36,11,851.962904
1.44,9,851.998488
1.35,9,852.034562
1.61,10,852.073758
1.64,10,852.109652
1.36,8,852.138121
1.41,9,852.17628
1.49,9,852.207261
1.56,10,852.236447
1.14,4,852.253035
1.42,11,852.311717
1.14,4,852.323412
1.54,9,852.349465
1.14,4,852.363676
-0.59,19,852.432269
1.14,4,852.446753
1.56,10,852.484327
0.07,21,852.610407
1.41,8,852.648645
1.44,14,852.706431
-0.67,9,852.743965
1.14,4,852.759697
-0.73,9,852.800452
1.14,4,852.814751
-0.1,20,852.882143
1.47,11,852.922873
1.54,12,852.967317
-0.49,10,853.001542
1.52,11,853.043973
1.14,4,853.059055
-0.47,16,853.192813
1.4,9,853.220915
1.14,4,853.234523
-0.59,9,853.267006
-0.3,17,853.324878
1.24,9,853.354181
1.4,12,853.398514
1.64,10,853.434454
1.14,4,853.451478
1.22,8,853.481501
1.58,14,853.529972
-0.61,11,853.570051
1.39,10,853.601188
-0.82,7,853.626372
-0.28,18,853.684458
-0.57,9,853.716266
1.64,10,853.749435
1.14,4,853.762406
1.57,11,853.800844
-0.51,11,853.839319
-0.56,13,853.882015
1.69,14,853.923347
1.66,16,853.974834
-0.56,15,854.022141
1.4,10,854.060657
1.14,4,854.075769
-0.75,8,854.100557
1.47,10,854.131181
1.62,13,854.183174
1.64,10,854.219828
1.64,10,854.248122
1.42,10,854.28299
1.48,10,854.319669
1.56,10,854.351604
-0.46,13,854.389394
-0.14,16,854.437349
1.14,4,854.450822
-0.49,13,854.493402
1.42,12,854.534076
1.45,10,854.571047
1.41,9,854.602632
-0.56,11,854.638771
1.43,9,854.666954
-0.61,11,854.706909
-0.58,12,854.755123
1.14,4,854.766282
1.6,12,854.801866
1.14,4,854.812393
1.48,9,854.840685
1.75,14,854.889831
1.37,10,854.919292
1.43,9,854.946521
1.51,9,854.978812
-0.51,11,855.017932
1.35,9,855.045335
1.64,10,855.07191
1.64,10,855.106298
1.58,11,855.139198
1.61,10,855.171405
1.4,9,855.204026
1.6,11,855.24065
1.43,13,855.278478
-0.63,10,855.309089
1.54,9,855.33499
1.48,12,855.373972
1.46,12,855.414259
-0.59,12,855.456236
1.49,11,855.500234
1.71,15,855.550459
1.54,9,855.589641
1.57,12,855.630204
-0.08,21,855.699385
-0.52,15,855.764462
-0.16,15,855.814905
1.47,10,855.844933
-0.73,8,855.873462
1.41,11,855.910642
1.4,10,855.940656
1.63,11,855.981629
1.48,9,856.010406
0.02,19,856.081646
1.34,10,856.114133
1.14,4,856.127697
1.64,10,856.158756
-0.71,12,856.201018
1.39,11,856.239426
1.47,10,856.272831
1.41,11,856.30935
1.51,12,856.351777
1.43,9,856.381227
1.27,9,856.412722
1.14,4,856.426239
-0.17,17,856.481253
1.69,10,856.518317
1.14,4,856.531368
1.46,11,856.57312
1.58,10,856.606262
1.64,10,856.641485
-0.53,10,856.676432
1.5,12,856.714176
1.58,14,856.766262
1.16,8,856.791715
1.14,4,856.805068
-0.45,14,856.846397
-0.26,15,856.901395
1.14,4,856.909997
1.35,14,856.957397
1.54,9,856.983861
1.51,9,857.0145
1.14,4,857.029172
-0.36,18,857.091223
-0.08,19,857.1435
-0.71,12,857.183541
1.78,15,857.22951
1.64,10,857.265536
-0.72,14,857.312453
-0.77,20,857.404085
1.32,9,857.453562
1.14,4,857.466354
-0.02,21,857.579982
1.54,12,857.638192
1.58,11,857.680472
1.53,10,857.71869
1.48,13,857.766125
1.14,4,857.788944
-0.55,16,857.845457
1.58,14,857.898359
1.69,10,857.93916
1.66,11,857.996773
1.46,11,858.034403
1.53,16,858.089684
1.33,12,858.13379
-0.38,20,858.203283
1.45,10,858.236178
1.19,12,858.284219
1.14,4,858.295941
1.14,4,858.322529
-0.55,10,858.363488
1.63,17,858.418037
1.29,7,858.450699
-0.36,17,858.558226
1.14,4,858.590607
1.56,12,858.654766
1.52,11,858.691966
1.14,4,858.726061
1.33,8,858.798202
1.69,11,858.861831
-0.37,18,858.923647
1.66,10,858.979258
1.87,19,859.042144
-0.59,18,859.104604
-0.5,10,859.134892
-0.62,9,859.168946
0.0,16,859.219903
1.43,13,859.264733
1.53,13,859.312243
1.31,10,859.351275
1.42,13,859.398747
-0.41,13,859.442989
1.47,10,859.480554
1.64,10,859.521248
-0.26,16,859.578454
1.41,12,859.61799
1.64,10,859.657228
1.64,10,859.696053
1.29,9,859.726073
1.63,14,859.815566
1.56,9,859.882018
-0.58,14,859.931487
1.59,10,859.969549
1.64,10,860.00091
-0.77,7,860.027796
1.4,10,860.069523
1.64,10,860.10426
1.14,4,860.117968
1.76,11,860.156287
1.72,13,860.204096
1.59,14,860.253642
1.54,9,860.291393
1.14,4,860.305851
1.58,10,860.347986
-0.65,9,860.399785
1.55,14,860.443599
1.14,4,860.457281
1.14,4,860.473581
1.64,10,860.519055
-0.59,18,860.576428
1.45,14,860.627076
1.69,10,860.667405
1.54,9,860.698041
-0.47,11,860.740285
-0.42,17,860.796262
1.14,4,860.814543
1.69,11,860.858566
-0.59,11,860.893665
1.14,4,860.907224
1.14,4,860.922843
-0.28,14,860.970659
-0.47,11,861.009228
-0.62,9,861.041229
1.2,15,861.097264
1.34,10,861.141451
1.54,9,861.176458
-0.53,11,861.22302
-0.45,15,861.309148
-0.64,7,861.33744
1.64,10,861.371886
1.14,4,861.385134
1.64,13,861.43573
1.44,12,861.477338
1.14,4,861.490881
1.55,10,861.522799
-0.39,21,861.594213
1.58,10,861.630039
1.33,8,861.68056
1.43,11,861.762836
1.51,10,861.85927
1.64,10,861.925561
1.54,9,861.956519
-0.22,17,862.008868
1.54,9,862.048913
1.14,4,862.064684
1.64,10,862.103158
1.42,10,862.138741
1.57,12,862.184896
-0.46,17,862.241032
1.5,10,862.278858
1.49,10,862.324998
1.5,11,862.369409
-0.61,16,862.422803
0.05,19,862.486466
1.28,8,862.514796
-0.43,16,862.578055
-0.64,7,862.604721
1.14,4,862.621401
1.69,10,862.65918
-0.36,16,862.774529
-0.55,10,862.806271
1.51,11,862.843791
1.72,14,862.889406
1.24,9,862.927835
-0.6,12,862.969827
1.66,11,863.005655
1.54,9,863.039106
-0.63,15,863.087468
1.14,4,863.101251
-0.33,16,863.16191
1.66,10,863.210656
1.58,11,863.283956
-0.67,14,863.375891
1.54,9,863.405351
-0.57,9,863.438218
1.49,9,863.476101
1.41,12,863.515901
1.14,4,863.529185
1.47,10,863.562425
1.46,9,863.597467
1.54,9,863.627445
-0.67,10,863.66828
1.53,10,863.714051
1.42,10,863.764344
-0.37,15,863.828625
1.53,10,863.897271
1.48,9,863.928605
1.43,9,863.960991
1.54,9,863.991641
1.7,15,864.045606
1.53,11,864.086119
-0.26,15,864.159084
1.54,9,864.21919
1.72,14,864.264283
1.14,4,864.277841
-0.07,17,864.363474
1.54,9,864.428952
1.47,10,864.465609
1.38,8,864.498534
-0.3,17,864.555891
1.32,9,864.588335
1.64,10,864.622162
1.44,11,864.658971
1.58,14,864.714717
-0.62,11,864.759962
1.47,11,864.802947
1.58,11,864.84209
1.54,9,864.877917
1.61,10,864.917109
1.59,10,864.949862
-0.39,10,864.987431
1.53,10,865.021956
1.14,4,865.036333
1.33,11,865.07521
1.14,4,865.089764
1.58,11,865.131103
1.57,11,865.165986
1.48,9,865.199244
-0.26,15,865.247607
-0.52,13,865.299644
1.48,9,865.336637
1.14,4,865.365777
1.58,20,865.434197
1.47,10,865.465322
1.19,5,865.488515
1.14,4,865.503386
1.14,4,865.522473
-0.28,17,865.588051
-0.49,14,865.631899
1.36,11,865.669153
1.59,12,865.733999
-0.77,7,865.806837
1.64,10,865.870949
-0.19,15,865.92445
1.38,11,865.969169
1.37,9,866.002397
1.59,10,866.039972
0.07,17,866.094001
1.14,4,866.118881
1.51,9,866.166773
1.14,4,866.180665
1.48,10,866.218099
1.54,9,866.249633
1.48,9,866.287577
1.46,12,866.330135
1.53,13,866.376047
1.48,10,866.414867
1.43,12,866.462488
1.14,4,866.479547
1.54,9,866.511871
1.14,4,866.534824
1.26,9,866.575787
1.63,15,866.635203
1.14,4,866.64885
1.14,4,866.663394
1.54,10,866.698894
-0.54,19,866.762237
-0.59,14,866.860172
1.14,4,866.872997
1.33,8,866.91235
-0.5,13,866.970976
-0.5,11,867.014033
1.47,14,867.060054
1.54,9,867.099958
1.14,4,867.115012
1.56,10,867.152637
1.48,10,867.189008
1.98,19,867.284135
-0.72,8,867.320956
1.54,9,867.353877
1.28,10,867.386643
1.14,4,867.401488
1.46,11,867.436743
1.58,11,867.475
-0.49,13,867.520175
1.64,10,867.557386
-0.57,10,867.599881
1.54,9,867.639669
-0.59,13,867.689364
1.64,10,867.737685
1.48,9,867.775182
1.68,11,867.81972
1.64,10,867.867388
1.64,10,867.983895
1.55,10,868.023127
1.58,11,868.067601
-0.8,7,868.108206
1.45,10,868.198635
-0.62,12,868.255119
1.14,4,868.267944
1.14,4,868.281795
1.52,11,868.323594
1.4,9,868.354078
1.14,4,868.36975
1.53,10,868.408325
-0.46,15,868.46343
1.14,4,868.483627
1.14,4,868.499219
-0.67,14,868.568981
1.5,11,868.611118
1.53,14,868.66401
1.14,4,868.679187
1.69,12,868.720809
1.49,9,868.766316
1.64,10,868.821535
1.36,8,868.870042
1.14,4,868.889813
1.37,10,868.968123
-0.42,14,869.019232
1.14,4,869.034035
-0.35,13,869.143931
1.53,10,869.230729
1.37,10,869.303381
1.18,7,869.332745
1.43,9,869.361804
1.68,15,869.428375
1.37,12,869.470363
1.61,10,869.508737
-0.76,8,869.53556
1.61,10,869.574338
1.64,10,869.609642
1.22,8,869.640858
1.54,9,869.670495
1.59,15,869.725979
1.74,11,869.802
1.53,13,869.914865
-0.68,11,869.957077
1.54,9,869.997588
1.14,4,870.016508
1.45,9,870.054116
1.64,10,870.087163
1.53,10,870.135644
-0.76,9,870.167462
-0.66,15,870.219
1.6,14,870.268189
1.64,10,870.316022
1.68,11,870.358354
-0.13,17,870.413843
1.46,9,870.44439
1.74,11,870.487349
1.56,17,870.539974
-0.72,8,870.571605
1.14,4,870.586916
1.57,12,870.636148
-0.29,19,870.696125
1.71,11,870.735295
1.59,13,870.780275
1.43,9,870.822999
1.14,4,870.838209
1.58,11,870.888605
1.39,10,870.920794
1.22,8,870.977249
1.79,12,871.043386
-0.33,15,871.105911
-0.68,11,871.144711
1.55,10,871.181294
1.37,9,871.213893
1.46,15,871.26419
1.36,8,871.293014
1.51,10,871.3352
1.37,10,871.367676
1.53,10,871.403668
-0.08,18,871.468295
1.14,4,871.490057
1.5,11,871.533828
1.54,9,871.566112
1.38,9,871.599691
1.14,4,871.615482
1.56,13,871.661602
1.34,10,871.699631
1.44,11,871.741512
1.14,4,871.771574
-0.28,16,871.862656
1.54,9,871.909464
-0.52,9,871.960151
-0.95,8,872.003209
-0.17,18,872.063648
1.26,10,872.102598
1.32,9,872.135805
1.46,9,872.168351
1.53,10,872.277764
1.6,12,872.32768
1.53,10,872.355985
1.64,10,872.399006
1.58,10,872.432248
1.69,10,872.47361
1.49,12,872.576252
1.54,9,872.616013
-0.77,7,872.646503
1.43,9,872.679931
1.14,4,872.694018
1.69,10,872.733329
1.47,11,872.768843
-0.64,10,872.808242
1.14,4,872.821814
1.14,4,872.836481
1.52,11,872.886947
1.53,10,872.926659
1.23,10,872.961694
1.48,9,873.003904
1.46,10,873.037567
-0.43,15,873.088042
1.42,11,873.13413
1.61,10,873.174014
-0.53,11,873.216294
1.14,4,873.231172
1.44,12,873.274044
-0.29,16,873.391031
1.46,9,873.429511
1.41,12,873.470654
-0.35,12,873.518609
1.49,11,873.561132
1.44,11,873.598032
-0.36,20,873.665798
1.53,14,873.712001
1.46,9,873.751941
-0.45,11,873.795273
1.81,11,873.84311
1.42,14,873.901256
1.14,4,873.927895
1.24,9,874.002257
1.14,4,874.02624
1.14,4,874.040581
-0.55,16,874.162489
-0.53,13,874.272576
-0.58,19,874.343506
-0.22,13,874.398613
1.53,11,874.441432
-0.26,17,874.50911
1.54,9,874.540745
1.56,10,874.581131
1.69,17,874.67405
1.14,4,874.68752
-0.35,13,874.734466
1.14,4,874.747878
1.56,12,874.793749
1.53,10,874.835042
1.61,11,874.872827
1.45,10,874.908808
1.51,10,874.946178
1.42,10,874.98385
-0.5,13,875.053565
1.14,4,875.068477
1.54,10,875.114093
1.14,4,875.127656
1.71,18,875.180099
-0.75,11,875.232788
1.47,10,875.275254
-0.87,12,875.324119
1.64,10,875.362348
-0.42,11,875.427979
1.77,16,875.543003
1.48,13,875.602668
1.51,9,875.66605
1.61,10,875.722041
1.45,11,875.770639
1.59,14,875.817464
1.51,9,875.85345
1.81,12,875.903267
1.61,10,875.945919
-0.42,17,876.010362
1.43,9,876.043353
1.58,10,876.08784
1.48,10,876.142409
-0.26,18,876.24884
1.64,10,876.289232
1.54,9,876.333784
-0.79,11,876.380366
-0.72,14,876.43951
-0.68,10,876.478197
1.47,11,876.520687
1.14,4,876.538024
1.54,9,876.578304
1.34,10,876.619703
1.48,9,876.651872
1.35,12,876.696105
1.3,8,876.72505
1.54,9,876.766574
1.14,4,876.790422
1.4,9,876.83229
1.47,13,876.882159
1.73,11,876.923167
-0.8,7,876.954597
1.83,16,877.03188
1.61,11,877.076845
1.49,13,877.137101
1.47,10,877.180629
1.74,16,877.23474
1.42,16,877.293836
-0.74,10,877.331753
1.54,9,877.368884
1.5,10,877.421542
-0.4,11,877.463289
1.45,10,877.542227
1.54,9,877.584738
1.14,4,877.606243
-0.13,21,877.68009
-0.58,11,877.725184
1.52,11,877.764453
1.78,13,877.81106
1.56,10,877.853275
1.54,9,877.886692
1.44,9,877.915575
1.51,16,877.978579
1.54,9,878.013931
1.14,4,878.027363
1.59,13,878.078643
1.27,9,878.110853
-0.38,17,878.167398
-0.67,11,878.2116
1.43,9,878.247468
-0.38,17,878.305291
1.38,11,878.338273
1.57,12,878.377973
1.54,9,878.412948
1.53,10,878.453825
1.82,14,878.498742
1.47,10,878.530144
-0.43,19,878.609515
1.44,13,878.670549
-0.5,16,878.740647
1.55,11,878.781157
-0.45,12,878.826158
1.54,9,878.859096
1.54,9,878.889755
1.64,16,878.950861
0.06,20,879.060892
1.14,4,879.07922
1.57,12,879.127319
1.56,10,879.162471
1.5,15,879.215412
1.5,10,879.276507
1.53,10,879.325213
1.14,4,879.3391
-0.27,16,879.388842
1.48,12,879.434711
1.61,14,879.499389
1.64,10,879.551294
-0.42,14,879.609
1.45,10,879.649599
-0.65,9,879.685418
1.58,11,879.726473
-0.09,19,879.785411
1.14,4,879.804019
1.48,10,879.839162
1.65,14,879.889495
-0.46,12,879.941461
1.48,12,880.013638
1.69,17,880.117822
1.41,12,880.17452
1.64,10,880.210445
-0.26,17,880.274725
1.34,10,880.322263
-0.38,19,880.387695
1.69,10,880.420973
1.33,8,880.456099
-0.63,15,880.531726
1.39,10,880.573952
-0.44,17,880.645053
1.64,16,880.711395
1.34,9,880.747043
-0.58,14,880.790761
1.51,15,880.841778
1.4,9,880.874913
1.14,4,880.893555
1.64,10,880.943076
1.42,10,880.985066
1.14,4,881.006131
1.57,16,881.059306
1.81,14,881.125986
1.52,11,881.167591
1.14,4,881.184477
1.69,12,881.227694
1.54,9,881.258988
1.54,9,881.290101
-0.34,19,881.361183
1.93,14,881.410215
1.38,9,881.447923
1.39,10,881.480032
1.53,11,881.51572
1.69,10,881.548777
-0.67,14,881.599685
1.54,9,881.635876
1.14,4,881.660219
-0.77,10,881.702784
1.46,9,881.739038
-0.23,19,881.799188
1.54,9,881.833732
1.14,4,881.847184
1.31,13,881.890941
0.8,21,881.9537
-0.61,15,882.00942
-0.49,12,882.053558
1.14,4,882.06909
1.35,9,882.104196
-0.2,19,882.171751
-0.48,20,882.240138
-0.77,7,882.267483
1.49,11,882.302326
1.48,9,882.372164
1.43,9,882.42412
1.53,10,882.4603
1.66,18,882.538002
1.14,4,882.554474
1.54,9,882.583935
-0.63,10,882.67069
-0.46,9,882.704077
1.44,9,882.736087
1.54,9,882.772307
1.14,4,882.795592
-0.34,13,882.879673
-0.64,11,882.924332
-0.33,12,882.972102
-0.44,15,883.060413
1.41,15,883.10759
1.14,4,883.124957
-0.82,15,883.177249
1.64,10,883.212528
1.64,10,883.255906
1.11,13,883.340618
-0.51,11,883.404198
1.14,4,883.420591
-0.34,15,883.479163
1.48,9,883.518932
1.53,12,883.557619
-0.52,13,883.6034
1.14,4,883.632548
1.65,12,883.694672
-0.32,14,883.743946
-0.62,14,883.788224
1.3,8,883.815948
-0.46,13,883.866959
1.14,4,883.879943
1.97,16,883.934373
1.64,10,883.969658
-0.46,12,884.029478
1.64,10,884.066468
1.61,10,884.105445
1.49,11,884.144092
1.14,4,884.161144
1.55,10,884.194181
1.51,10,884.238323
1.55,11,884.275895
1.59,10,884.314859
1.36,15,884.360013
1.35,12,884.399117
-0.64,10,884.436651
1.32,9,884.475135
1.55,11,884.529622
1.14,4,884.546758
1.39,8,884.574463
1.65,15,884.686374
1.54,9,884.726185
1.38,9,884.758605
1.37,9,884.796082
1.31,13,884.840672
1.41,9,884.874636
-0.71,9,884.909964
1.44,9,884.949363
1.67,16,884.999044
1.64,10,885.057449
-0.82,6,885.092494
1.54,9,885.141055
1.37,9,885.186676
1.14,4,885.202158
1.28,14,885.249941
1.14,4,885.263136
1.51,13,885.314454
0.93,21,885.422033
1.14,4,885.449811
1.48,9,885.499139
-0.49,10,885.544702
1.55,11,885.622787
-0.42,13,885.707713
1.14,4,885.728094
1.44,10,885.782397
1.54,9,885.850613
-0.59,12,885.892582
1.64,10,885.929341
1.49,15,885.981992
1.64,13,886.024993
1.14,4,886.040806
-0.21,20,886.105137
1.14,4,886.117795
1.53,11,886.158418
1.14,4,886.182093
1.64,10,886.224877
1.55,10,886.263415
1.48,10,886.297131
1.45,10,886.333591
1.25,10,886.371448
1.39,10,886.412912
1.52,11,886.450922
1.52,11,886.487168
1.61,11,886.532932
1.73,13,886.585504
-0.42,14,886.634806
-0.39,21,886.707452
1.64,10,886.748103
1.48,11,886.786505
1.65,12,886.829013
-0.61,10,886.866647
1.64,10,886.912545
1.64,10,886.981089
1.43,12,887.022351
1.14,4,887.035134
-0.63,13,887.084347
-0.61,14,887.14169
-0.39,14,887.191725
-1.0,7,887.226238
1.54,9,887.286813
0.79,21,887.358386
1.59,10,887.395453
1.57,11,887.440006
1.46,9,887.483548
1.64,10,887.530514
1.65,12,887.60255
-0.68,9,887.662826
-0.59,12,887.717917
1.75,16,887.807207
1.14,4,887.828538
1.64,10,887.887611
-0.47,18,887.975727
-0.68,13,888.017533
1.14,4,888.03153
-0.61,17,888.091947
1.37,10,888.183273
1.14,4,888.222958
1.6,13,888.340979
1.48,10,888.374936
1.69,11,888.411434
1.76,15,888.466478
1.48,10,888.504833
1.14,4,888.525001
0.06,17,888.595782
1.63,14,888.665752
-0.36,19,888.728246
1.41,15,888.799374
1.14,4,888.819571
-0.7,14,888.911672
1.55,11,889.007091
1.58,11,889.075505
1.14,4,889.095132
1.42,10,889.132409
1.54,9,889.167601
1.61,12,889.217449
-0.54,11,889.262422
-0.37,18,889.358813
1.41,12,889.42389
-0.41,12,889.485487
1.14,4,889.500822
1.92,14,889.554152
-0.74,7,889.58364
1.33,8,889.614905
1.14,4,889.63275
1.14,4,889.651702
1.14,4,889.666566
-0.36,13,889.718909
1.48,13,889.768758
1.14,4,889.784341
1.39,14,889.86195
1.33,10,889.899363
1.41,9,889.934148
-0.04,17,890.03769
1.64,10,890.083578
1.4,12,890.124389
1.64,10,890.190959
1.64,10,890.270219
-0.07,17,890.333834
1.54,9,890.36181
-0.72,8,890.39079
1.64,10,890.430247
1.56,13,890.486953
-0.12,20,890.560502
-0.39,17,890.623151
-0.02,16,890.676749
-0.79,9,890.71242
1.33,10,890.759005
1.53,10,890.793103
-0.61,8,890.827019
1.14,4,890.841449
1.14,4,890.854146
1.14,4,890.867481
1.4,10,890.907259
-0.66,13,890.996754
1.14,4,891.01592
-0.06,18,891.077052
1.61,10,891.117298
1.14,4,891.130773
1.42,14,891.180118
1.14,4,891.19275
1.64,14,891.242973
1.58,10,891.275776
-0.67,8,891.307652
1.27,9,891.342474
1.8,13,891.398313
-0.94,7,891.42581
-0.41,19,891.492235
1.58,10,891.529611
1.43,9,891.564507
-0.37,16,891.658419
1.6,11,891.733849
-0.55,16,891.823608
1.39,10,891.884007
1.58,10,891.926442
1.49,11,891.974165
1.41,14,892.059812
1.46,9,892.099758
-0.31,11,892.138984
1.54,9,892.168081
-0.76,12,892.209936
-0.74,12,892.255714
1.69,10,892.297715
1.14,4,892.314021
1.14,4,892.339272
-0.12,15,892.428977
1.57,11,892.467838
1.14,4,892.488456
1.14,4,892.507648
1.14,4,892.533627
-0.7,12,892.614326
1.52,12,892.70077
1.38,11,892.741006
1.14,4,892.758829
-0.65,12,892.810607
1.27,9,892.840199
1.58,10,892.880295
1.5,10,892.947148
1.64,10,893.01819
1.25,8,893.064331
1.64,10,893.11205
-0.29,15,893.170439
-0.46,16,893.227571
-0.5,11,893.264209
1.45,10,893.302631
1.34,10,893.34567
-0.26,16,893.465027
1.64,10,893.561057
-0.32,11,893.629574
1.77,16,893.708676
1.62,13,893.759442
1.53,10,893.797659
-0.73,15,893.844705
1.64,10,893.900154
-0.42,13,893.956583
1.44,11,893.996499
1.53,10,894.042723
-0.83,7,894.072551
1.53,10,894.115392
1.56,10,894.151435
1.51,10,894.208583
-0.6,13,894.283808
1.14,4,894.304042
1.5,10,894.348393
1.18,9,894.378097
-0.47,18,894.459365
1.24,8,894.484056
1.64,10,894.519883
2.06,16,894.613133
1.39,11,894.689917
1.63,16,894.776972
1.67,12,894.823837
1.64,10,894.855965
1.53,11,894.90382
-0.55,11,894.945766
-0.51,18,895.009819
-0.65,8,895.044405
-0.59,11,895.085944
1.14,4,895.099095
-0.34,19,895.172163
1.14,4,895.194253
-0.66,10,895.229842
1.64,10,895.267935
1.44,11,895.299546
1.4,13,895.347533
-0.32,15,895.396416
1.39,10,895.431813
1.53,11,895.471856
1.14,4,895.486818
1.77,19,895.551922
1.46,9,895.617939
-0.45,16,895.694411
1.4,13,895.783555
1.56,10,895.851389
1.48,10,895.888532
1.54,12,895.929002
1.14,4,895.943954
-0.71,10,895.978391
-0.08,15,896.031294
1.14,4,896.045512
-0.55,13,896.097516
1.6,11,896.164132
1.54,13,896.209429
1.46,9,896.256225
1.33,8,896.328752
1.71,11,896.40449
1.53,10,896.438528
1.64,10,896.471437
-0.66,15,896.526541
-0.64,12,896.57448
1.58,10,896.613204
1.37,10,896.646528
-0.58,10,896.689915
1.54,9,896.727203
1.54,9,896.768131
1.42,10,896.80751
1.53,10,896.847411
-0.29,12,896.915372
1.36,11,896.954205
1.73,13,897.001148
-0.42,15,897.05622
1.48,9,897.090294
1.54,9,897.129711
1.47,11,897.20707
1.44,10,897.249176
1.39,16,897.304138
-0.66,12,897.344749
1.54,9,897.375213
-0.15,21,897.445172
1.59,10,897.481335
1.14,4,897.494737
1.49,12,897.538299
-0.32,11,897.574827
1.14,4,897.598876
1.5,10,897.635979
1.54,9,897.669757
1.48,9,897.698324
-0.6,9,897.773938
1.5,11,897.847647
-0.78,11,897.888616
1.14,4,897.903246
1.58,11,897.94521
1.47,11,897.987536
1.43,9,898.021134
1.35,9,898.054141
1.5,10,898.110945
-0.66,16,898.243042
1.58,10,898.312112
-0.57,9,898.363069
1.39,10,898.405548
1.34,10,898.43921
1.46,10,898.482606
-0.48,13,898.526941
1.7,17,898.591152
1.58,11,898.671837
1.63,11,898.760397
1.55,12,898.827332
-0.68,11,898.871782
1.14,4,898.885842
1.5,10,898.969479
1.14,4,898.982713
1.14,4,898.99743
1.66,10,899.034201
-0.52,16,899.087843
1.14,4,899.107025
1.66,11,899.145331
1.65,12,899.1908
-0.68,10,899.225826
-0.63,10,899.258802
1.43,12,899.303622
1.64,10,899.341234
1.42,11,899.378831
1.53,10,899.410828
-0.78,8,899.443697
1.32,9,899.476353
-0.56,12,899.521865
-0.55,16,899.574794
-0.52,18,899.637286
1.64,10,899.674993
1.32,9,899.729195
1.45,13,899.781917
1.5,15,899.840887
1.3,11,899.875806
1.54,9,899.909053
1.61,10,899.944381
1.14,4,899.963799
-0.86,8,899.991577
1.46,18,900.052582
1.58,13,900.102443
1.49,12,900.146063
1.49,12,900.186409
1.54,9,900.220332
1.44,11,900.258909
-0.72,11,900.301888
1.44,10,900.3376
-0.5,10,900.395708
-0.43,14,900.481894
1.53,10,900.522304
1.45,16,900.572893
-0.54,11,900.608186
-0.52,16,900.664849
1.73,15,900.743439
1.61,10,900.788986
-0.25,19,900.855886
-0.22,16,900.919204
-0.33,17,900.978332
1.55,11,901.016752
1.54,9,901.052468
1.58,10,901.090319
-0.2,13,901.140025
-0.64,14,901.210076
1.4,9,901.24971
-0.42,17,901.309131
-0.33,17,901.376616
-0.58,11,901.412233
1.53,10,901.448983
1.64,10,901.482258
1.77,13,901.544702
1.43,9,901.576411
1.38,9,901.605269
1.76,12,901.653458
1.35,15,901.709638
1.64,10,901.750055
1.56,10,901.787465
1.58,11,901.833128
1.51,9,901.869864
-0.21,17,901.937145
-0.81,5,901.952713
1.56,13,902.04596
1.51,12,902.090353
1.14,4,902.105408
1.64,10,902.137585
1.45,9,902.170671
1.53,10,902.234918
-0.32,17,902.292277
-0.5,16,902.34756
1.64,10,902.418667
1.38,9,902.462322
1.14,4,902.477432
1.55,11,902.51472
1.51,11,902.552657
1.44,9,902.610022
1.14,4,902.628766
1.14,4,902.650878
1.5,10,902.726921
1.61,10,902.785969
1.4,13,902.858638
1.41,11,902.913328
1.69,11,902.954749
-0.22,19,903.025641
1.69,10,903.086101
-0.69,11,903.154706
-0.62,13,903.221268
1.64,10,903.254286
1.46,9,903.285545
1.64,14,903.335783
-0.68,12,903.378057
1.43,10,903.431495
1.52,10,903.472705
-0.7,11,903.518477
1.47,11,903.556343
1.69,10,903.601037
-0.41,14,903.674826
1.69,10,903.725941
1.56,9,903.769095
-0.46,12,903.87345
-0.62,9,903.906025
-0.04,17,903.970688
-0.55,13,904.039302
1.81,17,904.103718
1.54,9,904.13389
1.14,4,904.1468
1.54,9,904.18699
1.5,10,904.237651
1.29,9,904.303299
-0.54,16,904.36654
1.44,11,904.403287
1.59,12,904.451135
1.38,11,904.493758
1.27,8,904.521567
1.59,10,904.598961
1.99,18,904.698828
1.53,10,904.735062
1.53,10,904.769736
-0.43,16,904.82636
1.43,10,904.859586
-0.58,10,904.902525
1.6,12,904.952891
1.28,10,904.986148
1.42,13,905.03997
1.14,4,905.065765
-0.09,14,905.148442
1.14,4,905.160812
1.54,9,905.196244
-0.13,15,905.250365
1.54,9,905.281328
1.54,9,905.315468
-0.58,13,905.365266
1.39,11,905.412874
1.61,10,905.467489
-0.59,11,905.507529
-0.43,16,905.56532
1.64,11,905.60931
1.64,10,905.641299
1.38,9,905.676392
1.18,9,905.746049
1.64,10,905.78059
-0.44,14,905.828014
1.32,9,905.861835
-0.18,16,905.920468
1.39,10,905.952499
1.45,13,905.99978
1.55,11,906.036967
1.68,11,906.080312
1.3,11,906.119309
1.14,4,906.131786
-0.21,18,906.190662
1.49,10,906.230286
1.39,10,906.265594
1.54,9,906.307169
1.38,9,906.337834
1.14,4,906.355877
1.42,10,906.387048
1.53,10,906.420158
1.14,4,906.436945
1.68,11,906.480136
1.58,11,906.516438
-0.49,14,906.564427
1.39,11,906.606274
-0.39,19,906.675046
-0.48,14,906.725948
1.48,10,906.787253
1.5,11,906.856714
1.54,9,906.91023
1.44,11,906.978088
-0.42,15,907.029303
-0.29,17,907.08367
1.56,19,907.150299
1.44,9,907.183188
-0.09,18,907.29599
1.29,13,907.337875
-0.52,12,907.385728
1.53,13,907.43037
1.76,11,907.468849
-0.25,14,907.516894
1.69,14,907.577097
1.14,4,907.591709
-0.52,10,907.629119
-0.47,14,907.707894
-0.47,10,907.769309
1.64,14,907.850276
-0.5,15,907.899049
1.64,10,907.934235
1.64,10,907.970945
1.46,16,908.032432
1.53,10,908.066875
-0.25,15,908.123126
-0.46,9,908.156401
1.64,10,908.193635
1.38,9,908.243608
-0.16,16,908.310223
1.49,15,908.366305
1.52,12,908.433748
1.54,9,908.503032
1.52,11,908.570128
1.48,17,908.631754
1.62,13,908.675035
1.42,13,908.745008
-0.41,15,908.839501
-0.41,14,908.898813
1.58,11,908.953221
1.38,9,908.989697
1.64,10,909.023272
1.64,10,909.062132
1.54,9,909.094982
1.43,10,909.135757
1.34,13,909.196188
1.71,11,909.25505
1.56,11,909.302766
1.42,10,909.342135
1.48,9,909.403425
1.14,4,909.439814
1.45,10,909.500615
1.63,12,909.542478
1.64,10,909.576727
-0.57,15,909.631233
1.53,10,909.672665
-0.25,14,909.724382
1.63,11,909.760132
1.43,9,909.801634
-0.71,13,909.863042
1.35,9,909.914422
1.45,10,909.951595
1.14,4,909.968325
-0.37,15,910.056183
1.41,12,910.09823
1.48,15,910.155408
1.46,11,910.198262
-0.42,11,910.24519
1.47,10,910.28208
1.54,9,910.317227
1.14,4,910.336789
1.56,10,910.378295
1.38,9,910.408502
1.54,9,910.438045
1.64,10,910.47686
1.32,9,910.524034
1.64,10,910.579961
1.14,4,910.593455
-0.34,18,910.652147
1.14,4,910.669385
1.31,10,910.728484
1.53,12,910.7743
-0.27,19,910.83462
1.54,9,910.870837
1.79,12,910.908561
1.61,11,910.946259
1.48,10,910.991244
-0.61,10,911.037335
1.5,11,911.077405
-0.67,8,911.106362
1.79,14,911.157021
1.14,4,911.170932
-0.29,12,911.212713
-0.39,20,911.278199
1.53,11,911.320585
-0.62,13,911.365411
1.49,12,911.405847
1.64,10,911.440332
-0.54,15,911.498144
1.07,6,911.519945
1.59,19,911.585952
1.38,9,911.618021
1.46,11,911.658485
1.56,9,911.688298
1.59,13,911.733688
-0.49,18,911.787641
1.14,4,911.802087
1.64,10,911.837111
1.43,10,911.86916
-0.61,10,911.905467
-0.51,11,911.947546
-0.3,15,912.019839
1.14,4,912.048988
1.4,13,912.120727
1.38,9,912.157253
1.36,8,912.186098
1.55,14,912.229409
1.49,12,912.278267
1.12,7,912.308238
1.65,14,912.349751
-0.31,15,912.400076
1.14,4,912.414566
1.56,9,912.457287
1.37,12,912.497703
-0.51,19,912.565446
1.31,10,912.601254
1.14,4,912.617661
1.14,4,912.630483
-0.48,14,912.675208
1.43,14,912.72566
-0.67,8,912.759396
-0.78,11,912.793797
1.48,9,912.823414
1.6,12,912.862775
1.58,11,912.904353
1.41,14,912.949878
1.59,10,912.98277
1.2,7,913.010607
1.14,4,913.02709
1.5,10,913.069529
1.31,7,913.090621
1.46,14,913.141638
-0.29,12,913.187274
1.45,10,913.221464
1.68,12,913.26084
1.59,13,913.307845
1.36,8,913.388351
-0.6,12,913.431639
-0.4,11,913.468864
1.54,9,913.504281
0.12,17,913.568211
1.37,13,913.610678
1.58,10,913.65094
-0.68,9,913.683363
1.37,10,913.718891
1.42,13,913.769822
-0.5,10,913.808243
1.2,10,913.843867
1.38,8,913.877706
1.4,10,913.910362
1.57,12,913.98931
-0.37,17,914.04718
1.38,9,914.084992
1.2,10,914.11773
1.4,9,914.153506
1.46,9,914.186664
1.14,4,914.205639
1.48,9,914.240206
1.14,4,914.254623
1.64,10,914.289102
1.48,12,914.333802
1.38,12,914.393946
1.64,10,914.448247
1.56,12,914.527117
1.59,15,914.584873
1.54,9,914.617454
1.46,12,914.664957
1.14,4,914.699954
1.59,10,914.753945
1.25,8,914.782705
1.61,10,914.816252
1.7,13,914.863246
0.36,21,914.936589
1.14,4,914.952326
1.1,12,914.992552
1.53,11,915.065252
1.64,10,915.125385
1.47,14,915.171448
-0.83,7,915.201527
-0.54,14,915.249343
1.46,12,915.293213
-0.3,20,915.35847
-0.4,13,915.404724
-0.77,7,915.429713
1.36,14,915.484325
-0.58,11,915.519856
-0.64,11,915.563242
1.5,12,915.606817
1.26,10,915.645822
1.55,12,915.687483
1.58,11,915.724611
-0.64,10,915.757359
1.54,9,915.792033
0.65,21,915.85884
-0.48,11,915.897398
-0.69,9,915.964247
1.54,9,916.01649
-0.49,10,916.050019
-0.47,10,916.088885
1.06,7,916.119818
1.37,9,916.158785
1.58,11,916.196895
1.49,12,916.247419
1.47,13,916.296567
-0.61,11,916.340271
-0.58,11,916.377299
1.14,4,916.395746
-0.6,13,916.444581
1.65,12,916.487959
-0.73,9,916.517765
1.65,13,916.559888
1.47,10,916.595785
-0.32,12,916.644384
1.43,10,916.681633
1.14,4,916.695064
1.48,9,916.725859
1.64,13,916.780931
1.64,10,916.812943
-0.24,19,916.868857
1.29,8,916.894988
1.37,11,916.936722
1.36,8,916.965202
-0.6,13,917.016558
1.4,20,917.077401
1.26,10,917.112993
1.42,12,917.163595
1.37,13,917.209982
-0.51,12,917.265864
-0.34,14,917.362011
-0.65,9,917.392755
-0.46,9,917.424709
-0.33,16,917.475955
1.66,10,917.556405
1.64,10,917.616873
1.58,11,917.654427
-0.11,15,917.707504
-0.16,19,917.783165
1.53,10,917.815468
1.44,15,917.868809
-0.55,14,917.920791
1.63,13,917.973526
1.39,10,918.007757
-0.67,12,918.045245
1.58,12,918.089283
1.28,10,918.152938
1.36,9,918.184529
1.35,9,918.214652
1.37,9,918.248734
1.64,10,918.288975
-0.39,14,918.337066
-0.49,16,918.391593
-0.49,10,918.425765
1.48,11,918.490925
1.42,11,918.530143
1.54,12,918.572809
1.64,10,918.606086
1.49,11,918.68385
1.14,4,918.700274
-0.26,18,918.75764
1.38,12,918.801181
1.4,12,918.909741
1.14,4,918.924712
1.64,10,918.965329
1.54,9,918.998758
1.33,8,919.03269
1.49,12,919.078105
-0.41,10,919.125244
-0.55,10,919.169081
1.14,4,919.185807
-0.29,19,919.243167
-0.28,13,919.292053
-0.46,9,919.357707
1.54,9,919.432668
1.38,9,919.492166
1.57,11,919.556821
1.75,17,919.655509
1.28,8,919.698874
-0.44,14,919.768075
1.54,9,919.823596
1.64,10,919.858114
-0.44,16,919.918468
1.54,9,919.975108
1.14,4,919.992286
1.47,10,920.032104
-0.46,9,920.071122
-0.68,9,920.107055
-0.07,16,920.173662
1.67,14,920.228886
-0.83,7,920.262532
1.14,4,920.284067
1.64,10,920.318984
1.59,10,920.357991
-0.67,16,920.473619
1.54,9,920.50593
1.54,9,920.535789
1.53,10,920.591013
-0.86,10,920.640058
1.54,9,920.672089
-0.78,8,920.701236
1.41,11,920.741408
1.48,9,920.777266
1.54,9,920.814485
-0.49,15,920.862955
-0.57,12,920.914675
1.14,4,920.932117
1.57,12,920.975756
1.43,9,921.028344
1.14,4,921.043614
1.38,11,921.085024
1.58,10,921.125826
-0.57,15,921.181349
1.64,10,921.221486
1.28,10,921.258957
1.54,9,921.306854
1.57,14,921.41515
1.09,7,921.463423
1.53,13,921.541626
-0.15,15,921.60722
1.52,11,921.646925
1.53,10,921.678107
1.51,10,921.71509
1.14,4,921.729436
1.14,4,921.743047
1.52,11,921.780751
1.63,11,921.818529
1.82,14,921.874892
1.53,10,921.907479
1.14,4,921.923031
-0.37,20,921.995162
1.64,10,922.031568
1.46,9,922.065263
1.64,10,922.112167
1.14,4,922.129975
-0.48,12,922.177288
1.64,10,922.212456
1.14,4,922.226887
1.33,8,922.273355
1.33,8,922.322462
1.33,12,922.394844
1.64,10,922.437201
1.36,11,922.483512
-0.52,12,922.527966
1.49,12,922.577688
-0.82,6,922.608027
-0.74,7,922.638615
-0.56,13,922.692674
1.64,10,922.730213
1.53,11,922.769316
1.48,10,922.8071
1.64,10,922.841964
1.33,8,922.871056
1.57,12,922.913741
1.49,12,922.961711
1.14,4,922.97449
1.48,13,923.015436
-0.33,17,923.075229
1.27,8,923.103767
1.41,13,923.148019
-0.58,11,923.194312
1.33,11,923.237658
1.42,13,923.291795
1.64,10,923.329973
1.63,11,923.371426
1.58,10,923.40363
1.54,9,923.440032
-0.21,18,923.49592
1.54,9,923.527881
1.53,10,923.564168
1.29,7,923.592767
-0.34,10,923.627124
-0.47,11,923.712768
1.47,14,923.760842
1.14,4,923.77527
1.65,12,923.815682
-0.51,13,923.864076
-0.59,13,923.911273
1.52,12,923.967609
-0.39,15,924.019222
-0.49,10,924.101626
1.51,13,924.155024
1.44,13,924.205015
1.48,9,924.233923
1.14,4,924.247792
1.54,9,924.307558
1.55,13,924.406678
1.4,9,924.44378
1.47,14,924.490119
1.4,8,924.517939
1.6,15,924.606991
1.54,9,924.636336
1.33,8,924.663624
1.38,11,924.705283
1.63,12,924.768883
1.48,9,924.807616
-0.51,11,924.847955
1.46,11,924.887801
-0.59,12,924.992238
-0.33,13,925.066785
1.14,4,925.079958
1.4,9,925.112554
-0.5,17,925.179423
1.48,13,925.228802
1.38,11,925.270268
-0.43,12,925.332658
1.26,9,925.383565
1.57,12,925.430275
1.64,10,925.480532
-0.5,11,925.544023
1.54,9,925.580187
1.58,10,925.634815
1.49,13,925.68335
-0.55,10,925.726351
1.53,10,925.79979
1.48,9,925.869786
-0.69,13,925.956684
1.52,15,926.046159
1.56,10,926.094906
-0.43,12,926.143075
1.66,11,926.181473
1.36,8,926.213433
1.54,9,926.250639
-0.72,17,926.311449
1.48,9,926.348815
-0.67,8,926.402538
-0.44,10,926.501702
1.45,14,926.59891
-0.58,13,926.642085
1.57,12,926.683544
-0.89,8,926.72027
1.64,10,926.764642
1.46,12,926.846755
-0.63,13,926.907228
1.37,10,926.965947
-0.5,11,927.006384
-0.45,15,927.069916
1.74,13,927.133731
1.38,9,927.181603
1.54,9,927.21314
-0.17,14,927.265709
1.46,12,927.318177
1.44,9,927.38313
1.64,10,927.433813
1.53,16,927.514183
1.14,4,927.539851
1.41,10,927.59252
1.51,10,927.642632
-0.48,12,927.697023
1.41,11,927.741984
-0.4,14,927.79447
1.69,11,927.836214
1.99,17,927.926947
1.48,10,927.968194
1.45,9,928.004314
1.48,10,928.039689
1.14,4,928.05381
1.58,11,928.088626
-0.22,21,928.156476
1.64,10,928.19233
1.21,9,928.240786
1.65,11,928.29
-0.5,12,928.333592
-0.63,13,928.379643
1.66,14,928.430251
1.14,4,928.445661
1.38,9,928.479807
1.14,4,928.495154
1.32,9,928.525787
1.64,10,928.561487
-0.42,11,928.609796
1.54,9,928.646404
1.39,10,928.702871
1.43,9,928.756764
1.64,10,928.810914
-0.64,8,928.896911
-0.32,11,928.973886
1.14,4,928.987467
1.14,4,929.001005
-0.77,7,929.028299
-0.27,15,929.077883
-0.44,14,929.128341
1.33,11,929.166894
-0.77,7,929.2112
1.14,4,929.229963
-0.27,16,929.314646
1.54,9,929.370509
1.71,11,929.42914
1.46,12,929.501596
1.33,10,929.563803
1.21,9,929.597906
1.53,10,929.636296
1.7,15,929.684774
1.22,9,929.720731
1.33,8,929.764255
1.64,10,929.796952
1.18,9,929.828109
1.35,8,929.856324
-0.39,13,929.909925
1.71,11,929.946815
1.64,10,929.983608
1.38,9,930.015248
1.74,15,930.073651
1.5,11,930.115167
1.64,13,930.157835
1.53,10,930.192843
-0.62,13,930.274535
1.54,9,930.311145
1.14,4,930.332242
1.29,12,930.37633
1.42,11,930.426127
1.54,9,930.463211
-0.66,9,930.494374
1.73,11,930.545427
1.58,11,930.593935
1.58,10,930.654884
1.23,12,930.703828
1.66,11,930.74577
1.64,10,930.780601
-0.57,13,930.843463
1.31,10,930.876227
1.68,11,930.916795
-0.42,14,930.977755
1.44,10,931.014256
-0.78,8,931.042469
1.14,4,931.058341
1.64,10,931.095591
-0.18,17,931.167786
1.38,11,931.218076
1.49,9,931.263501
1.14,4,931.293482
1.54,9,931.343606
-0.37,11,931.400459
-0.46,12,931.453302
1.63,16,931.516387
1.49,9,931.545309
1.21,9,931.571833
1.64,10,931.615443
1.52,11,931.658277
1.58,11,931.697889
1.43,9,931.731058
1.51,10,931.770708
1.73,15,931.830195
-0.49,13,931.874778
1.43,9,931.90469
-0.4,14,931.95743
1.64,10,931.99581
1.14,4,932.008761
-0.57,9,932.042043
-0.55,13,932.087986
-0.64,16,932.150156
1.74,13,932.198138
-0.58,9,932.226315
1.54,9,932.257327
-0.34,14,932.310891
-0.76,12,932.351957
1.62,13,932.395792
1.54,9,932.425777
1.38,9,932.460807
1.64,10,932.493195
1.53,11,932.531483
1.71,15,932.606583
1.27,9,932.65464
1.46,9,932.684856
1.53,11,932.726018
1.65,13,932.776124
1.59,15,932.828541
1.35,9,932.859184
1.35,12,932.949026
1.53,10,933.015048
-0.54,12,933.059741
1.54,9,933.089124
1.4,12,933.137294
-0.5,16,933.195186
1.46,9,933.231452
1.35,12,933.275298
1.36,8,933.303402
1.14,4,933.323994
1.14,4,933.341578
-0.47,13,933.384849
1.48,11,933.42248
-0.59,9,933.453046
1.54,9,933.489413
-0.36,12,933.531965
1.3,11,933.566266
1.53,11,933.605533
1.49,11,933.650567
1.53,11,933.689862
1.4,9,933.720577
1.34,11,933.760635
1.54,9,933.796283
-0.52,13,933.840894
1.66,16,933.896823
1.54,9,933.933578
-0.25,16,933.988868
1.14,4,934.000685
1.46,12,934.04208
1.54,9,934.074821
1.14,4,934.129288
1.4,9,934.180702
1.54,9,934.214264
1.31,10,934.252386
1.53,10,934.289619
-0.53,14,934.337628
1.47,11,934.373142
1.64,10,934.409317
-0.57,9,934.441367
-0.5,13,934.489351
1.46,9,934.520347
1.14,4,934.534183
1.29,9,934.569688
-0.71,6,934.590669
1.66,11,934.62842
1.14,4,934.643739
1.81,14,934.696659
1.41,12,934.739804
1.33,8,934.767673
-0.77,7,934.791633
1.39,8,934.823157
-0.75,12,934.864797
1.53,10,934.901204
1.39,10,934.936025
1.54,11,934.979008
1.54,9,935.009861
-0.22,15,935.065497
1.81,17,935.126871
-0.4,11,935.232808
1.54,9,935.269386
-0.74,12,935.311928
1.14,4,935.326817
-0.58,16,935.384516
1.14,4,935.39984
1.49,11,935.445172
1.62,12,935.490774
1.58,10,935.526221
1.43,12,935.565817
-0.57,12,935.605756
-0.35,17,935.676027
1.53,10,935.711159
-0.68,10,935.782654
1.64,10,935.859859
-0.44,15,935.975015
1.54,9,936.007839
1.47,15,936.057906
1.58,10,936.099725
1.42,10,936.146818
-0.39,11,936.191513
1.35,9,936.221457
1.56,14,936.283704
1.26,9,936.349205
-0.12,18,936.415104
-0.48,12,936.456731
1.55,11,936.496627
1.14,4,936.510934
1.55,11,936.554876
1.59,12,936.594247
1.54,9,936.625479
1.36,11,936.662476
1.14,4,936.676436
-0.54,13,936.720184
1.14,4,936.733969
1.72,16,936.785439
-0.56,20,936.852999
1.57,12,936.892405
1.52,15,936.966129
1.57,12,937.017961
1.43,9,937.051953
-0.27,12,937.10068
-0.36,14,937.150383
1.65,12,937.196422
1.39,11,937.237283
1.46,9,937.271373
1.14,4,937.285505
1.54,9,937.316003
1.64,10,937.354168
1.51,10,937.391892
-0.49,17,937.450402
-0.57,12,937.490664
1.54,9,937.543016
1.73,14,937.596942
-0.48,18,937.650258
1.14,4,937.662787
-0.41,10,937.706175
1.64,10,937.737332
-0.5,17,937.79754
-0.17,17,937.85379
1.67,13,937.905045
1.41,10,937.941231
1.57,12,938.005778
1.5,11,938.047658
1.38,9,938.089369
1.4,9,938.120398
1.48,12,938.162241
-0.6,15,938.215832
1.51,10,938.253722
1.52,16,938.30744
1.33,8,938.334646
1.39,8,938.35857
1.56,10,938.396115
1.58,11,938.431508
1.44,9,938.465016
1.53,10,938.499022
1.48,10,938.538289
1.61,10,938.571475
-0.31,16,938.624837
-0.33,15,938.67584
1.38,9,938.708646
1.72,13,938.75405
1.61,10,938.794627
1.64,10,938.826863
1.64,10,938.890156
1.39,10,938.957142
1.44,11,939.008421
1.64,10,939.047209
1.63,12,939.094084
1.64,10,939.131196
1.64,19,939.19238
1.48,9,939.220876
-0.49,18,939.285108
1.61,11,939.334844
1.38,12,939.424575
1.53,10,939.504276
1.54,9,939.540608
1.36,11,939.581917
-0.35,11,939.629954
-0.57,16,939.696404
1.14,4,939.741394
1.14,4,939.75532
1.69,10,939.78769
1.14,4,939.811639
1.65,11,939.882282
-0.15,16,939.933531
1.28,8,939.963431
-0.51,15,940.01613
1.49,12,940.063392
1.4,12,940.103694
1.11,10,940.187609
1.14,4,940.209109
1.14,4,940.223939
-0.66,10,940.260425
1.4,13,940.298349
1.58,10,940.32735
1.47,10,940.365125
1.14,4,940.378204
-0.57,13,940.424989
-0.34,17,940.501606
1.58,10,940.546767
1.47,14,940.603833
-0.59,9,940.644683
1.48,10,940.685126
1.5,10,940.797303
1.64,10,940.834047
-0.46,9,940.868528
1.53,12,940.915022
1.54,9,940.9572
1.38,9,940.987306
1.46,9,941.017296
1.74,11,941.058608
-0.47,13,941.108281
1.47,10,941.153053
1.3,11,941.188807
1.66,15,941.27565
1.59,16,941.351725
1.55,15,941.399136
1.38,10,941.438303
-0.13,17,941.506455
1.14,4,941.540974
-0.2,15,941.622463
1.63,13,941.728124
1.48,15,941.799088
1.66,10,941.839871
1.14,4,941.869019
1.72,18,941.951266
1.65,14,942.001588
-0.45,14,942.059
1.14,4,942.086744
-0.56,12,942.139972
1.53,10,942.196569
1.64,10,942.261278
1.64,10,942.298875
1.48,10,942.342431
1.32,9,942.385626
-0.33,15,942.464146
1.14,4,942.479258
1.58,10,942.515455
1.14,4,942.529836
1.66,11,942.570233
1.51,11,942.610541
-0.45,15,942.67263
1.47,11,942.71277
1.4,9,942.746954
1.61,14,942.79949
1.39,10,942.834093
1.48,9,942.864617
1.54,9,942.900634
1.55,12,942.941842
1.35,9,942.972338
1.96,15,943.043611
1.33,8,943.081782
1.49,11,943.118992
1.51,12,943.16747
1.35,8,943.205729
1.42,11,943.261362
1.47,10,943.321161
1.54,9,943.350847
-0.63,15,943.399267
-0.46,9,943.43137
1.64,10,943.463644
1.51,10,943.500313
1.75,14,943.548837
-0.74,10,943.592838
1.14,4,943.605819
-0.56,8,943.641132
1.15,9,943.667187
1.54,9,943.706171
1.54,9,943.744777
1.39,8,943.77501
1.41,11,943.808777
1.54,9,943.844437
-0.43,11,943.883595
1.14,4,943.895583
-0.43,16,943.967001
1.47,10,944.023581
1.58,11,944.066051
1.36,8,944.093904
1.76,13,944.139462
1.46,9,944.175853
1.42,10,944.222813
1.53,10,944.259056
0.0,20,944.330045
1.56,9,944.408614
1.54,9,944.488715
-0.5,14,944.578807
1.64,10,944.655652
-0.31,13,944.769037
1.45,13,944.820251
1.47,10,944.878404
-0.48,12,944.921064
1.54,12,944.984527
1.54,9,945.026845
1.54,9,945.057316
1.48,10,945.098113
1.25,11,945.136027
1.14,4,945.150056
1.51,13,945.224094
1.36,12,945.2736
1.14,4,945.291227
1.29,10,945.331469
1.54,9,945.382691
-0.78,7,945.414734
1.44,14,945.472024
1.14,4,945.482051
1.41,11,945.520507
1.47,11,945.566968
1.62,18,945.629815
-0.45,14,945.673859
1.56,16,945.725644
1.57,12,945.788648
-0.78,8,945.8331
-0.31,14,945.897486
1.64,10,945.955863
-0.51,12,946.012853
1.46,8,946.038932
-0.43,12,946.078344
1.64,10,946.112914
1.49,11,946.146649
1.53,14,946.19792
-0.47,10,946.231655
1.57,12,946.277263
-0.45,18,946.338941
1.51,12,946.394252
-0.55,11,946.440943
1.14,4,946.458703
-0.49,12,946.510895
1.56,10,946.556675
1.54,9,946.593837
1.14,4,946.608317
1.38,9,946.645847
1.41,12,946.694992
-0.59,12,946.74514
1.14,4,946.761127
1.2,10,946.804288
1.64,10,946.845579
1.64,10,946.879991
-0.28,14,946.944042
1.5,11,946.984502
1.14,4,947.002031
1.54,9,947.041461
1.64,10,947.078621
1.67,16,947.143383
1.53,10,947.189038
1.54,9,947.229799
1.56,9,947.265793
1.33,8,947.301413
-0.31,13,947.349236
1.4,10,947.392906
-0.3,18,947.470478
-0.65,10,947.518321
1.55,14,947.567672
1.6,10,947.613618
1.14,4,947.628941
-0.52,15,947.752408
1.72,14,947.823731
1.14,4,947.840677
1.04,21,947.930797
-0.62,9,947.971623
1.54,9,948.007789
1.38,9,948.043204
1.51,10,948.10411
1.45,10,948.163735
1.39,10,948.210121
1.14,4,948.222099
-0.26,21,948.288964
-0.44,10,948.325364
1.48,10,948.371213
1.56,9,948.40404
-0.57,12,948.461358
1.66,10,948.509219
1.65,14,948.562045
1.51,16,948.618166
1.14,4,948.632473
-0.51,15,948.696495
1.56,13,948.749944
-0.66,9,948.792497
1.32,9,948.829526
-0.18,14,948.877596
-0.54,12,948.953654
1.53,13,949.019698
1.54,9,949.055594
1.56,9,949.086712
1.59,10,949.146052
1.59,10,949.183856
-0.37,12,949.226315
1.56,9,949.258578
1.35,12,949.310549
1.61,10,949.349424
1.26,12,949.392853
1.68,11,949.434401
-0.82,6,949.463292
1.37,10,949.503609
1.33,8,949.577229
1.14,4,949.600993
1.53,10,949.642738
1.33,8,949.671827
1.74,13,949.710928
-0.41,10,949.746404
1.64,14,949.815029
1.14,4,949.828536
-0.2,17,949.88411
1.54,12,949.924451
-0.37,18,949.985313
1.48,12,950.026335
1.38,9,950.055793
1.4,12,950.093758
-0.38,12,950.145299
1.64,10,950.200644
1.5,11,950.245924
1.69,10,950.279751
1.44,11,950.32393
-0.77,10,950.365584
1.52,11,950.407886
1.53,10,950.440698
1.54,9,950.476131
1.14,4,950.490053
1.54,9,950.518618
-0.72,8,950.57622
1.63,12,950.624978
1.46,13,950.671438
1.14,4,950.684101
1.33,8,950.715129
-0.26,14,950.764089
-0.45,14,950.808866
1.64,10,950.847714
1.14,4,950.870049
1.36,13,950.920986
-0.27,17,950.975999
1.14,4,950.98952
-0.4,18,951.084062
1.53,10,951.121243
-0.2,20,951.183442
1.45,16,951.26556
1.4,12,951.343706
1.45,10,951.409578
1.54,12,951.478822
1.76,16,951.534935
1.38,9,951.564294
1.15,10,951.600234
-0.55,10,951.642181
-0.54,15,951.691251
-0.66,13,951.738306
1.81,11,951.789455
-0.54,12,951.838541
1.66,10,951.872033
1.54,9,951.905824
1.4,9,951.943144
1.35,11,952.004142
-0.14,14,952.060374
-0.31,18,952.117694
1.46,13,952.1671
1.57,13,952.24421
-0.49,15,952.309367
1.14,4,952.320605
1.14,4,952.33686
-0.15,17,952.393263
1.74,14,952.43969
1.32,11,952.489434
-0.88,6,952.519946
1.31,10,952.557794
1.18,9,952.592033
1.73,11,952.638
1.26,9,952.674051
1.39,14,952.723246
1.56,9,952.753134
1.66,10,952.796897
1.53,10,952.833598
1.54,9,952.867964
1.72,12,952.912437
1.66,11,952.954067
-0.33,14,953.008145
1.6,12,953.05137
1.67,13,953.102396
1.14,4,953.120617
-0.41,13,953.1822
1.74,15,953.242687
1.64,10,953.27711
1.36,11,953.332163
1.32,9,953.376918
1.31,8,953.412396
1.59,15,953.47102
1.47,11,953.520462
1.48,9,953.641167
1.53,11,953.693259
1.33,8,953.737929
-0.45,12,953.786385
1.14,4,953.808259
1.56,14,953.858237
-0.52,10,953.899805
1.56,10,953.940648
1.64,10,953.9788
1.33,12,954.019554
1.35,9,954.051978
-0.48,15,954.105995
1.65,13,954.150838
1.14,4,954.16586
-0.6,15,954.218956
1.38,9,954.249422
-0.87,8,954.291314
1.5,10,954.35131
1.34,9,954.409352
-0.23,15,954.461734
1.56,10,954.499231
1.51,10,954.540725
1.54,9,954.574019
1.14,4,954.587965
1.46,9,954.623645
1.44,11,954.663954
1.54,9,954.696858
1.48,9,954.728224
-0.39,14,954.836264
1.33,14,954.87923
-0.2,17,954.932937
1.56,12,954.971516
1.27,8,955.008183
1.66,10,955.040044
1.35,9,955.09196
1.54,9,955.152222
-0.25,17,955.210454
-0.59,9,955.243323
-0.26,17,955.300665
1.14,4,955.314353
1.47,10,955.354478
1.72,17,955.410718
1.6,12,955.446481
1.63,11,955.485631
1.42,11,955.528508
1.14,4,955.545497
1.41,11,955.581973
-0.42,18,955.64536
1.53,10,955.683117
1.56,9,955.717913
-0.34,12,955.762479
1.32,9,955.791813
1.58,11,955.837318
1.35,12,955.881318
-0.19,17,955.935308
-0.4,12,955.980798
-0.75,11,956.026188
1.33,8,956.055364
-0.75,7,956.07891
1.55,11,956.119795
1.52,14,956.233741
1.14,4,956.261622
1.47,17,956.412391
1.14,4,956.441674
1.45,13,956.512996
1.64,10,956.556294
1.25,11,956.592621
1.14,4,956.606081
1.14,4,956.625193
1.22,8,956.65457
1.61,10,956.693339
1.64,10,956.738813
-0.5,14,956.80205
-0.79,9,956.833766
1.14,4,956.848936
1.37,10,956.88597
-0.51,12,956.933581
1.66,10,956.972943
1.51,9,957.006569
1.47,10,957.045001
-0.53,10,957.084364
1.64,10,957.119357
1.53,10,957.152971
1.43,9,957.187321
1.14,4,957.201904
-0.26,20,957.259923
-0.32,19,957.331441
1.59,10,957.422757
1.28,7,957.485693
1.14,4,957.505213
1.14,4,957.519552
1.51,12,957.559817
1.64,10,957.617193
1.61,14,957.666867
1.51,9,957.697173
-0.53,11,957.736335
1.31,10,957.784231
1.14,4,957.797688
-0.57,16,957.855272
1.59,12,957.895366
1.7,13,957.942509
1.54,9,957.981876
-0.17,15,958.03293
-0.38,20,958.093216
-0.41,15,958.191522
1.33,11,958.293911
-0.15,16,958.398857
-0.48,11,958.487654
1.56,13,958.566486
1.35,9,958.604779
1.69,10,958.647369
1.6,15,958.693885
1.54,9,958.729818
1.15,9,958.761513
1.6,11,958.800417
1.76,15,958.852316
1.36,8,958.884341
-0.52,14,958.932031
1.38,9,958.962828
1.34,10,958.998301
-0.59,12,959.044992
-0.39,14,959.093008
1.51,11,959.132547
1.48,10,959.166373
1.14,4,959.181359
1.46,9,959.219302
1.55,11,959.261133
1.32,10,959.299449
1.64,10,959.336156
-0.28,14,959.383033
1.53,10,959.415184
1.66,12,959.45452
-0.71,13,959.549679
1.14,4,959.565139
1.56,15,959.615454
1.6,11,959.655581
1.3,8,959.686938
1.51,9,959.714813
1.55,11,959.751858
1.56,9,959.783694
-0.81,7,959.866715
-0.36,19,959.92141
-0.45,13,959.965724
1.44,9,959.998328
1.46,11,960.041282
1.47,11,960.080061
1.51,11,960.141343
-0.41,19,960.223906
1.61,10,960.302199
-0.76,6,960.357613
1.41,15,960.438295
1.64,10,960.473052
1.49,9,960.505967
-0.58,14,960.552335
1.14,4,960.566534
-0.61,10,960.607326
-0.92,8,960.643508
1.54,9,960.681075
1.51,14,960.73647
1.54,9,960.767228
1.89,15,960.822481
1.47,10,960.854726
-0.62,9,960.887352
1.43,12,960.927243
1.14,4,960.949636
1.56,11,960.99407
1.14,4,961.015483
1.54,9,961.048599
1.38,9,961.091105
1.56,10,961.125199
1.56,12,961.165914
1.46,11,961.210644
1.54,10,961.255379
1.41,11,961.298391
1.54,9,961.330446
1.54,13,961.375963
1.77,16,961.431442
-0.49,13,961.475108
1.14,4,961.492163
-0.18,15,961.542822
1.33,8,961.577745
-0.32,19,961.656054
1.54,9,961.697276
1.59,12,961.742966
1.5,11,961.784387
-0.5,14,961.832123
1.36,8,961.863834
1.48,17,961.920565
1.53,10,961.958681
1.38,9,961.994015
1.52,11,962.02852
1.64,10,962.070315
1.29,9,962.107355
-0.75,7,962.135776
1.14,4,962.147323
1.64,10,962.198009
1.41,8,962.233313
1.74,15,962.297637
1.39,8,962.350103
1.56,11,962.422595
1.68,13,962.524703
1.4,11,962.593652
1.36,10,962.62922
1.54,9,962.660229
2.09,16,962.722621
-0.28,16,962.782432
-0.55,15,962.829475
1.56,9,962.859691
1.51,13,962.913928
1.61,10,962.951903
1.47,10,962.989123
1.4,12,963.033085
1.54,9,963.073307
-0.18,15,963.124729
1.69,11,963.164286
1.22,8,963.194277
1.46,9,963.232754
1.14,4,963.251271
-0.6,11,963.296225
1.65,15,963.346551
1.64,10,963.385694
1.14,4,963.399333
-0.75,11,963.445519
1.14,4,963.469119
1.38,9,963.543908
-0.31,15,963.630898
1.64,10,963.678916
-0.15,20,963.743163
-0.55,10,963.790149
-0.52,13,963.840213
1.53,10,963.875018
1.64,10,963.910709
-0.74,16,963.964683
1.3,8,963.996774
1.32,9,964.030569
1.54,9,964.063475
1.76,15,964.118098
1.58,11,964.179552
1.52,11,964.237476
1.59,10,964.271169
1.14,4,964.288177
1.7,12,964.357012
1.71,12,964.408173
1.14,4,964.422056
1.58,12,964.467283
-0.46,20,964.534662
-0.46,9,964.581288
1.14,4,964.612865
1.43,9,964.66328
1.14,4,964.681147
1.64,10,964.717854
-0.55,11,964.758997
1.14,4,964.776293
1.21,9,964.80751
1.58,11,964.845797
1.41,12,964.888296
1.44,9,964.921995
-0.58,16,964.977269
1.43,15,965.023535
-0.42,17,965.086995
1.56,9,965.1269
1.14,4,965.140999
1.64,10,965.186504
1.31,10,965.252784
1.47,13,965.306746
-0.57,14,965.373904
1.54,11,965.503667
1.54,9,965.536825
1.53,10,965.577619
1.54,9,965.616687
1.36,8,965.651173
0.01,18,965.712978
-0.6,15,965.76818
-0.55,10,965.811275
1.14,4,965.825994
1.14,4,965.844136
1.48,10,965.888308
1.14,4,965.900787
1.61,10,965.943978
1.64,10,965.983629
1.37,10,966.033741
-0.43,15,966.105711
1.32,12,966.162529
-0.61,10,966.209832
1.56,16,966.284614
1.65,11,966.327919
-0.69,11,966.385477
1.46,11,966.432577
-0.01,20,966.554225
1.47,10,966.61122
1.37,9,966.65006
1.55,10,966.688027
1.53,10,966.722819
1.7,12,966.768829
-0.62,14,966.818932
-0.3,17,966.909181
-0.59,15,966.976359
1.53,10,967.02033
1.39,10,967.064058
1.3,11,967.125587
1.54,9,967.217202
-0.37,18,967.304957
1.46,9,967.338551
1.58,14,967.412828
1.47,10,967.449026
1.39,8,967.477857
1.64,10,967.530482
1.66,10,967.581361
1.14,4,967.60876
1.42,11,967.651073
1.46,12,967.71259
1.12,7,967.743644
1.34,15,967.810815
-0.52,12,967.853809
1.54,9,967.891238
1.73,12,967.932805
1.78,12,967.987687
1.64,10,968.042151
1.44,12,968.092497
1.46,12,968.134466
1.53,10,968.183601
1.51,9,968.213767
1.14,4,968.228956
-0.45,11,968.271707
1.47,10,968.307716
-0.33,16,968.398919
1.47,13,968.47077
1.4,12,968.516777
1.14,4,968.535246
1.51,10,968.57109
1.63,12,968.624415
1.58,10,968.666005
-0.45,16,968.733876
1.44,12,968.786721
1.61,13,968.841822
1.52,12,968.890838
1.64,10,968.930822
-0.23,17,969.004632
1.42,10,969.043994
1.53,13,969.1008
-0.64,14,969.169282
-0.55,10,969.199627
1.32,9,969.243781
1.55,12,969.288945
1.54,9,969.331272
1.61,10,969.375224
1.32,9,969.421133
-0.6,19,969.494005
1.43,10,969.540374
1.54,14,969.588166
-0.35,14,969.643861
1.52,11,969.69043
1.64,10,969.734095
1.46,9,969.771856
-0.42,14,969.826509
1.75,14,969.878782
-0.47,13,969.933085
1.14,4,969.948408
1.69,10,969.989483
1.36,10,970.036914
-0.69,10,970.085773
1.55,10,970.131278
1.4,9,970.161322
-0.39,12,970.277739
1.56,9,970.318557
1.14,4,970.333501
1.56,10,970.369034
1.34,10,970.404794
-0.35,17,970.466071
-0.85,6,970.499994
1.52,12,970.54235
1.35,12,970.585177
1.48,9,970.625953
-0.6,10,970.670867
1.54,9,970.704324
-0.72,11,970.749681
1.29,9,970.786499
1.63,11,970.83662
1.14,4,970.852438
1.64,10,970.894113
-0.51,14,970.955769
-0.84,11,970.99825
1.64,10,971.037879
-0.64,11,971.0824
1.43,9,971.119485
1.49,11,971.165247
-0.31,11,971.20837
1.66,10,971.274293
1.73,13,971.342591
-0.56,19,971.423894
1.64,10,971.456489
1.79,12,971.499565
1.27,8,971.531552
1.34,10,971.569876
1.14,4,971.583378
1.36,14,971.651564
1.48,10,971.726867
1.49,14,971.783614
1.14,4,971.807444
1.47,17,971.891671
1.69,10,971.931829
1.38,9,971.971298
1.65,12,972.018948
-0.3,14,972.072792
1.38,9,972.105622
-0.36,14,972.155233
1.56,12,972.202051
-0.69,13,972.26681
1.54,13,972.333756
1.41,8,972.39005
1.53,10,972.432727
1.48,12,972.47541
-0.77,7,972.506073
1.52,11,972.549843
-0.64,19,972.62861
1.74,14,972.686512
-0.4,19,972.769813
1.28,7,972.794704
1.14,4,972.812305
1.47,11,972.851696
1.38,9,972.885068
-0.6,11,972.929804
1.66,10,972.968945
1.46,9,973.004473
-0.67,8,973.035449
1.26,10,973.071739
1.54,12,973.122664
1.3,16,973.177103
1.14,4,973.200055
1.54,9,973.236809
-0.5,12,973.290994
1.14,4,973.306947
1.14,4,973.323107
1.5,10,973.365514
1.15,9,973.395609
1.53,9,973.431321
1.14,4,973.454978
1.62,16,973.549367
-0.6,12,973.62612
1.57,11,973.674409
1.84,15,973.749758
1.14,4,973.765788
1.65,12,973.841292
1.14,4,973.866733
1.54,9,973.928768
1.4,9,973.964889
1.56,9,974.001123
1.83,17,974.059882
-0.62,14,974.106436
1.53,10,974.14033
1.34,9,974.170414
-0.66,9,974.20296
1.14,4,974.223176
1.64,10,974.263307
1.99,16,974.315738
1.35,8,974.345662
1.14,4,974.36406
1.51,9,974.40214
1.45,10,974.43658
1.64,10,974.477408
1.14,4,974.49441
1.52,15,974.541132
1.17,21,974.606445
-0.48,11,974.650411
-0.52,14,974.703756
1.66,15,974.750853
1.14,4,974.76579
-0.21,18,974.828071
1.48,11,974.875948
1.53,10,974.913421
1.64,10,974.949765
1.49,9,974.985826
1.54,9,975.040673
-0.56,13,975.0968
1.94,17,975.177824
-0.29,20,975.245662
1.42,11,975.296416
-0.61,12,975.348861
1.54,9,975.38903
1.47,11,975.432348
1.54,9,975.471773
-0.69,10,975.517405
1.29,9,975.551956
1.48,10,975.588163
-0.5,14,975.647489
-0.36,18,975.711307
1.48,9,975.809468
-0.47,10,975.868359
-0.65,12,975.920948
1.3,8,975.961875
1.55,11,976.015034
-0.28,13,976.072156
1.14,4,976.090821
1.43,10,976.140567
-0.76,12,976.194484
1.75,14,976.246411
0.01,20,976.322731
1.47,11,976.364683
-0.62,12,976.411573
1.64,10,976.455342
-0.39,11,976.50944
1.46,15,976.561442
1.14,4,976.574479
1.14,4,976.589409
-0.39,14,976.644158
1.37,14,976.701415
1.27,9,976.762533
1.56,13,976.818194
-0.52,12,976.888055
1.47,10,976.932032
1.53,11,976.976182
1.14,4,976.993746
-0.5,13,977.049777
-0.51,13,977.108821
1.52,11,977.153956
1.65,14,977.215516
1.54,9,977.257403
1.14,4,977.279389
1.64,10,977.330222
1.35,12,977.389277
1.54,9,977.42832
1.33,8,977.461725
1.42,10,977.509779
-0.59,12,977.555994
-0.64,10,977.604234
-0.53,11,977.669322
1.58,11,977.710934
1.6,17,977.783688
1.36,10,977.825886
1.54,9,977.858633
1.64,10,977.898046
-0.45,15,977.950242
1.58,10,977.992343
1.52,11,978.030389
1.14,4,978.044317
-0.35,19,978.114592
1.53,17,978.176634
-0.46,18,978.252321
-0.03,15,978.33238
-0.2,19,978.401561
1.14,4,978.418903
1.86,15,978.482404
1.41,11,978.531044
-0.33,12,978.600671
-0.66,9,978.64556
1.45,14,978.714405
-0.43,11,978.764316
1.6,11,978.826155
1.4,12,978.879368
-0.77,10,978.917723
1.41,11,978.957885
1.4,13,979.021123
1.47,11,979.065052
1.54,9,979.106086
1.58,12,979.157243
-0.43,13,979.206042
1.47,12,979.25312
1.47,11,979.298512
1.41,11,979.338201
1.36,10,979.375908
-0.77,10,979.417928
1.71,11,979.461758
1.4,9,979.498601
1.47,10,979.546729
1.14,4,979.563219
1.4,9,979.594564
-0.5,16,979.654967
1.14,4,979.669333
-0.25,16,979.749485
1.14,4,979.781623
1.48,10,979.829964
-0.56,9,979.873906
-0.61,13,979.931379
1.14,4,979.955165
1.46,15,980.018226
1.61,10,980.070436
-0.92,5,980.099095
1.64,10,980.146623
1.68,12,980.190361
1.43,9,980.226388
-0.37,15,980.278429
1.14,4,980.296061
-0.12,17,980.376211
-0.64,13,980.429633
-0.61,15,980.47951
-0.66,7,980.522189
1.5,14,980.576711
-0.12,16,980.646821
1.14,4,980.673136
1.42,10,980.715739
1.51,12,980.790528
1.64,10,980.860906
-0.66,9,980.920573
1.14,4,980.943014
1.43,9,980.979135
-0.6,8,981.014212
-0.84,8,981.049013
1.14,4,981.06526
1.14,4,981.078932
1.58,20,981.143907
1.14,4,981.16126
-0.39,20,981.246126
-0.63,13,981.302175
1.15,9,981.381582
1.14,4,981.399545
1.54,9,981.436014
1.31,10,981.472049
1.16,8,981.51157
1.49,10,981.574197
1.57,12,981.62836
1.37,12,981.674639
1.3,8,981.707289
1.5,11,981.75254
-0.39,11,981.794151
1.48,10,981.831314
1.49,11,981.874463
1.44,10,981.912816
1.61,11,981.952956
-0.71,13,982.011693
1.55,11,982.069767
-0.71,10,982.111598
1.34,8,982.162913
1.48,15,982.248268
-0.45,12,982.339293
1.52,14,982.437118
1.14,4,982.464407
-0.56,14,982.538611
1.28,8,982.584603
1.38,9,982.630096
1.14,4,982.646825
-0.71,7,982.676549
1.54,9,982.706626
1.54,9,982.749804
1.46,15,982.820227
1.71,11,982.859623
1.14,4,982.882092
1.14,4,982.908525
-0.31,16,982.998794
-0.6,10,983.071729
1.66,14,983.134785
1.42,10,983.173774
1.14,4,983.189279
1.69,10,983.22355
-0.41,13,983.265767
1.59,10,983.31183
1.61,11,983.354634
1.6,13,983.408784
-0.56,9,983.442412
1.43,12,983.488465
1.54,9,983.521179
1.71,11,983.564749
-0.54,9,983.594095
1.64,10,983.640814
1.14,4,983.657089
1.34,14,983.714236
-0.32,11,983.756158
-0.74,7,983.791163
1.54,9,983.838917
1.51,14,983.902274
1.55,11,983.939549
1.56,9,983.977129
-0.32,15,984.036187
1.47,11,984.088894
1.34,9,984.121355
1.52,15,984.2291
1.58,11,984.278203
-0.56,15,984.338546
1.44,11,984.375711
-0.48,21,984.449774
1.55,11,984.485388
1.14,4,984.505426
1.53,15,984.564919
1.39,10,984.614139
1.6,11,984.665732
1.14,4,984.679149
-0.63,10,984.733621
-0.53,10,984.773137
1.37,10,984.815598
1.55,12,984.868192
-0.64,8,984.900203
-0.66,10,984.942718
1.46,9,984.980071
-0.36,14,985.026575
1.48,13,985.078743
1.55,15,985.135489
1.68,12,985.182416
0.04,17,985.294191
1.36,8,985.320484
1.63,11,985.380387
1.54,9,985.416907
1.56,9,985.449996
2.01,14,985.498528
-0.78,8,985.534884
1.14,4,985.548857
1.43,9,985.580664
1.34,9,985.615477
0.15,19,985.682273
1.45,9,985.721717
1.38,9,985.762403
1.54,9,985.800379
-0.24,18,985.888266
1.74,11,985.924362
1.54,9,985.958225
1.61,12,986.004308
1.14,4,986.020439
1.52,11,986.064666
1.14,4,986.078603
1.46,9,986.114523
-0.37,17,986.191619
-0.57,10,986.226479
-0.32,12,986.270472
1.14,4,986.28724
1.43,9,986.326565
1.14,4,986.344561
-0.5,12,986.387342
1.42,14,986.44198
-0.66,10,986.483593
1.14,4,986.495734
1.43,17,986.547819
1.53,10,986.586975
1.14,4,986.60751
1.64,10,986.642552
1.14,4,986.656805
1.14,4,986.671724
1.45,10,986.703858
-0.67,8,986.729564
-0.36,16,986.840309
-0.35,14,986.89977
1.69,10,986.960714
0.0,18,987.018218
1.54,11,987.060265
1.14,4,987.072639
1.46,9,987.10546
1.35,9,987.139127
-0.69,13,987.185642
-0.77,7,987.211549
1.53,11,987.254015
1.51,9,987.283795
1.14,4,987.297533
-0.38,14,987.34968
-0.77,8,987.383934
-0.47,17,987.466554
1.4,10,987.537939
1.43,11,987.62789
1.36,11,987.67365
1.48,10,987.710906
-0.66,7,987.74655
-0.23,18,987.807217
1.64,10,987.846701
-0.66,7,987.874629
1.51,13,987.919936
1.14,4,987.933653
1.6,11,987.982634
1.49,9,988.015057
1.58,11,988.059084
1.6,15,988.120334
1.55,11,988.166319
-0.51,17,988.228255
1.14,4,988.241931
1.32,9,988.272692
1.64,10,988.310682
-0.78,11,988.353981
1.14,4,988.371887
1.89,18,988.433896
1.5,10,988.469981
-0.56,11,988.514544
1.14,4,988.527615
1.14,4,988.541322
1.63,11,988.612788
1.72,13,988.686059
1.53,13,988.741643
1.45,18,988.802062
-0.61,14,988.85612
1.57,11,988.89796
1.54,9,988.933396
1.14,4,988.947404
1.5,10,988.987025
1.48,13,989.035966
1.48,11,989.086641
-0.39,17,989.176611
-0.5,13,989.231926
1.63,10,989.269639
1.44,10,989.304351
-0.56,16,989.361931
1.61,10,989.402282
-0.5,13,989.447639
-0.69,7,989.474802
1.67,16,989.530557
1.48,9,989.564545
1.5,14,989.617082
1.66,10,989.656115
-0.67,11,989.696822
1.53,14,989.750457
1.5,10,989.788084
-0.5,16,989.844471
1.37,10,989.880272
1.48,10,989.941127
1.43,9,990.005795
-0.39,14,990.06249
-0.8,10,990.097399
-0.23,17,990.158117
1.14,4,990.17101
-0.69,10,990.209191
0.6,21,990.306637
0.08,17,990.378524
1.48,10,990.419266
1.64,10,990.470229
-0.52,15,990.55212
-0.76,9,990.607529
1.34,9,990.654104
-0.08,19,990.710119
1.83,14,990.760987
1.46,9,990.80431
1.48,10,990.87272
1.4,9,990.925154
1.27,8,990.966147
-0.4,13,991.018135
-0.42,12,991.064077
1.93,17,991.121938
1.58,11,991.165475
1.14,4,991.181408
1.57,12,991.221934
1.14,4,991.235113
1.59,13,991.281731
1.58,10,991.324169
1.69,10,991.362464
-0.13,15,991.43796
1.14,4,991.455735
-0.55,10,991.49758
1.14,4,991.510683
1.64,10,991.569685
1.14,4,991.584834
1.59,18,991.643477
1.14,4,991.655053
1.45,16,991.716585
1.14,4,991.730516
1.54,9,991.768971
1.14,4,991.783543
1.66,10,991.819729
1.45,10,991.862221
1.5,11,991.902322
-0.71,10,991.940959
1.55,11,991.981316
-0.31,20,992.055178
-0.36,17,992.126318
1.14,4,992.143859
-0.46,9,992.187452
1.64,10,992.229935
1.32,9,992.264606
1.55,10,992.336107
1.63,12,992.417156
1.14,4,992.432286
1.14,4,992.454996
1.64,10,992.498264
1.54,9,992.529978
1.69,11,992.581765
1.29,9,992.617745
1.35,12,992.682811
1.64,10,992.716481
-0.49,10,992.761669
1.64,10,992.828024
1.54,13,992.88578
1.22,8,992.914513
1.54,9,992.946451
1.44,12,992.988445
1.64,10,993.025805
1.66,10,993.060356
1.5,9,993.094193
1.38,10,993.140479
1.39,10,993.199278
1.36,13,993.253345
-0.54,13,993.313786
1.14,4,993.332058
1.52,11,993.376762
1.66,10,993.406436
1.53,10,993.444013
1.56,10,993.478837
1.26,9,993.511222
1.63,14,993.563048
1.14,4,993.581285
1.47,10,993.622546
1.54,9,993.662933
0.21,17,993.733106
1.46,12,993.779779
1.52,11,993.834285
-0.63,12,993.874295
1.55,16,993.932852
1.35,12,993.978812
1.37,10,994.01664
1.14,4,994.030612
1.44,11,994.069262
1.14,4,994.091895
-0.52,18,994.174374
-0.28,13,994.254864
1.42,10,994.310464
1.57,11,994.368059
1.41,12,994.42635
1.14,4,994.442446
1.32,9,994.471737
1.15,9,994.502773
1.41,14,994.56682
1.54,9,994.593964
1.54,9,994.629241
1.66,16,994.815218
1.69,14,994.933694
1.53,14,995.014256
2.01,14,995.140989
1.69,11,995.260342
-0.52,10,995.300029
1.54,9,995.334698
1.53,11,995.376863
1.54,9,995.405993
1.61,10,995.446386
1.43,10,995.484445
1.36,8,995.516376
1.49,13,995.561289
1.14,4,995.576863
1.76,16,995.630353
1.14,4,995.643015
1.56,9,995.669655
1.66,11,995.715762
1.34,10,995.75233
1.54,9,995.783453
-0.62,10,995.82685
1.48,9,995.861333
1.54,12,995.902463
1.64,10,995.931161
-0.63,10,995.964095
1.37,10,996.002792
-0.2,20,996.067811
1.14,4,996.078501
1.47,10,996.106423
1.14,4,996.119068
-0.23,13,996.158545
1.51,9,996.194843
1.61,10,996.231393
1.42,9,996.263073
1.54,12,996.311642
-0.23,15,996.374726
1.49,9,996.411724
-0.44,11,996.461636
-0.42,18,996.536388
-0.67,10,996.574698
-0.36,13,996.624925
1.68,15,996.671123
-0.61,8,996.700046
1.58,14,996.74991
1.48,10,996.78524
1.64,10,996.828532
1.4,13,996.86579
1.64,13,996.903168
-0.76,6,996.922196
1.3,12,996.96163
1.24,15,997.001191
-0.31,13,997.043925
1.47,10,997.070824
1.54,9,997.098749
-0.51,11,997.139939
-0.28,14,997.192088
1.55,11,997.232237
1.46,9,997.27541
1.14,4,997.291893
-0.11,19,997.370499
-0.61,11,997.416213
1.14,4,997.434453
-0.43,15,997.49235
1.46,11,997.529012
-0.36,13,997.573499
1.14,4,997.590421
1.45,10,997.626882
1.66,10,997.662658
-0.42,11,997.704824
-0.61,14,997.817424
1.14,4,997.842464
1.54,9,997.875245
1.69,12,997.912578
1.26,7,997.939085
-0.42,13,997.980652
1.52,11,998.017754
1.69,10,998.059274
1.14,4,998.074237
-0.5,16,998.140761
-0.55,16,998.204641
1.66,10,998.239057
1.32,9,998.272939
1.4,9,998.306259
1.52,11,998.34165
1.56,10,998.37683
1.18,6,998.399661
1.36,8,998.42486
-0.52,12,998.471344
-0.82,6,998.495252
1.14,4,998.51033
-0.62,12,998.550216
-0.32,16,998.605562
-0.64,13,998.651056
1.45,13,998.705745
-0.41,13,998.76225
-0.26,16,998.829209
1.38,11,998.871308
1.5,10,998.911295
0.07,20,998.990392
-0.45,12,999.049795
1.59,10,999.093439
1.65,13,999.158729
1.14,4,999.173801
-0.48,11,999.218781
1.45,9,999.267213
1.38,9,999.303479
1.45,12,999.345824
1.4,9,999.374309
1.46,9,999.406381
1.57,14,999.448792
-0.58,14,999.493325
1.37,9,999.526297
1.53,11,999.562531
1.67,12,999.604464
1.64,10,999.636866
1.14,4,999.652297
1.64,13,999.695524
-0.28,13,999.742288
-0.79,9,999.782065
1.32,9,999.814009
-0.57,16,999.875405
1.39,10,999.907514
-0.33,12,999.949513
1.14,4,999.966112
1.14,4,999.980549
1.64,10,1000.024359
-0.37,14,1000.069762
1.33,8,1000.099471
1.55,10,1000.141234
1.49,9,1000.171706
1.22,8,1000.194953
-0.36,16,1000.251223
1.14,4,1000.264516
1.54,9,1000.29967
1.64,10,1000.332086
1.54,9,1000.359997
1.14,4,1000.373043
1.48,11,1000.413589
1.46,9,1000.447013
1.41,12,1000.489618
1.14,4,1000.503129
1.46,9,1000.537856
1.33,9,1000.571282
1.46,12,1000.606943
1.28,10,1000.640616
1.73,12,1000.687665
1.64,10,1000.721047
1.34,10,1000.753474
-0.02,16,1000.808724
1.14,4,1000.822944
1.54,9,1000.851263
1.68,12,1000.891141
-0.55,13,1000.93632
1.14,4,1000.952359
1.3,11,1000.979005
1.37,12,1001.016909
-0.89,8,1001.043277
1.14,4,1001.05743
1.14,4,1001.069903
1.8,14,1001.134158
1.42,11,1001.191087
1.53,13,1001.256881
1.14,4,1001.279928
1.14,4,1001.297877
1.46,12,1001.35614
1.64,10,1001.382944
1.37,14,1001.430026
1.64,10,1001.45931
1.61,12,1001.494884
1.55,11,1001.536252
1.54,9,1001.562601
1.75,14,1001.60628
1.48,13,1001.640495
1.23,9,1001.673423
1.56,10,1001.71111
1.6,14,1001.757282
1.64,10,1001.793618
-0.82,8,1001.823963
-0.45,14,1001.872938
1.51,10,1001.91137
1.36,10,1001.950496
-0.5,14,1002.008181
-0.72,10,1002.046046
-0.78,8,1002.075235
-0.53,14,1002.200115
1.36,11,1002.250486
1.37,9,1002.28182
1.29,12,1002.328736
1.54,9,1002.363603
1.14,4,1002.378005
1.43,9,1002.40799
-0.82,7,1002.431215
-0.33,15,1002.486492
1.27,10,1002.525491
-0.74,10,1002.566816
-0.3,12,1002.605992
1.31,10,1002.644481
1.65,12,1002.695529
1.57,12,1002.737423
-0.1,18,1002.795901
1.49,10,1002.827725
-0.97,4,1002.846575
1.48,10,1002.877032
1.55,11,1002.912051
1.14,4,1002.954406
1.14,4,1002.973435
-0.25,14,1003.024741
1.69,15,1003.080706
-0.2,19,1003.143833
1.54,9,1003.171347
1.55,12,1003.210818
1.14,4,1003.2258
-0.58,13,1003.267275
1.54,9,1003.295366
1.39,14,1003.341206
1.54,9,1003.369322
1.34,9,1003.397676
1.34,9,1003.431678
1.5,10,1003.460773
-0.52,13,1003.500911
1.2,13,1003.539932
1.64,10,1003.57072
1.14,4,1003.580319
-0.33,14,1003.624265
1.38,9,1003.650292
1.11,11,1003.689131
1.48,10,1003.722265
1.61,10,1003.757103
-0.18,17,1003.81505
1.64,10,1003.849666
1.65,12,1003.886083
1.14,4,1003.899076
-0.44,16,1003.950629
1.14,4,1003.966139
1.83,14,1004.011165
1.58,10,1004.045961
-0.25,14,1004.089438
1.37,10,1004.124437
1.54,9,1004.153399
1.46,9,1004.180429
1.64,10,1004.209257
1.49,9,1004.245168
1.53,10,1004.278079
1.14,4,1004.292547
1.14,4,1004.307076
1.46,9,1004.336662
1.52,15,1004.381159
1.14,4,1004.394455
-0.3,19,1004.454649
1.43,9,1004.485543
1.14,4,1004.498634
1.37,9,1004.528207
-0.47,10,1004.56679
1.44,11,1004.604987
1.6,11,1004.641146
1.46,9,1004.673376
1.6,11,1004.713144
1.61,10,1004.743155
1.55,13,1004.784314
1.61,10,1004.822997
-0.6,9,1004.857772
1.74,17,1004.947189
1.34,9,1004.975353
1.37,10,1005.008547
-0.17,13,1005.051269
1.4,9,1005.08503
-0.88,6,1005.106948
1.46,9,1005.140076
1.58,11,1005.180618
-0.44,13,1005.222659
-0.64,11,1005.253305
1.59,12,1005.293255
1.56,16,1005.342823
-0.57,19,1005.399879
1.64,10,1005.432027
1.37,10,1005.46696
1.48,12,1005.504001
1.34,11,1005.541329
1.35,9,1005.574165
1.47,11,1005.604549
1.14,4,1005.615063
-0.22,14,1005.65737
-0.38,13,1005.70467
1.33,10,1005.735542
1.14,4,1005.748463
1.4,9,1005.777879
-0.44,13,1005.82264
1.38,9,1005.854748
1.66,10,1005.893238
1.38,11,1005.9329
-0.57,8,1005.958576
1.14,4,1005.972384
-0.74,10,1006.005845
1.64,10,1006.041874
1.46,9,1006.07093
1.66,10,1006.102517
1.41,14,1006.149658
1.14,4,1006.164007
1.3,8,1006.190814
1.54,9,1006.221398
-0.39,13,1006.261287
1.47,10,1006.292143
1.38,12,1006.324818
1.53,10,1006.360592
-0.56,13,1006.462519
-0.39,16,1006.527106
-0.57,11,1006.557561
1.56,10,1006.596678
-0.48,17,1006.653189
1.35,12,1006.704563
1.54,10,1006.741757
1.26,9,1006.768295
1.61,13,1006.81171
1.48,10,1006.8524
-0.55,16,1006.909005
-0.83,7,1006.949264
1.53,10,1006.986114
-0.39,12,1007.028973
1.51,12,1007.065895
1.56,9,1007.089928
1.39,8,1007.12168
1.67,14,1007.172733
1.14,4,1007.186557
1.53,10,1007.220234
1.14,4,1007.233082
1.56,11,1007.268126
1.46,15,1007.320252
-0.34,17,1007.375271
1.14,4,1007.389543
1.51,13,1007.432424
1.56,10,1007.468584
-0.19,21,1007.531017
1.14,4,1007.541074
-0.22,19,1007.599268
1.55,15,1007.643063
1.82,15,1007.696005
1.52,12,1007.736231
1.54,9,1007.76616
1.46,9,1007.798368
1.54,12,1007.835549
1.14,4,1007.848428
1.39,9,1007.874574
1.56,9,1007.90016
1.21,9,1007.930953
0.1,19,1007.999693
1.69,14,1008.048383
1.51,13,1008.094904
1.64,10,1008.129832
1.53,10,1008.160607
1.39,10,1008.190863
1.72,13,1008.229843
1.54,12,1008.270137
1.61,11,1008.300224
1.51,10,1008.337029
-0.42,11,1008.375197
1.14,4,1008.389389
1.51,9,1008.414044
1.14,4,1008.426941
1.54,17,1008.475655
1.65,14,1008.514693
1.49,9,1008.538757
1.43,16,1008.592547
1.54,12,1008.634388
1.58,10,1008.667412
-0.41,13,1008.714411
1.64,10,1008.750174
1.54,9,1008.782113
1.45,10,1008.817258
1.14,4,1008.830672
-0.39,13,1008.876137
1.64,13,1008.919379
1.58,13,1008.968171
1.36,11,1008.997519
-0.39,16,1009.050968
-0.37,18,1009.116197
1.52,11,1009.15218
1.14,4,1009.166438
-0.41,14,1009.214376
1.56,10,1009.243594
1.6,12,1009.28359
1.14,4,1009.297737
1.53,10,1009.331488
1.51,12,1009.3714
1.14,4,1009.383807
1.51,11,1009.418875
1.53,10,1009.454427
1.65,12,1009.497474
-0.39,15,1009.547024
-0.57,9,1009.576395
1.58,10,1009.615582
1.14,4,1009.628652
1.64,14,1009.672775
1.49,11,1009.708705
1.61,13,1009.750339
-0.67,12,1009.79107
1.62,13,1009.843184
1.64,16,1009.887787
1.64,10,1009.919544
-0.09,17,1009.969139
-0.47,12,1010.015732
1.55,14,1010.059845
1.83,13,1010.105408
1.14,4,1010.117117
1.39,12,1010.157612
1.59,10,1010.194831
1.47,10,1010.225769
1.66,13,1010.261091
-0.11,18,1010.322291
1.14,4,1010.332415
1.39,10,1010.366918
1.61,11,1010.402887
-0.75,11,1010.444009
1.39,10,1010.476687
1.49,10,1010.512776
1.38,11,1010.547625
1.59,10,1010.580463
1.64,10,1010.617653
-0.31,19,1010.674776
1.61,10,1010.713115
1.53,11,1010.748199
1.69,11,1010.90024
1.14,4,1010.91873
1.57,12,1010.962003
-0.53,12,1011.003404
1.54,9,1011.041694
1.35,9,1011.074915
1.64,10,1011.111909
-0.46,13,1011.161727
1.64,10,1011.186743
1.63,12,1011.228303
1.46,9,1011.257101
-0.27,16,1011.304014
1.63,14,1011.356747
-0.35,15,1011.397729
1.64,10,1011.430506
1.46,9,1011.526616
-0.29,19,1011.591061
-0.27,18,1011.650756
1.46,9,1011.677027
1.78,16,1011.727701
1.64,10,1011.757445
1.14,4,1011.771982
1.47,10,1011.810998
1.54,12,1011.846271
1.41,11,1011.881307
1.33,11,1011.920221
1.14,4,1011.931577
1.43,10,1011.968865
-0.52,20,1012.025101
-0.63,10,1012.052414
1.64,10,1012.086375
-0.58,14,1012.132576
1.47,10,1012.165216
1.55,10,1012.197441
-0.61,15,1012.247668
1.56,10,1012.283302
1.39,11,1012.319276
1.75,12,1012.361849
1.14,4,1012.37606
1.38,8,1012.401836
-0.34,14,1012.447803
1.14,4,1012.463304
1.41,15,1012.5115
-0.42,14,1012.552189
1.32,9,1012.578988
-0.58,13,1012.620606
-0.43,17,1012.667317
1.38,9,1012.699021
-0.49,14,1012.742029
1.64,13,1012.782629
1.59,13,1012.824646
1.14,4,1012.838526
1.64,10,1012.869458
1.25,10,1012.903836
1.69,11,1012.940379
1.14,4,1012.949769
-0.36,15,1012.991812
1.47,10,1013.025139
1.46,9,1013.05284
-0.27,14,1013.096568
1.14,4,1013.107498
1.14,4,1013.122519
-0.45,18,1013.181117
-0.3,14,1013.228693
1.59,10,1013.258676
1.27,10,1013.29458
1.4,9,1013.324304
1.16,8,1013.354214
1.14,4,1013.365987
1.64,10,1013.399515
1.51,12,1013.438152
1.71,12,1013.483235
1.44,11,1013.518051
1.14,4,1013.535165
1.51,11,1013.568121
1.57,11,1013.604184
1.44,10,1013.632519
1.43,13,1013.679054
-0.33,14,1013.726646
-0.42,15,1013.789644
1.14,4,1013.803299
1.14,4,1013.815407
-0.54,12,1013.853628
1.14,4,1013.86666
1.36,7,1013.893097
1.48,10,1013.93133
1.46,9,1013.968129
1.38,9,1014.023214
1.14,4,1014.041952
1.53,10,1014.075246
1.54,9,1014.107557
1.39,10,1014.142946
1.36,7,1014.165084
1.52,12,1014.201002
-0.46,9,1014.232802
1.53,10,1014.267533
1.41,12,1014.311762
1.33,8,1014.338751
-0.45,13,1014.381995
1.13,11,1014.412675
1.54,9,1014.442859
-0.35,12,1014.48174
-0.24,21,1014.545867
1.62,12,1014.584023
1.14,4,1014.598055
1.45,12,1014.638387
-0.2,13,1014.683106
-0.31,15,1014.735479
-0.56,12,1014.773043
-0.38,15,1014.818983
-0.67,9,1014.850811
1.58,11,1014.885344
1.14,4,1014.896184
1.33,9,1014.92624
-0.1,21,1014.994918
1.14,4,1015.007284
-0.44,17,1015.065057
-0.72,14,1015.106715
1.14,4,1015.1157
1.51,9,1015.145085
1.39,10,1015.17791
1.14,4,1015.192403
1.56,19,1015.249116
-0.44,20,1015.300664
1.25,8,1015.327715
1.54,9,1015.360277
1.14,4,1015.373629
1.14,4,1015.384786
1.14,4,1015.396935
1.48,12,1015.437737
-0.9,9,1015.471371
-0.37,13,1015.513742
1.69,12,1015.554243
1.48,10,1015.592684
1.36,8,1015.62137
1.14,4,1015.634213
1.86,18,1015.680693
1.43,9,1015.711257
-0.35,18,1015.776285
1.59,13,1015.825869
-0.35,18,1015.918021
1.14,4,1015.941745
1.73,11,1015.99049
1.54,9,1016.048515
1.58,11,1016.110815
1.32,11,1016.16809
1.56,14,1016.234867
-0.79,13,1016.339574
-0.34,18,1016.410575
1.34,9,1016.463902
-0.64,14,1016.533457
1.49,9,1016.567781
1.56,9,1016.604134
1.56,9,1016.636838
1.55,12,1016.673563
1.49,13,1016.727366
1.66,12,1016.790059
1.65,13,1016.869225
-0.68,13,1016.943235
1.56,10,1016.981695
1.69,11,1017.022035
1.58,10,1017.053779
1.5,10,1017.097714
-0.49,16,1017.169859
1.19,8,1017.202039
1.22,8,1017.256536
-0.51,12,1017.310092
1.63,11,1017.35501
1.54,9,1017.391371
1.65,16,1017.492399
-0.39,13,1017.544811
-0.46,15,1017.59923
1.46,11,1017.642063
1.61,13,1017.687105
1.66,13,1017.731568
1.5,11,1017.765207
-0.57,13,1017.808872
1.54,9,1017.846078
-0.34,14,1017.900675
-0.18,20,1017.967686
-0.68,9,1018.000853
1.58,11,1018.052629
-0.67,9,1018.086697
-0.49,19,1018.145298
1.5,10,1018.195539
-0.59,12,1018.266711
-0.69,13,1018.315442
1.73,15,1018.363883
1.54,12,1018.439262
1.4,10,1018.529721
-0.33,14,1018.581373
1.32,17,1018.643507
1.31,10,1018.68275
-0.4,14,1018.739568
1.54,9,1018.772538
1.54,9,1018.806405
1.49,9,1018.835503
-0.75,16,1018.887263
1.53,10,1018.925498
1.54,9,1018.952284
-0.21,14,1019.010766
-0.11,14,1019.078966
1.14,4,1019.093419
1.35,9,1019.125279
1.28,8,1019.155132
1.74,12,1019.209033
1.64,10,1019.24409
1.64,10,1019.280858
1.44,12,1019.341985
1.56,9,1019.385641
1.14,4,1019.395223
1.71,11,1019.431233
1.48,10,1019.479758
-0.31,14,1019.555339
1.69,14,1019.606507
1.14,4,1019.619488
1.14,4,1019.632703
-0.43,12,1019.678925
1.32,9,1019.716486
1.69,11,1019.781932
1.49,9,1019.809237
1.34,16,1019.886888
1.54,9,1019.919342
1.37,12,1019.960184
-0.62,11,1019.996196
1.14,4,1020.01104
-0.67,9,1020.040392
-0.39,17,1020.102135
-0.2,15,1020.150057
-0.22,20,1020.213413
1.14,4,1020.229869
1.14,4,1020.243905
1.66,10,1020.274907
1.43,9,1020.310828
1.14,4,1020.325408
1.14,4,1020.338826
1.51,9,1020.369832
-0.24,17,1020.433786
1.32,9,1020.459875
1.44,8,1020.494613
-0.83,7,1020.536735
-0.43,15,1020.590003
1.54,9,1020.623192
1.81,11,1020.657548
1.48,10,1020.690939
1.37,9,1020.725324
1.54,10,1020.754683
-0.49,10,1020.795696
1.51,11,1020.834936
1.56,9,1020.884612
1.54,9,1020.943182
1.64,10,1020.980086
1.67,15,1021.025992
1.48,10,1021.061847
-0.8,10,1021.102141
1.32,9,1021.150985
1.63,11,1021.217479
-0.45,13,1021.265355
1.56,12,1021.309263
1.14,4,1021.320969
1.14,4,1021.33292
-0.4,17,1021.394448
-0.56,15,1021.452976
1.37,9,1021.484432
1.33,9,1021.518593
1.56,10,1021.564172
1.14,4,1021.576841
1.55,10,1021.605962
1.62,13,1021.653064
-0.48,11,1021.693302
1.31,10,1021.734092
-0.37,19,1021.823159
1.41,18,1021.902512
1.48,12,1022.003165
1.8,16,1022.057112
1.53,10,1022.093661
1.11,8,1022.120805
1.58,11,1022.154575
1.14,4,1022.168269
1.49,11,1022.206338
1.14,4,1022.218853
1.55,12,1022.260875
1.55,12,1022.303925
1.38,12,1022.339333
1.48,10,1022.370783
1.14,4,1022.384003
1.5,11,1022.412086
1.64,10,1022.447209
1.38,9,1022.474893
-0.29,15,1022.523494
1.43,9,1022.552313
-0.48,16,1022.609949
1.59,10,1022.652762
1.41,8,1022.684303
1.54,9,1022.718518
1.44,11,1022.760519
1.36,8,1022.79427
1.39,10,1022.833918
-0.51,9,1022.867364
-0.43,18,1022.927735
1.7,16,1022.980912
-0.45,15,1023.03377
1.61,14,1023.080915
1.14,4,1023.090879
-0.37,19,1023.154576
1.64,10,1023.186025
1.64,10,1023.225295
1.5,11,1023.272382
-0.67,11,1023.310298
1.42,11,1023.349962
1.66,11,1023.38989
1.54,9,1023.421034
1.48,12,1023.457762
-0.36,12,1023.509492
1.14,4,1023.523158
-0.26,16,1023.575075
1.75,13,1023.622341
1.14,4,1023.640534
1.54,9,1023.675975
1.14,4,1023.688864
-0.44,13,1023.732351
1.54,9,1023.765021
1.14,4,1023.7783
1.46,9,1023.807288
1.61,10,1023.84247
1.31,13,1023.882483
1.5,11,1023.921777
1.54,11,1023.96545
1.52,14,1024.021806
1.7,12,1024.0672
1.52,12,1024.107741
-0.39,17,1024.168387
1.59,19,1024.224924
1.14,4,1024.240463
-0.77,9,1024.269642
-0.35,20,1024.329499
1.33,8,1024.355568
1.14,4,1024.371136
1.51,9,1024.40325
1.46,9,1024.436048
1.43,10,1024.470279
1.59,10,1024.50856
1.56,10,1024.547323
-0.33,17,1024.610539
1.4,10,1024.64611
1.27,8,1024.675037
1.14,4,1024.686359
-0.7,11,1024.72698
-0.55,16,1024.780429
1.48,9,1024.813764
1.53,10,1024.850492
1.14,4,1024.864627
1.5,14,1024.907273
-0.46,13,1024.95005
-0.48,13,1024.994319
1.64,10,1025.027361
1.14,4,1025.040332
1.14,4,1025.055377
1.54,9,1025.087403
1.14,4,1025.101986
1.46,9,1025.138541
1.35,9,1025.172864
1.36,11,1025.216204
-0.6,9,1025.24917
1.56,10,1025.288339
1.53,14,1025.351283
1.14,4,1025.366756
1.14,4,1025.383103
1.43,10,1025.424275
1.14,4,1025.442257
1.14,4,1025.455388
1.42,14,1025.509964
1.51,10,1025.552064
1.66,10,1025.593074
-0.48,14,1025.640688
1.44,10,1025.676227
1.14,4,1025.689687
1.69,10,1025.720528
1.36,8,1025.742965
1.4,10,1025.77504
-0.23,17,1025.829747
1.14,4,1025.841877
1.38,11,1025.881785
1.49,11,1025.916369
1.22,8,1025.945255
1.14,4,1025.962032
1.64,10,1025.997727
-0.63,13,1026.044906
1.44,11,1026.087132
1.52,11,1026.129323
-0.73,12,1026.167094
-0.68,9,1026.196513
1.14,4,1026.210507
1.66,14,1026.252242
1.67,17,1026.304722
1.14,4,1026.316425
1.24,13,1026.358514
1.81,13,1026.403826
1.26,7,1026.422582
1.62,15,1026.464096
1.33,8,1026.486315
1.65,15,1026.5453
-0.32,18,1026.586358
1.6,14,1026.631872
1.4,9,1026.662869
1.66,16,1026.715062
1.22,10,1026.738695
1.3,9,1026.773376
1.14,4,1026.786744
-0.38,18,1026.844769
-0.56,11,1026.886609
1.7,12,1026.988711
1.46,9,1027.018345
1.14,4,1027.034075
-0.71,6,1027.05768
1.54,9,1027.083663
1.14,4,1027.096807
-0.63,13,1027.142137
-0.17,13,1027.183486
1.5,11,1027.215159
1.55,10,1027.26608
1.35,11,1027.316023
-0.49,12,1027.351849
1.5,10,1027.388684
1.14,4,1027.402429
1.53,10,1027.506093
1.35,9,1027.536942
1.14,4,1027.549183
1.4,10,1027.582904
1.7,12,1027.62309
-0.48,12,1027.668123
1.63,10,1027.705143
1.64,17,1027.759898
1.53,13,1027.802919
1.37,10,1027.834877
-0.54,12,1027.86893
1.45,13,1027.910099
1.52,11,1027.944795
1.14,4,1027.954556
1.51,9,1027.982724
-0.27,16,1028.030643
1.71,14,1028.0782
1.14,4,1028.088044
1.88,13,1028.135056
1.39,11,1028.173812
-0.4,16,1028.223931
1.59,13,1028.261376
-0.73,8,1028.283859
1.14,4,1028.297312
1.23,13,1028.336812
-0.61,10,1028.371929
1.44,11,1028.412709
-0.48,12,1028.455285
1.33,8,1028.482993
-0.97,4,1028.494775
1.64,10,1028.529618
-0.6,20,1028.594932
1.14,4,1028.608051
1.14,4,1028.620923
1.14,4,1028.635063
1.14,4,1028.650056
1.64,10,1028.685857
1.52,14,1028.740731
-0.18,17,1028.800961
1.39,11,1028.84684
1.82,15,1028.907316
-0.27,17,1028.969623
1.74,14,1029.012393
1.55,13,1029.054512
1.14,4,1029.072567
1.14,4,1029.087513
-0.74,7,1029.115467
1.56,13,1029.154397
1.8,14,1029.19994
1.49,10,1029.22905
1.39,11,1029.268112
1.14,4,1029.281035
1.54,9,1029.310763
1.75,17,1029.361173
1.35,9,1029.392254
-0.55,17,1029.448077
1.41,11,1029.48058
1.47,10,1029.507444
1.66,11,1029.551033
1.14,4,1029.565669
1.4,9,1029.597324
1.3,8,1029.617036
1.64,11,1029.649531
1.34,10,1029.681695
1.66,10,1029.716399
1.57,12,1029.758195
1.55,10,1029.791518
1.36,11,1029.822002
1.64,10,1029.852534
1.76,13,1029.889683
-0.42,12,1029.931951
-0.84,9,1029.962689
1.76,13,1030.009285
1.14,4,1030.022253
1.5,10,1030.049937
1.49,12,1030.088918
1.29,15,1030.132655
1.14,4,1030.145734
-0.56,17,1030.200712
-0.6,10,1030.235396
1.47,11,1030.26977
1.68,15,1030.31849
1.63,11,1030.357378
-0.29,15,1030.401177
1.64,10,1030.432956
1.14,4,1030.446494
-0.7,13,1030.484698
-0.48,11,1030.526562
-0.44,13,1030.570976
1.54,9,1030.608215
1.14,4,1030.621185
-0.31,16,1030.680995
1.58,11,1030.721167
1.35,9,1030.752737
1.53,10,1030.787485
-0.35,12,1030.833982
-0.66,15,1030.88686
1.81,11,1030.931917
1.55,11,1030.970589
1.55,12,1031.014875
-0.6,9,1031.051123
1.4,10,1031.083846
1.37,9,1031.110689
-0.39,14,1031.160697
1.44,12,1031.207957
1.64,10,1031.236999
1.32,9,1031.273677
1.45,10,1031.306509
-0.44,13,1031.348451
-0.41,10,1031.382073
1.48,16,1031.439015
1.61,10,1031.544406
1.37,10,1031.581683
-0.79,10,1031.615507
1.45,9,1031.651463
1.49,11,1031.682811
1.52,13,1031.739006
1.46,10,1031.773966
1.54,9,1031.803774
1.64,10,1031.834305
-0.61,13,1031.879604
1.21,10,1031.916156
-0.39,10,1031.947842
1.54,9,1031.977866
1.23,10,1032.01395
-0.76,11,1032.052603
1.14,4,1032.06303
1.49,9,1032.095501
1.59,10,1032.128469
1.3,8,1032.150371
1.69,10,1032.182256
-0.63,14,1032.230844
1.54,10,1032.270278
1.61,10,1032.296355
1.14,4,1032.3088
-0.36,20,1032.3623
1.37,14,1032.407828
-0.72,10,1032.447156
1.32,9,1032.480028
1.14,4,1032.493232
1.59,10,1032.527725
1.55,11,1032.561826
1.54,9,1032.590958
1.56,12,1032.632546
1.4,9,1032.659664
1.45,10,1032.691993
-0.33,19,1032.743402
1.33,9,1032.77249
-0.33,12,1032.808146
-0.09,18,1032.867884
1.54,9,1032.897119
1.64,10,1032.925504
-0.47,18,1032.979193
1.54,9,1033.01137
1.36,10,1033.04555
1.14,4,1033.056254
1.6,12,1033.098309
1.7,13,1033.144723
-0.28,16,1033.196344
1.35,9,1033.226582
1.63,13,1033.263407
1.64,10,1033.293533
1.35,8,1033.321937
-0.5,14,1033.36527
1.66,13,1033.406538
1.55,11,1033.441667
1.63,19,1033.50296
-0.05,18,1033.555443
1.69,14,1033.59864
1.54,9,1033.629435
1.25,8,1033.657476
-0.5,16,1033.712102
-0.31,18,1033.764628
1.49,11,1033.794407
1.54,9,1033.823556
1.11,8,1033.850396
1.33,11,1033.88693
1.14,4,1033.900681
1.45,13,1033.939788
1.63,15,1033.986777
-0.36,16,1034.030884
1.53,14,1034.081869
1.43,10,1034.114001
-0.63,10,1034.144458
1.64,10,1034.174371
1.56,10,1034.204762
1.56,11,1034.243848
1.45,13,1034.286372
1.5,10,1034.317378
1.42,10,1034.352636
1.48,10,1034.38393
1.14,4,1034.395709
1.38,9,1034.428196
-0.32,15,1034.474757
1.54,9,1034.508678
1.42,11,1034.542872
1.54,9,1034.573333
-0.31,14,1034.617364
1.64,10,1034.651816
-0.63,12,1034.681512
1.44,11,1034.71999
1.14,4,1034.730301
-0.9,9,1034.761455
1.49,11,1034.792281
-0.42,18,1034.850514
1.61,14,1034.895695
-0.32,17,1034.946464
1.36,8,1034.972676
1.64,10,1035.003344
-0.72,8,1035.034105
1.14,4,1035.045229
1.74,18,1035.097069
-0.65,9,1035.131525
1.14,4,1035.143601
1.64,10,1035.174584
1.14,4,1035.188426
1.14,4,1035.20382
1.54,9,1035.230223
-0.59,15,1035.278964
-0.42,11,1035.323003
1.51,15,1035.373004
-0.48,15,1035.421263
1.6,11,1035.454311
1.53,16,1035.512002
-0.12,20,1035.577258
1.14,4,1035.590239
1.58,11,1035.623346
-0.25,18,1035.678947
1.29,9,1035.710618
1.14,4,1035.723839
1.43,9,1035.753901
1.54,9,1035.780493
1.66,10,1035.81507
-0.37,15,1035.862347
1.56,16,1035.907309
1.32,9,1035.939439
1.54,9,1035.969676
1.54,9,1035.993821
1.27,9,1036.023871
1.54,9,1036.049659
1.14,4,1036.065884
1.34,9,1036.089363
1.14,4,1036.102288
1.69,11,1036.139715
1.14,4,1036.15477
-0.51,12,1036.193122
1.52,11,1036.227469
1.14,4,1036.24136
1.75,13,1036.361317
1.27,9,1036.386009
1.72,13,1036.426163
1.14,4,1036.437594
1.14,4,1036.451382
-0.67,12,1036.489407
1.52,15,1036.539494
-0.34,14,1036.584254
1.14,4,1036.599496
1.63,11,1036.632764
-0.17,17,1036.681093
1.25,10,1036.716535
1.44,9,1036.748577
-0.31,13,1036.798991
-0.33,12,1036.839101
1.14,4,1036.849311
1.54,9,1036.876787
-0.6,12,1036.910567
-0.36,18,1036.957483
1.66,11,1036.99352
-0.08,18,1037.052906
1.14,4,1037.062289
1.53,10,1037.095589
1.47,14,1037.143334
-0.65,15,1037.194755
1.64,10,1037.22454
1.67,13,1037.263397
1.51,10,1037.301428
1.14,4,1037.317349
1.14,4,1037.329108
1.69,11,1037.367556
-0.25,17,1037.432845
1.12,10,1037.463226
1.45,9,1037.499974
1.49,10,1037.53817
1.14,4,1037.551974
1.66,10,1037.58976
1.14,4,1037.602818
1.72,14,1037.656882
1.48,9,1037.68418
1.14,4,1037.699924
1.49,10,1037.737683
-0.48,12,1037.774499
1.59,10,1037.808148
-0.33,16,1037.859218
1.57,11,1037.894588
1.5,12,1037.932125
1.58,11,1037.969344
-0.08,18,1038.030021
1.14,4,1038.04285
1.4,9,1038.07501
1.38,11,1038.106425
-0.39,16,1038.157691
-0.19,12,1038.190673
1.14,4,1038.202506
1.75,12,1038.241779
-0.76,6,1038.268472
1.54,9,1038.294796
1.37,10,1038.328433
1.54,9,1038.364868
-0.61,11,1038.410434
-0.62,13,1038.463176
1.49,12,1038.502043
1.14,4,1038.514483
-0.56,15,1038.563977
1.54,9,1038.599296
1.64,10,1038.624144
-0.57,10,1038.657024
1.59,10,1038.686269
-0.45,11,1038.72145
-0.49,17,1038.763366
1.52,12,1038.802846
-0.68,10,1038.83938
1.85,17,1038.887301
1.4,10,1038.911103
1.66,14,1038.963387
1.66,10,1038.99686
1.46,9,1039.028213
1.14,4,1039.04209
1.51,9,1039.072438
1.64,10,1039.104351
1.14,4,1039.117106
1.53,10,1039.153013
1.43,10,1039.182413
1.36,11,1039.220029
1.61,16,1039.274316
-0.85,10,1039.305147
1.54,9,1039.336109
1.61,11,1039.377215
1.14,4,1039.391799
1.6,11,1039.425903
1.14,4,1039.439029
1.43,9,1039.475136
1.34,9,1039.505589
-0.29,17,1039.558487
1.58,10,1039.591965
1.64,10,1039.630109
-0.09,17,1039.687557
1.36,15,1039.727744
1.59,10,1039.764051
-0.39,17,1039.814123
1.71,17,1039.865281
1.48,10,1039.896588
1.54,9,1039.926186
1.42,10,1039.959181
1.14,4,1039.973122
1.5,10,1040.007065
-0.44,16,1040.055062
-0.72,13,1040.103875
1.4,10,1040.137293
1.54,9,1040.168765
1.64,10,1040.197904
-0.46,12,1040.23465
1.54,9,1040.265811
1.54,12,1040.30591
1.55,10,1040.338953
1.61,13,1040.38842
1.14,4,1040.400874
1.36,8,1040.425263
1.48,12,1040.465438
1.14,4,1040.48073
1.43,9,1040.517573
1.14,4,1040.528452
-0.31,14,1040.569572
1.51,10,1040.606174
1.54,9,1040.634719
1.43,10,1040.659778
1.29,9,1040.768206
1.45,10,1040.803847
1.54,9,1040.833491
-0.33,19,1040.956784
1.49,12,1040.995393
1.61,15,1041.047897
-0.39,12,1041.083947
1.4,9,1041.116428
1.4,13,1041.157476
1.14,4,1041.172201
1.71,15,1041.212479
1.52,11,1041.248393
1.14,4,1041.259676
1.54,9,1041.288651
1.83,15,1041.330752
1.43,10,1041.364316
-0.4,19,1041.423626
1.14,4,1041.438321
1.64,13,1041.473225
1.26,7,1041.498229
1.36,11,1041.536213
1.14,4,1041.550774
1.58,12,1041.590343
1.48,13,1041.629912
1.14,4,1041.642951
-0.61,14,1041.685534
1.14,4,1041.70064
1.14,4,1041.715471
1.37,10,1041.749659
1.46,9,1041.777188
1.14,4,1041.787174
-0.35,18,1041.83689
1.61,11,1041.871851
1.54,9,1041.906254
1.43,9,1041.932883
1.65,11,1041.970674
1.14,4,1041.982325
-0.64,14,1042.026686
1.44,9,1042.061494
-0.69,10,1042.098102
1.64,10,1042.134176
1.14,4,1042.150464
1.14,4,1042.164031
-0.09,18,1042.213839
1.47,10,1042.240169
-0.65,9,1042.272884
1.2,10,1042.302668
1.56,13,1042.352167
1.51,10,1042.387208
1.38,9,1042.422623
1.44,12,1042.465737
-0.62,12,1042.507988
1.39,10,1042.538455
-0.64,14,1042.584954
1.64,10,1042.61323
1.42,10,1042.645868
1.58,10,1042.675787
1.44,18,1042.728665
-0.48,10,1042.762525
-0.5,13,1042.80972
1.61,14,1042.868047
1.64,10,1042.904883
1.51,9,1042.942213
1.53,10,1042.984294
1.21,21,1043.051023
-0.61,11,1043.098839
1.53,10,1043.134677
1.48,9,1043.171294
1.73,13,1043.22145
-0.41,13,1043.269409
0.63,21,1043.337049
-0.75,8,1043.366787
1.7,13,1043.41948
1.49,9,1043.456264
1.56,10,1043.491744
-0.67,12,1043.540963
1.14,4,1043.556515
1.38,9,1043.596836
1.54,9,1043.627633
-0.08,18,1043.684477
1.45,10,1043.721669
1.54,9,1043.755464
1.54,9,1043.784977
1.56,10,1043.823437
1.55,11,1043.863275
-0.74,13,1043.902546
1.36,11,1043.93983
1.56,10,1043.969262
1.54,9,1044.004002
1.38,9,1044.034988
1.42,11,1044.073335
1.44,9,1044.1046
1.14,4,1044.119237
1.34,10,1044.158395
1.37,10,1044.190239
1.53,12,1044.231794
1.59,10,1044.263358
-0.24,15,1044.315768
1.54,9,1044.339508
1.44,11,1044.373118
1.37,10,1044.402972
1.14,4,1044.417715
-0.47,12,1044.462697
1.45,10,1044.500557
1.76,15,1044.548915
-0.21,16,1044.599933
1.41,9,1044.6312
1.64,10,1044.663916
1.14,4,1044.674046
1.55,11,1044.710693
1.38,9,1044.741029
1.39,10,1044.772995
1.48,10,1044.80447
1.33,12,1044.850302
1.45,10,1044.887823
1.14,4,1044.900094
1.66,11,1044.940057
-0.46,18,1044.998183
-0.34,16,1045.044172
1.14,4,1045.053199
-0.57,13,1045.097379
1.53,13,1045.218255
1.14,4,1045.228906
1.14,4,1045.242902
1.56,9,1045.267047
1.4,9,1045.298488
-0.68,13,1045.342498
-0.55,11,1045.379639
1.24,12,1045.412881
1.14,4,1045.430031
1.14,4,1045.443868
1.37,10,1045.476027
1.14,4,1045.545892
1.32,15,1045.605422
1.14,4,1045.616332
1.72,12,1045.656828
-0.41,15,1045.703433
1.48,10,1045.742422
1.14,4,1045.752166
1.44,9,1045.783107
1.44,10,1045.812114
-0.49,13,1045.86146
1.14,4,1045.872169
1.61,15,1045.916049
1.78,14,1045.961334
1.14,4,1045.977352
1.38,9,1046.005118
1.44,11,1046.046491
1.54,9,1046.068795
-0.4,14,1046.120407
-0.38,14,1046.16267
1.47,11,1046.197481
-0.65,8,1046.221108
1.71,14,1046.269276
1.52,11,1046.306073
1.37,10,1046.338912
1.14,4,1046.348849
1.58,11,1046.381124
1.14,4,1046.393428
1.29,12,1046.430972
1.14,4,1046.442356
-0.5,11,1046.483811
1.35,8,1046.509574
1.43,10,1046.545268
1.59,10,1046.576911
1.46,11,1046.612252
-0.75,10,1046.646858
1.47,10,1046.68183
-0.17,19,1046.741831
-0.23,14,1046.783684
1.69,14,1046.825494
-0.27,20,1046.894657
1.76,12,1046.928853
-0.72,13,1046.974221
1.54,9,1047.003803
1.14,4,1047.018157
1.63,11,1047.055356
1.56,11,1047.094052
1.14,4,1047.102685
1.8,13,1047.141752
1.14,4,1047.152715
1.14,4,1047.16637
-0.33,15,1047.213273
1.44,11,1047.251646
-0.32,21,1047.321175
1.61,11,1047.356304
-0.12,17,1047.409015
1.64,10,1047.442052
1.55,18,1047.49358
-0.63,13,1047.529215
-0.24,15,1047.56972
1.49,9,1047.599902
-0.38,14,1047.643405
-0.02,21,1047.716635
1.61,13,1047.751499
1.48,9,1047.781161
1.53,10,1047.819406
-0.42,15,1047.867621
-0.51,15,1047.919096
1.54,9,1047.949517
1.14,4,1047.964294
1.66,11,1048.00579
1.58,11,1048.043022
-0.52,12,1048.085138
-0.3,16,1048.140761
-0.54,12,1048.178129
-0.28,14,1048.222116
1.53,14,1048.264769
1.54,9,1048.289827
-0.86,7,1048.318595
-0.93,6,1048.335282
1.14,4,1048.349538
1.14,4,1048.360993
-0.69,10,1048.398502
1.56,10,1048.43274
1.58,10,1048.465806
-0.54,11,1048.501499
1.73,13,1048.540412
1.41,10,1048.571875
1.33,8,1048.598704
1.54,9,1048.633349
1.39,16,1048.678785
1.14,4,1048.692117
1.49,12,1048.729104
1.54,9,1048.755947
-0.28,14,1048.797759
1.61,10,1048.826624
1.39,10,1048.856189
1.66,10,1048.895125
-0.42,16,1048.943623
1.47,10,1048.972242
-0.24,16,1049.029914
1.54,9,1049.061529
1.69,10,1049.096165
1.69,13,1049.141523
1.67,12,1049.18107
-0.59,12,1049.225335
-0.16,20,1049.286963
1.54,9,1049.311561
1.31,10,1049.343953
-0.54,12,1049.386034
1.54,9,1049.41242
1.35,8,1049.436966
1.14,4,1049.449708
1.54,9,1049.477854
-0.47,10,1049.514939
-0.21,20,1049.578369
1.54,12,1049.621227
1.54,9,1049.64638
1.44,8,1049.672808
-0.52,11,1049.710062
2.0,19,1049.769131
-0.46,17,1049.820711
1.28,10,1049.867283
1.58,11,1049.950791
1.23,8,1049.977093
1.35,9,1050.008137
1.43,9,1050.039349
1.64,10,1050.069702
-0.56,15,1050.116248
1.5,11,1050.151281
1.54,9,1050.187981
1.47,10,1050.21995
1.36,10,1050.254906
1.36,8,1050.280883
1.14,4,1050.294444
-0.65,9,1050.323146
-0.3,20,1050.38372
1.42,10,1050.422595
1.54,9,1050.449026
1.48,10,1050.481254
-0.13,18,1050.538539
1.64,10,1050.573142
-0.62,9,1050.603372
-0.77,7,1050.628909
1.14,4,1050.642443
1.64,10,1050.666357
-0.36,13,1050.715049
1.14,4,1050.729707
-0.43,15,1050.778644
1.99,20,1050.840666
-0.62,15,1050.894045
1.54,9,1050.916257
1.14,4,1050.92962
1.55,10,1050.964377
1.75,14,1051.004042
-0.72,10,1051.037415
1.46,11,1051.075822
1.59,12,1051.114615
1.61,10,1051.151972
-0.65,10,1051.185752
1.14,4,1051.200207
1.53,10,1051.232955
1.59,10,1051.264919
1.66,10,1051.298412
-0.59,12,1051.342374
1.66,15,1051.39552
1.14,4,1051.410287
1.44,14,1051.450317
-0.35,15,1051.498208
1.64,10,1051.524215
1.55,11,1051.56138
1.49,11,1051.598646
1.51,9,1051.630709
1.5,10,1051.668738
1.53,10,1051.706411
1.14,4,1051.720458
-0.42,14,1051.763442
1.32,9,1051.787778
1.54,9,1051.813674
1.88,17,1051.863879
1.66,10,1051.896051
1.29,9,1051.926001
1.14,4,1051.9431
1.14,4,1051.957157
-0.76,15,1052.01207
1.5,11,1052.066683
1.14,4,1052.091294
1.41,8,1052.128245
-0.39,14,1052.198107
1.14,4,1052.212871
1.14,4,1052.229641
1.61,14,1052.273457
1.41,9,1052.300268
1.41,13,1052.347837
1.54,9,1052.373195
1.43,10,1052.40618
1.14,4,1052.416456
1.6,11,1052.453084
1.43,10,1052.487422
1.5,15,1052.530205
1.64,10,1052.559887
-0.52,13,1052.615158
-0.5,10,1052.64555
1.64,10,1052.679193
1.33,11,1052.713089
-0.54,13,1052.763
2.12,20,1052.816654
1.58,10,1052.845846
-0.57,9,1052.878597
1.5,17,1052.935332
1.49,12,1052.978321
1.41,11,1053.019699
1.63,16,1053.074452
1.69,18,1053.133063
1.47,10,1053.169403
1.5,10,1053.2066
-0.83,13,1053.250044
1.55,11,1053.286045
-0.47,14,1053.330616
1.5,11,1053.363965
-0.55,14,1053.404097
1.56,9,1053.428941
1.35,9,1053.460039
1.44,9,1053.486761
1.14,4,1053.499699
1.14,4,1053.514219
1.54,9,1053.547568
1.14,4,1053.562202
1.29,10,1053.592114
1.88,14,1053.64439
-0.19,18,1053.694136
1.65,13,1053.738257
-0.28,17,1053.794355
1.14,4,1053.808029
-0.53,14,1053.848538
1.45,9,1053.878253
1.54,9,1053.90542
1.77,15,1053.952708
1.54,9,1053.982237
1.64,10,1054.008059
1.64,10,1054.042954
1.39,10,1054.079567
-0.57,16,1054.131419
1.54,9,1054.159474
1.69,10,1054.192499
-0.26,16,1054.246102
-0.56,16,1054.312713
1.14,4,1054.366924
1.45,10,1054.408846
-0.48,15,1054.455989
-0.71,6,1054.477602
1.34,13,1054.518716
1.69,10,1054.552671
1.44,8,1054.583282
1.69,11,1054.625719
-0.53,12,1054.66821
1.64,10,1054.71005
1.76,15,1054.767424
1.46,11,1054.806653
1.14,4,1054.819164
1.48,15,1054.870256
1.54,9,1054.900482
1.64,10,1054.938269
1.74,11,1054.974675
1.17,11,1055.010839
1.33,8,1055.038766
1.59,10,1055.071377
1.33,8,1055.100072
-0.38,13,1055.141761
1.53,13,1055.177038
1.64,10,1055.212106
1.42,10,1055.247458
1.61,10,1055.280456
1.14,4,1055.294399
1.54,9,1055.322357
1.25,9,1055.351994
1.5,10,1055.387843
1.28,11,1055.421143
1.48,9,1055.452594
-0.66,10,1055.485134
-0.58,11,1055.522324
1.62,12,1055.568797
-0.31,17,1055.640315
1.48,12,1055.688554
1.64,10,1055.726652
-0.23,13,1055.782821
-0.31,14,1055.829809
-0.25,19,1055.899499
-0.6,9,1055.928866
1.53,10,1055.96019
1.14,4,1055.975974
-0.43,21,1056.036331
-0.3,15,1056.081218
1.54,9,1056.108266
-0.62,9,1056.140861
1.66,10,1056.171969
1.41,11,1056.212092
1.64,10,1056.239184
1.55,10,1056.280516
1.58,11,1056.319749
1.64,10,1056.356924
1.38,9,1056.391273
1.64,10,1056.432446
1.52,12,1056.470675
1.64,10,1056.508316
-0.23,15,1056.575033
-0.18,13,1056.627916
-0.38,14,1056.685342
1.14,4,1056.700449
1.58,14,1056.755189
1.47,12,1056.805117
1.54,9,1056.831961
1.14,4,1056.845732
1.3,9,1056.878222
1.32,9,1056.910343
1.54,11,1056.94521
1.14,4,1056.958966
1.6,14,1057.003941
-0.38,15,1057.05915
1.73,13,1057.103052
1.33,10,1057.137348
1.6,11,1057.26245
-0.46,16,1057.320616
-0.48,17,1057.373772
-0.36,17,1057.426373
1.14,4,1057.438167
1.35,9,1057.475497
-0.66,10,1057.517843
-0.54,12,1057.56238
1.51,10,1057.598094
1.37,10,1057.631018
1.14,4,1057.644342
1.46,9,1057.669925
1.64,10,1057.70571
-0.48,16,1057.757195
1.52,11,1057.788796
1.82,16,1057.84337
1.54,9,1057.875263
-0.48,11,1057.918763
1.54,9,1057.947851
1.69,12,1057.985933
1.64,10,1058.020951
1.53,10,1058.057289
1.78,15,1058.101488
-0.14,15,1058.148044
1.57,11,1058.18605
-0.44,14,1058.235285
1.42,10,1058.265118
-0.14,16,1058.321532
1.49,12,1058.364686
1.7,14,1058.406811
1.61,10,1058.445562
1.75,13,1058.490455
1.58,17,1058.547158
-0.57,12,1058.590007
1.53,10,1058.630038
1.14,4,1058.643762
-0.5,11,1058.678838
1.34,10,1058.716677
1.55,11,1058.756211
1.64,10,1058.789961
1.64,10,1058.830192
1.56,10,1058.866583
1.64,10,1058.901793
1.14,4,1058.91771
1.32,9,1058.953196
-0.4,15,1059.016442
1.49,9,1059.052313
1.33,8,1059.081542
1.51,9,1059.118342
1.38,11,1059.166204
1.66,15,1059.298991
1.14,4,1059.309096
1.47,10,1059.346868
1.64,10,1059.383335
-0.45,17,1059.443041
1.42,10,1059.47182
1.14,4,1059.48613
-0.44,16,1059.543988
1.42,10,1059.581473
1.24,12,1059.617598
1.53,10,1059.645242
1.29,9,1059.680892
1.14,4,1059.689435
1.64,10,1059.720589
1.46,9,1059.750549
1.27,8,1059.775227
1.14,4,1059.787502
-0.36,14,1059.833321
1.54,9,1059.86079
1.64,10,1059.894657
1.14,4,1059.90825
-0.53,17,1059.969163
1.54,9,1059.998645
1.68,15,1060.04411
1.53,10,1060.069288
-0.49,13,1060.109718
1.44,11,1060.144326
1.37,13,1060.196217
1.14,4,1060.20805
1.35,9,1060.240161
1.47,10,1060.271701
1.64,10,1060.309308
1.38,9,1060.3343
1.14,4,1060.34718
1.22,8,1060.373514
-0.04,17,1060.532192
-0.48,15,1060.602244
1.14,4,1060.615263
1.53,10,1060.655758
1.64,10,1060.698893
1.71,12,1060.749329
1.14,4,1060.770709
1.59,10,1060.813934
1.65,14,1060.867831
-0.38,17,1060.930936
1.52,11,1060.973032
-0.53,13,1061.025308
1.49,11,1061.070648
-0.15,15,1061.127161
1.54,9,1061.158201
-0.5,20,1061.217698
1.14,4,1061.232374
-0.49,18,1061.290782
1.14,4,1061.304845
1.58,10,1061.338625
-0.48,12,1061.375609
1.53,12,1061.416719
-0.5,11,1061.457643
1.54,9,1061.492288
1.48,10,1061.538466
-0.45,18,1061.615739
1.64,10,1061.663177
1.54,9,1061.705761
1.43,10,1061.745384
1.64,10,1061.787285
1.54,11,1061.833184
1.42,10,1061.874431
1.46,12,1061.90949
1.41,9,1061.940175
1.74,11,1061.980071
1.59,12,1062.019051
-0.57,9,1062.051038
1.44,9,1062.083355
1.57,12,1062.123908
1.29,7,1062.142972
1.48,9,1062.175624
1.66,11,1062.206494
1.14,4,1062.221579
1.61,13,1062.274259
1.39,10,1062.302305
1.31,10,1062.333464
1.46,12,1062.371521
1.58,10,1062.408114
1.44,8,1062.434986
1.33,8,1062.457385
1.14,4,1062.467665
1.54,9,1062.493896
1.52,14,1062.539471
1.3,11,1062.568576
1.14,4,1062.581832
1.63,12,1062.618489
1.7,12,1062.66195
1.4,9,1062.68909
-0.67,9,1062.718208
1.43,9,1062.75076
1.33,8,1062.779504
1.55,11,1062.828252
1.69,16,1062.908658
1.39,10,1062.941569
1.14,4,1062.958571
1.44,8,1062.98323
1.64,10,1063.015068
1.31,13,1063.052768
1.42,11,1063.093398
1.25,11,1063.13206
-0.53,11,1063.172953
1.54,9,1063.199534
-0.4,15,1063.245195
-0.35,12,1063.287721
1.54,10,1063.325219
1.38,11,1063.358346
1.36,8,1063.395103
1.35,9,1063.428546
-0.59,8,1063.457667
1.23,8,1063.485676
1.46,9,1063.521154
1.94,17,1063.581495
1.56,10,1063.615263
1.5,13,1063.660375
1.72,15,1063.712166
1.54,9,1063.741355
1.41,11,1063.848664
-0.81,9,1063.881791
1.29,9,1063.91415
1.54,9,1063.941538
-0.7,11,1063.980069
1.33,8,1064.010523
1.64,10,1064.046405
-0.55,11,1064.089833
1.51,9,1064.12391
1.36,8,1064.153212
1.53,10,1064.194761
1.54,16,1064.247998
1.48,10,1064.280838
1.61,15,1064.329804
1.29,9,1064.365528
1.72,13,1064.410556
1.53,10,1064.447179
1.14,4,1064.461168
1.53,10,1064.49155
1.46,9,1064.519574
1.38,11,1064.551071
1.56,9,1064.586578
1.14,4,1064.60142
1.61,10,1064.632517
1.39,10,1064.663654
1.14,4,1064.67537
1.42,12,1064.709441
1.14,4,1064.718311
1.37,12,1064.756801
1.14,4,1064.766529
1.61,11,1064.803859
1.14,4,1064.816232
1.85,17,1064.871729
1.56,9,1064.903108
1.61,10,1064.937746
1.46,12,1064.976494
-0.42,16,1065.047642
1.4,9,1065.092136
1.64,10,1065.241325
1.61,10,1065.284707
-0.72,8,1065.316668
1.12,7,1065.343004
1.14,4,1065.363694
-0.72,8,1065.402725
1.52,11,1065.448544
1.35,9,1065.474968
1.39,11,1065.512476
1.44,11,1065.551199
1.45,10,1065.586027
1.66,10,1065.619722
1.53,11,1065.667955
1.51,16,1065.73632
-0.36,18,1065.807207
1.66,13,1065.861268
1.74,13,1065.929338
-0.74,6,1065.959524
1.22,11,1066.013163
-0.39,19,1066.083763
-0.71,7,1066.1163
1.71,14,1066.178139
-0.43,11,1066.236672
1.37,10,1066.28912
1.64,13,1066.346874
1.56,10,1066.391629
1.4,9,1066.439341
1.64,10,1066.568932
1.61,12,1066.640383
1.66,11,1066.695682
1.64,13,1066.772233
1.51,11,1066.824966
1.46,12,1066.894618
-0.31,17,1066.98111
1.64,10,1067.014427
1.42,10,1067.058257
1.43,9,1067.095602
1.39,9,1067.146688
1.14,4,1067.162351
-0.29,14,1067.217599
1.93,19,1067.283049
1.38,15,1067.340379
1.37,10,1067.372648
1.54,9,1067.398131
-0.12,17,1067.457932
1.32,11,1067.497204
1.54,9,1067.529386
1.35,9,1067.561024
1.35,9,1067.591563
1.41,13,1067.630553
1.64,10,1067.664057
1.44,8,1067.688821
-0.43,11,1067.734093
1.56,9,1067.76509
-0.39,12,1067.808894
-0.33,17,1067.863462
1.59,16,1067.913581
-0.45,13,1067.962006
-0.39,11,1068.010545
1.58,12,1068.055002
-0.62,9,1068.099365
-0.45,11,1068.14697
1.66,10,1068.18293
1.33,11,1068.230783
-0.55,10,1068.272218
1.32,9,1068.311525
1.46,8,1068.343422
1.5,10,1068.379061
1.48,10,1068.427239
1.41,11,1068.470775
1.41,11,1068.520236
1.14,4,1068.537619
-0.44,21,1068.611945
1.32,9,1068.727274
1.21,9,1068.774401
-0.52,12,1068.822734
-0.89,8,1068.859569
-0.4,17,1068.928365
1.14,4,1068.941693
1.48,10,1068.979382
1.45,12,1069.022014
-0.61,11,1069.057942
1.45,9,1069.090883
1.54,9,1069.118421
-0.69,14,1069.167821
1.64,10,1069.20125
1.14,4,1069.215598
1.54,9,1069.24481
-0.61,13,1069.280237
1.47,11,1069.31503
1.58,10,1069.350005
1.43,9,1069.376803
1.48,9,1069.406901
1.7,12,1069.446367
-0.73,8,1069.477516
1.58,15,1069.527666
1.49,9,1069.553207
1.14,4,1069.563794
1.47,10,1069.597346
1.14,4,1069.611875
1.46,9,1069.645828
1.14,4,1069.658298
1.14,4,1069.672716
1.5,10,1069.710042
-0.81,8,1069.737424
1.43,12,1069.771118
-0.71,6,1069.794736
1.59,13,1069.839078
1.56,10,1069.876893
-0.51,20,1069.938858
1.64,10,1069.97671
-0.65,12,1070.017378
1.14,4,1070.035093
1.48,9,1070.06388
1.14,4,1070.078863
1.64,10,1070.112399
1.55,11,1070.147186
1.36,8,1070.175234
1.47,11,1070.214556
1.14,4,1070.228085
-0.39,14,1070.280581
-0.52,14,1070.33104
1.56,9,1070.369287
-0.47,16,1070.428127
-0.66,12,1070.467123
1.41,9,1070.501442
1.54,9,1070.536025
-0.55,13,1070.583893
1.23,8,1070.611374
1.39,13,1070.660143
1.32,9,1070.691135
1.43,9,1070.725158
1.55,11,1070.771347
-0.4,12,1070.816426
1.38,14,1070.861287
-0.52,18,1070.924098
-0.63,10,1070.960921
-0.74,10,1070.999402
1.14,4,1071.014124
1.5,10,1071.04937
1.7,15,1071.102581
1.68,15,1071.156636
1.63,11,1071.193958
1.49,10,1071.230129
1.14,4,1071.243302
1.69,16,1071.294223
1.54,9,1071.325961
1.35,12,1071.364923
1.14,4,1071.382812
1.49,10,1071.420938
1.53,10,1071.455174
1.46,9,1071.490374
1.14,4,1071.508155
1.18,15,1071.562154
1.43,12,1071.60228
1.14,4,1071.613934
1.48,9,1071.645968
1.4,9,1071.675601
-0.37,15,1071.73363
1.46,11,1071.775624
-0.57,9,1071.823092
1.43,9,1071.852549
1.64,10,1071.892083
1.64,10,1071.938906
-0.41,13,1071.992375
0.79,21,1072.071151
1.47,12,1072.113153
1.54,9,1072.149251
1.14,4,1072.164239
1.42,12,1072.203762
1.14,4,1072.218415
1.52,11,1072.255882
1.14,4,1072.272163
1.66,11,1072.312725
1.34,9,1072.342659
1.14,4,1072.356132
1.46,11,1072.398145
1.36,12,1072.441591
1.19,11,1072.481812
1.53,11,1072.515926
1.59,13,1072.558516
1.4,9,1072.585959
-0.55,11,1072.618246
1.22,9,1072.64758
1.61,17,1072.706203
1.14,4,1072.719858
1.58,10,1072.757891
1.52,12,1072.80827
1.7,12,1072.856565
1.14,4,1072.871186
1.64,10,1072.909244
-0.41,10,1072.951804
-0.47,10,1072.987733
1.58,10,1073.02194
-0.44,19,1073.086677
1.54,9,1073.124129
1.51,9,1073.169292
1.38,12,1073.219475
1.55,12,1073.338068
1.55,10,1073.37726
1.36,8,1073.407591
1.14,4,1073.420825
1.49,11,1073.45121
1.14,4,1073.464749
1.14,4,1073.480597
1.52,11,1073.515838
1.14,4,1073.52877
1.14,4,1073.543309
1.51,10,1073.585063
1.63,12,1073.627418
1.33,8,1073.652703
1.43,12,1073.693461
1.68,16,1073.75069
-0.39,16,1073.808758
1.54,9,1073.842839
-0.31,11,1073.884918
1.52,11,1073.924106
1.14,4,1073.938058
1.45,10,1073.976113
1.61,10,1074.008669
1.45,10,1074.042518
-0.38,20,1074.114111
-0.79,9,1074.151361
1.71,15,1074.208765
1.51,12,1074.256508
1.81,15,1074.388088
1.47,10,1074.434552
1.53,13,1074.485641
1.43,10,1074.524024
1.41,11,1074.565255
-0.36,15,1074.612874
1.54,9,1074.654991
1.14,4,1074.673633
-0.35,12,1074.722585
1.43,9,1074.758407
1.53,11,1074.803331
-0.32,12,1074.849228
1.54,9,1074.881777
-0.67,11,1074.924655
1.14,4,1074.936214
1.72,12,1074.982224
1.3,9,1075.016614
1.46,9,1075.050271
1.31,7,1075.073635
1.14,4,1075.089228
-0.44,15,1075.143411
1.31,11,1075.1778
-0.67,16,1075.225286
-0.32,15,1075.284985
-0.22,16,1075.341832
-0.75,11,1075.387017
-0.71,6,1075.406579
1.72,12,1075.45775
1.55,15,1075.508974
1.64,10,1075.544778
1.54,9,1075.573705
-0.69,10,1075.614383
1.45,9,1075.65218
1.64,10,1075.683895
1.14,4,1075.696964
1.62,12,1075.738586
1.59,11,1075.774953
1.39,10,1075.80932
-0.17,14,1075.863733
1.4,9,1075.899148
-0.58,11,1075.938591
-0.61,11,1075.981198
-0.69,12,1076.022907
1.34,10,1076.05387
-0.41,15,1076.105229
-0.77,7,1076.126695
1.54,9,1076.159514
-0.77,10,1076.201259
1.36,8,1076.230812
1.27,12,1076.281214
1.67,13,1076.336573
-0.38,16,1076.398712
1.64,10,1076.438755
1.53,10,1076.480318
1.14,4,1076.496166
1.58,13,1076.544389
-0.32,16,1076.599966
1.43,10,1076.630506
1.14,4,1076.644738
1.14,4,1076.662856
1.57,11,1076.706362
-0.41,10,1076.751999
1.14,4,1076.767817
1.14,4,1076.784845
1.65,12,1076.83113
1.55,15,1076.881477
1.29,10,1076.917207
-0.4,18,1076.978311
-0.47,11,1077.02343
1.55,10,1077.070377
1.55,11,1077.124182
1.59,16,1077.189406
1.54,9,1077.307247
1.69,10,1077.369149
1.61,10,1077.422258
1.69,11,1077.463332
1.58,10,1077.502262
1.14,4,1077.517978
1.35,9,1077.549493
1.14,4,1077.566731
1.49,9,1077.600498
-0.54,14,1077.651311
1.69,11,1077.686216
1.47,10,1077.722579
-0.51,18,1077.785994
1.14,4,1077.799184
1.51,10,1077.834042
1.59,16,1077.885776
1.76,15,1077.94091
1.14,4,1077.953808
-0.16,19,1078.097982
1.62,13,1078.140417
1.32,9,1078.173089
1.38,11,1078.214943
1.3,11,1078.250587
-0.63,10,1078.287097
-0.36,18,1078.346121
1.43,12,1078.38929
1.64,10,1078.425261
1.56,9,1078.456908
1.54,9,1078.491375
1.55,11,1078.533396
1.64,10,1078.56383
1.14,4,1078.579577
1.48,11,1078.613865
1.14,4,1078.627003
1.64,10,1078.662499
1.25,8,1078.691822
1.56,15,1078.735889
1.64,10,1078.764071
1.74,15,1078.818401
-0.15,18,1078.883132
1.54,13,1078.921572
1.45,10,1078.957226
1.9,14,1079.013592
1.44,9,1079.045757
1.29,9,1079.072239
1.14,4,1079.083368
-0.6,12,1079.126105
-0.51,12,1079.170564
1.33,9,1079.201286
1.66,10,1079.231874
1.3,11,1079.268497
1.68,11,1079.318837
-0.41,10,1079.366475
1.31,10,1079.413175
1.49,11,1079.464332
-0.53,13,1079.521281
1.38,9,1079.564851
1.59,13,1079.614767
-0.17,19,1079.688626
1.61,10,1079.723603
1.14,4,1079.738606
1.14,4,1079.750761
1.49,12,1079.793177
1.42,10,1079.831983
1.14,4,1079.846811
1.36,10,1079.884803
1.32,9,1079.92413
1.14,4,1079.944327
1.58,10,1079.989761
1.45,9,1080.03413
-0.6,13,1080.088961
-0.57,16,1080.154107
1.67,14,1080.202759
1.37,10,1080.241667
-0.41,15,1080.295825
1.25,10,1080.32902
1.76,15,1080.377858
1.64,10,1080.404531
1.37,10,1080.444887
1.14,4,1080.46178
1.53,11,1080.499644
1.36,8,1080.529696
-0.32,11,1080.564548
1.64,10,1080.602623
1.54,9,1080.63371
1.43,12,1080.668889
1.14,4,1080.680707
1.28,10,1080.712542
-0.62,13,1080.755313
1.14,4,1080.770016
1.38,12,1080.812482
1.54,9,1080.846073
-0.36,20,1080.910624
1.58,10,1080.943693
1.52,14,1080.995737
-0.45,14,1081.039881
1.62,12,1081.083402
1.32,9,1081.117963
1.43,9,1081.144732
1.55,11,1081.178906
1.25,11,1081.212146
1.14,4,1081.222919
1.77,19,1081.283485
1.41,11,1081.319004
-0.6,15,1081.368333
-0.02,16,1081.4169
-0.45,18,1081.477586
1.14,4,1081.492485
1.49,9,1081.519426
1.63,11,1081.557799
1.56,10,1081.590401
1.54,9,1081.626846
-0.37,15,1081.673569
2.01,17,1081.732886
1.66,11,1081.779072
1.69,10,1081.815665
1.58,10,1081.848582
1.53,10,1081.877059
1.62,19,1081.943961
1.74,11,1081.984039
-0.34,12,1082.029309
1.53,13,1082.076425
1.14,4,1082.090041
1.54,9,1082.119372
1.49,12,1082.165359
1.64,10,1082.20005
1.39,19,1082.262832
1.52,11,1082.298017
1.27,8,1082.321914
1.14,4,1082.338055
1.14,4,1082.353004
1.43,9,1082.391297
-0.69,16,1082.443926
1.64,10,1082.480349
1.49,11,1082.520292
1.29,9,1082.552584
1.63,12,1082.596126
1.14,4,1082.611116
1.39,8,1082.640152
1.46,9,1082.673524
1.45,10,1082.713266
-0.89,8,1082.746273
1.45,10,1082.778233
1.38,9,1082.812029
1.64,11,1082.847828
1.14,4,1082.911062
-0.46,16,1082.98847
1.52,11,1083.021769
1.65,12,1083.057235
-0.78,8,1083.085923
-0.53,17,1083.145401
1.64,10,1083.179248
1.3,12,1083.218943
1.51,9,1083.244409
1.31,10,1083.276697
1.58,14,1083.327076
-0.39,17,1083.374548
-0.56,11,1083.414499
1.4,12,1083.454059
-0.54,13,1083.498936
-0.33,18,1083.550741
1.37,10,1083.580181
1.35,9,1083.609534
1.35,14,1083.65316
1.14,4,1083.666067
1.36,8,1083.694934
-0.33,17,1083.74514
1.14,4,1083.760332
-0.6,18,1083.818445
1.55,11,1083.854332
-0.15,14,1083.903746
1.53,10,1083.938111
1.64,10,1083.970734
1.53,10,1084.00566
1.35,12,1084.047181
1.54,9,1084.077574
-0.53,15,1084.127328
1.49,14,1084.175386
1.62,13,1084.216728
1.75,18,1084.278711
1.61,10,1084.314339
1.14,4,1084.329163
1.14,4,1084.343422
1.69,10,1084.379405
1.55,11,1084.412547
1.5,14,1084.458962
1.43,10,1084.490599
1.56,9,1084.525132
1.66,21,1084.586842
-0.72,11,1084.625153
-0.74,9,1084.655018
1.66,10,1084.687213
1.14,4,1084.698328
1.6,12,1084.739175
1.23,9,1084.772249
1.36,11,1084.807866
1.31,10,1084.845002
1.58,10,1084.880201
1.39,10,1084.914574
1.32,9,1084.947538
1.54,12,1084.989936
-0.29,20,1085.047545
-0.73,8,1085.07612
1.49,10,1085.116335
1.54,9,1085.146502
1.54,9,1085.176239
1.66,10,1085.212845
1.48,9,1085.24494
1.38,9,1085.27544
1.66,10,1085.313584
-0.64,9,1085.346944
1.47,14,1085.397019
1.48,10,1085.430726
1.44,11,1085.467908
1.54,9,1085.496473
-0.52,12,1085.535013
1.66,11,1085.573496
-0.28,18,1085.643052
1.54,9,1085.670049
-0.34,13,1085.720096
1.39,10,1085.749768
1.55,11,1085.786426
1.61,10,1085.817417
1.54,9,1085.855784
0.01,21,1085.920627
1.49,13,1085.962379
-0.69,14,1086.07727
1.56,9,1086.110319
1.61,10,1086.140905
-0.61,13,1086.1921
1.26,17,1086.240119
1.69,10,1086.278864
-0.44,13,1086.330146
1.48,14,1086.379826
1.14,4,1086.394855
1.8,15,1086.448123
-0.56,14,1086.488912
1.43,12,1086.528006
-0.51,14,1086.574713
-0.34,14,1086.625082
1.41,9,1086.660106
1.56,9,1086.692493
1.14,4,1086.706776
1.59,14,1086.751143
-0.35,16,1086.809378
1.44,9,1086.844766
1.5,10,1086.879659
1.64,10,1086.916479
-0.65,9,1086.953583
-0.8,7,1086.982462
1.43,9,1087.01846
1.46,9,1087.058989
-0.49,18,1087.132513
1.23,7,1087.164939
1.55,12,1087.224305
-0.49,13,1087.28804
1.59,12,1087.347041
1.44,11,1087.388683
1.14,4,1087.403382
-0.71,9,1087.441561
-0.52,13,1087.493371
-0.59,14,1087.613761
1.6,11,1087.669397
-0.39,15,1087.717444
1.39,10,1087.750278
-0.39,21,1087.820287
1.51,10,1087.854691
1.14,4,1087.867906
1.4,8,1087.894018
1.61,10,1087.933212
1.13,5,1087.947405
1.65,12,1087.987664
1.53,10,1088.020651
1.64,10,1088.058105
-0.81,5,1088.076103
1.5,11,1088.117911
1.51,9,1088.150376
1.33,8,1088.180676
1.54,9,1088.212844
1.43,9,1088.251153
1.64,10,1088.285839
1.41,10,1088.320446
1.39,11,1088.352433
1.57,11,1088.394166
1.14,4,1088.410602
1.14,4,1088.427986
1.47,12,1088.485554
-0.36,13,1088.540733
-0.59,12,1088.588833
1.6,17,1088.656101
1.57,11,1088.698062
1.4,9,1088.742011
1.49,15,1088.79846
0.89,21,1088.88084
-0.52,14,1088.94118
1.8,15,1089.003736
1.46,9,1089.045238
1.36,8,1089.081933
1.64,10,1089.125289
1.59,12,1089.174459
1.36,8,1089.204358
-0.74,7,1089.228291
1.14,4,1089.242182
1.4,10,1089.279839
1.54,9,1089.310762
1.64,10,1089.351237
1.62,12,1089.395095
-0.72,9,1089.425384
1.14,4,1089.439289
1.59,10,1089.469675
1.64,10,1089.505904
1.64,10,1089.541549
1.55,11,1089.576353
1.54,9,1089.607304
1.43,12,1089.645515
1.69,10,1089.685969
-0.78,8,1089.714576
1.31,10,1089.746564
1.14,4,1089.759705
-0.49,9,1089.800642
1.14,4,1089.81408
1.61,13,1089.858165
1.51,10,1089.892925
1.54,9,1089.922015
1.54,9,1089.952414
1.51,15,1090.01194
1.43,12,1090.051031
1.33,8,1090.083031
1.54,9,1090.11428
1.38,8,1090.14555
-0.41,10,1090.17878
1.36,8,1090.211002
1.37,13,1090.253466
1.25,10,1090.284781
1.56,10,1090.320617
1.21,9,1090.356083
-0.43,15,1090.412451
1.53,10,1090.447812
1.14,4,1090.462291
-0.4,15,1090.507543
1.54,9,1090.535035
1.48,9,1090.567467
1.54,9,1090.603978
1.83,16,1090.656997
1.62,13,1090.696453
1.14,4,1090.709491
-0.45,17,1090.769573
1.53,10,1090.80772
1.64,10,1090.842633
1.25,12,1090.887845
-0.47,17,1090.941289
-0.66,10,1090.977485
-0.49,16,1091.028608
-0.84,14,1091.074452
1.72,12,1091.110671
1.45,10,1091.149804
1.53,10,1091.176982
-0.35,16,1091.227349
1.46,15,1091.281154
1.14,4,1091.293124
1.37,10,1091.329845
1.54,9,1091.361237
1.47,10,1091.397768
1.38,9,1091.435832
1.54,9,1091.46861
1.64,10,1091.506132
-0.25,17,1091.572301
1.47,10,1091.601862
-0.53,15,1091.654803
1.44,14,1091.699425
1.43,9,1091.735883
1.32,9,1091.76657
1.48,10,1091.799622
1.49,11,1091.841219
1.3,9,1091.87355
1.53,10,1091.982253
1.54,9,1092.015495
1.47,10,1092.045529
1.53,10,1092.079836
1.39,11,1092.119504
1.53,14,1092.156055
-0.6,11,1092.189127
1.56,9,1092.220346
1.14,4,1092.235568
1.64,10,1092.271113
1.35,9,1092.301425
-0.41,17,1092.359664
1.14,4,1092.376213
1.56,10,1092.410388
1.83,16,1092.461951
1.39,11,1092.502663
1.55,11,1092.554132
1.14,4,1092.568331
1.45,14,1092.622662
1.54,9,1092.660337
1.41,11,1092.706796
-0.62,9,1092.743309
1.55,11,1092.786583
-0.6,16,1092.841393
-0.46,17,1092.894066
1.54,9,1092.923609
1.51,12,1092.967689
1.44,9,1093.004301
1.51,9,1093.043275
1.44,9,1093.0759
1.62,11,1093.123339
1.63,12,1093.172923
1.55,11,1093.211537
1.47,10,1093.241667
1.48,10,1093.281407
-0.6,10,1093.315523
1.54,9,1093.354072
-0.56,14,1093.410532
1.46,9,1093.448392
1.71,11,1093.493595
1.54,9,1093.53264
1.47,11,1093.578415
-0.29,18,1093.639503
1.5,10,1093.680255
1.21,10,1093.720715
1.67,12,1093.76644
1.54,15,1093.837783
1.54,9,1093.874741
1.54,9,1093.916121
-0.5,10,1093.949672
-0.5,12,1093.989773
1.55,11,1094.02676
-0.53,18,1094.081935
-0.39,12,1094.122844
1.64,10,1094.160397
1.14,4,1094.171733
-0.55,14,1094.218874
-0.56,11,1094.25805
1.54,9,1094.289515
1.69,10,1094.327194
-0.47,18,1094.383096
1.57,12,1094.418441
1.19,8,1094.445416
-0.52,11,1094.486028
1.55,11,1094.524278
1.35,14,1094.57074
1.19,14,1094.614303
1.47,10,1094.64115
-0.35,16,1094.691717
1.44,9,1094.722806
-0.18,17,1094.783973
1.45,10,1094.819681
-0.09,19,1094.879948
1.64,10,1094.913117
1.14,4,1094.927639
1.33,10,1094.964601
1.54,9,1094.99151
1.76,19,1095.051773
1.66,10,1095.085403
1.54,9,1095.114198
1.44,10,1095.152725
1.33,8,1095.180937
1.37,10,1095.218385
1.55,10,1095.252545
1.32,9,1095.285853
1.42,13,1095.32205
1.14,4,1095.337207
1.14,4,1095.351352
1.29,9,1095.385607
-0.33,12,1095.430786
1.14,4,1095.446102
-0.3,20,1095.498536
1.63,16,1095.550457
1.38,11,1095.591686
-0.37,21,1095.654836
1.51,9,1095.682925
1.36,8,1095.714613
-0.83,11,1095.759606
1.49,11,1095.794951
1.36,10,1095.819683
1.14,4,1095.834174
1.14,4,1095.844901
1.54,9,1095.875168
1.86,14,1095.919679
1.64,16,1095.972384
1.59,13,1096.00769
1.35,9,1096.039671
1.14,4,1096.05291
1.59,12,1096.098224
1.32,9,1096.132427
1.14,4,1096.147109
-0.26,11,1096.186162
1.55,15,1096.239799
1.6,11,1096.279397
1.33,8,1096.307923
-0.56,13,1096.352929
1.35,11,1096.389037
1.64,10,1096.424771
1.75,16,1096.476968
1.54,9,1096.500972
1.57,11,1096.540308
-0.47,14,1096.589429
1.55,11,1096.627173
1.48,10,1096.65801
1.64,10,1096.689886
1.45,10,1096.721054
1.55,16,1096.777089
1.46,11,1096.913253
-0.45,12,1096.968178
1.18,7,1096.994192
1.14,4,1097.004517
1.45,10,1097.037319
-0.46,12,1097.08325
-0.39,11,1097.123451
1.54,9,1097.150673
1.43,9,1097.184696
1.64,11,1097.221993
-0.49,19,1097.277611
1.31,10,1097.319896
1.61,10,1097.351433
1.7,17,1097.409688
1.64,10,1097.448257
1.51,13,1097.490733
-0.69,11,1097.5295
1.53,13,1097.573184
1.54,13,1097.619678
-0.5,11,1097.659961
-0.54,11,1097.698927
1.58,13,1097.747033
-0.5,15,1097.795724
1.32,9,1097.825995
1.56,15,1097.874684
1.6,12,1097.91992
-0.72,15,1097.968504
1.55,11,1098.001686
-0.73,9,1098.037991
1.14,4,1098.054797
-0.69,12,1098.093955
-0.42,10,1098.128693
1.63,12,1098.167077
1.35,13,1098.213987
1.48,10,1098.253362
1.55,10,1098.29059
1.53,11,1098.336511
1.64,10,1098.375495
1.53,10,1098.410955
-0.28,21,1098.483155
1.38,9,1098.520422
-0.63,9,1098.557288
1.39,10,1098.661212
1.36,8,1098.688621
1.36,7,1098.716559
1.6,13,1098.757657
1.14,4,1098.767635
-0.49,15,1098.817362
1.58,11,1098.854696
1.38,9,1098.886529
-0.7,9,1098.917809
-0.67,15,1098.970049
1.39,10,1099.005397
1.46,9,1099.033254
1.47,10,1099.066906
-0.77,9,1099.102394
-0.61,12,1099.145227
-0.55,16,1099.195389
1.54,9,1099.223427
-0.21,12,1099.264327
1.14,4,1099.276494
1.84,15,1099.320959
1.64,10,1099.351211
1.29,9,1099.382628
-0.53,14,1099.433178
1.65,14,1099.47809
1.35,9,1099.513162
1.64,10,1099.547521
1.78,13,1099.594672
1.56,9,1099.629279
1.46,9,1099.65839
-0.27,16,1099.710269
1.14,4,1099.720271
1.54,9,1099.748083
1.58,12,1099.783003
1.63,11,1099.821603
-0.58,13,1099.86535
1.58,11,1099.909606
-0.46,14,1099.953828
1.54,9,1099.988451
1.54,9,1100.017667
1.66,10,1100.048828
1.48,10,1100.085217
-0.64,14,1100.129844
1.14,4,1100.141843
1.59,13,1100.188002
1.64,10,1100.221887
-0.75,11,1100.261227
1.97,19,1100.322089
1.54,12,1100.356255
1.56,10,1100.385742
1.48,12,1100.422167
-0.41,17,1100.468948
-0.44,17,1100.529503
-0.29,16,1100.577911
1.62,15,1100.62588
1.68,14,1100.671495
1.14,4,1100.684912
-0.41,10,1100.717192
1.38,9,1100.748886
-0.36,11,1100.785068
1.45,10,1100.825413
-0.65,12,1100.867148
1.54,13,1100.903915
1.78,11,1100.947424
1.14,4,1100.965271
-0.61,10,1100.997677
1.63,15,1101.050938
1.52,12,1101.096712
1.5,10,1101.13139
1.47,10,1101.166088
1.33,11,1101.201904
1.35,9,1101.232442
1.41,13,1101.280948
1.46,12,1101.325621
1.14,4,1101.340006
-0.45,12,1101.381026
1.53,10,1101.412499
1.32,9,1101.441711
1.32,11,1101.478792
-0.4,11,1101.517061
-0.47,11,1101.55882
-0.78,14,1101.601206
1.48,12,1101.643095
-0.56,12,1101.686284
1.39,10,1101.719628
1.28,8,1101.749361
1.53,10,1101.831482
1.64,10,1101.881329
1.44,9,1101.915108
-0.63,11,1101.950553
1.14,4,1101.961598
1.5,11,1101.999002
1.66,10,1102.032537
1.45,13,1102.075861
1.32,12,1102.122161
1.47,11,1102.162359
1.64,10,1102.195493
1.78,13,1102.234309
-0.43,17,1102.288233
1.49,9,1102.316592
1.27,9,1102.351324
1.49,10,1102.39341
1.53,10,1102.426661
1.62,14,1102.474313
1.68,16,1102.531711
1.14,4,1102.54597
1.64,17,1102.597617
1.38,9,1102.633396
1.37,10,1102.67793
1.14,4,1102.694471
1.43,9,1102.730797
1.14,4,1102.746345
1.56,9,1102.782423
-0.75,11,1102.833343
1.38,9,1102.869326
1.58,10,1102.914746
1.66,10,1102.956506
1.38,9,1102.993999
-0.29,14,1103.050846
1.66,10,1103.082644
1.54,9,1103.116816
1.19,5,1103.134943
1.5,14,1103.186636
1.35,9,1103.220553
1.46,9,1103.251642
-0.46,12,1103.298368
-0.32,18,1103.361022
1.66,10,1103.399417
0.14,16,1103.461938
1.56,9,1103.494203
1.14,4,1103.50987
1.37,9,1103.538361
1.56,9,1103.570459
-0.35,15,1103.612372
1.14,4,1103.625236
1.29,8,1103.65539
-0.94,7,1103.681201
1.44,11,1103.720667
1.87,14,1103.768753
1.54,12,1103.818307
1.53,10,1103.861048
-0.33,14,1103.909637
1.38,9,1103.944412
-0.08,19,1104.005213
1.36,8,1104.034621
-0.61,11,1104.077331
1.14,4,1104.091292
1.14,4,1104.105874
1.44,10,1104.146981
-0.7,8,1104.181183
1.33,11,1104.218465
1.54,9,1104.254597
1.14,4,1104.272925
1.14,4,1104.2838
1.28,8,1104.308969
-0.52,12,1104.348203
-0.5,10,1104.377223
1.47,10,1104.413432
1.54,9,1104.447031
1.27,8,1104.475507
1.56,10,1104.505349
1.19,5,1104.524209
1.37,10,1104.556594
1.45,13,1104.599639
1.55,15,1104.653761
1.58,10,1104.691371
1.14,4,1104.705817
-0.56,11,1104.742771
-0.32,15,1104.795207
1.71,14,1104.846239
1.47,10,1104.876286
1.56,10,1104.911293
1.52,11,1104.944248
1.14,4,1104.957801
1.38,9,1104.990295
1.59,13,1105.034217
1.66,10,1105.070694
1.14,4,1105.090633
1.54,9,1105.136639
1.43,10,1105.191083
1.76,11,1105.249741
1.54,12,1105.309223
1.32,9,1105.338619
1.54,9,1105.368346
1.35,9,1105.404454
1.44,11,1105.436432
1.38,11,1105.480468
-0.78,8,1105.511995
1.14,4,1105.52729
1.36,8,1105.555403
-0.07,19,1105.61651
1.14,4,1105.62757
-0.25,13,1105.664824
1.56,10,1105.711856
1.58,13,1105.763436
1.38,12,1105.808107
1.64,16,1105.860102
1.14,4,1105.874371
1.14,4,1105.887034
1.54,10,1105.92126
-0.52,10,1105.968302
1.57,15,1106.009713
1.14,4,1106.024291
1.69,11,1106.060395
1.3,8,1106.091082
1.54,9,1106.126715
1.42,11,1106.165107
1.14,4,1106.179858
1.29,12,1106.229054
1.33,11,1106.278048
1.61,13,1106.330431
1.47,10,1106.367664
1.44,11,1106.409547
1.59,10,1106.511865
1.54,9,1106.547598
1.14,4,1106.562546
-0.28,19,1106.63446
1.27,9,1106.659743
1.53,10,1106.692022
1.42,9,1106.726875
-0.52,12,1106.77824
1.54,9,1106.807475
1.31,7,1106.834471
1.62,13,1106.881454
1.31,7,1106.912699
1.16,8,1106.938544
1.64,10,1106.965402
-0.48,11,1106.995616
1.47,10,1107.027617
1.33,11,1107.069342
-0.37,14,1107.116776
1.47,10,1107.15561
-0.61,10,1107.194339
1.55,11,1107.242124
2.09,18,1107.314178
-0.35,16,1107.377059
1.14,4,1107.3943
1.86,14,1107.456528
1.14,4,1107.474
1.18,10,1107.519611
-0.74,9,1107.56114
1.54,9,1107.595365
-0.61,12,1107.648205
-0.14,21,1107.726912
1.57,11,1107.77451
1.49,11,1107.8154
1.41,11,1107.847054
1.33,8,1107.87956
1.55,11,1107.923927
1.42,12,1107.964752
1.64,10,1107.998157
1.56,10,1108.02699
-0.51,9,1108.057466
1.54,13,1108.100394
-0.49,12,1108.139019
1.47,10,1108.172838
1.4,8,1108.20235
-0.47,13,1108.243061
-0.81,8,1108.274176
1.3,8,1108.303172
1.14,4,1108.317145
1.38,9,1108.348175
1.45,13,1108.389834
1.58,11,1108.425811
1.14,4,1108.440595
-0.69,10,1108.475245
-0.81,11,1108.508636
1.14,4,1108.521809
1.56,9,1108.55482
1.58,11,1108.593741
1.54,9,1108.625731
-0.49,14,1108.693434
1.5,10,1108.740383
1.32,9,1108.788186
-0.28,19,1108.867559
-0.31,17,1108.923943
1.48,9,1108.959808
1.43,9,1108.992975
1.44,11,1109.030979
-0.42,17,1109.084605
1.56,9,1109.114851
1.54,9,1109.140854
1.47,13,1109.186529
1.56,9,1109.223042
-0.51,14,1109.268691
1.14,4,1109.280078
1.5,11,1109.323845
1.61,11,1109.36541
1.53,10,1109.399645
1.24,12,1109.443778
1.46,9,1109.474754
1.7,15,1109.521579
1.12,7,1109.543689
-0.55,12,1109.582893
1.61,16,1109.632434
1.53,10,1109.659703
1.39,17,1109.715852
1.45,10,1109.750143
1.55,11,1109.788684
-0.61,10,1109.822098
1.64,10,1109.857038
1.5,11,1109.892289
1.56,9,1109.920313
1.61,10,1109.9559
-0.29,14,1110.002396
1.4,10,1110.038181
1.66,11,1110.075499
1.55,10,1110.108441
1.43,9,1110.136237
1.66,10,1110.172801
1.59,12,1110.213649
1.57,13,1110.24989
-0.64,12,1110.358959
1.53,13,1110.393059
-0.6,12,1110.431095
1.53,10,1110.458578
-0.39,17,1110.511117
1.42,11,1110.553199
1.49,12,1110.595518
1.5,11,1110.625107
-0.46,15,1110.683609
1.42,10,1110.717481
1.37,10,1110.746431
-0.42,13,1110.791574
-0.37,12,1110.904863
-0.74,6,1110.934513
1.54,9,1110.96834
1.66,13,1111.02019
-0.54,9,1111.061403
1.28,10,1111.097555
-0.58,10,1111.13246
-0.71,13,1111.177433
1.46,12,1111.215791
1.47,12,1111.252316
1.61,14,1111.295106
-0.52,16,1111.34689
1.64,10,1111.384162
1.67,14,1111.426162
1.48,9,1111.46112
1.64,10,1111.491795
1.54,9,1111.518837
-0.76,8,1111.543571
1.66,11,1111.58173
1.64,10,1111.612336
1.64,10,1111.639445
1.39,10,1111.671404
1.64,10,1111.705458
1.53,13,1111.746428
1.46,9,1111.780608
1.49,9,1111.806604
1.54,9,1111.833971
1.68,12,1111.878222
1.4,9,1111.907159
1.22,13,1111.947626
-0.62,17,1111.998224
1.43,9,1112.024
1.45,10,1112.054124
1.6,12,1112.091812
1.56,9,1112.122238
1.64,10,1112.154281
1.62,18,1112.217959
1.35,9,1112.241076
-0.64,13,1112.283029
1.58,11,1112.316098
1.55,11,1112.356123
1.43,9,1112.388282
1.27,9,1112.418087
1.55,11,1112.457129
1.27,9,1112.490875
-0.7,12,1112.533957
1.54,9,1112.558799
1.54,12,1112.601389
1.57,11,1112.634356
1.54,12,1112.673859
1.14,4,1112.685939
1.14,4,1112.698797
1.43,10,1112.73418
1.66,10,1112.76094
1.38,12,1112.804623
1.14,4,1112.818409
1.68,16,1112.870883
1.14,4,1112.883929
1.82,14,1112.937106
-0.33,16,1112.992198
1.64,10,1113.027256
1.49,9,1113.06487
1.64,10,1113.096929
1.3,8,1113.120823
-0.42,11,1113.158352
-0.59,11,1113.200452
-0.63,9,1113.226203
-0.38,18,1113.281084
1.28,11,1113.318861
1.31,10,1113.351998
-0.74,7,1113.376142
1.42,10,1113.415486
-0.48,11,1113.458632
-0.37,19,1113.506964
1.51,10,1113.537389
1.45,10,1113.573131
1.41,11,1113.609748
1.54,9,1113.635278
-0.29,17,1113.690906
1.48,10,1113.722858
-0.48,13,1113.771741
1.16,8,1113.798602
-0.44,9,1113.826389
1.14,4,1113.840552
1.48,9,1113.873505
1.47,11,1113.914951
1.36,11,1113.949672
1.54,10,1113.986432
1.31,10,1114.021147
-0.41,15,1114.073858
-0.5,10,1114.115336
1.25,10,1114.149938
1.4,12,1114.19685
1.5,10,1114.230898
1.53,11,1114.262571
1.37,12,1114.301705
-0.36,16,1114.344766
1.14,4,1114.358521
1.19,8,1114.38657
-0.39,14,1114.435287
-0.62,8,1114.467944
-0.4,14,1114.515544
1.96,17,1114.5654
1.49,12,1114.599709
1.53,11,1114.636138
1.5,10,1114.670448
1.54,9,1114.703053
-0.57,12,1114.738213
1.43,9,1114.77417
1.51,13,1114.817271
-0.38,15,1114.862482
1.4,10,1114.895437
1.42,10,1114.925161
1.38,9,1114.95578
1.38,9,1114.987536
1.48,10,1115.017139
1.53,10,1115.048584
1.51,10,1115.079635
1.52,11,1115.117346
1.14,4,1115.129074
1.58,11,1115.160991
1.14,4,1115.170837
1.68,12,1115.212003
-0.41,21,1115.276346
1.14,4,1115.292562
-0.49,13,1115.335055
1.46,9,1115.366025
1.77,14,1115.413656
-0.47,14,1115.459862
1.52,16,1115.51481
1.7,14,1115.565665
1.45,10,1115.602549
1.68,13,1115.641057
1.8,17,1115.68708
1.53,10,1115.717186
1.14,4,1115.729036
1.31,10,1115.765522
1.38,11,1115.803608
1.54,9,1115.836111
-0.66,13,1115.877906
-0.41,13,1116.001847
1.53,11,1116.034817
1.54,9,1116.062768
1.4,9,1116.089981
1.58,11,1116.124875
1.35,9,1116.154808
1.42,13,1116.203027
1.67,12,1116.24628
1.48,8,1116.277259
1.54,9,1116.309285
1.6,16,1116.358631
-0.54,13,1116.405876
1.64,10,1116.436233
1.43,9,1116.462766
1.52,10,1116.494015
1.14,4,1116.503896
1.14,4,1116.517688
1.16,9,1116.543455
1.07,6,1116.567513
1.48,14,1116.608925
1.31,7,1116.63442
-0.14,15,1116.690842
1.14,4,1116.70085
1.14,4,1116.713412
1.54,9,1116.745162
1.5,11,1116.784144
-0.78,8,1116.814174
1.14,4,1116.829209
-0.54,15,1116.878335
-0.64,14,1116.930069
-0.62,13,1116.972927
1.59,11,1117.006463
1.42,10,1117.043311
1.33,11,1117.080112
1.45,10,1117.117162
-0.67,14,1117.160548
1.31,10,1117.195979
1.22,8,1117.219816
1.66,11,1117.250764
-0.54,12,1117.289572
1.66,10,1117.325089
1.37,14,1117.361466
1.14,4,1117.372085
1.64,10,1117.402264
-0.54,14,1117.442331
1.53,10,1117.476335
1.64,10,1117.505224
1.14,4,1117.518456
1.54,9,1117.555659
1.63,16,1117.609825
1.64,11,1117.642642
-0.63,10,1117.67987
-0.45,16,1117.732928
1.46,12,1117.774985
1.64,10,1117.809707
1.72,18,1117.865222
1.45,10,1117.902136
1.43,10,1117.935508
1.24,9,1117.965271
1.49,14,1118.009032
1.46,11,1118.045681
1.64,10,1118.079896
1.56,9,1118.106742
1.38,12,1118.142532
1.54,9,1118.17564
1.55,11,1118.210401
1.87,15,1118.259333
1.36,8,1118.283657
1.61,16,1118.338808
1.64,10,1118.366175
1.59,14,1118.416262
1.54,9,1118.444407
1.42,10,1118.480382
1.66,10,1118.511068
1.14,4,1118.52561
1.63,16,1118.57356
1.66,10,1118.607162
1.48,10,1118.639344
1.14,4,1118.654689
1.52,16,1118.701388
1.36,10,1118.734478
1.41,8,1118.761285
1.14,4,1118.770587
-0.26,17,1118.823186
-0.56,14,1118.880413
1.64,10,1118.926664
1.56,13,1118.981636
-0.48,11,1119.026395
1.37,9,1119.055546
-0.66,15,1119.113847
1.53,13,1119.162988
1.64,10,1119.198416
1.14,4,1119.213767
1.64,10,1119.25216
-0.94,7,1119.283839
1.64,10,1119.325226
-0.31,19,1119.397152
1.58,11,1119.434207
1.54,9,1119.463356
0.19,21,1119.522063
-0.73,9,1119.567693
1.51,11,1119.601795
1.32,11,1119.640159
-0.35,13,1119.685937
-0.25,14,1119.742223
1.14,4,1119.754419
1.54,9,1119.787543
1.14,4,1119.801851
1.14,4,1119.818867
1.53,11,1119.85495
1.28,11,1119.895798
-0.08,18,1119.958784
1.81,13,1120.007366
1.07,12,1120.043926
1.14,4,1120.057532
1.48,10,1120.097244
1.48,13,1120.143956
1.47,10,1120.180109
1.14,4,1120.193685
1.47,10,1120.224851
1.38,9,1120.27476
1.47,11,1120.386863
1.47,10,1120.422254
1.73,15,1120.469
1.38,9,1120.500884
-0.37,11,1120.536041
1.8,13,1120.584695
1.36,13,1120.628304
1.14,4,1120.644293
1.14,4,1120.657949
1.33,8,1120.689555
1.69,12,1120.729778
-0.67,10,1120.765744
1.47,10,1120.80593
1.45,16,1120.852879
1.44,13,1120.89718
1.59,10,1120.930993
1.14,4,1120.944978
1.82,15,1120.991523
-0.81,11,1121.028772
1.35,9,1121.064607
1.47,10,1121.10412
1.65,12,1121.150106
1.4,10,1121.193131
1.54,9,1121.229914
1.14,4,1121.246785
1.41,13,1121.299505
1.45,14,1121.352223
1.4,9,1121.391439
1.14,4,1121.406121
1.58,10,1121.439841
1.14,4,1121.450958
1.51,10,1121.490204
1.49,10,1121.525491
1.47,10,1121.567197
-0.38,15,1121.625937
1.14,4,1121.644924
1.61,10,1121.680932
1.43,10,1121.713339
-0.74,10,1121.746299
1.64,10,1121.787133
1.44,8,1121.816671
-0.56,11,1121.857304
1.38,11,1121.896016
-0.32,16,1121.948445
1.68,12,1121.987292
1.53,13,1122.032
1.36,8,1122.070253
1.47,10,1122.111296
1.33,8,1122.137086
-0.57,13,1122.189221
1.46,12,1122.228468
1.14,4,1122.245062
1.58,10,1122.280767
1.54,9,1122.321486
1.14,4,1122.335951
-0.37,17,1122.38991
1.54,9,1122.412048
1.58,12,1122.455096
1.55,11,1122.496701
1.39,8,1122.521928
1.57,15,1122.573519
1.71,11,1122.607703
-0.49,12,1122.650189
-0.6,17,1122.709651
-0.4,13,1122.755277
1.54,9,1122.782929
1.14,4,1122.794387
-0.62,9,1122.821699
-0.79,9,1122.854321
1.44,14,1122.903176
-0.63,10,1122.939179
1.36,8,1122.967051
1.41,14,1123.006439
1.52,11,1123.038058
1.31,10,1123.070872
-0.69,7,1123.09803
1.64,10,1123.132093
1.81,13,1123.174473
-0.7,11,1123.214773
1.59,10,1123.298758
1.34,13,1123.361988
-0.42,14,1123.410376
-0.89,8,1123.439382
-0.48,19,1123.497269
1.14,4,1123.508071
1.14,4,1123.520844
1.92,16,1123.57204
1.43,9,1123.608096
-0.54,12,1123.646284
1.14,4,1123.658304
1.34,10,1123.688008
1.54,12,1123.753663
1.37,13,1123.81065
1.22,8,1123.839772
1.64,10,1123.874522
-0.39,14,1123.935618
1.45,13,1123.98707
1.54,9,1124.020838
1.64,10,1124.057099
1.6,12,1124.103556
1.52,10,1124.140527
1.56,9,1124.17345
1.14,4,1124.186854
-0.23,14,1124.247655
1.42,14,1124.296424
-0.47,14,1124.353143
1.53,10,1124.384073
1.42,10,1124.422175
1.56,10,1124.453465
-0.28,18,1124.51561
-0.48,11,1124.559824
1.31,8,1124.594715
1.38,9,1124.630221
1.51,12,1124.677964
-0.66,10,1124.705174
1.14,4,1124.71767
-0.26,21,1124.779976
-0.44,13,1124.825306
1.51,12,1124.864134
1.53,13,1124.908878
1.58,10,1124.942256
1.14,4,1124.956207
-0.44,14,1125.003687
1.58,11,1125.102505
1.54,9,1125.140776
1.37,10,1125.173703
1.58,11,1125.206881
1.5,11,1125.244536
0.0,18,1125.310547
1.45,9,1125.342221
-0.42,17,1125.393394
1.14,4,1125.406174
1.43,9,1125.429709
-0.33,17,1125.486236
-0.59,12,1125.532255
-0.55,16,1125.589256
1.54,9,1125.611017
-0.55,13,1125.646689
1.14,4,1125.66016
1.64,10,1125.698657
-0.48,17,1125.754969
1.69,14,1125.802084
-0.07,19,1125.868243
1.5,11,1125.910173
1.45,11,1125.946177
1.75,17,1125.996081
1.49,11,1126.028955
-0.33,16,1126.084131
1.54,9,1126.111666
1.14,4,1126.125505
-0.45,11,1126.165494
1.49,11,1126.202802
1.48,10,1126.240947
-0.76,11,1126.280384
1.6,12,1126.322299
1.51,13,1126.367629
1.21,9,1126.394409
1.53,10,1126.431187
-0.38,13,1126.470517
-0.24,15,1126.521131
1.54,9,1126.545588
1.33,11,1126.585408
1.43,12,1126.626822
1.64,10,1126.659152
1.62,12,1126.695011
1.66,10,1126.736156
1.43,9,1126.772663
-0.28,14,1126.830156
1.56,10,1126.869696
1.53,10,1126.902539
-0.68,12,1126.946157
1.54,9,1126.978438
1.54,9,1127.008732
1.43,12,1127.055734
-0.54,8,1127.082222
1.38,15,1127.127339
1.39,14,1127.173999
1.51,13,1127.217048
1.55,11,1127.26129
1.48,9,1127.301634
1.48,18,1127.368837
-0.47,11,1127.407249
1.54,12,1127.446763
1.59,13,1127.490008
1.66,10,1127.525881
1.47,11,1127.565353
1.14,4,1127.575957
1.6,15,1127.626998
1.59,16,1127.678508
1.14,4,1127.690345
1.55,11,1127.737648
1.69,15,1127.787476
1.37,10,1127.823613
-0.6,12,1127.86414
-0.31,18,1127.923396
1.54,9,1127.958117
1.31,10,1127.990156
1.64,10,1128.021189
1.56,9,1128.05013
1.31,10,1128.083501
-0.74,10,1128.119752
1.55,10,1128.149766
1.4,9,1128.182747
1.47,11,1128.224497
-0.74,6,1128.245309
1.64,10,1128.276858
1.54,9,1128.310955
-0.24,20,1128.381136
1.41,11,1128.412758
1.65,16,1128.461229
1.14,4,1128.474546
1.55,10,1128.513839
1.14,4,1128.527819
1.54,9,1128.556076
1.4,9,1128.586662
1.36,11,1128.625463
1.14,4,1128.638116
1.54,9,1128.668134
-0.68,12,1128.708326
1.46,9,1128.745969
-0.05,17,1128.793354
1.56,9,1128.821635
1.51,11,1128.854769
1.43,15,1128.907471
1.34,10,1128.942688
-0.55,11,1128.986305
1.66,13,1129.031234
-0.65,12,1129.072393
1.38,9,1129.098608
1.53,11,1129.135696
1.14,4,1129.147563
-0.59,12,1129.191504
1.52,12,1129.231242
1.46,9,1129.265831
1.54,9,1129.302478
1.14,4,1129.318042
1.83,16,1129.370475
1.91,16,1129.422524
-0.4,14,1129.466081
1.14,4,1129.482265
1.35,9,1129.507303
1.49,11,1129.544835
-0.62,12,1129.580817
1.66,15,1129.629729
1.65,14,1129.668671
1.64,10,1129.779367
1.69,10,1129.814631
1.14,4,1129.83069
-0.76,6,1129.853021
1.26,13,1129.894446
1.35,11,1129.933534
1.29,9,1129.965281
1.23,7,1129.989393
1.25,10,1130.027669
1.9,15,1130.085302
1.45,9,1130.11777
1.65,11,1130.155941
1.45,11,1130.198998
1.64,10,1130.231439
1.14,4,1130.246845
-0.01,20,1130.30987
1.49,12,1130.357007
-0.36,10,1130.397982
1.53,10,1130.443916
-0.49,20,1130.529817
-0.56,11,1130.581821
1.28,8,1130.613672
1.74,12,1130.657804
1.54,13,1130.705071
1.44,11,1130.740935
1.54,9,1130.773875
1.14,4,1130.788615
1.64,10,1130.82584
1.14,4,1130.839768
1.54,9,1130.869234
1.39,10,1130.914957
1.3,8,1130.943619
1.64,10,1130.971819
1.56,9,1130.997904
1.53,10,1131.031913
1.54,9,1131.061513
1.6,13,1131.118875
-0.29,15,1131.176751
-0.42,17,1131.255832
1.64,10,1131.307204
1.48,9,1131.346159
1.71,14,1131.406783
1.46,15,1131.47411
-0.49,13,1131.5369
1.56,9,1131.571024
1.62,14,1131.62571
1.7,13,1131.674368
1.53,10,1131.707444
1.56,9,1131.739696
1.14,4,1131.751393
1.54,9,1131.782625
-0.73,9,1131.811057
1.38,11,1131.846348
1.14,4,1131.859891
1.44,10,1131.894234
1.34,9,1131.925656
1.7,17,1131.971229
1.42,10,1132.003977
1.14,4,1132.017858
1.41,9,1132.048819
1.54,9,1132.084229
-0.59,14,1132.123605
1.69,11,1132.162438
1.14,4,1132.176409
1.56,9,1132.201881
-0.42,11,1132.2421
1.54,9,1132.276074
1.54,9,1132.302097
-0.22,15,1132.353786
1.46,9,1132.385759
-0.78,8,1132.414966
-0.6,16,1132.470858
1.53,14,1132.519443
1.64,10,1132.550706
1.59,13,1132.59466
1.46,9,1132.61715
-0.59,11,1132.649485
1.64,10,1132.681674
1.4,12,1132.723921
1.64,10,1132.762095
1.55,11,1132.799036
-0.55,14,1132.851914
1.43,9,1132.88301
1.7,15,1132.93761
1.64,10,1132.970313
1.54,9,1133.002661
-0.54,11,1133.039686
1.14,4,1133.050568
1.42,10,1133.083181
1.48,10,1133.120314
1.62,14,1133.177053
-0.54,18,1133.235267
-0.62,15,1133.283936
1.14,4,1133.297749
1.76,17,1133.36131
-0.67,12,1133.404296
1.49,9,1133.435591
-0.67,17,1133.496794
1.16,8,1133.532156
1.14,4,1133.547458
1.56,9,1133.582274
1.14,4,1133.596111
1.26,10,1133.634365
1.54,9,1133.666716
1.44,11,1133.705627
-0.28,17,1133.762172
-0.72,10,1133.801112
-0.3,13,1133.857474
1.55,10,1133.892293
-0.76,12,1133.932567
-0.53,18,1133.988117
1.63,15,1134.113106
1.14,4,1134.148167
1.42,13,1134.215645
-0.39,13,1134.267448
-0.63,19,1134.334009
1.27,8,1134.362984
1.47,10,1134.401828
1.14,4,1134.420306
1.41,11,1134.473292
1.36,8,1134.510252
1.47,10,1134.55043
-0.68,12,1134.610909
-0.59,13,1134.662154
1.64,10,1134.697606
1.43,9,1134.73336
1.63,14,1134.789717
-0.58,16,1134.850682
1.54,9,1134.886205
1.46,9,1134.970842
1.48,10,1135.048076
1.61,11,1135.084475
1.47,10,1135.117791
-0.51,18,1135.183473
1.51,12,1135.23162
1.59,11,1135.271029
1.5,11,1135.30987
1.37,9,1135.344631
1.67,13,1135.386738
-0.44,13,1135.435792
1.54,10,1135.47122
1.53,10,1135.513932
-0.38,17,1135.576085
1.46,12,1135.610446
1.64,10,1135.64668
1.54,9,1135.679414
1.78,16,1135.73588
1.37,10,1135.7643
1.56,10,1135.797535
-0.77,10,1135.826152
-0.35,14,1135.871001
1.14,4,1135.883781
1.35,9,1135.916712
1.48,10,1135.952196
1.31,7,1135.97623
1.69,14,1136.020958
1.42,11,1136.061201
1.4,9,1136.088788
-0.25,16,1136.135345
1.14,4,1136.149244
1.44,11,1136.188102
1.78,16,1136.236388
1.54,11,1136.267972
-0.15,17,1136.325741
1.14,4,1136.340087
1.4,9,1136.370358
1.72,14,1136.411264
1.65,15,1136.467111
-0.57,10,1136.512469
1.14,4,1136.528721
-0.19,17,1136.601963
1.49,11,1136.646919
1.51,10,1136.685966
1.48,9,1136.727271
1.22,8,1136.760402
-0.69,9,1136.804968
1.38,9,1136.837689
1.14,4,1136.854058
1.38,9,1136.894056
1.14,4,1136.910836
1.55,11,1136.956988
1.64,10,1136.995807
-0.22,16,1137.056777
1.7,12,1137.104914
1.74,15,1137.171426
1.68,14,1137.230152
-0.61,14,1137.283755
1.77,16,1137.343257
1.56,9,1137.376654
1.47,14,1137.421574
1.66,11,1137.46118
1.54,9,1137.494198
-0.32,16,1137.546557
1.59,10,1137.578508
1.32,9,1137.609192
1.26,9,1137.636066
1.71,11,1137.674652
1.43,9,1137.70278
1.68,12,1137.741789
1.59,10,1137.767025
1.42,11,1137.809162
1.5,11,1137.851861
1.46,9,1137.879603
1.54,9,1137.908428
-0.37,14,1137.958384
1.43,12,1137.995457
1.43,9,1138.027624
1.39,10,1138.060043
1.59,15,1138.102171
1.64,10,1138.131628
1.54,9,1138.161034
1.54,9,1138.189972
1.43,12,1138.229945
-0.88,7,1138.252853
1.59,14,1138.301558
1.4,12,1138.339954
1.64,10,1138.376908
1.51,9,1138.403422
1.27,11,1138.44159
1.58,11,1138.47912
1.58,11,1138.52264
1.58,11,1138.56974
1.51,9,1138.616573
1.14,4,1138.633826
1.43,10,1138.674071
1.81,11,1138.715422
1.45,10,1138.757874
1.5,10,1138.794089
1.54,9,1138.826093
-0.71,13,1138.86805
1.14,4,1138.884567
1.51,12,1138.925295
-0.48,14,1138.970254
1.36,8,1138.995753
1.51,9,1139.026098
1.66,11,1139.063124
1.57,12,1139.105549
-0.62,9,1139.139035
-0.4,14,1139.184017
1.14,4,1139.196044
1.67,13,1139.236353
1.14,4,1139.24625
1.33,8,1139.271587
-0.48,11,1139.30608
1.53,10,1139.341416
1.43,12,1139.380962
1.47,11,1139.421078
1.71,12,1139.46288
1.58,10,1139.492636
1.54,9,1139.526785
1.54,9,1139.559233
-0.47,15,1139.612187
-0.77,10,1139.644838
1.45,12,1139.755238
1.58,10,1139.795911
-0.45,18,1139.850998
-0.52,11,1139.887273
1.61,14,1139.93099
1.41,8,1139.964622
1.64,10,1140.004151
1.35,9,1140.037802
-0.61,14,1140.086552
-0.47,11,1140.125144
1.41,11,1140.163782
1.64,10,1140.197774
1.47,11,1140.233887
-0.57,12,1140.278283
1.32,9,1140.314733
1.56,9,1140.347669
1.37,10,1140.374426
1.52,11,1140.409578
1.36,8,1140.438408
1.38,11,1140.480971
-0.59,11,1140.519738
1.73,13,1140.566649
1.56,10,1140.598203
-0.45,11,1140.634626
-0.52,12,1140.67275
1.43,9,1140.707804
1.54,9,1140.733558
-0.41,20,1140.789984
-0.22,12,1140.829127
1.61,13,1140.871689
1.45,10,1140.900813
1.56,9,1140.935549
-0.61,11,1140.989486
1.51,10,1141.038966
-0.23,15,1141.090417
1.43,9,1141.122046
1.43,9,1141.151893
1.58,10,1141.194471
1.66,12,1141.238456
1.44,15,1141.284485
-0.4,19,1141.350705
1.14,4,1141.36838
1.17,8,1141.393692
-0.63,16,1141.446257
-0.14,16,1141.503654
1.14,4,1141.517908
1.46,9,1141.550821
1.49,9,1141.58118
1.14,4,1141.59412
1.49,11,1141.628826
1.49,11,1141.664325
-0.44,16,1141.724675
1.56,9,1141.79319
1.64,10,1141.866214
1.54,9,1141.897832
-0.53,10,1141.930342
-0.39,14,1141.979074
-0.77,10,1142.024571
1.49,9,1142.058285
1.56,13,1142.109501
1.64,10,1142.143594
-0.3,15,1142.19705
-0.38,16,1142.249736
-0.55,14,1142.293781
1.47,10,1142.330173
-0.71,10,1142.371784
1.54,9,1142.402427
1.46,9,1142.429748
1.64,10,1142.45931
1.59,12,1142.502895
1.52,11,1142.550677
1.56,10,1142.583883
-0.37,15,1142.641618
1.53,10,1142.679964
1.45,10,1142.715369
1.78,13,1142.768897
1.14,4,1142.781639
1.21,9,1142.813842
1.54,9,1142.851708
1.64,10,1142.879682
1.31,13,1142.925815
1.64,10,1142.95982
-0.68,9,1142.995076
1.52,12,1143.042435
1.32,10,1143.087618
0.01,21,1143.158533
1.54,12,1143.203572
1.14,4,1143.214177
-0.45,14,1143.258139
1.14,4,1143.273399
1.24,8,1143.303288
1.58,11,1143.344563
1.45,10,1143.385633
1.59,10,1143.427517
1.14,4,1143.444043
-0.45,11,1143.482184
-0.5,12,1143.519857
1.43,12,1143.565578
-0.49,17,1143.623873
1.39,10,1143.661403
1.43,9,1143.695511
1.47,10,1143.73367
1.53,10,1143.772447
1.64,10,1143.807847
1.51,10,1143.845852
1.38,14,1143.88701
-0.62,12,1143.9336
-0.81,5,1143.950749
1.37,10,1143.982945
1.14,4,1143.996339
1.74,11,1144.027081
1.26,12,1144.071865
1.14,4,1144.084534
1.43,12,1144.131292
1.47,14,1144.172804
1.69,10,1144.210996
1.55,11,1144.256453
1.34,10,1144.374272
1.35,15,1144.428056
1.64,10,1144.463456
1.54,9,1144.50258
1.76,13,1144.547884
1.52,12,1144.588152
1.74,11,1144.630258
1.54,9,1144.664009
1.64,10,1144.696808
1.52,11,1144.737692
1.51,10,1144.776339
-0.15,16,1144.829967
1.33,8,1144.854685
1.64,10,1144.881558
1.14,4,1144.896055
1.47,10,1144.934271
-0.3,12,1144.973996
1.81,15,1145.023146
1.42,10,1145.057038
1.52,12,1145.103516
-0.74,7,1145.132527
1.14,4,1145.145477
1.64,10,1145.179537
-0.53,15,1145.231644
1.53,13,1145.272969
1.5,17,1145.325227
1.64,10,1145.36085
1.14,4,1145.374856
1.42,10,1145.407928
-0.65,9,1145.441814
1.69,12,1145.488237
-0.57,12,1145.527844
1.54,12,1145.566518
1.54,9,1145.596179
1.58,10,1145.6299
1.53,15,1145.686905
-0.24,19,1145.752603
1.64,10,1145.785784
1.74,14,1145.822143
1.65,11,1145.858739
1.54,12,1145.90087
-0.49,16,1145.949085
1.46,13,1145.988993
1.42,10,1146.022655
-0.4,19,1146.091645
1.65,13,1146.143319
1.38,11,1146.183477
1.54,9,1146.207391
1.44,12,1146.244451
1.32,9,1146.274815
-0.52,11,1146.308923
1.59,10,1146.342919
1.54,9,1146.367651
1.44,10,1146.402745
1.49,11,1146.435365
-0.69,10,1146.47453
1.46,9,1146.503377
1.35,8,1146.529331
-0.5,14,1146.572897
1.14,4,1146.586706
1.58,12,1146.628947
1.14,4,1146.642477
1.99,16,1146.693789
-0.38,12,1146.732747
1.32,9,1146.768912
1.56,9,1146.801168
1.46,9,1146.828672
1.64,10,1146.869284
-0.43,15,1146.918316
1.32,9,1146.945199
1.14,4,1146.959547
1.31,10,1146.99324
-0.28,18,1147.044448
1.54,9,1147.072673
1.32,9,1147.100666
-0.34,14,1147.151042
1.43,9,1147.182311
1.14,4,1147.191497
1.45,13,1147.23228
1.31,10,1147.265468
-0.74,13,1147.308321
1.38,10,1147.339506
-0.73,10,1147.371649
-0.49,11,1147.416946
1.53,10,1147.451486
-0.06,21,1147.515562
1.43,10,1147.540149
1.55,11,1147.583965
-0.65,12,1147.632397
1.67,18,1147.692212
1.64,10,1147.725523
1.49,12,1147.765615
1.74,17,1147.822448
-0.23,18,1147.882828
1.14,4,1147.89259
1.33,8,1147.920215
1.42,12,1147.962732
1.55,11,1147.998826
1.43,9,1148.031205
1.62,12,1148.074006
1.62,12,1148.120824
1.37,10,1148.15393
1.54,9,1148.183656
-0.29,11,1148.224395
-0.8,13,1148.266853
1.46,9,1148.301252
-0.29,14,1148.345075
-0.29,17,1148.402201
1.66,10,1148.439325
1.36,10,1148.476706
1.64,10,1148.512804
1.53,11,1148.55446
1.63,16,1148.608456
1.66,11,1148.641819
-0.53,11,1148.682343
1.43,9,1148.715028
1.64,11,1148.756277
-0.77,13,1148.803267
1.14,4,1148.817393
1.61,10,1148.855831
1.51,9,1148.894116
1.72,19,1148.976628
1.54,9,1149.025839
1.51,10,1149.087996
1.81,13,1149.134001
-0.71,9,1149.163909
1.47,10,1149.199458
1.54,9,1149.368332
1.53,10,1149.432164
1.56,9,1149.49183
1.38,12,1149.687103
-0.59,14,1149.856532
1.14,4,1149.877494
1.54,14,1149.930647
1.39,10,1149.968535
1.34,9,1149.998413
1.53,10,1150.038427
1.52,12,1150.084861
1.65,11,1150.131925
1.5,13,1150.184011
1.29,7,1150.216825
1.38,9,1150.252099
-0.56,12,1150.306213
-0.12,18,1150.369352
1.62,14,1150.425298
1.64,10,1150.462833
1.48,13,1150.508055
1.31,10,1150.546737
1.54,9,1150.580722
1.64,10,1150.618702
1.65,12,1150.66661
1.52,11,1150.705435
1.52,11,1150.74319
1.36,11,1150.786888
1.54,9,1150.817559
-0.54,12,1150.865207
1.14,4,1150.882037
1.54,10,1150.920546
1.54,9,1150.952003
1.54,9,1150.983612
1.43,10,1151.024323
1.43,18,1151.074385
1.46,9,1151.111786
1.83,15,1151.164075
-0.38,18,1151.22896
1.34,10,1151.280759
1.43,10,1151.327117
-0.67,9,1151.356444
1.45,10,1151.39841
-0.09,20,1151.47145
1.14,4,1151.484327
1.55,11,1151.524478
-0.64,13,1151.57194
1.41,11,1151.609476
1.59,14,1151.661309
1.35,9,1151.68897
1.4,10,1151.729002
-0.61,8,1151.757829
1.64,13,1151.802241
1.4,9,1151.835742
-0.58,11,1151.87397
1.14,4,1151.886442
-0.15,14,1151.928713
-0.34,14,1151.982949
1.64,10,1152.021183
1.54,9,1152.06127
1.58,14,1152.114409
1.49,12,1152.160524
-0.64,8,1152.19737
1.62,13,1152.238558
1.38,8,1152.271366
-0.57,13,1152.327063
1.59,15,1152.383262
1.61,10,1152.418735
1.14,4,1152.434103
-0.38,16,1152.493128
1.62,12,1152.535545
1.65,14,1152.590364
1.66,10,1152.621249
1.54,13,1152.669595
1.5,10,1152.713669
1.53,10,1152.751274
1.58,10,1152.795051
1.59,13,1152.836785
-0.72,8,1152.871303
1.57,15,1152.919381
1.54,9,1152.951172
1.32,12,1152.995968
1.14,4,1153.012168
1.54,9,1153.040335
1.46,12,1153.085216
1.34,10,1153.126258
-0.43,11,1153.169448
1.71,11,1153.211668
1.14,4,1153.226739
1.37,10,1153.26173
-0.33,19,1153.333044
1.1,8,1153.361241
1.63,12,1153.400822
-0.48,11,1153.444832
-0.61,10,1153.478995
1.32,9,1153.509426
-0.43,14,1153.551443
-0.52,10,1153.588839
1.56,9,1153.625825
-0.31,13,1153.676861
1.4,9,1153.706072
1.48,13,1153.749589
1.48,12,1153.79117
1.54,12,1153.834029
-0.35,18,1153.899861
1.54,9,1153.931696
1.52,15,1153.97632
1.5,11,1154.014405
1.57,12,1154.053093
-0.33,15,1154.10382
1.55,10,1154.130483
-0.52,15,1154.176191
-0.63,14,1154.225863
1.64,10,1154.261111
1.63,15,1154.311453
-0.35,14,1154.358585
1.75,13,1154.411533
1.59,10,1154.436828
1.48,10,1154.471396
-0.67,11,1154.509631
1.44,12,1154.553314
-0.52,13,1154.665179
2.1,17,1154.730864
1.58,14,1154.771887
1.6,12,1154.80642
1.64,14,1154.856881
1.66,11,1154.894127
1.16,10,1154.9266
-0.67,14,1154.977983
1.51,10,1155.013191
1.7,15,1155.066506
1.64,10,1155.096404
-0.58,9,1155.129863
1.14,4,1155.144077
1.54,9,1155.177568
1.14,4,1155.187928
1.62,16,1155.234407
1.36,8,1155.26121
1.65,14,1155.313421
1.38,8,1155.342323
-0.61,9,1155.384336
-0.41,13,1155.424775
-0.2,16,1155.470478
1.3,8,1155.494762
1.14,4,1155.505134
1.46,15,1155.553467
1.54,9,1155.583843
1.58,11,1155.615346
1.54,9,1155.644749
1.54,9,1155.673445
-0.78,7,1155.701179
1.69,11,1155.734004
1.53,13,1155.779721
1.48,9,1155.810583
1.42,10,1155.842533
1.66,12,1155.879417
1.39,10,1155.914708
1.64,10,1155.946553
1.28,11,1155.982655
-0.27,16,1156.030164
1.6,13,1156.080125
1.27,8,1156.10974
1.49,12,1156.150669
-0.74,10,1156.182238
1.53,10,1156.218489
1.26,9,1156.24722
0.02,19,1156.309476
1.14,4,1156.323133
1.54,9,1156.350576
1.53,10,1156.382041
-0.61,14,1156.429646
1.45,10,1156.46361
1.65,15,1156.516921
-0.82,7,1156.538344
1.45,10,1156.57227
1.55,12,1156.612489
-0.37,15,1156.661927
1.53,10,1156.70227
1.49,9,1156.730796
1.56,13,1156.770596
1.54,9,1156.801861
1.26,10,1156.834934
1.46,9,1156.866657
1.45,10,1156.908255
1.48,10,1156.939606
1.68,11,1156.976131
1.55,11,1157.016654
1.54,9,1157.052194
1.6,12,1157.096266
1.32,9,1157.128735
-0.38,17,1157.192185
1.35,9,1157.22784
-0.45,12,1157.266446
1.69,10,1157.303334
1.54,9,1157.337451
1.58,10,1157.372286
1.14,4,1157.386567
-0.26,21,1157.449298
1.29,9,1157.478076
1.54,9,1157.509415
1.32,9,1157.540802
1.54,9,1157.573379
-0.1,17,1157.625192
1.7,15,1157.673005
1.34,10,1157.708879
1.47,10,1157.741508
1.64,10,1157.777161
1.14,4,1157.788086
1.64,10,1157.814947
1.14,4,1157.830271
1.53,10,1157.870729
1.53,10,1157.899808
1.14,4,1157.914309
1.3,8,1157.944029
1.49,9,1157.972139
1.32,9,1157.999241
1.14,4,1158.010538
1.79,16,1158.06384
1.49,9,1158.092165
-0.31,17,1158.142632
-0.51,14,1158.192712
1.4,12,1158.235826
-0.76,10,1158.268037
1.48,9,1158.294184
1.61,17,1158.355561
1.32,9,1158.388769
-0.11,19,1158.453713
1.47,10,1158.485087
-0.28,16,1158.53363
-0.38,14,1158.588036
-0.3,15,1158.628969
1.39,10,1158.658868
-0.6,10,1158.690587
1.48,10,1158.723942
-0.52,20,1158.781699
1.54,9,1158.812675
1.52,15,1158.864814
1.7,13,1158.911234
1.57,11,1158.952895
1.78,13,1158.988
1.58,11,1159.021952
1.32,12,1159.060543
1.54,9,1159.096105
1.72,14,1159.143041
1.46,11,1159.174178
-0.52,13,1159.221028
1.48,12,1159.262074
-0.88,13,1159.302925
1.51,12,1159.335074
1.29,9,1159.365453
1.54,9,1159.466591
1.48,10,1159.505565
1.63,14,1159.550394
1.64,10,1159.582862
-0.38,16,1159.63392
1.64,10,1159.663281
1.62,12,1159.706037
1.54,11,1159.746557
1.5,11,1159.779747
-0.53,11,1159.816437
1.46,9,1159.841986
-0.3,19,1159.893109
1.63,13,1159.938631
1.49,12,1159.985934
-0.48,10,1160.019575
1.57,10,1160.055993
1.46,11,1160.09294
1.64,10,1160.121612
1.36,14,1160.165456
1.54,9,1160.19782
1.47,10,1160.234043
1.38,13,1160.278335
1.62,12,1160.325312
1.29,9,1160.358456
1.55,11,1160.399631
1.14,4,1160.411464
1.43,10,1160.445304
1.64,10,1160.48178
1.14,4,1160.496273
1.48,9,1160.527848
1.52,11,1160.566669
1.14,4,1160.581645
1.43,10,1160.614635
1.76,13,1160.665612
1.64,13,1160.73153
1.54,9,1160.770555
1.44,11,1160.811118
1.64,10,1160.849116
1.54,9,1160.880094
1.6,14,1160.933389
-0.46,9,1160.964043
1.49,9,1160.99333
1.78,15,1161.051965
-0.82,12,1161.096796
1.56,13,1161.142903
1.29,13,1161.186917
1.43,12,1161.227254
1.54,9,1161.256657
-0.48,12,1161.3013
1.44,10,1161.332221
1.47,17,1161.390497
1.39,16,1161.440216
1.23,9,1161.473303
1.49,13,1161.517414
-0.58,13,1161.566551
-0.67,11,1161.603896
1.48,9,1161.629447
1.43,9,1161.662698
-0.72,11,1161.69777
1.42,10,1161.73093
-0.41,11,1161.775552
1.49,11,1161.805591
-0.57,15,1161.850904
1.71,12,1161.891276
1.49,9,1161.920854
-0.59,14,1161.970516
-0.26,17,1162.028938
-0.8,10,1162.063669
-0.37,20,1162.129597
1.54,9,1162.160136
1.78,12,1162.19255
1.14,4,1162.204311
1.37,10,1162.236539
1.51,12,1162.277535
1.49,12,1162.319206
1.54,9,1162.345498
-0.54,12,1162.387107
1.61,11,1162.423249
1.14,4,1162.436702
1.58,10,1162.473921
1.56,10,1162.512564
1.58,14,1162.561412
1.22,8,1162.590465
-0.37,16,1162.646598
1.55,10,1162.677283
1.59,13,1162.722479
1.73,13,1162.768149
1.14,4,1162.780888
1.53,10,1162.815991
-0.63,10,1162.856167
1.64,10,1162.888248
-0.4,15,1162.94173
1.79,12,1162.987786
1.76,18,1163.052026
1.62,13,1163.096673
-0.59,11,1163.136739
1.51,9,1163.168785
-0.41,13,1163.214239
-0.53,17,1163.26995
1.32,9,1163.304294
1.41,11,1163.344582
1.41,11,1163.37848
-0.57,12,1163.421538
-0.3,18,1163.47921
1.14,4,1163.493694
-0.52,11,1163.525387
1.74,11,1163.560767
1.14,4,1163.575823
1.64,10,1163.613121
1.59,12,1163.649788
1.39,9,1163.683207
-0.18,21,1163.752284
1.55,11,1163.789111
1.64,10,1163.821873
1.3,14,1163.870152
1.52,12,1163.917161
1.48,10,1163.955754
1.54,9,1163.991699
-0.26,14,1164.046021
1.54,9,1164.076355
1.54,9,1164.111027
1.64,10,1164.146213
1.45,9,1164.180141
1.48,10,1164.220297
1.35,9,1164.255098
1.44,8,1164.287716
-0.51,12,1164.332353
1.46,9,1164.364983
1.27,9,1164.463367
1.45,9,1164.494732
1.54,9,1164.52739
1.14,4,1164.541889
1.46,9,1164.574056
-0.66,7,1164.602382
1.66,10,1164.639281
1.76,12,1164.683599
1.63,14,1164.729306
1.37,9,1164.757919
1.33,8,1164.853045
-0.61,14,1164.905946
-0.6,9,1164.938561
1.27,8,1164.96953
1.46,9,1164.996683
-0.63,13,1165.046302
1.53,10,1165.082509
1.44,10,1165.117258
1.54,9,1165.152532
1.64,10,1165.187505
1.54,9,1165.221145
1.38,15,1165.267447
1.54,9,1165.306381
-0.6,19,1165.372045
1.14,4,1165.388225
1.72,14,1165.436651
1.43,9,1165.466845
1.64,10,1165.504981
1.69,11,1165.539077
-0.66,7,1165.562521
1.14,4,1165.576981
1.27,9,1165.606047
1.38,12,1165.654489
-0.69,11,1165.698501
1.54,9,1165.732399
1.54,17,1165.802886
1.28,8,1165.837267
-0.76,13,1165.883293
1.74,12,1165.925129
1.53,10,1165.965893
1.69,10,1166.006569
-0.35,19,1166.068585
1.54,9,1166.101447
1.61,11,1166.143189
1.53,10,1166.175521
-0.37,16,1166.225175
-0.49,14,1166.275605
1.32,9,1166.304576
1.41,9,1166.337649
1.58,11,1166.37374
1.48,9,1166.405891
1.67,12,1166.450203
-0.45,13,1166.491246
1.36,8,1166.516817
1.49,10,1166.554014
1.32,9,1166.585219
1.64,10,1166.619972
1.48,13,1166.662805
-0.18,17,1166.710001
1.51,9,1166.740679
-0.53,10,1166.787238
1.6,11,1166.829876
1.56,13,1166.871992
1.38,9,1166.904908
1.56,10,1166.939949
-0.5,13,1166.986843
1.39,10,1167.015536
-0.4,18,1167.07305
1.4,10,1167.106983
1.14,4,1167.118413
-0.39,14,1167.170264
-0.19,14,1167.217245
1.32,12,1167.256792
1.64,10,1167.290404
1.47,15,1167.347458
1.14,4,1167.357939
1.14,4,1167.372275
1.14,4,1167.386473
-0.5,10,1167.422826
1.43,9,1167.448719
1.44,11,1167.484069
1.14,4,1167.494176
1.14,4,1167.510661
1.64,10,1167.547677
1.35,9,1167.578849
-0.38,13,1167.628961
-0.77,9,1167.660051
1.43,9,1167.695619
1.22,11,1167.729712
1.38,9,1167.787866
-0.39,16,1167.869214
-0.27,20,1167.940553
1.54,9,1168.055506
1.37,10,1168.124551
1.54,9,1168.169501
1.42,10,1168.212119
1.59,12,1168.263184
1.64,10,1168.301462
1.8,14,1168.356781
1.21,9,1168.390258
1.54,12,1168.440823
1.23,9,1168.48586
1.64,10,1168.521225
1.56,10,1168.565351
1.22,8,1168.597964
1.46,16,1168.6523
-0.56,14,1168.701681
1.51,16,1168.754444
-0.58,14,1168.80531
1.56,9,1168.83616
1.64,10,1168.873089
1.44,10,1168.910542
1.47,14,1168.964676
1.52,11,1169.007237
-0.59,9,1169.046698
-0.68,10,1169.091379
1.54,9,1169.131748
1.64,10,1169.262053
1.67,11,1169.304515
1.14,4,1169.316036
1.42,10,1169.351834
1.54,9,1169.382195
1.41,14,1169.42889
1.63,12,1169.468894
1.56,10,1169.50594
1.61,10,1169.537589
1.53,11,1169.572282
-0.16,15,1169.618448
1.56,9,1169.654841
1.54,9,1169.690063
-0.3,13,1169.732836
-0.42,11,1169.76855
-0.38,12,1169.811881
1.49,10,1169.844635
1.14,4,1169.856465
1.37,13,1169.899881
1.14,4,1169.915781
1.39,9,1169.943958
1.34,10,1169.978101
1.33,8,1170.007231
-0.68,11,1170.051013
1.14,4,1170.065664
1.39,10,1170.098669
-0.43,12,1170.138594
1.33,8,1170.170358
1.14,4,1170.18179
1.43,9,1170.214417
1.48,10,1170.251148
1.36,11,1170.289033
1.64,10,1170.319924
1.54,9,1170.353407
1.62,12,1170.396014
-0.62,17,1170.441172
1.14,4,1170.454344
1.5,11,1170.494516
1.54,12,1170.538126
1.54,9,1170.568346
-0.24,16,1170.616024
1.64,10,1170.649335
-0.44,17,1170.712039
1.54,9,1170.745989
1.55,11,1170.78127
1.35,9,1170.816436
1.25,10,1170.855825
1.62,12,1170.905187
-0.47,13,1170.956971
1.54,9,1170.988606
1.14,4,1171.002599
1.14,4,1171.019155
1.69,10,1171.04728
-0.26,19,1171.105118
1.48,10,1171.1335
-0.5,13,1171.179746
2.06,17,1171.235371
1.5,13,1171.274609
1.62,13,1171.323882
2.03,16,1171.37667
-0.5,14,1171.419323
1.48,12,1171.457335
1.44,8,1171.485747
1.67,13,1171.529932
1.79,16,1171.570606
1.31,10,1171.608737
1.47,10,1171.642883
1.58,11,1171.683182
-0.39,16,1171.735379
-0.41,20,1171.801595
-0.32,12,1171.847527
1.4,10,1171.884689
1.53,10,1171.921286
1.48,13,1171.966495
1.48,11,1172.010086
1.94,15,1172.059194
1.49,12,1172.10188
-0.16,21,1172.172003
-0.51,12,1172.216425
1.4,10,1172.257555
1.62,13,1172.303754
-0.77,8,1172.343881
-0.46,9,1172.386439
1.58,13,1172.439749
1.37,10,1172.480649
1.53,10,1172.513081
1.55,14,1172.556626
1.43,10,1172.593858
1.43,10,1172.630384
1.52,11,1172.667407
1.64,10,1172.70162
1.57,12,1172.749392
1.54,9,1172.778444
1.34,10,1172.819394
1.14,4,1172.837073
-0.41,18,1172.899452
1.39,8,1172.929155
-0.25,16,1172.984926
1.58,11,1173.033166
-0.76,9,1173.070451
1.47,11,1173.114765
1.54,9,1173.151258
1.64,10,1173.196081
1.38,11,1173.242614
1.47,10,1173.275198
1.66,10,1173.370518
1.36,8,1173.412486
-0.44,20,1173.474309
1.4,9,1173.49925
-0.52,13,1173.542514
1.39,10,1173.581823
-0.8,13,1173.623229
-0.52,12,1173.665061
-0.52,16,1173.714212
1.61,10,1173.752517
1.66,10,1173.794473
1.64,10,1173.820976
1.56,9,1173.854794
1.49,11,1173.886438
-0.49,12,1173.926174
1.59,14,1173.968565
1.54,9,1173.994671
1.14,4,1174.061419
1.35,11,1174.117799
1.53,10,1174.142325
1.64,10,1174.172241
1.67,19,1174.238533
1.59,10,1174.270493
-0.44,16,1174.319444
1.67,15,1174.369505
1.33,8,1174.394972
-0.48,14,1174.434119
1.14,4,1174.445182
-0.55,15,1174.501365
1.56,9,1174.525833
1.47,10,1174.558271
1.48,9,1174.588922
1.14,4,1174.600316
-0.54,10,1174.638237
1.38,12,1174.679404
1.14,4,1174.693158
-0.51,10,1174.725311
-0.25,21,1174.782358
1.89,16,1174.8413
1.32,9,1174.869678
-0.7,11,1174.907023
1.14,4,1174.920383
1.49,9,1174.956467
1.64,13,1174.992041
1.45,9,1175.022486
1.54,9,1175.055344
1.43,9,1175.093376
-0.59,15,1175.139398
1.65,13,1175.190111
1.14,4,1175.199298
1.56,9,1175.230185
-0.21,16,1175.278661
1.54,9,1175.307703
1.37,12,1175.34192
1.14,4,1175.356231
1.38,14,1175.401694
1.46,11,1175.433602
1.35,9,1175.472395
1.98,13,1175.5139
1.51,10,1175.547751
1.51,12,1175.590778
1.49,10,1175.62242
1.14,4,1175.63856
-0.68,12,1175.682195
1.66,10,1175.71035
1.47,10,1175.741651
-0.26,15,1175.792983
1.56,10,1175.818176
1.64,10,1175.854194
1.36,11,1175.883245
1.54,9,1175.913556
1.14,4,1175.926111
-0.64,13,1175.970728
-0.47,12,1176.010108
1.86,17,1176.058841
1.59,12,1176.096102
1.54,9,1176.121372
-0.74,7,1176.148257
1.27,8,1176.174563
-0.19,14,1176.224046
-0.55,15,1176.272187
1.54,10,1176.303047
1.37,10,1176.337489
1.38,9,1176.372099
1.64,10,1176.404321
-0.29,12,1176.447992
-0.72,8,1176.476461
1.48,10,1176.512691
1.26,10,1176.545584
1.54,10,1176.582616
-0.4,13,1176.625618
1.14,4,1176.637332
1.54,9,1176.667523
-0.6,20,1176.729386
-0.62,9,1176.763834
1.54,11,1176.799654
1.54,9,1176.831262
1.54,9,1176.862818
-0.49,13,1176.910728
1.39,13,1176.951375
1.54,9,1176.977645
1.64,10,1177.011706
1.54,10,1177.046729
1.31,8,1177.074187
1.26,10,1177.105054
1.14,4,1177.117334
1.58,10,1177.150773
1.38,9,1177.183257
1.73,13,1177.221728
-0.37,15,1177.269722
1.14,4,1177.284973
1.4,10,1177.312759
-0.4,17,1177.368662
1.36,14,1177.418381
-0.65,12,1177.458202
1.52,11,1177.494698
1.51,15,1177.543666
1.39,10,1177.57661
-0.63,15,1177.628221
1.14,4,1177.644134
1.56,9,1177.676723
1.69,10,1177.710723
1.7,11,1177.756701
1.66,10,1177.791871
-0.28,20,1177.852407
-0.16,18,1177.90648
1.46,9,1177.936743
1.41,11,1177.975027
1.54,9,1178.006014
1.46,9,1178.036535
1.52,14,1178.078038
-0.69,10,1178.114859
1.54,9,1178.145434
1.44,8,1178.174667
1.47,9,1178.207696
2.03,18,1178.267676
1.52,12,1178.308569
1.42,10,1178.343003
1.54,9,1178.373658
-0.57,12,1178.406482
1.4,15,1178.52514
1.54,9,1178.555761
1.7,13,1178.601006
1.59,10,1178.629147
1.69,10,1178.668427
1.47,14,1178.710841
1.58,10,1178.741641
-0.7,12,1178.779193
1.46,11,1178.81249
1.14,4,1178.826435
1.35,14,1178.875082
-0.61,14,1178.921601
-0.51,16,1178.976807
1.33,8,1179.003993
1.54,9,1179.038391
1.64,10,1179.068147
-0.46,16,1179.12863
1.34,9,1179.158702
1.77,15,1179.207343
1.5,11,1179.246361
1.54,9,1179.276237
1.14,4,1179.289872
1.59,13,1179.338552
1.57,12,1179.377022
1.64,10,1179.412998
1.36,8,1179.438848
-0.44,16,1179.491564
1.14,4,1179.504726
1.55,15,1179.557881
1.66,13,1179.598065
1.14,4,1179.610674
-0.65,14,1179.651588
1.57,12,1179.683423
1.64,10,1179.723693
1.49,10,1179.761071
1.44,14,1179.811659
1.39,11,1179.849553
1.31,14,1179.896979
-0.06,20,1179.958009
1.64,10,1179.994211
1.27,8,1180.021785
1.56,9,1180.051336
1.48,9,1180.078002
1.49,10,1180.114983
1.14,4,1180.12836
1.28,10,1180.159096
-0.48,13,1180.201896
1.14,4,1180.214884
1.47,10,1180.24602
1.14,4,1180.26018
-0.57,11,1180.301987
1.15,9,1180.333213
-0.26,17,1180.391056
1.81,15,1180.457211
1.56,12,1180.570219
1.66,12,1180.633988
1.26,9,1180.686123
1.7,13,1180.743944
1.42,10,1180.794991
1.37,12,1180.83848
1.14,4,1180.853079
1.64,10,1180.888071
1.46,9,1180.922824
1.14,4,1180.939179
1.54,9,1180.973134
1.56,11,1181.01291
1.49,12,1181.060461
1.54,9,1181.091258
1.45,10,1181.129515
-0.37,20,1181.206689
1.64,10,1181.246667
1.52,11,1181.289156
1.59,10,1181.322632
1.54,9,1181.356563
-0.02,16,1181.408627
1.54,9,1181.444602
1.43,9,1181.478316
1.64,10,1181.516589
1.39,14,1181.56887
1.53,11,1181.604454
-0.64,9,1181.638663
1.46,10,1181.67315
1.43,12,1181.72137
-0.92,5,1181.743513
-0.47,11,1181.79029
1.14,4,1181.805457
-0.76,15,1181.857101
1.31,10,1181.891093
1.54,9,1181.922736
1.54,9,1181.949268
-0.83,14,1182.002941
-0.36,17,1182.050932
-0.63,13,1182.096797
1.54,13,1182.143162
1.7,12,1182.18847
1.45,10,1182.22499
1.6,12,1182.263078
1.61,11,1182.296895
1.58,10,1182.332942
1.64,10,1182.364019
1.16,8,1182.387759
1.64,10,1182.423084
1.53,11,1182.466082
-0.39,17,1182.523671
-0.84,9,1182.555071
1.54,9,1182.58885
1.11,8,1182.614265
1.34,10,1182.643941
1.91,18,1182.701289
1.58,11,1182.73846
1.49,10,1182.773705
1.53,15,1182.821583
1.54,9,1182.851331
1.14,4,1182.866389
1.58,10,1182.901021
-0.33,13,1182.95025
-0.72,10,1182.983217
-0.31,17,1183.032313
1.46,12,1183.070981
1.61,13,1183.116815
1.65,15,1183.163768
-0.3,16,1183.21474
-0.28,16,1183.264173
1.56,13,1183.312504
-0.64,11,1183.345262
-0.79,9,1183.37807
1.39,8,1183.405894
-0.55,13,1183.451746
1.41,12,1183.497067
-0.54,13,1183.541095
1.54,9,1183.639534
1.57,13,1183.688043
1.35,8,1183.716496
1.61,10,1183.751658
1.58,14,1183.805898
1.54,9,1183.835891
1.53,12,1183.879268
1.78,16,1183.941541
1.14,4,1183.961985
1.54,9,1183.997407
1.47,10,1184.045126
1.4,9,1184.084702
-0.33,15,1184.145925
-0.63,10,1184.184331
-0.51,12,1184.230031
-0.59,10,1184.267649
1.44,10,1184.301338
1.27,9,1184.328294
1.64,10,1184.368427
1.49,11,1184.409452
1.54,9,1184.437582
1.14,4,1184.451586
-0.59,14,1184.494311
1.46,9,1184.530748
1.54,9,1184.562349
1.39,8,1184.587453
-0.48,12,1184.629943
-0.38,13,1184.673298
1.14,4,1184.688238
1.54,9,1184.71543
1.14,4,1184.727038
1.42,10,1184.762751
1.63,11,1184.801472
-0.48,15,1184.846704
1.44,11,1184.886111
1.39,10,1184.917942
1.48,9,1184.951079
1.41,9,1184.982288
1.94,15,1185.035578
1.48,10,1185.066175
-0.56,14,1185.109162
-0.41,10,1185.143496
1.54,9,1185.178586
1.59,12,1185.218452
-0.64,14,1185.267725
-0.55,16,1185.318776
-0.09,18,1185.374762
1.64,10,1185.406626
1.14,4,1185.420611
1.14,4,1185.434561
1.45,10,1185.472177
1.19,8,1185.497954
1.39,8,1185.526448
1.39,10,1185.557905
1.64,10,1185.59298
-0.57,12,1185.63498
1.75,16,1185.683835
1.38,12,1185.716484
-0.43,14,1185.753122
1.39,10,1185.790453
1.64,10,1185.820799
-0.39,15,1185.864257
1.57,11,1185.898593
1.74,15,1185.949128
1.47,10,1185.990408
1.58,11,1186.026521
1.34,10,1186.059608
1.14,4,1186.073862
1.35,11,1186.107599
1.35,9,1186.13184
1.55,15,1186.183218
1.78,13,1186.228674
1.14,4,1186.240347
1.57,11,1186.275034
1.41,11,1186.31585
1.14,4,1186.33097
1.48,12,1186.368392
-0.57,10,1186.396645
1.91,13,1186.438199
1.47,10,1186.469904
1.48,12,1186.51301
1.32,9,1186.54544
1.64,10,1186.583248
1.61,10,1186.61276
1.29,12,1186.648313
1.27,8,1186.676323
1.59,13,1186.716757
1.46,12,1186.747824
1.54,9,1186.783882
-0.32,17,1186.835966
1.43,11,1186.872394
1.14,4,1186.884569
1.14,4,1186.898517
1.14,4,1186.911965
-0.4,15,1186.95565
-0.71,12,1186.992136
-0.62,13,1187.041698
1.43,9,1187.070528
1.14,4,1187.084966
1.58,10,1187.114134
1.66,10,1187.15043
1.45,10,1187.179049
1.5,11,1187.215552
-0.57,12,1187.252384
1.26,9,1187.284777
1.61,11,1187.326293
1.5,10,1187.356841
1.14,4,1187.369097
-0.62,12,1187.407726
1.38,9,1187.432195
1.56,9,1187.460776
1.36,8,1187.489828
1.56,10,1187.521263
1.6,13,1187.565557
-0.1,19,1187.622042
1.33,11,1187.659605
1.64,10,1187.694588
-0.31,13,1187.733536
1.2,10,1187.768806
1.21,9,1187.871475
-0.54,14,1187.91378
-0.67,17,1187.965325
1.59,10,1187.997422
1.46,9,1188.031057
1.56,10,1188.068431
1.42,12,1188.110653
1.54,9,1188.136195
1.43,9,1188.168699
1.59,12,1188.216252
1.46,9,1188.244629
-0.7,11,1188.2803
1.35,8,1188.305463
1.31,10,1188.347054
-0.51,12,1188.39204
1.42,10,1188.426603
-0.6,15,1188.469389
-0.38,17,1188.516649
1.59,13,1188.564032
-0.57,12,1188.604386
1.45,9,1188.637163
1.71,12,1188.684728
1.51,11,1188.725395
-0.3,18,1188.784757
1.55,11,1188.820128
1.14,4,1188.831952
-0.46,13,1188.880306
1.49,10,1188.913244
-0.79,14,1188.9571
1.3,9,1188.992309
1.47,10,1189.029196
1.14,4,1189.042946
-0.51,14,1189.089519
1.49,12,1189.130497
1.64,10,1189.165601
1.61,10,1189.193686
1.66,11,1189.232512
1.3,11,1189.268003
1.33,8,1189.354415
1.55,11,1189.405708
1.56,10,1189.432763
-0.34,15,1189.486869
1.48,10,1189.522673
1.38,9,1189.55895
1.14,4,1189.572729
1.14,4,1189.5885
1.52,12,1189.631949
1.61,10,1189.668651
1.67,14,1189.721281
1.44,14,1189.763894
1.56,9,1189.794356
-0.65,9,1189.832209
1.39,14,1189.883493
1.41,9,1189.914632
1.64,10,1189.950431
1.54,9,1189.976885
1.54,9,1190.007456
1.14,4,1190.024079
-0.51,19,1190.075799
1.43,15,1190.115965
1.14,4,1190.130002
1.14,4,1190.147531
1.64,10,1190.178318
1.27,9,1190.209419
1.69,10,1190.242982
1.54,9,1190.275173
1.64,10,1190.311248
1.36,10,1190.345552
1.54,9,1190.376873
1.51,16,1190.432065
1.58,12,1190.47351
1.64,13,1190.512885
1.66,10,1190.546228
1.61,10,1190.591717
1.14,4,1190.602865
1.54,9,1190.634696
1.14,4,1190.647901
1.35,9,1190.676795
1.56,16,1190.727646
-0.4,12,1190.774582
-0.31,18,1190.834868
1.47,11,1190.869115
1.43,9,1190.897403
1.54,19,1190.96081
1.41,11,1190.993708
-0.42,12,1191.039584
1.14,4,1191.050422
1.44,11,1191.0899
1.55,14,1191.137494
1.51,9,1191.16908
1.14,4,1191.1796
1.48,10,1191.208452
1.64,10,1191.243441
1.33,11,1191.279072
-0.43,16,1191.325681
1.33,8,1191.349253
1.35,8,1191.376338
-0.45,14,1191.428493
-0.46,11,1191.467449
1.54,9,1191.499169
-0.41,17,1191.556836
1.54,9,1191.593374
-0.51,13,1191.642728
1.47,11,1191.681579
1.53,11,1191.717081
1.35,9,1191.75282
1.54,9,1191.783965
1.5,10,1191.815216
1.69,10,1191.846486
1.53,10,1191.879957
1.14,4,1191.892608
1.52,11,1191.930185
1.14,4,1191.942589
1.43,9,1191.969384
1.64,10,1191.99912
1.23,12,1192.041993
-0.29,18,1192.098519
1.59,10,1192.134837
-0.64,11,1192.17055
-0.59,12,1192.210029
1.54,9,1192.244947
1.75,16,1192.291357
1.33,8,1192.319547
1.14,4,1192.330927
1.64,10,1192.417487
1.85,13,1192.484496
1.7,12,1192.519052
1.54,9,1192.549137
1.64,10,1192.584529
1.43,10,1192.620363
1.32,10,1192.650911
1.49,14,1192.704958
1.14,4,1192.714774
-0.04,17,1192.771016
1.81,16,1192.818216
1.58,14,1192.866403
1.6,14,1192.915564
1.58,11,1192.960761
1.54,13,1193.004467
1.31,10,1193.033103
1.14,4,1193.047113
1.53,11,1193.08678
1.37,10,1193.122746
1.25,8,1193.155473
1.55,10,1193.183614
1.64,10,1193.224135
1.76,16,1193.266528
1.41,9,1193.295207
-0.74,17,1193.347981
1.53,15,1193.403559
-0.48,13,1193.44628
1.64,13,1193.495779
1.54,9,1193.526076
1.14,4,1193.540954
1.54,9,1193.567306
-0.47,14,1193.607238
1.14,4,1193.620993
1.66,10,1193.656842
1.67,13,1193.691531
1.31,16,1193.74672
1.72,13,1193.789729
-0.4,17,1193.845871
-0.6,9,1193.87781
1.54,9,1193.904126
-0.53,12,1193.943222
1.66,10,1193.977513
1.42,10,1194.01085
1.6,12,1194.054245
1.23,10,1194.091713
1.47,10,1194.121244
-0.67,15,1194.164874
1.14,4,1194.176896
1.48,16,1194.233707
1.39,10,1194.272193
-0.33,17,1194.323826
-0.53,10,1194.353355
1.33,11,1194.395929
1.38,9,1194.426313
1.28,11,1194.455564
-0.76,10,1194.484417
1.14,4,1194.495118
1.14,4,1194.509305
-0.57,15,1194.55972
1.36,11,1194.597212
1.14,4,1194.610844
1.39,10,1194.649488
1.43,9,1194.680964
1.23,12,1194.721674
1.64,10,1194.757839
1.45,11,1194.799695
1.69,12,1194.836654
1.46,9,1194.863811
1.56,9,1194.896599
1.14,4,1194.913086
1.66,10,1194.943542
1.14,4,1194.953969
1.5,11,1194.990476
1.32,9,1195.027695
1.54,9,1195.058358
1.78,17,1195.115829
1.48,11,1195.149384
1.33,8,1195.179189
-0.16,20,1195.240655
1.54,9,1195.271591
1.64,10,1195.30603
1.63,11,1195.34775
-0.56,14,1195.388886
1.14,4,1195.400012
1.52,11,1195.431187
-0.47,16,1195.489007
1.53,14,1195.538167
-0.41,10,1195.572556
1.45,10,1195.608089
1.33,10,1195.644902
-0.41,16,1195.691265
1.58,10,1195.726238
1.61,10,1195.759567
1.37,10,1195.802104
-0.45,11,1195.832936
-0.3,17,1195.888937
1.14,4,1195.90357
1.14,4,1195.920296
1.57,11,1195.953053
1.69,10,1195.992565
1.53,12,1196.032461
1.5,9,1196.068711
1.41,8,1196.097557
1.54,9,1196.125874
1.65,13,1196.166966
-0.52,15,1196.218264
1.14,4,1196.229151
-0.76,12,1196.275469
1.73,15,1196.319494
1.33,8,1196.344271
1.49,9,1196.370953
1.34,10,1196.408428
1.34,10,1196.441343
1.58,10,1196.477178
1.49,11,1196.517357
1.54,9,1196.550714
1.61,17,1196.611572
-0.4,12,1196.657547
-0.36,19,1196.712186
1.64,10,1196.744915
-0.55,9,1196.783806
-0.47,13,1196.821613
-0.47,13,1196.863714
-0.34,17,1196.912869
1.14,4,1196.925107
1.64,10,1196.958534
1.14,4,1196.970456
1.32,9,1196.999165
1.55,11,1197.038266
1.38,9,1197.116799
1.54,9,1197.171177
1.51,10,1197.207675
1.49,10,1197.235503
1.54,9,1197.268555
1.36,7,1197.29155
1.74,11,1197.327351
1.57,15,1197.375099
1.19,8,1197.40485
1.4,9,1197.434114
1.55,10,1197.471601
1.64,10,1197.507645
1.47,10,1197.546159
1.47,10,1197.578704
1.48,9,1197.612183
1.63,11,1197.647642
1.54,13,1197.690744
1.45,9,1197.726561
1.38,11,1197.761758
1.54,9,1197.789923
1.37,10,1197.822399
1.37,9,1197.852536
1.45,10,1197.888641
-0.71,18,1197.944838
1.36,10,1197.981896
1.53,10,1198.01085
1.14,4,1198.024749
1.69,10,1198.058728
1.53,10,1198.088548
1.5,14,1198.137793
-0.47,10,1198.167388
1.39,8,1198.197037
1.14,4,1198.210768
-0.36,20,1198.259855
1.46,9,1198.289987
1.74,15,1198.335442
1.7,13,1198.381921
1.73,13,1198.4253
1.41,9,1198.455396
1.52,14,1198.498402
1.31,11,1198.534106
1.49,9,1198.56855
-0.49,12,1198.611724
-0.18,17,1198.666746
1.34,10,1198.700908
1.48,9,1198.734003
1.43,13,1198.778636
1.42,10,1198.80819
1.56,9,1198.845797
1.14,4,1198.857449
1.56,9,1198.887615
1.46,11,1198.923792
-0.53,13,1198.963546
1.33,8,1198.989079
1.38,9,1199.019641
1.53,10,1199.049241
-0.26,14,1199.09337
1.47,10,1199.127317
1.67,14,1199.174091
1.55,10,1199.212008
1.44,14,1199.257723
-0.67,11,1199.299705
1.14,4,1199.313746
1.38,9,1199.347318
1.74,11,1199.389871
1.58,14,1199.430626
1.54,9,1199.459204
1.29,10,1199.491693
1.53,13,1199.537986
-0.32,14,1199.590065
1.54,9,1199.615897
-0.3,13,1199.657057
1.88,14,1199.701183
1.52,11,1199.736229
1.14,4,1199.751046
1.14,4,1199.766196
1.14,4,1199.780655
1.48,9,1199.812847
-0.7,8,1199.841756
1.14,4,1199.85705
1.56,13,1199.901098
1.54,9,1199.927781
-0.38,18,1199.978148
1.43,10,1200.01223
1.38,9,1200.047868
-0.32,15,1200.094337
1.14,4,1200.105877
1.53,10,1200.141138
1.4,9,1200.174026
1.49,9,1200.20446
1.52,11,1200.243192
1.86,15,1200.291263
1.53,10,1200.323706
-0.45,17,1200.376483
1.54,12,1200.418433
-0.36,13,1200.46188
1.53,10,1200.492418
1.37,9,1200.521484
1.44,9,1200.55355
1.31,10,1200.587865
1.55,10,1200.621336
1.64,10,1200.654589
1.57,15,1200.710519
1.49,11,1200.750964
1.74,15,1200.800304
1.54,9,1200.829409
-0.8,10,1200.859167
-0.5,15,1200.906929
-0.78,13,1200.955725
1.36,8,1200.985437
1.53,10,1201.018575
-0.66,16,1201.071256
1.5,10,1201.102451
-0.36,17,1201.158346
1.49,18,1201.218766
1.45,10,1201.253576
1.43,12,1201.29016
1.45,13,1201.335188
1.14,4,1201.347657
1.41,11,1201.385401
1.51,10,1201.417208
1.43,9,1201.442705
-0.43,13,1201.489556
1.59,12,1201.535758
1.42,14,1201.585168
1.47,10,1201.616206
1.53,10,1201.650571
1.64,10,1201.685841
1.14,4,1201.701554
1.75,14,1201.741038
1.41,12,1201.840337
1.21,12,1201.949667
1.55,11,1201.990033
1.54,9,1202.021213
1.14,4,1202.035793
1.14,4,1202.050378
1.64,10,1202.087047
1.5,10,1202.119037
1.59,10,1202.158391
-0.32,15,1202.216007
1.47,10,1202.251761
1.41,14,1202.297254
1.46,9,1202.333659
1.64,10,1202.363913
-0.39,10,1202.401969
1.32,9,1202.433329
1.51,10,1202.468289
1.44,13,1202.515732
1.5,11,1202.55801
1.14,4,1202.573008
1.64,10,1202.605866
1.49,9,1202.638926
1.31,11,1202.680776
1.57,18,1202.74036
1.38,9,1202.777359
1.47,11,1202.809392
1.14,4,1202.822721
1.52,17,1202.872097
1.32,9,1202.903675
1.64,10,1202.93805
1.43,9,1202.974684
1.27,9,1203.002196
1.53,10,1203.036255
1.7,12,1203.073831
2.04,17,1203.137392
1.14,4,1203.151331
1.47,10,1203.184053
1.31,11,1203.223791
1.43,10,1203.254531
1.47,10,1203.285971
1.7,17,1203.345947
1.54,9,1203.376165
-0.46,10,1203.4193
1.48,9,1203.448963
1.14,4,1203.46332
1.64,10,1203.501949
1.54,9,1203.53636
1.51,12,1203.580811
1.86,15,1203.630387
1.52,12,1203.670076
-0.35,16,1203.721525
1.4,10,1203.754086
1.71,11,1203.793889
1.51,10,1203.829954
1.59,10,1203.865532
1.64,10,1203.898821
-0.44,10,1203.93353
1.14,4,1203.944459
-0.14,15,1203.991064
-0.34,14,1204.037458
1.79,12,1204.084602
-0.64,12,1204.127578
1.38,9,1204.154136
1.5,10,1204.187501
-0.39,13,1204.238478
1.44,11,1204.28453
1.14,4,1204.304801
-0.13,21,1204.379823
1.64,10,1204.411783
1.53,10,1204.446092
-0.46,15,1204.49562
1.44,9,1204.532275
1.36,8,1204.558334
1.48,10,1204.598385
1.27,8,1204.629742
1.48,10,1204.65355
-0.47,15,1204.701156
1.56,10,1204.733189
1.14,4,1204.748366
-0.53,11,1204.785496
1.53,10,1204.821648
1.56,16,1204.87358
1.53,10,1204.902978
-0.6,15,1204.940734
-0.1,21,1205.001202
1.54,9,1205.031573
1.64,10,1205.069976
1.14,4,1205.08264
1.62,12,1205.119803
1.47,10,1205.151273
1.63,16,1205.20033
1.38,14,1205.242057
1.58,11,1205.281146
1.56,10,1205.315515
1.49,12,1205.363461
2.11,16,1205.422679
1.14,4,1205.433612
-0.51,12,1205.470802
-0.66,19,1205.529089
1.54,9,1205.556433
1.47,10,1205.589982
-0.49,10,1205.622884
-0.33,13,1205.666605
1.79,11,1205.700808
1.52,14,1205.750914
1.56,10,1205.781092
1.7,14,1205.831416
1.25,8,1205.860098
-0.59,11,1205.898351
1.29,9,1205.931337
1.45,13,1205.968855
1.59,14,1206.007765
1.66,10,1206.044949
1.69,11,1206.084601
-0.1,17,1206.139034
1.68,14,1206.184432
1.42,10,1206.221124
1.14,4,1206.235438
1.54,9,1206.266728
1.55,11,1206.305316
1.14,4,1206.316443
1.51,9,1206.34635
1.54,9,1206.378195
1.51,13,1206.422589
1.69,14,1206.463841
1.66,11,1206.498366
1.64,10,1206.53354
1.2,10,1206.569415
1.41,8,1206.679933
1.48,9,1206.70343
1.43,9,1206.734981
-0.34,18,1206.788601
-0.38,16,1206.84299
1.61,10,1206.869607
1.64,10,1206.907236
1.38,9,1206.940107
1.44,9,1206.97269
1.35,12,1207.013414
1.38,9,1207.047837
-0.4,12,1207.095591
1.46,12,1207.133014
1.14,4,1207.147459
1.48,9,1207.180593
1.9,14,1207.226268
1.48,9,1207.261597
1.43,10,1207.291818
-0.68,9,1207.321438
1.57,15,1207.369067
1.48,10,1207.405113
1.33,10,1207.433041
1.66,10,1207.467416
1.39,11,1207.500069
1.63,11,1207.536713
1.64,10,1207.574519
1.14,4,1207.591034
1.58,11,1207.625277
1.26,9,1207.652438
1.62,13,1207.699536
-0.71,9,1207.730808
-0.47,10,1207.766321
1.66,10,1207.800088
1.53,10,1207.838231
-0.69,10,1207.871254
1.32,12,1207.909606
1.71,13,1207.953201
-0.5,11,1207.997342
1.53,10,1208.032729
1.54,9,1208.065211
1.64,10,1208.097949
1.43,10,1208.136482
1.45,10,1208.172465
1.44,10,1208.204767
1.58,10,1208.238837
1.4,8,1208.267169
-0.27,15,1208.325631
0.77,21,1208.388259
1.61,11,1208.42249
1.41,8,1208.452149
1.33,8,1208.483596
-0.53,10,1208.519216
-0.42,11,1208.553745
1.64,10,1208.582845
1.14,4,1208.59612
1.75,16,1208.642023
1.51,9,1208.665884
1.38,9,1208.696985
-0.44,12,1208.738641
1.69,11,1208.771231
1.64,10,1208.80718
1.26,7,1208.83127
1.53,10,1208.870658
1.51,12,1208.91238
1.14,4,1208.925803
1.6,12,1208.964657
-0.28,16,1209.022092
1.14,4,1209.032178
1.48,10,1209.059688
1.26,9,1209.091148
1.58,12,1209.133272
-0.29,17,1209.185154
1.49,12,1209.227846
-0.24,15,1209.271759
-0.61,15,1209.320799
1.56,9,1209.353844
1.51,10,1209.382738
1.22,8,1209.411946
1.33,10,1209.451878
1.39,11,1209.482122
1.26,10,1209.521991
1.5,10,1209.551126
-0.72,11,1209.593238
1.43,12,1209.633026
1.53,10,1209.669032
1.14,4,1209.68248
1.38,9,1209.708017
1.58,10,1209.74109
1.14,4,1209.755485
-0.52,12,1209.801567
-0.65,11,1209.836356
1.46,9,1209.865688
1.5,11,1209.907061
1.14,4,1209.918297
-0.44,13,1209.966734
1.15,10,1210.001516
1.23,10,1210.032122
1.35,11,1210.066355
1.56,9,1210.098314
1.28,8,1210.128732
1.53,14,1210.172207
1.61,10,1210.207916
1.69,10,1210.242753
1.49,11,1210.28216
-0.48,11,1210.315319
1.61,10,1210.350436
-0.45,11,1210.383015
1.14,4,1210.396675
1.47,11,1210.434298
1.37,10,1210.467786
-0.94,7,1210.49248
1.47,11,1210.529222
1.75,15,1210.580916
-0.77,9,1210.609593
1.69,11,1210.645031
1.51,10,1210.682539
1.54,10,1210.715896
1.53,10,1210.745023
1.14,4,1210.761264
1.64,10,1210.857836
1.4,10,1210.890661
1.33,10,1210.924453
1.43,12,1210.9617
1.14,4,1210.972844
1.48,10,1211.003624
1.14,4,1211.017811
-0.4,17,1211.069462
1.58,11,1211.102548
-0.18,15,1211.149447
-0.55,10,1211.196021
1.54,9,1211.238087
1.54,9,1211.273262
1.57,12,1211.315262
1.44,12,1211.357806
1.14,4,1211.372596
-0.44,12,1211.412264
-0.48,11,1211.457865
1.34,9,1211.483478
1.45,13,1211.532163
-0.39,16,1211.599298
-0.59,12,1211.660684
1.55,10,1211.70653
1.49,10,1211.751568
-0.81,14,1211.808691
1.54,9,1211.848902
-0.51,12,1211.905752
1.45,13,1211.973282
-0.73,12,1212.031003
-0.5,17,1212.103121
1.71,11,1212.143771
1.53,10,1212.188258
1.48,10,1212.231861
1.39,8,1212.267131
1.54,9,1212.302612
1.14,4,1212.32453
1.54,9,1212.36009
1.38,9,1212.390638
1.64,10,1212.437803
1.5,10,1212.482954
-0.53,14,1212.533898
1.69,12,1212.578837
1.32,9,1212.618625
1.48,10,1212.667195
1.51,10,1212.703728
1.64,10,1212.742805
1.45,10,1212.783749
-0.48,11,1212.827309
-0.46,12,1212.886423
1.47,10,1212.920853
1.32,10,1212.960636
1.53,10,1212.99797
1.27,9,1213.03398
-0.7,11,1213.069321
1.53,10,1213.105957
-0.71,12,1213.160502
1.14,4,1213.173492
-0.39,13,1213.213504
1.73,17,1213.264223
-0.44,14,1213.31276
1.56,10,1213.344282
1.28,8,1213.370685
1.47,10,1213.401711
1.39,14,1213.451395
1.49,9,1213.485809
1.38,14,1213.547852
1.59,10,1213.583874
1.64,10,1213.614613
-0.25,19,1213.68085
1.61,10,1213.710791
1.17,13,1213.759984
-0.18,19,1213.823532
1.22,8,1213.852834
1.64,10,1213.904279
1.16,9,1213.937525
1.69,10,1213.979569
1.98,18,1214.038949
1.14,4,1214.052837
1.14,4,1214.065858
1.14,4,1214.080443
1.46,9,1214.106991
1.4,13,1214.155715
1.5,10,1214.186276
1.64,10,1214.22491
1.62,12,1214.263861
1.54,9,1214.294395
1.63,11,1214.337507
1.57,13,1214.393273
1.44,11,1214.433105
1.63,11,1214.474195
1.51,10,1214.57092
1.34,11,1214.625705
1.68,12,1214.670497
-0.69,10,1214.701907
1.14,4,1214.71667
1.64,10,1214.752603
1.49,11,1214.778315
1.14,4,1214.790406
1.49,11,1214.827754
1.45,12,1214.876498
1.34,10,1214.907684
1.52,14,1214.946455
1.61,10,1214.986834
1.7,15,1215.040957
-0.61,10,1215.076275
1.14,4,1215.090769
1.46,9,1215.118627
1.35,11,1215.156236
1.64,10,1215.185827
1.4,12,1215.224598
1.51,12,1215.264737
1.33,11,1215.347264
1.5,11,1215.39517
-0.72,8,1215.419725
1.49,9,1215.445781
1.7,13,1215.491343
1.37,9,1215.52567
1.33,8,1215.553513
1.74,18,1215.610827
1.51,9,1215.642807
-0.67,8,1215.673776
-0.01,19,1215.732669
1.64,14,1215.777306
1.66,16,1215.827946
1.58,13,1215.872299
1.4,13,1215.914048
1.5,10,1215.950897
-0.55,11,1215.992973
1.64,10,1216.03912
1.37,12,1216.086653
1.52,12,1216.126592
1.64,10,1216.163028
1.54,9,1216.196452
1.52,12,1216.232882
1.48,9,1216.262576
1.4,15,1216.313157
1.58,14,1216.360311
1.53,10,1216.391845
1.67,18,1216.443146
-0.66,14,1216.499025
-0.63,10,1216.538148
-0.75,15,1216.593677
1.54,9,1216.623409
1.69,13,1216.668262
1.51,9,1216.704055
1.54,9,1216.732651
-0.24,13,1216.778191
1.33,10,1216.814181
1.77,13,1216.856421
1.32,9,1216.88956
1.49,13,1216.944355
1.57,12,1216.994146
1.51,9,1217.030367
1.31,7,1217.050068
1.4,12,1217.090719
-0.59,15,1217.136549
-0.54,15,1217.184911
-0.42,14,1217.224685
1.48,9,1217.252637
1.49,12,1217.293617
1.41,9,1217.323471
1.14,4,1217.335414
1.57,12,1217.372249
1.53,16,1217.435405
1.32,9,1217.462353
1.48,9,1217.496297
1.14,4,1217.512143
1.54,9,1217.549482
1.47,10,1217.582801
1.54,9,1217.615327
-0.56,11,1217.657824
1.53,10,1217.691911
-0.63,11,1217.723342
1.6,11,1217.757654
-0.47,13,1217.806747
1.18,6,1217.830176
1.31,11,1217.866147
1.64,10,1217.900285
1.47,10,1217.934607
1.53,10,1217.966193
1.65,12,1218.01123
1.64,13,1218.050427
1.54,11,1218.089489
1.33,8,1218.119882
-0.13,18,1218.17348
1.14,4,1218.187074
1.43,10,1218.217397
1.54,9,1218.246036
-0.41,15,1218.292711
1.14,4,1218.306351
-0.33,15,1218.356866
1.14,4,1218.371144
1.42,10,1218.402026
-0.41,15,1218.451022
-0.5,11,1218.490628
-0.57,12,1218.534303
1.56,9,1218.561807
1.43,12,1218.598825
1.45,10,1218.638495
-0.61,11,1218.675441
1.56,12,1218.719379
1.48,10,1218.747634
1.53,11,1218.780778
1.14,4,1218.796248
1.5,15,1218.842364
1.6,14,1218.889834
1.56,10,1218.919104
1.37,10,1218.954283
1.14,4,1218.967481
1.66,15,1219.019104
1.37,10,1219.050692
-0.42,14,1219.098471
1.63,11,1219.132236
1.48,12,1219.168875
1.64,10,1219.199378
1.14,4,1219.212836
1.53,10,1219.245208
-0.38,16,1219.294146
1.53,10,1219.326705
1.14,4,1219.340276
1.56,9,1219.382071
1.38,9,1219.42425
-0.58,11,1219.478576
1.51,9,1219.531404
-0.95,8,1219.571339
-0.55,14,1219.632759
-0.38,15,1219.684132
1.53,10,1219.72034
1.31,10,1219.755028
1.14,4,1219.769158
1.58,12,1219.810065
1.21,9,1219.909283
1.44,11,1219.958444
1.68,14,1220.002535
-0.52,10,1220.042309
1.14,4,1220.055185
1.14,4,1220.068868
1.36,11,1220.105014
1.64,10,1220.140164
1.54,9,1220.177225
1.43,10,1220.214975
1.95,18,1220.280298
1.64,10,1220.317859
-0.49,16,1220.373356
1.31,10,1220.407179
1.49,9,1220.436611
1.46,12,1220.475031
-0.54,18,1220.538593
1.56,12,1220.572684
-0.31,17,1220.62987
1.64,10,1220.66648
1.57,12,1220.715309
1.14,4,1220.732307
1.4,9,1220.768467
1.75,14,1220.820723
1.14,4,1220.837033
0.84,21,1220.907401
1.14,4,1220.92176
1.42,10,1220.957525
1.14,4,1220.974197
1.14,4,1220.988111
1.14,4,1221.00318
-0.75,11,1221.042871
1.48,10,1221.078975
1.82,14,1221.127452
-0.43,14,1221.173548
-0.39,13,1221.22142
1.55,11,1221.261968
1.74,11,1221.299575
1.25,8,1221.326521
1.38,9,1221.357006
-0.17,19,1221.410582
1.14,4,1221.424269
1.6,11,1221.462321
1.67,14,1221.504826
1.79,15,1221.569312
1.7,14,1221.634298
1.46,9,1221.679886
1.54,12,1221.815167
1.52,10,1221.873184
1.26,9,1221.920177
1.52,11,1221.964942
1.65,12,1222.015013
1.49,9,1222.055739
1.28,8,1222.08602
1.27,9,1222.120224
1.49,9,1222.153116
1.52,11,1222.200556
1.52,11,1222.241937
1.72,16,1222.29989
1.14,4,1222.31522
1.4,9,1222.349756
-0.61,13,1222.389235
1.69,10,1222.432094
1.56,9,1222.466987
1.74,11,1222.507817
1.66,10,1222.539925
1.64,10,1222.580289
1.14,4,1222.591156
1.32,13,1222.635762
1.56,13,1222.684268
1.53,10,1222.722324
1.43,9,1222.756492
1.14,4,1222.777434
1.48,10,1222.811249
1.74,13,1222.859993
1.38,9,1222.890323
-0.59,20,1222.967857
1.58,11,1223.019511
1.37,10,1223.057067
1.5,10,1223.097987
-0.28,15,1223.14761
-0.47,13,1223.191331
1.14,4,1223.204627
-0.42,14,1223.251287
1.58,11,1223.291976
1.14,4,1223.306378
1.56,9,1223.336968
1.77,18,1223.397526
1.41,8,1223.426954
1.58,10,1223.458517
1.46,13,1223.50005
1.51,12,1223.545357
1.14,4,1223.56276
1.48,13,1223.610024
1.54,9,1223.633994
1.68,12,1223.676208
-0.56,12,1223.715348
1.28,8,1223.741281
1.32,9,1223.770257
1.18,6,1223.795346
1.67,15,1223.848157
1.57,15,1223.897471
1.43,9,1223.929743
1.55,12,1223.968399
1.44,11,1224.009108
-0.63,10,1224.047185
1.72,17,1224.10332
1.64,10,1224.139336
1.64,10,1224.178072
1.22,8,1224.207185
-0.59,16,1224.262758
1.47,14,1224.314608
1.64,10,1224.353446
1.14,4,1224.366104
-0.6,15,1224.416203
-0.38,18,1224.475096
-0.64,13,1224.521746
1.64,13,1224.570336
-0.72,8,1224.598283
-0.24,19,1224.663909
1.14,4,1224.679087
1.64,10,1224.710587
1.63,11,1224.745724
1.48,9,1224.781787
1.4,12,1224.832795
-0.44,14,1224.872946
1.47,11,1224.915678
-0.89,8,1224.945933
1.53,10,1224.984934
1.47,11,1225.022382
-0.23,17,1225.082684
1.53,10,1225.114606
-0.89,8,1225.144816
1.39,11,1225.184448
1.47,10,1225.220367
1.38,12,1225.331277
1.39,8,1225.372733
1.39,10,1225.414989
1.66,10,1225.451011
1.14,4,1225.465826
1.32,12,1225.506402
1.51,12,1225.543499
1.38,9,1225.577281
1.48,9,1225.611313
1.47,12,1225.650667
-0.51,12,1225.691616
1.47,11,1225.728942
-0.48,12,1225.767404
1.72,15,1225.817718
1.69,13,1225.86427
1.45,11,1225.901357
1.41,11,1225.937355
1.81,16,1225.990732
-0.72,8,1226.013294
-0.5,11,1226.049703
1.14,4,1226.06277
1.34,9,1226.094264
-0.31,17,1226.15289
1.52,12,1226.195637
1.28,10,1226.228835
1.4,9,1226.262146
1.14,4,1226.276705
1.53,10,1226.316106
1.64,10,1226.346239
1.55,11,1226.387346
1.14,4,1226.401397
1.43,10,1226.437097
1.5,11,1226.476371
-0.82,6,1226.501518
1.53,10,1226.529967
-0.48,18,1226.59218
1.22,8,1226.616385
-0.18,14,1226.664857
1.49,11,1226.707015
1.14,4,1226.717543
-0.47,14,1226.765043
1.33,10,1226.805397
1.58,10,1226.842598
1.52,11,1226.886481
1.66,10,1226.93109
-0.57,16,1226.986149
1.53,11,1227.02968
1.72,14,1227.084992
1.64,10,1227.123246
1.14,4,1227.143561
1.14,4,1227.15803
1.52,11,1227.202225
1.31,10,1227.246041
1.34,11,1227.286328
1.14,4,1227.300326
1.66,10,1227.336417
1.64,10,1227.374157
-0.44,14,1227.42147
1.56,9,1227.453298
1.14,4,1227.465017
1.46,11,1227.503005
1.39,16,1227.563164
-0.5,11,1227.607806
1.58,13,1227.661618
1.51,13,1227.704885
1.14,4,1227.721217
1.46,13,1227.766793
1.64,10,1227.810179
1.32,9,1227.835598
1.48,9,1227.865146
1.3,9,1227.902004
1.43,10,1227.93803
1.47,10,1227.971653
1.33,11,1228.009863
1.4,10,1228.050668
-0.13,15,1228.109323
1.32,10,1228.146407
1.5,11,1228.192303
1.14,4,1228.206819
1.58,11,1228.250393
1.48,10,1228.284824
0.99,21,1228.347087
1.66,11,1228.382556
1.54,11,1228.41751
1.14,4,1228.429093
1.14,4,1228.445906
1.65,12,1228.484058
1.47,10,1228.512059
1.59,10,1228.544108
-0.43,17,1228.606079
1.48,10,1228.639716
1.53,10,1228.673049
1.76,18,1228.729657
1.54,9,1228.759121
1.51,12,1228.798738
1.59,13,1228.842456
-0.48,10,1228.876
1.42,10,1228.913317
1.54,9,1228.944477
-0.4,13,1228.984748
1.64,10,1229.016981
1.27,9,1229.045894
-0.75,15,1229.091161
1.47,10,1229.13019
-0.4,13,1229.171519
1.38,9,1229.197618
1.14,4,1229.210412
1.81,12,1229.25217
1.7,12,1229.292192
1.14,4,1229.305616
1.3,11,1229.340511
1.14,4,1229.355432
1.47,11,1229.393897
1.48,10,1229.425107
1.24,9,1229.454118
1.47,11,1229.490623
1.5,13,1229.532366
1.53,10,1229.572633
1.14,4,1229.583408
1.42,11,1229.625041
1.48,9,1229.652229
-0.68,12,1229.696358
1.45,10,1229.724717
1.35,9,1229.758329
0.18,21,1229.87973
1.54,9,1229.931643
1.14,4,1229.946205
-0.53,12,1229.983745
1.42,12,1230.023081
1.53,10,1230.059565
1.4,10,1230.094117
-0.79,6,1230.117773
1.41,11,1230.152471
-0.64,11,1230.193427
1.34,10,1230.230057
1.72,12,1230.264452
1.58,11,1230.298047
1.72,16,1230.354326
1.81,13,1230.398056
1.29,10,1230.429188
-0.66,8,1230.457788
-0.6,12,1230.503151
1.58,11,1230.542317
1.64,10,1230.574884
1.54,9,1230.603148
-0.68,9,1230.635081
1.55,11,1230.67658
1.56,9,1230.709681
-0.68,13,1230.754423
1.33,11,1230.786012
1.55,12,1230.824475
1.48,9,1230.857816
1.54,9,1230.88987
1.54,12,1230.937214
1.14,4,1230.951014
1.64,10,1230.985389
-0.55,20,1231.047643
1.64,10,1231.086179
1.48,9,1231.117956
1.76,12,1231.158084
1.41,8,1231.181863
1.39,10,1231.221346
-0.48,13,1231.278328
1.64,10,1231.325393
1.45,9,1231.358218
1.86,14,1231.406492
1.23,8,1231.431861
1.47,11,1231.46913
1.64,10,1231.506459
1.64,10,1231.536909
1.69,10,1231.57244
1.37,10,1231.603257
1.53,10,1231.640054
-0.47,11,1231.683275
1.59,10,1231.708936
-0.67,17,1231.769473
1.14,4,1231.779613
1.37,10,1231.823969
1.47,11,1231.862855
1.34,10,1231.895064
1.44,11,1231.925369
1.53,13,1231.969906
1.21,9,1231.99757
1.66,10,1232.030439
-0.46,19,1232.088491
1.53,10,1232.122331
1.77,17,1232.178316
1.5,11,1232.213507
-0.54,10,1232.247112
1.47,13,1232.296539
1.56,9,1232.323852
1.57,15,1232.369071
1.2,10,1232.400272
-0.51,16,1232.452636
1.47,10,1232.48168
1.14,4,1232.496178
1.63,14,1232.541744
-0.97,4,1232.556026
1.54,9,1232.584811
1.52,14,1232.628793
1.46,11,1232.659961
1.73,12,1232.778747
-0.71,7,1232.800534
-0.45,13,1232.843272
1.38,11,1232.880363
1.58,15,1232.929882
1.38,9,1232.961486
1.14,4,1232.975483
1.48,10,1233.007549
1.56,9,1233.039711
1.53,11,1233.076296
1.38,11,1233.109586
-0.44,12,1233.147099
1.39,10,1233.182759
-0.39,11,1233.222052
1.54,9,1233.255745
1.47,10,1233.2913
-0.56,17,1233.345658
1.58,11,1233.38444
1.59,13,1233.42419
1.14,4,1233.438003
1.57,12,1233.479108
-0.31,16,1233.533121
1.43,11,1233.570989
1.43,11,1233.606743
1.59,12,1233.648726
-0.81,8,1233.679465
1.65,13,1233.72403
1.26,10,1233.757424
1.32,9,1233.790096
1.68,15,1233.837993
1.43,9,1233.870084
1.46,10,1233.90257
1.54,9,1233.934136
1.66,10,1233.962801
1.14,4,1233.977257
1.44,11,1234.018616
1.47,10,1234.049703
1.56,9,1234.079198
1.3,8,1234.106484
1.43,10,1234.140646
-0.45,13,1234.177113
1.47,11,1234.217377
1.33,9,1234.248868
-0.67,11,1234.319046
-0.49,19,1234.418437
1.14,4,1234.433899
1.14,4,1234.447553
1.58,11,1234.477522
1.54,9,1234.513627
1.67,16,1234.567729
1.64,10,1234.600529
-0.34,14,1234.645491
1.6,15,1234.691742
-0.92,8,1234.722509
-0.61,14,1234.768566
1.14,4,1234.783545
1.54,9,1234.816936
1.54,9,1234.848911
-0.61,11,1234.884006
1.14,4,1234.893933
1.26,9,1234.923347
1.53,10,1234.957013
1.49,11,1234.999923
1.61,10,1235.02731
1.51,9,1235.060161
1.36,11,1235.099262
1.14,4,1235.114304
1.48,9,1235.147742
1.36,11,1235.185691
1.61,12,1235.227632
1.49,10,1235.263686
1.4,10,1235.295818
1.65,12,1235.338782
1.14,4,1235.352834
1.8,13,1235.394657
1.48,11,1235.438296
1.14,4,1235.452871
1.64,14,1235.498722
1.54,9,1235.52981
1.69,10,1235.559922
-0.33,13,1235.609817
-0.55,13,1235.65503
-0.65,15,1235.709291
1.3,8,1235.7368
1.54,15,1235.784733
1.14,4,1235.795235
1.43,9,1235.834028
1.51,10,1235.867843
1.36,10,1235.906432
1.44,9,1235.937004
1.42,13,1235.982511
1.54,9,1236.010255
1.37,10,1236.050884
1.64,10,1236.086213
1.53,10,1236.123733
1.51,10,1236.156357
1.38,9,1236.198032
1.14,4,1236.207955
-0.57,8,1236.231669
1.63,12,1236.273439
-0.51,11,1236.30859
1.49,9,1236.338706
1.14,4,1236.353444
1.54,9,1236.38503
1.58,11,1236.428052
1.43,10,1236.463375
1.54,9,1236.492676
1.54,9,1236.524101
-0.48,15,1236.570858
1.4,13,1236.613132
1.3,14,1236.657851
1.52,11,1236.698285
-0.58,16,1236.754325
1.61,14,1236.795069
-0.46,11,1236.838408
1.46,13,1236.885122
1.64,10,1236.923861
1.34,12,1236.96587
1.45,14,1237.010151
1.64,10,1237.049351
1.47,10,1237.086156
1.39,11,1237.12706
1.48,9,1237.164051
1.44,11,1237.204343
1.14,4,1237.220102
1.14,4,1237.233034
1.64,10,1237.268995
-0.18,16,1237.319827
-0.72,9,1237.352847
1.64,10,1237.385141
1.69,14,1237.436724
1.64,10,1237.46648
1.4,10,1237.501566
-0.29,16,1237.551114
-0.71,10,1237.586137
1.5,10,1237.623836
1.66,10,1237.660066
1.56,9,1237.689422
-0.46,19,1237.746826
1.44,9,1237.78132
1.43,9,1237.812348
1.54,9,1237.842973
1.54,9,1237.87614
1.4,9,1237.910454
1.66,10,1237.949028
1.72,13,1238.000929
1.54,12,1238.054726
-0.42,16,1238.12649
1.54,9,1238.175645
1.63,12,1238.226736
1.41,11,1238.270636
1.49,9,1238.314515
1.89,18,1238.37947
1.54,11,1238.418495
1.68,15,1238.47167
-0.33,20,1238.537567
1.19,8,1238.56322
1.69,13,1238.608069
1.51,10,1238.650675
1.64,10,1238.697566
1.49,9,1238.741673
1.41,9,1238.783834
1.45,13,1238.837813
-0.45,14,1238.886952
1.54,10,1238.929316
1.36,8,1238.957669
1.49,9,1238.988312
1.39,11,1239.028153
1.66,10,1239.062629
1.55,10,1239.098153
1.64,10,1239.131705
1.43,10,1239.174591
1.43,15,1239.236588
1.56,10,1239.280429
-0.56,14,1239.341327
1.6,19,1239.414888
-0.37,14,1239.465995
1.56,9,1239.493166
1.14,4,1239.506465
-0.42,16,1239.564575
1.66,10,1239.592758
1.54,10,1239.624875
1.49,12,1239.721628
-0.74,6,1239.754275
1.14,4,1239.77286
1.35,12,1239.814603
1.49,11,1239.850172
1.14,4,1239.863678
1.63,11,1239.902308
1.14,4,1239.915633
1.39,10,1239.949787
-0.6,17,1240.004925
1.49,10,1240.035755
1.51,10,1240.066925
1.64,10,1240.100061
1.52,11,1240.139174
1.64,10,1240.173396
-0.63,10,1240.211702
1.44,15,1240.255277
-0.78,8,1240.285067
-0.47,14,1240.33491
-0.67,12,1240.377464
1.14,4,1240.390811
1.71,16,1240.444588
1.14,4,1240.457486
1.49,9,1240.485727
1.66,10,1240.514663
1.64,10,1240.544015
1.14,4,1240.559108
-0.48,19,1240.607748
1.49,9,1240.633212
1.42,11,1240.66881
-0.39,13,1240.71205
1.14,4,1240.726663
1.76,12,1240.771442
-0.56,11,1240.81297
1.69,13,1240.857171
-0.56,10,1240.889556
-0.34,16,1240.942293
1.29,9,1240.974533
1.69,10,1241.014471
1.75,13,1241.052907
-0.55,13,1241.099099
1.56,10,1241.129897
1.33,9,1241.162324
1.5,12,1241.200152
1.33,8,1241.230653
1.54,13,1241.277642
-0.74,6,1241.298773
1.36,11,1241.329236
1.45,10,1241.363101
1.47,10,1241.396435
1.53,10,1241.434508
1.53,10,1241.466484
1.14,4,1241.476744
1.42,14,1241.525063
-0.51,12,1241.563276
1.63,14,1241.611391
1.14,4,1241.628376
1.45,10,1241.666539
1.51,10,1241.703255
1.64,10,1241.732963
1.45,10,1241.767715
1.52,11,1241.806596
1.54,13,1241.849883
-0.56,14,1241.889343
-0.11,14,1241.942613
1.48,9,1241.975447
1.53,11,1242.017804
1.14,4,1242.032265
-0.54,13,1242.081021
1.53,13,1242.119601
1.3,9,1242.153278
1.38,9,1242.184112
1.14,4,1242.19672
1.3,9,1242.224526
1.66,10,1242.259575
1.64,10,1242.296926
1.56,9,1242.324886
1.14,4,1242.337989
1.14,4,1242.35575
-0.55,18,1242.415766
1.14,4,1242.428306
1.5,11,1242.467827
1.43,9,1242.501037
-0.51,17,1242.563522
1.58,11,1242.594939
1.14,4,1242.608084
-0.63,10,1242.645831
1.41,12,1242.68915
1.58,11,1242.719928
-0.46,10,1242.753958
1.3,11,1242.789508
-0.65,11,1242.829825
-0.63,10,1242.863978
1.54,9,1242.894446
-0.26,18,1242.949948
1.42,15,1243.003259
1.47,10,1243.034541
1.59,12,1243.070883
1.35,10,1243.110823
-0.7,8,1243.142838
1.31,10,1243.177433
-0.37,17,1243.234133
1.56,11,1243.276901
1.64,10,1243.309091
1.7,12,1243.341518
1.38,12,1243.377413
1.51,10,1243.414838
1.25,11,1243.453411
1.72,15,1243.504646
1.46,12,1243.544703
1.34,9,1243.641799
1.66,10,1243.673038
1.42,11,1243.709383
-0.57,13,1243.744941
1.2,10,1243.783277
1.61,15,1243.830489
-0.56,11,1243.865846
1.64,10,1243.89934
1.7,13,1243.946744
1.5,10,1243.980933
1.14,4,1243.995729
1.59,12,1244.036152
1.54,9,1244.06872
-0.32,15,1244.116415
1.64,10,1244.148898
1.31,10,1244.184956
-0.4,15,1244.234612
1.53,10,1244.264519
1.65,12,1244.302375
1.54,12,1244.342358
1.14,4,1244.357307
-0.44,15,1244.409203
1.33,11,1244.446165
1.25,11,1244.482587
1.49,9,1244.515486
-0.7,12,1244.554822
1.65,15,1244.599274
1.66,11,1244.63406
-0.36,17,1244.765367
-0.92,7,1244.78341
1.53,10,1244.811159
-0.61,13,1244.853245
-0.31,14,1244.89477
1.44,11,1244.927346
1.54,9,1244.958781
1.55,11,1244.999647
1.52,10,1245.033727
1.45,13,1245.077085
1.66,10,1245.108361
1.14,4,1245.1215
1.91,18,1245.176321
-0.46,18,1245.231054
-0.74,10,1245.279214
1.5,10,1245.321579
1.61,10,1245.371679
1.64,10,1245.412332
1.46,12,1245.456264
-0.41,13,1245.508955
-0.61,11,1245.564758
1.59,10,1245.606477
1.42,12,1245.666397
1.44,11,1245.717867
1.59,10,1245.761346
1.61,11,1245.799801
1.54,9,1245.828406
1.3,9,1245.860762
-0.58,16,1245.915646
-0.24,15,1245.972772
1.45,10,1246.022454
1.42,10,1246.064024
1.48,10,1246.107158
1.14,4,1246.122064
1.57,11,1246.169063
-0.27,19,1246.244622
1.54,9,1246.280707
1.58,10,1246.319375
1.42,13,1246.36528
1.47,10,1246.40504
1.66,11,1246.452849
-0.34,16,1246.514173
1.56,9,1246.554192
1.54,9,1246.593012
1.73,15,1246.647869
1.14,4,1246.661031
1.35,9,1246.700966
1.5,11,1246.743491
1.53,10,1246.790852
1.44,12,1246.840145
1.14,4,1246.937014
1.54,9,1246.980699
1.64,11,1247.027427
-0.25,20,1247.099935
1.74,11,1247.143011
1.54,9,1247.167607
-0.68,9,1247.203987
1.51,9,1247.238042
-0.46,13,1247.287505
1.43,12,1247.327878
1.69,10,1247.367724
-0.51,12,1247.399602
1.55,13,1247.437809
1.53,10,1247.468146
1.49,15,1247.520009
-0.59,9,1247.548193
1.35,12,1247.590578
-0.15,19,1247.656669
1.66,15,1247.70128
1.54,9,1247.727234
1.54,9,1247.752373
1.54,9,1247.782697
-0.6,12,1247.82857
1.34,13,1247.867514
-0.52,13,1247.91524
1.33,8,1247.946132
-0.56,18,1248.001154
1.53,10,1248.037974
1.51,12,1248.082278
1.61,10,1248.111665
1.66,10,1248.150505
1.36,8,1248.178225
-0.6,13,1248.224359
1.5,10,1248.256297
-0.37,13,1248.295988
1.49,12,1248.337058
1.48,10,1248.371819
1.32,9,1248.397324
-0.53,14,1248.446671
1.54,9,1248.472617
-0.39,14,1248.519694
1.69,10,1248.550486
1.14,4,1248.566588
1.54,12,1248.608945
1.14,4,1248.621646
1.14,4,1248.635212
1.28,10,1248.674858
1.43,9,1248.712529
1.59,10,1248.758834
1.47,10,1248.805827
1.55,11,1248.85757
1.33,11,1248.895863
1.49,12,1248.945189
1.28,7,1248.978135
1.39,10,1249.022952
-0.42,13,1249.076233
1.53,10,1249.112947
1.43,10,1249.148893
1.59,10,1249.184509
1.3,8,1249.212703
1.58,11,1249.25582
1.64,10,1249.294843
1.53,11,1249.328801
1.55,12,1249.370797
1.46,9,1249.406803
-0.42,14,1249.463724
1.5,10,1249.511139
1.38,9,1249.545232
1.5,11,1249.590369
1.54,9,1249.622323
1.77,14,1249.740646
1.48,10,1249.773994
1.49,9,1249.804794
1.48,12,1249.842141
1.29,7,1249.871239
1.36,11,1249.910383
1.51,10,1249.94252
1.65,16,1249.995527
1.54,9,1250.021581
1.44,11,1250.060028
-0.67,14,1250.108934
1.36,8,1250.137681
1.33,8,1250.169303
1.38,9,1250.196479
-0.44,14,1250.245531
1.64,10,1250.278145
1.43,10,1250.307745
1.61,11,1250.343741
1.64,10,1250.381946
1.2,13,1250.422395
1.66,12,1250.510883
1.43,10,1250.578622
1.55,11,1250.650061
1.54,9,1250.679644
1.71,12,1250.729636
1.14,4,1250.745379
1.54,9,1250.780815
-0.52,10,1250.814311
-0.52,10,1250.862222
1.5,10,1250.895896
1.46,9,1250.929219
1.57,15,1250.987945
1.64,10,1251.024571
-0.69,10,1251.060829
1.54,9,1251.092259
1.53,10,1251.13413
1.14,4,1251.156195
-0.67,11,1251.203362
1.64,10,1251.234868
1.48,9,1251.263772
1.32,10,1251.30238
1.41,9,1251.334063
1.44,11,1251.373246
1.56,10,1251.408708
1.34,9,1251.447958
-0.62,12,1251.491354
1.37,10,1251.526459
-0.32,15,1251.58365
1.45,13,1251.631714
1.42,11,1251.672408
1.28,8,1251.697351
1.28,8,1251.724863
1.54,9,1251.754163
1.79,11,1251.791835
-0.31,14,1251.842938
1.67,16,1251.895657
1.14,4,1251.911524
1.54,9,1251.947541
1.45,9,1251.979222
1.54,9,1252.010886
1.39,10,1252.051945
1.64,10,1252.088732
1.22,9,1252.120459
-0.38,19,1252.183782
1.47,10,1252.211625
1.44,11,1252.241153
1.14,4,1252.253587
1.64,10,1252.286303
1.62,16,1252.328191
1.54,9,1252.354351
1.64,10,1252.388116
1.35,11,1252.430968
1.58,10,1252.467199
1.57,11,1252.504886
-0.6,10,1252.539304
1.38,9,1252.572217
1.64,10,1252.604125
-0.53,11,1252.642941
1.14,4,1252.656646
1.41,12,1252.69893
1.52,11,1252.733222
1.27,8,1252.75849
1.29,12,1252.801294
1.55,12,1252.841124
-0.31,17,1252.90386
1.59,11,1252.93629
1.49,9,1252.972201
-0.23,21,1253.036709
1.63,11,1253.077179
-0.75,15,1253.126433
-0.64,11,1253.163773
1.54,9,1253.195333
1.81,19,1253.259218
1.67,14,1253.303136
1.44,10,1253.328199
1.48,15,1253.376744
-0.04,20,1253.442005
-0.45,12,1253.481726
-0.74,10,1253.516376
1.48,10,1253.554125
-0.33,15,1253.61258
1.38,14,1253.659527
1.32,9,1253.685738
1.46,9,1253.720442
1.61,10,1253.752604
-0.26,14,1253.802734
1.54,9,1253.832359
1.43,12,1253.870136
1.54,9,1253.902277
1.14,4,1253.915583
1.64,10,1253.954226
1.54,9,1253.98185
-0.44,13,1254.031793
1.39,10,1254.064855
1.56,10,1254.095116
1.58,12,1254.139812
-0.15,17,1254.196184
-0.34,15,1254.246744
1.14,4,1254.263967
-0.37,16,1254.325681
1.74,11,1254.374856
1.69,10,1254.494005
1.69,16,1254.548078
1.36,8,1254.572114
1.51,12,1254.611963
1.51,9,1254.648352
1.56,10,1254.685189
-0.84,9,1254.712499
2.06,14,1254.770686
-0.75,14,1254.819728
1.32,9,1254.85293
1.53,10,1254.888262
1.43,14,1254.934741
1.54,9,1254.961669
-0.55,14,1255.005886
1.69,10,1255.036609
1.68,12,1255.074863
1.47,10,1255.108876
1.54,16,1255.165044
1.44,10,1255.198894
1.44,11,1255.236835
-0.27,16,1255.284092
1.21,9,1255.316164
1.43,10,1255.351502
1.54,9,1255.386325
1.66,10,1255.420783
1.79,12,1255.457724
1.82,17,1255.506601
1.14,4,1255.523695
1.54,9,1255.564396
-0.44,14,1255.612269
1.43,11,1255.6502
1.44,8,1255.679027
1.46,12,1255.719685
1.14,4,1255.734252
1.54,9,1255.76523
1.54,9,1255.800148
1.14,4,1255.814636
1.5,13,1255.861006
1.39,11,1255.898615
-0.56,12,1255.941004
1.66,11,1255.980068
1.21,8,1256.003177
1.46,9,1256.03198
-0.34,21,1256.112177
-0.44,10,1256.151552
1.45,10,1256.191238
1.14,4,1256.207867
1.36,11,1256.249744
1.53,10,1256.281862
1.79,13,1256.329275
1.4,11,1256.370623
1.21,9,1256.400065
-0.14,17,1256.460732
1.39,11,1256.493128
1.56,9,1256.523844
1.38,9,1256.559238
-0.37,17,1256.612722
1.54,9,1256.645443
1.47,10,1256.684787
-0.45,11,1256.720384
1.54,9,1256.750875
1.56,9,1256.78423
1.14,4,1256.796148
1.64,10,1256.833859
1.4,12,1256.874133
1.56,10,1256.908076
1.71,15,1256.963098
1.53,10,1257.000182
1.51,12,1257.040928
1.49,11,1257.078434
1.7,16,1257.134329
1.51,9,1257.172126
-0.34,13,1257.22745
1.64,10,1257.269778
1.26,12,1257.319202
-0.45,17,1257.376312
-0.54,15,1257.424687
1.58,14,1257.462846
-0.71,9,1257.494319
1.64,10,1257.531939
1.4,14,1257.579967
-0.74,10,1257.615127
1.42,10,1257.649182
1.38,9,1257.68295
1.52,11,1257.72102
1.53,11,1257.756759
1.99,16,1257.809247
1.59,13,1257.961919
1.33,8,1257.987786
1.46,11,1258.024164
1.53,10,1258.062147
-0.7,9,1258.095658
1.32,9,1258.128595
1.55,11,1258.163543
1.38,11,1258.20083
1.54,9,1258.230554
-0.71,7,1258.255313
-0.67,11,1258.298971
1.35,9,1258.327947
1.58,15,1258.39324
-0.73,9,1258.429785
-0.15,16,1258.494029
1.51,9,1258.527481
1.39,11,1258.570544
1.64,10,1258.602299
1.34,9,1258.638108
-0.57,16,1258.693667
-0.67,10,1258.728538
1.14,4,1258.738947
1.53,10,1258.777456
1.54,9,1258.817288
1.14,4,1258.837263
-0.18,13,1258.888595
1.55,12,1258.935747
1.41,11,1258.9752
1.63,12,1259.022323
1.58,17,1259.072372
1.64,10,1259.111496
1.14,4,1259.122525
-0.54,15,1259.170556
1.14,4,1259.18508
1.56,9,1259.220302
1.31,10,1259.255025
1.52,11,1259.291394
1.4,10,1259.327411
1.42,11,1259.369648
1.77,13,1259.425215
1.61,10,1259.468323
-0.36,11,1259.504359
1.48,13,1259.619338
1.74,12,1259.658262
1.75,13,1259.698854
1.14,4,1259.710704
1.59,10,1259.746795
-0.48,15,1259.801224
1.53,10,1259.845538
1.38,9,1259.883212
1.57,11,1259.924758
1.54,10,1259.954367
1.34,10,1259.994756
1.49,9,1260.023653
1.75,13,1260.062905
1.64,10,1260.099738
-0.46,14,1260.150147
1.14,4,1260.163876
1.14,4,1260.178009
-0.57,12,1260.2161
-0.22,19,1260.275804
1.56,9,1260.30883
1.6,11,1260.346137
1.62,13,1260.394401
1.52,11,1260.43307
1.14,4,1260.44539
1.38,9,1260.475592
1.14,4,1260.488817
1.71,11,1260.525936
1.58,11,1260.563802
-0.4,14,1260.604403
1.14,4,1260.618201
1.36,10,1260.657469
1.5,10,1260.68432
1.56,9,1260.714361
-0.52,12,1260.757589
1.32,9,1260.789131
1.45,9,1260.819629
1.53,11,1260.858326
-0.67,11,1260.89413
-0.42,18,1260.953641
1.72,16,1261.0016
1.53,10,1261.04075
1.48,9,1261.068303
1.18,8,1261.099807
1.14,4,1261.114486
1.64,10,1261.147649
1.48,9,1261.182469
1.42,10,1261.21367
1.14,4,1261.227504
1.51,10,1261.262542
1.47,10,1261.296209
1.53,10,1261.331028
1.45,10,1261.365439
1.41,9,1261.397644
1.52,11,1261.432148
1.44,9,1261.467729
1.48,9,1261.502628
1.14,4,1261.51844
-0.55,14,1261.572175
1.45,9,1261.612098
-0.3,16,1261.669759
1.64,10,1261.713962
1.68,12,1261.756455
1.54,9,1261.788905
1.14,4,1261.800389
1.53,11,1261.835853
1.14,4,1261.850845
1.79,17,1261.909522
-0.59,17,1261.959077
1.56,10,1261.994528
1.51,9,1262.019434
1.58,11,1262.061883
1.48,9,1262.086946
1.46,9,1262.118089
-0.52,14,1262.169772
1.14,4,1262.185149
1.14,4,1262.199174
1.54,9,1262.232972
1.64,10,1262.272568
1.43,13,1262.329364
1.49,9,1262.364121
1.54,9,1262.39915
-0.32,15,1262.461919
1.43,10,1262.499456
-0.28,20,1262.568041
1.41,11,1262.603736
1.44,11,1262.640457
1.66,10,1262.675785
-0.4,18,1262.728876
1.21,11,1262.768521
1.43,10,1262.800388
-0.31,20,1262.866097
1.14,4,1262.881091
-0.59,9,1262.916339
-0.71,7,1262.937347
1.41,12,1262.97794
-0.42,13,1263.027677
1.37,10,1263.065661
1.66,10,1263.103336
1.55,11,1263.139446
1.14,4,1263.15362
1.44,10,1263.190126
1.56,9,1263.215564
1.44,11,1263.256822
-0.07,19,1263.319976
1.49,11,1263.357308
1.64,10,1263.386813
1.14,4,1263.400707
-0.72,8,1263.42841
-0.24,19,1263.479253
1.27,12,1263.521505
1.14,4,1263.537518
1.51,10,1263.577315
1.14,4,1263.595939
1.32,9,1263.629787
-0.43,15,1263.689573
1.61,10,1263.730468
1.61,10,1263.769967
1.65,13,1263.819106
1.47,15,1263.879376
1.64,10,1263.918809
1.56,10,1263.955999
-0.22,17,1264.019289
-0.98,5,1264.046607
1.14,4,1264.133719
1.29,9,1264.189684
1.66,11,1264.229986
-0.61,11,1264.269734
1.49,9,1264.31049
1.41,12,1264.358282
1.33,8,1264.393936
1.79,11,1264.434999
1.6,14,1264.49076
-0.76,6,1264.510214
-0.24,18,1264.570189
1.33,11,1264.611933
1.64,10,1264.64746
1.67,11,1264.690449
1.64,10,1264.724709
1.67,14,1264.782414
1.34,13,1264.82841
1.36,8,1264.853296
1.48,10,1264.893849
1.6,12,1264.932981
-0.51,12,1264.97519
1.43,10,1265.003467
-0.27,16,1265.054651
-0.57,9,1265.086231
1.59,16,1265.132438
1.7,15,1265.185068
1.36,8,1265.214036
1.47,10,1265.245697
1.14,4,1265.257334
1.38,13,1265.301572
1.53,10,1265.331393
-0.56,8,1265.357191
1.43,9,1265.389716
1.14,4,1265.405534
1.14,4,1265.419896
1.86,19,1265.485646
1.15,12,1265.530576
1.43,9,1265.563872
1.56,12,1265.607495
-0.44,10,1265.643926
1.61,10,1265.677894
1.63,13,1265.720157
1.61,13,1265.762713
1.53,10,1265.80952
-0.71,9,1265.855383
1.37,9,1265.906622
1.63,12,1265.971932
1.69,11,1266.021187
1.71,15,1266.091711
1.54,10,1266.13346
1.53,10,1266.180262
1.54,9,1266.216673
1.25,11,1266.26377
1.66,13,1266.319948
-0.48,12,1266.364025
-0.47,11,1266.411954
1.53,14,1266.472837
1.34,9,1266.51389
-0.27,15,1266.580121
1.41,11,1266.629211
1.14,4,1266.642872
1.14,4,1266.657855
1.14,4,1266.67211
-0.32,15,1266.723531
1.14,4,1266.733266
1.14,4,1266.743696
-0.38,14,1266.793846
1.38,13,1266.838797
1.54,9,1266.873282
-0.46,12,1266.915436
1.14,4,1266.929678
1.58,11,1266.96787
1.37,10,1266.999697
-0.55,9,1267.033377
1.48,9,1267.059161
1.51,13,1267.103245
1.14,4,1267.115925
1.61,13,1267.158308
1.35,12,1267.199496
1.41,9,1267.232797
1.14,4,1267.245455
-0.76,12,1267.298644
1.14,4,1267.316018
-0.29,15,1267.379414
1.54,10,1267.421437
1.47,10,1267.466175
1.53,10,1267.515863
1.14,4,1267.532167
-0.54,15,1267.582609
-0.34,11,1267.624002
1.61,10,1267.659016
1.5,9,1267.699375
1.42,11,1267.731702
1.44,11,1267.774539
-0.6,19,1267.844104
1.45,9,1267.946745
1.48,13,1268.022865
-0.36,16,1268.071959
-0.25,20,1268.128349
1.63,12,1268.174632
1.58,15,1268.224043
1.76,14,1268.268743
-0.85,9,1268.299084
1.53,14,1268.353795
0.68,21,1268.417227
1.6,12,1268.458113
-0.42,16,1268.510269
1.46,9,1268.542076
1.31,11,1268.580236
1.33,8,1268.605512
-0.82,6,1268.626829
1.4,10,1268.661784
1.33,8,1268.689456
1.44,11,1268.726897
1.28,7,1268.752308
1.67,14,1268.803515
1.14,4,1268.813006
-0.44,14,1268.856244
1.14,4,1268.868649
-0.22,15,1268.924679
1.43,9,1268.962284
-0.18,14,1269.015574
1.59,10,1269.05209
1.62,12,1269.098171
1.74,11,1269.133892
-0.81,11,1269.244303
1.59,11,1269.281597
