#{"t_start": 1762600449.2004163, "env_id": "None"}
r,l,t
1.0,5,0.067475
1.0,5,0.083866
1.0,9,0.115361
-1.0,5,0.129921
-1.0,7,0.162719
-1.0,4,0.183978
1.0,9,0.224858
1.0,6,0.25815
-1.0,6,0.294389
-1.0,5,0.322737
-1.0,9,0.354637
-1.0,10,0.401131
-1.0,6,0.431444
-1.0,8,0.456018
-1.0,10,0.49679
-1.0,6,0.525541
-1.0,10,0.580737
-1.0,6,0.609706
-1.0,9,0.642909
-1.0,4,0.657231
-1.0,6,0.683777
-1.0,5,0.697786
-1.0,6,0.719378
-1.0,4,0.734766
-1.0,10,0.775999
-1.0,6,0.797595
-1.0,4,0.81431
1.0,4,0.825366
1.0,5,0.843655
1.0,8,0.870895
-1.0,5,0.888397
-1.0,9,0.917967
-1.0,7,0.948078
-1.0,4,0.964745
1.0,5,0.982142
-1.0,10,1.024455
-1.0,6,1.052025
-1.0,6,1.078376
-1.0,4,1.092153
-1.0,10,1.130827
-1.0,6,1.171239
-1.0,4,1.18542
-1.0,4,1.202483
-1.0,6,1.222091
-1.0,4,1.237986
1.0,5,1.252758
-1.0,4,1.266378
-1.0,5,1.282559
-1.0,5,1.301563
-1.0,5,1.319225
-1.0,5,1.335017
1.0,8,1.360094
1.0,5,1.383049
-1.0,4,1.39659
-1.0,4,1.407737
-1.0,5,1.420658
1.0,5,1.437294
-1.0,4,1.450861
-1.0,5,1.46508
-1.0,6,1.500828
-1.0,4,1.519819
-1.0,4,1.532577
-1.0,5,1.549684
-1.0,7,1.575176
-81.0,96,1.718242
-1.0,4,1.736807
1.0,5,1.75168
1.0,4,1.764865
1.0,5,1.782899
-1.0,4,1.797091
-1.0,9,1.829778
1.0,4,1.843364
-1.0,4,1.859398
-1.0,4,1.874142
-1.0,5,1.898243
-1.0,5,1.918329
-1.0,5,1.940948
-1.0,4,1.959377
-1.0,5,1.977381
-1.0,4,1.990139
-1.0,4,2.007021
1.0,5,2.023324
-1.0,14,2.083682
-1.0,4,2.097757
-1.0,7,2.123983
-1.0,4,2.140183
-1.0,5,2.155406
-1.0,4,2.169903
-1.0,4,2.185507
-1.0,4,2.198551
-1.0,5,2.217381
-1.0,5,2.232197
-1.0,6,2.252829
-1.0,4,2.262688
-1.0,5,2.291966
-1.0,4,2.309747
-1.0,10,2.390128
-1.0,4,2.418399
-1.0,4,2.446353
-1.0,5,2.470064
1.0,5,2.491451
-1.0,7,2.508007
-1.0,9,2.537688
-1.0,6,2.556384
1.0,5,2.573569
-1.0,9,2.606547
1.0,10,2.637731
-1.0,4,2.6503
-1.0,5,2.667209
-1.0,4,2.680566
-1.0,5,2.699111
1.0,10,2.727054
-1.0,8,2.756905
-1.0,4,2.768806
-1.0,4,2.783342
-1.0,8,2.813696
-1.0,8,2.840502
-1.0,6,2.861028
-1.0,6,2.876671
1.0,7,2.897028
1.0,6,2.916471
-1.0,8,2.942457
-1.0,8,2.966921
1.0,8,2.990689
-1.0,9,3.022782
1.0,7,3.045196
-1.0,5,3.061462
-1.0,4,3.077712
-1.0,4,3.09325
-1.0,4,3.105281
-1.0,4,3.116775
-1.0,5,3.132723
-1.0,4,3.147321
-1.0,6,3.164804
1.0,10,3.20046
1.0,5,3.215581
1.0,6,3.237693
-1.0,7,3.259704
-1.0,8,3.285428
-1.0,6,3.30533
-1.0,7,3.332798
-1.0,5,3.352218
-1.0,8,3.386506
1.0,7,3.413711
1.0,4,3.428595
-1.0,5,3.447525
1.0,7,3.475191
1.0,6,3.497159
-1.0,7,3.524777
-1.0,9,3.560613
1.0,6,3.583161
1.0,7,3.605155
-1.0,6,3.63237
-1.0,5,3.652128
-1.0,8,3.68681
-1.0,5,3.707445
-1.0,7,3.737245
1.0,6,3.7597
-1.0,4,3.774117
-1.0,6,3.790845
-1.0,8,3.817997
-1.0,5,3.834065
-1.0,6,3.858253
-1.0,10,3.899982
-1.0,7,3.92746
-1.0,7,3.952377
-1.0,7,3.976447
-1.0,5,3.992935
-1.0,8,4.023196
-1.0,6,4.042676
1.0,7,4.077276
1.0,10,4.114892
-1.0,6,4.138209
1.0,9,4.16522
-1.0,11,4.201554
-1.0,8,4.230598
-1.0,5,4.248461
1.0,12,4.281782
-1.0,7,4.306349
1.0,8,4.331926
-1.0,6,4.355703
1.0,9,4.384534
-1.0,7,4.408578
-1.0,5,4.426429
-1.0,4,4.451394
-1.0,12,4.491728
-1.0,4,4.506292
-1.0,8,4.531201
-1.0,7,4.553246
1.0,7,4.573593
1.0,8,4.59893
-1.0,7,4.642312
1.0,4,4.659106
-1.0,7,4.685198
-1.0,12,4.720341
-1.0,7,4.745483
-1.0,14,4.790436
1.0,7,4.81285
1.0,4,4.823468
1.0,6,4.840857
-1.0,6,4.873538
-1.0,9,4.905443
-1.0,7,4.9295
1.0,8,4.953767
-1.0,4,4.969431
-1.0,4,4.984464
-1.0,10,5.019967
1.0,11,5.046859
-1.0,6,5.066966
1.0,7,5.087765
-1.0,6,5.110409
-1.0,4,5.123883
-1.0,4,5.139209
-1.0,4,5.152532
1.0,8,5.175631
-1.0,7,5.198061
-1.0,5,5.215079
-1.0,9,5.248372
-1.0,6,5.269893
-1.0,4,5.291669
-1.0,6,5.339231
-1.0,9,5.381891
-1.0,4,5.394712
-1.0,4,5.409216
1.0,7,5.436507
1.0,5,5.449418
1.0,11,5.491086
-1.0,7,5.515628
1.0,8,5.543768
1.0,12,5.587326
1.0,6,5.605875
-1.0,5,5.624329
1.0,8,5.653418
-1.0,7,5.677478
1.0,8,5.703857
1.0,10,5.731813
1.0,4,5.746759
1.0,6,5.764417
1.0,11,5.796942
-1.0,6,5.81767
-1.0,5,5.839435
1.0,10,5.891877
1.0,6,5.916564
-1.0,7,5.939145
1.0,5,5.959775
-1.0,9,6.001467
-1.0,9,6.034066
-1.0,6,6.056137
-1.0,7,6.083558
-1.0,9,6.115129
1.0,5,6.13195
-1.0,8,6.172536
-1.0,5,6.203418
-1.0,6,6.23118
1.0,7,6.253358
1.0,5,6.276277
1.0,10,6.312286
-1.0,11,6.353969
-1.0,8,6.389643
-1.0,4,6.404368
-1.0,8,6.438434
-1.0,7,6.461529
1.0,5,6.47259
-1.0,7,6.517901
-1.0,12,6.604932
1.0,11,6.642159
-1.0,4,6.655552
-1.0,5,6.670534
1.0,10,6.716037
1.0,4,6.733666
-1.0,6,6.760797
1.0,7,6.787626
-1.0,7,6.813107
-1.0,6,6.832947
-1.0,10,6.868436
1.0,4,6.881979
1.0,10,6.917525
-1.0,7,6.939427
-1.0,13,6.97998
-1.0,4,6.993033
1.0,6,7.012782
-1.0,7,7.03691
1.0,5,7.06363
-1.0,8,7.095971
1.0,6,7.121872
1.0,11,7.155106
1.0,4,7.1664
-1.0,11,7.196374
1.0,6,7.21605
-1.0,5,7.232101
1.0,7,7.252848
1.0,7,7.274809
1.0,11,7.309827
1.0,4,7.32754
1.0,7,7.355643
1.0,5,7.37385
1.0,8,7.413457
-1.0,5,7.449679
1.0,9,7.495578
-1.0,7,7.518966
-1.0,10,7.552088
-1.0,6,7.576609
1.0,8,7.604166
1.0,8,7.625997
-1.0,7,7.650893
-1.0,8,7.6771
-1.0,6,7.697704
1.0,7,7.719481
-1.0,6,7.742484
1.0,9,7.802709
1.0,4,7.832252
1.0,8,7.879437
1.0,6,7.928942
-1.0,4,7.952993
-1.0,9,8.023335
1.0,8,8.059076
-1.0,5,8.084557
-1.0,8,8.142208
-1.0,5,8.167743
1.0,8,8.19789
-1.0,6,8.220776
-1.0,7,8.245749
-1.0,8,8.270849
-1.0,10,8.302357
1.0,6,8.332851
1.0,4,8.344012
1.0,8,8.368774
-1.0,5,8.386403
-1.0,5,8.411218
1.0,5,8.428373
1.0,14,8.467336
1.0,8,8.49941
1.0,6,8.544907
-1.0,6,8.598544
1.0,7,8.63595
-1.0,8,8.660481
-1.0,8,8.692464
1.0,5,8.706982
1.0,5,8.722226
1.0,10,8.756164
-1.0,8,8.785799
-1.0,9,8.811771
1.0,5,8.825052
-1.0,7,8.850052
1.0,8,8.878031
1.0,6,8.896391
-1.0,10,8.927949
1.0,5,8.946486
1.0,8,8.988868
-1.0,7,9.044354
1.0,8,9.100133
-1.0,9,9.162087
-1.0,6,9.213312
-1.0,5,9.238855
-1.0,8,9.267102
1.0,7,9.28877
1.0,6,9.305861
1.0,5,9.32246
-1.0,11,9.362283
-1.0,8,9.388291
1.0,6,9.413164
1.0,6,9.431894
1.0,8,9.463584
1.0,6,9.481407
-1.0,6,9.505274
-1.0,7,9.527172
1.0,5,9.540074
-1.0,6,9.559501
-1.0,4,9.575364
1.0,6,9.591055
1.0,5,9.613106
1.0,5,9.643625
1.0,4,9.666233
-1.0,11,9.699511
1.0,5,9.714694
1.0,5,9.731289
1.0,6,9.755875
1.0,6,9.77556
1.0,5,9.796594
1.0,7,9.836136
-1.0,9,9.869082
1.0,5,9.885015
1.0,5,9.903383
-1.0,8,9.929888
1.0,6,9.955302
1.0,8,10.012589
-1.0,10,10.073221
1.0,5,10.088546
-1.0,8,10.120117
-21.0,31,10.197967
1.0,5,10.216729
-16.0,28,10.276442
-1.0,8,10.308518
1.0,8,10.332432
1.0,7,10.355438
1.0,4,10.367981
-1.0,7,10.394548
1.0,5,10.408535
1.0,5,10.419777
1.0,6,10.438957
1.0,7,10.465528
-1.0,7,10.496685
1.0,7,10.52261
-1.0,9,10.55013
1.0,8,10.58025
-1.0,11,10.64916
-1.0,6,10.680353
-1.0,5,10.701114
1.0,6,10.722286
-1.0,5,10.737414
-1.0,5,10.75529
-1.0,7,10.777313
1.0,6,10.80053
1.0,7,10.838574
1.0,7,10.878812
1.0,7,10.911502
1.0,5,10.938292
1.0,7,10.989316
1.0,5,11.007386
1.0,13,11.067168
1.0,5,11.086309
1.0,4,11.098312
-1.0,4,11.119774
-1.0,6,11.153925
-1.0,6,11.20331
-1.0,7,11.236758
-1.0,9,11.272177
1.0,6,11.294345
-1.0,7,11.32644
1.0,5,11.341735
-1.0,12,11.381175
-1.0,9,11.428145
1.0,4,11.44844
1.0,5,11.467202
-1.0,7,11.487734
1.0,5,11.503121
-1.0,9,11.559818
1.0,6,11.585116
1.0,4,11.600214
1.0,8,11.62664
-1.0,4,11.639193
-1.0,7,11.662739
-1.0,5,11.681707
1.0,10,11.71103
-1.0,6,11.737474
1.0,6,11.756114
-1.0,10,11.800725
1.0,5,11.816437
-1.0,9,11.848547
1.0,4,11.866467
-1.0,7,11.889225
1.0,7,11.911572
-1.0,7,11.93175
1.0,14,11.978144
-1.0,6,11.995217
1.0,5,12.012506
1.0,4,12.029858
-1.0,7,12.050988
-1.0,7,12.073789
-1.0,7,12.098525
1.0,4,12.116257
1.0,4,12.130091
1.0,7,12.153969
-1.0,11,12.189825
1.0,4,12.202796
-1.0,9,12.231102
1.0,8,12.257853
-1.0,5,12.27369
1.0,7,12.298315
-1.0,8,12.326151
-1.0,11,12.359789
-1.0,11,12.398403
-1.0,5,12.416352
1.0,6,12.435435
1.0,7,12.456896
1.0,4,12.468499
1.0,5,12.489299
-24.0,37,12.546627
1.0,4,12.560824
1.0,5,12.57621
1.0,5,12.599005
1.0,4,12.610835
1.0,8,12.638066
-1.0,7,12.659962
1.0,8,12.690585
-1.0,8,12.716163
1.0,4,12.728181
1.0,5,12.74478
1.0,5,12.763531
1.0,5,12.778185
1.0,4,12.795677
1.0,16,12.857013
-1.0,6,12.886804
1.0,4,12.896845
1.0,6,12.916683
1.0,6,12.937776
1.0,7,12.965796
-1.0,8,12.992267
1.0,4,13.004194
1.0,5,13.021637
1.0,6,13.040219
1.0,6,13.059433
1.0,7,13.078583
1.0,4,13.091099
1.0,8,13.125098
1.0,7,13.150056
1.0,4,13.163091
-1.0,6,13.184609
1.0,4,13.202541
-1.0,7,13.222348
-1.0,6,13.244444
1.0,7,13.268604
1.0,5,13.284674
1.0,6,13.300395
-1.0,12,13.336642
1.0,4,13.347068
-1.0,8,13.376367
1.0,8,13.402974
1.0,4,13.414363
1.0,5,13.433143
1.0,10,13.512755
-1.0,6,13.540772
1.0,4,13.5511
-1.0,7,13.571754
1.0,12,13.61097
1.0,4,13.621539
-1.0,6,13.640794
1.0,5,13.658519
-1.0,6,13.691609
1.0,5,13.717385
1.0,11,13.752258
-1.0,11,13.780983
1.0,7,13.807129
-1.0,6,13.821846
1.0,4,13.834054
1.0,7,13.855033
1.0,4,13.869773
1.0,11,13.908109
1.0,9,13.939433
1.0,5,13.957687
1.0,15,14.002727
1.0,4,14.01863
1.0,7,14.04571
1.0,8,14.071545
-1.0,7,14.099505
1.0,8,14.151597
1.0,4,14.172742
1.0,6,14.194119
-1.0,7,14.216475
-1.0,11,14.280293
-1.0,11,14.321313
-1.0,11,14.352785
1.0,9,14.387509
1.0,6,14.404879
1.0,9,14.427102
-1.0,7,14.45298
1.0,6,14.482958
1.0,8,14.510204
-70.0,88,14.775394
1.0,5,14.808317
1.0,4,14.843522
1.0,5,14.886574
1.0,4,14.919318
1.0,5,14.947062
1.0,6,14.974006
1.0,4,14.986081
1.0,4,14.998452
1.0,5,15.013935
1.0,5,15.03515
1.0,4,15.059474
1.0,5,15.106043
1.0,8,15.139588
1.0,4,15.154726
1.0,6,15.172327
-1.0,9,15.201185
1.0,5,15.21877
1.0,5,15.237386
1.0,10,15.272001
1.0,5,15.288477
-1.0,5,15.304218
1.0,5,15.321569
1.0,4,15.336264
1.0,5,15.354508
1.0,7,15.380772
1.0,5,15.399819
1.0,6,15.423383
1.0,13,15.464209
1.0,4,15.475937
1.0,4,15.494314
1.0,6,15.514567
1.0,6,15.532384
1.0,4,15.542577
1.0,5,15.558252
1.0,7,15.578841
1.0,5,15.593643
-1.0,5,15.613785
1.0,5,15.634874
-1.0,8,15.689182
1.0,5,15.725834
1.0,4,15.743651
1.0,5,15.764328
-19.0,34,15.825196
1.0,6,15.843023
1.0,8,15.868384
-1.0,10,15.948154
1.0,7,15.980903
1.0,11,16.010881
-1.0,10,16.04566
1.0,4,16.059392
1.0,4,16.069309
1.0,8,16.095522
-1.0,6,16.112239
1.0,4,16.129887
1.0,4,16.142423
-1.0,6,16.163492
1.0,9,16.19082
1.0,5,16.211309
1.0,5,16.238871
-1.0,10,16.277885
-1.0,10,16.314933
1.0,4,16.330163
-1.0,5,16.347354
1.0,6,16.365062
1.0,8,16.39252
1.0,5,16.413615
-1.0,5,16.430649
-1.0,5,16.448586
1.0,6,16.470691
1.0,7,16.496222
1.0,4,16.512262
-1.0,6,16.539101
1.0,4,16.551841
-1.0,10,16.611797
1.0,5,16.636447
1.0,12,16.67591
1.0,5,16.688578
-1.0,12,16.729599
1.0,8,16.767165
1.0,4,16.779219
-1.0,6,16.798276
-1.0,7,16.824621
1.0,10,16.858233
-1.0,4,16.876214
1.0,4,16.888408
1.0,4,16.90427
1.0,6,16.927957
1.0,12,16.96597
-16.0,29,17.034397
1.0,4,17.056287
1.0,8,17.088209
-1.0,9,17.117582
1.0,4,17.130465
1.0,6,17.149075
1.0,5,17.164782
-1.0,7,17.183601
1.0,5,17.196944
-1.0,6,17.220623
-1.0,7,17.2448
1.0,8,17.265716
-1.0,12,17.310493
1.0,8,17.338061
1.0,7,17.371438
1.0,4,17.398003
1.0,6,17.43985
-1.0,9,17.504171
1.0,4,17.53704
1.0,7,17.588745
1.0,4,17.604767
-1.0,7,17.651927
1.0,6,17.677874
-1.0,7,17.702058
1.0,4,17.714166
1.0,4,17.729249
-1.0,6,17.747262
1.0,4,17.757385
1.0,4,17.768533
1.0,7,17.798332
1.0,4,17.810791
1.0,4,17.821977
1.0,4,17.834608
-1.0,7,17.861458
0.0,13,17.895458
1.0,8,17.919309
1.0,9,17.942122
1.0,6,17.963024
1.0,6,17.980173
1.0,6,17.995393
1.0,4,18.006325
-1.0,8,18.031048
1.0,7,18.052202
1.0,5,18.064626
1.0,6,18.078825
-1.0,10,18.116412
1.0,5,18.131591
1.0,4,18.144213
1.0,4,18.156748
1.0,4,18.170539
-1.0,6,18.191004
1.0,5,18.205401
-1.0,11,18.240016
1.0,4,18.254356
-1.0,12,18.29211
1.0,4,18.303972
-1.0,4,18.317609
1.0,4,18.333307
1.0,5,18.348453
1.0,4,18.362782
1.0,4,18.37455
1.0,6,18.393811
1.0,6,18.413355
1.0,4,18.426645
1.0,7,18.448984
-1.0,5,18.464544
1.0,7,18.48712
1.0,5,18.499302
-1.0,10,18.525363
-1.0,8,18.56512
1.0,5,18.584587
1.0,4,18.597637
1.0,4,18.607115
1.0,7,18.624766
0.0,12,18.655912
-1.0,7,18.677372
-1.0,7,18.702058
1.0,4,18.716157
1.0,4,18.725485
1.0,6,18.740424
1.0,7,18.770009
-1.0,4,18.806716
-1.0,8,18.851843
1.0,4,18.862942
1.0,4,18.874434
-1.0,6,18.900907
1.0,4,18.915411
1.0,4,18.928404
1.0,4,18.940713
1.0,6,18.962847
-1.0,4,18.976627
-1.0,7,19.002398
-1.0,11,19.037101
1.0,4,19.054014
-1.0,7,19.074637
-1.0,8,19.099166
1.0,4,19.112173
1.0,7,19.139632
1.0,4,19.151496
1.0,4,19.164678
-1.0,7,19.187612
1.0,4,19.200667
1.0,7,19.222515
1.0,9,19.248819
1.0,6,19.264381
-1.0,8,19.288567
-1.0,5,19.305728
1.0,7,19.321767
-1.0,5,19.33806
1.0,10,19.373828
1.0,4,19.384889
1.0,5,19.4
1.0,4,19.412055
1.0,5,19.434978
-1.0,7,19.452596
1.0,12,19.488497
1.0,4,19.503222
1.0,4,19.520977
1.0,4,19.533413
1.0,7,19.558734
-1.0,9,19.591451
1.0,12,19.646375
1.0,6,19.677691
1.0,4,19.696342
-1.0,4,19.719675
-1.0,9,19.769485
1.0,6,19.822206
1.0,7,19.859186
1.0,7,19.881697
1.0,5,19.900727
1.0,6,19.919087
1.0,5,19.939371
1.0,13,19.984565
1.0,8,20.037416
-1.0,8,20.082811
-1.0,8,20.111627
1.0,7,20.131441
-1.0,6,20.154263
-1.0,5,20.170077
1.0,7,20.193965
1.0,4,20.205716
-1.0,9,20.23931
1.0,4,20.251024
1.0,5,20.2669
-1.0,9,20.294999
1.0,5,20.320187
1.0,6,20.338514
1.0,4,20.35057
1.0,5,20.363728
1.0,4,20.38035
1.0,13,20.422442
1.0,10,20.457868
1.0,4,20.469584
1.0,9,20.498995
1.0,7,20.519429
-1.0,8,20.547631
1.0,5,20.563612
1.0,5,20.584898
1.0,5,20.598879
-1.0,8,20.626665
1.0,4,20.641667
-1.0,5,20.660035
1.0,4,20.672348
1.0,5,20.684692
1.0,4,20.698404
1.0,4,20.711695
-1.0,7,20.73371
1.0,4,20.744208
1.0,4,20.759723
1.0,4,20.773419
-1.0,8,20.795499
1.0,4,20.807094
-1.0,5,20.823988
1.0,4,20.841944
-1.0,8,20.892721
1.0,4,20.909933
1.0,6,20.953535
-1.0,10,20.998257
1.0,14,21.042104
-1.0,6,21.05836
1.0,7,21.078472
1.0,4,21.095509
1.0,4,21.112248
1.0,7,21.141119
-1.0,6,21.163743
-1.0,11,21.200863
-1.0,4,21.216858
1.0,5,21.228289
1.0,4,21.240244
1.0,7,21.26752
-1.0,11,21.30317
1.0,5,21.318084
-1.0,8,21.341796
1.0,5,21.360772
1.0,5,21.376196
1.0,4,21.388545
1.0,14,21.428303
1.0,7,21.454462
1.0,5,21.471966
-1.0,9,21.500158
1.0,4,21.512331
1.0,4,21.526497
1.0,5,21.544041
1.0,4,21.556138
1.0,5,21.570518
1.0,4,21.588254
-1.0,8,21.613363
-1.0,6,21.631879
-1.0,7,21.65619
1.0,4,21.671752
1.0,5,21.686514
-1.0,12,21.724294
1.0,11,21.756009
1.0,4,21.77078
1.0,10,21.801872
-1.0,7,21.82654
-1.0,12,21.861936
1.0,6,21.887921
-1.0,10,21.920502
1.0,4,21.932238
1.0,4,21.9461
1.0,5,21.964872
-1.0,6,21.982112
-1.0,12,22.01796
1.0,4,22.029709
1.0,4,22.043822
1.0,5,22.057783
1.0,9,22.095366
1.0,5,22.111371
1.0,6,22.132312
1.0,6,22.165102
1.0,6,22.202753
1.0,4,22.21964
1.0,4,22.235284
1.0,4,22.246694
1.0,5,22.260731
1.0,4,22.273461
1.0,6,22.295256
1.0,5,22.321608
1.0,4,22.344522
1.0,8,22.376326
1.0,4,22.393062
1.0,6,22.410524
1.0,4,22.422009
1.0,4,22.432223
1.0,6,22.451866
-1.0,6,22.470995
1.0,7,22.491569
1.0,4,22.50358
1.0,7,22.527551
1.0,4,22.538044
1.0,4,22.550104
1.0,4,22.561491
1.0,5,22.580289
1.0,4,22.591706
1.0,4,22.603666
1.0,7,22.619829
-1.0,12,22.656209
1.0,6,22.676442
1.0,8,22.703069
1.0,8,22.731718
1.0,4,22.746709
1.0,8,22.771304
1.0,4,22.783344
1.0,6,22.800213
1.0,4,22.815457
-1.0,9,22.842687
1.0,4,22.853279
1.0,4,22.864614
1.0,8,22.89299
1.0,4,22.904098
1.0,6,22.92161
1.0,5,22.935072
1.0,6,22.958488
1.0,6,22.974769
1.0,4,22.985555
-1.0,10,23.018767
1.0,8,23.045806
1.0,4,23.056211
1.0,6,23.073571
1.0,4,23.084465
-1.0,8,23.112196
1.0,4,23.125638
1.0,6,23.146327
1.0,6,23.163836
-1.0,12,23.208396
-1.0,8,23.232389
-1.0,11,23.280521
1.0,4,23.299971
1.0,5,23.322659
1.0,5,23.355065
1.0,7,23.394315
1.0,10,23.434434
1.0,6,23.45927
1.0,15,23.502237
1.0,10,23.536969
1.0,7,23.558337
1.0,4,23.574095
1.0,4,23.585957
1.0,6,23.602524
-1.0,14,23.641625
1.0,5,23.662153
1.0,5,23.681177
-1.0,8,23.709638
1.0,10,23.742133
1.0,5,23.76086
1.0,6,23.779249
1.0,7,23.801766
1.0,4,23.812568
1.0,4,23.826382
1.0,4,23.838222
1.0,5,23.851078
1.0,6,23.868786
-1.0,6,23.888614
1.0,5,23.902114
1.0,4,23.915136
1.0,4,23.924506
1.0,9,23.983942
1.0,6,24.017936
1.0,4,24.031111
1.0,9,24.065317
1.0,8,24.115489
1.0,5,24.135444
1.0,9,24.162118
1.0,4,24.173434
1.0,7,24.201002
1.0,8,24.221641
-1.0,9,24.248704
-41.0,52,24.317402
1.0,4,24.338728
1.0,4,24.369317
1.0,5,24.399506
1.0,5,24.434198
1.0,6,24.488344
1.0,4,24.513121
-23.0,35,24.57203
1.0,7,24.592205
1.0,8,24.621081
1.0,6,24.642766
1.0,11,24.676555
1.0,4,24.690909
1.0,4,24.706944
-1.0,8,24.729053
1.0,5,24.747414
1.0,5,24.763441
-1.0,9,24.793738
1.0,4,24.804757
-94.0,110,24.933768
1.0,4,24.948384
-1.0,9,24.983522
-44.0,56,25.059146
1.0,9,25.088877
1.0,6,25.108688
-1.0,9,25.177367
1.0,4,25.199299
1.0,4,25.220651
1.0,12,25.257643
1.0,4,25.288107
1.0,6,25.339289
1.0,9,25.379589
1.0,7,25.399703
1.0,5,25.418402
-1.0,12,25.455678
1.0,11,25.492157
1.0,5,25.507209
1.0,4,25.526417
1.0,5,25.544371
1.0,7,25.571746
1.0,5,25.587429
1.0,4,25.599788
1.0,8,25.622949
1.0,5,25.635522
1.0,4,25.646838
1.0,6,25.669198
1.0,6,25.685567
1.0,4,25.698773
1.0,9,25.730075
1.0,4,25.74372
1.0,6,25.76267
1.0,5,25.777604
1.0,4,25.79031
1.0,5,25.811032
1.0,8,25.835445
1.0,4,25.849755
-1.0,7,25.869015
1.0,4,25.88289
1.0,4,25.893622
-1.0,7,25.920384
1.0,4,25.932086
1.0,4,25.948116
-1.0,10,25.982226
1.0,4,25.994018
1.0,4,26.016981
1.0,4,26.039413
1.0,5,26.073818
-1.0,9,26.111418
1.0,6,26.129318
1.0,4,26.155684
1.0,7,26.195047
-1.0,7,26.222902
-1.0,9,26.249615
1.0,5,26.267357
-1.0,8,26.292953
1.0,4,26.303962
1.0,4,26.314819
1.0,5,26.332658
1.0,12,26.371799
1.0,5,26.387676
-1.0,10,26.427204
1.0,8,26.453666
1.0,9,26.480494
-1.0,6,26.501528
-1.0,8,26.527129
1.0,4,26.541602
1.0,12,26.578398
1.0,6,26.593732
1.0,13,26.631568
1.0,5,26.648975
1.0,4,26.659673
1.0,4,26.669731
-1.0,8,26.703279
1.0,4,26.722691
1.0,4,26.735045
1.0,5,26.752326
1.0,7,26.777477
-1.0,6,26.802676
1.0,11,26.835205
1.0,10,26.863472
1.0,4,26.87569
-1.0,10,26.915085
1.0,9,26.940768
1.0,6,26.958149
1.0,9,26.983901
1.0,8,27.014834
1.0,12,27.052626
1.0,5,27.067301
1.0,4,27.084883
1.0,9,27.118827
-1.0,10,27.148542
1.0,7,27.169604
1.0,4,27.181674
1.0,4,27.199041
1.0,5,27.214952
-1.0,8,27.239947
1.0,4,27.251767
1.0,4,27.266162
-1.0,7,27.287929
-1.0,6,27.307972
1.0,4,27.319959
1.0,5,27.335345
1.0,8,27.35973
1.0,6,27.376533
1.0,6,27.393506
1.0,4,27.408384
1.0,4,27.420041
1.0,5,27.436607
1.0,5,27.454325
-38.0,48,27.527049
1.0,8,27.551223
1.0,5,27.564091
1.0,8,27.58917
-1.0,10,27.664922
1.0,5,27.698695
-1.0,13,27.747304
1.0,6,27.767497
1.0,5,27.787142
1.0,4,27.799424
1.0,4,27.810798
1.0,4,27.821748
1.0,5,27.83994
1.0,4,27.851861
1.0,5,27.867323
-1.0,6,27.889373
1.0,5,27.905659
1.0,5,27.920659
1.0,4,27.932503
1.0,7,27.979199
-1.0,6,28.028555
1.0,5,28.053025
1.0,4,28.064953
1.0,7,28.095631
1.0,5,28.124428
1.0,5,28.143281
1.0,4,28.160513
1.0,7,28.189462
-28.0,40,28.278118
1.0,4,28.292282
1.0,8,28.335908
1.0,5,28.364844
1.0,4,28.398682
1.0,5,28.428593
1.0,4,28.445707
1.0,4,28.457798
-1.0,6,28.480816
1.0,6,28.497384
1.0,9,28.52171
1.0,6,28.542186
1.0,4,28.563936
1.0,4,28.580321
1.0,7,28.608508
-1.0,9,28.637588
-1.0,5,28.655916
1.0,4,28.676221
1.0,9,28.743712
-1.0,8,28.791933
-1.0,7,28.82601
1.0,4,28.838874
1.0,7,28.856747
1.0,5,28.87139
1.0,5,28.904193
1.0,4,28.923671
-1.0,7,28.953611
-1.0,8,28.980201
1.0,10,29.020939
1.0,6,29.038503
-1.0,11,29.077165
1.0,5,29.092787
1.0,5,29.118655
-1.0,10,29.170521
1.0,5,29.186882
1.0,4,29.204171
1.0,9,29.231868
1.0,10,29.263616
-1.0,5,29.278831
1.0,4,29.291567
1.0,6,29.311074
-1.0,9,29.339088
1.0,5,29.358219
1.0,5,29.385042
1.0,5,29.405839
-1.0,8,29.433623
1.0,8,29.457147
1.0,5,29.47753
1.0,5,29.49516
1.0,5,29.51076
1.0,5,29.524958
1.0,7,29.545522
1.0,14,29.589306
1.0,4,29.598888
1.0,7,29.620137
1.0,4,29.63073
1.0,5,29.655232
1.0,6,29.675363
1.0,6,29.715788
1.0,6,29.744942
1.0,4,29.762552
1.0,5,29.779908
-1.0,7,29.79935
1.0,6,29.826728
1.0,5,29.846788
-1.0,8,29.881838
1.0,4,29.894605
1.0,6,29.914969
1.0,10,29.946901
1.0,4,29.964291
1.0,4,29.979417
1.0,4,29.991527
1.0,7,30.025022
1.0,4,30.042717
1.0,7,30.06632
-2.0,12,30.112626
1.0,8,30.149577
-1.0,6,30.181168
1.0,8,30.215797
-1.0,7,30.239089
1.0,14,30.285201
-1.0,5,30.302488
1.0,5,30.317571
1.0,4,30.32884
1.0,4,30.345137
1.0,5,30.358958
-1.0,7,30.378484
1.0,6,30.393902
1.0,9,30.424843
1.0,4,30.438465
1.0,5,30.451986
1.0,8,30.480172
1.0,5,30.50248
-1.0,8,30.526636
-12.0,22,30.570197
1.0,10,30.603139
1.0,4,30.623106
1.0,5,30.649417
1.0,4,30.680357
-1.0,9,30.761775
1.0,9,30.80355
1.0,5,30.819192
1.0,5,30.845669
1.0,4,30.864426
-1.0,11,30.915758
-1.0,10,30.957828
1.0,6,30.975795
1.0,4,30.988354
1.0,4,31.007684
1.0,5,31.02682
1.0,5,31.049901
1.0,5,31.0664
1.0,8,31.099661
-1.0,8,31.134628
-1.0,6,31.161784
1.0,12,31.207474
1.0,4,31.230129
1.0,4,31.247377
-1.0,9,31.286929
1.0,9,31.322546
1.0,6,31.343561
-1.0,6,31.370066
1.0,5,31.386068
-1.0,7,31.411237
1.0,4,31.425931
1.0,4,31.438639
1.0,5,31.453159
1.0,5,31.469411
1.0,5,31.489853
1.0,4,31.502617
1.0,4,31.51732
1.0,7,31.538716
1.0,6,31.561718
1.0,4,31.572594
1.0,4,31.58501
1.0,4,31.597106
-1.0,9,31.624567
-1.0,12,31.664376
1.0,5,31.679729
1.0,5,31.696788
1.0,5,31.716755
1.0,7,31.738988
1.0,5,31.759018
1.0,4,31.774453
1.0,4,31.796282
-1.0,6,31.816653
1.0,7,31.839118
1.0,5,31.853664
1.0,5,31.876816
1.0,6,31.895833
-1.0,12,31.935256
1.0,4,31.947428
1.0,6,31.96957
-1.0,10,32.024542
-2.0,13,32.073994
1.0,7,32.096481
-1.0,11,32.134068
1.0,4,32.148206
1.0,4,32.162219
1.0,5,32.180773
1.0,5,32.198387
1.0,5,32.215901
1.0,4,32.228059
1.0,11,32.253671
1.0,10,32.287338
1.0,5,32.304596
-1.0,7,32.327301
1.0,5,32.342612
-1.0,7,32.367163
1.0,6,32.387217
1.0,4,32.399929
1.0,4,32.414357
-1.0,11,32.451535
1.0,4,32.465754
1.0,5,32.48289
1.0,5,32.503913
1.0,5,32.524839
1.0,7,32.554348
1.0,10,32.594587
1.0,9,32.6316
1.0,4,32.650093
1.0,6,32.674897
1.0,5,32.691462
1.0,10,32.728133
1.0,7,32.759079
1.0,8,32.817667
1.0,5,32.851117
-1.0,6,32.897382
-1.0,10,32.961684
1.0,6,32.979992
1.0,5,32.993871
1.0,6,33.038014
-1.0,7,33.093566
1.0,4,33.106228
1.0,4,33.115876
1.0,4,33.126201
-1.0,8,33.156315
1.0,4,33.169042
1.0,5,33.183119
1.0,5,33.198537
1.0,4,33.212913
1.0,9,33.239186
-1.0,7,33.261168
1.0,4,33.27203
1.0,4,33.287485
1.0,11,33.329036
1.0,7,33.353421
1.0,8,33.3803
1.0,8,33.408274
1.0,8,33.432549
1.0,6,33.453704
1.0,8,33.479112
-1.0,8,33.518444
1.0,6,33.553598
1.0,8,33.589431
1.0,5,33.606999
1.0,9,33.649865
1.0,5,33.667779
-1.0,10,33.698829
1.0,5,33.712466
-1.0,8,33.745773
1.0,4,33.761572
1.0,6,33.789342
-1.0,6,33.804557
1.0,5,33.828072
1.0,4,33.838921
1.0,5,33.861034
1.0,6,33.897228
1.0,7,33.938811
1.0,6,33.960697
-1.0,11,34.000573
-1.0,6,34.038415
1.0,4,34.073339
1.0,5,34.103361
1.0,5,34.125758
1.0,5,34.144816
1.0,5,34.171142
1.0,12,34.210576
1.0,6,34.226187
1.0,5,34.245018
1.0,5,34.270734
-1.0,7,34.299049
1.0,4,34.320899
-1.0,9,34.38672
1.0,10,34.42079
1.0,6,34.441216
-1.0,6,34.461965
-1.0,6,34.485961
1.0,6,34.511169
1.0,5,34.524223
1.0,6,34.5428
-1.0,10,34.571289
1.0,5,34.595425
1.0,6,34.61509
1.0,5,34.63253
1.0,7,34.655077
1.0,5,34.67572
-1.0,6,34.697522
-1.0,7,34.723376
1.0,12,34.769874
1.0,10,34.831675
1.0,4,34.86406
1.0,4,34.897334
1.0,5,34.938194
1.0,4,34.965383
-1.0,11,35.007292
1.0,4,35.024254
1.0,10,35.059682
1.0,4,35.076712
-1.0,12,35.113515
1.0,5,35.126559
1.0,7,35.149331
-1.0,6,35.171216
1.0,8,35.218032
-1.0,9,35.2539
1.0,7,35.304527
1.0,6,35.359484
1.0,7,35.39726
-1.0,8,35.434582
-1.0,6,35.461786
1.0,7,35.491257
1.0,6,35.509768
1.0,4,35.52314
1.0,4,35.535613
-5.0,22,35.593092
1.0,9,35.620246
-2.0,15,35.659554
1.0,6,35.6777
1.0,8,35.707294
-1.0,11,35.741236
1.0,7,35.763461
-1.0,7,35.784415
-1.0,7,35.816428
1.0,4,35.836729
1.0,4,35.856037
1.0,5,35.877171
-1.0,10,35.916035
1.0,9,35.962593
1.0,4,35.984937
1.0,5,36.005836
1.0,7,36.036416
1.0,6,36.060993
1.0,6,36.079006
1.0,5,36.0943
1.0,4,36.111141
1.0,7,36.13494
1.0,5,36.149779
-1.0,11,36.180354
1.0,5,36.200658
1.0,9,36.236161
1.0,9,36.268326
1.0,5,36.283061
1.0,5,36.300313
1.0,11,36.329388
1.0,5,36.342078
1.0,5,36.357536
1.0,11,36.388845
1.0,9,36.418029
-1.0,11,36.450018
1.0,6,36.475902
1.0,5,36.504478
1.0,4,36.523653
-1.0,8,36.565125
1.0,5,36.580367
1.0,8,36.611408
1.0,6,36.633276
1.0,4,36.644455
1.0,4,36.655118
-1.0,7,36.67947
-1.0,8,36.705151
1.0,6,36.723597
1.0,4,36.735878
1.0,5,36.75354
1.0,9,36.787636
1.0,8,36.817008
1.0,4,36.831036
1.0,8,36.869765
1.0,6,36.89451
1.0,6,36.93002
1.0,6,36.951434
-1.0,10,36.988878
1.0,4,37.001319
-1.0,10,37.032498
1.0,16,37.083924
-1.0,8,37.113636
1.0,4,37.128183
1.0,6,37.150392
1.0,5,37.165817
-1.0,11,37.212494
1.0,5,37.234865
1.0,8,37.264124
1.0,4,37.274925
1.0,5,37.291358
1.0,4,37.303093
-1.0,9,37.334677
1.0,5,37.35178
-1.0,9,37.392609
1.0,5,37.417801
-1.0,9,37.474551
1.0,6,37.503281
1.0,4,37.521425
1.0,4,37.53973
1.0,4,37.552672
-1.0,5,37.573467
1.0,4,37.592507
1.0,4,37.605402
-1.0,6,37.627497
1.0,6,37.645258
1.0,8,37.67768
1.0,5,37.692343
1.0,6,37.715041
-1.0,5,37.728963
1.0,6,37.753184
-1.0,6,37.771295
1.0,4,37.785799
-1.0,8,37.818102
1.0,5,37.837673
1.0,8,37.868994
1.0,12,37.905116
1.0,7,37.925669
-1.0,8,37.969563
1.0,5,37.983274
1.0,14,38.029054
1.0,5,38.045877
-1.0,5,38.061881
-1.0,7,38.087574
-1.0,7,38.112895
1.0,5,38.12804
1.0,5,38.145124
1.0,4,38.156774
-1.0,8,38.185353
1.0,10,38.220858
1.0,6,38.242913
1.0,9,38.274938
-1.0,6,38.289308
1.0,12,38.325183
-1.0,9,38.355991
1.0,5,38.373466
1.0,4,38.387539
1.0,6,38.409402
1.0,9,38.438538
1.0,4,38.45135
1.0,9,38.484479
1.0,5,38.497513
1.0,6,38.517151
1.0,18,38.572128
1.0,4,38.591217
1.0,4,38.619104
1.0,4,38.642091
1.0,8,38.66833
-1.0,9,38.701925
1.0,4,38.715093
1.0,4,38.731072
1.0,6,38.76401
1.0,5,38.796026
1.0,4,38.817042
-1.0,7,38.846091
-1.0,10,38.887688
1.0,7,38.912901
1.0,4,38.924759
1.0,8,38.950256
1.0,7,38.973394
1.0,5,38.988756
1.0,11,39.027517
1.0,13,39.092144
-1.0,9,39.143467
-1.0,9,39.180463
-1.0,6,39.202952
1.0,5,39.221001
1.0,4,39.236
1.0,5,39.251791
1.0,5,39.268172
-1.0,9,39.302546
1.0,7,39.323888
1.0,8,39.35199
1.0,12,39.389849
1.0,9,39.418852
1.0,11,39.452609
-1.0,8,39.482386
-1.0,9,39.511442
-1.0,14,39.555478
-1.0,9,39.588524
1.0,8,39.613949
1.0,4,39.625221
1.0,6,39.645067
-1.0,9,39.674947
1.0,6,39.694541
1.0,6,39.712897
-1.0,7,39.740181
1.0,6,39.759064
-1.0,13,39.803526
1.0,6,39.829225
1.0,5,39.867706
1.0,6,39.917683
1.0,6,39.960432
1.0,5,39.995897
1.0,10,40.048401
1.0,4,40.060458
-1.0,11,40.092418
1.0,4,40.103226
1.0,10,40.137207
1.0,7,40.155768
1.0,8,40.188488
1.0,7,40.206865
1.0,11,40.250433
1.0,4,40.263026
1.0,7,40.286411
1.0,5,40.303516
1.0,7,40.343581
1.0,12,40.384864
1.0,5,40.399854
1.0,5,40.418188
1.0,8,40.447806
-1.0,7,40.4705
1.0,12,40.505867
-1.0,11,40.544185
1.0,6,40.566599
1.0,4,40.584068
1.0,7,40.606686
1.0,6,40.625942
1.0,9,40.649595
1.0,5,40.660022
1.0,7,40.694188
1.0,4,40.722644
-1.0,11,40.774589
-1.0,10,40.808395
1.0,8,40.833334
1.0,5,40.847602
1.0,10,40.883181
-1.0,7,40.909192
1.0,7,40.933444
1.0,9,40.970057
1.0,5,41.006693
-1.0,13,41.079125
1.0,5,41.094371
1.0,6,41.113983
1.0,5,41.130212
-1.0,6,41.170536
1.0,4,41.203448
1.0,4,41.23089
1.0,5,41.258729
1.0,4,41.269991
-1.0,9,41.297713
1.0,13,41.334215
-37.0,48,41.406894
-1.0,6,41.428316
1.0,9,41.453172
1.0,8,41.481002
1.0,6,41.50201
-1.0,9,41.530458
1.0,4,41.543986
1.0,5,41.561493
1.0,4,41.576133
1.0,6,41.597146
1.0,4,41.608515
1.0,4,41.619182
1.0,4,41.632741
1.0,4,41.643337
1.0,8,41.669093
1.0,4,41.680737
1.0,6,41.701477
-1.0,8,41.733859
1.0,7,41.757977
1.0,7,41.779313
-1.0,8,41.812312
1.0,7,41.833825
1.0,8,41.864616
-1.0,10,41.898728
-1.0,9,41.931076
1.0,4,41.942719
1.0,13,41.984882
1.0,4,41.997694
1.0,5,42.016421
1.0,5,42.033164
1.0,6,42.050056
1.0,10,42.078303
-1.0,14,42.147182
1.0,5,42.162883
1.0,10,42.199389
1.0,4,42.213342
1.0,9,42.247804
1.0,5,42.263424
1.0,11,42.302475
-1.0,14,42.348964
1.0,4,42.36403
1.0,9,42.392645
1.0,6,42.410331
1.0,11,42.447185
1.0,14,42.491623
1.0,9,42.519672
1.0,4,42.532137
1.0,9,42.565937
-1.0,10,42.609705
-1.0,9,42.642986
1.0,6,42.660195
1.0,5,42.678154
1.0,6,42.717166
-1.0,7,42.765771
1.0,5,42.781719
1.0,4,42.797143
1.0,5,42.822337
1.0,6,42.866587
1.0,12,42.955057
-1.0,13,42.99451
1.0,6,43.020029
-1.0,6,43.036001
1.0,11,43.073998
1.0,5,43.087992
1.0,6,43.110284
1.0,4,43.123565
1.0,5,43.137738
1.0,10,43.165239
-1.0,12,43.202581
1.0,6,43.223099
1.0,4,43.23468
1.0,6,43.250938
1.0,5,43.270618
-1.0,9,43.299977
1.0,6,43.325327
1.0,9,43.356208
-1.0,7,43.380368
1.0,8,43.407065
1.0,7,43.428963
1.0,5,43.440267
1.0,7,43.464734
1.0,11,43.501055
1.0,5,43.51708
1.0,7,43.540579
1.0,11,43.56923
1.0,8,43.598636
1.0,8,43.626367
1.0,5,43.640406
1.0,8,43.665324
-1.0,11,43.705175
-1.0,10,43.739379
1.0,7,43.761433
1.0,12,43.84467
1.0,12,43.916118
1.0,8,43.957551
-1.0,7,43.993898
1.0,5,44.030021
-1.0,11,44.079046
1.0,4,44.091385
1.0,7,44.11188
-1.0,7,44.137323
1.0,8,44.168844
1.0,6,44.191484
1.0,5,44.208581
-1.0,10,44.248867
1.0,4,44.261688
-1.0,11,44.297699
1.0,7,44.322106
1.0,10,44.35404
1.0,5,44.374699
1.0,12,44.410781
1.0,5,44.424285
-1.0,8,44.45134
1.0,9,44.478782
1.0,5,44.498114
1.0,7,44.520747
1.0,7,44.555324
1.0,5,44.576373
1.0,4,44.591271
1.0,8,44.619685
1.0,4,44.633634
1.0,5,44.653282
-1.0,7,44.68387
1.0,6,44.718975
-1.0,15,44.783638
1.0,5,44.80058
-24.0,36,44.856303
1.0,8,44.885914
1.0,10,44.937571
1.0,8,44.966476
1.0,9,44.993976
-1.0,5,45.013326
1.0,5,45.03121
1.0,5,45.048487
-2.0,14,45.089374
1.0,8,45.113815
1.0,5,45.129493
1.0,8,45.155286
-1.0,11,45.193047
1.0,8,45.219057
1.0,10,45.24875
1.0,4,45.260288
-1.0,6,45.280956
1.0,8,45.30577
-1.0,7,45.340388
1.0,4,45.350625
1.0,6,45.390906
-1.0,10,45.444959
1.0,11,45.489652
-1.0,10,45.525059
1.0,4,45.5393
1.0,5,45.562935
1.0,9,45.590435
1.0,6,45.611059
1.0,5,45.625794
1.0,8,45.650725
1.0,5,45.667062
1.0,4,45.680098
-7.0,23,45.738971
-1.0,8,45.768203
1.0,5,45.788709
1.0,6,45.808754
-1.0,14,45.864318
1.0,6,45.894428
1.0,4,45.914661
1.0,4,45.929283
1.0,9,45.956435
1.0,9,45.979446
1.0,8,46.009267
1.0,4,46.026119
1.0,4,46.04151
-1.0,7,46.066486
1.0,11,46.106049
1.0,8,46.130618
1.0,11,46.169023
-1.0,9,46.202594
-1.0,6,46.22283
-1.0,7,46.248218
-1.0,11,46.285369
1.0,5,46.300457
-1.0,7,46.329464
1.0,5,46.341626
1.0,4,46.353519
1.0,7,46.375916
1.0,8,46.411914
1.0,5,46.44637
-1.0,9,46.487253
-1.0,7,46.512065
1.0,8,46.565824
1.0,4,46.594962
-1.0,9,46.66126
1.0,5,46.686472
1.0,8,46.733913
1.0,7,46.762088
1.0,6,46.799736
1.0,6,46.833223
1.0,4,46.860765
1.0,10,46.932529
1.0,7,46.993118
-1.0,13,47.078729
1.0,7,47.116076
1.0,10,47.1789
1.0,5,47.194206
1.0,6,47.212518
1.0,5,47.231418
1.0,5,47.244156
1.0,6,47.262062
1.0,9,47.284252
1.0,11,47.321342
1.0,6,47.336512
1.0,4,47.34611
-1.0,15,47.38995
1.0,6,47.40898
-1.0,7,47.435849
1.0,7,47.45418
1.0,9,47.4828
-16.0,27,47.5435
1.0,6,47.560268
1.0,6,47.577212
1.0,10,47.601675
1.0,9,47.634037
1.0,7,47.653415
-1.0,9,47.685291
1.0,5,47.700844
1.0,6,47.723253
1.0,4,47.735234
1.0,10,47.767488
1.0,9,47.789066
1.0,7,47.820835
-1.0,12,47.863496
1.0,5,47.883881
1.0,5,47.910635
1.0,5,47.931865
1.0,7,47.954014
1.0,13,47.992426
-53.0,61,48.078095
1.0,4,48.093003
-1.0,11,48.133159
1.0,9,48.162585
-1.0,11,48.201126
1.0,12,48.246822
1.0,8,48.271755
-1.0,9,48.305706
-1.0,8,48.335873
-1.0,9,48.370914
1.0,4,48.385801
1.0,6,48.406023
1.0,8,48.430653
1.0,4,48.446512
-1.0,9,48.482946
1.0,7,48.506573
1.0,5,48.523041
-1.0,8,48.559742
1.0,5,48.574781
1.0,10,48.605975
1.0,5,48.620727
1.0,7,48.643618
1.0,5,48.660793
1.0,4,48.672209
-239.0,254,49.070794
1.0,6,49.101956
1.0,5,49.119794
1.0,7,49.142322
1.0,5,49.155644
-1.0,9,49.180517
-36.0,49,49.257673
1.0,6,49.27526
1.0,11,49.312285
1.0,5,49.350351
1.0,5,49.371934
1.0,4,49.387073
-1.0,6,49.415025
1.0,5,49.442474
1.0,6,49.458259
-1.0,7,49.481171
1.0,4,49.493382
1.0,5,49.511978
1.0,4,49.523692
1.0,6,49.540618
1.0,8,49.566431
1.0,6,49.589693
1.0,5,49.605326
-1.0,9,49.629265
1.0,5,49.643844
1.0,5,49.663207
1.0,5,49.678095
1.0,6,49.696596
1.0,6,49.715178
1.0,12,49.755729
1.0,4,49.767008
1.0,6,49.78346
1.0,5,49.799477
1.0,5,49.816674
1.0,9,49.843982
-1.0,11,49.877872
1.0,6,49.8962
1.0,9,49.952033
1.0,4,49.979534
-1.0,7,50.030003
1.0,9,50.106613
-1.0,6,50.126643
1.0,4,50.135432
-1.0,8,50.159004
1.0,9,50.183905
1.0,7,50.207672
-1.0,11,50.242193
-1.0,11,50.271255
1.0,11,50.303406
1.0,7,50.32737
1.0,4,50.337306
1.0,7,50.359069
1.0,4,50.368788
-1.0,12,50.408417
1.0,8,50.435038
1.0,5,50.451289
1.0,6,50.471584
1.0,4,50.486373
1.0,4,50.497708
-1.0,8,50.522448
-1.0,8,50.550273
1.0,7,50.572978
1.0,5,50.590106
1.0,4,50.6023
-1.0,7,50.626747
-18.0,26,50.667801
1.0,6,50.685482
1.0,4,50.696973
1.0,11,50.728473
1.0,5,50.745286
1.0,8,50.773909
1.0,9,50.806327
1.0,6,50.8268
-1.0,9,50.864485
1.0,8,50.892327
1.0,8,50.924342
-1.0,7,50.946991
-1.0,7,50.983761
1.0,12,51.039821
1.0,5,51.065302
1.0,4,51.082953
1.0,4,51.108471
1.0,5,51.146013
1.0,6,51.172556
-14.0,24,51.220698
-1.0,7,51.24492
-1.0,13,51.287225
1.0,10,51.347921
-1.0,9,51.382989
1.0,12,51.419217
1.0,9,51.451068
1.0,6,51.46673
1.0,5,51.483368
1.0,6,51.504225
1.0,7,51.528792
1.0,13,51.572743
1.0,5,51.588003
-130.0,149,51.760718
1.0,4,51.772604
1.0,7,51.79365
1.0,4,51.810089
1.0,5,51.828503
1.0,6,51.8458
1.0,6,51.863697
1.0,4,51.87349
1.0,5,51.889616
1.0,5,51.903971
1.0,6,51.924395
1.0,5,51.939736
1.0,5,51.962544
1.0,6,51.982883
1.0,8,52.00859
1.0,5,52.025182
1.0,6,52.045568
1.0,5,52.067464
1.0,5,52.080606
1.0,5,52.101069
1.0,5,52.118775
1.0,8,52.145138
-1.0,15,52.192896
1.0,9,52.220428
1.0,8,52.248172
1.0,8,52.274694
1.0,4,52.287129
-1.0,11,52.320534
1.0,4,52.335121
-2.0,13,52.370651
1.0,4,52.383645
-1.0,7,52.408286
1.0,5,52.425097
1.0,5,52.441658
1.0,9,52.471155
-1.0,7,52.504037
1.0,5,52.521696
1.0,5,52.536846
1.0,9,52.56677
1.0,5,52.584806
-1.0,10,52.62186
1.0,4,52.632436
1.0,7,52.655912
1.0,6,52.672595
1.0,8,52.701411
1.0,5,52.717189
-1.0,10,52.765144
1.0,6,52.803906
1.0,12,52.901836
1.0,10,52.969087
1.0,7,53.004851
-1.0,9,53.035208
-1.0,7,53.059885
1.0,11,53.095221
-1.0,10,53.123083
1.0,8,53.147188
1.0,9,53.177748
-2.0,10,53.204871
-1.0,15,53.247181
1.0,5,53.260547
1.0,7,53.287284
-1.0,9,53.310825
1.0,7,53.331679
1.0,6,53.347083
1.0,4,53.361192
1.0,10,53.391439
1.0,9,53.420863
1.0,11,53.458698
1.0,5,53.482115
1.0,4,53.507219
1.0,5,53.546465
1.0,13,53.61456
1.0,9,53.646282
1.0,9,53.669694
1.0,4,53.6815
0.0,15,53.722545
1.0,8,53.754579
1.0,5,53.770548
1.0,13,53.843417
1.0,8,53.872781
-1.0,8,53.904276
1.0,8,53.929839
1.0,7,53.952848
-1.0,11,54.028074
1.0,8,54.058362
1.0,6,54.076328
-1.0,10,54.107652
-1.0,8,54.134403
1.0,5,54.153417
1.0,13,54.190091
1.0,4,54.201581
1.0,10,54.232593
1.0,5,54.260474
1.0,5,54.300519
1.0,4,54.333157
1.0,4,54.360802
1.0,5,54.388345
-1.0,4,54.402647
1.0,6,54.422096
-2.0,13,54.455864
1.0,4,54.472878
1.0,6,54.502722
-1.0,9,54.533285
1.0,5,54.544991
1.0,5,54.5715
1.0,5,54.591021
1.0,9,54.62828
1.0,15,54.679353
-1.0,12,54.72968
1.0,14,54.768512
1.0,10,54.829457
1.0,5,54.860178
-1.0,10,54.936544
1.0,8,54.989672
1.0,6,55.033257
1.0,6,55.052758
-1.0,8,55.088052
1.0,12,55.120181
1.0,5,55.133288
1.0,15,55.173071
1.0,7,55.200818
-1.0,7,55.224689
1.0,7,55.247798
1.0,7,55.268883
1.0,4,55.285389
-1.0,13,55.328101
1.0,11,55.358141
1.0,6,55.37891
1.0,7,55.406444
1.0,4,55.425401
1.0,11,55.458052
1.0,6,55.477705
1.0,5,55.513663
1.0,7,55.558876
1.0,9,55.597256
1.0,7,55.620403
1.0,7,55.645392
-1.0,11,55.67855
1.0,6,55.699596
1.0,10,55.733123
1.0,14,55.776529
1.0,11,55.806176
-1.0,9,55.837931
-1.0,6,55.856413
1.0,4,55.873121
1.0,8,55.910383
1.0,7,55.933865
1.0,4,55.945105
1.0,10,55.982913
1.0,7,56.004438
1.0,6,56.024209
1.0,4,56.03521
1.0,4,56.049239
1.0,5,56.077171
-1.0,11,56.126977
1.0,12,56.166484
1.0,7,56.196279
1.0,5,56.217457
1.0,5,56.235265
-2.0,13,56.275543
1.0,5,56.29561
1.0,5,56.310839
1.0,13,56.345202
1.0,7,56.367993
1.0,4,56.385761
1.0,7,56.408223
1.0,7,56.431298
1.0,7,56.456265
1.0,4,56.471973
-1.0,11,56.510301
1.0,8,56.535204
-5.0,22,56.585274
1.0,5,56.608448
-1.0,9,56.638063
1.0,4,56.654076
-1.0,15,56.719286
1.0,11,56.758862
-1.0,11,56.796896
1.0,5,56.813134
1.0,12,56.851442
1.0,8,56.884033
-26.0,38,56.953828
-1.0,13,56.999483
-1.0,11,57.04022
-1.0,11,57.079095
-1.0,5,57.094002
1.0,5,57.108506
-1.0,12,57.143992
-1.0,9,57.176538
-1.0,8,57.203236
1.0,5,57.219385
1.0,4,57.230516
1.0,8,57.258755
1.0,11,57.292153
-1.0,10,57.332809
1.0,4,57.353618
1.0,6,57.397032
1.0,6,57.436545
1.0,5,57.455402
-1.0,8,57.490972
1.0,5,57.513062
1.0,11,57.559143
1.0,4,57.575363
1.0,6,57.59509
1.0,4,57.60844
-1.0,9,57.640078
1.0,9,57.668105
1.0,9,57.697282
1.0,4,57.717003
1.0,4,57.726871
1.0,5,57.757957
1.0,4,57.783662
1.0,7,57.813689
-1.0,8,57.839982
1.0,7,57.867904
-1.0,13,57.912725
-146.0,160,58.211379
-1.0,21,58.294985
1.0,8,58.333306
1.0,6,58.355898
1.0,8,58.390226
1.0,4,58.403079
1.0,4,58.413766
1.0,5,58.428871
1.0,10,58.469214
1.0,9,58.49754
-1.0,10,58.534697
1.0,5,58.552176
-1.0,10,58.635755
-4.0,16,58.722635
-1.0,17,58.799056
1.0,5,58.819372
-1.0,9,58.848669
1.0,4,58.860261
-1.0,6,58.877415
1.0,7,58.898133
-1.0,10,58.934844
1.0,8,58.972541
-43.0,55,59.102727
-1.0,6,59.124903
1.0,8,59.172312
1.0,4,59.19662
1.0,5,59.216262
1.0,5,59.286222
-1.0,9,59.330851
-1.0,13,59.379684
1.0,7,59.402886
1.0,5,59.423113
1.0,5,59.441908
1.0,5,59.461448
1.0,8,59.505046
1.0,6,59.525668
1.0,9,59.559309
1.0,7,59.581543
1.0,6,59.602186
1.0,6,59.621385
1.0,6,59.645966
-1.0,8,59.670273
1.0,11,59.705972
-1.0,7,59.729795
1.0,5,59.746733
1.0,5,59.765419
1.0,5,59.781043
1.0,6,59.800256
1.0,4,59.815964
-1.0,11,59.852103
1.0,4,59.867201
-1.0,8,59.893642
-1.0,13,59.951833
-1.0,7,59.979573
1.0,7,60.008686
1.0,5,60.022732
-1.0,7,60.051311
1.0,7,60.075516
-1.0,12,60.114903
-1.0,11,60.141607
1.0,12,60.186355
1.0,5,60.211819
1.0,5,60.229452
-1.0,11,60.267627
1.0,4,60.286908
-1.0,9,60.358154
-1.0,8,60.391119
1.0,5,60.406554
1.0,6,60.429224
-1.0,7,60.452731
1.0,4,60.465868
1.0,6,60.486207
1.0,9,60.517016
1.0,6,60.537723
1.0,4,60.551012
-1.0,8,60.580548
1.0,10,60.630292
1.0,5,60.654522
1.0,11,60.710263
-38.0,48,60.839042
1.0,5,60.859802
1.0,7,60.891836
1.0,4,60.913429
1.0,12,60.969714
1.0,5,61.001293
1.0,9,61.032281
1.0,5,61.04417
1.0,5,61.069911
1.0,9,61.12274
1.0,5,61.137165
1.0,4,61.14831
1.0,6,61.166317
1.0,5,61.183659
-1.0,16,61.236284
1.0,4,61.249617
1.0,13,61.289836
1.0,5,61.303127
1.0,7,61.325067
-1.0,10,61.352861
-1.0,9,61.380164
1.0,6,61.40329
-1.0,4,61.414982
1.0,8,61.444206
1.0,4,61.457279
1.0,5,61.474561
1.0,4,61.48566
1.0,8,61.515858
-1.0,9,61.545196
1.0,13,61.593566
1.0,7,61.615186
-1.0,8,61.641109
-1.0,9,61.67569
1.0,4,61.691295
1.0,5,61.707231
1.0,4,61.719203
1.0,13,61.761252
-1.0,13,61.807491
1.0,7,61.834525
1.0,10,61.866499
1.0,4,61.882031
-1.0,16,61.938013
1.0,5,61.952864
1.0,4,61.964535
1.0,7,61.986574
1.0,5,62.003134
-1.0,7,62.026405
1.0,6,62.043321
-1.0,10,62.077215
1.0,4,62.093414
1.0,6,62.114277
1.0,5,62.128849
1.0,4,62.141377
-1.0,10,62.176871
-20.0,34,62.24377
1.0,5,62.268458
1.0,4,62.291168
1.0,7,62.332392
1.0,6,62.353255
1.0,6,62.370207
1.0,6,62.38982
-1.0,12,62.432511
1.0,8,62.456252
1.0,7,62.478477
1.0,9,62.509508
1.0,5,62.526743
-1.0,9,62.555724
1.0,4,62.567281
1.0,8,62.593445
1.0,4,62.606923
1.0,10,62.636575
1.0,4,62.650071
1.0,11,62.724463
1.0,7,62.746102
1.0,10,62.77913
-1.0,8,62.804857
1.0,6,62.821651
1.0,4,62.83689
-1.0,4,62.849596
1.0,5,62.86629
-1.0,8,62.90907
1.0,8,62.953578
-1.0,8,62.982372
1.0,5,62.996937
1.0,6,63.013625
-1.0,9,63.052649
-1.0,6,63.072133
1.0,7,63.097796
-1.0,5,63.112546
-1.0,9,63.142748
1.0,8,63.169924
1.0,5,63.193969
1.0,10,63.224693
-1.0,8,63.255415
-2.0,11,63.299854
1.0,8,63.332116
-1.0,13,63.371048
1.0,6,63.392931
1.0,4,63.405001
1.0,6,63.422215
-1.0,9,63.449447
1.0,8,63.48096
1.0,4,63.496842
-1.0,9,63.534506
1.0,4,63.548044
-1.0,11,63.582992
1.0,9,63.606709
1.0,5,63.621087
1.0,5,63.634676
-1.0,12,63.676979
-1.0,9,63.707876
1.0,8,63.734621
1.0,9,63.774833
-1.0,10,63.817713
1.0,5,63.834491
-1.0,9,63.864496
-1.0,12,63.897993
-1.0,8,63.927033
-10.0,19,63.963222
-14.0,23,64.029598
0.0,12,64.065616
1.0,4,64.081269
-1.0,7,64.113134
1.0,10,64.143576
1.0,4,64.159019
1.0,6,64.18488
1.0,7,64.208878
1.0,9,64.237259
1.0,11,64.269817
1.0,6,64.2897
-1.0,7,64.310992
1.0,4,64.321879
1.0,8,64.394546
1.0,4,64.40732
1.0,4,64.419737
1.0,13,64.45316
-1.0,7,64.468521
1.0,5,64.483204
1.0,5,64.494526
1.0,5,64.507701
1.0,4,64.519563
1.0,5,64.536596
1.0,4,64.547366
1.0,6,64.562916
1.0,4,64.574635
-1.0,10,64.607985
-3.0,13,64.642716
1.0,4,64.653547
1.0,4,64.66488
1.0,5,64.677294
1.0,7,64.69336
1.0,8,64.712601
1.0,4,64.724223
1.0,10,64.751606
1.0,7,64.764251
-1.0,9,64.791023
1.0,4,64.802284
1.0,4,64.815743
-1.0,9,64.841823
1.0,7,64.863621
-1.0,11,64.895478
1.0,5,64.912536
1.0,5,64.924168
1.0,6,64.940501
1.0,5,64.957248
1.0,5,64.972527
1.0,5,64.986543
1.0,8,65.005632
1.0,7,65.02169
1.0,5,65.03719
-1.0,6,65.051876
1.0,8,65.075677
1.0,8,65.10041
1.0,4,65.113547
1.0,4,65.124134
1.0,12,65.152724
-1.0,9,65.177712
1.0,6,65.193225
1.0,11,65.221338
-1.0,7,65.240697
1.0,4,65.250042
1.0,5,65.263167
1.0,4,65.272609
-1.0,8,65.296676
1.0,6,65.316999
-1.0,7,65.340102
-1.0,6,65.356669
1.0,6,65.371581
1.0,4,65.383711
1.0,12,65.416263
1.0,6,65.434613
1.0,4,65.446276
1.0,9,65.473491
1.0,4,65.486111
-1.0,8,65.505836
1.0,7,65.521933
1.0,6,65.538319
1.0,11,65.575822
1.0,5,65.590167
1.0,7,65.606821
1.0,9,65.628254
1.0,5,65.643963
1.0,5,65.654017
1.0,5,65.664655
1.0,5,65.677633
1.0,7,65.700308
-1.0,4,65.713104
1.0,9,65.738172
1.0,5,65.754456
-1.0,10,65.777424
-1.0,11,65.80289
1.0,6,65.81873
1.0,4,65.829606
-1.0,6,65.848116
-1.0,11,65.875386
1.0,4,65.886637
-1.0,7,65.902057
1.0,5,65.916833
1.0,5,65.930082
1.0,4,65.940647
1.0,4,65.951447
1.0,5,65.967282
-1.0,8,65.991227
1.0,11,66.022985
-1.0,6,66.039116
1.0,8,66.062353
1.0,5,66.077236
1.0,7,66.0969
-1.0,11,66.125601
1.0,7,66.144933
1.0,11,66.185334
1.0,5,66.201513
-1.0,7,66.222159
1.0,6,66.243882
-1.0,9,66.269526
1.0,4,66.281796
1.0,4,66.293093
-1.0,9,66.326652
1.0,5,66.342621
1.0,4,66.355035
-1.0,11,66.386028
1.0,8,66.413171
1.0,7,66.436582
1.0,7,66.46033
1.0,8,66.483389
1.0,4,66.496916
-4.0,21,66.547082
1.0,7,66.57375
1.0,5,66.586779
1.0,6,66.607916
-1.0,9,66.632252
1.0,5,66.647754
1.0,5,66.664304
-1.0,5,66.682148
1.0,5,66.695925
1.0,8,66.718444
1.0,7,66.742829
1.0,9,66.771685
-1.0,7,66.792856
1.0,5,66.805803
1.0,10,66.837225
1.0,4,66.851933
-1.0,11,66.88828
1.0,13,66.933244
1.0,6,66.948806
1.0,5,66.967943
1.0,7,66.998435
1.0,7,67.027677
1.0,5,67.048795
-1.0,8,67.077406
1.0,5,67.14939
-1.0,11,67.190454
1.0,5,67.205267
1.0,4,67.221061
-1.0,9,67.267706
1.0,5,67.293925
1.0,4,67.313031
1.0,8,67.352752
-1.0,9,67.385667
-1.0,10,67.411822
1.0,9,67.443655
1.0,6,67.467618
1.0,9,67.496621
1.0,5,67.511384
-1.0,11,67.547572
1.0,7,67.571886
1.0,5,67.589212
1.0,10,67.623391
1.0,4,67.635947
1.0,5,67.652805
1.0,5,67.670344
1.0,7,67.693377
1.0,8,67.717855
1.0,12,67.752937
1.0,5,67.769205
1.0,5,67.781444
1.0,6,67.797277
1.0,6,67.821352
1.0,7,67.843905
1.0,5,67.859656
1.0,4,67.872856
-1.0,9,67.903311
-1.0,10,67.937354
1.0,8,67.962671
-1.0,7,67.986082
1.0,9,68.026059
1.0,6,68.044116
1.0,5,68.061364
-1.0,10,68.096983
1.0,6,68.117201
-1.0,10,68.146722
1.0,14,68.192955
1.0,5,68.209605
1.0,5,68.228179
1.0,5,68.241216
-30.0,44,68.300856
1.0,5,68.315995
1.0,4,68.328983
1.0,6,68.349753
1.0,6,68.369938
1.0,5,68.384771
1.0,10,68.414761
-1.0,8,68.443871
1.0,4,68.454683
1.0,4,68.466186
1.0,6,68.48726
1.0,6,68.508919
1.0,4,68.51957
-1.0,7,68.542444
-1.0,9,68.568322
1.0,4,68.578926
-1.0,12,68.618261
-1.0,7,68.642416
1.0,6,68.660353
-1.0,11,68.697504
1.0,6,68.716434
1.0,5,68.731285
1.0,7,68.756277
1.0,7,68.776765
-1.0,7,68.803046
-1.0,4,68.814756
1.0,8,68.843294
1.0,7,68.86428
1.0,7,68.887548
1.0,4,68.900495
1.0,4,68.916979
1.0,5,68.930646
1.0,7,68.954455
1.0,5,68.970282
1.0,6,68.99208
1.0,6,69.00851
1.0,5,69.021499
1.0,4,69.033401
1.0,5,69.052318
1.0,4,69.064873
1.0,5,69.08358
-1.0,13,69.122681
1.0,4,69.137677
1.0,7,69.159006
-1.0,5,69.174034
1.0,4,69.184155
-1.0,5,69.200401
1.0,7,69.219959
1.0,5,69.232662
1.0,6,69.253447
1.0,5,69.269287
-1.0,7,69.289869
1.0,7,69.309279
-1.0,11,69.345915
-1.0,9,69.376149
1.0,5,69.39277
1.0,9,69.422539
1.0,5,69.436126
-1.0,10,69.475447
1.0,5,69.494672
1.0,4,69.509319
1.0,4,69.520769
1.0,9,69.545901
1.0,5,69.563511
-1.0,6,69.586767
1.0,5,69.600512
-1.0,12,69.638018
1.0,6,69.718944
1.0,7,69.736831
1.0,7,69.762095
1.0,5,69.779771
1.0,6,69.797323
1.0,5,69.813133
1.0,6,69.834796
-1.0,8,69.863
1.0,5,69.876376
1.0,4,69.890904
1.0,5,69.906873
-1.0,9,69.937202
-1.0,8,69.964734
-1.0,16,70.018728
1.0,6,70.03854
1.0,5,70.055581
-1.0,8,70.087427
-1.0,4,70.097883
1.0,5,70.111318
1.0,5,70.130199
1.0,4,70.140496
1.0,5,70.153368
1.0,6,70.171597
1.0,6,70.19283
1.0,4,70.204954
1.0,5,70.218535
1.0,7,70.240775
-1.0,8,70.269356
1.0,12,70.308965
1.0,10,70.339856
1.0,5,70.356723
-1.0,8,70.387871
1.0,12,70.425356
1.0,5,70.445987
-3.0,12,70.481805
1.0,8,70.510197
1.0,6,70.526728
-1.0,6,70.548243
1.0,8,70.575478
1.0,9,70.60565
-2.0,15,70.644838
1.0,7,70.668565
-1.0,10,70.699516
-1.0,7,70.729506
1.0,5,70.748861
-1.0,12,70.785592
-1.0,10,70.817977
1.0,14,70.861158
1.0,6,70.881067
-1.0,14,70.923364
1.0,4,70.932709
1.0,8,70.959636
1.0,5,70.975465
-1.0,9,71.009455
1.0,6,71.027056
1.0,6,71.049488
1.0,4,71.065435
1.0,8,71.088144
-1.0,7,71.109748
1.0,8,71.13248
-1.0,8,71.158277
-1.0,7,71.180068
1.0,4,71.194256
1.0,4,71.208592
1.0,8,71.233618
-1.0,7,71.261132
-1.0,9,71.287255
1.0,4,71.301289
1.0,6,71.320001
-1.0,4,71.332271
1.0,4,71.343067
1.0,5,71.359625
1.0,5,71.376512
1.0,4,71.391382
-1.0,9,71.422349
-1.0,10,71.457386
1.0,5,71.470829
1.0,4,71.484324
1.0,4,71.49705
-1.0,7,71.521371
1.0,6,71.539111
1.0,4,71.549551
1.0,5,71.563208
1.0,4,71.576536
1.0,4,71.588002
1.0,7,71.607624
1.0,6,71.62975
1.0,5,71.646713
1.0,4,71.65881
1.0,4,71.671365
1.0,4,71.681834
-1.0,8,71.714602
1.0,6,71.735119
1.0,5,71.749281
-1.0,7,71.768985
1.0,11,71.796715
1.0,6,71.82396
1.0,5,71.841884
1.0,4,71.853607
1.0,4,71.866168
1.0,5,71.878536
1.0,5,71.892847
1.0,5,71.908122
1.0,5,71.925154
-1.0,8,71.952591
1.0,6,71.97245
-1.0,6,71.993788
1.0,4,72.007262
1.0,5,72.022631
1.0,5,72.038914
1.0,7,72.057512
1.0,5,72.07585
1.0,4,72.088445
-1.0,10,72.117964
-1.0,7,72.140269
-1.0,6,72.157642
1.0,6,72.174561
1.0,4,72.184771
-1.0,4,72.195893
1.0,6,72.213718
-1.0,8,72.23753
-1.0,8,72.261995
1.0,4,72.2743
1.0,8,72.359694
1.0,5,72.38219
-1.0,7,72.404218
1.0,5,72.4207
0.0,10,72.446789
1.0,4,72.457742
1.0,7,72.478867
-1.0,10,72.51162
-1.0,11,72.545263
-1.0,12,72.580929
1.0,5,72.59534
-1.0,15,72.638802
1.0,4,72.655866
1.0,5,72.672468
1.0,5,72.690322
1.0,6,72.711328
1.0,10,72.749272
1.0,8,72.781464
1.0,6,72.798948
1.0,4,72.811883
1.0,12,72.848399
-1.0,10,72.882635
1.0,7,72.904108
-1.0,7,72.931383
1.0,5,72.945075
1.0,4,72.957314
1.0,5,72.974719
1.0,9,73.002216
1.0,6,73.027622
1.0,4,73.040106
-1.0,9,73.07672
1.0,7,73.099007
1.0,5,73.116654
1.0,5,73.127576
1.0,9,73.148241
1.0,4,73.159738
1.0,6,73.178281
-1.0,7,73.198769
-1.0,11,73.238187
1.0,5,73.251453
1.0,4,73.26483
-5.0,22,73.323839
1.0,4,73.339641
-1.0,9,73.378153
1.0,4,73.39
1.0,5,73.404294
1.0,4,73.415263
1.0,6,73.435972
1.0,4,73.452691
-1.0,7,73.476742
1.0,5,73.492838
-1.0,9,73.523035
1.0,11,73.558114
1.0,5,73.571398
1.0,5,73.585727
1.0,6,73.608164
1.0,4,73.620113
1.0,4,73.632073
1.0,11,73.662518
1.0,4,73.675547
1.0,7,73.705338
1.0,5,73.72357
1.0,11,73.764314
1.0,5,73.779303
1.0,9,73.802092
1.0,10,73.838867
-1.0,10,73.873478
1.0,4,73.885249
1.0,6,73.904487
1.0,5,73.919757
1.0,5,73.933652
-1.0,9,73.955661
1.0,13,73.999785
1.0,4,74.014547
1.0,7,74.042017
1.0,8,74.066302
1.0,12,74.117263
1.0,9,74.147275
-1.0,10,74.184278
1.0,4,74.197428
1.0,5,74.213129
1.0,5,74.226612
1.0,7,74.251121
1.0,5,74.268923
-28.0,40,74.330904
1.0,5,74.343851
-1.0,11,74.377884
-1.0,12,74.419762
-1.0,5,74.441488
-1.0,12,74.473709
1.0,4,74.485656
1.0,6,74.503388
1.0,4,74.516734
1.0,8,74.538645
1.0,12,74.58397
1.0,5,74.59706
1.0,5,74.619946
1.0,10,74.645727
1.0,5,74.658013
1.0,5,74.673794
1.0,7,74.695628
-1.0,6,74.716532
1.0,5,74.73766
1.0,5,74.757256
1.0,8,74.781458
1.0,8,74.802873
1.0,5,74.8221
1.0,4,74.836391
-1.0,4,74.84998
1.0,4,74.861572
1.0,5,74.882027
1.0,4,74.89709
1.0,9,74.928954
1.0,7,74.951479
-1.0,10,74.984491
1.0,9,75.032413
-1.0,12,75.1143
1.0,10,75.151677
-1.0,10,75.194939
1.0,5,75.207768
1.0,9,75.242614
1.0,8,75.270466
-2.0,12,75.313499
1.0,10,75.347715
-1.0,9,75.380063
1.0,6,75.398084
1.0,9,75.432575
-1.0,10,75.461941
-1.0,11,75.499337
1.0,8,75.522883
1.0,4,75.53443
1.0,4,75.546715
1.0,5,75.570546
1.0,11,75.611419
1.0,11,75.647801
1.0,4,75.659485
1.0,6,75.679097
1.0,7,75.701985
1.0,4,75.713256
-1.0,8,75.73518
-1.0,8,75.763777
1.0,5,75.778025
1.0,5,75.792483
1.0,4,75.807679
1.0,5,75.828376
-1.0,6,75.850619
1.0,7,75.874563
1.0,6,75.899352
1.0,4,75.917847
1.0,7,75.941501
1.0,5,75.958819
1.0,10,75.993902
1.0,8,76.02267
1.0,7,76.044679
1.0,5,76.060969
1.0,4,76.072515
1.0,4,76.08758
1.0,5,76.106319
-1.0,17,76.176571
1.0,4,76.187925
-1.0,12,76.222993
-1.0,10,76.251694
1.0,6,76.27232
1.0,5,76.289155
1.0,8,76.316303
-3.0,18,76.378768
1.0,4,76.392545
1.0,4,76.407883
1.0,4,76.422516
1.0,7,76.444029
1.0,5,76.464302
1.0,5,76.484718
1.0,6,76.508928
-1.0,11,76.547467
-1.0,9,76.576593
1.0,4,76.586808
1.0,5,76.609888
1.0,5,76.623273
-1.0,14,76.674138
1.0,8,76.704522
-1.0,8,76.730692
-1.0,8,76.754143
1.0,8,76.779695
1.0,7,76.799005
1.0,5,76.818083
1.0,6,76.836221
1.0,5,76.857879
1.0,4,76.87394
-1.0,8,76.897248
1.0,13,76.944063
-1.0,11,76.980539
1.0,5,76.992082
1.0,7,77.012633
1.0,8,77.031711
1.0,4,77.046887
1.0,5,77.062144
1.0,4,77.073157
1.0,8,77.095092
1.0,10,77.125159
1.0,8,77.155333
1.0,7,77.181284
1.0,8,77.209648
1.0,4,77.226587
1.0,10,77.272075
1.0,4,77.292242
1.0,4,77.305455
1.0,5,77.319567
1.0,4,77.334039
-1.0,9,77.359555
1.0,5,77.372637
1.0,12,77.407781
1.0,9,77.433983
1.0,4,77.447863
1.0,4,77.457932
1.0,5,77.471547
1.0,6,77.488096
1.0,5,77.506642
0.0,13,77.538131
1.0,4,77.55285
1.0,4,77.564256
1.0,5,77.630038
-1.0,6,77.651644
1.0,5,77.663893
-1.0,8,77.688246
1.0,5,77.705019
1.0,6,77.725434
1.0,10,77.756069
-1.0,10,77.788896
1.0,13,77.829364
1.0,6,77.8488
1.0,9,77.885642
1.0,5,77.899856
-1.0,5,77.914788
1.0,4,77.929774
-1.0,8,77.955846
1.0,4,77.970249
-1.0,7,77.992212
1.0,10,78.02105
1.0,5,78.037488
1.0,4,78.049365
1.0,4,78.060195
1.0,6,78.078638
1.0,8,78.103903
1.0,7,78.124503
1.0,8,78.149912
1.0,7,78.17456
-1.0,10,78.219296
1.0,12,78.258653
1.0,5,78.277837
-1.0,8,78.303472
-1.0,6,78.327099
1.0,5,78.345436
1.0,7,78.375393
1.0,5,78.392652
-1.0,14,78.444847
-1.0,9,78.48027
-1.0,4,78.496652
1.0,5,78.510099
1.0,4,78.525816
1.0,5,78.541576
1.0,4,78.553872
-1.0,10,78.586404
-220.0,236,78.828057
-1.0,8,78.854405
1.0,4,78.868136
1.0,6,78.889327
1.0,5,78.905134
1.0,8,78.935374
1.0,8,78.965132
1.0,5,78.981598
1.0,5,79.000586
1.0,4,79.014809
1.0,4,79.032043
-1.0,10,79.073155
1.0,11,79.110594
1.0,6,79.131337
1.0,7,79.153709
-1.0,8,79.185014
1.0,6,79.201874
-1.0,5,79.22242
1.0,4,79.237287
-1.0,7,79.269783
1.0,6,79.29212
1.0,5,79.313776
1.0,4,79.328443
1.0,8,79.356277
1.0,4,79.371164
1.0,5,79.385901
1.0,7,79.406927
1.0,4,79.41898
1.0,4,79.432885
1.0,7,79.456528
1.0,4,79.471537
-1.0,8,79.500067
1.0,16,79.555676
1.0,7,79.573262
1.0,6,79.603198
1.0,8,79.627401
1.0,8,79.657652
-1.0,12,79.703593
1.0,9,79.732823
1.0,6,79.753344
1.0,9,79.791076
1.0,6,79.809784
1.0,4,79.833905
-1.0,9,79.872531
1.0,5,79.889143
1.0,7,79.914986
1.0,6,79.93451
-1.0,15,79.985059
1.0,9,80.016922
1.0,7,80.039525
1.0,9,80.068891
1.0,5,80.081259
1.0,4,80.090469
1.0,9,80.119783
-1.0,11,80.157187
1.0,6,80.177243
1.0,7,80.195944
1.0,11,80.219224
-91.0,106,80.340057
1.0,5,80.350702
1.0,8,80.377162
1.0,4,80.386533
-1.0,8,80.461762
-1.0,9,80.492297
1.0,10,80.521934
1.0,8,80.545295
1.0,4,80.555948
1.0,4,80.56794
-1.0,6,80.586818
-1.0,10,80.618607
1.0,7,80.64096
1.0,6,80.658161
1.0,5,80.672376
1.0,9,80.700687
1.0,6,80.719415
1.0,8,80.742737
-1.0,10,80.766708
1.0,5,80.781097
1.0,5,80.797893
1.0,8,80.82398
1.0,5,80.838545
1.0,14,80.882258
1.0,12,80.919428
1.0,4,80.9294
1.0,9,80.952482
1.0,5,80.967048
1.0,10,81.000012
1.0,7,81.020308
1.0,5,81.035565
1.0,6,81.053364
-1.0,9,81.087602
-1.0,9,81.118827
-1.0,8,81.143659
1.0,7,81.165052
-1.0,9,81.190166
1.0,5,81.203959
-1.0,7,81.226907
1.0,5,81.242094
1.0,5,81.257113
-1.0,7,81.276409
1.0,12,81.311114
1.0,4,81.322867
-1.0,12,81.356924
-37.0,48,81.413018
1.0,5,81.424353
1.0,6,81.439381
1.0,5,81.453335
-1.0,12,81.488492
1.0,4,81.500284
-1.0,10,81.528448
-1.0,9,81.557091
1.0,10,81.580172
1.0,5,81.594238
1.0,5,81.604969
1.0,6,81.623008
-1.0,7,81.640924
1.0,5,81.655752
1.0,7,81.679346
1.0,7,81.701756
1.0,4,81.713626
1.0,6,81.728819
1.0,8,81.753791
-1.0,7,81.778519
1.0,9,81.847857
1.0,6,81.884103
1.0,8,81.915094
1.0,10,81.949251
-1.0,9,81.98033
1.0,5,81.995711
-1.0,10,82.022268
1.0,10,82.061919
1.0,6,82.079289
-1.0,11,82.118177
1.0,5,82.135354
1.0,5,82.1563
1.0,5,82.175495
1.0,7,82.21764
-1.0,7,82.258182
-1.0,10,82.317858
1.0,6,82.349347
1.0,6,82.38438
1.0,7,82.468851
1.0,6,82.512138
-1.0,11,82.563119
1.0,8,82.600813
-1.0,11,82.649331
1.0,7,82.681043
1.0,5,82.705223
-1.0,6,82.732119
-1.0,9,82.768198
1.0,6,82.796207
1.0,5,82.815489
1.0,7,82.854481
1.0,5,82.880837
-1.0,8,82.922425
-1.0,8,82.95764
1.0,6,82.98111
-1.0,12,83.020903
-1.0,5,83.041445
1.0,7,83.0636
1.0,4,83.07534
1.0,8,83.102783
1.0,4,83.116702
1.0,4,83.128718
1.0,6,83.14826
1.0,8,83.18098
1.0,7,83.207801
1.0,7,83.230145
1.0,9,83.258839
1.0,7,83.282527
1.0,8,83.311214
-66.0,80,83.421359
1.0,7,83.439421
-1.0,11,83.482013
1.0,5,83.507895
1.0,5,83.528014
1.0,6,83.54887
1.0,8,83.578629
1.0,6,83.602414
0.0,13,83.649922
1.0,4,83.664559
-1.0,11,83.710988
1.0,6,83.72951
1.0,6,83.767769
1.0,5,83.782583
1.0,4,83.796666
-1.0,8,83.824777
1.0,6,83.841613
1.0,4,83.855276
1.0,5,83.876578
1.0,7,83.901004
1.0,5,83.918793
-1.0,15,83.962101
1.0,5,83.980975
1.0,9,84.010729
1.0,7,84.039312
-1.0,8,84.071808
-1.0,12,84.1254
1.0,11,84.170156
1.0,6,84.198568
1.0,5,84.217388
1.0,5,84.234621
1.0,5,84.257683
1.0,5,84.280431
1.0,4,84.296039
1.0,6,84.315415
1.0,6,84.337605
1.0,9,84.36752
1.0,5,84.383512
1.0,6,84.409775
1.0,8,84.444282
-1.0,8,84.471387
1.0,7,84.493311
-3.0,15,84.528194
1.0,7,84.555474
1.0,4,84.572361
1.0,5,84.592092
1.0,5,84.61852
1.0,9,84.661193
1.0,6,84.691732
-1.0,16,84.759427
-1.0,6,84.78727
1.0,8,84.815789
1.0,4,84.826474
0.0,12,84.858157
-1.0,10,84.88782
1.0,6,84.910617
1.0,7,84.929376
1.0,5,84.944503
1.0,8,84.968745
1.0,7,84.990138
1.0,12,85.032095
-1.0,8,85.065662
1.0,10,85.100459
1.0,5,85.1146
1.0,6,85.133097
-1.0,11,85.166965
1.0,9,85.194646
1.0,5,85.213288
1.0,9,85.247273
1.0,5,85.268409
1.0,6,85.29265
1.0,5,85.310272
1.0,8,85.338216
1.0,6,85.361276
-1.0,9,85.387956
1.0,8,85.415107
1.0,4,85.426657
-1.0,8,85.453288
1.0,4,85.46749
1.0,10,85.509571
1.0,7,85.532938
1.0,14,85.614506
1.0,6,85.6385
1.0,5,85.660794
1.0,13,85.692148
1.0,5,85.705527
1.0,4,85.717575
1.0,8,85.74529
1.0,6,85.766824
1.0,5,85.779527
1.0,4,85.789895
1.0,11,85.825034
1.0,11,85.855009
1.0,4,85.867807
1.0,6,85.888118
1.0,4,85.900117
1.0,4,85.911783
1.0,6,85.928128
1.0,6,85.94828
1.0,6,85.969575
1.0,7,85.997626
1.0,4,86.010978
1.0,6,86.031475
1.0,8,86.064523
1.0,7,86.092343
1.0,9,86.137897
1.0,5,86.155526
1.0,7,86.185765
1.0,5,86.205488
1.0,4,86.221226
-1.0,10,86.262424
1.0,5,86.284271
1.0,5,86.300295
1.0,8,86.328657
-1.0,11,86.368696
1.0,6,86.388842
-1.0,11,86.425682
1.0,5,86.440183
-1.0,7,86.462104
1.0,6,86.480595
1.0,8,86.502911
1.0,12,86.539175
1.0,11,86.573316
-42.0,54,86.651364
1.0,8,86.679629
1.0,7,86.697629
1.0,4,86.711262
1.0,5,86.732584
-1.0,9,86.764867
1.0,11,86.80612
1.0,10,86.844398
1.0,8,86.88008
-1.0,8,86.912739
1.0,5,86.930034
1.0,8,86.962544
-1.0,7,86.992643
1.0,4,87.007825
1.0,4,87.022302
1.0,4,87.047002
1.0,9,87.107652
1.0,5,87.125449
1.0,4,87.136819
-1.0,8,87.160552
1.0,5,87.175367
1.0,5,87.191282
1.0,5,87.205461
1.0,4,87.217548
1.0,8,87.251554
1.0,6,87.270515
1.0,4,87.284374
1.0,8,87.312257
1.0,4,87.326116
1.0,4,87.338641
-1.0,9,87.364452
1.0,4,87.376104
1.0,4,87.392088
1.0,5,87.407086
-48.0,57,87.486919
1.0,6,87.517899
1.0,9,87.554437
1.0,4,87.572037
1.0,4,87.584391
1.0,12,87.620583
1.0,4,87.636059
-1.0,8,87.664313
1.0,6,87.683638
1.0,5,87.698793
1.0,5,87.715186
1.0,8,87.738943
1.0,5,87.756278
1.0,4,87.770503
1.0,8,87.799586
1.0,10,87.83173
1.0,5,87.84692
1.0,5,87.863957
-1.0,5,87.882501
1.0,4,87.893818
1.0,5,87.911275
1.0,5,87.929645
1.0,8,87.973276
1.0,4,87.998862
-1.0,7,88.039448
1.0,5,88.061375
-1.0,11,88.103032
-1.0,4,88.11604
1.0,4,88.127457
1.0,5,88.14179
1.0,7,88.166512
1.0,8,88.191717
1.0,5,88.209076
-1.0,8,88.237204
1.0,8,88.267979
-1.0,12,88.315885
1.0,4,88.350147
1.0,5,88.369981
1.0,4,88.387816
1.0,7,88.410347
1.0,11,88.466608
1.0,5,88.486474
1.0,4,88.51504
1.0,4,88.541631
1.0,8,88.576126
1.0,5,88.592434
1.0,5,88.607572
1.0,4,88.619443
1.0,7,88.640636
1.0,4,88.653673
1.0,4,88.667399
1.0,4,88.678813
1.0,9,88.71011
1.0,8,88.745831
1.0,5,88.772793
1.0,5,88.800541
1.0,4,88.825769
-1.0,9,88.897237
1.0,5,88.930492
1.0,9,88.987063
1.0,5,89.002411
1.0,5,89.019475
1.0,11,89.060375
1.0,8,89.085925
1.0,9,89.120641
1.0,8,89.171642
1.0,5,89.218351
1.0,5,89.238429
1.0,4,89.256651
1.0,8,89.294733
-15.0,29,89.359696
1.0,5,89.384876
1.0,6,89.404214
-1.0,8,89.433265
-1.0,8,89.467775
1.0,8,89.493912
-1.0,9,89.51985
1.0,4,89.532327
1.0,5,89.552391
-1.0,9,89.619539
1.0,4,89.64025
1.0,4,89.656963
1.0,4,89.674876
-1.0,7,89.712892
1.0,6,89.7413
1.0,4,89.759317
-1.0,9,89.81071
1.0,11,89.847222
-1.0,9,89.876608
1.0,4,89.888287
1.0,5,89.908418
-1.0,10,89.940339
1.0,5,89.95636
1.0,6,89.976258
1.0,5,89.994458
1.0,7,90.016766
-1.0,8,90.04307
-26.0,37,90.104482
1.0,4,90.118869
1.0,5,90.132862
1.0,5,90.149981
1.0,8,90.172093
1.0,5,90.193556
1.0,6,90.212483
-2.0,11,90.245927
1.0,5,90.26117
1.0,8,90.291877
1.0,6,90.311536
1.0,5,90.326573
1.0,6,90.3473
1.0,6,90.368818
1.0,4,90.381144
1.0,6,90.40152
-1.0,12,90.437342
1.0,5,90.458346
-1.0,11,90.493365
1.0,4,90.503808
1.0,4,90.515536
1.0,4,90.53236
-1.0,7,90.596622
1.0,4,90.610129
1.0,4,90.622073
1.0,8,90.652056
-1.0,13,90.687931
1.0,8,90.715589
1.0,9,90.748913
1.0,13,90.786546
-1.0,11,90.818143
1.0,4,90.831639
1.0,7,90.868716
1.0,4,90.894836
1.0,7,90.921443
1.0,7,90.947049
1.0,4,90.961695
1.0,7,90.990114
1.0,9,91.01664
1.0,7,91.059117
1.0,6,91.080655
-1.0,7,91.107176
1.0,5,91.12149
-1.0,8,91.151847
-78.0,89,91.278539
1.0,4,91.2917
-1.0,8,91.324343
1.0,7,91.349329
-1.0,7,91.37733
1.0,8,91.409249
1.0,5,91.427823
1.0,5,91.447219
1.0,5,91.463641
-1.0,8,91.496315
-1.0,8,91.528422
-1.0,12,91.569293
1.0,9,91.599218
1.0,4,91.613891
1.0,5,91.631987
1.0,4,91.644261
1.0,7,91.676335
1.0,10,91.731467
1.0,5,91.749036
1.0,7,91.774508
1.0,7,91.797334
1.0,7,91.834694
1.0,10,91.882635
1.0,4,91.899237
1.0,14,91.95119
1.0,6,91.977478
1.0,4,91.992395
1.0,5,92.008467
-1.0,7,92.031206
1.0,6,92.069746
1.0,5,92.091297
1.0,6,92.112402
1.0,5,92.133411
1.0,4,92.157522
1.0,9,92.206409
1.0,7,92.232222
1.0,4,92.246834
1.0,6,92.271753
1.0,5,92.285423
1.0,4,92.312028
1.0,4,92.344596
1.0,10,92.398945
1.0,7,92.423158
1.0,7,92.452983
-61.0,75,92.572194
1.0,11,92.643893
1.0,4,92.661364
1.0,4,92.673537
1.0,6,92.695427
1.0,5,92.713722
-1.0,9,92.778396
1.0,5,92.820207
1.0,6,92.862855
1.0,5,92.902765
1.0,4,92.936693
-1.0,8,92.974855
1.0,5,93.000779
1.0,5,93.038032
1.0,6,93.076875
-1.0,7,93.102148
1.0,6,93.122368
1.0,10,93.158932
1.0,8,93.18729
1.0,5,93.206114
-1.0,7,93.229969
1.0,9,93.263965
1.0,5,93.280953
1.0,5,93.299382
1.0,4,93.314921
-1.0,6,93.33743
1.0,4,93.352345
-1.0,8,93.391482
1.0,9,93.42053
-1.0,7,93.470218
1.0,5,93.515226
1.0,5,93.549366
1.0,5,93.580421
1.0,5,93.602402
1.0,4,93.613936
1.0,6,93.635576
1.0,6,93.652912
1.0,4,93.675673
1.0,5,93.699023
1.0,4,93.709106
-1.0,7,93.733219
1.0,10,93.770419
1.0,9,93.798836
1.0,4,93.811256
-1.0,8,93.837442
1.0,6,93.881763
1.0,5,93.905855
1.0,11,93.962877
-1.0,10,94.009454
1.0,11,94.075986
1.0,5,94.105496
1.0,7,94.129385
-1.0,11,94.163323
1.0,9,94.192301
1.0,6,94.210709
-1.0,4,94.22416
1.0,5,94.240585
-1.0,9,94.273407
1.0,5,94.288009
-1.0,8,94.358146
1.0,10,94.435765
-1.0,7,94.487956
1.0,6,94.515733
-1.0,9,94.544306
-1.0,12,94.587943
1.0,10,94.630282
1.0,9,94.658796
1.0,10,94.716697
1.0,4,94.751272
1.0,4,94.779673
1.0,5,94.817865
1.0,8,94.868716
1.0,9,94.928489
-1.0,8,94.986091
1.0,11,95.028842
-1.0,14,95.068537
1.0,5,95.08309
-1.0,9,95.122214
-99.0,117,95.265606
-1.0,6,95.286219
1.0,10,95.320025
-1.0,12,95.402851
1.0,5,95.423378
1.0,4,95.447439
1.0,5,95.485416
1.0,5,95.532177
1.0,4,95.550766
1.0,8,95.575643
1.0,8,95.623642
1.0,5,95.649291
1.0,4,95.6787
1.0,10,95.743404
1.0,14,95.847759
1.0,8,95.908049
1.0,6,95.953924
-1.0,9,96.037856
1.0,7,96.084805
1.0,7,96.118706
1.0,4,96.134178
1.0,7,96.17182
1.0,10,96.222181
-1.0,8,96.253654
1.0,4,96.27028
1.0,9,96.306049
1.0,4,96.32981
1.0,6,96.377416
1.0,15,96.458761
1.0,4,96.469694
1.0,4,96.484671
-1.0,8,96.516747
1.0,11,96.560762
1.0,9,96.599701
1.0,7,96.629534
1.0,7,96.655815
1.0,4,96.677534
1.0,6,96.701917
1.0,5,96.719249
-1.0,8,96.753718
1.0,5,96.769612
1.0,5,96.797665
1.0,5,96.822954
1.0,4,96.839865
1.0,10,96.874217
-1.0,10,96.916969
1.0,4,96.93293
-1.0,6,96.958425
1.0,5,96.977311
1.0,5,96.992576
-1.0,7,97.016026
1.0,5,97.033708
1.0,5,97.049428
1.0,4,97.062047
1.0,11,97.101284
1.0,5,97.122151
1.0,10,97.224403
1.0,13,97.296436
1.0,8,97.348016
1.0,5,97.375189
-1.0,17,97.458441
1.0,7,97.487383
1.0,4,97.501743
1.0,5,97.520479
1.0,9,97.555026
-1.0,11,97.588598
1.0,5,97.60935
1.0,4,97.623953
-1.0,10,97.665603
1.0,5,97.678675
1.0,8,97.701394
1.0,8,97.726854
1.0,4,97.738846
-1.0,9,97.77064
1.0,4,97.791536
1.0,4,97.810427
1.0,4,97.822891
1.0,6,97.841715
1.0,6,97.869206
1.0,10,97.912264
1.0,4,97.925929
1.0,4,97.939487
-1.0,6,97.962709
1.0,6,97.98632
1.0,7,98.012053
1.0,10,98.050429
1.0,13,98.09411
1.0,6,98.118528
1.0,4,98.133473
1.0,4,98.146611
1.0,4,98.157249
1.0,4,98.172074
1.0,6,98.192096
1.0,4,98.206398
1.0,4,98.218566
1.0,4,98.231892
1.0,10,98.260203
1.0,4,98.272634
1.0,4,98.283683
1.0,12,98.33518
1.0,6,98.383391
-15.0,29,98.449067
1.0,9,98.495974
-1.0,10,98.551713
-1.0,10,98.582759
1.0,5,98.598734
1.0,6,98.617545
1.0,5,98.646155
1.0,8,98.673132
1.0,6,98.692139
1.0,5,98.707123
-1.0,7,98.73278
1.0,8,98.756732
1.0,7,98.777281
1.0,9,98.810584
1.0,5,98.829573
1.0,4,98.844981
1.0,4,98.855648
1.0,5,98.871259
-1.0,9,98.907173
1.0,5,98.934766
-1.0,12,98.989406
1.0,9,99.048096
1.0,5,99.086246
1.0,4,99.100934
-1.0,12,99.144994
-1.0,12,99.186677
1.0,8,99.216407
1.0,6,99.236332
1.0,6,99.253597
1.0,5,99.271853
1.0,4,99.289269
-1.0,9,99.318863
1.0,6,99.337216
1.0,5,99.370463
-1.0,5,99.411506
-1.0,6,99.437384
-11.0,23,99.485461
1.0,6,99.50242
1.0,8,99.532752
1.0,4,99.544768
1.0,6,99.569099
1.0,9,99.599042
1.0,9,99.643673
1.0,5,99.661565
1.0,11,99.694373
1.0,7,99.722778
1.0,7,99.765902
1.0,11,99.799123
1.0,5,99.81215
-8.0,21,99.858621
1.0,6,99.897279
1.0,9,99.96166
1.0,4,99.988349
1.0,6,100.021896
1.0,6,100.048817
1.0,13,100.128596
1.0,5,100.14698
1.0,5,100.166265
1.0,6,100.217371
1.0,5,100.237453
1.0,4,100.250087
1.0,5,100.266955
1.0,5,100.291182
-1.0,12,100.342257
1.0,13,100.377783
1.0,6,100.396834
1.0,10,100.431675
-1.0,10,100.506279
1.0,10,100.543278
1.0,7,100.565336
-1.0,9,100.614528
1.0,5,100.643874
1.0,4,100.666684
-1.0,6,100.69425
1.0,5,100.714045
1.0,5,100.73495
1.0,4,100.746845
1.0,4,100.757327
-1.0,10,100.822096
-1.0,9,100.850748
-1.0,10,100.890275
1.0,5,100.909812
1.0,5,100.930423
1.0,5,100.946877
1.0,7,100.970692
1.0,4,100.98696
1.0,7,101.013776
1.0,7,101.053445
1.0,15,101.11338
1.0,4,101.134682
1.0,4,101.152814
1.0,4,101.16817
1.0,5,101.187562
1.0,4,101.198814
-1.0,12,101.240628
-1.0,9,101.283653
1.0,4,101.299767
-2.0,9,101.326957
1.0,5,101.362412
1.0,6,101.399806
-1.0,8,101.431615
1.0,7,101.470002
1.0,8,101.516588
1.0,9,101.572958
1.0,4,101.589767
1.0,5,101.606759
1.0,9,101.663362
1.0,6,101.704747
1.0,5,101.725706
1.0,4,101.745618
1.0,4,101.774431
1.0,4,101.798098
1.0,5,101.822886
1.0,5,101.840547
-1.0,7,101.88563
1.0,4,101.905741
1.0,8,101.930048
-1.0,11,101.964063
1.0,8,101.999695
1.0,6,102.040814
1.0,5,102.072995
-1.0,10,102.142989
1.0,7,102.176956
1.0,4,102.186328
1.0,8,102.212954
1.0,4,102.233439
1.0,5,102.257405
-1.0,12,102.297045
1.0,8,102.326731
1.0,5,102.343763
-1.0,12,102.405051
1.0,4,102.428642
1.0,5,102.461115
1.0,4,102.49438
1.0,4,102.528922
1.0,4,102.562723
1.0,4,102.594742
1.0,4,102.617751
1.0,8,102.64296
-1.0,11,102.682239
1.0,7,102.700848
1.0,10,102.734321
1.0,12,102.78108
-1.0,6,102.822536
1.0,4,102.854647
-1.0,7,102.899657
1.0,5,102.919086
1.0,7,102.96716
1.0,7,103.002819
1.0,6,103.038018
1.0,7,103.083126
-1.0,5,103.101497
1.0,4,103.111684
1.0,5,103.128098
1.0,6,103.147003
1.0,4,103.157762
1.0,4,103.172107
-1.0,4,103.196419
-2.0,14,103.271739
1.0,5,103.28743
1.0,6,103.303184
1.0,4,103.314882
1.0,4,103.333688
-1.0,6,103.378114
1.0,15,103.469638
1.0,5,103.485038
1.0,5,103.504843
-1.0,10,103.540207
1.0,5,103.559306
1.0,4,103.574057
1.0,7,103.600112
1.0,5,103.619256
1.0,8,103.643505
1.0,5,103.658515
1.0,6,103.6864
1.0,6,103.707409
1.0,4,103.721158
1.0,5,103.740592
1.0,4,103.757318
-60.0,70,103.848508
1.0,4,103.867929
1.0,7,103.89265
1.0,5,103.914654
1.0,4,103.928001
-1.0,12,103.96266
1.0,4,103.976126
1.0,4,103.993153
1.0,4,104.013785
1.0,13,104.1077
1.0,5,104.144032
1.0,4,104.163702
1.0,4,104.175886
1.0,7,104.204034
1.0,8,104.258005
1.0,4,104.295167
1.0,5,104.317757
-1.0,11,104.354334
1.0,4,104.368304
1.0,9,104.399618
1.0,4,104.409807
1.0,5,104.425362
1.0,6,104.441319
1.0,8,104.463492
-1.0,4,104.47585
-1.0,7,104.497253
1.0,6,104.513475
1.0,6,104.532237
-1.0,9,104.557663
1.0,4,104.569825
1.0,4,104.581582
-1.0,10,104.615845
1.0,4,104.633848
1.0,5,104.669026
1.0,8,104.704776
-1.0,9,104.735432
1.0,8,104.758593
1.0,6,104.779932
1.0,5,104.795839
1.0,5,104.813443
1.0,6,104.833515
1.0,4,104.846125
1.0,4,104.858816
1.0,5,104.875425
1.0,10,104.902275
1.0,5,104.919716
-1.0,11,104.952971
1.0,7,104.974178
1.0,5,104.987213
1.0,4,105.001394
1.0,7,105.025178
1.0,4,105.046529
1.0,7,105.075667
1.0,7,105.097059
1.0,6,105.116446
1.0,10,105.156368
1.0,5,105.171543
1.0,5,105.186659
1.0,6,105.207613
1.0,6,105.230085
1.0,4,105.244468
1.0,11,105.281412
1.0,9,105.304046
-1.0,11,105.337118
1.0,4,105.34993
-1.0,7,105.393552
-1.0,9,105.430053
-1.0,7,105.459769
1.0,9,105.492176
1.0,6,105.509755
1.0,4,105.526743
1.0,9,105.560159
1.0,10,105.591035
1.0,6,105.609681
1.0,9,105.638193
-1.0,8,105.669685
1.0,9,105.694585
1.0,4,105.707313
1.0,5,105.720788
1.0,5,105.74059
-1.0,5,105.75929
1.0,5,105.774817
-1.0,12,105.812649
1.0,4,105.826807
1.0,5,105.840292
1.0,8,105.863137
1.0,8,105.886181
1.0,4,105.901121
1.0,6,105.931501
1.0,5,105.969987
1.0,4,106.015124
1.0,5,106.036145
-1.0,9,106.06755
1.0,7,106.08832
1.0,11,106.118694
-1.0,8,106.151007
1.0,8,106.174703
1.0,5,106.189016
1.0,4,106.20107
1.0,10,106.242858
1.0,4,106.2541
1.0,10,106.2811
-1.0,8,106.306202
-1.0,12,106.345099
-1.0,11,106.426351
1.0,6,106.457102
1.0,5,106.47118
1.0,5,106.488567
1.0,6,106.50873
1.0,9,106.538891
1.0,14,106.580904
-1.0,7,106.608341
1.0,6,106.628149
1.0,6,106.657932
1.0,6,106.692042
1.0,4,106.710347
1.0,8,106.735705
1.0,9,106.76906
1.0,4,106.780917
1.0,4,106.800782
1.0,5,106.83087
1.0,8,106.89485
1.0,4,106.913899
-1.0,4,106.933356
1.0,4,106.943305
1.0,5,106.957258
1.0,8,106.984384
1.0,4,106.998672
1.0,7,107.024395
1.0,4,107.048975
1.0,5,107.085339
1.0,4,107.104412
-55.0,68,107.199795
1.0,6,107.218936
1.0,5,107.233247
1.0,10,107.272342
-1.0,7,107.293061
-1.0,5,107.320933
1.0,6,107.354765
1.0,9,107.420309
1.0,4,107.435567
1.0,12,107.482211
-1.0,10,107.514435
1.0,12,107.555508
1.0,5,107.571661
-1.0,9,107.602641
-1.0,15,107.648187
-1.0,13,107.692926
1.0,5,107.714961
1.0,5,107.728979
1.0,6,107.744985
-1.0,7,107.771443
-1.0,11,107.80757
1.0,4,107.819876
-1.0,8,107.850897
-1.0,9,107.889964
1.0,6,107.912929
-1.0,10,107.948647
1.0,4,107.971575
-1.0,4,107.998615
1.0,5,108.019419
1.0,8,108.041447
1.0,4,108.055973
1.0,12,108.133223
-1.0,7,108.179577
1.0,10,108.213614
1.0,4,108.230305
1.0,6,108.250787
1.0,4,108.262965
1.0,6,108.282636
1.0,7,108.322404
1.0,8,108.363741
-1.0,11,108.396859
1.0,8,108.422392
1.0,6,108.441699
1.0,4,108.459064
1.0,15,108.512838
-1.0,9,108.540766
-1.0,8,108.569474
1.0,9,108.604906
1.0,4,108.617666
1.0,4,108.633262
1.0,11,108.671163
1.0,4,108.687049
1.0,5,108.705164
1.0,5,108.721159
1.0,5,108.735989
1.0,6,108.763594
1.0,7,108.788987
-1.0,9,108.816551
1.0,8,108.844532
1.0,5,108.874279
1.0,5,108.893187
-6.0,21,108.998032
1.0,6,109.015735
-1.0,9,109.058045
1.0,5,109.078523
1.0,4,109.090304
1.0,9,109.118742
1.0,8,109.15716
1.0,5,109.168856
1.0,12,109.201931
1.0,6,109.221259
1.0,5,109.255772
1.0,4,109.28366
-1.0,9,109.347516
1.0,4,109.364904
1.0,6,109.385894
0.0,10,109.414365
1.0,5,109.428138
-1.0,9,109.46095
1.0,6,109.481078
1.0,4,109.493544
1.0,6,109.512141
1.0,5,109.533538
1.0,4,109.554311
-1.0,7,109.582394
1.0,10,109.613555
-1.0,8,109.644428
-1.0,10,109.725207
1.0,11,109.789717
1.0,8,109.817719
1.0,5,109.834765
-53.0,66,109.921746
1.0,9,109.95813
1.0,5,109.974033
1.0,4,109.994063
1.0,4,110.009864
1.0,5,110.024554
-1.0,9,110.056203
1.0,4,110.067978
1.0,11,110.107208
1.0,9,110.138517
-1.0,9,110.166897
1.0,5,110.185097
-1.0,7,110.212893
1.0,9,110.272094
1.0,7,110.298559
-1.0,9,110.332943
1.0,5,110.348816
1.0,4,110.360552
1.0,4,110.375095
-1.0,11,110.406277
1.0,4,110.422008
1.0,5,110.436617
1.0,4,110.448866
1.0,4,110.462989
1.0,6,110.481563
1.0,4,110.497799
-1.0,4,110.524426
1.0,7,110.548984
1.0,5,110.564711
1.0,4,110.575322
1.0,6,110.615131
1.0,9,110.672761
1.0,4,110.693236
1.0,4,110.705224
1.0,4,110.717072
1.0,10,110.743952
1.0,5,110.759368
1.0,5,110.771528
1.0,7,110.787623
1.0,8,110.810163
-1.0,8,110.843303
1.0,5,110.858378
-1.0,9,110.886853
1.0,4,110.900705
1.0,4,110.919026
1.0,4,110.931643
1.0,11,110.963259
1.0,4,110.975302
1.0,5,110.992452
1.0,4,111.004538
1.0,4,111.015381
1.0,7,111.063063
1.0,4,111.097225
-1.0,4,111.118349
1.0,7,111.144191
1.0,5,111.159154
1.0,4,111.174172
1.0,4,111.187148
1.0,7,111.209152
1.0,4,111.221655
1.0,4,111.236651
1.0,4,111.254426
-1.0,8,111.290362
1.0,4,111.303575
-2.0,8,111.329904
0.0,15,111.382658
1.0,10,111.412115
1.0,5,111.427456
1.0,7,111.454
-1.0,6,111.475264
-1.0,9,111.503147
1.0,7,111.526173
1.0,6,111.543725
-1.0,9,111.573563
1.0,4,111.587307
1.0,5,111.604375
1.0,5,111.625276
1.0,4,111.637788
1.0,4,111.650337
1.0,5,111.664792
-1.0,9,111.695874
1.0,10,111.726443
1.0,12,111.787759
-1.0,6,111.813574
1.0,7,111.837608
1.0,4,111.849195
-1.0,10,111.888891
1.0,5,111.906077
-1.0,8,111.93636
1.0,4,111.954445
1.0,4,111.970544
1.0,5,111.988654
1.0,4,112.005887
1.0,4,112.023893
1.0,4,112.039961
1.0,11,112.077449
1.0,5,112.093293
1.0,7,112.114322
1.0,4,112.124644
1.0,8,112.147606
1.0,7,112.170633
1.0,4,112.181227
1.0,4,112.194535
-1.0,10,112.228287
1.0,5,112.245112
1.0,4,112.256461
1.0,4,112.269533
1.0,4,112.283481
1.0,4,112.317189
0.0,10,112.354842
1.0,4,112.367619
1.0,4,112.379407
-1.0,10,112.422746
1.0,4,112.433996
1.0,5,112.451998
1.0,5,112.469743
1.0,4,112.496252
1.0,8,112.537902
1.0,4,112.551507
-1.0,9,112.576078
1.0,10,112.612361
1.0,4,112.623528
1.0,4,112.634817
1.0,4,112.645906
1.0,6,112.666587
1.0,7,112.687053
-1.0,9,112.716553
1.0,5,112.73108
1.0,10,112.771163
1.0,6,112.788939
1.0,4,112.800305
1.0,4,112.812666
1.0,8,112.839597
1.0,5,112.858691
1.0,4,112.870624
1.0,4,112.883266
-1.0,11,112.917611
1.0,4,112.929643
1.0,6,112.969584
1.0,4,112.98082
1.0,4,112.996805
1.0,7,113.020921
1.0,5,113.037627
1.0,9,113.065335
1.0,4,113.080185
1.0,8,113.106946
1.0,5,113.12115
1.0,5,113.137123
1.0,6,113.159117
1.0,5,113.175814
1.0,5,113.195757
1.0,5,113.213382
1.0,9,113.247406
1.0,4,113.262571
1.0,8,113.288576
1.0,5,113.305638
1.0,6,113.328311
1.0,10,113.356225
1.0,8,113.381528
-1.0,6,113.404912
1.0,11,113.444777
1.0,4,113.473662
1.0,4,113.4963
1.0,5,113.517255
1.0,4,113.533707
1.0,4,113.544769
1.0,6,113.562144
1.0,4,113.575781
1.0,13,113.618123
1.0,4,113.628612
1.0,6,113.652157
-34.0,45,113.731179
1.0,5,113.75054
1.0,5,113.763959
1.0,8,113.787039
1.0,7,113.815812
1.0,9,113.84647
1.0,8,113.869573
1.0,4,113.881646
1.0,4,113.893824
1.0,4,113.909526
1.0,4,113.921344
1.0,4,113.931858
1.0,4,113.943539
1.0,6,113.962974
-1.0,7,113.986192
1.0,4,113.997997
1.0,4,114.009704
1.0,7,114.059309
1.0,4,114.077574
1.0,10,114.107757
1.0,9,114.136774
1.0,4,114.148796
-1.0,8,114.1881
1.0,4,114.202048
-1.0,11,114.234156
1.0,7,114.259771
1.0,7,114.281657
-1.0,8,114.305585
1.0,8,114.354937
1.0,6,114.379961
1.0,5,114.396391
1.0,4,114.406005
1.0,6,114.424015
1.0,6,114.447496
1.0,4,114.459038
1.0,4,114.467368
1.0,5,114.480526
-1.0,12,114.520515
-1.0,8,114.541245
1.0,7,114.560299
1.0,4,114.572796
1.0,5,114.58897
1.0,4,114.600935
1.0,6,114.617476
1.0,13,114.660461
1.0,4,114.676351
1.0,4,114.690267
1.0,5,114.704681
-1.0,8,114.727619
1.0,4,114.740616
1.0,7,114.764787
1.0,13,114.800105
-1.0,7,114.823443
1.0,9,114.855657
1.0,4,114.867371
1.0,7,114.889352
1.0,7,114.906959
-1.0,9,114.944264
1.0,4,114.955315
1.0,5,114.970469
1.0,4,114.981681
1.0,4,114.997258
1.0,6,115.016178
1.0,4,115.02768
1.0,9,115.058775
1.0,5,115.075817
-36.0,46,115.136997
1.0,6,115.154124
1.0,8,115.180691
1.0,5,115.196816
1.0,5,115.209375
1.0,4,115.221804
1.0,4,115.242441
1.0,8,115.278428
-14.0,23,115.326645
-1.0,5,115.341908
1.0,5,115.364889
1.0,4,115.38842
1.0,7,115.419725
1.0,6,115.437649
1.0,7,115.482567
1.0,5,115.515518
-1.0,9,115.54737
-1.0,8,115.572287
1.0,5,115.590815
1.0,4,115.608866
1.0,9,115.63878
1.0,4,115.650704
1.0,4,115.66027
1.0,4,115.673894
-1.0,9,115.70163
1.0,4,115.714968
1.0,10,115.745191
1.0,4,115.759002
-1.0,7,115.814476
1.0,4,115.838805
1.0,7,115.866161
1.0,4,115.880593
1.0,4,115.889854
1.0,5,115.903582
1.0,9,115.930454
1.0,9,115.962265
1.0,7,115.98087
1.0,5,115.997556
1.0,8,116.022004
1.0,4,116.035783
1.0,4,116.046608
-1.0,13,116.082269
-1.0,9,116.1037
-1.0,12,116.137115
1.0,11,116.166613
1.0,4,116.178411
1.0,4,116.188403
1.0,4,116.2012
-24.0,34,116.247064
1.0,4,116.259561
1.0,4,116.271779
1.0,6,116.293772
1.0,4,116.305431
-1.0,9,116.32999
1.0,6,116.349334
-1.0,6,116.372626
1.0,4,116.384901
-1.0,4,116.397947
-1.0,4,116.407922
-1.0,11,116.449497
1.0,5,116.461071
1.0,12,116.494985
1.0,10,116.523386
1.0,5,116.541643
1.0,11,116.573373
1.0,5,116.587763
1.0,4,116.599489
1.0,4,116.611566
-66.0,83,116.721453
1.0,8,116.746833
1.0,6,116.765028
1.0,4,116.778859
1.0,5,116.793249
1.0,5,116.808766
1.0,4,116.820883
1.0,4,116.839157
1.0,4,116.854226
1.0,13,116.895634
1.0,4,116.908518
1.0,4,116.922859
1.0,8,116.95444
1.0,4,116.970242
1.0,4,116.985826
-1.0,11,117.032997
1.0,4,117.044358
-1.0,10,117.07766
1.0,9,117.106364
1.0,11,117.142716
1.0,5,117.159167
-1.0,9,117.193709
-1.0,10,117.23189
1.0,7,117.322692
1.0,6,117.351905
1.0,4,117.366395
1.0,5,117.385226
-1.0,9,117.421499
1.0,10,117.462622
1.0,10,117.508255
1.0,5,117.528761
1.0,7,117.557689
1.0,6,117.580066
1.0,4,117.59602
-1.0,6,117.616977
1.0,4,117.632296
1.0,5,117.652194
1.0,4,117.664317
1.0,4,117.679535
1.0,4,117.694456
1.0,4,117.704369
-1.0,5,117.720198
1.0,4,117.735852
1.0,12,117.783778
1.0,5,117.800654
1.0,5,117.81898
1.0,4,117.831919
1.0,4,117.846844
1.0,6,117.865485
1.0,4,117.880085
1.0,4,117.890432
1.0,5,117.909784
1.0,4,117.920883
-1.0,6,117.940624
1.0,4,117.956949
1.0,4,117.971579
1.0,6,117.993383
-1.0,4,118.011052
1.0,6,118.028765
1.0,4,118.042471
1.0,4,118.053906
-1.0,9,118.080576
1.0,5,118.098419
1.0,4,118.115702
1.0,4,118.132251
-1.0,10,118.19458
1.0,7,118.245255
1.0,10,118.324756
1.0,7,118.3761
-1.0,7,118.412091
1.0,5,118.4273
-1.0,12,118.468156
1.0,6,118.488718
1.0,8,118.520545
1.0,4,118.534719
1.0,4,118.550544
1.0,6,118.568388
-1.0,11,118.612924
1.0,5,118.628077
1.0,6,118.657124
1.0,5,118.673476
1.0,6,118.690646
1.0,4,118.704016
1.0,8,118.734894
1.0,4,118.756098
1.0,4,118.784254
1.0,10,118.853543
1.0,6,118.89833
-1.0,6,118.940801
1.0,5,118.964275
1.0,7,118.991021
1.0,4,119.002509
1.0,7,119.03278
1.0,4,119.047278
1.0,4,119.059902
1.0,4,119.074708
1.0,8,119.102087
1.0,4,119.122535
1.0,5,119.151567
-1.0,11,119.197863
1.0,8,119.2439
1.0,8,119.285209
1.0,11,119.32318
1.0,6,119.350802
-1.0,6,119.369991
1.0,8,119.396991
-1.0,7,119.444186
1.0,6,119.497256
1.0,5,119.532185
-1.0,8,119.572412
1.0,15,119.6135
1.0,5,119.634635
1.0,4,119.647639
1.0,5,119.663855
-1.0,9,119.691681
1.0,6,119.714552
1.0,5,119.73085
-1.0,7,119.752641
1.0,4,119.766056
1.0,7,119.791285
1.0,6,119.808812
1.0,4,119.82223
1.0,5,119.836411
1.0,9,119.880791
1.0,6,119.901061
1.0,6,119.922189
1.0,14,119.96639
1.0,11,120.014313
1.0,10,120.051673
1.0,4,120.065019
1.0,5,120.084874
1.0,11,120.117354
1.0,5,120.139243
1.0,4,120.16786
1.0,9,120.221721
1.0,8,120.29266
1.0,9,120.365103
1.0,11,120.470394
1.0,4,120.490745
1.0,4,120.516409
1.0,6,120.550669
1.0,4,120.576847
1.0,4,120.5997
1.0,8,120.641554
1.0,5,120.669057
-1.0,8,120.705768
-1.0,7,120.727933
1.0,6,120.750116
-1.0,6,120.768323
1.0,4,120.779824
1.0,7,120.8217
1.0,6,120.874508
1.0,5,120.913165
1.0,5,120.95075
1.0,5,120.974881
1.0,8,121.010519
-1.0,6,121.054854
-1.0,10,121.143665
1.0,4,121.169083
1.0,9,121.201462
1.0,4,121.211479
1.0,10,121.248089
-1.0,11,121.302516
1.0,5,121.325219
1.0,8,121.354944
1.0,7,121.387877
1.0,10,121.429418
-1.0,8,121.461324
-1.0,11,121.494931
1.0,6,121.512884
1.0,5,121.528098
1.0,8,121.556726
1.0,5,121.572442
1.0,10,121.606093
1.0,9,121.634358
1.0,4,121.653163
1.0,4,121.66485
1.0,6,121.684907
-1.0,11,121.722632
1.0,8,121.753816
1.0,9,121.812546
1.0,5,121.850327
1.0,4,121.877632
1.0,5,121.920632
1.0,12,121.979139
1.0,5,121.993145
1.0,5,122.007851
-1.0,7,122.043185
1.0,4,122.0609
1.0,5,122.075945
1.0,5,122.092897
1.0,7,122.115846
1.0,5,122.150309
-1.0,9,122.201666
-60.0,75,122.322769
1.0,8,122.393363
1.0,5,122.427946
1.0,5,122.448039
-1.0,7,122.474271
1.0,7,122.499437
1.0,6,122.519821
1.0,7,122.545895
-1.0,13,122.592151
1.0,4,122.611123
1.0,9,122.640527
1.0,7,122.662061
-1.0,7,122.686915
-1.0,11,122.728281
1.0,5,122.743404
1.0,10,122.784358
1.0,4,122.801134
-1.0,7,122.834109
1.0,6,122.858768
-1.0,6,122.88307
1.0,8,122.911183
-1.0,8,122.939765
-1.0,12,122.987537
1.0,6,123.010278
1.0,4,123.023746
1.0,7,123.051373
1.0,8,123.084614
-1.0,14,123.165587
1.0,8,123.204912
1.0,7,123.228174
1.0,8,123.254623
1.0,5,123.268674
1.0,7,123.291172
1.0,5,123.30936
1.0,7,123.333092
-1.0,7,123.353523
1.0,6,123.371843
1.0,5,123.388184
1.0,10,123.416704
1.0,9,123.445982
1.0,6,123.463299
-1.0,11,123.505228
1.0,8,123.534179
-1.0,7,123.560621
1.0,9,123.613879
1.0,6,123.663311
1.0,5,123.68892
1.0,6,123.711322
1.0,5,123.731111
-1.0,7,123.757072
1.0,8,123.790535
-1.0,9,123.826319
1.0,6,123.860819
-1.0,6,123.90378
1.0,10,123.971628
1.0,11,124.008858
1.0,4,124.021702
1.0,5,124.042209
1.0,4,124.057858
1.0,7,124.086931
1.0,9,124.131483
-1.0,6,124.162752
1.0,4,124.185255
1.0,5,124.208726
1.0,10,124.251666
1.0,5,124.276109
1.0,7,124.304804
-37.0,53,124.38212
-1.0,11,124.419383
1.0,4,124.437358
1.0,5,124.455308
-54.0,68,124.663976
1.0,10,124.716748
1.0,7,124.771249
1.0,9,124.83987
1.0,4,124.851907
1.0,4,124.865392
1.0,4,124.880965
1.0,7,124.904399
1.0,6,124.919347
1.0,5,124.936149
1.0,4,124.950534
1.0,8,124.980617
1.0,5,124.996855
1.0,4,125.009594
1.0,5,125.032291
1.0,5,125.045535
1.0,5,125.067283
1.0,6,125.089246
-1.0,9,125.125801
1.0,4,125.152365
1.0,7,125.192573
1.0,7,125.224354
1.0,4,125.247058
1.0,11,125.301308
1.0,4,125.325157
1.0,4,125.350069
1.0,8,125.384372
-1.0,7,125.409698
1.0,7,125.450542
1.0,4,125.472252
1.0,5,125.488238
1.0,7,125.510448
1.0,11,125.5437
-1.0,7,125.573664
1.0,4,125.589048
1.0,4,125.607673
-70.0,81,125.716733
1.0,4,125.728806
1.0,4,125.743278
1.0,4,125.755894
1.0,11,125.810239
1.0,5,125.838659
1.0,4,125.859519
1.0,5,125.875191
1.0,6,125.894871
1.0,12,125.933215
1.0,6,125.955662
1.0,9,125.982182
1.0,7,126.003696
-1.0,7,126.027358
1.0,7,126.053543
1.0,10,126.084167
1.0,4,126.097306
1.0,8,126.118956
1.0,4,126.134432
1.0,6,126.153667
-1.0,9,126.183746
1.0,12,126.223871
1.0,5,126.248468
1.0,5,126.264285
1.0,6,126.285661
1.0,8,126.312158
-1.0,8,126.342366
1.0,5,126.358846
1.0,9,126.385209
1.0,5,126.408162
-1.0,6,126.444468
1.0,4,126.465021
1.0,6,126.499614
-1.0,10,126.575566
1.0,5,126.592463
1.0,4,126.604572
1.0,6,126.625665
1.0,4,126.63707
1.0,7,126.663973
1.0,4,126.681154
1.0,4,126.706946
1.0,4,126.722353
-1.0,12,126.762715
1.0,6,126.780515
-1.0,6,126.799695
1.0,11,126.833322
-1.0,12,126.878359
1.0,5,126.896377
1.0,8,126.925286
1.0,7,126.946516
1.0,8,126.974368
1.0,6,126.994421
1.0,8,127.020588
-1.0,10,127.052631
1.0,5,127.07356
1.0,4,127.083894
1.0,4,127.096232
1.0,6,127.114131
1.0,6,127.138705
1.0,4,127.15103
1.0,9,127.177922
1.0,4,127.190278
1.0,7,127.212065
1.0,4,127.223849
1.0,8,127.249582
1.0,6,127.274819
1.0,9,127.31232
1.0,8,127.344269
1.0,5,127.362616
-1.0,6,127.383665
1.0,4,127.401188
1.0,4,127.413908
1.0,10,127.450096
1.0,6,127.476447
-1.0,6,127.504468
1.0,4,127.522194
1.0,5,127.53657
1.0,4,127.552557
1.0,7,127.577855
1.0,6,127.603168
1.0,7,127.625424
1.0,8,127.647443
1.0,8,127.676105
1.0,5,127.691472
1.0,7,127.713165
1.0,8,127.737393
1.0,4,127.761751
1.0,4,127.778336
1.0,5,127.795419
1.0,10,127.828115
1.0,4,127.845942
1.0,4,127.861529
1.0,6,127.881135
1.0,11,127.914934
-1.0,7,127.944136
-1.0,6,127.967547
1.0,5,127.982158
1.0,4,127.992804
1.0,4,128.009454
1.0,7,128.032041
1.0,5,128.049823
1.0,7,128.083892
1.0,4,128.099561
1.0,4,128.112745
1.0,4,128.126034
1.0,6,128.153239
1.0,4,128.178925
1.0,5,128.202083
1.0,5,128.220477
1.0,5,128.24623
-1.0,7,128.279232
1.0,4,128.291409
1.0,7,128.324376
1.0,9,128.36247
1.0,5,128.379875
-1.0,10,128.416145
1.0,5,128.432218
1.0,4,128.444577
1.0,4,128.463723
1.0,8,128.492004
1.0,4,128.507404
-23.0,38,128.59869
1.0,4,128.613159
1.0,10,128.648512
1.0,9,128.675505
1.0,4,128.687577
-1.0,13,128.738103
1.0,5,128.757883
1.0,4,128.783201
-1.0,12,128.861516
1.0,5,128.881376
1.0,5,128.896073
1.0,10,128.934292
1.0,10,128.965007
1.0,7,128.989816
1.0,5,129.005456
1.0,5,129.022949
1.0,5,129.037266
1.0,4,129.052019
1.0,7,129.075297
1.0,5,129.087171
-1.0,7,129.110113
1.0,4,129.121677
1.0,4,129.133713
1.0,6,129.151614
1.0,4,129.163902
1.0,4,129.176974
1.0,5,129.191264
1.0,7,129.21221
1.0,5,129.225319
-1.0,13,129.270573
1.0,5,129.286014
1.0,7,129.310805
1.0,4,129.352978
1.0,7,129.401698
1.0,4,129.412583
1.0,4,129.426287
1.0,11,129.458461
1.0,8,129.492212
-1.0,8,129.522317
1.0,10,129.568857
-1.0,6,129.591654
-1.0,6,129.615132
1.0,10,129.644928
1.0,8,129.66955
1.0,7,129.693861
-1.0,7,129.721644
1.0,4,129.733499
-20.0,28,129.781493
-1.0,4,129.795907
1.0,5,129.812391
1.0,7,129.83425
-1.0,6,129.851487
1.0,5,129.867369
1.0,5,129.888194
-1.0,9,129.921856
1.0,9,129.97745
1.0,5,130.00888
1.0,7,130.04803
-1.0,11,130.096645
-1.0,10,130.130826
1.0,4,130.14266
1.0,6,130.182486
1.0,4,130.214202
1.0,4,130.242757
-1.0,12,130.326827
1.0,7,130.364482
1.0,4,130.377194
1.0,5,130.393106
1.0,4,130.407712
-58.0,72,130.504063
1.0,9,130.532655
1.0,8,130.558182
1.0,8,130.582698
1.0,4,130.597862
1.0,5,130.614698
1.0,4,130.628453
1.0,7,130.647394
1.0,12,130.685874
1.0,7,130.727119
1.0,6,130.757164
-1.0,8,130.780006
1.0,4,130.795709
1.0,6,130.812436
-1.0,7,130.83476
-1.0,4,130.84717
1.0,7,130.873532
1.0,4,130.883811
1.0,4,130.89581
1.0,9,130.924942
1.0,4,130.943525
1.0,6,130.96171
1.0,10,130.99488
1.0,7,131.014069
1.0,4,131.029457
1.0,6,131.049027
1.0,11,131.084751
-1.0,7,131.106973
-1.0,7,131.13849
1.0,6,131.161064
1.0,7,131.181082
1.0,5,131.198492
1.0,4,131.217154
-1.0,8,131.240331
1.0,9,131.270615
1.0,7,131.294514
1.0,4,131.309393
1.0,4,131.320956
-1.0,10,131.35409
1.0,5,131.369646
1.0,4,131.386398
1.0,9,131.416816
-1.0,12,131.474483
1.0,13,131.527715
-1.0,9,131.559583
1.0,7,131.582551
1.0,6,131.600315
1.0,13,131.641201
1.0,8,131.670489
1.0,4,131.683493
1.0,4,131.695187
-1.0,6,131.71384
1.0,4,131.72825
-1.0,12,131.780113
1.0,4,131.797122
1.0,10,131.827245
1.0,7,131.854913
1.0,5,131.874741
1.0,9,131.900785
1.0,5,131.918533
1.0,6,131.942025
1.0,6,131.960633
1.0,11,132.000319
1.0,4,132.01419
1.0,5,132.031427
-1.0,5,132.05093
-1.0,8,132.075949
-1.0,6,132.100054
1.0,6,132.118003
1.0,10,132.151623
1.0,4,132.16524
-1.0,7,132.192072
1.0,4,132.208344
1.0,9,132.24
-1.0,7,132.261383
1.0,5,132.276118
1.0,10,132.308977
1.0,5,132.325804
-80.0,94,132.477375
1.0,5,132.492294
1.0,4,132.506932
-1.0,5,132.522274
-1.0,8,132.549012
-1.0,4,132.577147
1.0,7,132.634393
1.0,4,132.661654
1.0,10,132.702258
1.0,4,132.714779
1.0,7,132.741663
1.0,8,132.767884
-1.0,8,132.796403
1.0,4,132.808148
1.0,4,132.823473
1.0,4,132.835915
1.0,8,132.893541
1.0,5,132.909897
1.0,6,132.930208
1.0,4,132.940678
1.0,4,132.952162
1.0,5,132.967633
1.0,4,132.983751
1.0,5,132.998089
1.0,5,133.012185
1.0,5,133.025642
1.0,4,133.037998
1.0,4,133.049842
1.0,8,133.074058
-8.0,21,133.116341
1.0,5,133.131694
-1.0,11,133.167919
1.0,8,133.190662
-1.0,9,133.221644
1.0,8,133.251247
1.0,9,133.281447
-1.0,11,133.322282
1.0,5,133.337333
1.0,8,133.365304
1.0,8,133.410395
-1.0,7,133.444569
1.0,7,133.470217
-1.0,7,133.492814
-1.0,7,133.516341
1.0,5,133.529285
1.0,4,133.54169
1.0,4,133.557427
1.0,4,133.569146
1.0,10,133.603328
1.0,4,133.616458
1.0,7,133.640085
1.0,4,133.654914
-1.0,11,133.69414
1.0,4,133.708169
1.0,14,133.783365
-1.0,8,133.8324
1.0,5,133.863354
-1.0,11,133.93614
-1.0,8,133.966756
1.0,6,133.984254
-1.0,10,134.024365
-1.0,10,134.05267
1.0,8,134.0793
1.0,4,134.09115
1.0,5,134.109071
1.0,4,134.119767
1.0,6,134.138491
1.0,5,134.153016
1.0,4,134.167104
1.0,7,134.1916
1.0,5,134.21152
1.0,4,134.22666
1.0,5,134.244913
1.0,5,134.25931
1.0,4,134.273359
1.0,5,134.28524
1.0,4,134.297462
1.0,9,134.322707
1.0,5,134.343249
1.0,4,134.353188
1.0,5,134.376657
-1.0,6,134.40369
-30.0,45,134.474255
-1.0,9,134.504765
-25.0,37,134.632073
1.0,5,134.64736
-1.0,9,134.682502
1.0,10,134.720634
1.0,8,134.757054
-1.0,6,134.805952
1.0,6,134.831997
1.0,15,134.930474
1.0,7,134.974079
1.0,6,135.007302
1.0,4,135.040359
1.0,8,135.094102
1.0,4,135.121872
1.0,4,135.153059
1.0,8,135.193392
-1.0,7,135.242919
1.0,9,135.283087
1.0,7,135.333622
-1.0,9,135.404523
1.0,4,135.435331
1.0,14,135.5504
1.0,5,135.583005
1.0,6,135.635384
1.0,6,135.661785
-1.0,9,135.689887
-1.0,6,135.722802
1.0,6,135.760737
-1.0,6,135.792629
1.0,9,135.822398
-1.0,11,135.872481
1.0,11,135.94098
1.0,8,135.975371
-1.0,10,136.044218
1.0,4,136.06701
1.0,4,136.09223
1.0,9,136.126514
1.0,5,136.140855
1.0,8,136.161846
1.0,8,136.191403
1.0,7,136.215698
1.0,5,136.23087
1.0,11,136.299511
1.0,6,136.32227
1.0,5,136.334533
1.0,8,136.357083
1.0,6,136.378295
1.0,8,136.418798
1.0,5,136.436399
1.0,8,136.465217
1.0,6,136.486346
1.0,9,136.52302
1.0,5,136.539723
1.0,4,136.555218
1.0,4,136.567472
-1.0,8,136.590848
-1.0,8,136.617755
1.0,5,136.633416
1.0,5,136.660574
1.0,7,136.71878
1.0,6,136.764912
1.0,4,136.79569
1.0,4,136.823635
1.0,8,136.861888
1.0,5,136.883097
1.0,8,136.907096
1.0,8,136.935822
1.0,10,136.972438
-1.0,9,137.001029
1.0,4,137.013228
-99.0,110,137.135271
-1.0,9,137.178767
1.0,9,137.209964
1.0,4,137.227873
1.0,4,137.245933
1.0,4,137.261607
1.0,5,137.279818
1.0,4,137.290432
1.0,4,137.30196
1.0,4,137.314262
1.0,5,137.329911
1.0,5,137.348794
1.0,5,137.362472
1.0,4,137.379179
1.0,4,137.394567
1.0,4,137.405979
1.0,7,137.437202
1.0,4,137.453068
1.0,10,137.486926
1.0,9,137.516147
1.0,4,137.528415
1.0,10,137.563735
1.0,4,137.58509
1.0,5,137.618673
1.0,15,137.663891
-1.0,13,137.716676
1.0,17,137.764286
1.0,5,137.782735
1.0,4,137.794603
1.0,8,137.827088
1.0,5,137.84437
1.0,5,137.86627
1.0,9,137.894344
1.0,6,137.91645
1.0,6,137.935125
1.0,5,137.950531
1.0,7,137.977432
1.0,9,138.00811
1.0,5,138.024543
-1.0,12,138.062824
1.0,4,138.079671
1.0,4,138.096125
1.0,4,138.108821
-1.0,9,138.136141
1.0,12,138.176323
1.0,5,138.19224
-1.0,9,138.218774
1.0,9,138.246377
1.0,4,138.258414
1.0,6,138.281599
1.0,7,138.302874
1.0,4,138.312664
1.0,9,138.347984
1.0,5,138.363859
1.0,5,138.381326
1.0,4,138.392949
1.0,4,138.40454
1.0,9,138.438504
-1.0,7,138.461228
1.0,5,138.489018
1.0,4,138.502063
1.0,6,138.521629
1.0,8,138.54856
1.0,6,138.568245
1.0,4,138.578982
1.0,4,138.594346
1.0,12,138.632514
1.0,5,138.647834
1.0,9,138.673616
1.0,7,138.701925
1.0,8,138.727351
1.0,8,138.752926
1.0,6,138.773403
1.0,10,138.810579
1.0,11,138.841648
1.0,12,138.913779
1.0,9,138.946348
1.0,4,138.980217
1.0,5,139.006999
1.0,7,139.042563
1.0,6,139.0847
1.0,8,139.12372
1.0,11,139.155207
1.0,5,139.172732
1.0,6,139.191501
1.0,6,139.21548
-1.0,8,139.242348
-1.0,8,139.263474
1.0,5,139.280068
1.0,4,139.292805
1.0,5,139.304157
1.0,6,139.317689
1.0,8,139.343526
-1.0,9,139.379502
1.0,4,139.391253
1.0,4,139.399896
1.0,4,139.411304
1.0,5,139.432634
1.0,4,139.44316
1.0,5,139.45728
1.0,5,139.471308
1.0,5,139.489127
1.0,5,139.502804
1.0,5,139.517135
1.0,8,139.543591
1.0,6,139.567247
1.0,4,139.579423
-1.0,10,139.610705
-1.0,4,139.623561
1.0,5,139.639975
1.0,8,139.676189
1.0,7,139.716763
1.0,6,139.737431
1.0,8,139.795551
1.0,5,139.811133
1.0,5,139.827387
1.0,5,139.842938
1.0,5,139.864685
1.0,10,139.90168
1.0,10,139.93553
-1.0,10,139.97178
1.0,4,139.986522
1.0,7,140.012151
1.0,5,140.028588
1.0,4,140.041768
-1.0,5,140.061705
1.0,5,140.081342
1.0,4,140.094367
1.0,4,140.107193
1.0,12,140.15623
-1.0,6,140.182801
1.0,8,140.212291
1.0,7,140.234167
-1.0,9,140.266502
1.0,5,140.286596
-1.0,5,140.309874
1.0,8,140.344274
1.0,9,140.382478
-1.0,8,140.416857
1.0,4,140.430152
1.0,5,140.447361
1.0,6,140.474823
1.0,7,140.495725
1.0,4,140.51613
1.0,5,140.540838
1.0,4,140.569165
1.0,9,140.614314
1.0,4,140.633368
1.0,5,140.649095
-1.0,7,140.674635
1.0,4,140.687563
-1.0,7,140.710239
1.0,6,140.72883
1.0,5,140.748711
1.0,7,140.7737
-1.0,10,140.810538
1.0,4,140.823519
1.0,5,140.843004
1.0,4,140.854819
1.0,4,140.867982
1.0,4,140.880795
1.0,8,140.928746
1.0,7,140.957414
1.0,11,140.987525
-1.0,7,141.009284
1.0,4,141.027757
1.0,10,141.058965
1.0,4,141.07294
1.0,4,141.084762
1.0,4,141.103319
1.0,5,141.121623
1.0,5,141.143724
1.0,7,141.17198
1.0,8,141.2167
1.0,5,141.229778
1.0,4,141.243426
-1.0,9,141.293183
1.0,10,141.354745
1.0,5,141.388445
1.0,6,141.431283
1.0,4,141.460536
1.0,11,141.536023
1.0,9,141.579235
-1.0,13,141.618794
1.0,4,141.630762
1.0,5,141.652473
1.0,5,141.666865
1.0,4,141.678337
1.0,5,141.696104
1.0,4,141.713228
1.0,8,141.754019
1.0,7,141.79258
1.0,4,141.810856
-1.0,8,141.842092
1.0,11,141.875822
1.0,5,141.889782
1.0,4,141.90305
-1.0,7,141.926875
1.0,4,141.939535
1.0,5,141.954529
1.0,9,141.98265
1.0,5,142.021635
1.0,4,142.052423
1.0,6,142.072798
1.0,5,142.089403
1.0,9,142.118708
-1.0,8,142.147363
1.0,8,142.175937
1.0,9,142.198003
1.0,8,142.234679
1.0,6,142.256179
1.0,7,142.285246
1.0,4,142.297993
1.0,5,142.329297
1.0,4,142.348053
1.0,7,142.374773
-1.0,11,142.416127
-64.0,79,142.538607
1.0,6,142.558279
1.0,4,142.571381
1.0,4,142.58446
1.0,5,142.604422
1.0,5,142.620671
1.0,4,142.633542
1.0,4,142.646437
1.0,6,142.668458
-1.0,14,142.713311
1.0,4,142.725081
1.0,4,142.740457
1.0,4,142.756087
1.0,5,142.770968
1.0,5,142.785241
1.0,4,142.802875
-1.0,7,142.832412
1.0,4,142.846783
1.0,4,142.864548
1.0,4,142.888067
1.0,5,142.914456
1.0,4,142.927861
1.0,4,142.942797
-1.0,12,142.979946
1.0,4,142.998656
1.0,8,143.039794
1.0,8,143.06549
1.0,6,143.084711
1.0,7,143.109379
1.0,5,143.12519
1.0,9,143.157665
1.0,4,143.171383
-2.0,10,143.20317
1.0,4,143.212825
-1.0,8,143.236164
1.0,5,143.250366
-1.0,6,143.272265
1.0,6,143.292366
1.0,4,143.307779
1.0,6,143.326282
1.0,5,143.344523
1.0,5,143.360171
1.0,7,143.380124
1.0,4,143.392134
1.0,4,143.407161
1.0,5,143.425399
1.0,8,143.453723
1.0,8,143.481113
-1.0,10,143.519709
-1.0,8,143.544794
1.0,7,143.571215
-1.0,9,143.612614
1.0,5,143.639925
1.0,4,143.657916
1.0,11,143.700945
1.0,6,143.721755
1.0,5,143.739574
-1.0,5,143.76069
1.0,6,143.785263
1.0,4,143.799236
1.0,4,143.815463
1.0,5,143.831518
1.0,4,143.845726
1.0,4,143.859784
-1.0,8,143.915987
1.0,5,143.937388
-1.0,8,143.963812
1.0,8,143.991139
1.0,6,144.01552
1.0,6,144.035773
1.0,5,144.055295
1.0,11,144.115843
1.0,11,144.212041
1.0,4,144.244062
1.0,5,144.272018
1.0,6,144.299284
1.0,4,144.315294
1.0,4,144.328621
1.0,11,144.358141
1.0,4,144.370369
-1.0,12,144.408124
-1.0,9,144.436465
1.0,5,144.455317
1.0,4,144.477786
1.0,4,144.51106
1.0,5,144.547344
1.0,9,144.618744
1.0,8,144.651732
-1.0,9,144.695776
1.0,4,144.711082
1.0,5,144.725435
1.0,4,144.73621
-1.0,10,144.824158
1.0,7,144.85898
1.0,4,144.871636
1.0,5,144.898327
1.0,4,144.929346
-1.0,6,144.972963
1.0,10,145.056952
1.0,4,145.079768
1.0,4,145.106587
1.0,4,145.122529
1.0,6,145.155659
1.0,5,145.17534
-1.0,9,145.210968
-1.0,8,145.241547
1.0,9,145.275962
1.0,5,145.292952
1.0,4,145.308637
1.0,7,145.339156
1.0,5,145.357072
-1.0,11,145.39404
1.0,12,145.43529
1.0,5,145.451228
-1.0,12,145.494746
1.0,4,145.51097
-1.0,9,145.553978
1.0,4,145.581591
1.0,6,145.618552
1.0,5,145.644148
1.0,4,145.664541
1.0,4,145.676629
1.0,4,145.687627
-1.0,8,145.713856
1.0,11,145.750805
1.0,9,145.777007
1.0,4,145.789269
1.0,5,145.803638
1.0,4,145.8176
1.0,4,145.829778
-1.0,6,145.848316
1.0,5,145.860216
1.0,9,145.890211
1.0,5,145.909787
1.0,4,145.922056
1.0,6,145.943397
1.0,5,145.959165
1.0,5,145.975783
-1.0,12,146.014034
1.0,4,146.028257
1.0,4,146.042492
-1.0,9,146.07215
1.0,4,146.084358
1.0,5,146.09861
1.0,7,146.12338
1.0,6,146.140764
1.0,4,146.152179
1.0,4,146.163334
1.0,5,146.183223
1.0,5,146.198794
1.0,6,146.215414
-1.0,9,146.251256
1.0,9,146.301684
1.0,5,146.322739
1.0,4,146.353131
-1.0,9,146.390248
1.0,9,146.458009
-17.0,27,146.532158
1.0,5,146.574838
1.0,4,146.593048
1.0,5,146.612336
1.0,10,146.642823
1.0,4,146.654886
1.0,8,146.691794
1.0,13,146.746615
1.0,4,146.77459
1.0,4,146.803885
1.0,4,146.834874
1.0,4,146.872888
1.0,4,146.898095
1.0,4,146.917396
1.0,9,146.953905
1.0,5,146.972616
1.0,8,147.008607
1.0,5,147.043673
1.0,5,147.079877
1.0,7,147.101337
1.0,5,147.123125
1.0,4,147.139429
1.0,4,147.152324
1.0,4,147.16577
1.0,7,147.187326
1.0,4,147.198848
1.0,5,147.218452
1.0,4,147.245231
-2.0,9,147.298315
1.0,4,147.315135
1.0,10,147.390831
1.0,4,147.418393
1.0,9,147.453425
1.0,9,147.481493
1.0,5,147.497761
1.0,7,147.522975
-1.0,10,147.556961
1.0,4,147.568923
1.0,8,147.594633
1.0,5,147.616584
1.0,5,147.632662
1.0,5,147.647711
1.0,8,147.674766
1.0,5,147.697224
-1.0,9,147.729433
1.0,6,147.750713
1.0,6,147.772284
1.0,4,147.788488
1.0,14,147.840591
1.0,4,147.883769
1.0,4,147.902176
1.0,4,147.916651
-1.0,9,147.943314
1.0,8,147.967355
1.0,4,147.980153
-1.0,8,148.008553
1.0,4,148.019721
1.0,4,148.031583
1.0,4,148.043103
1.0,4,148.066987
-1.0,5,148.08523
1.0,4,148.097883
1.0,6,148.118354
1.0,8,148.147908
1.0,5,148.165989
-1.0,12,148.219887
1.0,8,148.250626
1.0,4,148.268842
1.0,4,148.284891
-1.0,10,148.320548
1.0,7,148.340353
1.0,4,148.355007
1.0,4,148.367307
-1.0,11,148.403096
1.0,4,148.414489
1.0,4,148.431859
-1.0,9,148.461736
1.0,4,148.474397
1.0,8,148.499802
1.0,7,148.522508
1.0,4,148.535841
1.0,4,148.547798
-1.0,7,148.572358
1.0,6,148.598933
1.0,4,148.611043
-1.0,7,148.631862
1.0,5,148.649946
-1.0,6,148.669432
1.0,10,148.698083
1.0,8,148.727863
1.0,4,148.74033
1.0,14,148.788513
1.0,5,148.804057
1.0,5,148.822972
1.0,5,148.836587
1.0,4,148.850863
1.0,4,148.86315
1.0,5,148.877746
-27.0,34,148.930381
1.0,9,148.96162
1.0,9,148.990535
1.0,7,149.016963
1.0,5,149.033917
1.0,10,149.069632
1.0,9,149.09505
1.0,4,149.107501
1.0,9,149.136219
-34.0,42,149.200436
1.0,5,149.2178
1.0,5,149.231773
-1.0,11,149.269269
1.0,11,149.308228
1.0,4,149.321357
-1.0,7,149.339171
1.0,8,149.369745
1.0,4,149.385719
1.0,4,149.398231
1.0,6,149.418824
-1.0,8,149.444547
1.0,4,149.460504
1.0,4,149.473899
1.0,4,149.486029
1.0,7,149.509292
1.0,6,149.530635
-1.0,10,149.564463
1.0,8,149.586737
1.0,4,149.598464
-1.0,11,149.634896
1.0,9,149.669943
1.0,5,149.693617
1.0,4,149.705803
1.0,5,149.732013
1.0,10,149.772356
1.0,7,149.79256
1.0,4,149.804693
-1.0,8,149.835187
1.0,6,149.85658
1.0,10,149.889525
1.0,4,149.902024
-50.0,66,150.005313
1.0,6,150.025231
-1.0,5,150.043876
1.0,4,150.055842
1.0,7,150.079232
-1.0,8,150.105518
1.0,4,150.117557
1.0,5,150.135346
1.0,4,150.148621
-1.0,13,150.186411
1.0,5,150.200585
1.0,7,150.225332
1.0,5,150.246043
1.0,4,150.258741
1.0,4,150.27093
1.0,4,150.286087
1.0,8,150.323334
1.0,5,150.337623
1.0,6,150.357553
1.0,8,150.383375
1.0,4,150.404996
1.0,4,150.421417
1.0,5,150.439954
-1.0,8,150.468091
1.0,7,150.527189
1.0,4,150.544496
1.0,5,150.560241
-38.0,53,150.647194
1.0,4,150.66253
1.0,7,150.695798
1.0,5,150.712139
1.0,6,150.737025
1.0,6,150.757385
1.0,5,150.777094
1.0,5,150.795517
1.0,14,150.860312
-1.0,13,150.906583
1.0,8,150.934187
1.0,5,150.957432
1.0,6,150.974936
-1.0,11,151.023393
1.0,4,151.034876
-1.0,7,151.059572
1.0,10,151.092348
1.0,7,151.133921
1.0,9,151.158488
1.0,5,151.178508
1.0,8,151.204652
-1.0,8,151.257881
-1.0,9,151.295618
-1.0,6,151.31528
1.0,5,151.333159
1.0,6,151.354633
1.0,4,151.369128
1.0,5,151.386915
1.0,5,151.404574
1.0,4,151.418795
1.0,6,151.433728
1.0,4,151.445859
1.0,6,151.467587
1.0,9,151.499841
1.0,8,151.523727
1.0,7,151.54623
-1.0,10,151.580832
0.0,13,151.620435
-1.0,9,151.658855
1.0,6,151.676643
1.0,11,151.71062
1.0,6,151.731745
-1.0,15,151.835122
1.0,10,151.905971
-38.0,54,152.00895
1.0,5,152.029184
1.0,15,152.073192
1.0,4,152.082685
1.0,4,152.094503
1.0,6,152.115693
1.0,5,152.129531
1.0,7,152.155636
1.0,4,152.17093
1.0,4,152.186343
1.0,5,152.203449
1.0,8,152.239243
1.0,9,152.269415
-1.0,14,152.349658
1.0,8,152.376174
-1.0,9,152.404176
1.0,11,152.439902
1.0,6,152.463949
1.0,4,152.476123
1.0,12,152.513296
-1.0,11,152.547984
1.0,4,152.564805
1.0,4,152.576635
1.0,4,152.586531
1.0,5,152.600173
1.0,4,152.614613
1.0,5,152.628813
1.0,5,152.652752
1.0,7,152.678356
1.0,12,152.721147
-1.0,7,152.746046
1.0,5,152.761243
1.0,13,152.801632
-1.0,4,152.817305
1.0,6,152.835031
1.0,8,152.886398
1.0,11,152.930299
-1.0,10,152.982264
1.0,4,152.997455
1.0,5,153.01724
1.0,5,153.031981
1.0,6,153.051826
1.0,9,153.083817
-1.0,10,153.122086
1.0,5,153.15666
1.0,8,153.217821
-6.0,18,153.325774
1.0,6,153.369936
1.0,6,153.401043
1.0,7,153.428377
1.0,5,153.443532
1.0,7,153.463977
1.0,12,153.50173
1.0,5,153.522944
1.0,7,153.553869
1.0,5,153.591836
-1.0,6,153.615162
1.0,8,153.645686
-1.0,9,153.677494
1.0,7,153.699992
1.0,5,153.718848
-1.0,6,153.745278
1.0,9,153.777458
1.0,4,153.791478
-6.0,18,153.838371
1.0,5,153.857462
1.0,7,153.874971
1.0,12,153.914
1.0,4,153.927395
1.0,12,153.968361
1.0,8,153.994205
1.0,7,154.016237
-25.0,39,154.074186
-1.0,9,154.107134
1.0,6,154.126091
1.0,9,154.16784
1.0,9,154.203359
1.0,4,154.219431
1.0,11,154.254402
1.0,8,154.279522
1.0,8,154.303542
1.0,9,154.33483
1.0,5,154.349032
1.0,4,154.363248
1.0,10,154.396303
1.0,7,154.424883
1.0,6,154.442016
1.0,6,154.458122
1.0,5,154.473572
1.0,4,154.488034
1.0,10,154.520221
0.0,10,154.546833
1.0,4,154.55912
1.0,6,154.578927
-1.0,10,154.612137
-33.0,41,154.668159
1.0,4,154.680416
1.0,4,154.693019
-1.0,11,154.727977
1.0,8,154.749692
1.0,9,154.779255
1.0,4,154.793934
1.0,9,154.823045
-1.0,5,154.847463
-1.0,10,154.886847
1.0,4,154.90506
1.0,6,154.922807
1.0,11,154.957784
1.0,5,154.972895
1.0,8,155.002783
1.0,10,155.036692
1.0,5,155.051891
1.0,4,155.062373
1.0,7,155.106375
-1.0,14,155.170811
1.0,12,155.209093
1.0,4,155.225597
1.0,4,155.250473
1.0,6,155.278236
-1.0,8,155.303122
1.0,4,155.315805
1.0,5,155.332778
-1.0,7,155.356209
1.0,4,155.368183
1.0,4,155.379672
1.0,4,155.39408
-1.0,7,155.416183
1.0,4,155.444921
1.0,12,155.482825
1.0,4,155.497166
1.0,12,155.53854
1.0,4,155.550444
1.0,7,155.580089
1.0,4,155.602031
1.0,5,155.617034
1.0,9,155.666509
1.0,11,155.730929
1.0,4,155.748838
1.0,9,155.778136
1.0,7,155.798464
1.0,4,155.811608
1.0,7,155.838567
1.0,8,155.867529
1.0,5,155.885165
1.0,6,155.908859
1.0,4,155.923962
1.0,14,155.98254
-1.0,6,156.004956
-1.0,5,156.026597
1.0,4,156.043226
1.0,7,156.072721
1.0,4,156.087037
1.0,6,156.107475
-1.0,8,156.137215
1.0,4,156.151343
1.0,4,156.164231
-1.0,13,156.207674
1.0,7,156.229342
1.0,5,156.262819
1.0,5,156.280274
1.0,4,156.294475
1.0,14,156.334813
-1.0,13,156.425835
1.0,5,156.462203
1.0,4,156.476411
-1.0,12,156.516526
-1.0,7,156.540028
1.0,7,156.559742
-1.0,14,156.601221
1.0,5,156.614485
1.0,11,156.651737
1.0,6,156.667979
1.0,9,156.697378
-1.0,14,156.744105
1.0,9,156.771425
-1.0,9,156.802964
1.0,9,156.828618
1.0,5,156.847369
-1.0,10,156.874331
-1.0,8,156.902704
1.0,5,156.927719
1.0,8,156.98454
1.0,4,156.997806
-1.0,10,157.03279
1.0,4,157.054815
-1.0,6,157.098943
1.0,4,157.113809
1.0,5,157.129944
1.0,7,157.154815
1.0,5,157.177865
1.0,7,157.204494
1.0,6,157.224245
1.0,5,157.241742
-1.0,13,157.285758
1.0,5,157.301032
1.0,6,157.324663
-1.0,7,157.350559
-1.0,11,157.390424
1.0,5,157.406179
1.0,6,157.426205
1.0,4,157.438123
-1.0,11,157.476076
-1.0,6,157.49981
1.0,4,157.512264
1.0,9,157.539715
1.0,6,157.56234
1.0,5,157.579515
1.0,4,157.592033
1.0,5,157.610281
-1.0,8,157.648391
-1.0,11,157.688991
1.0,6,157.7157
1.0,11,157.755934
-1.0,7,157.790567
1.0,10,157.834101
-1.0,7,157.859427
1.0,12,157.903821
1.0,4,157.91963
1.0,5,157.937488
1.0,6,157.957182
1.0,6,157.977627
1.0,4,157.99282
1.0,4,158.004383
1.0,8,158.033145
-1.0,7,158.056827
-1.0,7,158.089416
-1.0,11,158.127361
-1.0,11,158.175377
1.0,4,158.192495
-1.0,12,158.241359
1.0,4,158.257256
1.0,4,158.26937
1.0,6,158.288004
1.0,10,158.32593
1.0,4,158.338302
1.0,9,158.374392
1.0,4,158.386432
1.0,4,158.400706
1.0,5,158.414691
1.0,4,158.430272
1.0,5,158.445276
1.0,7,158.47461
-1.0,12,158.513817
1.0,4,158.5259
1.0,4,158.538088
1.0,5,158.557694
1.0,4,158.570366
1.0,4,158.582342
1.0,11,158.614807
-1.0,5,158.63634
1.0,10,158.705649
1.0,4,158.738819
1.0,5,158.772566
1.0,5,158.79902
1.0,5,158.818501
1.0,6,158.836665
1.0,5,158.851332
1.0,4,158.867818
1.0,5,158.885242
-1.0,7,158.906181
1.0,5,158.922468
-1.0,8,158.952553
1.0,4,158.962659
1.0,8,158.986065
1.0,5,158.999334
1.0,8,159.029208
-1.0,9,159.058565
1.0,5,159.073184
1.0,5,159.087998
-1.0,9,159.119797
1.0,4,159.129477
1.0,4,159.140743
1.0,4,159.152651
1.0,4,159.167206
1.0,4,159.179059
1.0,5,159.196429
1.0,4,159.211429
1.0,4,159.226962
1.0,4,159.239258
1.0,6,159.269853
1.0,5,159.283129
1.0,5,159.30075
1.0,11,159.342798
1.0,5,159.356957
1.0,4,159.372806
1.0,4,159.39017
1.0,13,159.428746
1.0,4,159.44139
1.0,6,159.461466
1.0,4,159.479858
1.0,4,159.491069
1.0,7,159.522226
1.0,5,159.535813
1.0,7,159.558757
-1.0,10,159.596273
1.0,4,159.609441
-1.0,8,159.642457
1.0,6,159.674735
1.0,4,159.694213
-1.0,11,159.726168
1.0,5,159.748932
1.0,10,159.821329
-1.0,9,159.85194
-2.0,12,159.926496
-1.0,7,159.955043
1.0,12,160.008023
1.0,7,160.03297
1.0,4,160.04742
-1.0,9,160.077345
1.0,4,160.092915
1.0,4,160.104929
1.0,9,160.142461
1.0,5,160.17238
1.0,7,160.227986
1.0,5,160.269233
-1.0,9,160.336796
-1.0,6,160.378296
1.0,4,160.402385
1.0,8,160.434594
1.0,4,160.448465
-1.0,9,160.477672
1.0,5,160.496782
1.0,5,160.513448
1.0,4,160.528396
1.0,5,160.547338
1.0,6,160.570534
1.0,7,160.594757
1.0,7,160.616804
1.0,12,160.658131
1.0,9,160.691409
1.0,7,160.715083
1.0,7,160.73756
-1.0,12,160.779128
1.0,6,160.80449
1.0,6,160.822194
1.0,6,160.842436
1.0,5,160.858079
1.0,5,160.873711
1.0,4,160.886898
1.0,6,160.90821
1.0,4,160.926525
1.0,9,160.964206
1.0,5,160.978985
1.0,4,160.99231
1.0,4,161.008788
1.0,4,161.020957
-1.0,5,161.042515
1.0,4,161.056456
-1.0,9,161.107154
1.0,4,161.128804
1.0,6,161.147863
1.0,7,161.173946
-1.0,8,161.200763
1.0,7,161.22665
-9.0,25,161.289953
1.0,5,161.305281
1.0,7,161.328577
-1.0,8,161.358575
1.0,10,161.394073
1.0,6,161.420316
-1.0,7,161.449238
-1.0,11,161.494675
-113.0,125,161.651442
1.0,6,161.668604
1.0,4,161.679081
-1.0,6,161.70378
1.0,5,161.716622
1.0,7,161.740225
1.0,10,161.791674
1.0,5,161.832597
1.0,6,161.857101
1.0,4,161.877686
1.0,8,161.94189
-1.0,6,161.985492
1.0,5,162.004604
1.0,5,162.019214
1.0,9,162.046354
-1.0,8,162.07471
1.0,5,162.094868
1.0,4,162.109069
-1.0,13,162.14801
1.0,4,162.163322
1.0,8,162.212696
1.0,7,162.233229
1.0,5,162.25271
1.0,6,162.289908
1.0,8,162.319616
-1.0,13,162.357175
1.0,7,162.38124
1.0,6,162.4028
1.0,9,162.440418
1.0,5,162.454281
-1.0,9,162.483956
-1.0,6,162.509791
1.0,5,162.524471
1.0,6,162.545028
-1.0,11,162.572416
-1.0,10,162.604436
1.0,10,162.638774
1.0,4,162.652462
1.0,5,162.667887
1.0,4,162.681936
1.0,12,162.716313
1.0,4,162.728216
1.0,8,162.754724
1.0,5,162.772781
1.0,4,162.785462
1.0,5,162.79942
1.0,6,162.820433
1.0,5,162.836486
-1.0,11,162.873687
1.0,6,162.891616
1.0,5,162.907141
1.0,11,162.945319
1.0,6,162.968507
1.0,8,163.005389
1.0,4,163.020936
1.0,11,163.062675
1.0,6,163.091409
-1.0,8,163.124926
-1.0,8,163.160027
-1.0,9,163.194216
1.0,5,163.210441
1.0,7,163.235697
1.0,4,163.250026
1.0,5,163.273057
1.0,4,163.289351
1.0,6,163.403277
1.0,4,163.437181
1.0,4,163.458982
1.0,4,163.47487
1.0,10,163.506426
-1.0,6,163.526617
1.0,5,163.543558
1.0,5,163.558974
1.0,7,163.580437
1.0,6,163.602022
1.0,7,163.623763
1.0,4,163.635155
1.0,4,163.644068
1.0,4,163.65431
-1.0,12,163.695307
1.0,5,163.713672
1.0,12,163.756389
1.0,9,163.785998
-1.0,8,163.812103
-1.0,9,163.848841
1.0,9,163.887108
1.0,5,163.906315
1.0,5,163.929698
1.0,7,163.962811
-1.0,10,163.999307
1.0,5,164.014692
1.0,4,164.031764
1.0,5,164.047353
1.0,5,164.0626
-1.0,8,164.093236
-1.0,13,164.141809
1.0,7,164.169496
1.0,4,164.181396
1.0,4,164.192158
1.0,4,164.205606
-1.0,7,164.233409
1.0,5,164.248188
-1.0,6,164.268229
1.0,5,164.292109
-1.0,7,164.314568
-1.0,6,164.334239
1.0,8,164.359798
1.0,4,164.375382
1.0,12,164.419431
1.0,4,164.433936
1.0,4,164.446002
1.0,4,164.470272
-1.0,10,164.496683
1.0,8,164.522873
1.0,4,164.534805
1.0,6,164.557859
-1.0,8,164.587646
1.0,8,164.619175
1.0,5,164.635547
1.0,14,164.690045
-1.0,9,164.719534
-1.0,9,164.748392
-1.0,7,164.773314
1.0,7,164.798623
1.0,5,164.814072
1.0,9,164.841651
1.0,6,164.862942
1.0,5,164.883589
1.0,4,164.897467
-1.0,10,164.926439
1.0,4,164.938464
1.0,9,164.978254
1.0,5,164.991215
-1.0,10,165.026795
1.0,6,165.047343
1.0,5,165.066295
-1.0,15,165.109524
1.0,6,165.126835
1.0,6,165.146777
1.0,7,165.17264
1.0,6,165.189638
1.0,9,165.218587
1.0,5,165.235396
-1.0,11,165.275434
-1.0,10,165.30935
1.0,8,165.338673
1.0,11,165.376227
1.0,6,165.395409
-94.0,110,165.539658
1.0,4,165.553366
-1.0,10,165.588668
1.0,5,165.603465
1.0,7,165.627473
1.0,4,165.639572
1.0,4,165.653491
0.0,12,165.703716
1.0,4,165.717577
1.0,4,165.732929
-1.0,7,165.757238
1.0,7,165.787467
-1.0,7,165.809682
1.0,7,165.833036
1.0,7,165.857698
1.0,4,165.874521
-1.0,9,165.905253
-1.0,8,165.930996
1.0,5,165.945561
-1.0,6,165.968978
1.0,10,165.998883
1.0,4,166.015334
-1.0,12,166.073326
1.0,4,166.091434
1.0,11,166.145193
1.0,4,166.175027
1.0,9,166.234915
1.0,4,166.262837
-1.0,6,166.297425
1.0,6,166.329283
1.0,4,166.374195
1.0,5,166.405731
1.0,4,166.417878
1.0,4,166.429967
1.0,4,166.440839
1.0,5,166.468912
1.0,4,166.499702
1.0,4,166.522109
1.0,8,166.550293
1.0,8,166.615433
1.0,5,166.643148
1.0,7,166.671567
1.0,5,166.689603
1.0,8,166.72419
1.0,4,166.73757
1.0,4,166.749514
1.0,6,166.770038
1.0,4,166.786178
1.0,4,166.798129
1.0,4,166.81037
1.0,4,166.824077
-1.0,6,166.844281
1.0,4,166.858465
1.0,4,166.870708
1.0,12,166.910649
1.0,5,166.927403
1.0,4,166.940941
-1.0,11,166.975255
1.0,6,167.002878
1.0,7,167.03548
1.0,5,167.054171
1.0,6,167.069544
1.0,5,167.084975
1.0,4,167.100299
-1.0,9,167.132146
1.0,4,167.143059
1.0,4,167.156353
1.0,8,167.184493
1.0,4,167.197585
-1.0,7,167.224798
1.0,4,167.239103
1.0,5,167.260287
1.0,5,167.27475
1.0,6,167.293399
1.0,8,167.319732
-1.0,6,167.346447
1.0,7,167.373218
-1.0,6,167.39265
1.0,6,167.417808
1.0,6,167.442655
1.0,7,167.468095
1.0,5,167.48308
1.0,5,167.498471
1.0,7,167.528085
1.0,6,167.551527
1.0,7,167.578346
1.0,5,167.597337
1.0,8,167.633392
1.0,9,167.659341
-68.0,86,167.76881
1.0,4,167.779626
1.0,5,167.799657
1.0,10,167.830943
1.0,8,167.852749
1.0,4,167.864774
-1.0,9,167.904382
1.0,4,167.922031
-1.0,13,167.975517
1.0,8,168.005689
1.0,5,168.020654
-1.0,10,168.053597
1.0,4,168.068678
1.0,6,168.093064
1.0,5,168.114223
1.0,5,168.129662
1.0,4,168.141544
1.0,4,168.156893
1.0,4,168.172925
1.0,4,168.186951
1.0,7,168.215352
1.0,4,168.22778
1.0,6,168.249465
1.0,10,168.279332
1.0,5,168.292577
1.0,6,168.314726
1.0,5,168.334451
1.0,9,168.358669
1.0,5,168.37606
1.0,10,168.404578
1.0,5,168.424659
-1.0,7,168.484504
1.0,4,168.502203
1.0,8,168.526163
1.0,8,168.554592
1.0,6,168.574799
1.0,8,168.598551
1.0,7,168.619451
1.0,5,168.641555
1.0,5,168.656023
1.0,6,168.67713
-1.0,7,168.706072
-1.0,10,168.745324
1.0,9,168.776257
1.0,4,168.790502
1.0,6,168.80926
1.0,6,168.836634
1.0,5,168.854939
1.0,6,168.872794
1.0,7,168.899883
-1.0,11,168.940381
1.0,5,168.956717
-1.0,8,168.983914
1.0,5,169.002045
1.0,4,169.015875
1.0,6,169.036925
1.0,6,169.062462
1.0,4,169.073515
0.0,14,169.114784
-1.0,8,169.141699
1.0,4,169.153509
1.0,4,169.165443
1.0,4,169.181051
1.0,5,169.194945
1.0,7,169.2452
1.0,9,169.275354
-246.0,266,169.572332
-1.0,15,169.61713
1.0,4,169.629839
-1.0,13,169.670572
-1.0,9,169.712306
1.0,6,169.734538
1.0,5,169.750385
1.0,6,169.766074
-1.0,7,169.789426
-1.0,8,169.819235
1.0,5,169.836999
-1.0,7,169.861319
1.0,4,169.879703
-1.0,10,169.911597
1.0,5,169.92736
1.0,5,169.939953
1.0,12,169.980501
-1.0,11,170.015438
1.0,4,170.035809
-1.0,13,170.105899
1.0,4,170.121852
1.0,9,170.159923
1.0,6,170.207264
1.0,5,170.235919
1.0,4,170.254663
1.0,4,170.271703
1.0,5,170.286993
1.0,4,170.302649
1.0,4,170.328398
1.0,4,170.356596
1.0,4,170.379523
1.0,6,170.403627
1.0,5,170.428005
1.0,8,170.452668
1.0,4,170.468401
1.0,12,170.522544
-1.0,5,170.538787
1.0,5,170.557311
1.0,8,170.583012
-1.0,14,170.683314
1.0,4,170.697498
-1.0,7,170.725025
1.0,4,170.740303
1.0,4,170.754525
1.0,4,170.771121
1.0,5,170.785765
1.0,8,170.810816
1.0,6,170.8369
1.0,10,170.869963
-38.0,54,170.954756
1.0,7,170.972389
1.0,5,170.987439
1.0,6,171.017644
1.0,4,171.035743
1.0,4,171.064819
1.0,4,171.092857
1.0,10,171.139788
1.0,4,171.152112
1.0,13,171.193566
1.0,9,171.215863
1.0,5,171.241148
1.0,5,171.281204
1.0,5,171.321263
1.0,4,171.353391
1.0,6,171.399076
1.0,4,171.432711
1.0,6,171.470313
1.0,6,171.489132
-30.0,45,171.611969
1.0,11,171.691214
1.0,5,171.70978
1.0,7,171.729508
1.0,7,171.753907
1.0,5,171.770069
1.0,4,171.785419
1.0,12,171.817873
1.0,4,171.831365
1.0,5,171.844061
1.0,5,171.858334
1.0,4,171.871981
1.0,4,171.891331
1.0,4,171.903327
-1.0,8,171.938644
1.0,5,171.959946
1.0,4,171.990226
1.0,4,172.012297
1.0,4,172.027113
1.0,8,172.05168
1.0,4,172.068478
1.0,6,172.088642
-1.0,5,172.103641
1.0,9,172.132583
1.0,10,172.170161
1.0,4,172.180389
1.0,7,172.20204
-1.0,14,172.244343
1.0,4,172.256299
-55.0,63,172.330762
-1.0,12,172.365332
1.0,8,172.389681
1.0,5,172.406954
-1.0,7,172.432338
1.0,4,172.445179
-1.0,11,172.4834
-1.0,6,172.506772
1.0,7,172.532135
1.0,8,172.554191
-1.0,6,172.573141
1.0,7,172.598868
1.0,7,172.642164
1.0,8,172.682256
1.0,6,172.697201
1.0,4,172.712267
1.0,5,172.726699
1.0,7,172.748686
-1.0,7,172.771803
-1.0,13,172.817118
-1.0,6,172.841747
-1.0,7,172.863205
1.0,5,172.880206
1.0,7,172.910308
1.0,7,172.933231
-1.0,7,172.958122
1.0,4,172.971006
1.0,10,173.007385
1.0,9,173.036866
-1.0,8,173.063515
-1.0,6,173.081712
1.0,4,173.099322
1.0,4,173.112234
1.0,4,173.128649
1.0,6,173.14873
1.0,5,173.166247
1.0,7,173.190387
1.0,6,173.207347
-1.0,11,173.244451
-108.0,122,173.393223
-1.0,10,173.425432
-2.0,10,173.462267
1.0,7,173.484643
1.0,6,173.507186
1.0,7,173.52671
-30.0,37,173.604901
-1.0,5,173.626138
1.0,6,173.654599
1.0,8,173.688399
-1.0,10,173.73246
1.0,6,173.749942
-1.0,5,173.770252
-1.0,6,173.790842
1.0,4,173.804136
-1.0,11,173.841633
-1.0,8,173.867124
1.0,4,173.878173
-1.0,10,173.907607
1.0,10,173.949805
1.0,4,173.970578
1.0,6,173.986724
1.0,5,174.002609
1.0,4,174.014968
1.0,5,174.033765
-1.0,6,174.051802
1.0,5,174.068335
1.0,4,174.080355
-1.0,7,174.104988
1.0,4,174.121013
-1.0,7,174.164163
1.0,9,174.223981
1.0,5,174.261505
-1.0,12,174.30745
1.0,4,174.319161
1.0,8,174.349884
1.0,6,174.375838
1.0,5,174.391572
1.0,4,174.403957
1.0,4,174.415894
1.0,8,174.442543
-1.0,9,174.467927
-1.0,12,174.502867
1.0,7,174.523235
1.0,9,174.563872
1.0,4,174.576654
1.0,4,174.589411
1.0,5,174.604177
1.0,7,174.628999
1.0,4,174.640591
1.0,5,174.655913
-1.0,5,174.675945
-1.0,8,174.704668
1.0,5,174.719755
1.0,4,174.735054
1.0,5,174.754378
1.0,6,174.773752
1.0,9,174.798625
1.0,5,174.824354
1.0,9,174.859157
1.0,7,174.889361
1.0,4,174.901856
1.0,6,174.917483
1.0,7,174.937298
1.0,5,174.953775
-1.0,4,174.968087
1.0,15,175.052075
1.0,10,175.08635
1.0,6,175.114588
1.0,7,175.142326
1.0,5,175.159423
1.0,8,175.188984
1.0,4,175.204393
1.0,5,175.21926
1.0,4,175.237195
-1.0,7,175.288196
1.0,9,175.349261
1.0,5,175.388853
1.0,6,175.418113
1.0,10,175.450232
1.0,4,175.470502
1.0,4,175.486049
1.0,5,175.503705
0.0,18,175.553026
1.0,9,175.583138
1.0,5,175.600213
1.0,9,175.630552
1.0,4,175.642672
-1.0,7,175.699438
1.0,6,175.720569
-1.0,9,175.749206
1.0,6,175.769526
1.0,9,175.799103
-1.0,10,175.830762
1.0,6,175.848491
1.0,4,175.860511
1.0,4,175.876084
1.0,5,175.890739
-1.0,8,175.917609
-1.0,10,175.952562
1.0,6,175.972705
1.0,6,176.008591
1.0,7,176.034567
1.0,6,176.050999
1.0,4,176.065342
-2.0,15,176.108225
-1.0,9,176.137
-1.0,9,176.166484
1.0,5,176.187934
-1.0,6,176.209007
-1.0,5,176.22547
1.0,5,176.240519
1.0,4,176.264817
1.0,13,176.332203
1.0,4,176.361027
-1.0,14,176.421314
1.0,6,176.447351
-1.0,6,176.464103
1.0,7,176.482134
1.0,7,176.503887
-1.0,5,176.521889
1.0,4,176.533121
1.0,6,176.574157
1.0,5,176.602105
-1.0,10,176.64165
1.0,7,176.662484
1.0,7,176.685458
1.0,5,176.700266
1.0,7,176.732722
1.0,10,176.766774
1.0,4,176.779998
-1.0,10,176.813883
-1.0,11,176.848598
1.0,8,176.873512
1.0,4,176.885431
-1.0,12,176.917912
1.0,5,176.937082
-1.0,9,176.966686
1.0,6,176.994719
1.0,6,177.013511
1.0,4,177.028278
1.0,4,177.039128
1.0,4,177.053584
1.0,10,177.092789
1.0,7,177.118249
1.0,8,177.140054
-1.0,8,177.168496
1.0,8,177.191589
1.0,5,177.210084
-4.0,18,177.254416
1.0,4,177.266714
1.0,8,177.292692
1.0,6,177.331007
-1.0,8,177.392016
1.0,9,177.423465
1.0,4,177.435988
1.0,11,177.473401
1.0,9,177.501507
1.0,8,177.525968
1.0,6,177.544425
1.0,5,177.564104
-1.0,9,177.593939
1.0,6,177.615039
1.0,4,177.627937
-1.0,6,177.655555
1.0,5,177.673085
-1.0,8,177.702121
1.0,5,177.719292
1.0,4,177.732671
1.0,8,177.755469
1.0,5,177.772199
1.0,5,177.786395
1.0,5,177.804159
1.0,5,177.819472
1.0,6,177.840324
1.0,6,177.859617
1.0,6,177.886938
-1.0,12,177.929059
1.0,5,177.944677
1.0,11,177.977714
-1.0,13,178.021218
1.0,9,178.074064
1.0,4,178.105339
1.0,4,178.124183
1.0,5,178.147849
1.0,5,178.159454
1.0,4,178.171822
1.0,4,178.185792
1.0,7,178.209742
1.0,10,178.241429
1.0,4,178.253798
-1.0,6,178.270622
1.0,7,178.292788
-1.0,7,178.320924
1.0,5,178.337228
1.0,5,178.357756
1.0,9,178.386762
1.0,7,178.408855
1.0,5,178.432604
-1.0,9,178.485521
1.0,11,178.523965
1.0,4,178.539452
1.0,6,178.555297
1.0,5,178.570946
1.0,13,178.653515
-1.0,6,178.672065
1.0,5,178.689267
1.0,5,178.701561
1.0,6,178.722688
1.0,6,178.746433
1.0,7,178.772506
1.0,5,178.790343
1.0,6,178.80996
-48.0,61,178.903843
1.0,7,178.930448
-1.0,11,178.969681
1.0,9,179.003629
1.0,6,179.02408
1.0,4,179.036814
1.0,5,179.052358
1.0,7,179.079166
1.0,6,179.096205
1.0,8,179.119405
1.0,11,179.147852
-17.0,30,179.215465
-1.0,13,179.255837
1.0,8,179.280752
1.0,12,179.321618
1.0,10,179.356309
-1.0,11,179.400696
1.0,7,179.425211
-1.0,7,179.446967
1.0,5,179.464962
1.0,8,179.499717
-1.0,6,179.528249
1.0,8,179.561818
1.0,8,179.591169
-1.0,8,179.617107
1.0,4,179.62897
1.0,7,179.652806
1.0,4,179.671218
1.0,4,179.692358
-1.0,10,179.754073
-1.0,7,179.795462
1.0,9,179.84129
1.0,5,179.864745
1.0,5,179.88378
1.0,6,179.90556
1.0,5,179.927592
1.0,11,179.966533
1.0,8,179.99525
1.0,5,180.012671
-1.0,6,180.034184
1.0,9,180.065818
1.0,8,180.092177
1.0,5,180.108464
1.0,9,180.138427
1.0,4,180.151425
1.0,5,180.167133
-1.0,7,180.190676
1.0,5,180.209352
1.0,8,180.236122
1.0,9,180.268954
1.0,4,180.279012
1.0,4,180.291891
1.0,5,180.306617
1.0,5,180.322146
1.0,4,180.33831
1.0,8,180.365699
1.0,5,180.38617
1.0,5,180.406403
1.0,5,180.422315
1.0,5,180.440387
-16.0,31,180.513649
1.0,4,180.529655
-52.0,69,180.635936
-1.0,8,180.664252
1.0,4,180.676683
1.0,4,180.689965
-1.0,7,180.713961
-1.0,7,180.741917
1.0,4,180.75272
1.0,4,180.765272
1.0,4,180.78018
1.0,4,180.79353
1.0,9,180.823051
1.0,4,180.838212
1.0,4,180.853774
1.0,5,180.874165
1.0,7,180.903316
1.0,4,180.917909
1.0,4,180.931432
1.0,11,180.980729
1.0,4,180.994812
1.0,4,181.008923
1.0,5,181.026372
1.0,4,181.044606
1.0,10,181.081882
1.0,4,181.09145
1.0,9,181.122081
1.0,8,181.152091
1.0,12,181.190192
1.0,4,181.199032
1.0,5,181.214297
1.0,4,181.233731
1.0,4,181.250379
1.0,6,181.274602
1.0,8,181.295446
1.0,4,181.310271
1.0,5,181.324517
1.0,4,181.335463
1.0,4,181.346071
-84.0,101,181.544542
1.0,4,181.575109
1.0,7,181.612769
1.0,5,181.625224
1.0,6,181.645376
1.0,8,181.666372
1.0,5,181.680619
1.0,4,181.695764
1.0,9,181.747398
1.0,7,181.80039
1.0,8,181.840491
1.0,5,181.858511
1.0,7,181.88334
1.0,4,181.892275
1.0,5,181.904654
1.0,5,181.919492
1.0,8,181.946463
-1.0,7,181.969539
1.0,5,182.019346
1.0,4,182.038261
1.0,4,182.051258
1.0,4,182.063697
1.0,5,182.078462
1.0,4,182.092237
1.0,5,182.111291
1.0,4,182.132043
1.0,5,182.165592
1.0,4,182.198598
1.0,8,182.261727
-1.0,9,182.295319
1.0,4,182.30735
-192.0,212,182.544297
1.0,4,182.5606
1.0,4,182.573854
-1.0,8,182.603962
1.0,4,182.623737
-1.0,10,182.667778
1.0,4,182.678666
1.0,13,182.720282
1.0,5,182.734128
1.0,5,182.75714
1.0,5,182.778901
1.0,5,182.796058
1.0,4,182.805606
-1.0,12,182.844387
1.0,4,182.855952
1.0,4,182.86762
1.0,5,182.88065
1.0,8,182.917157
-1.0,9,182.941179
1.0,4,182.95153
1.0,8,182.971413
1.0,6,182.993162
1.0,5,183.012792
1.0,4,183.025112
-1.0,5,183.041847
1.0,4,183.056201
1.0,5,183.07072
1.0,7,183.088477
1.0,6,183.10727
1.0,4,183.127346
1.0,5,183.161387
1.0,4,183.186272
1.0,4,183.20296
1.0,8,183.23318
1.0,5,183.2465
1.0,4,183.257571
1.0,10,183.297115
1.0,4,183.311903
1.0,6,183.32782
1.0,5,183.36277
1.0,8,183.420865
-1.0,9,183.4583
1.0,5,183.472043
-1.0,9,183.499229
1.0,4,183.510607
-1.0,8,183.545742
1.0,4,183.556701
1.0,4,183.569044
1.0,4,183.579937
1.0,5,183.598807
1.0,4,183.60885
1.0,6,183.627917
-1.0,10,183.656865
1.0,4,183.671185
1.0,4,183.68526
1.0,4,183.699249
1.0,5,183.715698
1.0,7,183.743897
1.0,4,183.754394
-1.0,9,183.780625
1.0,4,183.792636
1.0,7,183.813709
1.0,4,183.824653
1.0,5,183.839612
1.0,7,183.863599
1.0,4,183.877788
1.0,7,183.898221
1.0,8,183.923578
1.0,4,183.935415
1.0,4,183.947103
-2.0,10,183.972705
1.0,5,183.985118
1.0,4,183.996905
1.0,4,184.012755
-1.0,10,184.04585
1.0,5,184.060833
1.0,4,184.080888
1.0,9,184.10958
1.0,4,184.125857
1.0,4,184.141949
1.0,4,184.154314
1.0,4,184.169018
1.0,5,184.18447
1.0,7,184.207615
-1.0,12,184.24623
1.0,5,184.26583
1.0,8,184.294512
-1.0,10,184.325097
1.0,4,184.33652
-1.0,7,184.365491
1.0,4,184.377362
1.0,4,184.388196
1.0,4,184.400148
1.0,8,184.426661
1.0,5,184.442653
1.0,7,184.465079
-1.0,9,184.493331
1.0,7,184.516319
1.0,4,184.527775
1.0,8,184.552366
1.0,4,184.564651
1.0,12,184.604117
1.0,4,184.612592
1.0,5,184.62444
1.0,4,184.634151
-1.0,9,184.66229
1.0,7,184.688088
1.0,5,184.702756
1.0,4,184.713151
-103.0,119,184.853809
1.0,5,184.868791
1.0,11,184.900882
1.0,4,184.912688
1.0,5,184.933083
0.0,12,184.969745
1.0,5,184.986174
1.0,5,185.001819
1.0,8,185.03099
1.0,4,185.041389
1.0,5,185.067449
1.0,5,185.097754
1.0,4,185.131651
1.0,4,185.155683
1.0,4,185.188776
1.0,4,185.215967
1.0,4,185.235037
1.0,4,185.247017
1.0,4,185.257612
1.0,7,185.281202
1.0,7,185.320979
1.0,4,185.347619
1.0,4,185.373962
1.0,10,185.404206
1.0,6,185.426779
1.0,4,185.440476
1.0,5,185.455336
1.0,9,185.480875
1.0,4,185.493367
1.0,10,185.525221
-1.0,7,185.544771
1.0,4,185.554965
1.0,4,185.570254
1.0,5,185.588622
1.0,11,185.621238
1.0,4,185.633309
-1.0,8,185.66203
-1.0,6,185.685145
0.0,15,185.732596
1.0,4,185.743097
1.0,4,185.758717
1.0,7,185.775734
1.0,5,185.791673
1.0,8,185.822283
-2.0,10,185.856668
1.0,4,185.869294
-1.0,4,185.883141
1.0,5,185.900226
-1.0,5,185.921134
-1.0,8,185.953749
-1.0,9,185.988018
1.0,5,186.00275
1.0,6,186.028516
1.0,4,186.042284
1.0,8,186.072825
-1.0,7,186.095727
1.0,6,186.118982
1.0,4,186.133677
1.0,5,186.14798
1.0,6,186.166315
-1.0,9,186.198192
1.0,9,186.227177
1.0,4,186.238843
1.0,5,186.252809
1.0,4,186.264899
1.0,6,186.287262
-1.0,6,186.305402
-1.0,7,186.326663
1.0,5,186.34165
1.0,5,186.357946
1.0,12,186.394
1.0,4,186.405699
1.0,4,186.425523
1.0,10,186.463466
1.0,5,186.477906
1.0,7,186.500167
1.0,4,186.515917
1.0,5,186.529652
-1.0,8,186.555474
1.0,4,186.565961
1.0,5,186.583492
1.0,5,186.596744
1.0,5,186.60989
1.0,5,186.621329
-1.0,6,186.643338
-1.0,6,186.660675
1.0,11,186.699885
1.0,4,186.70891
1.0,8,186.736259
1.0,9,186.761932
1.0,7,186.784844
1.0,4,186.795485
1.0,4,186.810161
1.0,4,186.821607
1.0,4,186.832858
1.0,5,186.847474
1.0,4,186.864269
1.0,5,186.877718
-1.0,10,186.910827
1.0,4,186.922911
1.0,4,186.934393
1.0,4,186.945528
1.0,4,186.957291
1.0,6,186.976747
1.0,8,187.003158
1.0,4,187.015323
-1.0,12,187.053344
-1.0,14,187.12554
1.0,8,187.158103
1.0,4,187.176933
1.0,4,187.205942
1.0,5,187.241014
1.0,4,187.264079
1.0,5,187.284017
-1.0,5,187.299079
1.0,8,187.32154
1.0,4,187.337551
1.0,4,187.348209
1.0,4,187.359705
1.0,4,187.369117
1.0,4,187.381995
1.0,4,187.393163
1.0,7,187.412975
1.0,4,187.422728
1.0,9,187.448951
1.0,13,187.484334
1.0,4,187.496056
1.0,7,187.548443
1.0,5,187.582657
1.0,4,187.599056
-1.0,8,187.629173
1.0,6,187.648331
1.0,8,187.677937
1.0,5,187.693823
1.0,4,187.705744
1.0,11,187.738918
-1.0,4,187.755069
1.0,4,187.765987
1.0,4,187.778685
1.0,4,187.790819
1.0,8,187.820201
1.0,10,187.852945
-1.0,18,187.904811
1.0,8,187.932275
1.0,4,187.951019
1.0,9,187.977332
1.0,6,188.008289
1.0,4,188.033276
-1.0,11,188.101641
1.0,6,188.136908
1.0,5,188.156433
1.0,5,188.179182
1.0,4,188.211124
1.0,4,188.298094
1.0,6,188.31982
1.0,4,188.331375
1.0,4,188.347322
-1.0,13,188.384939
1.0,5,188.400284
1.0,5,188.415525
1.0,4,188.433779
1.0,5,188.454064
-1.0,14,188.49546
1.0,4,188.51163
1.0,4,188.526711
1.0,7,188.550406
1.0,4,188.562242
1.0,5,188.576796
1.0,4,188.599523
-1.0,7,188.632454
1.0,4,188.646354
1.0,4,188.664716
1.0,4,188.681529
1.0,7,188.711012
1.0,4,188.726817
1.0,5,188.742032
1.0,4,188.775073
-1.0,13,188.839511
-1.0,5,188.856203
1.0,4,188.868808
-1.0,10,188.911147
1.0,5,188.925938
1.0,5,188.944049
-1.0,10,188.986131
-1.0,7,189.014383
1.0,4,189.030723
1.0,5,189.046362
-1.0,8,189.073677
1.0,6,189.095086
1.0,7,189.119995
1.0,9,189.151608
1.0,4,189.167016
1.0,5,189.187801
1.0,8,189.214572
1.0,4,189.227198
1.0,4,189.238889
1.0,4,189.256695
1.0,4,189.28628
-1.0,10,189.338145
-1.0,7,189.36107
1.0,4,189.391614
1.0,4,189.420876
1.0,14,189.472426
1.0,7,189.495877
-1.0,8,189.520996
1.0,4,189.532831
1.0,4,189.542723
1.0,5,189.554426
1.0,10,189.589665
1.0,5,189.602516
-96.0,109,189.737549
-1.0,9,189.766915
1.0,4,189.781823
1.0,4,189.793108
-1.0,13,189.831335
1.0,10,189.862864
-1.0,12,189.899161
1.0,5,189.916003
1.0,4,189.928331
1.0,4,189.940436
1.0,4,189.954362
1.0,4,189.966851
-1.0,10,189.996708
1.0,12,190.033116
1.0,4,190.047403
1.0,4,190.058824
1.0,4,190.074316
1.0,4,190.090289
1.0,4,190.108406
1.0,4,190.12053
1.0,4,190.131983
1.0,4,190.142035
1.0,4,190.155815
1.0,4,190.168088
1.0,5,190.181759
1.0,4,190.192016
1.0,4,190.204943
1.0,4,190.217294
1.0,4,190.229472
-1.0,9,190.261924
1.0,4,190.277668
-1.0,13,190.327494
-1.0,5,190.347461
1.0,5,190.361302
1.0,4,190.377728
1.0,7,190.400192
1.0,4,190.412396
1.0,6,190.430194
1.0,5,190.45209
1.0,4,190.464333
1.0,4,190.478773
1.0,5,190.500014
1.0,4,190.515599
1.0,12,190.554963
-1.0,7,190.579891
1.0,4,190.591351
1.0,4,190.608351
-1.0,7,190.631377
1.0,7,190.651908
1.0,5,190.668482
1.0,4,190.687241
1.0,11,190.719029
1.0,8,190.752975
1.0,7,190.796627
1.0,4,190.811741
1.0,4,190.82592
1.0,5,190.847589
1.0,4,190.868761
1.0,4,190.885256
1.0,9,190.909245
1.0,5,190.9281
1.0,5,190.942172
1.0,6,190.963889
1.0,5,190.975228
-1.0,11,191.008653
1.0,4,191.01995
1.0,4,191.03283
1.0,5,191.046045
1.0,4,191.058511
1.0,9,191.08354
1.0,4,191.10024
1.0,8,191.162758
1.0,5,191.177096
1.0,9,191.200194
1.0,5,191.215457
1.0,13,191.25076
-1.0,11,191.286781
1.0,4,191.299693
1.0,6,191.320296
1.0,4,191.332026
1.0,6,191.35153
1.0,4,191.363315
-1.0,9,191.396052
1.0,4,191.407942
1.0,5,191.422497
1.0,11,191.453857
1.0,4,191.466928
1.0,4,191.484682
-1.0,12,191.524282
1.0,7,191.539847
1.0,5,191.557955
1.0,4,191.569679
1.0,7,191.593543
1.0,4,191.606714
1.0,13,191.64763
1.0,10,191.674917
1.0,5,191.68916
1.0,4,191.700697
1.0,7,191.724468
-1.0,7,191.742965
1.0,5,191.758488
1.0,4,191.770409
1.0,5,191.787988
1.0,4,191.800084
1.0,6,191.817586
1.0,11,191.84983
1.0,4,191.8633
1.0,9,191.90954
1.0,5,191.951844
1.0,4,191.968745
1.0,4,191.985156
-1.0,7,192.006391
-1.0,4,192.016736
-1.0,8,192.037732
1.0,4,192.05196
1.0,9,192.077833
1.0,4,192.090437
-1.0,8,192.137246
-1.0,12,192.180375
-1.0,4,192.192198
1.0,9,192.229167
-1.0,11,192.265695
1.0,5,192.281181
1.0,5,192.292459
1.0,4,192.303895
1.0,4,192.316164
1.0,4,192.337459
1.0,7,192.386623
1.0,7,192.417599
1.0,9,192.443621
1.0,5,192.456502
1.0,5,192.46982
-1.0,9,192.514693
1.0,5,192.530053
1.0,5,192.55559
1.0,4,192.576959
1.0,4,192.603834
1.0,5,192.639297
-1.0,8,192.684827
1.0,5,192.706208
1.0,4,192.73748
1.0,5,192.778486
1.0,5,192.813921
1.0,7,192.843111
-1.0,8,192.869551
1.0,4,192.883473
1.0,5,192.898431
1.0,4,192.909184
1.0,6,192.928599
1.0,7,192.947546
1.0,4,192.964624
1.0,4,192.980874
1.0,6,193.002704
-1.0,9,193.050175
1.0,4,193.079682
-1.0,9,193.116984
1.0,6,193.137819
1.0,5,193.153767
1.0,4,193.170134
1.0,6,193.191135
1.0,5,193.206515
1.0,4,193.219647
1.0,4,193.232818
-5.0,18,193.279972
1.0,5,193.298903
1.0,9,193.327841
1.0,6,193.346109
1.0,7,193.382017
1.0,8,193.421871
1.0,4,193.441363
1.0,4,193.458327
1.0,4,193.47104
-1.0,9,193.500964
1.0,4,193.513346
-1.0,7,193.540452
-1.0,9,193.570784
1.0,5,193.588967
1.0,5,193.616891
1.0,4,193.63774
1.0,9,193.664209
1.0,9,193.693111
1.0,11,193.727866
1.0,4,193.741427
-1.0,8,193.767795
1.0,4,193.779503
1.0,4,193.794929
1.0,6,193.818371
-1.0,8,193.846568
1.0,4,193.861793
1.0,4,193.876629
1.0,4,193.891488
1.0,4,193.904293
1.0,8,193.927502
1.0,5,193.942036
1.0,5,193.961808
1.0,4,193.973038
1.0,5,194.017366
1.0,5,194.039025
-1.0,9,194.067465
1.0,4,194.076831
1.0,5,194.089435
1.0,6,194.107255
1.0,6,194.126808
1.0,4,194.140658
1.0,5,194.154608
1.0,7,194.18396
1.0,8,194.229002
1.0,7,194.261699
1.0,4,194.284041
-1.0,7,194.312093
1.0,4,194.325109
-1.0,13,194.365638
1.0,4,194.38096
1.0,5,194.39891
1.0,4,194.413029
1.0,4,194.423768
-1.0,12,194.462987
1.0,5,194.481669
1.0,7,194.52196
1.0,5,194.537278
-1.0,8,194.565233
1.0,6,194.586104
-1.0,9,194.617151
1.0,7,194.640738
-10.0,24,194.69831
-1.0,5,194.714236
1.0,4,194.728417
-1.0,11,194.763887
-1.0,11,194.796899
1.0,8,194.82255
1.0,5,194.838467
1.0,4,194.850547
1.0,4,194.862209
1.0,7,194.882434
1.0,4,194.894728
1.0,4,194.906946
1.0,5,194.921283
1.0,5,194.935833
1.0,6,194.958002
1.0,4,194.969923
1.0,11,195.023604
1.0,9,195.085907
1.0,4,195.110646
1.0,5,195.128437
1.0,6,195.146318
1.0,4,195.157404
1.0,5,195.175943
1.0,4,195.188662
-1.0,8,195.216392
1.0,5,195.230287
1.0,10,195.261195
1.0,9,195.292054
-74.0,88,195.399594
1.0,4,195.409903
1.0,4,195.425957
1.0,4,195.445561
1.0,6,195.468215
1.0,4,195.481337
1.0,8,195.510557
1.0,4,195.525932
1.0,4,195.547022
-1.0,6,195.573508
1.0,4,195.591266
1.0,4,195.613343
1.0,9,195.645888
1.0,4,195.658721
1.0,4,195.672362
1.0,4,195.684837
-1.0,9,195.717086
1.0,4,195.729281
1.0,4,195.745038
-1.0,10,195.779019
1.0,10,195.808535
1.0,4,195.820655
1.0,4,195.836579
1.0,5,195.851608
1.0,10,195.884001
1.0,5,195.897329
1.0,9,195.923186
-1.0,10,195.952541
1.0,5,195.967503
-1.0,12,196.007231
-1.0,10,196.074978
-1.0,7,196.101487
1.0,4,196.116764
-1.0,11,196.160035
1.0,10,196.194295
-1.0,5,196.211938
1.0,19,196.263442
-95.0,112,196.431111
1.0,8,196.461148
-1.0,5,196.480599
1.0,4,196.492953
1.0,4,196.505486
-1.0,10,196.536909
1.0,4,196.549352
1.0,4,196.561189
-1.0,7,196.579954
1.0,4,196.601837
1.0,7,196.634853
1.0,6,196.656273
1.0,7,196.681008
1.0,4,196.697034
1.0,7,196.727072
1.0,8,196.751762
1.0,4,196.763912
1.0,4,196.777148
1.0,5,196.793245
1.0,4,196.804129
1.0,9,196.82709
1.0,6,196.851345
1.0,4,196.876162
1.0,4,196.896956
1.0,4,196.912842
1.0,4,196.932389
1.0,4,196.949746
1.0,4,196.973102
1.0,4,197.021094
1.0,4,197.041737
1.0,6,197.058808
1.0,4,197.06953
1.0,4,197.080631
1.0,5,197.103951
1.0,4,197.118145
1.0,4,197.138487
1.0,4,197.163603
1.0,9,197.204798
1.0,11,197.236387
1.0,8,197.261195
1.0,10,197.295922
1.0,5,197.313107
1.0,5,197.333771
1.0,9,197.359134
1.0,5,197.385395
1.0,7,197.411661
1.0,8,197.434874
1.0,6,197.452111
1.0,4,197.462925
1.0,4,197.479167
1.0,6,197.498108
1.0,5,197.512182
1.0,4,197.523917
1.0,7,197.551708
1.0,6,197.56826
1.0,5,197.584137
1.0,5,197.602104
1.0,12,197.646379
1.0,8,197.67015
1.0,4,197.682358
1.0,4,197.698339
-1.0,4,197.714404
1.0,5,197.729313
1.0,5,197.743881
1.0,13,197.790572
-1.0,14,197.833473
0.0,11,197.867523
-1.0,8,197.893952
1.0,4,197.908212
1.0,6,197.934938
1.0,9,197.967939
-1.0,8,197.9921
1.0,4,198.003099
0.0,11,198.035061
-1.0,10,198.068882
1.0,5,198.084253
1.0,9,198.116375
1.0,4,198.133263
1.0,4,198.146269
1.0,4,198.158278
-1.0,7,198.181959
-1.0,9,198.213665
1.0,12,198.249058
1.0,8,198.274177
1.0,6,198.291621
1.0,5,198.316082
1.0,8,198.340591
1.0,4,198.352898
1.0,4,198.367413
1.0,5,198.385066
1.0,4,198.401984
1.0,5,198.423821
1.0,4,198.437092
1.0,5,198.453013
1.0,13,198.493246
-1.0,7,198.517411
1.0,4,198.532861
1.0,7,198.562352
1.0,5,198.578761
1.0,7,198.598985
1.0,6,198.617119
1.0,5,198.635146
1.0,4,198.648313
1.0,7,198.670189
1.0,5,198.684747
1.0,8,198.708109
1.0,4,198.720944
-1.0,8,198.754282
1.0,5,198.76898
-1.0,12,198.806257
1.0,4,198.818765
-1.0,6,198.836334
1.0,4,198.849265
1.0,4,198.863935
1.0,4,198.878887
1.0,5,198.890642
1.0,5,198.908313
1.0,5,198.926588
1.0,4,198.939193
1.0,4,198.950784
1.0,5,198.966029
1.0,4,198.983391
1.0,5,198.999363
1.0,5,199.020114
1.0,4,199.033298
1.0,5,199.050824
-5.0,15,199.085947
1.0,5,199.100431
1.0,7,199.124696
1.0,4,199.137658
1.0,4,199.150305
1.0,7,199.171094
-1.0,11,199.204936
1.0,5,199.22871
1.0,7,199.255765
1.0,7,199.292711
-1.0,8,199.340632
1.0,4,199.361517
1.0,12,199.402575
1.0,4,199.415093
1.0,4,199.426267
1.0,5,199.445158
1.0,4,199.460106
1.0,4,199.47493
-1.0,7,199.498854
1.0,4,199.514556
1.0,4,199.529981
1.0,4,199.554951
1.0,5,199.592444
1.0,4,199.615632
-1.0,9,199.646543
1.0,4,199.662967
1.0,8,199.69791
1.0,13,199.76201
-1.0,9,199.790725
1.0,5,199.803313
1.0,5,199.818236
1.0,7,199.850858
1.0,5,199.867719
1.0,8,199.895722
1.0,6,199.917331
1.0,5,199.93675
1.0,9,199.969046
-1.0,10,200.006498
1.0,5,200.019442
1.0,5,200.039772
1.0,7,200.059633
1.0,7,200.082267
1.0,5,200.095872
1.0,5,200.113165
1.0,4,200.125472
-1.0,12,200.175892
1.0,4,200.191786
1.0,10,200.230423
1.0,8,200.266416
1.0,4,200.294495
1.0,12,200.343023
1.0,6,200.363541
1.0,4,200.375585
1.0,5,200.391955
1.0,4,200.408883
1.0,7,200.444832
1.0,4,200.459119
1.0,5,200.477824
1.0,10,200.508743
1.0,4,200.527103
1.0,4,200.541494
1.0,5,200.570296
-1.0,6,200.600848
1.0,4,200.614396
1.0,4,200.62798
1.0,7,200.650472
1.0,4,200.662565
1.0,4,200.697272
1.0,5,200.727959
1.0,4,200.743128
1.0,4,200.757562
1.0,4,200.774511
1.0,4,200.788805
1.0,9,200.814028
-1.0,8,200.851858
1.0,6,200.878802
1.0,4,200.89345
1.0,4,200.907027
1.0,4,200.921409
1.0,8,200.94951
-43.0,55,201.027294
1.0,4,201.040379
1.0,4,201.053806
1.0,13,201.097397
1.0,5,201.119592
1.0,4,201.13099
1.0,4,201.14666
-1.0,9,201.175394
1.0,4,201.186547
1.0,4,201.201956
1.0,4,201.219498
1.0,4,201.23676
1.0,4,201.24992
1.0,4,201.269485
1.0,4,201.284695
1.0,7,201.308893
1.0,5,201.32427
1.0,7,201.355753
1.0,5,201.370374
1.0,10,201.409198
1.0,4,201.421241
-1.0,9,201.44862
1.0,6,201.466558
1.0,5,201.486383
1.0,9,201.515411
1.0,4,201.533937
1.0,4,201.551763
1.0,10,201.619827
1.0,4,201.644618
1.0,5,201.662653
1.0,4,201.678822
-1.0,7,201.707381
1.0,5,201.724984
1.0,4,201.73863
1.0,7,201.758866
1.0,4,201.772636
1.0,4,201.783061
1.0,4,201.794556
1.0,4,201.808806
1.0,4,201.822689
-1.0,8,201.847848
1.0,4,201.862825
1.0,7,201.885839
1.0,12,201.924156
1.0,4,201.937841
1.0,5,201.952248
1.0,4,201.964064
-1.0,10,202.002287
1.0,9,202.031558
1.0,5,202.046251
1.0,4,202.058033
1.0,4,202.072156
1.0,8,202.124418
1.0,6,202.151919
-1.0,10,202.195963
1.0,4,202.211112
1.0,4,202.223307
-1.0,4,202.24533
1.0,4,202.285387
1.0,4,202.301278
1.0,9,202.324197
1.0,5,202.33679
1.0,5,202.351573
1.0,5,202.366176
1.0,5,202.382191
1.0,5,202.397254
1.0,12,202.462341
1.0,9,202.508796
1.0,4,202.526506
1.0,4,202.54705
1.0,5,202.569658
1.0,10,202.613381
1.0,4,202.626011
-1.0,9,202.654535
-1.0,8,202.678595
1.0,4,202.695559
1.0,5,202.710359
1.0,8,202.735109
1.0,4,202.749978
1.0,4,202.763492
1.0,17,202.817674
1.0,5,202.843957
1.0,4,202.859011
1.0,4,202.875391
1.0,7,202.898511
1.0,5,202.913054
1.0,5,202.927717
1.0,5,202.944186
1.0,5,202.961488
1.0,6,202.98252
1.0,4,202.998185
1.0,8,203.0261
1.0,11,203.069714
1.0,5,203.087208
1.0,4,203.102809
1.0,8,203.131006
1.0,4,203.143841
1.0,4,203.155112
1.0,4,203.166574
1.0,4,203.182956
1.0,5,203.198095
1.0,8,203.224596
1.0,5,203.241208
1.0,4,203.260541
1.0,5,203.279767
1.0,4,203.289301
1.0,12,203.330651
1.0,7,203.352951
1.0,4,203.363492
1.0,5,203.37849
1.0,9,203.405895
1.0,6,203.430024
-1.0,11,203.463136
1.0,4,203.476237
1.0,4,203.491441
1.0,5,203.517302
1.0,5,203.538571
1.0,6,203.557338
1.0,9,203.611014
1.0,6,203.66302
-1.0,10,203.715777
1.0,4,203.72756
1.0,4,203.739288
1.0,4,203.755744
-17.0,29,203.803207
1.0,8,203.828134
1.0,4,203.839158
1.0,6,203.860332
-1.0,7,203.882796
1.0,8,203.905755
1.0,8,203.927569
1.0,5,203.948166
1.0,5,203.967454
-1.0,11,204.004395
1.0,5,204.019379
1.0,4,204.03232
1.0,7,204.050728
1.0,4,204.061209
-1.0,9,204.093709
1.0,5,204.110615
-20.0,36,204.167627
-1.0,7,204.193875
1.0,4,204.206916
-1.0,4,204.229188
1.0,7,204.249905
1.0,7,204.271613
1.0,7,204.298903
1.0,4,204.313633
1.0,7,204.336854
1.0,4,204.349724
1.0,4,204.360622
1.0,4,204.37163
1.0,4,204.38408
1.0,5,204.397755
1.0,4,204.409801
-1.0,10,204.442092
1.0,4,204.450795
1.0,8,204.472925
1.0,4,204.482597
1.0,4,204.499497
1.0,4,204.511904
-55.0,72,204.609495
1.0,5,204.625758
1.0,4,204.6392
1.0,4,204.650496
1.0,4,204.664304
1.0,4,204.674446
1.0,4,204.689669
1.0,4,204.70312
1.0,4,204.7158
1.0,4,204.727391
1.0,5,204.751352
1.0,5,204.770298
-1.0,13,204.815109
1.0,5,204.833081
1.0,4,204.852669
1.0,4,204.864721
1.0,4,204.916287
1.0,5,204.935273
1.0,5,204.951911
1.0,4,204.964056
1.0,4,204.975576
1.0,4,204.987166
1.0,5,205.005485
1.0,5,205.021438
1.0,4,205.032853
1.0,5,205.048063
1.0,4,205.066021
1.0,4,205.081485
1.0,12,205.119263
1.0,4,205.1347
1.0,9,205.166162
1.0,10,205.197752
1.0,10,205.226464
1.0,12,205.261626
1.0,4,205.27528
-1.0,8,205.301528
1.0,8,205.326222
1.0,5,205.339031
-1.0,15,205.385725
1.0,5,205.398829
1.0,5,205.412448
1.0,6,205.429116
1.0,5,205.450101
1.0,6,205.469802
1.0,5,205.483882
1.0,4,205.493959
-1.0,12,205.536126
-31.0,49,205.614222
1.0,5,205.629827
-1.0,7,205.653368
1.0,9,205.684166
1.0,8,205.7083
1.0,14,205.747143
1.0,4,205.758636
1.0,4,205.773239
-1.0,9,205.812718
1.0,6,205.85887
1.0,5,205.878453
1.0,8,205.906773
1.0,4,205.919166
1.0,4,205.928579
1.0,4,205.940268
1.0,7,205.967663
1.0,11,206.001956
1.0,5,206.016793
1.0,5,206.03055
1.0,7,206.053908
-1.0,8,206.07997
1.0,10,206.109237
1.0,7,206.133675
1.0,13,206.181639
-159.0,175,206.36145
-1.0,11,206.395674
1.0,4,206.413802
1.0,4,206.43393
-1.0,8,206.465863
1.0,4,206.478893
1.0,9,206.506167
-1.0,13,206.549754
-1.0,11,206.58134
1.0,4,206.593405
1.0,4,206.605116
1.0,4,206.619339
1.0,5,206.633841
1.0,4,206.644238
1.0,4,206.657047
1.0,5,206.675616
1.0,5,206.689364
1.0,4,206.701438
1.0,4,206.713574
1.0,5,206.730366
1.0,4,206.743799
1.0,5,206.764458
1.0,6,206.783215
1.0,5,206.801522
1.0,5,206.814323
1.0,4,206.82641
1.0,5,206.84345
1.0,5,206.862667
1.0,4,206.874768
1.0,4,206.887012
1.0,4,206.902244
1.0,4,206.920763
1.0,5,206.936177
1.0,4,206.948529
1.0,4,206.960478
1.0,4,206.974853
1.0,5,206.989388
1.0,5,207.011528
1.0,5,207.025839
1.0,5,207.044382
1.0,5,207.061108
1.0,4,207.075244
1.0,11,207.110473
1.0,4,207.125899
1.0,8,207.151412
-1.0,8,207.176498
1.0,4,207.193326
1.0,10,207.230879
1.0,13,207.272864
1.0,6,207.289722
1.0,4,207.304623
1.0,7,207.331765
1.0,5,207.348987
1.0,5,207.364864
1.0,4,207.375988
1.0,5,207.391696
1.0,4,207.404665
1.0,4,207.421216
1.0,4,207.434716
1.0,4,207.448746
1.0,4,207.460414
1.0,4,207.470845
1.0,7,207.492528
1.0,4,207.509731
-1.0,8,207.535646
1.0,4,207.547708
1.0,8,207.585323
1.0,4,207.620584
1.0,7,207.6635
1.0,12,207.70112
1.0,10,207.733097
1.0,4,207.750474
1.0,4,207.762983
1.0,7,207.781154
1.0,5,207.797036
1.0,5,207.816103
1.0,4,207.827955
-1.0,11,207.909063
1.0,5,207.926534
-1.0,7,207.95035
1.0,10,207.98052
1.0,4,207.993208
1.0,4,208.005027
1.0,4,208.024443
1.0,10,208.05814
-1.0,10,208.094165
1.0,6,208.115715
-1.0,9,208.149078
1.0,9,208.175957
1.0,4,208.187121
1.0,4,208.198746
1.0,5,208.218117
-1.0,7,208.237397
1.0,4,208.249399
1.0,4,208.260468
1.0,4,208.276487
1.0,9,208.307791
-1.0,11,208.341382
1.0,5,208.35797
1.0,5,208.379008
-1.0,8,208.40264
1.0,4,208.414107
1.0,4,208.425004
1.0,4,208.440481
1.0,4,208.452438
1.0,4,208.466457
1.0,4,208.479251
-1.0,10,208.512313
1.0,5,208.526426
1.0,4,208.539101
1.0,5,208.553119
1.0,6,208.571798
1.0,4,208.583409
1.0,4,208.595216
1.0,5,208.613341
-1.0,14,208.664928
1.0,4,208.677628
1.0,4,208.692748
1.0,4,208.71157
-1.0,8,208.754119
1.0,5,208.778726
1.0,10,208.823109
1.0,5,208.840464
1.0,14,208.883205
1.0,5,208.89698
1.0,12,208.935466
-1.0,10,208.963336
1.0,11,209.000694
1.0,4,209.012692
1.0,11,209.050949
1.0,4,209.063145
1.0,6,209.082976
-1.0,9,209.11865
1.0,5,209.135217
1.0,6,209.150326
1.0,4,209.164271
1.0,5,209.180658
1.0,4,209.195588
1.0,4,209.207851
1.0,7,209.230756
1.0,4,209.241922
1.0,4,209.261702
-1.0,8,209.298167
1.0,4,209.312991
1.0,4,209.323995
-1.0,9,209.359488
1.0,4,209.371588
1.0,4,209.386797
1.0,10,209.449598
1.0,4,209.467332
1.0,6,209.491602
1.0,4,209.50854
1.0,5,209.531688
1.0,5,209.546727
-1.0,4,209.561016
1.0,8,209.590231
1.0,4,209.601865
-4.0,18,209.64901
1.0,5,209.663854
-1.0,4,209.681503
1.0,4,209.694547
1.0,8,209.720185
1.0,4,209.732664
1.0,9,209.763185
1.0,4,209.77571
1.0,4,209.789595
1.0,4,209.802193
1.0,5,209.817899
1.0,6,209.837396
1.0,4,209.84902
1.0,5,209.864605
1.0,4,209.879842
1.0,8,209.905556
1.0,6,209.923815
1.0,4,209.935894
1.0,5,209.950976
1.0,4,209.96299
1.0,6,209.977196
1.0,4,209.989117
1.0,4,210.001127
1.0,4,210.012905
1.0,5,210.031567
1.0,4,210.043523
1.0,4,210.057449
1.0,4,210.069729
1.0,5,210.085199
1.0,4,210.097969
1.0,4,210.111461
1.0,5,210.125069
1.0,9,210.159318
1.0,6,210.17772
1.0,5,210.193702
1.0,4,210.205078
1.0,6,210.223634
1.0,8,210.251147
1.0,8,210.284761
1.0,5,210.295987
1.0,6,210.311215
1.0,5,210.334382
-1.0,7,210.365423
1.0,7,210.419902
1.0,4,210.435958
1.0,4,210.454745
1.0,10,210.532567
1.0,8,210.566606
1.0,4,210.580977
1.0,5,210.600341
1.0,5,210.619642
1.0,5,210.633769
1.0,5,210.65018
1.0,4,210.660138
1.0,5,210.675565
1.0,4,210.687352
1.0,7,210.707681
1.0,9,210.734317
1.0,5,210.752361
1.0,7,210.774279
1.0,8,210.799292
1.0,5,210.813085
-70.0,81,210.913221
1.0,5,210.928945
-1.0,5,210.942357
-1.0,9,210.980866
1.0,5,210.999107
1.0,5,211.016201
1.0,5,211.033052
1.0,4,211.045235
1.0,4,211.060284
1.0,6,211.076855
1.0,9,211.108333
-1.0,7,211.132743
1.0,4,211.145944
1.0,8,211.178237
-1.0,6,211.201803
-1.0,8,211.229589
1.0,5,211.248756
1.0,5,211.264102
1.0,5,211.280495
-1.0,9,211.30423
-1.0,6,211.322688
1.0,4,211.3349
-1.0,12,211.374956
1.0,5,211.392683
1.0,8,211.431888
1.0,5,211.447501
1.0,4,211.473061
1.0,7,211.508177
1.0,5,211.528604
1.0,7,211.550895
1.0,6,211.568814
1.0,4,211.580888
1.0,6,211.606651
1.0,9,211.652032
1.0,6,211.671808
1.0,4,211.68301
1.0,4,211.695551
1.0,7,211.718972
1.0,5,211.732926
1.0,4,211.743716
-1.0,9,211.775301
1.0,4,211.790154
-1.0,7,211.81234
1.0,7,211.834338
-1.0,8,211.88614
1.0,4,211.906031
1.0,4,211.919894
1.0,4,211.931171
1.0,7,211.954857
1.0,9,211.981888
1.0,7,211.999708
1.0,5,212.015167
1.0,4,212.029182
1.0,5,212.042158
1.0,4,212.053365
1.0,5,212.070147
1.0,8,212.09292
1.0,4,212.105605
1.0,4,212.119188
1.0,4,212.129985
1.0,4,212.145577
1.0,5,212.160492
1.0,13,212.193271
1.0,5,212.205913
1.0,4,212.223299
1.0,5,212.239493
1.0,4,212.251489
1.0,4,212.261252
-1.0,9,212.292642
1.0,12,212.327983
1.0,5,212.339493
1.0,5,212.35276
1.0,4,212.367076
1.0,12,212.401368
1.0,7,212.433079
1.0,5,212.455751
1.0,4,212.471817
1.0,4,212.484707
1.0,9,212.515007
1.0,7,212.53633
1.0,5,212.55795
1.0,8,212.596037
1.0,4,212.608894
1.0,8,212.632411
1.0,7,212.654041
1.0,4,212.66571
1.0,4,212.677478
1.0,4,212.689599
-27.0,42,212.760146
1.0,4,212.770172
1.0,4,212.780928
-1.0,12,212.819203
1.0,4,212.833092
-1.0,6,212.852421
1.0,7,212.875371
1.0,4,212.885207
-1.0,12,212.923108
1.0,5,212.939887
1.0,6,212.958309
-1.0,12,212.994244
1.0,7,213.022815
1.0,4,213.033821
1.0,4,213.045805
1.0,6,213.064136
1.0,4,213.08169
1.0,4,213.093701
1.0,7,213.116111
1.0,6,213.131207
1.0,5,213.150021
1.0,5,213.164129
1.0,6,213.178485
1.0,7,213.197096
1.0,8,213.223494
1.0,4,213.235882
1.0,5,213.250031
1.0,4,213.260833
1.0,4,213.27494
-1.0,11,213.309263
1.0,5,213.323355
-1.0,9,213.353239
1.0,7,213.379019
1.0,7,213.39904
1.0,8,213.424179
1.0,9,213.450569
1.0,6,213.487059
-1.0,5,213.537604
1.0,6,213.558936
1.0,4,213.570759
1.0,9,213.605253
-1.0,11,213.642469
1.0,4,213.665229
1.0,5,213.692602
1.0,4,213.712892
1.0,4,213.725288
1.0,4,213.737539
1.0,7,213.758463
1.0,8,213.785191
1.0,4,213.797701
-1.0,10,213.825148
1.0,7,213.84394
1.0,5,213.867248
1.0,6,213.916823
1.0,4,213.943367
1.0,4,213.964207
1.0,4,213.986012
1.0,4,214.001608
1.0,4,214.020575
1.0,5,214.035695
1.0,9,214.066181
1.0,4,214.077521
1.0,4,214.08932
-1.0,10,214.11991
1.0,4,214.134638
1.0,5,214.149306
1.0,4,214.160916
1.0,4,214.175137
1.0,4,214.190976
1.0,6,214.204037
1.0,4,214.215995
1.0,11,214.249573
1.0,4,214.265264
-1.0,8,214.296642
1.0,4,214.313725
1.0,5,214.332534
1.0,15,214.401949
1.0,5,214.413806
1.0,5,214.428681
1.0,6,214.448628
1.0,4,214.467586
-64.0,78,214.561799
1.0,6,214.575261
1.0,7,214.593974
-1.0,9,214.622553
-1.0,8,214.654052
-1.0,11,214.721574
1.0,4,214.750311
1.0,5,214.76989
1.0,5,214.785441
-1.0,12,214.842748
1.0,8,214.868187
1.0,4,214.884029
1.0,4,214.896371
1.0,4,214.90835
1.0,4,214.919687
1.0,5,214.939715
1.0,4,214.95381
1.0,4,214.966476
1.0,4,214.979105
1.0,6,214.999215
1.0,4,215.00891
-1.0,8,215.034759
-1.0,10,215.066895
1.0,5,215.083928
-1.0,5,215.100852
1.0,4,215.111637
1.0,4,215.121319
1.0,5,215.137732
1.0,5,215.153646
1.0,8,215.180928
1.0,4,215.193024
1.0,4,215.208347
1.0,4,215.220722
1.0,4,215.23363
1.0,5,215.247997
-2.0,15,215.297569
1.0,8,215.320828
-1.0,11,215.353047
1.0,9,215.383974
-1.0,14,215.431634
1.0,10,215.457109
1.0,4,215.469159
1.0,6,215.486033
1.0,8,215.517479
1.0,4,215.528956
1.0,4,215.540896
1.0,4,215.553839
1.0,6,215.59465
1.0,4,215.604631
1.0,6,215.624648
1.0,4,215.635225
1.0,5,215.654071
1.0,4,215.665853
1.0,6,215.684406
1.0,5,215.698811
1.0,4,215.711304
1.0,4,215.722833
1.0,7,215.768198
1.0,4,215.802164
1.0,5,215.837364
1.0,5,215.858478
1.0,6,215.881512
1.0,4,215.895513
1.0,5,215.913174
1.0,6,215.932889
1.0,5,215.945254
1.0,5,215.95899
1.0,5,215.978846
1.0,10,216.011746
1.0,5,216.026339
1.0,7,216.048131
1.0,10,216.079282
1.0,4,216.090235
1.0,5,216.105478
1.0,8,216.152147
1.0,5,216.195743
1.0,4,216.207981
1.0,7,216.22878
1.0,5,216.243099
-1.0,7,216.271913
1.0,5,216.287035
1.0,5,216.300924
1.0,9,216.324604
1.0,4,216.340947
1.0,7,216.362607
1.0,5,216.376988
1.0,5,216.394998
1.0,4,216.420765
1.0,7,216.464174
1.0,5,216.492367
1.0,8,216.522604
1.0,6,216.544858
-2.0,13,216.598325
-1.0,9,216.638911
1.0,4,216.653401
1.0,5,216.678029
1.0,4,216.689626
-1.0,8,216.720001
-1.0,6,216.751968
-1.0,9,216.815047
1.0,4,216.837832
1.0,8,216.87115
1.0,5,216.885861
1.0,7,216.912142
1.0,7,216.933597
-1.0,8,216.958232
1.0,4,216.970093
1.0,11,216.999227
1.0,4,217.011083
1.0,4,217.023867
1.0,8,217.048352
1.0,5,217.066219
1.0,4,217.07799
1.0,4,217.088991
1.0,4,217.103816
1.0,11,217.141555
1.0,4,217.157014
1.0,5,217.173682
1.0,4,217.186347
-1.0,13,217.234296
1.0,5,217.246176
1.0,10,217.279281
1.0,5,217.298269
1.0,7,217.321097
1.0,5,217.337347
1.0,4,217.348096
1.0,4,217.360686
1.0,4,217.379309
1.0,6,217.396473
1.0,4,217.41046
-1.0,6,217.430376
-1.0,8,217.467075
1.0,5,217.490571
1.0,4,217.50662
-1.0,7,217.534867
1.0,4,217.551374
-1.0,8,217.575018
1.0,11,217.612219
1.0,4,217.625439
1.0,6,217.645515
1.0,4,217.65876
1.0,4,217.672806
1.0,6,217.688693
1.0,5,217.705883
1.0,4,217.71896
1.0,4,217.735477
-1.0,6,217.762319
1.0,4,217.784832
1.0,5,217.804726
1.0,6,217.823264
1.0,5,217.840148
1.0,4,217.855038
1.0,5,217.870761
1.0,5,217.888129
1.0,8,217.910617
1.0,4,217.925464
1.0,12,217.960299
1.0,7,217.979987
1.0,4,217.998976
1.0,10,218.033941
1.0,4,218.045316
1.0,12,218.08378
1.0,4,218.095881
1.0,4,218.110871
-1.0,7,218.132596
-1.0,4,218.152621
1.0,4,218.169037
1.0,7,218.197775
1.0,4,218.211222
1.0,7,218.235672
1.0,4,218.245763
1.0,5,218.263814
1.0,8,218.290932
1.0,4,218.300683
1.0,4,218.311896
1.0,6,218.331335
1.0,5,218.345208
1.0,8,218.372269
1.0,5,218.386602
-1.0,7,218.417974
1.0,5,218.431631
1.0,4,218.444345
1.0,9,218.480668
1.0,5,218.523139
1.0,4,218.556755
1.0,4,218.572508
1.0,4,218.588352
-34.0,44,218.677791
1.0,4,218.688069
1.0,4,218.69945
1.0,4,218.711116
1.0,9,218.744257
1.0,4,218.755448
-1.0,8,218.78106
1.0,9,218.816178
1.0,4,218.835948
1.0,8,218.858378
1.0,4,218.869435
1.0,8,218.893862
1.0,5,218.913212
1.0,4,218.924819
1.0,9,218.948961
1.0,6,218.966482
1.0,8,218.989204
1.0,4,219.000716
1.0,4,219.013237
-1.0,8,219.039695
1.0,4,219.055066
1.0,4,219.06732
1.0,4,219.079742
1.0,4,219.091809
1.0,7,219.114309
-1.0,14,219.152112
1.0,4,219.163917
1.0,4,219.175525
1.0,4,219.189764
-1.0,12,219.27006
1.0,7,219.291702
1.0,4,219.303606
1.0,7,219.329325
1.0,4,219.340608
1.0,6,219.360404
-1.0,8,219.384141
1.0,6,219.40632
1.0,5,219.420663
-1.0,10,219.452733
1.0,6,219.468583
1.0,7,219.523118
1.0,4,219.547661
1.0,4,219.577771
1.0,4,219.597586
-1.0,9,219.627887
1.0,4,219.641582
1.0,4,219.652053
1.0,4,219.664676
1.0,10,219.696953
1.0,9,219.727348
1.0,4,219.742022
-31.0,45,219.808932
1.0,5,219.828591
-1.0,12,219.867191
1.0,10,219.897943
1.0,4,219.909241
1.0,4,219.92512
1.0,4,219.936329
1.0,7,219.958979
1.0,8,219.982563
1.0,7,220.005933
1.0,13,220.05751
1.0,4,220.070429
1.0,5,220.088269
1.0,4,220.104028
-1.0,13,220.146689
1.0,4,220.15948
1.0,6,220.181023
1.0,4,220.197228
1.0,7,220.218137
1.0,10,220.245628
1.0,4,220.258098
1.0,4,220.271385
-1.0,7,220.29452
1.0,4,220.305837
1.0,4,220.316835
-1.0,9,220.348979
1.0,4,220.360675
1.0,4,220.371963
1.0,4,220.383566
1.0,4,220.397701
1.0,4,220.409101
1.0,4,220.420101
1.0,9,220.484388
1.0,6,220.519837
1.0,5,220.544525
1.0,5,220.565093
1.0,10,220.603103
1.0,8,220.633934
-1.0,7,220.656877
1.0,6,220.674892
-1.0,10,220.708148
-1.0,8,220.738722
1.0,7,220.755565
1.0,4,220.76606
1.0,4,220.779601
1.0,4,220.793482
1.0,4,220.803294
1.0,7,220.842566
1.0,4,220.866533
1.0,4,220.894355
1.0,10,220.927555
1.0,5,220.944235
1.0,10,220.977116
1.0,5,220.999005
1.0,4,221.010905
1.0,4,221.022848
-56.0,74,221.118835
1.0,4,221.143725
1.0,5,221.166884
1.0,8,221.193977
-1.0,7,221.219109
1.0,4,221.234774
1.0,4,221.247815
1.0,4,221.25896
-88.0,102,221.392657
1.0,4,221.407259
-1.0,7,221.427485
1.0,4,221.440276
-1.0,8,221.467309
1.0,4,221.4837
-1.0,13,221.528223
1.0,5,221.543845
1.0,6,221.56292
1.0,5,221.594635
1.0,4,221.611841
-1.0,11,221.655934
1.0,7,221.682333
1.0,5,221.701426
-1.0,12,221.751836
-1.0,9,221.793987
1.0,4,221.80913
1.0,8,221.910887
1.0,10,221.94654
1.0,4,221.958206
1.0,4,221.971071
1.0,8,221.998384
1.0,7,222.02106
-1.0,8,222.047682
-1.0,11,222.111595
1.0,8,222.165055
-1.0,11,222.203275
1.0,4,222.226951
1.0,12,222.29204
1.0,7,222.320204
1.0,4,222.334664
1.0,4,222.350219
1.0,8,222.379997
-1.0,10,222.434846
1.0,4,222.464658
1.0,8,222.501271
1.0,8,222.524612
-2.0,11,222.57869
1.0,7,222.609634
1.0,4,222.621744
1.0,5,222.638364
1.0,5,222.665193
1.0,4,222.687385
1.0,4,222.717008
1.0,6,222.761266
1.0,5,222.791631
-1.0,11,222.835799
-1.0,7,222.860171
1.0,4,222.87225
1.0,4,222.886185
-1.0,7,222.908581
-1.0,5,222.939162
1.0,4,222.960811
1.0,8,223.004465
-1.0,6,223.035938
1.0,10,223.073844
1.0,5,223.087476
-1.0,8,223.116335
1.0,5,223.130018
1.0,4,223.141971
1.0,4,223.154409
1.0,8,223.187418
-1.0,7,223.237131
1.0,4,223.263076
1.0,4,223.281309
1.0,5,223.300792
1.0,5,223.318826
1.0,4,223.331046
1.0,4,223.343136
1.0,4,223.35644
1.0,5,223.370571
1.0,4,223.382462
1.0,8,223.411297
1.0,4,223.428177
1.0,4,223.445827
1.0,4,223.45839
1.0,4,223.471756
1.0,5,223.489377
1.0,11,223.579466
1.0,4,223.607724
1.0,5,223.642975
1.0,4,223.669044
1.0,5,223.697427
1.0,7,223.733302
1.0,4,223.750936
1.0,5,223.783983
1.0,4,223.814321
1.0,4,223.836402
-1.0,8,223.865572
1.0,5,223.887044
1.0,5,223.902804
1.0,10,223.958613
-1.0,12,224.000254
1.0,8,224.035289
1.0,4,224.048669
-1.0,4,224.063319
1.0,11,224.099354
1.0,9,224.129384
1.0,4,224.144562
1.0,6,224.17611
1.0,10,224.232555
1.0,4,224.248865
1.0,5,224.267313
-1.0,12,224.304887
-1.0,10,224.335531
1.0,4,224.349903
1.0,5,224.364249
1.0,4,224.375341
1.0,6,224.400177
1.0,10,224.43189
1.0,10,224.464125
1.0,5,224.486062
1.0,4,224.505599
-1.0,14,224.567954
1.0,9,224.601235
1.0,4,224.627029
1.0,4,224.658059
1.0,13,224.741371
1.0,10,224.780149
1.0,5,224.80367
1.0,8,224.911992
1.0,4,224.941387
1.0,5,224.963442
1.0,4,224.977276
1.0,4,224.989712
1.0,5,225.008431
1.0,4,225.025123
1.0,4,225.038732
1.0,6,225.058477
1.0,5,225.074991
1.0,13,225.13187
1.0,5,225.161059
-1.0,6,225.180383
1.0,8,225.231505
-1.0,12,225.301852
1.0,5,225.319975
-1.0,8,225.347765
1.0,9,225.381249
1.0,11,225.414879
-1.0,9,225.448324
1.0,4,225.461981
1.0,5,225.480713
1.0,5,225.494474
1.0,15,225.547654
1.0,4,225.561611
1.0,11,225.620811
1.0,5,225.63954
1.0,9,225.671054
-1.0,11,225.712729
1.0,8,225.744722
1.0,5,225.757386
-1.0,8,225.785659
1.0,11,225.827908
-1.0,12,225.876238
1.0,5,225.899282
-1.0,9,225.950745
1.0,8,225.97771
-1.0,11,226.043506
1.0,6,226.069387
1.0,5,226.085054
-96.0,112,226.245593
1.0,5,226.262513
-1.0,5,226.281725
1.0,4,226.303204
1.0,7,226.336691
1.0,9,226.363861
1.0,6,226.394936
1.0,8,226.425303
1.0,5,226.441063
1.0,7,226.470411
1.0,6,226.489267
-1.0,10,226.52954
1.0,8,226.571664
1.0,5,226.595176
-1.0,5,226.613109
1.0,8,226.639144
1.0,12,226.680851
1.0,4,226.69666
1.0,4,226.710087
1.0,8,226.739984
1.0,5,226.760348
1.0,8,226.787588
1.0,4,226.800872
1.0,9,226.830324
1.0,6,226.848949
1.0,4,226.8641
1.0,4,226.879742
-1.0,10,226.919051
1.0,4,226.937963
1.0,4,226.960685
1.0,5,226.979221
-1.0,7,227.007418
1.0,10,227.035904
1.0,4,227.051048
1.0,8,227.075309
-1.0,7,227.101788
1.0,4,227.115234
1.0,10,227.152611
1.0,6,227.171507
1.0,5,227.187236
1.0,4,227.201384
-1.0,10,227.236305
1.0,12,227.276449
1.0,10,227.302416
1.0,5,227.318527
1.0,9,227.346948
1.0,7,227.390805
1.0,7,227.42739
1.0,11,227.484747
1.0,10,227.518983
1.0,4,227.530983
-39.0,49,227.605126
1.0,6,227.629022
1.0,6,227.653005
1.0,7,227.682877
1.0,4,227.694676
1.0,8,227.740998
1.0,4,227.763381
1.0,8,227.796248
-1.0,6,227.819841
-1.0,4,227.834866
1.0,4,227.850881
1.0,5,227.865591
-1.0,9,227.898614
1.0,9,227.933359
1.0,14,228.015816
1.0,4,228.032079
1.0,10,228.066686
-1.0,9,228.095759
1.0,5,228.115899
-1.0,8,228.143814
1.0,7,228.167504
1.0,10,228.202389
-1.0,9,228.266539
1.0,4,228.292873
1.0,4,228.322976
1.0,8,228.373708
1.0,5,228.396451
1.0,12,228.429475
1.0,8,228.450175
1.0,8,228.477476
1.0,4,228.498435
0.0,16,228.54539
-1.0,7,228.584982
1.0,5,228.605014
-1.0,10,228.648747
1.0,8,228.70043
-1.0,9,228.738724
1.0,8,228.767411
1.0,6,228.789773
-1.0,11,228.833385
1.0,4,228.847945
1.0,5,228.863143
1.0,4,228.876678
1.0,5,228.891351
1.0,4,228.902179
1.0,5,228.916364
1.0,4,228.941984
1.0,9,228.987687
1.0,5,229.00572
1.0,13,229.043206
1.0,8,229.068437
1.0,5,229.086375
1.0,5,229.101583
1.0,5,229.115092
-1.0,8,229.170563
1.0,9,229.227261
1.0,10,229.288482
1.0,6,229.313157
-1.0,6,229.333867
1.0,9,229.35479
1.0,7,229.380078
1.0,5,229.402127
1.0,5,229.438721
1.0,5,229.457297
-1.0,8,229.498792
1.0,6,229.520999
1.0,4,229.537181
1.0,8,229.563527
1.0,4,229.575222
1.0,4,229.586799
1.0,8,229.611156
-70.0,90,229.722029
1.0,10,229.754017
1.0,4,229.766789
-97.0,117,229.963759
-1.0,11,230.001026
1.0,5,230.016605
-1.0,8,230.040001
1.0,7,230.0589
1.0,9,230.089628
-1.0,7,230.112728
-1.0,8,230.160479
-1.0,7,230.188924
1.0,4,230.199959
1.0,4,230.216367
1.0,4,230.228756
1.0,12,230.278159
1.0,4,230.291873
1.0,4,230.30302
-59.0,72,230.416825
1.0,4,230.432224
1.0,4,230.448348
1.0,9,230.478914
-1.0,9,230.503287
1.0,6,230.523297
1.0,6,230.544461
1.0,4,230.556952
1.0,7,230.576083
1.0,4,230.591323
1.0,4,230.6032
1.0,4,230.613281
1.0,8,230.638251
1.0,6,230.660364
-1.0,5,230.674804
1.0,4,230.686846
1.0,6,230.710577
1.0,6,230.730124
1.0,4,230.744672
1.0,4,230.756087
1.0,5,230.770073
-1.0,7,230.792119
1.0,4,230.803628
1.0,5,230.820076
-1.0,10,230.857252
-1.0,5,230.87369
-1.0,11,230.911817
1.0,4,230.924419
1.0,8,230.947727
-1.0,6,230.972829
1.0,11,231.003551
1.0,8,231.028623
1.0,6,231.047631
1.0,4,231.061618
1.0,4,231.072639
1.0,12,231.110347
1.0,5,231.126998
1.0,5,231.14388
1.0,8,231.169028
1.0,4,231.183355
1.0,6,231.203721
1.0,4,231.218556
1.0,11,231.255661
1.0,5,231.273134
1.0,6,231.291295
1.0,4,231.305729
1.0,7,231.323718
1.0,5,231.338153
1.0,4,231.375079
1.0,4,231.408113
1.0,4,231.420612
1.0,5,231.434221
1.0,4,231.446703
1.0,8,231.473267
1.0,4,231.485171
1.0,10,231.520191
1.0,12,231.557001
1.0,6,231.575491
1.0,4,231.587362
1.0,7,231.60931
1.0,11,231.641172
-1.0,7,231.669665
1.0,5,231.685179
-1.0,7,231.707803
-1.0,12,231.775994
-1.0,9,231.84184
1.0,7,231.873995
1.0,5,231.886739
1.0,4,231.895941
1.0,7,231.940419
1.0,4,231.964241
1.0,5,231.983957
1.0,13,232.038125
1.0,4,232.06023
1.0,4,232.080884
1.0,4,232.09503
1.0,5,232.114219
-1.0,7,232.145149
1.0,5,232.160562
1.0,4,232.170743
1.0,4,232.181508
1.0,6,232.207476
1.0,4,232.217193
1.0,4,232.227866
1.0,5,232.242455
1.0,7,232.266437
1.0,4,232.278502
1.0,11,232.355104
-1.0,11,232.397238
1.0,5,232.416309
-1.0,10,232.446643
-1.0,6,232.469742
1.0,4,232.481623
1.0,7,232.503869
1.0,8,232.528602
1.0,4,232.542934
1.0,4,232.566713
1.0,4,232.602894
-1.0,8,232.665347
1.0,4,232.688201
1.0,7,232.745561
1.0,4,232.767679
1.0,4,232.782665
1.0,4,232.796786
1.0,7,232.819643
1.0,4,232.832845
1.0,4,232.858805
1.0,4,232.87694
1.0,4,232.890485
1.0,6,232.908012
1.0,4,232.919984
1.0,4,232.932181
1.0,6,232.951683
1.0,13,232.991963
1.0,5,233.007509
1.0,8,233.035083
1.0,4,233.047096
1.0,4,233.064406
1.0,4,233.085483
-1.0,9,233.143075
1.0,11,233.18607
1.0,4,233.207088
1.0,5,233.221867
1.0,4,233.23236
1.0,12,233.260656
1.0,4,233.27523
1.0,4,233.28651
1.0,4,233.297856
1.0,4,233.309619
1.0,4,233.322733
1.0,4,233.335197
1.0,4,233.34748
1.0,8,233.368615
1.0,5,233.386903
1.0,7,233.409973
1.0,8,233.438966
1.0,7,233.461734
1.0,8,233.488405
1.0,5,233.506676
1.0,4,233.518939
1.0,5,233.533679
1.0,8,233.616855
1.0,4,233.638921
1.0,8,233.662401
1.0,5,233.676125
1.0,7,233.703042
1.0,4,233.714854
1.0,9,233.742971
1.0,8,233.766548
1.0,4,233.781849
1.0,6,233.805715
1.0,4,233.819559
1.0,4,233.832582
1.0,5,233.850482
-1.0,12,233.891504
-1.0,10,233.923141
1.0,4,233.933698
1.0,12,233.998206
1.0,4,234.024168
1.0,9,234.063128
1.0,9,234.09497
1.0,4,234.108638
1.0,5,234.122646
-1.0,9,234.146652
1.0,4,234.161505
1.0,5,234.219461
1.0,12,234.262635
1.0,8,234.28886
1.0,4,234.302371
1.0,4,234.319144
1.0,9,234.347598
1.0,6,234.364777
-1.0,7,234.389198
-21.0,35,234.461811
1.0,7,234.489962
1.0,8,234.516228
1.0,8,234.552441
1.0,8,234.580101
-1.0,4,234.593665
1.0,4,234.608037
-1.0,9,234.63926
1.0,10,234.671828
-1.0,4,234.683014
1.0,5,234.702488
1.0,5,234.718615
1.0,4,234.744341
1.0,4,234.762438
1.0,4,234.775715
1.0,4,234.790433
1.0,4,234.809341
1.0,4,234.822819
1.0,8,234.853759
1.0,4,234.872562
1.0,4,234.893554
1.0,7,234.92392
1.0,4,234.948181
1.0,4,234.968415
1.0,6,234.996881
1.0,4,235.011004
1.0,4,235.025132
1.0,4,235.042343
1.0,4,235.055595
1.0,4,235.073142
1.0,4,235.098295
1.0,5,235.123944
1.0,5,235.147558
1.0,5,235.158204
1.0,4,235.173414
1.0,5,235.200788
1.0,4,235.220851
1.0,6,235.24765
1.0,4,235.268013
1.0,4,235.287705
1.0,9,235.326656
1.0,4,235.339312
1.0,4,235.354821
1.0,5,235.374565
1.0,4,235.391987
1.0,4,235.404021
1.0,6,235.421154
1.0,4,235.440155
1.0,4,235.463063
1.0,4,235.474934
1.0,5,235.491611
-1.0,12,235.539039
1.0,6,235.562211
1.0,5,235.597662
1.0,5,235.630552
1.0,10,235.683325
1.0,4,235.701061
1.0,4,235.727846
1.0,4,235.751102
1.0,4,235.775436
1.0,4,235.789991
1.0,4,235.801023
1.0,5,235.818619
1.0,6,235.842809
1.0,4,235.857844
1.0,4,235.870137
1.0,4,235.884037
1.0,12,235.927756
-1.0,13,235.976139
-1.0,11,236.010719
1.0,6,236.033602
1.0,4,236.050638
1.0,6,236.070954
1.0,4,236.085496
1.0,5,236.103082
1.0,6,236.124898
1.0,7,236.153735
1.0,4,236.172033
1.0,4,236.197473
1.0,4,236.222792
1.0,4,236.24289
1.0,4,236.258337
1.0,7,236.280181
1.0,6,236.299528
1.0,4,236.317594
1.0,5,236.332874
1.0,4,236.344352
1.0,5,236.359468
-1.0,9,236.397158
1.0,5,236.413934
1.0,4,236.426572
1.0,5,236.443467
1.0,4,236.459508
1.0,4,236.4734
1.0,7,236.49861
1.0,4,236.514464
-1.0,7,236.541058
1.0,5,236.557296
1.0,4,236.570844
1.0,4,236.584709
-1.0,8,236.618757
1.0,5,236.635689
1.0,5,236.650235
-1.0,9,236.675182
1.0,4,236.691149
1.0,4,236.70345
1.0,4,236.717824
1.0,4,236.78953
1.0,4,236.813514
-1.0,13,236.866412
1.0,4,236.877606
1.0,4,236.890633
1.0,5,236.909059
1.0,9,236.937596
1.0,4,236.950978
1.0,5,236.975096
1.0,4,236.99217
-1.0,7,237.016599
1.0,10,237.054024
1.0,4,237.071166
1.0,5,237.142841
1.0,4,237.160057
1.0,5,237.174871
1.0,4,237.189778
1.0,5,237.21137
1.0,5,237.227778
1.0,6,237.246076
-65.0,76,237.345703
1.0,5,237.368804
1.0,4,237.383145
1.0,7,237.404616
1.0,5,237.419406
1.0,6,237.44076
1.0,4,237.456866
1.0,5,237.480831
-1.0,9,237.516397
1.0,5,237.538077
-1.0,11,237.575887
1.0,4,237.587986
1.0,6,237.605944
1.0,4,237.624892
1.0,9,237.656622
1.0,7,237.681324
1.0,4,237.702667
1.0,7,237.726084
-1.0,7,237.760904
1.0,4,237.785394
-1.0,11,237.83764
1.0,6,237.860076
1.0,8,237.884252
1.0,4,237.89671
-1.0,9,237.924637
1.0,14,237.990497
1.0,7,238.0286
1.0,5,238.06197
1.0,5,238.091137
1.0,4,238.122026
1.0,5,238.140278
1.0,10,238.176031
1.0,4,238.187661
1.0,4,238.204666
1.0,4,238.218864
1.0,4,238.233075
1.0,11,238.278343
1.0,7,238.313771
1.0,9,238.346693
1.0,4,238.361597
1.0,4,238.373458
1.0,6,238.397481
1.0,5,238.413802
1.0,5,238.432283
1.0,5,238.449873
1.0,6,238.473342
1.0,5,238.492728
1.0,10,238.529543
-1.0,5,238.545262
1.0,9,238.574373
1.0,4,238.590364
1.0,4,238.604372
1.0,5,238.62563
1.0,4,238.65207
1.0,6,238.677511
1.0,4,238.691306
1.0,9,238.725455
1.0,8,238.765544
1.0,6,238.787096
-1.0,8,238.811148
1.0,4,238.824894
1.0,4,238.840722
1.0,13,238.884822
1.0,5,238.903562
1.0,4,238.916551
-1.0,7,238.948354
1.0,10,238.981681
1.0,8,239.007181
1.0,9,239.036424
1.0,4,239.049465
1.0,5,239.063268
1.0,5,239.08093
1.0,8,239.108127
-1.0,12,239.156331
1.0,10,239.193242
1.0,4,239.207032
1.0,4,239.219825
-1.0,10,239.257572
1.0,9,239.342378
1.0,4,239.358678
1.0,5,239.37728
-1.0,11,239.425913
1.0,4,239.439446
1.0,4,239.454192
1.0,9,239.485903
1.0,4,239.502389
1.0,10,239.535336
1.0,8,239.567531
1.0,5,239.587479
1.0,5,239.605176
1.0,10,239.640735
1.0,4,239.654064
1.0,4,239.66767
1.0,4,239.683722
1.0,8,239.708121
1.0,8,239.734972
1.0,4,239.746194
1.0,8,239.773286
1.0,7,239.79504
1.0,5,239.820774
1.0,5,239.848098
1.0,4,239.86388
1.0,4,239.88312
-1.0,11,239.924221
-1.0,16,239.992043
1.0,6,240.020548
1.0,5,240.039063
1.0,5,240.107463
1.0,5,240.136509
1.0,5,240.155298
1.0,7,240.178446
1.0,4,240.191865
1.0,7,240.215326
1.0,4,240.23602
1.0,7,240.261801
1.0,6,240.283433
1.0,4,240.297765
-1.0,8,240.331559
1.0,4,240.34544
1.0,8,240.375019
1.0,4,240.388078
1.0,6,240.407711
1.0,13,240.458523
1.0,4,240.528866
1.0,4,240.549777
1.0,8,240.578517
1.0,7,240.604953
1.0,5,240.632813
1.0,5,240.664919
1.0,4,240.684891
1.0,4,240.699653
-1.0,9,240.727754
1.0,11,240.768447
1.0,6,240.789403
1.0,4,240.801297
1.0,13,240.845247
1.0,4,240.855317
-1.0,9,240.886472
1.0,5,240.908115
1.0,7,240.934542
1.0,6,240.953294
1.0,4,240.972124
1.0,6,240.997546
1.0,10,241.039952
1.0,4,241.054034
1.0,13,241.095176
1.0,5,241.113198
1.0,4,241.130259
1.0,4,241.144601
1.0,5,241.163152
1.0,6,241.183643
1.0,4,241.198507
1.0,4,241.211011
1.0,4,241.225076
-1.0,10,241.262775
1.0,6,241.282476
-51.0,69,241.398244
1.0,4,241.416831
1.0,5,241.431584
0.0,15,241.479684
1.0,15,241.572155
1.0,4,241.595503
-1.0,10,241.636577
1.0,11,241.680153
1.0,4,241.699477
1.0,4,241.716923
1.0,4,241.730111
1.0,8,241.756305
1.0,4,241.766941
1.0,6,241.786101
1.0,8,241.805269
-1.0,10,241.836278
1.0,4,241.84989
-1.0,12,241.906378
1.0,4,241.920373
-1.0,9,241.952601
1.0,7,241.9832
1.0,4,241.999091
-1.0,11,242.032182
1.0,8,242.058478
-1.0,12,242.104236
-1.0,11,242.140541
-1.0,10,242.198998
1.0,5,242.219647
1.0,5,242.233909
1.0,9,242.271352
1.0,5,242.290065
1.0,8,242.31767
1.0,8,242.346051
-1.0,7,242.378645
1.0,6,242.43617
1.0,4,242.448343
1.0,4,242.461477
1.0,5,242.479214
-1.0,8,242.507445
-1.0,12,242.54792
-1.0,6,242.580579
-1.0,10,242.633967
1.0,12,242.679996
1.0,8,242.709135
-1.0,7,242.735044
1.0,4,242.749325
-70.0,87,242.911619
-1.0,10,242.941302
-1.0,10,243.100641
1.0,7,243.128714
-1.0,7,243.15925
1.0,8,243.193172
-1.0,10,243.230756
1.0,4,243.245239
1.0,8,243.276515
1.0,6,243.299102
1.0,4,243.314497
1.0,10,243.361491
1.0,9,243.39726
-1.0,9,243.428114
1.0,5,243.445202
-1.0,10,243.484213
-1.0,4,243.505816
1.0,4,243.523174
1.0,4,243.541312
1.0,4,243.56006
-1.0,9,243.595975
1.0,5,243.616565
-1.0,8,243.647307
1.0,4,243.672303
-1.0,8,243.698395
-1.0,13,243.74007
1.0,4,243.749959
1.0,5,243.766983
1.0,5,243.781733
-78.0,92,243.901238
1.0,4,243.918264
-1.0,8,243.953259
1.0,12,244.001894
-1.0,12,244.052529
-1.0,10,244.086381
1.0,14,244.153809
-44.0,59,244.315192
1.0,4,244.331001
1.0,4,244.346033
1.0,10,244.379487
1.0,4,244.394439
1.0,8,244.423495
1.0,5,244.442701
1.0,4,244.463237
1.0,4,244.478148
-1.0,7,244.508739
1.0,5,244.526322
1.0,4,244.543491
1.0,6,244.572917
1.0,5,244.591179
1.0,4,244.611731
1.0,8,244.643268
1.0,7,244.67446
1.0,8,244.7082
1.0,4,244.724203
1.0,4,244.742516
1.0,4,244.757164
1.0,9,244.787815
-1.0,9,244.838843
1.0,4,244.863653
-1.0,9,244.922135
1.0,8,244.961251
-1.0,8,245.02592
1.0,4,245.053308
1.0,4,245.070792
1.0,5,245.087306
-1.0,10,245.119535
1.0,4,245.136495
1.0,4,245.149014
1.0,4,245.161214
1.0,5,245.176585
-17.0,33,245.239314
1.0,4,245.250989
1.0,4,245.263176
1.0,5,245.2816
1.0,12,245.327168
1.0,4,245.338948
1.0,4,245.350887
1.0,4,245.363235
-1.0,6,245.402835
1.0,4,245.417861
1.0,4,245.432333
1.0,4,245.444393
-1.0,11,245.481107
1.0,10,245.510139
1.0,4,245.52268
1.0,4,245.542688
1.0,9,245.573494
1.0,4,245.582836
1.0,5,245.599043
1.0,5,245.611607
1.0,4,245.625172
1.0,4,245.640678
-1.0,8,245.66941
1.0,8,245.689138
1.0,6,245.709559
1.0,5,245.726273
1.0,5,245.740309
1.0,4,245.755346
1.0,5,245.774759
-1.0,9,245.808998
-1.0,10,245.841828
1.0,9,245.873705
-2.0,12,245.955261
1.0,4,245.990493
1.0,4,246.014289
-1.0,10,246.092268
1.0,4,246.123909
1.0,4,246.138954
1.0,4,246.151111
1.0,4,246.163228
1.0,4,246.188359
-1.0,10,246.245795
1.0,5,246.262369
1.0,4,246.273858
1.0,4,246.28931
-1.0,7,246.312543
1.0,9,246.339679
1.0,7,246.359347
1.0,5,246.378185
1.0,4,246.387987
0.0,15,246.430287
1.0,9,246.457316
1.0,4,246.471719
1.0,5,246.488497
1.0,6,246.522931
1.0,5,246.55618
1.0,8,246.591978
1.0,7,246.636686
-1.0,11,246.688147
1.0,4,246.700397
1.0,4,246.715787
1.0,4,246.728263
-1.0,6,246.749922
1.0,5,246.768182
1.0,4,246.817758
-1.0,11,246.858635
-1.0,6,246.877978
1.0,4,246.889329
1.0,5,246.904512
1.0,5,246.920878
1.0,4,246.933436
1.0,6,246.951765
-1.0,7,246.976391
1.0,7,246.992024
1.0,4,247.006777
1.0,4,247.018713
1.0,4,247.035795
1.0,4,247.045539
1.0,10,247.077897
1.0,8,247.102292
-1.0,6,247.123769
1.0,9,247.152132
1.0,4,247.163961
1.0,4,247.174708
1.0,4,247.194288
1.0,4,247.206069
1.0,4,247.217834
1.0,4,247.227844
1.0,4,247.246867
1.0,5,247.265257
-12.0,25,247.315511
1.0,4,247.326411
1.0,7,247.351129
1.0,4,247.361315
-1.0,6,247.378268
-1.0,14,247.443413
1.0,4,247.468426
1.0,6,247.48886
1.0,7,247.514729
1.0,4,247.526345
1.0,4,247.538487
-1.0,7,247.558732
-1.0,11,247.594263
1.0,5,247.607312
1.0,5,247.63271
1.0,4,247.65814
-1.0,7,247.692436
1.0,4,247.704822
-1.0,12,247.747349
1.0,4,247.759353
1.0,6,247.776939
1.0,13,247.826665
1.0,4,247.844251
1.0,10,247.871363
1.0,5,247.886233
1.0,4,247.89667
1.0,5,247.916196
1.0,4,247.927932
1.0,8,247.952247
1.0,4,247.96408
1.0,9,247.994878
1.0,5,248.014946
1.0,9,248.0432
1.0,6,248.06155
1.0,14,248.126031
-1.0,9,248.163585
1.0,5,248.178556
1.0,11,248.213834
1.0,8,248.240987
1.0,4,248.264965
-1.0,7,248.29374
1.0,5,248.310134
1.0,7,248.338346
1.0,5,248.352158
1.0,6,248.373081
-1.0,11,248.404949
1.0,4,248.422254
1.0,4,248.433803
-1.0,15,248.478845
1.0,4,248.491101
1.0,4,248.507551
1.0,4,248.520282
1.0,12,248.560219
-1.0,12,248.648165
1.0,4,248.679588
1.0,9,248.731243
1.0,5,248.749291
1.0,4,248.760918
1.0,7,248.783084
1.0,4,248.796891
1.0,7,248.821424
1.0,4,248.845892
-1.0,10,248.898926
1.0,10,248.940287
1.0,4,248.962629
1.0,6,249.012239
1.0,5,249.041452
1.0,4,249.056853
1.0,5,249.073693
1.0,4,249.084231
1.0,4,249.100779
1.0,12,249.184523
1.0,8,249.233635
1.0,10,249.271849
1.0,4,249.294637
1.0,5,249.314438
1.0,9,249.343693
1.0,5,249.357751
1.0,4,249.370466
1.0,12,249.406884
1.0,15,249.503094
1.0,5,249.537692
1.0,11,249.614655
-12.0,25,249.719834
1.0,5,249.743271
1.0,6,249.759582
-1.0,7,249.782203
1.0,4,249.795938
1.0,8,249.821071
1.0,6,249.842294
1.0,14,249.909485
-1.0,11,249.948921
1.0,4,249.960732
1.0,4,249.973599
-1.0,12,250.012707
1.0,6,250.040241
1.0,9,250.084418
1.0,4,250.097432
-1.0,7,250.12733
1.0,5,250.142489
1.0,5,250.156935
1.0,4,250.168917
1.0,9,250.199743
1.0,5,250.215882
1.0,5,250.229874
1.0,5,250.245203
1.0,7,250.266381
1.0,5,250.279809
1.0,4,250.291921
1.0,4,250.306032
1.0,5,250.326326
1.0,4,250.339021
-15.0,29,250.401137
1.0,5,250.439304
1.0,4,250.475284
1.0,5,250.505619
1.0,10,250.564488
-1.0,4,250.578728
1.0,4,250.600325
1.0,13,250.635504
1.0,5,250.660869
1.0,4,250.679227
1.0,4,250.694214
1.0,4,250.708069
1.0,4,250.720011
1.0,4,250.731921
1.0,4,250.747603
1.0,4,250.761033
-1.0,11,250.794922
1.0,5,250.811406
1.0,4,250.824824
1.0,8,250.849616
1.0,6,250.873236
-9.0,23,250.917294
1.0,4,250.933453
1.0,4,250.946934
-1.0,4,250.959838
1.0,4,250.972253
1.0,5,250.994481
1.0,5,251.010395
-1.0,9,251.037782
1.0,5,251.052119
1.0,5,251.071206
-63.0,75,251.163603
1.0,4,251.179059
1.0,4,251.194964
1.0,4,251.210788
1.0,4,251.232349
1.0,11,251.285664
-1.0,8,251.3149
1.0,5,251.334891
1.0,4,251.346505
1.0,4,251.358578
1.0,4,251.370431
1.0,4,251.385366
1.0,4,251.396035
1.0,5,251.412499
1.0,5,251.440463
1.0,4,251.466018
1.0,4,251.485451
1.0,4,251.498985
1.0,4,251.511195
1.0,8,251.541344
1.0,5,251.556161
1.0,9,251.58776
1.0,5,251.605315
1.0,4,251.618086
1.0,4,251.630741
1.0,4,251.640713
-1.0,7,251.662129
1.0,4,251.675995
1.0,9,251.722377
1.0,4,251.739412
1.0,5,251.757576
1.0,4,251.771268
1.0,10,251.80135
1.0,5,251.818232
1.0,12,251.869098
1.0,4,251.888262
1.0,7,251.908322
1.0,10,251.941328
1.0,5,251.955357
-91.0,106,252.087872
1.0,4,252.104854
1.0,4,252.118607
1.0,4,252.134353
1.0,4,252.149859
1.0,6,252.177081
1.0,4,252.201402
1.0,4,252.230447
1.0,4,252.260426
-1.0,12,252.307956
1.0,4,252.333431
1.0,10,252.40415
1.0,5,252.427887
1.0,5,252.461849
1.0,4,252.493071
1.0,5,252.531037
1.0,4,252.560125
1.0,4,252.586041
1.0,6,252.629027
1.0,4,252.650097
1.0,8,252.678098
1.0,12,252.71777
-1.0,8,252.747216
1.0,11,252.811879
1.0,4,252.845503
1.0,5,252.881788
-1.0,13,252.94766
1.0,5,252.965183
1.0,4,252.981763
1.0,5,253.005134
1.0,4,253.016131
1.0,5,253.032175
1.0,6,253.053693
1.0,13,253.123492
1.0,5,253.136858
1.0,6,253.153696
-1.0,10,253.187334
-1.0,8,253.216086
1.0,4,253.236619
1.0,4,253.252744
1.0,5,253.277473
1.0,10,253.318918
1.0,4,253.333324
1.0,9,253.363696
-1.0,14,253.412303
-1.0,9,253.448739
1.0,4,253.460806
-1.0,7,253.48287
1.0,7,253.508768
1.0,5,253.527954
1.0,6,253.548733
1.0,7,253.574781
-1.0,7,253.59924
-1.0,8,253.627612
1.0,4,253.64149
1.0,4,253.654045
1.0,6,253.677912
1.0,4,253.68934
1.0,4,253.700547
1.0,7,253.728328
1.0,5,253.747907
1.0,12,253.805964
1.0,6,253.844114
1.0,4,253.863272
1.0,4,253.884609
1.0,10,253.91756
1.0,6,253.934147
1.0,4,253.94575
1.0,9,253.977871
1.0,5,253.991764
1.0,9,254.025882
1.0,4,254.041014
1.0,6,254.065789
1.0,5,254.080513
1.0,5,254.095129
1.0,11,254.128489
1.0,5,254.160351
1.0,6,254.205726
1.0,4,254.221335
-1.0,9,254.251973
1.0,9,254.324188
1.0,5,254.359422
1.0,4,254.383908
1.0,5,254.419641
1.0,10,254.454576
1.0,4,254.468067
1.0,11,254.506314
-1.0,6,254.527689
1.0,4,254.543397
-1.0,14,254.596026
1.0,4,254.608389
1.0,10,254.643753
1.0,6,254.669533
1.0,6,254.687068
1.0,5,254.703522
-49.0,63,254.793195
1.0,5,254.814501
1.0,4,254.827111
1.0,8,254.852235
1.0,4,254.864829
1.0,9,254.898522
1.0,10,254.932472
1.0,8,254.963668
1.0,5,254.988847
1.0,4,255.00459
1.0,4,255.018409
1.0,7,255.038321
1.0,5,255.061011
1.0,4,255.08057
-1.0,9,255.117497
-1.0,6,255.137431
1.0,4,255.148554
1.0,4,255.171197
1.0,4,255.182833
1.0,5,255.197006
1.0,4,255.211931
1.0,4,255.229429
1.0,5,255.246614
1.0,8,255.302588
1.0,5,255.34127
1.0,4,255.379033
1.0,9,255.440469
1.0,5,255.47049
1.0,7,255.507436
1.0,4,255.529359
1.0,5,255.563404
1.0,7,255.587644
1.0,11,255.622287
1.0,6,255.642764
1.0,8,255.665161
-1.0,9,255.696475
1.0,5,255.711877
1.0,6,255.74722
1.0,7,255.771317
1.0,13,255.824805
1.0,4,255.837048
1.0,4,255.851426
1.0,7,255.871032
1.0,4,255.881762
1.0,5,255.896007
1.0,4,255.912146
-1.0,7,255.933618
1.0,4,255.943715
1.0,8,255.966179
1.0,4,255.982223
1.0,4,255.994285
1.0,6,256.01451
1.0,5,256.029407
1.0,10,256.063061
1.0,4,256.075439
1.0,7,256.107814
1.0,4,256.13914
-32.0,47,256.280307
1.0,6,256.315387
1.0,7,256.344445
1.0,6,256.370792
1.0,8,256.400789
1.0,6,256.417184
1.0,4,256.429392
1.0,4,256.438594
-1.0,8,256.466601
1.0,11,256.50158
1.0,6,256.520149
1.0,5,256.538023
-1.0,7,256.609201
1.0,4,256.620815
1.0,12,256.657588
-1.0,7,256.678905
1.0,10,256.712214
1.0,4,256.72684
1.0,15,256.765292
1.0,9,256.792818
1.0,4,256.811259
1.0,9,256.836458
1.0,5,256.850675
1.0,4,256.862882
1.0,4,256.875905
1.0,4,256.887251
1.0,6,256.906423
1.0,10,256.93588
1.0,5,256.959227
1.0,5,256.975065
1.0,5,256.989542
1.0,4,257.007174
1.0,6,257.031977
1.0,7,257.051206
1.0,4,257.063884
1.0,4,257.075831
1.0,4,257.094193
1.0,9,257.123353
1.0,9,257.149868
1.0,4,257.159571
1.0,4,257.174115
1.0,5,257.202277
1.0,4,257.232161
1.0,8,257.285103
1.0,6,257.312
-1.0,11,257.345405
1.0,8,257.36944
1.0,4,257.380342
-1.0,6,257.404883
1.0,4,257.41593
1.0,9,257.435914
1.0,4,257.448225
-1.0,7,257.474
-1.0,8,257.531637
1.0,4,257.54119
1.0,4,257.553771
1.0,5,257.568536
1.0,4,257.579359
-1.0,11,257.613198
1.0,4,257.622307
1.0,9,257.650951
1.0,5,257.665502
1.0,4,257.677075
1.0,11,257.710369
1.0,12,257.747935
1.0,4,257.758881
1.0,4,257.770365
1.0,7,257.793364
-1.0,10,257.824514
-1.0,8,257.882728
-1.0,8,257.926132
1.0,4,257.938087
-1.0,9,257.977815
1.0,4,257.991938
1.0,9,258.01763
1.0,9,258.055703
1.0,7,258.09079
1.0,6,258.115373
1.0,4,258.129151
1.0,11,258.171428
1.0,8,258.201673
1.0,4,258.213688
-1.0,9,258.23962
1.0,5,258.255833
1.0,7,258.278055
1.0,9,258.302422
1.0,4,258.313522
1.0,4,258.326015
-1.0,7,258.351486
1.0,4,258.363376
1.0,8,258.388151
1.0,5,258.405364
1.0,4,258.419662
1.0,10,258.450917
1.0,6,258.470306
1.0,7,258.50567
1.0,5,258.539762
1.0,4,258.568153
1.0,5,258.590564
1.0,7,258.619898
1.0,4,258.636305
-1.0,6,258.651328
1.0,5,258.667703
1.0,7,258.687114
1.0,4,258.699843
1.0,4,258.711539
1.0,6,258.733941
1.0,10,258.762097
1.0,4,258.776905
1.0,11,258.80579
1.0,6,258.822647
1.0,4,258.833107
1.0,4,258.846195
1.0,13,258.886376
1.0,6,258.903967
1.0,9,258.931225
1.0,5,258.950119
-1.0,8,258.987627
1.0,4,258.999967
1.0,4,259.011815
1.0,11,259.06018
1.0,6,259.086102
1.0,5,259.099464
1.0,4,259.11653
1.0,5,259.13711
1.0,4,259.150522
1.0,8,259.192855
1.0,12,259.27011
1.0,6,259.291822
1.0,4,259.304555
1.0,4,259.316467
1.0,4,259.32746
1.0,4,259.341268
1.0,4,259.352977
1.0,7,259.376288
-1.0,9,259.409051
1.0,10,259.440751
1.0,12,259.475775
1.0,12,259.51093
1.0,4,259.522896
1.0,11,259.613711
1.0,9,259.65759
1.0,4,259.669251
1.0,8,259.693203
-1.0,12,259.726614
1.0,5,259.741931
1.0,4,259.753607
-1.0,8,259.779337
-1.0,6,259.799973
1.0,7,259.821721
1.0,7,259.843224
-1.0,7,259.870491
-1.0,7,259.906675
-1.0,11,259.94475
-1.0,9,259.988634
-1.0,9,260.062514
1.0,4,260.081226
1.0,5,260.098114
1.0,8,260.122382
1.0,5,260.136573
1.0,8,260.164006
1.0,8,260.184053
1.0,7,260.205502
-1.0,8,260.23502
1.0,9,260.299656
-1.0,7,260.355867
-44.0,61,260.464815
1.0,4,260.476633
1.0,4,260.489576
1.0,5,260.504816
1.0,4,260.516603
1.0,9,260.546052
-1.0,7,260.568959
1.0,4,260.581858
1.0,5,260.599178
1.0,4,260.62053
-1.0,11,260.691152
1.0,8,260.716666
1.0,4,260.728619
1.0,6,260.747019
-101.0,116,260.867447
1.0,4,260.877065
1.0,6,260.892553
1.0,5,260.907228
1.0,4,260.921114
1.0,9,260.950676
1.0,4,260.963
1.0,4,260.973385
1.0,4,260.993936
1.0,6,261.036523
1.0,5,261.073269
1.0,8,261.118923
-1.0,9,261.156797
1.0,5,261.170691
1.0,14,261.20941
-1.0,10,261.241259
1.0,9,261.271166
1.0,5,261.290809
1.0,8,261.3355
1.0,6,261.355227
1.0,4,261.369625
1.0,5,261.383567
-1.0,10,261.418046
1.0,4,261.430846
1.0,4,261.444404
1.0,7,261.459963
-1.0,10,261.496546
1.0,4,261.513396
-1.0,8,261.541487
1.0,4,261.553168
1.0,4,261.565397
1.0,4,261.578048
-1.0,11,261.61524
1.0,7,261.632712
-1.0,6,261.651334
1.0,5,261.664353
1.0,8,261.691875
1.0,8,261.722754
1.0,6,261.745837
1.0,4,261.759501
1.0,9,261.792774
1.0,4,261.807353
1.0,4,261.819521
1.0,10,261.853152
1.0,4,261.870649
-1.0,8,261.899055
-1.0,8,261.923004
1.0,9,261.956853
1.0,6,261.983562
1.0,4,262.001738
1.0,8,262.047926
-1.0,7,262.08787
1.0,5,262.102
1.0,8,262.124779
1.0,7,262.145819
1.0,5,262.160244
1.0,6,262.222333
1.0,4,262.238462
1.0,4,262.249696
1.0,5,262.264047
1.0,5,262.283311
1.0,5,262.313236
1.0,4,262.340271
1.0,4,262.356713
-1.0,9,262.389688
1.0,7,262.410392
1.0,4,262.421945
1.0,4,262.433483
1.0,4,262.446437
1.0,12,262.480745
1.0,4,262.492737
1.0,4,262.504916
1.0,4,262.517366
1.0,10,262.543103
-135.0,152,262.710829
1.0,4,262.722879
1.0,10,262.758467
1.0,11,262.798451
1.0,5,262.81828
1.0,4,262.829937
1.0,4,262.854888
1.0,8,262.923349
1.0,9,262.95417
1.0,11,262.987781
-46.0,57,263.075372
-1.0,11,263.108805
1.0,10,263.140005
1.0,7,263.162588
1.0,4,263.18885
1.0,11,263.226097
1.0,13,263.297332
1.0,5,263.317239
1.0,4,263.345613
1.0,4,263.372487
1.0,8,263.40952
1.0,11,263.449089
1.0,8,263.479122
1.0,4,263.491689
1.0,6,263.515891
1.0,6,263.546021
-1.0,8,263.580691
1.0,6,263.59723
1.0,4,263.610389
1.0,4,263.62237
1.0,7,263.649712
1.0,4,263.660376
1.0,9,263.686519
-1.0,13,263.73373
1.0,8,263.762619
1.0,4,263.774226
1.0,4,263.786142
1.0,6,263.801938
-1.0,6,263.823929
1.0,10,263.855489
1.0,5,263.872106
1.0,8,263.907956
1.0,4,263.924249
1.0,13,263.958735
1.0,4,263.970368
1.0,6,263.98892
1.0,4,264.002748
1.0,4,264.013539
1.0,4,264.025686
1.0,13,264.058363
1.0,4,264.072733
1.0,5,264.086783
1.0,4,264.097521
1.0,9,264.126153
1.0,8,264.153896
1.0,10,264.182572
1.0,5,264.194898
1.0,7,264.220728
-1.0,7,264.244483
1.0,11,264.277897
1.0,8,264.302819
1.0,4,264.312353
1.0,4,264.327298
1.0,7,264.345646
1.0,4,264.357677
1.0,6,264.375724
-1.0,11,264.414819
1.0,9,264.44236
1.0,4,264.45548
1.0,9,264.480453
1.0,4,264.49471
1.0,4,264.504466
1.0,5,264.519046
1.0,5,264.537055
-1.0,6,264.563195
1.0,4,264.57459
1.0,4,264.583982
1.0,5,264.594175
1.0,4,264.613872
1.0,9,264.651078
1.0,10,264.679979
1.0,5,264.693479
1.0,6,264.714785
-1.0,8,264.740293
-1.0,12,264.775627
1.0,10,264.803033
1.0,4,264.818062
1.0,4,264.832663
1.0,4,264.84684
1.0,6,264.875742
1.0,4,264.893216
1.0,5,264.907999
1.0,4,264.921237
1.0,4,264.934859
1.0,6,264.958761
-1.0,12,264.998291
1.0,7,265.019769
1.0,11,265.054574
1.0,7,265.076691
-1.0,9,265.103592
1.0,4,265.115517
-1.0,7,265.13484
1.0,5,265.151618
-1.0,7,265.175298
1.0,9,265.20834
1.0,7,265.231889
1.0,4,265.247437
-1.0,8,265.272841
1.0,4,265.284993
1.0,9,265.314351
1.0,7,265.343258
1.0,4,265.357777
-1.0,11,265.409984
1.0,4,265.43522
1.0,5,265.455548
-1.0,8,265.480532
1.0,9,265.507913
1.0,4,265.521633
1.0,4,265.537834
-1.0,6,265.555556
-1.0,8,265.57711
1.0,5,265.591386
1.0,4,265.604708
1.0,5,265.619566
-1.0,6,265.637914
1.0,4,265.679058
1.0,8,265.721129
1.0,4,265.733232
1.0,5,265.745878
1.0,4,265.766333
1.0,6,265.786379
1.0,8,265.814677
1.0,4,265.828735
1.0,6,265.843572
1.0,7,265.890136
1.0,4,265.912833
1.0,11,265.956783
-1.0,7,265.981064
1.0,4,265.99613
1.0,4,266.009637
1.0,4,266.022596
1.0,4,266.032794
-1.0,11,266.071065
1.0,4,266.08243
1.0,13,266.116823
1.0,4,266.128511
1.0,4,266.147502
-1.0,10,266.178515
1.0,4,266.195486
-1.0,8,266.230156
1.0,4,266.247352
1.0,5,266.262137
1.0,14,266.298775
-1.0,14,266.338772
1.0,5,266.356246
-1.0,9,266.382706
1.0,10,266.418249
1.0,11,266.460321
1.0,5,266.481054
1.0,4,266.493805
1.0,4,266.506912
-1.0,9,266.543605
-1.0,10,266.577527
1.0,4,266.590256
-1.0,9,266.622412
1.0,5,266.641661
1.0,4,266.660137
1.0,9,266.68579
1.0,9,266.711674
1.0,5,266.724206
-115.0,126,266.863351
-1.0,5,266.879985
1.0,9,266.911874
1.0,10,266.960113
1.0,4,266.989264
-1.0,9,267.040697
1.0,10,267.093993
1.0,4,267.10568
1.0,4,267.119556
1.0,4,267.132038
1.0,4,267.142787
1.0,4,267.159542
1.0,4,267.176755
1.0,8,267.20998
1.0,4,267.225069
1.0,5,267.239579
-1.0,9,267.27677
1.0,9,267.309646
1.0,5,267.32592
1.0,4,267.340968
1.0,4,267.355149
1.0,11,267.398311
1.0,6,267.421661
-1.0,9,267.483532
1.0,10,267.547143
1.0,4,267.57538
1.0,5,267.609464
1.0,5,267.64043
1.0,5,267.671385
1.0,4,267.688139
1.0,4,267.705071
1.0,7,267.729309
-1.0,8,267.761104
1.0,4,267.770953
1.0,4,267.784766
1.0,6,267.802244
-1.0,7,267.824354
1.0,6,267.841713
1.0,4,267.852906
-1.0,8,267.880795
1.0,4,267.899235
1.0,8,267.921137
1.0,7,267.942677
1.0,5,267.957768
1.0,4,267.971315
-1.0,15,268.017242
1.0,5,268.031818
-1.0,8,268.057985
1.0,4,268.075336
1.0,8,268.103424
1.0,5,268.120606
1.0,6,268.137414
1.0,4,268.152883
1.0,4,268.16487
1.0,4,268.17534
1.0,4,268.188541
-1.0,13,268.232639
1.0,10,268.263664
1.0,4,268.279207
-1.0,8,268.310779
1.0,4,268.331475
-1.0,6,268.360963
1.0,5,268.391934
1.0,4,268.405364
1.0,4,268.420908
1.0,8,268.442489
1.0,6,268.460108
1.0,4,268.471501
1.0,4,268.485761
1.0,4,268.497661
1.0,4,268.509856
1.0,5,268.524027
1.0,5,268.542845
1.0,4,268.555097
1.0,5,268.569966
1.0,4,268.584794
1.0,7,268.613163
1.0,10,268.648134
1.0,12,268.686771
1.0,5,268.70118
1.0,4,268.715722
1.0,5,268.733512
1.0,8,268.758497
-1.0,4,268.774334
1.0,4,268.789341
1.0,9,268.824853
-1.0,10,268.878344
1.0,8,268.900862
1.0,9,268.934452
1.0,4,268.947555
1.0,5,268.960976
1.0,5,268.992263
1.0,4,269.022749
1.0,8,269.050333
1.0,4,269.062685
1.0,4,269.07421
1.0,7,269.098078
1.0,5,269.126209
1.0,4,269.142164
1.0,14,269.226496
1.0,6,269.250963
1.0,4,269.270853
1.0,4,269.287445
-1.0,16,269.341026
1.0,6,269.362679
1.0,4,269.375224
1.0,4,269.390794
1.0,6,269.422262
1.0,7,269.45824
-1.0,11,269.49314
1.0,5,269.508157
1.0,5,269.524113
1.0,9,269.567218
1.0,5,269.589354
1.0,8,269.625279
-37.0,49,269.714189
-1.0,5,269.739209
1.0,6,269.759285
1.0,10,269.792527
1.0,4,269.804494
-1.0,7,269.830536
1.0,8,269.855373
1.0,6,269.872067
1.0,8,269.901939
1.0,9,269.93893
1.0,13,269.982176
1.0,6,269.99918
1.0,4,270.014835
-1.0,8,270.070195
1.0,5,270.095122
1.0,5,270.110765
-1.0,10,270.13632
1.0,4,270.150488
1.0,6,270.176219
1.0,9,270.19935
1.0,7,270.222937
1.0,4,270.23784
-1.0,10,270.267226
-1.0,7,270.289574
1.0,4,270.304454
1.0,7,270.3289
1.0,6,270.345302
1.0,12,270.379385
1.0,4,270.390156
-1.0,7,270.429384
1.0,4,270.458166
1.0,7,270.496919
1.0,4,270.526855
1.0,4,270.561698
-1.0,8,270.619933
-1.0,9,270.67283
1.0,10,270.706168
1.0,5,270.723564
-1.0,7,270.747922
1.0,9,270.767771
1.0,4,270.782419
1.0,6,270.801136
1.0,6,270.824041
-1.0,6,270.84472
1.0,5,270.861493
-1.0,10,270.898384
1.0,5,270.911872
-1.0,7,270.934589
1.0,6,270.953645
1.0,11,270.987094
1.0,7,271.009232
-1.0,10,271.03905
-1.0,12,271.078446
1.0,4,271.092689
1.0,9,271.119851
1.0,6,271.162511
1.0,7,271.214831
1.0,6,271.253136
-1.0,7,271.278754
1.0,6,271.300489
1.0,12,271.3388
1.0,4,271.3533
1.0,7,271.374507
1.0,6,271.393012
-6.0,16,271.442941
1.0,4,271.459984
1.0,8,271.482055
1.0,5,271.49654
1.0,11,271.52904
1.0,4,271.544736
1.0,4,271.556794
-1.0,11,271.589584
1.0,8,271.613795
1.0,10,271.643193
1.0,6,271.657207
1.0,5,271.672133
1.0,7,271.697391
1.0,6,271.716008
-1.0,8,271.740663
1.0,6,271.759245
1.0,5,271.770811
1.0,5,271.798146
1.0,5,271.836838
1.0,9,271.884417
1.0,5,271.898859
1.0,8,271.933893
1.0,10,271.985446
1.0,4,271.996056
-284.0,304,272.350695
1.0,4,272.366815
1.0,4,272.380015
1.0,5,272.39417
1.0,7,272.414902
1.0,5,272.452381
1.0,11,272.517308
1.0,4,272.529438
1.0,9,272.557492
-29.0,43,272.628591
1.0,5,272.64308
1.0,6,272.659777
1.0,6,272.679783
1.0,5,272.697997
1.0,6,272.718029
1.0,7,272.738924
-5.0,19,272.783018
1.0,7,272.829029
1.0,13,272.876109
1.0,4,272.887925
1.0,5,272.901482
-1.0,12,272.949147
1.0,7,272.969872
1.0,8,273.015335
1.0,5,273.054695
-1.0,7,273.089416
1.0,4,273.101825
1.0,7,273.124019
1.0,7,273.146924
-1.0,7,273.16998
1.0,7,273.191377
-1.0,15,273.236965
1.0,4,273.246531
-1.0,12,273.286252
-1.0,6,273.304534
1.0,7,273.326814
1.0,7,273.348829
1.0,4,273.362197
1.0,5,273.377484
-1.0,8,273.399947
1.0,7,273.422265
1.0,5,273.442588
1.0,11,273.47628
1.0,8,273.498976
1.0,6,273.51641
1.0,4,273.529132
-1.0,10,273.555066
1.0,10,273.584508
1.0,4,273.595841
1.0,4,273.609929
1.0,5,273.626241
-1.0,10,273.654377
1.0,9,273.677538
-1.0,5,273.699396
1.0,5,273.713474
1.0,4,273.723732
1.0,6,273.755286
-1.0,12,273.812716
1.0,9,273.881238
1.0,6,273.905601
1.0,6,273.92459
1.0,5,273.944533
1.0,6,273.962231
1.0,5,273.978449
1.0,9,274.00587
1.0,4,274.01988
1.0,4,274.031509
1.0,4,274.042964
-1.0,12,274.077492
1.0,5,274.100419
-1.0,9,274.131526
1.0,4,274.143564
1.0,6,274.161698
1.0,8,274.186345
1.0,8,274.223316
1.0,4,274.237689
-1.0,7,274.257727
-1.0,13,274.301658
1.0,4,274.313238
1.0,4,274.326043
1.0,5,274.345593
1.0,5,274.372914
-1.0,13,274.412449
-1.0,7,274.455294
1.0,4,274.475778
1.0,4,274.494651
1.0,4,274.506857
1.0,4,274.519292
1.0,8,274.54652
1.0,4,274.563616
1.0,5,274.580779
-1.0,8,274.611756
1.0,4,274.626049
1.0,7,274.666477
1.0,4,274.68516
1.0,5,274.711539
-1.0,14,274.757133
1.0,4,274.771548
1.0,4,274.78739
1.0,6,274.807109
1.0,5,274.828365
-1.0,7,274.870823
1.0,4,274.88569
1.0,4,274.895787
-1.0,4,274.92691
1.0,6,274.961
-1.0,5,274.97956
1.0,8,275.010206
-1.0,7,275.032864
1.0,7,275.060454
1.0,14,275.116336
-1.0,9,275.144062
1.0,5,275.168344
1.0,4,275.18741
-1.0,6,275.227348
1.0,4,275.267173
1.0,4,275.284046
1.0,4,275.298181
-1.0,10,275.333372
1.0,5,275.34821
1.0,4,275.359751
1.0,9,275.394468
1.0,11,275.435
-32.0,46,275.541199
-1.0,8,275.589836
1.0,6,275.610082
1.0,6,275.63027
1.0,4,275.642414
-1.0,9,275.692681
-1.0,11,275.753427
1.0,4,275.778812
-1.0,5,275.796486
1.0,7,275.823308
1.0,7,275.846009
1.0,6,275.864927
1.0,8,275.895502
1.0,4,275.908855
1.0,4,275.922923
-1.0,10,275.957564
1.0,9,275.986471
1.0,5,275.998552
1.0,4,276.012667
-1.0,11,276.049041
-1.0,13,276.095782
1.0,4,276.106685
1.0,5,276.125921
1.0,5,276.138485
1.0,11,276.176517
1.0,4,276.188311
-1.0,7,276.209711
-1.0,7,276.231222
-1.0,6,276.249471
1.0,5,276.263114
1.0,8,276.293462
1.0,5,276.310104
1.0,7,276.328752
1.0,4,276.343164
1.0,12,276.385422
1.0,4,276.399068
1.0,4,276.409065
-1.0,8,276.434541
1.0,5,276.457413
-1.0,7,276.487546
1.0,7,276.513569
1.0,4,276.525726
1.0,5,276.542652
1.0,5,276.559321
1.0,9,276.586609
1.0,10,276.615443
-1.0,10,276.680459
1.0,8,276.743721
1.0,4,276.773385
-1.0,10,276.852273
1.0,6,276.899112
1.0,8,276.930235
1.0,4,276.941084
1.0,9,276.967676
-1.0,9,276.999335
-1.0,8,277.026578
1.0,14,277.075414
1.0,4,277.086988
1.0,5,277.109754
1.0,7,277.132956
1.0,7,277.153839
-1.0,8,277.178023
1.0,6,277.203263
1.0,8,277.227536
1.0,11,277.259672
1.0,8,277.287158
-1.0,13,277.33282
1.0,5,277.346852
1.0,5,277.368989
1.0,4,277.37981
-1.0,7,277.430709
1.0,9,277.474955
1.0,8,277.512193
1.0,5,277.531566
-1.0,9,277.569137
1.0,10,277.603845
1.0,4,277.61613
1.0,4,277.628691
1.0,5,277.645505
-1.0,8,277.670696
1.0,4,277.681921
1.0,4,277.693888
1.0,7,277.719096
1.0,5,277.733927
1.0,4,277.745426
1.0,9,277.774316
-1.0,9,277.809432
1.0,4,277.823319
-1.0,10,277.860125
1.0,4,277.873741
1.0,5,277.892873
-1.0,11,277.927514
-1.0,8,277.956803
1.0,5,277.970939
-1.0,11,278.008986
1.0,5,278.024853
-1.0,11,278.065788
1.0,4,278.077455
1.0,6,278.098622
-1.0,8,278.140377
-1.0,7,278.175066
1.0,10,278.23063
1.0,4,278.24916
-43.0,57,278.373104
1.0,10,278.402364
1.0,6,278.444884
1.0,6,278.48656
1.0,6,278.516421
1.0,7,278.558472
-1.0,13,278.635478
-1.0,9,278.670431
1.0,7,278.695321
1.0,9,278.731629
1.0,4,278.748059
1.0,4,278.76549
1.0,4,278.779233
1.0,7,278.800858
-15.0,27,278.854795
1.0,11,278.908993
1.0,9,278.972362
1.0,4,278.99897
1.0,5,279.033967
0.0,15,279.106457
1.0,4,279.116937
1.0,4,279.129239
1.0,4,279.140117
1.0,13,279.185811
1.0,4,279.198112
1.0,11,279.240488
1.0,7,279.274714
1.0,5,279.311296
-1.0,10,279.348925
1.0,7,279.370527
1.0,6,279.388542
1.0,4,279.404042
1.0,9,279.428833
-1.0,9,279.456234
1.0,12,279.492232
1.0,7,279.51746
1.0,7,279.535948
-1.0,4,279.546479
1.0,4,279.55896
1.0,6,279.581102
-6.0,17,279.612747
-1.0,11,279.655638
-1.0,9,279.684445
1.0,11,279.721853
1.0,5,279.73853
-1.0,7,279.766166
1.0,7,279.786479
1.0,7,279.837295
1.0,6,279.867184
1.0,5,279.882016
-1.0,8,279.91073
0.0,17,279.958928
1.0,11,279.99276
1.0,4,280.007433
1.0,5,280.022373
1.0,6,280.048709
1.0,5,280.064305
1.0,7,280.085998
1.0,7,280.10723
1.0,12,280.152773
1.0,4,280.164543
1.0,6,280.179705
1.0,4,280.191094
1.0,4,280.208421
1.0,11,280.239783
1.0,6,280.2576
1.0,4,280.268097
1.0,11,280.308277
1.0,5,280.321786
1.0,7,280.362748
1.0,5,280.381545
1.0,4,280.416726
-1.0,7,280.465016
1.0,12,280.512096
1.0,4,280.525845
1.0,4,280.54003
1.0,4,280.5521
1.0,5,280.566593
1.0,6,280.585033
1.0,6,280.606955
1.0,8,280.632886
1.0,6,280.652946
1.0,6,280.672676
1.0,7,280.698239
-1.0,9,280.724897
1.0,6,280.743626
1.0,9,280.791765
1.0,5,280.819931
1.0,4,280.843433
1.0,4,280.86745
1.0,4,280.889201
1.0,4,280.916509
1.0,6,280.95806
1.0,4,280.97435
1.0,4,280.990362
1.0,11,281.030404
1.0,5,281.049085
1.0,4,281.063203
-1.0,9,281.095301
1.0,5,281.111438
1.0,6,281.130535
1.0,5,281.146446
1.0,4,281.157874
-1.0,9,281.186962
1.0,4,281.199246
1.0,4,281.210258
1.0,8,281.234123
1.0,5,281.252399
1.0,5,281.266145
1.0,4,281.278142
1.0,6,281.295955
1.0,7,281.324627
1.0,4,281.336268
1.0,12,281.38292
1.0,5,281.412899
1.0,5,281.448531
1.0,7,281.476156
1.0,8,281.502139
-1.0,7,281.527788
-1.0,13,281.570142
1.0,4,281.582381
-1.0,13,281.623377
1.0,4,281.635697
-1.0,8,281.663577
-1.0,8,281.691345
-1.0,11,281.729303
1.0,5,281.75695
1.0,4,281.776659
1.0,10,281.804094
1.0,11,281.845008
1.0,7,281.894799
1.0,4,281.929669
1.0,4,281.942111
1.0,4,281.952863
1.0,4,281.966209
1.0,4,281.984011
1.0,7,282.008837
1.0,9,282.039865
1.0,9,282.064125
1.0,4,282.080083
1.0,8,282.110125
1.0,5,282.130198
1.0,4,282.141711
1.0,5,282.177052
1.0,5,282.202307
1.0,10,282.230894
-1.0,8,282.255973
1.0,8,282.281572
1.0,4,282.290982
1.0,6,282.310047
-1.0,10,282.338441
1.0,4,282.353333
1.0,8,282.386728
-1.0,4,282.399805
1.0,9,282.423299
-1.0,10,282.458877
1.0,9,282.482194
1.0,16,282.524316
-1.0,6,282.543575
1.0,5,282.558673
1.0,4,282.571138
1.0,6,282.586393
1.0,4,282.597118
-1.0,10,282.643079
1.0,9,282.670983
-1.0,11,282.699079
1.0,7,282.717466
1.0,8,282.748767
-1.0,11,282.796393
0.0,12,282.828677
1.0,5,282.844905
1.0,4,282.858432
1.0,13,282.890454
1.0,9,282.917719
1.0,6,282.937391
1.0,4,282.954989
1.0,7,282.971794
1.0,14,283.010301
-1.0,12,283.049883
-1.0,4,283.064878
1.0,4,283.076808
1.0,5,283.088598
1.0,4,283.106123
1.0,9,283.140418
1.0,4,283.15207
1.0,4,283.16431
1.0,5,283.181177
1.0,7,283.203441
1.0,5,283.218732
1.0,6,283.243718
1.0,4,283.261297
1.0,6,283.282812
1.0,9,283.306715
1.0,4,283.317885
1.0,9,283.344167
1.0,6,283.366918
1.0,9,283.398187
1.0,4,283.409285
1.0,7,283.437815
1.0,4,283.469842
1.0,5,283.496558
1.0,9,283.52784
1.0,5,283.540491
1.0,9,283.59622
1.0,6,283.621575
1.0,7,283.639976
-1.0,4,283.652815
1.0,5,283.669442
1.0,4,283.67994
1.0,4,283.692259
1.0,4,283.703377
1.0,4,283.720384
-1.0,12,283.759794
1.0,5,283.774344
1.0,6,283.79272
1.0,6,283.810269
-1.0,14,283.854416
1.0,6,283.871098
-1.0,16,283.91915
1.0,7,283.944475
-1.0,4,283.955097
1.0,6,283.970591
-1.0,9,284.002063
1.0,4,284.01763
1.0,11,284.049791
-1.0,14,284.093181
1.0,7,284.113336
1.0,8,284.147053
1.0,4,284.156347
1.0,5,284.170342
1.0,5,284.184207
1.0,9,284.214316
-1.0,8,284.254464
1.0,4,284.266644
-1.0,8,284.334883
1.0,4,284.366388
-44.0,59,284.498446
1.0,4,284.509653
-1.0,10,284.543937
1.0,5,284.562736
1.0,5,284.580272
1.0,10,284.613605
-1.0,15,284.660686
-1.0,4,284.681608
1.0,4,284.694026
1.0,9,284.732175
1.0,6,284.753533
1.0,9,284.834275
1.0,5,284.845937
1.0,7,284.86959
1.0,4,284.881404
1.0,6,284.898975
1.0,6,284.919554
1.0,11,284.950067
1.0,7,284.969939
1.0,7,284.993983
1.0,4,285.004375
1.0,8,285.026785
1.0,8,285.050651
1.0,6,285.070882
1.0,10,285.104731
1.0,6,285.12467
-1.0,9,285.15744
1.0,4,285.174351
1.0,5,285.187951
1.0,4,285.202847
1.0,6,285.219966
1.0,4,285.236193
1.0,4,285.248995
1.0,6,285.265686
-1.0,12,285.303614
1.0,4,285.322464
1.0,7,285.347431
1.0,5,285.362652
1.0,4,285.376425
1.0,4,285.394501
1.0,4,285.406781
1.0,9,285.436866
1.0,6,285.458658
-1.0,8,285.488183
1.0,8,285.511468
1.0,8,285.536612
1.0,4,285.551564
1.0,6,285.570863
1.0,10,285.604129
1.0,6,285.62063
-1.0,5,285.637433
-1.0,10,285.675889
1.0,4,285.689483
-1.0,9,285.718027
1.0,4,285.731307
1.0,4,285.747159
1.0,5,285.761256
1.0,4,285.774031
1.0,4,285.790505
1.0,4,285.805284
1.0,4,285.82236
1.0,7,285.849133
-1.0,7,285.871893
-1.0,10,285.904748
1.0,5,285.921266
1.0,4,285.935589
1.0,4,285.947012
1.0,5,285.966221
1.0,9,285.996887
1.0,5,286.012244
-1.0,11,286.048069
1.0,4,286.06375
-1.0,11,286.099624
1.0,5,286.116982
1.0,4,286.142954
1.0,4,286.168118
1.0,4,286.200751
1.0,8,286.242212
-1.0,7,286.266915
-1.0,8,286.299765
1.0,4,286.314714
1.0,4,286.324835
1.0,11,286.358304
1.0,7,286.378027
1.0,4,286.388073
1.0,5,286.404609
1.0,9,286.430015
1.0,6,286.450262
-1.0,11,286.484152
1.0,4,286.498359
1.0,7,286.521219
1.0,9,286.552482
1.0,8,286.577532
1.0,5,286.591378
1.0,4,286.601791
1.0,7,286.629377
1.0,4,286.644859
1.0,4,286.655182
-1.0,6,286.67212
1.0,6,286.69451
1.0,7,286.716867
-15.0,30,286.767767
1.0,4,286.77969
1.0,8,286.812359
-1.0,8,286.839234
1.0,10,286.868192
1.0,5,286.882479
1.0,5,286.904372
1.0,6,286.928506
1.0,8,286.953681
1.0,11,286.986696
-1.0,11,287.027574
1.0,5,287.053629
1.0,13,287.094046
1.0,8,287.117355
1.0,6,287.137947
1.0,6,287.155471
-1.0,4,287.168193
1.0,7,287.190233
1.0,4,287.204205
1.0,5,287.218617
1.0,5,287.232569
1.0,8,287.257283
1.0,5,287.272608
1.0,10,287.303026
-56.0,74,287.398237
1.0,5,287.419608
1.0,5,287.457162
-1.0,11,287.504451
1.0,7,287.5298
-1.0,8,287.563033
-1.0,12,287.616403
-1.0,4,287.64286
1.0,6,287.668829
1.0,4,287.678335
1.0,4,287.691315
1.0,9,287.71967
1.0,14,287.766185
1.0,8,287.797966
1.0,4,287.815086
1.0,6,287.831885
1.0,4,287.848238
1.0,5,287.861771
1.0,5,287.879231
1.0,7,287.898026
1.0,4,287.913467
1.0,4,287.932361
1.0,4,287.953654
-4.0,20,288.033268
1.0,4,288.051683
1.0,5,288.076668
-158.0,173,288.272367
1.0,5,288.292347
1.0,6,288.317083
1.0,4,288.328777
-1.0,9,288.361735
1.0,4,288.374536
1.0,5,288.394186
1.0,4,288.407605
1.0,4,288.425233
1.0,4,288.440516
-1.0,8,288.465493
1.0,4,288.477703
1.0,4,288.497679
1.0,9,288.525019
1.0,7,288.548506
1.0,5,288.562931
1.0,10,288.602471
1.0,7,288.623099
1.0,4,288.634392
-1.0,8,288.660161
1.0,10,288.693397
1.0,5,288.706183
1.0,4,288.717844
1.0,5,288.749161
1.0,9,288.787962
1.0,4,288.803469
1.0,4,288.816688
-1.0,9,288.845212
1.0,6,288.869808
1.0,5,288.88719
1.0,4,288.899089
1.0,14,288.94825
1.0,4,288.965119
1.0,4,288.977734
1.0,7,289.015347
1.0,5,289.044308
1.0,5,289.080607
1.0,4,289.097171
1.0,7,289.131244
1.0,4,289.156132
1.0,4,289.183287
1.0,4,289.201985
-1.0,7,289.258387
1.0,4,289.285726
1.0,5,289.330263
1.0,4,289.35159
1.0,4,289.365798
1.0,7,289.388662
1.0,4,289.405921
1.0,4,289.417625
1.0,7,289.440231
1.0,4,289.452581
1.0,8,289.483498
1.0,5,289.498455
1.0,4,289.51076
1.0,14,289.552413
1.0,4,289.567525
1.0,5,289.57934
-1.0,8,289.605407
1.0,4,289.617299
1.0,4,289.630773
1.0,10,289.66157
1.0,4,289.673599
1.0,4,289.68507
1.0,7,289.706268
1.0,4,289.719347
1.0,8,289.746382
-1.0,11,289.780599
1.0,5,289.801623
-1.0,13,289.839408
1.0,4,289.852928
1.0,5,289.86877
-1.0,7,289.897212
1.0,5,289.918774
-1.0,8,289.947239
1.0,8,289.976961
1.0,9,290.018129
1.0,4,290.030651
1.0,4,290.049384
1.0,4,290.067517
1.0,4,290.089381
1.0,4,290.107378
-2.0,11,290.147584
1.0,5,290.162196
1.0,6,290.186029
1.0,4,290.202925
1.0,7,290.229848
1.0,4,290.248715
1.0,7,290.272475
1.0,6,290.291871
1.0,4,290.305827
1.0,4,290.319357
1.0,4,290.351522
1.0,8,290.415137
1.0,8,290.458264
1.0,11,290.556067
-1.0,7,290.583632
-1.0,12,290.628687
1.0,4,290.642285
-1.0,5,290.655145
1.0,9,290.685138
1.0,12,290.725668
1.0,4,290.739797
1.0,5,290.759458
1.0,11,290.797411
1.0,5,290.81761
1.0,5,290.832726
1.0,10,290.862063
1.0,5,290.888733
1.0,4,290.905193
1.0,10,290.940873
-1.0,8,290.968221
1.0,10,291.006862
-1.0,14,291.05035
1.0,13,291.092759
1.0,8,291.118685
1.0,8,291.147511
1.0,7,291.195026
1.0,8,291.23714
1.0,9,291.271253
1.0,6,291.304208
1.0,5,291.322416
1.0,4,291.335126
1.0,8,291.357758
1.0,6,291.384977
1.0,17,291.436027
1.0,4,291.449878
1.0,4,291.470803
-1.0,8,291.509003
1.0,6,291.555709
1.0,9,291.629296
1.0,4,291.641509
-1.0,9,291.67868
1.0,5,291.694586
1.0,4,291.706642
-1.0,9,291.736664
1.0,4,291.750957
-1.0,7,291.783068
1.0,5,291.801343
-1.0,7,291.828954
-30.0,43,291.892856
1.0,4,291.904876
1.0,9,291.962899
1.0,9,291.9942
1.0,6,292.020889
-1.0,10,292.052037
1.0,6,292.071696
1.0,7,292.093854
1.0,4,292.108775
-1.0,9,292.138204
1.0,4,292.149405
1.0,9,292.174934
-1.0,11,292.214853
1.0,7,292.238588
1.0,10,292.2744
1.0,4,292.286131
1.0,8,292.310593
1.0,5,292.3226
-1.0,7,292.340039
1.0,5,292.35471
-1.0,10,292.390387
1.0,4,292.402534
1.0,8,292.427755
1.0,5,292.442902
-1.0,13,292.48985
1.0,6,292.508934
-1.0,8,292.537535
1.0,4,292.55286
1.0,5,292.57196
1.0,7,292.593439
1.0,5,292.60879
-1.0,12,292.656728
-1.0,9,292.688375
1.0,6,292.709435
1.0,7,292.736735
1.0,4,292.748367
1.0,4,292.762336
1.0,10,292.792698
1.0,4,292.80728
1.0,7,292.83298
1.0,5,292.857313
-1.0,11,292.905675
-1.0,5,292.924058
1.0,7,292.946072
1.0,4,292.961704
-1.0,13,293.006049
1.0,4,293.019038
1.0,4,293.030423
1.0,6,293.051147
1.0,6,293.067899
1.0,4,293.078766
1.0,4,293.091325
1.0,4,293.107105
1.0,6,293.12756
-1.0,8,293.154515
1.0,10,293.187836
1.0,4,293.204037
1.0,11,293.245697
1.0,6,293.263317
1.0,4,293.27665
1.0,4,293.292099
1.0,10,293.327186
1.0,10,293.361067
1.0,4,293.391072
1.0,9,293.454989
1.0,4,293.468143
1.0,5,293.486193
1.0,9,293.51413
1.0,12,293.557327
-1.0,10,293.596517
0.0,9,293.643501
1.0,11,293.674699
1.0,11,293.709853
-1.0,8,293.733562
1.0,6,293.751668
1.0,4,293.762281
1.0,4,293.776791
1.0,4,293.786429
1.0,9,293.812022
1.0,5,293.826411
1.0,15,293.873282
-1.0,14,293.917106
1.0,12,293.95184
1.0,4,293.966557
1.0,16,294.013532
1.0,8,294.038072
1.0,4,294.053995
1.0,8,294.097414
1.0,7,294.1257
1.0,4,294.138025
1.0,5,294.157648
1.0,4,294.16994
1.0,4,294.185236
-1.0,6,294.204066
1.0,5,294.219315
1.0,8,294.244519
1.0,4,294.260721
1.0,4,294.272226
1.0,6,294.291152
1.0,4,294.304069
1.0,7,294.329464
-1.0,7,294.350436
1.0,4,294.36635
-1.0,8,294.395409
1.0,13,294.441227
-1.0,9,294.466763
1.0,4,294.48395
1.0,7,294.508581
-1.0,8,294.540273
1.0,4,294.552194
1.0,8,294.581379
1.0,7,294.602686
1.0,4,294.619949
1.0,4,294.63185
1.0,4,294.642875
1.0,4,294.656962
1.0,5,294.674986
-1.0,9,294.705189
1.0,9,294.735589
-1.0,5,294.752012
1.0,4,294.76621
1.0,4,294.777427
1.0,5,294.79488
-1.0,6,294.812865
-1.0,7,294.834794
1.0,5,294.847104
1.0,7,294.86859
1.0,5,294.884297
1.0,4,294.899178
-1.0,6,294.921996
1.0,12,294.958735
1.0,10,294.987506
1.0,4,295.002541
-1.0,10,295.035211
1.0,4,295.04389
1.0,4,295.056087
1.0,8,295.082738
1.0,4,295.096602
1.0,4,295.109746
1.0,7,295.129474
1.0,7,295.154317
1.0,9,295.183473
1.0,4,295.195318
-1.0,9,295.227733
1.0,9,295.258273
1.0,4,295.269536
1.0,4,295.281816
1.0,6,295.299675
1.0,4,295.314098
1.0,6,295.33506
1.0,4,295.347372
1.0,8,295.369647
1.0,4,295.384073
-1.0,10,295.411328
1.0,4,295.423431
1.0,6,295.440166
1.0,4,295.457268
1.0,13,295.499346
1.0,13,295.551378
1.0,6,295.573097
1.0,4,295.587446
1.0,4,295.599256
-1.0,12,295.633926
-1.0,10,295.663478
1.0,4,295.677694
1.0,6,295.696052
1.0,6,295.712284
1.0,4,295.72477
-1.0,8,295.754569
1.0,7,295.775557
1.0,12,295.812368
-1.0,8,295.837852
1.0,5,295.858217
1.0,5,295.877955
-1.0,7,295.898684
1.0,4,295.910419
1.0,8,295.935785
1.0,10,295.979509
-1.0,8,296.058712
1.0,4,296.072052
1.0,5,296.089184
1.0,9,296.115566
1.0,4,296.127815
1.0,7,296.151055
1.0,4,296.163999
-1.0,6,296.190838
-1.0,7,296.21454
1.0,5,296.230274
1.0,5,296.248507
1.0,4,296.259244
1.0,5,296.273568
1.0,4,296.286066
1.0,4,296.301022
-1.0,9,296.330703
1.0,5,296.346537
1.0,7,296.365993
1.0,9,296.398329
1.0,4,296.412786
-1.0,7,296.431973
-1.0,7,296.45427
1.0,4,296.467669
1.0,4,296.478695
1.0,7,296.499419
1.0,6,296.516352
1.0,5,296.535017
1.0,7,296.55324
1.0,4,296.565793
1.0,4,296.576806
1.0,4,296.594986
1.0,4,296.607304
1.0,5,296.623873
1.0,4,296.636267
1.0,4,296.651309
1.0,4,296.662385
1.0,5,296.679012
1.0,7,296.705991
1.0,6,296.725779
1.0,4,296.737963
1.0,7,296.75923
-1.0,9,296.81234
1.0,4,296.832323
1.0,4,296.845312
1.0,7,296.863248
1.0,4,296.878508
1.0,4,296.892001
1.0,8,296.917545
1.0,4,296.929116
1.0,5,296.944337
-1.0,13,296.990051
1.0,7,297.012584
1.0,9,297.04172
1.0,5,297.059169
1.0,8,297.086022
1.0,4,297.097705
1.0,12,297.138111
-1.0,6,297.155337
1.0,6,297.177815
1.0,5,297.192716
1.0,4,297.205299
1.0,6,297.220272
-1.0,7,297.248759
1.0,5,297.263005
1.0,16,297.314295
1.0,12,297.349307
1.0,6,297.37341
1.0,4,297.389608
-1.0,12,297.457261
1.0,4,297.476978
1.0,7,297.505133
1.0,7,297.524906
1.0,4,297.536291
1.0,5,297.55227
1.0,6,297.572235
1.0,4,297.585576
1.0,4,297.597798
1.0,7,297.620799
1.0,5,297.636906
1.0,4,297.648891
1.0,8,297.672454
1.0,5,297.692957
-1.0,9,297.730567
1.0,4,297.742403
1.0,4,297.753802
1.0,5,297.765445
1.0,6,297.799
1.0,9,297.856713
-1.0,10,297.892954
-1.0,9,297.918463
1.0,4,297.931576
1.0,4,297.943422
-1.0,6,297.964372
1.0,9,297.991287
1.0,11,298.029482
1.0,10,298.058746
-1.0,6,298.079511
1.0,9,298.110395
1.0,4,298.125252
-1.0,9,298.155017
-1.0,5,298.172438
1.0,4,298.181303
1.0,4,298.194311
1.0,4,298.206074
1.0,4,298.215801
1.0,8,298.239376
1.0,8,298.268811
1.0,4,298.28111
1.0,4,298.293594
1.0,5,298.313923
1.0,7,298.358526
1.0,8,298.388522
1.0,11,298.418357
1.0,6,298.436939
1.0,5,298.455563
1.0,10,298.484324
1.0,4,298.499434
1.0,4,298.51486
1.0,4,298.529917
-1.0,6,298.550427
1.0,4,298.561916
1.0,4,298.574115
1.0,4,298.591657
1.0,5,298.610728
1.0,7,298.6775
1.0,4,298.693087
1.0,4,298.706743
1.0,9,298.736261
1.0,6,298.753864
1.0,5,298.767955
1.0,4,298.782521
1.0,4,298.794481
-1.0,6,298.817073
1.0,9,298.845932
1.0,6,298.866014
1.0,10,298.895968
1.0,4,298.910428
1.0,5,298.930237
1.0,4,298.94946
1.0,5,298.969425
1.0,11,299.008447
1.0,8,299.033895
1.0,6,299.057254
1.0,4,299.073995
1.0,13,299.110541
1.0,9,299.135772
1.0,5,299.154216
1.0,5,299.171407
1.0,4,299.181031
-1.0,11,299.208691
1.0,5,299.228601
1.0,4,299.240327
1.0,4,299.253325
1.0,4,299.264565
1.0,4,299.278573
1.0,5,299.292912
1.0,4,299.304408
1.0,8,299.334744
1.0,4,299.352654
1.0,8,299.379658
1.0,5,299.394335
1.0,4,299.405193
1.0,4,299.418536
1.0,4,299.430758
1.0,4,299.441608
1.0,5,299.456179
1.0,6,299.479665
1.0,4,299.491873
1.0,5,299.50556
1.0,5,299.521339
1.0,4,299.539839
1.0,5,299.58158
1.0,4,299.598296
1.0,4,299.611374
1.0,6,299.634295
1.0,8,299.663429
1.0,4,299.676614
1.0,4,299.689581
1.0,4,299.703973
1.0,9,299.732295
-1.0,7,299.758925
1.0,4,299.772352
1.0,4,299.785782
-1.0,7,299.812146
1.0,4,299.825363
1.0,6,299.848047
-1.0,7,299.882819
1.0,4,299.896933
1.0,9,299.924957
1.0,5,299.944028
1.0,5,299.96149
1.0,4,299.975289
1.0,4,299.986063
1.0,12,300.030929
1.0,5,300.051516
1.0,9,300.083276
1.0,7,300.114865
1.0,10,300.150423
1.0,14,300.188593
1.0,5,300.203246
1.0,4,300.216326
1.0,4,300.232723
1.0,4,300.25383
1.0,9,300.295765
1.0,10,300.329807
1.0,7,300.352361
1.0,5,300.37284
1.0,4,300.387758
1.0,5,300.403315
1.0,4,300.415499
-1.0,8,300.450993
1.0,4,300.466058
1.0,4,300.478794
1.0,14,300.530028
1.0,8,300.561229
1.0,7,300.583029
1.0,9,300.610267
1.0,7,300.632234
1.0,4,300.647403
1.0,5,300.662296
1.0,5,300.677531
1.0,7,300.699897
1.0,4,300.715999
-1.0,7,300.743627
1.0,4,300.755452
1.0,5,300.771453
1.0,4,300.787068
1.0,4,300.797899
1.0,4,300.809865
1.0,6,300.8263
1.0,4,300.838313
1.0,4,300.84744
1.0,4,300.859436
1.0,4,300.869517
-1.0,9,300.898963
1.0,5,300.911492
1.0,16,300.957093
1.0,4,300.967001
-1.0,12,301.013798
1.0,13,301.051442
-1.0,12,301.094747
1.0,5,301.110324
1.0,6,301.143173
-1.0,10,301.181097
1.0,5,301.195269
1.0,9,301.223071
1.0,5,301.240523
1.0,5,301.254431
1.0,4,301.272013
1.0,7,301.301777
1.0,6,301.326405
1.0,4,301.340584
1.0,5,301.360881
-31.0,40,301.418752
1.0,9,301.4498
1.0,5,301.464392
1.0,9,301.493805
1.0,5,301.508983
1.0,5,301.547806
1.0,4,301.575168
1.0,4,301.592148
1.0,4,301.602996
1.0,5,301.625758
1.0,7,301.650568
1.0,5,301.664444
1.0,4,301.67533
1.0,4,301.687559
1.0,4,301.697844
1.0,4,301.708928
1.0,4,301.724967
1.0,4,301.753628
1.0,4,301.783606
1.0,5,301.810055
1.0,4,301.831165
1.0,4,301.851529
1.0,9,301.877633
1.0,8,301.900111
1.0,5,301.913765
1.0,4,301.928084
1.0,4,301.941121
-1.0,12,301.981786
1.0,4,301.993645
1.0,4,302.011946
-1.0,6,302.033172
1.0,4,302.046159
1.0,4,302.06129
1.0,5,302.092217
1.0,9,302.152357
1.0,6,302.194778
-1.0,6,302.226093
1.0,7,302.285295
1.0,5,302.298333
1.0,7,302.320694
1.0,5,302.334906
1.0,5,302.352898
1.0,6,302.376427
1.0,4,302.391588
1.0,12,302.428462
1.0,4,302.441978
1.0,4,302.453984
1.0,4,302.466998
1.0,5,302.481228
1.0,7,302.51047
1.0,4,302.522657
1.0,10,302.56518
1.0,5,302.589142
1.0,4,302.608397
1.0,5,302.627355
1.0,8,302.662283
1.0,4,302.676768
1.0,9,302.708309
1.0,4,302.718194
1.0,12,302.774715
1.0,5,302.792393
1.0,4,302.807463
1.0,4,302.818578
1.0,5,302.836777
1.0,4,302.849332
1.0,4,302.869627
1.0,4,302.886555
1.0,4,302.90135
1.0,7,302.923679
1.0,4,302.940126
1.0,9,302.971948
-1.0,11,303.011138
1.0,4,303.028637
1.0,5,303.050032
-1.0,13,303.084178
1.0,4,303.096634
1.0,4,303.106905
-1.0,10,303.137111
1.0,6,303.156986
1.0,4,303.169097
1.0,4,303.180907
-1.0,4,303.197589
1.0,4,303.207708
1.0,9,303.23502
1.0,10,303.286421
1.0,6,303.310578
1.0,4,303.322547
1.0,5,303.338201
1.0,5,303.355529
1.0,4,303.371742
1.0,11,303.403707
1.0,5,303.422057
1.0,4,303.436547
1.0,4,303.450042
1.0,4,303.458514
1.0,4,303.46912
1.0,6,303.487571
1.0,5,303.507664
1.0,4,303.527053
1.0,6,303.548946
1.0,5,303.561083
1.0,4,303.575229
1.0,4,303.587861
1.0,10,303.631148
1.0,6,303.659157
1.0,5,303.686417
1.0,4,303.700565
1.0,4,303.713738
1.0,10,303.746416
1.0,6,303.765033
1.0,5,303.784739
1.0,4,303.796494
1.0,5,303.811022
1.0,7,303.834444
1.0,8,303.856448
1.0,4,303.868118
1.0,4,303.880198
1.0,4,303.895674
1.0,6,303.908822
1.0,4,303.918484
1.0,5,303.930733
1.0,4,303.945154
1.0,8,303.971014
-1.0,11,304.007226
1.0,12,304.04164
1.0,4,304.056443
1.0,5,304.075815
1.0,5,304.094803
1.0,4,304.115737
-1.0,16,304.180666
1.0,4,304.194831
1.0,4,304.207435
1.0,5,304.222275
-1.0,11,304.258256
1.0,4,304.284082
1.0,5,304.325739
1.0,7,304.347816
1.0,4,304.360265
1.0,8,304.384945
1.0,5,304.400767
1.0,8,304.425565
-1.0,11,304.463822
1.0,4,304.475613
1.0,7,304.494491
-1.0,9,304.52584
1.0,6,304.547217
1.0,4,304.560172
1.0,4,304.571151
1.0,4,304.580395
-1.0,5,304.59828
1.0,5,304.617633
1.0,4,304.632203
1.0,4,304.655941
1.0,5,304.679019
1.0,5,304.690814
1.0,6,304.712376
-1.0,8,304.741176
1.0,4,304.757193
1.0,4,304.769576
1.0,5,304.784423
1.0,4,304.800237
1.0,4,304.817842
1.0,4,304.829277
1.0,5,304.843777
1.0,4,304.856624
1.0,4,304.871851
1.0,10,304.907359
1.0,5,304.92639
1.0,4,304.941946
1.0,4,304.961502
1.0,8,304.983073
1.0,9,305.009068
1.0,5,305.026018
1.0,5,305.050643
1.0,5,305.076051
1.0,7,305.109861
1.0,5,305.129512
-1.0,9,305.160004
1.0,4,305.174834
1.0,6,305.197526
1.0,7,305.220788
1.0,5,305.251066
1.0,4,305.27062
1.0,8,305.301563
1.0,4,305.313323
1.0,4,305.326998
1.0,4,305.338948
-1.0,10,305.370916
1.0,4,305.381915
1.0,5,305.39662
1.0,7,305.41445
1.0,4,305.430204
-1.0,11,305.465748
1.0,5,305.480278
1.0,4,305.489712
1.0,5,305.504617
1.0,8,305.560794
1.0,4,305.579759
1.0,5,305.60555
1.0,5,305.619823
1.0,6,305.637187
1.0,8,305.664197
-1.0,12,305.697179
1.0,6,305.713794
-1.0,6,305.735105
-1.0,8,305.765428
-1.0,13,305.816564
1.0,9,305.863995
-1.0,11,305.927503
-1.0,10,305.96242
1.0,6,305.981194
1.0,9,306.021801
1.0,4,306.046704
1.0,6,306.09412
1.0,7,306.129719
-1.0,10,306.158957
1.0,4,306.167623
1.0,4,306.180486
1.0,4,306.192329
1.0,4,306.204342
1.0,5,306.219154
1.0,9,306.248764
1.0,5,306.262636
1.0,8,306.287115
1.0,6,306.306689
1.0,12,306.345524
1.0,4,306.35533
1.0,5,306.371517
1.0,8,306.399734
1.0,4,306.415427
1.0,7,306.455035
1.0,5,306.476963
1.0,4,306.491361
-1.0,11,306.538994
1.0,4,306.552801
1.0,4,306.564441
1.0,4,306.574341
1.0,11,306.610995
1.0,4,306.622748
1.0,8,306.644379
-18.0,31,306.705237
-1.0,9,306.736929
1.0,5,306.753286
1.0,5,306.767091
1.0,4,306.780154
-1.0,10,306.817029
1.0,4,306.828235
1.0,4,306.840515
1.0,10,306.876131
1.0,5,306.904686
1.0,12,306.938465
1.0,6,306.957586
1.0,4,306.971653
1.0,4,306.987112
1.0,11,307.02184
-1.0,8,307.04532
1.0,10,307.069654
1.0,7,307.094886
1.0,5,307.10923
1.0,5,307.120329
1.0,8,307.143696
1.0,9,307.178017
1.0,4,307.190354
1.0,4,307.202314
1.0,9,307.229811
1.0,4,307.244746
1.0,4,307.257082
1.0,6,307.273565
1.0,4,307.285669
1.0,4,307.299908
1.0,7,307.32092
1.0,4,307.33178
1.0,4,307.342132
1.0,4,307.35976
1.0,5,307.377019
1.0,7,307.397746
1.0,8,307.423001
1.0,4,307.436887
1.0,4,307.449744
1.0,4,307.478024
1.0,7,307.519722
1.0,14,307.562716
1.0,9,307.591097
1.0,9,307.617376
1.0,4,307.62919
1.0,6,307.648872
1.0,4,307.660534
1.0,4,307.671657
1.0,4,307.683496
1.0,6,307.704889
1.0,4,307.716882
1.0,6,307.734447
1.0,6,307.752487
1.0,6,307.77333
1.0,10,307.806933
-1.0,10,307.863883
1.0,7,307.890404
1.0,5,307.906636
1.0,6,307.926137
1.0,5,307.9404
1.0,8,307.96571
1.0,5,307.981531
1.0,5,307.99581
1.0,5,308.015209
1.0,4,308.026339
1.0,7,308.049067
1.0,5,308.062314
1.0,11,308.117413
1.0,4,308.129615
-1.0,6,308.154549
1.0,4,308.165651
-1.0,8,308.195659
-1.0,11,308.237153
1.0,4,308.252549
1.0,5,308.268363
1.0,4,308.281825
1.0,4,308.29632
1.0,4,308.312136
1.0,4,308.326287
1.0,4,308.337628
1.0,9,308.370551
1.0,5,308.389947
1.0,4,308.402189
1.0,8,308.425976
1.0,10,308.455981
1.0,5,308.474712
1.0,10,308.504351
1.0,11,308.538343
1.0,5,308.553025
1.0,7,308.577412
-1.0,9,308.606475
1.0,11,308.637823
1.0,6,308.652826
1.0,9,308.680701
1.0,4,308.692248
1.0,5,308.708978
1.0,8,308.738162
1.0,7,308.76175
1.0,10,308.791234
1.0,8,308.837229
1.0,5,308.867373
1.0,4,308.890592
1.0,4,308.902688
1.0,5,308.919262
1.0,4,308.931085
1.0,6,308.95304
1.0,9,308.979211
-28.0,43,309.052769
1.0,4,309.064168
1.0,5,309.083263
1.0,5,309.096772
-1.0,12,309.128966
1.0,7,309.151227
1.0,16,309.215005
-1.0,7,309.240204
1.0,7,309.264155
1.0,4,309.274834
1.0,7,309.301882
1.0,7,309.323637
-1.0,13,309.363405
1.0,4,309.375398
1.0,5,309.402652
-1.0,8,309.430824
-1.0,7,309.452214
1.0,4,309.464623
1.0,9,309.497108
1.0,4,309.508133
1.0,4,309.519062
1.0,12,309.548199
1.0,4,309.561944
1.0,11,309.592664
1.0,4,309.602508
1.0,5,309.61675
-1.0,10,309.666687
1.0,5,309.696076
1.0,4,309.719821
1.0,4,309.737693
1.0,10,309.769967
1.0,4,309.781048
1.0,9,309.807319
1.0,5,309.821398
1.0,7,309.844852
1.0,4,309.856837
-1.0,7,309.887599
1.0,8,309.915147
-1.0,10,309.949915
1.0,12,309.984505
1.0,8,310.004271
1.0,4,310.015316
1.0,9,310.05846
1.0,11,310.111768
1.0,5,310.147123
1.0,5,310.169359
1.0,8,310.198498
1.0,5,310.212424
-1.0,15,310.258935
1.0,5,310.272722
-1.0,9,310.305316
1.0,5,310.322407
1.0,7,310.344083
1.0,7,310.366047
-11.0,27,310.462783
1.0,4,310.474898
1.0,6,310.492764
1.0,9,310.518521
1.0,4,310.531491
1.0,4,310.542721
-1.0,13,310.580728
1.0,7,310.600956
1.0,4,310.618037
-1.0,4,310.631952
1.0,4,310.644679
1.0,4,310.658341
1.0,8,310.686471
1.0,8,310.715607
1.0,5,310.736863
-1.0,11,310.776752
1.0,4,310.792551
1.0,5,310.811093
1.0,4,310.822211
1.0,4,310.83608
1.0,6,310.860919
1.0,5,310.892692
1.0,4,310.913829
1.0,10,310.950752
1.0,4,310.968982
-1.0,7,310.993708
1.0,8,311.017604
1.0,6,311.034748
-1.0,9,311.07234
1.0,9,311.09987
1.0,10,311.129698
1.0,6,311.149574
1.0,8,311.176426
1.0,4,311.189801
-1.0,8,311.215368
1.0,5,311.229201
-1.0,13,311.272615
1.0,4,311.285599
1.0,4,311.297527
1.0,4,311.3086
1.0,4,311.322657
-1.0,10,311.351479
1.0,5,311.370113
1.0,5,311.386038
-1.0,9,311.419763
1.0,5,311.434275
1.0,4,311.44542
-1.0,6,311.464511
1.0,5,311.485521
1.0,8,311.519557
1.0,4,311.5473
1.0,4,311.56516
1.0,5,311.583769
1.0,4,311.59556
-1.0,11,311.626514
1.0,4,311.639323
1.0,4,311.656076
1.0,9,311.682971
1.0,5,311.698624
1.0,8,311.722355
1.0,5,311.737044
-1.0,11,311.772655
1.0,6,311.791703
1.0,6,311.808002
1.0,5,311.825312
-1.0,4,311.843538
1.0,10,311.881238
1.0,10,311.90915
1.0,9,311.939422
1.0,6,311.952255
-1.0,12,311.989034
1.0,4,312.001127
1.0,9,312.028796
1.0,4,312.040307
1.0,8,312.064427
1.0,6,312.083996
1.0,4,312.100663
-1.0,9,312.129347
-18.0,34,312.185596
1.0,4,312.196429
1.0,4,312.210648
1.0,5,312.223543
1.0,4,312.235805
1.0,4,312.246315
1.0,11,312.280766
-1.0,7,312.323861
1.0,4,312.342678
-1.0,8,312.367307
1.0,4,312.384437
-1.0,11,312.425868
1.0,8,312.451215
-1.0,12,312.488478
1.0,4,312.518579
1.0,4,312.548301
1.0,8,312.606395
0.0,12,312.645631
1.0,4,312.673018
1.0,6,312.708716
1.0,6,312.748757
1.0,8,312.783434
1.0,5,312.807484
1.0,4,312.821335
1.0,6,312.842247
1.0,10,312.881562
1.0,5,312.901792
1.0,9,312.938841
-1.0,7,312.959992
1.0,8,313.004574
1.0,7,313.043804
1.0,7,313.066308
1.0,4,313.077205
1.0,4,313.11577
1.0,4,313.142292
1.0,4,313.15541
1.0,4,313.167525
1.0,12,313.201078
-1.0,9,313.229054
1.0,5,313.245165
1.0,4,313.259009
1.0,9,313.284204
-1.0,6,313.3043
-1.0,4,313.313633
1.0,4,313.325566
1.0,6,313.348851
1.0,6,313.368813
1.0,4,313.381085
1.0,4,313.390885
1.0,5,313.408163
1.0,9,313.440902
1.0,4,313.453119
-1.0,9,313.482872
1.0,4,313.494109
1.0,6,313.518876
1.0,4,313.531116
-1.0,6,313.549894
1.0,5,313.573704
1.0,5,313.605376
1.0,7,313.626559
1.0,4,313.640669
1.0,8,313.665655
1.0,4,313.692625
-1.0,9,313.756772
1.0,13,313.836927
1.0,5,313.854871
1.0,4,313.871101
1.0,12,313.912019
1.0,4,313.924239
1.0,4,313.938367
1.0,5,313.952647
1.0,4,313.964333
1.0,4,313.977133
1.0,5,313.995389
-1.0,9,314.035014
1.0,4,314.053431
1.0,4,314.070525
1.0,4,314.087612
1.0,7,314.119857
1.0,4,314.134517
-1.0,8,314.161426
1.0,6,314.179014
1.0,11,314.216413
-1.0,11,314.250461
1.0,10,314.281928
1.0,7,314.303098
1.0,6,314.324405
1.0,4,314.336731
1.0,8,314.357873
1.0,4,314.370174
1.0,4,314.385644
1.0,4,314.397717
1.0,4,314.409697
1.0,4,314.420936
1.0,4,314.433123
1.0,9,314.462687
1.0,9,314.487268
1.0,9,314.512456
1.0,10,314.564679
1.0,11,314.619402
1.0,4,314.631788
1.0,5,314.647714
1.0,4,314.681513
1.0,4,314.709342
1.0,4,314.730907
1.0,5,314.746024
1.0,4,314.761163
1.0,7,314.782809
1.0,4,314.79443
1.0,4,314.806643
-1.0,9,314.832533
-1.0,6,314.851447
1.0,6,314.872336
-1.0,9,314.896352
1.0,6,314.916818
1.0,7,314.936894
-1.0,6,314.957321
1.0,7,314.978354
1.0,4,314.996586
1.0,7,315.015376
1.0,4,315.02783
1.0,9,315.059145
1.0,5,315.076138
1.0,4,315.086893
1.0,4,315.098642
1.0,5,315.113553
1.0,6,315.136873
1.0,4,315.146201
1.0,7,315.166238
-1.0,7,315.191312
1.0,4,315.203003
-1.0,8,315.235835
1.0,7,315.276299
1.0,4,315.292018
-1.0,8,315.318917
1.0,11,315.35468
1.0,5,315.370694
1.0,4,315.383392
1.0,13,315.420079
1.0,10,315.453615
1.0,4,315.466113
1.0,5,315.48201
1.0,11,315.517716
1.0,5,315.534951
1.0,4,315.545633
1.0,5,315.560253
-1.0,6,315.583048
1.0,8,315.609277
1.0,4,315.622561
1.0,11,315.651059
1.0,7,315.674542
-1.0,7,315.697258
1.0,8,315.726043
1.0,4,315.737012
1.0,5,315.749519
1.0,7,315.770355
1.0,10,315.80098
1.0,5,315.818177
1.0,13,315.861434
1.0,11,315.902026
-1.0,11,315.934471
1.0,4,315.945312
1.0,4,315.996464
-1.0,15,316.039396
-1.0,10,316.074909
-19.0,35,316.12954
1.0,4,316.145275
1.0,7,316.166679
1.0,4,316.178152
1.0,7,316.200471
1.0,4,316.218102
1.0,5,316.236676
-1.0,8,316.270776
1.0,4,316.283241
1.0,7,316.307422
1.0,9,316.330981
1.0,7,316.357664
-1.0,8,316.390524
1.0,5,316.424205
1.0,7,316.456499
1.0,4,316.467087
1.0,4,316.478695
-1.0,7,316.504421
1.0,7,316.526425
1.0,4,316.543553
1.0,4,316.555104
1.0,12,316.593192
1.0,5,316.60995
1.0,6,316.62668
1.0,5,316.641726
1.0,5,316.666724
1.0,6,316.684131
1.0,7,316.704345
-1.0,12,316.740195
-1.0,6,316.762173
1.0,10,316.798843
1.0,4,316.814482
1.0,4,316.831561
1.0,4,316.848367
1.0,7,316.867877
-1.0,13,316.908975
1.0,4,316.919543
-1.0,9,316.952836
1.0,8,316.985985
1.0,9,317.025709
1.0,4,317.042078
1.0,4,317.057017
1.0,8,317.085864
1.0,12,317.122345
-1.0,14,317.171915
-1.0,8,317.19978
1.0,5,317.220487
1.0,6,317.242576
-1.0,8,317.263788
1.0,6,317.281395
1.0,6,317.299677
1.0,7,317.322899
1.0,5,317.343275
1.0,10,317.377502
1.0,4,317.390129
-1.0,9,317.422796
-1.0,11,317.465442
1.0,5,317.489193
1.0,7,317.513929
1.0,4,317.526364
1.0,4,317.538763
1.0,9,317.569092
1.0,4,317.581806
-1.0,15,317.631146
1.0,10,317.664162
1.0,8,317.692581
-1.0,11,317.731811
-1.0,8,317.761137
1.0,6,317.787344
1.0,4,317.801849
1.0,7,317.834896
1.0,4,317.865099
1.0,4,317.887697
1.0,4,317.914834
1.0,7,317.957103
-1.0,4,317.98247
1.0,6,318.00731
1.0,5,318.027317
1.0,4,318.039711
1.0,8,318.063401
1.0,7,318.087849
1.0,5,318.104282
-1.0,9,318.135992
-19.0,29,318.193331
1.0,6,318.212444
-1.0,8,318.27727
1.0,5,318.295507
-1.0,15,318.358178
-1.0,11,318.399432
1.0,5,318.41824
1.0,7,318.450635
-1.0,11,318.492631
1.0,7,318.520009
1.0,10,318.56844
1.0,12,318.613944
1.0,4,318.626729
1.0,7,318.663031
1.0,5,318.685329
-1.0,9,318.717571
1.0,4,318.729254
1.0,4,318.743689
1.0,6,318.769602
1.0,4,318.780535
1.0,6,318.797694
1.0,7,318.819228
-1.0,7,318.849829
1.0,16,318.90038
1.0,10,318.966222
1.0,4,318.993891
1.0,4,319.01735
1.0,4,319.03037
1.0,4,319.045979
1.0,9,319.073022
-1.0,8,319.100582
1.0,4,319.113135
1.0,9,319.147698
1.0,5,319.165341
1.0,4,319.194354
1.0,4,319.235509
1.0,4,319.257944
1.0,4,319.269761
1.0,4,319.2826
1.0,5,319.296344
1.0,4,319.307162
1.0,4,319.318365
1.0,4,319.340364
1.0,8,319.403421
1.0,6,319.452334
1.0,4,319.472631
-1.0,4,319.488601
1.0,4,319.499073
1.0,4,319.511261
1.0,4,319.522386
-1.0,9,319.552415
1.0,5,319.566865
1.0,4,319.582091
1.0,4,319.602989
1.0,4,319.624795
1.0,4,319.636261
1.0,6,319.655503
1.0,10,319.684294
1.0,8,319.712558
1.0,4,319.728743
-1.0,8,319.757511
1.0,5,319.771961
1.0,12,319.820384
-1.0,9,319.87811
1.0,11,319.936229
1.0,5,319.966171
1.0,5,320.005389
-1.0,9,320.078588
1.0,8,320.133639
1.0,5,320.156789
-1.0,6,320.198418
1.0,4,320.217449
1.0,8,320.244951
1.0,5,320.25687
1.0,9,320.316613
1.0,6,320.364212
1.0,4,320.395782
1.0,4,320.417447
1.0,5,320.445687
1.0,4,320.465773
1.0,4,320.494284
1.0,5,320.528077
1.0,9,320.60053
-1.0,9,320.642359
-1.0,8,320.670378
1.0,7,320.693295
1.0,7,320.722014
1.0,4,320.734066
1.0,4,320.746928
1.0,7,320.767924
1.0,4,320.78247
1.0,10,320.814953
1.0,4,320.82537
1.0,5,320.849014
1.0,4,320.871658
1.0,4,320.897588
1.0,4,320.921014
1.0,4,320.933669
1.0,9,321.001165
-1.0,12,321.083719
1.0,6,321.110234
1.0,6,321.126511
1.0,4,321.147689
1.0,4,321.159111
-1.0,6,321.179893
1.0,4,321.200974
-1.0,9,321.23701
1.0,4,321.254742
1.0,9,321.284282
1.0,9,321.351029
1.0,6,321.407878
1.0,4,321.438587
1.0,8,321.496924
1.0,4,321.51539
1.0,5,321.535939
-1.0,11,321.597874
1.0,4,321.612023
1.0,4,321.6256
1.0,7,321.651511
1.0,4,321.665485
1.0,4,321.680209
1.0,5,321.699977
1.0,4,321.719887
1.0,9,321.753482
1.0,4,321.774147
1.0,9,321.841994
1.0,7,321.868793
-1.0,8,321.895935
1.0,11,321.938266
1.0,4,321.956842
1.0,4,321.979803
1.0,4,322.000654
1.0,9,322.034095
1.0,9,322.096957
1.0,6,322.125699
1.0,6,322.142994
1.0,8,322.184726
1.0,7,322.207879
1.0,4,322.230235
1.0,9,322.261172
1.0,8,322.288982
-1.0,7,322.313647
1.0,5,322.335179
1.0,4,322.348681
1.0,4,322.367337
1.0,6,322.396665
1.0,8,322.46298
1.0,4,322.493629
1.0,5,322.516315
1.0,5,322.532866
1.0,4,322.552251
-1.0,7,322.576136
1.0,4,322.601457
1.0,7,322.656034
1.0,10,322.734541
1.0,7,322.775324
1.0,9,322.811261
1.0,5,322.827609
1.0,4,322.842188
1.0,8,322.868783
1.0,9,322.892843
1.0,5,322.91043
1.0,6,322.932916
1.0,5,322.948205
-1.0,12,322.988018
1.0,4,323.00912
1.0,5,323.037066
1.0,4,323.06424
1.0,6,323.095634
1.0,7,323.122215
1.0,5,323.140972
1.0,5,323.162835
1.0,5,323.18162
1.0,4,323.196231
1.0,5,323.216755
1.0,5,323.248332
1.0,5,323.274581
1.0,4,323.288263
1.0,9,323.321617
1.0,6,323.348541
1.0,6,323.366265
-1.0,6,323.388141
1.0,5,323.404858
1.0,5,323.42005
1.0,7,323.443164
1.0,4,323.45791
1.0,4,323.475013
1.0,4,323.486812
1.0,4,323.497565
-1.0,15,323.539699
-1.0,14,323.584632
-1.0,6,323.604135
1.0,5,323.623362
1.0,10,323.663834
1.0,6,323.713809
-1.0,9,323.770798
-1.0,9,323.843122
1.0,5,323.865921
1.0,4,323.88984
1.0,4,323.9259
1.0,11,323.987243
1.0,6,324.013352
1.0,8,324.038974
1.0,8,324.065408
1.0,4,324.080142
1.0,12,324.123008
1.0,5,324.142563
1.0,4,324.155936
1.0,5,324.172828
-1.0,9,324.214409
1.0,5,324.232821
1.0,8,324.261019
1.0,5,324.301917
1.0,7,324.348491
1.0,5,324.365561
-1.0,9,324.395892
-1.0,9,324.429076
1.0,4,324.441112
1.0,7,324.462737
1.0,4,324.48218
1.0,5,324.503871
1.0,10,324.544618
1.0,4,324.559225
1.0,4,324.573054
-1.0,10,324.606197
1.0,4,324.614156
1.0,4,324.624905
1.0,9,324.653204
1.0,4,324.662551
1.0,4,324.674057
1.0,7,324.696802
1.0,5,324.712268
1.0,4,324.72434
1.0,4,324.737324
1.0,4,324.751092
1.0,4,324.76227
1.0,4,324.772614
1.0,7,324.791111
1.0,12,324.825995
-1.0,8,324.850939
1.0,4,324.862675
1.0,8,324.889359
1.0,5,324.904327
1.0,5,324.915161
-73.0,86,325.00706
1.0,4,325.016313
1.0,8,325.040869
1.0,8,325.060562
-73.0,92,325.16999
1.0,5,325.18099
1.0,4,325.194058
-1.0,8,325.218193
1.0,13,325.256574
1.0,4,325.26923
1.0,4,325.280792
1.0,11,325.315552
1.0,4,325.32844
1.0,4,325.341169
1.0,4,325.355928
1.0,4,325.366261
1.0,5,325.379265
1.0,4,325.391729
1.0,4,325.406259
1.0,8,325.430272
1.0,4,325.442228
1.0,6,325.458082
1.0,5,325.472634
1.0,11,325.505353
1.0,4,325.514638
-1.0,8,325.538381
1.0,4,325.552896
1.0,9,325.578011
1.0,10,325.610085
-1.0,8,325.635587
-1.0,12,325.675811
1.0,6,325.696182
1.0,7,325.719661
-1.0,13,325.758947
1.0,4,325.771524
1.0,5,325.785332
1.0,4,325.795599
-1.0,6,325.817614
-1.0,10,325.851665
1.0,4,325.863266
1.0,5,325.877998
1.0,6,325.897607
1.0,4,325.910334
-1.0,6,325.925279
1.0,11,325.957614
1.0,4,325.968225
1.0,4,325.980907
1.0,4,325.990902
-30.0,43,326.051705
1.0,4,326.062576
-1.0,4,326.077974
1.0,4,326.087638
1.0,4,326.097791
1.0,5,326.111272
-1.0,7,326.137234
1.0,7,326.158989
1.0,6,326.178649
1.0,4,326.192508
-3.0,17,326.234089
-1.0,9,326.26868
-1.0,11,326.305396
1.0,5,326.322934
1.0,5,326.338926
1.0,6,326.353947
1.0,7,326.374808
1.0,9,326.403625
1.0,5,326.423024
1.0,4,326.434316
1.0,5,326.450913
1.0,5,326.46742
1.0,14,326.516585
1.0,5,326.529886
-1.0,13,326.568708
1.0,5,326.58388
1.0,4,326.597423
1.0,5,326.616393
1.0,7,326.666724
1.0,8,326.711318
1.0,5,326.733072
1.0,10,326.76256
1.0,8,326.789627
1.0,5,326.809037
1.0,4,326.827795
1.0,5,326.862847
-26.0,41,326.95178
1.0,8,326.977126
1.0,4,326.989142
-1.0,10,327.014749
1.0,12,327.047826
1.0,4,327.060657
1.0,4,327.076201
-1.0,10,327.105255
1.0,4,327.116382
1.0,5,327.130796
1.0,6,327.155101
1.0,12,327.188496
1.0,4,327.201264
1.0,5,327.216318
1.0,4,327.231206
1.0,4,327.243857
1.0,8,327.263179
1.0,4,327.274781
1.0,4,327.289406
1.0,4,327.302271
1.0,8,327.32266
1.0,5,327.336588
1.0,7,327.35773
1.0,9,327.384542
1.0,5,327.399131
1.0,4,327.4109
1.0,6,327.427994
1.0,8,327.453015
-63.0,77,327.561203
1.0,6,327.577534
1.0,4,327.593296
-1.0,10,327.625568
1.0,4,327.637065
1.0,11,327.673941
1.0,8,327.70309
1.0,4,327.716023
1.0,9,327.74261
1.0,9,327.780622
-1.0,10,327.818151
1.0,5,327.83232
1.0,5,327.847863
1.0,4,327.859442
-1.0,12,327.895859
1.0,4,327.905827
-1.0,12,327.945604
1.0,4,327.955621
-92.0,113,328.082497
1.0,10,328.110596
1.0,7,328.132767
1.0,5,328.149611
-24.0,41,328.217952
1.0,6,328.236302
1.0,4,328.248383
-1.0,8,328.269979
1.0,4,328.285167
1.0,4,328.297386
1.0,4,328.306424
1.0,4,328.317477
1.0,6,328.334044
1.0,5,328.348949
1.0,4,328.358325
-1.0,5,328.375155
1.0,4,328.390065
1.0,10,328.413241
1.0,6,328.430313
1.0,5,328.445421
1.0,4,328.459518
1.0,4,328.472286
-1.0,10,328.503078
1.0,7,328.521449
1.0,4,328.533796
1.0,9,328.558625
1.0,4,328.570856
1.0,11,328.598432
-1.0,13,328.637458
1.0,8,328.664593
1.0,7,328.720515
1.0,10,328.771744
1.0,5,328.790162
1.0,8,328.816931
1.0,7,328.841191
1.0,4,328.854547
1.0,9,328.884835
1.0,4,328.89501
1.0,4,328.905188
1.0,4,328.917714
1.0,6,328.937164
1.0,6,328.957064
1.0,4,328.969043
1.0,4,328.981657
-32.0,44,329.051826
1.0,4,329.063529
1.0,5,329.075272
1.0,4,329.086724
1.0,6,329.108051
1.0,4,329.120305
1.0,5,329.13639
1.0,14,329.177242
1.0,4,329.188759
1.0,5,329.202531
1.0,4,329.214516
-1.0,6,329.232802
1.0,4,329.24551
1.0,5,329.261404
1.0,4,329.273386
1.0,5,329.288294
-1.0,8,329.315815
1.0,6,329.329036
1.0,4,329.338656
-1.0,10,329.37119
1.0,5,329.387494
1.0,5,329.401504
1.0,4,329.413525
1.0,4,329.425018
1.0,4,329.438954
1.0,4,329.450114
-1.0,8,329.475619
1.0,4,329.488816
-1.0,7,329.512352
1.0,9,329.531729
1.0,7,329.550703
1.0,5,329.564229
1.0,5,329.583662
1.0,6,329.598944
1.0,5,329.610304
1.0,6,329.630864
1.0,11,329.665245
1.0,4,329.673776
1.0,6,329.692325
1.0,6,329.714868
-1.0,9,329.742202
-1.0,11,329.775355
1.0,7,329.797284
1.0,4,329.810144
1.0,4,329.823517
1.0,4,329.836066
1.0,4,329.847376
1.0,4,329.85583
1.0,4,329.867304
1.0,4,329.879761
1.0,11,329.91284
-1.0,7,329.937326
-13.0,23,329.973883
1.0,10,330.00391
1.0,7,330.026705
1.0,8,330.051934
1.0,14,330.094504
1.0,4,330.107555
1.0,5,330.124437
1.0,4,330.137279
1.0,7,330.157127
-1.0,15,330.194321
1.0,4,330.206173
1.0,5,330.219461
1.0,11,330.253638
-1.0,7,330.275943
1.0,6,330.294826
1.0,4,330.308082
1.0,9,330.337285
1.0,4,330.349473
1.0,5,330.361714
-88.0,102,330.475098
1.0,7,330.498212
1.0,4,330.509429
1.0,8,330.535139
-1.0,9,330.560396
1.0,4,330.572452
1.0,6,330.588151
1.0,4,330.598278
1.0,4,330.610314
1.0,6,330.625464
1.0,9,330.655778
1.0,9,330.68385
1.0,11,330.718071
1.0,4,330.730212
1.0,5,330.740466
1.0,4,330.752421
1.0,11,330.787992
1.0,4,330.800282
1.0,6,330.817056
1.0,12,330.855091
1.0,5,330.871565
1.0,9,330.899089
1.0,9,330.925804
1.0,4,330.938845
1.0,4,330.952552
1.0,4,330.966578
-1.0,9,331.037219
1.0,10,331.074514
-1.0,9,331.104549
1.0,4,331.117215
1.0,4,331.12607
1.0,4,331.135532
1.0,8,331.153841
1.0,4,331.167774
1.0,6,331.184744
-1.0,9,331.211482
1.0,4,331.222336
1.0,12,331.254685
1.0,13,331.296934
1.0,4,331.309564
1.0,6,331.327713
1.0,4,331.342435
1.0,4,331.35262
1.0,12,331.382171
1.0,9,331.410743
-1.0,9,331.438724
1.0,5,331.45165
1.0,4,331.464612
1.0,4,331.477741
1.0,9,331.507694
1.0,8,331.52773
1.0,9,331.55463
1.0,6,331.572006
1.0,8,331.59951
1.0,4,331.612099
1.0,5,331.622992
-1.0,12,331.660269
1.0,4,331.67361
1.0,4,331.683831
1.0,5,331.6983
1.0,8,331.72045
-1.0,12,331.754964
1.0,4,331.767368
1.0,6,331.782942
1.0,5,331.79552
1.0,5,331.814427
1.0,4,331.82653
1.0,4,331.837219
-1.0,7,331.859483
1.0,4,331.870952
1.0,4,331.883666
1.0,11,331.91405
-162.0,178,332.102356
-1.0,10,332.132508
1.0,4,332.143388
1.0,5,332.155226
1.0,12,332.18732
-1.0,12,332.230699
1.0,7,332.25273
-1.0,11,332.282567
1.0,4,332.292634
1.0,5,332.311155
1.0,8,332.337684
-1.0,9,332.371745
1.0,4,332.385178
-1.0,9,332.413902
-1.0,14,332.450408
1.0,5,332.462216
1.0,5,332.478818
1.0,5,332.497073
1.0,6,332.515014
1.0,7,332.538886
-31.0,50,332.621614
1.0,10,332.649729
1.0,5,332.66178
1.0,10,332.68949
-1.0,11,332.73044
-1.0,14,332.772356
1.0,8,332.797659
1.0,4,332.807641
-1.0,15,332.848754
1.0,4,332.861031
1.0,4,332.873233
-1.0,12,332.90797
1.0,6,332.926313
-1.0,4,332.941137
1.0,11,332.97318
-101.0,118,333.108428
1.0,5,333.120189
1.0,15,333.162166
-88.0,102,333.287681
1.0,5,333.297613
1.0,5,333.313305
1.0,4,333.325529
1.0,5,333.337011
1.0,8,333.359187
1.0,5,333.370424
1.0,7,333.398863
-1.0,7,333.422856
1.0,9,333.450386
1.0,5,333.46315
1.0,6,333.482872
-1.0,8,333.504493
-1.0,7,333.526685
1.0,4,333.537352
1.0,4,333.552884
1.0,5,333.56794
1.0,4,333.578346
1.0,4,333.587127
1.0,6,333.602028
1.0,5,333.614395
1.0,5,333.631861
1.0,7,333.651863
1.0,4,333.666327
1.0,12,333.70065
1.0,4,333.712809
-1.0,7,333.738814
1.0,9,333.767683
1.0,4,333.819846
1.0,4,333.835132
1.0,4,333.846162
1.0,5,333.863492
-1.0,9,333.891803
-20.0,30,333.946811
1.0,4,333.959029
1.0,4,333.970094
1.0,6,333.988269
1.0,4,334.001307
1.0,4,334.01488
1.0,5,334.031947
-1.0,10,334.063643
1.0,10,334.094934
1.0,10,334.123415
-24.0,35,334.172894
-72.0,89,334.276161
1.0,4,334.287031
1.0,5,334.302391
1.0,4,334.315216
1.0,4,334.326508
1.0,4,334.336105
1.0,4,334.348466
1.0,7,334.366953
1.0,4,334.377118
-2.0,12,334.410305
1.0,4,334.422558
1.0,11,334.455906
1.0,5,334.468653
1.0,5,334.482818
1.0,4,334.496531
1.0,6,334.515438
1.0,5,334.532267
-1.0,5,334.546406
1.0,4,334.557737
1.0,5,334.574993
-1.0,10,334.601405
1.0,10,334.630921
1.0,4,334.639189
1.0,4,334.650133
1.0,9,334.676405
1.0,12,334.715304
1.0,5,334.731106
1.0,6,334.748684
1.0,4,334.758596
1.0,4,334.77179
1.0,5,334.78733
1.0,6,334.808978
1.0,5,334.823519
1.0,6,334.839797
1.0,8,334.860888
-1.0,4,334.873478
1.0,8,334.897662
1.0,9,334.925014
1.0,5,334.934898
-22.0,35,334.993562
-1.0,10,335.023579
1.0,4,335.0366
1.0,4,335.047685
-1.0,9,335.079212
1.0,4,335.091294
1.0,11,335.119716
1.0,5,335.137537
1.0,4,335.150503
1.0,5,335.162425
1.0,4,335.171446
1.0,10,335.198982
1.0,10,335.232135
1.0,10,335.264312
1.0,9,335.290195
1.0,5,335.305322
1.0,4,335.316937
-1.0,9,335.348533
1.0,6,335.369389
1.0,4,335.382381
1.0,4,335.397109
-1.0,12,335.429981
1.0,5,335.444608
1.0,4,335.454465
1.0,6,335.470207
1.0,5,335.487471
1.0,11,335.516961
1.0,4,335.528374
1.0,10,335.563357
1.0,6,335.580805
1.0,6,335.599643
1.0,6,335.61451
1.0,9,335.640373
-1.0,7,335.662704
-1.0,9,335.694771
1.0,4,335.703833
1.0,8,335.728218
-1.0,7,335.749487
1.0,5,335.767701
1.0,10,335.790704
1.0,4,335.804621
1.0,4,335.813807
1.0,4,335.824811
1.0,4,335.834616
1.0,10,335.869798
1.0,4,335.883583
1.0,4,335.896856
1.0,4,335.909817
1.0,4,335.924754
1.0,4,335.936812
1.0,5,335.950006
1.0,4,335.962106
1.0,4,335.973915
1.0,5,335.985735
1.0,4,335.998298
1.0,4,336.010745
1.0,4,336.024649
1.0,5,336.035079
1.0,4,336.045234
1.0,9,336.075841
-1.0,13,336.118596
1.0,7,336.137317
1.0,4,336.150106
1.0,7,336.171482
-1.0,13,336.214217
-1.0,12,336.252874
1.0,5,336.266697
1.0,8,336.291435
-1.0,7,336.312359
1.0,4,336.322943
1.0,4,336.39288
1.0,12,336.431164
1.0,4,336.445739
1.0,4,336.458421
1.0,5,336.474379
1.0,8,336.49681
1.0,4,336.511168
1.0,9,336.537337
1.0,4,336.55399
1.0,4,336.572849
1.0,5,336.595766
-1.0,11,336.634732
-1.0,11,336.6711
1.0,4,336.683747
1.0,7,336.707503
1.0,5,336.718597
1.0,7,336.742793
1.0,7,336.764401
1.0,6,336.787516
1.0,4,336.798922
-1.0,8,336.821924
-91.0,108,336.962767
1.0,6,336.979563
-1.0,10,337.008891
1.0,5,337.024145
1.0,13,337.063443
-1.0,11,337.098009
1.0,4,337.108752
1.0,4,337.120299
1.0,4,337.131818
1.0,4,337.146403
1.0,5,337.158943
1.0,4,337.170109
1.0,4,337.182859
1.0,5,337.200203
1.0,9,337.224073
1.0,8,337.249808
1.0,4,337.263299
-1.0,9,337.296764
1.0,7,337.320735
1.0,4,337.332572
1.0,4,337.346499
1.0,6,337.367088
1.0,6,337.389005
1.0,4,337.402186
1.0,5,337.419064
1.0,7,337.442516
1.0,4,337.45527
1.0,4,337.468287
1.0,6,337.490902
1.0,4,337.508205
1.0,5,337.524804
1.0,4,337.538342
1.0,8,337.563237
1.0,4,337.578578
-31.0,42,337.640761
1.0,4,337.649691
1.0,6,337.671631
1.0,13,337.712727
1.0,4,337.726498
1.0,4,337.739732
1.0,4,337.749541
-1.0,6,337.773152
1.0,4,337.78527
1.0,12,337.827935
1.0,6,337.84858
1.0,4,337.863614
1.0,7,337.881119
1.0,4,337.894011
1.0,4,337.905846
1.0,6,337.923445
1.0,6,337.944453
1.0,6,337.963256
1.0,4,337.975419
-1.0,11,338.009636
1.0,4,338.020411
1.0,4,338.029954
1.0,4,338.042908
1.0,4,338.057025
1.0,6,338.071859
1.0,4,338.083092
1.0,9,338.114038
1.0,4,338.128334
-1.0,10,338.161169
1.0,6,338.177573
-1.0,10,338.209253
1.0,4,338.222877
1.0,7,338.244566
1.0,4,338.256996
1.0,4,338.265502
1.0,4,338.279063
1.0,5,338.292359
1.0,6,338.310253
1.0,4,338.323417
1.0,4,338.337091
1.0,4,338.348159
1.0,6,338.364991
1.0,5,338.380445
1.0,4,338.394947
1.0,11,338.426953
1.0,6,338.445782
1.0,4,338.457875
1.0,5,338.475654
1.0,5,338.48915
1.0,4,338.499289
1.0,4,338.512415
1.0,4,338.528378
1.0,4,338.539738
1.0,7,338.562701
1.0,4,338.575605
1.0,4,338.589967
1.0,7,338.62236
1.0,7,338.651616
1.0,4,338.665826
1.0,4,338.686525
-1.0,9,338.719843
1.0,6,338.737461
-1.0,10,338.774051
1.0,7,338.796921
-1.0,9,338.826805
1.0,5,338.892226
1.0,5,338.914556
1.0,4,338.931456
1.0,11,338.972485
-1.0,13,339.016693
1.0,4,339.031526
-1.0,8,339.062141
-1.0,8,339.092676
-1.0,8,339.122656
1.0,4,339.135618
1.0,4,339.151238
1.0,4,339.164898
1.0,13,339.204233
1.0,10,339.240645
1.0,4,339.255999
1.0,4,339.269253
1.0,4,339.28063
-1.0,6,339.299593
1.0,4,339.312669
1.0,4,339.322658
-1.0,8,339.348985
1.0,4,339.362501
1.0,4,339.375645
1.0,10,339.409649
1.0,5,339.425032
1.0,10,339.460189
1.0,4,339.474473
1.0,4,339.486395
1.0,5,339.500828
1.0,5,339.514008
1.0,4,339.526741
-1.0,10,339.561274
-1.0,9,339.593447
1.0,5,339.609903
1.0,9,339.644232
1.0,4,339.655106
1.0,4,339.668533
1.0,4,339.680505
1.0,12,339.721277
1.0,4,339.730947
1.0,6,339.747228
1.0,4,339.758846
1.0,4,339.77181
1.0,4,339.780887
1.0,5,339.79428
1.0,4,339.806226
1.0,5,339.823107
1.0,4,339.833706
1.0,4,339.846186
1.0,11,339.882807
1.0,4,339.897683
1.0,5,339.910831
1.0,4,339.923302
1.0,6,339.943994
1.0,4,339.959125
1.0,4,339.969697
1.0,4,339.979779
1.0,5,339.994346
1.0,4,340.008576
-1.0,10,340.042816
1.0,6,340.061034
1.0,8,340.089771
1.0,4,340.106761
-1.0,6,340.129807
1.0,6,340.148095
1.0,5,340.163262
1.0,7,340.188211
1.0,4,340.19823
0.0,14,340.241472
1.0,4,340.253433
1.0,4,340.266217
-1.0,9,340.292331
1.0,4,340.303847
1.0,4,340.315499
1.0,8,340.340782
1.0,9,340.366598
1.0,5,340.382446
1.0,4,340.396256
1.0,4,340.414244
1.0,4,340.431193
1.0,4,340.449034
1.0,9,340.491727
1.0,9,340.532528
1.0,4,340.546489
1.0,4,340.559788
1.0,8,340.581902
1.0,6,340.602909
1.0,4,340.613451
1.0,10,340.643424
-61.0,76,340.740452
1.0,4,340.753667
1.0,4,340.76543
1.0,6,340.780165
1.0,4,340.789615
-1.0,11,340.825058
1.0,4,340.837891
1.0,4,340.84722
1.0,4,340.858986
-1.0,8,340.881239
1.0,8,340.906865
1.0,4,340.917426
-1.0,5,340.933318
1.0,9,340.965073
1.0,4,340.975878
1.0,4,340.988252
1.0,9,341.014796
-1.0,9,341.040402
1.0,5,341.054498
1.0,8,341.07601
1.0,6,341.094024
1.0,5,341.109825
-1.0,12,341.144046
1.0,4,341.154413
1.0,5,341.170194
1.0,4,341.185349
1.0,5,341.199702
1.0,4,341.209107
1.0,8,341.230551
1.0,5,341.244104
1.0,5,341.257782
-1.0,7,341.277335
1.0,8,341.303269
1.0,4,341.31391
1.0,4,341.327159
1.0,8,341.349248
1.0,5,341.363346
1.0,4,341.375714
1.0,8,341.399729
-32.0,50,341.532255
1.0,4,341.541479
1.0,5,341.556979
1.0,4,341.569213
1.0,9,341.59771
1.0,8,341.621578
1.0,7,341.646859
1.0,4,341.657395
1.0,7,341.67937
1.0,4,341.691691
1.0,7,341.709993
1.0,7,341.730352
1.0,4,341.745479
-1.0,9,341.774477
1.0,5,341.794162
1.0,4,341.806308
-1.0,5,341.820259
1.0,4,341.833376
1.0,4,341.845214
1.0,4,341.856407
1.0,4,341.86789
1.0,7,341.886141
1.0,6,341.905401
1.0,5,341.918198
1.0,6,341.938358
1.0,5,341.954643
1.0,5,341.971964
1.0,8,341.993384
1.0,4,342.004887
-1.0,7,342.030455
1.0,9,342.061076
1.0,4,342.072097
1.0,4,342.084618
1.0,7,342.105746
-1.0,9,342.137003
1.0,4,342.145973
-2.0,11,342.176097
1.0,4,342.18933
-1.0,10,342.221988
1.0,10,342.251686
1.0,4,342.263341
1.0,4,342.273932
1.0,4,342.288702
-1.0,6,342.311458
1.0,4,342.324422
1.0,4,342.336595
1.0,4,342.349064
1.0,7,342.36913
1.0,4,342.37885
1.0,4,342.388371
1.0,5,342.407247
1.0,4,342.419357
1.0,4,342.430677
1.0,13,342.466341
-1.0,8,342.495656
1.0,4,342.508324
1.0,4,342.518814
-1.0,13,342.558628
1.0,7,342.582158
1.0,6,342.597012
1.0,5,342.613697
-1.0,12,342.653662
1.0,4,342.66783
1.0,5,342.680542
1.0,4,342.693614
-1.0,9,342.725542
1.0,4,342.740524
1.0,5,342.754523
1.0,5,342.772791
1.0,4,342.784289
1.0,7,342.807235
1.0,4,342.819463
1.0,4,342.83056
1.0,8,342.859241
1.0,4,342.875454
1.0,4,342.888719
1.0,11,342.921554
1.0,5,342.938088
-1.0,9,342.970201
1.0,5,342.981582
-1.0,8,343.003876
1.0,9,343.033579
1.0,4,343.044902
1.0,12,343.085946
1.0,17,343.139844
-1.0,4,343.15273
1.0,12,343.190255
1.0,8,343.215886
-1.0,14,343.259767
1.0,4,343.270579
1.0,6,343.288811
1.0,4,343.299736
1.0,5,343.316371
1.0,9,343.341743
-54.0,67,343.426763
1.0,4,343.437446
1.0,9,343.46482
1.0,5,343.480203
-1.0,9,343.50942
1.0,4,343.519976
1.0,5,343.535753
1.0,4,343.54712
1.0,4,343.561179
1.0,4,343.574113
1.0,7,343.594198
1.0,4,343.606292
1.0,4,343.620058
1.0,4,343.633988
1.0,4,343.643989
1.0,4,343.654131
-1.0,14,343.701582
-1.0,10,343.726473
1.0,7,343.751509
1.0,4,343.763026
1.0,7,343.785381
1.0,10,343.814181
1.0,4,343.825344
1.0,7,343.846675
-1.0,11,343.879598
1.0,4,343.891588
1.0,4,343.904095
1.0,4,343.917018
1.0,6,343.933635
1.0,10,343.961483
1.0,4,343.974265
1.0,5,344.025815
-1.0,5,344.057254
1.0,4,344.071032
1.0,4,344.084386
1.0,4,344.097594
1.0,4,344.113398
1.0,4,344.126505
1.0,4,344.137915
1.0,4,344.149864
1.0,5,344.16441
1.0,5,344.176444
1.0,4,344.189486
1.0,4,344.203393
1.0,4,344.218689
1.0,4,344.231576
1.0,5,344.243927
1.0,9,344.269428
1.0,4,344.283752
1.0,4,344.296625
-1.0,11,344.330773
1.0,4,344.34209
1.0,6,344.359968
1.0,5,344.375402
-1.0,9,344.40115
1.0,9,344.423117
1.0,6,344.443958
1.0,5,344.4578
1.0,4,344.469319
1.0,6,344.486922
1.0,4,344.501522
1.0,4,344.511162
1.0,10,344.539247
1.0,4,344.549928
1.0,4,344.563949
1.0,7,344.58871
1.0,9,344.61684
1.0,9,344.643392
1.0,4,344.657005
1.0,5,344.670506
1.0,5,344.684728
1.0,4,344.697113
1.0,5,344.713929
1.0,4,344.72394
1.0,6,344.741673
-1.0,7,344.764827
-1.0,7,344.790555
1.0,5,344.804639
1.0,5,344.821453
1.0,5,344.836009
1.0,6,344.857004
1.0,4,344.8709
1.0,4,344.883527
1.0,7,344.907623
1.0,4,344.920411
1.0,4,344.930471
1.0,4,344.940826
1.0,4,344.95404
1.0,4,344.970276
1.0,4,344.981186
1.0,5,344.995675
1.0,5,345.011516
1.0,12,345.053643
-19.0,36,345.121688
1.0,6,345.13717
1.0,5,345.150315
1.0,11,345.184251
1.0,5,345.199248
1.0,4,345.211225
1.0,4,345.224537
1.0,4,345.23929
1.0,6,345.258521
1.0,16,345.303591
1.0,4,345.316338
1.0,12,345.353947
1.0,4,345.363752
1.0,4,345.375836
1.0,4,345.38917
1.0,6,345.406887
-1.0,16,345.451167
1.0,12,345.490813
1.0,11,345.523378
1.0,4,345.53724
1.0,6,345.557003
1.0,8,345.582079
1.0,4,345.593373
1.0,4,345.60739
1.0,8,345.6343
1.0,4,345.644158
1.0,10,345.676563
1.0,7,345.703381
-1.0,10,345.732954
-1.0,6,345.755268
1.0,4,345.768216
1.0,9,345.797439
1.0,4,345.809194
1.0,6,345.831495
-1.0,9,345.862597
-1.0,7,345.889892
1.0,4,345.903112
1.0,4,345.916845
1.0,4,345.926978
1.0,5,345.940897
-1.0,13,345.978207
-1.0,12,346.014746
1.0,9,346.04105
-1.0,7,346.06725
-1.0,9,346.095836
1.0,11,346.128191
-1.0,9,346.157716
1.0,11,346.199511
-19.0,33,346.2581
1.0,6,346.277617
1.0,7,346.300195
-1.0,12,346.339621
1.0,8,346.366225
1.0,10,346.392362
1.0,4,346.405272
1.0,6,346.426463
1.0,7,346.446673
1.0,5,346.464259
-3.0,13,346.500218
1.0,4,346.511541
1.0,12,346.599133
1.0,5,346.627851
1.0,7,346.651064
1.0,4,346.665974
1.0,4,346.678387
1.0,7,346.703346
1.0,11,346.739673
1.0,4,346.754608
1.0,5,346.771067
1.0,9,346.794806
1.0,5,346.809607
1.0,6,346.827787
1.0,7,346.848855
1.0,7,346.871451
1.0,9,346.896367
1.0,7,346.919776
1.0,4,346.932056
1.0,5,346.947006
1.0,7,346.971342
1.0,7,346.993665
1.0,5,347.006969
1.0,6,347.023757
1.0,4,347.03484
1.0,14,347.074727
1.0,4,347.087484
1.0,5,347.100212
1.0,4,347.111855
1.0,4,347.126102
1.0,6,347.147922
1.0,4,347.160681
1.0,8,347.187362
1.0,5,347.204264
1.0,4,347.217178
-1.0,9,347.245938
1.0,5,347.261035
1.0,5,347.279331
-1.0,4,347.290643
1.0,4,347.30146
1.0,5,347.316668
1.0,4,347.331285
1.0,5,347.346579
1.0,4,347.359499
1.0,4,347.371929
1.0,4,347.385309
1.0,8,347.407792
1.0,4,347.419878
1.0,6,347.439824
1.0,4,347.452436
1.0,4,347.463685
1.0,5,347.476343
1.0,4,347.487465
1.0,4,347.499466
1.0,5,347.511948
1.0,8,347.534519
1.0,4,347.546947
1.0,13,347.586005
1.0,4,347.598675
1.0,7,347.617174
1.0,8,347.641292
1.0,4,347.659606
1.0,6,347.697939
-1.0,8,347.734571
1.0,5,347.754179
1.0,8,347.781992
1.0,4,347.791969
1.0,4,347.805255
1.0,8,347.848775
1.0,4,347.901707
1.0,5,347.918165
1.0,4,347.931386
1.0,9,347.961153
1.0,5,347.974173
1.0,6,347.988591
1.0,4,347.999844
1.0,4,348.012714
1.0,5,348.031922
1.0,4,348.041799
1.0,5,348.056379
1.0,4,348.070141
1.0,4,348.084917
1.0,5,348.097167
1.0,7,348.118168
1.0,4,348.130623
1.0,4,348.144845
1.0,4,348.158123
1.0,4,348.169422
-1.0,10,348.201207
1.0,4,348.216316
1.0,4,348.226599
-1.0,11,348.261806
-1.0,12,348.305281
1.0,4,348.318235
-1.0,9,348.345569
1.0,4,348.35867
1.0,5,348.376819
1.0,10,348.403291
1.0,12,348.43865
-1.0,5,348.455777
1.0,5,348.473137
1.0,4,348.488814
1.0,5,348.501652
1.0,4,348.513637
-1.0,12,348.54725
1.0,4,348.557431
1.0,4,348.567603
-1.0,6,348.586349
1.0,4,348.598066
1.0,4,348.612973
-1.0,6,348.63548
1.0,5,348.648251
1.0,4,348.660365
1.0,10,348.697404
1.0,5,348.713111
1.0,4,348.725055
1.0,12,348.758126
1.0,4,348.77019
-1.0,6,348.78851
1.0,4,348.801078
-1.0,9,348.836668
1.0,4,348.851155
1.0,4,348.864467
1.0,4,348.875705
1.0,4,348.88761
1.0,4,348.900702
-1.0,8,348.926661
1.0,4,348.93761
1.0,13,348.979886
1.0,7,349.004168
1.0,4,349.016573
1.0,7,349.036446
1.0,4,349.049243
1.0,6,349.070178
1.0,4,349.082333
-1.0,5,349.095899
1.0,4,349.108062
1.0,4,349.123314
1.0,4,349.135371
1.0,4,349.147011
1.0,4,349.15595
1.0,4,349.169821
1.0,4,349.181928
-1.0,8,349.203466
1.0,11,349.241505
1.0,5,349.259265
1.0,4,349.269459
1.0,4,349.280403
1.0,4,349.289717
1.0,4,349.301477
1.0,7,349.323758
1.0,4,349.334651
1.0,4,349.348368
1.0,4,349.363929
1.0,4,349.376037
-1.0,5,349.38868
1.0,4,349.400751
1.0,6,349.422306
1.0,4,349.43306
1.0,4,349.444063
1.0,5,349.455419
1.0,4,349.465931
1.0,4,349.476985
1.0,4,349.486211
1.0,6,349.499854
1.0,4,349.514943
1.0,4,349.526357
1.0,10,349.556303
1.0,4,349.569147
1.0,4,349.584309
1.0,4,349.595961
0.0,10,349.625548
1.0,4,349.635609
-1.0,6,349.659043
1.0,9,349.68673
1.0,4,349.700834
-1.0,12,349.739654
1.0,5,349.757743
-1.0,13,349.799277
1.0,4,349.809586
1.0,4,349.822886
1.0,4,349.834806
1.0,5,349.848803
1.0,6,349.865931
1.0,6,349.886961
1.0,5,349.902664
1.0,8,349.924533
1.0,5,349.94022
-1.0,9,349.973997
1.0,7,349.998922
1.0,4,350.011965
1.0,13,350.054064
1.0,4,350.066577
1.0,4,350.080816
1.0,4,350.09094
1.0,5,350.104175
1.0,4,350.115765
0.0,17,350.165463
1.0,5,350.179223
1.0,4,350.191657
1.0,7,350.212121
-1.0,7,350.236861
1.0,4,350.24825
1.0,4,350.260518
1.0,6,350.280236
1.0,4,350.295167
1.0,6,350.36197
1.0,13,350.409022
1.0,5,350.422645
-8.0,22,350.473297
1.0,9,350.503959
1.0,8,350.526124
1.0,6,350.547866
1.0,4,350.563991
1.0,7,350.584736
1.0,5,350.601773
1.0,4,350.613477
1.0,6,350.630037
1.0,4,350.639963
1.0,4,350.651515
1.0,11,350.686099
1.0,12,350.726523
1.0,5,350.740757
1.0,4,350.753135
-1.0,7,350.777283
1.0,4,350.794357
-1.0,6,350.810808
-36.0,49,350.880056
1.0,5,350.895851
1.0,5,350.911968
1.0,6,350.929531
1.0,4,350.938092
1.0,4,350.950804
1.0,4,350.965181
1.0,6,350.983546
-5.0,13,351.011791
1.0,4,351.022258
1.0,5,351.039663
1.0,4,351.050671
1.0,8,351.078341
1.0,4,351.08837
1.0,4,351.103276
1.0,8,351.124043
1.0,15,351.157824
1.0,4,351.170616
1.0,4,351.186092
1.0,7,351.20787
1.0,7,351.23103
1.0,9,351.261057
1.0,4,351.274509
1.0,10,351.311055
1.0,4,351.32441
1.0,4,351.33759
1.0,4,351.350007
1.0,9,351.372638
1.0,4,351.384695
1.0,12,351.414918
1.0,4,351.430972
1.0,5,351.444507
1.0,4,351.457369
-1.0,9,351.489423
1.0,4,351.504083
1.0,4,351.514314
-1.0,8,351.538315
1.0,5,351.554727
1.0,4,351.567748
1.0,5,351.583176
1.0,5,351.597715
1.0,5,351.612111
1.0,5,351.62904
1.0,5,351.643197
1.0,4,351.652301
-1.0,6,351.670812
1.0,4,351.68633
1.0,4,351.699362
-1.0,7,351.725334
-1.0,11,351.756414
1.0,4,351.771214
1.0,4,351.783414
1.0,4,351.795828
1.0,4,351.805521
1.0,5,351.823498
1.0,4,351.835768
-1.0,8,351.864878
1.0,4,351.877885
1.0,4,351.893581
1.0,4,351.906307
1.0,4,351.91622
1.0,5,351.929712
-1.0,6,351.949715
1.0,5,351.962747
-1.0,18,352.008954
1.0,5,352.024234
1.0,4,352.039666
1.0,4,352.049944
1.0,9,352.071054
-1.0,10,352.103529
1.0,4,352.117285
1.0,7,352.136486
-1.0,16,352.178292
1.0,8,352.204687
1.0,4,352.218239
1.0,4,352.230346
1.0,4,352.243046
1.0,4,352.25521
1.0,8,352.281991
1.0,4,352.294321
1.0,4,352.307119
-1.0,10,352.344587
1.0,4,352.357208
1.0,4,352.37042
1.0,5,352.384016
-1.0,4,352.397197
1.0,4,352.412025
1.0,6,352.43278
1.0,4,352.444903
1.0,9,352.470463
1.0,4,352.48291
1.0,4,352.495997
1.0,4,352.507727
-1.0,8,352.529603
1.0,8,352.550244
1.0,7,352.572697
1.0,9,352.600296
1.0,4,352.613678
1.0,6,352.629904
-1.0,13,352.670826
1.0,4,352.68439
-1.0,8,352.708448
1.0,4,352.724355
1.0,4,352.735512
1.0,4,352.746068
1.0,5,352.761241
1.0,13,352.802631
-1.0,12,352.84287
1.0,4,352.85206
1.0,4,352.913891
1.0,10,352.952427
1.0,13,352.99552
-1.0,8,353.021853
1.0,4,353.033905
1.0,4,353.048324
1.0,7,353.068417
1.0,4,353.079797
1.0,4,353.091735
1.0,4,353.105127
1.0,5,353.120058
-1.0,7,353.141909
1.0,4,353.150318
1.0,4,353.16308
1.0,6,353.178433
-1.0,9,353.202688
1.0,5,353.216036
-1.0,4,353.231285
-1.0,9,353.262156
1.0,5,353.2767
1.0,4,353.285352
1.0,5,353.30003
1.0,5,353.314876
1.0,5,353.330781
1.0,9,353.35891
1.0,9,353.383606
1.0,4,353.393959
-1.0,10,353.427718
1.0,6,353.443013
-1.0,5,353.462152
1.0,6,353.476898
1.0,7,353.499271
1.0,5,353.513952
1.0,5,353.528478
1.0,6,353.546577
1.0,4,353.557069
-1.0,11,353.594263
1.0,4,353.60912
1.0,10,353.634498
1.0,7,353.657107
1.0,5,353.670392
1.0,6,353.69426
-1.0,7,353.713773
1.0,8,353.738629
1.0,5,353.755533
-1.0,11,353.78767
1.0,9,353.812944
-1.0,9,353.842295
1.0,4,353.851587
1.0,4,353.864824
1.0,7,353.885224
-10.0,25,353.94678
-1.0,13,353.983221
1.0,8,354.009634
1.0,8,354.032698
1.0,5,354.046819
1.0,6,354.063053
1.0,8,354.087394
1.0,14,354.133559
1.0,4,354.146989
1.0,12,354.184533
1.0,4,354.199422
1.0,9,354.228985
1.0,5,354.242132
1.0,5,354.252696
1.0,4,354.266476
1.0,4,354.279158
1.0,12,354.315928
1.0,4,354.327894
1.0,4,354.341872
1.0,4,354.354291
1.0,6,354.369188
1.0,5,354.383937
1.0,7,354.405867
1.0,9,354.432881
1.0,5,354.449405
1.0,10,354.483196
1.0,6,354.500215
1.0,7,354.518823
1.0,9,354.547141
1.0,9,354.574508
-1.0,13,354.6158
1.0,6,354.633164
1.0,4,354.645347
1.0,13,354.677311
1.0,4,354.69366
1.0,9,354.723022
1.0,7,354.743094
-1.0,15,354.793144
-57.0,69,354.884711
1.0,6,354.907587
-1.0,6,354.927764
1.0,9,354.957485
1.0,4,354.971879
1.0,10,355.000998
-1.0,8,355.026546
-6.0,22,355.080575
1.0,5,355.095618
1.0,7,355.119583
1.0,9,355.145792
1.0,5,355.160834
1.0,5,355.178068
1.0,10,355.20282
1.0,6,355.220825
1.0,6,355.241884
1.0,4,355.255364
1.0,7,355.279589
1.0,8,355.300727
1.0,5,355.315094
1.0,6,355.334307
-1.0,8,355.358344
1.0,4,355.371657
1.0,9,355.407713
1.0,9,355.438269
1.0,12,355.474
1.0,6,355.488508
1.0,6,355.510947
1.0,6,355.529786
1.0,5,355.545494
1.0,4,355.557222
-1.0,10,355.584339
1.0,4,355.597292
1.0,5,355.610602
1.0,4,355.621782
1.0,4,355.633885
1.0,5,355.653644
1.0,11,355.688897
1.0,4,355.702257
-51.0,64,355.787104
1.0,4,355.80446
1.0,4,355.861338
-1.0,7,355.893689
1.0,4,355.907262
1.0,5,355.924533
1.0,4,355.934173
1.0,4,355.946129
1.0,4,355.958649
1.0,4,355.972704
1.0,4,355.985385
1.0,4,355.998666
-1.0,12,356.033997
1.0,8,356.061965
-1.0,11,356.091991
1.0,10,356.125319
1.0,14,356.167125
1.0,4,356.18214
1.0,7,356.202592
1.0,4,356.211152
-1.0,8,356.231342
1.0,7,356.254483
1.0,9,356.281827
1.0,4,356.295214
-1.0,9,356.325182
1.0,5,356.342255
1.0,12,356.378125
1.0,6,356.397068
1.0,7,356.427034
-1.0,11,356.465518
1.0,4,356.48058
1.0,5,356.499207
1.0,9,356.53036
1.0,7,356.551352
1.0,4,356.564173
1.0,4,356.57688
1.0,7,356.594173
-1.0,7,356.61969
-1.0,8,356.643792
1.0,7,356.663255
1.0,14,356.70932
1.0,4,356.725195
1.0,5,356.747975
1.0,4,356.762381
1.0,4,356.776967
1.0,5,356.796472
1.0,5,356.811568
1.0,7,356.838088
1.0,5,356.853524
1.0,10,356.894741
1.0,7,356.917402
1.0,4,356.930956
-1.0,9,356.970863
1.0,4,356.990643
1.0,4,357.003958
1.0,4,357.018487
1.0,5,357.036264
-1.0,6,357.059293
1.0,4,357.075336
1.0,6,357.102201
1.0,4,357.115717
1.0,4,357.132448
1.0,5,357.148203
1.0,4,357.162213
1.0,4,357.174499
1.0,6,357.269243
1.0,4,357.289201
1.0,5,357.305478
1.0,5,357.325381
1.0,4,357.339606
1.0,12,357.380031
1.0,4,357.391928
1.0,5,357.407004
-11.0,26,357.473209
1.0,5,357.489943
1.0,4,357.503339
1.0,5,357.517086
1.0,5,357.540512
1.0,5,357.562741
1.0,4,357.585024
1.0,4,357.606387
1.0,5,357.638791
1.0,4,357.65905
-1.0,11,357.703207
-1.0,11,357.744941
1.0,4,357.757787
1.0,5,357.771832
1.0,4,357.783687
1.0,4,357.79757
1.0,4,357.812386
-25.0,40,357.878826
1.0,4,357.889267
1.0,4,357.902014
1.0,5,357.914556
1.0,8,357.940087
1.0,5,357.95416
-1.0,6,357.97202
1.0,5,357.986567
1.0,4,357.99611
1.0,4,358.007291
1.0,8,358.034868
1.0,9,358.064338
1.0,4,358.075363
1.0,4,358.087378
1.0,4,358.096959
1.0,4,358.109217
1.0,4,358.119242
1.0,4,358.128755
1.0,4,358.139876
1.0,11,358.175317
1.0,6,358.193186
1.0,4,358.207397
1.0,6,358.224347
1.0,5,358.240365
1.0,4,358.251158
1.0,5,358.263427
1.0,12,358.295993
1.0,4,358.308438
-1.0,12,358.345465
-1.0,12,358.384326
1.0,4,358.396467
1.0,6,358.41484
1.0,6,358.431241
1.0,8,358.459159
1.0,4,358.470544
1.0,4,358.486253
0.0,9,358.513108
1.0,4,358.559961
1.0,4,358.600836
1.0,4,358.618356
1.0,4,358.631467
1.0,6,358.645992
1.0,5,358.663127
1.0,4,358.674776
1.0,4,358.685994
1.0,11,358.717802
1.0,4,358.727245
1.0,4,358.739413
1.0,8,358.760155
-1.0,9,358.787515
1.0,9,358.810419
-1.0,9,358.84168
-1.0,4,358.853326
1.0,8,358.874234
-1.0,5,358.889837
-1.0,14,358.938169
1.0,4,358.951161
1.0,4,358.964071
-1.0,8,358.991107
1.0,7,359.013253
1.0,4,359.026028
1.0,9,359.05772
1.0,5,359.069485
-1.0,9,359.093743
-1.0,9,359.11874
1.0,6,359.131333
1.0,4,359.143315
1.0,4,359.156268
1.0,5,359.169038
1.0,4,359.180539
1.0,4,359.190802
1.0,4,359.203507
1.0,14,359.242112
1.0,4,359.256203
1.0,4,359.269912
-1.0,10,359.300131
1.0,4,359.309145
1.0,5,359.325365
-17.0,35,359.391895
1.0,4,359.403508
1.0,4,359.413144
1.0,9,359.444482
1.0,4,359.458348
1.0,5,359.474111
1.0,5,359.489205
1.0,4,359.501235
1.0,5,359.568284
1.0,11,359.617257
1.0,4,359.63547
1.0,4,359.651858
1.0,4,359.669954
-1.0,12,359.718818
1.0,12,359.757254
1.0,4,359.766315
1.0,7,359.788294
-1.0,14,359.833096
1.0,6,359.850649
1.0,5,359.866158
1.0,4,359.879333
1.0,5,359.90031
1.0,8,359.92812
1.0,4,359.942234
1.0,5,359.959109
1.0,4,359.973868
1.0,7,359.992403
1.0,4,360.003564
1.0,4,360.014121
-1.0,11,360.051412
1.0,4,360.060394
1.0,4,360.072168
1.0,4,360.084857
1.0,4,360.094954
1.0,4,360.105086
1.0,10,360.135553
1.0,4,360.143807
1.0,5,360.15528
1.0,5,360.16971
1.0,13,360.209792
1.0,4,360.222033
-51.0,64,360.316465
1.0,5,360.333256
1.0,4,360.346711
1.0,4,360.359254
1.0,5,360.373386
1.0,7,360.393878
1.0,5,360.40643
1.0,5,360.420631
-1.0,8,360.443588
1.0,4,360.453646
1.0,4,360.464191
1.0,6,360.485621
1.0,8,360.512452
1.0,5,360.528249
1.0,4,360.538875
1.0,4,360.551355
1.0,4,360.561976
1.0,5,360.57642
1.0,12,360.609647
1.0,5,360.623226
1.0,5,360.643649
1.0,4,360.655842
1.0,4,360.667649
1.0,5,360.679441
1.0,4,360.693514
1.0,8,360.722083
-1.0,10,360.751389
1.0,9,360.804733
1.0,5,360.83151
1.0,7,360.857586
1.0,4,360.8701
1.0,10,360.893993
1.0,5,360.914382
1.0,4,360.928252
1.0,4,360.941472
1.0,4,360.956041
1.0,7,360.984976
1.0,9,361.01699
-1.0,11,361.052204
-1.0,7,361.078285
1.0,4,361.093376
1.0,7,361.121829
-1.0,8,361.183075
1.0,5,361.203538
1.0,12,361.24409
1.0,7,361.272232
1.0,4,361.28906
1.0,5,361.308586
1.0,5,361.328332
1.0,7,361.351385
1.0,8,361.434118
1.0,4,361.450004
1.0,4,361.4643
-1.0,5,361.482519
1.0,10,361.520029
1.0,4,361.528655
1.0,4,361.541279
1.0,4,361.554283
-1.0,15,361.601864
1.0,10,361.631183
1.0,4,361.643461
1.0,6,361.658866
-1.0,8,361.683467
1.0,6,361.700956
1.0,4,361.715131
1.0,4,361.727398
1.0,4,361.740546
1.0,4,361.75393
1.0,6,361.775576
1.0,8,361.80157
1.0,4,361.815711
1.0,4,361.829985
1.0,9,361.865767
1.0,4,361.879053
-1.0,7,361.905223
1.0,4,361.919108
1.0,15,361.970157
1.0,4,361.981689
-1.0,12,362.026108
1.0,9,362.058049
1.0,4,362.074321
1.0,4,362.087233
1.0,4,362.099482
1.0,4,362.112506
1.0,5,362.134309
1.0,7,362.150426
1.0,4,362.162171
-1.0,8,362.188321
1.0,5,362.206831
-1.0,9,362.234038
1.0,5,362.251187
1.0,4,362.264887
1.0,5,362.282339
1.0,5,362.293853
1.0,5,362.308016
1.0,4,362.32125
1.0,4,362.334712
-1.0,8,362.359217
1.0,4,362.373224
1.0,5,362.389897
1.0,4,362.403697
1.0,4,362.417552
1.0,4,362.430813
1.0,7,362.454631
1.0,6,362.472418
1.0,4,362.484607
1.0,4,362.497718
1.0,9,362.535557
1.0,4,362.550254
1.0,4,362.560455
1.0,15,362.604292
1.0,5,362.621364
1.0,5,362.637831
1.0,11,362.673926
1.0,7,362.691818
1.0,4,362.70419
1.0,4,362.721353
1.0,8,362.747494
1.0,5,362.764455
1.0,4,362.774331
1.0,4,362.789054
1.0,4,362.801478
1.0,5,362.813316
1.0,5,362.828801
1.0,8,362.852528
1.0,4,362.863078
1.0,6,362.879419
1.0,9,362.908491
1.0,6,362.931273
1.0,9,362.960986
1.0,8,362.992458
1.0,4,363.00479
1.0,4,363.020048
1.0,4,363.030819
1.0,13,363.066346
1.0,4,363.078837
1.0,5,363.096009
1.0,4,363.108855
-1.0,4,363.123695
1.0,4,363.135826
-1.0,8,363.165262
-1.0,9,363.192476
1.0,4,363.206291
1.0,4,363.220659
1.0,4,363.237067
1.0,8,363.259786
1.0,4,363.270332
1.0,5,363.285617
1.0,4,363.299758
1.0,6,363.319474
-1.0,11,363.360991
1.0,7,363.383814
1.0,4,363.400502
1.0,4,363.412411
1.0,11,363.444303
1.0,4,363.458407
1.0,5,363.482627
-1.0,10,363.509363
-1.0,9,363.537462
1.0,4,363.549979
1.0,5,363.569587
1.0,4,363.583199
1.0,4,363.593538
1.0,5,363.609907
1.0,4,363.625923
1.0,5,363.639823
1.0,5,363.655257
1.0,4,363.669333
1.0,6,363.690673
1.0,4,363.703295
1.0,6,363.723771
1.0,4,363.739105
1.0,4,363.755169
1.0,11,363.790563
1.0,4,363.803084
1.0,7,363.826092
1.0,4,363.839755
1.0,6,363.857646
1.0,4,363.869774
1.0,5,363.886276
1.0,4,363.902185
1.0,4,363.915835
1.0,10,363.949603
1.0,4,363.963715
1.0,4,363.976948
1.0,5,363.990117
1.0,4,364.002671
-1.0,10,364.038615
1.0,5,364.055115
1.0,4,364.102662
1.0,7,364.142592
1.0,7,364.169309
1.0,4,364.183361
1.0,4,364.197017
1.0,4,364.209323
1.0,4,364.222911
1.0,5,364.240699
1.0,4,364.252365
1.0,7,364.274459
1.0,4,364.288398
1.0,9,364.31893
1.0,9,364.343891
1.0,4,364.356956
1.0,4,364.369873
1.0,8,364.397587
1.0,4,364.409427
1.0,4,364.420747
1.0,5,364.434139
1.0,4,364.44841
1.0,4,364.458155
1.0,9,364.486432
-1.0,13,364.530187
1.0,4,364.547881
-1.0,5,364.564369
1.0,5,364.577496
-1.0,8,364.60177
1.0,15,364.647918
1.0,4,364.660207
1.0,4,364.67367
1.0,4,364.686413
1.0,5,364.704983
-1.0,4,364.717291
1.0,6,364.737774
1.0,4,364.750782
1.0,6,364.771019
1.0,5,364.788701
1.0,4,364.801674
1.0,4,364.8139
1.0,4,364.825138
1.0,7,364.846118
1.0,12,364.883021
1.0,6,364.904182
1.0,5,364.923737
1.0,6,364.947187
1.0,7,364.962844
1.0,5,364.982295
1.0,4,364.994092
1.0,4,365.006981
1.0,7,365.023898
1.0,4,365.036688
1.0,4,365.050128
1.0,11,365.087595
1.0,6,365.109695
1.0,4,365.12116
1.0,11,365.153351
1.0,4,365.166305
1.0,4,365.177665
1.0,5,365.197813
1.0,8,365.223163
1.0,4,365.234581
1.0,4,365.248313
1.0,4,365.257796
1.0,4,365.273731
1.0,8,365.301522
1.0,8,365.328772
1.0,4,365.339487
1.0,4,365.354812
1.0,8,365.379982
-42.0,58,365.469343
1.0,4,365.480567
1.0,4,365.4962
1.0,4,365.506615
1.0,4,365.518979
1.0,5,365.532358
1.0,4,365.546526
1.0,4,365.556888
1.0,4,365.570704
-1.0,7,365.59547
1.0,6,365.618968
1.0,5,365.633909
0.0,16,365.678024
1.0,4,365.687613
1.0,4,365.702138
1.0,4,365.716231
-1.0,7,365.739136
-1.0,6,365.759995
-1.0,10,365.796528
1.0,4,365.808306
1.0,5,365.82462
1.0,5,365.843528
1.0,8,365.876104
1.0,4,365.886784
1.0,5,365.903409
1.0,6,365.922426
1.0,5,365.941149
-1.0,17,365.998004
1.0,13,366.044131
-1.0,8,366.07565
1.0,4,366.089442
-1.0,9,366.118219
1.0,8,366.140991
1.0,4,366.152395
1.0,5,366.169231
1.0,4,366.182736
1.0,8,366.212173
1.0,4,366.22261
1.0,4,366.23667
1.0,4,366.248517
1.0,4,366.261123
1.0,9,366.290303
1.0,4,366.304463
1.0,5,366.321409
1.0,4,366.334202
1.0,4,366.348143
1.0,4,366.362344
1.0,4,366.375279
1.0,5,366.388181
-1.0,6,366.404964
1.0,4,366.41744
1.0,5,366.43536
1.0,4,366.448412
1.0,5,366.465329
1.0,4,366.479939
1.0,9,366.50243
1.0,4,366.514681
1.0,4,366.527834
1.0,4,366.542922
1.0,9,366.574098
1.0,5,366.596845
-1.0,8,366.624117
-1.0,10,366.662606
1.0,4,366.673655
1.0,5,366.689494
1.0,4,366.703663
1.0,5,366.727743
1.0,5,366.738904
1.0,4,366.751789
1.0,4,366.7636
1.0,4,366.778847
1.0,5,366.795146
1.0,5,366.808139
1.0,4,366.821514
1.0,4,366.835049
1.0,4,366.848958
1.0,8,366.874848
1.0,4,366.888209
1.0,4,366.954082
1.0,5,366.980324
1.0,6,367.000615
1.0,8,367.027086
1.0,15,367.079936
1.0,4,367.089873
-1.0,10,367.122736
1.0,5,367.142174
1.0,4,367.154755
1.0,4,367.166595
1.0,4,367.179702
1.0,4,367.191491
1.0,6,367.207559
1.0,9,367.230852
-1.0,9,367.264675
1.0,9,367.296769
1.0,4,367.310115
-27.0,40,367.375513
1.0,11,367.411711
1.0,4,367.420566
1.0,5,367.43837
1.0,4,367.452242
1.0,4,367.46438
1.0,10,367.497835
1.0,4,367.513123
-1.0,4,367.527302
1.0,4,367.537906
1.0,10,367.565762
1.0,4,367.582363
1.0,5,367.598325
-1.0,11,367.63546
1.0,4,367.648564
1.0,4,367.661862
1.0,4,367.670873
1.0,4,367.68415
1.0,4,367.697423
1.0,4,367.713678
1.0,4,367.728697
1.0,4,367.742261
1.0,4,367.752755
-1.0,8,367.78119
1.0,4,367.792591
1.0,4,367.805039
1.0,5,367.818233
1.0,4,367.834511
1.0,4,367.848067
1.0,4,367.857711
1.0,4,367.868056
1.0,4,367.881421
1.0,5,367.8959
1.0,4,367.906126
1.0,6,367.924878
-1.0,10,367.96192
1.0,9,367.996211
1.0,4,368.010911
1.0,4,368.024095
1.0,8,368.05164
1.0,6,368.066851
1.0,10,368.10002
1.0,4,368.113609
1.0,5,368.132196
1.0,4,368.145863
1.0,4,368.15918
1.0,4,368.169944
1.0,4,368.184384
1.0,4,368.196618
1.0,4,368.209532
1.0,4,368.22017
1.0,7,368.245933
1.0,4,368.260241
1.0,4,368.272469
1.0,4,368.284301
1.0,8,368.313454
1.0,7,368.334878
1.0,4,368.34774
1.0,6,368.368753
-1.0,10,368.404317
1.0,8,368.434958
-1.0,6,368.45916
1.0,8,368.482046
1.0,8,368.514074
-1.0,12,368.554441
1.0,5,368.567914
1.0,4,368.580548
1.0,9,368.61205
1.0,4,368.621405
-1.0,13,368.667581
1.0,8,368.695615
-1.0,9,368.726352
1.0,4,368.735551
1.0,4,368.748043
1.0,5,368.763336
1.0,4,368.775411
1.0,4,368.787818
1.0,5,368.802107
1.0,5,368.820146
1.0,12,368.880946
1.0,4,368.898652
1.0,4,368.916307
1.0,6,368.9392
1.0,4,368.955055
1.0,4,368.967498
1.0,4,368.979791
1.0,7,369.000494
1.0,4,369.014972
1.0,5,369.02735
1.0,5,369.040763
-1.0,10,369.072873
1.0,4,369.088565
1.0,7,369.114823
1.0,4,369.12821
1.0,7,369.149744
1.0,4,369.164824
1.0,7,369.189389
1.0,4,369.202703
1.0,8,369.230754
1.0,5,369.24771
1.0,4,369.259768
1.0,4,369.27019
-1.0,9,369.29762
1.0,11,369.330487
1.0,5,369.346315
1.0,4,369.359449
1.0,8,369.387171
1.0,4,369.401529
1.0,4,369.415934
1.0,4,369.430297
-1.0,7,369.44997
1.0,10,369.486352
-1.0,9,369.516487
-1.0,7,369.543151
1.0,4,369.554029
1.0,8,369.581346
-46.0,62,369.677323
1.0,5,369.693558
1.0,4,369.703665
1.0,5,369.723299
1.0,5,369.739503
1.0,5,369.756656
1.0,4,369.768329
0.0,16,369.876755
1.0,4,369.886079
1.0,4,369.900172
1.0,4,369.913856
1.0,4,369.929517
1.0,6,369.948443
1.0,5,369.961403
1.0,5,369.975433
-12.0,25,370.026266
1.0,4,370.040765
-1.0,5,370.059181
1.0,4,370.071599
1.0,4,370.087533
1.0,4,370.098948
1.0,4,370.110897
1.0,4,370.123649
1.0,4,370.138486
1.0,4,370.149405
1.0,12,370.183342
1.0,5,370.19915
1.0,4,370.214075
1.0,4,370.227956
1.0,5,370.245439
1.0,4,370.259646
1.0,4,370.274554
1.0,10,370.308233
1.0,5,370.318859
1.0,5,370.333673
1.0,10,370.364354
-1.0,7,370.390496
1.0,5,370.402246
1.0,4,370.413768
1.0,5,370.432265
1.0,10,370.466669
1.0,4,370.47739
1.0,5,370.489976
1.0,9,370.517001
1.0,4,370.52816
1.0,11,370.56407
1.0,5,370.577979
1.0,4,370.5941
1.0,4,370.607438
1.0,4,370.617257
1.0,6,370.640713
1.0,4,370.656893
1.0,4,370.669961
1.0,4,370.684063
1.0,4,370.696159
1.0,4,370.710076
1.0,5,370.724584
1.0,8,370.74735
1.0,9,370.779639
1.0,7,370.807895
1.0,4,370.821487
1.0,5,370.839091
1.0,5,370.85432
-1.0,15,370.903454
1.0,4,370.917443
1.0,6,370.937838
1.0,9,370.968486
-101.0,114,371.091974
1.0,5,371.106554
1.0,4,371.121537
1.0,4,371.133937
1.0,5,371.149258
1.0,4,371.162684
1.0,4,371.175817
1.0,4,371.189449
1.0,5,371.208167
1.0,12,371.247736
1.0,6,371.269877
-1.0,8,371.295357
1.0,5,371.313978
1.0,5,371.328764
1.0,5,371.343615
1.0,4,371.356466
-17.0,31,371.412103
1.0,6,371.430716
1.0,12,371.470862
1.0,4,371.484374
-1.0,10,371.5219
1.0,8,371.548393
1.0,10,371.581015
1.0,5,371.59726
1.0,9,371.624882
1.0,4,371.633944
1.0,11,371.674828
1.0,5,371.687474
-1.0,10,371.727206
1.0,4,371.735303
-1.0,8,371.762462
1.0,4,371.777076
1.0,4,371.793662
-1.0,10,371.823085
1.0,8,371.851004
-1.0,11,371.892494
1.0,4,371.904283
1.0,4,371.914463
0.0,14,371.953955
-1.0,11,371.993003
1.0,4,372.009474
1.0,4,372.020412
1.0,4,372.03077
1.0,4,372.043959
1.0,4,372.055581
1.0,5,372.067635
1.0,5,372.082411
1.0,4,372.095453
1.0,14,372.140978
1.0,8,372.164161
1.0,6,372.183779
1.0,4,372.195161
1.0,4,372.209253
1.0,7,372.224903
1.0,4,372.234016
1.0,11,372.273415
1.0,4,372.28524
1.0,7,372.311983
1.0,5,372.328094
1.0,4,372.339904
1.0,4,372.3514
1.0,8,372.379091
1.0,4,372.390772
1.0,4,372.399668
1.0,4,372.413982
1.0,4,372.425905
1.0,5,372.44066
1.0,6,372.460729
1.0,5,372.478136
1.0,5,372.494415
1.0,4,372.507307
1.0,7,372.531218
1.0,5,372.550087
1.0,4,372.591991
1.0,8,372.64528
1.0,6,372.666453
1.0,4,372.679976
1.0,5,372.693936
1.0,4,372.706303
1.0,6,372.727337
1.0,4,372.743305
-1.0,12,372.783654
-1.0,12,372.828466
1.0,7,372.851854
1.0,5,372.874875
1.0,6,372.892846
1.0,12,372.92941
1.0,6,372.946598
1.0,5,372.964486
1.0,13,373.002028
1.0,5,373.01509
1.0,4,373.027525
1.0,4,373.042282
1.0,4,373.05582
1.0,7,373.076793
-1.0,9,373.103838
1.0,5,373.12687
1.0,4,373.138305
1.0,5,373.150193
1.0,13,373.191694
1.0,8,373.217157
1.0,4,373.22932
1.0,8,373.253169
1.0,5,373.265918
1.0,4,373.281013
1.0,7,373.300256
1.0,6,373.318161
1.0,7,373.341961
-1.0,10,373.377916
-2.0,18,373.43339
1.0,4,373.447676
1.0,4,373.461894
1.0,4,373.476089
1.0,5,373.493676
1.0,5,373.507031
-9.0,20,373.555139
1.0,4,373.567106
1.0,4,373.578307
0.0,10,373.602123
1.0,4,373.613107
1.0,11,373.648821
1.0,4,373.660688
1.0,5,373.676392
1.0,9,373.708301
1.0,4,373.723567
1.0,4,373.735711
1.0,5,373.751033
1.0,5,373.764743
-1.0,10,373.802309
1.0,4,373.812727
-1.0,9,373.839712
1.0,6,373.860365
1.0,6,373.880068
1.0,4,373.892918
-1.0,11,373.929945
1.0,4,373.94297
-1.0,4,373.957877
1.0,5,373.969994
1.0,7,373.990543
1.0,15,374.032912
1.0,6,374.059228
1.0,5,374.076262
1.0,5,374.091245
-1.0,10,374.122452
1.0,4,374.136956
1.0,4,374.148072
-1.0,7,374.171568
1.0,4,374.183595
1.0,4,374.198918
1.0,13,374.237531
1.0,5,374.249767
1.0,4,374.264159
-1.0,12,374.304801
1.0,4,374.314041
1.0,4,374.326483
1.0,12,374.36449
1.0,4,374.379327
1.0,9,374.408788
1.0,4,374.420005
1.0,4,374.43033
1.0,8,374.453438
1.0,4,374.463497
1.0,5,374.481133
1.0,5,374.495624
1.0,5,374.511163
1.0,5,374.526716
1.0,4,374.539555
-1.0,11,374.577107
1.0,4,374.592776
1.0,4,374.604843
1.0,10,374.636829
1.0,4,374.649095
1.0,4,374.665189
1.0,9,374.696152
1.0,4,374.709984
-1.0,10,374.742218
1.0,7,374.768188
1.0,4,374.778955
-1.0,10,374.809089
1.0,7,374.828739
1.0,8,374.859418
1.0,4,374.871547
1.0,7,374.894013
1.0,4,374.906096
1.0,4,374.918947
1.0,4,374.932044
1.0,5,374.952012
1.0,6,374.975494
1.0,4,374.990636
1.0,6,375.007406
1.0,4,375.019623
1.0,8,375.048946
1.0,4,375.066519
1.0,4,375.081007
1.0,4,375.094544
1.0,4,375.106848
1.0,10,375.13875
-1.0,12,375.173289
-1.0,12,375.214834
1.0,4,375.226935
1.0,6,375.24859
-1.0,6,375.272451
-1.0,5,375.359468
1.0,4,375.37225
1.0,4,375.388079
1.0,5,375.402633
1.0,4,375.413265
-1.0,10,375.442149
1.0,6,375.460194
-1.0,9,375.492023
1.0,4,375.505827
1.0,4,375.521188
-1.0,11,375.560975
1.0,4,375.573015
1.0,5,375.588499
1.0,4,375.59822
1.0,12,375.639547
1.0,7,375.658884
1.0,4,375.672464
-1.0,13,375.721721
1.0,8,375.749355
1.0,9,375.779062
1.0,7,375.802405
1.0,4,375.814724
1.0,4,375.829515
1.0,4,375.842126
1.0,4,375.855372
-1.0,11,375.884127
1.0,4,375.89857
1.0,4,375.9114
1.0,4,375.924435
-1.0,12,375.961814
1.0,8,375.983165
1.0,4,375.994987
1.0,8,376.018517
1.0,4,376.028162
1.0,4,376.042437
1.0,5,376.059994
1.0,4,376.072964
1.0,4,376.086138
1.0,5,376.103728
1.0,4,376.113183
1.0,5,376.125917
1.0,4,376.137285
1.0,8,376.161155
1.0,5,376.175986
-1.0,8,376.196248
-62.0,75,376.290766
1.0,4,376.304747
1.0,5,376.315379
-1.0,10,376.342446
1.0,5,376.355199
1.0,8,376.381454
1.0,8,376.4059
1.0,7,376.428085
1.0,4,376.440398
1.0,6,376.460066
1.0,4,376.4729
-1.0,9,376.503554
1.0,4,376.516007
1.0,4,376.531531
1.0,4,376.542666
1.0,4,376.554338
1.0,4,376.56591
1.0,7,376.585005
1.0,4,376.597922
1.0,4,376.60851
1.0,4,376.621159
-1.0,7,376.642866
1.0,11,376.677125
1.0,5,376.68904
1.0,4,376.701202
1.0,8,376.725632
1.0,8,376.747521
1.0,6,376.766749
1.0,5,376.78132
1.0,5,376.795962
1.0,6,376.812214
1.0,6,376.826628
1.0,8,376.853458
1.0,10,376.8865
1.0,4,376.895251
1.0,4,376.905589
1.0,4,376.917395
1.0,4,376.929654
1.0,5,376.94171
1.0,4,376.952983
1.0,4,376.964726
-1.0,15,377.005511
1.0,5,377.020072
1.0,6,377.035268
1.0,5,377.049156
1.0,7,377.070428
1.0,6,377.089734
1.0,8,377.112263
1.0,9,377.14181
1.0,4,377.156967
1.0,4,377.171143
1.0,4,377.184134
1.0,4,377.197351
1.0,6,377.220746
-1.0,10,377.247893
-1.0,8,377.273163
1.0,7,377.29683
-1.0,4,377.314668
1.0,4,377.324508
1.0,10,377.3527
1.0,7,377.374515
1.0,5,377.389481
1.0,8,377.413183
1.0,4,377.425907
1.0,4,377.438516
-142.0,159,377.627812
1.0,9,377.653882
1.0,4,377.665663
1.0,4,377.677155
-1.0,8,377.705237
1.0,5,377.721873
1.0,4,377.733971
1.0,4,377.744875
1.0,4,377.760095
1.0,13,377.797553
1.0,12,377.840899
1.0,5,377.856993
1.0,4,377.870866
1.0,7,377.890515
-1.0,15,377.93346
-138.0,153,378.094223
1.0,4,378.108179
1.0,7,378.126835
1.0,4,378.13981
1.0,4,378.150891
1.0,5,378.163984
1.0,4,378.175984
1.0,4,378.189287
1.0,8,378.215373
1.0,4,378.2287
-1.0,7,378.254423
1.0,4,378.299764
1.0,4,378.336447
1.0,4,378.351098
1.0,4,378.363861
1.0,8,378.393802
-1.0,8,378.420193
1.0,4,378.435633
0.0,10,378.45999
1.0,6,378.477957
1.0,4,378.490725
1.0,9,378.523672
-1.0,11,378.561431
1.0,6,378.580876
1.0,10,378.606542
-1.0,12,378.641695
1.0,8,378.66631
1.0,12,378.701905
-20.0,36,378.762299
1.0,4,378.777343
-1.0,10,378.809418
1.0,5,378.822616
1.0,6,378.843031
-1.0,11,378.881524
1.0,12,378.917109
1.0,4,378.92923
1.0,11,378.961779
1.0,4,378.975781
1.0,9,379.009385
1.0,10,379.041493
-1.0,7,379.061997
1.0,9,379.091686
1.0,11,379.124469
1.0,7,379.143504
1.0,4,379.154707
1.0,10,379.184881
1.0,4,379.19516
1.0,4,379.209058
1.0,8,379.232899
1.0,4,379.244539
1.0,8,379.269824
1.0,4,379.279681
1.0,5,379.292071
1.0,4,379.306236
1.0,5,379.32272
-32.0,44,379.393626
1.0,5,379.407097
-1.0,8,379.4346
1.0,4,379.443644
1.0,5,379.458162
1.0,15,379.49968
1.0,4,379.514309
1.0,4,379.525071
1.0,5,379.53827
1.0,5,379.55195
1.0,4,379.566173
1.0,5,379.580606
-1.0,7,379.601385
1.0,7,379.622192
1.0,4,379.635624
-1.0,7,379.655096
-1.0,10,379.685355
1.0,4,379.698844
1.0,8,379.725064
1.0,5,379.74414
1.0,4,379.757683
1.0,4,379.769922
1.0,11,379.8031
1.0,4,379.816702
1.0,6,379.83714
1.0,4,379.848035
1.0,4,379.861995
1.0,4,379.873945
1.0,4,379.88421
1.0,4,379.895295
1.0,5,379.908382
1.0,4,379.921299
-1.0,14,379.959002
1.0,7,379.977816
1.0,8,380.00894
1.0,4,380.022656
-1.0,7,380.044546
1.0,4,380.057609
1.0,4,380.069829
1.0,9,380.09082
-2.0,12,380.123883
1.0,4,380.136106
1.0,4,380.150553
1.0,6,380.169125
1.0,14,380.201511
1.0,7,380.221242
1.0,5,380.237056
1.0,4,380.247988
1.0,6,380.264862
1.0,5,380.275619
1.0,5,380.289871
1.0,6,380.310243
1.0,7,380.330784
1.0,4,380.343679
1.0,8,380.368212
1.0,8,380.388033
1.0,5,380.400473
-1.0,9,380.429789
1.0,4,380.445812
1.0,4,380.46811
-1.0,5,380.494841
1.0,5,380.517823
1.0,4,380.535765
-1.0,9,380.569288
1.0,4,380.578419
-1.0,10,380.609487
1.0,4,380.622531
1.0,7,380.645442
1.0,4,380.656149
1.0,7,380.681584
1.0,5,380.696671
-79.0,94,380.802972
1.0,4,380.813236
1.0,7,380.833893
1.0,5,380.853231
1.0,4,380.866311
1.0,4,380.878755
1.0,4,380.892237
1.0,15,380.935776
1.0,4,380.947755
1.0,4,380.960252
1.0,4,380.970288
1.0,4,380.984857
-1.0,11,381.019088
1.0,4,381.028684
1.0,4,381.037956
-1.0,12,381.126442
1.0,4,381.145018
1.0,4,381.158152
1.0,4,381.169497
1.0,6,381.189504
-1.0,11,381.220798
1.0,8,381.244382
1.0,6,381.258997
1.0,7,381.283223
0.0,9,381.309066
1.0,10,381.342012
-1.0,4,381.355655
1.0,7,381.378798
-1.0,9,381.40532
1.0,4,381.41745
1.0,5,381.434097
-1.0,9,381.46712
-1.0,9,381.49523
1.0,5,381.509995
1.0,6,381.531291
-1.0,9,381.55946
1.0,4,381.569263
1.0,4,381.580421
-1.0,4,381.590481
1.0,7,381.615367
1.0,4,381.624101
1.0,7,381.647874
1.0,4,381.659822
1.0,4,381.674151
1.0,10,381.699146
1.0,6,381.719546
1.0,9,381.748408
1.0,10,381.772974
1.0,6,381.792032
1.0,5,381.808051
1.0,5,381.821932
1.0,8,381.849532
1.0,7,381.868858
1.0,6,381.885497
1.0,5,381.899589
1.0,6,381.918251
1.0,7,381.939871
1.0,6,381.956213
1.0,5,381.970731
1.0,7,381.991962
-1.0,14,382.03865
1.0,4,382.051154
1.0,8,382.075839
1.0,5,382.091049
1.0,4,382.102644
-1.0,7,382.126939
1.0,6,382.148901
1.0,4,382.162119
1.0,4,382.171995
1.0,5,382.18545
1.0,6,382.199502
1.0,7,382.22228
1.0,5,382.236057
1.0,4,382.245432
1.0,5,382.258707
1.0,8,382.285506
-1.0,8,382.311404
1.0,5,382.324126
1.0,9,382.354498
1.0,7,382.381038
1.0,4,382.393878
-1.0,6,382.414117
-1.0,13,382.451092
-1.0,12,382.492805
1.0,4,382.506396
-1.0,8,382.530412
1.0,4,382.539181
-1.0,12,382.578932
1.0,4,382.589326
1.0,5,382.605744
1.0,6,382.625221
-1.0,9,382.657156
1.0,9,382.680665
1.0,4,382.692428
1.0,6,382.711607
1.0,4,382.728569
1.0,5,382.74428
-1.0,10,382.772299
-1.0,7,382.797786
-103.0,121,382.933564
1.0,7,382.954736
1.0,5,382.970428
1.0,5,382.986167
1.0,11,383.01933
1.0,5,383.032427
1.0,9,383.063878
1.0,4,383.073636
1.0,5,383.088008
1.0,4,383.09801
1.0,4,383.107391
1.0,5,383.121857
1.0,4,383.136264
1.0,4,383.147695
1.0,5,383.163119
1.0,4,383.173778
1.0,6,383.19735
1.0,10,383.233997
-1.0,8,383.260976
1.0,5,383.278896
1.0,4,383.29335
1.0,4,383.30299
1.0,4,383.31372
1.0,4,383.323536
1.0,6,383.340544
1.0,7,383.363883
1.0,12,383.40257
1.0,5,383.415658
1.0,5,383.428524
1.0,4,383.439228
1.0,4,383.451815
1.0,4,383.463724
1.0,13,383.507074
1.0,4,383.521155
1.0,5,383.534287
1.0,4,383.546578
-1.0,13,383.581755
1.0,5,383.596594
1.0,4,383.609131
1.0,4,383.622548
-1.0,9,383.65916
1.0,6,383.67319
1.0,8,383.697773
1.0,5,383.710597
1.0,7,383.734638
1.0,13,383.768168
1.0,4,383.77941
1.0,4,383.789311
1.0,6,383.81152
1.0,5,383.827357
1.0,7,383.845648
1.0,4,383.856582
1.0,4,383.872153
1.0,10,383.904707
1.0,5,383.921558
1.0,4,383.982887
1.0,5,384.00626
1.0,4,384.019746
1.0,6,384.035276
1.0,4,384.046669
1.0,5,384.061351
-1.0,10,384.088638
1.0,4,384.102645
1.0,4,384.116166
1.0,4,384.129641
1.0,4,384.142318
1.0,5,384.155416
1.0,6,384.175443
1.0,5,384.188537
1.0,4,384.201142
1.0,5,384.213912
1.0,4,384.22652
1.0,4,384.242319
1.0,4,384.306912
1.0,7,384.330618
1.0,11,384.368996
1.0,9,384.398554
1.0,4,384.410002
1.0,4,384.4222
1.0,5,384.437898
-48.0,63,384.524765
-12.0,24,384.565323
1.0,6,384.585021
-1.0,11,384.622043
1.0,4,384.634389
-1.0,7,384.656312
1.0,10,384.684584
1.0,5,384.700261
1.0,4,384.714905
1.0,11,384.746647
1.0,4,384.759257
-1.0,10,384.790918
1.0,4,384.806521
1.0,5,384.819696
1.0,4,384.830831
1.0,4,384.841814
1.0,10,384.87049
1.0,4,384.88554
1.0,8,384.911587
1.0,4,384.924165
1.0,5,384.942347
1.0,5,384.95571
1.0,8,384.978653
1.0,4,384.990858
1.0,5,385.008008
1.0,8,385.029243
1.0,4,385.03865
1.0,9,385.060472
1.0,4,385.075894
1.0,10,385.106508
1.0,5,385.122602
1.0,6,385.138642
1.0,8,385.16381
1.0,4,385.173508
1.0,4,385.185629
1.0,5,385.199534
-1.0,8,385.223817
1.0,4,385.237791
1.0,12,385.272338
1.0,5,385.289181
1.0,5,385.306854
1.0,4,385.319484
1.0,4,385.330466
-46.0,63,385.415066
1.0,11,385.449293
1.0,5,385.465805
-1.0,16,385.510265
1.0,5,385.521537
1.0,4,385.536051
1.0,15,385.579262
1.0,4,385.588491
-36.0,49,385.661792
1.0,5,385.67797
1.0,7,385.696811
1.0,5,385.709957
1.0,4,385.722331
1.0,6,385.747308
-1.0,10,385.774654
1.0,4,385.785329
-1.0,9,385.815674
-1.0,4,385.832505
1.0,5,385.850707
1.0,4,385.863014
1.0,4,385.876235
1.0,4,385.891504
-1.0,10,385.923669
-1.0,13,385.961787
1.0,7,385.980048
1.0,4,385.993445
1.0,4,386.003424
-1.0,7,386.022449
1.0,5,386.034302
1.0,10,386.064007
1.0,4,386.07402
1.0,15,386.116688
1.0,4,386.129292
1.0,8,386.157628
1.0,4,386.167135
1.0,4,386.178971
1.0,4,386.190982
1.0,4,386.205193
1.0,6,386.227892
1.0,9,386.251774
1.0,4,386.264108
1.0,4,386.277948
1.0,11,386.312964
1.0,6,386.32666
1.0,12,386.359457
1.0,9,386.387938
-1.0,4,386.402272
-1.0,8,386.423831
1.0,5,386.43526
1.0,7,386.457117
-1.0,13,386.492689
1.0,4,386.502156
1.0,4,386.513273
1.0,7,386.537176
1.0,5,386.550157
1.0,7,386.569094
1.0,5,386.581267
1.0,11,386.613478
1.0,4,386.623728
1.0,6,386.642683
1.0,4,386.65486
1.0,4,386.670258
1.0,4,386.682066
-1.0,6,386.705473
-1.0,8,386.73504
1.0,6,386.753342
1.0,10,386.785537
1.0,4,386.796514
1.0,4,386.8102
1.0,4,386.821338
1.0,5,386.833688
1.0,7,386.851439
1.0,5,386.863461
1.0,4,386.876133
1.0,4,386.885778
1.0,7,386.907521
-1.0,13,386.948119
1.0,6,386.9685
1.0,4,386.978905
1.0,7,386.997504
1.0,8,387.020591
1.0,4,387.038639
-1.0,6,387.114114
1.0,4,387.12783
1.0,7,387.14689
1.0,7,387.17117
1.0,8,387.194684
1.0,5,387.209871
1.0,4,387.221311
-1.0,6,387.245987
1.0,5,387.259784
-1.0,8,387.287269
1.0,7,387.307902
1.0,4,387.320298
1.0,6,387.339288
1.0,5,387.358273
1.0,4,387.371469
1.0,4,387.385874
1.0,9,387.413833
1.0,7,387.434273
1.0,9,387.462909
1.0,8,387.486015
-1.0,10,387.510072
1.0,4,387.518414
1.0,9,387.550268
1.0,6,387.567534
1.0,4,387.57962
1.0,5,387.590557
1.0,4,387.60253
1.0,4,387.615914
1.0,6,387.636483
1.0,4,387.650099
1.0,5,387.665973
-95.0,105,387.779932
1.0,4,387.789603
1.0,4,387.802271
-50.0,66,387.888777
1.0,5,387.900088
1.0,5,387.912126
1.0,6,387.930265
1.0,15,387.969682
1.0,4,387.983097
-2.0,15,388.022396
1.0,4,388.03204
1.0,4,388.0442
1.0,7,388.068676
1.0,4,388.077901
1.0,5,388.088562
1.0,5,388.101148
1.0,8,388.128971
1.0,4,388.142261
1.0,4,388.152517
1.0,5,388.167316
1.0,11,388.202453
1.0,4,388.214217
1.0,4,388.227022
-1.0,9,388.254408
1.0,4,388.265733
-1.0,12,388.292862
1.0,11,388.32956
1.0,4,388.339046
1.0,4,388.354556
1.0,6,388.370621
1.0,4,388.382582
1.0,6,388.402126
-1.0,8,388.428748
1.0,4,388.440619
1.0,4,388.452085
1.0,7,388.469405
1.0,10,388.511258
1.0,7,388.536042
1.0,4,388.550239
1.0,5,388.565342
1.0,6,388.585993
1.0,4,388.595677
1.0,4,388.605547
1.0,4,388.617114
1.0,4,388.630283
1.0,9,388.656828
1.0,6,388.675482
-1.0,9,388.706672
1.0,9,388.732702
1.0,4,388.743573
1.0,6,388.759916
1.0,4,388.772292
1.0,9,388.80082
1.0,9,388.826921
-259.0,281,389.131572
1.0,6,389.150902
1.0,4,389.16778
-1.0,11,389.208253
1.0,4,389.217263
1.0,7,389.238984
1.0,11,389.276267
1.0,5,389.288075
1.0,4,389.298599
1.0,10,389.327076
-1.0,13,389.367141
1.0,4,389.378756
1.0,4,389.38906
1.0,4,389.401946
1.0,6,389.4192
1.0,4,389.43191
1.0,5,389.44492
1.0,4,389.456658
1.0,4,389.471516
1.0,4,389.485185
1.0,11,389.521214
1.0,6,389.543882
1.0,4,389.558701
1.0,13,389.59559
-1.0,8,389.624108
1.0,5,389.641493
1.0,8,389.66899
-1.0,8,389.693201
1.0,4,389.706166
1.0,5,389.722638
1.0,4,389.738333
1.0,4,389.751676
1.0,4,389.764045
1.0,9,389.798141
1.0,5,389.81647
1.0,4,389.829167
1.0,4,389.841536
1.0,4,389.854153
1.0,5,389.872569
-1.0,9,389.895345
1.0,4,389.907185
1.0,5,389.922497
1.0,6,389.938389
1.0,4,389.951228
-1.0,8,389.975624
1.0,4,389.986464
1.0,4,389.999651
1.0,5,390.013208
1.0,5,390.03028
1.0,9,390.062417
1.0,5,390.077806
1.0,5,390.093286
1.0,4,390.1044
1.0,8,390.12901
-1.0,6,390.148137
1.0,4,390.161221
1.0,5,390.17531
1.0,4,390.18771
1.0,4,390.212433
1.0,8,390.320469
1.0,5,390.333921
1.0,13,390.368123
1.0,4,390.382472
1.0,4,390.394368
-1.0,10,390.426572
1.0,5,390.440276
-1.0,9,390.472908
1.0,5,390.483949
1.0,7,390.506944
1.0,9,390.532997
-2.0,11,390.564683
1.0,6,390.58294
1.0,4,390.596806
-1.0,11,390.638469
1.0,12,390.673702
1.0,4,390.683593
-1.0,9,390.713464
-1.0,13,390.747725
-1.0,9,390.777816
1.0,6,390.793839
-1.0,8,390.816846
-1.0,11,390.849187
1.0,5,390.867141
1.0,4,390.88004
1.0,5,390.895729
1.0,4,390.909052
1.0,4,390.924491
-1.0,10,390.954867
1.0,6,390.971618
1.0,4,390.984357
1.0,4,390.999588
1.0,4,391.010436
-1.0,12,391.04777
1.0,5,391.065006
1.0,5,391.082298
1.0,4,391.094021
1.0,5,391.108821
1.0,4,391.120835
1.0,5,391.138245
-1.0,11,391.167151
1.0,4,391.179737
1.0,5,391.19509
1.0,5,391.211969
1.0,8,391.23294
1.0,8,391.257587
-1.0,8,391.279243
1.0,4,391.294744
1.0,4,391.308041
-1.0,9,391.333546
1.0,4,391.346356
-1.0,8,391.375765
1.0,4,391.387459
1.0,4,391.400612
-1.0,9,391.430208
-1.0,15,391.470961
1.0,4,391.480916
1.0,6,391.499604
1.0,6,391.521086
1.0,5,391.539912
1.0,4,391.548613
1.0,8,391.568074
-3.0,17,391.611344
1.0,5,391.628225
1.0,4,391.639638
1.0,4,391.650297
1.0,4,391.66489
1.0,4,391.68095
1.0,4,391.69245
0.0,12,391.725299
1.0,4,391.736476
1.0,4,391.751144
1.0,4,391.763879
1.0,4,391.774982
1.0,8,391.796658
-1.0,11,391.830494
1.0,7,391.854648
-1.0,10,391.881161
1.0,4,391.892873
1.0,5,391.910722
1.0,5,391.924345
1.0,10,391.951527
-1.0,11,392.009947
1.0,4,392.027947
1.0,8,392.051631
1.0,4,392.062405
1.0,5,392.077992
1.0,5,392.093663
1.0,4,392.106367
1.0,4,392.11912
1.0,8,392.141607
-1.0,11,392.177699
1.0,8,392.203544
1.0,7,392.2253
1.0,6,392.244091
1.0,4,392.258574
1.0,6,392.276108
-1.0,8,392.30013
1.0,7,392.327384
1.0,5,392.346252
1.0,5,392.364424
-1.0,9,392.392658
-1.0,11,392.43423
1.0,7,392.455328
1.0,5,392.472347
1.0,4,392.484139
1.0,9,392.512584
1.0,4,392.526256
1.0,4,392.539069
1.0,4,392.551654
1.0,9,392.578426
1.0,8,392.604709
1.0,4,392.617505
-1.0,9,392.64816
1.0,4,392.660972
1.0,6,392.68585
1.0,7,392.705301
1.0,6,392.723816
1.0,4,392.735774
1.0,4,392.74692
1.0,13,392.781114
-1.0,6,392.802089
1.0,9,392.823947
1.0,4,392.837643
-1.0,11,392.946598
1.0,8,392.975777
1.0,5,392.99119
1.0,4,393.005213
1.0,9,393.028943
1.0,4,393.041905
1.0,4,393.055803
1.0,4,393.069696
1.0,4,393.082863
1.0,5,393.103922
1.0,7,393.127093
1.0,4,393.141189
1.0,4,393.154269
1.0,9,393.182158
1.0,5,393.198626
1.0,5,393.21616
1.0,17,393.270927
-1.0,8,393.297275
1.0,4,393.308883
-1.0,8,393.338099
1.0,4,393.34912
1.0,4,393.360499
1.0,4,393.37188
-1.0,9,393.398887
1.0,7,393.42101
-1.0,8,393.450691
1.0,12,393.48608
1.0,8,393.515002
1.0,5,393.530053
1.0,6,393.547686
1.0,6,393.563753
1.0,5,393.577737
1.0,5,393.590942
1.0,4,393.60108
-1.0,5,393.617836
1.0,4,393.632982
1.0,10,393.663606
-32.0,43,393.727903
-1.0,10,393.758945
1.0,4,393.77374
1.0,4,393.786213
1.0,4,393.796317
1.0,4,393.80951
-1.0,8,393.836055
1.0,4,393.84774
1.0,4,393.858581
1.0,4,393.869127
1.0,4,393.879876
1.0,4,393.8925
1.0,4,393.90494
1.0,4,393.916192
1.0,4,393.930784
1.0,8,393.955818
1.0,4,393.967016
1.0,4,393.980141
1.0,10,394.021279
1.0,8,394.049972
1.0,4,394.063834
1.0,9,394.097193
1.0,11,394.136681
1.0,4,394.149136
1.0,4,394.162647
1.0,4,394.176574
1.0,4,394.19021
1.0,4,394.202995
1.0,4,394.215869
1.0,8,394.238961
1.0,4,394.253043
1.0,4,394.26267
1.0,4,394.275512
1.0,4,394.287381
-1.0,4,394.304878
1.0,5,394.322972
1.0,4,394.337799
1.0,6,394.355417
1.0,4,394.36969
1.0,5,394.384347
1.0,4,394.396687
-1.0,8,394.426527
1.0,4,394.44264
1.0,6,394.46039
1.0,4,394.472875
1.0,4,394.486199
1.0,4,394.501108
1.0,5,394.516367
1.0,5,394.531057
1.0,15,394.570956
1.0,5,394.590777
1.0,5,394.605464
1.0,4,394.617944
1.0,4,394.627104
1.0,4,394.640139
1.0,4,394.653431
1.0,7,394.675013
-1.0,7,394.695325
1.0,4,394.709909
1.0,4,394.722203
-1.0,11,394.762832
1.0,4,394.774881
1.0,5,394.789889
1.0,4,394.80058
1.0,4,394.812265
1.0,4,394.823855
1.0,5,394.84113
1.0,4,394.852824
1.0,5,394.867336
1.0,4,394.879628
1.0,6,394.900645
1.0,4,394.911922
1.0,12,394.952954
1.0,4,394.96256
1.0,5,394.98443
1.0,5,394.996441
-1.0,12,395.041417
1.0,7,395.06533
1.0,8,395.095211
-1.0,6,395.111979
1.0,4,395.128098
1.0,4,395.154396
1.0,6,395.198462
1.0,4,395.215455
1.0,5,395.235564
1.0,4,395.254168
1.0,4,395.272413
1.0,5,395.28793
1.0,4,395.301478
1.0,4,395.320081
1.0,4,395.341524
1.0,5,395.359931
1.0,4,395.371049
-1.0,6,395.393564
1.0,5,395.412122
1.0,4,395.427785
1.0,4,395.454043
1.0,4,395.473135
1.0,4,395.503233
1.0,4,395.529079
-1.0,9,395.589363
1.0,4,395.609108
1.0,4,395.625039
1.0,4,395.643832
1.0,5,395.669905
1.0,4,395.689748
-1.0,8,395.747754
1.0,4,395.762858
1.0,4,395.774632
1.0,4,395.786624
-1.0,9,395.839118
1.0,7,395.860558
1.0,5,395.877203
1.0,4,395.891533
1.0,5,395.91241
1.0,6,395.942482
1.0,4,395.959067
1.0,8,395.98485
1.0,5,396.001949
1.0,4,396.014593
1.0,8,396.062657
1.0,6,396.08772
-18.0,30,396.169614
1.0,4,396.18573
1.0,4,396.201146
1.0,4,396.215754
1.0,5,396.235438
1.0,4,396.245361
1.0,8,396.273042
1.0,5,396.292597
1.0,4,396.311067
1.0,8,396.345176
1.0,4,396.356545
1.0,4,396.373138
1.0,4,396.392022
-1.0,5,396.423623
-1.0,12,396.49568
1.0,7,396.524201
1.0,7,396.549042
1.0,5,396.564631
1.0,4,396.57749
1.0,4,396.589617
1.0,7,396.619041
1.0,4,396.631275
1.0,4,396.653671
1.0,5,396.682811
1.0,4,396.715838
1.0,5,396.738571
1.0,4,396.763182
1.0,5,396.796632
1.0,5,396.817429
1.0,4,396.831699
1.0,4,396.844272
1.0,4,396.858052
-1.0,4,396.873516
1.0,5,396.898469
1.0,14,396.954891
1.0,4,396.971112
1.0,7,397.003307
1.0,4,397.017985
1.0,5,397.03624
1.0,5,397.051495
-1.0,11,397.097705
1.0,10,397.131705
1.0,10,397.168182
1.0,5,397.185063
1.0,4,397.200076
1.0,4,397.214284
1.0,15,397.266442
1.0,5,397.281917
1.0,9,397.312248
-1.0,10,397.357251
1.0,4,397.37522
1.0,5,397.395186
1.0,4,397.410635
-1.0,6,397.42967
1.0,4,397.442926
1.0,5,397.462911
1.0,4,397.479575
1.0,4,397.498283
-1.0,10,397.540976
1.0,4,397.554084
1.0,4,397.574075
-26.0,36,397.640285
-1.0,4,397.653935
1.0,5,397.672987
-1.0,11,397.712345
1.0,11,397.750732
1.0,4,397.76307
1.0,4,397.776142
-1.0,9,397.83735
1.0,7,397.873992
1.0,4,397.905264
1.0,4,397.934826
-1.0,10,398.002502
1.0,5,398.036792
1.0,4,398.068564
1.0,4,398.098132
1.0,5,398.122132
1.0,7,398.145509
1.0,5,398.160629
-1.0,8,398.189366
1.0,4,398.210069
1.0,4,398.222934
1.0,4,398.235915
1.0,8,398.262102
1.0,8,398.298917
1.0,4,398.327568
1.0,5,398.367357
1.0,4,398.396916
1.0,4,398.417985
1.0,9,398.452555
1.0,4,398.467762
1.0,4,398.480115
1.0,4,398.49564
1.0,12,398.538949
1.0,5,398.562721
1.0,4,398.57498
1.0,4,398.595026
1.0,4,398.607234
1.0,5,398.621912
1.0,4,398.636017
1.0,7,398.665049
1.0,6,398.68582
1.0,4,398.700246
1.0,4,398.714829
1.0,4,398.734086
1.0,5,398.758023
1.0,9,398.801795
1.0,4,398.819213
1.0,4,398.83957
1.0,7,398.86926
1.0,4,398.883249
1.0,4,398.896098
1.0,7,398.928882
-1.0,6,398.957655
1.0,5,398.97785
-1.0,7,399.008308
1.0,5,399.026503
1.0,4,399.047637
1.0,9,399.111554
1.0,5,399.135094
1.0,4,399.155914
1.0,6,399.175081
1.0,14,399.226613
1.0,7,399.252058
1.0,5,399.274351
1.0,11,399.32259
1.0,4,399.353586
1.0,5,399.393296
1.0,9,399.430617
1.0,4,399.445735
1.0,5,399.464986
1.0,5,399.480635
1.0,13,399.546172
1.0,10,399.579839
1.0,4,399.592226
1.0,11,399.62979
1.0,6,399.661831
1.0,5,399.687788
1.0,5,399.703506
-1.0,14,399.747815
1.0,4,399.764235
-1.0,9,399.806643
-1.0,7,399.82672
1.0,4,399.839455
1.0,4,399.854946
1.0,5,399.872968
1.0,5,399.888587
1.0,6,399.90749
1.0,5,399.934345
1.0,5,399.949163
1.0,15,400.00819
1.0,4,400.04014
1.0,5,400.067422
1.0,4,400.080074
1.0,4,400.094374
1.0,6,400.112581
-1.0,12,400.158981
-74.0,90,400.279599
1.0,6,400.296874
-1.0,14,400.342941
1.0,4,400.358857
1.0,4,400.371568
1.0,5,400.387496
1.0,5,400.4028
-1.0,9,400.43931
1.0,8,400.465031
1.0,5,400.480183
-1.0,8,400.506315
1.0,5,400.52609
1.0,4,400.551487
1.0,8,400.597556
1.0,4,400.621945
1.0,5,400.657759
1.0,4,400.691104
1.0,4,400.71587
1.0,4,400.733644
1.0,4,400.752409
1.0,4,400.768417
1.0,4,400.799074
1.0,5,400.830285
1.0,5,400.850648
-1.0,8,400.882099
1.0,5,400.897955
-1.0,12,400.935712
1.0,6,400.962001
1.0,4,400.972265
-1.0,13,401.043523
1.0,14,401.122481
1.0,4,401.142512
1.0,4,401.158133
1.0,4,401.186571
1.0,6,401.2367
1.0,5,401.27347
-1.0,9,401.323635
1.0,4,401.335998
1.0,5,401.355165
1.0,4,401.371651
1.0,4,401.385082
1.0,4,401.398861
1.0,4,401.410818
1.0,4,401.430228
1.0,5,401.445536
-1.0,8,401.473087
1.0,4,401.512471
1.0,4,401.553147
1.0,4,401.565763
-29.0,35,401.616444
1.0,4,401.625261
1.0,4,401.640172
1.0,6,401.657096
1.0,4,401.668556
1.0,9,401.696983
1.0,4,401.721378
-1.0,10,401.761563
1.0,4,401.773324
1.0,4,401.787894
1.0,6,401.810343
1.0,5,401.830269
1.0,5,401.845875
1.0,4,401.858163
-1.0,11,401.897724
1.0,6,401.915609
-1.0,7,401.939538
1.0,4,401.952918
1.0,4,401.970836
1.0,5,401.98716
1.0,5,402.002198
-1.0,12,402.043872
1.0,4,402.058749
1.0,4,402.072955
1.0,5,402.090549
1.0,4,402.107168
1.0,4,402.125086
1.0,4,402.142731
1.0,4,402.155944
1.0,7,402.178126
1.0,4,402.195087
1.0,4,402.210021
1.0,4,402.227055
1.0,9,402.256935
1.0,4,402.278967
1.0,4,402.294136
1.0,4,402.305319
1.0,5,402.327439
1.0,4,402.347145
0.0,12,402.392252
1.0,4,402.404141
1.0,4,402.417242
1.0,4,402.436153
1.0,4,402.452682
1.0,4,402.465793
-1.0,11,402.535762
-1.0,4,402.564722
-1.0,8,402.612663
1.0,4,402.644717
1.0,4,402.670657
1.0,4,402.689223
1.0,4,402.705369
1.0,5,402.722804
1.0,4,402.736641
-1.0,4,402.75465
1.0,4,402.770044
1.0,5,402.787124
1.0,4,402.802498
-48.0,57,402.899224
-1.0,9,402.932809
1.0,4,402.945395
-1.0,9,402.981098
1.0,8,403.013092
1.0,5,403.03216
1.0,5,403.051108
1.0,4,403.063926
1.0,7,403.091597
1.0,4,403.104337
1.0,4,403.11819
-1.0,5,403.13338
1.0,6,403.168672
1.0,4,403.190216
-1.0,9,403.226546
1.0,8,403.253105
-1.0,12,403.295093
1.0,14,403.339963
1.0,4,403.353664
1.0,7,403.373353
-1.0,8,403.40289
-32.0,44,403.485897
1.0,4,403.50832
-1.0,10,403.550063
1.0,9,403.581676
1.0,5,403.597323
1.0,4,403.61199
-1.0,7,403.639427
1.0,5,403.661437
-1.0,8,403.689372
1.0,4,403.706844
1.0,4,403.721891
0.0,15,403.77184
1.0,5,403.788194
-1.0,4,403.800281
1.0,11,403.841808
1.0,4,403.864068
1.0,4,403.882854
1.0,4,403.897374
1.0,4,403.910259
1.0,9,403.942109
1.0,4,403.956081
1.0,4,403.967124
1.0,6,403.986257
1.0,8,404.019015
1.0,4,404.037533
-1.0,12,404.089511
1.0,4,404.102641
1.0,10,404.138694
1.0,6,404.169882
-1.0,12,404.232538
1.0,4,404.246923
1.0,4,404.266303
1.0,4,404.279608
1.0,5,404.302477
1.0,4,404.368157
1.0,5,404.390528
1.0,4,404.405115
1.0,4,404.419017
1.0,4,404.432641
-1.0,9,404.479254
1.0,4,404.508201
1.0,4,404.530578
1.0,4,404.552408
1.0,8,404.601132
1.0,5,404.617056
1.0,4,404.631038
1.0,6,404.653935
1.0,9,404.688663
1.0,4,404.701031
1.0,10,404.733468
1.0,4,404.74868
1.0,5,404.768762
1.0,5,404.786479
1.0,4,404.799091
1.0,8,404.823744
1.0,5,404.860186
1.0,5,404.888391
1.0,11,404.931988
1.0,4,404.946016
1.0,4,404.96165
1.0,9,404.989663
-59.0,73,405.115175
1.0,4,405.13755
1.0,7,405.187294
-1.0,9,405.218388
1.0,4,405.232536
1.0,8,405.259706
-1.0,9,405.302929
1.0,4,405.315684
1.0,11,405.350345
-1.0,4,405.363014
-1.0,9,405.400678
1.0,4,405.41405
-1.0,10,405.444007
1.0,4,405.456806
1.0,11,405.4974
1.0,4,405.510474
1.0,4,405.524844
1.0,6,405.542976
-1.0,9,405.59611
1.0,4,405.610063
1.0,4,405.623294
1.0,5,405.639375
1.0,15,405.694789
1.0,4,405.707911
1.0,5,405.724125
1.0,8,405.774983
-1.0,11,405.823483
1.0,4,405.839376
1.0,4,405.851229
1.0,4,405.863348
1.0,4,405.879761
1.0,4,405.893636
1.0,6,405.914599
1.0,10,405.949235
1.0,4,405.965807
1.0,4,405.978869
1.0,13,406.020566
1.0,8,406.04556
1.0,4,406.065019
1.0,5,406.085451
1.0,4,406.100224
1.0,5,406.13553
1.0,6,406.173459
1.0,4,406.186568
1.0,6,406.204034
1.0,10,406.234488
1.0,15,406.283577
1.0,7,406.311616
1.0,4,406.344331
1.0,4,406.370781
1.0,13,406.469407
1.0,7,406.491028
1.0,7,406.5122
1.0,5,406.527591
1.0,9,406.600903
-1.0,10,406.638979
1.0,7,406.662532
1.0,4,406.674248
1.0,9,406.734035
1.0,4,406.753725
1.0,4,406.767136
1.0,5,406.783339
1.0,8,406.813557
1.0,8,406.838937
1.0,7,406.861584
1.0,4,406.874002
-1.0,14,406.923543
1.0,4,406.949586
1.0,6,406.990676
1.0,5,407.027387
1.0,7,407.090573
1.0,4,407.116182
1.0,4,407.132626
-1.0,7,407.155715
1.0,6,407.181487
1.0,4,407.194278
-1.0,11,407.231429
1.0,6,407.280711
1.0,6,407.325624
1.0,4,407.34008
1.0,4,407.35291
1.0,5,407.367897
-44.0,63,407.467739
1.0,4,407.479725
1.0,6,407.500885
1.0,6,407.519805
1.0,6,407.545024
-1.0,9,407.574444
-166.0,180,407.803068
1.0,5,407.819652
1.0,6,407.844545
1.0,12,407.882716
1.0,10,407.918402
1.0,4,407.931119
1.0,4,407.947982
1.0,6,407.968058
1.0,7,407.989907
1.0,4,408.002656
1.0,5,408.026752
1.0,5,408.044437
1.0,4,408.057938
0.0,10,408.085396
1.0,4,408.101408
-1.0,12,408.182053
1.0,12,408.27762
1.0,4,408.306919
1.0,13,408.401682
1.0,4,408.414312
1.0,10,408.449808
1.0,4,408.46635
1.0,9,408.502465
1.0,4,408.515249
1.0,4,408.529787
1.0,6,408.550452
1.0,5,408.569813
1.0,5,408.586027
1.0,4,408.599447
1.0,4,408.611811
1.0,5,408.632562
-1.0,9,408.663255
1.0,4,408.679547
1.0,4,408.694525
1.0,11,408.73437
-1.0,8,408.761599
1.0,4,408.773844
1.0,7,408.794585
1.0,4,408.810651
1.0,7,408.844228
1.0,6,408.865765
-1.0,11,408.909832
-1.0,10,408.951089
1.0,4,408.967909
1.0,6,408.986278
1.0,5,409.00791
1.0,4,409.025158
1.0,7,409.047692
1.0,5,409.064857
-84.0,104,409.223718
1.0,4,409.256591
-1.0,10,409.324728
1.0,4,409.345153
1.0,9,409.380048
1.0,4,409.405482
1.0,5,409.440254
1.0,4,409.461025
1.0,5,409.481308
1.0,4,409.50265
1.0,8,409.55389
1.0,4,409.5719
1.0,7,409.62897
-1.0,10,409.697894
1.0,8,409.732847
1.0,6,409.757204
1.0,7,409.780184
1.0,5,409.801067
1.0,4,409.81314
1.0,8,409.839446
1.0,4,409.851706
-1.0,18,409.915089
1.0,4,409.930509
1.0,5,409.950726
1.0,10,409.984445
1.0,10,410.034297
1.0,6,410.062782
1.0,4,410.079068
1.0,6,410.105476
1.0,8,410.156285
1.0,4,410.184008
1.0,6,410.233111
1.0,4,410.252028
1.0,4,410.282546
1.0,6,410.324712
1.0,4,410.357007
1.0,4,410.378475
-1.0,10,410.418655
1.0,7,410.444742
1.0,9,410.477175
1.0,5,410.492584
1.0,4,410.506986
-1.0,10,410.54233
-1.0,9,410.570467
1.0,4,410.588879
1.0,4,410.625991
-1.0,5,410.675101
1.0,4,410.695328
1.0,4,410.708876
1.0,5,410.726603
1.0,10,410.759994
-1.0,11,410.801319
1.0,6,410.826533
1.0,6,410.854665
-1.0,6,410.876309
1.0,5,410.893986
1.0,4,410.904792
1.0,10,410.946117
-1.0,11,411.012586
1.0,4,411.039203
1.0,5,411.074501
1.0,7,411.109793
1.0,4,411.127203
1.0,4,411.15606
1.0,4,411.184514
1.0,4,411.212053
1.0,17,411.275804
1.0,4,411.292526
1.0,11,411.329255
1.0,9,411.362066
1.0,4,411.383813
-1.0,9,411.450049
1.0,4,411.463113
1.0,6,411.487796
1.0,4,411.504587
1.0,4,411.518734
1.0,6,411.53186
1.0,14,411.584091
1.0,8,411.609195
1.0,5,411.625173
1.0,4,411.640188
1.0,4,411.656749
1.0,7,411.682151
-1.0,9,411.715567
1.0,4,411.728532
1.0,4,411.745465
1.0,4,411.758708
1.0,4,411.7717
1.0,6,411.79022
-2.0,12,411.829934
-1.0,4,411.843503
1.0,4,411.858556
1.0,5,411.874769
-1.0,7,411.90163
1.0,5,411.915921
1.0,12,411.980792
1.0,6,412.022879
-1.0,4,412.049305
1.0,9,412.079349
1.0,5,412.100675
1.0,4,412.126927
1.0,4,412.142807
1.0,4,412.15972
-2.0,13,412.202986
1.0,11,412.24467
1.0,5,412.263622
1.0,9,412.307892
1.0,5,412.346425
1.0,4,412.374059
1.0,9,412.443298
-1.0,6,412.461908
-1.0,8,412.493346
1.0,4,412.512696
1.0,4,412.5417
-1.0,9,412.582055
1.0,5,412.59893
1.0,4,412.609746
1.0,6,412.630436
1.0,9,412.66797
1.0,6,412.709597
1.0,5,412.733757
1.0,8,412.764544
-1.0,7,412.815876
1.0,4,412.840976
1.0,4,412.86515
-1.0,9,412.934273
1.0,4,412.961256
1.0,4,412.994816
1.0,4,413.025151
1.0,4,413.063669
1.0,4,413.087448
1.0,4,413.103018
1.0,10,413.1376
1.0,7,413.165654
1.0,8,413.193367
-1.0,10,413.263391
1.0,4,413.284101
-1.0,11,413.337187
1.0,4,413.349766
1.0,4,413.361513
1.0,4,413.374874
1.0,10,413.410614
-1.0,13,413.473721
1.0,4,413.486129
1.0,7,413.508485
-1.0,8,413.537603
1.0,4,413.548216
1.0,4,413.562837
-83.0,99,413.70426
1.0,4,413.727594
1.0,8,413.757011
1.0,4,413.77449
1.0,5,413.820885
1.0,7,413.855082
-1.0,8,413.880778
1.0,4,413.900128
1.0,5,413.932959
-1.0,8,414.00148
1.0,5,414.023648
1.0,9,414.055413
1.0,5,414.073289
-1.0,8,414.101562
1.0,4,414.117837
1.0,4,414.143037
1.0,4,414.163173
1.0,4,414.182257
1.0,4,414.21012
1.0,5,414.233929
1.0,4,414.247993
-1.0,7,414.283893
1.0,4,414.298682
1.0,5,414.314286
-6.0,15,414.35879
-1.0,11,414.398219
1.0,5,414.414281
1.0,4,414.426438
1.0,4,414.437481
1.0,7,414.465689
1.0,4,414.477471
1.0,9,414.505571
1.0,4,414.520854
1.0,6,414.544929
1.0,5,414.580707
1.0,4,414.605365
1.0,4,414.622683
1.0,12,414.667361
1.0,4,414.679718
1.0,4,414.691977
1.0,4,414.705773
1.0,4,414.724004
1.0,4,414.739182
1.0,13,414.780459
1.0,5,414.791742
-1.0,10,414.869978
1.0,6,414.912623
1.0,4,414.941767
1.0,4,414.959219
1.0,11,415.0133
1.0,6,415.056347
1.0,5,415.08678
1.0,5,415.106255
1.0,4,415.123127
1.0,5,415.136932
1.0,7,415.16138
1.0,4,415.17642
1.0,4,415.198212
-1.0,10,415.231925
1.0,5,415.252296
1.0,4,415.263656
-114.0,130,415.422173
-1.0,8,415.452688
1.0,4,415.465715
1.0,5,415.480446
1.0,4,415.496145
1.0,4,415.512794
1.0,9,415.538882
1.0,8,415.565809
1.0,4,415.591542
1.0,7,415.632433
1.0,10,415.671996
1.0,4,415.688422
1.0,5,415.724357
-1.0,10,415.781847
1.0,4,415.809545
1.0,4,415.841773
1.0,4,415.867805
1.0,4,415.881483
-1.0,12,415.918444
1.0,8,415.944765
1.0,6,415.962925
1.0,5,415.977305
1.0,4,415.990884
1.0,7,416.013011
1.0,5,416.029595
1.0,6,416.051677
1.0,6,416.069228
1.0,6,416.092016
1.0,11,416.132838
1.0,6,416.152726
1.0,8,416.18117
1.0,7,416.207608
1.0,4,416.222767
1.0,4,416.240209
1.0,5,416.259028
1.0,6,416.28114
1.0,4,416.297294
1.0,4,416.310506
1.0,4,416.322841
1.0,4,416.3367
1.0,14,416.38186
-1.0,7,416.408122
-1.0,12,416.44768
1.0,4,416.460652
1.0,9,416.493181
1.0,15,416.541171
1.0,4,416.556804
1.0,11,416.593937
1.0,6,416.617152
1.0,4,416.641814
1.0,4,416.671812
-1.0,8,416.765855
1.0,6,416.805006
-31.0,46,416.879225
-1.0,6,416.904228
1.0,5,416.919934
-1.0,9,416.954318
1.0,4,416.975858
-1.0,8,417.008592
1.0,6,417.051815
1.0,5,417.086557
1.0,6,417.110922
1.0,9,417.150626
1.0,5,417.172049
1.0,4,417.201296
1.0,4,417.229257
1.0,10,417.29261
1.0,10,417.338253
1.0,5,417.364226
1.0,4,417.38104
1.0,10,417.417997
1.0,4,417.428831
-1.0,8,417.459036
1.0,8,417.485626
1.0,4,417.498151
1.0,4,417.509096
1.0,4,417.525746
1.0,4,417.540476
1.0,4,417.553928
1.0,4,417.5663
-1.0,11,417.61053
1.0,10,417.644383
1.0,5,417.660333
1.0,4,417.674224
1.0,4,417.690769
1.0,4,417.704029
1.0,4,417.716969
-1.0,9,417.746051
1.0,4,417.766311
1.0,4,417.778902
-1.0,4,417.792989
1.0,7,417.837017
1.0,5,417.859256
1.0,5,417.880524
1.0,4,417.899982
1.0,4,417.918312
-1.0,7,417.954201
1.0,4,417.969212
1.0,5,417.987947
-1.0,7,418.010668
1.0,4,418.0257
1.0,4,418.036684
1.0,7,418.058537
1.0,5,418.07395
1.0,10,418.108478
1.0,6,418.1253
1.0,4,418.140383
1.0,4,418.162598
1.0,6,418.202837
1.0,10,418.23401
1.0,4,418.244128
1.0,5,418.266829
1.0,4,418.283945
-1.0,8,418.312562
1.0,5,418.332989
1.0,10,418.364614
-1.0,7,418.394618
1.0,12,418.430122
-1.0,12,418.482382
1.0,4,418.501185
1.0,12,418.549205
1.0,4,418.561326
1.0,5,418.575944
-1.0,7,418.599186
1.0,5,418.615652
1.0,4,418.628357
1.0,4,418.641574
1.0,12,418.68153
1.0,5,418.718652
1.0,8,418.762104
1.0,5,418.778135
1.0,6,418.792144
1.0,6,418.822001
1.0,5,418.848224
1.0,5,418.869223
1.0,4,418.885033
1.0,4,418.90396
1.0,4,418.921526
1.0,5,418.953112
1.0,8,419.0165
1.0,5,419.062584
1.0,4,419.093236
1.0,4,419.119588
1.0,5,419.147214
-1.0,5,419.168278
1.0,4,419.181123
1.0,7,419.227324
-1.0,11,419.286406
1.0,4,419.312481
-135.0,151,419.656756
1.0,10,419.689774
1.0,5,419.704588
1.0,5,419.729171
1.0,4,419.750224
1.0,9,419.785531
1.0,4,419.808132
1.0,4,419.833684
1.0,6,419.863062
1.0,4,419.879886
1.0,5,419.901668
1.0,4,419.93697
1.0,8,419.975524
1.0,4,419.99018
1.0,4,420.002457
1.0,4,420.018229
1.0,4,420.031693
1.0,9,420.060376
1.0,9,420.089489
-1.0,8,420.127815
1.0,8,420.175783
1.0,10,420.21199
1.0,9,420.242981
1.0,7,420.272613
-1.0,10,420.315248
1.0,8,420.351745
1.0,4,420.368509
1.0,4,420.384542
1.0,7,420.415207
1.0,5,420.44797
1.0,8,420.501862
1.0,4,420.538546
1.0,5,420.576019
1.0,12,420.66285
1.0,5,420.6863
1.0,4,420.703144
1.0,7,420.724209
1.0,9,420.750558
-1.0,8,420.778485
1.0,5,420.796281
1.0,4,420.808841
1.0,4,420.820992
1.0,4,420.835991
1.0,4,420.852684
1.0,6,420.878851
-1.0,8,420.913584
1.0,4,420.931048
1.0,4,420.963121
1.0,4,420.984761
1.0,12,421.022236
1.0,4,421.048307
-1.0,8,421.093618
1.0,4,421.106688
1.0,4,421.119659
1.0,8,421.157983
1.0,14,421.271144
1.0,8,421.327929
1.0,4,421.338831
1.0,5,421.354368
1.0,5,421.369439
1.0,6,421.397199
1.0,4,421.410408
1.0,8,421.441395
1.0,10,421.475509
1.0,9,421.51033
1.0,6,421.531419
1.0,6,421.566901
-1.0,12,421.614766
1.0,4,421.626484
-38.0,56,421.723493
1.0,11,421.757179
1.0,8,421.803051
-1.0,8,421.830724
1.0,7,421.853323
1.0,5,421.868128
-1.0,4,421.886259
1.0,4,421.899565
1.0,7,421.923108
1.0,4,421.937855
1.0,10,421.990907
1.0,5,422.026009
1.0,4,422.045333
1.0,5,422.061672
-1.0,11,422.103013
1.0,6,422.12155
1.0,9,422.15517
1.0,4,422.167842
-1.0,10,422.203333
-1.0,11,422.241399
1.0,4,422.253969
1.0,6,422.271762
1.0,4,422.290604
1.0,4,422.305083
1.0,7,422.329519
1.0,4,422.341034
1.0,4,422.355934
1.0,5,422.387888
1.0,6,422.423731
1.0,4,422.44341
1.0,4,422.464957
1.0,5,422.478754
1.0,4,422.501554
1.0,4,422.521522
1.0,4,422.543299
-1.0,9,422.573685
1.0,6,422.595064
1.0,4,422.615362
-1.0,8,422.671177
1.0,4,422.685953
1.0,5,422.704264
-1.0,9,422.734219
1.0,4,422.794584
1.0,6,422.824163
1.0,4,422.837058
1.0,9,422.864585
1.0,8,422.893734
1.0,4,422.907287
1.0,11,422.94577
1.0,4,422.958218
1.0,4,422.971108
1.0,4,422.984105
1.0,4,422.996921
1.0,4,423.009547
1.0,8,423.03777
1.0,8,423.065493
1.0,13,423.110178
-1.0,11,423.152228
1.0,7,423.183569
1.0,5,423.198453
1.0,4,423.209315
1.0,5,423.227257
1.0,4,423.254498
-1.0,10,423.338805
1.0,5,423.363874
1.0,4,423.379103
1.0,5,423.398453
1.0,4,423.411184
-1.0,9,423.437333
1.0,16,423.48773
-1.0,6,423.512509
-1.0,7,423.550485
1.0,4,423.568333
1.0,4,423.5821
1.0,5,423.6023
1.0,5,423.617116
1.0,4,423.627871
1.0,11,423.664744
1.0,4,423.679547
1.0,14,423.749368
1.0,5,423.792387
1.0,4,423.819665
1.0,5,423.866156
1.0,4,423.898649
-1.0,14,423.979085
1.0,4,424.012668
1.0,5,424.044858
-1.0,9,424.079298
-1.0,10,424.113385
-1.0,10,424.150635
1.0,9,424.184921
-1.0,7,424.213637
1.0,4,424.227433
1.0,8,424.254313
1.0,6,424.276155
1.0,4,424.29508
1.0,4,424.313475
1.0,4,424.329675
-1.0,9,424.362014
1.0,4,424.378602
1.0,4,424.391851
-1.0,8,424.42467
1.0,6,424.447844
1.0,4,424.4611
1.0,4,424.475028
-1.0,11,424.513512
1.0,5,424.533306
1.0,6,424.568162
1.0,7,424.601645
1.0,4,424.616117
1.0,4,424.632512
1.0,5,424.651074
1.0,7,424.672334
1.0,10,424.712412
1.0,8,424.741468
1.0,4,424.752365
1.0,4,424.765249
1.0,4,424.777931
1.0,4,424.793402
1.0,4,424.806087
1.0,9,424.834848
1.0,8,424.864964
1.0,5,424.883216
1.0,4,424.89776
1.0,4,424.91451
0.0,17,425.006508
-1.0,9,425.045776
-1.0,10,425.084502
1.0,4,425.100943
1.0,9,425.136193
1.0,5,425.156818
-1.0,4,425.168749
1.0,4,425.18067
1.0,4,425.193742
1.0,4,425.210738
1.0,5,425.226175
1.0,4,425.237328
1.0,4,425.250422
1.0,11,425.289553
-1.0,13,425.325575
1.0,4,425.338269
0.0,12,425.371914
1.0,11,425.411726
1.0,4,425.423877
1.0,4,425.436761
1.0,4,425.45294
1.0,6,425.473208
1.0,4,425.486731
1.0,7,425.51522
1.0,8,425.540317
1.0,9,425.60243
1.0,4,425.626516
1.0,4,425.641986
1.0,6,425.664226
1.0,7,425.69267
1.0,8,425.717453
1.0,5,425.733452
1.0,4,425.747128
1.0,4,425.763519
-1.0,7,425.787538
1.0,7,425.807908
1.0,4,425.81815
1.0,6,425.843156
1.0,4,425.855298
1.0,4,425.867982
1.0,7,425.891852
1.0,6,425.909007
1.0,8,425.934125
1.0,4,425.948723
-1.0,7,425.97406
1.0,4,425.99026
1.0,8,426.014526
1.0,11,426.050935
1.0,9,426.085011
1.0,10,426.143747
1.0,7,426.168675
1.0,5,426.184741
1.0,6,426.207547
1.0,5,426.225209
1.0,9,426.271553
1.0,5,426.309481
1.0,4,426.32932
1.0,6,426.352469
-1.0,8,426.381533
1.0,9,426.411
1.0,5,426.445284
-1.0,10,426.498903
1.0,4,426.514038
1.0,4,426.528538
1.0,7,426.553735
1.0,11,426.592633
1.0,4,426.605369
-1.0,12,426.645974
1.0,4,426.660575
1.0,7,426.686035
1.0,4,426.699132
1.0,4,426.714431
1.0,4,426.736099
-1.0,8,426.785634
1.0,5,426.811036
1.0,7,426.834059
1.0,4,426.84764
-1.0,10,426.886801
1.0,8,426.913107
1.0,7,426.936941
1.0,8,426.96619
1.0,11,427.00528
1.0,4,427.017919
1.0,6,427.04419
1.0,4,427.057675
1.0,4,427.074025
1.0,5,427.088672
1.0,4,427.111826
1.0,4,427.136217
1.0,10,427.178634
1.0,4,427.191912
-1.0,15,427.236692
1.0,4,427.249611
1.0,7,427.280677
1.0,7,427.30275
1.0,4,427.317136
1.0,4,427.341747
1.0,5,427.380798
-1.0,11,427.434469
1.0,8,427.46791
1.0,4,427.482996
1.0,4,427.503529
1.0,4,427.524036
1.0,6,427.556036
1.0,6,427.580004
-1.0,8,427.607677
-1.0,11,427.658629
1.0,8,427.691289
1.0,5,427.710306
-2.0,14,427.755913
1.0,4,427.769185
1.0,8,427.796528
1.0,10,427.842587
1.0,4,427.873569
1.0,5,427.901504
1.0,6,427.927216
1.0,6,427.950292
1.0,6,427.98932
1.0,6,428.009541
1.0,9,428.038208
1.0,4,428.050293
-1.0,9,428.082094
1.0,4,428.0956
1.0,14,428.136205
1.0,5,428.154579
-32.0,46,428.236045
-1.0,13,428.316542
1.0,4,428.335437
-1.0,13,428.384542
1.0,4,428.407786
1.0,4,428.42693
-18.0,29,428.533821
1.0,5,428.552632
1.0,7,428.576618
1.0,4,428.591331
1.0,4,428.603768
1.0,4,428.615328
1.0,4,428.629128
1.0,5,428.643098
1.0,5,428.660012
1.0,4,428.675369
1.0,4,428.693451
1.0,5,428.712343
-1.0,11,428.755095
1.0,4,428.767433
-1.0,10,428.821729
1.0,4,428.835607
1.0,8,428.861337
1.0,5,428.877112
1.0,9,428.909054
-1.0,10,428.942228
1.0,6,428.963723
1.0,4,428.976997
1.0,4,428.994794
-1.0,14,429.047293
1.0,7,429.09733
1.0,4,429.121315
1.0,5,429.164041
1.0,6,429.198318
1.0,5,429.232742
1.0,5,429.273159
1.0,8,429.310843
1.0,5,429.327389
1.0,4,429.339273
-1.0,4,429.352109
-1.0,4,429.369688
-1.0,15,429.414748
1.0,6,429.433801
1.0,11,429.502631
1.0,5,429.524567
1.0,4,429.537121
1.0,5,429.558951
1.0,12,429.603064
1.0,5,429.625298
1.0,7,429.661029
-1.0,9,429.725699
1.0,8,429.765169
1.0,6,429.787899
-1.0,7,429.822069
1.0,5,429.842362
-1.0,15,429.896869
1.0,7,429.927366
1.0,5,429.944862
1.0,4,429.958032
1.0,10,429.99488
1.0,4,430.011551
1.0,10,430.070538
1.0,7,430.109526
1.0,7,430.129545
-1.0,6,430.168597
1.0,11,430.214601
1.0,8,430.248297
1.0,4,430.269206
-1.0,9,430.342594
1.0,11,430.427609
1.0,4,430.457148
-1.0,9,430.526104
1.0,5,430.567734
1.0,4,430.59216
1.0,4,430.615202
1.0,7,430.64259
1.0,4,430.659243
1.0,7,430.687338
1.0,4,430.698022
1.0,8,430.726005
-1.0,13,430.807729
1.0,4,430.822757
1.0,4,430.834019
1.0,4,430.846392
1.0,5,430.864374
1.0,4,430.876905
-1.0,9,430.906206
1.0,4,430.923309
1.0,5,430.949151
1.0,9,430.974805
-1.0,11,431.015237
1.0,4,431.030416
-1.0,11,431.073848
1.0,6,431.097397
1.0,6,431.115168
1.0,6,431.135548
1.0,12,431.176317
1.0,5,431.196049
1.0,5,431.211447
1.0,4,431.223493
1.0,7,431.260226
1.0,5,431.278155
1.0,5,431.295672
1.0,8,431.322027
-1.0,13,431.399815
-1.0,13,431.480747
1.0,14,431.528031
1.0,5,431.544212
1.0,4,431.563335
1.0,11,431.599501
-1.0,13,431.642528
1.0,5,431.660646
1.0,6,431.687026
-1.0,9,431.7171
1.0,5,431.732822
1.0,6,431.760466
1.0,8,431.828741
1.0,5,431.863379
1.0,7,431.886371
-1.0,9,431.921909
1.0,9,431.960034
1.0,5,431.977615
1.0,9,432.007746
1.0,5,432.023356
1.0,5,432.041415
-1.0,11,432.083261
1.0,5,432.103062
1.0,7,432.127918
-1.0,7,432.160398
-1.0,10,432.199492
1.0,5,432.214399
1.0,5,432.232571
1.0,12,432.276046
1.0,8,432.301905
1.0,11,432.34105
-1.0,11,432.380232
1.0,9,432.411843
1.0,5,432.428172
1.0,5,432.443069
1.0,5,432.471558
-1.0,8,432.530331
1.0,6,432.56364
1.0,5,432.596886
1.0,5,432.627092
1.0,12,432.675879
-1.0,11,432.714545
-1.0,6,432.737294
1.0,5,432.753582
1.0,12,432.802572
1.0,10,432.831668
1.0,5,432.850542
1.0,5,432.869552
1.0,6,432.891193
1.0,4,432.905164
1.0,4,432.916522
1.0,11,432.958609
1.0,5,432.978286
1.0,4,432.991364
1.0,5,433.006357
1.0,5,433.023895
1.0,4,433.040223
-167.0,184,433.382179
1.0,7,433.401755
1.0,8,433.435506
1.0,5,433.45776
1.0,10,433.49055
1.0,8,433.547648
-74.0,87,433.674757
-1.0,6,433.695727
1.0,4,433.710352
-1.0,13,433.754491
1.0,4,433.767572
-1.0,14,433.815192
1.0,5,433.830015
1.0,11,433.862459
1.0,8,433.890375
1.0,5,433.911361
1.0,7,433.935289
1.0,4,433.948624
1.0,5,433.966374
1.0,4,433.983105
1.0,4,433.997231
1.0,4,434.011008
1.0,9,434.042444
1.0,10,434.079843
1.0,4,434.095916
-1.0,8,434.122283
1.0,4,434.134744
-1.0,9,434.167522
1.0,9,434.201433
1.0,7,434.221761
1.0,5,434.240218
1.0,5,434.258315
1.0,4,434.273403
1.0,9,434.305497
1.0,4,434.318508
1.0,8,434.350644
1.0,4,434.366394
1.0,10,434.402503
1.0,6,434.418823
1.0,4,434.437898
1.0,9,434.467331
-1.0,10,434.50523
1.0,4,434.517523
1.0,7,434.545635
-1.0,8,434.574899
1.0,4,434.598601
1.0,4,434.625085
-1.0,12,434.681781
1.0,4,434.694277
1.0,6,434.712176
1.0,4,434.725317
1.0,10,434.765419
1.0,12,434.841815
1.0,4,434.85754
1.0,4,434.868731
1.0,4,434.883335
-1.0,11,434.917836
1.0,4,434.931111
1.0,4,434.949203
1.0,4,434.966069
-1.0,9,435.002253
1.0,4,435.029842
-1.0,10,435.113458
1.0,4,435.137923
1.0,4,435.152937
-1.0,7,435.178618
1.0,4,435.191454
1.0,4,435.208929
-1.0,11,435.244419
-1.0,6,435.264353
1.0,5,435.282079
1.0,5,435.30252
1.0,4,435.313856
1.0,4,435.325076
1.0,4,435.337837
1.0,4,435.35272
1.0,4,435.364046
1.0,5,435.378613
1.0,5,435.393833
1.0,9,435.424495
1.0,4,435.436638
1.0,5,435.453006
1.0,4,435.466066
1.0,4,435.481793
1.0,8,435.505693
1.0,4,435.52045
-22.0,34,435.659479
1.0,4,435.682388
1.0,10,435.722999
1.0,8,435.756137
1.0,11,435.79203
1.0,4,435.813627
1.0,5,435.83418
1.0,8,435.862147
1.0,4,435.875055
1.0,4,435.908386
1.0,5,435.94376
1.0,5,435.977547
1.0,4,435.993508
1.0,4,436.011461
1.0,4,436.025101
1.0,6,436.046452
1.0,8,436.091138
1.0,11,436.171021
1.0,4,436.190548
1.0,4,436.204168
1.0,4,436.216704
1.0,4,436.232805
-1.0,9,436.264493
1.0,5,436.279609
1.0,5,436.294603
-1.0,7,436.331777
1.0,8,436.360123
1.0,4,436.373217
1.0,4,436.38789
-1.0,6,436.413291
1.0,7,436.438957
-1.0,12,436.481384
1.0,7,436.503784
1.0,4,436.518991
-1.0,10,436.546524
1.0,7,436.574957
1.0,8,436.603967
1.0,7,436.630669
1.0,4,436.644096
1.0,7,436.668575
1.0,4,436.681972
1.0,4,436.699596
-1.0,10,436.732882
1.0,5,436.749444
1.0,9,436.786524
0.0,12,436.823075
1.0,13,436.866077
1.0,4,436.878343
1.0,6,436.89608
1.0,5,436.91809
1.0,11,436.955947
1.0,4,436.969035
-96.0,110,437.111387
1.0,4,437.128431
-1.0,11,437.164534
1.0,10,437.194306
1.0,8,437.222262
1.0,4,437.23922
1.0,5,437.255468
-3.0,14,437.302826
1.0,6,437.321725
1.0,8,437.354514
1.0,4,437.369199
1.0,5,437.387802
1.0,5,437.403189
-1.0,8,437.436953
1.0,4,437.448329
1.0,5,437.463895
1.0,4,437.475635
1.0,5,437.495991
1.0,5,437.517186
1.0,4,437.530319
1.0,4,437.544257
1.0,4,437.558379
1.0,6,437.577731
1.0,4,437.590905
-1.0,16,437.641214
-1.0,11,437.683292
1.0,12,437.721078
-1.0,9,437.775742
1.0,5,437.800812
1.0,6,437.835864
-1.0,7,437.864976
1.0,4,437.893288
1.0,5,437.948199
1.0,16,438.027335
1.0,4,438.037879
1.0,4,438.050384
-1.0,6,438.073597
1.0,4,438.089494
1.0,6,438.111107
1.0,4,438.12393
1.0,11,438.172913
1.0,4,438.203213
1.0,11,438.258114
1.0,11,438.351693
1.0,4,438.377674
1.0,4,438.410675
1.0,4,438.442003
1.0,5,438.466086
1.0,7,438.490649
1.0,4,438.509349
-41.0,58,438.606643
1.0,4,438.618766
1.0,4,438.631728
1.0,9,438.665144
1.0,4,438.678446
1.0,8,438.706532
1.0,4,438.719737
1.0,5,438.748638
1.0,5,438.782876
1.0,7,438.829959
1.0,4,438.860909
-1.0,7,438.918548
-1.0,8,438.958224
1.0,4,438.990868
1.0,4,439.021635
1.0,12,439.075708
-1.0,10,439.124027
-1.0,13,439.196126
1.0,4,439.210346
1.0,4,439.240387
1.0,4,439.271813
1.0,9,439.337471
-1.0,11,439.388682
-1.0,9,439.421329
1.0,4,439.434492
1.0,5,439.449714
1.0,4,439.464167
-1.0,11,439.501503
1.0,4,439.514863
1.0,7,439.540127
1.0,4,439.553344
1.0,5,439.570546
1.0,5,439.585892
1.0,4,439.597702
1.0,9,439.625865
-1.0,10,439.664625
-1.0,7,439.687651
1.0,7,439.711339
1.0,8,439.738494
1.0,4,439.757014
1.0,4,439.778754
1.0,4,439.802477
1.0,4,439.822212
1.0,4,439.838219
1.0,4,439.850814
1.0,4,439.864021
1.0,4,439.87621
1.0,6,439.924069
1.0,4,439.952184
1.0,4,439.969672
1.0,6,440.005509
1.0,8,440.062799
-1.0,9,440.09819
1.0,5,440.11203
1.0,5,440.126453
1.0,5,440.146658
1.0,6,440.180127
1.0,13,440.232336
-1.0,12,440.27471
1.0,4,440.298409
1.0,4,440.325047
1.0,4,440.344032
-1.0,13,440.392088
1.0,4,440.409041
1.0,5,440.429467
1.0,7,440.453304
-1.0,9,440.485175
1.0,8,440.50892
1.0,4,440.521713
-1.0,6,440.543372
1.0,4,440.555557
1.0,4,440.571314
1.0,4,440.586724
1.0,4,440.600714
1.0,4,440.620115
1.0,4,440.648067
1.0,4,440.673229
1.0,6,440.710071
1.0,4,440.733747
1.0,4,440.753303
1.0,4,440.777943
1.0,4,440.810154
1.0,4,440.840069
1.0,4,440.872362
1.0,5,440.895973
1.0,9,440.926929
1.0,4,440.939803
1.0,4,440.961188
1.0,5,440.980198
1.0,4,440.993215
1.0,5,441.012335
1.0,5,441.031937
-10.0,21,441.081377
1.0,4,441.093359
1.0,6,441.113981
1.0,4,441.129836
1.0,11,441.15892
1.0,4,441.17092
1.0,6,441.194526
-1.0,13,441.281448
-1.0,11,441.322841
1.0,4,441.343917
1.0,4,441.361583
1.0,4,441.389262
1.0,4,441.416956
1.0,4,441.442697
-1.0,12,441.490054
1.0,5,441.509794
1.0,5,441.525652
1.0,11,441.564569
-1.0,7,441.606471
1.0,10,441.657822
-1.0,9,441.694964
1.0,8,441.720535
1.0,8,441.744903
1.0,10,441.777281
-1.0,15,441.854814
1.0,8,441.912878
1.0,8,441.952831
-1.0,7,441.988308
1.0,5,442.003239
1.0,5,442.018543
1.0,10,442.051953
1.0,5,442.069621
-31.0,44,442.169118
-244.0,261,442.466772
1.0,4,442.499296
1.0,4,442.521696
1.0,4,442.549262
1.0,4,442.573403
1.0,4,442.589296
1.0,5,442.606853
1.0,6,442.631599
1.0,4,442.646987
1.0,7,442.670426
1.0,6,442.706697
1.0,4,442.724076
1.0,5,442.745985
1.0,13,442.831025
1.0,5,442.848903
-1.0,4,442.863085
1.0,4,442.883878
1.0,5,442.922731
-1.0,6,442.964497
1.0,11,443.002998
1.0,4,443.015079
1.0,5,443.031507
1.0,4,443.047294
1.0,7,443.069507
1.0,4,443.084129
-1.0,8,443.111915
1.0,5,443.131835
1.0,4,443.145079
1.0,9,443.173122
1.0,4,443.185441
1.0,9,443.215866
-46.0,61,443.299757
1.0,5,443.315068
1.0,9,443.342441
-1.0,6,443.37237
1.0,5,443.389732
1.0,4,443.401958
-1.0,12,443.443075
1.0,11,443.483284
1.0,10,443.515208
1.0,10,443.542763
1.0,7,443.566211
1.0,6,443.589205
1.0,5,443.608247
1.0,5,443.623365
1.0,7,443.657144
1.0,5,443.702501
-1.0,12,443.796632
1.0,4,443.823325
1.0,4,443.843917
1.0,8,443.874195
1.0,4,443.889752
1.0,4,443.900324
1.0,5,443.914757
-1.0,8,443.946007
1.0,4,443.959018
1.0,12,443.999438
1.0,4,444.016237
-1.0,6,444.048773
1.0,5,444.075387
1.0,4,444.100716
1.0,4,444.119056
1.0,5,444.14192
1.0,12,444.201992
1.0,6,444.227376
1.0,4,444.241549
1.0,8,444.276874
1.0,5,444.293198
1.0,4,444.307143
1.0,5,444.321229
1.0,4,444.336984
1.0,5,444.359632
1.0,6,444.382063
1.0,5,444.401113
1.0,5,444.425224
1.0,7,444.445724
1.0,6,444.465732
-1.0,12,444.507899
1.0,5,444.529352
1.0,4,444.54284
1.0,4,444.559476
1.0,4,444.571822
1.0,5,444.589699
1.0,14,444.672304
-1.0,6,444.693529
1.0,4,444.706774
1.0,8,444.73512
1.0,4,444.74716
1.0,4,444.765365
1.0,4,444.793099
1.0,8,444.844957
1.0,5,444.865795
1.0,4,444.884411
1.0,4,444.897142
1.0,4,444.915119
1.0,6,444.933847
1.0,6,444.957439
-1.0,7,444.985984
-1.0,8,445.016643
1.0,4,445.028709
1.0,4,445.041622
1.0,6,445.061822
-1.0,10,445.092564
1.0,4,445.104908
1.0,4,445.117115
1.0,4,445.128589
1.0,4,445.143907
1.0,4,445.156511
1.0,8,445.18179
1.0,4,445.193902
1.0,5,445.215718
1.0,4,445.229211
1.0,4,445.246819
1.0,8,445.305826
1.0,4,445.325819
1.0,13,445.365898
1.0,4,445.379148
1.0,4,445.391365
1.0,4,445.40584
1.0,4,445.418712
-1.0,15,445.462973
-1.0,7,445.484566
-1.0,11,445.530168
1.0,10,445.570379
1.0,4,445.586334
1.0,4,445.59837
1.0,4,445.616187
1.0,7,445.636151
-28.0,44,445.714952
1.0,4,445.725511
1.0,9,445.762671
1.0,4,445.775496
-1.0,7,445.797762
1.0,5,445.815008
1.0,4,445.834399
-1.0,10,445.866196
1.0,5,445.882418
-1.0,8,445.912289
1.0,4,445.928188
1.0,4,445.940994
-1.0,7,445.969353
1.0,4,445.997337
1.0,4,446.028947
1.0,9,446.09524
1.0,4,446.126284
1.0,4,446.14667
1.0,4,446.16191
1.0,10,446.193781
1.0,5,446.208365
1.0,7,446.232891
1.0,5,446.253473
-1.0,8,446.281415
1.0,4,446.295473
1.0,5,446.311289
1.0,10,446.347495
1.0,11,446.384231
1.0,7,446.407156
1.0,4,446.419176
1.0,5,446.440063
1.0,4,446.451923
1.0,5,446.463453
1.0,4,446.476186
1.0,4,446.494401
1.0,7,446.518781
-1.0,7,446.545284
1.0,5,446.564256
1.0,4,446.582073
1.0,4,446.594841
1.0,4,446.610788
1.0,4,446.624065
-1.0,8,446.658234
1.0,4,446.673135
1.0,5,446.688771
1.0,7,446.710318
1.0,5,446.730587
-1.0,7,446.754966
1.0,4,446.767598
-1.0,7,446.789138
1.0,5,446.809741
1.0,4,446.822775
1.0,7,446.843428
1.0,4,446.856596
1.0,4,446.874168
1.0,4,446.906113
1.0,4,446.935167
1.0,4,446.953529
1.0,4,446.987302
1.0,4,447.011961
1.0,4,447.030332
1.0,4,447.044351
1.0,10,447.08366
1.0,4,447.094627
-1.0,10,447.126636
1.0,4,447.139273
1.0,5,447.158924
1.0,5,447.176007
1.0,4,447.20053
1.0,5,447.241177
1.0,4,447.275501
-1.0,6,447.326643
1.0,5,447.365186
1.0,4,447.386102
-1.0,12,447.517625
1.0,4,447.536386
1.0,4,447.548405
1.0,5,447.564435
1.0,4,447.581084
1.0,8,447.620379
1.0,6,447.67544
1.0,4,447.709348
1.0,4,447.747889
1.0,10,447.799036
1.0,5,447.829098
1.0,10,447.872752
-1.0,7,447.903787
1.0,5,447.920553
-53.0,70,448.021791
1.0,4,448.033572
1.0,4,448.048682
1.0,5,448.065938
1.0,4,448.092293
1.0,4,448.124324
1.0,5,448.150393
1.0,4,448.164294
1.0,5,448.177164
1.0,7,448.201109
1.0,4,448.221102
1.0,4,448.234074
1.0,6,448.252217
1.0,4,448.264682
1.0,4,448.281317
1.0,5,448.298311
1.0,9,448.337279
-1.0,7,448.396254
1.0,4,448.414174
1.0,11,448.446136
1.0,4,448.457508
1.0,9,448.488559
1.0,5,448.508013
1.0,10,448.537825
1.0,4,448.550167
-1.0,11,448.595808
1.0,11,448.638354
1.0,4,448.650775
-1.0,10,448.681398
1.0,6,448.704295
1.0,10,448.748252
1.0,6,448.788511
1.0,4,448.812218
1.0,4,448.826096
1.0,5,448.864615
1.0,6,448.910457
1.0,4,448.92921
1.0,10,448.962198
1.0,4,448.980771
1.0,4,448.992616
1.0,4,449.005375
1.0,4,449.017582
1.0,4,449.033345
1.0,5,449.047901
-1.0,7,449.071879
1.0,9,449.099996
-1.0,11,449.13851
1.0,8,449.16363
-1.0,11,449.196416
-1.0,7,449.216643
1.0,9,449.253675
-1.0,8,449.280459
1.0,4,449.294278
1.0,4,449.306798
1.0,4,449.323415
1.0,7,449.345246
1.0,12,449.431267
1.0,9,449.494649
1.0,8,449.566644
-1.0,10,449.61393
1.0,5,449.635014
1.0,7,449.658986
-1.0,11,449.702595
-1.0,15,449.770151
1.0,10,449.841774
1.0,4,449.873921
1.0,4,449.90019
1.0,6,449.918275
-1.0,9,449.946924
1.0,4,449.959355
1.0,4,449.977437
1.0,9,450.004336
-1.0,8,450.03168
1.0,5,450.047368
1.0,6,450.070085
1.0,4,450.082131
-1.0,12,450.123124
1.0,5,450.13774
1.0,5,450.160267
1.0,7,450.180875
1.0,7,450.20514
1.0,6,450.229
1.0,8,450.28718
1.0,4,450.309336
-1.0,4,450.325739
1.0,11,450.355006
1.0,4,450.37274
1.0,5,450.392041
-1.0,4,450.413337
1.0,4,450.430172
1.0,5,450.450086
1.0,4,450.464477
-1.0,4,450.478081
1.0,5,450.49454
1.0,5,450.511552
1.0,5,450.529488
1.0,7,450.547428
1.0,4,450.55844
1.0,4,450.575833
1.0,9,450.606085
1.0,4,450.617038
1.0,8,450.680356
-1.0,8,450.749349
1.0,5,450.789422
-1.0,4,450.843999
1.0,4,450.870778
1.0,17,450.927398
1.0,4,450.939816
-1.0,5,450.954561
1.0,4,450.967673
-2.0,13,451.013832
1.0,4,451.026001
1.0,5,451.043217
1.0,12,451.077447
-2.0,12,451.115524
1.0,8,451.141476
1.0,4,451.154435
1.0,11,451.191561
1.0,5,451.211274
1.0,10,451.243359
1.0,5,451.261049
1.0,8,451.290114
1.0,5,451.310369
1.0,4,451.325692
-89.0,109,451.465024
1.0,4,451.476919
1.0,15,451.534555
1.0,7,451.563272
1.0,4,451.575456
1.0,11,451.606629
1.0,5,451.626616
-1.0,9,451.653756
-1.0,7,451.676758
-1.0,10,451.709718
-1.0,6,451.737882
1.0,4,451.753074
1.0,5,451.768214
1.0,10,451.801908
1.0,4,451.820935
1.0,10,451.857155
1.0,4,451.871527
1.0,8,451.896112
-1.0,7,451.922479
1.0,10,451.959906
1.0,4,451.984663
1.0,4,452.003615
-1.0,8,452.046818
-1.0,4,452.059809
1.0,4,452.073135
1.0,11,452.108643
1.0,7,452.134505
-1.0,9,452.165517
-1.0,5,452.182103
1.0,4,452.198027
-1.0,9,452.2366
1.0,9,452.29427
-69.0,85,452.45204
1.0,4,452.465761
-1.0,9,452.506655
-1.0,12,452.55615
1.0,5,452.593727
1.0,4,452.61946
1.0,4,452.637915
1.0,4,452.649158
1.0,10,452.683071
1.0,4,452.695631
1.0,6,452.717318
-1.0,9,452.750607
-1.0,6,452.770871
1.0,8,452.801619
1.0,6,452.823617
-1.0,8,452.850529
1.0,9,452.879303
1.0,11,452.916057
1.0,5,452.941919
1.0,6,452.977747
-1.0,11,453.027617
1.0,4,453.041019
1.0,10,453.084655
1.0,7,453.107224
1.0,8,453.130431
1.0,4,453.143044
1.0,4,453.159433
1.0,5,453.17827
1.0,4,453.191558
1.0,4,453.204566
1.0,5,453.22222
1.0,4,453.234581
1.0,15,453.292195
-1.0,8,453.318438
1.0,10,453.356308
1.0,5,453.371284
1.0,9,453.402069
1.0,4,453.418391
1.0,5,453.437941
1.0,4,453.45206
1.0,4,453.464901
1.0,7,453.48742
-1.0,7,453.512791
1.0,4,453.526331
-111.0,126,453.677634
1.0,5,453.692759
-1.0,9,453.72172
1.0,6,453.739872
1.0,4,453.752872
1.0,4,453.765632
1.0,4,453.782421
1.0,4,453.795499
1.0,5,453.817881
1.0,4,453.828776
-1.0,9,453.86234
1.0,5,453.879464
1.0,5,453.896385
1.0,7,453.919887
-1.0,9,453.950351
-2.0,12,453.981705
1.0,4,453.995627
1.0,7,454.019615
1.0,4,454.037487
1.0,4,454.048965
-1.0,8,454.072594
1.0,5,454.087543
1.0,4,454.10309
1.0,5,454.117747
1.0,5,454.142232
1.0,8,454.199778
1.0,4,454.215706
1.0,4,454.228104
1.0,5,454.245023
1.0,9,454.30883
1.0,4,454.335289
-8.0,23,454.453686
1.0,5,454.489736
1.0,4,454.509103
1.0,5,454.527751
1.0,4,454.540456
1.0,5,454.560308
1.0,7,454.585208
1.0,4,454.600729
1.0,4,454.613791
1.0,4,454.62982
1.0,5,454.644553
-26.0,38,454.728654
1.0,4,454.740662
1.0,4,454.753771
1.0,4,454.766701
1.0,5,454.78386
1.0,4,454.79727
1.0,8,454.819619
1.0,4,454.836874
-1.0,11,454.877812
1.0,5,454.893235
1.0,5,454.908674
1.0,5,454.926664
-57.0,73,455.072512
1.0,12,455.15081
1.0,4,455.172614
1.0,7,455.19654
1.0,4,455.212022
1.0,6,455.240679
1.0,4,455.262927
1.0,4,455.291803
1.0,4,455.330516
1.0,4,455.35217
-1.0,7,455.40483
1.0,5,455.428163
-1.0,6,455.457314
-1.0,8,455.484595
1.0,4,455.496366
1.0,5,455.511801
1.0,5,455.529123
1.0,4,455.541559
1.0,10,455.569597
1.0,5,455.585568
-1.0,6,455.608948
-1.0,13,455.653368
1.0,4,455.667015
1.0,4,455.67977
1.0,5,455.7029
1.0,4,455.714396
-1.0,10,455.744397
-90.0,107,455.879457
1.0,5,455.89692
1.0,11,455.940615
-1.0,9,455.969296
1.0,6,456.007157
1.0,9,456.074793
1.0,11,456.136718
1.0,9,456.165327
-1.0,9,456.194226
1.0,11,456.234301
1.0,4,456.247415
1.0,6,456.267401
1.0,5,456.282119
1.0,4,456.2984
1.0,7,456.316823
1.0,4,456.33454
1.0,4,456.352072
1.0,11,456.389233
-1.0,4,456.402846
-1.0,8,456.431393
1.0,4,456.444806
-1.0,4,456.461062
1.0,5,456.480513
1.0,6,456.502023
-1.0,8,456.53414
1.0,4,456.56059
1.0,5,456.594712
1.0,5,456.615828
-52.0,65,456.745818
1.0,6,456.77063
1.0,4,456.79548
1.0,11,456.83374
-1.0,10,456.872612
1.0,4,456.887902
1.0,4,456.899923
-1.0,14,456.974093
1.0,4,457.002481
1.0,5,457.02663
1.0,4,457.038345
-1.0,7,457.062416
1.0,4,457.074281
-1.0,8,457.104755
-1.0,9,457.134799
1.0,4,457.151244
1.0,4,457.168629
1.0,4,457.197812
1.0,4,457.219117
1.0,5,457.23897
1.0,4,457.251662
-1.0,4,457.269449
1.0,4,457.285696
1.0,4,457.29874
1.0,4,457.31085
1.0,4,457.333
1.0,5,457.349999
1.0,4,457.363744
1.0,4,457.376601
-1.0,6,457.397592
1.0,4,457.410899
0.0,12,457.445937
1.0,9,457.476598
1.0,4,457.519521
1.0,11,457.575592
1.0,4,457.588653
1.0,4,457.601623
1.0,4,457.61939
1.0,10,457.690174
1.0,4,457.715576
1.0,6,457.739231
1.0,6,457.762392
1.0,4,457.77671
1.0,4,457.798155
1.0,4,457.822934
-1.0,6,457.85198
1.0,10,457.886894
1.0,4,457.900328
1.0,4,457.913598
1.0,4,457.932401
1.0,5,457.948367
1.0,5,457.963654
1.0,5,457.982411
1.0,5,457.999143
1.0,4,458.010591
0.0,15,458.05637
-1.0,10,458.087664
-1.0,9,458.119739
1.0,4,458.138421
1.0,4,458.164726
1.0,10,458.244027
1.0,4,458.283533
-1.0,9,458.362311
1.0,4,458.396031
1.0,11,458.478663
1.0,6,458.498605
-1.0,9,458.529025
1.0,4,458.540111
1.0,9,458.570176
-1.0,8,458.603483
1.0,6,458.621444
1.0,4,458.635113
-1.0,12,458.681549
1.0,4,458.700796
1.0,4,458.713039
1.0,4,458.727512
1.0,8,458.787829
1.0,4,458.808896
1.0,4,458.821152
1.0,4,458.831628
1.0,4,458.847311
1.0,4,458.882078
1.0,4,458.912228
1.0,4,458.932295
1.0,4,458.946112
-89.0,108,459.092133
1.0,4,459.105127
1.0,5,459.120425
-1.0,10,459.156821
1.0,10,459.232913
1.0,4,459.265425
1.0,5,459.306048
1.0,10,459.382986
1.0,4,459.401027
1.0,4,459.413694
1.0,4,459.427475
1.0,4,459.440766
1.0,9,459.475721
-1.0,7,459.500198
1.0,11,459.536566
-35.0,52,459.624285
1.0,4,459.639476
1.0,4,459.654248
1.0,4,459.666703
-1.0,4,459.680911
-1.0,10,459.71937
1.0,4,459.73145
1.0,8,459.756236
1.0,4,459.767361
1.0,4,459.783743
1.0,4,459.79794
1.0,5,459.816176
1.0,6,459.833739
-1.0,5,459.854895
1.0,7,459.874276
1.0,4,459.886064
1.0,4,459.898673
1.0,5,459.920009
1.0,5,459.935064
1.0,4,459.952198
-1.0,11,459.99437
1.0,4,460.010623
1.0,4,460.023179
1.0,5,460.051332
1.0,5,460.067767
1.0,4,460.093665
1.0,4,460.108888
1.0,4,460.130656
1.0,4,460.145428
1.0,4,460.171575
1.0,4,460.183916
1.0,4,460.196899
-1.0,11,460.234935
1.0,4,460.247923
1.0,5,460.26217
1.0,4,460.275637
0.0,11,460.3048
-1.0,8,460.33028
1.0,4,460.343044
1.0,4,460.354784
1.0,4,460.367192
1.0,4,460.384439
1.0,4,460.397644
1.0,6,460.414694
1.0,4,460.42693
1.0,4,460.443122
1.0,5,460.48334
1.0,4,460.516569
1.0,5,460.556456
1.0,4,460.591565
1.0,4,460.62484
1.0,4,460.692638
1.0,4,460.73043
1.0,5,460.748853
-1.0,13,460.792656
1.0,5,460.809452
1.0,9,460.836336
1.0,4,460.853447
1.0,4,460.866351
1.0,4,460.879984
1.0,4,460.892441
1.0,6,460.915744
1.0,4,460.92815
1.0,4,460.940616
1.0,8,460.969173
1.0,4,460.985559
-1.0,9,461.016894
1.0,4,461.028878
1.0,4,461.043221
1.0,4,461.058678
1.0,4,461.069206
1.0,4,461.082705
1.0,5,461.097802
1.0,9,461.129626
1.0,4,461.141783
1.0,7,461.164966
1.0,4,461.184424
1.0,10,461.219077
1.0,5,461.237248
1.0,8,461.262086
1.0,5,461.278248
-1.0,8,461.309253
1.0,4,461.322304
1.0,8,461.376102
1.0,5,461.398318
1.0,4,461.429353
1.0,4,461.460995
1.0,4,461.488501
-1.0,10,461.574276
1.0,12,461.67373
1.0,4,461.69421
1.0,4,461.708561
1.0,8,461.733146
1.0,9,461.77036
1.0,4,461.782738
1.0,4,461.795878
1.0,9,461.824964
1.0,11,461.861231
-1.0,11,461.897351
1.0,7,461.932874
1.0,7,461.97848
-1.0,14,462.040789
1.0,4,462.057057
1.0,4,462.069538
1.0,4,462.082516
1.0,4,462.099646
-1.0,4,462.113261
1.0,4,462.125021
1.0,7,462.145939
1.0,5,462.170263
1.0,9,462.200209
1.0,4,462.213916
1.0,7,462.237537
1.0,4,462.254
1.0,6,462.281845
-1.0,7,462.315217
-3.0,17,462.365816
1.0,7,462.390688
1.0,4,462.403249
1.0,4,462.433711
1.0,4,462.465838
1.0,4,462.495073
1.0,4,462.5082
-61.0,73,462.604565
1.0,4,462.616084
1.0,4,462.634243
-1.0,10,462.66299
1.0,5,462.679584
-1.0,10,462.714412
1.0,11,462.758028
1.0,7,462.781401
1.0,4,462.794341
-1.0,9,462.825729
1.0,4,462.843968
1.0,4,462.859575
1.0,4,462.871457
1.0,4,462.883421
1.0,8,462.913776
-1.0,8,462.940668
1.0,4,462.952711
1.0,10,462.99076
1.0,4,463.01229
1.0,5,463.028308
1.0,4,463.044422
1.0,5,463.060007
1.0,14,463.11044
1.0,7,463.132123
1.0,5,463.149376
1.0,4,463.163412
1.0,4,463.184099
-1.0,13,463.233935
1.0,4,463.24585
1.0,4,463.260351
1.0,5,463.27723
1.0,8,463.301452
1.0,4,463.313758
1.0,6,463.33337
1.0,10,463.370889
1.0,6,463.394312
1.0,4,463.407863
1.0,4,463.420224
1.0,13,463.502383
1.0,8,463.575896
1.0,5,463.61359
1.0,9,463.645861
1.0,4,463.663752
1.0,6,463.684073
-1.0,12,463.723212
1.0,4,463.770402
1.0,6,463.805171
1.0,9,463.840343
1.0,5,463.854383
-1.0,9,463.911967
1.0,5,463.933327
1.0,4,463.944683
1.0,4,463.959764
-1.0,11,463.998893
1.0,6,464.02561
1.0,5,464.043749
1.0,5,464.065497
-1.0,4,464.100313
1.0,5,464.13305
1.0,6,464.184991
1.0,4,464.217214
1.0,4,464.240959
1.0,4,464.26561
1.0,4,464.289253
1.0,6,464.322463
1.0,5,464.343298
1.0,4,464.358138
1.0,4,464.370144
1.0,4,464.383074
1.0,7,464.405132
1.0,4,464.432787
1.0,7,464.47633
-1.0,11,464.513452
1.0,5,464.529691
1.0,4,464.547632
1.0,4,464.560973
1.0,8,464.589563
-1.0,8,464.613699
1.0,4,464.629487
-1.0,5,464.646298
1.0,4,464.659214
1.0,4,464.672636
1.0,5,464.6955
-1.0,12,464.735331
1.0,4,464.747735
1.0,8,464.774629
1.0,11,464.815655
-1.0,10,464.880821
1.0,8,464.947814
1.0,7,465.010285
1.0,4,465.044272
1.0,5,465.084993
-1.0,5,465.123743
1.0,5,465.144703
1.0,11,465.182987
1.0,6,465.207309
1.0,6,465.225437
-1.0,11,465.262875
1.0,4,465.280376
1.0,6,465.316936
1.0,5,465.357709
1.0,4,465.376313
1.0,4,465.392789
1.0,4,465.405037
1.0,5,465.422333
1.0,11,465.456316
1.0,4,465.471842
1.0,4,465.484519
1.0,4,465.497077
1.0,5,465.5119
1.0,7,465.56096
1.0,4,465.584674
1.0,4,465.598702
1.0,5,465.616136
1.0,5,465.635103
0.0,13,465.672502
1.0,5,465.689562
-1.0,8,465.717206
-1.0,8,465.764833
1.0,10,465.800448
1.0,4,465.826528
1.0,4,465.859073
1.0,4,465.894937
-1.0,10,465.966781
1.0,4,465.984301
1.0,4,465.995587
1.0,4,466.014893
1.0,11,466.079805
1.0,5,466.128174
1.0,4,466.164104
1.0,6,466.217171
1.0,6,466.273168
1.0,5,466.31325
-1.0,8,466.383083
1.0,4,466.410679
1.0,7,466.439262
1.0,8,466.46597
1.0,4,466.492845
1.0,7,466.548363
0.0,9,466.621251
1.0,4,466.655445
1.0,9,466.72853
1.0,4,466.747975
1.0,4,466.761179
1.0,7,466.785046
1.0,4,466.796462
1.0,5,466.815036
1.0,5,466.849125
1.0,4,466.883444
1.0,4,466.899267
-1.0,9,466.935128
1.0,5,466.969034
-1.0,8,467.023802
1.0,8,467.051792
-1.0,10,467.086799
1.0,9,467.116122
1.0,9,467.15291
1.0,4,467.180815
1.0,5,467.221826
1.0,6,467.240301
-1.0,7,467.265974
1.0,5,467.281194
1.0,4,467.295897
1.0,13,467.378472
1.0,4,467.411287
1.0,4,467.439551
1.0,4,467.467029
1.0,5,467.49684
1.0,5,467.516636
1.0,7,467.572896
1.0,4,467.600628
1.0,5,467.635555
1.0,7,467.692453
-1.0,11,467.736374
1.0,10,467.770575
1.0,4,467.783273
1.0,4,467.79613
-1.0,9,467.825562
1.0,4,467.843074
-1.0,7,467.869103
1.0,7,467.892216
1.0,4,467.906515
-1.0,9,467.938864
-1.0,8,467.965417
1.0,5,467.980049
1.0,16,468.028324
1.0,7,468.060108
1.0,5,468.079434
1.0,5,468.095542
1.0,6,468.113469
1.0,8,468.145198
-1.0,5,468.163116
1.0,8,468.186031
1.0,5,468.208325
1.0,6,468.229369
1.0,7,468.25416
1.0,9,468.283211
-1.0,5,468.299705
1.0,4,468.318525
1.0,9,468.352841
-1.0,5,468.370498
1.0,5,468.38526
1.0,5,468.406745
1.0,8,468.431292
1.0,4,468.44445
1.0,4,468.460616
1.0,4,468.475819
1.0,4,468.488097
-1.0,9,468.517581
1.0,4,468.52984
1.0,8,468.556218
1.0,4,468.570047
1.0,4,468.582628
1.0,4,468.598586
1.0,11,468.637605
-1.0,11,468.675809
1.0,10,468.70912
1.0,6,468.728917
1.0,4,468.744483
1.0,5,468.759929
1.0,5,468.776656
1.0,4,468.792705
1.0,5,468.809908
1.0,11,468.849798
1.0,8,468.877117
1.0,5,468.89172
1.0,4,468.908848
1.0,5,468.924075
1.0,4,468.941143
1.0,4,468.954455
1.0,10,469.020452
1.0,4,469.042082
1.0,5,469.065013
1.0,7,469.120636
1.0,4,469.155711
1.0,6,469.180019
1.0,10,469.21725
1.0,4,469.228395
1.0,4,469.244841
1.0,5,469.259747
1.0,9,469.290857
1.0,4,469.303711
1.0,4,469.320921
1.0,9,469.372211
1.0,8,469.422676
1.0,5,469.441102
1.0,7,469.466618
1.0,11,469.501614
1.0,4,469.514225
-42.0,57,469.605638
1.0,4,469.61972
1.0,5,469.637334
1.0,4,469.650166
1.0,4,469.661993
1.0,5,469.685046
-137.0,154,469.919941
1.0,5,469.935799
1.0,5,469.963567
1.0,4,469.981456
-1.0,8,470.022714
-1.0,10,470.07193
1.0,9,470.105375
1.0,4,470.124325
-1.0,9,470.181945
1.0,8,470.226142
1.0,5,470.248833
1.0,4,470.275348
-1.0,6,470.296722
1.0,5,470.314118
1.0,7,470.338057
1.0,8,470.391454
1.0,4,470.421582
1.0,5,470.443408
1.0,5,470.458397
1.0,10,470.550709
-79.0,97,470.678119
1.0,4,470.691319
1.0,18,470.747077
1.0,4,470.764841
1.0,4,470.778068
1.0,5,470.796091
-1.0,7,470.819106
-97.0,109,471.005917
1.0,7,471.028141
1.0,5,471.050664
1.0,4,471.06677
1.0,4,471.084396
-1.0,11,471.125687
1.0,12,471.163646
-1.0,7,471.205531
1.0,6,471.258246
1.0,6,471.283198
1.0,4,471.293388
1.0,4,471.307013
1.0,5,471.324804
1.0,5,471.356033
1.0,9,471.431008
1.0,5,471.47188
1.0,4,471.492048
1.0,4,471.50547
1.0,4,471.518305
1.0,4,471.532574
1.0,4,471.553818
1.0,5,471.573512
1.0,14,471.620043
1.0,4,471.635049
-1.0,7,471.666517
1.0,4,471.678909
1.0,4,471.693648
1.0,7,471.715732
1.0,6,471.739404
1.0,8,471.766157
1.0,4,471.778565
1.0,5,471.811503
1.0,9,471.859145
1.0,4,471.887228
1.0,8,471.947579
1.0,5,471.968648
1.0,5,471.99378
1.0,4,472.008596
1.0,4,472.020958
1.0,5,472.035563
1.0,4,472.05723
1.0,11,472.091937
1.0,4,472.106753
1.0,10,472.138976
1.0,5,472.183304
1.0,13,472.257099
1.0,11,472.29648
1.0,4,472.309267
1.0,8,472.339466
-2.0,14,472.385148
-1.0,7,472.411653
1.0,5,472.429057
1.0,12,472.46986
1.0,4,472.485771
1.0,8,472.512663
1.0,4,472.525393
1.0,4,472.542507
-1.0,14,472.588075
1.0,6,472.608549
1.0,6,472.628891
1.0,4,472.647841
-1.0,7,472.667643
1.0,7,472.693661
1.0,4,472.708107
1.0,4,472.723851
1.0,12,472.766303
1.0,13,472.808972
1.0,6,472.828996
1.0,7,472.860131
1.0,4,472.872321
-1.0,10,472.904395
1.0,10,472.937111
1.0,4,472.951154
1.0,9,472.986977
1.0,5,473.00841
-1.0,8,473.040801
1.0,5,473.062441
-1.0,10,473.094336
1.0,6,473.115556
1.0,4,473.128679
1.0,5,473.152551
1.0,4,473.169181
1.0,4,473.182523
1.0,5,473.200639
1.0,4,473.22035
1.0,4,473.235443
-1.0,10,473.27517
1.0,5,473.30906
1.0,5,473.344392
1.0,5,473.363865
-1.0,9,473.395838
1.0,4,473.410504
1.0,4,473.441564
1.0,4,473.46846
1.0,5,473.496401
1.0,4,473.508826
1.0,6,473.535608
-1.0,10,473.572846
1.0,5,473.598125
-1.0,15,473.675407
1.0,4,473.715487
1.0,5,473.766764
1.0,4,473.789147
-1.0,4,473.806394
1.0,4,473.820839
1.0,4,473.833177
1.0,9,473.860948
1.0,12,473.90295
1.0,5,473.921752
1.0,4,473.934
1.0,12,473.971014
1.0,7,473.994575
1.0,4,474.014104
1.0,7,474.035619
1.0,4,474.050099
1.0,4,474.062965
-1.0,8,474.091709
1.0,4,474.106764
1.0,4,474.119282
1.0,4,474.131814
1.0,6,474.15574
1.0,6,474.175381
1.0,7,474.199058
-1.0,12,474.234943
-1.0,10,474.272456
1.0,4,474.296801
-1.0,10,474.359798
1.0,7,474.382565
-1.0,9,474.43807
1.0,7,474.468137
1.0,4,474.484566
1.0,7,474.510939
1.0,4,474.528249
1.0,5,474.543467
1.0,7,474.567943
1.0,4,474.579551
1.0,4,474.595628
1.0,13,474.630899
1.0,13,474.674845
1.0,5,474.693166
1.0,7,474.725449
1.0,4,474.744722
1.0,8,474.775747
1.0,5,474.790966
1.0,4,474.808218
-1.0,9,474.836283
1.0,4,474.848941
1.0,5,474.863408
1.0,5,474.8881
1.0,4,474.900239
-1.0,9,474.930021
1.0,5,474.945709
-1.0,8,474.981008
1.0,9,475.012369
1.0,4,475.025237
-1.0,9,475.060453
1.0,6,475.085187
1.0,5,475.102588
1.0,4,475.114017
1.0,4,475.124927
1.0,9,475.177777
1.0,10,475.205202
1.0,9,475.231358
1.0,7,475.253631
1.0,4,475.270198
1.0,5,475.285369
-1.0,10,475.318789
1.0,7,475.342486
1.0,5,475.364576
1.0,8,475.388987
1.0,10,475.422201
1.0,4,475.434434
-67.0,87,475.565975
1.0,4,475.577954
1.0,5,475.591276
1.0,4,475.607285
1.0,4,475.625256
1.0,9,475.658
1.0,12,475.702446
1.0,8,475.727807
1.0,7,475.750566
1.0,10,475.785609
1.0,4,475.799873
1.0,5,475.814478
1.0,5,475.835429
-1.0,6,475.856525
1.0,4,475.86869
1.0,5,475.885346
1.0,5,475.902764
1.0,4,475.915718
1.0,4,475.928261
1.0,4,475.944934
-1.0,10,475.984435
-22.0,38,476.054454
1.0,4,476.066412
0.0,11,476.101345
1.0,9,476.133507
1.0,15,476.179865
1.0,9,476.206298
1.0,5,476.2237
1.0,5,476.245277
1.0,6,476.268368
1.0,8,476.295854
1.0,5,476.313634
1.0,5,476.33293
1.0,4,476.349307
-1.0,7,476.373969
1.0,8,476.401787
1.0,8,476.432302
1.0,7,476.460417
1.0,9,476.510786
1.0,5,476.541018
-1.0,10,476.583984
1.0,5,476.602597
1.0,9,476.630153
1.0,4,476.643218
-1.0,9,476.676073
1.0,5,476.69193
1.0,5,476.710871
-1.0,9,476.742303
1.0,4,476.759257
1.0,5,476.77475
1.0,9,476.803169
1.0,5,476.8211
1.0,5,476.839409
1.0,7,476.863062
1.0,5,476.879661
-1.0,8,476.910214
-1.0,7,476.937854
1.0,9,476.97209
1.0,6,476.991621
1.0,5,477.014753
1.0,9,477.084896
1.0,9,477.117632
1.0,5,477.13335
1.0,5,477.151265
1.0,5,477.169326
-1.0,7,477.194015
1.0,6,477.217804
1.0,6,477.235311
1.0,7,477.257645
1.0,7,477.278056
1.0,8,477.306617
1.0,6,477.329005
1.0,6,477.353329
1.0,10,477.390753
1.0,6,477.407763
1.0,10,477.441703
-1.0,10,477.480448
1.0,4,477.493072
1.0,5,477.509272
1.0,9,477.54185
-1.0,11,477.583443
1.0,4,477.594951
1.0,4,477.607123
1.0,4,477.621083
1.0,4,477.63808
1.0,4,477.651354
1.0,4,477.663563
1.0,4,477.675573
-1.0,7,477.701266
1.0,5,477.716335
1.0,4,477.729775
1.0,4,477.744277
-1.0,9,477.780947
1.0,4,477.794438
1.0,5,477.81013
1.0,4,477.83404
1.0,8,477.874025
1.0,6,477.91664
1.0,4,477.950336
-1.0,9,478.035062
1.0,4,478.063156
1.0,8,478.118246
1.0,5,478.13607
1.0,5,478.170631
1.0,7,478.240628
1.0,5,478.278283
1.0,7,478.314488
1.0,10,478.343667
-1.0,8,478.382986
1.0,8,478.409281
1.0,7,478.432281
1.0,5,478.451727
1.0,6,478.475499
1.0,5,478.488287
1.0,8,478.513321
1.0,4,478.52467
1.0,4,478.539112
1.0,4,478.552233
1.0,7,478.575007
1.0,4,478.587044
1.0,6,478.606182
1.0,4,478.61965
1.0,12,478.663585
1.0,5,478.692726
1.0,8,478.750579
1.0,8,478.790076
1.0,7,478.840204
1.0,4,478.86229
1.0,4,478.876446
1.0,11,478.909294
1.0,8,478.935343
1.0,4,478.948128
-1.0,10,478.986241
1.0,5,479.001637
1.0,7,479.026459
1.0,7,479.044951
1.0,8,479.073469
1.0,5,479.094451
1.0,6,479.113415
1.0,4,479.125746
1.0,4,479.141955
1.0,4,479.153613
1.0,16,479.205893
1.0,9,479.230587
1.0,5,479.253524
1.0,5,479.268604
-1.0,14,479.314051
1.0,5,479.333092
1.0,10,479.366309
-1.0,7,479.388826
1.0,4,479.401637
1.0,5,479.416764
1.0,8,479.448583
1.0,4,479.460093
1.0,4,479.476563
1.0,6,479.498409
1.0,4,479.516708
1.0,5,479.532711
1.0,4,479.546273
1.0,11,479.58052
1.0,4,479.594168
1.0,5,479.612569
1.0,5,479.638968
1.0,4,479.659436
1.0,4,479.677297
1.0,5,479.692785
1.0,8,479.717085
1.0,4,479.729607
1.0,5,479.749122
1.0,4,479.761388
1.0,6,479.778587
1.0,4,479.791964
1.0,4,479.806646
1.0,6,479.829117
1.0,5,479.84477
1.0,4,479.857202
-1.0,10,479.893425
1.0,4,479.906337
1.0,5,479.92511
-1.0,8,479.974349
1.0,5,480.00687
-2.0,11,480.045698
1.0,4,480.062553
1.0,6,480.078804
1.0,4,480.094433
1.0,5,480.110386
1.0,4,480.12424
1.0,5,480.141486
1.0,4,480.155532
1.0,5,480.170213
1.0,5,480.188171
1.0,4,480.200908
1.0,4,480.217147
1.0,4,480.230617
1.0,4,480.246588
1.0,4,480.259348
1.0,5,480.278568
1.0,7,480.302202
-98.0,109,480.427866
1.0,4,480.437363
1.0,4,480.458393
1.0,7,480.480418
1.0,6,480.500848
0.0,10,480.529615
1.0,6,480.573498
1.0,4,480.600313
1.0,4,480.620255
1.0,10,480.65498
1.0,11,480.695516
1.0,5,480.711147
1.0,4,480.723965
1.0,13,480.76387
-2.0,18,480.81425
1.0,4,480.827179
1.0,4,480.841815
-1.0,11,480.910255
1.0,10,480.953568
1.0,4,480.966178
1.0,4,480.979441
1.0,4,480.990745
1.0,8,481.035442
1.0,4,481.062683
1.0,4,481.09622
1.0,6,481.141665
1.0,4,481.16019
1.0,4,481.172901
1.0,6,481.190548
1.0,4,481.202933
1.0,5,481.22138
1.0,4,481.234206
1.0,9,481.267999
1.0,4,481.282
1.0,8,481.312395
1.0,6,481.331333
1.0,8,481.366689
1.0,7,481.400914
1.0,6,481.42251
1.0,7,481.447907
1.0,4,481.461981
1.0,4,481.476259
-1.0,12,481.537456
-1.0,10,481.588867
1.0,10,481.646157
-1.0,7,481.684057
-1.0,4,481.69996
1.0,4,481.727379
1.0,4,481.74781
1.0,5,481.764506
1.0,7,481.793736
-1.0,12,481.830531
1.0,7,481.85342
1.0,4,481.871276
1.0,5,481.895572
1.0,4,481.908576
1.0,8,481.934704
1.0,5,481.948986
-39.0,46,482.031461
1.0,4,482.049383
1.0,9,482.099395
1.0,4,482.116087
1.0,9,482.15689
1.0,11,482.197241
1.0,6,482.216175
1.0,4,482.228517
1.0,14,482.278416
1.0,9,482.306782
-1.0,9,482.334892
1.0,7,482.358898
1.0,5,482.378044
-1.0,8,482.403456
1.0,5,482.422539
1.0,5,482.440535
1.0,4,482.457392
1.0,10,482.485848
1.0,9,482.523023
1.0,4,482.537761
1.0,5,482.567059
1.0,5,482.586586
1.0,4,482.599782
1.0,4,482.613829
-1.0,9,482.65048
1.0,10,482.720337
1.0,4,482.749846
1.0,4,482.784253
1.0,8,482.831634
1.0,6,482.84953
1.0,4,482.862045
1.0,4,482.874576
1.0,4,482.893564
1.0,5,482.911785
1.0,8,482.941196
1.0,5,482.959886
-1.0,10,482.995861
1.0,4,483.008594
1.0,9,483.045968
1.0,5,483.063106
-53.0,63,483.152478
1.0,4,483.164639
-1.0,10,483.224324
-1.0,8,483.261669
-1.0,12,483.305116
-1.0,8,483.331398
1.0,4,483.344131
1.0,9,483.374674
1.0,4,483.390922
1.0,5,483.411076
1.0,4,483.423731
1.0,8,483.453318
-1.0,7,483.483899
1.0,4,483.496876
1.0,4,483.512935
1.0,7,483.549145
1.0,4,483.573279
1.0,4,483.591147
1.0,5,483.618413
-1.0,4,483.641137
1.0,6,483.691847
1.0,8,483.726412
1.0,8,483.749121
1.0,13,483.790506
1.0,5,483.813497
1.0,4,483.827177
1.0,5,483.845048
1.0,4,483.86123
1.0,4,483.877075
1.0,4,483.892167
-19.0,36,483.958886
1.0,4,483.970807
1.0,4,483.988834
1.0,8,484.013428
1.0,5,484.027654
-1.0,9,484.058132
1.0,10,484.095926
1.0,4,484.1092
-1.0,8,484.16268
-1.0,7,484.195199
1.0,4,484.215654
1.0,5,484.230811
1.0,4,484.243538
1.0,8,484.268156
1.0,4,484.281874
-1.0,5,484.319818
-1.0,9,484.397661
1.0,5,484.440874
-1.0,8,484.494025
1.0,5,484.520643
1.0,5,484.535135
1.0,10,484.571827
1.0,8,484.602792
1.0,6,484.656368
1.0,4,484.685377
-1.0,7,484.716871
1.0,4,484.740684
1.0,4,484.758272
1.0,7,484.780507
-1.0,9,484.812045
1.0,4,484.832563
1.0,14,484.884182
-1.0,10,484.928823
-1.0,10,484.966578
-1.0,7,484.997858
1.0,5,485.025657
1.0,4,485.044871
1.0,8,485.07548
1.0,10,485.140632
1.0,6,485.165699
1.0,5,485.18726
1.0,4,485.206893
1.0,5,485.247583
1.0,7,485.293706
1.0,5,485.32101
1.0,4,485.338858
-1.0,9,485.375112
1.0,10,485.417068
1.0,4,485.429819
1.0,4,485.446208
1.0,15,485.50777
1.0,4,485.525402
1.0,4,485.538351
1.0,4,485.557079
1.0,5,485.57833
1.0,4,485.598039
1.0,7,485.648195
1.0,4,485.667407
1.0,4,485.69061
1.0,4,485.706717
1.0,4,485.718966
1.0,5,485.734634
1.0,4,485.751691
1.0,4,485.763867
-1.0,4,485.777532
1.0,4,485.791104
1.0,5,485.810984
1.0,4,485.82907
1.0,9,485.858277
1.0,7,485.880889
1.0,4,485.895815
1.0,9,485.924339
1.0,12,485.972562
-69.0,85,486.080679
1.0,5,486.097239
1.0,5,486.116248
1.0,5,486.131688
1.0,9,486.156955
1.0,13,486.200871
1.0,8,486.243552
1.0,5,486.285176
1.0,4,486.308351
1.0,4,486.327462
1.0,4,486.340438
-1.0,4,486.384595
1.0,8,486.421494
1.0,4,486.437214
1.0,4,486.449965
1.0,4,486.462763
1.0,4,486.487608
1.0,9,486.540721
1.0,4,486.553425
1.0,6,486.573542
1.0,4,486.588964
1.0,7,486.621932
1.0,5,486.640548
-1.0,11,486.689838
1.0,5,486.705023
-1.0,11,486.751053
1.0,7,486.781737
1.0,5,486.803163
1.0,4,486.815281
1.0,4,486.833002
1.0,4,486.858799
1.0,4,486.890503
1.0,10,486.973656
1.0,4,486.997551
1.0,4,487.010679
1.0,5,487.029769
1.0,14,487.069325
1.0,4,487.091983
1.0,4,487.108771
1.0,5,487.127366
1.0,12,487.170806
-1.0,8,487.202034
-1.0,11,487.239235
-1.0,10,487.275676
1.0,4,487.288325
1.0,7,487.317826
1.0,9,487.345948
1.0,8,487.372102
1.0,4,487.38658
1.0,6,487.413914
1.0,6,487.437406
1.0,4,487.452097
1.0,5,487.473332
1.0,7,487.504539
-1.0,9,487.544457
1.0,9,487.577845
-1.0,7,487.602759
1.0,5,487.620464
1.0,4,487.634039
1.0,10,487.664683
-1.0,6,487.686213
-1.0,8,487.742536
1.0,4,487.767714
-1.0,5,487.8144
1.0,5,487.854524
1.0,4,487.891709
1.0,4,487.927883
1.0,4,487.95398
1.0,4,487.968664
1.0,4,487.986796
1.0,4,487.998818
1.0,4,488.010617
1.0,9,488.038237
1.0,4,488.052212
1.0,4,488.066169
1.0,4,488.078045
1.0,4,488.090618
1.0,4,488.105984
1.0,4,488.118789
1.0,4,488.13311
1.0,8,488.161783
1.0,4,488.17963
1.0,4,488.192096
1.0,4,488.204921
1.0,9,488.231128
0.0,10,488.26435
1.0,10,488.298532
1.0,4,488.310875
1.0,5,488.32905
1.0,4,488.346054
1.0,4,488.358692
1.0,6,488.381916
1.0,4,488.397355
-1.0,11,488.472787
1.0,5,488.505375
1.0,7,488.562839
1.0,5,488.602834
1.0,10,488.673018
1.0,4,488.686138
1.0,4,488.702823
1.0,6,488.72459
1.0,4,488.748222
1.0,4,488.77123
-1.0,12,488.827168
1.0,5,488.842936
1.0,4,488.859233
-1.0,9,488.936165
1.0,6,488.981089
1.0,5,489.01529
1.0,5,489.041338
1.0,5,489.056925
1.0,6,489.07478
-1.0,9,489.105858
1.0,6,489.125876
-1.0,9,489.16604
1.0,9,489.242236
-1.0,9,489.299229
1.0,9,489.364009
1.0,6,489.41573
1.0,8,489.4852
1.0,11,489.530746
-1.0,11,489.570014
1.0,9,489.635532
1.0,6,489.659361
1.0,7,489.683435
1.0,4,489.698213
1.0,4,489.712346
-1.0,11,489.74535
1.0,6,489.765831
1.0,12,489.805555
1.0,5,489.82139
-1.0,11,489.864559
1.0,4,489.877421
1.0,4,489.895573
1.0,5,489.915438
1.0,7,489.93951
1.0,4,489.955725
1.0,4,489.972282
1.0,4,489.985216
1.0,5,490.000539
1.0,4,490.016913
1.0,4,490.033614
1.0,6,490.053814
1.0,8,490.107145
1.0,8,490.159734
1.0,4,490.176233
1.0,8,490.20688
1.0,10,490.237147
-1.0,10,490.271904
1.0,5,490.289258
1.0,5,490.305211
1.0,13,490.344509
1.0,5,490.361922
1.0,13,490.409052
1.0,17,490.457585
1.0,5,490.47399
-1.0,7,490.499606
1.0,9,490.544796
1.0,7,490.569508
1.0,7,490.592771
1.0,4,490.60342
1.0,5,490.641007
1.0,5,490.681315
1.0,4,490.711365
1.0,6,490.760315
1.0,4,490.784444
1.0,5,490.819073
1.0,11,490.884697
-1.0,9,490.913378
1.0,8,490.953844
1.0,5,490.991406
-1.0,9,491.06734
1.0,4,491.083914
1.0,4,491.103099
-1.0,11,491.14441
1.0,8,491.173992
1.0,4,491.188078
1.0,4,491.203738
1.0,4,491.21582
1.0,4,491.229417
1.0,4,491.241154
1.0,11,491.287765
-1.0,9,491.318553
1.0,11,491.354861
1.0,5,491.372818
1.0,8,491.411591
1.0,4,491.431705
1.0,4,491.448089
1.0,9,491.482488
1.0,4,491.502002
1.0,5,491.520487
1.0,10,491.556086
1.0,10,491.589828
-1.0,4,491.609156
1.0,5,491.624329
-1.0,7,491.655706
1.0,5,491.674119
1.0,5,491.693179
1.0,5,491.714139
1.0,14,491.773478
1.0,11,491.818543
1.0,5,491.838435
1.0,4,491.852052
-1.0,11,491.889353
-1.0,11,491.929628
1.0,4,491.948928
1.0,5,491.96525
1.0,5,491.980721
1.0,4,491.990874
1.0,5,492.008011
1.0,6,492.030847
1.0,15,492.076316
1.0,4,492.088837
1.0,4,492.106923
1.0,4,492.11926
-1.0,8,492.146548
1.0,7,492.169177
1.0,5,492.190928
1.0,4,492.202139
1.0,5,492.218772
1.0,4,492.234697
1.0,7,492.2613
1.0,7,492.281188
1.0,4,492.295238
1.0,4,492.30748
1.0,10,492.350037
1.0,5,492.364645
1.0,5,492.379583
1.0,4,492.39169
1.0,4,492.410458
1.0,5,492.429275
1.0,7,492.448617
1.0,14,492.492454
1.0,11,492.569755
1.0,4,492.586327
1.0,4,492.599823
1.0,6,492.616619
1.0,7,492.641799
1.0,11,492.680942
1.0,4,492.694197
1.0,4,492.706565
1.0,4,492.72151
1.0,5,492.738744
1.0,4,492.753154
1.0,5,492.771939
1.0,4,492.786574
1.0,5,492.80499
1.0,4,492.817764
1.0,4,492.840485
1.0,7,492.903407
1.0,4,492.9162
1.0,4,492.929499
1.0,4,492.941709
1.0,4,492.95697
1.0,4,492.969364
1.0,4,492.983933
1.0,9,493.013334
1.0,4,493.02879
1.0,4,493.040559
1.0,4,493.054261
1.0,4,493.065821
1.0,8,493.125176
1.0,5,493.155694
1.0,4,493.169302
1.0,8,493.200578
1.0,4,493.238392
1.0,5,493.26448
1.0,7,493.29088
1.0,6,493.309134
1.0,4,493.330096
-1.0,12,493.400593
1.0,6,493.42113
1.0,8,493.448834
-1.0,7,493.476053
1.0,4,493.488629
1.0,4,493.501316
1.0,8,493.523907
1.0,4,493.542454
-1.0,10,493.579579
1.0,4,493.593891
1.0,11,493.62893
1.0,5,493.651659
-1.0,8,493.692792
1.0,10,493.727508
1.0,4,493.737936
1.0,9,493.789841
1.0,4,493.805104
1.0,4,493.822448
1.0,9,493.850965
1.0,4,493.866001
1.0,4,493.879681
1.0,4,493.89241
1.0,5,493.907457
1.0,5,493.928269
1.0,4,493.940182
-1.0,8,493.970732
1.0,9,494.002741
-1.0,8,494.032622
1.0,4,494.045224
1.0,12,494.088557
1.0,4,494.118934
1.0,4,494.159183
1.0,5,494.201707
1.0,4,494.224763
1.0,13,494.269324
1.0,4,494.287422
1.0,4,494.301812
1.0,4,494.320204
1.0,4,494.334442
1.0,4,494.350814
1.0,4,494.365005
1.0,4,494.379261
1.0,4,494.405995
1.0,4,494.427409
1.0,4,494.441093
1.0,4,494.456836
1.0,11,494.49787
1.0,5,494.517666
-1.0,8,494.544047
1.0,5,494.559406
1.0,4,494.57377
1.0,9,494.604391
1.0,4,494.616733
-1.0,8,494.6446
1.0,7,494.665771
1.0,5,494.685421
1.0,4,494.699575
1.0,4,494.712499
1.0,5,494.734063
1.0,7,494.763122
1.0,6,494.782291
1.0,9,494.809512
1.0,5,494.826392
1.0,8,494.859394
1.0,4,494.885133
1.0,11,494.955135
1.0,4,494.971058
1.0,6,494.996622
-1.0,10,495.027267
1.0,4,495.039347
1.0,9,495.070382
1.0,4,495.098346
1.0,5,495.138968
1.0,4,495.163762
1.0,4,495.18884
1.0,4,495.226477
1.0,10,495.29094
1.0,4,495.30757
1.0,4,495.320493
-1.0,6,495.346452
1.0,4,495.357539
1.0,4,495.370233
1.0,10,495.400821
1.0,5,495.421484
1.0,5,495.435827
1.0,4,495.448413
1.0,5,495.464747
1.0,12,495.506089
1.0,4,495.519022
1.0,5,495.534548
1.0,7,495.558174
-1.0,12,495.60252
1.0,5,495.618682
-1.0,10,495.652206
-1.0,7,495.676875
1.0,4,495.695843
1.0,5,495.721414
1.0,6,495.743299
1.0,8,495.768789
1.0,4,495.791333
1.0,4,495.804419
1.0,5,495.834399
1.0,4,495.865893
1.0,4,495.886268
1.0,4,495.90066
1.0,4,495.91356
1.0,4,495.926552
1.0,17,495.980814
1.0,9,496.00956
1.0,5,496.023826
-1.0,10,496.059914
1.0,4,496.078972
1.0,4,496.093356
1.0,4,496.105457
1.0,5,496.120432
1.0,5,496.138393
1.0,5,496.159971
1.0,5,496.175591
1.0,8,496.200927
1.0,5,496.21762
1.0,10,496.288836
-1.0,8,496.357525
1.0,6,496.383734
1.0,4,496.401794
1.0,15,496.44664
1.0,7,496.468896
1.0,4,496.484223
1.0,10,496.52316
1.0,4,496.543664
1.0,7,496.593558
1.0,10,496.681138
1.0,5,496.711672
1.0,9,496.740672
1.0,5,496.759295
1.0,5,496.775538
1.0,4,496.790037
1.0,5,496.809759
1.0,4,496.818909
1.0,9,496.849568
-1.0,9,496.88838
-1.0,8,496.915904
1.0,4,496.928467
1.0,6,496.952334
1.0,4,496.973241
1.0,8,496.998696
-1.0,12,497.037479
1.0,6,497.057155
-1.0,8,497.088607
1.0,14,497.1741
1.0,14,497.226112
-1.0,9,497.256322
1.0,13,497.322545
1.0,6,497.336729
1.0,8,497.361969
1.0,4,497.374623
1.0,6,497.402388
-1.0,4,497.41565
1.0,5,497.443472
-1.0,8,497.492503
1.0,5,497.512214
-1.0,8,497.543691
-1.0,9,497.573261
-1.0,9,497.604378
-1.0,12,497.643365
1.0,4,497.655194
1.0,7,497.676354
1.0,4,497.688627
1.0,4,497.70777
1.0,5,497.726218
1.0,8,497.76497
1.0,5,497.799737
-1.0,13,497.848587
1.0,5,497.86409
1.0,4,497.876696
1.0,5,497.896353
-1.0,11,497.941898
1.0,4,497.954156
1.0,5,497.972466
1.0,8,497.9956
1.0,5,498.018333
1.0,4,498.030714
1.0,6,498.052567
1.0,5,498.070275
1.0,4,498.087007
1.0,4,498.100304
1.0,5,498.141773
1.0,5,498.177684
1.0,15,498.231819
1.0,12,498.270983
1.0,5,498.285555
1.0,4,498.298751
1.0,4,498.315632
1.0,10,498.351466
-1.0,10,498.383489
1.0,4,498.396807
1.0,5,498.416439
-1.0,9,498.448628
1.0,12,498.487934
1.0,9,498.554895
-1.0,9,498.624167
1.0,6,498.64958
1.0,4,498.664023
1.0,4,498.677788
1.0,4,498.692032
1.0,5,498.706912
1.0,5,498.722428
1.0,5,498.736193
1.0,7,498.765692
1.0,5,498.784649
-1.0,5,498.80611
1.0,4,498.820039
1.0,4,498.841239
-1.0,6,498.860679
1.0,5,498.876465
1.0,10,498.910839
1.0,5,498.931629
1.0,4,498.944321
1.0,5,498.95951
1.0,5,498.97578
1.0,4,498.993019
1.0,5,499.00789
1.0,6,499.025934
1.0,4,499.038325
1.0,8,499.069312
1.0,6,499.089662
1.0,4,499.101942
1.0,5,499.116686
1.0,6,499.169139
-1.0,9,499.245374
1.0,6,499.284327
-1.0,8,499.338896
1.0,4,499.377175
1.0,6,499.414865
-1.0,8,499.443741
1.0,8,499.473853
1.0,4,499.491461
1.0,6,499.512975
1.0,10,499.546587
1.0,4,499.559433
1.0,4,499.577671
-1.0,10,499.612083
1.0,15,499.661593
-1.0,8,499.693132
-1.0,9,499.725497
1.0,7,499.755879
1.0,4,499.768661
-1.0,10,499.806436
1.0,4,499.823019
1.0,13,499.862621
1.0,6,499.88174
1.0,8,499.911273
1.0,4,499.928443
1.0,10,499.958888
1.0,9,499.986485
-1.0,10,500.022258
1.0,4,500.041716
1.0,4,500.055147
1.0,4,500.070195
1.0,4,500.082795
1.0,4,500.097651
1.0,5,500.114325
1.0,12,500.153501
1.0,4,500.178316
1.0,4,500.195386
1.0,7,500.217566
1.0,5,500.232913
1.0,5,500.245958
-1.0,9,500.281497
1.0,8,500.306571
1.0,5,500.324531
1.0,6,500.354104
1.0,4,500.390808
-1.0,7,500.43951
-1.0,8,500.467416
1.0,9,500.496787
1.0,4,500.512949
1.0,5,500.528509
1.0,9,500.558627
1.0,5,500.574309
1.0,10,500.61139
1.0,5,500.628989
1.0,4,500.64221
1.0,5,500.657498
1.0,6,500.678576
1.0,8,500.704908
1.0,6,500.748024
1.0,4,500.771563
1.0,4,500.789012
-1.0,8,500.830316
1.0,5,500.867527
-1.0,11,500.914809
1.0,5,500.932901
-1.0,7,500.959474
1.0,5,500.974284
1.0,4,500.986544
1.0,7,501.015429
-33.0,52,501.167338
1.0,4,501.189914
-1.0,10,501.223931
1.0,5,501.245997
1.0,4,501.259598
1.0,4,501.27279
1.0,5,501.291867
1.0,4,501.337439
1.0,5,501.37367
1.0,4,501.390189
1.0,4,501.402775
0.0,10,501.433009
1.0,4,501.44678
1.0,10,501.477025
-1.0,12,501.518433
1.0,5,501.533457
1.0,4,501.544759
1.0,4,501.555608
1.0,5,501.576399
1.0,12,501.65023
-1.0,9,501.722469
1.0,5,501.760814
1.0,4,501.795083
1.0,4,501.831592
1.0,7,501.867213
1.0,4,501.879854
1.0,9,501.909376
-22.0,34,501.978555
-1.0,7,502.000657
1.0,10,502.039526
1.0,5,502.056611
-1.0,10,502.096792
1.0,8,502.122992
1.0,9,502.151514
1.0,5,502.172598
1.0,8,502.218791
1.0,5,502.237792
1.0,6,502.25789
1.0,5,502.27441
1.0,4,502.290833
1.0,5,502.307812
1.0,4,502.322224
-1.0,9,502.354151
1.0,5,502.370143
1.0,8,502.398384
1.0,5,502.416928
-1.0,11,502.454716
1.0,6,502.47708
1.0,7,502.50043
1.0,9,502.53244
1.0,7,502.563206
1.0,4,502.579535
1.0,4,502.592475
1.0,8,502.618836
1.0,4,502.632806
1.0,4,502.648629
-1.0,12,502.690298
1.0,4,502.703798
1.0,4,502.716556
1.0,4,502.730248
-1.0,12,502.771421
1.0,4,502.785915
-6.0,18,502.831359
1.0,4,502.847919
1.0,11,502.881477
1.0,5,502.90431
1.0,4,502.915555
-1.0,9,502.947824
1.0,7,502.972583
1.0,4,502.983954
1.0,5,502.999047
1.0,4,503.015353
1.0,9,503.043223
1.0,5,503.06268
1.0,10,503.094289
1.0,4,503.109935
1.0,5,503.124821
1.0,4,503.137032
1.0,4,503.153772
-1.0,6,503.179598
1.0,8,503.205907
1.0,5,503.221122
-1.0,8,503.247343
1.0,6,503.268934
1.0,5,503.287331
1.0,5,503.302259
1.0,6,503.321038
1.0,6,503.349161
1.0,5,503.365823
1.0,4,503.378295
1.0,4,503.391739
1.0,4,503.406786
1.0,13,503.447616
1.0,7,503.470476
-1.0,10,503.503226
1.0,5,503.522005
1.0,7,503.546566
1.0,4,503.56392
1.0,5,503.578989
1.0,4,503.596696
1.0,5,503.612306
-1.0,8,503.641354
1.0,5,503.656547
1.0,5,503.678572
1.0,5,503.693574
1.0,4,503.706814
1.0,5,503.721716
1.0,5,503.739371
-1.0,8,503.767517
1.0,11,503.801961
1.0,12,503.843268
-1.0,6,503.869769
1.0,7,503.890973
1.0,11,503.927108
1.0,4,503.94057
1.0,4,503.956382
1.0,11,503.992793
-1.0,5,504.01033
-1.0,6,504.031288
-153.0,169,504.237728
1.0,4,504.249686
1.0,4,504.261547
1.0,4,504.274679
1.0,4,504.290524
-1.0,8,504.31797
1.0,4,504.330313
1.0,5,504.347855
1.0,6,504.37464
1.0,4,504.411196
1.0,5,504.444211
-1.0,9,504.476117
1.0,4,504.490997
1.0,5,504.505657
1.0,5,504.521852
1.0,4,504.534016
1.0,4,504.551507
1.0,4,504.562828
1.0,4,504.576391
1.0,5,504.605761
1.0,11,504.692533
1.0,5,504.708901
-1.0,10,504.739463
1.0,5,504.759229
1.0,9,504.79214
1.0,6,504.811361
1.0,5,504.833973
1.0,5,504.852394
1.0,6,504.87655
1.0,8,504.903754
-1.0,9,504.937042
-2.0,11,504.967125
1.0,7,504.991561
1.0,4,505.004091
-1.0,5,505.022123
1.0,12,505.059695
1.0,7,505.086322
1.0,11,505.118948
1.0,6,505.138997
1.0,8,505.164406
1.0,7,505.193934
1.0,5,505.209447
1.0,4,505.221217
-1.0,8,505.251433
1.0,7,505.279209
1.0,4,505.293786
1.0,5,505.310251
-1.0,10,505.34236
1.0,7,505.372287
1.0,13,505.446241
-1.0,11,505.484993
1.0,4,505.496373
1.0,6,505.517704
1.0,4,505.53321
1.0,4,505.545657
1.0,4,505.559865
1.0,4,505.57675
1.0,12,505.627382
1.0,5,505.642076
1.0,4,505.653399
1.0,5,505.674329
1.0,5,505.689199
1.0,4,505.69996
1.0,4,505.711079
1.0,5,505.727398
1.0,11,505.766775
1.0,4,505.779208
1.0,4,505.793746
1.0,9,505.825791
-3.0,15,505.867866
-1.0,10,505.904482
1.0,5,505.924094
1.0,5,505.940094
1.0,4,505.956733
1.0,12,505.994355
-1.0,7,506.018226
1.0,5,506.040354
1.0,4,506.05605
1.0,8,506.080464
1.0,4,506.09471
1.0,6,506.117361
1.0,4,506.130005
1.0,6,506.151698
1.0,6,506.171259
1.0,5,506.189014
-1.0,8,506.212766
1.0,4,506.225739
1.0,4,506.238752
1.0,8,506.268503
-1.0,9,506.300965
1.0,13,506.338528
1.0,8,506.363387
-1.0,11,506.444193
1.0,4,506.457966
1.0,4,506.47917
1.0,4,506.490721
1.0,4,506.506901
1.0,5,506.523626
1.0,6,506.544014
1.0,5,506.558073
1.0,6,506.584745
1.0,9,506.61615
1.0,8,506.638948
-1.0,11,506.674504
1.0,5,506.698523
1.0,10,506.72743
-1.0,8,506.758549
1.0,5,506.773404
1.0,7,506.799696
1.0,7,506.823983
-1.0,4,506.839673
1.0,4,506.855358
1.0,4,506.875864
1.0,11,506.91328
1.0,4,506.92594
-1.0,10,506.959693
1.0,12,506.999587
1.0,4,507.009552
1.0,8,507.035974
-9.0,18,507.075538
1.0,4,507.090411
1.0,10,507.119665
1.0,4,507.132973
1.0,9,507.162045
-1.0,7,507.192667
1.0,12,507.236593
-1.0,9,507.265946
1.0,4,507.278368
1.0,5,507.302382
1.0,4,507.333504
1.0,5,507.371413
1.0,13,507.471271
1.0,4,507.483227
1.0,4,507.495048
-1.0,6,507.516652
1.0,4,507.529
1.0,8,507.56179
1.0,4,507.574436
1.0,4,507.587416
1.0,11,507.623655
1.0,4,507.640465
1.0,4,507.653452
1.0,4,507.667875
1.0,8,507.692721
1.0,5,507.714632
1.0,6,507.732701
1.0,16,507.781011
1.0,4,507.796743
1.0,4,507.81261
1.0,5,507.828259
-1.0,6,507.851331
1.0,8,507.882792
-1.0,7,507.909755
1.0,4,507.922087
1.0,9,507.952364
-1.0,6,507.970162
1.0,8,508.003535
1.0,5,508.026454
1.0,5,508.042389
1.0,9,508.071747
1.0,6,508.099491
1.0,6,508.118069
1.0,9,508.147943
1.0,4,508.160611
-1.0,5,508.186671
-1.0,6,508.207027
1.0,4,508.220267
1.0,8,508.251616
1.0,6,508.27581
1.0,4,508.297967
1.0,4,508.322493
1.0,5,508.361614
1.0,7,508.409949
1.0,5,508.42681
1.0,4,508.438383
1.0,5,508.45287
1.0,5,508.471148
1.0,7,508.49388
1.0,5,508.509701
-1.0,9,508.54382
1.0,5,508.579345
1.0,4,508.60829
-1.0,10,508.647136
1.0,4,508.662482
1.0,10,508.696801
1.0,4,508.711262
1.0,8,508.739868
1.0,4,508.752295
-1.0,12,508.813503
1.0,10,508.881463
1.0,4,508.9159
-1.0,8,508.973153
1.0,7,509.011854
1.0,10,509.04756
-1.0,10,509.080393
1.0,4,509.098502
-1.0,10,509.141056
1.0,4,509.15351
1.0,9,509.181802
1.0,5,509.197878
1.0,4,509.216798
-1.0,5,509.232675
-1.0,4,509.246478
1.0,10,509.281659
-1.0,9,509.318834
1.0,5,509.336338
1.0,6,509.358713
1.0,5,509.373478
1.0,6,509.410239
1.0,4,509.438801
1.0,5,509.459054
1.0,8,509.486984
1.0,7,509.518189
1.0,5,509.53441
1.0,10,509.564701
1.0,5,509.587667
1.0,4,509.623492
1.0,5,509.657939
1.0,9,509.69435
1.0,4,509.709886
1.0,4,509.725734
1.0,5,509.741136
1.0,4,509.754066
1.0,10,509.788909
-1.0,7,509.816436
1.0,5,509.832973
1.0,4,509.846037
1.0,6,509.865747
1.0,4,509.883258
1.0,5,509.900452
1.0,12,509.93896
1.0,11,509.974371
1.0,6,509.996888
1.0,4,510.011397
1.0,4,510.024156
-1.0,10,510.058777
1.0,10,510.098787
1.0,4,510.110793
1.0,7,510.134148
1.0,4,510.149138
1.0,7,510.174386
-1.0,6,510.19651
-1.0,14,510.239619
-1.0,12,510.277369
1.0,11,510.359402
1.0,9,510.3947
1.0,6,510.414899
-1.0,4,510.428451
1.0,4,510.443932
1.0,10,510.476001
1.0,4,510.492743
1.0,5,510.510566
1.0,10,510.55466
1.0,10,510.601255
1.0,12,510.666434
-1.0,14,510.708702
1.0,7,510.735654
-1.0,9,510.766766
-1.0,7,510.792841
1.0,4,510.805787
-1.0,10,510.839447
1.0,8,510.865942
1.0,6,510.886734
1.0,6,510.905403
1.0,4,510.922939
-1.0,9,510.957596
1.0,4,510.969879
-1.0,12,511.010456
1.0,5,511.028717
1.0,4,511.044692
1.0,5,511.061031
1.0,12,511.108349
1.0,4,511.123669
1.0,8,511.149089
1.0,4,511.161456
1.0,5,511.183543
1.0,9,511.222663
1.0,4,511.238286
1.0,4,511.249739
1.0,7,511.269877
1.0,9,511.305387
1.0,5,511.320522
1.0,6,511.3395
1.0,5,511.357137
1.0,6,511.385267
1.0,4,511.404762
1.0,4,511.422464
1.0,8,511.449745
1.0,5,511.469447
-1.0,6,511.49186
1.0,4,511.522401
-1.0,9,511.589952
1.0,4,511.606094
1.0,4,511.619128
1.0,4,511.632444
1.0,5,511.648637
1.0,4,511.667449
1.0,5,511.685427
1.0,4,511.698462
1.0,4,511.711691
1.0,7,511.751668
1.0,4,511.785402
1.0,9,511.868636
1.0,4,511.892808
1.0,4,511.916698
1.0,4,511.933915
1.0,5,511.950465
1.0,4,511.964069
1.0,5,511.98399
1.0,9,512.02207
1.0,4,512.050127
-1.0,10,512.112017
1.0,4,512.128464
1.0,4,512.140085
1.0,5,512.157071
1.0,4,512.188303
-1.0,10,512.280358
1.0,5,512.299152
1.0,7,512.318802
1.0,4,512.330959
1.0,7,512.356167
1.0,10,512.388911
1.0,10,512.420969
1.0,7,512.444882
1.0,6,512.471266
1.0,8,512.497472
1.0,6,512.516099
1.0,4,512.529319
1.0,6,512.551013
1.0,4,512.56389
1.0,7,512.586555
1.0,6,512.60769
1.0,11,512.648935
1.0,6,512.664743
1.0,5,512.680147
1.0,4,512.692742
1.0,6,512.718235
-1.0,7,512.741871
-1.0,12,512.778712
1.0,6,512.805538
1.0,5,512.82995
1.0,4,512.845685
1.0,4,512.860392
-1.0,5,512.880421
1.0,5,512.901135
1.0,5,512.915493
1.0,10,512.954689
1.0,4,512.968659
1.0,7,512.995003
1.0,11,513.032325
1.0,4,513.050097
1.0,5,513.066981
1.0,6,513.094969
-1.0,5,513.111161
1.0,5,513.12708
1.0,7,513.150171
1.0,4,513.190169
1.0,12,513.249488
1.0,8,513.274212
1.0,9,513.302814
1.0,5,513.326776
1.0,7,513.348199
1.0,4,513.360844
1.0,5,513.377938
1.0,5,513.398963
1.0,6,513.416348
1.0,8,513.46767
1.0,4,513.493009
-1.0,9,513.534544
1.0,4,513.551158
1.0,6,513.569315
1.0,5,513.588448
1.0,9,513.626533
1.0,8,513.653142
1.0,9,513.687485
1.0,5,513.705746
1.0,6,513.732887
1.0,10,513.763261
1.0,5,513.779071
1.0,6,513.799483
1.0,8,513.830991
1.0,4,513.847375
1.0,4,513.861206
1.0,6,513.881572
1.0,4,513.897681
1.0,7,513.918423
1.0,7,513.947577
1.0,4,513.959439
1.0,5,513.981637
1.0,4,513.994143
1.0,4,514.00631
1.0,5,514.024488
1.0,13,514.075081
1.0,4,514.086398
1.0,4,514.101828
1.0,4,514.114059
1.0,6,514.155237
1.0,6,514.209524
1.0,7,514.264444
1.0,4,514.285558
1.0,5,514.31234
1.0,14,514.358211
1.0,4,514.375866
-1.0,7,514.4009
1.0,8,514.429922
-1.0,7,514.453597
1.0,7,514.474404
1.0,4,514.487235
1.0,6,514.513891
-1.0,16,514.569406
1.0,4,514.582683
1.0,7,514.609101
1.0,4,514.626415
-1.0,13,514.681471
-51.0,65,514.820621
1.0,7,514.844846
1.0,5,514.86214
1.0,4,514.875201
1.0,7,514.89873
1.0,9,514.931409
1.0,4,514.95209
1.0,4,514.966472
1.0,11,515.010658
1.0,4,515.026987
1.0,9,515.097943
1.0,8,515.131695
-1.0,10,515.216278
1.0,9,515.274507
-1.0,9,515.304487
1.0,5,515.316685
1.0,4,515.330571
-1.0,6,515.352967
1.0,5,515.369598
1.0,7,515.394272
-1.0,12,515.432995
1.0,4,515.444951
1.0,8,515.47866
1.0,5,515.49362
-1.0,7,515.51629
1.0,11,515.552347
1.0,5,515.570598
-1.0,11,515.609854
1.0,4,515.622515
1.0,5,515.644755
1.0,4,515.663217
1.0,4,515.675649
1.0,9,515.703321
1.0,6,515.727208
1.0,7,515.750959
1.0,4,515.764459
1.0,6,515.786239
1.0,7,515.811689
-1.0,6,515.836905
1.0,13,515.877343
1.0,5,515.895124
1.0,7,515.917964
1.0,5,515.93792
1.0,4,515.950564
1.0,4,515.962506
1.0,4,515.975908
1.0,4,515.990082
1.0,10,516.043738
-1.0,6,516.068697
1.0,4,516.080843
1.0,5,516.099204
1.0,10,516.133094
-2.0,9,516.1636
1.0,10,516.19527
-1.0,14,516.240615
1.0,4,516.252848
-1.0,12,516.316685
1.0,4,516.343435
1.0,6,516.370061
1.0,5,516.387371
-1.0,9,516.419028
1.0,8,516.445029
1.0,4,516.461738
1.0,4,516.475299
1.0,4,516.490173
1.0,10,516.530375
1.0,4,516.55117
-1.0,5,516.572948
1.0,8,516.636252
1.0,5,516.681171
1.0,4,516.706283
1.0,4,516.722595
1.0,4,516.736136
1.0,4,516.749805
1.0,7,516.775062
1.0,6,516.796109
1.0,4,516.810288
-1.0,8,516.838653
1.0,4,516.853096
1.0,4,516.863021
1.0,6,516.878684
1.0,5,516.894153
-1.0,8,516.925275
1.0,5,516.943557
1.0,4,516.957077
1.0,4,516.969986
1.0,9,517.00148
1.0,5,517.016641
1.0,4,517.029544
1.0,4,517.043202
1.0,5,517.065349
1.0,4,517.078663
1.0,4,517.09218
-2.0,12,517.125299
1.0,4,517.142967
-1.0,8,517.17358
1.0,4,517.188689
1.0,11,517.224994
1.0,8,517.256359
1.0,4,517.275334
1.0,4,517.28802
1.0,9,517.324953
-1.0,10,517.361029
1.0,5,517.376257
1.0,4,517.389104
1.0,5,517.407547
1.0,4,517.425391
-1.0,12,517.465778
1.0,4,517.47826
1.0,4,517.491128
1.0,4,517.508733
-1.0,10,517.538717
1.0,7,517.564055
-1.0,9,517.635625
1.0,9,517.68444
1.0,4,517.69985
1.0,7,517.723127
1.0,5,517.738168
-1.0,8,517.768648
1.0,5,517.790068
1.0,4,517.803305
1.0,7,517.828723
1.0,4,517.848053
1.0,6,517.870867
1.0,10,517.901899
1.0,5,517.919489
1.0,6,517.946673
1.0,5,517.963165
1.0,10,517.997339
1.0,4,518.010185
-1.0,10,518.047273
1.0,4,518.060331
1.0,4,518.07161
1.0,4,518.084203
1.0,4,518.103267
1.0,8,518.144569
-1.0,13,518.192159
1.0,5,518.208914
1.0,4,518.224448
1.0,4,518.238363
1.0,5,518.25353
1.0,5,518.269
1.0,14,518.318924
1.0,8,518.350046
1.0,5,518.369152
1.0,4,518.385193
1.0,9,518.443787
1.0,6,518.466544
1.0,4,518.487399
1.0,8,518.547783
1.0,5,518.56876
-1.0,7,518.602981
-1.0,7,518.664597
1.0,13,518.712291
-1.0,12,518.756028
1.0,9,518.783531
1.0,4,518.796549
1.0,4,518.809582
-33.0,45,518.886141
1.0,5,518.901486
1.0,4,518.913965
1.0,8,518.940064
-1.0,13,518.992764
1.0,4,519.009016
-1.0,10,519.045382
1.0,4,519.058566
1.0,4,519.080116
1.0,8,519.114063
1.0,4,519.129781
1.0,5,519.148199
1.0,4,519.163224
1.0,4,519.177065
1.0,5,519.192463
1.0,4,519.208067
1.0,4,519.240509
1.0,8,519.298972
1.0,12,519.336052
1.0,4,519.353931
1.0,4,519.375
1.0,5,519.391661
1.0,7,519.41412
1.0,5,519.428776
1.0,5,519.446392
1.0,4,519.459467
1.0,4,519.473598
1.0,4,519.487079
1.0,13,519.540883
-1.0,9,519.571853
1.0,6,519.589461
-1.0,6,519.613241
1.0,4,519.631213
1.0,5,519.64892
1.0,4,519.661937
-1.0,10,519.696261
1.0,5,519.714465
1.0,4,519.726854
1.0,4,519.74252
1.0,6,519.761413
1.0,5,519.784309
1.0,8,519.808515
1.0,10,519.841145
-1.0,13,519.889467
1.0,4,519.91003
1.0,11,519.945628
1.0,4,519.958141
1.0,4,519.971051
1.0,8,520.003392
1.0,5,520.01845
1.0,8,520.043983
1.0,4,520.056154
1.0,4,520.073575
-92.0,102,520.219523
1.0,5,520.238974
-1.0,8,520.26532
1.0,14,520.360962
1.0,5,520.379639
-1.0,6,520.395667
1.0,4,520.408517
1.0,4,520.424132
1.0,4,520.436422
1.0,5,520.455036
1.0,5,520.471407
-1.0,10,520.507643
-1.0,7,520.532574
1.0,7,520.556473
1.0,5,520.570021
1.0,4,520.589628
1.0,4,520.60228
-1.0,4,520.615551
-1.0,9,520.648378
1.0,4,520.66309
-1.0,10,520.6958
1.0,7,520.718992
1.0,10,520.749618
-104.0,121,520.941654
1.0,4,520.953558
1.0,4,520.973039
1.0,6,520.994245
1.0,4,521.00887
1.0,5,521.024002
1.0,5,521.044107
1.0,4,521.071883
1.0,4,521.108113
1.0,4,521.141508
1.0,4,521.173253
1.0,6,521.227523
1.0,5,521.24921
-106.0,123,521.393843
1.0,4,521.405631
1.0,4,521.418295
1.0,4,521.436733
1.0,7,521.461188
-1.0,8,521.487952
1.0,5,521.504012
1.0,5,521.524453
1.0,4,521.538332
1.0,8,521.565127
1.0,5,521.583603
1.0,4,521.603582
1.0,4,521.615127
-1.0,11,521.651545
-1.0,9,521.681191
1.0,4,521.695858
1.0,4,521.707793
1.0,10,521.739474
1.0,4,521.752695
-1.0,8,521.783712
1.0,15,521.830317
1.0,10,521.868097
1.0,4,521.882497
1.0,5,521.913969
1.0,5,521.93784
-1.0,10,521.973685
1.0,4,521.986168
1.0,5,522.008204
1.0,4,522.028265
1.0,4,522.053574
1.0,5,522.085593
1.0,6,522.111082
1.0,4,522.123665
1.0,4,522.135296
1.0,4,522.147587
-10.0,22,522.199817
1.0,6,522.222373
-1.0,7,522.272259
1.0,5,522.303653
1.0,5,522.324032
1.0,4,522.339094
1.0,5,522.362094
1.0,4,522.377419
1.0,6,522.398541
1.0,4,522.410101
1.0,4,522.422978
1.0,4,522.435126
1.0,5,522.45434
1.0,4,522.466739
1.0,6,522.487456
1.0,4,522.498112
1.0,5,522.516112
1.0,4,522.532015
1.0,8,522.55881
1.0,4,522.572149
1.0,5,522.588767
1.0,5,522.610538
1.0,4,522.623748
1.0,4,522.63746
-1.0,11,522.673989
1.0,4,522.686462
-1.0,11,522.719643
1.0,6,522.7404
1.0,6,522.760657
1.0,8,522.788882
1.0,7,522.811743
1.0,4,522.824955
-1.0,6,522.846979
1.0,7,522.873508
1.0,4,522.886291
1.0,4,522.901689
1.0,4,522.916801
1.0,7,522.942429
-1.0,10,522.97317
1.0,4,522.986043
1.0,7,523.016545
1.0,10,523.052731
-1.0,4,523.06604
1.0,4,523.079604
1.0,9,523.110839
1.0,7,523.16463
1.0,4,523.187575
-1.0,9,523.222632
1.0,9,523.254448
1.0,5,523.270283
1.0,4,523.286708
1.0,5,523.303509
1.0,4,523.319757
1.0,4,523.330448
1.0,4,523.343664
1.0,4,523.357024
-1.0,5,523.374808
-1.0,7,523.399984
1.0,6,523.417492
1.0,11,523.46302
1.0,6,523.508452
1.0,4,523.528052
1.0,5,523.570231
1.0,4,523.604453
-1.0,6,523.639655
-1.0,10,523.690271
1.0,5,523.705753
1.0,9,523.73481
1.0,4,523.750585
1.0,4,523.763937
1.0,4,523.778203
-1.0,8,523.807791
1.0,13,523.853547
1.0,4,523.866582
1.0,4,523.879545
-1.0,9,523.91078
1.0,5,523.936481
1.0,9,523.968687
1.0,5,523.983642
1.0,5,524.001522
1.0,8,524.034415
1.0,6,524.053182
1.0,4,524.066161
1.0,9,524.093536
-85.0,103,524.223309
1.0,5,524.251153
1.0,4,524.28515
-1.0,7,524.330917
1.0,8,524.363601
1.0,9,524.395913
1.0,4,524.409458
-1.0,14,524.473928
1.0,5,524.495854
1.0,4,524.508488
1.0,4,524.520976
1.0,5,524.536312
-1.0,11,524.578426
-1.0,9,524.609139
1.0,7,524.632482
1.0,8,524.657597
1.0,6,524.684495
1.0,8,524.708127
1.0,4,524.721523
1.0,6,524.739903
1.0,8,524.769861
1.0,7,524.792594
-1.0,11,524.8327
1.0,4,524.845519
1.0,5,524.864472
1.0,4,524.878226
1.0,4,524.891355
1.0,6,524.909821
1.0,4,524.926396
1.0,4,524.939222
1.0,7,524.960762
1.0,4,524.989516
1.0,4,525.019765
-1.0,11,525.063658
1.0,10,525.095529
1.0,7,525.119465
1.0,7,525.148265
1.0,8,525.199473
1.0,4,525.225819
1.0,4,525.247559
1.0,8,525.27517
1.0,5,525.289973
1.0,5,525.318688
1.0,4,525.348603
1.0,6,525.389633
1.0,9,525.422076
1.0,4,525.4332
1.0,4,525.453895
1.0,4,525.473827
1.0,5,525.492073
1.0,10,525.522496
1.0,5,525.537629
1.0,8,525.568362
1.0,4,525.581138
1.0,4,525.59372
1.0,5,525.607774
-1.0,9,525.66162
1.0,4,525.679315
-1.0,9,525.716738
1.0,4,525.730079
1.0,7,525.756476
1.0,6,525.775743
1.0,4,525.788507
1.0,4,525.800847
1.0,5,525.833076
1.0,4,525.857345
1.0,11,525.913396
1.0,8,525.937869
1.0,4,525.952522
1.0,4,525.965336
1.0,10,526.000634
1.0,5,526.016558
0.0,13,526.058867
-1.0,8,526.08765
1.0,4,526.102487
-1.0,9,526.157509
