#{"t_start": 1762600180.497511, "env_id": "None"}
r,l,t
-1.0,13,1.37378
-1.0,6,1.381744
-2.0,18,1.404616
-2.0,16,1.424172
1.0,15,1.446212
-1.0,10,1.459122
1.0,7,1.468376
0.0,12,1.482161
0.0,13,1.497433
1.0,6,1.503911
-6.0,23,1.520259
-1.0,10,1.534609
1.0,16,1.554544
-1.0,16,1.573975
1.0,9,1.58464
0.0,21,1.603926
-1.0,10,1.618568
-1.0,11,1.6348
-1.0,12,1.653851
0.0,15,1.676802
1.0,12,1.694939
0.0,17,1.714218
1.0,13,1.73131
1.0,10,1.743191
-1.0,15,1.762613
1.0,15,1.782114
1.0,12,1.798199
1.0,9,1.81039
-4.0,20,1.831894
-1.0,6,1.839758
1.0,11,1.855506
-1.0,8,1.868804
1.0,6,1.881114
-1.0,11,1.897465
1.0,9,1.91021
-1.0,10,1.923016
0.0,14,1.940205
0.0,16,1.959138
1.0,12,1.974353
1.0,5,1.980316
1.0,10,1.996022
-3.0,19,2.015915
-2.0,18,2.034673
-1.0,6,2.04369
1.0,11,2.060958
-1.0,15,2.077848
1.0,5,2.084162
-2.0,15,2.100209
-1.0,7,2.11176
1.0,9,2.123092
1.0,10,2.136338
1.0,12,2.15265
1.0,7,2.163694
1.0,10,2.175927
1.0,8,2.186745
1.0,12,2.200934
-1.0,9,2.214931
-1.0,11,2.228888
1.0,5,2.235541
-1.0,5,2.243237
-4.0,21,2.26533
1.0,7,2.275495
-1.0,9,2.287416
-1.0,6,2.296402
-1.0,15,2.318757
-1.0,9,2.330376
1.0,14,2.348613
1.0,12,2.364472
-3.0,17,2.390322
-7.0,24,2.409902
1.0,10,2.423708
-1.0,4,2.429021
1.0,6,2.476717
1.0,14,2.505319
1.0,6,2.512223
-2.0,14,2.529232
-1.0,6,2.539571
-1.0,18,2.56004
-1.0,11,2.576005
-8.0,25,2.596093
0.0,10,2.610632
-4.0,21,2.630497
1.0,6,2.637869
1.0,6,2.64546
1.0,7,2.658833
1.0,8,2.66958
-2.0,14,2.706747
1.0,8,2.722264
1.0,10,2.744371
1.0,11,2.772042
1.0,10,2.792769
-1.0,11,2.820403
1.0,15,2.857819
-1.0,16,2.895058
-1.0,11,2.925587
-1.0,11,2.951005
-1.0,5,2.963365
-1.0,8,2.984814
-1.0,10,3.007602
1.0,6,3.018688
1.0,13,3.046832
1.0,9,3.064926
1.0,13,3.09554
1.0,5,3.104229
1.0,11,3.167225
1.0,6,3.186913
-1.0,11,3.214126
-2.0,17,3.251258
-1.0,10,3.279841
-1.0,12,3.312629
-1.0,10,3.3375
-2.0,14,3.369217
-1.0,8,3.393642
-5.0,23,3.441329
1.0,12,3.473557
1.0,6,3.491499
1.0,12,3.548457
-1.0,11,3.602176
0.0,19,3.637688
-1.0,8,3.659851
1.0,10,3.68924
1.0,7,3.708257
-1.0,14,3.741348
1.0,5,3.751806
0.0,16,3.794723
-1.0,14,3.843058
1.0,11,3.875223
-1.0,10,3.903673
1.0,7,3.923508
-1.0,8,3.9449
1.0,11,3.974933
-1.0,13,4.007267
-7.0,21,4.051258
1.0,15,4.090232
-4.0,17,4.127793
0.0,14,4.158594
-1.0,7,4.176118
1.0,15,4.211959
-1.0,9,4.231831
-1.0,8,4.253976
-1.0,13,4.290447
-1.0,11,4.318007
-1.0,9,4.379264
-1.0,14,4.42365
1.0,13,4.455909
0.0,17,4.49751
1.0,6,4.512087
1.0,9,4.531896
-1.0,10,4.562459
1.0,9,4.586235
-1.0,10,4.612091
1.0,6,4.625018
1.0,11,4.657226
-1.0,17,4.699766
-1.0,15,4.739427
-5.0,23,4.782836
1.0,4,4.793889
1.0,6,4.80732
-1.0,8,4.826447
-1.0,7,4.843814
1.0,12,4.871623
1.0,7,4.885056
-1.0,8,4.906719
-1.0,9,4.928952
-1.0,11,4.957969
-1.0,8,4.977268
-1.0,7,4.995414
1.0,8,5.013277
1.0,5,5.029185
-2.0,17,5.065521
-1.0,13,5.097961
-3.0,20,5.141146
-1.0,8,5.1656
0.0,14,5.198959
-1.0,15,5.233892
-1.0,17,5.292635
1.0,8,5.31582
1.0,12,5.346895
0.0,11,5.369688
1.0,12,5.399893
1.0,14,5.440073
-4.0,17,5.475847
1.0,10,5.505895
-1.0,4,5.519709
-5.0,25,5.564553
-2.0,17,5.594834
-2.0,16,5.635493
-1.0,7,5.655984
-3.0,12,5.68657
-1.0,8,5.707229
-1.0,12,5.73224
1.0,7,5.746911
1.0,12,5.776446
1.0,11,5.801526
1.0,10,5.823937
1.0,9,5.846874
1.0,7,5.863006
-5.0,20,5.900977
-1.0,10,5.926963
-1.0,6,5.943738
-1.0,10,5.966974
-2.0,18,6.007723
1.0,13,6.043108
1.0,8,6.060592
-1.0,7,6.081712
-1.0,17,6.118224
-1.0,13,6.147141
-1.0,6,6.164281
1.0,7,6.186405
-6.0,20,6.226856
1.0,11,6.255565
-1.0,11,6.288133
1.0,10,6.315563
-4.0,18,6.351998
-5.0,21,6.389391
1.0,12,6.417228
1.0,11,6.445981
-1.0,14,6.477368
-1.0,5,6.490789
1.0,7,6.511093
-1.0,5,6.525751
1.0,12,6.556043
-1.0,6,6.597374
1.0,5,6.626656
1.0,6,6.644109
1.0,12,6.671294
1.0,11,6.696633
-1.0,15,6.731791
-1.0,10,6.757151
-1.0,14,6.792914
1.0,8,6.815156
-1.0,13,6.845694
1.0,10,6.871976
-1.0,15,6.90943
-1.0,14,6.93983
-1.0,9,6.959596
1.0,8,6.979905
-2.0,16,7.016358
1.0,11,7.039815
-2.0,12,7.063028
-2.0,13,7.143816
-1.0,10,7.171304
-1.0,7,7.190481
1.0,9,7.212316
1.0,10,7.242346
1.0,12,7.274929
-1.0,9,7.303047
-3.0,19,7.363025
-2.0,19,7.410758
-1.0,13,7.443779
-1.0,12,7.480982
-1.0,10,7.508993
1.0,9,7.539087
-1.0,13,7.572968
-1.0,6,7.592912
-1.0,12,7.635393
-2.0,17,7.68098
1.0,9,7.709182
1.0,12,7.74802
1.0,7,7.766675
1.0,11,7.7929
1.0,10,7.823814
1.0,12,7.858559
0.0,17,7.905158
0.0,13,7.939474
-1.0,10,7.970364
-1.0,9,7.992829
1.0,9,8.016109
-10.0,26,8.070029
0.0,18,8.113437
1.0,17,8.157714
-1.0,4,8.168032
-1.0,11,8.196158
1.0,12,8.230073
1.0,10,8.258943
0.0,18,8.29856
1.0,11,8.329104
-3.0,12,8.357508
-2.0,13,8.389247
-3.0,20,8.437441
-2.0,11,8.463952
-1.0,9,8.487305
0.0,19,8.532501
1.0,10,8.560659
1.0,8,8.582123
-3.0,19,8.61763
-1.0,6,8.634395
1.0,11,8.667351
-1.0,14,8.700086
-5.0,21,8.743788
1.0,6,8.763625
-1.0,9,8.796938
-2.0,13,8.842556
1.0,5,8.859407
-1.0,4,8.872013
1.0,12,8.907754
1.0,9,8.939969
-1.0,10,8.970987
1.0,8,8.994538
1.0,18,9.052103
1.0,16,9.142037
-1.0,9,9.179281
-2.0,14,9.223824
-1.0,10,9.251856
1.0,9,9.279785
1.0,8,9.30684
1.0,11,9.340547
1.0,7,9.362815
-4.0,17,9.413101
1.0,10,9.451288
-1.0,14,9.490668
1.0,11,9.52452
-1.0,8,9.550797
0.0,16,9.595076
1.0,4,9.604123
1.0,12,9.642765
-1.0,13,9.686654
1.0,7,9.707862
1.0,13,9.756744
1.0,8,9.780542
-1.0,13,9.824301
1.0,10,9.855842
-2.0,18,9.909461
-2.0,16,9.953421
1.0,11,9.990449
-2.0,17,10.038083
1.0,11,10.068197
1.0,12,10.100562
-2.0,13,10.137013
-1.0,14,10.175915
1.0,8,10.196115
1.0,4,10.2046
-1.0,8,10.2247
1.0,18,10.271321
1.0,13,10.301793
-1.0,10,10.32532
1.0,11,10.358606
1.0,6,10.371369
-1.0,4,10.382348
-1.0,8,10.403216
1.0,7,10.424879
1.0,9,10.44988
-9.0,24,10.504905
1.0,7,10.523947
-1.0,6,10.544859
1.0,14,10.575096
1.0,12,10.609968
-1.0,15,10.651171
1.0,11,10.686077
1.0,7,10.708416
-1.0,7,10.734497
-1.0,11,10.76976
1.0,6,10.788514
-2.0,20,10.840105
-1.0,13,10.876372
-1.0,11,10.903723
-1.0,13,10.935559
1.0,14,10.969647
1.0,11,10.999904
-1.0,7,11.018209
-1.0,11,11.050507
1.0,10,11.078354
-5.0,21,11.122285
-2.0,14,11.160295
1.0,7,11.174317
-1.0,9,11.199488
-1.0,13,11.224039
1.0,11,11.254876
1.0,10,11.277888
-1.0,10,11.301264
-1.0,12,11.327549
1.0,5,11.340308
1.0,7,11.36229
-1.0,12,11.393562
-1.0,14,11.427076
0.0,13,11.453739
1.0,6,11.468748
1.0,12,11.495564
-1.0,11,11.525322
-1.0,9,11.55014
-4.0,19,11.594779
1.0,7,11.606564
-1.0,5,11.621662
-3.0,18,11.66261
-2.0,13,11.690838
-4.0,19,11.729534
-6.0,25,11.77369
1.0,9,11.79228
1.0,7,11.812799
1.0,9,11.831916
-1.0,12,11.90871
1.0,8,11.931113
-2.0,19,11.980312
1.0,6,11.996017
1.0,4,12.003434
0.0,18,12.038111
-1.0,13,12.07435
-4.0,13,12.108607
1.0,13,12.145411
1.0,11,12.177349
-2.0,16,12.227045
-1.0,8,12.255451
1.0,7,12.282393
-1.0,11,12.325867
1.0,9,12.362427
1.0,11,12.39255
-1.0,4,12.407188
1.0,12,12.440827
1.0,4,12.457265
-1.0,7,12.481463
0.0,19,12.537626
-1.0,10,12.567924
-2.0,20,12.611219
1.0,12,12.645679
1.0,6,12.658069
1.0,13,12.689845
1.0,12,12.718496
1.0,11,12.745681
1.0,5,12.758907
1.0,10,12.788125
-1.0,8,12.813546
1.0,10,12.837574
-1.0,8,12.857025
1.0,12,12.896315
1.0,7,12.916299
-1.0,10,12.942681
1.0,13,12.980019
-4.0,21,13.020762
-5.0,16,13.057037
1.0,6,13.071828
-1.0,11,13.102774
-1.0,8,13.125643
-1.0,7,13.143192
1.0,8,13.157229
-2.0,14,13.18413
-5.0,17,13.214419
-1.0,9,13.23605
1.0,12,13.266907
-3.0,21,13.306214
1.0,7,13.32253
-1.0,5,13.337106
-1.0,8,13.357983
1.0,13,13.39196
1.0,10,13.41662
-1.0,7,13.438286
0.0,10,13.462132
1.0,7,13.481161
-1.0,5,13.492549
1.0,12,13.520436
-1.0,17,13.552318
-1.0,13,13.586345
1.0,12,13.619476
-2.0,15,13.655998
-5.0,21,13.701044
-1.0,8,13.721892
1.0,8,13.742643
-1.0,13,13.772032
-1.0,9,13.794386
-1.0,13,13.824594
1.0,11,13.853834
1.0,8,13.877797
1.0,9,13.90141
0.0,15,13.93323
1.0,10,13.956328
-1.0,10,13.980246
1.0,7,13.993902
1.0,11,14.06272
0.0,11,14.084031
0.0,13,14.114611
-1.0,11,14.138282
-1.0,10,14.163849
-21.0,41,14.221648
1.0,7,14.241651
1.0,9,14.26308
-1.0,8,14.284953
1.0,11,14.316456
-1.0,8,14.341216
1.0,13,14.367619
-1.0,19,14.402583
1.0,9,14.427076
-1.0,14,14.471164
1.0,10,14.498222
-1.0,7,14.516545
-2.0,11,14.54105
-1.0,10,14.567645
-1.0,8,14.586694
-1.0,7,14.605367
1.0,7,14.622213
-2.0,15,14.652138
1.0,9,14.671411
1.0,8,14.690122
-2.0,15,14.728045
-1.0,8,14.753433
1.0,11,14.780083
1.0,15,14.821665
-2.0,17,14.864244
-1.0,9,14.885966
1.0,8,14.905211
-1.0,12,14.934513
-1.0,13,14.966717
1.0,4,14.97927
1.0,5,14.990589
1.0,7,15.003902
1.0,11,15.030575
-1.0,15,15.072077
-3.0,16,15.107277
-2.0,17,15.146828
-1.0,13,15.180575
1.0,9,15.202147
1.0,11,15.231336
-1.0,10,15.259556
1.0,12,15.28986
-1.0,13,15.323666
-1.0,20,15.370101
1.0,7,15.385039
-1.0,6,15.399277
1.0,12,15.42836
-2.0,19,15.467449
1.0,9,15.491393
-1.0,10,15.518289
1.0,11,15.550504
-11.0,31,15.597609
1.0,6,15.609639
-3.0,22,15.65048
-3.0,18,15.682145
-1.0,12,15.706953
-1.0,8,15.722064
1.0,11,15.746444
1.0,6,15.759218
-1.0,15,15.788396
1.0,13,15.815143
-6.0,25,15.860107
1.0,7,15.874294
1.0,13,15.902915
1.0,5,15.914825
1.0,11,15.938067
-1.0,8,15.957397
1.0,8,15.976815
-3.0,22,16.015092
1.0,6,16.02611
1.0,6,16.038325
1.0,6,16.053363
0.0,13,16.077944
1.0,10,16.095762
1.0,5,16.11126
-3.0,20,16.149191
1.0,6,16.162026
-1.0,10,16.18431
1.0,14,16.213467
-13.0,29,16.26027
-1.0,8,16.283429
1.0,5,16.297364
-2.0,10,16.322393
1.0,6,16.33657
-1.0,11,16.36635
1.0,7,16.384102
-2.0,17,16.416229
-1.0,12,16.443974
-3.0,20,16.48743
-1.0,14,16.519903
1.0,7,16.535591
-1.0,11,16.555287
-1.0,15,16.587614
1.0,11,16.670807
-1.0,7,16.692929
1.0,7,16.709327
-2.0,13,16.743941
-7.0,23,16.782013
-1.0,13,16.820208
-1.0,13,16.852605
-1.0,11,16.881723
-1.0,11,16.909795
-1.0,5,16.923529
-1.0,13,16.953368
1.0,8,16.976303
1.0,9,17.000929
1.0,14,17.041664
-1.0,18,17.080082
-2.0,16,17.115587
1.0,7,17.134189
1.0,7,17.156256
1.0,10,17.184197
-1.0,10,17.21519
-2.0,19,17.253461
1.0,8,17.27061
-1.0,10,17.29837
1.0,8,17.319633
1.0,18,17.357631
-1.0,11,17.390234
-1.0,21,17.436422
1.0,6,17.451911
1.0,8,17.468489
-8.0,26,17.514232
1.0,9,17.537999
-6.0,19,17.569871
-1.0,15,17.607471
-1.0,9,17.631328
-1.0,8,17.648925
1.0,10,17.674464
1.0,10,17.698613
1.0,12,17.72921
-2.0,19,17.761526
1.0,11,17.783156
1.0,5,17.794028
1.0,14,17.827264
1.0,12,17.850431
-1.0,7,17.867283
1.0,12,17.897127
-1.0,10,17.924778
-4.0,19,17.958608
0.0,13,17.985384
1.0,10,18.007623
-1.0,15,18.046336
-2.0,14,18.077899
-7.0,28,18.134401
-15.0,33,18.186739
1.0,9,18.207899
1.0,8,18.228956
1.0,8,18.250577
-1.0,9,18.277055
-1.0,10,18.30509
-1.0,17,18.343415
1.0,5,18.351753
1.0,16,18.385776
-1.0,7,18.406402
-1.0,10,18.425771
-6.0,23,18.463855
1.0,10,18.484134
1.0,6,18.495691
-1.0,14,18.530742
-8.0,24,18.572001
-1.0,4,18.58269
1.0,5,18.596454
1.0,9,18.617714
1.0,10,18.643273
1.0,4,18.65258
-1.0,7,18.667888
1.0,5,18.6783
-1.0,12,18.708656
-1.0,14,18.739296
1.0,7,18.757784
-4.0,23,18.804484
-1.0,10,18.823847
1.0,8,18.841756
0.0,15,18.87698
0.0,17,18.916858
-1.0,9,18.943717
1.0,14,18.978834
-5.0,19,19.016689
0.0,16,19.052904
-5.0,23,19.102525
-1.0,8,19.123641
1.0,13,19.156387
1.0,11,19.179614
1.0,9,19.202137
-1.0,12,19.235834
1.0,11,19.265932
1.0,15,19.302571
0.0,17,19.335846
1.0,5,19.346594
-1.0,9,19.373273
-1.0,14,19.449642
1.0,14,19.535364
1.0,10,19.571043
-1.0,7,19.590396
-3.0,17,19.625351
1.0,8,19.643323
-1.0,10,19.669546
1.0,11,19.705863
-1.0,9,19.728657
-2.0,13,19.75695
-1.0,8,19.777833
1.0,11,19.806756
-1.0,13,19.834504
-1.0,12,19.865217
-3.0,21,19.914635
-1.0,10,19.946051
0.0,14,19.986092
1.0,10,20.014644
-1.0,9,20.046137
-1.0,5,20.066603
1.0,6,20.081405
-3.0,19,20.130735
1.0,12,20.15663
-3.0,21,20.197482
1.0,9,20.217586
-2.0,19,20.250481
0.0,13,20.276462
1.0,12,20.310628
-8.0,21,20.348227
1.0,8,20.36135
1.0,7,20.37379
1.0,10,20.394645
1.0,11,20.418638
1.0,15,20.455574
1.0,9,20.479694
1.0,5,20.493479
0.0,13,20.523608
0.0,16,20.553281
1.0,10,20.575551
-2.0,10,20.600939
-2.0,12,20.625901
1.0,9,20.64485
1.0,5,20.658028
1.0,5,20.671771
-1.0,16,20.703196
-1.0,14,20.733701
-1.0,7,20.750136
-6.0,27,20.805163
-6.0,21,20.839326
0.0,19,20.880161
1.0,8,20.899907
-1.0,8,20.922655
1.0,8,20.9418
-1.0,12,20.972316
-1.0,5,20.984838
1.0,11,21.013612
-2.0,16,21.045542
-1.0,13,21.078137
-1.0,11,21.106682
1.0,10,21.128802
1.0,7,21.145547
1.0,13,21.175589
-1.0,11,21.203387
1.0,6,21.217567
1.0,6,21.227509
1.0,13,21.255176
1.0,9,21.274736
-1.0,9,21.296978
-1.0,14,21.330646
-1.0,7,21.34926
-11.0,30,21.392732
-11.0,26,21.438402
-1.0,9,21.455582
-1.0,15,21.485052
-1.0,19,21.524139
1.0,11,21.553795
-3.0,22,21.592115
-1.0,12,21.621608
1.0,9,21.642105
1.0,7,21.661703
1.0,10,21.689073
-2.0,13,21.730544
-1.0,13,21.777883
1.0,8,21.804053
1.0,13,21.842822
1.0,4,21.854239
1.0,13,21.889731
-2.0,17,21.927433
1.0,10,21.952005
-1.0,10,21.977475
1.0,12,22.001554
1.0,9,22.024249
1.0,8,22.048225
1.0,10,22.073139
-1.0,12,22.148616
1.0,4,22.161174
1.0,10,22.187816
1.0,5,22.196417
0.0,16,22.23041
-1.0,6,22.249355
-5.0,21,22.287654
-8.0,28,22.333694
1.0,10,22.359356
1.0,9,22.382022
-1.0,7,22.399208
1.0,12,22.428632
1.0,10,22.452472
-1.0,14,22.491678
1.0,13,22.523116
-1.0,12,22.55389
-2.0,13,22.574901
-1.0,19,22.613476
1.0,10,22.634657
1.0,11,22.661871
-1.0,5,22.675297
-2.0,20,22.713726
-1.0,14,22.746812
1.0,8,22.76803
1.0,12,22.793313
1.0,12,22.826241
-1.0,12,22.854423
-1.0,7,22.872773
1.0,11,22.896985
1.0,12,22.928158
1.0,10,22.953126
0.0,15,22.987526
1.0,6,23.000764
0.0,13,23.036072
-1.0,19,23.071369
-9.0,29,23.114072
1.0,11,23.140549
1.0,8,23.161016
-4.0,22,23.203233
-1.0,9,23.223793
1.0,11,23.248848
1.0,10,23.272257
1.0,15,23.311678
-6.0,21,23.345125
-1.0,11,23.371371
-1.0,12,23.402817
0.0,12,23.42176
1.0,13,23.450087
-1.0,8,23.466111
1.0,13,23.501175
1.0,5,23.515942
-1.0,13,23.545242
1.0,11,23.575717
-5.0,21,23.621076
-5.0,21,23.662663
-1.0,13,23.694613
-4.0,19,23.73286
1.0,7,23.749778
-2.0,11,23.773371
1.0,12,23.803228
1.0,10,23.824997
0.0,18,23.866052
1.0,12,23.896219
0.0,15,23.929259
1.0,10,23.955652
1.0,9,23.977498
1.0,11,24.001747
1.0,10,24.024565
0.0,17,24.115084
-3.0,20,24.150066
-1.0,8,24.168911
-2.0,16,24.206605
1.0,14,24.238771
1.0,11,24.260855
-3.0,19,24.301461
-1.0,12,24.332979
-1.0,8,24.356867
-3.0,17,24.394194
-1.0,8,24.410213
1.0,10,24.434417
1.0,15,24.471207
1.0,8,24.495958
1.0,18,24.545633
1.0,4,24.553929
-1.0,9,24.578737
1.0,12,24.606331
-1.0,7,24.625407
1.0,14,24.657701
1.0,5,24.669164
-1.0,11,24.70075
1.0,10,24.722416
-1.0,11,24.743724
1.0,11,24.770363
-2.0,15,24.806241
1.0,15,24.846792
1.0,9,24.870704
1.0,12,24.894494
1.0,5,24.905313
1.0,12,24.931905
-3.0,11,24.954507
1.0,16,24.996373
-6.0,25,25.038751
-1.0,5,25.052387
-1.0,14,25.08839
-1.0,8,25.110062
-4.0,18,25.152469
-1.0,7,25.170183
1.0,12,25.195316
-3.0,21,25.233668
-2.0,15,25.271345
1.0,11,25.298535
1.0,9,25.313313
1.0,8,25.330929
1.0,16,25.366529
1.0,10,25.390114
-1.0,13,25.424375
-1.0,9,25.446633
1.0,14,25.482545
-1.0,6,25.492547
1.0,16,25.527034
1.0,8,25.54204
1.0,9,25.561226
-1.0,10,25.585088
-3.0,14,25.614169
-1.0,12,25.645464
0.0,14,25.674353
1.0,14,25.709227
1.0,10,25.736094
-1.0,7,25.754796
1.0,10,25.782267
-1.0,9,25.804109
1.0,7,25.820178
0.0,15,25.85271
-4.0,25,25.898571
1.0,8,25.918386
-5.0,24,25.964836
-1.0,11,25.99286
1.0,14,26.020495
-1.0,10,26.043181
0.0,15,26.073417
-8.0,27,26.114557
1.0,12,26.140432
1.0,9,26.159031
-4.0,19,26.194484
-1.0,17,26.233622
1.0,7,26.252009
1.0,11,26.273932
-1.0,12,26.338458
1.0,13,26.372586
1.0,13,26.40764
1.0,12,26.432217
-1.0,11,26.45976
-1.0,12,26.489299
1.0,10,26.513664
1.0,11,26.53691
-1.0,7,26.554231
-1.0,10,26.57458
1.0,8,26.590307
-2.0,11,26.6109
-1.0,14,26.642975
1.0,13,26.676598
1.0,14,26.711393
1.0,12,26.741419
1.0,9,26.757363
1.0,9,26.77786
-24.0,46,26.837808
1.0,13,26.868885
1.0,9,26.888939
-1.0,11,26.918431
-1.0,5,26.931347
-1.0,6,26.946462
1.0,16,26.980624
-2.0,19,27.018111
1.0,8,27.039645
-2.0,12,27.068811
1.0,12,27.094035
1.0,6,27.106591
1.0,13,27.134978
1.0,8,27.150716
-1.0,8,27.16728
-1.0,8,27.187994
0.0,15,27.225155
-1.0,10,27.250141
-1.0,15,27.2822
-1.0,5,27.296145
-29.0,51,27.361898
-9.0,29,27.40828
1.0,11,27.428228
-1.0,16,27.471044
1.0,12,27.500705
-1.0,7,27.518599
1.0,11,27.537811
1.0,15,27.575907
-1.0,13,27.609643
1.0,9,27.634711
-2.0,13,27.667382
-1.0,9,27.692097
-1.0,11,27.722461
1.0,12,27.756684
1.0,10,27.78503
1.0,7,27.805671
-2.0,23,27.851018
0.0,15,27.883502
1.0,6,27.90003
-1.0,11,27.926972
-1.0,12,27.951279
1.0,8,27.968848
1.0,6,27.984847
1.0,7,28.005281
0.0,15,28.042387
0.0,14,28.075268
-1.0,12,28.10133
-1.0,11,28.131433
1.0,11,28.157666
-23.0,42,28.212034
-1.0,12,28.237921
-7.0,20,28.274223
1.0,10,28.294897
-6.0,22,28.329771
1.0,9,28.347653
-1.0,8,28.370021
1.0,9,28.395148
0.0,17,28.431528
-1.0,11,28.45465
-1.0,10,28.47965
-4.0,17,28.507038
-1.0,9,28.526201
1.0,6,28.539074
-1.0,9,28.558719
1.0,7,28.577964
-1.0,6,28.638901
1.0,11,28.670821
1.0,9,28.694418
-1.0,17,28.738659
-1.0,13,28.769135
-5.0,18,28.806612
-1.0,7,28.821712
0.0,12,28.846436
1.0,13,28.874247
1.0,13,28.906982
1.0,17,28.945413
1.0,6,28.961053
-1.0,8,28.982165
-1.0,12,29.011131
-1.0,14,29.040819
-1.0,13,29.068036
-4.0,18,29.105908
1.0,11,29.124187
-2.0,12,29.144616
1.0,8,29.169441
1.0,4,29.179248
1.0,12,29.209146
-2.0,14,29.242508
1.0,10,29.262122
1.0,13,29.285437
-1.0,12,29.314909
1.0,14,29.34319
1.0,8,29.360036
1.0,14,29.392151
1.0,7,29.409042
1.0,14,29.452222
1.0,8,29.470183
-1.0,14,29.498539
1.0,11,29.52321
1.0,7,29.54671
1.0,15,29.581816
1.0,10,29.609005
-4.0,18,29.648158
1.0,6,29.658365
-1.0,11,29.688922
-1.0,7,29.710732
-7.0,22,29.744736
-1.0,10,29.767062
1.0,10,29.788597
1.0,14,29.826105
-1.0,5,29.837684
-4.0,23,29.882938
1.0,13,29.914749
-3.0,13,29.940543
1.0,12,29.967785
1.0,13,29.999778
-1.0,10,30.030786
-2.0,15,30.056991
1.0,11,30.078972
0.0,17,30.120185
1.0,11,30.145032
1.0,13,30.177873
1.0,6,30.191494
1.0,10,30.214895
-2.0,18,30.255553
-19.0,38,30.30745
-1.0,8,30.32429
1.0,8,30.343982
-1.0,14,30.379995
-4.0,20,30.42333
1.0,6,30.43592
1.0,12,30.465245
-1.0,15,30.499135
-1.0,11,30.526082
1.0,15,30.555126
1.0,9,30.575032
1.0,11,30.604115
0.0,16,30.64471
-1.0,8,30.665443
-1.0,6,30.677756
-1.0,12,30.708549
-1.0,16,30.739761
-1.0,16,30.776433
1.0,10,30.802817
-1.0,10,30.827027
1.0,10,30.854312
1.0,11,30.881519
1.0,8,30.903855
0.0,16,30.942417
-1.0,14,30.968728
1.0,6,30.986995
1.0,9,31.010113
1.0,8,31.031473
1.0,8,31.052869
1.0,5,31.064512
1.0,13,31.09324
1.0,8,31.11592
1.0,4,31.126541
-2.0,20,31.2349
-1.0,11,31.266369
1.0,11,31.301442
1.0,6,31.316766
-1.0,8,31.340208
1.0,10,31.372905
1.0,6,31.388938
-1.0,11,31.42029
1.0,8,31.443237
1.0,10,31.471358
1.0,13,31.507577
-1.0,12,31.546908
1.0,6,31.562773
-4.0,15,31.598615
1.0,6,31.617306
1.0,13,31.65122
-1.0,11,31.683952
-1.0,15,31.729552
1.0,6,31.74944
-1.0,12,31.78519
1.0,14,31.826586
-1.0,13,31.86982
-11.0,29,31.937165
-3.0,19,31.982745
1.0,10,32.008591
1.0,7,32.031678
-1.0,9,32.057946
-2.0,18,32.102338
-5.0,16,32.136346
1.0,8,32.160777
0.0,13,32.196192
1.0,10,32.230455
1.0,12,32.265658
-1.0,11,32.295934
0.0,16,32.337168
1.0,9,32.359493
1.0,12,32.396332
1.0,9,32.421274
-1.0,4,32.432328
-1.0,9,32.457915
1.0,4,32.469408
1.0,9,32.494792
1.0,7,32.518281
1.0,13,32.548797
-2.0,13,32.581086
1.0,11,32.61011
-1.0,13,32.643036
-1.0,14,32.68033
1.0,12,32.710882
1.0,11,32.741192
1.0,14,32.778805
1.0,9,32.802133
-1.0,10,32.834289
1.0,6,32.848582
1.0,9,32.871324
-1.0,7,32.889263
1.0,8,32.911529
1.0,5,32.926997
-4.0,23,32.968346
-12.0,30,33.027226
1.0,8,33.050918
1.0,10,33.075969
1.0,12,33.110931
1.0,6,33.125574
-1.0,6,33.139144
1.0,8,33.162644
-1.0,9,33.188723
1.0,6,33.202253
-4.0,22,33.251449
-1.0,9,33.273916
1.0,14,33.307734
1.0,12,33.336601
1.0,7,33.357455
0.0,11,33.387168
1.0,9,33.459553
1.0,10,33.494347
1.0,12,33.528673
1.0,7,33.547936
1.0,6,33.568366
1.0,9,33.592201
1.0,16,33.632427
1.0,4,33.643324
-1.0,6,33.663298
1.0,9,33.689002
1.0,11,33.715993
0.0,15,33.755098
1.0,11,33.785308
1.0,7,33.802391
1.0,9,33.821045
1.0,5,33.833718
-1.0,12,33.864277
1.0,12,33.893641
1.0,13,33.931446
1.0,7,33.949927
1.0,12,34.024525
1.0,9,34.05067
1.0,12,34.083712
1.0,9,34.1122
1.0,6,34.127167
1.0,10,34.15275
1.0,12,34.182112
1.0,8,34.207493
-3.0,18,34.24736
1.0,8,34.271816
-1.0,11,34.306834
-1.0,13,34.342094
1.0,13,34.389355
0.0,17,34.431477
-1.0,9,34.454568
-11.0,27,34.514163
-1.0,12,34.551517
-1.0,15,34.591904
-1.0,11,34.618463
1.0,14,34.65575
-1.0,16,34.701213
-1.0,9,34.72322
-1.0,11,34.759124
-1.0,11,34.791655
1.0,10,34.817869
-4.0,13,34.846141
-3.0,21,34.889502
1.0,14,34.923857
-1.0,8,34.947674
-2.0,18,34.991186
-1.0,10,35.01806
0.0,11,35.043812
-2.0,17,35.081022
-19.0,37,35.138857
-2.0,21,35.186448
1.0,11,35.215173
1.0,8,35.239683
1.0,9,35.262746
1.0,6,35.279202
1.0,11,35.310049
-2.0,16,35.352525
-1.0,9,35.376836
1.0,9,35.400559
1.0,15,35.434036
-1.0,7,35.459042
1.0,11,35.490511
0.0,12,35.518778
1.0,10,35.543728
0.0,14,35.57987
-2.0,17,35.620482
-2.0,17,35.65655
1.0,7,35.672902
1.0,13,35.707351
1.0,10,35.737326
-1.0,8,35.755077
-1.0,9,35.783772
-26.0,46,35.855854
1.0,11,35.880649
-1.0,15,35.919255
-5.0,21,35.961767
1.0,12,35.994623
1.0,7,36.009522
1.0,14,36.047349
-2.0,14,36.085949
-6.0,20,36.127007
-1.0,11,36.152236
-6.0,21,36.183784
1.0,9,36.205834
1.0,4,36.218525
-1.0,8,36.240125
1.0,10,36.268015
1.0,10,36.293896
-10.0,29,36.345755
1.0,10,36.369017
-1.0,6,36.383446
-1.0,14,36.414314
1.0,10,36.438531
-6.0,21,36.477032
1.0,11,36.499447
0.0,16,36.534136
1.0,6,36.55165
1.0,8,36.568423
1.0,10,36.585213
1.0,9,36.610936
-8.0,26,36.656568
-1.0,10,36.683392
-7.0,19,36.713437
-1.0,13,36.738814
1.0,8,36.761275
1.0,9,36.780305
1.0,8,36.798324
-3.0,19,36.834204
-4.0,14,36.86668
1.0,10,36.944581
-1.0,7,36.960579
1.0,14,36.99011
1.0,7,37.007891
1.0,7,37.022788
1.0,12,37.053417
1.0,16,37.087603
-5.0,17,37.122176
-1.0,16,37.158943
1.0,12,37.189101
-1.0,9,37.210438
-9.0,28,37.258206
-1.0,13,37.288761
1.0,10,37.310238
-8.0,25,37.350798
-7.0,22,37.394163
1.0,10,37.421534
1.0,14,37.452204
-2.0,13,37.479337
-1.0,10,37.502172
1.0,9,37.519415
1.0,6,37.535829
1.0,12,37.559302
-4.0,22,37.60388
1.0,14,37.639786
-1.0,4,37.650718
-5.0,20,37.689662
1.0,11,37.712227
-1.0,11,37.736261
1.0,9,37.760108
-22.0,42,37.815171
-1.0,12,37.843746
1.0,8,37.86701
1.0,9,37.890023
1.0,10,37.915179
-1.0,15,37.947975
-4.0,14,37.971255
1.0,8,37.989663
1.0,7,38.005701
1.0,5,38.016181
-5.0,17,38.042637
-1.0,7,38.062522
1.0,8,38.081006
1.0,6,38.099223
1.0,10,38.126481
1.0,13,38.158997
1.0,14,38.195661
1.0,9,38.221465
-1.0,14,38.253251
1.0,10,38.274152
-2.0,13,38.299508
1.0,10,38.329618
0.0,12,38.356656
-1.0,6,38.368147
-2.0,17,38.411697
-1.0,18,38.449267
-2.0,16,38.480221
-1.0,8,38.497203
-1.0,7,38.513092
-1.0,14,38.547388
1.0,4,38.559254
-10.0,26,38.606736
0.0,16,38.637451
-1.0,14,38.674026
1.0,14,38.70704
-1.0,7,38.726238
1.0,9,38.745343
1.0,6,38.760512
1.0,10,38.785701
1.0,8,38.801518
-1.0,19,38.849828
0.0,17,38.879786
-8.0,23,38.924791
1.0,12,38.954245
1.0,7,38.971907
1.0,10,38.999337
1.0,10,39.022332
1.0,11,39.049611
1.0,8,39.069909
-5.0,21,39.114691
1.0,6,39.129806
1.0,9,39.152528
1.0,7,39.170797
1.0,6,39.185808
1.0,10,39.213987
-1.0,9,39.235721
1.0,5,39.246887
-2.0,19,39.294363
1.0,10,39.317121
1.0,9,39.342241
1.0,11,39.371416
1.0,11,39.39672
1.0,4,39.406045
1.0,11,39.430056
1.0,7,39.445561
-78.0,98,39.549257
1.0,12,39.572581
-1.0,13,39.607657
-1.0,9,39.628675
1.0,9,39.706494
1.0,10,39.734874
-1.0,10,39.754794
0.0,18,39.798204
1.0,15,39.838564
-1.0,10,39.867537
-4.0,21,39.917746
1.0,13,39.961485
-1.0,12,40.008999
-6.0,20,40.060826
-34.0,53,40.128591
-1.0,7,40.141892
-1.0,4,40.153714
1.0,11,40.179404
-1.0,13,40.209856
1.0,10,40.237474
-1.0,12,40.267822
1.0,11,40.294743
0.0,13,40.323233
-1.0,10,40.348549
0.0,12,40.377741
1.0,11,40.404424
-1.0,11,40.433639
1.0,10,40.458122
1.0,8,40.481516
-1.0,11,40.509806
1.0,7,40.528812
0.0,12,40.551847
1.0,11,40.618126
1.0,9,40.647315
1.0,9,40.671447
1.0,9,40.692321
-1.0,14,40.730843
-1.0,13,40.758359
-1.0,8,40.777813
1.0,7,40.794816
-1.0,16,40.831468
0.0,11,40.851697
1.0,12,40.880356
1.0,14,40.905677
-1.0,11,40.934599
-9.0,21,40.975562
1.0,10,41.00394
-5.0,21,41.039603
1.0,9,41.062165
1.0,12,41.095057
-6.0,22,41.13368
1.0,6,41.144338
1.0,10,41.172186
-1.0,8,41.19322
1.0,7,41.209124
1.0,14,41.243394
0.0,15,41.278776
1.0,5,41.289765
1.0,7,41.30789
0.0,15,41.335144
-1.0,9,41.362312
-3.0,16,41.397891
-7.0,25,41.44653
-1.0,6,41.457277
-1.0,7,41.478066
-1.0,11,41.50851
-3.0,15,41.544403
-1.0,13,41.579466
1.0,11,41.608095
-1.0,5,41.621293
1.0,13,41.648818
-1.0,15,41.690305
-1.0,11,41.72357
0.0,16,41.769982
-1.0,9,41.812418
-1.0,11,41.850121
1.0,7,41.866441
-2.0,19,41.911692
-6.0,23,41.9596
1.0,11,41.989657
1.0,14,42.028787
-7.0,26,42.080223
1.0,14,42.115624
0.0,15,42.173452
1.0,10,42.215008
-1.0,12,42.268226
-1.0,13,42.325312
-1.0,7,42.35326
-2.0,14,42.423174
1.0,6,42.443482
1.0,11,42.482239
-1.0,12,42.528436
1.0,13,42.56933
-4.0,21,42.631262
-1.0,9,42.663201
0.0,16,42.724605
1.0,14,42.812035
1.0,15,42.881607
1.0,10,42.926258
1.0,10,42.967196
-1.0,8,43.00262
1.0,9,43.041092
1.0,15,43.165435
1.0,11,43.210059
1.0,14,43.266803
-2.0,16,43.34797
-1.0,5,43.383824
1.0,10,43.426368
-1.0,17,43.484978
1.0,7,43.517375
1.0,9,43.550295
-13.0,31,43.654388
-1.0,14,43.703797
1.0,9,43.726938
1.0,6,43.743927
1.0,10,43.820423
1.0,9,43.88725
1.0,9,43.923651
-6.0,17,44.007088
1.0,8,44.050211
-1.0,7,44.081173
1.0,13,44.120985
-1.0,11,44.149594
1.0,13,44.186448
1.0,6,44.205548
1.0,9,44.227125
0.0,12,44.252212
0.0,17,44.305413
-1.0,14,44.341745
1.0,10,44.361794
-1.0,12,44.395244
1.0,14,44.430979
-1.0,11,44.459586
1.0,11,44.487952
1.0,12,44.521137
1.0,10,44.548965
-1.0,11,44.585404
1.0,8,44.607754
-3.0,17,44.645827
1.0,11,44.675982
-24.0,40,44.744766
-1.0,16,44.803242
-1.0,12,44.842522
1.0,6,44.85723
1.0,11,44.891964
-1.0,9,44.933679
-1.0,9,44.996461
1.0,11,45.048758
0.0,16,45.12882
-1.0,9,45.177064
0.0,17,45.250434
1.0,7,45.284774
1.0,13,45.464684
1.0,12,45.540519
-1.0,13,45.59154
-1.0,14,45.650186
-7.0,23,45.725317
1.0,5,45.750289
1.0,10,45.783472
-1.0,10,45.838156
1.0,8,45.874431
-1.0,8,45.90687
-1.0,8,45.939723
-1.0,7,45.966986
-1.0,9,46.010451
-2.0,21,46.123994
1.0,15,46.185368
1.0,9,46.213953
-1.0,15,46.262911
0.0,17,46.313013
1.0,7,46.343759
-7.0,22,46.430217
1.0,7,46.459614
1.0,9,46.501376
-1.0,13,46.564419
-2.0,16,46.646421
-25.0,41,46.750829
0.0,16,46.811625
0.0,15,46.859291
-4.0,20,46.919507
-8.0,26,46.99211
1.0,8,47.020781
0.0,16,47.068993
1.0,7,47.133143
1.0,7,47.160378
1.0,16,47.205054
1.0,9,47.23601
-1.0,20,47.296508
-1.0,11,47.354965
1.0,10,47.401115
1.0,12,47.443516
-10.0,24,47.491999
-1.0,8,47.517312
1.0,15,47.560523
0.0,14,47.596592
1.0,7,47.612808
1.0,11,47.643349
-1.0,13,47.674458
1.0,15,47.708171
1.0,17,47.743849
1.0,10,47.767353
1.0,17,47.81351
1.0,12,47.848215
-1.0,14,47.885687
1.0,7,47.902574
-2.0,18,47.941194
1.0,15,47.979188
1.0,15,48.013736
-1.0,16,48.05505
-1.0,11,48.084008
1.0,11,48.110914
-10.0,30,48.165292
1.0,9,48.184639
-1.0,13,48.21027
1.0,7,48.22545
1.0,8,48.242896
1.0,15,48.279694
-1.0,11,48.311
-21.0,37,48.358201
-1.0,11,48.383314
1.0,6,48.397186
1.0,8,48.413232
1.0,8,48.433811
1.0,11,48.461554
-1.0,8,48.48313
1.0,8,48.501904
1.0,6,48.515337
-1.0,10,48.537832
1.0,7,48.554316
1.0,9,48.573016
1.0,8,48.589786
-1.0,11,48.62072
-1.0,15,48.649209
1.0,10,48.673753
1.0,9,48.696462
-1.0,11,48.722587
-5.0,19,48.767289
1.0,10,48.793021
-1.0,6,48.810913
1.0,13,48.846162
1.0,7,48.86685
1.0,13,48.8982
-1.0,6,48.911133
1.0,6,48.935161
-1.0,8,48.973471
1.0,9,49.011653
1.0,8,49.034019
1.0,5,49.046957
-1.0,10,49.082299
1.0,15,49.120568
1.0,14,49.156382
1.0,11,49.186844
1.0,5,49.201538
1.0,6,49.219465
-1.0,9,49.24555
1.0,6,49.260622
1.0,11,49.292314
1.0,8,49.312827
1.0,8,49.333951
-1.0,8,49.35406
-1.0,6,49.374264
1.0,8,49.395489
1.0,9,49.432288
-1.0,11,49.506626
-1.0,10,49.553344
-1.0,12,49.591432
-7.0,21,49.635789
-1.0,9,49.677704
-1.0,13,49.722876
-45.0,61,49.802766
-1.0,13,49.837694
1.0,12,49.879183
1.0,12,49.926969
-1.0,12,49.990925
1.0,12,50.033321
-25.0,43,50.117155
1.0,8,50.162742
-1.0,8,50.226589
1.0,9,50.28826
1.0,17,50.342217
1.0,5,50.368726
-1.0,12,50.434906
-2.0,16,50.476617
-1.0,8,50.518057
0.0,13,50.554474
-5.0,18,50.589381
-1.0,11,50.619886
1.0,9,50.644493
-1.0,15,50.689121
-7.0,20,50.730037
-7.0,20,50.787747
-1.0,6,50.839562
-1.0,11,50.915416
-2.0,21,50.976353
1.0,10,51.004264
1.0,9,51.030288
-1.0,17,51.074187
-1.0,7,51.094436
1.0,5,51.107313
1.0,14,51.147221
-1.0,7,51.176649
0.0,12,51.203958
-1.0,9,51.233901
-1.0,12,51.275077
1.0,11,51.315848
1.0,17,51.378852
-1.0,11,51.427176
1.0,8,51.44852
-1.0,5,51.464704
1.0,8,51.490102
-1.0,10,51.524107
-3.0,20,51.585709
1.0,6,51.600423
-1.0,13,51.653523
1.0,8,51.67907
1.0,14,51.712713
-1.0,9,51.742747
-1.0,7,51.767884
1.0,9,51.792454
1.0,11,51.832872
1.0,12,51.865058
1.0,5,51.878093
-2.0,15,51.9162
1.0,9,51.93923
1.0,11,51.995889
1.0,12,52.071303
-3.0,21,52.123278
-18.0,37,52.256945
-1.0,7,52.286382
1.0,9,52.314313
1.0,12,52.348875
1.0,7,52.368618
1.0,9,52.400115
1.0,6,52.417386
1.0,8,52.441496
-2.0,15,52.476527
-1.0,12,52.512446
1.0,6,52.530622
1.0,10,52.560624
1.0,12,52.596199
-1.0,12,52.634436
-1.0,14,52.674309
-1.0,11,52.702854
1.0,10,52.732183
1.0,13,52.771233
1.0,8,52.793887
-1.0,9,52.81793
-33.0,54,52.903592
1.0,8,52.929695
1.0,6,52.945012
-2.0,14,52.978348
-1.0,9,53.003263
1.0,6,53.02267
1.0,9,53.054125
1.0,16,53.098004
-1.0,6,53.128538
-1.0,9,53.169743
1.0,8,53.199687
1.0,6,53.242065
-1.0,11,53.28359
1.0,6,53.303501
-65.0,85,53.410671
-1.0,11,53.443698
0.0,15,53.500948
-1.0,15,53.558811
-1.0,11,53.589949
-1.0,8,53.614049
1.0,9,53.644872
1.0,4,53.658344
1.0,13,53.697668
1.0,9,53.730315
1.0,10,53.764523
1.0,10,53.797313
1.0,9,53.826957
1.0,9,53.858029
-1.0,9,53.891351
1.0,13,53.93034
-1.0,13,53.974209
1.0,14,54.013652
-1.0,8,54.075923
-1.0,12,54.112459
1.0,9,54.135287
1.0,6,54.153207
-1.0,16,54.241428
-1.0,15,54.283405
1.0,12,54.31065
1.0,7,54.329207
-1.0,13,54.362195
1.0,5,54.381313
-1.0,11,54.405928
1.0,10,54.433079
1.0,14,54.466588
1.0,8,54.495399
-1.0,7,54.519403
1.0,10,54.571178
1.0,7,54.595011
-1.0,10,54.62408
1.0,15,54.666229
1.0,10,54.691542
-1.0,6,54.711133
1.0,8,54.7428
1.0,10,54.783794
1.0,6,54.803939
1.0,10,54.832931
-1.0,11,54.865813
1.0,8,54.89462
1.0,12,54.940453
1.0,8,54.965477
1.0,9,54.999905
1.0,9,55.026011
-1.0,10,55.054842
-1.0,13,55.120809
-2.0,13,55.186702
1.0,16,55.286542
1.0,10,55.320515
-1.0,10,55.346174
1.0,13,55.396435
-1.0,8,55.423965
-4.0,18,55.469986
1.0,9,55.499128
1.0,9,55.529824
1.0,10,55.559216
1.0,8,55.580451
-1.0,14,55.611887
0.0,10,55.647375
1.0,11,55.699362
1.0,12,55.751222
-3.0,17,55.809983
1.0,4,55.824677
1.0,10,55.860342
1.0,8,55.886247
1.0,11,55.918305
1.0,11,55.964259
1.0,14,56.014272
-3.0,14,56.053553
-1.0,12,56.115315
1.0,8,56.163273
-1.0,12,56.207463
1.0,11,56.242496
1.0,10,56.269708
1.0,9,56.299346
1.0,13,56.343475
1.0,10,56.37245
-1.0,15,56.415774
-1.0,8,56.446329
1.0,9,56.471595
1.0,15,56.513834
1.0,11,56.54947
-3.0,21,56.600335
-1.0,14,56.648522
1.0,10,56.680151
1.0,6,56.697323
1.0,6,56.716006
1.0,9,56.73982
1.0,13,56.781999
1.0,11,56.808477
-18.0,36,56.886146
1.0,11,56.92026
-1.0,8,56.950222
1.0,5,56.966219
1.0,10,57.010721
1.0,9,57.046822
1.0,11,57.07817
-1.0,12,57.117963
1.0,9,57.147956
1.0,11,57.180514
1.0,11,57.210149
0.0,13,57.245995
1.0,9,57.27844
1.0,7,57.300244
1.0,15,57.368687
-2.0,12,57.406353
1.0,13,57.444579
1.0,10,57.473391
1.0,6,57.492618
1.0,11,57.524643
1.0,12,57.594829
1.0,9,57.637084
1.0,10,57.660196
-23.0,43,57.735062
1.0,11,57.775309
-1.0,16,57.81589
-1.0,9,57.844294
-1.0,10,57.885497
1.0,9,57.937415
-84.0,105,58.152212
1.0,10,58.189691
-1.0,15,58.224743
1.0,4,58.23868
1.0,9,58.269435
-1.0,15,58.30934
1.0,10,58.351672
1.0,6,58.373173
-1.0,17,58.428856
1.0,4,58.445832
1.0,8,58.4812
1.0,11,58.524318
1.0,11,58.56744
-1.0,8,58.593565
1.0,13,58.635556
1.0,10,58.669018
1.0,8,58.696512
1.0,7,58.716998
-6.0,23,58.777268
1.0,14,58.819405
1.0,12,58.852277
1.0,9,58.879422
-1.0,7,58.902696
1.0,8,58.928596
-1.0,11,58.993568
1.0,12,59.061698
1.0,11,59.093482
-1.0,7,59.118128
1.0,10,59.167152
1.0,9,59.196554
-1.0,8,59.245592
1.0,10,59.300192
1.0,13,59.336632
1.0,9,59.360234
1.0,18,59.408896
1.0,12,59.445528
1.0,12,59.476302
-1.0,12,59.509577
1.0,13,59.550316
-1.0,8,59.596204
-1.0,10,59.630369
1.0,6,59.647206
-1.0,12,59.682918
1.0,15,59.721782
1.0,11,59.750962
1.0,7,59.770674
1.0,13,59.842029
1.0,7,59.87487
-1.0,10,59.90359
1.0,9,59.934273
-1.0,6,59.952683
-1.0,12,59.991654
0.0,17,60.045403
1.0,12,60.080813
-1.0,11,60.12286
1.0,11,60.156074
1.0,12,60.186365
-2.0,16,60.222354
-4.0,19,60.262171
1.0,14,60.305797
1.0,9,60.337416
-1.0,7,60.358433
-1.0,9,60.385244
1.0,9,60.420602
1.0,7,60.437352
1.0,11,60.467132
1.0,11,60.496535
-1.0,12,60.533093
1.0,15,60.572577
-1.0,11,60.599703
-1.0,10,60.627444
-1.0,12,60.666231
1.0,10,60.713696
1.0,4,60.733405
1.0,5,60.748745
-1.0,14,60.77639
1.0,14,60.808129
1.0,14,60.841383
1.0,15,60.873533
-1.0,15,60.916258
1.0,5,60.963744
1.0,11,60.99235
-1.0,10,61.019309
1.0,13,61.053137
-1.0,9,61.076597
1.0,7,61.092593
1.0,7,61.110758
-12.0,30,61.165298
-20.0,37,61.211311
1.0,14,61.244969
-1.0,11,61.31803
1.0,14,61.352808
0.0,8,61.366169
1.0,14,61.399592
1.0,5,61.411517
1.0,16,61.456549
1.0,9,61.481492
-2.0,10,61.504916
1.0,9,61.5244
1.0,6,61.539932
1.0,5,61.552268
-1.0,7,61.572935
1.0,11,61.600735
-19.0,35,61.655507
1.0,14,61.693454
1.0,10,61.719174
0.0,18,61.760871
-1.0,7,61.793754
-1.0,10,61.826317
-1.0,7,61.848274
-3.0,18,61.902292
-4.0,20,61.95364
1.0,9,61.985058
1.0,10,62.024985
1.0,8,62.053236
1.0,10,62.088601
1.0,12,62.135242
1.0,7,62.154875
-1.0,9,62.186763
1.0,12,62.232163
-1.0,8,62.262013
-10.0,27,62.328901
1.0,9,62.362099
-1.0,10,62.396061
-9.0,22,62.442279
1.0,11,62.470462
-1.0,11,62.501029
1.0,5,62.51618
-1.0,10,62.548144
-1.0,15,62.591945
-1.0,10,62.619766
1.0,6,62.639593
1.0,8,62.666049
1.0,8,62.691362
1.0,11,62.724856
1.0,6,62.74251
1.0,9,62.769305
-1.0,8,62.793659
1.0,13,62.832725
-1.0,12,62.870286
-1.0,15,62.916006
-1.0,16,62.960856
1.0,11,62.995262
1.0,8,63.020235
1.0,11,63.052755
1.0,9,63.083916
1.0,11,63.121348
1.0,10,63.150211
1.0,7,63.172699
-3.0,14,63.209534
-1.0,14,63.253671
1.0,8,63.278046
1.0,7,63.29877
-68.5,90,63.417526
-1.0,7,63.441093
-1.0,9,63.470259
1.0,9,63.531535
1.0,10,63.589569
1.0,7,63.611105
1.0,13,63.653721
-1.0,7,63.673689
1.0,12,63.704196
-1.0,4,63.716062
1.0,8,63.742799
1.0,12,63.77331
-3.0,15,63.802555
-1.0,7,63.820492
1.0,10,63.86971
1.0,7,63.915232
1.0,7,63.933051
1.0,7,63.950007
-1.0,10,63.975291
-1.0,7,63.99169
-1.0,15,64.031697
-29.0,47,64.08581
1.0,9,64.110041
-1.0,8,64.139177
1.0,14,64.18701
-1.0,14,64.230114
1.0,10,64.256037
1.0,11,64.280851
1.0,7,64.296087
-1.0,11,64.327305
-1.0,12,64.362779
1.0,6,64.379901
1.0,7,64.402128
1.0,11,64.434791
1.0,9,64.454329
1.0,13,64.482539
1.0,10,64.510706
0.0,16,64.545688
-1.0,12,64.580017
1.0,12,64.611759
1.0,18,64.65141
-1.0,9,64.670108
1.0,8,64.689578
1.0,7,64.709618
-30.0,46,64.791141
1.0,6,64.806741
-9.0,25,64.858551
1.0,7,64.878499
1.0,8,64.901823
-1.0,13,64.940165
1.0,10,64.973854
1.0,9,65.004415
1.0,16,65.044593
-1.0,7,65.065299
1.0,11,65.10158
-21.0,35,65.155496
-26.0,42,65.275962
1.0,5,65.291203
1.0,11,65.325811
1.0,8,65.349511
-22.0,39,65.419565
-1.0,10,65.446702
-2.0,16,65.489302
1.0,10,65.520017
1.0,9,65.547018
-1.0,11,65.578386
1.0,12,65.617306
1.0,8,65.637536
-19.0,34,65.695235
1.0,6,65.715473
1.0,9,65.741114
1.0,12,65.770679
1.0,9,65.80349
-1.0,13,65.84648
-3.0,21,65.89844
-1.0,9,65.962123
1.0,8,65.994289
1.0,5,66.010798
1.0,10,66.044194
1.0,7,66.059428
1.0,6,66.076297
1.0,10,66.099788
-13.0,28,66.146493
1.0,12,66.182934
1.0,8,66.206057
1.0,6,66.225364
1.0,11,66.259447
1.0,4,66.269463
1.0,14,66.313643
-4.0,19,66.392911
1.0,16,66.438617
-1.0,16,66.489476
1.0,13,66.530861
1.0,6,66.548423
0.0,13,66.584593
1.0,8,66.618076
1.0,6,66.634366
1.0,14,66.6782
1.0,9,66.705315
1.0,16,66.748066
1.0,9,66.773706
-2.0,14,66.809142
-1.0,10,66.840521
-1.0,10,66.871838
1.0,8,66.89609
1.0,8,66.919807
-1.0,11,66.954586
-3.0,16,66.997562
-1.0,9,67.022972
-82.0,103,67.152465
1.0,8,67.174745
1.0,11,67.202592
1.0,10,67.233879
1.0,5,67.249965
-48.0,67,67.350531
1.0,7,67.371752
1.0,8,67.396916
-17.0,32,67.458983
1.0,10,67.49085
1.0,10,67.516731
1.0,15,67.553046
-14.0,33,67.604887
-1.0,10,67.635127
-1.0,10,67.667618
-2.0,14,67.705576
-1.0,17,67.748001
-1.0,12,67.789599
1.0,8,67.815829
1.0,10,67.848137
-10.0,26,67.901399
1.0,6,67.921827
-1.0,8,67.945712
1.0,7,67.966401
1.0,12,67.997869
1.0,11,68.036599
-1.0,10,68.062347
1.0,10,68.088303
1.0,10,68.121314
1.0,18,68.172523
1.0,11,68.20028
-1.0,14,68.2426
1.0,7,68.259456
1.0,7,68.280494
1.0,8,68.302652
1.0,6,68.320485
-1.0,11,68.352465
1.0,10,68.384275
1.0,14,68.424238
1.0,15,68.472657
1.0,8,68.496711
-1.0,11,68.53207
1.0,6,68.546151
1.0,8,68.568987
-2.0,16,68.608032
1.0,10,68.63752
1.0,8,68.660534
-1.0,12,68.696835
1.0,15,68.733646
-1.0,10,68.763476
1.0,12,68.796232
1.0,13,68.835588
1.0,9,68.864434
1.0,11,68.942827
1.0,5,68.974202
-1.0,11,69.01012
-2.0,12,69.046333
1.0,10,69.075546
1.0,9,69.099174
1.0,12,69.136672
-1.0,15,69.179109
1.0,13,69.215954
1.0,6,69.231274
1.0,15,69.278733
-12.0,30,69.338271
1.0,10,69.364033
-1.0,10,69.398396
-1.0,7,69.417673
0.0,15,69.457136
-1.0,7,69.481325
-38.0,56,69.565912
-18.0,37,69.642636
-1.0,5,69.660684
1.0,8,69.685685
-1.0,13,69.729171
1.0,13,69.766781
1.0,9,69.795568
1.0,11,69.825684
1.0,12,69.857587
1.0,8,69.884042
1.0,8,69.90488
1.0,10,69.993299
1.0,10,70.02554
1.0,5,70.038445
1.0,11,70.077585
-1.0,4,70.091865
1.0,4,70.10446
1.0,6,70.119888
0.0,13,70.152037
1.0,10,70.180733
1.0,10,70.21159
1.0,10,70.248238
1.0,13,70.283886
1.0,7,70.309766
1.0,8,70.336735
1.0,9,70.365044
1.0,13,70.410277
-1.0,8,70.43672
-1.0,11,70.474436
1.0,7,70.494681
1.0,7,70.517299
1.0,10,70.55262
-1.0,12,70.59176
-15.0,30,70.650215
1.0,10,70.677999
1.0,9,70.703142
-1.0,7,70.719621
1.0,10,70.748554
1.0,12,70.781705
1.0,17,70.827073
1.0,9,70.853435
1.0,7,70.877108
1.0,12,70.920684
1.0,7,70.94626
1.0,13,70.988173
-1.0,12,71.027845
1.0,10,71.05358
1.0,6,71.073615
1.0,6,71.094188
1.0,9,71.123167
1.0,8,71.146548
1.0,11,71.18358
-1.0,9,71.210957
-1.0,8,71.241091
-2.0,16,71.284496
1.0,9,71.309063
-1.0,10,71.335179
1.0,13,71.374459
1.0,9,71.402783
1.0,13,71.445746
1.0,12,71.481376
1.0,10,71.51346
1.0,9,71.539805
-1.0,12,71.571893
1.0,13,71.619011
-1.0,10,71.649905
1.0,10,71.687691
1.0,5,71.708312
0.0,17,71.754208
1.0,12,71.793545
-1.0,14,71.842553
1.0,12,71.879067
-1.0,7,71.895986
1.0,15,71.932559
1.0,11,71.966745
-1.0,10,71.999378
-1.0,6,72.023004
-1.0,14,72.056308
-1.0,8,72.078034
1.0,10,72.163605
-1.0,13,72.208174
-1.0,12,72.244578
1.0,10,72.270018
-1.0,11,72.306157
1.0,12,72.347534
1.0,11,72.376954
1.0,9,72.404406
1.0,12,72.451542
-1.0,11,72.486938
-1.0,11,72.523917
1.0,5,72.540727
1.0,8,72.567206
1.0,14,72.613404
-2.0,16,72.6597
1.0,5,72.675389
-1.0,13,72.714643
-1.0,8,72.744903
-1.0,5,72.761247
1.0,12,72.800768
1.0,12,72.834517
1.0,15,72.887451
1.0,10,72.917997
1.0,6,72.93713
-1.0,9,72.967309
-1.0,10,72.996082
1.0,13,73.042716
1.0,11,73.082495
1.0,6,73.104305
1.0,9,73.135851
1.0,5,73.155002
-1.0,16,73.202781
1.0,7,73.223681
1.0,14,73.263035
1.0,8,73.286226
-3.0,16,73.325755
-1.0,7,73.356355
1.0,12,73.392538
1.0,14,73.431536
1.0,18,73.482257
1.0,12,73.515928
1.0,8,73.541157
1.0,8,73.616832
1.0,11,73.651266
-1.0,9,73.688564
1.0,8,73.709666
-1.0,12,73.744154
1.0,6,73.763335
1.0,15,73.809351
1.0,8,73.834833
1.0,9,73.861067
1.0,14,73.907899
1.0,10,73.93933
1.0,5,73.955773
1.0,8,73.99006
1.0,10,74.021131
-105.0,127,74.181533
-1.0,5,74.1936
1.0,11,74.225549
0.0,18,74.264392
1.0,14,74.30969
1.0,10,74.334137
1.0,6,74.355796
-1.0,15,74.408892
1.0,14,74.446199
-1.0,10,74.47041
-1.0,9,74.501155
1.0,12,74.53835
-1.0,7,74.568774
1.0,7,74.590823
1.0,8,74.616064
1.0,8,74.644631
-1.0,7,74.669265
-4.0,18,74.727873
1.0,10,74.757708
-1.0,9,74.794106
-60.0,74,74.985186
1.0,14,75.036426
-31.0,52,75.143353
1.0,6,75.161671
1.0,8,75.198336
1.0,12,75.245783
-1.0,7,75.273344
1.0,11,75.309637
-2.0,16,75.359864
1.0,8,75.38572
1.0,10,75.421754
-1.0,10,75.45202
-1.0,13,75.506877
1.0,5,75.520611
1.0,11,75.560356
1.0,8,75.592446
-1.0,10,75.633192
1.0,10,75.718608
1.0,10,75.762394
1.0,8,75.799623
1.0,8,75.830757
1.0,13,75.878671
1.0,8,75.909808
1.0,8,75.937871
1.0,9,75.9675
1.0,7,75.987854
-1.0,6,76.01465
-1.0,13,76.064793
1.0,6,76.096116
-86.5,108,76.294742
1.0,6,76.314449
1.0,11,76.353957
1.0,6,76.37706
1.0,9,76.416152
1.0,7,76.44278
1.0,8,76.472404
1.0,8,76.509301
1.0,8,76.542971
1.0,15,76.610344
1.0,10,76.65871
-1.0,13,76.720783
-1.0,10,76.765141
-1.0,12,76.828587
1.0,6,76.855256
1.0,10,76.896404
1.0,13,76.945939
1.0,14,77.004714
1.0,7,77.042891
1.0,14,77.117927
1.0,8,77.156384
-1.0,8,77.195251
1.0,14,77.256567
1.0,11,77.306867
1.0,9,77.393755
1.0,12,77.484327
1.0,11,77.545398
-1.0,7,77.579947
1.0,14,77.638453
1.0,4,77.652776
1.0,6,77.668351
-1.0,9,77.701983
1.0,5,77.717527
-1.0,10,77.757446
1.0,7,77.778627
1.0,7,77.807181
1.0,13,77.847093
-1.0,6,77.871671
1.0,9,77.902929
-30.0,48,78.054579
1.0,9,78.085795
1.0,12,78.132274
1.0,11,78.182583
-6.0,20,78.252167
-43.0,61,78.406523
-1.0,10,78.447016
1.0,6,78.471515
1.0,11,78.523664
-1.0,10,78.568521
-40.5,62,78.707649
1.0,12,78.744656
1.0,9,78.77786
1.0,12,78.826124
1.0,12,78.886762
1.0,9,78.917754
1.0,8,78.9477
-1.0,10,78.993992
-1.0,6,79.016911
-1.0,10,79.061127
1.0,7,79.101755
1.0,7,79.126969
1.0,8,79.164912
-1.0,12,79.232883
1.0,11,79.291998
1.0,6,79.326687
1.0,9,79.389224
1.0,9,79.438707
1.0,11,79.499887
1.0,13,79.568366
1.0,9,79.626051
1.0,11,79.67174
1.0,14,79.724272
-1.0,6,79.746571
-1.0,10,79.779974
-102.0,119,79.912811
1.0,10,79.937218
1.0,17,79.983598
1.0,10,80.008998
-1.0,8,80.030997
-1.0,8,80.056667
1.0,9,80.081024
1.0,13,80.114767
1.0,6,80.129614
-44.0,60,80.201135
1.0,5,80.211218
1.0,11,80.243215
1.0,10,80.265609
1.0,7,80.282353
1.0,12,80.313433
-1.0,13,80.339274
1.0,6,80.352415
1.0,10,80.378475
1.0,14,80.409684
1.0,11,80.435117
1.0,11,80.466465
1.0,9,80.490396
-15.0,33,80.547734
1.0,6,80.56311
1.0,11,80.592097
1.0,9,80.619499
1.0,8,80.636518
-1.0,13,80.668314
-1.0,11,80.699219
-1.0,14,80.749184
-1.0,9,80.778035
1.0,7,80.8004
-1.0,11,80.830815
-1.0,8,80.860488
1.0,13,80.900259
1.0,10,80.928289
1.0,13,80.974208
-1.0,12,81.025315
-1.0,5,81.050176
0.0,15,81.134443
-1.0,11,81.178634
1.0,16,81.23548
1.0,12,81.271689
1.0,15,81.317587
1.0,13,81.355454
-1.0,10,81.391046
1.0,11,81.420552
1.0,8,81.44431
1.0,10,81.475087
-1.0,10,81.51188
1.0,13,81.574015
1.0,9,81.62736
1.0,8,81.649914
1.0,10,81.683158
1.0,8,81.708498
1.0,8,81.752376
-1.0,8,81.799346
-30.0,48,81.889577
1.0,15,81.935905
1.0,9,81.962247
1.0,11,82.000211
-1.0,9,82.02791
1.0,9,82.054873
-1.0,10,82.085046
-1.0,10,82.117565
-1.0,10,82.146434
1.0,6,82.168857
-1.0,8,82.195349
1.0,9,82.219461
1.0,10,82.255104
-5.0,16,82.319382
1.0,9,82.356704
1.0,6,82.373789
1.0,12,82.410857
1.0,8,82.436899
1.0,11,82.467866
1.0,5,82.482415
1.0,7,82.517951
1.0,11,82.577906
-1.0,9,82.604872
-1.0,13,82.647066
1.0,9,82.676858
1.0,15,82.745069
-55.0,69,82.86545
1.0,9,82.892274
1.0,13,82.938761
-1.0,8,82.981714
1.0,12,83.028945
-1.0,13,83.06138
1.0,17,83.112059
1.0,9,83.13807
1.0,9,83.164241
1.0,13,83.202833
-1.0,11,83.24459
-1.0,8,83.269829
-1.0,8,83.293077
1.0,15,83.338545
1.0,9,83.386896
1.0,15,83.434159
-1.0,12,83.473438
1.0,13,83.508879
-1.0,9,83.542021
1.0,10,83.571885
1.0,14,83.613448
1.0,12,83.646043
-1.0,7,83.670239
1.0,9,83.696509
1.0,17,83.744907
1.0,12,83.77993
1.0,13,83.819845
-124.0,140,83.981465
1.0,11,84.042376
1.0,9,84.076352
1.0,14,84.122224
1.0,7,84.146957
1.0,4,84.172861
-1.0,8,84.206727
1.0,7,84.227539
-1.0,10,84.253022
-94.0,115,84.418618
1.0,14,84.464276
1.0,10,84.501084
1.0,7,84.521297
1.0,10,84.55088
-1.0,8,84.578508
1.0,9,84.604923
-1.0,9,84.632641
1.0,5,84.648213
1.0,13,84.69133
1.0,11,84.727496
1.0,13,84.772199
1.0,11,84.807269
-1.0,9,84.835884
-1.0,11,84.871671
1.0,9,84.904022
1.0,10,84.941252
1.0,10,84.975129
1.0,13,85.02155
-1.0,9,85.045744
1.0,13,85.07849
-2.0,14,85.11208
0.0,17,85.16587
-1.0,7,85.194598
1.0,9,85.226593
1.0,6,85.24379
-1.0,8,85.270785
-1.0,7,85.292448
-31.0,50,85.381384
1.0,7,85.404773
1.0,6,85.426393
-1.0,10,85.458518
1.0,9,85.480236
-1.0,9,85.508266
-16.0,35,85.586123
1.0,9,85.623099
1.0,6,85.638636
1.0,13,85.677155
-5.0,21,85.735102
1.0,13,85.772538
1.0,9,85.799677
1.0,11,85.827645
1.0,10,85.863473
-1.0,10,85.893752
1.0,9,85.946297
1.0,17,85.998822
-92.0,107,86.175647
1.0,9,86.199893
1.0,13,86.236266
1.0,6,86.256391
-1.0,7,86.282119
1.0,7,86.31144
1.0,11,86.346969
-1.0,14,86.392742
1.0,5,86.411127
1.0,7,86.431005
1.0,12,86.469439
-1.0,15,86.510771
-1.0,13,86.587691
1.0,13,86.627504
1.0,11,86.672058
1.0,8,86.707311
1.0,8,86.739674
1.0,13,86.77454
1.0,13,86.826849
1.0,7,86.856642
-1.0,10,86.898695
1.0,8,86.933415
1.0,12,86.975074
1.0,5,86.990544
-1.0,11,87.035122
1.0,9,87.065359
-1.0,8,87.089535
-1.0,8,87.114127
-1.0,12,87.149551
1.0,10,87.183254
1.0,15,87.231307
1.0,10,87.273634
1.0,12,87.347431
-1.0,11,87.377207
1.0,9,87.403661
1.0,10,87.439775
1.0,11,87.476439
1.0,12,87.514453
1.0,11,87.549683
1.0,9,87.576288
-1.0,16,87.627568
1.0,5,87.641142
1.0,12,87.669434
1.0,11,87.704075
-1.0,4,87.718744
1.0,9,87.74083
1.0,11,87.77385
-40.0,55,87.878278
-7.0,25,87.962261
1.0,12,87.997558
1.0,8,88.020729
-10.0,19,88.056056
1.0,12,88.091394
-21.0,38,88.161481
1.0,9,88.187343
1.0,9,88.21463
1.0,10,88.25315
1.0,9,88.276632
1.0,6,88.29346
1.0,4,88.306594
1.0,4,88.324117
1.0,12,88.361863
-1.0,7,88.396436
1.0,9,88.423774
1.0,9,88.454731
1.0,16,88.53161
1.0,10,88.606896
-1.0,5,88.642608
1.0,12,88.708833
-16.0,32,88.773309
1.0,11,88.81002
1.0,10,88.838683
1.0,14,88.899674
1.0,13,88.938174
-80.0,94,89.051612
-6.0,19,89.099235
1.0,12,89.138092
1.0,4,89.150054
1.0,10,89.180503
1.0,6,89.197693
1.0,9,89.232021
1.0,11,89.266212
1.0,9,89.29064
-15.0,32,89.352053
1.0,12,89.389616
1.0,9,89.42424
1.0,10,89.452088
-1.0,13,89.492336
1.0,10,89.527559
-21.0,40,89.597798
1.0,10,89.623999
1.0,11,89.651624
1.0,10,89.68724
1.0,11,89.716452
1.0,5,89.732055
-1.0,8,89.756959
1.0,9,89.787194
1.0,9,89.814104
1.0,7,89.836716
1.0,5,89.84841
1.0,10,89.879413
1.0,14,89.919312
1.0,12,89.960959
1.0,11,89.997098
1.0,6,90.017249
1.0,9,90.061626
1.0,6,90.076886
1.0,11,90.116471
-1.0,10,90.149495
-1.0,10,90.182781
1.0,9,90.212013
1.0,4,90.226665
1.0,6,90.256188
-1.0,13,90.301602
1.0,10,90.335763
-1.0,9,90.371868
1.0,14,90.424261
1.0,11,90.468323
-1.0,10,90.528847
1.0,4,90.539159
-1.0,12,90.58867
-9.0,23,90.668764
-1.0,8,90.69453
1.0,15,90.740084
1.0,9,90.788785
1.0,9,90.839382
-1.0,12,90.87884
-1.0,15,90.925086
1.0,9,90.954007
1.0,4,90.967438
-13.0,29,91.024578
1.0,7,91.048612
1.0,11,91.109339
1.0,6,91.131193
1.0,10,91.15687
1.0,10,91.194644
-1.0,9,91.233191
1.0,4,91.246912
1.0,9,91.267401
-1.0,11,91.3003
-1.0,17,91.36267
1.0,8,91.387333
1.0,11,91.415948
1.0,9,91.441374
1.0,8,91.470211
-1.0,18,91.516736
1.0,8,91.540317
1.0,7,91.55751
1.0,12,91.598869
1.0,13,91.669296
-1.0,7,91.697753
-1.0,11,91.777907
1.0,18,91.83403
1.0,11,91.866274
1.0,7,91.886382
1.0,13,91.92504
1.0,4,91.941635
-10.0,25,91.999921
1.0,6,92.015543
-1.0,9,92.045364
1.0,11,92.086468
1.0,12,92.122042
1.0,11,92.156859
-1.0,7,92.187394
1.0,6,92.211485
1.0,11,92.246931
1.0,8,92.271046
1.0,12,92.305325
-1.0,14,92.345654
1.0,9,92.371472
1.0,7,92.389101
1.0,8,92.412316
1.0,11,92.443797
-1.0,13,92.492908
-1.0,12,92.535135
-1.0,10,92.572786
-1.0,6,92.595019
1.0,9,92.659821
1.0,8,92.695313
1.0,10,92.723102
1.0,7,92.745641
1.0,14,92.781993
1.0,9,92.814134
1.0,7,92.84199
1.0,4,92.869744
1.0,5,92.894979
1.0,4,92.908773
1.0,13,92.950409
-1.0,14,92.996341
1.0,8,93.022924
1.0,9,93.060801
1.0,8,93.085422
1.0,4,93.101719
1.0,11,93.136196
1.0,13,93.171717
1.0,15,93.209426
-1.0,11,93.24686
1.0,14,93.287459
1.0,12,93.330501
-1.0,11,93.365963
-1.0,14,93.410229
-1.0,7,93.433437
1.0,6,93.450181
1.0,9,93.476099
1.0,14,93.529191
-81.0,99,93.664553
1.0,5,93.681046
1.0,9,93.711404
1.0,16,93.768281
1.0,12,93.80933
1.0,8,93.83362
1.0,5,93.846992
1.0,8,93.87416
1.0,8,93.904043
1.0,10,93.931801
-1.0,9,93.988703
-40.0,54,94.089172
1.0,7,94.111373
-1.0,8,94.134762
1.0,8,94.169483
-1.0,14,94.251477
1.0,11,94.283473
-1.0,6,94.303602
1.0,13,94.347021
1.0,9,94.376999
1.0,15,94.42591
1.0,7,94.445676
1.0,11,94.487857
-1.0,8,94.53158
-42.0,57,94.611444
1.0,8,94.629511
-1.0,12,94.667545
1.0,9,94.699622
1.0,8,94.723727
1.0,12,94.761919
1.0,9,94.801654
1.0,10,94.837149
-1.0,8,94.864426
1.0,12,94.909994
1.0,10,94.943764
-1.0,6,94.965021
1.0,7,94.987287
-1.0,11,95.028305
1.0,4,95.041698
-1.0,7,95.066734
1.0,12,95.107981
1.0,9,95.13657
-1.0,8,95.164533
1.0,6,95.183781
1.0,12,95.223125
-50.0,61,95.297552
1.0,10,95.327783
-1.0,6,95.347723
-1.0,10,95.381107
1.0,13,95.420602
-1.0,16,95.478267
1.0,15,95.531244
-1.0,4,95.543503
-53.0,70,95.64521
-1.0,6,95.6656
1.0,10,95.720917
-1.0,11,95.807469
-20.0,38,95.913605
1.0,8,95.939658
-1.0,8,95.973262
-1.0,15,96.014372
-1.0,13,96.056982
1.0,14,96.096363
1.0,9,96.130303
-1.0,16,96.186995
1.0,11,96.224427
1.0,6,96.242777
1.0,10,96.269525
1.0,13,96.302989
-1.0,12,96.345776
1.0,8,96.376824
1.0,7,96.410855
1.0,10,96.475346
1.0,9,96.503342
1.0,12,96.537301
1.0,7,96.563453
1.0,9,96.588162
-1.0,8,96.612184
1.0,11,96.646344
1.0,6,96.66502
1.0,12,96.701063
1.0,11,96.733169
-1.0,11,96.766972
-1.0,11,96.803665
-1.0,9,96.830219
-1.0,7,96.849014
1.0,10,96.879742
1.0,14,96.921036
1.0,9,96.953779
1.0,8,96.982575
1.0,9,97.010699
1.0,9,97.039149
1.0,5,97.056333
1.0,16,97.168169
1.0,16,97.220165
1.0,8,97.250307
1.0,11,97.285369
1.0,6,97.304687
1.0,6,97.326684
1.0,7,97.347737
1.0,10,97.376995
1.0,18,97.428561
-22.0,42,97.504512
1.0,11,97.54065
-1.0,4,97.55309
1.0,11,97.584064
-1.0,10,97.612244
1.0,12,97.651988
-16.0,34,97.720726
1.0,8,97.743253
1.0,7,97.800439
-1.0,9,97.832305
1.0,9,97.854475
1.0,9,97.880917
1.0,13,97.918067
-1.0,10,97.951416
-53.0,74,98.050183
1.0,7,98.072363
1.0,13,98.144291
1.0,12,98.184165
1.0,12,98.218111
1.0,14,98.254089
1.0,12,98.289877
-1.0,10,98.323053
1.0,14,98.358914
-1.0,10,98.387426
1.0,11,98.416067
-1.0,5,98.432671
1.0,15,98.470952
-1.0,15,98.520014
1.0,11,98.55287
1.0,9,98.579616
1.0,9,98.605806
1.0,18,98.659913
1.0,12,98.695141
1.0,4,98.709567
-10.0,27,98.764452
1.0,11,98.79493
1.0,11,98.826586
-70.0,88,98.961769
1.0,15,99.073716
1.0,7,99.109621
1.0,7,99.131028
1.0,7,99.153891
1.0,14,99.194978
1.0,10,99.22238
-27.0,43,99.299199
1.0,14,99.338953
-1.0,11,99.366188
1.0,11,99.397103
1.0,6,99.413596
1.0,9,99.446401
1.0,12,99.480511
-1.0,9,99.506288
-1.0,7,99.528338
1.0,8,99.554448
-1.0,8,99.589173
-52.0,65,99.681299
1.0,13,99.723122
1.0,10,99.760533
1.0,15,99.803227
-1.0,8,99.829938
1.0,10,99.858715
-1.0,6,99.88029
0.0,15,99.922801
1.0,6,99.94142
1.0,16,99.990572
1.0,8,100.019232
1.0,14,100.064204
-1.0,9,100.095142
1.0,10,100.133289
1.0,9,100.160387
1.0,6,100.18252
1.0,8,100.207018
1.0,11,100.238086
1.0,13,100.281353
1.0,11,100.307766
1.0,11,100.341303
1.0,13,100.378416
1.0,6,100.399275
-1.0,12,100.434701
1.0,11,100.466069
-1.0,12,100.498897
-1.0,10,100.52932
1.0,9,100.556144
-24.0,40,100.617984
-1.0,8,100.640358
1.0,9,100.669186
-1.0,10,100.698901
1.0,6,100.719594
1.0,10,100.743587
1.0,12,100.791043
-1.0,11,100.837667
1.0,17,100.880673
1.0,9,100.9051
1.0,6,100.925625
-1.0,10,100.953933
-1.0,8,100.974683
1.0,14,101.007923
1.0,7,101.034906
-1.0,6,101.051998
1.0,8,101.073795
1.0,6,101.090772
-1.0,7,101.111784
1.0,7,101.131985
-1.0,11,101.163479
1.0,7,101.183114
1.0,6,101.200732
1.0,10,101.230511
1.0,6,101.245946
-1.0,11,101.275553
1.0,8,101.301207
-1.0,7,101.323024
-1.0,14,101.360087
-1.0,10,101.387473
1.0,9,101.415548
1.0,6,101.430081
1.0,10,101.458352
1.0,4,101.469424
1.0,13,101.5072
1.0,13,101.546179
1.0,12,101.577564
-39.0,54,101.655222
1.0,6,101.674893
-1.0,6,101.690125
1.0,7,101.710358
1.0,17,101.751609
-1.0,19,101.797872
1.0,12,101.849252
-38.0,56,101.954411
1.0,11,102.006972
1.0,7,102.037945
-1.0,9,102.05922
-1.0,10,102.081759
-1.0,6,102.098646
-1.0,13,102.14421
1.0,10,102.17192
1.0,8,102.192819
-59.0,74,102.290529
-12.0,27,102.335918
1.0,10,102.3644
1.0,7,102.384676
-1.0,6,102.400465
1.0,5,102.416294
-1.0,6,102.435599
1.0,10,102.461658
-2.0,13,102.500636
1.0,14,102.55354
1.0,13,102.5879
-1.0,14,102.623998
-1.0,10,102.652031
1.0,11,102.686031
-1.0,11,102.718893
-1.0,12,102.757444
1.0,13,102.849006
1.0,9,102.883992
1.0,15,102.918426
-1.0,12,102.951916
1.0,9,102.975883
1.0,4,102.988174
1.0,4,102.999371
-1.0,10,103.030071
1.0,4,103.043098
-1.0,11,103.077826
1.0,11,103.106276
1.0,9,103.133133
-1.0,6,103.149964
1.0,10,103.181114
1.0,9,103.206764
1.0,7,103.227068
-4.0,23,103.27408
1.0,10,103.306925
1.0,15,103.34967
1.0,13,103.383028
-1.0,12,103.420784
1.0,8,103.446756
1.0,9,103.47134
-1.0,9,103.496586
1.0,14,103.531878
1.0,4,103.54357
-1.0,13,103.571779
1.0,13,103.60709
1.0,5,103.621609
-1.0,8,103.647742
1.0,9,103.673521
1.0,12,103.704426
1.0,7,103.72378
1.0,6,103.739896
1.0,15,103.785292
1.0,7,103.805909
1.0,8,103.850007
1.0,9,103.88576
1.0,12,103.917494
-1.0,7,103.938184
1.0,5,103.950678
-1.0,9,103.979107
1.0,12,104.012559
1.0,9,104.038937
1.0,8,104.058966
1.0,9,104.087562
1.0,8,104.110113
1.0,8,104.130425
1.0,12,104.164688
-1.0,10,104.194687
1.0,9,104.223688
1.0,10,104.253375
-1.0,7,104.274486
1.0,5,104.291121
-1.0,10,104.319326
1.0,11,104.350678
1.0,10,104.378411
1.0,10,104.41148
-2.0,14,104.44859
-1.0,8,104.472492
1.0,5,104.485324
-1.0,6,104.501844
1.0,5,104.515723
1.0,13,104.551266
1.0,9,104.573309
1.0,9,104.601339
-1.0,11,104.632008
-1.0,10,104.660173
-1.0,12,104.693037
-1.0,10,104.722621
-69.0,87,104.828281
1.0,12,104.868997
-27.0,46,104.985515
1.0,9,105.013531
-25.0,39,105.069358
1.0,12,105.100998
1.0,5,105.1169
1.0,14,105.153256
-1.0,13,105.187515
1.0,9,105.238866
-1.0,12,105.29485
1.0,9,105.356967
1.0,7,105.378217
1.0,9,105.401346
1.0,6,105.412124
-1.0,11,105.449036
1.0,10,105.476948
1.0,10,105.503631
-1.0,7,105.525112
1.0,9,105.553129
1.0,12,105.583572
1.0,4,105.594379
1.0,11,105.625093
1.0,6,105.642164
1.0,7,105.662388
1.0,9,105.690533
1.0,12,105.722967
1.0,11,105.761495
1.0,6,105.785585
1.0,10,105.81738
1.0,8,105.841166
1.0,13,105.88165
-1.0,8,105.907137
1.0,13,105.978322
1.0,7,106.024826
1.0,9,106.099277
-104.0,125,106.25249
1.0,9,106.276415
1.0,13,106.30922
1.0,10,106.343056
1.0,10,106.369599
1.0,5,106.384786
1.0,10,106.406367
1.0,8,106.431139
1.0,12,106.464439
1.0,10,106.492856
1.0,7,106.511502
1.0,10,106.540082
-1.0,12,106.574379
1.0,10,106.602012
0.0,15,106.640416
1.0,11,106.695581
1.0,11,106.726299
1.0,13,106.759398
1.0,9,106.784183
1.0,8,106.807307
1.0,7,106.8242
1.0,15,106.868886
1.0,11,106.899731
1.0,8,106.927732
1.0,12,106.957502
1.0,10,106.981506
1.0,11,107.013293
-1.0,13,107.050318
-45.0,61,107.132566
1.0,10,107.169457
1.0,10,107.202133
1.0,6,107.222501
-1.0,14,107.260497
0.0,18,107.327654
1.0,7,107.346603
1.0,8,107.366933
1.0,7,107.38508
1.0,9,107.415295
1.0,12,107.495969
-1.0,10,107.544382
1.0,6,107.55966
1.0,9,107.587801
1.0,5,107.600807
1.0,13,107.638633
1.0,9,107.66435
1.0,14,107.704793
-1.0,10,107.733941
1.0,11,107.767106
1.0,12,107.797159
1.0,14,107.836262
-1.0,12,107.875804
1.0,13,107.93124
1.0,17,107.983976
1.0,10,108.013317
1.0,6,108.028994
-1.0,10,108.063359
-1.0,11,108.09326
1.0,12,108.129203
1.0,12,108.163475
-1.0,9,108.192532
1.0,10,108.218375
1.0,8,108.242844
1.0,9,108.269138
1.0,17,108.318956
-1.0,9,108.345676
-1.0,8,108.370722
1.0,9,108.3981
1.0,6,108.418684
-1.0,16,108.45909
-1.0,9,108.48685
1.0,9,108.515743
1.0,9,108.546178
-1.0,7,108.568094
1.0,7,108.588767
1.0,10,108.615551
1.0,7,108.640243
1.0,9,108.67092
1.0,11,108.701843
1.0,9,108.726545
-1.0,10,108.758485
-1.0,8,108.792816
1.0,9,108.832045
1.0,8,108.855986
1.0,8,108.880523
1.0,10,108.920729
-1.0,10,108.994399
1.0,15,109.077872
1.0,9,109.112421
1.0,10,109.143626
1.0,15,109.184618
1.0,6,109.201756
-1.0,12,109.239314
1.0,10,109.268079
-2.0,14,109.316735
1.0,11,109.371387
1.0,13,109.414819
1.0,8,109.443731
1.0,13,109.476915
1.0,14,109.517596
-1.0,10,109.551567
1.0,6,109.56933
-1.0,10,109.596536
1.0,14,109.6376
1.0,10,109.667798
-1.0,5,109.682659
1.0,9,109.708012
1.0,7,109.726366
-1.0,4,109.740357
1.0,9,109.766657
1.0,9,109.790789
1.0,6,109.805954
1.0,5,109.822571
1.0,10,109.849725
1.0,7,109.86863
1.0,14,109.9034
-1.0,11,109.948733
-1.0,15,109.989569
1.0,11,110.021483
-221.0,242,110.287362
1.0,8,110.31839
-1.0,7,110.340161
1.0,15,110.379516
-1.0,10,110.410421
1.0,6,110.43262
-1.0,12,110.475846
1.0,15,110.52196
-1.0,8,110.545581
1.0,9,110.605456
1.0,11,110.638071
-46.0,61,110.721941
1.0,8,110.743498
-10.0,22,110.796917
1.0,9,110.822347
1.0,8,110.843886
1.0,11,110.875879
1.0,9,110.90406
1.0,12,110.939875
1.0,9,110.962862
1.0,9,110.988482
-1.0,11,111.030955
-1.0,16,111.07312
1.0,10,111.101985
-1.0,11,111.129205
1.0,11,111.161881
1.0,9,111.181996
1.0,9,111.206761
-1.0,13,111.243585
-1.0,15,111.281927
1.0,9,111.305082
1.0,12,111.337779
1.0,11,111.36974
-1.0,13,111.408195
1.0,10,111.44081
1.0,8,111.463228
1.0,9,111.488429
1.0,11,111.522856
1.0,8,111.548333
1.0,9,111.572472
-1.0,9,111.593459
-1.0,13,111.636881
1.0,10,111.662743
1.0,10,111.692203
-1.0,4,111.704047
1.0,13,111.737207
1.0,12,111.766882
1.0,7,111.784737
1.0,5,111.797451
-1.0,10,111.828196
1.0,11,111.858017
-1.0,12,111.893242
1.0,16,111.936302
1.0,14,111.978768
-16.0,31,112.064068
1.0,9,112.098238
-1.0,12,112.132195
1.0,12,112.168043
-1.0,15,112.206511
-58.0,74,112.306265
-111.0,132,112.465073
1.0,7,112.490756
1.0,11,112.53449
1.0,7,112.562044
1.0,5,112.579151
1.0,6,112.599048
1.0,11,112.63454
1.0,7,112.653359
1.0,13,112.688021
1.0,11,112.723086
-1.0,8,112.750753
-1.0,14,112.799709
-1.0,7,112.823138
1.0,14,112.8669
1.0,13,112.908279
1.0,8,112.928179
1.0,8,112.950105
1.0,12,112.993118
1.0,12,113.03225
-1.0,11,113.061735
1.0,11,113.092203
1.0,13,113.128847
1.0,12,113.16417
-47.0,66,113.30789
1.0,14,113.355054
1.0,15,113.404855
1.0,11,113.443827
1.0,14,113.529472
-1.0,10,113.562613
-1.0,13,113.604877
1.0,11,113.633196
1.0,16,113.678303
1.0,10,113.706339
1.0,12,113.742302
1.0,8,113.760402
-1.0,12,113.79007
1.0,11,113.822569
1.0,11,113.855783
1.0,5,113.868496
-15.0,32,113.924932
1.0,20,113.969242
-1.0,4,113.986061
-1.0,6,114.006236
-1.0,7,114.065082
1.0,10,114.093098
1.0,14,114.131013
1.0,9,114.155645
-1.0,14,114.190928
-1.0,12,114.223763
1.0,9,114.248228
1.0,16,114.291986
1.0,11,114.320932
1.0,11,114.352466
1.0,10,114.382694
1.0,14,114.421757
-1.0,12,114.454711
1.0,9,114.478502
1.0,12,114.516026
1.0,17,114.561828
1.0,12,114.591777
1.0,6,114.61199
-1.0,11,114.646582
-1.0,9,114.67152
-1.0,14,114.708936
1.0,10,114.74061
1.0,15,114.78554
1.0,12,114.836708
1.0,7,114.858412
-1.0,4,114.870282
1.0,14,114.911788
1.0,13,114.940988
-1.0,11,114.97443
1.0,8,114.993891
1.0,11,115.029432
1.0,12,115.087616
1.0,11,115.121836
1.0,13,115.156227
1.0,11,115.192514
-1.0,12,115.251568
-1.0,13,115.286811
1.0,9,115.309005
1.0,11,115.341365
-1.0,10,115.37078
1.0,13,115.405381
1.0,7,115.425649
1.0,7,115.454834
1.0,7,115.473413
1.0,10,115.500946
-1.0,5,115.514746
1.0,6,115.53549
1.0,12,115.570793
1.0,7,115.583341
-1.0,9,115.609801
1.0,12,115.64641
1.0,6,115.661685
-1.0,8,115.684937
1.0,8,115.70733
-1.0,8,115.730284
1.0,10,115.757939
1.0,8,115.780418
1.0,8,115.796778
1.0,6,115.813112
1.0,15,115.851691
1.0,13,115.887481
1.0,11,115.919195
-1.0,4,115.933978
1.0,10,115.962663
-186.0,205,116.189927
-1.0,11,116.224315
1.0,12,116.261341
-1.0,8,116.290261
1.0,9,116.324479
1.0,12,116.362029
1.0,6,116.37865
1.0,11,116.411496
-1.0,11,116.443708
-1.0,9,116.469627
-1.0,10,116.496016
1.0,13,116.534441
1.0,9,116.557188
1.0,13,116.596097
1.0,16,116.645161
1.0,8,116.668281
1.0,9,116.694926
1.0,11,116.726844
1.0,14,116.771837
-1.0,6,116.789491
1.0,8,116.813171
1.0,11,116.848116
1.0,9,116.877659
1.0,13,116.913908
-1.0,9,116.940329
-1.0,7,116.961966
1.0,12,117.020942
-1.0,12,117.055748
1.0,11,117.087231
-1.0,14,117.123824
-1.0,6,117.144458
1.0,7,117.163085
1.0,12,117.247729
1.0,9,117.280617
1.0,13,117.317873
1.0,6,117.335459
1.0,6,117.350183
1.0,13,117.383306
1.0,14,117.420831
1.0,8,117.438805
1.0,8,117.460109
1.0,11,117.488512
-1.0,6,117.512762
1.0,13,117.547356
-194.0,211,117.811043
-1.0,12,117.845542
-1.0,12,117.886967
1.0,7,117.90572
1.0,10,117.936022
1.0,6,117.949905
0.0,15,117.998047
-1.0,18,118.043781
1.0,12,118.077684
1.0,8,118.102582
-1.0,14,118.156965
1.0,8,118.198822
-1.0,13,118.235595
1.0,12,118.268658
1.0,10,118.296527
1.0,6,118.311923
1.0,11,118.342716
1.0,14,118.378265
-1.0,10,118.409738
-66.0,86,118.517713
1.0,9,118.546494
-1.0,9,118.573957
1.0,6,118.606352
1.0,5,118.628557
-1.0,13,118.66744
1.0,10,118.693915
-1.0,13,118.75358
1.0,6,118.769147
1.0,12,118.804748
1.0,12,118.836526
1.0,9,118.864672
1.0,9,118.899818
1.0,8,118.927905
-1.0,12,118.967447
1.0,13,119.014254
1.0,14,119.051819
-1.0,5,119.068881
-1.0,11,119.093432
1.0,8,119.121096
1.0,12,119.165836
1.0,12,119.221553
-1.0,6,119.250028
1.0,9,119.284145
1.0,13,119.330144
-3.0,15,119.393642
-1.0,14,119.472869
1.0,10,119.507005
1.0,7,119.527312
-1.0,9,119.557562
-1.0,12,119.622365
-1.0,10,119.708431
1.0,6,119.74282
-1.0,8,119.773757
-1.0,15,119.887702
1.0,6,119.927792
1.0,8,119.955717
1.0,11,119.985027
-1.0,15,120.032223
1.0,6,120.051168
-1.0,11,120.082923
1.0,8,120.112843
-1.0,8,120.141931
-1.0,10,120.171138
1.0,9,120.195898
1.0,10,120.225558
-1.0,10,120.256833
1.0,4,120.267258
-1.0,10,120.298868
-1.0,16,120.341615
-1.0,5,120.359734
1.0,9,120.394696
1.0,7,120.423308
-1.0,5,120.438262
-1.0,13,120.475621
1.0,11,120.509697
1.0,10,120.533184
-1.0,8,120.552128
-1.0,10,120.581343
1.0,7,120.603955
1.0,12,120.635359
1.0,13,120.672621
-1.0,6,120.692064
1.0,9,120.720289
1.0,9,120.744756
-1.0,11,120.777814
1.0,11,120.806224
-1.0,10,120.836125
1.0,8,120.858588
1.0,7,120.877887
-1.0,14,120.916581
1.0,4,120.959645
1.0,13,121.005862
-62.0,77,121.093323
1.0,5,121.105637
1.0,6,121.125832
1.0,7,121.14585
1.0,17,121.194035
1.0,8,121.216506
-1.0,9,121.245893
1.0,6,121.261454
1.0,9,121.284879
-1.0,12,121.314858
1.0,11,121.350765
-1.0,10,121.382181
1.0,7,121.401693
1.0,9,121.427924
-1.0,11,121.475174
1.0,12,121.514407
-1.0,9,121.542052
1.0,15,121.584033
-83.0,102,121.733747
1.0,7,121.753566
1.0,7,121.76995
-1.0,9,121.800324
-1.0,7,121.822451
-1.0,9,121.849542
1.0,9,121.873667
1.0,12,121.904975
1.0,13,121.940719
-1.0,12,121.972029
1.0,20,122.018817
1.0,10,122.048316
-54.5,76,122.217991
-1.0,10,122.269068
-1.0,10,122.312902
1.0,9,122.336912
1.0,13,122.415271
1.0,8,122.439259
1.0,12,122.471745
1.0,12,122.50527
-1.0,7,122.529443
1.0,7,122.549067
1.0,6,122.564501
-1.0,10,122.591757
-1.0,11,122.665309
1.0,13,122.716746
1.0,5,122.736952
1.0,7,122.760231
1.0,6,122.777505
1.0,13,122.813244
1.0,13,122.843689
-1.0,10,122.892119
1.0,10,122.972296
-1.0,8,122.995475
1.0,12,123.027343
1.0,4,123.037809
1.0,6,123.057542
-1.0,12,123.089869
1.0,9,123.115612
1.0,16,123.1543
1.0,5,123.173569
-1.0,11,123.2003
1.0,17,123.247298
1.0,13,123.281218
1.0,10,123.311992
0.0,14,123.348797
1.0,11,123.381863
1.0,12,123.418514
1.0,13,123.46724
1.0,14,123.501307
1.0,8,123.523458
1.0,11,123.557351
1.0,15,123.604679
-1.0,12,123.63902
1.0,14,123.674113
1.0,9,123.701025
-1.0,10,123.733866
1.0,9,123.757416
1.0,9,123.784576
1.0,10,123.808111
1.0,7,123.833454
1.0,12,123.86615
1.0,14,123.90385
1.0,10,123.932184
-1.0,10,123.964981
-15.0,31,124.070938
-1.0,17,124.129043
-54.0,70,124.261208
1.0,19,124.312867
1.0,6,124.325032
-1.0,6,124.341699
1.0,5,124.353098
1.0,9,124.380184
1.0,12,124.410585
0.0,17,124.445368
1.0,4,124.455364
1.0,4,124.468604
1.0,7,124.488402
1.0,14,124.528465
-1.0,12,124.563156
1.0,9,124.590863
1.0,8,124.614084
1.0,9,124.639033
1.0,12,124.668988
1.0,10,124.700763
-1.0,11,124.730302
1.0,10,124.759369
1.0,11,124.785892
1.0,6,124.802725
1.0,10,124.8308
-1.0,10,124.858178
-234.0,254,125.133039
1.0,4,125.148339
-1.0,9,125.174473
1.0,8,125.198532
1.0,13,125.240815
-1.0,13,125.303209
-1.0,5,125.318852
-1.0,9,125.345175
1.0,12,125.379258
1.0,10,125.408712
1.0,12,125.440181
1.0,8,125.462841
-1.0,6,125.482147
-1.0,13,125.519938
1.0,16,125.559621
1.0,7,125.578567
1.0,14,125.614827
1.0,8,125.639858
-1.0,9,125.667671
1.0,10,125.695502
-1.0,10,125.723503
1.0,11,125.756512
-1.0,11,125.784054
1.0,13,125.813727
1.0,10,125.843768
1.0,10,125.875302
-1.0,10,125.905362
1.0,11,125.936677
1.0,7,125.953695
1.0,11,125.990564
-1.0,11,126.021658
1.0,13,126.055637
1.0,4,126.066631
1.0,5,126.080562
1.0,12,126.107044
-423.0,445,126.556251
1.0,9,126.58017
-1.0,9,126.611061
-1.0,9,126.638496
1.0,9,126.666094
1.0,14,126.698652
1.0,10,126.73137
1.0,8,126.753501
-1.0,9,126.778859
1.0,6,126.795015
1.0,13,126.838168
1.0,5,126.851222
1.0,12,126.883225
-1.0,7,126.908128
1.0,8,126.938592
1.0,9,126.963432
1.0,11,126.99541
1.0,10,127.021548
1.0,9,127.047661
1.0,4,127.057046
-57.0,73,127.151715
1.0,10,127.177261
1.0,12,127.212541
-1.0,12,127.240653
1.0,14,127.280884
0.0,13,127.313864
1.0,15,127.356492
-1.0,12,127.394992
-1.0,17,127.446696
-89.0,107,127.573125
1.0,6,127.591407
1.0,11,127.618531
1.0,6,127.633951
1.0,10,127.663189
-4.0,21,127.709229
1.0,9,127.733816
1.0,9,127.760145
-1.0,6,127.77611
1.0,5,127.790017
1.0,10,127.819065
1.0,15,127.86801
-1.0,12,127.925367
1.0,10,127.954278
-1.0,9,127.982885
1.0,9,128.009765
1.0,12,128.037622
1.0,6,128.057991
1.0,12,128.099611
-1.0,14,128.138144
1.0,12,128.171916
1.0,11,128.203965
-1.0,13,128.241494
1.0,10,128.270246
1.0,6,128.287828
1.0,11,128.318538
1.0,15,128.360886
1.0,4,128.371849
1.0,9,128.395799
1.0,5,128.415862
1.0,4,128.426946
1.0,6,128.44295
-1.0,11,128.476274
1.0,6,128.493945
1.0,14,128.526724
1.0,7,128.546696
1.0,9,128.568545
1.0,10,128.610246
1.0,9,128.645874
1.0,14,128.685886
1.0,11,128.716826
1.0,9,128.747711
-1.0,12,128.777181
1.0,8,128.799347
-1.0,10,128.827736
1.0,8,128.868639
1.0,13,128.963166
1.0,13,129.008034
1.0,9,129.033823
1.0,5,129.060845
1.0,7,129.077506
1.0,9,129.110782
1.0,9,129.134888
1.0,13,129.174344
1.0,5,129.190621
1.0,13,129.261234
-64.0,78,129.373731
-1.0,8,129.400625
-1.0,9,129.426353
1.0,6,129.445649
1.0,15,129.48735
-1.0,15,129.529783
-76.0,95,129.651054
1.0,10,129.684758
1.0,11,129.720856
1.0,5,129.756559
-151.0,173,129.968422
1.0,9,129.993297
1.0,11,130.026862
-1.0,13,130.064425
-1.0,4,130.079832
-1.0,13,130.115545
1.0,15,130.154091
-1.0,7,130.176113
1.0,8,130.197487
-1.0,11,130.265786
1.0,7,130.28932
1.0,6,130.319559
1.0,10,130.38315
-1.0,8,130.433548
1.0,14,130.520932
1.0,8,130.566447
-1.0,11,130.604035
-1.0,17,130.656507
1.0,7,130.682639
1.0,9,130.711988
1.0,8,130.737942
-1.0,8,130.764396
1.0,5,130.77848
1.0,15,130.823276
1.0,8,130.846814
1.0,6,130.862164
1.0,11,130.892233
1.0,9,130.921516
-1.0,11,130.958765
-1.0,12,131.007046
1.0,13,131.075429
1.0,7,131.103052
1.0,9,131.13602
1.0,15,131.186005
1.0,10,131.214263
-1.0,9,131.256625
-1.0,9,131.291148
-1.0,13,131.32887
-1.0,12,131.394613
1.0,8,131.440199
1.0,11,131.480367
1.0,15,131.520156
-1.0,13,131.558547
1.0,11,131.595438
1.0,8,131.620012
1.0,11,131.68814
-1.0,13,131.726946
1.0,9,131.754027
1.0,10,131.809232
1.0,15,131.864024
-1.0,10,131.893668
1.0,18,131.942028
-1.0,9,131.966978
1.0,12,131.998907
-1.0,13,132.036025
-1.0,8,132.063835
1.0,8,132.089904
1.0,14,132.13486
1.0,14,132.178446
0.0,12,132.211936
1.0,14,132.252107
1.0,10,132.291038
1.0,7,132.320293
1.0,4,132.335763
1.0,7,132.352909
-1.0,13,132.391227
1.0,11,132.423162
-1.0,9,132.459853
1.0,10,132.48809
1.0,9,132.521013
-1.0,11,132.557987
1.0,12,132.599679
-1.0,11,132.628412
1.0,11,132.663034
-1.0,9,132.689998
-1.0,6,132.710683
1.0,14,132.765612
1.0,9,132.788154
1.0,6,132.8046
1.0,13,132.849611
0.0,18,132.902603
1.0,10,132.936699
1.0,12,132.989347
1.0,7,133.03243
1.0,7,133.055867
1.0,4,133.068126
1.0,7,133.088661
1.0,4,133.103993
-1.0,12,133.140056
-1.0,9,133.166084
1.0,11,133.195864
1.0,14,133.238991
1.0,12,133.270768
1.0,7,133.28753
1.0,16,133.332241
1.0,4,133.348669
1.0,6,133.379672
-1.0,17,133.490833
-1.0,9,133.522244
1.0,10,133.559106
1.0,12,133.60077
1.0,7,133.620763
-1.0,6,133.652219
1.0,8,133.697344
-1.0,7,133.724826
1.0,6,133.740165
-1.0,13,133.808761
1.0,12,133.862012
1.0,14,133.89764
1.0,15,133.939974
-1.0,12,133.994809
1.0,11,134.08337
-1.0,12,134.124501
0.0,19,134.172274
-1.0,10,134.206869
1.0,14,134.251603
1.0,8,134.285131
1.0,10,134.316469
1.0,12,134.345673
1.0,15,134.40478
1.0,10,134.444111
1.0,13,134.496484
-2.0,15,134.531153
1.0,8,134.554582
-1.0,10,134.585391
1.0,12,134.627432
1.0,8,134.660232
1.0,9,134.690518
1.0,11,134.730134
1.0,10,134.76125
1.0,13,134.806938
-1.0,11,134.847188
-1.0,14,134.899519
1.0,7,134.925897
-1.0,7,134.983177
1.0,11,135.020737
1.0,17,135.072896
1.0,10,135.105589
-1.0,16,135.15445
1.0,9,135.179679
-1.0,11,135.211625
1.0,12,135.245955
1.0,7,135.264928
-1.0,9,135.297698
-1.0,6,135.315138
1.0,10,135.370977
-139.0,156,135.605018
-1.0,7,135.62777
-1.0,10,135.662976
1.0,9,135.698724
-1.0,11,135.743076
1.0,7,135.766041
-1.0,17,135.816474
1.0,9,135.843593
-1.0,16,135.917328
-1.0,9,135.947472
1.0,8,135.974841
1.0,11,136.006763
-1.0,7,136.028404
1.0,5,136.049614
-1.0,6,136.068861
-221.5,243,136.380631
1.0,9,136.405027
1.0,14,136.444531
1.0,11,136.476511
1.0,11,136.521122
1.0,11,136.558506
1.0,10,136.609559
1.0,12,136.64664
1.0,4,136.663402
-133.0,152,136.882156
-89.0,106,137.006586
-1.0,11,137.054008
1.0,15,137.136413
1.0,7,137.170521
1.0,10,137.205983
1.0,14,137.280405
-86.0,102,137.46966
1.0,10,137.505373
1.0,12,137.545219
1.0,11,137.577669
-1.0,10,137.608796
-1.0,7,137.628855
1.0,14,137.674189
1.0,8,137.703387
-1.0,9,137.735895
1.0,8,137.760282
1.0,11,137.798735
-1.0,12,137.834991
0.0,15,137.875423
1.0,6,137.889964
1.0,10,137.924669
-1.0,7,137.944716
1.0,10,137.974697
1.0,8,138.000818
1.0,11,138.044243
1.0,8,138.07781
1.0,7,138.102315
1.0,6,138.119171
-436.0,455,138.589601
1.0,6,138.61059
1.0,9,138.662756
1.0,6,138.70005
1.0,6,138.745442
-1.0,15,138.856868
1.0,8,138.914459
1.0,6,138.946697
1.0,15,138.978543
1.0,10,138.997595
1.0,6,139.012447
1.0,4,139.019505
1.0,10,139.039458
1.0,14,139.073802
1.0,5,139.084329
1.0,10,139.109698
-1.0,14,139.148876
1.0,11,139.180201
-1.0,7,139.199479
-1.0,10,139.229347
1.0,17,139.267076
1.0,14,139.305637
-1.0,17,139.389065
-1.0,6,139.400824
1.0,8,139.420368
1.0,12,139.450236
1.0,6,139.466237
1.0,11,139.497699
1.0,11,139.523123
1.0,6,139.537906
1.0,11,139.568196
-1.0,14,139.607662
1.0,7,139.626299
1.0,8,139.648644
1.0,7,139.666823
-1.0,13,139.702152
-1.0,14,139.740519
-1.0,11,139.765685
1.0,10,139.787787
-1.0,8,139.808981
-1.0,16,139.85031
1.0,15,139.881067
1.0,7,139.899225
1.0,11,139.929139
1.0,9,139.956575
1.0,7,139.975605
1.0,4,139.98644
1.0,11,140.01576
1.0,6,140.031113
1.0,10,140.058218
1.0,11,140.085406
1.0,10,140.115998
1.0,9,140.144101
1.0,10,140.169038
-3.0,19,140.210352
-1.0,6,140.230895
1.0,6,140.246108
-1.0,16,140.281665
-1.0,8,140.300653
-1.0,5,140.315287
1.0,9,140.335031
1.0,8,140.350828
-1.0,16,140.385982
-1.0,11,140.415466
1.0,8,140.43329
1.0,12,140.461135
1.0,9,140.484604
1.0,7,140.501445
1.0,11,140.527097
1.0,9,140.553556
1.0,7,140.569927
1.0,7,140.588986
1.0,8,140.607155
1.0,12,140.630369
1.0,6,140.645663
-1.0,12,140.674239
1.0,7,140.690844
-1.0,13,140.721303
-1.0,11,140.748881
1.0,8,140.764766
1.0,10,140.793256
1.0,11,140.818479
1.0,11,140.846786
1.0,9,140.869029
1.0,10,140.888681
1.0,11,140.91062
1.0,10,140.937442
1.0,12,140.968555
1.0,12,140.998383
1.0,7,141.016355
1.0,11,141.044998
-1.0,17,141.089525
1.0,13,141.123776
-1.0,10,141.150664
-1.0,15,141.191743
1.0,4,141.201714
1.0,16,141.233654
-1.0,10,141.252026
1.0,5,141.262979
1.0,6,141.278504
1.0,6,141.291894
-1.0,4,141.301703
1.0,4,141.309379
-1.0,10,141.33738
-1.0,10,141.358491
1.0,12,141.39079
1.0,4,141.400935
1.0,12,141.4254
1.0,6,141.440774
1.0,9,141.460014
1.0,12,141.487377
-1.0,14,141.525026
1.0,6,141.541572
1.0,15,141.573749
1.0,11,141.594631
1.0,12,141.617414
1.0,5,141.630378
-1.0,7,141.650722
1.0,4,141.660058
1.0,7,141.678077
1.0,13,141.714449
-1.0,15,141.749504
-1.0,12,141.781601
1.0,11,141.808335
1.0,10,141.834422
1.0,7,141.851967
1.0,9,141.877496
-1.0,11,141.904213
1.0,4,141.915627
1.0,8,141.931429
-1.0,6,141.945158
-1.0,10,141.970304
1.0,10,141.998314
-1.0,5,142.009051
1.0,13,142.040609
1.0,9,142.058499
0.0,13,142.084404
1.0,4,142.095781
1.0,4,142.154266
-1.0,7,142.178941
1.0,4,142.190964
1.0,9,142.213803
1.0,12,142.247815
-7.0,19,142.281918
1.0,11,142.305652
1.0,12,142.336136
1.0,7,142.35124
1.0,18,142.394037
-1.0,10,142.414896
-1.0,10,142.443066
1.0,9,142.46337
1.0,4,142.471881
1.0,9,142.492421
-1.0,6,142.510123
1.0,9,142.531892
1.0,9,142.549483
1.0,7,142.565542
1.0,7,142.584869
-1.0,8,142.605716
1.0,10,142.62758
1.0,5,142.641694
1.0,8,142.662351
-1.0,4,142.670885
1.0,8,142.690429
1.0,12,142.723423
-1.0,10,142.75231
1.0,6,142.764892
-1.0,14,142.799561
1.0,10,142.819114
1.0,8,142.834875
-1.0,9,142.856165
-1.0,6,142.872383
-1.0,11,142.904809
-1.0,8,142.922169
1.0,11,142.952082
-40.0,55,143.013308
1.0,15,143.053992
1.0,12,143.084556
1.0,6,143.097845
-1.0,9,143.121549
1.0,13,143.152277
1.0,6,143.164806
1.0,5,143.177269
1.0,9,143.197525
1.0,13,143.226161
-1.0,11,143.251089
1.0,14,143.287145
1.0,13,143.313279
-1.0,8,143.335456
1.0,9,143.35305
-43.0,60,143.416713
1.0,10,143.441404
1.0,11,143.508662
1.0,9,143.534744
1.0,6,143.549935
1.0,6,143.566579
1.0,7,143.586238
1.0,6,143.603347
-43.0,59,143.674755
1.0,7,143.69011
1.0,8,143.711815
1.0,11,143.741642
1.0,14,143.772643
1.0,8,143.792996
1.0,10,143.819739
1.0,4,143.829879
1.0,7,143.846135
1.0,8,143.866185
1.0,16,143.903284
1.0,4,143.911048
1.0,4,143.920836
1.0,6,143.934773
1.0,13,143.972504
1.0,4,143.979997
1.0,4,143.989403
-1.0,11,144.015363
1.0,10,144.039858
1.0,8,144.059054
-7.0,19,144.097712
1.0,11,144.124131
1.0,11,144.147781
1.0,16,144.187248
1.0,10,144.212393
-1.0,9,144.234293
-1.0,11,144.268316
1.0,8,144.285572
1.0,13,144.314173
1.0,5,144.326317
-1.0,11,144.355441
1.0,11,144.379179
1.0,11,144.402116
1.0,11,144.426447
-13.0,30,144.481394
1.0,11,144.505575
1.0,9,144.530805
-1.0,9,144.550825
1.0,9,144.576022
1.0,4,144.586434
1.0,17,144.623402
1.0,15,144.65539
1.0,13,144.688783
1.0,6,144.703502
-1.0,10,144.728739
-7.0,23,144.774667
1.0,13,144.803118
-1.0,12,144.833411
1.0,12,144.86071
-1.0,7,144.877833
1.0,9,144.898876
-19.0,34,144.98483
1.0,10,145.007055
1.0,9,145.029661
-1.0,13,145.060575
1.0,12,145.090457
-1.0,12,145.121837
1.0,11,145.154328
1.0,4,145.166387
-1.0,14,145.194446
1.0,11,145.220858
-1.0,15,145.259662
1.0,12,145.295306
-81.0,98,145.394034
-1.0,10,145.421545
1.0,6,145.437176
1.0,11,145.468231
1.0,15,145.500076
-1.0,9,145.525294
1.0,10,145.545416
-1.0,10,145.573656
1.0,8,145.590859
1.0,10,145.616788
-1.0,6,145.635191
1.0,6,145.650939
1.0,7,145.670476
1.0,10,145.69931
-1.0,8,145.717982
1.0,12,145.747082
1.0,11,145.770109
1.0,13,145.802615
1.0,14,145.839422
1.0,6,145.85528
1.0,7,145.876093
1.0,5,145.891356
-1.0,14,145.924748
-1.0,13,145.960964
-1.0,18,146.00071
1.0,8,146.021111
1.0,15,146.057502
1.0,13,146.089479
-1.0,14,146.123359
1.0,9,146.14652
1.0,14,146.177782
1.0,7,146.1981
-1.0,11,146.224056
1.0,8,146.244472
1.0,7,146.261517
1.0,6,146.277078
1.0,8,146.297408
1.0,6,146.312653
1.0,4,146.32187
-1.0,9,146.347934
1.0,9,146.370821
1.0,4,146.378388
1.0,9,146.399246
1.0,13,146.430188
1.0,10,146.457014
1.0,11,146.490558
1.0,10,146.511962
1.0,13,146.542791
-1.0,12,146.572229
1.0,6,146.585609
-1.0,12,146.617204
-1.0,14,146.651267
-1.0,6,146.668845
-1.0,12,146.696505
1.0,11,146.724648
-1.0,12,146.757088
-1.0,12,146.782239
-1.0,9,146.800773
-1.0,12,146.8248
1.0,11,146.854857
1.0,11,146.880872
-1.0,10,146.902779
1.0,12,146.932376
-1.0,7,146.956523
1.0,7,146.974083
1.0,9,146.999819
-1.0,6,147.01097
1.0,16,147.047583
1.0,6,147.06277
1.0,9,147.084112
-6.0,24,147.133357
1.0,12,147.16471
1.0,11,147.189142
1.0,6,147.202036
1.0,15,147.246395
1.0,11,147.275215
-56.0,76,147.359234
1.0,11,147.378863
1.0,9,147.39907
1.0,7,147.418898
1.0,12,147.445287
1.0,15,147.483756
1.0,9,147.507095
-1.0,13,147.538818
1.0,12,147.565946
-1.0,4,147.575296
-1.0,7,147.588952
1.0,7,147.60719
1.0,9,147.626849
1.0,13,147.660298
1.0,10,147.682824
1.0,4,147.691995
1.0,7,147.705883
1.0,11,147.72949
-1.0,7,147.743368
-1.0,14,147.776147
-1.0,11,147.802044
0.0,16,147.842141
1.0,13,147.869293
1.0,7,147.883485
1.0,13,147.950161
-1.0,6,147.969977
-1.0,11,147.995697
1.0,5,148.008472
1.0,7,148.027888
1.0,11,148.054958
-1.0,4,148.06549
-1.0,8,148.088986
1.0,14,148.123809
1.0,6,148.136297
1.0,12,148.16714
1.0,10,148.188396
1.0,15,148.222695
-6.0,24,148.260533
1.0,10,148.288773
1.0,8,148.308514
-12.0,30,148.35341
-9.0,22,148.394277
1.0,9,148.414155
1.0,6,148.431135
1.0,9,148.450788
1.0,4,148.458732
1.0,12,148.49023
1.0,7,148.506009
1.0,8,148.523407
1.0,8,148.542501
1.0,10,148.567029
1.0,5,148.581854
1.0,16,148.617973
1.0,14,148.649824
1.0,9,148.67329
1.0,8,148.697662
-1.0,15,148.73294
-1.0,13,148.765197
1.0,8,148.78477
-1.0,11,148.813519
1.0,13,148.840327
-1.0,12,148.872912
1.0,12,148.904555
1.0,5,148.915724
1.0,13,148.941968
1.0,10,148.967344
1.0,13,148.998392
1.0,7,149.015781
1.0,9,149.036796
1.0,12,149.064858
-1.0,12,149.095773
1.0,8,149.119307
1.0,13,149.145282
1.0,8,149.165151
1.0,14,149.197077
1.0,11,149.221713
1.0,10,149.2424
-1.0,7,149.262154
1.0,15,149.301566
-1.0,4,149.312871
1.0,9,149.334527
1.0,12,149.360551
1.0,11,149.388935
1.0,15,149.423076
1.0,9,149.445771
1.0,12,149.472533
1.0,5,149.484631
-1.0,14,149.517133
-1.0,10,149.539668
1.0,6,149.554914
1.0,9,149.574309
1.0,6,149.587689
1.0,9,149.607455
-35.0,52,149.668978
-1.0,6,149.685117
1.0,10,149.711811
1.0,8,149.728833
1.0,10,149.754798
-49.0,68,149.828246
-1.0,4,149.840266
1.0,7,149.858703
1.0,8,149.874931
1.0,7,149.891386
-1.0,10,149.923073
-1.0,8,149.945992
1.0,9,149.965295
1.0,12,149.987805
-1.0,11,150.019177
1.0,6,150.031494
1.0,4,150.039478
1.0,8,150.060559
1.0,7,150.082086
1.0,4,150.092802
1.0,8,150.114408
1.0,15,150.152159
1.0,14,150.178422
1.0,5,150.190871
1.0,5,150.202485
-1.0,14,150.233921
1.0,12,150.258639
-1.0,13,150.290599
1.0,5,150.302746
1.0,12,150.334355
1.0,10,150.358783
-1.0,11,150.386073
1.0,13,150.41728
-145.0,166,150.568462
1.0,10,150.591682
-1.0,9,150.610917
1.0,4,150.620898
1.0,12,150.644942
1.0,11,150.665374
1.0,10,150.688391
-1.0,9,150.712047
1.0,14,150.749487
1.0,10,150.813204
0.0,16,150.856759
1.0,5,150.869271
1.0,4,150.879519
1.0,4,150.891538
1.0,6,150.904774
1.0,8,150.925456
-197.0,215,151.111092
1.0,8,151.135395
1.0,8,151.155722
1.0,7,151.171569
1.0,9,151.193723
1.0,4,151.203152
-1.0,8,151.224918
1.0,5,151.234172
1.0,7,151.251787
1.0,8,151.273179
1.0,9,151.29346
1.0,15,151.322532
1.0,7,151.335465
1.0,11,151.36495
1.0,13,151.395331
1.0,11,151.420792
1.0,10,151.445817
-1.0,10,151.470183
1.0,7,151.489354
1.0,10,151.511793
-1.0,13,151.539614
1.0,5,151.554817
-1.0,11,151.581594
-1.0,15,151.615683
1.0,16,151.654585
1.0,12,151.686817
-1.0,14,151.724296
-1.0,8,151.746495
1.0,10,151.770057
1.0,6,151.784394
-1.0,13,151.814791
-1.0,9,151.838535
-1.0,8,151.859422
1.0,13,151.892643
1.0,9,151.916347
-2.0,10,151.939125
-1.0,10,151.96768
0.0,12,151.995678
1.0,11,152.025798
-1.0,10,152.048363
1.0,9,152.071877
-1.0,6,152.092681
-1.0,7,152.113697
-1.0,6,152.129243
-1.0,9,152.153823
1.0,13,152.19198
-1.0,7,152.210602
-1.0,15,152.24769
-1.0,17,152.288918
1.0,6,152.30877
1.0,10,152.330436
-1.0,8,152.347514
1.0,7,152.362957
1.0,7,152.379407
1.0,9,152.396538
1.0,8,152.412802
-99.0,117,152.527718
1.0,10,152.558806
1.0,12,152.587706
1.0,11,152.612675
-1.0,14,152.642927
1.0,7,152.659549
1.0,7,152.676692
1.0,10,152.699988
-1.0,16,152.739432
1.0,9,152.764096
1.0,15,152.797596
1.0,11,152.823714
-30.0,44,152.870198
-1.0,15,152.90396
-1.0,13,152.930347
1.0,11,152.956335
1.0,5,152.966431
-1.0,10,152.989412
1.0,10,153.013073
1.0,4,153.021073
1.0,9,153.043947
1.0,10,153.074479
1.0,16,153.1076
1.0,15,153.137215
1.0,10,153.160167
1.0,9,153.183038
1.0,6,153.199646
1.0,8,153.217135
-1.0,8,153.23568
-1.0,15,153.270127
1.0,9,153.29551
1.0,8,153.31334
-1.0,7,153.332474
1.0,7,153.352027
-1.0,17,153.386817
1.0,9,153.408399
1.0,7,153.425423
1.0,16,153.464864
1.0,11,153.489932
1.0,8,153.507974
-1.0,13,153.538544
-1.0,15,153.596144
1.0,10,153.636067
-1.0,11,153.672571
1.0,10,153.704042
1.0,7,153.725161
1.0,7,153.736942
-46.0,60,153.806414
1.0,8,153.825353
1.0,7,153.87781
-1.0,13,153.91454
-1.0,7,153.931625
1.0,15,153.965282
1.0,12,153.997053
-1.0,8,154.016436
1.0,15,154.057304
1.0,11,154.088981
1.0,13,154.130397
1.0,4,154.139909
1.0,5,154.152561
1.0,5,154.167183
1.0,4,154.18152
-1.0,12,154.212293
-1.0,11,154.246589
-1.0,12,154.280131
1.0,7,154.299433
1.0,11,154.328601
1.0,17,154.375696
1.0,10,154.401519
-1.0,10,154.436538
1.0,9,154.462598
1.0,5,154.476076
-1.0,12,154.516298
1.0,5,154.532282
1.0,7,154.552327
1.0,9,154.575166
1.0,4,154.587734
1.0,4,154.603147
1.0,10,154.63329
1.0,6,154.648964
1.0,8,154.673158
1.0,9,154.701276
-1.0,17,154.747132
1.0,9,154.77188
1.0,13,154.806764
1.0,11,154.840213
1.0,9,154.863036
-1.0,12,154.897645
1.0,4,154.908969
1.0,9,154.940484
1.0,9,154.964823
1.0,11,154.999673
1.0,4,155.055169
1.0,10,155.090211
1.0,13,155.130564
-1.0,8,155.156408
-54.0,73,155.251054
1.0,13,155.283025
1.0,12,155.307329
1.0,8,155.324017
1.0,15,155.359519
1.0,11,155.386395
1.0,5,155.398391
1.0,5,155.411202
-1.0,15,155.446063
-1.0,15,155.484283
1.0,11,155.511736
1.0,6,155.525893
1.0,5,155.538026
-22.0,39,155.596183
-1.0,14,155.634353
-1.0,7,155.654858
1.0,5,155.664335
1.0,11,155.692708
-1.0,13,155.723067
1.0,8,155.740493
0.0,14,155.765321
-36.0,53,155.829023
1.0,9,155.851121
-1.0,9,155.874007
1.0,9,155.894345
1.0,10,155.915863
1.0,5,155.925189
1.0,15,155.963333
-1.0,10,155.990836
1.0,5,156.002649
1.0,9,156.025161
1.0,9,156.048998
1.0,5,156.061903
1.0,10,156.088614
-1.0,8,156.109068
1.0,7,156.122981
1.0,7,156.141917
1.0,11,156.172141
1.0,10,156.193211
1.0,9,156.214861
1.0,10,156.242793
1.0,4,156.252899
1.0,12,156.282696
1.0,12,156.313929
1.0,9,156.337197
1.0,11,156.369515
1.0,11,156.398062
1.0,9,156.425065
1.0,11,156.454236
1.0,10,156.477437
1.0,9,156.499318
1.0,10,156.525165
1.0,10,156.54776
1.0,15,156.577228
1.0,16,156.609402
1.0,14,156.643182
1.0,7,156.65604
1.0,6,156.673965
1.0,15,156.713051
1.0,7,156.776563
-1.0,13,156.812955
-1.0,12,156.843308
1.0,13,156.876653
1.0,7,156.890455
-1.0,8,156.911288
1.0,9,156.933846
1.0,9,156.954188
-1.0,9,156.978878
-1.0,9,157.004385
1.0,8,157.028067
1.0,10,157.056686
1.0,4,157.065289
1.0,6,157.078605
1.0,13,157.109583
1.0,13,157.137228
1.0,12,157.165637
1.0,9,157.191027
1.0,9,157.209738
1.0,9,157.228243
1.0,4,157.236334
1.0,7,157.248787
-1.0,15,157.287678
1.0,11,157.312276
-1.0,10,157.335064
1.0,13,157.367198
-1.0,13,157.400603
1.0,15,157.438342
-1.0,12,157.467003
-1.0,10,157.494763
1.0,6,157.509389
1.0,7,157.524755
1.0,8,157.545153
-1.0,13,157.576328
1.0,7,157.591336
1.0,4,157.600392
1.0,12,157.631745
1.0,10,157.656807
1.0,12,157.687603
1.0,9,157.707165
-1.0,14,157.741986
-1.0,10,157.764503
1.0,11,157.790552
1.0,9,157.811655
1.0,6,157.830002
1.0,7,157.843631
-1.0,10,157.868104
-1.0,9,157.886851
1.0,11,157.915056
1.0,9,157.938347
1.0,6,157.953248
1.0,8,157.973833
-1.0,9,157.997037
1.0,14,158.032049
1.0,5,158.048233
1.0,10,158.069344
-1.0,7,158.090621
-1.0,10,158.112466
1.0,7,158.128346
1.0,14,158.159714
-1.0,9,158.178313
-1.0,11,158.20472
1.0,10,158.23613
1.0,11,158.260116
-107.0,120,158.376117
1.0,10,158.396751
-1.0,13,158.433345
1.0,12,158.459347
1.0,10,158.481359
1.0,11,158.511308
1.0,10,158.535602
1.0,9,158.554574
1.0,11,158.57553
1.0,14,158.606387
1.0,6,158.623625
1.0,6,158.638953
1.0,12,158.665636
1.0,8,158.683927
1.0,6,158.700822
1.0,11,158.731071
-1.0,10,158.758919
1.0,13,158.791311
1.0,11,158.822986
1.0,5,158.835519
1.0,14,158.866785
-1.0,11,158.892111
1.0,8,158.913019
1.0,8,158.93267
1.0,5,158.94506
1.0,8,158.964201
1.0,13,158.997674
1.0,5,159.008905
1.0,7,159.02472
1.0,4,159.033895
1.0,9,159.058658
1.0,8,159.075361
1.0,9,159.095806
1.0,11,159.122126
1.0,6,159.138644
-1.0,12,159.1656
1.0,13,159.197752
-1.0,16,159.243023
1.0,12,159.279065
-1.0,8,159.29875
1.0,6,159.313174
-1.0,7,159.330852
1.0,14,159.360731
1.0,12,159.403243
1.0,8,159.438194
1.0,7,159.454274
-44.0,62,159.526848
1.0,5,159.536047
1.0,10,159.560141
1.0,4,159.571039
1.0,9,159.598076
1.0,10,159.625479
1.0,11,159.658399
-1.0,11,159.690672
-1.0,12,159.72096
1.0,8,159.7397
1.0,5,159.751972
1.0,11,159.782843
1.0,9,159.807594
1.0,5,159.819927
1.0,9,159.838703
1.0,8,159.854859
1.0,7,159.870108
1.0,11,159.893532
1.0,4,159.90128
1.0,4,159.911456
-1.0,7,159.930585
1.0,15,159.969769
-1.0,9,159.996654
-1.0,9,160.021236
1.0,10,160.050326
1.0,6,160.064201
1.0,5,160.076397
1.0,13,160.105224
1.0,11,160.137241
1.0,12,160.161527
1.0,5,160.173891
1.0,6,160.187984
1.0,5,160.20212
1.0,9,160.221272
-1.0,6,160.240175
1.0,9,160.262661
1.0,9,160.289107
-47.0,58,160.354622
1.0,7,160.371275
-1.0,11,160.400583
1.0,9,160.428178
-1.0,5,160.440626
1.0,14,160.469694
1.0,5,160.480732
1.0,11,160.510192
1.0,8,160.529761
1.0,8,160.551947
1.0,13,160.58094
1.0,11,160.607909
1.0,11,160.6343
-1.0,18,160.67259
-1.0,9,160.693441
1.0,4,160.705686
1.0,5,160.718128
1.0,8,160.734917
1.0,8,160.753166
-1.0,9,160.772671
-1.0,8,160.794662
1.0,5,160.806079
-1.0,12,160.83104
1.0,11,160.860189
1.0,8,160.883681
-1.0,11,160.914315
-1.0,8,160.933465
-1.0,15,160.971796
1.0,9,160.990948
-1.0,12,161.019206
1.0,12,161.049353
1.0,11,161.079447
1.0,12,161.11602
-1.0,5,161.126143
1.0,11,161.156684
1.0,7,161.178657
0.0,15,161.209538
1.0,6,161.222894
1.0,8,161.245217
1.0,10,161.275428
-1.0,7,161.296192
1.0,18,161.342949
-1.0,5,161.357048
-59.0,75,161.444323
-1.0,8,161.465559
1.0,15,161.499113
1.0,9,161.522145
1.0,6,161.540183
-2.0,17,161.574218
1.0,8,161.593188
1.0,9,161.619382
1.0,10,161.651156
1.0,8,161.670776
1.0,10,161.695101
1.0,13,161.729968
1.0,10,161.75742
-1.0,8,161.775327
1.0,10,161.798909
-1.0,8,161.818572
1.0,10,161.842981
-1.0,17,161.885872
1.0,9,161.907172
1.0,7,161.925778
1.0,9,161.949606
1.0,10,161.973542
1.0,9,161.996763
1.0,12,162.028516
1.0,8,162.045547
-1.0,9,162.065519
1.0,9,162.087789
1.0,9,162.150496
1.0,12,162.179311
1.0,12,162.206772
1.0,6,162.224942
1.0,7,162.245182
1.0,8,162.264502
1.0,8,162.282053
-2.0,10,162.323802
1.0,13,162.368743
1.0,10,162.396489
-1.0,11,162.428408
1.0,10,162.452585
-1.0,8,162.469201
-96.0,114,162.59148
1.0,12,162.624461
1.0,8,162.645546
1.0,10,162.671582
1.0,10,162.69488
1.0,6,162.707394
-1.0,8,162.730914
1.0,8,162.755109
1.0,5,162.770627
-1.0,8,162.793261
1.0,12,162.825252
1.0,10,162.852197
1.0,7,162.874398
1.0,13,162.902271
-1.0,7,162.922607
-1.0,10,162.947389
1.0,7,162.967069
1.0,5,162.977807
-1.0,10,163.004953
1.0,11,163.034444
1.0,12,163.068844
1.0,7,163.083586
1.0,9,163.109248
1.0,6,163.125975
-1.0,4,163.139639
1.0,7,163.158496
-1.0,13,163.193331
1.0,10,163.217318
1.0,11,163.245698
1.0,10,163.270418
1.0,5,163.279803
-1.0,11,163.313147
-1.0,13,163.346819
-1.0,12,163.374738
1.0,14,163.41485
1.0,5,163.430084
1.0,8,163.453119
1.0,8,163.47079
1.0,12,163.499807
1.0,8,163.518655
-1.0,15,163.556071
-13.0,32,163.60072
1.0,7,163.616157
1.0,4,163.625132
1.0,9,163.651492
1.0,4,163.662132
1.0,15,163.701962
-1.0,13,163.731943
-1.0,8,163.756703
1.0,12,163.788301
1.0,11,163.815814
1.0,7,163.831087
1.0,12,163.861756
1.0,11,163.890345
1.0,7,163.906016
1.0,11,163.929786
1.0,5,163.940903
1.0,7,163.958765
1.0,7,163.978928
1.0,9,164.001485
1.0,8,164.023026
1.0,12,164.052628
-1.0,14,164.08301
1.0,10,164.108738
1.0,15,164.145582
1.0,10,164.167075
1.0,9,164.187779
1.0,10,164.210526
1.0,7,164.230296
1.0,8,164.248818
-1.0,13,164.280649
1.0,12,164.31154
-16.0,29,164.35454
1.0,10,164.381708
1.0,11,164.41496
-1.0,10,164.443885
1.0,6,164.461646
1.0,10,164.486543
1.0,11,164.512957
1.0,9,164.533503
1.0,11,164.5653
1.0,17,164.607714
0.0,14,164.640596
1.0,5,164.65452
-5.0,22,164.706342
-1.0,17,164.753062
1.0,14,164.798249
-1.0,12,164.857966
1.0,8,164.879784
-71.0,89,164.962022
1.0,5,164.974778
1.0,9,164.998923
1.0,6,165.015562
1.0,6,165.029771
1.0,10,165.05217
1.0,6,165.066056
1.0,4,165.078375
1.0,4,165.08865
1.0,17,165.128493
1.0,7,165.145824
1.0,9,165.173043
1.0,10,165.203022
1.0,7,165.217799
1.0,7,165.234267
1.0,7,165.25526
1.0,9,165.278862
-1.0,6,165.297357
1.0,6,165.311117
-1.0,10,165.341269
1.0,15,165.373483
1.0,9,165.396638
1.0,8,165.417914
1.0,12,165.449676
1.0,12,165.479521
1.0,15,165.515393
-1.0,9,165.54065
1.0,11,165.571891
1.0,10,165.600097
1.0,5,165.615033
1.0,15,165.659966
1.0,11,165.694532
-1.0,9,165.720323
1.0,5,165.734627
1.0,14,165.772717
1.0,5,165.785236
1.0,11,165.816201
1.0,10,165.841703
1.0,7,165.857794
1.0,10,165.882885
1.0,10,165.911393
1.0,8,165.9331
1.0,8,165.956737
1.0,11,165.990901
1.0,13,166.023675
1.0,6,166.040159
-1.0,10,166.0708
1.0,10,166.093019
1.0,6,166.107626
-1.0,10,166.135868
1.0,10,166.164239
1.0,13,166.200315
1.0,11,166.231858
1.0,14,166.270344
1.0,5,166.286394
1.0,10,166.31189
1.0,8,166.331237
1.0,10,166.36174
-1.0,15,166.406363
1.0,10,166.435127
1.0,5,166.44695
1.0,16,166.486234
1.0,8,166.511195
1.0,6,166.531913
1.0,9,166.557625
1.0,6,166.57172
1.0,8,166.592724
-1.0,10,166.623263
1.0,10,166.65227
1.0,8,166.671709
1.0,13,166.705542
1.0,10,166.732098
1.0,10,166.760077
1.0,7,166.77612
-1.0,7,166.794793
1.0,10,166.825593
1.0,8,166.847444
1.0,15,166.886335
1.0,11,166.918396
1.0,7,166.936611
-1.0,12,166.969743
1.0,16,167.005136
1.0,8,167.025284
1.0,8,167.046223
-19.0,36,167.107335
1.0,12,167.142655
1.0,9,167.166844
-1.0,13,167.202197
1.0,4,167.211457
1.0,5,167.226929
-1.0,7,167.247558
-1.0,12,167.277948
1.0,10,167.30161
-1.0,7,167.324914
1.0,11,167.354581
-1.0,5,167.372077
1.0,9,167.397512
1.0,8,167.421376
-1.0,5,167.433039
1.0,4,167.445355
1.0,8,167.462855
1.0,12,167.520195
-1.0,12,167.55647
1.0,13,167.592275
1.0,7,167.659947
-1.0,13,167.702933
-1.0,10,167.731462
1.0,6,167.749678
1.0,4,167.758852
-1.0,8,167.779434
1.0,8,167.802695
1.0,8,167.826519
1.0,12,167.855128
1.0,12,167.888113
1.0,11,167.922924
1.0,8,167.946169
1.0,12,167.97523
1.0,7,167.994956
1.0,10,168.022085
1.0,9,168.051155
1.0,9,168.073833
1.0,6,168.089532
1.0,5,168.105453
0.0,15,168.140162
1.0,12,168.167701
1.0,9,168.192798
1.0,8,168.2128
1.0,8,168.235125
1.0,13,168.266308
1.0,4,168.274402
1.0,12,168.306276
1.0,6,168.322925
-108.0,129,168.461362
-1.0,6,168.478415
1.0,7,168.498608
-1.0,6,168.515856
1.0,12,168.541987
1.0,7,168.559273
1.0,12,168.589277
1.0,10,168.618799
1.0,11,168.648176
1.0,10,168.673826
1.0,12,168.707463
1.0,13,168.746609
-1.0,11,168.780087
-1.0,11,168.811481
1.0,16,168.853487
-1.0,15,168.88778
-1.0,18,168.935633
-1.0,4,168.947928
-1.0,7,168.970854
1.0,16,169.010182
1.0,10,169.032991
-1.0,17,169.072788
1.0,17,169.120292
-1.0,11,169.149674
1.0,9,169.171886
-53.0,68,169.252255
1.0,5,169.262362
1.0,8,169.283737
1.0,5,169.296064
-1.0,8,169.317044
1.0,6,169.335314
1.0,8,169.357231
1.0,10,169.382764
-1.0,5,169.393586
1.0,11,169.423088
-1.0,13,169.454924
1.0,10,169.47682
1.0,4,169.488326
1.0,8,169.507394
1.0,8,169.530379
1.0,4,169.539515
1.0,7,169.557226
1.0,6,169.57253
1.0,11,169.606154
1.0,11,169.639031
1.0,6,169.654655
-1.0,6,169.674199
1.0,9,169.698363
-1.0,12,169.730723
1.0,10,169.757574
1.0,8,169.779289
-1.0,7,169.803162
1.0,7,169.821487
1.0,14,169.856765
1.0,12,169.888468
1.0,10,169.918192
1.0,14,169.951465
1.0,11,169.981852
1.0,13,170.018625
-1.0,9,170.050532
1.0,8,170.072246
1.0,10,170.097267
1.0,12,170.128573
1.0,10,170.158051
1.0,6,170.1734
1.0,16,170.222546
1.0,7,170.244379
1.0,7,170.272206
1.0,8,170.299951
1.0,10,170.332219
1.0,11,170.42293
1.0,9,170.450728
1.0,6,170.468764
-32.0,47,170.545226
1.0,7,170.56677
-3.0,23,170.617124
1.0,4,170.627364
1.0,6,170.643393
1.0,8,170.669597
1.0,11,170.706822
1.0,10,170.73986
1.0,6,170.756338
-1.0,8,170.779686
-1.0,11,170.818645
1.0,8,170.843096
1.0,4,170.855837
1.0,6,170.872009
1.0,8,170.897382
1.0,11,170.930981
1.0,9,170.958478
-1.0,4,170.969583
-1.0,14,171.015739
-24.0,38,171.076684
1.0,5,171.093601
-1.0,9,171.122892
1.0,7,171.146101
1.0,6,171.161979
1.0,9,171.187152
1.0,8,171.212579
1.0,10,171.247078
-1.0,8,171.273661
1.0,12,171.308394
1.0,5,171.321701
-1.0,13,171.359555
1.0,12,171.393765
1.0,13,171.433754
1.0,12,171.457161
-4.0,17,171.499791
1.0,9,171.525162
-48.0,67,171.619095
-1.0,10,171.646191
1.0,15,171.689114
1.0,4,171.699993
-1.0,11,171.729711
1.0,10,171.75282
-1.0,9,171.782849
1.0,8,171.802259
1.0,9,171.827878
1.0,10,171.859762
1.0,13,171.900803
1.0,9,171.920865
-1.0,10,171.948528
-2.0,11,171.973977
-1.0,9,172.001453
1.0,12,172.033545
1.0,12,172.066808
-1.0,9,172.092887
1.0,6,172.107593
1.0,13,172.137453
1.0,9,172.163657
1.0,13,172.197922
1.0,8,172.222147
-1.0,15,172.260454
1.0,10,172.287009
1.0,11,172.317285
-1.0,10,172.345705
1.0,7,172.363399
1.0,5,172.375637
1.0,13,172.411394
1.0,14,172.445632
1.0,13,172.482246
1.0,12,172.516011
1.0,10,172.547917
1.0,13,172.646875
-1.0,6,172.675832
1.0,12,172.708969
1.0,14,172.746168
-1.0,10,172.771335
1.0,10,172.798359
1.0,10,172.826823
1.0,9,172.848355
1.0,15,172.892106
1.0,7,172.909615
1.0,13,172.943885
1.0,15,172.977734
1.0,10,173.00857
1.0,7,173.02878
1.0,10,173.060991
1.0,8,173.084037
1.0,4,173.096889
1.0,9,173.118218
1.0,4,173.128698
1.0,10,173.158053
1.0,5,173.172602
1.0,11,173.204015
1.0,7,173.225348
-25.0,41,173.333454
1.0,7,173.356139
1.0,8,173.372656
1.0,7,173.384921
1.0,14,173.418084
-1.0,9,173.440622
-1.0,5,173.45322
1.0,10,173.477397
1.0,9,173.497719
1.0,9,173.523855
1.0,11,173.555948
1.0,13,173.589731
-1.0,8,173.610136
1.0,13,173.646983
-1.0,16,173.691726
1.0,9,173.714431
1.0,15,173.757244
1.0,8,173.780386
1.0,4,173.788795
1.0,9,173.808587
1.0,11,173.837625
1.0,16,173.87362
1.0,5,173.885644
1.0,4,173.895894
-1.0,12,173.926811
1.0,9,173.950636
1.0,14,173.984483
1.0,13,174.01214
1.0,14,174.048467
1.0,13,174.085106
1.0,9,174.111234
1.0,12,174.138606
-1.0,7,174.155689
1.0,7,174.172746
1.0,5,174.185344
1.0,11,174.209361
-167.0,186,174.412133
1.0,6,174.429495
-1.0,10,174.460848
1.0,14,174.499952
1.0,13,174.534443
1.0,12,174.568218
-1.0,15,174.606285
1.0,12,174.638867
1.0,13,174.680362
1.0,13,174.719433
1.0,8,174.739399
1.0,12,174.76967
1.0,11,174.796587
-9.0,24,174.838513
-1.0,15,174.870976
1.0,12,174.902274
-1.0,13,174.937313
1.0,9,174.960297
1.0,5,174.972785
-1.0,17,175.017973
-1.0,10,175.0447
-1.0,15,175.085498
1.0,9,175.110494
-1.0,8,175.135168
-15.0,27,175.190192
-1.0,12,175.22723
1.0,15,175.26459
1.0,12,175.295155
-1.0,5,175.311283
1.0,4,175.325573
1.0,4,175.337995
1.0,16,175.379915
-1.0,17,175.42754
1.0,7,175.448479
1.0,5,175.461226
1.0,8,175.485671
1.0,11,175.52132
1.0,7,175.541605
1.0,15,175.596293
-1.0,13,175.643684
1.0,12,175.675497
1.0,4,175.686102
1.0,5,175.698805
1.0,5,175.711007
1.0,9,175.733688
1.0,12,175.766445
1.0,17,175.856781
1.0,12,175.89607
1.0,17,175.945746
-1.0,12,175.984427
1.0,10,176.007484
1.0,7,176.023975
-39.0,55,176.096995
1.0,9,176.123546
1.0,5,176.133059
1.0,6,176.149301
1.0,9,176.170136
1.0,13,176.1987
1.0,15,176.236954
1.0,5,176.248225
1.0,12,176.278605
1.0,7,176.299173
1.0,7,176.319026
-1.0,7,176.338313
1.0,6,176.353846
-96.0,112,176.482254
1.0,11,176.515852
1.0,5,176.529439
1.0,9,176.550008
-1.0,6,176.566988
1.0,5,176.579649
-1.0,7,176.600618
1.0,13,176.632767
1.0,13,176.672788
1.0,11,176.704761
1.0,4,176.715734
-1.0,8,176.737648
1.0,14,176.777388
1.0,14,176.820003
-1.0,14,176.857669
1.0,14,176.897284
1.0,9,176.921789
1.0,8,176.943972
1.0,7,176.963775
1.0,7,176.984353
-1.0,14,177.017983
-1.0,12,177.052166
1.0,6,177.070663
1.0,4,177.080262
-1.0,12,177.116544
1.0,6,177.167621
-1.0,9,177.207095
-1.0,9,177.232666
1.0,12,177.262525
-1.0,9,177.285391
1.0,6,177.298329
-1.0,16,177.33681
1.0,11,177.367688
-1.0,11,177.39875
1.0,9,177.42117
1.0,6,177.438238
1.0,10,177.462931
-1.0,14,177.493601
1.0,8,177.511624
-1.0,11,177.541722
-1.0,13,177.582507
1.0,10,177.606111
1.0,7,177.627121
1.0,12,177.658941
1.0,5,177.671262
1.0,15,177.703325
-1.0,10,177.730939
1.0,9,177.75489
-1.0,6,177.774305
1.0,7,177.790905
1.0,16,177.825631
1.0,13,177.863679
1.0,8,177.885213
1.0,9,177.909269
1.0,17,177.958524
1.0,8,177.980972
-1.0,9,178.008866
1.0,10,178.034216
1.0,7,178.051796
1.0,5,178.064124
1.0,6,178.079926
-2.0,15,178.117053
1.0,8,178.135709
1.0,13,178.167803
-1.0,10,178.194878
1.0,6,178.20966
1.0,10,178.230672
1.0,6,178.247628
1.0,12,178.278563
-1.0,8,178.298523
1.0,10,178.319715
1.0,9,178.339709
1.0,5,178.352255
1.0,4,178.361494
1.0,4,178.37244
1.0,4,178.380569
1.0,4,178.391735
1.0,4,178.400105
1.0,10,178.420889
1.0,5,178.433054
1.0,6,178.446607
1.0,4,178.455477
1.0,4,178.464378
1.0,4,178.475176
1.0,12,178.501854
1.0,6,178.518428
1.0,17,178.557731
-1.0,13,178.587951
1.0,13,178.61239
-38.0,55,178.68013
1.0,10,178.70669
1.0,14,178.738273
-1.0,10,178.766093
1.0,6,178.777315
1.0,5,178.787474
1.0,5,178.798662
1.0,7,178.816434
-555.0,577,179.407929
1.0,9,179.428629
-1.0,10,179.453725
1.0,4,179.467312
1.0,6,179.484231
1.0,4,179.493602
1.0,4,179.50611
-1.0,10,179.535741
1.0,5,179.552046
1.0,8,179.569884
1.0,4,179.578806
1.0,4,179.589211
1.0,4,179.599887
-1.0,7,179.614324
1.0,13,179.649246
1.0,5,179.665193
1.0,9,179.691727
1.0,14,179.726964
1.0,13,179.762459
-1.0,7,179.779604
1.0,13,179.811479
1.0,7,179.869432
-1.0,5,179.892946
-1.0,13,179.934302
-1.0,9,179.962107
1.0,7,179.981399
1.0,8,179.999113
1.0,13,180.037911
1.0,9,180.065123
1.0,8,180.088626
-1.0,7,180.105635
1.0,10,180.130466
1.0,4,180.141545
1.0,11,180.17467
1.0,9,180.204177
1.0,4,180.217264
1.0,4,180.22848
1.0,6,180.242822
1.0,12,180.272008
1.0,10,180.297846
1.0,11,180.328734
-1.0,12,180.361294
1.0,5,180.37485
1.0,9,180.395287
1.0,6,180.410207
0.0,11,180.436676
1.0,14,180.474015
1.0,12,180.501729
1.0,8,180.523501
1.0,8,180.545767
1.0,9,180.571249
1.0,7,180.590712
1.0,8,180.611468
1.0,4,180.621038
1.0,4,180.633837
1.0,8,180.656165
1.0,6,180.671324
1.0,12,180.701616
1.0,7,180.718854
-1.0,13,180.753201
1.0,9,180.778472
1.0,4,180.788377
1.0,8,180.813053
1.0,5,180.829671
1.0,6,180.846382
1.0,11,180.874663
1.0,9,180.89585
1.0,5,180.913014
1.0,6,180.927445
1.0,15,180.968441
1.0,11,180.999255
1.0,11,181.022904
1.0,11,181.051326
1.0,6,181.070686
1.0,9,181.097678
1.0,7,181.115021
-1.0,11,181.143134
1.0,5,181.157239
1.0,7,181.171239
-1.0,16,181.213121
1.0,10,181.242118
1.0,7,181.262832
1.0,14,181.295474
1.0,8,181.320529
1.0,12,181.35243
-1.0,4,181.36257
-1.0,18,181.411686
-1.0,8,181.433881
1.0,11,181.462864
1.0,12,181.49878
-1.0,7,181.51688
-1.0,16,181.55923
1.0,5,181.568005
1.0,4,181.578061
1.0,4,181.588016
1.0,7,181.605716
1.0,12,181.633114
1.0,5,181.643759
1.0,4,181.655757
-1.0,10,181.70451
-1.0,13,181.738857
1.0,12,181.76566
-1.0,10,181.795316
1.0,13,181.830409
1.0,7,181.85255
-1.0,13,181.890028
1.0,17,181.928344
-1.0,9,181.949673
-1.0,7,181.968221
1.0,7,181.989223
1.0,7,182.005657
1.0,5,182.018085
1.0,8,182.039736
-1.0,14,182.073087
-1.0,9,182.095918
1.0,5,182.112002
1.0,5,182.125368
1.0,4,182.175988
1.0,7,182.2044
1.0,6,182.219205
1.0,5,182.231243
1.0,4,182.238556
1.0,12,182.267898
1.0,12,182.300311
-1.0,9,182.326997
-1.0,10,182.354808
1.0,14,182.392503
1.0,9,182.417935
-1.0,10,182.446155
1.0,9,182.468458
-1.0,10,182.496989
-1.0,12,182.526762
1.0,6,182.546026
1.0,12,182.595283
1.0,7,182.61532
1.0,7,182.631521
1.0,11,182.663503
1.0,9,182.690594
1.0,10,182.719269
-1.0,7,182.740171
1.0,4,182.748753
1.0,6,182.761499
1.0,5,182.773261
-1.0,14,182.808571
1.0,8,182.827199
1.0,7,182.844656
1.0,9,182.866543
1.0,5,182.882045
1.0,11,182.913204
1.0,5,182.927796
1.0,6,182.946802
1.0,5,182.962987
-1.0,13,182.99387
-1.0,5,183.007447
-1.0,12,183.043804
1.0,8,183.070113
-1.0,11,183.103373
1.0,4,183.114867
1.0,4,183.126424
1.0,10,183.15686
1.0,12,183.193098
1.0,7,183.210664
1.0,8,183.232177
1.0,10,183.260108
1.0,10,183.283631
1.0,11,183.313642
0.0,15,183.35775
1.0,10,183.389098
1.0,10,183.417919
1.0,6,183.434088
-65.0,83,183.544482
-1.0,14,183.58263
1.0,11,183.613338
1.0,13,183.652862
1.0,15,183.688583
1.0,8,183.715147
1.0,6,183.733037
1.0,6,183.746367
-1.0,12,183.779015
1.0,5,183.798313
1.0,6,183.81183
1.0,8,183.831516
1.0,4,183.842672
1.0,15,183.881085
1.0,4,183.890805
1.0,4,183.899864
1.0,4,183.9112
1.0,4,183.922131
1.0,9,183.947885
0.0,13,183.981807
-1.0,8,184.003361
1.0,10,184.034702
1.0,15,184.068505
1.0,8,184.086869
1.0,11,184.110988
1.0,13,184.149977
1.0,10,184.173038
-1.0,11,184.207861
1.0,8,184.231108
1.0,11,184.257746
1.0,5,184.272734
1.0,10,184.353431
-1.0,9,184.380048
1.0,9,184.408425
1.0,5,184.422059
-1.0,10,184.454207
1.0,12,184.489797
1.0,9,184.517594
1.0,5,184.527163
1.0,5,184.540921
1.0,5,184.558392
1.0,5,184.574684
1.0,5,184.588113
-1.0,10,184.616361
-1.0,7,184.634935
1.0,6,184.653095
1.0,8,184.673255
1.0,12,184.708186
1.0,11,184.737551
-1.0,17,184.78393
-1.0,12,184.819898
-1.0,13,184.857396
1.0,5,184.870739
1.0,14,184.917094
1.0,10,184.94147
1.0,11,184.970034
1.0,15,185.014732
1.0,4,185.028644
-1.0,11,185.055447
1.0,14,185.088654
1.0,9,185.107564
-1.0,12,185.144959
1.0,6,185.159277
-1.0,6,185.175632
-1.0,13,185.213914
-1.0,6,185.229045
1.0,12,185.259849
1.0,5,185.274423
1.0,8,185.294409
1.0,11,185.326959
1.0,9,185.348924
1.0,9,185.377133
1.0,13,185.416422
-1.0,13,185.449193
-74.0,90,185.549379
-1.0,5,185.56313
-1.0,15,185.603251
1.0,8,185.630052
-2.0,15,185.669625
-1.0,12,185.704264
1.0,9,185.725275
1.0,12,185.759223
1.0,8,185.783154
1.0,12,185.818049
-1.0,10,185.844819
1.0,13,185.882284
-1.0,14,185.92562
-1.0,12,185.959644
1.0,14,185.998075
1.0,8,186.02321
1.0,4,186.034317
1.0,14,186.0748
-1.0,10,186.101905
1.0,10,186.13032
1.0,4,186.140729
1.0,4,186.152019
1.0,6,186.168323
1.0,11,186.199642
1.0,8,186.25427
1.0,5,186.274264
1.0,12,186.303588
1.0,6,186.321441
1.0,10,186.343738
1.0,7,186.363263
1.0,5,186.376536
1.0,5,186.391991
1.0,15,186.427777
1.0,4,186.440236
1.0,13,186.47915
1.0,4,186.490482
1.0,4,186.500696
1.0,4,186.510917
1.0,4,186.521886
1.0,4,186.535545
1.0,4,186.546573
1.0,6,186.560308
1.0,5,186.573052
1.0,4,186.587244
1.0,8,186.60705
-92.0,109,186.726473
1.0,7,186.746614
1.0,8,186.769523
1.0,7,186.788843
1.0,4,186.797201
1.0,4,186.808276
1.0,13,186.84146
-1.0,12,186.877842
1.0,4,186.890254
1.0,4,186.901901
1.0,5,186.918767
1.0,6,186.934415
1.0,7,186.955991
-1.0,10,186.988928
-1.0,12,187.023011
-3.0,20,187.069028
1.0,7,187.090678
1.0,10,187.117205
1.0,8,187.136658
1.0,12,187.16714
1.0,9,187.188037
1.0,7,187.208578
1.0,4,187.222857
1.0,4,187.232706
-1.0,10,187.257573
1.0,8,187.279927
-1.0,6,187.302736
1.0,15,187.341128
1.0,9,187.366231
1.0,12,187.395772
1.0,17,187.43792
-1.0,14,187.476554
1.0,16,187.520058
-1.0,9,187.55021
1.0,6,187.567444
1.0,11,187.59713
1.0,11,187.62263
-1.0,12,187.658189
-1.0,9,187.689003
1.0,10,187.716883
1.0,4,187.726938
1.0,8,187.749464
1.0,4,187.762413
1.0,11,187.788986
1.0,4,187.800032
1.0,4,187.808408
1.0,5,187.823158
1.0,4,187.833837
1.0,4,187.841874
-1.0,6,187.860071
1.0,4,187.871744
1.0,4,187.884143
1.0,9,187.907272
-1.0,12,187.939545
1.0,11,187.972387
1.0,9,187.992557
1.0,9,188.019788
1.0,8,188.041698
-1.0,8,188.06381
1.0,12,188.099715
1.0,9,188.128172
1.0,8,188.152401
-1.0,6,188.168204
1.0,14,188.203952
1.0,14,188.241952
-1.0,5,188.257483
1.0,8,188.284306
1.0,7,188.306396
1.0,8,188.325877
1.0,10,188.351145
1.0,9,188.378855
1.0,10,188.404299
1.0,11,188.434172
1.0,6,188.451532
1.0,4,188.463748
-1.0,13,188.503007
1.0,4,188.51356
1.0,8,188.535295
-1.0,12,188.568113
1.0,6,188.578789
1.0,4,188.589571
1.0,13,188.627479
-1.0,10,188.689497
1.0,5,188.710205
-1.0,10,188.737035
1.0,8,188.759225
1.0,12,188.788797
1.0,10,188.811188
1.0,5,188.827169
1.0,9,188.85016
1.0,9,188.873022
1.0,5,188.884728
1.0,8,188.908004
1.0,9,188.935926
1.0,12,188.967213
1.0,4,188.975593
1.0,5,188.989172
1.0,4,188.999338
1.0,5,189.01188
1.0,4,189.023487
1.0,4,189.034677
1.0,4,189.044415
1.0,4,189.055325
1.0,4,189.065775
1.0,6,189.080384
1.0,4,189.093171
1.0,4,189.105309
1.0,6,189.121087
1.0,4,189.130954
1.0,6,189.145573
1.0,4,189.158758
1.0,5,189.171317
-1.0,10,189.193302
1.0,9,189.214643
1.0,4,189.227956
1.0,8,189.254385
1.0,4,189.266414
-1.0,11,189.300289
1.0,10,189.3269
1.0,9,189.348469
1.0,12,189.378262
1.0,9,189.401426
-1.0,12,189.435964
1.0,5,189.449665
1.0,7,189.464652
1.0,12,189.494022
1.0,4,189.50674
1.0,5,189.522562
1.0,8,189.543614
1.0,4,189.555461
1.0,9,189.576809
1.0,6,189.590939
1.0,4,189.601053
1.0,5,189.617008
1.0,7,189.636911
1.0,4,189.649032
1.0,4,189.658593
1.0,4,189.66985
1.0,4,189.681766
1.0,14,189.720346
1.0,5,189.73449
1.0,9,189.757061
1.0,7,189.779185
1.0,10,189.803434
-1.0,11,189.835791
-1.0,10,189.866482
1.0,7,189.886546
-1.0,13,189.918742
1.0,6,189.934393
1.0,4,189.94401
1.0,6,189.964378
1.0,11,189.99017
1.0,4,190.000911
1.0,4,190.011209
1.0,12,190.049008
1.0,4,190.058178
1.0,4,190.069776
1.0,10,190.095565
1.0,9,190.122068
1.0,12,190.148631
-1.0,10,190.179259
-1.0,16,190.215112
-1.0,8,190.240956
1.0,8,190.261475
1.0,12,190.300363
1.0,12,190.337242
-1.0,8,190.363869
1.0,7,190.383659
1.0,5,190.396842
1.0,9,190.420929
1.0,8,190.442389
1.0,4,190.453902
1.0,13,190.487565
1.0,8,190.509829
-1.0,10,190.535489
1.0,4,190.544429
1.0,4,190.555658
1.0,4,190.567008
1.0,13,190.603534
1.0,4,190.614008
1.0,6,190.626549
1.0,7,190.641283
1.0,7,190.660051
1.0,5,190.670908
1.0,14,190.712285
1.0,14,190.74612
1.0,6,190.766315
1.0,6,190.781174
1.0,5,190.797614
1.0,14,190.832775
1.0,6,190.847849
1.0,6,190.858912
1.0,14,190.897169
1.0,6,190.910146
1.0,5,190.922974
-1.0,4,190.932853
1.0,12,190.966582
1.0,6,190.986057
1.0,8,191.011456
-1.0,13,191.100584
1.0,7,191.12959
1.0,9,191.156552
1.0,16,191.200944
1.0,5,191.215663
1.0,5,191.233012
1.0,16,191.282573
1.0,4,191.297408
1.0,4,191.308241
-1.0,10,191.334596
1.0,8,191.360799
1.0,4,191.373045
1.0,5,191.386784
1.0,10,191.417973
1.0,8,191.443264
1.0,7,191.464548
1.0,6,191.47972
-1.0,13,191.517076
1.0,4,191.528312
1.0,7,191.552587
1.0,5,191.563991
1.0,10,191.592823
1.0,11,191.617857
-1.0,9,191.646413
-1.0,7,191.665889
1.0,5,191.679668
1.0,7,191.701744
1.0,5,191.718382
1.0,10,191.741199
1.0,6,191.75443
-1.0,10,191.780409
1.0,10,191.814237
1.0,9,191.837061
-1.0,8,191.860754
1.0,12,191.893652
-1.0,9,191.920472
-1.0,4,191.93313
1.0,12,191.965689
1.0,13,191.996851
1.0,10,192.026899
-1.0,13,192.063554
1.0,8,192.082824
1.0,7,192.101162
1.0,15,192.139849
1.0,7,192.15919
-1.0,6,192.172718
1.0,10,192.199283
1.0,8,192.219724
1.0,4,192.229401
1.0,4,192.237409
1.0,16,192.277731
1.0,13,192.312908
1.0,12,192.345067
1.0,10,192.367263
-1.0,9,192.390839
1.0,9,192.418131
-33.0,47,192.49033
1.0,7,192.504018
1.0,11,192.533902
1.0,4,192.546582
1.0,8,192.566747
1.0,10,192.592864
1.0,10,192.616997
1.0,8,192.639827
1.0,10,192.666857
1.0,12,192.69566
1.0,10,192.719418
1.0,10,192.750638
1.0,9,192.775607
1.0,4,192.786551
-184.0,204,192.984874
1.0,7,193.007356
-41.0,55,193.078318
-1.0,8,193.098853
1.0,7,193.118088
-1.0,11,193.155186
1.0,9,193.180862
1.0,4,193.189415
-101.0,119,193.314379
-1.0,18,193.359737
1.0,4,193.368384
1.0,4,193.378882
1.0,4,193.389702
1.0,4,193.402554
1.0,5,193.416457
1.0,10,193.439949
1.0,7,193.458555
1.0,12,193.488937
1.0,11,193.520345
1.0,6,193.534358
-1.0,12,193.563671
-1.0,15,193.605917
1.0,5,193.61747
1.0,12,193.646071
1.0,8,193.668951
1.0,16,193.714302
1.0,16,193.751793
1.0,13,193.789025
1.0,12,193.822003
1.0,12,193.855864
1.0,12,193.891389
1.0,10,193.923141
1.0,15,193.961802
1.0,7,193.981315
1.0,13,194.01147
1.0,14,194.048347
-1.0,13,194.07956
1.0,9,194.108592
1.0,8,194.13004
1.0,10,194.158361
1.0,7,194.216063
1.0,4,194.229118
1.0,9,194.251255
1.0,9,194.274639
1.0,12,194.30825
1.0,5,194.32443
1.0,8,194.342937
1.0,11,194.369573
1.0,9,194.397716
1.0,10,194.428421
-1.0,10,194.455018
1.0,13,194.488333
1.0,6,194.50432
-1.0,5,194.521932
1.0,17,194.566391
1.0,7,194.58228
-1.0,8,194.601026
1.0,6,194.617411
-1.0,8,194.636016
1.0,15,194.671319
1.0,13,194.70517
-1.0,11,194.737854
1.0,9,194.761794
-1.0,18,194.811512
1.0,11,194.843418
-1.0,11,194.878971
1.0,6,194.897479
1.0,6,194.913476
1.0,9,194.935108
-1.0,8,194.955837
-1.0,9,194.980131
1.0,8,195.003908
1.0,5,195.015794
-1.0,5,195.033385
1.0,7,195.054732
1.0,5,195.069312
1.0,9,195.090686
1.0,10,195.116662
1.0,7,195.132643
1.0,12,195.164729
1.0,8,195.182459
1.0,4,195.19733
-1.0,13,195.231637
-1.0,9,195.257339
1.0,16,195.305395
1.0,5,195.319254
1.0,6,195.334864
1.0,7,195.353843
1.0,7,195.373829
1.0,10,195.403805
1.0,7,195.419818
1.0,11,195.450736
1.0,4,195.461767
1.0,11,195.493834
-1.0,11,195.520242
-1.0,6,195.534477
1.0,6,195.552891
1.0,4,195.565414
1.0,5,195.576505
1.0,6,195.594191
1.0,11,195.618716
-1.0,6,195.638009
1.0,4,195.650761
1.0,4,195.66153
1.0,9,195.68841
1.0,5,195.700649
-1.0,4,195.712464
1.0,5,195.726133
1.0,5,195.736364
-1.0,11,195.764562
1.0,7,195.780792
1.0,4,195.791644
1.0,5,195.805381
1.0,8,195.825469
1.0,4,195.836679
1.0,15,195.880836
-1.0,10,195.908046
1.0,4,195.918867
-1.0,12,195.952153
1.0,5,195.964777
1.0,9,195.986503
1.0,7,196.002582
1.0,10,196.035066
1.0,5,196.04983
1.0,7,196.072333
1.0,4,196.086053
1.0,11,196.115486
1.0,7,196.133314
1.0,4,196.144042
1.0,9,196.172322
1.0,11,196.201636
1.0,8,196.221489
1.0,5,196.236089
1.0,6,196.254984
1.0,12,196.28531
1.0,16,196.330694
1.0,4,196.34182
-1.0,11,196.371593
1.0,7,196.387415
-1.0,15,196.432436
1.0,7,196.450412
1.0,12,196.485931
1.0,5,196.498148
-1.0,6,196.516865
1.0,5,196.531282
-1.0,16,196.573667
1.0,10,196.60016
1.0,6,196.617937
-1.0,6,196.633636
-1.0,10,196.664482
1.0,8,196.68115
1.0,6,196.695237
-1.0,7,196.714686
-1.0,12,196.74692
-1.0,12,196.777413
1.0,9,196.846481
1.0,9,196.876807
1.0,5,196.891224
1.0,11,196.920751
1.0,6,196.933891
-1.0,11,196.969139
1.0,5,196.984281
1.0,4,196.996326
1.0,7,197.015137
1.0,13,197.05168
1.0,5,197.065712
1.0,4,197.07564
1.0,4,197.084428
-1.0,12,197.119399
1.0,6,197.137037
-1.0,10,197.162218
1.0,6,197.178415
-1.0,5,197.190316
1.0,11,197.221371
1.0,13,197.254431
1.0,8,197.274799
0.0,16,197.314202
1.0,10,197.345014
-1.0,11,197.3757
-1.0,11,197.409565
1.0,12,197.445095
1.0,10,197.477613
1.0,8,197.49849
-1.0,6,197.513364
1.0,6,197.530403
1.0,7,197.55138
1.0,12,197.580861
1.0,6,197.598806
1.0,9,197.62706
-1.0,16,197.672484
1.0,9,197.694482
-1.0,11,197.727239
-1.0,4,197.740128
-1.0,13,197.774165
1.0,7,197.793484
1.0,5,197.805565
1.0,6,197.822634
1.0,6,197.836135
1.0,4,197.845299
1.0,4,197.854733
1.0,4,197.865469
1.0,9,197.895501
1.0,4,197.907401
-26.0,40,197.966583
1.0,4,197.976903
1.0,6,197.990579
1.0,6,198.008736
-1.0,9,198.032949
1.0,8,198.052855
1.0,9,198.078284
1.0,8,198.098891
1.0,7,198.116743
1.0,11,198.143961
-1.0,15,198.186827
1.0,5,198.199455
1.0,12,198.229413
1.0,11,198.25896
1.0,13,198.293017
1.0,14,198.330121
1.0,12,198.361695
1.0,13,198.396081
1.0,7,198.419317
1.0,5,198.432157
1.0,4,198.442245
1.0,13,198.47883
1.0,5,198.495528
1.0,4,198.506945
1.0,7,198.524215
1.0,8,198.546744
1.0,10,198.577106
1.0,5,198.587622
1.0,9,198.617801
1.0,17,198.663955
1.0,9,198.699362
1.0,8,198.730438
1.0,8,198.757748
-1.0,15,198.805644
-1.0,7,198.829972
1.0,10,198.850023
1.0,12,198.884193
1.0,10,198.91178
1.0,11,198.935083
1.0,14,198.975904
1.0,10,199.003249
1.0,6,199.017138
1.0,4,199.028982
1.0,7,199.044822
-1.0,15,199.080536
1.0,8,199.09946
1.0,10,199.130162
-1.0,9,199.157741
1.0,4,199.168017
1.0,8,199.19347
1.0,7,199.213055
1.0,13,199.245795
-1.0,13,199.280299
1.0,9,199.306294
1.0,6,199.321
1.0,14,199.363093
1.0,7,199.383382
1.0,7,199.40568
-1.0,8,199.430457
1.0,12,199.457622
1.0,8,199.475623
1.0,7,199.496025
1.0,5,199.51379
1.0,5,199.557712
1.0,12,199.604971
1.0,6,199.619815
1.0,9,199.644793
1.0,4,199.656258
1.0,4,199.667462
1.0,4,199.676721
1.0,4,199.688883
1.0,4,199.697015
1.0,13,199.729566
1.0,9,199.751536
1.0,4,199.761903
1.0,4,199.773509
-1.0,10,199.795836
1.0,6,199.81045
1.0,6,199.827687
-1.0,11,199.860608
1.0,5,199.875414
1.0,9,199.901535
1.0,4,199.913885
1.0,5,199.928669
1.0,9,199.950928
1.0,14,199.987509
1.0,8,200.009704
1.0,5,200.024122
1.0,8,200.046249
1.0,8,200.068332
1.0,14,200.109123
1.0,13,200.145368
1.0,7,200.166731
1.0,8,200.184538
-2.0,17,200.217532
-1.0,15,200.263968
-1.0,9,200.286522
1.0,9,200.315409
-1.0,11,200.345688
-1.0,13,200.379246
1.0,12,200.408907
1.0,14,200.444991
1.0,4,200.457946
1.0,9,200.485132
1.0,9,200.507488
1.0,10,200.535272
1.0,8,200.561924
1.0,7,200.582721
1.0,4,200.593589
1.0,8,200.612597
1.0,6,200.629797
1.0,5,200.643214
1.0,8,200.664131
1.0,11,200.695225
1.0,8,200.716243
1.0,10,200.742827
1.0,12,200.772476
-1.0,8,200.793577
1.0,10,200.816319
1.0,5,200.832929
1.0,10,200.862037
1.0,7,200.883725
1.0,16,200.929752
-1.0,9,200.952163
1.0,13,200.982904
1.0,8,201.006722
-1.0,8,201.030543
1.0,9,201.05503
1.0,8,201.076648
1.0,13,201.116224
1.0,7,201.139223
1.0,11,201.165297
1.0,9,201.193751
1.0,8,201.2132
1.0,7,201.229048
-1.0,12,201.264093
1.0,5,201.278492
1.0,9,201.304359
1.0,11,201.337416
1.0,6,201.347543
-1.0,12,201.379479
1.0,7,201.400093
1.0,14,201.435397
1.0,7,201.456949
-1.0,13,201.494477
1.0,10,201.524386
1.0,15,201.564233
-1.0,6,201.582266
-1.0,12,201.621766
-1.0,8,201.644572
-1.0,8,201.667743
-1.0,13,201.698607
0.0,14,201.736876
-1.0,11,201.764378
-1.0,14,201.805775
-1.0,13,201.842945
1.0,12,201.874731
-1.0,16,201.920826
1.0,6,201.941271
-1.0,11,201.96967
1.0,12,201.999243
-1.0,6,202.0155
1.0,8,202.043366
1.0,5,202.057131
1.0,17,202.107023
1.0,10,202.133367
1.0,4,202.144551
1.0,19,202.1823
1.0,6,202.19838
1.0,4,202.208028
1.0,7,202.229641
1.0,8,202.247966
1.0,4,202.259868
1.0,9,202.330742
-1.0,7,202.355349
1.0,6,202.372845
-1.0,8,202.394054
1.0,16,202.440535
1.0,7,202.462031
1.0,5,202.47601
-1.0,10,202.503458
1.0,6,202.521832
1.0,5,202.534707
1.0,7,202.555443
1.0,17,202.5955
1.0,13,202.629283
1.0,12,202.66055
1.0,14,202.692556
1.0,5,202.70615
-1.0,9,202.73123
1.0,7,202.753046
1.0,8,202.772905
1.0,13,202.801708
1.0,9,202.827724
1.0,10,202.856863
1.0,10,202.883724
1.0,7,202.900708
1.0,9,202.921822
1.0,8,202.944724
-1.0,6,202.960866
1.0,10,202.988504
1.0,10,203.017057
1.0,9,203.04717
1.0,14,203.082566
-1.0,12,203.110166
1.0,5,203.124073
1.0,12,203.161354
1.0,13,203.198071
1.0,7,203.214916
1.0,11,203.245374
1.0,7,203.265862
-1.0,6,203.285473
1.0,11,203.308859
1.0,11,203.335308
1.0,10,203.367088
1.0,9,203.387148
1.0,10,203.413316
1.0,7,203.431876
1.0,14,203.468378
1.0,8,203.491354
1.0,11,203.523072
1.0,7,203.538362
-1.0,13,203.577263
1.0,5,203.588874
-8.0,21,203.632179
-1.0,5,203.646141
1.0,8,203.670413
1.0,4,203.678882
1.0,4,203.689504
-1.0,8,203.712724
1.0,12,203.745012
1.0,5,203.757686
1.0,12,203.788149
1.0,5,203.798008
1.0,6,203.813505
1.0,10,203.841829
1.0,6,203.857014
1.0,7,203.876293
1.0,7,203.895848
1.0,10,203.919344
1.0,13,203.956954
1.0,9,203.981779
1.0,9,204.002954
-1.0,6,204.017423
1.0,11,204.042268
1.0,10,204.067579
-1.0,8,204.089266
1.0,9,204.110327
1.0,9,204.137991
-16.0,34,204.197878
1.0,12,204.234429
1.0,12,204.271056
-1.0,11,204.301082
1.0,10,204.329884
1.0,12,204.36661
1.0,4,204.375235
1.0,4,204.38721
1.0,4,204.39862
1.0,7,204.418801
1.0,7,204.43666
1.0,8,204.456981
1.0,7,204.477052
1.0,7,204.500097
-1.0,12,204.529788
-1.0,13,204.570139
1.0,14,204.608612
1.0,16,204.648938
1.0,10,204.669632
1.0,5,204.685322
1.0,4,204.6961
-1.0,11,204.722323
1.0,11,204.747916
1.0,9,204.769844
1.0,9,204.793774
1.0,16,204.838087
-1.0,14,204.875114
1.0,11,204.904649
1.0,10,204.932325
1.0,6,204.950613
1.0,12,204.980456
1.0,7,204.998312
-1.0,14,205.040946
1.0,9,205.120232
-1.0,15,205.163934
1.0,6,205.183505
1.0,8,205.208694
-1.0,16,205.254279
1.0,10,205.275654
-1.0,15,205.313444
1.0,12,205.345575
1.0,7,205.367881
1.0,13,205.39411
1.0,9,205.416697
1.0,7,205.436136
-20.0,35,205.488148
1.0,9,205.514025
1.0,5,205.524922
1.0,8,205.545068
1.0,10,205.572244
1.0,10,205.597854
1.0,13,205.636229
1.0,8,205.658291
-1.0,6,205.677055
-96.0,113,205.805942
1.0,16,205.839697
-1.0,9,205.861276
1.0,5,205.879283
1.0,5,205.891782
1.0,6,205.908226
-1.0,13,205.947109
-1.0,5,205.959643
1.0,15,205.992255
1.0,10,206.013071
1.0,4,206.022902
1.0,6,206.041697
1.0,9,206.061707
1.0,9,206.083827
1.0,6,206.099805
1.0,15,206.138113
1.0,7,206.158879
1.0,8,206.183392
1.0,5,206.197391
-1.0,8,206.222367
1.0,10,206.245465
1.0,15,206.290167
-1.0,8,206.314484
-1.0,15,206.352318
1.0,7,206.371159
1.0,9,206.392195
-1.0,13,206.422892
1.0,8,206.444368
1.0,5,206.457422
1.0,11,206.490672
-1.0,11,206.524761
1.0,12,206.558812
1.0,13,206.60006
1.0,9,206.625935
1.0,10,206.651519
1.0,11,206.684646
1.0,9,206.709113
1.0,6,206.725552
1.0,9,206.751986
1.0,7,206.770089
-1.0,11,206.7982
1.0,6,206.813692
-1.0,9,206.834837
-1.0,6,206.855758
1.0,7,206.875319
1.0,5,206.889681
-1.0,6,206.904773
-1.0,8,206.925021
1.0,5,206.940193
1.0,10,206.971046
-1.0,11,207.00635
1.0,13,207.03845
-120.0,139,207.181705
1.0,8,207.205966
1.0,9,207.224636
1.0,9,207.247715
1.0,7,207.265329
1.0,6,207.283702
-1.0,11,207.313709
1.0,12,207.349191
1.0,9,207.377081
1.0,7,207.399552
-1.0,11,207.441431
1.0,9,207.482004
1.0,14,207.538049
1.0,4,207.555538
1.0,6,207.580916
1.0,4,207.601529
1.0,10,207.633512
1.0,10,207.656907
1.0,9,207.685327
1.0,9,207.71274
1.0,7,207.729443
1.0,8,207.748315
-1.0,9,207.772563
1.0,5,207.78511
1.0,7,207.800707
1.0,14,207.83342
1.0,9,207.86275
1.0,10,207.888882
1.0,15,207.925761
1.0,12,207.954139
1.0,4,207.964602
1.0,5,207.977025
1.0,10,208.053363
1.0,8,208.076072
1.0,10,208.105234
1.0,7,208.123715
1.0,9,208.147453
1.0,4,208.157516
1.0,4,208.168476
-1.0,12,208.195974
1.0,6,208.212423
1.0,4,208.224113
-1.0,5,208.239267
1.0,6,208.257225
1.0,4,208.267472
-1.0,9,208.294451
1.0,4,208.306263
1.0,8,208.327333
1.0,11,208.355575
1.0,12,208.388747
1.0,8,208.410064
1.0,11,208.444683
1.0,9,208.469773
1.0,5,208.484266
1.0,12,208.518664
-45.0,64,208.605423
-1.0,12,208.637999
-1.0,14,208.674507
1.0,17,208.710964
1.0,5,208.729566
1.0,11,208.756878
-1.0,8,208.776728
1.0,12,208.809079
1.0,7,208.828743
1.0,11,208.852556
1.0,13,208.890244
1.0,16,208.937241
1.0,11,208.970027
1.0,17,209.014905
1.0,5,209.02823
1.0,9,209.056828
1.0,15,209.096635
1.0,9,209.123347
1.0,10,209.152967
1.0,12,209.186614
1.0,8,209.208057
-1.0,7,209.22499
1.0,9,209.24898
1.0,7,209.268451
1.0,5,209.282674
1.0,12,209.308549
1.0,10,209.340238
1.0,6,209.354018
1.0,8,209.381199
-1.0,6,209.396642
1.0,7,209.410988
1.0,8,209.433498
-1.0,11,209.463248
1.0,6,209.481346
1.0,9,209.504505
-1.0,16,209.592716
1.0,18,209.642235
1.0,7,209.663048
1.0,8,209.686725
1.0,10,209.716425
1.0,5,209.733859
1.0,8,209.756115
1.0,9,209.783733
1.0,15,209.834599
-1.0,11,209.873952
1.0,8,209.896287
1.0,12,209.927795
1.0,5,209.941916
-1.0,19,209.989022
1.0,12,210.019744
1.0,5,210.03315
1.0,8,210.053185
-1.0,10,210.084726
1.0,15,210.131307
-41.0,60,210.214921
1.0,14,210.251756
1.0,7,210.270728
1.0,5,210.286223
1.0,9,210.304986
-1.0,6,210.320656
1.0,9,210.34695
1.0,17,210.385355
1.0,8,210.411387
0.0,18,210.459424
-1.0,4,210.473367
1.0,11,210.50273
1.0,15,210.550716
-1.0,5,210.566714
1.0,14,210.612267
1.0,10,210.635513
-1.0,10,210.664313
1.0,6,210.677997
-1.0,7,210.701896
1.0,9,210.725106
1.0,5,210.735984
1.0,9,210.763217
1.0,9,210.786444
1.0,6,210.80184
1.0,4,210.812824
1.0,4,210.823707
1.0,11,210.857655
1.0,10,210.8918
1.0,15,210.927836
1.0,10,210.955484
1.0,5,210.970482
1.0,7,210.988065
1.0,13,211.016109
1.0,9,211.042008
1.0,10,211.075851
1.0,7,211.099278
1.0,8,211.12625
-1.0,7,211.144986
1.0,10,211.174188
-1.0,7,211.193019
1.0,5,211.20637
1.0,10,211.230376
-1.0,8,211.254508
-1.0,6,211.272555
1.0,5,211.287643
-1.0,10,211.322488
1.0,10,211.349568
1.0,7,211.370551
1.0,6,211.388447
-1.0,9,211.41911
1.0,12,211.451117
1.0,14,211.491
1.0,6,211.510774
1.0,6,211.526999
1.0,9,211.552608
1.0,5,211.568087
1.0,7,211.587453
1.0,9,211.614832
1.0,8,211.642013
1.0,5,211.654698
1.0,10,211.679695
-1.0,10,211.713099
-1.0,10,211.736689
1.0,5,211.752033
-1.0,16,211.794171
1.0,8,211.823488
1.0,8,211.849637
1.0,7,211.866968
1.0,11,211.900588
1.0,5,211.913128
1.0,12,211.949643
1.0,6,211.967867
1.0,6,211.985373
1.0,7,212.007642
1.0,5,212.022817
1.0,9,212.047101
1.0,12,212.079415
1.0,8,212.099758
1.0,6,212.116002
1.0,6,212.132425
1.0,8,212.154516
1.0,15,212.196018
1.0,8,212.220629
1.0,5,212.237094
1.0,5,212.250243
1.0,7,212.26986
-1.0,8,212.344948
-1.0,8,212.368594
1.0,7,212.387224
1.0,7,212.408353
1.0,6,212.427128
1.0,16,212.460744
1.0,10,212.481447
-1.0,8,212.501961
1.0,6,212.521013
1.0,4,212.533167
1.0,13,212.565857
1.0,4,212.574876
1.0,4,212.584535
-2.0,19,212.631488
1.0,5,212.644788
1.0,12,212.680993
1.0,10,212.711297
1.0,10,212.742512
1.0,9,212.763017
1.0,11,212.798482
1.0,12,212.832843
1.0,13,212.869868
-1.0,10,212.902791
1.0,11,212.933789
1.0,5,212.951224
1.0,13,212.986089
1.0,11,213.020522
1.0,15,213.061489
-1.0,8,213.089751
-1.0,4,213.101936
1.0,8,213.127408
-1.0,12,213.161246
1.0,10,213.192015
-1.0,11,213.223452
1.0,6,213.239508
1.0,4,213.250787
-1.0,11,213.281085
1.0,9,213.302151
1.0,4,213.313783
1.0,9,213.338074
1.0,5,213.358534
1.0,4,213.370556
1.0,8,213.388725
-1.0,10,213.416499
1.0,8,213.436594
1.0,5,213.448535
1.0,4,213.458998
1.0,11,213.491631
1.0,6,213.513882
1.0,9,213.542349
1.0,6,213.558757
1.0,6,213.577144
-1.0,12,213.615878
1.0,4,213.627215
1.0,4,213.638663
1.0,13,213.669693
1.0,9,213.69746
-1.0,8,213.718569
1.0,6,213.738365
-1.0,8,213.762475
1.0,7,213.795776
-1.0,18,213.861313
1.0,6,213.877203
1.0,5,213.890483
1.0,12,213.920033
1.0,6,213.934027
1.0,9,213.959822
1.0,5,213.974101
1.0,9,214.002898
1.0,8,214.021513
1.0,12,214.04899
-1.0,5,214.061209
1.0,9,214.086741
1.0,11,214.117507
1.0,8,214.140874
1.0,8,214.164477
1.0,5,214.180656
1.0,6,214.197482
1.0,12,214.228992
1.0,8,214.252993
1.0,9,214.275736
-1.0,13,214.313692
1.0,5,214.326062
1.0,6,214.339388
-1.0,4,214.351402
-24.0,41,214.415068
1.0,5,214.425956
1.0,5,214.439378
1.0,7,214.458672
1.0,5,214.468979
1.0,11,214.502113
1.0,8,214.522116
1.0,11,214.551098
1.0,8,214.574968
1.0,11,214.607764
1.0,10,214.639431
-1.0,10,214.670552
1.0,9,214.699626
1.0,9,214.724333
1.0,10,214.74737
1.0,5,214.765765
1.0,7,214.781838
1.0,11,214.810771
1.0,7,214.829211
1.0,10,214.858519
1.0,4,214.867202
1.0,10,214.898041
-1.0,11,214.927271
1.0,13,215.006989
1.0,10,215.044758
1.0,7,215.065342
-1.0,15,215.109911
-1.0,10,215.14092
1.0,14,215.184586
1.0,10,215.212773
1.0,8,215.231815
1.0,8,215.256673
1.0,9,215.282731
1.0,5,215.29669
1.0,9,215.324874
1.0,9,215.35214
1.0,9,215.378948
1.0,13,215.416299
1.0,9,215.445652
1.0,6,215.46805
1.0,6,215.483908
1.0,15,215.522501
1.0,5,215.536038
1.0,14,215.576123
1.0,13,215.611833
1.0,10,215.638682
1.0,9,215.668516
-1.0,10,215.699819
-1.0,10,215.7332
1.0,11,215.765645
1.0,7,215.788507
1.0,11,215.824238
1.0,7,215.84444
1.0,8,215.866751
1.0,12,215.899966
1.0,7,215.918019
1.0,5,215.931041
1.0,10,215.955009
1.0,6,215.969036
1.0,12,216.000657
1.0,12,216.036114
-1.0,12,216.073288
-7.0,25,216.124835
1.0,6,216.143478
1.0,6,216.160686
1.0,12,216.192125
-23.0,37,216.252425
1.0,4,216.26544
1.0,5,216.277702
1.0,4,216.288682
1.0,4,216.299134
1.0,6,216.318169
1.0,4,216.328158
1.0,5,216.340123
1.0,6,216.353896
1.0,4,216.366592
1.0,6,216.383241
1.0,5,216.396432
1.0,9,216.419112
1.0,9,216.443484
1.0,8,216.462927
-1.0,9,216.491263
1.0,6,216.508484
1.0,4,216.519621
1.0,4,216.530139
1.0,4,216.541347
1.0,12,216.573322
1.0,4,216.585903
1.0,4,216.595617
1.0,7,216.613671
1.0,4,216.624661
1.0,10,216.649472
1.0,9,216.672244
1.0,6,216.68517
1.0,8,216.705098
1.0,9,216.733324
-1.0,5,216.749588
-1.0,18,216.798345
1.0,10,216.833498
1.0,7,216.858384
1.0,6,216.884423
1.0,5,216.909745
-1.0,9,216.939254
1.0,4,216.952115
1.0,5,216.965056
1.0,6,216.980953
1.0,9,217.004218
1.0,7,217.030927
1.0,5,217.044818
1.0,5,217.058432
1.0,5,217.072058
1.0,9,217.10144
-14.0,33,217.164763
1.0,8,217.189783
-1.0,8,217.21242
-36.0,54,217.288651
1.0,6,217.305098
1.0,4,217.316192
1.0,4,217.328242
1.0,9,217.35627
1.0,10,217.390299
1.0,8,217.415711
1.0,5,217.431749
1.0,7,217.455535
1.0,4,217.466369
1.0,6,217.483173
1.0,5,217.498237
-1.0,14,217.547796
1.0,8,217.571837
1.0,6,217.584006
1.0,15,217.622032
1.0,11,217.655914
1.0,5,217.725155
1.0,11,217.756949
1.0,4,217.767593
1.0,4,217.780541
1.0,5,217.793931
1.0,9,217.821434
1.0,13,217.857245
1.0,12,217.890313
1.0,10,217.914406
1.0,4,217.927418
1.0,5,217.942843
-1.0,6,217.963559
1.0,12,218.00728
1.0,6,218.027051
1.0,5,218.046701
1.0,9,218.08187
1.0,11,218.123074
1.0,6,218.142104
-1.0,14,218.192258
1.0,7,218.214988
1.0,9,218.246447
1.0,6,218.264842
1.0,7,218.289695
1.0,4,218.302931
-1.0,13,218.345389
1.0,10,218.398826
1.0,8,218.436586
1.0,11,218.482992
1.0,7,218.507358
1.0,5,218.524683
-1.0,7,218.548667
1.0,5,218.564801
1.0,7,218.588176
1.0,5,218.601658
1.0,5,218.621497
1.0,9,218.657673
1.0,9,218.685142
1.0,4,218.698446
1.0,8,218.724452
1.0,9,218.75061
-1.0,13,218.794257
1.0,7,218.812212
-1.0,5,218.828203
1.0,5,218.84357
1.0,6,218.858435
1.0,7,218.878512
1.0,10,218.911904
1.0,5,218.928545
-1.0,5,218.946155
1.0,7,218.970179
1.0,6,218.987094
1.0,7,219.011668
1.0,12,219.044263
-1.0,11,219.073188
1.0,6,219.087466
1.0,12,219.122445
1.0,11,219.151246
1.0,5,219.165392
1.0,4,219.176989
1.0,5,219.194579
1.0,6,219.211439
1.0,16,219.256981
-1.0,8,219.281658
1.0,12,219.316595
1.0,7,219.331928
1.0,10,219.359897
1.0,5,219.376641
1.0,9,219.400971
-1.0,11,219.427678
-1.0,9,219.450975
1.0,4,219.461469
1.0,4,219.47535
1.0,9,219.497772
1.0,10,219.581053
1.0,6,219.59955
1.0,9,219.626416
1.0,9,219.655302
1.0,10,219.691896
1.0,7,219.711952
1.0,4,219.725669
1.0,5,219.73731
1.0,5,219.750754
1.0,10,219.781121
-1.0,7,219.806581
1.0,5,219.820677
1.0,5,219.831724
1.0,12,219.8699
1.0,6,219.888079
1.0,6,219.903504
1.0,10,219.928715
1.0,10,219.958031
1.0,5,219.973913
1.0,9,219.999143
1.0,10,220.025281
-1.0,12,220.058766
-1.0,11,220.095546
-1.0,7,220.120075
-1.0,11,220.145174
1.0,6,220.160146
-1.0,10,220.189498
-1.0,13,220.227643
-1.0,10,220.255172
1.0,7,220.273827
1.0,11,220.304318
1.0,6,220.320595
1.0,7,220.340793
1.0,11,220.371208
1.0,9,220.397547
-42.0,63,220.487145
1.0,7,220.5014
1.0,9,220.527754
-1.0,11,220.556734
1.0,16,220.599773
1.0,8,220.622029
1.0,10,220.649271
1.0,7,220.672274
1.0,5,220.6871
1.0,4,220.698499
1.0,12,220.735311
1.0,4,220.746505
1.0,4,220.758109
1.0,7,220.777542
1.0,13,220.814971
1.0,4,220.825441
1.0,8,220.848613
1.0,4,220.858185
-1.0,7,220.879781
1.0,11,220.911321
1.0,5,220.925531
1.0,14,220.960703
1.0,7,220.979656
1.0,7,221.005304
1.0,5,221.017392
0.0,12,221.04618
1.0,9,221.073972
1.0,7,221.099359
1.0,8,221.123983
-1.0,12,221.156568
1.0,12,221.189613
1.0,6,221.206575
1.0,14,221.244585
1.0,5,221.25852
-1.0,7,221.277556
1.0,5,221.291838
1.0,8,221.315641
1.0,11,221.350103
1.0,17,221.398154
1.0,8,221.422311
1.0,7,221.442898
1.0,10,221.471214
1.0,7,221.48727
1.0,10,221.51723
1.0,13,221.555668
-1.0,7,221.57583
-1.0,17,221.622126
1.0,11,221.651813
1.0,6,221.663594
1.0,13,221.698895
-1.0,13,221.73818
1.0,13,221.776382
1.0,7,221.796844
1.0,14,221.833191
1.0,9,221.859546
1.0,12,221.899115
1.0,6,221.915609
1.0,8,221.939229
-1.0,10,221.969708
1.0,6,221.9892
-1.0,12,222.026637
1.0,10,222.052446
1.0,7,222.075105
1.0,8,222.097579
1.0,10,222.124599
1.0,8,222.147172
-1.0,14,222.189116
1.0,5,222.205493
1.0,7,222.274338
1.0,7,222.298611
-1.0,6,222.318276
1.0,8,222.341222
1.0,11,222.372161
1.0,10,222.400016
1.0,5,222.414456
1.0,8,222.438128
1.0,6,222.450808
1.0,11,222.476817
1.0,9,222.496769
1.0,6,222.513557
1.0,4,222.525409
0.0,15,222.568753
1.0,7,222.583305
1.0,6,222.604667
1.0,5,222.618017
1.0,6,222.63591
1.0,6,222.651899
1.0,4,222.665942
1.0,5,222.678658
1.0,6,222.696497
1.0,12,222.733842
1.0,13,222.771341
-1.0,13,222.809602
1.0,5,222.823829
1.0,16,222.86975
-1.0,14,222.90858
-1.0,8,222.93463
-1.0,5,222.950835
1.0,9,222.980779
1.0,10,223.013592
1.0,9,223.036513
1.0,7,223.057516
1.0,5,223.069456
-1.0,19,223.120202
1.0,11,223.151729
1.0,7,223.169424
1.0,6,223.185721
-1.0,9,223.215071
1.0,9,223.244745
1.0,5,223.258751
1.0,8,223.281945
1.0,6,223.300591
-1.0,10,223.324461
1.0,10,223.352902
1.0,8,223.373035
1.0,14,223.408167
-1.0,7,223.426698
1.0,9,223.450651
1.0,16,223.490671
-38.0,56,223.570725
1.0,11,223.603344
1.0,7,223.622746
1.0,10,223.653142
1.0,10,223.682657
1.0,5,223.699502
1.0,11,223.73398
1.0,5,223.751909
1.0,6,223.768741
1.0,8,223.794016
1.0,6,223.812485
1.0,11,223.842846
1.0,6,223.861596
1.0,9,223.883758
-86.0,99,223.997395
1.0,11,224.028099
1.0,12,224.062685
1.0,4,224.074574
1.0,11,224.107265
1.0,5,224.124751
-1.0,10,224.15687
-1.0,7,224.17806
-1.0,11,224.217125
-1.0,9,224.243138
1.0,7,224.268449
1.0,7,224.284099
1.0,4,224.294878
1.0,5,224.309923
1.0,11,224.339856
1.0,4,224.350098
1.0,4,224.360411
1.0,6,224.375053
1.0,4,224.38761
1.0,9,224.411895
1.0,4,224.423763
1.0,5,224.438633
1.0,4,224.452591
1.0,4,224.463707
1.0,11,224.495853
1.0,9,224.521554
1.0,12,224.559406
1.0,8,224.582953
-1.0,8,224.610864
1.0,5,224.625327
1.0,13,224.662539
1.0,7,224.679531
1.0,6,224.695326
1.0,15,224.736396
1.0,8,224.761496
1.0,5,224.774094
1.0,14,224.814994
1.0,6,224.830934
1.0,12,224.909668
1.0,11,224.950186
-1.0,10,224.974231
1.0,7,224.992388
1.0,7,225.017098
1.0,5,225.026978
-39.0,52,225.097685
1.0,10,225.124785
-1.0,8,225.151556
1.0,4,225.162538
1.0,7,225.18011
1.0,8,225.200907
1.0,13,225.244082
1.0,4,225.256449
1.0,10,225.284524
-1.0,13,225.324178
1.0,5,225.343451
1.0,5,225.355885
1.0,6,225.369706
-1.0,13,225.406422
1.0,5,225.422467
1.0,9,225.450068
1.0,9,225.472847
1.0,14,225.511109
1.0,5,225.527078
-1.0,4,225.538674
1.0,10,225.564785
1.0,14,225.60335
1.0,11,225.639491
-1.0,7,225.663022
1.0,11,225.687997
1.0,9,225.715221
-1.0,15,225.756799
-1.0,13,225.792658
1.0,6,225.809408
1.0,10,225.841338
1.0,10,225.867626
1.0,5,225.880144
-1.0,4,225.889608
-1.0,14,225.934319
1.0,7,225.957539
1.0,6,225.971013
-1.0,11,226.004617
1.0,5,226.019906
1.0,7,226.044813
-104.0,124,226.18204
1.0,10,226.206682
1.0,9,226.234684
1.0,5,226.251111
1.0,9,226.275641
1.0,13,226.314526
1.0,7,226.33605
-1.0,12,226.383102
1.0,6,226.403
1.0,6,226.415389
1.0,7,226.432084
1.0,7,226.45551
1.0,9,226.480629
1.0,10,226.504372
1.0,11,226.53312
1.0,11,226.572756
1.0,6,226.596367
1.0,8,226.638648
1.0,8,226.668342
1.0,13,226.705119
1.0,10,226.735565
-1.0,13,226.765141
1.0,5,226.777638
1.0,6,226.790902
1.0,15,226.822501
1.0,9,226.842905
-1.0,9,226.864481
1.0,8,226.885602
1.0,6,226.902922
1.0,8,226.923973
1.0,8,226.940983
1.0,6,226.955523
-1.0,11,226.979099
1.0,12,227.013414
-1.0,13,227.052638
1.0,10,227.083972
1.0,14,227.121398
1.0,9,227.146523
1.0,9,227.17137
1.0,6,227.188751
-1.0,6,227.203587
-1.0,14,227.23969
1.0,12,227.27647
1.0,15,227.320117
-1.0,8,227.33985
1.0,13,227.364707
1.0,6,227.379113
1.0,9,227.40805
-1.0,18,227.457058
1.0,5,227.473897
1.0,14,227.513694
1.0,7,227.535049
1.0,11,227.566796
1.0,5,227.576564
1.0,10,227.59971
1.0,6,227.616241
1.0,4,227.624464
1.0,4,227.634256
1.0,8,227.655927
1.0,6,227.671232
1.0,8,227.692267
1.0,7,227.710212
1.0,4,227.719244
1.0,9,227.745266
-18.0,31,227.78969
1.0,6,227.805404
-72.0,89,227.89286
-1.0,18,227.93529
1.0,13,227.97192
1.0,5,227.986659
1.0,6,228.000697
1.0,7,228.017831
-1.0,13,228.052174
-1.0,9,228.077509
-1.0,7,228.095835
-1.0,7,228.113568
1.0,10,228.135987
1.0,5,228.146378
1.0,6,228.163133
1.0,14,228.19146
1.0,13,228.217752
-1.0,9,228.242018
1.0,11,228.269237
1.0,9,228.292725
1.0,6,228.304624
1.0,13,228.334247
-1.0,7,228.354107
-1.0,5,228.367638
1.0,11,228.391511
1.0,11,228.41608
1.0,7,228.431858
1.0,6,228.44572
1.0,12,228.475115
1.0,6,228.489614
1.0,9,228.510854
-1.0,10,228.535916
1.0,9,228.555625
1.0,4,228.567138
1.0,11,228.591904
-1.0,8,228.609586
-1.0,10,228.632223
1.0,13,228.659235
-1.0,9,228.683628
1.0,11,228.710203
1.0,10,228.733063
1.0,8,228.752169
1.0,8,228.773555
1.0,12,228.80987
1.0,6,228.825076
1.0,12,228.849186
-1.0,12,228.874413
1.0,11,228.904037
1.0,16,228.937187
1.0,9,228.957188
1.0,7,228.97203
-1.0,12,229.000479
1.0,5,229.00932
-1.0,6,229.026547
1.0,19,229.068184
1.0,10,229.089808
1.0,4,229.097463
-1.0,10,229.120673
1.0,7,229.134345
1.0,12,229.173594
1.0,5,229.185763
1.0,9,229.210281
1.0,6,229.22277
1.0,6,229.240037
1.0,5,229.250162
1.0,11,229.273403
-1.0,16,229.308764
-1.0,10,229.338074
1.0,9,229.356304
1.0,14,229.388674
1.0,7,229.407715
1.0,10,229.431705
1.0,6,229.446787
1.0,8,229.468756
1.0,10,229.494057
1.0,9,229.520424
1.0,7,229.541476
1.0,13,229.576914
1.0,12,229.604545
1.0,11,229.634477
1.0,11,229.665148
-1.0,10,229.685541
1.0,14,229.724384
1.0,13,229.756987
1.0,10,229.780262
1.0,5,229.793001
-1.0,10,229.814066
1.0,7,229.835357
1.0,10,229.860361
1.0,8,229.880496
-1.0,13,229.912296
1.0,7,229.932805
1.0,6,229.947979
1.0,8,229.969352
1.0,4,229.980206
1.0,9,230.001019
1.0,4,230.011125
1.0,4,230.01898
1.0,4,230.027291
1.0,4,230.037715
1.0,10,230.063882
1.0,4,230.072775
1.0,7,230.090002
1.0,4,230.103375
1.0,4,230.110995
1.0,10,230.128261
1.0,4,230.137359
-1.0,13,230.164567
1.0,6,230.178906
1.0,9,230.202127
1.0,6,230.217227
1.0,17,230.256075
1.0,5,230.267728
-19.0,32,230.308851
1.0,5,230.317395
1.0,5,230.331909
1.0,4,230.340582
1.0,10,230.364688
-42.0,61,230.448125
1.0,5,230.466836
1.0,7,230.484084
-1.0,14,230.524607
1.0,7,230.546402
-50.0,67,230.630646
1.0,5,230.646231
1.0,6,230.660982
1.0,9,230.686223
1.0,7,230.712407
1.0,7,230.729465
1.0,10,230.752047
1.0,6,230.769911
-59.0,75,230.854635
1.0,10,230.875066
1.0,10,230.902115
1.0,6,230.914952
1.0,10,230.943217
1.0,7,230.958384
1.0,11,230.985295
1.0,6,230.999427
1.0,6,231.012867
1.0,6,231.028167
1.0,5,231.040456
-1.0,12,231.072268
1.0,5,231.085962
1.0,15,231.124567
1.0,7,231.143579
1.0,5,231.156447
1.0,14,231.18583
1.0,6,231.20042
1.0,10,231.222565
1.0,13,231.257015
-1.0,5,231.269036
1.0,8,231.28779
1.0,6,231.300603
1.0,11,231.32608
1.0,10,231.354842
1.0,11,231.384999
1.0,8,231.407984
1.0,13,231.445035
-1.0,7,231.467043
1.0,10,231.496094
1.0,12,231.534146
1.0,7,231.557226
1.0,17,231.660794
1.0,4,231.689136
1.0,4,231.714499
1.0,6,231.754392
1.0,16,231.866312
1.0,8,231.924211
1.0,7,231.974383
1.0,10,232.012829
1.0,12,232.050647
-1.0,6,232.068289
1.0,10,232.096174
-166.0,184,232.335061
-1.0,15,232.382387
1.0,9,232.418298
1.0,9,232.449534
1.0,10,232.482739
1.0,16,232.54043
-1.0,8,232.566174
1.0,12,232.608931
-1.0,12,232.649574
-27.0,42,232.730595
1.0,11,232.762828
1.0,7,232.781936
1.0,11,232.813246
1.0,10,232.845575
-1.0,9,232.872827
1.0,5,232.887518
-1.0,11,232.919455
1.0,4,232.93336
1.0,9,232.95945
1.0,8,232.983252
1.0,11,233.017243
1.0,12,233.048608
1.0,10,233.073822
1.0,9,233.099956
1.0,7,233.115622
1.0,11,233.148389
-2.0,20,233.232039
1.0,11,233.276464
1.0,11,233.30444
1.0,11,233.332463
1.0,17,233.37505
-1.0,13,233.411064
1.0,8,233.431281
1.0,10,233.459621
-1.0,14,233.49773
1.0,8,233.519791
-1.0,8,233.547295
1.0,9,233.585768
1.0,11,233.626134
1.0,7,233.647553
1.0,5,233.660641
1.0,4,233.675427
1.0,5,233.688276
1.0,7,233.706552
1.0,8,233.728597
1.0,7,233.747544
-1.0,4,233.760308
-1.0,14,233.808625
-1.0,12,233.848637
1.0,13,233.893743
1.0,9,233.924417
-1.0,9,233.951189
-1.0,11,233.98794
-1.0,9,234.017545
1.0,13,234.048536
1.0,11,234.092677
-1.0,10,234.136632
1.0,4,234.150686
1.0,12,234.187976
1.0,4,234.199594
1.0,10,234.227663
-1.0,8,234.260914
1.0,9,234.285424
1.0,7,234.308043
1.0,8,234.331168
1.0,5,234.348062
-1.0,10,234.390929
-1.0,11,234.427332
1.0,8,234.451039
1.0,15,234.504597
-1.0,7,234.52994
1.0,9,234.561158
1.0,16,234.612581
1.0,7,234.643792
-1.0,11,234.686667
-1.0,13,234.728262
1.0,14,234.775291
-65.0,86,234.902872
-1.0,14,234.937785
1.0,6,234.95492
1.0,6,234.969642
-1.0,11,235.001672
1.0,14,235.047809
1.0,5,235.063606
-1.0,9,235.090724
1.0,7,235.140181
-1.0,14,235.202799
-46.0,62,235.287142
1.0,7,235.307451
-1.0,10,235.336102
1.0,8,235.360233
1.0,4,235.370358
1.0,7,235.391843
1.0,14,235.474904
1.0,4,235.499776
-1.0,9,235.569829
1.0,7,235.608938
1.0,7,235.640137
1.0,5,235.656061
1.0,8,235.683829
1.0,12,235.719573
-1.0,10,235.75173
1.0,15,235.803277
1.0,12,235.848753
1.0,7,235.868132
-1.0,8,235.894655
1.0,9,235.922603
1.0,5,235.935669
-1.0,13,235.970707
1.0,9,235.996049
1.0,4,236.006809
1.0,8,236.029349
1.0,7,236.051642
-16.0,33,236.10232
1.0,4,236.111736
1.0,16,236.154811
1.0,8,236.176251
-1.0,8,236.198714
1.0,12,236.229604
1.0,13,236.313178
-1.0,10,236.342068
1.0,11,236.374391
1.0,10,236.405435
1.0,5,236.425337
-1.0,10,236.452749
1.0,11,236.485334
-1.0,11,236.519157
1.0,10,236.545706
1.0,11,236.579024
1.0,10,236.610494
1.0,11,236.640626
1.0,8,236.661905
1.0,13,236.694851
-1.0,11,236.727558
1.0,10,236.754707
-1.0,14,236.791092
1.0,16,236.83233
-1.0,13,236.872069
1.0,8,236.895107
1.0,8,236.920606
1.0,15,236.971049
1.0,7,236.994689
1.0,8,237.0201
1.0,7,237.039734
-1.0,10,237.068908
1.0,5,237.084392
1.0,11,237.118273
1.0,7,237.137917
1.0,11,237.16628
1.0,7,237.212605
1.0,12,237.263719
1.0,7,237.284609
1.0,14,237.374832
1.0,5,237.407882
-1.0,7,237.458373
-1.0,10,237.501896
1.0,9,237.525278
-1.0,8,237.558651
-1.0,15,237.604718
-1.0,16,237.645077
1.0,7,237.665055
1.0,5,237.681804
1.0,11,237.713466
-1.0,15,237.805048
1.0,13,237.870714
1.0,12,237.919939
1.0,8,237.941189
1.0,4,237.952276
0.0,12,238.018679
1.0,7,238.065427
1.0,7,238.107338
1.0,12,238.18983
1.0,10,238.243739
1.0,6,238.259914
1.0,12,238.297753
1.0,7,238.337651
-1.0,10,238.407398
1.0,13,238.482727
1.0,12,238.546658
0.0,18,238.636425
1.0,4,238.657513
1.0,18,238.729947
-1.0,9,238.779656
1.0,6,238.820296
-1.0,10,238.895329
1.0,6,238.93845
1.0,15,238.994064
1.0,8,239.02287
-20.0,35,239.086078
1.0,7,239.109161
-1.0,9,239.137897
-1.0,9,239.196394
1.0,7,239.227741
1.0,6,239.250599
1.0,14,239.288176
1.0,5,239.300612
1.0,11,239.330745
1.0,15,239.380634
1.0,10,239.406073
1.0,8,239.429645
1.0,9,239.458464
1.0,10,239.488702
1.0,5,239.505332
1.0,11,239.553742
1.0,5,239.578548
1.0,13,239.639879
-1.0,7,239.665875
1.0,4,239.67933
1.0,9,239.718393
1.0,4,239.734384
1.0,4,239.751745
1.0,8,239.784826
1.0,7,239.811255
-1.0,11,239.862728
1.0,14,239.908165
1.0,11,239.94399
1.0,10,239.97996
-1.0,7,240.006677
1.0,11,240.049652
-1.0,11,240.09133
-1.0,12,240.132789
1.0,12,240.167892
1.0,13,240.212815
1.0,13,240.301061
1.0,10,240.36323
1.0,9,240.429714
1.0,12,240.505585
1.0,9,240.554476
1.0,14,240.607133
1.0,15,240.649915
-1.0,7,240.675993
1.0,11,240.710847
1.0,14,240.75491
1.0,8,240.808089
1.0,7,240.859978
1.0,8,240.89252
1.0,10,240.92143
1.0,11,240.954859
-1.0,15,240.991115
-1.0,8,241.014754
-1.0,7,241.033913
1.0,8,241.059612
-1.0,11,241.090678
-1.0,9,241.119612
1.0,14,241.155343
1.0,11,241.191192
1.0,12,241.223
1.0,6,241.23869
1.0,10,241.267853
1.0,9,241.290845
1.0,6,241.306296
1.0,4,241.316247
1.0,13,241.348969
1.0,4,241.360864
1.0,11,241.392069
1.0,11,241.43104
1.0,7,241.457937
1.0,10,241.488529
-1.0,10,241.518829
1.0,14,241.555488
1.0,5,241.570302
1.0,11,241.598619
1.0,7,241.619283
1.0,9,241.63971
1.0,15,241.678079
1.0,11,241.719509
-1.0,16,241.823735
1.0,8,241.846856
1.0,10,241.876738
-1.0,11,241.932575
1.0,17,241.983486
1.0,16,242.026157
1.0,8,242.049035
1.0,10,242.078855
1.0,5,242.092052
1.0,5,242.104719
1.0,4,242.1147
1.0,15,242.154556
1.0,12,242.201884
-1.0,11,242.252832
-1.0,13,242.288544
1.0,8,242.312954
1.0,11,242.340371
1.0,6,242.35387
1.0,4,242.363043
1.0,8,242.384107
1.0,14,242.421772
1.0,11,242.453099
1.0,16,242.497417
1.0,7,242.514826
1.0,10,242.542973
1.0,8,242.561993
1.0,14,242.595543
-1.0,11,242.628789
1.0,10,242.659912
1.0,10,242.683667
-1.0,11,242.716663
-239.0,259,243.016099
1.0,9,243.045057
1.0,10,243.073267
1.0,16,243.115615
1.0,5,243.139214
1.0,13,243.173503
1.0,7,243.192406
1.0,4,243.203068
-1.0,8,243.230516
1.0,7,243.244978
1.0,12,243.275082
1.0,13,243.307342
-1.0,9,243.335506
1.0,6,243.351002
1.0,5,243.363243
1.0,12,243.392233
1.0,5,243.404903
1.0,15,243.440735
1.0,11,243.470301
1.0,8,243.492288
1.0,8,243.521577
1.0,4,243.53249
1.0,13,243.578871
1.0,5,243.595655
1.0,9,243.638506
1.0,9,243.663445
-1.0,13,243.700875
-1.0,14,243.738421
1.0,14,243.775753
1.0,18,243.828325
-1.0,13,243.862681
1.0,8,243.8855
1.0,9,243.917632
1.0,8,243.940203
1.0,7,243.957766
1.0,13,244.012732
1.0,7,244.037228
1.0,10,244.060767
1.0,9,244.081339
1.0,11,244.108311
1.0,8,244.136307
1.0,8,244.161915
1.0,6,244.178091
1.0,4,244.189592
-1.0,7,244.212872
-7.0,17,244.248845
1.0,11,244.283477
-135.0,154,244.460455
-185.0,206,244.685403
1.0,14,244.725543
1.0,12,244.765603
1.0,5,244.779529
1.0,14,244.815642
-1.0,8,244.839284
1.0,9,244.864775
1.0,8,244.886456
-43.0,64,244.981053
-1.0,8,245.003328
1.0,9,245.026253
1.0,7,245.045204
1.0,8,245.071038
1.0,8,245.093313
1.0,12,245.126887
1.0,7,245.14458
-1.0,15,245.182337
1.0,15,245.222774
-1.0,12,245.254711
1.0,5,245.267163
1.0,10,245.310354
1.0,8,245.335076
1.0,5,245.348428
1.0,10,245.376235
1.0,8,245.403646
1.0,9,245.429251
1.0,8,245.447463
-1.0,13,245.488108
1.0,7,245.509334
1.0,11,245.538312
1.0,9,245.562518
1.0,10,245.585683
1.0,6,245.605381
1.0,14,245.642516
1.0,9,245.670283
1.0,8,245.695424
1.0,16,245.736134
1.0,7,245.75652
1.0,10,245.814664
1.0,10,245.86575
1.0,12,245.903543
-1.0,8,245.92977
1.0,7,245.947326
-1.0,15,245.991885
1.0,10,246.02162
-1.0,7,246.042761
1.0,11,246.099914
1.0,11,246.177007
1.0,8,246.209189
1.0,7,246.229191
1.0,12,246.253955
1.0,7,246.272852
1.0,8,246.299819
1.0,4,246.310721
1.0,13,246.342367
1.0,9,246.366865
1.0,7,246.388962
1.0,7,246.40712
1.0,4,246.418324
1.0,4,246.427764
1.0,5,246.440653
1.0,8,246.460694
1.0,10,246.48709
1.0,4,246.501369
1.0,12,246.539073
1.0,12,246.577448
1.0,8,246.619863
-1.0,11,246.675039
1.0,4,246.693477
1.0,10,246.726739
1.0,8,246.758838
1.0,9,246.794877
1.0,6,246.84382
1.0,9,246.894238
1.0,10,246.925098
1.0,8,246.951964
1.0,7,246.976743
-1.0,16,247.017134
1.0,14,247.052696
1.0,4,247.061177
1.0,7,247.080559
1.0,5,247.094342
1.0,8,247.113114
1.0,4,247.123028
1.0,10,247.174088
-1.0,12,247.224537
1.0,8,247.248852
-1.0,7,247.265868
1.0,9,247.289198
1.0,6,247.306301
1.0,12,247.337155
-1.0,12,247.371621
1.0,10,247.400724
1.0,7,247.420826
-1.0,12,247.454704
-1.0,12,247.488686
1.0,13,247.521222
1.0,11,247.552736
-1.0,7,247.573117
1.0,8,247.59332
-1.0,9,247.621718
1.0,12,247.657969
1.0,9,247.682641
1.0,11,247.713467
1.0,12,247.749984
1.0,4,247.760894
-1.0,11,247.790092
-1.0,7,247.808119
1.0,4,247.822931
1.0,9,247.85018
1.0,10,247.876901
-1.0,6,247.894411
1.0,9,247.918913
-1.0,12,247.954007
1.0,6,247.967875
1.0,16,248.005827
1.0,7,248.027445
1.0,14,248.069982
1.0,7,248.0925
-1.0,14,248.162203
1.0,14,248.221855
1.0,8,248.244267
1.0,7,248.276135
1.0,5,248.300303
-1.0,5,248.321963
-1.0,5,248.335706
-1.0,12,248.395499
1.0,7,248.4276
1.0,10,248.45883
1.0,5,248.475216
1.0,11,248.525039
1.0,6,248.543921
1.0,8,248.566188
1.0,10,248.59326
1.0,7,248.626661
1.0,6,248.645939
1.0,5,248.663331
1.0,8,248.692466
1.0,10,248.721188
1.0,10,248.75156
1.0,6,248.771766
1.0,10,248.803001
-1.0,7,248.817288
-1.0,10,248.842444
1.0,8,248.866774
1.0,11,248.923707
1.0,9,248.982961
1.0,5,248.99882
1.0,11,249.032882
-1.0,11,249.103309
1.0,6,249.138806
1.0,5,249.16014
1.0,14,249.23344
1.0,6,249.248013
1.0,9,249.280043
1.0,12,249.312361
1.0,4,249.324876
1.0,4,249.335987
-1.0,6,249.348578
-1.0,9,249.373089
1.0,9,249.401438
1.0,12,249.432846
1.0,5,249.44569
-91.0,106,249.649024
-1.0,10,249.700802
1.0,9,249.748225
1.0,17,249.790576
1.0,11,249.822015
1.0,12,249.862857
1.0,8,249.890692
-1.0,7,249.940652
-28.0,47,250.057355
-1.0,13,250.099269
1.0,8,250.123171
-1.0,7,250.144543
1.0,7,250.164656
1.0,6,250.187471
-1.0,12,250.224026
1.0,5,250.236581
1.0,8,250.261308
1.0,6,250.284937
1.0,10,250.317221
1.0,8,250.340843
1.0,10,250.369954
1.0,5,250.395481
1.0,13,250.447126
1.0,4,250.457671
-1.0,9,250.488693
-1.0,6,250.509396
1.0,11,250.539383
1.0,7,250.556287
1.0,9,250.582301
1.0,14,250.639249
1.0,18,250.710604
1.0,11,250.747283
-1.0,17,250.800916
1.0,9,250.8432
1.0,7,250.866174
1.0,8,250.889169
1.0,13,250.930188
1.0,5,250.945524
1.0,10,250.973287
1.0,8,250.995098
1.0,16,251.076753
1.0,7,251.122668
1.0,12,251.182132
1.0,11,251.23201
-88.0,103,251.363003
1.0,11,251.437809
-1.0,7,251.475892
1.0,6,251.494453
1.0,9,251.518737
1.0,9,251.544197
-1.0,6,251.568983
1.0,7,251.590031
1.0,8,251.621471
1.0,13,251.668293
1.0,12,251.701555
-1.0,10,251.736156
1.0,9,251.762419
1.0,10,251.79507
1.0,9,251.819156
1.0,11,251.850656
1.0,11,251.886879
-1.0,14,251.926417
1.0,15,251.970797
1.0,4,251.982289
-1.0,8,252.008025
-1.0,7,252.034603
1.0,4,252.046947
1.0,7,252.067476
1.0,13,252.104455
1.0,12,252.145952
-1.0,9,252.17094
1.0,11,252.200261
1.0,5,252.215655
1.0,11,252.248451
-34.0,48,252.317648
1.0,4,252.328192
1.0,9,252.351337
1.0,7,252.371536
-1.0,7,252.392241
1.0,7,252.410871
1.0,12,252.446054
1.0,6,252.474324
1.0,5,252.489175
1.0,7,252.509498
1.0,7,252.532614
-1.0,14,252.579964
1.0,6,252.598317
-1.0,6,252.617331
1.0,4,252.631424
1.0,9,252.658952
1.0,8,252.685145
1.0,8,252.709621
1.0,5,252.726399
1.0,5,252.742446
1.0,4,252.75354
-1.0,13,252.790254
1.0,4,252.804364
1.0,7,252.829621
1.0,5,252.844683
1.0,5,252.860903
1.0,5,252.878607
1.0,4,252.890955
1.0,5,252.903491
1.0,9,252.928509
1.0,5,252.94168
1.0,8,252.969817
1.0,7,252.990993
1.0,8,253.014019
1.0,7,253.034479
1.0,13,253.072396
1.0,8,253.098626
1.0,4,253.111243
1.0,4,253.123194
-1.0,11,253.156355
1.0,4,253.16998
1.0,10,253.216698
1.0,4,253.230516
1.0,13,253.276833
1.0,7,253.298066
-1.0,11,253.338911
-1.0,9,253.370372
-1.0,11,253.426107
-1.0,15,253.485347
1.0,14,253.532811
1.0,7,253.557101
1.0,9,253.59017
1.0,8,253.619875
-1.0,6,253.648527
1.0,5,253.663618
-1.0,16,253.710458
1.0,8,253.73393
1.0,7,253.759905
1.0,8,253.785995
1.0,6,253.806119
-1.0,13,253.863746
1.0,5,253.883509
1.0,6,253.906787
1.0,10,254.096566
1.0,5,254.124956
-1.0,14,254.27872
1.0,5,254.324355
1.0,4,254.351665
1.0,5,254.373768
1.0,7,254.402539
1.0,4,254.415436
1.0,4,254.429396
1.0,4,254.440948
1.0,4,254.45278
1.0,10,254.482517
-1.0,7,254.514761
1.0,6,254.539521
1.0,11,254.584067
1.0,14,254.658837
1.0,10,254.698023
1.0,12,254.741128
1.0,9,254.772605
1.0,4,254.784742
1.0,4,254.801381
1.0,7,254.825977
1.0,4,254.843252
1.0,11,254.883488
1.0,14,254.939973
1.0,5,254.9656
1.0,9,255.000116
1.0,16,255.110011
1.0,6,255.136923
-1.0,13,255.184807
1.0,9,255.231384
1.0,9,255.270662
1.0,8,255.309981
1.0,4,255.330449
1.0,6,255.359606
1.0,5,255.378986
1.0,9,255.418913
-70.0,83,255.539901
-1.0,8,255.569061
1.0,7,255.592486
1.0,7,255.616804
1.0,9,255.642776
1.0,6,255.659569
1.0,8,255.68528
-1.0,12,255.721975
1.0,13,255.758126
1.0,9,255.785636
-1.0,6,255.802278
1.0,13,255.902124
1.0,10,255.966194
1.0,4,255.986529
1.0,12,256.043833
1.0,18,256.121859
1.0,11,256.161949
1.0,7,256.184564
1.0,7,256.20492
1.0,4,256.219958
1.0,5,256.234238
1.0,4,256.249995
1.0,7,256.276776
1.0,5,256.299014
1.0,9,256.32866
1.0,5,256.344639
1.0,8,256.370588
1.0,7,256.39108
-2.0,20,256.443751
1.0,5,256.468228
1.0,8,256.498597
1.0,9,256.537234
-1.0,6,256.552298
1.0,9,256.583043
1.0,6,256.603928
-1.0,14,256.658881
1.0,7,256.679236
-1.0,10,256.71022
1.0,8,256.730092
1.0,9,256.754643
1.0,13,256.788176
1.0,8,256.811027
1.0,6,256.830805
-1.0,12,256.865251
1.0,12,256.894557
1.0,11,256.927638
1.0,12,256.963633
1.0,5,256.982683
1.0,11,257.014206
1.0,9,257.038829
1.0,5,257.049986
-1.0,5,257.06887
1.0,5,257.083761
-1.0,10,257.110014
1.0,7,257.130023
1.0,11,257.174886
1.0,5,257.188641
1.0,8,257.211842
1.0,10,257.234907
1.0,4,257.252008
1.0,8,257.275834
1.0,9,257.30552
-1.0,11,257.336035
1.0,8,257.371328
1.0,8,257.3966
1.0,5,257.40953
-26.0,40,257.472172
1.0,10,257.507178
1.0,6,257.52558
-63.0,81,257.66261
1.0,8,257.722538
1.0,6,257.756991
1.0,10,257.790165
-1.0,15,257.837579
1.0,5,257.854162
-1.0,12,257.897939
-1.0,8,257.922194
1.0,8,257.946702
1.0,8,257.969814
1.0,10,258.001568
1.0,4,258.01341
1.0,4,258.027659
-1.0,8,258.055805
-1.0,17,258.109638
-1.0,11,258.136275
1.0,7,258.155993
1.0,6,258.189966
1.0,5,258.226631
-1.0,10,258.298678
1.0,13,258.351574
1.0,11,258.389521
1.0,13,258.491626
1.0,6,258.518042
-1.0,10,258.548522
1.0,7,258.568654
1.0,14,258.611342
-1.0,14,258.656474
-1.0,10,258.696438
1.0,14,258.735221
1.0,9,258.768706
1.0,7,258.785666
-1.0,13,258.828977
1.0,6,258.847734
-83.0,98,259.014212
-1.0,8,259.042366
1.0,12,259.077275
1.0,9,259.102766
-1.0,9,259.134095
-2.0,17,259.181414
1.0,4,259.193317
1.0,10,259.224404
-1.0,17,259.269763
1.0,12,259.304568
1.0,9,259.345325
-179.0,197,259.610593
1.0,11,259.642514
1.0,13,259.679127
1.0,14,259.719409
-35.0,56,259.830028
1.0,6,259.851861
-1.0,8,259.907507
-1.0,12,260.000894
1.0,9,260.065227
1.0,6,260.094501
-1.0,11,260.12667
1.0,10,260.164484
1.0,11,260.201009
-1.0,9,260.260156
1.0,14,260.301239
1.0,10,260.332809
1.0,9,260.358187
1.0,9,260.384726
-1.0,8,260.408918
-15.0,34,260.477153
1.0,8,260.499726
1.0,16,260.548298
1.0,8,260.576862
1.0,9,260.613493
1.0,11,260.65333
-1.0,7,260.683484
1.0,13,260.747989
1.0,7,260.765626
1.0,9,260.819281
1.0,6,260.842399
1.0,5,260.872483
1.0,6,260.914137
1.0,6,260.953513
1.0,13,261.036417
1.0,9,261.057438
1.0,5,261.070301
1.0,10,261.099005
1.0,13,261.154048
-1.0,12,261.213818
1.0,6,261.232557
1.0,10,261.259385
1.0,7,261.28161
1.0,5,261.295497
-109.0,126,261.438682
1.0,10,261.467038
1.0,6,261.485872
1.0,6,261.503578
-1.0,11,261.536241
1.0,10,261.563929
1.0,7,261.617406
1.0,6,261.658479
1.0,11,261.717245
1.0,10,261.75065
1.0,12,261.80638
1.0,9,261.833842
1.0,15,261.876989
1.0,10,261.902005
1.0,4,261.915444
1.0,11,261.943979
1.0,10,261.972376
1.0,8,261.999104
-1.0,13,262.07655
-1.0,7,262.116849
1.0,15,262.200155
-1.0,13,262.276784
-1.0,16,262.400188
1.0,8,262.461451
1.0,6,262.483684
1.0,5,262.498373
1.0,6,262.544936
-1.0,10,262.612328
1.0,7,262.664386
1.0,7,262.715567
1.0,8,262.772817
1.0,6,262.791862
1.0,10,262.821394
1.0,10,262.844808
-33.0,48,262.92236
1.0,4,262.94734
1.0,6,262.992865
-1.0,13,263.049884
1.0,4,263.078214
1.0,7,263.129544
-1.0,11,263.178605
1.0,7,263.22015
-1.0,10,263.300958
-1.0,10,263.342857
1.0,5,263.361677
1.0,4,263.374265
1.0,13,263.421914
1.0,9,263.450646
1.0,13,263.49098
1.0,5,263.506971
1.0,12,263.544349
1.0,6,263.563844
1.0,5,263.585597
1.0,10,263.648745
1.0,7,263.699285
1.0,8,263.751078
1.0,8,263.778855
1.0,15,263.819126
1.0,11,263.853256
1.0,10,263.885657
1.0,10,263.925655
1.0,10,263.961163
-1.0,5,263.98548
-1.0,14,264.034415
1.0,5,264.047341
1.0,10,264.078002
1.0,7,264.098861
1.0,8,264.123834
1.0,10,264.158993
1.0,6,264.198768
1.0,9,264.238553
1.0,8,264.26758
1.0,12,264.304169
1.0,12,264.362916
-1.0,10,264.394935
1.0,6,264.412725
1.0,10,264.43681
-1.0,12,264.472358
-1.0,11,264.505257
1.0,8,264.527114
1.0,9,264.550376
-1.0,8,264.577799
1.0,6,264.611058
-1.0,4,264.625721
-1.0,11,264.664886
1.0,6,264.681159
1.0,11,264.715803
1.0,10,264.761064
1.0,13,264.809917
1.0,8,264.844166
1.0,4,264.857639
1.0,4,264.869078
-18.0,29,264.919373
1.0,16,264.969609
1.0,4,264.984794
1.0,14,265.020479
1.0,5,265.033677
1.0,5,265.046117
-1.0,13,265.084234
1.0,5,265.097591
1.0,9,265.12388
1.0,7,265.141686
1.0,8,265.168135
1.0,4,265.180899
1.0,8,265.213283
1.0,17,265.266273
1.0,7,265.286832
1.0,6,265.306136
1.0,6,265.31873
1.0,6,265.337534
1.0,10,265.37049
1.0,6,265.395076
1.0,11,265.437785
-1.0,7,265.461307
-1.0,13,265.498221
1.0,10,265.528304
-1.0,15,265.582121
1.0,8,265.614638
-231.0,250,265.89714
-1.0,13,265.93687
1.0,5,265.947129
-1.0,8,266.007133
-1.0,6,266.041003
1.0,8,266.066825
1.0,8,266.102744
-1.0,12,266.155447
1.0,12,266.227924
1.0,11,266.309968
1.0,9,266.343321
-1.0,12,266.379095
1.0,11,266.436301
-26.0,38,266.505069
1.0,11,266.533362
1.0,4,266.544213
1.0,5,266.56364
-40.0,55,266.711618
-1.0,12,266.773387
1.0,8,266.81407
1.0,12,266.852799
1.0,8,266.879553
1.0,12,266.911299
-1.0,13,266.953479
1.0,8,266.980154
-1.0,9,267.005453
1.0,4,267.018394
1.0,4,267.027035
1.0,13,267.062297
1.0,5,267.078073
1.0,12,267.117734
1.0,8,267.146667
1.0,12,267.185816
1.0,7,267.210149
1.0,5,267.22333
1.0,11,267.282748
1.0,8,267.339339
1.0,5,267.370537
1.0,7,267.421981
1.0,10,267.461303
1.0,10,267.51752
1.0,11,267.547935
1.0,8,267.571195
1.0,11,267.602731
-1.0,6,267.619796
1.0,11,267.654593
1.0,4,267.666625
1.0,6,267.682194
1.0,5,267.700478
1.0,16,267.748846
1.0,6,267.766552
1.0,5,267.78364
-1.0,14,267.827719
1.0,6,267.847123
1.0,12,267.886051
1.0,8,267.910117
-1.0,9,267.945782
-1.0,13,267.9954
-1.0,12,268.045194
-1.0,13,268.089283
1.0,12,268.130505
-1.0,6,268.15407
-1.0,13,268.211414
1.0,14,268.246409
1.0,12,268.297464
-1.0,8,268.332828
-1.0,13,268.38399
1.0,7,268.402685
1.0,7,268.431519
1.0,7,268.449977
1.0,5,268.463414
1.0,5,268.477232
1.0,15,268.520217
1.0,15,268.562536
1.0,11,268.58846
-1.0,9,268.620921
