#{"t_start": 1762605792.5946324, "env_id": "None"}
r,l,t
-1.004,5,0.060082
2.494,10,0.090471
-1.003,4,0.105549
-0.105,8,0.129215
0.194,9,0.158849
-1.006,7,0.178646
-1.005,6,0.196789
1.595,7,0.222056
-1.003,4,0.236703
0.195,9,0.272336
-1.004,5,0.290534
0.493,11,0.329425
-1.004,5,0.347212
-0.105,8,0.374085
1.594,9,0.402442
-1.003,4,0.412979
1.297,5,0.4264
-0.407,10,0.460633
1.297,5,0.477574
-1.003,4,0.490192
1.593,10,0.521697
-1.004,5,0.534657
-0.702,4,0.547647
-0.404,7,0.571568
0.493,12,0.60585
-0.406,9,0.634962
-1.006,7,0.657393
0.496,8,0.680885
-0.405,7,0.703266
-1.004,5,0.723265
-1.003,4,0.736601
-1.003,4,0.749416
-1.004,5,0.764311
-0.704,6,0.779096
-1.003,4,0.794741
-1.004,5,0.811803
-1.003,4,0.824662
-0.104,7,0.845497
-1.004,5,0.867707
-0.406,8,0.896477
1.294,8,0.921471
-1.003,4,0.936049
-0.705,7,0.961882
0.993,8,0.99009
-0.702,4,1.00523
-1.003,4,1.019283
1.593,9,1.04595
-0.41,12,1.08161
1.29,12,1.118585
1.291,11,1.153397
2.793,12,1.197005
-0.407,9,1.227457
-0.704,6,1.242389
2.191,13,1.279958
-1.003,4,1.292778
-1.003,4,1.306904
-1.006,7,1.32727
-1.004,5,1.343732
-0.406,8,1.368656
0.495,9,1.403188
-0.112,15,1.443436
-0.404,6,1.465375
-0.405,8,1.495561
-0.705,7,1.514812
1.892,11,1.548591
0.191,13,1.580894
1.893,10,1.614374
-0.407,9,1.639529
-0.106,9,1.670254
-0.104,7,1.693074
-0.405,8,1.722151
-0.709,11,1.757244
-0.407,9,1.781773
-0.708,10,1.815715
-0.408,10,1.843598
-1.004,5,1.860629
0.192,12,1.8913
1.595,7,1.911294
-1.003,4,1.927614
1.89,13,2.013024
-1.003,4,2.027341
-0.406,8,2.052484
-0.709,11,2.087313
-0.41,12,2.118927
-1.004,5,2.137855
-1.006,7,2.158557
-0.404,7,2.180748
-0.407,9,2.242873
-0.105,8,2.286469
-1.004,5,2.30146
-1.003,4,2.313383
-1.003,4,2.323961
-0.407,10,2.350208
-1.004,5,2.366337
-1.004,5,2.386009
-1.004,5,2.401841
-0.705,7,2.427058
-1.005,6,2.446531
2.192,12,2.483786
-0.709,11,2.509361
-0.112,15,2.54855
-0.404,7,2.571921
-0.404,7,2.599598
-0.704,6,2.619602
-0.106,9,2.647948
-0.405,7,2.667763
-0.404,7,2.694477
-0.407,10,2.724079
-0.706,8,2.750757
-0.704,6,2.770301
-1.003,4,2.784942
-1.006,7,2.80689
-1.004,5,2.820989
-0.706,8,2.845126
-1.004,5,2.866335
1.592,11,2.890165
1.895,8,2.916125
-0.106,10,2.943434
-0.705,7,2.96715
0.496,8,2.991884
1.295,7,3.012661
-1.003,4,3.026259
-0.705,7,3.052344
1.295,7,3.074233
2.197,7,3.09309
-1.003,4,3.106193
0.993,8,3.135021
-0.407,9,3.164038
-1.003,4,3.174897
-0.704,6,3.194244
2.19,13,3.230652
-0.705,7,3.253955
-0.707,9,3.286878
-0.403,6,3.303285
-0.707,9,3.331778
-0.709,11,3.371983
-1.003,4,3.385504
-0.406,9,3.414756
1.594,8,3.441067
-0.403,6,3.459131
1.893,11,3.494782
-0.707,9,3.522782
-0.405,8,3.546578
-0.403,6,3.560895
0.195,9,3.592642
-1.003,4,3.608671
-1.007,8,3.631568
1.593,10,3.65464
1.592,11,3.68682
1.291,11,3.722408
2.192,11,3.756958
-1.004,5,3.771449
-1.008,9,3.801185
-0.706,8,3.828174
-0.104,8,3.854345
-1.004,5,3.869907
-0.107,10,3.902146
-0.704,6,3.919111
-0.705,7,3.942181
2.196,9,3.972379
-0.408,10,4.006145
-1.003,4,4.019876
0.493,11,4.052065
-1.003,4,4.06608
1.294,8,4.087674
-0.407,9,4.119148
-1.005,6,4.137275
-0.707,9,4.168724
-0.704,6,4.189291
-0.106,9,4.214789
-1.004,5,4.233616
-1.003,4,4.247222
-1.005,6,4.266212
-1.003,4,4.279144
0.197,8,4.310557
-0.404,7,4.332405
-0.704,6,4.34997
-1.011,12,4.385529
-1.005,6,4.40542
-1.006,7,4.423776
-0.708,10,4.454736
-0.704,6,4.474981
-1.004,5,4.497358
-0.706,8,4.524408
1.593,9,4.55451
-1.004,5,4.56891
-0.704,6,4.590039
-1.011,12,4.624165
-1.003,4,4.637999
2.195,9,4.665607
-1.006,7,4.685885
-1.007,8,4.710832
-0.71,12,4.741995
-1.006,7,4.764108
-1.003,4,4.779347
-1.005,6,4.801938
-1.003,4,4.815951
-0.71,12,4.850691
-0.703,5,4.866753
-1.004,5,4.879251
-1.004,5,4.898573
-1.004,5,4.918202
-0.107,10,5.006157
-1.004,5,5.0242
-1.003,4,5.037729
-1.003,4,5.050554
-0.709,11,5.086152
-1.003,4,5.098647
-0.703,5,5.11711
-1.003,4,5.129457
0.194,10,5.156964
-1.004,5,5.17245
-0.704,6,5.194219
-0.406,8,5.221606
-0.407,9,5.250931
0.196,9,5.27984
-0.407,9,5.310055
-0.105,8,5.333172
0.994,7,5.35361
-0.708,10,5.385333
-0.406,8,5.407811
-0.111,15,5.450465
-0.107,10,5.481093
-1.006,7,5.502196
-1.005,6,5.522647
1.893,10,5.553308
-0.703,5,5.568882
-1.005,6,5.589637
0.793,11,5.618426
-0.705,7,5.63814
-1.003,4,5.654231
-0.405,8,5.681837
0.194,10,5.718567
-1.003,4,5.729034
-0.408,10,5.756383
-1.003,4,5.770004
-1.003,4,5.783851
-1.005,6,5.806286
-0.105,8,5.831549
-0.707,9,5.860593
-0.702,4,5.874338
-0.703,5,5.892111
-1.004,5,5.908611
0.493,11,5.941615
-1.004,5,5.958173
0.193,10,5.991317
-0.709,11,6.024721
-1.003,4,6.038113
1.294,8,6.064411
0.795,10,6.093204
-1.003,4,6.105751
1.588,14,6.144427
-0.408,10,6.176901
0.995,6,6.197824
-0.708,10,6.230995
-0.41,12,6.271076
-0.406,9,6.297915
-1.003,4,6.309239
1.294,8,6.334989
-0.702,4,6.345911
-1.009,10,6.373939
-0.711,13,6.412069
-1.008,9,6.438647
-0.708,10,6.468985
-0.405,7,6.494108
-0.406,8,6.521223
-1.006,7,6.542517
-0.103,7,6.565122
-0.407,10,6.60293
-0.704,6,6.621789
-1.004,5,6.640672
-1.006,7,6.66344
-0.407,9,6.694151
-0.709,11,6.728992
-0.412,14,6.768332
-1.007,8,6.790493
-1.003,4,6.80473
-1.007,8,6.834015
-1.003,4,6.848594
-0.409,11,6.874952
1.293,9,6.899781
-0.406,8,6.928801
0.195,9,6.960096
-0.405,8,6.983274
-0.11,13,7.019194
-0.405,8,7.046464
-0.41,12,7.085477
-1.004,5,7.100302
-1.003,4,7.113844
1.588,14,7.161803
-1.004,5,7.178306
-1.003,4,7.191048
0.995,6,7.207308
-1.005,6,7.221946
-0.71,12,7.260073
-1.005,6,7.283563
-1.011,12,7.327726
0.489,15,7.375431
-1.009,10,7.4142
-1.01,11,7.449887
0.192,11,7.48258
-0.707,9,7.50974
-0.407,9,7.532411
-1.005,6,7.547802
1.596,6,7.569191
-0.108,11,7.609679
0.493,11,7.639318
-1.005,6,7.656163
-0.409,11,7.695709
-0.41,12,7.734123
-1.006,7,7.8027
-1.004,5,7.822279
-0.106,9,7.852835
-1.012,13,7.896971
-1.006,7,7.921033
-0.408,10,7.954184
-1.003,4,7.968016
-1.003,4,7.98
-0.405,7,8.004715
-1.005,6,8.027871
2.49,14,8.075285
0.193,11,8.109791
-1.009,10,8.139953
-0.406,8,8.16423
-1.004,5,8.180141
-0.709,11,8.214467
-0.407,9,8.249726
0.491,13,8.287357
-0.705,7,8.31235
-0.706,8,8.338692
-0.408,10,8.371557
-1.005,6,8.393847
-1.007,8,8.41928
-0.703,5,8.432942
1.295,7,8.456546
-0.405,7,8.475162
1.294,8,8.500092
0.485,19,8.556051
-0.705,7,8.583051
1.89,13,8.628409
-0.706,8,8.656335
-0.103,7,8.681731
-1.007,8,8.705975
1.893,10,8.72946
-0.106,9,8.757523
0.494,10,8.789019
-1.005,6,8.814304
2.192,12,8.85311
1.591,11,8.884707
-0.405,7,8.908157
-1.005,6,8.931472
-0.706,8,8.954293
-0.109,12,8.997411
0.193,10,9.024709
-1.008,9,9.054999
-0.705,7,9.079362
-0.706,8,9.105996
-0.105,8,9.134199
-1.004,5,9.150787
-0.705,7,9.170866
-1.005,6,9.193256
2.191,13,9.231966
-0.408,11,9.26615
-1.005,6,9.286185
1.593,9,9.317502
-1.005,6,9.337807
-0.11,13,9.371442
-0.408,11,9.407991
-1.003,4,9.422143
-0.707,9,9.454647
0.193,11,9.493474
-1.005,6,9.512666
-0.705,7,9.534682
-0.107,10,9.570046
0.194,10,9.605055
0.492,12,9.64181
-0.405,8,9.671503
-1.005,6,9.690492
-0.407,9,9.724586
-0.705,7,9.748928
-0.106,9,9.776828
3.093,12,9.817031
-0.411,14,9.861873
0.494,10,9.8974
-0.409,12,9.938953
-1.011,12,9.982721
1.591,11,10.017482
0.995,6,10.031881
-0.706,8,10.056585
-0.703,5,10.069616
-0.706,8,10.097784
0.491,14,10.142692
0.195,9,10.173545
-0.705,7,10.198917
0.192,13,10.245713
-0.404,7,10.268785
-0.706,8,10.296973
1.89,13,10.340708
-1.007,8,10.371753
-1.007,8,10.394523
-0.707,9,10.420276
-1.006,7,10.445072
1.593,9,10.475446
2.191,13,10.514561
-0.107,10,10.545247
-0.704,6,10.613876
0.994,7,10.642163
1.89,14,10.68803
1.29,12,10.722554
2.191,13,10.763494
-0.709,11,10.802906
0.194,10,10.834368
0.492,12,10.873659
-0.407,10,10.910536
-1.008,9,10.94287
-0.404,7,11.012293
0.995,6,11.029485
-0.405,8,11.057612
-1.008,9,11.092161
-0.405,8,11.115813
-0.706,8,11.138686
-1.01,11,11.173314
-1.007,8,11.199489
-0.711,13,11.241243
-1.004,5,11.253386
-0.712,14,11.29617
-1.007,8,11.327133
-0.705,7,11.351753
-0.704,6,11.370551
-0.407,10,11.399597
-0.107,10,11.436186
-1.008,9,11.466509
-0.705,7,11.492401
-0.41,12,11.533936
1.593,10,11.567731
-0.407,9,11.598127
-0.704,6,11.620918
-0.408,11,11.662951
-0.408,10,11.699708
-0.71,12,11.733253
1.59,12,11.768839
-0.109,13,11.815479
-1.006,7,11.842015
-0.113,17,11.887121
-0.705,7,11.907355
-0.706,8,11.933888
-0.704,6,11.959484
-0.106,9,11.986406
1.589,14,12.026582
0.992,9,12.061584
-0.707,9,12.090287
-0.706,8,12.1157
1.291,11,12.152784
-0.409,11,12.185244
-0.705,7,12.212855
-0.11,13,12.249035
1.594,9,12.281111
-1.003,4,12.297147
1.291,11,12.329687
-0.405,8,12.352945
1.587,16,12.406287
1.291,11,12.441105
1.296,6,12.461191
-0.706,8,12.483447
-1.012,13,12.527257
1.595,8,12.550504
-0.406,9,12.583766
-0.708,10,12.617374
-0.406,8,12.643344
1.594,9,12.675874
-0.705,7,12.704856
-0.404,7,12.727431
1.594,8,12.753052
-0.703,5,12.775993
1.594,9,12.807137
-0.705,7,12.829933
-1.003,4,12.843192
-0.706,8,12.873012
-0.709,11,12.90842
-0.408,10,12.944379
-0.404,7,12.967209
-0.706,8,12.993872
1.292,10,13.025889
-0.405,7,13.049848
0.79,15,13.088504
-1.007,8,13.111475
-0.708,10,13.146527
-0.408,10,13.183217
-0.709,11,13.219504
-0.405,8,13.248389
-1.007,8,13.276829
-0.706,8,13.303414
1.292,10,13.337708
-0.708,10,13.373878
-0.705,7,13.397123
-0.404,7,13.418873
-1.005,6,13.437725
-0.408,10,13.47672
-0.408,11,13.516458
-1.006,7,13.547946
-0.406,9,13.585202
1.894,9,13.612333
-0.704,6,13.634537
-0.707,9,13.714216
-0.707,9,13.754104
2.491,13,13.794742
-0.708,10,13.823403
-0.406,8,13.849307
1.594,8,13.876076
1.895,9,13.907513
-0.709,11,13.943967
-1.012,13,13.983491
0.189,14,14.02343
-0.407,10,14.054544
-1.007,8,14.084034
0.193,11,14.120208
-1.007,8,14.147182
-0.405,7,14.164832
-0.407,10,14.199237
-0.707,9,14.228661
-0.707,9,14.25799
1.591,11,14.295866
0.493,11,14.333081
-1.005,6,14.348392
-0.406,9,14.378536
-1.006,7,14.398757
-0.71,12,14.433615
-0.407,9,14.465009
-0.707,9,14.49581
0.993,8,14.523472
0.19,13,14.564838
1.891,13,14.608608
1.891,12,14.646348
-0.708,10,14.67851
-0.109,12,14.72208
0.189,14,14.76317
1.59,12,14.802652
-0.707,9,14.839549
-0.108,11,14.875959
-0.11,13,14.91621
-0.709,11,14.953522
-0.706,8,14.981497
1.594,8,15.010694
1.293,9,15.042363
-0.406,8,15.068053
0.194,10,15.096153
1.292,10,15.130055
-0.107,10,15.165219
-0.708,10,15.19775
-0.707,9,15.225607
-1.004,5,15.243689
1.596,6,15.265969
-0.41,13,15.30992
-0.106,9,15.332206
-1.007,8,15.36177
-0.705,7,15.391441
-0.707,9,15.417969
-0.406,8,15.442229
-1.008,9,15.476694
-0.108,11,15.519653
2.794,11,15.558481
0.984,17,15.607686
0.193,10,15.643837
-0.705,7,15.664632
1.588,14,15.712484
-0.407,9,15.739719
-0.707,9,15.773184
2.191,12,15.813479
-0.105,8,15.838168
-1.005,6,15.860413
-1.004,5,15.876134
-0.406,8,15.903966
0.191,13,15.946804
-0.104,8,15.975384
-0.705,7,16.002336
1.892,11,16.042586
-1.009,10,16.072346
-0.705,7,16.096086
-0.109,12,16.136652
0.996,5,16.15414
-0.111,14,16.195883
1.591,11,16.236201
1.593,10,16.26316
1.893,10,16.293462
1.596,6,16.310949
-1.007,8,16.334572
-0.408,11,16.428617
-0.409,12,16.469805
-0.708,10,16.502555
-0.705,7,16.52639
1.288,14,16.566875
-0.706,8,16.591362
-0.11,13,16.691077
1.294,8,16.71957
1.891,12,16.758722
-0.109,13,16.799865
-0.406,9,16.829623
-0.407,10,16.862944
1.596,6,16.883815
-0.407,9,16.913638
-0.104,8,16.941172
1.593,10,16.975761
-0.403,6,17.002171
-0.407,9,17.031686
1.295,7,17.05549
-0.405,7,17.076599
1.297,5,17.096874
-0.707,9,17.121387
-0.703,5,17.136785
1.892,11,17.176507
-0.11,13,17.220894
-1.003,4,17.234088
1.892,12,17.276149
-1.005,6,17.297482
-1.007,8,17.323821
-1.004,5,17.337266
-0.406,8,17.362843
-0.106,10,17.398488
-1.003,4,17.416253
-0.11,14,17.462186
-1.005,6,17.481825
-1.003,4,17.495448
-0.709,11,17.534642
1.895,8,17.55765
1.591,11,17.592932
1.895,8,17.619206
-1.006,7,17.642977
1.292,10,17.669476
0.194,11,17.706284
-1.01,11,17.746577
-0.105,9,17.778905
0.194,10,17.813205
-0.105,8,17.836227
-0.707,9,17.861382
0.193,11,17.895111
-0.412,14,17.941962
0.993,8,17.971738
1.295,7,17.998019
-0.408,10,18.035537
-1.003,4,18.048116
-0.408,11,18.08834
0.994,7,18.109208
2.791,15,18.156668
1.896,8,18.179698
-0.711,13,18.224027
-1.01,11,18.259457
-1.006,7,18.282937
-0.406,9,18.315845
1.593,10,18.355355
-0.708,10,18.386819
-0.105,8,18.414777
-0.405,8,18.443137
1.89,13,18.489839
-0.708,10,18.521439
-1.005,6,18.542521
1.296,6,18.560444
-0.107,10,18.593687
-0.705,7,18.611126
1.591,11,18.644301
-0.11,13,18.690681
-0.111,14,18.740009
1.595,8,18.769451
-0.404,6,18.789881
-0.105,8,18.816783
0.993,8,18.84177
1.592,11,18.879465
1.889,14,18.925331
-0.403,6,18.942626
1.595,7,18.965348
-0.703,5,18.980186
-1.008,9,19.01502
-0.708,10,19.055181
-0.409,11,19.086359
-0.407,10,19.122144
1.887,16,19.175182
1.594,8,19.200315
-0.103,7,19.226096
-0.406,8,19.256428
-0.407,9,19.290866
-0.406,8,19.321985
-1.008,9,19.351932
-1.004,5,19.371816
0.493,11,19.46074
0.791,13,19.508412
1.596,6,19.527977
1.892,11,19.559468
-0.403,6,19.576186
1.295,7,19.593218
-1.007,8,19.621178
1.893,10,19.65576
-0.106,9,19.682162
-0.707,9,19.712743
-1.005,6,19.73687
-0.705,7,19.760321
0.489,15,19.803353
-0.705,7,19.829177
-0.107,10,19.859038
-0.412,14,19.900333
1.294,8,19.921881
1.294,8,19.946493
1.596,6,19.960777
0.992,9,19.991343
-0.704,6,20.015506
-0.408,11,20.052868
-0.102,6,20.073157
-1.005,6,20.095575
-0.406,9,20.124754
1.597,5,20.138752
-0.703,5,20.156352
2.194,10,20.190289
1.594,9,20.222926
0.492,12,20.259122
1.892,11,20.295996
0.996,5,20.309453
1.593,9,20.341027
-0.706,8,20.369155
1.293,9,20.40014
1.295,7,20.419886
-0.407,9,20.445754
1.591,12,20.485404
-1.007,8,20.514148
-0.708,10,20.538728
1.295,7,20.558888
1.293,9,20.584844
0.991,10,20.611526
1.895,8,20.632838
-1.007,8,20.657465
-0.407,10,20.692121
3.091,16,20.749444
-0.105,8,20.776779
-0.106,9,20.810321
1.296,6,20.828943
1.596,6,20.845621
-0.107,10,20.872882
-0.406,8,20.901658
-0.706,8,20.924714
-0.406,8,20.950932
-0.706,8,20.974458
-0.104,7,21.003805
1.59,12,21.040493
-0.407,9,21.071553
0.994,7,21.089354
-0.41,12,21.125849
-1.008,9,21.153522
0.192,12,21.196589
0.991,10,21.22723
0.19,14,21.265742
-0.107,10,21.299519
-0.708,10,21.323123
0.192,11,21.362073
-0.708,10,21.445455
-1.005,6,21.468654
-0.703,5,21.485897
1.293,9,21.515365
2.193,10,21.550625
1.59,12,21.582207
-0.105,9,21.613629
1.895,8,21.637678
2.49,14,21.6864
1.593,9,21.715274
-1.004,5,21.72665
-0.407,10,21.758153
-1.003,4,21.775243
1.593,9,21.805488
-1.005,6,21.827042
-0.108,11,21.862104
1.29,12,21.902329
-1.004,5,21.917417
0.996,5,21.934435
1.597,5,21.948601
1.593,10,21.982854
1.595,7,22.008749
-0.408,10,22.043888
-1.004,5,22.060207
2.19,14,22.102789
-0.406,9,22.133432
-0.713,15,22.179536
-1.004,5,22.199162
-0.705,7,22.223338
-0.405,8,22.251596
-1.003,4,22.263634
1.592,10,22.292969
-0.409,12,22.330175
1.597,5,22.343796
1.891,12,22.383838
-1.007,8,22.416771
2.186,18,22.517292
0.995,6,22.533174
1.593,10,22.567997
-0.708,10,22.59744
-0.706,8,22.621432
0.791,14,22.657909
-0.106,10,22.687348
0.192,11,22.725969
0.191,13,22.767985
1.594,8,22.789667
-1.005,6,22.808812
-0.706,8,22.838985
-0.406,9,22.870211
-1.005,6,22.888505
-0.409,11,22.924952
-1.007,8,22.954216
-0.71,12,22.996639
2.193,11,23.02988
1.889,14,23.076635
1.589,14,23.123368
1.595,7,23.14404
-1.005,6,23.164975
1.29,12,23.20328
-0.708,10,23.238738
-0.706,8,23.264674
-0.41,13,23.303284
-1.003,4,23.316857
-0.707,9,23.344119
1.596,6,23.362376
-0.407,9,23.390075
1.291,11,23.429772
-0.404,7,23.451671
-0.108,11,23.485929
1.588,14,23.528031
1.594,9,23.556746
3.09,15,23.606826
-0.406,8,23.636674
1.296,6,23.653546
0.191,12,23.688374
0.488,16,23.734763
-0.406,9,23.766085
-0.704,6,23.784977
0.996,5,23.797787
-0.108,12,23.840017
0.196,8,23.866338
-1.005,6,23.886342
-0.411,14,23.930906
1.595,7,23.953647
0.993,8,23.981886
2.195,8,24.006938
2.188,15,24.049063
-0.705,7,24.070931
0.996,5,24.090173
0.494,10,24.125817
-1.007,8,24.149559
0.193,10,24.184159
1.895,8,24.21075
1.596,6,24.229317
-1.006,7,24.255648
-0.407,9,24.286956
-0.707,9,24.319659
-0.41,12,24.351812
1.588,14,24.400147
-0.705,7,24.426092
-1.007,8,24.456328
0.493,12,24.495797
-1.004,5,24.511055
-0.711,13,24.550534
-0.11,13,24.590443
-0.408,10,24.620782
1.69,16,24.671314
1.296,6,24.687845
0.192,11,24.718499
-0.706,8,24.737901
-0.707,9,24.769276
-0.106,9,24.80145
1.591,12,24.834712
-0.409,11,24.866442
0.193,10,24.90191
1.292,10,24.935095
-0.408,10,24.96845
-0.404,7,24.987206
1.295,7,25.006513
0.193,11,25.046292
-0.704,6,25.066599
1.295,7,25.085306
-0.11,13,25.129246
1.297,5,25.14111
-1.003,4,25.153881
0.996,5,25.166445
-0.406,8,25.193071
1.596,6,25.214428
-0.408,10,25.246502
0.997,4,25.258121
1.597,6,25.280489
-1.007,8,25.309929
1.297,5,25.322105
0.191,12,25.357867
0.194,10,25.384864
1.593,9,25.41365
1.296,6,25.430147
-0.705,7,25.451619
-0.108,12,25.486835
1.297,5,25.5015
-0.108,11,25.54063
-1.008,9,25.568106
-0.703,5,25.584701
-1.005,6,25.603577
1.692,14,25.646273
-0.412,14,25.683817
-1.005,6,25.702654
0.996,5,25.721606
1.093,12,25.824859
-0.405,7,25.84575
-1.005,6,25.868129
2.794,11,25.900224
1.294,8,25.928713
-0.409,11,25.966463
-1.007,8,25.992548
-0.109,13,26.03494
1.295,7,26.055481
-0.111,14,26.089839
1.594,8,26.115821
-0.709,11,26.150936
-0.108,11,26.178826
-0.107,10,26.209875
0.494,10,26.244963
-0.707,9,26.273637
1.29,12,26.313732
-0.407,9,26.345527
-0.105,9,26.374299
1.289,13,26.41285
-1.005,6,26.436349
2.793,12,26.474117
-1.006,7,26.497911
-1.005,6,26.517335
0.993,8,26.545765
-0.104,7,26.565428
0.193,11,26.602578
1.895,8,26.629739
-1.004,5,26.647935
-1.003,4,26.659276
-0.105,9,26.684083
-0.109,13,26.724552
1.895,8,26.752367
0.193,10,26.785449
1.594,9,26.81092
1.896,7,26.83358
1.589,13,26.875121
-0.709,11,26.904253
0.193,11,26.935373
-0.704,6,26.95373
0.193,11,26.990366
0.794,11,27.030725
1.595,8,27.05251
1.888,15,27.100909
-0.705,7,27.123568
2.194,10,27.160148
1.295,7,27.176253
-0.703,5,27.194206
1.593,9,27.226954
-0.404,7,27.248276
-1.007,8,27.269766
-0.405,8,27.297408
0.191,14,27.3409
-1.003,4,27.352771
0.191,13,27.396529
-0.705,7,27.422294
-0.11,13,27.46084
0.997,4,27.471154
-1.008,9,27.499769
-0.705,7,27.523636
-1.004,5,27.545855
-0.406,8,27.569072
-0.404,7,27.592081
-0.71,12,27.62874
-0.709,11,27.665642
-0.106,10,27.699039
1.594,9,27.729282
0.191,13,27.772833
-0.407,10,27.802724
-0.707,9,27.827447
-0.11,13,27.864809
-0.704,6,27.883349
-0.406,9,27.914313
-0.707,9,27.939954
1.59,13,27.980755
-0.705,7,28.005211
1.889,15,28.053928
-0.408,10,28.085234
-1.004,5,28.105489
1.596,6,28.120106
-0.108,11,28.159359
2.195,9,28.19033
-0.406,8,28.214965
2.791,14,28.258786
-0.407,9,28.288173
0.996,5,28.299641
-0.404,7,28.323813
1.595,7,28.347961
-0.106,9,28.374135
0.996,5,28.385854
2.191,13,28.430018
0.194,10,28.46251
-0.107,10,28.490055
-0.407,9,28.517579
2.193,10,28.545756
0.992,9,28.570195
1.293,9,28.607717
-0.705,7,28.630932
-0.405,8,28.661381
-0.106,9,28.69122
0.195,8,28.719183
-0.706,8,28.744108
-1.003,4,28.756492
-1.008,9,28.784251
-0.105,8,28.809912
-0.705,7,28.873603
-0.407,9,28.911835
-0.107,10,28.941906
-0.407,10,28.971565
-0.404,7,28.996121
-0.107,10,29.025919
-0.407,10,29.060751
1.292,10,29.094401
-1.006,7,29.121539
-0.407,10,29.148155
1.894,9,29.175813
1.59,13,29.212294
-0.407,9,29.239431
-0.704,6,29.260697
1.297,5,29.27689
-0.109,12,29.320418
0.192,13,29.357443
-0.108,11,29.390239
0.194,10,29.421592
1.29,12,29.457067
1.294,8,29.480184
-0.404,7,29.501665
-0.109,13,29.542712
1.592,11,29.580921
1.593,9,29.608117
-0.106,9,29.639409
-1.003,4,29.649863
0.195,8,29.673122
-1.004,5,29.68445
0.996,5,29.700331
-0.407,9,29.728153
0.491,13,29.782406
-0.405,8,29.808271
-1.007,8,29.831841
0.191,12,29.867788
1.593,9,29.900457
-0.412,14,29.945659
-0.41,13,29.992576
-0.706,8,30.019942
-0.704,6,30.042295
-0.41,12,30.077175
-0.707,9,30.099753
-1.003,4,30.110215
2.488,16,30.148251
2.194,9,30.177861
-0.704,6,30.197071
-0.106,9,30.226195
0.993,8,30.249601
-1.005,6,30.272111
0.996,5,30.289064
-0.406,9,30.320953
-1.01,11,30.353402
-0.407,9,30.375944
0.996,5,30.394303
-0.111,14,30.430606
-0.704,6,30.452877
-0.704,6,30.471974
-1.009,10,30.500335
1.293,9,30.525476
-0.706,8,30.554068
-0.705,7,30.580914
0.995,6,30.598311
0.193,10,30.633847
-0.111,14,30.723293
-0.705,7,30.742374
1.293,9,30.767708
-0.407,9,30.796592
1.591,11,30.833897
0.997,4,30.844994
-0.709,11,30.877235
1.295,7,30.899314
1.895,8,30.926095
-0.704,6,30.944251
1.595,7,30.964914
-1.008,9,30.996775
1.294,8,31.02056
-0.704,6,31.041986
-1.004,5,31.057406
0.189,16,31.109317
0.996,5,31.126671
2.192,12,31.165826
-0.406,8,31.191581
-0.407,9,31.221468
1.593,10,31.251592
1.59,12,31.286186
-0.107,10,31.310219
-0.403,6,31.329009
-1.009,10,31.357723
2.194,10,31.391631
-0.707,9,31.415046
-1.006,7,31.436892
-0.105,8,31.465295
0.185,18,31.514883
1.89,13,31.549348
0.992,9,31.576949
-1.003,4,31.592021
-0.106,9,31.622379
2.793,12,31.661194
0.191,12,31.699761
-0.408,10,31.738312
-0.405,7,31.759507
0.191,13,31.850762
-0.407,9,31.876631
0.495,9,31.9036
-0.108,11,31.93992
-0.108,12,31.97608
1.592,11,32.013723
-0.709,11,32.049141
0.995,6,32.069102
-1.003,4,32.084295
0.791,14,32.130919
-1.003,4,32.146038
-0.406,8,32.175335
-1.005,6,32.195926
-1.007,8,32.220495
-0.407,9,32.252708
0.991,10,32.279491
1.297,5,32.293309
-0.712,14,32.3348
-0.409,11,32.373557
-0.707,9,32.400973
-0.104,7,32.422185
-0.104,7,32.445092
1.593,10,32.474444
0.995,6,32.492042
1.595,7,32.514061
-0.408,10,32.54935
2.189,15,32.593848
2.492,12,32.632583
-1.004,5,32.6502
1.594,9,32.677561
-1.003,4,32.690639
-0.704,6,32.711027
0.791,13,32.75282
-0.704,6,32.773945
-0.409,12,32.819003
-0.408,10,32.855162
-0.706,8,32.883115
0.996,5,32.898862
2.493,11,32.936524
0.191,14,32.978804
-0.708,10,33.009957
-1.003,4,33.024498
-1.009,10,33.059394
-0.108,11,33.08902
2.493,11,33.122286
-0.705,7,33.146075
-0.705,7,33.169494
-0.403,6,33.1841
-0.107,10,33.21721
-0.408,10,33.245892
1.889,14,33.29662
0.994,7,33.314584
1.896,8,33.337369
1.295,7,33.359897
0.193,11,33.395585
1.59,12,33.434745
2.792,13,33.478026
1.59,13,33.515098
1.893,10,33.545885
1.293,9,33.56958
-0.113,16,33.618023
-1.003,4,33.631674
-0.109,12,33.669094
-0.706,8,33.694741
-0.705,7,33.719183
-0.405,8,33.742583
-0.106,10,33.779469
1.592,10,33.80972
-0.403,6,33.829657
-0.41,13,33.877285
-0.708,10,33.905158
-1.005,6,33.925562
-0.71,12,33.96505
1.295,7,33.981541
0.993,8,34.007901
-0.706,8,34.029568
1.895,8,34.05398
0.995,6,34.075406
-0.106,9,34.102309
1.293,9,34.123677
-0.706,8,34.146994
-0.707,9,34.178424
-0.408,11,34.210677
0.191,12,34.244821
1.295,7,34.26899
-0.109,12,34.307573
-0.109,12,34.344555
-0.11,13,34.386374
-0.113,17,34.435393
-1.004,5,34.448656
1.896,7,34.475081
-0.408,10,34.507268
0.191,12,34.540666
-0.705,7,34.565864
1.593,9,34.594116
0.994,7,34.612037
-0.107,10,34.645376
-0.704,6,34.666228
-0.704,6,34.687642
1.294,8,34.712259
-0.707,9,34.741961
2.494,11,34.77503
-1.006,7,34.803265
-1.006,7,34.828624
-0.11,14,34.8715
1.889,14,34.915675
-1.004,5,34.936176
1.594,9,35.008997
-1.004,5,35.024852
0.193,11,35.055617
-1.006,7,35.08132
0.194,9,35.105034
-1.004,5,35.121389
1.893,10,35.145091
-0.404,7,35.166762
2.191,13,35.207747
0.188,15,35.250574
0.995,6,35.269282
1.89,13,35.311301
2.195,8,35.335384
-0.705,7,35.359138
-0.704,6,35.380146
-1.006,7,35.403801
-1.011,12,35.44256
0.991,10,35.469168
-0.406,8,35.489556
-1.004,5,35.506261
-0.108,11,35.537269
1.596,7,35.558093
1.592,10,35.583973
1.894,9,35.618975
-0.706,8,35.640938
-0.408,10,35.673476
-0.705,7,35.694404
-0.707,9,35.719307
1.593,9,35.744936
-0.11,13,35.786498
-0.405,8,35.816714
-0.106,9,35.841928
-1.005,6,35.861069
0.492,12,35.905207
2.489,16,35.955858
2.192,11,35.991554
-0.407,10,36.025813
1.89,13,36.06422
-0.706,8,36.093096
0.191,12,36.13209
1.592,10,36.164666
0.993,8,36.186198
1.296,6,36.204172
1.593,9,36.2299
-0.707,9,36.255548
0.997,4,36.268098
-0.405,8,36.291073
0.996,5,36.307788
-0.105,9,36.338744
-0.406,9,36.37047
1.896,7,36.392169
0.995,6,36.41239
1.294,8,36.438401
0.191,12,36.479174
-1.005,6,36.494746
0.995,6,36.515274
0.192,11,36.552961
-0.406,8,36.576607
-1.006,7,36.602502
0.995,6,36.621695
-0.404,7,36.642442
1.594,8,36.66249
1.593,9,36.687952
1.892,11,36.72379
-0.708,10,36.758417
0.491,13,36.799581
-0.105,8,36.826373
-0.408,11,36.857778
1.895,8,36.884143
-0.704,6,36.900337
1.595,7,36.924216
-0.406,8,36.95166
-1.006,7,36.973314
1.296,6,36.990133
0.997,4,37.000524
1.592,10,37.029739
1.887,17,37.072132
2.49,14,37.1149
-1.006,7,37.140954
-1.007,8,37.169957
-0.709,11,37.202571
-0.407,9,37.231217
-0.411,14,37.26837
0.19,14,37.314242
0.494,11,37.35336
1.596,7,37.374034
-0.406,8,37.400455
-0.706,8,37.426916
-0.405,7,37.444788
1.295,7,37.462401
-1.003,4,37.474096
-0.706,8,37.501108
-0.108,11,37.536257
0.794,11,37.575678
-0.405,8,37.603527
-0.704,6,37.623399
1.595,7,37.641454
-0.706,8,37.662857
-0.406,9,37.690341
0.996,5,37.707571
0.99,11,37.788641
0.997,4,37.800295
-1.005,6,37.823127
-1.005,6,37.844183
0.997,4,37.854418
-0.71,12,37.893055
0.996,5,37.906342
0.991,10,37.937415
-1.003,4,37.950898
2.792,13,37.98441
-0.405,8,38.005914
1.888,15,38.055204
-0.707,9,38.079835
-0.707,9,38.112452
-1.006,7,38.136456
1.293,9,38.16
0.995,6,38.176076
1.893,10,38.207968
-0.405,8,38.235255
-1.003,4,38.248571
-0.709,11,38.276666
2.192,12,38.308242
1.596,7,38.328831
-0.707,9,38.35887
-1.003,4,38.370707
1.295,7,38.390409
0.996,5,38.406459
-0.106,9,38.439171
1.595,7,38.462109
-0.105,8,38.488949
-1.003,4,38.501328
0.489,15,38.541353
-0.404,6,38.559827
0.19,14,38.604697
-1.005,6,38.624827
0.793,11,38.663511
-0.407,9,38.692554
-0.404,6,38.710775
-0.106,9,38.741204
-1.009,10,38.779401
-0.407,10,38.810796
2.791,14,38.85349
0.49,14,38.893756
-0.407,9,38.92451
-1.007,8,38.952444
1.593,10,38.979948
-0.708,10,39.009048
-0.707,9,39.039504
1.287,15,39.084692
-0.41,12,39.124038
0.995,6,39.145518
-0.107,10,39.176677
2.792,12,39.208202
0.996,5,39.223915
-1.008,9,39.250518
1.294,8,39.279362
-0.704,6,39.296121
-0.712,14,39.349715
-0.407,9,39.37768
-0.409,12,39.416355
-0.106,9,39.447826
1.591,11,39.485922
-1.003,4,39.500295
-0.404,7,39.521622
-0.407,9,39.544399
0.195,8,39.570438
0.995,6,39.595195
-1.003,4,39.610665
0.188,17,39.666847
-1.004,5,39.686595
-0.707,9,39.712575
-0.41,13,39.768476
-0.708,10,39.80499
1.891,12,39.845718
-0.404,7,39.875504
2.191,12,39.918429
0.995,6,39.938561
1.295,7,39.961167
1.295,7,39.987104
-0.407,10,40.021913
0.495,9,40.058574
-0.705,7,40.082257
-0.707,9,40.115899
-0.707,9,40.148354
-0.706,8,40.177733
0.996,5,40.193478
-0.408,10,40.225977
1.594,9,40.261287
-1.003,4,40.279708
-0.709,11,40.318847
-0.108,11,40.360966
-0.108,11,40.400271
-0.708,10,40.435211
1.591,11,40.473683
-1.007,8,40.50255
2.495,10,40.538271
-0.405,7,40.564671
-1.008,9,40.596583
1.296,6,40.614477
-1.003,4,40.630751
-1.005,6,40.650445
2.195,9,40.683651
2.193,11,40.775256
-0.704,6,40.807923
-0.706,8,40.838097
1.296,6,40.858928
-0.108,11,40.898036
-0.404,7,40.921584
-1.003,4,40.935167
-1.006,7,40.960164
1.295,7,40.98746
-0.111,14,41.042266
0.994,7,41.072594
-1.005,6,41.099927
-1.003,4,41.118678
-0.407,9,41.156275
-1.005,6,41.177426
1.294,8,41.202497
1.594,8,41.226097
-0.704,6,41.250486
-0.405,7,41.27142
-0.707,9,41.300774
0.795,10,41.33363
0.992,9,41.364815
-0.704,6,41.379305
1.594,8,41.405291
1.893,10,41.439335
1.296,6,41.459588
-0.708,10,41.486528
1.594,9,41.512931
1.597,6,41.530392
0.193,11,41.570656
0.992,9,41.601463
1.891,12,41.639588
-0.705,7,41.66393
-0.707,9,41.690947
0.992,9,41.716259
-0.704,6,41.731874
-1.003,4,41.746004
2.187,17,41.800114
-0.408,11,41.832299
-0.704,6,41.851533
-1.004,5,41.866831
-1.004,5,41.88484
0.791,14,41.933466
1.594,8,41.95859
-0.105,8,41.986135
-0.407,9,42.019917
1.296,6,42.035792
0.193,11,42.080897
0.193,11,42.12032
0.493,12,42.166207
1.294,8,42.193685
1.595,7,42.215909
-1.003,4,42.228765
1.595,7,42.248959
3.094,12,42.281753
0.193,11,42.315635
-1.008,9,42.345877
1.896,7,42.371438
-0.407,9,42.395745
0.191,13,42.491272
-0.105,8,42.511774
-0.708,10,42.543742
-0.108,11,42.58062
1.594,8,42.600899
-0.109,13,42.642634
1.59,12,42.683927
-1.007,8,42.713095
-0.404,7,42.738661
0.795,10,42.773417
-1.003,4,42.78968
0.193,10,42.821097
-1.004,5,42.835315
0.995,6,42.854123
1.293,9,42.883497
0.195,8,42.907175
-1.006,7,42.926325
-1.003,4,42.937467
-1.004,5,42.953077
-1.008,9,42.984028
-1.008,9,43.016832
-0.705,7,43.042891
-1.007,8,43.068209
1.295,7,43.090848
0.192,11,43.128739
1.593,9,43.153332
-1.004,5,43.174579
1.295,7,43.197018
1.593,9,43.224239
1.895,8,43.245955
-1.006,7,43.266883
1.894,9,43.291344
1.592,10,43.322422
0.993,8,43.348864
1.296,6,43.366302
-0.407,9,43.39284
0.192,11,43.431919
1.591,11,43.463778
1.296,6,43.479918
2.191,12,43.520743
1.59,12,43.55407
-1.004,5,43.573434
1.595,7,43.597857
1.296,6,43.65043
1.591,11,43.701945
-0.409,12,43.73839
2.493,11,43.775902
1.594,8,43.797431
1.29,12,43.835367
-1.008,9,43.866187
-1.007,8,43.896761
0.995,6,43.916526
-1.003,4,43.928921
-0.709,11,43.964186
0.997,4,43.980018
0.997,4,43.992312
-1.008,9,44.017533
-0.406,9,44.045381
0.996,5,44.063271
0.992,9,44.091291
1.594,8,44.114222
-0.407,9,44.142713
-0.109,12,44.184186
-0.708,10,44.218168
1.891,13,44.253628
-0.409,12,44.294406
-0.708,10,44.330362
1.592,10,44.361697
-0.405,8,44.38648
2.486,18,44.433847
0.495,9,44.461433
1.289,13,44.500868
0.191,13,44.534545
0.994,7,44.559561
-1.004,5,44.580376
-0.704,6,44.601984
0.194,10,44.633774
1.591,12,44.669395
2.192,11,44.707188
2.192,11,44.744461
1.295,7,44.761398
-0.412,14,44.802231
2.193,10,44.832824
-0.106,9,44.867648
1.594,9,44.898323
0.79,15,44.945723
-0.408,11,44.980206
0.188,16,45.026875
-1.003,4,45.036923
1.296,6,45.0541
-0.107,10,45.082507
-1.007,8,45.109122
-1.004,5,45.123256
2.19,13,45.16655
-0.405,8,45.195692
-0.406,9,45.220866
-0.405,8,45.242831
1.594,8,45.268037
-0.408,11,45.312782
0.194,11,45.349471
-0.709,11,45.383852
-0.404,7,45.410228
-0.112,15,45.459781
-1.01,11,45.495883
1.896,7,45.515821
-1.004,5,45.53402
2.192,11,45.570869
-0.107,10,45.607037
0.192,11,45.642272
-0.706,8,45.66856
1.295,7,45.687502
1.293,9,45.717704
1.294,8,45.745902
-0.112,15,45.792239
-0.409,11,45.829122
0.491,13,45.865016
-0.409,11,45.904535
-1.003,4,45.919024
2.49,14,45.966068
-0.405,8,45.996562
-0.407,10,46.031339
-1.006,7,46.052581
-0.408,10,46.081971
0.994,7,46.103247
0.194,10,46.131183
-0.108,12,46.172156
-0.105,8,46.198452
1.893,10,46.22695
-0.704,6,46.248228
2.195,9,46.27999
2.491,13,46.320012
-0.713,15,46.366525
1.597,6,46.3859
-0.705,7,46.409878
-0.408,11,46.448343
1.893,10,46.49184
1.595,7,46.545186
-1.006,7,46.567509
0.796,9,46.594051
1.292,10,46.629212
2.79,14,46.67367
0.194,10,46.704655
-0.406,9,46.735299
1.891,12,46.776446
-0.404,7,46.799055
-0.408,11,46.833276
-0.105,8,46.862267
-0.706,8,46.894355
-0.405,7,46.915818
1.297,5,46.930256
-0.11,13,46.97283
-0.105,9,47.001551
-1.007,8,47.032549
2.487,17,47.083153
-0.707,9,47.112031
0.996,5,47.129432
2.19,13,47.165171
-0.407,9,47.192054
0.193,10,47.23077
2.191,13,47.271443
-0.105,8,47.297818
-0.707,9,47.332139
-0.704,6,47.360285
-0.408,10,47.395131
-0.704,6,47.415951
0.997,4,47.429523
0.792,13,47.47985
1.587,16,47.530672
1.296,6,47.550881
-1.006,7,47.577494
-0.408,10,47.61645
-1.009,10,47.655927
-0.408,10,47.688387
0.791,15,47.731745
-0.41,12,47.76637
1.59,12,47.808093
-0.406,9,47.844637
1.294,8,47.889838
2.193,11,47.928684
1.297,5,47.944132
2.491,13,47.980454
1.591,11,48.02219
1.895,8,48.050947
1.593,9,48.07808
1.094,11,48.112218
1.591,11,48.144818
1.594,8,48.167446
-0.408,11,48.201065
-0.704,6,48.225044
0.49,14,48.266965
0.994,7,48.292938
2.792,13,48.334321
2.194,10,48.369135
-0.108,11,48.408792
3.092,14,48.449455
1.591,12,48.48465
-0.705,7,48.509464
0.191,12,48.544686
-1.007,8,48.576977
0.488,16,48.626003
-1.004,5,48.640793
-0.408,11,48.672944
1.592,11,48.714262
1.296,6,48.733892
2.194,10,48.759558
1.595,8,48.782286
-0.409,11,48.819341
-0.41,12,48.862707
2.191,12,48.904296
-1.005,6,48.921514
-0.107,10,48.954776
-1.004,5,48.966567
1.892,11,49.003147
-0.405,8,49.024359
-0.106,9,49.048163
-0.706,8,49.075758
-0.108,11,49.108693
2.191,13,49.144995
0.993,8,49.173327
1.896,7,49.193379
-0.108,11,49.227736
0.493,12,49.263716
-1.006,7,49.29224
2.195,8,49.318349
-0.405,8,49.342539
-0.105,8,49.365273
-0.107,11,49.406755
1.597,6,49.428047
2.494,10,49.465203
-0.405,7,49.486144
0.996,5,49.503762
-0.107,10,49.550887
0.995,6,49.599938
-0.706,8,49.629503
-0.108,11,49.667199
1.596,7,49.690198
-0.41,13,49.727675
1.695,14,49.769549
-0.407,10,49.805384
1.296,6,49.823828
-1.006,7,49.844274
1.294,8,49.865754
-0.41,13,49.906614
2.493,12,49.948633
1.895,8,49.977114
1.293,9,50.006465
-0.407,9,50.036377
1.291,11,50.068413
1.897,7,50.090026
0.188,17,50.143114
2.19,14,50.189043
-0.105,8,50.213745
0.994,7,50.233165
-0.409,11,50.26142
2.188,15,50.314174
-0.705,7,50.336488
0.996,5,50.355255
1.893,10,50.383466
-0.408,11,50.417511
1.292,10,50.449291
-0.104,8,50.474481
0.995,6,50.494463
1.594,8,50.521746
1.595,8,50.547154
-0.707,9,50.575129
1.592,10,50.609341
0.192,11,50.641875
1.296,6,50.659491
1.589,13,50.70067
1.595,8,50.725302
-1.004,5,50.743185
-0.408,10,50.77434
-0.704,6,50.792632
0.995,6,50.814208
0.991,10,50.851875
0.493,11,50.881334
-0.108,11,50.917122
-0.706,8,50.944154
-0.408,10,50.979585
-0.709,11,51.018772
1.592,11,51.052107
0.995,6,51.071537
2.789,16,51.120252
-0.71,12,51.157703
-0.407,9,51.186862
1.594,9,51.212924
0.193,10,51.242183
1.896,7,51.262477
2.19,14,51.30889
1.893,10,51.338708
-1.007,8,51.36619
1.889,14,51.403618
1.895,8,51.425621
-0.408,11,51.458625
1.593,10,51.491234
-0.106,10,51.51849
1.288,14,51.560179
-0.104,7,51.588775
1.595,7,51.60872
1.295,7,51.631044
-0.408,10,51.672067
-0.105,8,51.694566
-1.004,5,51.710316
1.591,12,51.755194
-1.008,9,51.787464
1.594,8,51.809729
1.895,8,51.893732
-0.405,8,51.919407
-0.703,5,51.935821
2.195,9,51.970618
0.189,15,52.016436
-0.105,9,52.048948
1.59,12,52.08274
-0.407,9,52.109956
-0.405,7,52.13431
0.995,6,52.150196
1.595,7,52.175073
1.593,10,52.208856
-0.705,7,52.233362
0.19,14,52.282055
1.294,8,52.307326
-0.107,10,52.338375
1.296,6,52.358915
1.295,7,52.379869
1.891,12,52.41465
1.292,10,52.4483
1.893,10,52.521377
0.486,18,52.580373
2.194,10,52.607174
-0.705,7,52.631323
0.49,14,52.674263
-1.003,4,52.684911
1.296,6,52.704223
1.888,15,52.758069
1.596,7,52.785394
1.596,6,52.798307
-1.004,5,52.814831
2.194,10,52.845092
-0.407,9,52.878503
-0.108,11,52.913677
-0.408,11,52.956519
1.595,7,52.974348
-0.41,12,53.010872
-0.105,9,53.036883
-0.106,9,53.065265
-0.708,10,53.103545
1.592,10,53.137057
-0.106,9,53.162807
1.891,13,53.202523
-0.409,12,53.241668
-0.41,13,53.285089
-0.105,8,53.311698
-0.706,8,53.339797
-0.705,7,53.356379
-0.706,8,53.384261
2.489,16,53.42835
-0.705,7,53.452702
-0.707,9,53.481295
1.592,10,53.509608
-0.705,7,53.533895
-0.706,8,53.563282
-1.003,4,53.574907
-1.003,4,53.589525
-0.108,11,53.620035
1.594,8,53.642199
0.794,11,53.682988
-0.711,13,53.720356
0.993,8,53.746516
-0.408,11,53.783475
-0.406,8,53.806574
2.192,11,53.845091
1.594,8,53.865446
1.589,14,53.906283
-0.708,10,53.944346
-0.109,13,53.986354
1.293,9,54.011767
-0.41,13,54.047616
1.594,9,54.072383
-0.406,9,54.098997
-0.706,8,54.128997
1.889,14,54.180112
-0.109,12,54.220462
0.493,11,54.255499
0.195,9,54.288875
-0.109,12,54.320782
1.592,10,54.351219
-0.407,10,54.384212
-0.705,7,54.402446
-0.407,10,54.434495
1.893,10,54.461817
-0.41,13,54.504835
0.994,7,54.52235
-1.006,7,54.543707
-0.407,9,54.573323
0.192,12,54.607683
1.893,10,54.638397
-0.705,7,54.661456
1.597,6,54.681157
1.594,9,54.711496
0.997,4,54.721174
-1.003,4,54.732015
0.993,8,54.752765
-1.005,6,54.775282
-1.005,6,54.792235
1.59,13,54.834047
-0.405,7,54.855509
-1.01,11,54.890976
0.991,10,54.921196
1.593,9,54.947735
1.895,8,54.970933
-1.006,7,54.993094
-0.404,7,55.01365
-0.106,10,55.04599
-0.407,9,55.109732
-0.41,13,55.144013
-1.005,6,55.161072
0.994,7,55.186962
2.486,19,55.244512
1.297,5,55.263488
1.593,10,55.293401
-1.006,7,55.318496
-0.405,7,55.342942
1.296,6,55.361113
-0.408,11,55.395859
1.296,6,55.41624
3.089,16,55.46661
-1.007,8,55.497109
1.593,10,55.535025
1.591,12,55.572307
1.593,10,55.603185
-0.406,9,55.636467
0.493,12,55.674349
1.896,7,55.695879
1.595,7,55.719537
-1.006,7,55.744297
1.296,6,55.759206
-0.111,14,55.850237
-0.707,9,55.87822
-0.109,12,55.915321
-0.705,7,55.938816
-0.107,10,55.97207
-0.406,9,56.003611
-0.409,12,56.046949
1.892,11,56.079832
-0.405,7,56.103399
-1.005,6,56.125874
1.594,8,56.152062
1.296,6,56.168766
1.594,8,56.195433
0.997,4,56.207372
-0.705,7,56.2294
1.895,8,56.249945
1.295,7,56.270806
-0.406,9,56.303935
0.997,4,56.319923
0.192,11,56.357883
-0.707,9,56.386868
-1.006,7,56.409569
-0.706,8,56.437548
-0.709,11,56.474857
0.193,11,56.506588
1.591,11,56.543611
-0.407,9,56.57526
-0.707,9,56.601976
1.593,10,56.636919
-0.705,7,56.657065
-0.107,11,56.693126
-0.406,8,56.720847
-0.406,8,56.748952
1.293,9,56.776416
-0.705,7,56.798456
-1.006,7,56.823907
-0.109,12,56.864575
1.589,14,56.9139
2.492,12,56.950499
-0.409,11,56.983646
-0.409,11,57.015635
2.192,11,57.053712
2.194,11,57.087447
-0.408,11,57.116411
-0.71,12,57.150098
1.592,10,57.183612
-0.111,14,57.226602
-0.107,10,57.256655
-0.704,6,57.274796
3.087,18,57.333384
-1.003,4,57.348948
3.389,16,57.395075
1.593,9,57.419376
0.993,8,57.440072
1.895,8,57.466818
-0.706,8,57.493635
-1.005,6,57.517664
-0.106,9,57.54824
1.89,14,57.591903
-1.006,7,57.610779
-0.113,17,57.653754
-0.407,9,57.683699
1.594,8,57.708822
1.896,7,57.731949
1.588,14,57.773813
-0.704,6,57.791729
2.193,11,57.822863
-0.104,8,57.849539
-0.707,9,57.883359
2.487,17,57.942625
-0.708,10,57.975163
-0.403,6,57.993386
2.193,11,58.028055
-0.407,9,58.053771
-0.407,9,58.08262
-0.409,12,58.118555
0.993,8,58.138813
0.193,11,58.174209
1.296,6,58.190817
-1.003,4,58.204517
2.191,13,58.245996
-0.104,7,58.271523
1.593,10,58.30155
0.795,10,58.334523
-1.008,9,58.365108
-0.706,8,58.3896
0.996,5,58.40766
-0.105,8,58.434528
-0.705,7,58.454853
-1.006,7,58.480642
-0.407,9,58.507334
-0.704,6,58.52387
-1.007,8,58.552982
0.996,5,58.567703
-0.706,8,58.591176
1.893,10,58.621873
-0.108,11,58.654596
0.792,13,58.69437
-0.706,8,58.721518
-0.108,11,58.749484
-1.006,7,58.77449
-1.006,7,58.835679
-0.107,11,58.894558
2.196,7,58.912138
-0.709,11,58.949384
1.09,16,58.99477
-0.108,11,59.033006
1.89,14,59.07464
1.295,7,59.092159
1.296,6,59.108221
0.79,15,59.15539
2.191,13,59.201202
-0.406,8,59.227103
-0.705,7,59.248599
0.197,7,59.2726
-0.407,9,59.29859
-1.003,4,59.313393
0.993,8,59.341934
0.19,13,59.379472
-0.708,10,59.408284
-0.706,8,59.438228
1.594,8,59.466304
-0.408,10,59.500177
-1.004,5,59.515512
1.892,11,59.5483
2.793,11,59.581843
-0.407,9,59.614182
-0.706,8,59.638019
0.194,10,59.66921
1.595,7,59.689334
-0.704,6,59.706716
-0.406,9,59.738814
1.897,6,59.75642
-0.705,7,59.781984
-0.706,8,59.805763
-0.407,10,59.835711
-1.006,7,59.855749
-0.705,7,59.881232
-1.011,12,59.924346
-1.007,8,59.953604
-0.109,12,59.991943
2.493,12,60.02599
1.892,11,60.062966
0.996,5,60.079588
-0.103,7,60.106048
1.297,5,60.121553
-0.705,7,60.14611
-0.709,11,60.179781
0.195,10,60.217226
1.596,6,60.2327
-0.704,6,60.249918
1.594,8,60.270291
-0.108,11,60.304037
-1.005,6,60.322179
1.594,9,60.348841
1.895,9,60.372376
2.194,10,60.402317
-0.706,8,60.430797
-1.009,10,60.467518
1.295,7,60.485977
1.59,13,60.52883
0.996,5,60.541491
1.293,9,60.569673
-0.709,11,60.607116
1.589,14,60.646493
1.291,11,60.682946
-0.105,8,60.710577
-1.007,8,60.736011
-0.706,8,60.763371
1.894,9,60.792925
-0.709,11,60.829621
-0.707,9,60.854824
-0.705,7,60.881628
-1.009,10,60.919772
2.49,14,60.966618
0.196,8,60.991271
-0.406,9,61.018546
-1.003,4,61.031762
3.694,12,61.073164
0.992,9,61.098645
0.493,12,61.139075
-0.409,11,61.167525
-0.707,9,61.192912
0.997,4,61.202554
-1.003,4,61.215836
1.591,11,61.248756
-0.407,10,61.278585
1.592,10,61.308521
0.196,8,61.33621
1.894,9,61.370064
1.594,8,61.395713
2.792,12,61.423698
-0.105,8,61.451039
-0.107,10,61.479068
-1.004,5,61.499563
-0.406,9,61.57215
-0.407,9,61.600965
1.592,11,61.634603
2.789,16,61.675977
-0.106,9,61.699269
1.297,5,61.712976
-0.705,7,61.736669
1.593,9,61.76901
-0.405,7,61.794012
-0.107,10,61.825686
-0.408,10,61.862405
-0.705,7,61.927685
-0.109,12,61.978964
-1.006,7,61.994598
-1.004,5,62.012058
-0.11,13,62.051422
2.49,14,62.095876
-0.11,13,62.131967
-0.708,10,62.162982
-0.709,11,62.199423
-1.007,8,62.223394
-1.005,6,62.241858
-1.008,9,62.274695
1.288,14,62.321648
1.896,7,62.345685
-1.006,7,62.370756
-0.705,7,62.393342
-1.005,6,62.417193
-0.407,9,62.447085
1.894,9,62.473483
1.294,8,62.499398
0.193,11,62.538194
1.594,8,62.56277
1.593,9,62.594116
1.891,12,62.624536
1.593,9,62.659081
-0.105,8,62.682304
2.194,9,62.704646
0.192,12,62.74026
0.192,11,62.780561
-0.407,10,62.811121
-0.407,9,62.839456
1.297,5,62.854179
-0.411,14,62.891171
0.194,10,62.925116
1.295,7,62.941219
-0.407,9,62.975006
-0.704,6,62.993675
-0.71,12,63.032094
-1.006,7,63.053396
1.593,9,63.076467
-1.003,4,63.089635
-0.407,9,63.117218
1.89,13,63.156445
1.588,15,63.201826
-0.705,7,63.227212
1.297,5,63.243391
1.895,8,63.266076
1.594,9,63.296798
1.297,5,63.315126
0.193,10,63.345604
-0.408,10,63.378724
-0.705,7,63.404826
0.99,11,63.43628
-0.108,11,63.469824
-1.007,8,63.492655
-1.004,5,63.509195
1.592,10,63.542862
-0.105,8,63.565096
-0.107,10,63.595643
-1.004,5,63.61232
1.59,12,63.655028
1.296,6,63.672654
0.993,8,63.691103
-0.409,11,63.715244
-0.706,8,63.744209
1.594,8,63.769313
0.496,8,63.795775
-0.705,7,63.819697
2.193,11,63.851739
1.287,15,63.896792
1.888,16,63.941723
1.294,8,63.965971
2.495,9,63.991741
0.492,12,64.022394
1.292,10,64.055769
1.595,8,64.07857
-0.407,9,64.110556
-1.012,13,64.143371
-0.105,8,64.165381
-0.405,7,64.189368
-1.009,10,64.221688
-0.407,9,64.247154
0.494,10,64.275162
-0.704,6,64.296611
-1.004,5,64.316092
1.597,6,64.335423
-0.707,9,64.365954
-0.71,12,64.406538
-1.003,4,64.418185
-0.105,8,64.442725
-1.006,7,64.466846
2.188,16,64.518721
1.593,10,64.548318
-0.406,9,64.570055
-0.407,10,64.604166
-0.406,9,64.63364
-0.405,7,64.658238
0.996,5,64.671692
-0.112,15,64.717035
0.192,12,64.759146
1.594,8,64.786728
1.296,6,64.805526
-0.403,6,64.881322
0.193,10,64.918001
1.592,10,64.950084
-0.404,7,64.970355
1.592,10,64.996108
-0.403,6,65.016275
0.793,12,65.055064
-0.707,9,65.086305
-0.104,8,65.11639
0.792,12,65.155062
0.993,8,65.176935
-1.007,8,65.199363
-0.704,6,65.215361
-0.707,9,65.242336
-0.705,7,65.263592
1.297,5,65.279853
-0.105,9,65.313895
-0.407,9,65.344721
1.896,8,65.374599
0.191,12,65.414606
-0.106,9,65.442792
-0.107,11,65.477029
1.893,10,65.510644
-0.707,9,65.542835
-0.108,11,65.58242
-0.106,9,65.612191
0.992,9,65.641601
-0.105,8,65.666118
1.891,12,65.703259
-0.408,11,65.734543
0.993,8,65.761469
3.391,15,65.809078
0.193,10,65.838804
1.594,8,65.856762
1.893,10,65.893965
-0.406,8,65.919615
1.889,14,65.959251
-1.007,8,65.985232
-0.706,8,66.013182
1.894,9,66.036322
-0.104,7,66.053674
-0.11,13,66.092136
-0.711,13,66.129678
-0.404,7,66.15191
0.491,14,66.191384
-0.409,11,66.226094
1.896,7,66.247094
-0.405,7,66.270267
-0.107,10,66.301852
0.19,14,66.339085
-0.11,13,66.379018
1.595,8,66.40573
-1.006,7,66.430279
-0.106,9,66.457174
-0.407,10,66.491867
2.194,10,66.522712
-0.107,11,66.557132
-1.006,7,66.583202
1.893,10,66.614781
-0.106,9,66.645787
-0.705,7,66.668386
-0.106,9,66.697633
1.894,9,66.727938
-0.106,9,66.753735
0.187,17,66.800427
-1.006,7,66.826307
0.997,4,66.840149
1.889,14,66.879563
-0.405,8,66.906771
-1.004,5,66.925566
-0.705,7,66.955807
0.195,9,66.985305
1.589,13,67.027553
0.796,9,67.058387
0.191,13,67.103402
-0.405,7,67.128261
-0.706,8,67.156423
-0.107,10,67.193566
1.592,11,67.229652
-1.005,6,67.249063
-0.704,6,67.271569
-0.106,9,67.299575
-0.707,9,67.32828
-0.707,9,67.357409
1.592,10,67.388675
-0.407,9,67.419576
1.896,7,67.449812
1.295,7,67.474125
-0.706,8,67.504355
1.293,9,67.535104
-0.711,13,67.580374
-1.007,8,67.605765
-0.107,10,67.641586
0.993,8,67.668607
-0.408,10,67.699018
1.595,7,67.777531
1.591,12,67.816531
1.589,14,67.866067
-1.005,6,67.890402
-0.704,6,67.90965
1.294,8,67.936505
-0.409,11,67.972932
-1.005,6,67.997057
-1.005,6,68.013037
2.493,13,68.049462
1.592,11,68.077512
-0.406,8,68.107366
0.193,10,68.140567
-0.112,15,68.181848
-0.709,11,68.217085
-0.109,12,68.258586
1.892,11,68.296543
-0.707,9,68.329382
0.19,13,68.36707
3.092,14,68.417287
-1.006,7,68.439813
1.593,9,68.470151
-1.005,6,68.490444
-0.406,8,68.516499
1.597,6,68.532194
-1.007,8,68.556687
1.89,14,68.595989
-0.107,10,68.632466
-1.005,6,68.653897
1.595,7,68.677634
-0.405,7,68.699169
1.291,11,68.73469
1.591,11,68.761027
1.893,10,68.794247
-0.408,10,68.828451
-0.109,12,68.864738
1.894,10,68.894799
-0.706,8,68.920426
1.892,11,68.953613
1.892,11,68.990121
-0.407,9,69.0179
1.896,8,69.03968
1.289,13,69.075944
-1.004,5,69.090903
1.597,6,69.10936
-0.406,9,69.139174
0.794,10,69.169496
0.193,10,69.209126
2.194,10,69.240515
-0.712,14,69.283154
2.197,7,69.305131
-0.707,9,69.330731
-0.708,10,69.358169
0.193,11,69.389759
-0.108,12,69.421293
1.889,14,69.468669
0.993,8,69.496767
-0.708,10,69.528567
-0.407,10,69.557961
-0.104,7,69.581171
0.188,16,69.627271
-0.408,10,69.659817
0.993,8,69.687718
-0.703,5,69.70245
-0.406,9,69.729126
1.592,10,69.761543
-1.003,4,69.775569
-0.71,12,69.814403
-0.107,10,69.843714
-1.005,6,69.865654
-0.105,8,69.893043
0.492,13,69.934917
-0.704,6,69.95258
1.594,9,69.983338
2.492,13,70.023381
-0.109,12,70.060812
1.591,12,70.096619
1.894,10,70.129832
-1.009,10,70.157688
1.892,12,70.198856
2.493,12,70.234336
-0.711,13,70.272178
-0.707,9,70.300729
1.595,8,70.322667
-0.108,12,70.354504
-0.405,8,70.382852
1.597,6,70.398582
0.494,11,70.43012
-0.406,9,70.461013
-1.006,7,70.487739
0.997,4,70.500151
-0.11,13,70.538599
-0.407,9,70.566829
1.892,11,70.596486
-0.106,9,70.62191
-0.406,8,70.65133
-0.706,8,70.675114
0.195,9,70.704118
0.49,14,70.739955
1.593,9,70.770312
1.588,14,70.809221
1.592,10,70.881802
1.594,8,70.906573
0.192,11,70.936352
-0.107,10,70.963442
0.794,11,70.995811
-0.109,12,71.041148
-0.406,9,71.072543
2.495,10,71.101187
1.596,6,71.117211
1.593,9,71.142201
1.292,10,71.173947
-0.107,11,71.210057
1.293,9,71.237288
0.194,10,71.273542
-1.004,5,71.293459
0.191,13,71.33257
-0.108,11,71.366569
1.593,9,71.391921
-1.005,6,71.414228
1.893,10,71.446024
0.193,11,71.47688
1.291,11,71.509303
-0.107,10,71.546314
-0.406,9,71.575918
0.19,14,71.608558
-0.708,10,71.639816
-0.412,14,71.678094
1.894,9,71.706605
0.192,12,71.748615
0.996,5,71.765988
-1.006,7,71.788162
1.593,9,71.815637
-0.107,10,71.846258
0.191,14,71.886889
0.79,15,72.030032
-0.404,7,72.061237
-0.404,7,72.090878
2.495,9,72.124403
1.297,5,72.143809
1.588,14,72.192013
2.188,15,72.236071
-0.408,10,72.264818
1.594,8,72.296961
1.894,10,72.338299
-0.707,9,72.371181
3.094,11,72.407494
0.994,7,72.435988
-0.707,9,72.475536
-0.105,8,72.508407
-0.41,13,72.559964
1.591,12,72.612402
1.295,7,72.643886
0.193,10,72.687891
-0.408,10,72.737844
0.992,9,72.817086
1.296,6,72.842196
1.595,7,72.867636
-1.007,8,72.894392
0.791,13,72.946524
-0.408,10,72.986922
-0.405,7,73.008029
-0.408,10,73.039177
1.592,10,73.075829
-0.414,17,73.127003
1.595,7,73.148476
1.892,11,73.176606
-1.007,8,73.205654
-1.007,8,73.231801
-1.005,6,73.25487
-0.707,9,73.286615
-0.406,9,73.312228
-0.704,6,73.330109
-0.704,6,73.346595
-0.108,11,73.381548
-0.412,15,73.427446
2.495,9,73.455307
-0.107,11,73.48901
0.495,9,73.520473
2.195,8,73.546778
1.295,7,73.561792
0.194,11,73.590711
-0.704,6,73.610234
-1.007,8,73.64407
2.193,11,73.682022
1.893,11,73.716059
0.191,12,73.755696
2.192,11,73.788995
2.189,15,73.833038
1.296,6,73.852955
-1.008,9,73.883615
0.487,17,73.929717
2.491,13,73.976754
1.292,10,74.009748
2.19,14,74.048416
-1.003,4,74.063303
1.297,5,74.079525
1.594,8,74.098522
1.592,10,74.125118
0.994,7,74.151676
-0.406,9,74.182194
0.188,15,74.226509
-0.113,16,74.274581
-0.71,12,74.317734
-0.403,6,74.334118
0.191,14,74.376671
1.593,10,74.40825
1.589,14,74.452024
-0.707,9,74.480299
-0.704,6,74.503523
0.994,7,74.524013
1.594,8,74.552097
0.49,15,74.601171
1.596,6,74.621454
-0.412,14,74.669058
-0.407,9,74.696952
2.193,10,74.722906
0.996,5,74.737774
1.294,8,74.763126
-1.004,5,74.776395
1.293,9,74.800819
1.591,11,74.832034
1.894,9,74.862558
-0.706,8,74.889228
1.295,7,74.905481
0.492,12,74.936963
2.191,13,74.982356
1.295,7,75.004751
-0.105,8,75.029269
0.192,12,75.059996
-0.107,10,75.093305
-0.705,7,75.119325
-0.407,9,75.143851
-0.409,11,75.177443
1.595,8,75.205977
-1.005,6,75.22419
1.896,7,75.248343
2.19,14,75.286585
-0.405,7,75.309064
-1.01,11,75.353555
0.493,11,75.392202
1.596,6,75.410971
1.288,14,75.450828
-1.006,7,75.473938
0.788,17,75.516487
0.194,9,75.546618
0.193,10,75.582839
2.194,10,75.619792
1.294,8,75.647775
1.896,7,75.671122
-0.407,9,75.696979
-1.008,9,75.723438
-0.702,4,75.735082
-1.004,5,75.751511
0.191,14,75.79353
-0.41,12,75.836467
0.194,10,75.86706
1.893,10,75.900365
0.996,5,75.912834
1.596,6,75.93595
-0.114,17,75.987446
1.594,9,76.014567
-1.003,4,76.025301
-0.104,7,76.046925
1.593,9,76.12058
1.593,10,76.155385
-1.006,7,76.173363
2.194,10,76.212127
1.092,13,76.250858
-0.106,9,76.281143
1.593,9,76.305938
1.596,6,76.324717
1.591,11,76.360485
2.49,14,76.398415
-0.104,7,76.418134
2.492,12,76.454874
2.19,14,76.493422
-0.405,7,76.513807
1.893,10,76.547358
-0.41,12,76.585449
1.593,10,76.613648
1.889,14,76.653791
-0.111,14,76.694619
-0.411,14,76.737589
1.893,10,76.76639
0.993,8,76.792224
0.194,9,76.821374
-1.01,11,76.85543
-1.004,5,76.874877
1.894,9,76.900733
0.996,5,76.915657
-1.003,4,76.933784
1.594,8,76.965565
-0.404,7,77.005053
0.996,5,77.024174
2.49,14,77.08693
1.597,5,77.110945
0.493,11,77.172507
1.595,8,77.206246
1.593,9,77.244874
-0.105,8,77.27474
-0.407,9,77.309479
2.495,10,77.348159
0.491,14,77.407344
-0.71,12,77.45283
-0.106,10,77.500663
0.994,7,77.530891
0.194,10,77.584624
-1.006,7,77.61505
1.295,7,77.642208
-0.708,10,77.682676
1.594,8,77.716561
-1.006,7,77.749835
-0.708,10,77.794669
3.091,14,77.846881
0.192,12,77.905566
-0.406,9,77.942213
1.594,8,77.973406
-1.008,9,78.014826
-0.706,8,78.056154
0.196,8,78.088338
-1.009,10,78.132324
1.592,10,78.177639
1.894,9,78.226382
-0.707,9,78.267656
-0.108,11,78.307126
-0.108,11,78.342187
1.592,10,78.385177
1.595,8,78.419405
1.892,11,78.460626
1.892,11,78.505977
-1.006,7,78.534511
1.594,8,78.563079
-0.707,9,78.595004
-0.704,6,78.62254
1.587,15,78.689107
1.596,6,78.709115
1.59,12,78.753812
1.296,6,78.772651
1.593,9,78.806441
-0.404,7,78.835186
1.294,8,78.869243
-0.406,8,78.903614
1.896,7,78.934564
-0.107,10,78.968794
1.894,9,79.024385
1.895,8,79.060369
1.89,13,79.118473
-0.41,13,79.155282
-0.708,10,79.195959
-0.406,9,79.246294
-1.004,5,79.270151
-0.707,9,79.312451
1.891,12,79.409873
2.19,13,79.448497
1.893,11,79.492622
-1.003,4,79.513647
1.595,7,79.542638
0.192,11,79.586722
0.489,15,79.650954
-0.41,12,79.689847
-1.004,5,79.705727
-0.108,11,79.746548
-0.707,9,79.784067
0.993,8,79.814311
-0.707,9,79.850873
-0.107,11,79.916497
0.187,16,79.996431
-0.407,9,80.032307
1.594,8,80.053614
-0.109,13,80.100285
-1.006,7,80.129112
-0.707,9,80.165462
2.791,15,80.218439
2.192,12,80.257936
1.596,7,80.285471
-0.105,8,80.313116
-0.706,8,80.343299
-0.407,9,80.373451
-0.108,11,80.422931
-0.706,8,80.451882
0.993,8,80.478579
-0.407,9,80.510282
1.594,8,80.549562
-0.406,9,80.601948
-0.106,10,80.636853
-0.705,7,80.663931
-0.106,9,80.729623
-0.411,14,80.803068
-1.003,4,80.815857
2.194,10,80.851101
1.593,10,80.891345
1.593,9,80.917172
0.792,12,80.9589
-0.405,8,80.991306
-0.406,8,81.018819
1.591,11,81.092648
0.489,15,81.151863
0.192,11,81.199207
-0.403,6,81.223559
-0.405,8,81.253269
-0.708,10,81.292708
0.994,7,81.317625
2.193,10,81.361572
1.895,8,81.392626
-0.711,13,81.451968
-0.405,7,81.482628
1.597,6,81.513259
1.593,9,81.550316
1.591,12,81.602439
1.895,8,81.636141
0.996,5,81.662279
1.889,14,81.730304
1.592,11,81.768436
-0.408,11,81.814907
-0.706,8,81.871904
0.99,11,81.923137
-0.404,7,81.949004
1.589,13,81.996951
0.991,10,82.038259
1.294,8,82.066309
-1.003,4,82.083399
-0.109,12,82.121055
1.895,9,82.157526
-1.005,6,82.179697
-1.005,6,82.213191
-0.408,10,82.253755
-1.006,7,82.285889
-0.109,13,82.329081
-0.111,14,82.372582
1.289,13,82.415655
-0.407,9,82.445243
1.891,12,82.487118
2.194,9,82.519042
-0.104,7,82.54127
-1.009,10,82.584408
-0.71,12,82.627173
1.594,8,82.677528
0.996,5,82.722126
-0.408,10,82.798769
-0.707,9,82.828881
-0.406,8,82.85413
1.297,5,82.868704
1.89,13,82.915045
-0.709,11,82.953655
-0.405,8,82.980983
-0.708,10,83.019934
-0.705,7,83.046811
-0.408,10,83.114445
1.59,13,83.210806
1.295,7,83.255888
-0.409,12,83.357567
0.493,11,83.40359
2.193,10,83.436134
0.19,14,83.483812
1.593,9,83.512788
-1.004,5,83.530749
1.896,7,83.55429
2.191,13,83.62988
1.594,8,83.695146
-0.108,11,83.73384
1.294,8,83.757408
-0.106,9,83.790139
-0.707,9,83.831885
1.288,14,83.885811
1.296,6,83.904393
-0.409,11,83.953693
1.295,7,84.02075
1.597,6,84.03798
-0.704,6,84.060321
-0.408,10,84.092923
0.495,10,84.131698
2.193,10,84.165391
0.192,11,84.202246
0.495,9,84.236942
-0.406,8,84.278066
0.495,10,84.324068
-0.404,7,84.351937
0.996,5,84.374443
1.594,9,84.42081
-0.407,9,84.463086
1.592,10,84.500939
-0.408,10,84.535076
-0.406,9,84.571863
-0.107,10,84.607722
-0.407,9,84.662323
-0.107,11,84.709225
-0.707,9,84.742602
0.996,5,84.763448
-0.708,10,84.795564
0.496,8,84.823426
1.895,8,84.852046
-0.705,7,84.881393
-0.711,13,84.922001
-0.704,6,84.956781
-0.406,9,84.993037
1.596,7,85.015807
2.789,16,85.0709
-1.006,7,85.092393
-0.413,16,85.158329
2.193,11,85.189928
2.193,11,85.227424
3.095,10,85.262093
1.893,10,85.301877
-1.006,7,85.360345
-0.406,8,85.423725
1.593,9,85.485191
-0.41,13,85.530857
-0.709,11,85.575115
-0.412,15,85.630116
0.993,8,85.655764
-1.004,5,85.678365
-0.409,12,85.722738
-0.11,13,85.766595
1.292,10,85.801482
1.297,5,85.816734
1.891,12,85.864625
1.595,7,85.914206
2.494,10,85.95856
-1.004,5,85.97743
-0.408,11,86.012727
0.493,11,86.051933
-0.405,8,86.080464
1.294,8,86.111093
-0.704,6,86.131127
0.492,12,86.17018
-0.106,9,86.237967
-1.009,10,86.282101
1.29,12,86.348032
-0.104,7,86.371309
0.189,14,86.416925
-0.111,14,86.461899
1.591,11,86.496538
-1.004,5,86.51481
-0.408,10,86.546235
-0.707,9,86.580278
-1.003,4,86.593983
1.296,6,86.612885
1.894,10,86.647637
-0.107,10,86.683238
1.891,12,86.72218
-0.704,6,86.744053
-1.003,4,86.758876
-0.705,7,86.786707
1.895,8,86.832138
1.593,10,86.890372
-1.004,5,86.910177
1.294,8,86.942064
0.995,6,86.976782
1.595,7,87.027899
0.995,6,87.063406
1.587,16,87.116647
-0.705,7,87.141552
0.997,4,87.152499
0.194,9,87.182027
-0.407,9,87.216559
2.493,11,87.253506
0.193,10,87.288427
-0.704,6,87.31146
-0.406,8,87.370029
-0.408,10,87.411578
1.597,5,87.428662
0.492,12,87.466732
-0.711,13,87.515511
-0.708,10,87.548552
1.591,12,87.586437
-0.407,9,87.619807
0.194,10,87.656154
1.291,11,87.693877
2.491,13,87.736586
1.296,6,87.758223
2.49,14,87.807148
0.995,6,87.827919
0.192,11,87.863808
1.596,7,87.887476
1.594,8,87.918597
1.295,7,87.944376
0.995,6,87.967123
1.296,6,87.992291
1.59,13,88.043994
1.296,6,88.063046
-0.41,12,88.107603
-0.708,10,88.140939
-0.406,8,88.172611
-1.01,11,88.210664
-0.704,6,88.23056
0.995,6,88.266025
-1.007,8,88.305258
0.495,9,88.336357
-0.407,9,88.367801
-0.406,8,88.396907
1.893,11,88.442013
1.896,7,88.465892
-1.005,6,88.48709
-0.704,6,88.50947
0.996,5,88.528474
1.895,8,88.556959
1.592,10,88.589696
-0.109,12,88.629492
-0.406,8,88.661907
0.997,4,88.673743
1.297,5,88.687618
1.893,11,88.724539
1.297,5,88.743834
0.997,4,88.757961
-0.41,12,88.794639
2.192,12,88.832944
0.192,12,88.878057
0.989,12,88.917307
0.791,14,88.96501
-0.404,7,88.990882
-0.11,13,89.037271
1.594,8,89.068125
-0.405,7,89.097586
-0.108,11,89.136222
1.594,9,89.172362
-0.409,12,89.242909
0.194,9,89.27295
2.191,13,89.358146
2.192,12,89.406346
1.391,15,89.454635
-0.71,12,89.497635
1.596,6,89.528258
-0.406,8,89.558609
-0.408,11,89.593754
-0.706,8,89.622514
-1.006,7,89.645015
0.993,8,89.688091
1.293,9,89.750691
0.192,11,89.789953
1.289,13,89.836116
2.194,10,89.879759
3.092,13,89.92231
-0.106,9,89.95553
2.193,11,89.996653
2.19,13,90.046647
2.192,12,90.091969
1.894,9,90.121855
-1.009,10,90.153449
0.995,6,90.176352
1.293,9,90.212755
1.594,8,90.238523
0.993,8,90.265504
0.498,7,90.295162
1.894,9,90.323759
-0.41,12,90.366898
2.487,17,90.417854
-0.407,10,90.457608
1.093,13,90.504412
-0.108,11,90.549515
-1.008,9,90.58406
-0.105,8,90.615711
-1.01,11,90.686347
-0.405,8,90.730216
0.192,12,90.775194
0.994,7,90.802562
-0.407,9,90.82975
-0.406,9,90.863707
0.493,11,90.903103
1.593,10,90.939304
0.185,19,90.997375
1.591,11,91.038488
1.892,12,91.077101
2.491,13,91.122466
-0.705,7,91.144636
1.891,13,91.187497
1.895,8,91.2149
0.996,5,91.233692
-0.705,7,91.2598
1.596,6,91.280622
-0.409,11,91.32367
0.491,14,91.379382
0.193,10,91.414791
-1.006,7,91.44521
-0.706,8,91.506267
-0.409,11,91.586319
-0.108,12,91.667106
1.295,7,91.716281
-1.006,7,91.742327
1.296,6,91.766906
0.993,8,91.808687
0.193,10,91.879415
1.29,12,91.985449
-1.01,11,92.03451
1.893,10,92.069428
1.895,9,92.100979
-0.409,11,92.143086
0.993,8,92.17397
1.59,12,92.229188
-1.003,4,92.246409
1.89,13,92.301634
1.293,9,92.333409
0.194,9,92.365487
-0.41,12,92.407275
-0.705,7,92.431463
1.297,5,92.453375
-1.005,6,92.476225
-0.109,12,92.518695
0.996,5,92.533578
0.994,7,92.560239
1.292,10,92.592408
0.495,9,92.668053
0.195,9,92.705579
1.291,11,92.747677
-0.107,10,92.781533
-0.706,8,92.810116
0.491,13,92.857626
1.595,7,92.887614
-0.104,7,92.912102
-0.706,8,92.963996
0.493,11,93.005386
-1.005,6,93.02766
-0.107,10,93.060186
-0.408,11,93.099514
-0.407,9,93.132727
-0.405,7,93.163855
0.791,13,93.214887
-1.006,7,93.241426
-0.404,6,93.263015
1.893,10,93.297766
0.489,15,93.379168
-0.707,9,93.411874
1.295,7,93.449245
-0.704,6,93.479339
0.195,9,93.511877
2.195,9,93.558934
-0.107,10,93.63043
-0.405,8,93.665465
1.895,9,93.696654
-0.11,13,93.739576
-0.407,9,93.771105
1.594,8,93.800062
-0.406,8,93.82632
1.595,7,93.849566
-1.006,7,93.875287
1.894,9,93.903096
-0.108,11,93.942307
1.293,9,93.973735
1.893,10,94.007918
-0.105,8,94.037673
1.294,8,94.065119
0.491,13,94.13039
1.895,8,94.181481
-1.006,7,94.239556
-0.408,11,94.283499
-0.405,7,94.308772
1.296,6,94.344397
1.293,9,94.38583
-0.404,7,94.409349
2.195,10,94.441647
-0.705,7,94.467665
-0.707,9,94.502401
-0.706,8,94.534103
1.292,10,94.568868
-0.708,10,94.599987
2.491,14,94.651296
1.595,8,94.677938
-0.409,11,94.71402
2.795,10,94.747688
-0.408,10,94.782785
2.194,10,94.817399
0.989,12,94.857019
-1.005,6,94.87693
-0.406,8,94.908641
2.194,9,94.943496
0.996,5,94.959222
-1.007,8,94.987416
-0.104,7,95.017205
-0.106,9,95.052387
1.595,8,95.077932
1.596,6,95.096998
-0.411,13,95.148593
1.293,9,95.177679
2.49,14,95.240446
2.191,12,95.283108
-1.009,10,95.320863
0.192,11,95.358281
-1.006,7,95.384455
-0.705,7,95.414589
2.795,10,95.456538
-0.41,12,95.501213
-1.006,7,95.524802
-0.113,17,95.578931
-0.705,7,95.608423
-0.707,9,95.643102
1.895,8,95.682898
1.592,10,95.713968
-1.007,8,95.769788
-0.712,14,95.839173
1.595,8,95.868218
1.595,7,95.890457
1.293,9,95.926607
1.595,7,95.947908
0.997,4,95.960099
-0.109,12,96.003847
1.89,13,96.052485
-0.407,10,96.114222
1.293,9,96.207032
0.193,11,96.252168
-0.406,9,96.299147
2.197,7,96.331074
1.589,13,96.370574
1.294,8,96.398853
-0.107,10,96.442236
1.592,11,96.480376
-0.105,9,96.513575
0.791,14,96.570228
-1.004,5,96.591079
1.893,10,96.620017
1.59,13,96.662893
1.296,6,96.684297
0.995,6,96.707146
1.295,7,96.730303
-1.006,7,96.754587
-0.405,7,96.783811
1.594,9,96.817607
-0.105,9,96.848613
1.291,11,96.886176
1.895,9,96.915737
-0.705,7,96.944204
1.893,10,96.977776
2.789,15,97.029016
-0.109,12,97.07076
-0.409,11,97.113162
-0.409,11,97.153105
0.992,9,97.183685
-0.406,9,97.213309
-0.107,10,97.256091
-0.404,7,97.281019
-0.405,8,97.31106
1.894,9,97.346842
-0.108,11,97.387906
-0.705,7,97.412513
1.596,7,97.435742
-0.408,11,97.473494
2.195,9,97.507832
-0.109,13,97.549687
-0.407,9,97.580562
2.193,11,97.619
-0.708,10,97.657838
-0.41,12,97.698941
0.995,6,97.716656
-0.407,9,97.744561
-0.707,9,97.783242
-1.008,9,97.81647
-0.407,10,97.851454
-0.409,11,97.894294
0.995,6,97.91964
-0.408,10,97.952145
-1.008,9,97.984192
1.293,9,98.016957
-0.406,8,98.047578
0.996,5,98.063858
-0.406,8,98.091166
-1.006,7,98.146658
1.293,9,98.220598
0.494,10,98.298552
-0.405,8,98.351313
0.996,5,98.374762
1.897,6,98.397521
-0.405,7,98.428113
0.192,12,98.469429
1.596,6,98.487778
1.093,12,98.538217
1.297,5,98.555367
-0.711,13,98.598421
1.295,7,98.620013
1.595,8,98.652824
0.993,8,98.679649
-1.007,8,98.707117
-0.709,11,98.741615
1.596,7,98.769568
1.895,8,98.79547
-0.707,9,98.829671
1.297,5,98.849656
-0.407,9,98.884528
1.088,17,98.935399
0.492,12,98.974298
-0.111,14,99.035884
-0.408,10,99.07683
-0.707,9,99.106727
0.793,12,99.150016
0.494,11,99.189462
1.291,11,99.230401
-0.106,9,99.258683
-0.108,11,99.300936
1.29,12,99.341323
-0.409,11,99.397836
1.893,10,99.429119
-0.704,6,99.450785
-1.009,10,99.485537
-1.009,10,99.525163
-0.709,11,99.586054
-0.109,12,99.699911
-0.703,5,99.758724
-0.405,8,99.824575
1.893,11,99.862458
-0.108,11,99.902902
0.191,13,99.949565
-0.409,11,100.00004
3.392,14,100.054744
1.592,10,100.093451
0.49,14,100.137055
-0.705,7,100.162951
0.996,5,100.179548
0.996,5,100.194906
1.296,6,100.213631
0.192,12,100.253188
-0.107,10,100.2928
-0.406,8,100.323367
-1.007,8,100.35059
-0.707,9,100.389882
0.195,9,100.422596
-0.111,15,100.471939
1.595,8,100.499117
0.194,10,100.542162
1.893,11,100.578781
0.491,13,100.625807
-0.105,8,100.653823
-1.003,4,100.669877
1.595,8,100.69845
-0.107,10,100.731797
1.591,11,100.767107
-0.109,12,100.811613
-1.006,7,100.836448
-0.11,13,100.882983
-0.411,13,100.92924
-1.005,6,100.95564
1.893,10,101.033448
-0.106,9,101.06749
2.792,14,101.194835
0.49,14,101.310687
1.896,7,101.343855
2.194,10,101.380942
-0.705,7,101.422033
0.993,8,101.463424
-0.411,13,101.509734
-0.406,8,101.537597
-0.705,7,101.559069
-0.407,9,101.595782
0.996,5,101.612067
1.895,9,101.642217
0.491,14,101.689147
-1.006,7,101.716118
-0.407,10,101.803025
1.593,9,101.838463
-0.409,12,101.880797
-0.109,13,101.93983
0.19,14,102.024832
0.996,5,102.052053
1.592,11,102.098361
1.889,14,102.149436
-0.107,10,102.184148
1.596,6,102.203835
-0.41,13,102.253549
-0.709,11,102.328467
-0.707,9,102.358506
1.891,12,102.396239
-1.007,8,102.42606
-1.007,8,102.460824
0.19,14,102.504915
-0.41,12,102.541648
1.592,10,102.577953
-0.109,12,102.622074
1.296,6,102.647873
-0.708,10,102.746331
0.494,11,102.801178
2.187,16,102.854856
-1.004,5,102.87823
-0.707,9,102.912422
1.891,12,102.952278
-0.407,10,102.987343
-0.404,7,103.012252
-0.708,10,103.049865
2.193,11,103.093381
-0.706,8,103.159283
1.596,7,103.218257
1.89,13,103.264211
1.294,8,103.327665
2.191,13,103.379236
-0.11,13,103.415368
1.593,9,103.446594
2.195,9,103.476183
-0.108,12,103.527817
-0.708,10,103.566872
1.292,10,103.599598
1.893,10,103.634643
1.596,7,103.670575
1.296,6,103.687524
-0.107,10,103.721401
2.193,11,103.759005
0.191,12,103.803295
-0.408,11,103.842578
-1.004,5,103.859683
-0.41,12,103.899274
0.19,14,103.968311
0.196,8,104.001989
1.595,7,104.028295
1.294,8,104.059059
-0.405,8,104.092357
1.297,5,104.111187
-0.409,11,104.159861
0.995,6,104.1804
-1.005,6,104.218814
1.294,8,104.246121
1.594,8,104.282196
1.293,9,104.326264
-0.409,12,104.381948
1.295,7,104.412956
-0.406,8,104.445181
-0.107,11,104.491301
-0.708,10,104.546602
1.297,5,104.56657
2.191,12,104.609227
1.595,8,104.643349
1.296,6,104.676365
0.193,10,104.715518
-1.004,5,104.734124
0.19,14,104.819184
1.595,7,104.8458
-0.706,8,104.873451
-0.108,11,104.90902
-1.004,5,104.92679
0.193,12,104.973944
1.291,11,105.013001
0.195,8,105.058042
0.195,9,105.098684
-0.108,11,105.135546
1.89,13,105.18473
-0.708,10,105.216952
1.595,7,105.243617
1.895,8,105.274338
-0.404,6,105.293582
1.89,13,105.340084
2.193,11,105.377343
1.596,6,105.403331
-0.705,7,105.434965
2.193,10,105.475187
-0.407,10,105.51669
-0.408,10,105.584974
1.593,9,105.645238
-0.711,13,105.707823
-0.406,8,105.743568
-1.006,7,105.809466
1.594,9,105.874736
-1.004,5,105.894107
1.289,13,105.934269
2.795,10,105.976036
1.892,11,106.015692
1.595,7,106.04126
1.293,9,106.071651
1.592,10,106.149341
2.194,9,106.188257
1.888,15,106.26787
1.895,8,106.333656
0.993,8,106.369237
0.992,9,106.398785
1.594,8,106.42443
-0.406,9,106.456585
1.591,12,106.504419
1.594,8,106.53442
1.595,8,106.565114
-0.407,10,106.637436
-1.006,7,106.673182
-0.108,11,106.746676
0.194,10,106.782998
2.193,10,106.822614
1.592,10,106.862088
0.193,10,106.893838
0.486,19,106.951144
0.995,6,106.97388
2.194,9,107.008196
-0.409,11,107.056441
0.192,12,107.100098
1.589,13,107.144969
2.195,9,107.176685
-1.007,8,107.204727
2.19,14,107.255916
-0.406,8,107.288524
0.793,12,107.348419
-0.108,11,107.440881
1.291,11,107.492932
0.996,5,107.510727
1.297,5,107.539209
-0.406,8,107.570659
1.292,10,107.608209
-0.106,10,107.644407
-0.707,9,107.680897
-0.705,7,107.707626
0.495,10,107.743358
0.191,13,107.786474
1.29,12,107.829917
-0.406,8,107.864516
-0.406,8,107.917377
1.597,5,107.947527
-1.003,4,107.968033
-0.408,10,108.000966
1.297,5,108.019314
1.593,10,108.055417
0.191,13,108.100539
2.194,10,108.158216
-0.404,7,108.194455
2.493,11,108.243336
-0.411,13,108.29196
-0.705,7,108.319906
1.89,13,108.365616
1.891,13,108.416816
1.294,8,108.471148
-0.704,6,108.49825
-0.407,10,108.529826
-0.407,10,108.566628
1.297,5,108.58796
1.295,7,108.611686
-0.711,13,108.658007
2.493,11,108.700677
1.591,12,108.741903
1.296,6,108.765511
-0.709,11,108.805338
1.292,10,108.842679
-0.404,7,108.869986
1.59,12,108.912492
0.192,11,108.946295
-1.006,7,108.970052
-0.11,13,109.041173
1.294,8,109.068311
-0.705,7,109.094543
0.192,12,109.140616
-0.104,7,109.195075
0.193,11,109.237227
0.489,15,109.284602
0.19,13,109.328926
-0.707,9,109.366403
1.596,6,109.381642
-0.408,10,109.416449
1.595,8,109.445008
-0.708,10,109.512477
-0.108,11,109.570689
-0.708,10,109.60593
1.292,10,109.638555
0.191,13,109.684767
1.596,6,109.705015
2.192,12,109.746779
-0.406,9,109.777175
-0.707,9,109.811174
-0.405,8,109.83939
1.593,9,109.870522
0.491,13,109.910278
-0.709,11,109.955694
-0.105,8,109.984575
-0.704,6,110.00525
1.591,11,110.037846
1.297,5,110.056418
0.191,12,110.09729
1.593,9,110.12687
-1.003,4,110.140744
1.893,10,110.176185
2.189,15,110.273433
-1.004,5,110.286094
-1.007,8,110.31467
-0.405,8,110.349523
-0.707,9,110.38219
-0.41,12,110.425021
-0.711,13,110.476134
0.493,12,110.522244
3.094,12,110.567005
-0.704,6,110.609174
-0.412,14,110.661534
0.494,10,110.703373
1.296,6,110.722474
1.896,7,110.745549
1.892,11,110.782755
-0.41,12,110.830589
-0.108,11,110.869505
1.895,9,110.900149
1.293,9,110.929679
1.295,7,110.961503
0.792,13,111.008283
-0.708,10,111.049439
-1.004,5,111.061596
-1.008,9,111.097104
0.193,11,111.13006
1.595,7,111.153702
0.19,13,111.196267
-0.113,16,111.245664
1.293,9,111.273303
1.296,6,111.293646
-1.013,14,111.340462
1.894,9,111.375523
-0.707,9,111.408648
-0.406,8,111.437088
0.193,11,111.476132
-0.113,16,111.531861
0.192,13,111.5803
0.19,14,111.627291
0.993,8,111.653738
-0.708,10,111.692955
-0.106,10,111.725175
2.494,10,111.764438
-1.008,9,111.800663
1.593,10,111.832023
-0.108,11,111.86952
-0.41,13,111.912996
-0.704,6,111.939291
-1.005,6,111.964751
2.491,13,112.014145
-0.41,12,112.055905
0.191,13,112.095697
-0.409,11,112.14347
-0.707,9,112.17534
2.194,9,112.201402
-0.106,9,112.231277
1.592,10,112.268327
0.496,8,112.295436
-0.706,8,112.366
-0.41,12,112.422803
2.492,12,112.469793
0.191,13,112.511955
-0.709,11,112.589621
-0.408,11,112.628022
-0.404,7,112.651816
-1.007,8,112.679744
-1.007,8,112.709828
-0.409,12,112.795646
1.09,15,112.905495
-0.705,7,112.932673
-0.707,9,112.963171
-0.406,9,112.994635
2.192,12,113.037264
1.892,12,113.078052
-0.404,7,113.106462
0.494,10,113.14164
-1.003,4,113.1566
1.892,11,113.193278
0.996,5,113.211766
1.295,7,113.240863
-0.408,10,113.273727
1.295,7,113.297576
-0.408,10,113.334973
2.493,11,113.372255
1.593,9,113.421213
0.494,10,113.468153
2.195,8,113.504387
1.294,8,113.531604
-0.108,11,113.570902
2.492,12,113.610068
-1.005,6,113.671121
0.789,16,113.723737
2.794,12,113.804391
-0.709,11,113.851058
1.591,12,113.890898
0.996,5,113.906057
1.296,6,113.929717
1.591,11,113.97103
-0.407,10,114.042641
1.295,7,114.069185
1.595,7,114.111638
-1.004,5,114.136746
0.19,13,114.218066
1.29,12,114.257206
-0.105,8,114.286994
-0.708,10,114.321481
1.295,7,114.34707
0.492,12,114.39062
1.593,9,114.422035
1.593,10,114.45694
-0.704,6,114.476512
1.591,11,114.516921
-0.411,13,114.563737
-0.406,8,114.586187
-0.407,9,114.620029
0.193,11,114.65943
-1.004,5,114.680636
1.297,5,114.697573
-0.407,10,114.759249
1.389,17,114.821148
-1.005,6,114.846913
-0.107,10,114.881378
-0.708,10,114.918151
-1.006,7,114.943663
0.493,11,114.986307
0.796,9,115.019388
-0.706,8,115.04875
1.591,12,115.089448
1.592,10,115.155054
-0.409,11,115.221219
-0.407,9,115.249507
1.296,6,115.270786
1.295,7,115.295634
-1.004,5,115.31537
-0.704,6,115.336224
-0.106,10,115.372527
1.592,10,115.405551
-0.108,11,115.445503
-0.711,13,115.489911
0.994,7,115.51727
-0.705,7,115.546011
1.895,8,115.576116
2.193,11,115.608884
-0.709,11,115.649482
-0.706,8,115.686905
-1.005,6,115.710652
0.193,11,115.746834
0.494,10,115.783806
-1.005,6,115.807734
-0.705,7,115.835019
0.193,11,115.872228
1.595,7,115.896337
1.591,11,115.938094
1.296,6,115.958631
-1.008,9,115.990533
1.295,7,116.011638
-0.11,13,116.059749
-0.707,9,116.099277
0.191,13,116.142984
1.294,8,116.170086
-0.709,11,116.217872
1.297,5,116.243555
-0.405,7,116.265395
1.592,10,116.301303
-0.108,11,116.346761
-0.407,9,116.376659
1.59,13,116.419504
0.997,4,116.432469
0.996,5,116.450959
0.995,6,116.470142
1.596,6,116.485727
1.297,5,116.502299
1.29,12,116.544008
1.59,13,116.589334
1.294,8,116.616576
-0.704,6,116.636484
-0.408,10,116.67874
1.594,8,116.704839
-0.708,10,116.739892
-0.406,9,116.774222
1.892,11,116.808557
-0.709,11,116.853406
1.593,10,116.962928
-0.705,7,116.991004
1.894,10,117.029314
0.492,12,117.074038
-0.107,10,117.112434
-1.004,5,117.136024
-1.005,6,117.177761
0.195,8,117.220865
0.493,11,117.319697
-0.704,6,117.368366
0.995,6,117.431654
1.289,13,117.541908
1.895,9,117.576129
3.093,13,117.627829
-0.111,14,117.681311
-0.712,14,117.728081
1.596,6,117.748717
-0.108,11,117.790474
0.993,8,117.820026
1.595,7,117.843949
0.996,5,117.860233
1.29,12,117.898641
-0.107,10,117.937085
-0.409,11,117.974815
1.295,7,117.998993
2.193,11,118.039229
-0.107,11,118.081845
1.59,12,118.119609
1.29,12,118.157983
1.293,9,118.192109
-1.004,5,118.216314
1.895,8,118.245796
1.896,7,118.277248
1.892,11,118.310175
0.496,8,118.338751
1.287,15,118.388031
2.196,8,118.415722
-1.004,5,118.43151
1.591,11,118.472786
-0.409,11,118.51135
-0.708,10,118.546308
0.997,4,118.561254
2.194,9,118.596748
1.896,7,118.643541
-0.704,6,118.688877
-0.108,11,118.760655
-0.408,10,118.817956
-1.004,5,118.834479
2.192,12,118.87183
-0.707,9,118.945042
2.189,15,118.997899
1.295,7,119.023319
-0.704,6,119.045486
-0.711,13,119.096667
-0.707,9,119.141503
-1.004,5,119.162912
-0.406,8,119.187462
1.888,15,119.237794
-0.107,10,119.279002
-0.707,9,119.312787
-1.008,9,119.346312
1.596,7,119.371109
0.495,10,119.413182
1.293,9,119.442841
2.792,14,119.486932
1.895,9,119.516909
-0.409,12,119.559513
0.492,12,119.603019
-0.108,12,119.681521
0.191,13,119.733911
1.289,13,119.834616
-0.403,6,119.859478
-0.705,7,119.885804
0.493,11,119.926337
0.191,13,119.974969
-0.406,8,120.005277
1.595,8,120.033128
1.89,13,120.07812
2.193,10,120.117294
1.594,9,120.148627
0.492,12,120.186232
-0.407,10,120.22319
1.595,8,120.27701
1.296,6,120.320642
-1.008,9,120.403918
-0.706,8,120.432876
-0.705,7,120.46407
-0.106,9,120.52459
1.294,8,120.57466
-0.407,9,120.650135
3.089,17,120.748359
2.193,12,120.791068
-1.006,7,120.816671
1.894,9,120.856676
0.192,11,120.933492
-0.106,9,120.96346
-0.708,10,120.997922
1.595,8,121.025252
-0.404,7,121.082366
-0.706,8,121.131176
-0.409,12,121.171673
-0.409,11,121.214085
-1.006,7,121.242096
0.194,10,121.275059
-0.407,9,121.303943
-0.706,8,121.332513
-0.111,14,121.38408
2.791,14,121.472136
0.494,10,121.508977
-0.409,11,121.548618
-0.404,7,121.576549
-0.413,15,121.627156
-0.404,7,121.65095
0.194,10,121.684297
1.091,14,121.736096
1.596,7,121.76321
1.893,10,121.797055
1.893,10,121.830654
-0.105,8,121.859693
-0.109,12,121.899897
0.488,16,121.951539
-0.105,9,121.985399
-0.41,12,122.02927
0.793,12,122.070708
-0.113,17,122.12826
-0.406,8,122.153735
1.892,12,122.198151
-0.406,8,122.226131
-1.006,7,122.254978
1.891,12,122.294249
1.296,6,122.318159
2.495,9,122.349968
-0.109,13,122.395643
-0.108,11,122.436579
-0.107,10,122.471242
1.293,9,122.516584
1.895,8,122.573912
1.293,9,122.608468
1.893,10,122.642571
-1.007,8,122.681513
0.997,4,122.699081
-0.414,16,122.751822
-0.408,10,122.794642
1.293,9,122.824999
-0.406,8,122.853017
1.296,6,122.86851
-0.704,6,122.894824
2.191,12,122.936815
-0.707,9,122.966777
1.895,8,122.994959
-0.705,7,123.027261
-0.406,9,123.05877
-0.107,10,123.095344
0.793,13,123.140008
2.488,16,123.198754
-0.409,12,123.238208
1.893,10,123.268744
0.492,12,123.312622
-0.408,10,123.351731
-0.406,9,123.382596
1.289,13,123.423675
-0.411,14,123.477159
1.595,7,123.511764
0.996,5,123.529553
0.996,5,123.546554
1.591,12,123.587758
0.988,13,123.632495
2.193,11,123.670109
1.294,8,123.69838
1.595,7,123.721784
-1.006,7,123.75182
0.186,17,123.803939
-0.408,11,123.841026
1.59,12,123.882792
2.193,11,123.95312
-0.707,9,123.987428
-0.405,8,124.015438
1.893,10,124.049899
1.293,9,124.083546
1.593,10,124.146899
-0.108,11,124.206588
-0.412,14,124.252551
-0.706,8,124.282795
-0.41,12,124.320894
0.99,11,124.365169
-0.107,10,124.425813
3.39,17,124.483712
2.19,13,124.525738
1.295,7,124.548454
-0.708,10,124.619374
1.594,9,124.656814
-0.709,11,124.709071
1.296,6,124.75479
1.894,9,124.791843
-0.407,9,124.827503
-0.705,7,124.852966
2.792,13,124.895705
2.489,16,124.946508
-0.107,10,124.98899
1.596,6,125.007452
1.294,8,125.034544
-0.707,9,125.066094
-0.405,7,125.095229
-0.105,8,125.162683
1.596,6,125.211762
-1.007,8,125.251725
-0.405,7,125.289144
-0.406,8,125.31916
2.493,11,125.353424
-0.408,11,125.394113
1.594,8,125.429667
-0.405,7,125.454324
1.594,9,125.485043
2.791,13,125.529347
0.997,4,125.557165
-0.106,9,125.615255
1.293,9,125.652278
0.488,16,125.705146
0.997,4,125.722784
-0.11,13,125.765785
1.897,6,125.784858
1.595,7,125.809607
0.791,14,125.857317
0.192,11,125.891686
1.595,7,125.915108
0.193,11,125.964666
-0.406,8,126.02906
-1.008,9,126.08372
1.895,8,126.111788
0.997,4,126.125488
0.497,8,126.158585
1.89,13,126.209407
0.996,5,126.225295
-0.704,6,126.250586
-0.407,9,126.283466
0.189,14,126.329258
1.594,8,126.358287
0.793,11,126.400705
-0.107,10,126.437128
-1.006,7,126.463403
1.297,5,126.479085
0.793,12,126.526777
1.292,10,126.59679
-0.407,9,126.674409
0.193,11,126.734456
-1.004,5,126.751367
1.597,6,126.774796
-1.008,9,126.808521
2.193,11,126.844547
-0.405,8,126.873196
-0.706,8,126.906504
-1.006,7,126.930885
2.193,11,126.967029
0.191,12,127.004889
-0.707,9,127.041645
-0.706,8,127.073252
0.192,13,127.119105
2.192,12,127.161532
1.894,9,127.221913
-0.706,8,127.259805
-0.109,12,127.30355
1.592,10,127.334604
1.595,7,127.36052
2.191,14,127.407521
0.194,10,127.44364
1.595,7,127.467852
1.893,10,127.504297
-1.009,10,127.537564
1.594,9,127.584966
1.596,7,127.639298
1.596,6,127.660204
-1.003,4,127.675136
-0.11,13,127.719878
-0.406,8,127.74666
-1.007,8,127.776989
-0.705,7,127.804266
1.894,9,127.837541
-1.005,6,127.85948
0.993,8,127.892071
1.593,10,127.927271
-0.108,11,127.968578
0.487,17,128.019906
-0.41,12,128.06314
0.996,5,128.08406
3.091,14,128.129631
0.193,12,128.170847
0.194,11,128.215036
1.29,12,128.253609
0.196,8,128.283319
1.893,11,128.320002
-0.405,8,128.35167
-0.106,10,128.390026
1.893,10,128.426723
-0.708,10,128.457201
1.894,10,128.499019
-0.406,8,128.527355
1.596,7,128.547855
2.488,16,128.654706
0.191,12,128.726718
-0.706,8,128.754385
1.593,9,128.784168
1.595,8,128.808546
-0.106,10,128.870429
1.895,8,128.908752
1.592,11,128.947461
0.793,13,129.046231
1.292,10,129.091525
0.191,12,129.130157
1.893,10,129.161482
-0.109,12,129.200177
1.595,8,129.257029
0.996,5,129.298431
-0.407,10,129.363173
1.594,8,129.388738
1.59,12,129.435556
-0.107,11,129.472437
-0.708,10,129.505836
-1.009,10,129.544476
0.791,14,129.594855
-0.703,5,129.614249
2.193,10,129.648742
1.295,7,129.675824
1.894,9,129.713435
-0.409,12,129.751318
1.895,8,129.778038
-0.406,8,129.804931
-0.704,6,129.832431
-0.707,9,129.872123
0.997,4,129.885648
-0.706,8,129.91978
1.594,8,129.950984
-0.407,9,129.982421
1.397,9,130.012442
1.889,14,130.055907
0.492,12,130.12394
-0.706,8,130.155862
-0.407,9,130.185351
1.892,11,130.221047
-0.408,10,130.258627
1.295,7,130.28236
2.193,11,130.322464
0.796,9,130.353608
3.093,12,130.399907
1.294,8,130.426944
2.189,14,130.471552
-0.714,16,130.552318
1.294,8,130.588257
2.193,11,130.62838
-0.706,8,130.659693
1.39,16,130.712196
0.193,10,130.750462
-0.707,9,130.78575
0.995,6,130.816551
1.593,9,130.883981
-0.707,9,130.921742
-0.114,17,130.976003
-1.006,7,131.002235
-0.706,8,131.029956
-0.406,9,131.061957
-0.706,8,131.091179
1.891,13,131.139941
-1.003,4,131.153835
2.194,9,131.187978
1.091,14,131.231363
0.494,10,131.287891
-0.406,8,131.319507
0.996,5,131.359007
2.193,10,131.417247
-0.706,8,131.443881
1.896,7,131.467845
-0.111,14,131.520197
1.293,9,131.551335
-1.004,5,131.568227
-1.011,12,131.609992
2.188,15,131.665138
-0.105,8,131.694983
1.592,10,131.72713
-0.707,9,131.759706
2.489,15,131.806529
1.894,9,131.845046
0.492,13,131.888596
-0.704,6,131.908893
3.394,13,131.956542
0.189,16,132.006504
-0.708,10,132.040885
-1.004,5,132.058909
1.895,8,132.097569
1.588,15,132.156306
-0.404,6,132.183901
1.294,8,132.216383
1.295,7,132.241916
1.89,13,132.285533
1.591,12,132.325699
2.194,9,132.355215
-0.406,9,132.392883
0.491,13,132.476137
1.29,12,132.518637
1.896,7,132.545054
-1.003,4,132.563117
0.997,4,132.576374
1.59,12,132.616265
0.997,4,132.629007
1.596,7,132.656598
-1.003,4,132.671308
2.495,9,132.700953
-0.706,8,132.728231
0.996,5,132.7493
-0.11,13,132.797575
1.595,8,132.823632
2.492,12,132.864979
-0.105,8,132.896381
1.294,8,132.924388
1.595,8,132.951273
1.894,10,132.985602
1.292,10,133.021897
-0.112,15,133.069102
1.594,9,133.100069
2.494,10,133.13387
-1.005,6,133.161445
-1.007,8,133.191216
1.595,8,133.222296
0.996,5,133.237689
1.589,13,133.284925
-0.108,12,133.328826
-0.709,11,133.365588
-0.406,9,133.43155
-0.107,10,133.484128
1.896,7,133.505455
-0.109,13,133.551375
2.494,11,133.589173
0.192,12,133.631383
-0.107,10,133.66772
1.596,6,133.68527
0.494,10,133.719288
-1.007,8,133.750583
0.996,5,133.76625
-0.104,7,133.791394
-0.105,8,133.81839
-0.107,10,133.854898
-0.109,12,133.896774
0.195,9,133.929316
-1.003,4,133.94238
-0.106,9,133.977533
-0.111,14,134.021312
0.196,8,134.049563
2.493,11,134.088078
1.89,13,134.141589
-0.106,9,134.174289
1.297,5,134.189247
-0.108,11,134.229715
0.995,6,134.252306
2.489,15,134.305538
-1.011,12,134.348945
0.996,5,134.364518
1.09,16,134.418297
0.997,4,134.430246
1.595,7,134.454686
-1.004,5,134.473612
-1.007,8,134.501254
1.592,11,134.567739
1.894,9,134.619074
0.996,5,134.635864
-0.405,8,134.671292
0.495,9,134.705107
-0.411,14,134.751037
-1.005,6,134.772419
1.297,5,134.793903
-0.407,9,134.823969
-0.408,10,134.860981
1.595,8,134.886912
-0.106,9,134.924141
-0.411,13,134.96814
0.996,5,134.983891
0.993,8,135.015034
-0.107,10,135.052556
-0.408,11,135.090008
0.196,8,135.118587
0.997,4,135.132627
-0.407,9,135.171249
-0.411,13,135.213762
-0.107,10,135.255621
1.596,6,135.2741
0.19,13,135.319547
1.296,6,135.347365
-1.005,6,135.365313
-0.107,11,135.403194
2.192,12,135.476727
-0.404,6,135.515407
-1.007,8,135.547939
-0.407,10,135.583505
-0.408,11,135.62332
1.894,9,135.652907
-1.005,6,135.676637
0.491,14,135.725314
-0.407,10,135.762284
-0.409,11,135.833318
0.997,4,135.84925
1.295,7,135.871677
-0.107,10,135.910847
1.594,8,135.937701
0.195,9,135.969031
1.893,10,136.000895
-0.406,8,136.033803
-0.112,15,136.096482
1.59,12,136.13655
-0.105,8,136.165388
0.997,4,136.17979
2.193,10,136.214947
-0.408,10,136.250193
-1.006,7,136.274742
-0.105,8,136.304008
1.893,10,136.337175
-0.704,6,136.361481
1.592,11,136.401212
1.297,5,136.420234
1.592,10,136.452011
-0.104,7,136.475828
1.896,7,136.497544
0.995,6,136.518295
-0.706,8,136.547397
1.896,7,136.571375
1.593,10,136.606638
-0.708,10,136.650606
-0.109,12,136.697179
2.493,11,136.734812
0.997,4,136.747775
1.592,10,136.815354
1.594,8,136.845348
1.892,11,136.883577
-0.406,9,136.914201
-0.411,14,136.996993
1.297,5,137.031043
-0.705,7,137.099722
1.596,6,137.129421
0.192,12,137.20496
-0.41,13,137.25953
-0.406,8,137.287366
0.996,5,137.30147
0.996,5,137.320706
1.391,17,137.379897
-0.412,14,137.435368
-0.405,7,137.460006
0.995,6,137.481578
-0.705,7,137.509185
0.492,12,137.559934
0.997,4,137.573524
1.596,6,137.594188
-0.406,8,137.621972
-0.707,9,137.665533
0.997,4,137.689244
1.296,6,137.719363
-0.404,7,137.748991
1.892,12,137.810682
-0.706,8,137.901518
1.295,7,137.941482
-0.71,12,137.988825
1.893,10,138.031491
1.293,9,138.073788
0.494,10,138.113296
-0.107,11,138.189476
-1.005,6,138.212324
-1.006,7,138.234821
0.186,18,138.298208
1.295,7,138.328898
1.589,14,138.387051
2.195,8,138.413361
0.989,12,138.457178
0.194,10,138.492453
-0.707,9,138.522728
-1.009,10,138.572938
-0.105,9,138.657244
1.593,10,138.717629
1.894,9,138.747941
-0.109,12,138.789991
-1.006,7,138.818107
1.593,9,138.849779
2.192,11,138.884566
0.997,4,138.896122
-0.111,14,138.947784
-0.406,9,139.020352
1.892,12,139.081755
0.994,7,139.104019
-0.406,8,139.138394
1.294,8,139.165856
1.596,6,139.189509
-0.708,10,139.223921
1.592,10,139.260995
0.194,10,139.293628
1.595,7,139.317367
1.897,6,139.3355
1.592,11,139.375321
1.593,9,139.407611
-0.406,8,139.434535
-0.706,8,139.462659
0.995,6,139.488248
1.895,8,139.514477
0.994,7,139.540092
1.294,8,139.569336
1.594,8,139.617976
-0.704,6,139.673483
-0.705,7,139.729959
-1.009,10,139.76718
1.594,8,139.794334
-0.107,10,139.827133
1.895,8,139.851012
-1.006,7,139.914098
0.192,13,139.97497
0.494,10,140.007978
1.894,9,140.043648
-0.407,9,140.078106
2.49,15,140.128484
1.296,6,140.146886
1.597,6,140.167215
2.195,9,140.196069
0.991,10,140.237292
-1.003,4,140.251642
1.891,12,140.294716
-0.702,4,140.309181
1.594,9,140.346761
-0.408,10,140.380206
1.892,12,140.41676
2.489,15,140.479787
0.192,12,140.552881
1.593,9,140.584332
0.995,6,140.608649
0.994,7,140.63252
0.996,5,140.659222
0.192,13,140.700688
-0.405,7,140.725227
-0.106,9,140.757245
-0.109,13,140.811732
-0.406,9,140.840056
-0.107,10,140.876331
-1.004,5,140.896759
-0.407,9,140.931365
0.995,6,140.952706
1.297,5,140.96772
1.894,10,141.00414
-0.404,7,141.031277
-0.409,12,141.076571
-0.404,7,141.107233
1.593,10,141.141114
1.591,12,141.185248
1.895,8,141.214666
1.895,8,141.248392
0.994,7,141.277217
2.492,12,141.32273
1.294,8,141.349896
2.19,15,141.426302
3.395,11,141.478575
1.295,7,141.504987
1.591,11,141.539665
0.49,14,141.587251
1.896,7,141.613298
0.997,4,141.628401
0.997,4,141.643636
1.294,8,141.671936
1.593,9,141.701239
1.895,8,141.73194
1.291,11,141.775791
1.589,13,141.827785
1.894,9,141.85812
-1.006,7,141.885655
0.195,9,141.913818
1.295,7,141.939775
-0.11,14,141.986311
-0.408,10,142.025946
-0.706,8,142.054132
1.297,5,142.069553
-0.705,7,142.09458
-1.007,8,142.126472
0.795,10,142.161289
-0.108,11,142.197198
0.192,11,142.240506
-0.108,12,142.287874
0.791,15,142.338139
1.297,5,142.353377
0.996,5,142.367183
-0.406,8,142.399669
-0.404,7,142.423143
1.595,7,142.447707
-0.705,7,142.470248
-1.008,9,142.506563
1.896,8,142.53631
-1.005,6,142.554965
1.896,7,142.576764
-0.402,5,142.596256
1.591,12,142.642872
1.895,8,142.696094
-0.111,14,142.75125
-0.709,11,142.790393
1.59,12,142.829615
-0.409,12,142.869932
2.195,9,142.90241
0.992,9,142.939055
-0.11,13,142.985769
-1.011,12,143.026588
1.292,10,143.061368
1.292,10,143.13281
-0.707,9,143.170676
1.895,8,143.19832
-0.404,7,143.224974
-0.707,9,143.259526
-1.011,12,143.29821
1.591,11,143.342917
2.19,14,143.390749
1.295,7,143.41589
-0.707,9,143.449623
2.493,12,143.532287
1.894,9,143.565404
-0.404,7,143.597882
1.895,8,143.625899
0.995,6,143.644176
-0.708,10,143.679201
0.192,13,143.727707
-0.408,11,143.774243
0.189,15,143.823053
0.192,11,143.861505
0.495,10,143.89693
1.292,10,143.934684
1.295,7,143.958534
-0.406,9,143.990332
-0.409,11,144.033108
-0.109,12,144.072187
-0.406,8,144.102149
-0.405,7,144.126746
2.495,9,144.159209
-0.103,7,144.185113
1.596,7,144.206872
1.296,6,144.226331
1.595,7,144.252533
-0.406,9,144.283711
-0.405,8,144.311448
0.992,9,144.341743
0.195,9,144.380838
-0.104,7,144.407829
-0.703,5,144.424721
-0.406,9,144.458473
-0.408,10,144.492927
2.194,9,144.563056
0.192,12,144.666316
1.591,12,144.709321
-0.105,8,144.74029
-0.704,6,144.763194
1.595,7,144.790471
-0.405,8,144.837353
-1.011,12,144.901148
0.19,14,144.95006
-0.105,9,144.981996
1.691,15,145.029811
2.49,14,145.080821
0.492,12,145.119523
2.791,14,145.163969
1.894,9,145.193005
0.997,4,145.212578
0.996,5,145.230419
-0.408,11,145.266361
1.293,9,145.310194
-1.007,8,145.341507
-0.707,9,145.372964
0.19,13,145.412814
1.597,5,145.427126
2.494,11,145.469812
-0.111,14,145.516849
1.596,6,145.55394
0.997,4,145.580056
-0.405,8,145.615607
0.495,9,145.648479
-0.407,9,145.684288
1.294,8,145.741117
0.19,14,145.800353
0.192,11,145.8354
-0.413,16,145.893631
-0.704,6,145.91299
0.997,4,145.935024
1.295,7,145.961261
0.492,12,146.035905
-0.107,10,146.111469
1.897,6,146.146107
1.89,14,146.191314
-1.006,7,146.216749
1.297,5,146.234462
-1.011,12,146.279619
-0.405,7,146.303377
0.194,9,146.337514
-0.111,15,146.393108
2.492,13,146.449197
-0.709,11,146.486361
0.193,10,146.52217
0.997,4,146.535701
-0.408,10,146.57446
1.895,8,146.601561
1.592,10,146.636462
1.595,7,146.661645
0.189,15,146.717877
0.996,5,146.735918
-0.111,14,146.781863
-0.105,8,146.812285
-0.708,10,146.853572
-1.003,4,146.866729
2.189,15,146.917306
0.996,5,146.935157
2.792,12,146.992275
0.997,4,147.018517
0.996,5,147.05036
-0.404,7,147.083227
-1.003,4,147.10071
-0.405,8,147.129019
1.595,7,147.153973
-0.702,4,147.168525
-1.007,8,147.201112
1.592,11,147.245362
0.494,11,147.30613
0.192,11,147.342269
0.997,4,147.358435
-0.407,9,147.388803
1.591,11,147.428513
-0.706,8,147.462784
0.997,4,147.48374
-0.107,10,147.518799
-1.004,5,147.538091
2.496,8,147.565628
0.193,11,147.607637
-0.704,6,147.632402
-0.405,8,147.660822
-0.705,7,147.689285
1.296,6,147.727253
-0.407,9,147.759954
-0.409,11,147.795441
1.594,8,147.823373
1.597,5,147.84176
1.294,8,147.906358
1.895,8,147.934709
-0.706,8,147.965458
0.496,9,148.005652
0.191,12,148.101527
1.596,6,148.122441
-1.004,5,148.13941
-0.408,10,148.18002
-0.107,10,148.221257
1.592,11,148.259704
0.996,5,148.275242
1.295,7,148.301713
1.596,7,148.328245
-0.108,11,148.367813
2.19,14,148.412673
-0.708,10,148.469368
-0.709,11,148.514766
-0.412,14,148.565928
-0.106,9,148.596023
-1.01,11,148.633409
1.596,6,148.651796
1.888,15,148.702928
0.996,5,148.717702
1.596,6,148.740004
-0.107,10,148.768004
2.495,9,148.79697
1.589,13,148.843144
-0.408,11,148.879624
0.997,4,148.906276
-0.414,17,148.976045
-0.411,13,149.022502
-0.408,10,149.063543
1.888,15,149.147732
-0.106,9,149.213372
2.493,11,149.251991
1.591,11,149.290844
1.295,7,149.313557
1.895,9,149.346351
1.892,12,149.385222
-0.106,10,149.425306
-0.709,11,149.461664
-0.706,8,149.491665
2.191,13,149.540688
-0.407,9,149.581636
1.59,12,149.621567
1.295,7,149.643292
-1.006,7,149.670846
0.789,16,149.726242
2.189,14,149.802693
1.593,9,149.868041
-0.407,9,149.939574
-0.712,14,150.033804
1.294,8,150.059616
-0.407,10,150.09508
1.89,13,150.138936
2.491,13,150.182694
0.996,5,150.199101
-0.406,8,150.226565
2.191,12,150.267
-1.008,9,150.308004
0.191,13,150.350399
1.894,9,150.382874
1.897,7,150.406085
1.893,11,150.450669
2.193,10,150.484366
-0.106,9,150.515528
2.496,8,150.541244
1.594,8,150.572777
1.892,12,150.61067
1.291,11,150.647156
1.894,9,150.679798
0.19,13,150.721968
-0.706,8,150.7467
1.594,9,150.794353
0.997,4,150.822471
-0.11,13,150.878704
-0.406,9,150.910494
-0.106,9,150.940955
1.891,12,150.980092
1.297,5,150.997462
-0.707,9,151.032269
-0.105,8,151.085639
1.592,10,151.156275
-0.112,15,151.238673
-0.704,6,151.261097
2.491,13,151.310706
-0.108,11,151.347064
1.595,8,151.37874
1.589,13,151.425457
0.997,4,151.438434
1.296,6,151.460643
2.19,13,151.50674
1.295,7,151.559249
2.493,11,151.600458
0.994,7,151.641158
1.596,6,151.695313
1.293,9,151.737121
-0.411,13,151.78413
0.995,6,151.82265
-0.407,9,151.876194
2.19,14,151.926837
0.997,4,151.94034
-0.408,11,151.980434
1.895,8,152.011034
1.297,5,152.024403
1.592,10,152.091065
1.596,6,152.114583
0.991,10,152.157663
-1.011,12,152.254852
1.597,6,152.302108
1.295,7,152.366351
1.297,5,152.410293
-0.107,10,152.464488
-0.111,14,152.514541
-0.408,10,152.548665
2.191,12,152.590787
-1.006,7,152.615879
1.596,6,152.636768
1.595,7,152.658302
0.997,4,152.674723
-0.406,9,152.712909
1.595,7,152.736476
2.49,16,152.786656
1.596,6,152.811128
2.49,14,152.881566
1.596,6,152.923635
-0.707,9,152.959044
1.593,9,152.993428
-0.709,11,153.036959
1.296,6,153.083351
1.595,7,153.117964
2.493,11,153.178628
-0.411,13,153.221794
1.292,10,153.250907
1.597,6,153.270837
-0.111,14,153.328148
0.994,7,153.348153
-0.409,11,153.383712
-0.41,12,153.427175
1.296,6,153.472289
0.491,14,153.56123
1.594,8,153.584043
0.997,4,153.595491
1.293,9,153.632977
0.997,4,153.647115
-0.707,9,153.677515
-0.707,9,153.708605
2.488,16,153.76272
-1.008,9,153.79424
-0.705,7,153.818752
0.79,15,153.866843
1.895,8,153.896934
-0.704,6,153.916774
-0.407,9,153.95197
-0.112,16,154.028953
-0.704,6,154.079369
-0.704,6,154.138835
-1.005,6,154.169072
1.592,11,154.20722
1.595,8,154.237572
1.293,9,154.267709
0.997,4,154.279881
1.594,9,154.315284
-0.707,9,154.352499
1.595,7,154.373707
-1.006,7,154.400939
1.596,6,154.422338
1.891,12,154.464916
-1.003,4,154.478673
-0.413,16,154.523379
1.296,6,154.567543
2.492,13,154.627079
-1.004,5,154.645541
-1.005,6,154.666686
-0.705,7,154.691366
1.594,8,154.719702
1.593,9,154.750819
1.596,6,154.773913
-1.005,6,154.794101
0.997,4,154.812108
1.894,9,154.841188
-0.109,13,154.884489
0.192,12,154.925722
1.594,9,154.958988
1.593,9,154.991601
-0.708,10,155.029658
-0.408,10,155.102023
-0.105,8,155.137983
-0.106,9,155.168552
1.893,10,155.204104
-0.404,7,155.229367
-0.406,9,155.262396
-0.705,7,155.290482
-1.007,8,155.315071
1.893,10,155.350131
-0.705,7,155.381958
-0.41,13,155.423862
-0.41,12,155.464787
0.193,10,155.504143
1.893,11,155.543058
0.194,9,155.579025
-0.105,8,155.606273
0.997,4,155.618446
1.595,7,155.642585
1.895,8,155.684797
0.997,4,155.70723
1.594,9,155.748369
2.19,14,155.797308
1.594,9,155.826826
1.891,12,155.865978
-0.105,8,155.893226
-0.114,17,155.952233
1.591,11,155.981076
-0.404,7,156.006073
-0.708,10,156.039935
0.795,9,156.080567
-0.407,9,156.148377
0.995,6,156.20118
-0.109,12,156.245199
-0.41,13,156.294145
-0.407,9,156.322658
1.294,8,156.348082
-1.006,7,156.377673
1.595,7,156.416576
0.996,5,156.439882
0.791,14,156.492055
0.195,8,156.519094
0.994,7,156.548241
0.993,8,156.577206
-1.003,4,156.592712
0.789,15,156.646479
-0.104,8,156.676151
-0.706,8,156.702358
-0.705,7,156.732331
1.893,10,156.793958
1.596,6,156.814165
-0.106,9,156.843729
1.591,11,156.880738
0.193,10,156.914358
0.996,5,156.933525
1.892,11,156.969608
3.091,15,157.020961
-0.404,7,157.067568
0.997,4,157.087345
-0.411,13,157.125667
0.484,20,157.184839
1.597,5,157.196349
1.895,8,157.228126
-0.707,9,157.257095
0.196,8,157.289854
0.789,16,157.358587
-0.407,10,157.401195
1.595,7,157.424938
-0.406,8,157.455143
1.389,16,157.503683
2.194,10,157.540817
-0.704,6,157.562887
2.192,12,157.604017
0.492,12,157.649812
1.891,12,157.695133
2.194,9,157.756548
-0.11,13,157.826354
-0.409,12,157.915792
1.897,6,157.946883
1.892,11,157.982193
-1.005,6,158.00431
1.294,8,158.031907
1.597,6,158.054828
-0.106,9,158.090589
2.493,12,158.133034
1.595,7,158.151704
-0.707,9,158.1877
-1.008,9,158.219043
0.788,16,158.270982
0.491,13,158.316234
-0.409,11,158.36003
-0.405,7,158.385763
1.592,11,158.448038
1.896,7,158.473699
-0.705,7,158.503497
-0.105,8,158.554482
-0.708,10,158.606674
1.596,7,158.630334
1.595,8,158.662346
1.593,9,158.691994
1.594,8,158.71952
3.086,19,158.777584
-1.007,8,158.8079
-0.407,9,158.839557
0.993,8,158.864592
-0.707,9,158.897868
1.593,9,158.929064
-0.407,9,158.960351
2.192,12,158.999112
1.894,9,159.028611
2.192,12,159.070831
1.596,7,159.095387
-1.007,8,159.125061
-0.707,9,159.159092
0.493,11,159.200859
1.295,7,159.226448
1.294,8,159.252654
1.589,14,159.309988
-0.406,9,159.349125
-0.711,13,159.393344
-0.704,6,159.413523
1.589,13,159.46136
1.596,7,159.4857
1.29,12,159.524723
0.992,9,159.556587
1.893,10,159.587744
1.594,9,159.621453
1.894,9,159.651011
-1.005,6,159.69681
1.597,6,159.73661
1.894,9,159.772149
-0.106,10,159.809697
-0.406,8,159.835213
1.296,6,159.869864
-0.407,9,159.939079
-0.107,10,159.977503
1.293,9,160.007332
-0.404,7,160.033447
1.294,8,160.062397
1.295,7,160.084762
1.891,12,160.122773
-1.009,10,160.157406
-0.407,9,160.193626
0.997,4,160.218472
0.994,7,160.273915
-0.708,10,160.349648
0.996,5,160.373147
2.189,15,160.42304
1.296,6,160.443873
1.595,7,160.469578
-0.706,8,160.501986
-0.407,10,160.534476
0.997,4,160.548846
1.596,6,160.570998
1.294,8,160.60583
1.294,8,160.639925
0.195,9,160.677504
1.291,11,160.718037
1.597,6,160.73953
0.19,14,160.784678
-0.412,14,160.834538
-0.704,6,160.859573
1.294,8,160.895164
-0.411,13,160.939278
1.293,9,160.96644
0.997,4,160.980334
2.494,10,161.020144
1.596,6,161.039027
0.19,14,161.088467
1.89,13,161.130231
0.194,10,161.185814
1.297,5,161.235223
1.294,8,161.299474
-0.407,9,161.336433
-0.406,8,161.368722
2.192,11,161.407547
-0.109,12,161.45234
-0.41,13,161.496325
1.293,9,161.528943
1.596,6,161.552355
-0.707,9,161.584381
0.192,12,161.627354
1.89,13,161.673396
0.495,9,161.702479
1.297,5,161.7211
-0.405,7,161.743638
1.288,14,161.802588
1.595,7,161.826102
-0.408,11,161.866202
0.996,5,161.885134
2.188,16,161.947598
-0.404,7,162.058992
0.994,7,162.088431
-0.409,12,162.131074
-0.111,15,162.23096
-0.407,9,162.260714
-1.003,4,162.275088
-0.108,11,162.315483
1.895,8,162.349013
1.595,7,162.374317
1.296,6,162.393273
-0.702,4,162.411022
2.19,13,162.456959
-0.408,11,162.500387
1.594,8,162.527723
1.892,11,162.563566
1.295,7,162.588655
-0.107,11,162.625258
-1.007,8,162.65355
-1.008,9,162.689297
3.091,14,162.735411
3.09,17,162.791936
-0.708,10,162.82886
2.79,14,162.873356
1.597,5,162.89134
1.593,10,162.924731
0.195,9,162.956416
-0.107,11,162.992725
-0.11,14,163.045208
1.597,5,163.062835
0.796,9,163.119998
0.795,10,163.203075
1.896,7,163.230517
1.296,6,163.252603
-0.41,13,163.293862
1.596,6,163.315111
0.494,10,163.352466
2.494,10,163.3878
0.192,11,163.427445
-0.11,13,163.474091
1.593,9,163.508852
-0.405,8,163.539074
-0.105,8,163.568434
-1.007,8,163.598707
1.596,7,163.648646
0.992,9,163.680782
0.19,13,163.717868
1.594,8,163.749325
1.894,10,163.788713
-0.409,11,163.826423
2.492,13,163.869856
1.894,9,163.924636
0.493,11,163.978756
-0.71,12,164.027716
0.488,17,164.086082
1.896,7,164.108528
1.597,5,164.126912
-0.108,11,164.163575
-0.706,8,164.198299
-0.108,11,164.239498
-0.106,9,164.288237
0.994,7,164.313063
-0.707,9,164.347388
-0.704,6,164.372654
-1.003,4,164.39067
0.994,7,164.415946
2.49,14,164.461044
-0.709,11,164.498824
1.296,6,164.524101
0.495,10,164.559136
2.193,10,164.593309
-1.008,9,164.625037
2.192,12,164.666659
0.995,6,164.687745
1.594,8,164.714751
1.895,8,164.741992
1.893,10,164.782075
1.29,12,164.821111
1.893,10,164.853443
-0.105,8,164.881592
1.896,7,164.924021
-0.406,9,164.995861
-0.408,10,165.034256
-0.406,8,165.060391
-0.114,17,165.157402
-0.405,8,165.188364
-1.009,10,165.225325
1.593,10,165.257122
0.996,5,165.277658
1.297,5,165.29617
1.89,13,165.338653
2.19,14,165.382754
-0.107,10,165.42254
1.591,11,165.459573
1.294,8,165.507946
1.591,11,165.564909
1.591,11,165.604715
1.292,10,165.636846
-0.406,8,165.664536
-0.406,9,165.697221
-0.408,11,165.740092
1.894,9,165.772033
-0.409,11,165.8104
2.19,13,165.85336
0.996,5,165.872086
-0.705,7,165.896794
1.892,11,165.932933
-1.006,7,165.956398
1.293,9,165.995445
-0.106,10,166.067174
0.995,6,166.104967
-1.003,4,166.141077
1.296,6,166.194854
1.296,6,166.246011
-0.707,9,166.278555
-0.709,11,166.318603
-0.408,11,166.35866
1.294,8,166.382024
1.891,12,166.422998
1.896,7,166.448257
-0.404,7,166.507616
0.995,6,166.539335
1.894,9,166.625051
-0.405,7,166.680073
1.894,9,166.732312
-0.404,6,166.751887
1.596,6,166.772068
1.891,13,166.813036
0.193,11,166.865121
1.595,8,166.891383
1.59,13,166.933178
2.788,18,166.989745
1.593,9,167.025592
-0.405,8,167.053435
1.595,8,167.085237
0.994,7,167.125148
1.293,9,167.167037
1.889,14,167.244115
1.295,7,167.307452
2.193,12,167.364345
1.895,8,167.391964
-0.106,10,167.430034
-0.406,8,167.460308
1.887,16,167.536256
2.193,11,167.607985
1.594,8,167.678019
-0.408,10,167.729413
-0.707,9,167.800838
0.191,12,167.845566
0.192,11,167.943601
-0.407,9,168.030107
1.296,6,168.072282
-0.107,10,168.149591
1.894,10,168.192533
0.993,8,168.218753
-1.005,6,168.240405
0.995,6,168.262889
1.294,8,168.309124
1.596,6,168.349502
-1.004,5,168.368675
-0.108,11,168.407759
1.591,11,168.448386
-0.408,10,168.482614
1.594,9,168.51259
1.296,6,168.537125
1.591,12,168.613043
-0.106,9,168.651169
-1.007,8,168.678033
-1.005,6,168.705585
0.996,5,168.721655
0.993,8,168.748395
0.79,16,168.801235
-0.704,6,168.824495
0.192,11,168.902527
-0.406,8,168.97654
1.294,8,169.04986
1.891,13,169.168859
1.595,7,169.204746
1.595,7,169.279303
0.791,14,169.339188
0.995,6,169.361709
0.791,14,169.403969
0.49,14,169.448876
0.489,15,169.499655
2.189,15,169.554911
2.493,11,169.591281
-1.004,5,169.607625
-0.407,9,169.640943
1.59,12,169.683707
-1.004,5,169.700813
-0.109,13,169.751833
0.993,8,169.780557
-0.405,7,169.806797
0.487,18,169.865571
1.592,10,169.900695
1.296,6,169.920282
0.193,10,169.957858
-0.707,9,169.987978
-0.112,15,170.036824
1.892,11,170.130625
-0.408,10,170.216243
3.088,17,170.275684
1.894,9,170.309611
1.294,8,170.336065
0.99,11,170.376793
1.295,7,170.406803
1.894,10,170.444801
-0.407,10,170.481614
1.595,7,170.512231
2.191,13,170.549737
0.492,12,170.593179
-1.003,4,170.606216
1.595,7,170.635939
1.896,7,170.65965
2.493,11,170.697311
-0.408,10,170.733511
1.896,7,170.76015
-1.004,5,170.776011
-1.003,4,170.79165
0.996,5,170.815656
-1.005,6,170.844209
1.896,7,170.865571
2.189,15,170.914659
-0.105,8,170.946944
-0.107,10,170.987848
1.288,14,171.031117
1.895,8,171.056269
1.888,15,171.105283
-1.003,4,171.122709
1.595,7,171.173494
-1.005,6,171.205664
1.595,8,171.232783
-0.406,8,171.26159
1.592,11,171.340842
-0.108,11,171.433696
-0.11,13,171.494693
2.191,12,171.536127
2.192,12,171.576014
1.892,11,171.614349
1.894,10,171.650858
-0.404,6,171.676024
2.19,14,171.723687
0.995,6,171.744581
-0.705,7,171.766933
1.895,8,171.798628
2.19,13,171.844066
-0.41,12,171.885311
1.896,7,171.90556
-0.109,12,171.947383
1.596,6,171.967315
1.891,13,172.013693
1.293,9,172.042229
0.195,8,172.075234
1.593,9,172.107012
1.595,7,172.128556
1.593,9,172.160364
-0.406,8,172.192355
2.189,14,172.237214
1.592,11,172.275976
1.293,9,172.306623
-1.003,4,172.323304
-0.406,8,172.350375
1.59,12,172.391471
0.189,14,172.434368
-1.008,9,172.467213
0.192,11,172.506155
-0.704,6,172.526157
-0.408,11,172.563703
-0.11,14,172.614243
-0.109,12,172.65167
-1.006,7,172.680976
1.593,9,172.712767
0.193,11,172.791277
-0.405,8,172.8203
1.589,13,172.863047
0.794,11,172.900102
0.99,11,172.941749
-0.106,10,172.976133
0.188,16,173.075598
1.591,12,173.180594
0.191,13,173.25751
-0.707,9,173.289688
1.289,13,173.340169
1.592,10,173.375612
1.594,8,173.408335
-1.008,9,173.43893
-0.407,9,173.465266
1.592,10,173.512406
3.389,17,173.645247
-0.708,10,173.70525
-0.707,9,173.73797
0.19,14,173.783075
2.188,16,173.836362
0.99,11,173.875974
1.293,9,173.90708
-1.006,7,173.934618
2.492,12,173.984352
-0.11,13,174.027317
0.996,5,174.046997
1.29,12,174.087395
0.994,7,174.119277
-0.707,9,174.149288
1.593,10,174.184396
-0.41,12,174.22674
-0.705,7,174.258096
-0.109,12,174.299834
-0.706,8,174.32717
-0.407,10,174.359954
-0.106,9,174.40235
1.89,13,174.442953
1.591,12,174.484195
2.193,11,174.520349
0.995,6,174.544923
0.492,12,174.58538
1.895,8,174.612591
-0.411,14,174.654605
1.593,9,174.69237
2.195,10,174.729498
-0.406,9,174.757527
1.389,17,174.838266
1.892,11,174.927105
1.895,9,175.013854
-0.111,14,175.102037
-0.408,10,175.13862
-0.112,15,175.190945
1.293,9,175.222556
0.995,6,175.240882
1.292,10,175.27571
-0.408,10,175.314604
1.889,14,175.36122
-0.708,10,175.395798
1.595,8,175.423972
-0.107,11,175.467335
0.193,11,175.510695
1.292,10,175.569966
2.492,13,175.617063
-0.406,8,175.647527
-0.705,7,175.671289
0.191,12,175.714686
1.29,12,175.753885
-0.41,13,175.802911
1.292,10,175.840662
-0.109,12,175.881098
1.294,8,175.909779
1.295,7,175.939684
1.295,7,175.964818
0.189,15,176.014341
-0.408,10,176.048196
-0.108,11,176.087836
1.295,7,176.110332
-0.407,10,176.185671
2.494,10,176.263797
-0.407,9,176.290134
2.194,10,176.327394
-1.008,9,176.357208
1.291,11,176.397956
-0.708,10,176.435565
0.995,6,176.457274
-0.709,11,176.496976
-0.405,8,176.525289
-0.408,10,176.563471
1.294,8,176.597569
0.991,10,176.682307
1.897,6,176.705854
-1.011,12,176.763178
-0.706,8,176.791184
-0.709,11,176.82901
0.192,11,176.866284
1.596,6,176.90871
-0.703,5,176.937265
0.192,12,176.978388
1.595,7,177.00125
-1.004,5,177.026264
1.895,9,177.056887
0.993,8,177.117186
-0.105,8,177.193453
2.192,12,177.265398
2.49,14,177.356761
0.192,11,177.401661
1.288,14,177.527004
1.291,11,177.613975
1.594,8,177.636708
1.592,11,177.674479
1.893,10,177.70532
-0.109,12,177.752945
1.893,11,177.79236
1.294,8,177.822015
1.894,9,177.850039
-0.407,9,177.891627
1.892,11,177.927185
-0.408,11,177.961755
1.587,15,178.008809
-0.11,13,178.052635
-0.705,7,178.08052
-0.409,11,178.120344
-0.707,9,178.155387
-0.11,14,178.208655
1.893,11,178.246398
-0.107,10,178.283261
1.594,8,178.308606
-0.104,8,178.340073
-0.71,12,178.382143
-0.708,10,178.414071
1.892,11,178.452271
-1.007,8,178.480568
1.591,11,178.519283
1.292,10,178.548986
1.29,12,178.587032
1.587,15,178.640334
-0.407,10,178.673454
2.788,18,178.729391
-0.108,11,178.771241
2.191,14,178.818948
1.591,12,178.860008
2.492,12,178.905481
1.896,7,178.931456
-0.704,6,178.956315
-0.708,10,178.991303
-0.406,9,179.025624
-0.107,10,179.061578
-0.407,9,179.096602
1.591,12,179.17074
-0.706,8,179.200716
1.596,6,179.218635
2.195,9,179.258955
-0.109,13,179.305374
-0.406,8,179.338252
2.191,13,179.38211
-0.706,8,179.421252
0.99,11,179.462554
-0.108,11,179.502118
1.593,9,179.526941
-0.406,9,179.566897
-0.708,10,179.606894
0.491,13,179.652464
-0.708,10,179.68704
-1.005,6,179.712346
-0.711,13,179.753726
1.292,10,179.791278
-0.409,11,179.825851
1.295,7,179.85514
-0.104,7,179.88095
-0.109,12,179.92176
-0.408,10,179.959591
1.594,9,180.04278
-0.705,7,180.067967
1.586,17,180.130528
0.995,6,180.153202
-0.707,9,180.191793
-0.704,6,180.213919
1.889,15,180.267744
0.191,13,180.308591
-1.008,9,180.346541
-0.707,9,180.379107
1.591,12,180.420108
0.196,8,180.450963
-0.107,10,180.489855
1.296,6,180.508557
-0.71,12,180.546665
1.893,10,180.579034
-0.105,8,180.632007
1.588,15,180.738611
2.492,13,180.784212
1.294,8,180.810569
1.896,7,180.843268
-0.705,7,180.866141
-0.705,7,180.89072
-0.709,11,180.927049
-0.109,12,180.977385
-0.406,8,181.00421
-0.705,7,181.034273
1.295,7,181.055883
1.894,10,181.095087
-1.008,9,181.124379
1.894,9,181.154119
-0.406,8,181.183502
1.595,7,181.212487
-0.708,10,181.248478
2.189,15,181.333426
0.491,13,181.387622
-0.407,9,181.420645
-0.708,10,181.452906
1.596,6,181.473215
1.896,8,181.505847
-0.403,6,181.529938
-0.407,9,181.563574
-0.108,11,181.602736
-0.407,10,181.6401
-0.707,9,181.674516
-0.408,10,181.708782
-1.008,9,181.738731
-0.405,8,181.771271
0.491,13,181.81669
1.892,12,181.857311
1.293,9,181.888467
1.596,6,181.908715
-0.111,14,181.96167
2.493,11,181.997207
1.591,12,182.039706
1.294,8,182.069698
1.294,8,182.096869
0.493,12,182.138413
2.493,12,182.176243
1.585,17,182.228178
2.189,15,182.280229
-0.71,12,182.319837
1.593,10,182.356113
-0.108,11,182.39291
-0.106,9,182.430109
1.294,8,182.455952
1.595,8,182.484173
1.393,13,182.531647
1.893,10,182.568247
1.596,7,182.59438
0.995,6,182.616348
-0.713,15,182.664631
1.896,7,182.689904
-0.406,9,182.720467
-0.407,10,182.756608
1.594,8,182.78331
1.297,5,182.801399
1.596,7,182.83441
-0.71,12,182.893391
-0.403,6,182.919185
-1.004,5,182.950134
-0.409,12,182.991154
0.995,6,183.009331
-0.407,9,183.045571
0.996,5,183.067521
2.493,11,183.102402
0.194,9,183.140575
1.295,7,183.162264
-0.711,13,183.210846
1.593,9,183.250156
0.792,13,183.303578
-1.011,12,183.351057
-0.705,7,183.383591
-1.004,5,183.450548
2.193,11,183.492629
1.593,10,183.525027
1.891,12,183.571146
-0.409,11,183.619918
0.793,12,183.685978
1.893,11,183.726685
-0.11,13,183.774183
1.894,9,183.804265
1.294,8,183.831653
0.995,6,183.855348
1.895,8,183.88611
1.895,8,183.919009
1.895,8,183.946478
0.795,10,183.981974
2.187,16,184.039954
1.891,13,184.08653
-0.41,13,184.131054
-0.108,12,184.170712
0.49,14,184.218735
-0.406,9,184.252794
-0.105,9,184.281631
1.593,9,184.314307
-0.706,8,184.348878
0.194,10,184.383366
0.996,5,184.40151
-0.708,10,184.436912
-0.407,10,184.479357
2.491,13,184.52298
1.298,4,184.534051
1.094,12,184.572593
1.296,6,184.597908
1.892,12,184.635507
-0.706,8,184.663465
-0.404,7,184.685193
2.192,11,184.725687
-0.71,12,184.764877
-0.105,8,184.793221
1.296,6,184.815205
1.894,9,184.848582
0.996,5,184.86447
-0.11,13,184.908962
1.592,11,184.947954
-0.108,12,184.992755
1.595,7,185.023495
1.597,6,185.043548
-0.405,8,185.076164
1.594,8,185.106223
1.894,10,185.146605
1.294,8,185.170493
1.894,10,185.220692
-0.71,12,185.271344
-0.705,7,185.299781
-0.707,9,185.336931
-0.705,7,185.362199
-0.41,13,185.411077
1.595,7,185.438402
1.296,6,185.458978
-1.003,4,185.472266
1.894,10,185.508828
0.195,10,185.544632
1.595,8,185.571131
1.893,11,185.607803
1.892,12,185.654965
2.195,9,185.685969
-0.108,11,185.723151
-0.407,9,185.757099
2.19,14,185.841034
1.595,8,185.870494
-0.406,8,185.898698
1.294,8,185.925803
1.297,5,185.94437
0.49,15,185.994815
-0.406,9,186.025974
-0.707,9,186.061591
1.59,12,186.104996
0.194,9,186.133131
0.996,5,186.14886
-0.409,12,186.189859
-0.404,7,186.218601
-0.706,8,186.246469
-0.106,9,186.275643
1.895,8,186.302717
-0.404,7,186.334574
1.295,7,186.358061
0.49,14,186.403087
1.89,13,186.445826
0.992,9,186.479993
0.19,13,186.522302
0.993,8,186.552983
-1.01,11,186.592422
-0.105,8,186.66728
1.593,10,186.701173
-0.109,12,186.73964
1.297,5,186.755095
0.995,6,186.785129
0.796,10,186.817083
-0.108,11,186.854389
1.892,11,186.891106
1.891,13,186.939039
1.295,7,186.966236
1.291,11,187.004364
1.593,10,187.041253
2.192,12,187.095385
1.595,8,187.146761
-0.107,10,187.184757
1.293,9,187.215868
1.594,8,187.249449
0.489,16,187.348695
1.293,9,187.387565
-0.405,8,187.418566
1.292,10,187.459383
0.194,11,187.496416
-0.105,8,187.52408
2.492,13,187.571127
1.593,10,187.633718
-1.01,11,187.671129
-0.703,5,187.689274
2.19,14,187.740811
2.192,12,187.79106
1.595,8,187.821763
-0.703,5,187.837889
1.592,11,187.87586
2.193,11,187.918722
1.891,12,187.958897
1.896,8,187.98728
-0.71,12,188.051189
0.491,14,188.160285
-0.108,11,188.193519
-0.707,9,188.229817
2.193,12,188.269817
-1.006,7,188.296635
1.596,7,188.317387
-0.407,10,188.354742
0.794,10,188.399839
-0.111,14,188.45348
0.493,12,188.497669
1.091,14,188.544831
-0.708,10,188.581993
0.192,12,188.627429
-1.008,9,188.658247
-0.407,9,188.688135
1.596,7,188.712129
0.493,11,188.75285
1.896,8,188.783293
1.593,9,188.815463
-0.407,10,188.850924
1.888,15,188.902711
1.596,7,188.926387
2.491,13,188.972224
0.796,9,189.004911
-0.705,7,189.034573
-0.408,10,189.06975
1.894,9,189.105268
1.596,6,189.126769
1.889,15,189.175606
-0.405,8,189.203941
1.295,7,189.236121
-1.008,9,189.268881
1.596,7,189.296191
-1.006,7,189.322443
-0.411,13,189.370955
1.594,8,189.430788
1.592,11,189.481648
-1.008,9,189.514191
0.491,14,189.562908
0.49,14,189.609005
1.594,8,189.642068
-0.106,10,189.679706
1.896,8,189.707707
2.192,11,189.769915
1.291,11,189.810503
-0.409,11,189.848814
1.588,15,189.897984
1.892,12,189.940108
-0.107,10,189.972605
2.195,9,190.002459
1.895,8,190.029459
0.184,20,190.089185
1.893,10,190.128349
0.789,16,190.178862
2.19,14,190.267671
1.891,12,190.311233
1.591,11,190.352378
-0.407,9,190.383347
0.796,9,190.416612
-0.409,11,190.451926
1.592,10,190.491452
1.896,8,190.549063
0.994,7,190.582377
-0.704,6,190.602353
-0.405,7,190.630153
-0.106,9,190.661811
-0.106,9,190.693233
1.593,10,190.726479
1.292,10,190.7618
-0.404,7,190.788609
0.992,9,190.817633
-0.11,13,190.864976
1.295,7,190.892553
-0.709,11,190.930859
-0.106,9,190.964919
-0.408,11,191.006209
-0.406,8,191.041221
-0.109,12,191.084554
1.592,10,191.119051
-0.107,10,191.154926
2.192,12,191.203565
-1.005,6,191.225713
-0.105,8,191.253862
1.295,7,191.294264
1.293,9,191.38507
1.888,15,191.495015
1.596,7,191.55361
1.894,10,191.609975
2.189,14,191.666798
-0.704,6,191.689637
2.786,19,191.747594
1.594,8,191.78366
-0.411,13,191.836982
-1.006,7,191.862764
-0.108,11,191.905215
0.495,9,191.938378
1.892,11,191.9837
1.893,10,192.022164
1.293,9,192.052962
-0.109,12,192.092914
-0.707,9,192.151411
0.995,6,192.195157
1.895,9,192.239685
1.592,11,192.293624
-0.106,9,192.327847
-0.404,7,192.352735
1.594,8,192.382205
1.594,9,192.412431
1.589,13,192.491045
1.289,13,192.561864
1.592,11,192.658959
-1.006,7,192.717675
-0.409,11,192.813981
1.594,9,192.855754
-0.707,9,192.889043
-0.108,12,192.932067
1.296,6,192.958751
-0.106,10,192.991136
1.293,9,193.021974
-0.706,8,193.051195
1.893,10,193.09343
0.196,8,193.11958
1.89,13,193.163697
-0.405,7,193.188892
0.49,14,193.233911
0.191,13,193.280296
1.897,6,193.298902
2.196,8,193.327305
0.995,6,193.361706
1.295,7,193.391068
1.294,8,193.416889
1.593,10,193.449523
-0.404,7,193.485132
1.892,11,193.57527
-0.706,8,193.634779
0.192,12,193.752918
1.592,11,193.813045
1.593,10,193.84875
-0.11,13,193.938935
0.192,12,193.976403
-0.109,12,194.024615
1.292,10,194.065825
1.59,12,194.127141
0.19,13,194.176908
1.896,7,194.202974
-0.407,9,194.246681
1.294,8,194.295565
-1.005,6,194.312249
1.593,10,194.36831
0.194,9,194.404459
0.491,13,194.452852
0.194,10,194.486626
1.297,5,194.504787
1.596,6,194.523586
-0.706,8,194.552544
2.489,16,194.606637
-0.408,10,194.665207
-1.006,7,194.71615
0.495,9,194.750618
-0.707,9,194.781375
0.491,13,194.82779
1.296,6,194.849247
-1.003,4,194.866869
0.194,9,194.897072
-0.406,9,194.93577
1.296,6,194.958399
1.595,7,194.981042
1.294,8,195.006507
-0.404,7,195.049232
1.595,8,195.117298
1.897,7,195.155997
1.593,10,195.190113
-0.705,7,195.215884
1.294,8,195.246986
1.592,11,195.286968
1.289,13,195.330532
1.593,9,195.371418
-0.403,6,195.394221
-0.405,7,195.418654
1.297,5,195.450706
0.992,9,195.504021
0.997,4,195.516938
0.194,11,195.563492
1.893,10,195.601654
1.589,14,195.651643
1.293,9,195.719708
-0.408,10,195.812426
1.595,7,195.850183
1.594,8,195.882659
1.897,6,195.901243
0.994,7,195.926061
-0.705,7,195.951755
-0.409,12,196.007082
-0.703,5,196.024655
-0.709,11,196.062351
-0.707,9,196.093717
1.296,6,196.141587
-0.705,7,196.207183
-1.007,8,196.265886
-0.11,13,196.30839
-0.107,10,196.348051
-1.004,5,196.364793
0.992,9,196.395654
-0.407,9,196.443954
1.293,9,196.508931
-0.407,10,196.550253
0.489,16,196.603111
0.996,5,196.627465
-0.405,8,196.661311
1.596,6,196.680809
1.593,10,196.71851
-0.105,9,196.749479
1.597,5,196.769832
0.996,5,196.787022
-0.703,5,196.806746
0.994,7,196.82673
-0.41,13,196.87246
-1.006,7,196.89603
1.893,10,196.930627
1.296,6,196.948104
1.291,11,196.993429
-1.007,8,197.021383
1.595,7,197.044204
1.296,6,197.062881
1.59,13,197.112469
-0.104,7,197.133904
-0.107,10,197.167006
0.996,5,197.204519
3.088,18,197.287738
1.589,14,197.33393
0.188,16,197.388538
2.196,8,197.420383
2.495,10,197.507981
1.295,7,197.528824
-0.707,9,197.563429
1.29,12,197.604487
1.592,10,197.642482
-0.411,13,197.683215
-0.109,13,197.735029
1.591,11,197.770407
0.192,11,197.812243
1.292,10,197.847216
1.29,12,197.886745
1.591,12,197.925561
-0.107,10,197.969591
1.595,7,197.996776
-0.107,11,198.036772
1.988,19,198.092519
-0.709,11,198.137855
-0.408,11,198.179942
0.193,11,198.21898
-0.408,11,198.253882
-1.008,9,198.288362
0.997,4,198.302612
-0.408,11,198.336238
-0.405,8,198.365474
-0.707,9,198.409101
1.595,7,198.43257
-0.706,8,198.463344
-0.702,4,198.477349
1.896,7,198.510517
1.291,11,198.547437
2.193,11,198.584182
-0.404,6,198.601945
-0.406,8,198.648212
-0.406,9,198.695681
-0.106,9,198.729304
1.597,6,198.749977
1.894,10,198.805772
0.796,10,198.846136
-0.707,9,198.894107
-0.111,14,198.973365
-0.705,7,199.003397
0.792,13,199.054589
0.992,9,199.084697
-0.709,11,199.125191
-0.707,9,199.160374
-0.703,5,199.178141
1.592,10,199.213903
1.891,12,199.265904
0.997,4,199.286222
-0.106,9,199.319471
1.595,8,199.346413
1.596,7,199.370074
1.589,13,199.416527
-1.009,10,199.452203
-1.004,5,199.473064
1.591,12,199.514345
0.996,5,199.534407
2.19,13,199.57663
-0.113,16,199.630854
0.996,5,199.655043
1.089,17,199.717231
0.494,11,199.760013
-0.409,11,199.79705
1.591,12,199.837675
2.491,13,199.883052
-0.405,8,199.911653
-0.708,10,199.944861
1.892,11,199.984344
0.192,11,200.034131
0.193,10,200.074292
2.192,12,200.114285
-0.703,5,200.133456
-0.706,8,200.162535
-0.411,13,200.214688
-0.108,11,200.254225
-0.109,12,200.294123
-0.411,14,200.341742
1.594,8,200.363743
1.893,11,200.401909
1.297,5,200.417616
-0.405,8,200.450843
0.994,7,200.477406
1.596,7,200.499173
2.196,8,200.527557
-0.11,13,200.581019
2.792,14,200.626173
-0.112,16,200.719475
-0.709,11,200.804641
2.496,9,200.836604
-0.108,11,200.876009
-0.706,8,200.902136
-0.707,9,200.939496
2.193,10,200.981867
0.997,4,200.995581
0.992,9,201.064044
1.296,6,201.091575
0.997,4,201.107253
1.094,12,201.149988
1.295,7,201.173928
2.494,10,201.208867
-0.414,17,201.265058
-0.707,9,201.296287
1.592,10,201.332731
1.296,6,201.35218
-0.408,10,201.392415
-0.409,12,201.434038
1.294,8,201.476268
-0.408,10,201.509878
-0.707,9,201.557446
1.897,6,201.579052
-1.006,7,201.604445
1.291,11,201.638526
3.092,13,201.73457
1.296,6,201.757416
-0.406,9,201.788478
0.189,14,201.838664
1.89,13,201.879248
-0.705,7,201.903994
-0.705,7,201.930781
1.595,8,201.955591
-0.404,7,201.986203
-0.405,7,202.010762
0.793,12,202.047473
1.296,6,202.068762
1.593,9,202.101531
0.495,10,202.135148
-1.007,8,202.187612
-0.105,9,202.239193
2.193,11,202.278101
0.995,6,202.300268
2.189,16,202.34663
-0.109,12,202.403779
0.494,10,202.462561
-1.007,8,202.494053
1.595,8,202.520146
1.891,12,202.555962
2.194,10,202.605474
1.293,9,202.640748
2.493,12,202.682367
0.191,13,202.724142
1.295,7,202.752027
-0.405,8,202.776204
-1.011,12,202.818151
0.996,5,202.836384
0.996,5,202.862688
1.295,7,202.884296
1.891,12,202.975396
-1.007,8,203.011911
0.195,9,203.047439
3.991,18,203.110022
2.194,10,203.141619
1.594,8,203.171911
1.296,6,203.208822
1.295,7,203.238029
1.895,9,203.270506
1.292,10,203.305989
-0.111,14,203.354367
2.49,15,203.405202
2.492,12,203.443942
-0.111,14,203.491628
1.295,7,203.524536
-0.71,12,203.565372
0.197,7,203.592455
-0.106,9,203.624652
0.193,11,203.700782
0.195,9,203.746744
2.494,10,203.782874
2.19,14,203.829866
-1.009,10,203.866319
-1.006,7,203.891393
2.194,10,203.927471
-0.409,11,203.964405
0.997,4,203.983696
1.291,11,204.023867
1.592,10,204.05841
1.287,15,204.111098
-0.108,12,204.15403
0.196,8,204.183617
1.894,9,204.215711
0.795,10,204.248754
1.295,7,204.278392
-0.11,13,204.317065
-0.407,9,204.352249
-0.407,9,204.384599
-0.104,7,204.416187
-1.005,6,204.468198
1.59,12,204.514016
1.29,12,204.554141
-0.107,10,204.590102
-0.413,16,204.648158
0.991,10,204.684699
1.595,7,204.711812
-0.105,8,204.743048
-1.003,4,204.756801
1.893,10,204.789763
-1.007,8,204.815498
-0.108,11,204.867693
-0.707,9,204.897958
-1.008,9,204.930918
-0.405,7,204.952574
-0.709,11,204.99842
-0.409,12,205.041147
1.895,8,205.10348
-0.709,11,205.152827
1.593,10,205.189201
1.893,11,205.228588
0.19,13,205.273128
0.194,9,205.306345
1.594,8,205.336768
-1.005,6,205.355757
-1.009,10,205.390449
-0.109,12,205.432458
0.195,9,205.468677
0.19,13,205.512707
-0.109,12,205.55471
-0.109,13,205.600647
1.592,10,205.637185
1.596,7,205.660793
-0.403,6,205.68183
-0.409,12,205.723411
0.492,13,205.77014
-1.009,10,205.807122
1.896,7,205.834777
-0.411,14,205.882488
2.491,14,205.930535
-0.111,15,205.977682
-0.105,8,206.00577
1.296,6,206.029655
2.196,8,206.060929
-1.003,4,206.074434
2.195,9,206.109696
0.192,12,206.147156
1.592,10,206.18496
-0.704,6,206.204216
-1.006,7,206.230283
1.594,9,206.262321
1.592,10,206.303433
1.294,8,206.329149
1.294,8,206.355562
-0.406,9,206.388916
1.595,7,206.418673
1.59,13,206.460652
-1.005,6,206.491608
-0.406,8,206.547157
-0.405,7,206.578251
1.896,7,206.602124
-0.704,6,206.622565
1.894,10,206.662258
-0.407,9,206.69933
0.493,12,206.740867
1.595,7,206.764568
1.892,11,206.801723
1.894,9,206.83633
-0.407,9,206.868295
0.994,7,206.892884
1.892,11,206.932981
-0.104,7,206.959607
-0.409,11,206.996478
0.195,8,207.032729
1.295,7,207.05732
-0.407,10,207.09159
-1.005,6,207.114386
-0.409,12,207.160619
-0.407,10,207.192894
0.193,11,207.236183
1.297,5,207.251968
1.294,8,207.278581
-0.11,13,207.324806
2.493,11,207.364924
1.894,9,207.398624
1.297,5,207.413294
2.187,16,207.46943
1.297,5,207.490955
-0.405,8,207.519417
-0.409,11,207.556443
-0.404,7,207.584223
-1.003,4,207.602375
-0.408,10,207.636706
1.889,15,207.728438
1.595,7,207.757666
-0.408,10,207.791229
0.191,14,207.837168
0.189,15,207.895614
1.593,9,207.953407
-0.407,9,208.022562
-0.709,11,208.069573
0.993,8,208.094937
-0.104,7,208.121556
1.893,10,208.160591
-0.408,10,208.193172
1.891,12,208.23478
1.293,9,208.266852
0.792,13,208.3162
-1.007,8,208.343011
-0.404,7,208.368021
-0.71,12,208.41103
2.193,11,208.450221
-0.107,10,208.487355
-0.108,11,208.534467
1.897,6,208.579499
-0.707,9,208.627259
-0.705,7,208.653667
-0.705,7,208.682086
0.996,5,208.698094
-0.109,12,208.744572
2.193,11,208.782657
-0.107,11,208.822234
-0.406,8,208.849876
-1.007,8,208.884197
2.49,15,208.932332
0.491,14,208.982456
1.894,9,209.01245
0.996,5,209.031014
-0.404,6,209.0524
1.295,7,209.077339
0.493,11,209.113224
-0.705,7,209.14875
-0.712,14,209.238762
2.195,9,209.267761
1.594,9,209.29828
-0.706,8,209.333503
0.494,10,209.371241
2.491,13,209.416123
-0.104,8,209.445749
-0.107,10,209.487067
0.196,8,209.513906
-0.109,12,209.555733
-0.709,11,209.591894
-1.004,5,209.612204
0.189,14,209.660333
0.195,9,209.693251
-0.406,9,209.727102
1.297,5,209.751661
0.191,13,209.792547
-0.408,10,209.83315
-0.706,8,209.860259
1.595,7,209.887433
0.994,7,209.91307
2.193,11,209.953615
-0.405,7,209.978627
-0.409,11,210.023108
1.892,12,210.056059
0.996,5,210.073594
1.09,16,210.127098
0.995,6,210.150793
1.596,6,210.169564
1.592,11,210.209484
-0.404,7,210.236278
-0.105,8,210.267722
1.89,13,210.309881
1.296,6,210.330531
0.191,13,210.3709
2.489,15,210.424634
1.596,7,210.449809
-0.703,5,210.470766
-0.703,5,210.488387
-1.004,5,210.509012
1.894,9,210.538798
1.291,11,210.576065
0.992,9,210.606618
1.591,11,210.650791
-0.708,10,210.687948
1.59,12,210.72686
1.89,13,210.771149
-0.407,10,210.840453
1.591,11,210.904623
-0.707,9,210.936535
0.788,16,210.993691
0.996,5,211.015082
1.596,6,211.03594
2.791,13,211.080665
-0.706,8,211.110708
1.591,12,211.161383
-0.705,7,211.206321
-0.406,8,211.25115
-1.007,8,211.280462
1.892,11,211.316831
-0.107,10,211.352309
0.186,18,211.434943
1.893,11,211.473545
-0.409,12,211.515992
0.19,13,211.594565
2.493,11,211.635042
1.595,7,211.658041
1.595,8,211.685387
1.596,6,211.706859
-0.705,7,211.732872
-1.008,9,211.765447
1.595,7,211.794569
-0.108,11,211.831639
-0.108,11,211.872014
0.994,7,211.897208
1.894,9,211.932702
1.587,15,212.018596
-0.708,10,212.059914
1.594,9,212.091055
-0.707,9,212.123899
1.595,8,212.15673
-0.405,8,212.190655
-0.105,9,212.224603
-0.71,12,212.325488
1.592,11,212.408231
1.596,6,212.438919
1.297,5,212.459087
-0.703,5,212.483473
1.295,7,212.506779
1.594,9,212.5364
1.897,7,212.56015
1.291,11,212.60243
1.289,13,212.650432
-0.105,8,212.681516
-0.104,8,212.710288
1.593,9,212.743134
-0.106,9,212.774378
-0.107,11,212.813855
1.894,10,212.847044
1.593,10,212.88515
0.193,10,212.91763
0.992,9,212.951143
1.596,6,212.973653
1.893,10,213.014677
-0.405,7,213.034707
0.19,13,213.080265
-0.11,13,213.118551
0.195,9,213.152606
1.295,7,213.176585
-0.11,13,213.218955
1.892,12,213.26333
-1.007,8,213.332279
2.791,13,213.379808
1.59,12,213.420968
1.592,11,213.460433
0.195,9,213.495851
0.488,16,213.550063
1.594,8,213.575085
1.891,13,213.620558
-1.008,9,213.663646
-1.003,4,213.698055
-1.009,10,213.748997
-0.109,13,213.857292
-0.11,13,213.907852
1.893,10,213.940833
0.996,5,213.959504
1.596,6,213.977736
2.494,11,214.057769
-0.406,8,214.087435
1.596,7,214.111245
-0.706,8,214.146974
1.294,8,214.179821
1.892,11,214.264383
0.194,10,214.305431
-0.107,10,214.336154
1.594,8,214.371713
1.291,11,214.409788
-0.11,13,214.481394
-0.407,10,214.532979
1.594,9,214.565974
-0.408,10,214.608283
-0.409,12,214.648978
0.493,11,214.683574
-0.706,8,214.719123
-0.41,12,214.79948
1.296,6,214.824769
0.192,13,214.874117
1.295,7,214.92795
1.594,9,214.96604
1.592,10,214.999743
1.29,12,215.042953
0.994,7,215.066322
1.595,7,215.090462
2.493,11,215.131654
2.789,16,215.196256
1.292,10,215.23036
1.891,12,215.269223
-0.107,10,215.30671
1.896,7,215.330075
-0.703,5,215.353748
2.194,10,215.385893
-0.105,8,215.414399
1.896,8,215.44625
-0.41,13,215.498043
0.489,15,215.544491
-0.704,6,215.567324
-0.408,11,215.607683
1.594,8,215.637279
1.894,9,215.667478
0.996,5,215.686937
1.891,12,215.725011
1.589,13,215.77263
1.293,9,215.806804
0.197,7,215.827956
1.089,17,215.920935
2.19,14,215.973912
1.892,11,216.010644
-0.704,6,216.029828
-0.407,10,216.067595
1.593,10,216.10247
0.195,10,216.141472
2.194,10,216.185612
-0.408,11,216.242203
-0.406,9,216.274803
0.994,7,216.299395
-1.003,4,216.313798
1.289,13,216.357777
-1.003,4,216.373308
0.196,9,216.409005
-0.708,10,216.438316
1.597,6,216.458351
2.191,12,216.500314
-0.408,11,216.574251
-1.004,5,216.59347
0.193,11,216.630711
2.492,13,216.679626
1.595,7,216.701289
-0.109,12,216.745815
1.295,7,216.766238
-0.108,12,216.812672
1.892,12,216.858521
2.191,13,216.901744
2.194,10,216.937087
-1.005,6,216.958661
-0.407,9,216.990191
1.296,6,217.00942
1.595,8,217.03657
-0.408,11,217.079692
-0.405,8,217.109537
-0.712,14,217.152873
0.495,9,217.185418
1.593,10,217.222376
-0.109,13,217.261442
-0.108,12,217.301289
0.194,10,217.339901
-0.407,9,217.373235
-0.405,8,217.401132
1.297,5,217.417169
-0.107,10,217.453084
1.595,8,217.482387
-0.709,11,217.519363
2.793,12,217.56164
-1.006,7,217.611891
-1.003,4,217.643834
0.49,14,217.69456
-0.71,12,217.783249
1.895,8,217.842139
1.594,8,217.878687
2.494,10,217.91116
1.594,8,217.944202
-0.708,10,217.981281
2.496,8,218.013335
-0.71,12,218.090492
1.596,6,218.108665
-0.708,10,218.146202
0.194,10,218.183408
-1.004,5,218.198963
-0.41,13,218.243848
1.294,8,218.269336
2.493,12,218.357945
0.997,4,218.369836
1.595,7,218.392045
1.297,5,218.406462
0.191,12,218.449242
-0.409,12,218.489793
-0.406,8,218.520649
1.297,5,218.539973
1.892,12,218.583959
2.191,13,218.634274
-0.404,7,218.659695
-0.107,10,218.696873
0.992,9,218.748535
-0.706,8,218.8035
0.492,13,218.847705
1.892,11,218.884587
0.189,16,218.94254
1.596,6,218.966328
-0.107,10,218.995774
-0.106,10,219.029531
1.594,8,219.060894
2.19,14,219.113908
1.595,8,219.142069
1.889,15,219.195721
0.489,15,219.242971
1.295,7,219.267391
3.088,18,219.322558
0.996,5,219.341898
1.595,8,219.372377
1.593,9,219.402188
-0.407,10,219.436227
0.192,12,219.480654
-0.406,9,219.520238
2.186,18,219.571581
2.194,10,219.608172
2.492,12,219.649998
0.492,13,219.695658
-0.405,7,219.719828
0.795,9,219.751443
-0.706,8,219.779124
1.894,9,219.82128
-0.409,11,219.863185
-0.704,6,219.88732
1.293,9,219.916821
-0.108,11,219.958228
0.189,15,220.008987
1.596,6,220.029796
-0.407,10,220.060681
-0.104,7,220.108871
1.594,8,220.13914
-0.705,7,220.167859
-0.106,9,220.197537
1.594,9,220.232582
-1.008,9,220.266012
-0.109,12,220.304862
1.594,8,220.333155
1.293,9,220.365589
1.593,9,220.394532
-0.106,9,220.430485
1.297,5,220.449145
1.892,12,220.490079
0.193,11,220.526304
-0.709,11,220.561151
-0.403,6,220.607417
1.594,8,220.654008
1.594,9,220.704423
-0.105,9,220.785536
1.596,6,220.841701
1.897,6,220.874698
-0.108,11,220.916671
1.895,8,220.946713
1.596,6,220.963645
0.191,13,221.014373
1.896,8,221.042455
1.594,9,221.072937
1.593,10,221.105356
-1.004,5,221.128522
2.194,9,221.156076
2.495,10,221.188935
1.595,7,221.211879
-0.408,10,221.252086
-0.406,8,221.283648
-1.006,7,221.306775
1.294,8,221.332948
-0.111,14,221.377659
2.493,12,221.435599
2.791,14,221.491793
-0.407,9,221.521684
1.594,8,221.554845
0.194,9,221.586322
1.594,9,221.615772
1.295,7,221.639905
0.192,12,221.685577
0.996,5,221.704145
1.593,10,221.737817
-0.705,7,221.761102
1.291,11,221.803433
-0.107,11,221.840804
-0.41,12,221.879974
1.895,8,221.906326
0.987,14,221.976902
1.596,7,222.013218
0.997,4,222.02546
0.192,11,222.102054
0.193,11,222.146418
-1.008,9,222.177743
-0.706,8,222.20439
0.996,5,222.22048
1.596,7,222.248134
-0.405,8,222.276546
-0.71,12,222.32005
1.296,6,222.338741
1.594,8,222.371485
-0.406,8,222.399379
-0.404,7,222.423911
-0.407,9,222.455689
1.595,7,222.485933
1.596,6,222.5319
1.895,8,222.60307
0.994,7,222.662122
0.787,19,222.732234
-0.404,7,222.760502
1.89,13,222.814755
1.596,7,222.839844
1.294,8,222.904312
2.193,10,222.947505
1.896,7,222.976408
-0.708,10,223.014441
2.191,13,223.060847
0.993,8,223.087098
2.791,13,223.13026
0.191,13,223.172617
1.59,13,223.222196
-0.409,11,223.255235
-0.704,6,223.279152
-1.005,6,223.298095
1.596,7,223.32513
2.193,11,223.366029
-1.01,11,223.406561
1.589,14,223.450446
-0.412,15,223.502603
-1.011,12,223.546767
1.295,7,223.569241
1.894,9,223.600935
1.291,11,223.645419
1.295,7,223.664456
0.994,7,223.689581
2.495,9,223.720948
-0.109,12,223.76441
-1.005,6,223.784055
-0.406,8,223.808564
-1.006,7,223.83225
1.297,5,223.851125
-0.107,10,223.885663
0.992,9,223.916822
1.297,5,223.933226
0.488,16,223.997746
1.593,10,224.051279
-1.006,7,224.078357
-0.406,9,224.10861
-1.007,8,224.167115
1.295,7,224.192945
1.592,10,224.229352
1.593,10,224.258858
1.595,8,224.287649
1.594,9,224.315089
-0.409,12,224.357357
1.595,8,224.38532
0.994,7,224.419131
1.592,10,224.477907
1.894,9,224.532174
0.994,7,224.556262
1.596,6,224.576326
2.489,15,224.620402
-1.004,5,224.639335
1.595,7,224.676408
-0.71,12,224.725774
-0.105,8,224.760712
1.291,11,224.799824
-0.106,10,224.838674
1.896,7,224.867826
-0.103,7,224.900163
2.193,10,224.932106
1.592,10,224.968314
-0.406,8,224.999604
0.993,8,225.026599
0.195,8,225.060127
0.996,5,225.098251
3.095,12,225.167283
2.193,11,225.203875
0.19,14,225.248468
-0.407,10,225.31042
1.293,9,225.348872
0.491,13,225.39313
0.791,14,225.470495
1.688,18,225.621863
-0.105,9,225.6869
1.591,12,225.729448
-1.005,6,225.747113
2.189,15,225.808152
1.292,10,225.845939
2.195,9,225.873484
1.597,6,225.894755
2.194,10,225.968013
0.991,10,226.012791
-0.408,11,226.051022
1.893,10,226.081301
-0.11,13,226.12533
1.596,7,226.154948
0.194,10,226.235108
-0.406,8,226.264756
1.593,9,226.294866
1.593,10,226.328838
0.994,7,226.352465
1.297,5,226.368565
0.194,10,226.405426
1.592,10,226.440393
1.294,8,226.466224
-1.007,8,226.494535
1.591,11,226.530488
1.596,6,226.554632
2.494,11,226.591661
1.897,6,226.613113
2.491,14,226.674743
-0.406,9,226.763927
0.197,7,226.8042
2.195,9,226.84005
0.995,6,226.858435
0.996,5,226.876497
0.792,14,226.97681
0.996,5,227.0213
1.895,8,227.064264
1.594,8,227.098072
1.292,10,227.132423
-0.106,10,227.172661
-0.406,9,227.203932
-0.108,11,227.246225
0.496,8,227.272885
2.494,10,227.305909
1.591,12,227.346071
0.996,5,227.369386
-0.706,8,227.399533
0.194,10,227.437985
1.89,13,227.485894
0.996,5,227.508031
1.893,10,227.542209
2.491,13,227.592571
-0.708,10,227.627649
-0.406,9,227.661205
1.596,7,227.684199
2.194,10,227.718683
1.891,13,227.763068
1.293,9,227.795141
-0.406,8,227.822609
-0.406,9,227.853323
1.593,10,227.893656
0.992,9,227.931273
-0.706,8,227.96034
-0.404,7,227.985786
-1.005,6,228.005496
2.791,14,228.062956
1.297,5,228.080391
-0.406,9,228.113541
-0.405,7,228.138411
0.193,11,228.181021
-0.108,11,228.22461
1.896,7,228.247274
1.592,10,228.289255
2.494,11,228.36182
1.297,5,228.377712
-0.408,11,228.415809
1.892,11,228.451555
-0.104,7,228.482801
1.296,6,228.503708
-0.404,6,228.519482
1.895,9,228.550503
1.888,16,228.615057
1.295,7,228.638424
2.197,7,228.663615
-0.405,7,228.687242
-0.711,13,228.761044
2.49,14,228.80926
1.595,8,228.83631
1.295,7,228.860806
-0.106,9,228.899384
-1.005,6,228.922858
-0.706,8,228.951132
1.893,11,228.995191
-0.113,16,229.049494
0.493,12,229.095765
-0.106,10,229.131105
-0.706,8,229.159878
0.992,9,229.191879
-0.703,5,229.209537
-0.407,9,229.241963
-0.409,12,229.280973
1.592,10,229.31553
0.194,10,229.352722
-0.102,6,229.372292
0.995,6,229.394232
2.497,9,229.430247
1.296,6,229.452813
-0.409,12,229.491402
-0.407,9,229.524231
-0.406,9,229.559
0.193,10,229.591728
0.196,8,229.618633
1.087,19,229.717099
0.996,5,229.736256
0.992,9,229.764235
1.894,9,229.793367
-0.404,7,229.820648
0.995,6,229.842566
0.493,11,229.880337
2.193,11,229.919719
1.294,8,229.94618
-0.106,10,229.985169
2.191,13,230.030081
-0.111,15,230.073972
0.491,14,230.148019
1.892,11,230.195964
2.194,9,230.224086
1.893,11,230.260812
0.795,9,230.291571
1.897,6,230.314184
-0.109,12,230.356363
0.188,15,230.40595
-0.106,9,230.437107
1.895,8,230.46442
-0.406,8,230.491467
-1.006,7,230.517412
1.297,5,230.532765
0.992,9,230.572252
0.996,5,230.587678
-0.704,6,230.607713
-1.009,10,230.638973
-0.705,7,230.667611
0.493,11,230.70484
-0.411,13,230.751321
-0.104,8,230.778165
-0.406,8,230.81243
1.295,7,230.836362
-0.708,10,230.872651
-0.109,13,230.919116
1.294,8,230.947837
2.196,8,230.975228
0.792,13,231.019077
1.893,10,231.057008
-0.404,7,231.08595
0.491,14,231.132976
-0.411,14,231.184224
0.496,8,231.212182
0.191,13,231.264076
-0.405,7,231.290139
2.494,10,231.32313
-1.004,5,231.340109
1.893,11,231.383276
0.992,9,231.412121
-0.705,7,231.436723
2.492,13,231.481611
1.593,9,231.51678
-0.41,13,231.556136
-0.703,5,231.574265
-0.703,5,231.593612
1.595,8,231.62373
1.595,7,231.646979
1.894,10,231.677943
1.897,6,231.696824
-0.105,9,231.731986
2.193,11,231.772514
-0.405,8,231.801255
1.294,8,231.860006
-0.108,11,231.909081
1.596,7,231.934595
2.488,17,231.988892
1.896,7,232.011184
1.895,9,232.047601
-0.409,12,232.092167
1.889,14,232.136619
0.79,14,232.184274
-0.711,13,232.236816
1.294,8,232.26367
0.192,12,232.306391
1.59,13,232.348592
0.794,11,232.394356
1.293,9,232.425887
-0.407,10,232.460698
1.589,13,232.501215
1.594,8,232.539752
1.896,8,232.573423
1.589,14,232.621844
1.596,6,232.639189
1.295,7,232.66832
1.594,8,232.696182
-0.408,11,232.729511
1.297,5,232.746208
1.595,8,232.774679
1.89,13,232.819289
2.493,11,232.854407
1.593,9,232.883414
2.794,11,232.925449
3.088,19,232.988056
-0.41,13,233.03485
0.494,10,233.065958
-0.406,8,233.098042
2.193,11,233.161845
0.488,17,233.235075
0.192,12,233.277788
1.895,9,233.314656
2.193,11,233.351469
1.293,9,233.383449
1.893,10,233.411898
1.295,7,233.441424
0.788,16,233.503539
2.195,8,233.531839
0.195,9,233.561966
1.296,6,233.585931
-0.705,7,233.609608
1.294,8,233.635936
0.994,7,233.659621
1.593,9,233.691788
1.892,11,233.728299
-0.411,14,233.782321
1.595,7,233.802915
-1.006,7,233.831115
1.591,11,233.900229
1.894,9,233.960651
-0.108,12,234.001727
1.895,9,234.035316
-1.008,9,234.07553
1.593,10,234.108443
-0.104,8,234.136298
1.293,9,234.173359
1.091,14,234.220834
2.192,12,234.26019
3.391,15,234.30894
1.593,9,234.353493
1.595,7,234.403371
0.996,5,234.425066
1.595,7,234.450392
-0.71,12,234.488169
1.595,8,234.514456
0.191,13,234.561218
1.895,8,234.586673
1.592,10,234.62394
0.493,11,234.666451
1.893,10,234.702943
-0.107,10,234.736075
-1.003,4,234.754866
0.495,10,234.791369
-0.105,8,234.820719
1.295,7,234.840349
-0.108,11,234.881788
1.893,10,234.922288
0.493,12,234.962804
0.193,10,234.997418
2.792,12,235.04475
1.595,8,235.074304
2.195,10,235.109415
1.895,8,235.150308
-0.11,14,235.224015
1.694,13,235.263532
1.596,7,235.288365
2.193,11,235.327285
0.493,11,235.365161
1.595,8,235.394597
-0.407,10,235.426347
1.295,7,235.450908
1.597,6,235.484356
1.891,13,235.535806
2.19,14,235.58112
1.594,8,235.647287
0.996,5,235.68116
1.597,5,235.703233
1.896,7,235.72549
0.495,10,235.811341
-0.403,6,235.858996
1.891,12,235.969624
1.597,5,236.01296
2.192,13,236.109104
-0.408,11,236.211431
1.597,5,236.238433
-0.707,9,236.276592
1.891,12,236.315121
-1.004,5,236.339283
-0.405,8,236.370037
0.193,11,236.445582
1.596,6,236.466346
1.592,10,236.504803
0.492,13,236.551977
-0.407,10,236.58622
2.491,15,236.635144
0.493,13,236.721821
1.596,7,236.74499
1.595,8,236.768842
-0.708,10,236.80134
-0.104,7,236.829634
1.293,9,236.858406
3.095,11,236.900291
-0.404,7,236.953563
2.193,11,237.049524
1.891,12,237.095412
1.594,9,237.135151
1.292,10,237.171793
-0.407,9,237.200095
2.493,11,237.24175
2.495,10,237.285688
-1.004,5,237.305645
-1.01,11,237.343262
1.587,16,237.404452
0.495,10,237.442731
2.493,13,237.492053
1.295,7,237.523879
1.595,7,237.558637
1.891,12,237.605057
-1.003,4,237.622139
1.595,7,237.65861
-0.407,9,237.706786
-0.407,9,237.753698
1.596,7,237.783773
1.595,8,237.817779
2.791,13,237.856715
2.194,10,237.893107
1.595,8,237.918403
-0.11,13,237.967758
0.191,12,238.004809
2.793,13,238.050563
1.896,7,238.095881
1.295,7,238.147304
1.296,6,238.180674
0.495,10,238.271549
0.493,12,238.351305
0.992,9,238.379268
-1.01,11,238.416177
2.191,14,238.466492
0.189,15,238.516603
1.595,7,238.54461
-0.107,10,238.580004
-1.005,6,238.601063
-0.705,7,238.622631
0.191,12,238.690073
1.091,14,238.784389
0.493,12,238.823731
1.892,11,238.860688
-0.407,10,238.920321
1.893,10,238.957326
2.492,12,238.997545
1.595,8,239.025055
-0.404,7,239.053262
0.792,13,239.110778
-0.106,10,239.143722
1.29,12,239.182495
-0.108,11,239.221817
1.594,8,239.250682
-0.105,9,239.284569
1.894,9,239.31575
-0.407,10,239.354777
1.295,7,239.379488
0.195,9,239.409803
1.892,11,239.494559
2.19,14,239.545137
-0.406,8,239.575724
-0.407,10,239.618371
-0.106,10,239.65587
1.294,8,239.72351
-0.409,12,239.804506
1.891,13,239.844865
-1.004,5,239.862464
-1.004,5,239.884992
-1.006,7,239.909756
-1.01,11,239.946598
1.593,10,239.982672
1.591,12,240.025763
1.288,14,240.07069
1.297,5,240.089604
1.592,10,240.12165
0.19,15,240.173385
1.596,6,240.191681
1.288,14,240.23929
-0.705,7,240.265147
-0.406,8,240.2995
1.892,11,240.403028
-0.407,10,240.450335
1.292,10,240.489644
2.491,14,240.547541
0.193,11,240.590412
2.791,14,240.63538
2.189,14,240.682164
-0.112,15,240.737058
-0.405,7,240.761305
1.291,11,240.81385
0.192,11,240.889939
1.893,10,240.966199
-0.411,14,241.03383
-0.106,9,241.062088
0.193,11,241.100309
-0.108,11,241.140048
1.594,8,241.170606
1.593,9,241.237464
1.897,6,241.263386
0.193,10,241.302309
-0.707,9,241.332833
1.295,7,241.356821
1.295,7,241.378004
-0.405,8,241.407193
2.189,14,241.459507
-0.706,8,241.484729
1.294,8,241.511834
0.992,9,241.544825
-0.71,12,241.587452
-1.006,7,241.612605
-1.003,4,241.625762
2.193,12,241.662937
2.191,14,241.708599
1.894,10,241.749286
-0.106,10,241.782272
-0.706,8,241.813832
-0.107,10,241.849921
-0.112,16,241.903584
-0.406,8,241.932576
2.194,11,241.974673
-0.705,7,241.99663
1.893,10,242.038801
0.19,14,242.116573
-0.407,10,242.162622
-1.007,8,242.188531
2.494,11,242.231288
-0.705,7,242.253804
-0.705,7,242.284047
-0.111,14,242.326855
1.39,16,242.375827
0.993,8,242.401558
-0.405,8,242.433629
2.793,12,242.493432
1.291,11,242.546882
1.595,8,242.572512
2.493,12,242.622586
-1.006,7,242.648571
-0.707,9,242.68731
2.191,14,242.733918
0.993,8,242.766321
2.194,9,242.795599
1.896,7,242.819623
1.596,7,242.846786
-1.008,9,242.880784
2.19,13,242.921764
-0.404,7,242.946539
2.193,11,242.99748
2.195,9,243.068695
2.19,13,243.17032
1.297,5,243.208333
1.292,10,243.248068
1.895,8,243.278419
1.894,10,243.310394
0.996,5,243.328666
0.191,13,243.370993
-0.406,9,243.403002
1.896,8,243.432669
0.494,10,243.466012
1.596,7,243.487157
1.296,6,243.514284
1.295,7,243.553513
-0.111,15,243.61872
2.196,8,243.645531
-0.407,10,243.688475
-0.405,8,243.715593
0.191,14,243.762007
2.493,11,243.799655
-1.004,5,243.823591
1.091,15,243.877214
-0.708,10,243.913287
1.596,7,243.934863
-0.407,10,243.970564
-0.406,9,244.002426
1.892,12,244.042421
1.295,7,244.072101
1.592,10,244.107868
0.996,5,244.125701
0.192,13,244.167412
0.189,15,244.220034
1.594,9,244.325914
1.294,8,244.354414
-0.404,7,244.381283
2.19,13,244.449023
-0.102,6,244.478083
-0.405,8,244.526768
1.897,6,244.553002
0.492,13,244.597279
-0.703,5,244.61789
1.594,9,244.653641
-0.405,8,244.68154
2.189,14,244.721183
1.296,6,244.742749
0.193,11,244.775956
2.195,9,244.810576
1.894,9,244.842082
-0.703,5,244.86397
1.896,8,244.891992
2.196,8,244.917896
1.096,11,244.957764
1.594,9,244.989493
0.192,11,245.028883
-1.007,8,245.056204
1.895,8,245.082686
-0.111,14,245.138902
1.893,11,245.211467
-0.108,11,245.24791
-1.003,4,245.260867
-0.107,11,245.301682
1.892,12,245.338128
1.293,9,245.406747
-0.407,10,245.448888
2.494,10,245.488611
1.891,12,245.528843
0.194,11,245.571299
2.188,15,245.666609
0.997,4,245.680589
-0.41,12,245.723306
1.596,6,245.7467
0.191,13,245.78875
0.491,13,245.840881
2.191,12,245.884034
2.79,15,245.941311
-0.404,6,245.962765
1.594,9,245.99633
-0.707,9,246.028381
2.187,18,246.08361
1.297,5,246.09828
-0.106,9,246.137658
1.29,12,246.183655
1.594,9,246.211016
-0.407,9,246.278033
-0.412,14,246.338446
1.894,9,246.36424
1.594,9,246.396338
0.49,14,246.443967
-0.405,7,246.471166
0.194,10,246.504537
2.493,11,246.544055
-0.703,5,246.560761
1.893,10,246.599148
0.996,5,246.614493
2.194,9,246.680305
0.189,15,246.744263
1.297,5,246.768658
1.596,6,246.789515
2.192,12,246.83135
1.892,11,246.869011
1.296,6,246.895
2.195,10,246.930022
-1.004,5,246.948591
2.191,13,246.991299
1.891,13,247.035697
1.59,13,247.080125
2.193,11,247.116309
-1.003,4,247.129748
0.996,5,247.151269
1.896,7,247.173032
-0.108,11,247.210304
1.296,6,247.231031
-0.106,10,247.269352
0.192,11,247.304363
1.595,7,247.326595
2.792,13,247.365958
1.596,6,247.38343
1.891,12,247.421955
1.292,10,247.457464
1.895,8,247.482568
-0.704,6,247.511728
2.187,17,247.569328
-1.004,5,247.587695
1.592,10,247.627366
-1.005,6,247.651868
0.996,5,247.667569
0.491,13,247.756042
-0.706,8,247.787524
0.993,8,247.817311
-0.402,5,247.835552
1.896,7,247.85808
0.193,10,247.895689
2.192,11,247.939291
0.191,13,248.023734
1.289,13,248.065504
1.591,12,248.10535
0.196,8,248.140716
-1.004,5,248.157641
1.892,11,248.196494
2.189,15,248.24607
-1.005,6,248.272366
2.192,12,248.312788
1.597,5,248.33027
2.194,10,248.364546
0.997,4,248.382281
-1.007,8,248.406948
-0.706,8,248.435565
0.193,11,248.476834
1.596,7,248.507004
-0.406,9,248.543081
0.193,11,248.586025
-0.41,13,248.628853
1.591,12,248.671567
0.49,15,248.72077
1.592,10,248.752573
1.893,10,248.784495
-1.005,6,248.809633
-0.71,12,248.849592
1.594,9,248.880203
-0.409,12,248.922392
1.297,5,248.945783
0.792,12,248.98301
0.491,14,249.028042
0.995,6,249.04858
1.893,10,249.084929
-0.705,7,249.127771
0.996,5,249.168083
1.391,15,249.232764
1.293,9,249.265145
1.594,8,249.300298
1.893,11,249.385474
0.191,13,249.437174
1.895,8,249.471693
-0.407,9,249.500739
0.787,17,249.557664
2.192,11,249.593398
1.893,10,249.631762
-1.003,4,249.646668
-1.003,4,249.660981
-0.111,14,249.706694
1.592,11,249.746971
-1.007,8,249.77805
-0.111,14,249.825251
1.592,10,249.86062
2.192,11,249.902065
1.292,10,249.93595
2.195,8,249.967735
-1.008,9,250.001505
-0.109,12,250.047477
-1.003,4,250.064879
-0.705,7,250.093691
2.788,17,250.153596
0.187,17,250.208169
1.594,8,250.237662
-0.705,7,250.265064
2.193,10,250.295554
1.597,5,250.311353
0.49,14,250.356391
-0.112,15,250.403191
1.591,11,250.44026
1.594,8,250.471719
-0.406,8,250.498654
-0.409,11,250.543384
-0.106,10,250.584512
-0.709,11,250.625912
1.297,5,250.645884
1.594,9,250.67611
1.596,6,250.695115
1.292,10,250.736914
1.594,8,250.768574
1.296,6,250.786856
1.297,5,250.805007
-0.108,11,250.844915
0.997,4,250.861338
1.597,5,250.879355
-0.411,13,250.970297
0.997,4,251.007615
2.19,14,251.078563
-0.403,6,251.100646
1.591,11,251.14307
1.896,7,251.167057
-1.005,6,251.190733
0.192,11,251.229955
1.894,9,251.260321
-0.111,14,251.316051
-1.007,8,251.369371
2.193,10,251.408866
1.594,8,251.438099
-1.004,5,251.456354
-0.706,8,251.507555
1.594,8,251.553742
1.59,13,251.629866
-0.112,16,251.722619
-0.708,10,251.820085
2.49,15,251.879619
0.997,4,251.895869
1.597,5,251.91868
-1.004,5,251.935637
-0.109,12,252.026063
1.897,6,252.049133
1.293,9,252.084896
1.294,8,252.114272
-0.408,11,252.15807
-0.709,11,252.192182
1.894,9,252.227558
-1.008,9,252.258979
-1.006,7,252.286197
2.787,17,252.335837
-0.108,11,252.376354
-0.107,10,252.413014
-0.409,12,252.448711
-0.406,9,252.48271
-0.407,9,252.531222
-0.705,7,252.570695
0.193,10,252.607717
-0.706,8,252.636294
1.595,7,252.661979
-0.409,11,252.699244
0.994,7,252.725101
1.597,6,252.745712
1.588,14,252.795785
1.297,5,252.81178
1.591,11,252.847816
1.895,8,252.874298
1.294,8,252.904412
2.193,12,252.946055
1.893,11,252.982268
-0.705,7,253.00703
1.591,11,253.042773
-0.109,12,253.086506
2.492,12,253.12746
0.192,11,253.209136
-1.004,5,253.232722
0.794,11,253.273012
2.493,11,253.310653
2.191,13,253.354544
1.596,7,253.387034
2.497,8,253.415049
2.491,13,253.456521
-0.406,8,253.484575
0.992,9,253.51928
1.292,10,253.568004
0.192,11,253.637696
-0.408,10,253.670482
0.997,4,253.686301
1.592,10,253.721013
-0.706,8,253.749254
-0.408,10,253.786191
-0.708,10,253.826397
1.297,5,253.843005
-0.404,7,253.869468
-0.406,8,253.902195
1.895,8,253.935651
-0.706,8,253.964035
1.593,9,253.993223
-0.408,11,254.034204
1.591,11,254.075179
1.294,8,254.103276
1.596,6,254.139078
1.893,10,254.192935
1.897,6,254.230068
1.292,10,254.266425
0.996,5,254.285079
1.594,9,254.31651
-0.707,9,254.353954
-0.71,12,254.396963
2.794,11,254.432205
1.294,8,254.459245
1.295,7,254.487786
0.496,9,254.520313
1.595,7,254.543835
0.191,13,254.588232
-0.107,10,254.658612
-0.407,9,254.695972
1.891,12,254.771398
1.59,13,254.839738
0.492,12,254.896755
1.291,11,254.947111
0.497,8,254.974271
1.295,7,255.027999
-0.708,10,255.071768
0.995,6,255.091631
-0.106,9,255.128822
-0.705,7,255.157529
1.295,7,255.19063
0.793,12,255.254022
2.196,9,255.286018
0.492,12,255.323157
-0.405,8,255.357545
1.592,10,255.39088
1.592,11,255.429857
1.894,10,255.46465
-0.706,8,255.497421
2.493,11,255.53511
1.296,6,255.551077
1.89,13,255.602152
0.194,10,255.637719
-1.006,7,255.666191
1.29,12,255.711893
1.296,6,255.730951
-0.107,10,255.769466
1.296,6,255.798432
-0.109,12,255.854232
-0.404,7,255.877967
1.893,10,255.929978
-0.404,7,255.980228
0.193,11,256.033188
1.291,11,256.070592
-0.408,10,256.108943
0.495,9,256.141773
2.489,15,256.187922
2.195,9,256.219773
1.897,7,256.245252
-0.109,12,256.285011
1.595,8,256.31148
1.595,8,256.342058
1.297,5,256.400663
1.892,11,256.440718
0.996,5,256.461276
1.59,12,256.50318
-0.108,11,256.544494
-0.108,12,256.589737
2.196,9,256.621709
1.894,9,256.653739
2.792,13,256.704798
-0.407,10,256.762
1.892,11,256.804059
1.091,14,256.851225
0.993,8,256.912962
-0.104,7,256.968104
1.294,8,257.019214
1.293,9,257.054962
-0.712,14,257.138077
0.99,11,257.237903
0.996,5,257.281377
-0.11,13,257.335456
-0.705,7,257.362958
1.296,6,257.383972
-0.406,8,257.411821
2.195,9,257.441622
0.195,10,257.48579
1.292,10,257.521496
0.194,9,257.560724
2.193,10,257.602798
-0.705,7,257.635183
1.896,8,257.663638
1.596,7,257.685468
3.091,15,257.737125
0.191,12,257.781962
1.594,8,257.809078
-0.406,8,257.836453
1.895,8,257.865298
0.991,10,257.905275
1.891,12,257.947757
1.294,8,257.974422
-0.106,9,258.004407
0.496,8,258.036284
-0.708,10,258.070001
1.594,9,258.103594
0.996,5,258.118495
1.595,7,258.143102
-0.109,13,258.188491
-1.009,10,258.220228
1.891,13,258.259916
1.295,7,258.287728
1.894,9,258.325643
-0.108,11,258.390581
2.192,11,258.506234
-0.708,10,258.548486
1.293,9,258.58024
0.195,9,258.616368
2.194,10,258.650031
2.195,9,258.685325
1.892,11,258.745939
1.893,10,258.781898
-0.407,9,258.813565
1.298,4,258.826962
0.995,6,258.851166
1.596,6,258.880938
-0.406,9,258.917807
-1.01,11,258.957124
-0.705,7,258.982951
1.893,11,259.029561
2.194,9,259.057923
1.295,7,259.08655
-0.403,6,259.107214
1.595,8,259.132623
0.993,8,259.169917
-0.407,9,259.227154
-0.407,9,259.257857
2.192,12,259.299401
-1.005,6,259.323126
2.195,8,259.352985
-0.409,12,259.39734
-0.408,10,259.434196
0.996,5,259.451222
0.195,9,259.486186
1.295,7,259.512513
1.59,12,259.55094
-1.003,4,259.56563
-0.709,11,259.604639
0.992,9,259.634364
-0.411,14,259.684237
-1.004,5,259.702014
2.191,12,259.746154
-0.707,9,259.775224
0.996,5,259.789226
1.293,9,259.827847
1.296,6,259.848202
1.891,12,259.884022
1.595,8,259.915819
0.19,14,259.968835
1.595,8,259.998732
1.594,9,260.028026
1.594,8,260.054618
-0.403,6,260.074375
1.295,7,260.106258
-0.109,12,260.174597
1.894,10,260.247166
1.091,15,260.293095
0.491,14,260.344088
-0.707,9,260.37532
-0.706,8,260.414958
0.491,13,260.493445
-0.41,12,260.53732
0.49,15,260.61936
0.993,8,260.647745
1.596,6,260.667892
1.296,6,260.690872
1.296,6,260.712678
1.594,9,260.743728
0.995,6,260.762136
1.294,8,260.79342
1.893,11,260.832587
0.193,10,260.868233
-0.704,6,260.888351
-0.11,13,260.936037
1.895,9,260.968322
-0.707,9,260.999441
1.594,9,261.030746
1.293,9,261.062772
-0.11,13,261.110243
0.191,13,261.155307
-0.106,10,261.192324
-0.413,15,261.246737
2.492,12,261.283264
1.595,8,261.308959
-0.408,10,261.346789
0.992,9,261.380403
1.89,13,261.421402
1.895,9,261.45159
0.996,5,261.468949
0.99,11,261.507114
0.789,16,261.60688
2.792,13,261.696469
0.193,11,261.781885
2.193,10,261.874034
1.289,13,261.924893
1.594,9,261.954709
1.292,10,261.989577
1.595,7,262.028508
1.594,9,262.062453
-0.407,10,262.098511
-0.406,9,262.130171
0.194,10,262.169636
2.787,19,262.231303
1.896,7,262.255098
-0.406,9,262.283728
1.893,10,262.319782
1.593,9,262.372371
1.295,7,262.41084
1.894,9,262.445375
1.091,15,262.53772
0.486,18,262.600531
-0.708,10,262.635316
-0.708,10,262.675872
-1.007,8,262.723981
1.893,10,262.769034
1.296,6,262.795305
1.894,10,262.825648
1.59,12,262.869489
1.594,9,262.905273
-0.405,7,262.93014
-0.105,8,262.958873
1.893,11,262.999649
0.193,11,263.038061
-0.407,10,263.077837
1.591,12,263.120011
-1.003,4,263.136573
1.596,6,263.174056
2.492,12,263.251273
-0.108,11,263.326312
2.496,9,263.35802
-0.702,4,263.371874
0.192,12,263.420009
0.189,14,263.464266
1.894,10,263.509351
0.188,15,263.562189
-0.106,9,263.598813
2.488,16,263.65151
1.589,14,263.695949
-0.109,12,263.738383
-0.105,8,263.765217
1.295,7,263.789474
-0.703,5,263.810182
1.392,14,263.860551
1.292,10,263.892952
1.297,5,263.91138
-0.108,12,263.950816
1.292,10,263.981316
1.296,6,264.001989
1.594,9,264.02956
1.59,12,264.071492
1.595,8,264.097443
-0.707,9,264.12786
0.995,6,264.148636
-0.105,8,264.183851
0.791,15,264.234651
0.996,5,264.256042
0.789,17,264.309164
2.493,11,264.356076
0.188,15,264.405164
-1.005,6,264.42861
-1.003,4,264.442903
0.487,17,264.49913
2.192,13,264.54253
0.794,10,264.581241
-0.409,11,264.622087
1.893,10,264.657826
2.191,12,264.698437
-0.409,11,264.735508
-0.704,6,264.755056
-0.105,8,264.790846
1.896,8,264.817651
2.193,12,264.85904
-0.107,10,264.898228
1.594,8,264.930105
0.488,16,264.980305
1.893,10,265.009837
1.891,12,265.048408
-0.107,10,265.090118
-1.009,10,265.127122
-0.108,11,265.16291
3.696,10,265.198169
1.89,13,265.240247
-0.106,10,265.278257
1.894,9,265.312294
1.892,12,265.352163
2.194,10,265.387798
-0.407,9,265.418339
2.494,10,265.458672
2.19,13,265.54136
0.192,12,265.588613
-0.411,13,265.633741
-0.107,10,265.668665
-1.009,10,265.736642
-0.106,9,265.806748
1.293,9,265.840744
-0.109,13,265.885412
-0.106,9,265.914277
1.594,8,265.942067
-0.409,12,265.984311
0.195,9,266.018932
1.894,9,266.049863
-1.003,4,266.067792
1.597,5,266.083636
1.293,9,266.110155
-0.105,8,266.137438
0.194,10,266.211762
-0.109,12,266.256062
2.194,10,266.289219
1.892,12,266.330539
-0.404,6,266.355117
2.493,11,266.391217
-0.113,16,266.440987
1.592,10,266.473811
1.593,10,266.51459
0.491,14,266.562095
-1.003,4,266.574763
-0.105,8,266.601665
-0.105,9,266.635768
1.597,6,266.658356
1.292,10,266.690737
-0.109,12,266.726086
-0.41,13,266.778943
0.493,12,266.820096
1.891,13,266.86158
0.491,14,266.906854
-1.009,10,266.950137
0.995,6,266.968385
1.296,6,266.990114
-0.707,9,267.019498
1.594,8,267.054819
1.597,5,267.069105
1.894,10,267.125424
-0.407,10,267.15854
-0.704,6,267.186039
1.596,6,267.204569
2.491,13,267.252051
0.489,16,267.306222
-0.106,9,267.337639
-0.716,18,267.396689
1.595,7,267.420439
1.596,6,267.444272
1.293,9,267.478642
2.193,11,267.517907
1.596,6,267.556821
-1.006,7,267.582949
2.192,12,267.631361
-1.003,4,267.645588
0.494,10,267.678465
1.893,10,267.715744
2.79,15,267.771455
0.491,13,267.816552
-0.707,9,267.861771
1.296,6,267.893723
-1.006,7,267.925475
-1.007,8,267.955299
1.596,6,267.977423
0.195,9,268.008178
-0.108,11,268.054458
-0.105,9,268.087453
1.594,8,268.116071
1.595,7,268.146294
2.194,10,268.186286
-0.107,11,268.227724
-0.706,8,268.261343
1.894,9,268.295133
1.595,7,268.326864
-0.105,9,268.365688
-1.005,6,268.392165
1.297,5,268.410568
-1.004,5,268.435276
1.592,10,268.478659
-0.107,10,268.518933
-0.406,8,268.553292
2.794,11,268.60432
-0.408,10,268.646895
-0.113,16,268.7076
-0.405,7,268.73648
1.294,8,268.767179
-0.407,9,268.802823
-0.105,8,268.830872
2.49,14,268.88942
-0.403,6,268.921258
-0.709,11,268.958942
0.192,11,269.001684
1.893,10,269.039177
0.192,13,269.094059
1.591,12,269.141702
1.895,9,269.174902
2.492,12,269.222465
1.595,7,269.269645
1.597,5,269.302795
-0.407,10,269.34463
-0.404,7,269.369099
-0.408,11,269.459923
2.195,9,269.51292
-0.706,8,269.556406
0.196,8,269.589169
2.196,8,269.625053
-0.404,7,269.65695
1.893,11,269.736382
0.996,5,269.753855
1.897,6,269.777233
-0.41,12,269.822129
-0.703,5,269.839466
-0.704,6,269.861637
-0.106,9,269.901815
0.193,10,269.940471
-0.409,12,269.980995
-0.405,8,270.012001
1.092,14,270.076758
2.496,8,270.101925
-0.709,11,270.13625
1.293,9,270.178298
1.894,9,270.209557
0.192,11,270.2515
-0.708,10,270.293456
2.193,11,270.334228
1.89,13,270.3913
1.293,9,270.425354
1.293,9,270.469422
-0.404,6,270.502964
1.596,6,270.534063
-0.706,8,270.572161
0.193,11,270.611912
1.895,8,270.646628
1.596,7,270.675894
1.593,10,270.748764
-0.404,7,270.774932
2.19,14,270.842774
1.592,11,270.88428
1.592,10,270.919788
1.297,5,270.9352
0.487,17,270.998412
0.495,9,271.040628
2.194,10,271.072574
2.496,8,271.099843
-0.708,10,271.136319
1.292,10,271.168909
-1.006,7,271.192296
1.595,8,271.218597
1.892,11,271.258703
-0.705,7,271.321699
0.496,8,271.368237
-0.109,13,271.414002
1.295,7,271.435182
1.295,7,271.461262
2.194,10,271.495115
-0.109,12,271.540424
1.597,5,271.555862
1.39,16,271.621903
2.793,12,271.69337
1.598,5,271.726702
-0.106,9,271.793222
-0.705,7,271.821176
-1.007,8,271.849
1.595,8,271.882607
2.194,10,271.919635
1.892,11,271.955715
-0.407,10,271.992241
1.594,8,272.016301
1.291,11,272.061186
1.297,5,272.081636
-0.405,7,272.107426
-1.004,5,272.124715
-1.003,4,272.139781
1.293,9,272.174117
1.896,8,272.20193
2.188,16,272.271661
0.491,13,272.313999
2.196,8,272.345313
-0.407,10,272.379209
0.996,5,272.399844
-0.706,8,272.439254
0.49,15,272.502219
2.492,13,272.563733
1.591,12,272.609509
-0.105,9,272.65106
1.592,11,272.691129
-0.708,10,272.72495
-1.003,4,272.739769
0.189,15,272.790286
1.896,7,272.816615
-0.104,8,272.844171
1.291,11,272.888089
2.191,13,272.936266
0.996,5,272.956127
2.192,11,273.001929
1.895,9,273.037147
2.191,12,273.076505
2.196,9,273.112274
1.891,12,273.189027
0.994,7,273.222854
0.992,9,273.251212
1.89,13,273.298034
2.194,10,273.341528
1.897,6,273.373818
1.095,11,273.47076
1.896,8,273.504326
-0.403,6,273.538975
1.297,5,273.592597
-0.407,10,273.626597
1.592,11,273.670454
-0.708,10,273.709215
1.891,12,273.750278
1.296,6,273.770767
0.792,13,273.815266
-0.706,8,273.844272
1.297,5,273.881359
-0.409,12,273.943321
1.89,13,273.990025
2.193,11,274.02496
-0.404,7,274.053168
1.895,8,274.082952
1.595,8,274.115915
-0.106,10,274.154086
-0.707,9,274.185231
2.192,11,274.218384
0.996,5,274.235467
0.193,11,274.272068
1.297,5,274.28736
1.296,6,274.30554
-0.105,8,274.341792
-0.105,8,274.37137
-0.412,15,274.417015
0.489,15,274.468631
-0.406,9,274.502694
2.194,9,274.535455
0.198,7,274.56508
1.291,11,274.601359
2.188,17,274.659235
1.596,7,274.683644
-1.008,9,274.715902
0.193,11,274.756559
0.791,15,274.814615
2.788,17,274.87577
2.195,9,274.916554
0.99,11,274.986745
-0.404,7,275.052073
1.091,15,275.10093
0.193,10,275.137979
0.194,10,275.17113
1.293,9,275.210779
1.89,13,275.252148
-0.706,8,275.280558
2.492,12,275.320364
2.191,12,275.366266
-0.71,12,275.409003
2.49,14,275.454087
2.791,13,275.498503
-0.107,11,275.538475
-0.708,10,275.582262
-0.408,11,275.623241
-1.003,4,275.637305
0.792,13,275.682647
1.596,6,275.701151
1.294,8,275.730382
-0.412,15,275.783818
2.788,17,275.876943
-0.108,11,275.9805
-1.003,4,276.021255
1.595,7,276.056645
1.892,12,276.102945
1.588,14,276.152219
1.689,17,276.214401
-0.409,11,276.25114
1.893,10,276.290313
0.193,11,276.326709
-0.407,9,276.357642
-0.406,8,276.387233
1.592,10,276.424923
0.189,15,276.476749
-0.109,12,276.518489
2.192,12,276.565882
-0.704,6,276.59198
2.793,13,276.635808
1.593,9,276.66608
1.595,7,276.698492
-0.412,14,276.750669
0.995,6,276.772333
0.494,11,276.811648
1.594,9,276.842899
0.993,8,276.87033
1.296,6,276.888899
1.896,7,276.914989
0.193,12,276.956292
0.188,16,277.012871
2.491,13,277.08918
1.895,8,277.127906
2.195,9,277.160975
0.995,6,277.185861
1.389,17,277.239761
1.89,13,277.286699
0.192,12,277.329722
-0.709,11,277.372483
0.489,15,277.423664
1.596,7,277.448038
0.193,11,277.485453
1.594,8,277.513487
2.491,13,277.555051
-0.107,10,277.587634
-0.703,5,277.609591
2.494,11,277.647743
1.596,6,277.669332
-0.703,5,277.685714
-1.005,6,277.710631
1.593,9,277.755091
1.89,13,277.851538
-0.405,7,277.888869
-0.109,12,277.930414
1.891,12,277.973144
0.192,12,278.016
1.594,9,278.044568
2.194,10,278.078981
1.594,9,278.113862
2.195,9,278.142247
1.288,14,278.19598
1.893,11,278.263101
0.991,10,278.311787
2.193,10,278.342823
-0.406,9,278.378001
1.893,10,278.413174
1.89,14,278.497542
1.89,13,278.557994
2.19,14,278.603256
-0.107,10,278.6384
1.591,12,278.684401
2.189,15,278.73991
1.895,8,278.765756
2.795,11,278.802113
0.191,13,278.855386
-0.703,5,278.875733
1.594,8,278.899554
-1.004,5,278.915973
-0.71,12,278.962718
1.293,9,278.999915
-0.712,14,279.04865
1.59,13,279.092145
1.896,7,279.117994
2.195,9,279.15246
-0.105,8,279.181736
1.591,12,279.227426
-0.409,12,279.271978
1.594,9,279.29739
1.893,11,279.334167
-0.113,17,279.386992
2.19,13,279.43499
1.893,10,279.467675
-0.108,12,279.511978
0.192,13,279.555359
2.792,13,279.60656
2.492,12,279.647841
1.294,8,279.674078
2.49,15,279.722246
1.895,8,279.753397
-0.105,9,279.786162
1.597,5,279.801128
-0.705,7,279.831197
2.196,9,279.868963
-0.411,14,279.918633
-1.007,8,279.947271
-0.709,11,279.983788
-0.105,9,280.019142
1.893,11,280.056029
2.495,9,280.086658
3.092,13,280.134892
1.293,9,280.167484
2.195,9,280.198956
0.993,8,280.224097
1.892,11,280.259171
1.592,10,280.294596
1.594,9,280.327383
0.192,12,280.367254
-1.004,5,280.384212
1.297,5,280.402835
0.191,13,280.452757
-0.108,11,280.492534
1.595,8,280.519718
-0.408,10,280.556509
-0.11,13,280.604779
1.296,6,280.625692
1.294,8,280.651442
1.894,9,280.684431
1.596,7,280.706297
0.194,11,280.747986
0.996,5,280.769165
1.593,9,280.847939
-1.003,4,280.864443
1.294,8,280.895483
1.894,9,280.95656
2.191,13,281.02126
1.589,13,281.060551
0.192,12,281.107548
0.996,5,281.125827
1.596,7,281.156229
-0.411,13,281.207948
1.894,9,281.235105
-1.003,4,281.249328
2.19,14,281.297961
0.194,10,281.334466
-0.406,9,281.365723
-0.708,10,281.402657
-0.406,9,281.437285
-1.003,4,281.451507
1.093,13,281.495666
1.594,8,281.519534
-0.704,6,281.551521
0.49,15,281.616773
1.597,5,281.63903
-1.003,4,281.657838
2.195,9,281.694102
1.595,7,281.717169
1.593,9,281.74692
0.996,5,281.763566
1.893,10,281.799494
1.594,9,281.828954
0.792,13,281.870132
-0.104,8,281.898604
1.595,8,281.931417
2.491,13,281.977506
1.597,5,281.99396
1.594,8,282.022298
-0.408,11,282.061059
-0.705,7,282.086106
1.295,7,282.11155
1.595,7,282.13506
1.294,8,282.163719
-0.707,9,282.226499
2.491,14,282.27971
0.994,7,282.302955
1.889,14,282.357886
1.896,7,282.387177
2.491,13,282.441919
-0.415,18,282.49493
2.494,11,282.554041
2.192,12,282.641684
1.594,9,282.719708
1.896,7,282.752307
-1.003,4,282.77154
-0.11,13,282.813346
-0.105,8,282.837795
1.295,7,282.861326
1.894,10,282.907929
0.997,4,282.924467
-0.111,14,283.006807
1.596,7,283.048822
1.596,6,283.073465
1.897,6,283.098395
0.487,18,283.152989
-0.707,9,283.184031
-0.707,9,283.245738
1.896,7,283.292361
1.595,7,283.32036
1.591,12,283.361262
-0.707,9,283.39461
-0.404,7,283.42027
1.291,11,283.457928
1.892,11,283.494048
1.896,7,283.518093
-1.006,7,283.543889
1.893,10,283.576687
2.194,9,283.605898
0.193,11,283.650257
1.592,11,283.682408
-0.406,9,283.714746
1.292,10,283.749123
-0.405,8,283.783426
-0.706,8,283.813452
0.995,6,283.835283
1.595,7,283.856031
-0.403,6,283.881788
2.192,12,283.921213
1.896,8,283.951221
-0.406,8,283.977914
-0.41,13,284.024468
1.59,12,284.06403
-0.108,11,284.104474
1.893,11,284.143391
-0.109,12,284.192144
1.597,5,284.208283
-0.706,8,284.234281
2.194,10,284.267852
-0.709,11,284.361878
-0.712,14,284.4077
1.59,13,284.449989
0.194,9,284.481791
1.888,15,284.537774
1.593,10,284.572916
-0.705,7,284.598274
1.589,13,284.643415
1.891,12,284.683449
-1.003,4,284.714409
1.295,7,284.765303
1.894,9,284.804564
-1.006,7,284.833829
1.595,8,284.861983
1.89,13,284.905091
0.194,10,284.941927
-0.407,9,284.978193
-1.009,10,285.016106
1.893,10,285.048232
0.491,13,285.08881
0.193,10,285.130303
-0.106,9,285.169456
1.597,5,285.184666
2.194,9,285.225009
2.493,11,285.269602
2.791,14,285.318883
2.197,7,285.343999
1.893,11,285.380656
-0.405,8,285.41616
1.296,6,285.436295
2.793,11,285.475954
2.191,13,285.519084
1.594,9,285.553495
1.292,10,285.588478
-0.408,11,285.629612
-1.007,8,285.665681
1.594,9,285.730432
-0.405,8,285.7584
1.595,8,285.785057
1.596,7,285.80656
-0.703,5,285.82905
-0.404,7,285.851964
-0.106,10,285.893264
1.897,6,285.929753
-0.407,9,286.00382
2.193,11,286.065671
0.192,13,286.112474
0.192,12,286.161437
1.594,9,286.201445
1.596,6,286.246774
2.193,10,286.298558
1.293,9,286.3288
1.891,13,286.377294
1.293,9,286.409814
0.794,12,286.463571
0.489,16,286.517554
2.495,9,286.555413
0.788,17,286.608635
1.292,10,286.642075
-0.407,10,286.672712
1.891,12,286.716104
-0.706,8,286.769899
-0.411,13,286.829066
2.192,12,286.870033
-0.404,6,286.895891
0.792,15,286.947759
1.597,5,286.963694
0.997,4,286.977782
1.894,9,287.04735
-1.006,7,287.07861
-0.108,11,287.117556
1.293,9,287.149607
1.596,7,287.180424
2.496,9,287.210419
-0.408,11,287.248178
1.895,9,287.278603
1.593,10,287.316025
0.995,6,287.336755
2.792,12,287.377724
-0.711,13,287.424654
1.592,10,287.462585
-0.705,7,287.485937
-1.006,7,287.50962
1.892,11,287.544205
2.496,9,287.588203
-1.005,6,287.636385
1.092,14,287.688987
2.193,10,287.783517
0.19,14,287.842401
1.596,7,287.868
-0.707,9,287.898908
-0.11,13,287.945281
1.092,13,287.995248
-1.005,6,288.015543
1.298,4,288.027071
-0.706,8,288.061614
1.591,11,288.102479
1.294,8,288.130835
2.187,16,288.178063
-0.107,10,288.213001
2.489,15,288.266632
0.193,12,288.311216
1.594,8,288.336402
2.496,8,288.363389
-0.408,10,288.409061
2.193,11,288.445488
0.995,6,288.466558
0.195,9,288.498772
2.191,12,288.549552
0.793,13,288.595667
-0.405,8,288.625349
-0.406,9,288.658934
-0.403,6,288.682284
-1.003,4,288.695839
-0.11,13,288.762668
-0.108,11,288.808604
1.592,10,288.853081
2.195,8,288.878856
-0.106,9,288.902817
3.09,15,288.949686
1.594,9,288.984075
-0.405,7,289.006768
1.895,8,289.032861
2.194,10,289.063588
-1.006,7,289.09166
2.193,10,289.124143
2.794,11,289.174127
-0.107,10,289.209221
2.191,13,289.258151
-0.408,11,289.305659
0.994,7,289.327999
-0.705,7,289.348576
-0.704,6,289.373909
-1.008,9,289.408361
0.792,14,289.46403
-0.109,12,289.504174
1.893,10,289.584165
1.593,9,289.657159
-0.405,7,289.719319
-0.408,10,289.778023
1.894,9,289.81922
-0.709,11,289.867726
1.297,5,289.913238
1.59,13,289.97702
1.896,7,290.003862
2.191,12,290.041121
1.897,6,290.059158
1.594,8,290.087581
1.595,7,290.115104
-1.005,6,290.137555
1.595,7,290.161069
1.895,8,290.191116
-0.107,11,290.232331
1.597,5,290.247328
3.095,11,290.281668
1.091,15,290.326744
-0.404,7,290.381784
-0.707,9,290.42811
3.696,10,290.50938
0.993,8,290.550706
1.591,11,290.589861
1.297,5,290.608925
-0.105,8,290.637168
-0.408,11,290.67338
1.594,8,290.706846
-1.009,10,290.739943
1.896,8,290.766341
-1.004,5,290.785739
0.995,6,290.808001
0.191,13,290.858051
-0.409,12,290.902545
1.895,8,290.933041
-0.413,15,291.014131
2.491,13,291.073876
3.092,14,291.121504
-0.705,7,291.155659
-0.406,8,291.188567
0.997,4,291.200975
0.194,11,291.237762
1.896,7,291.266709
2.195,10,291.303422
-0.112,15,291.347982
-0.11,13,291.393076
-0.71,12,291.434234
2.79,16,291.489648
1.596,6,291.507262
1.596,6,291.528869
0.191,13,291.57183
1.593,10,291.631023
0.992,9,291.683725
-0.407,10,291.71915
1.291,11,291.758975
-0.408,11,291.804609
2.192,12,291.844587
-0.707,9,291.90367
-0.108,11,291.945324
1.888,15,292.031374
0.997,4,292.048965
2.189,14,292.094793
1.295,7,292.122113
1.89,13,292.186055
0.193,11,292.228873
-0.104,7,292.25284
2.189,15,292.303857
1.594,8,292.338173
0.991,10,292.372838
1.289,13,292.415766
0.991,10,292.448053
1.888,15,292.506884
1.597,5,292.521919
-0.406,8,292.550271
2.19,14,292.597047
1.292,10,292.632626
1.287,15,292.711443
1.591,12,292.768654
0.195,8,292.799905
1.893,10,292.838518
2.489,15,292.886085
-0.412,14,292.930519
-1.009,10,292.962283
-0.105,8,292.997481
1.296,6,293.020026
1.592,11,293.057681
1.894,9,293.085687
0.493,11,293.127735
1.596,6,293.148953
-0.409,12,293.204941
1.593,9,293.232929
1.891,12,293.282788
0.19,14,293.333234
1.288,14,293.426254
1.59,13,293.498066
1.296,6,293.549286
-0.412,14,293.597733
2.491,14,293.64043
1.895,9,293.668194
-0.404,7,293.695608
1.897,6,293.714579
1.893,10,293.747103
-0.104,7,293.774355
1.295,7,293.801336
1.597,5,293.816275
-0.707,9,293.84886
1.596,6,293.869416
2.492,13,293.916655
1.897,6,293.934687
-0.703,5,293.955505
-0.106,9,293.985635
-0.404,6,294.009884
1.291,11,294.052051
2.19,15,294.100588
-0.407,9,294.128768
-0.406,8,294.159785
1.595,8,294.187916
1.297,5,294.204035
1.595,8,294.232391
2.195,9,294.267116
-0.404,7,294.290108
-0.709,11,294.329032
1.594,8,294.352981
2.19,14,294.409846
0.189,15,294.458139
-0.111,15,294.510932
-1.004,5,294.527745
1.59,12,294.570556
-0.404,7,294.594833
1.595,8,294.623333
1.294,8,294.651949
1.894,10,294.691539
2.194,9,294.717381
-0.107,11,294.756061
1.894,10,294.788194
2.793,13,294.839931
-1.008,9,294.873299
1.594,9,294.925137
-0.106,9,294.977448
1.595,8,295.010572
-0.406,9,295.044764
0.992,9,295.077065
1.596,6,295.095308
0.492,12,295.141603
-0.103,6,295.164608
1.292,10,295.198524
1.592,10,295.268956
-0.707,9,295.309487
-0.111,15,295.360413
1.588,14,295.407229
-0.106,9,295.438521
0.994,7,295.467977
1.892,11,295.504867
0.786,19,295.565797
1.595,8,295.593607
-0.703,5,295.622901
2.193,11,295.699379
-0.708,10,295.747878
-0.406,8,295.774572
-0.409,11,295.820552
1.894,9,295.848319
1.887,16,295.894401
1.595,8,295.922914
3.094,12,295.968453
-0.408,10,296.008475
0.493,11,296.042711
1.297,5,296.061253
1.592,11,296.101362
0.195,8,296.131396
1.593,10,296.168174
-0.412,14,296.213804
-0.705,7,296.240972
1.893,10,296.277588
2.193,10,296.30619
1.596,6,296.327238
-0.41,13,296.417292
-0.407,10,296.454952
-0.405,7,296.479028
-0.406,9,296.510862
-0.104,7,296.538991
1.593,9,296.574193
-0.406,8,296.602712
0.996,5,296.620612
0.995,6,296.663624
1.297,5,296.699236
0.995,6,296.755535
-0.409,11,296.834998
1.589,14,296.885718
0.492,12,296.92397
-0.707,9,296.95478
1.589,14,297.005088
-0.405,7,297.037642
-0.406,8,297.066713
-0.706,8,297.095505
2.194,10,297.130479
1.691,15,297.187528
-0.406,8,297.212313
-1.007,8,297.240264
2.493,11,297.277144
1.689,17,297.331194
1.592,10,297.364272
1.592,11,297.401338
-0.108,11,297.440673
1.89,13,297.482201
1.891,13,297.524315
1.595,7,297.547889
2.489,15,297.59928
1.294,8,297.628304
2.791,14,297.669846
1.588,15,297.717771
-0.709,11,297.756856
1.594,8,297.786778
-1.003,4,297.802599
2.792,13,297.844186
1.293,9,297.880416
-1.004,5,297.906881
1.591,11,297.942647
1.297,5,297.963652
1.893,10,297.99888
2.192,11,298.038287
2.49,14,298.082147
-0.406,9,298.115338
-0.105,9,298.148195
1.596,6,298.168656
-0.409,11,298.206291
-0.705,7,298.230883
0.994,7,298.254039
0.488,16,298.338079
1.592,11,298.373411
1.297,5,298.392806
0.489,16,298.445346
0.996,5,298.464107
1.594,9,298.496522
2.491,13,298.539794
1.888,16,298.652506
0.987,14,298.716063
-0.707,9,298.748537
-0.705,7,298.774518
0.994,7,298.800376
1.596,6,298.822107
-0.111,14,298.860163
0.491,13,298.943331
-0.411,14,298.985214
1.893,10,299.025012
-1.005,6,299.046258
1.897,6,299.06589
-0.106,9,299.097191
0.189,14,299.14817
-0.409,12,299.186381
1.295,7,299.20909
1.597,5,299.226334
-0.708,10,299.265183
-0.405,8,299.303699
1.295,7,299.329434
-0.407,9,299.357477
-0.406,8,299.391494
-0.709,11,299.435367
1.594,8,299.461809
-0.406,8,299.488527
0.995,6,299.514361
-0.407,10,299.555759
-0.409,12,299.60469
2.194,10,299.673785
1.295,7,299.743167
-1.003,4,299.779009
1.592,10,299.870224
3.093,13,299.945268
-0.707,9,299.980887
0.491,13,300.025412
0.991,10,300.058564
1.591,11,300.104832
1.589,13,300.162109
2.791,14,300.241747
1.896,7,300.265419
0.492,12,300.302581
1.593,9,300.332565
2.792,13,300.38134
0.192,12,300.422621
1.891,12,300.464547
0.493,11,300.505522
1.592,10,300.540668
1.894,9,300.570486
1.295,7,300.592759
2.191,12,300.63543
-0.108,11,300.675885
0.191,12,300.718498
0.189,14,300.798656
-0.408,10,300.854226
-0.107,11,300.891406
1.591,11,300.929742
1.292,10,300.968944
-0.107,10,301.011877
-0.112,15,301.064493
-0.409,11,301.11651
1.897,6,301.149308
2.193,10,301.204744
1.888,15,301.269874
-0.106,10,301.309513
0.492,12,301.374769
2.491,13,301.441754
1.892,11,301.478036
-0.107,10,301.513887
2.492,13,301.606982
-0.111,14,301.660524
1.594,9,301.691651
2.493,11,301.72898
2.192,12,301.826006
-0.111,14,301.891997
-0.108,12,301.932155
-0.107,10,301.965529
2.488,17,302.018075
0.794,12,302.06269
-0.111,14,302.111221
1.295,7,302.136894
-0.105,8,302.166857
1.592,10,302.20303
1.895,8,302.236145
1.289,13,302.284107
1.592,10,302.321337
2.794,11,302.359187
1.294,8,302.391338
1.594,8,302.420477
-0.109,13,302.496494
0.996,5,302.517209
-0.705,7,302.54523
1.295,7,302.568802
1.297,5,302.583875
2.494,10,302.620746
0.99,11,302.656523
-0.709,11,302.736411
-0.108,12,302.780506
1.292,10,302.821314
0.99,11,302.857163
-0.708,10,302.891494
0.995,6,302.910698
1.596,6,302.938631
2.194,10,302.971442
1.595,7,302.996442
0.994,7,303.020981
-1.006,7,303.044907
0.193,11,303.081381
1.591,12,303.156104
1.291,11,303.202391
-1.009,10,303.259475
2.494,11,303.327261
-0.411,13,303.370091
1.297,5,303.390566
1.297,5,303.411874
0.794,11,303.452681
0.994,7,303.474553
2.494,11,303.512684
-1.005,6,303.537988
2.194,9,303.563319
-0.409,12,303.605659
1.591,12,303.645322
1.297,5,303.665333
0.996,5,303.682563
-0.106,9,303.715254
1.592,10,303.747466
0.188,16,303.8001
2.193,10,303.835329
1.594,8,303.864539
-0.409,12,303.906715
-0.707,9,303.943152
1.596,6,303.963493
1.593,10,303.997455
0.192,11,304.037264
1.596,6,304.058596
-0.105,9,304.088279
1.291,11,304.12466
-0.707,9,304.158024
1.592,11,304.250544
-0.407,9,304.324986
1.296,6,304.367909
0.489,15,304.427164
1.593,10,304.46345
1.592,10,304.497525
2.192,12,304.53976
0.996,5,304.560795
0.493,12,304.60739
-1.004,5,304.62815
-0.406,9,304.658685
-0.109,13,304.7055
1.293,9,304.742475
-0.408,10,304.776816
0.996,5,304.794797
-0.712,14,304.841105
-0.706,8,304.872617
2.191,13,304.913186
1.595,8,304.940324
-1.01,11,304.978819
1.592,10,305.014411
-0.107,11,305.049594
1.897,6,305.071708
1.89,13,305.116234
1.293,9,305.152493
-0.706,8,305.182082
1.593,9,305.216136
2.195,9,305.245553
-0.409,11,305.328434
1.297,5,305.359956
-0.706,8,305.39254
1.296,6,305.414068
1.894,9,305.493949
2.195,9,305.56004
1.592,10,305.649214
1.295,7,305.714315
1.297,5,305.749964
-0.108,11,305.792442
2.195,8,305.818989
1.593,10,305.889363
1.895,8,305.934909
-0.709,11,306.006359
-0.108,11,306.046534
-0.108,12,306.089725
2.193,11,306.13151
-0.105,8,306.15766
1.595,7,306.183544
1.594,8,306.211044
1.597,5,306.228266
1.297,5,306.246937
1.593,10,306.28781
2.195,9,306.318483
1.594,9,306.352246
-0.706,8,306.38037
1.595,7,306.406793
1.594,8,306.477842
1.595,8,306.512468
1.891,12,306.551199
0.19,14,306.591628
0.793,12,306.63584
3.09,15,306.691302
-0.704,6,306.712822
-0.707,9,306.746878
-0.115,18,306.8024
1.593,10,306.840677
-0.404,6,306.86088
2.189,14,306.907993
1.596,6,306.926509
0.193,10,306.9648
1.595,7,306.987816
-0.705,7,307.011517
-0.706,8,307.040273
-0.407,9,307.076896
-1.003,4,307.095411
1.295,7,307.116422
-0.403,6,307.15178
1.596,7,307.210044
1.895,9,307.262697
1.893,10,307.311805
0.495,9,307.344565
-0.703,5,307.368432
1.596,6,307.383612
2.191,13,307.432122
-0.709,11,307.468681
-0.107,10,307.506813
1.893,10,307.540711
2.191,13,307.58616
2.189,15,307.629839
1.897,6,307.654171
2.494,11,307.690585
1.591,11,307.726972
1.088,17,307.784692
-0.704,6,307.809205
1.896,7,307.835683
2.495,9,307.867463
-0.706,8,307.89419
-0.705,7,307.922594
-0.104,7,307.949031
0.791,15,307.995279
1.591,11,308.037027
2.195,9,308.071256
-0.105,9,308.104655
1.595,7,308.125579
1.691,16,308.170794
-1.005,6,308.197053
1.287,15,308.244658
-0.106,9,308.272916
-0.709,11,308.310352
0.19,14,308.356219
1.895,8,308.386145
1.89,13,308.442589
1.592,11,308.479413
1.295,7,308.508517
0.191,13,308.554976
-0.407,9,308.586982
-0.107,10,308.622113
-0.407,9,308.655809
1.893,10,308.693195
1.593,9,308.723143
-0.109,12,308.75842
-0.704,6,308.784106
0.996,5,308.803506
-0.111,14,308.850875
-0.706,8,308.880041
0.991,10,308.917232
1.592,10,308.955406
0.997,4,308.970644
1.595,7,308.994663
1.889,14,309.043773
1.595,7,309.06941
-0.704,6,309.091896
-1.006,7,309.115392
0.191,13,309.181976
0.996,5,309.201665
0.993,8,309.235292
1.294,8,309.261106
1.594,8,309.292756
1.294,8,309.318903
-0.703,5,309.336234
-0.709,11,309.373516
1.895,9,309.410488
1.893,10,309.447152
0.794,11,309.484914
-0.104,8,309.515262
0.195,8,309.541854
1.591,12,309.58049
1.294,8,309.607664
-0.106,9,309.644228
0.195,9,309.675573
2.496,8,309.705635
-0.11,14,309.752723
2.194,10,309.789061
-0.407,9,309.822868
3.389,17,309.876962
-0.107,10,309.954297
0.996,5,309.974629
-0.106,9,310.007193
0.995,6,310.034243
-0.407,10,310.069672
-0.408,10,310.111298
-1.003,4,310.133267
0.19,13,310.183228
2.193,11,310.22435
-0.704,6,310.245916
1.895,8,310.277647
2.193,10,310.316601
1.591,12,310.35846
-0.105,8,310.387662
2.196,8,310.417197
0.195,9,310.450569
1.297,5,310.466375
1.894,10,310.500011
1.892,11,310.538912
1.294,8,310.564389
2.492,13,310.60603
1.592,11,310.642701
-0.105,8,310.675203
1.894,9,310.70199
1.293,9,310.729126
0.19,14,310.777583
2.496,8,310.812771
-0.404,7,310.841199
-1.004,5,310.861994
-0.106,9,310.895374
0.195,8,310.926663
0.192,12,310.975827
1.297,5,311.015827
1.295,7,311.051416
1.297,5,311.071075
0.192,12,311.11313
1.594,9,311.143175
-0.406,9,311.185459
-0.704,6,311.224532
2.193,10,311.261065
0.49,15,311.309893
1.294,8,311.336577
0.193,11,311.37951
1.595,7,311.403826
1.896,8,311.432262
2.195,10,311.465765
-0.408,10,311.503917
2.191,13,311.546377
1.592,10,311.578815
-0.409,11,311.615963
1.593,10,311.657399
0.192,12,311.698811
-0.704,6,311.718069
-1.003,4,311.731359
0.197,7,311.761494
-0.406,9,311.792281
1.592,10,311.849007
1.893,10,311.896961
1.891,12,311.938844
1.895,9,311.973683
1.894,10,312.006614
1.295,7,312.031281
-0.406,8,312.062488
2.19,13,312.10689
-1.004,5,312.123436
2.194,10,312.163882
2.793,12,312.207585
-0.412,15,312.259914
-0.704,6,312.289369
1.891,12,312.398475
1.297,5,312.430661
-0.406,8,312.462438
1.593,10,312.499001
2.185,18,312.552142
1.895,9,312.595243
2.192,13,312.641452
0.494,10,312.682492
1.896,7,312.706676
1.895,8,312.736372
-0.406,8,312.769924
1.893,10,312.807617
-0.404,6,312.830877
1.89,13,312.886418
1.892,11,312.926656
0.495,9,312.961622
2.789,16,313.030033
2.192,12,313.075338
-0.105,8,313.109383
0.794,11,313.162774
2.195,9,313.196492
0.192,12,313.240978
1.892,11,313.285289
0.491,14,313.330181
1.894,9,313.370392
1.895,9,313.442643
2.493,11,313.480247
-0.104,8,313.511249
-0.705,7,313.564599
-0.407,10,313.655733
0.191,14,313.721383
-0.704,6,313.736598
1.294,8,313.767329
-0.404,7,313.798976
-1.004,5,313.816583
2.191,12,313.855615
1.295,7,313.883617
0.795,10,313.920923
-0.104,7,313.945128
-0.708,10,314.00169
1.595,7,314.029647
-0.405,8,314.080519
-0.708,10,314.119233
-0.107,10,314.153168
1.592,10,314.193872
-0.405,8,314.228492
1.594,9,314.284859
-0.109,12,314.32784
0.187,16,314.382623
1.596,6,314.403276
1.292,10,314.439094
0.49,15,314.48813
0.193,10,314.520058
1.897,6,314.544851
1.892,11,314.582383
0.196,8,314.616613
0.489,16,314.665458
1.594,8,314.699228
-0.704,6,314.718986
-0.408,10,314.77942
1.592,11,314.834067
1.894,9,314.867148
-0.405,7,314.885146
-0.104,7,314.909789
-0.405,7,314.936211
-1.003,4,314.958197
0.191,13,315.000796
0.193,10,315.039649
1.295,7,315.062954
1.895,8,315.094554
2.494,10,315.130381
0.193,12,315.18065
0.493,11,315.21993
-0.403,6,315.244728
1.593,10,315.284898
1.891,12,315.324561
1.595,7,315.345589
1.593,9,315.381246
0.997,4,315.393901
1.597,5,315.411921
2.187,17,315.46726
1.593,9,315.505335
1.892,12,315.547855
1.896,7,315.574569
3.089,17,315.627475
1.593,10,315.690814
2.792,13,315.794129
1.597,5,315.830367
-1.003,4,315.866798
0.196,8,315.926745
1.595,7,315.952811
1.296,6,315.975034
1.593,10,316.003467
1.593,10,316.045526
-0.406,9,316.076967
2.492,12,316.11582
1.593,10,316.165788
0.193,11,316.26998
-1.007,8,316.319917
-0.104,8,316.35179
2.194,9,316.379984
1.594,9,316.414715
1.896,7,316.433674
2.193,10,316.466
0.194,9,316.53452
-1.006,7,316.572788
-0.705,7,316.600029
2.79,14,316.643518
-0.107,10,316.677333
1.292,10,316.725789
0.188,16,316.804615
-0.112,16,316.863888
-0.706,8,316.891222
-0.104,7,316.921228
1.592,11,316.960196
0.995,6,316.980638
0.996,5,316.998546
-1.005,6,317.04667
2.195,9,317.116311
2.495,10,317.159967
1.295,7,317.197967
-0.411,14,317.276132
1.891,13,317.314069
1.596,6,317.333542
0.994,7,317.359686
-0.404,7,317.388954
1.595,7,317.429756
-0.407,9,317.480414
0.986,15,317.533596
2.195,8,317.569813
2.491,14,317.618149
-0.407,9,317.650177
1.594,8,317.677911
1.292,10,317.713328
1.292,10,317.748485
0.994,7,317.775745
1.894,9,317.813448
1.896,8,317.844947
1.593,10,317.879279
0.793,13,317.930116
-0.107,11,317.963452
2.193,11,318.01229
-0.107,10,318.049566
-0.407,9,318.080103
2.493,11,318.115403
1.294,8,318.145547
-1.007,8,318.172853
1.596,6,318.193506
1.292,10,318.22606
1.593,9,318.266616
0.99,11,318.298613
1.595,8,318.319909
1.59,12,318.358134
1.293,9,318.394686
0.193,11,318.443948
1.594,8,318.469526
1.294,8,318.497051
1.594,8,318.532015
-0.406,9,318.566556
-1.008,9,318.596395
1.297,5,318.612889
1.588,14,318.663221
-0.106,9,318.696845
1.295,7,318.722022
1.894,9,318.748197
2.191,13,318.796866
3.089,17,318.854002
-0.404,7,318.888191
1.896,8,318.920487
1.896,7,318.950016
0.996,5,318.969862
1.293,9,319.008934
-1.004,5,319.030931
0.997,4,319.04626
0.994,7,319.069621
2.196,8,319.095003
-0.406,9,319.13145
-0.703,5,319.151582
0.192,12,319.194424
1.892,11,319.240567
1.896,8,319.274679
1.292,10,319.31254
-0.107,10,319.346119
0.997,4,319.358649
0.494,10,319.395037
0.997,4,319.409803
-1.004,5,319.428785
1.896,7,319.45821
2.192,12,319.522944
1.593,10,319.6032
0.494,11,319.643371
1.293,9,319.674717
1.297,5,319.692182
1.296,6,319.714444
1.892,11,319.756788
0.794,11,319.79497
-0.107,10,319.868758
1.89,13,319.923078
1.894,9,319.986037
0.193,10,320.045823
1.897,6,320.077177
1.594,8,320.108377
-1.007,8,320.138
2.194,9,320.187589
-0.111,14,320.262009
-0.412,14,320.331532
1.596,6,320.353004
1.891,12,320.391979
1.895,8,320.438181
1.595,7,320.476729
1.595,8,320.506279
1.596,6,320.550429
1.592,10,320.597831
-0.704,6,320.62811
0.194,10,320.671839
1.591,11,320.714521
1.892,11,320.752263
-1.007,8,320.782353
3.392,13,320.826136
1.892,11,320.865457
0.794,12,320.906672
2.495,9,320.938913
2.194,9,320.967883
1.294,8,321.021827
-0.406,9,321.082066
2.788,16,321.142068
1.297,5,321.156877
-0.41,12,321.198188
1.891,12,321.239045
-0.703,5,321.266324
2.792,13,321.353738
1.594,9,321.399098
-0.414,16,321.45513
1.896,8,321.4899
-0.406,8,321.516896
2.196,8,321.544092
-0.406,8,321.573586
-0.106,9,321.638373
1.29,12,321.689602
3.093,13,321.737165
2.189,15,321.789204
-0.707,9,321.819586
1.596,6,321.838986
-0.406,9,321.876844
2.192,12,321.932633
-0.409,11,321.971656
2.49,14,322.024451
1.288,14,322.071872
2.194,10,322.106016
-0.105,8,322.140521
-0.108,11,322.188393
-0.107,11,322.252218
1.893,11,322.287313
2.493,11,322.333197
1.297,5,322.35021
1.894,9,322.383752
-0.11,14,322.436354
-0.408,10,322.476003
1.593,10,322.507554
-0.712,14,322.556629
1.593,9,322.588189
1.292,10,322.628024
-0.403,6,322.662819
0.995,6,322.697575
1.596,6,322.721956
0.997,4,322.743207
1.296,6,322.770396
0.491,14,322.874741
0.791,14,322.931352
2.494,10,322.973386
-1.008,9,323.019261
-0.105,8,323.065068
-1.003,4,323.08216
1.092,15,323.139007
1.894,9,323.190588
2.492,12,323.251433
1.895,8,323.278318
0.191,12,323.324372
-0.107,10,323.363152
0.994,7,323.392643
1.293,9,323.43568
2.796,9,323.470563
0.996,5,323.488463
0.189,15,323.543049
1.893,10,323.57596
0.495,10,323.615383
0.792,13,323.660332
1.592,11,323.697576
-0.407,10,323.73522
0.992,9,323.797691
2.195,9,323.835311
1.895,8,323.862734
-0.106,9,323.893144
-0.406,8,323.923325
-0.409,11,323.9604
-0.71,12,323.995156
-0.41,12,324.034737
-0.705,7,324.069806
-0.407,10,324.10657
1.596,6,324.127096
-1.005,6,324.143072
-0.709,11,324.186968
1.594,8,324.212759
1.894,9,324.243086
1.594,8,324.272141
-0.407,9,324.303249
1.592,10,324.338976
-0.704,6,324.358106
0.996,5,324.375168
-0.108,11,324.446264
0.997,4,324.462957
1.295,7,324.488395
-0.41,13,324.530723
-0.107,10,324.589583
2.195,9,324.616793
2.493,13,324.658959
-0.403,6,324.686813
1.89,13,324.736351
2.191,12,324.778608
1.891,12,324.863136
1.897,6,324.88903
0.996,5,324.91115
-0.406,9,324.942917
1.594,8,324.965847
0.489,16,325.016284
2.188,16,325.090054
2.493,12,325.134529
-0.706,8,325.165202
2.797,9,325.205168
2.194,10,325.255947
-0.106,9,325.289549
-1.008,9,325.31996
2.788,17,325.372709
1.594,8,325.39948
1.296,6,325.417362
1.896,7,325.440839
1.592,11,325.485265
0.993,8,325.516111
1.295,7,325.534201
-0.405,8,325.556227
-1.003,4,325.567009
1.896,7,325.586389
0.996,5,325.599337
-0.41,12,325.638118
1.595,8,325.663274
1.593,10,325.695215
-0.406,8,325.715311
2.192,12,325.748074
-0.105,9,325.770261
0.49,15,325.81359
1.595,8,325.836935
-1.004,5,325.856412
-0.707,9,325.887595
1.895,8,325.91542
-0.404,7,325.939301
-0.105,8,325.965048
-0.703,5,325.977995
-0.109,12,326.021437
2.792,12,326.054667
-1.003,4,326.067353
2.493,12,326.102252
-0.106,10,326.135272
2.496,9,326.158712
1.895,8,326.184
0.995,6,326.204837
-1.005,6,326.22529
1.894,9,326.254108
-0.412,14,326.298349
2.193,11,326.331581
-0.407,9,326.358216
2.19,15,326.400657
1.594,9,326.431638
-0.109,12,326.475046
-0.404,7,326.502706
-0.409,12,326.538812
-1.003,4,326.551966
-1.004,5,326.568386
1.594,8,326.596421
1.893,10,326.618838
1.897,6,326.637947
-0.406,9,326.664795
2.195,9,326.695268
1.593,9,326.721917
-0.711,13,326.767221
1.595,7,326.790155
1.892,12,326.824508
-0.108,12,326.865476
-0.409,11,326.892922
1.893,10,326.927906
-0.406,8,326.959328
-0.105,8,326.984616
1.597,5,327.000056
2.193,10,327.034155
1.893,10,327.068762
1.593,9,327.09628
2.494,10,327.126995
1.296,6,327.144379
-1.007,8,327.169565
2.189,15,327.21577
1.292,10,327.246189
1.292,10,327.273843
-0.708,10,327.312693
-0.11,13,327.351531
0.192,13,327.39195
2.193,11,327.432452
2.196,8,327.504426
0.991,10,327.546721
-0.11,13,327.590412
0.997,4,327.602468
1.589,13,327.64061
0.197,7,327.665648
2.792,13,327.709774
1.297,5,327.725467
0.997,4,327.738102
1.893,10,327.768747
-0.11,14,327.816731
-0.409,11,327.864143
1.596,6,327.882857
2.195,9,327.914258
1.893,10,327.944782
-0.405,7,327.968932
-1.003,4,328.042616
1.596,6,328.062994
0.997,4,328.074911
-1.004,5,328.094791
1.595,8,328.120111
-0.407,9,328.150692
2.491,15,328.205329
1.294,8,328.232751
-0.708,10,328.264985
1.895,9,328.287389
1.894,9,328.317898
-0.705,7,328.339469
2.194,10,328.370464
-0.714,16,328.425141
-1.003,4,328.436455
-0.707,9,328.462505
1.597,5,328.477656
-0.407,9,328.513349
2.493,11,328.548288
0.997,4,328.559605
1.597,5,328.579757
1.895,8,328.607812
0.489,15,328.652047
1.893,10,328.682905
1.392,15,328.731189
1.895,9,328.761054
1.595,7,328.783664
1.588,15,328.825576
1.896,7,328.849885
1.894,9,328.8777
-0.107,10,328.916383
-0.107,11,328.955408
1.596,6,328.974675
0.196,8,328.995908
0.997,4,329.006806
0.996,5,329.021862
1.294,8,329.053028
0.187,17,329.107259
0.997,4,329.119277
-0.407,10,329.151742
-0.111,14,329.193833
1.297,5,329.204009
1.895,8,329.230966
1.593,10,329.260061
-0.106,9,329.294977
1.591,11,329.334083
2.191,13,329.401367
1.591,11,329.438035
2.493,11,329.48743
0.795,10,329.532413
-0.106,9,329.570817
-0.709,11,329.618614
2.792,14,329.669888
1.894,9,329.704954
-0.406,9,329.742408
2.194,10,329.782201
1.594,9,329.81881
-0.41,12,329.861001
-0.406,8,329.891887
-0.41,12,329.934888
0.997,4,329.949052
0.194,10,329.98546
0.49,15,330.040135
1.594,8,330.070781
-0.409,11,330.111607
2.489,16,330.157411
1.593,9,330.185271
3.094,11,330.219792
1.297,5,330.2374
-0.713,15,330.271425
2.195,8,330.296922
-0.708,10,330.33054
1.592,11,330.366558
-0.703,5,330.38405
2.493,11,330.421546
-0.104,7,330.440015
1.689,18,330.49693
-1.005,6,330.548734
1.594,9,330.59497
-1.009,10,330.623636
-0.113,16,330.664477
-0.406,8,330.686838
-1.004,5,330.702642
1.896,8,330.728801
2.492,13,330.77747
1.894,10,330.811457
0.996,5,330.827763
0.495,9,330.862346
1.895,9,330.897211
0.19,13,330.943805
1.896,7,330.968139
1.295,7,330.995229
0.192,11,331.034022
1.294,8,331.059017
1.896,7,331.075781
1.592,10,331.108951
-0.108,11,331.147469
-1.006,7,331.173531
1.592,11,331.213088
1.895,9,331.243486
1.893,10,331.277765
1.089,16,331.323268
-0.404,7,331.343516
1.298,4,331.353805
0.192,12,331.398257
1.596,6,331.415725
0.493,11,331.45339
-0.107,10,331.48915
1.294,8,331.561762
0.488,16,331.617047
-0.707,9,331.638796
2.187,17,331.688345
-0.107,10,331.716922
-0.408,11,331.75382
-0.107,11,331.787927
1.595,8,331.813741
2.189,14,331.857431
2.791,14,331.895352
0.492,12,331.929853
-0.706,8,331.948972
0.495,10,331.982353
1.596,6,332.000599
1.296,6,332.018555
3.09,15,332.060992
2.192,11,332.143841
-0.407,9,332.183998
0.19,13,332.232707
2.491,13,332.280301
1.895,8,332.309355
2.791,13,332.357267
1.895,8,332.393835
-0.703,5,332.412868
2.192,12,332.460424
1.291,11,332.499738
0.194,9,332.529325
1.594,8,332.550261
-1.003,4,332.563204
1.895,8,332.589021
1.895,9,332.620324
0.997,4,332.633718
-0.111,14,332.68109
2.494,10,332.712948
0.197,7,332.737194
1.295,7,332.764844
2.196,8,332.800054
1.089,16,332.849707
0.493,11,332.889672
-0.107,10,332.926435
1.896,7,332.952682
-0.703,5,332.966873
1.592,10,332.997171
2.191,13,333.03706
0.795,10,333.074037
-0.106,9,333.101177
1.596,6,333.127314
0.489,16,333.175481
1.592,11,333.211912
-0.703,5,333.226279
-1.006,7,333.250213
0.997,4,333.264477
-0.105,9,333.296385
1.297,5,333.313334
1.889,14,333.366911
1.894,9,333.398571
1.392,15,333.443074
2.494,11,333.478307
2.791,14,333.524997
1.292,10,333.549966
-0.403,6,333.577859
2.193,10,333.612538
1.595,7,333.636276
-0.706,8,333.666621
0.786,19,333.729961
-0.706,8,333.75873
-0.109,12,333.798364
0.491,13,333.84279
2.194,10,333.878496
-1.006,7,333.899915
-0.411,14,333.945524
0.997,4,333.973538
2.493,11,334.024084
-1.007,8,334.049894
0.493,11,334.081908
0.493,12,334.126385
2.196,8,334.151842
-0.405,8,334.180545
1.894,9,334.209653
2.193,11,334.241492
-0.106,9,334.275655
-0.409,11,334.311601
0.997,4,334.323675
-1.005,6,334.345823
1.892,11,334.385936
1.593,9,334.415361
1.896,7,334.440865
-0.703,5,334.458647
1.595,8,334.492324
1.294,8,334.518158
-0.106,10,334.552284
-0.404,6,334.573027
-0.106,9,334.604949
1.594,9,334.630167
0.491,13,334.673487
1.893,10,334.704619
1.295,7,334.778812
1.597,6,334.798724
0.493,11,334.831023
-0.407,9,334.860791
0.191,13,334.903609
-0.11,13,334.947206
2.492,12,335.031834
-0.705,7,335.071221
2.489,15,335.118518
-0.407,10,335.14955
2.192,12,335.188599
1.09,15,335.23378
1.596,6,335.252916
0.997,4,335.266337
-0.408,11,335.299937
-1.004,5,335.315461
1.893,10,335.346588
1.892,11,335.381499
1.593,9,335.414343
-0.407,9,335.445581
-0.407,9,335.481235
2.794,11,335.519574
-1.003,4,335.529983
1.594,9,335.556681
1.596,7,335.581368
-0.107,11,335.621261
0.19,14,335.659726
-0.706,8,335.684898
-0.404,7,335.713368
-0.111,15,335.759339
2.793,12,335.795665
0.194,10,335.824618
1.895,8,335.850501
1.894,9,335.881846
-0.407,9,335.946114
1.594,8,335.995893
0.195,9,336.136356
0.494,10,336.194176
2.494,11,336.251774
1.89,13,336.297854
2.794,11,336.342987
1.594,8,336.370562
-0.406,8,336.400476
2.19,13,336.460709
-0.103,6,336.502433
0.993,8,336.55323
-0.404,7,336.595845
1.895,8,336.642573
-0.108,12,336.709511
1.895,8,336.749568
-0.705,7,336.784631
1.592,10,336.837475
1.295,7,336.864504
1.894,9,336.896601
-0.708,10,336.932126
1.895,8,336.960958
-0.709,11,337.000826
0.188,17,337.056712
2.189,14,337.109065
-0.706,8,337.134633
-0.406,9,337.167856
0.997,4,337.180459
2.794,11,337.210663
1.295,7,337.232181
0.491,13,337.272691
1.894,9,337.296236
1.594,8,337.320708
-0.107,11,337.357402
0.191,12,337.39301
-0.705,7,337.417845
1.596,6,337.432055
0.793,13,337.471188
1.595,8,337.499401
1.596,6,337.517759
2.492,13,337.558704
1.596,7,337.58141
0.996,5,337.600123
1.894,9,337.629458
2.491,15,337.696417
-1.004,5,337.715613
1.897,6,337.745808
2.495,9,337.779658
-1.004,5,337.795938
0.494,10,337.828771
1.893,10,337.86112
1.595,7,337.968839
0.492,13,338.018373
0.191,12,338.055439
-0.108,11,338.086544
1.895,8,338.11074
-0.102,6,338.134543
2.492,13,338.17642
-0.106,9,338.210189
-0.108,11,338.249554
-0.407,9,338.283269
-0.404,7,338.314128
1.593,9,338.35374
1.892,11,338.402129
-0.105,8,338.431279
0.997,4,338.444818
0.792,13,338.489726
1.59,13,338.52681
2.19,14,338.647391
2.195,10,338.686671
-0.106,9,338.721276
-0.707,9,338.747819
1.893,10,338.777736
2.19,14,338.822718
1.895,8,338.851154
0.19,14,338.89072
0.195,9,338.929111
0.792,14,338.98539
-0.406,9,339.026815
-0.406,8,339.120733
1.893,10,339.166836
0.19,14,339.206122
-0.106,9,339.236529
-0.404,7,339.256368
-0.107,10,339.289088
-0.404,7,339.311354
0.192,12,339.350163
1.894,9,339.378047
1.896,8,339.406125
-0.407,10,339.434422
1.595,7,339.46001
1.293,9,339.485216
1.294,8,339.50478
1.894,9,339.535928
1.895,8,339.563328
0.189,16,339.618058
1.297,5,339.631625
3.09,15,339.677837
-0.406,9,339.711816
1.896,7,339.736567
1.296,6,339.755179
0.793,12,339.790592
1.297,5,339.806292
1.895,8,339.829728
1.896,7,339.854825
2.192,11,339.892444
1.595,7,339.919863
1.095,10,339.955148
-0.106,9,339.982369
2.493,11,340.018132
1.295,7,340.050455
-1.005,6,340.075905
2.194,10,340.125285
-0.104,8,340.166398
2.493,12,340.207847
-0.708,10,340.236663
0.188,15,340.282944
-0.105,8,340.311709
2.49,14,340.362929
-0.107,10,340.394605
1.59,12,340.43434
3.092,13,340.474226
-0.104,7,340.50096
0.794,12,340.542753
1.593,9,340.572389
0.188,15,340.62061
-0.11,14,340.665565
0.193,10,340.693938
-0.408,10,340.727161
1.592,11,340.761323
1.597,6,340.788127
-1.003,4,340.802319
1.593,10,340.834276
0.995,6,340.855388
1.594,9,340.884782
1.593,9,340.911367
-0.411,14,340.959074
0.494,10,340.986651
-0.705,7,341.00808
2.196,8,341.034669
1.895,8,341.057709
0.192,12,341.098461
-0.406,8,341.124857
2.491,14,341.164601
-0.704,6,341.178324
1.295,7,341.20341
-0.106,9,341.234536
-0.703,5,341.246939
1.596,6,341.266851
1.595,7,341.287228
-0.407,9,341.310758
2.194,10,341.338547
1.591,12,341.372508
2.193,10,341.40289
-0.11,13,341.450758
-0.408,11,341.480423
0.49,15,341.527753
-0.706,8,341.550325
-0.408,10,341.582677
1.588,15,341.627608
2.492,12,341.66599
-0.704,6,341.686067
1.897,6,341.704988
0.991,10,341.73075
1.591,11,341.765863
1.293,9,341.793673
-0.407,10,341.825655
0.492,12,341.859533
-0.409,11,341.896113
-0.108,11,341.92682
0.194,10,341.95769
1.893,10,342.046466
1.593,10,342.078293
2.194,10,342.106373
2.196,8,342.133237
-0.405,7,342.154094
0.997,4,342.166062
1.593,9,342.192983
1.294,8,342.221359
1.892,12,342.257672
1.89,14,342.30268
-1.006,7,342.323545
2.793,12,342.363271
1.294,8,342.384309
1.294,8,342.410319
-0.405,7,342.433084
-0.113,16,342.48
1.894,9,342.51349
0.194,9,342.540909
-0.109,12,342.579536
0.191,12,342.620793
-0.105,8,342.646662
2.19,13,342.68834
2.192,11,342.723637
-0.108,12,342.763056
2.494,10,342.793497
-0.406,9,342.82209
-0.108,11,342.857039
-0.706,8,342.886261
0.195,8,342.910565
-0.108,11,342.953372
2.194,9,342.977113
-0.41,12,343.016111
0.195,8,343.039906
0.491,13,343.081462
2.489,15,343.119324
-0.703,5,343.138131
2.195,9,343.162942
-0.409,12,343.196216
1.297,5,343.210947
1.895,8,343.234389
1.595,7,343.253395
0.997,4,343.264229
1.894,10,343.292684
2.792,13,343.341948
1.893,10,343.372447
-0.404,7,343.395826
1.293,9,343.425319
1.294,8,343.448973
0.189,14,343.49244
1.592,10,343.521094
-0.109,12,343.558147
1.891,12,343.599973
0.192,12,343.639993
0.49,15,343.679607
1.893,10,343.70952
1.294,8,343.732716
-0.709,11,343.768749
0.193,11,343.80518
2.792,12,343.844661
0.495,10,343.877473
-0.109,12,343.915622
1.594,8,343.940238
2.492,12,343.973037
-0.708,10,344.008456
0.494,10,344.041403
0.79,15,344.087567
-0.706,8,344.111422
1.594,9,344.140004
0.195,9,344.165375
-0.11,13,344.202935
2.194,9,344.228136
0.492,12,344.264806
2.193,10,344.291541
1.293,9,344.319777
1.894,9,344.345553
0.195,8,344.365721
0.495,9,344.395796
1.596,7,344.413674
0.192,11,344.451854
1.892,11,344.489947
2.493,12,344.530421
1.294,8,344.553816
-0.404,6,344.572391
1.596,6,344.595226
1.891,12,344.635279
2.191,12,344.669319
-0.104,7,344.687984
-1.004,5,344.709214
-0.107,11,344.738494
0.996,5,344.754615
-1.003,4,344.768615
1.292,10,344.799804
1.894,9,344.823127
1.893,10,344.851788
-0.409,12,344.892458
-0.703,5,344.911579
0.191,13,344.955939
0.19,15,345.001615
2.191,12,345.038512
-0.108,11,345.075824
-0.106,9,345.102454
-1.007,8,345.126647
1.594,9,345.21686
-0.106,9,345.251705
1.595,8,345.282073
1.891,12,345.324444
1.296,6,345.341428
1.895,8,345.371398
-1.008,9,345.398151
-0.703,5,345.415937
1.895,8,345.441777
-0.708,10,345.480837
-0.11,13,345.526053
1.293,9,345.559313
-1.004,5,345.579244
2.194,9,345.6135
1.297,5,345.630168
3.094,11,345.668216
1.596,6,345.687291
1.295,7,345.709778
2.495,10,345.739312
1.596,6,345.754758
1.892,11,345.790713
1.594,9,345.81899
1.897,6,345.835322
1.296,6,345.853423
2.492,13,345.892232
1.292,10,345.922856
-1.004,5,345.935734
1.591,11,345.970059
-0.404,7,345.994527
1.294,8,346.020977
-0.41,12,346.050561
0.996,5,346.063034
0.192,11,346.098015
-0.104,7,346.135092
2.195,9,346.168575
-1.005,6,346.188271
1.594,9,346.214904
-0.107,10,346.24834
-0.106,9,346.279323
-0.104,8,346.303207
2.494,11,346.33836
1.295,7,346.358764
2.793,12,346.39659
0.997,4,346.409121
0.49,14,346.452352
-0.409,11,346.481814
2.495,9,346.507092
1.897,6,346.520942
0.491,15,346.563317
2.491,13,346.601229
1.594,8,346.628235
1.895,9,346.657507
0.494,10,346.686569
1.594,8,346.713701
1.889,14,346.757759
2.195,9,346.785473
-0.706,8,346.813274
-0.407,9,346.843279
1.892,11,346.874783
-0.704,6,346.892238
-0.404,7,346.917909
2.196,8,346.945581
-1.003,4,346.958238
-0.406,8,346.978857
1.593,9,347.007139
1.597,6,347.028074
1.895,8,347.050313
0.788,16,347.087522
1.593,9,347.117629
-0.412,14,347.159042
1.887,16,347.204352
-0.71,12,347.238137
-0.705,7,347.294919
0.191,13,347.352592
2.193,11,347.381674
2.792,13,347.423089
-0.103,7,347.445225
-1.003,4,347.45907
1.292,10,347.487796
0.794,11,347.519897
1.894,9,347.546419
-0.411,14,347.58629
0.193,11,347.620288
0.192,13,347.664313
-0.408,10,347.696827
-0.704,6,347.720743
2.195,9,347.744236
1.893,10,347.775278
-0.106,10,347.806204
-0.11,13,347.843342
-0.705,7,347.863407
2.194,10,347.896569
1.596,7,347.917617
-0.403,6,347.943728
-0.105,8,348.020306
0.491,13,348.058476
0.493,11,348.094031
1.293,9,348.119725
-0.408,10,348.152236
0.191,13,348.189074
-0.407,10,348.215949
2.193,11,348.249016
0.489,15,348.295549
2.193,12,348.335039
1.89,14,348.379257
2.194,10,348.461822
1.295,7,348.481256
-0.408,11,348.506513
1.593,9,348.529336
1.292,10,348.557869
1.297,5,348.573254
1.891,12,348.611449
2.195,8,348.635728
2.491,13,348.684925
1.597,5,348.699589
-0.406,9,348.72717
-0.706,8,348.751718
1.595,8,348.776072
1.591,11,348.806417
2.491,14,348.852547
1.89,13,348.897508
0.19,14,348.939415
1.595,7,348.9597
0.196,8,348.985586
1.594,8,349.007874
-0.704,6,349.027766
-0.411,14,349.070724
1.595,8,349.094513
1.293,9,349.12128
1.894,9,349.152439
1.594,8,349.174744
-0.706,8,349.197979
2.792,14,349.246081
1.891,13,349.286513
0.996,5,349.301172
1.894,9,349.327163
2.194,9,349.352189
-0.108,11,349.384345
0.788,17,349.42836
-0.407,9,349.457215
-0.703,5,349.474622
-0.409,11,349.508479
-0.404,7,349.526716
0.997,4,349.536153
0.194,9,349.56144
-1.003,4,349.572794
-0.105,9,349.602617
1.596,7,349.627655
0.495,10,349.653672
2.189,15,349.68934
0.19,14,349.734561
2.194,10,349.766348
1.392,14,349.812097
-0.702,4,349.824768
1.894,10,349.851896
3.094,12,349.886176
1.892,11,349.922182
-1.004,5,349.937397
2.494,11,349.972346
1.596,7,349.992837
0.993,8,350.019841
1.595,7,350.040315
0.995,6,350.053047
2.193,11,350.083724
1.591,11,350.116894
1.889,14,350.161627
1.295,7,350.185211
1.894,9,350.215555
-0.408,11,350.250782
2.493,12,350.29195
0.496,8,350.317787
2.191,13,350.356304
1.595,7,350.373611
1.297,5,350.389706
1.298,4,350.399556
1.593,9,350.424878
1.594,8,350.44693
0.193,11,350.47625
1.893,10,350.509241
-0.108,12,350.544677
1.291,11,350.580499
1.596,6,350.60271
2.794,12,350.633555
-0.705,7,350.657347
2.193,10,350.691026
2.196,8,350.715562
1.897,6,350.735621
0.997,4,350.748114
1.297,5,350.761699
2.792,13,350.798723
1.296,6,350.818844
1.597,5,350.834103
-0.406,9,350.868351
0.996,5,350.88174
1.593,9,350.908195
1.896,7,350.924183
1.891,12,350.963062
2.493,11,351.000091
-0.109,12,351.040308
3.095,10,351.074069
-0.704,6,351.089901
1.597,6,351.114015
1.595,8,351.13851
0.996,5,351.15454
2.493,11,351.194361
1.892,11,351.231207
1.892,11,351.26691
-0.404,6,351.288087
1.288,14,351.332901
-0.408,10,351.371118
0.791,14,351.420057
2.193,11,351.494558
-0.707,9,351.535174
2.194,10,351.572832
1.591,11,351.608474
1.596,7,351.631697
-0.704,6,351.649028
-0.109,12,351.691946
1.897,6,351.706888
1.892,11,351.74346
-0.706,8,351.76563
1.095,10,351.802794
2.195,8,351.827076
-0.704,6,351.848728
1.298,4,351.86417
1.589,13,351.903914
0.991,10,351.935445
1.894,9,351.967741
1.593,9,351.998924
1.595,7,352.02603
1.096,10,352.056333
1.594,9,352.087995
2.493,11,352.120547
2.194,10,352.159924
1.293,9,352.189749
2.193,11,352.225133
1.892,11,352.256869
-0.106,9,352.282212
-0.41,12,352.316824
-0.108,11,352.349544
-0.703,5,352.366131
-0.404,6,352.390429
2.793,12,352.445442
1.895,9,352.480309
2.192,12,352.522511
1.893,10,352.549734
-0.705,7,352.572424
0.193,10,352.597515
1.592,10,352.64297
0.992,9,352.683311
-0.107,11,352.72243
2.194,10,352.750364
-0.409,11,352.788331
2.194,10,352.826088
1.894,9,352.852602
2.192,12,352.887269
2.193,11,352.919281
1.595,8,352.949342
2.794,12,352.991012
-0.411,13,353.033716
0.493,12,353.07608
2.79,15,353.129392
1.894,9,353.159803
1.594,8,353.184379
1.893,11,353.213704
1.896,7,353.232511
1.592,10,353.269935
-0.407,9,353.338363
0.197,7,353.371506
2.795,10,353.402462
0.997,4,353.415715
-0.107,11,353.449834
1.593,10,353.483176
-0.11,14,353.534575
-0.109,13,353.575202
-0.707,9,353.614891
-0.106,10,353.647229
-0.703,5,353.667387
0.193,11,353.703004
2.191,13,353.742244
0.49,15,353.782328
1.896,7,353.80997
1.296,6,353.825953
2.189,15,353.869714
-0.11,13,353.906229
-0.409,12,353.941049
1.591,11,353.979806
1.891,12,354.018394
1.296,6,354.04111
1.592,11,354.080932
-0.104,8,354.106886
-0.404,7,354.130949
0.996,5,354.144592
1.289,13,354.188306
0.197,7,354.207211
1.594,8,354.233063
1.896,8,354.258305
-0.411,13,354.304558
-1.004,5,354.319916
0.196,8,354.349934
-0.706,8,354.38031
1.596,7,354.402328
-0.105,8,354.426967
1.891,12,354.466066
0.195,8,354.494477
1.594,8,354.521358
1.296,6,354.534982
-0.405,7,354.554777
-0.406,9,354.582688
2.494,10,354.612694
-0.41,12,354.649973
-1.004,5,354.66579
1.295,7,354.694448
-0.108,12,354.755716
-0.411,14,354.849182
2.19,14,354.89992
1.693,13,354.941519
-0.106,9,355.096673
-0.106,9,355.140572
0.19,14,355.199541
-0.707,9,355.226731
2.793,11,355.268197
1.296,6,355.287142
1.892,11,355.320356
0.195,8,355.34825
1.594,8,355.374875
-1.004,5,355.390615
1.893,10,355.42302
3.092,14,355.470145
-0.106,10,355.508467
-0.107,10,355.539398
0.996,5,355.554868
2.196,7,355.578782
1.292,10,355.620924
1.895,8,355.647887
-0.408,10,355.681318
-1.003,4,355.694972
1.593,9,355.727173
-0.703,5,355.742911
1.593,10,355.772523
1.296,6,355.78982
0.19,14,355.828174
-0.407,9,355.86223
-0.406,8,355.889403
2.791,14,355.937841
1.594,8,355.966486
-0.408,11,356.005381
1.597,5,356.020088
-0.707,9,356.065369
2.492,12,356.13601
2.192,11,356.180158
2.492,12,356.222264
1.891,12,356.275853
2.196,8,356.322544
2.493,13,356.38127
1.295,7,356.414842
-0.105,8,356.458023
1.89,13,356.509286
-0.107,10,356.554307
1.889,14,356.607968
1.293,9,356.643859
1.592,10,356.679965
0.193,11,356.719336
0.993,8,356.749036
1.897,6,356.76928
1.592,10,356.807043
-0.112,15,356.843435
1.596,6,356.859748
0.997,4,356.872886
0.193,12,356.915504
1.893,10,356.945519
1.595,7,356.968148
1.596,7,356.993634
1.294,8,357.026582
-1.008,9,357.096911
0.995,6,357.138447
-0.409,12,357.183273
1.895,8,357.213013
-0.704,6,357.232777
1.892,11,357.273071
-0.404,7,357.297655
-0.104,7,357.324733
2.49,15,357.37435
1.895,8,357.401633
0.19,14,357.444426
1.89,14,357.490516
-0.106,9,357.525242
0.794,10,357.558315
-0.407,9,357.590436
0.996,5,357.60841
-1.004,5,357.625124
2.492,12,357.665304
1.596,7,357.687654
-0.408,11,357.723925
1.297,5,357.743833
2.194,11,357.792431
-0.116,19,357.859968
-1.003,4,357.87838
1.294,8,357.913428
1.895,8,357.942741
-0.107,10,357.977243
-0.412,14,358.02444
-0.706,8,358.053613
1.593,9,358.083199
-0.405,8,358.107525
2.195,9,358.14346
-1.007,8,358.17025
-0.407,10,358.201308
1.894,9,358.228853
1.596,6,358.252326
-0.705,7,358.276519
1.588,14,358.312409
2.495,11,358.343253
1.594,8,358.430209
0.192,11,358.467259
2.794,10,358.495704
-0.107,11,358.529591
1.894,9,358.561812
1.594,9,358.59147
2.191,13,358.63755
-0.107,10,358.665951
0.995,6,358.688734
1.592,10,358.722844
2.192,12,358.758546
0.996,5,358.771265
0.191,13,358.807895
0.994,7,358.830987
1.892,11,358.866019
0.193,10,358.901869
-1.004,5,358.919826
1.593,10,358.949908
2.794,13,358.988789
-0.705,7,359.010314
2.193,12,359.053878
1.297,5,359.07233
1.597,5,359.088783
-0.408,10,359.117086
1.292,10,359.147503
1.595,7,359.171352
2.491,13,359.220691
-0.107,10,359.253608
-0.405,8,359.281983
1.297,5,359.297512
0.19,15,359.337608
1.896,7,359.362658
-0.706,8,359.391345
1.295,7,359.416416
1.297,5,359.428595
2.192,12,359.4668
2.184,20,359.526686
1.891,12,359.5624
-0.408,11,359.599386
1.593,10,359.62934
-0.708,10,359.668016
1.296,6,359.688564
-0.108,12,359.739785
1.294,8,359.775969
0.797,8,359.814844
1.595,7,359.839249
0.996,5,359.856217
1.593,9,359.887495
1.596,6,359.908254
0.191,13,359.97059
0.187,17,360.038661
1.291,11,360.109673
-1.004,5,360.149243
0.187,17,360.20103
-1.004,5,360.21828
2.191,13,360.26685
2.195,10,360.304262
1.59,12,360.342837
-0.107,10,360.375524
0.796,9,360.407947
0.495,9,360.44225
-0.406,9,360.475292
1.292,10,360.51187
1.894,10,360.542307
1.896,7,360.570329
1.596,7,360.592086
-0.105,8,360.617981
-1.003,4,360.63125
1.893,11,360.668072
2.492,12,360.702804
1.894,9,360.734825
-0.703,5,360.751953
0.193,11,360.788633
1.297,5,360.803536
1.294,8,360.82864
-0.11,13,360.86653
2.195,9,360.891756
2.19,15,360.938213
-1.005,6,360.962739
2.19,15,361.004646
-0.707,9,361.041162
1.295,7,361.062252
1.294,8,361.089761
1.892,11,361.128865
1.593,10,361.166446
1.298,4,361.177498
1.896,8,361.204443
2.191,13,361.248249
1.596,6,361.266178
1.596,7,361.29066
1.891,13,361.333519
-0.407,9,361.359771
1.691,16,361.408586
1.297,5,361.422399
1.594,9,361.452967
-0.104,7,361.475228
0.194,10,361.510835
-0.107,10,361.54242
1.594,8,361.57204
-0.405,8,361.599276
1.592,10,361.633888
1.895,9,361.672568
2.19,13,361.753468
-0.406,9,361.777802
-0.404,6,361.801148
1.292,10,361.830949
-0.108,11,361.863494
2.492,13,361.906045
1.597,5,361.925039
1.597,6,361.947185
-0.107,10,361.97815
0.996,5,361.99182
-1.008,9,362.020135
-0.407,10,362.05214
1.589,13,362.098942
2.194,11,362.139066
-0.404,6,362.168611
2.193,11,362.205703
2.193,12,362.250543
-1.004,5,362.273801
1.595,7,362.304019
1.596,6,362.326515
-0.409,11,362.364812
0.993,8,362.390492
2.19,14,362.440944
0.193,12,362.475267
2.789,15,362.526348
0.996,5,362.542232
-0.108,11,362.580979
1.896,7,362.608964
-0.705,7,362.635987
2.195,9,362.662066
2.193,11,362.701821
3.091,14,362.740396
-0.108,11,362.775735
-1.003,4,362.789316
-0.408,10,362.824682
1.596,6,362.841056
2.193,10,362.873813
-0.406,8,362.910972
-1.004,5,362.937476
1.597,5,362.953271
0.995,6,362.972625
2.793,12,363.004988
-0.405,7,363.028917
1.591,11,363.069279
-0.704,6,363.084251
0.192,12,363.122063
0.789,16,363.171848
1.294,8,363.191992
-0.703,5,363.212112
-0.709,11,363.243014
-1.003,4,363.256197
0.193,11,363.290828
1.596,6,363.361646
-0.109,12,363.415432
2.196,8,363.440111
0.193,11,363.472813
-1.003,4,363.485304
2.494,11,363.520295
-1.004,5,363.536485
2.194,9,363.564456
-0.107,11,363.599116
0.793,13,363.647434
0.997,4,363.660366
0.19,14,363.705008
-0.107,10,363.74217
-0.105,9,363.772942
2.193,12,363.813213
0.994,7,363.834477
2.594,15,363.883351
2.49,15,363.928373
2.495,9,363.953739
2.195,10,363.986113
0.997,4,363.997688
1.893,10,364.028263
1.895,8,364.053021
1.295,7,364.072967
-0.107,10,364.106643
1.597,5,364.121824
-0.413,16,364.16806
0.19,14,364.211706
1.298,4,364.224507
0.495,9,364.261126
2.194,10,364.297315
-0.104,8,364.324523
-0.406,9,364.352477
-0.703,5,364.370668
0.995,6,364.390974
1.892,11,364.428238
-1.004,5,364.44612
0.195,9,364.469976
-0.409,12,364.515037
1.889,14,364.563402
1.291,11,364.599029
-0.41,12,364.639624
1.295,7,364.661795
-0.406,8,364.689438
1.593,9,364.72367
1.889,14,364.812463
1.895,8,364.843951
0.991,10,364.874694
1.895,9,364.904128
1.888,15,364.961776
-0.408,10,364.994031
-1.004,5,365.004559
1.895,8,365.031626
-0.409,12,365.071848
-0.703,5,365.090904
1.597,5,365.106091
1.591,12,365.152224
2.196,8,365.180479
1.294,8,365.203378
1.893,10,365.235623
1.892,11,365.273957
1.891,13,365.315541
-0.706,8,365.349236
1.594,8,365.376237
-1.005,6,365.397781
1.894,9,365.426252
0.493,11,365.46422
2.493,11,365.492805
1.595,7,365.507847
2.489,16,365.562324
2.196,8,365.596811
2.493,12,365.645813
-0.107,10,365.696405
-0.104,7,365.734023
-1.006,7,365.76442
1.889,15,365.846055
1.595,8,365.884556
0.491,14,365.933937
-0.408,11,365.966845
-0.114,18,366.018
1.59,12,366.05412
1.591,12,366.095935
3.991,15,366.140736
1.597,5,366.152746
1.89,13,366.194439
-1.005,6,366.216284
0.994,7,366.243148
-0.106,10,366.277504
2.194,10,366.304606
-0.706,8,366.331732
1.591,11,366.374141
-1.004,5,366.390164
1.897,7,366.414908
-0.705,7,366.438886
1.296,6,366.458784
0.195,8,366.486499
1.895,8,366.513961
1.895,8,366.539905
1.593,9,366.574058
1.296,6,366.593231
-1.004,5,366.610136
0.193,12,366.649075
-0.407,9,366.678506
1.893,10,366.706273
1.294,8,366.73257
1.895,8,366.760188
2.193,11,366.796955
0.997,4,366.808068
1.888,16,366.857599
1.298,4,366.866982
0.492,12,366.909726
0.794,11,366.947217
1.297,5,366.964716
-0.407,10,366.998805
-0.409,12,367.041206
0.192,11,367.076791
-0.106,9,367.107858
-0.409,11,367.145854
-0.108,12,367.188936
-0.704,6,367.204954
0.192,13,367.287525
1.896,7,367.311385
0.196,8,367.341566
1.096,10,367.370862
0.996,5,367.386777
2.489,15,367.436595
1.593,10,367.470523
-0.104,7,367.488302
-0.411,13,367.527672
-1.005,6,367.543445
2.495,9,367.573673
-0.71,12,367.615265
1.596,6,367.634642
-0.109,12,367.676022
0.79,14,367.724363
1.288,14,367.770861
1.596,7,367.798447
0.195,9,367.836726
2.193,11,367.880614
1.893,10,367.912394
3.395,10,367.943949
0.792,14,367.982554
1.896,7,368.004513
-1.007,8,368.032921
-0.11,14,368.132149
1.594,9,368.1595
1.595,8,368.183673
-0.104,8,368.211319
1.294,8,368.236114
1.593,10,368.264599
1.894,9,368.296386
1.296,6,368.313618
1.298,4,368.326535
-0.406,8,368.354588
0.99,11,368.393511
0.494,11,368.426042
1.893,10,368.45784
3.397,10,368.485447
0.995,6,368.505914
1.593,9,368.528806
1.896,8,368.554702
1.298,4,368.567578
-0.408,11,368.604569
1.594,9,368.62674
3.389,17,368.682268
0.495,9,368.714173
1.596,6,368.732274
-0.107,10,368.761199
-0.105,8,368.784807
1.894,10,368.817863
-0.707,9,368.849779
0.19,13,368.88726
-0.406,9,368.918304
-0.409,11,368.9527
-0.113,16,369.008121
1.891,12,369.041631
-0.106,9,369.072386
0.789,15,369.126513
1.295,7,369.149902
1.291,11,369.183599
-0.409,11,369.214598
-0.104,7,369.234541
-0.403,6,369.253537
-0.708,10,369.285125
1.594,8,369.311152
-0.405,8,369.337251
0.996,5,369.356421
1.896,8,369.380367
0.993,8,369.407121
1.296,6,369.42155
1.892,11,369.457972
-1.003,4,369.467298
-0.107,10,369.496357
0.192,12,369.53421
1.596,6,369.554138
1.891,12,369.587549
1.594,9,369.612079
-0.109,12,369.654577
0.493,11,369.692149
1.296,6,369.709231
1.595,7,369.728667
2.791,13,369.773734
2.194,10,369.802233
-0.109,12,369.842592
0.191,12,369.880646
-0.707,9,369.90843
-0.414,16,369.958605
-0.408,10,369.990446
0.487,17,370.038777
1.594,8,370.061577
2.192,11,370.097953
0.191,13,370.144153
-0.108,11,370.17895
-0.406,9,370.21145
0.792,13,370.248078
-0.708,10,370.281943
1.596,6,370.296878
1.594,8,370.323212
0.194,10,370.361396
-0.408,10,370.391031
1.295,7,370.412884
0.193,10,370.442293
1.895,8,370.47243
0.79,16,370.513829
-0.408,11,370.550862
0.793,12,370.586327
1.591,11,370.620371
-0.11,13,370.663994
0.194,10,370.700311
1.297,5,370.716202
0.495,9,370.744213
-0.706,8,370.772111
2.493,12,370.8102
-0.409,11,370.846871
1.595,8,370.875073
1.894,9,370.899168
2.195,8,370.923049
1.593,9,370.952892
0.492,12,370.990491
-0.408,10,371.014949
1.596,7,371.035672
0.191,12,371.073177
-0.107,11,371.111913
1.896,7,371.13294
0.796,9,371.164896
2.49,15,371.2044
-0.112,15,371.243769
2.191,14,371.282325
0.791,13,371.319168
-1.005,6,371.335373
1.593,10,371.36516
-0.407,10,371.391883
-0.105,8,371.420752
-1.004,5,371.438586
2.194,10,371.472669
1.594,8,371.500826
1.287,15,371.597296
2.495,10,371.632138
1.894,10,371.664423
1.295,7,371.689826
0.793,12,371.723363
2.793,12,371.760373
-0.406,9,371.791836
-0.405,7,371.810081
2.196,8,371.832775
-0.408,11,371.866367
1.295,7,371.892359
1.592,11,371.927362
1.59,13,371.964036
1.295,7,371.989797
2.792,13,372.035584
2.195,8,372.062911
1.596,6,372.07997
0.197,7,372.099415
0.792,13,372.147497
1.896,7,372.163904
-0.406,9,372.197594
1.894,10,372.228402
2.192,13,372.267349
0.492,13,372.313914
1.893,11,372.347358
1.096,10,372.383092
2.494,11,372.416336
-0.109,12,372.450667
0.189,15,372.494859
1.595,7,372.517827
2.192,11,372.557698
0.193,12,372.596192
1.893,10,372.624723
-0.407,9,372.653814
-0.108,11,372.686801
2.188,15,372.72681
0.791,15,372.767356
1.593,9,372.794939
0.795,10,372.827106
-0.707,9,372.848689
1.895,8,372.874223
1.592,11,372.909917
1.897,7,372.932076
0.192,11,372.972035
2.491,14,373.017736
1.894,9,373.05052
1.296,6,373.068861
2.193,10,373.10094
1.894,9,373.126304
2.189,14,373.16726
1.897,6,373.18645
1.294,8,373.205954
0.997,4,373.217624
1.088,17,373.268611
1.896,7,373.293829
1.895,8,373.317516
-0.106,10,373.34688
-0.704,6,373.365472
1.593,9,373.390666
-1.006,7,373.409331
-0.704,6,373.429576
-0.706,8,373.455473
1.295,7,373.474229
-0.106,9,373.499065
1.592,11,373.533671
-0.704,6,373.556722
2.194,9,373.586503
0.79,16,373.630637
0.49,14,373.676704
0.193,11,373.713439
1.596,6,373.730498
2.193,11,373.765633
2.489,16,373.811485
0.99,11,373.84581
-0.412,15,373.893376
2.795,9,373.921292
1.893,11,373.953441
0.791,15,374.005132
-0.406,9,374.033801
1.594,8,374.061203
1.594,8,374.091064
-0.108,11,374.128415
1.891,13,374.174243
2.489,15,374.217129
-0.109,12,374.247982
1.597,5,374.262773
-0.411,14,374.307349
2.489,16,374.354061
1.89,14,374.394551
1.297,5,374.409983
-0.406,9,374.443796
3.693,14,374.487597
-0.406,9,374.518617
2.194,9,374.548875
0.191,14,374.591197
1.891,13,374.634902
2.793,12,374.675689
2.194,9,374.704548
-0.406,8,374.726984
2.194,9,374.751562
0.994,7,374.770509
0.187,16,374.816529
-0.406,9,374.84681
2.196,8,374.869188
1.091,14,374.911906
3.685,21,374.968131
0.791,13,375.004975
2.191,13,375.041819
0.993,8,375.068511
1.594,9,375.097764
1.592,11,375.192754
1.594,9,375.211667
1.893,10,375.239421
2.792,13,375.279671
3.094,12,375.321766
-0.108,12,375.354304
-0.406,8,375.380255
0.996,5,375.395447
1.896,7,375.420268
1.991,16,375.464993
1.896,8,375.492107
-0.405,8,375.520077
-0.109,13,375.563121
-0.11,14,375.601392
1.293,9,375.626029
-0.403,6,375.644511
1.291,11,375.681499
-0.109,12,375.718488
2.793,12,375.753545
1.294,8,375.780981
1.893,10,375.819897
0.193,12,375.856688
1.089,16,375.904893
1.589,13,375.940828
2.491,14,375.986239
2.193,11,376.021352
2.193,11,376.056189
1.596,6,376.076306
1.293,9,376.102603
2.193,12,376.142651
0.996,5,376.159512
1.896,7,376.184636
1.294,8,376.214937
-0.406,9,376.243197
1.59,13,376.277189
0.195,10,376.306378
1.896,8,376.334522
-0.704,6,376.35199
-0.408,10,376.384463
-1.004,5,376.398056
1.29,12,376.433567
-0.405,7,376.457599
2.195,9,376.482655
2.494,10,376.509617
2.491,15,376.552163
1.594,9,376.582785
-0.112,16,376.62725
2.194,9,376.658418
-0.106,9,376.686225
0.789,16,376.730884
1.295,7,376.753787
1.595,7,376.77739
-1.007,8,376.804139
-0.111,15,376.848944
0.989,12,376.885369
-0.41,12,376.92151
-0.404,6,376.94213
2.789,16,376.991757
1.593,9,377.018445
1.891,13,377.05929
-0.403,6,377.082884
2.194,10,377.109376
2.193,11,377.14394
-0.109,12,377.188181
1.597,5,377.20412
-0.705,7,377.225937
1.895,8,377.254046
1.891,12,377.288215
1.895,8,377.315965
-1.003,4,377.325143
-0.409,12,377.358382
1.894,9,377.384005
-1.004,5,377.401475
-0.113,17,377.444014
-0.103,7,377.467598
0.793,13,377.510686
1.897,6,377.53189
1.896,7,377.55343
1.596,6,377.569858
1.297,5,377.585839
-0.104,8,377.615769
0.793,12,377.654948
0.196,8,377.682577
0.997,4,377.694688
2.191,13,377.729861
1.296,6,377.744613
-0.41,12,377.779226
1.893,10,377.81154
2.791,14,377.858248
1.596,7,377.873731
-0.409,11,377.908258
1.887,16,377.950305
-0.104,7,377.973355
0.49,15,378.02229
1.593,10,378.047865
1.595,7,378.071059
-0.109,12,378.119652
-0.109,12,378.153252
1.294,8,378.175714
-0.405,7,378.195262
2.196,8,378.275359
0.194,10,378.316162
1.293,9,378.338725
1.896,7,378.361971
1.592,10,378.393494
-0.404,7,378.409616
0.791,14,378.447734
0.493,12,378.478182
2.496,8,378.505197
1.288,14,378.543443
-0.407,9,378.567526
-0.108,12,378.602698
-0.111,15,378.646982
-0.404,6,378.661721
-0.407,9,378.689404
1.596,7,378.7128
1.294,8,378.73829
2.492,12,378.769511
1.595,8,378.790973
2.79,15,378.829897
0.997,4,378.844003
1.596,7,378.864637
-0.11,13,378.905086
0.494,11,378.939399
0.796,9,378.969223
1.593,9,378.998635
-0.109,12,379.039298
1.896,7,379.064122
-0.706,8,379.094173
0.492,12,379.125029
0.195,9,379.150884
1.597,6,379.167455
-0.108,11,379.20199
2.195,9,379.228584
1.592,11,379.266595
1.895,8,379.291844
1.596,6,379.314981
0.995,6,379.329952
0.192,11,379.367771
-0.104,7,379.393025
-0.406,9,379.428162
-0.109,13,379.4648
1.596,7,379.487594
1.895,8,379.509325
-0.707,9,379.538822
1.896,7,379.556906
-0.41,12,379.588476
1.596,7,379.612393
1.896,7,379.636108
3.093,13,379.678123
2.492,13,379.722517
2.193,10,379.751649
-0.403,6,379.772264
1.894,9,379.799047
-0.107,10,379.828795
1.296,6,379.847309
1.092,13,379.883863
1.893,10,379.918208
1.595,8,379.945861
1.895,8,379.965634
1.295,7,379.991911
2.495,9,380.038833
1.895,8,380.075984
2.788,17,380.151957
2.496,8,380.18978
0.993,8,380.224611
-0.704,6,380.246005
2.191,13,380.28547
-0.406,8,380.311713
0.193,10,380.339954
0.191,13,380.385326
2.193,11,380.419473
0.491,13,380.456928
1.894,9,380.486717
2.794,11,380.520837
0.194,10,380.549916
-0.705,7,380.576591
0.793,11,380.608706
-0.704,6,380.62717
0.491,13,380.657187
0.49,14,380.703129
2.791,14,380.745326
2.795,10,380.779683
1.594,8,380.80247
0.795,9,380.827968
1.594,9,380.881142
1.594,8,380.914408
1.297,5,380.930097
0.195,9,380.960262
1.295,7,380.980767
2.493,11,381.007119
2.493,12,381.043739
2.195,9,381.075482
2.194,10,381.105115
2.197,7,381.128621
-0.108,11,381.166301
-0.709,11,381.199877
2.188,16,381.239409
2.195,9,381.268796
-0.107,11,381.302946
1.895,8,381.330214
1.893,10,381.364644
1.59,13,381.4009
2.495,10,381.432188
1.295,7,381.452131
0.194,9,381.480155
1.596,6,381.494469
-1.006,7,381.51612
1.593,9,381.542982
2.492,12,381.572774
1.695,11,381.611257
1.593,9,381.633576
2.195,9,381.714137
-0.704,6,381.731597
1.596,7,381.752587
1.596,7,381.772779
1.59,12,381.813361
1.294,8,381.839651
2.191,13,381.887384
-0.705,7,381.906238
-0.703,5,381.92921
2.496,9,381.960236
1.594,9,381.986157
1.896,7,382.005088
1.595,7,382.030842
1.297,5,382.042821
1.295,7,382.064775
0.794,10,382.092984
1.892,11,382.131328
-0.407,10,382.15704
2.493,11,382.190086
1.595,7,382.208328
-0.111,14,382.251355
-0.409,11,382.281463
1.595,7,382.303934
1.295,7,382.324852
1.889,15,382.36241
1.294,8,382.383553
0.193,11,382.420295
1.596,7,382.438826
-0.112,15,382.482722
-0.405,8,382.511041
2.192,12,382.545451
-0.109,12,382.585888
0.489,16,382.634737
1.296,6,382.650132
0.192,12,382.686777
1.297,5,382.701027
-0.711,13,382.743136
1.595,8,382.769353
3.99,17,382.824157
2.493,12,382.872419
-0.108,11,382.914507
-0.108,11,382.951372
2.494,10,382.989587
-0.702,4,383.005612
0.197,7,383.036942
2.193,11,383.06966
1.595,7,383.090961
1.595,7,383.114776
1.594,9,383.149442
-0.706,8,383.174399
2.494,10,383.206423
1.59,12,383.248662
-1.003,4,383.266305
1.596,7,383.28498
1.596,6,383.30514
1.592,10,383.338332
1.896,7,383.361917
0.193,11,383.40306
1.297,5,383.417797
1.893,10,383.452751
0.996,5,383.471754
0.193,10,383.503269
-0.109,12,383.542598
1.596,6,383.562728
2.492,12,383.603069
2.19,15,383.649143
2.495,10,383.681984
1.595,8,383.704697
-0.405,7,383.733046
1.291,11,383.769312
2.495,9,383.797905
-0.108,11,383.838767
-0.405,8,383.868963
1.292,10,383.896481
0.189,14,383.935009
1.895,8,383.961711
1.591,12,383.998976
0.489,15,384.041168
0.193,10,384.072514
1.596,6,384.087044
1.593,9,384.116713
-0.708,10,384.15038
1.894,9,384.178082
2.494,10,384.212994
-0.109,13,384.260596
1.593,10,384.287242
2.192,11,384.322068
1.595,8,384.351522
1.593,9,384.382521
-0.705,7,384.40435
-1.004,5,384.427799
0.19,14,384.474847
-0.11,13,384.509219
-1.003,4,384.519683
2.193,11,384.550853
-0.405,8,384.577381
-0.71,12,384.617494
0.194,10,384.65391
-0.41,12,384.692565
1.896,8,384.718513
2.492,12,384.750792
1.595,8,384.77679
1.293,9,384.802308
0.194,10,384.83487
3.091,15,384.887626
1.594,8,384.91526
-0.105,9,384.939562
-0.405,7,384.963359
-0.11,13,384.999693
-0.406,9,385.024625
0.192,11,385.057249
-1.007,8,385.084895
1.595,8,385.111578
1.592,10,385.19923
2.195,10,385.230909
0.191,12,385.263486
-0.105,8,385.285467
-0.708,10,385.313718
1.692,14,385.352536
0.496,8,385.380794
-0.104,7,385.405325
1.594,8,385.429991
-0.404,7,385.454506
0.19,14,385.498012
0.793,12,385.533469
2.193,11,385.563559
0.192,13,385.598033
0.194,9,385.624563
-0.707,9,385.64951
2.196,8,385.668697
-0.706,8,385.692645
1.892,12,385.730489
1.295,7,385.756603
1.892,11,385.798558
1.893,11,385.837736
1.298,4,385.850124
-0.405,7,385.874766
2.492,13,385.908025
1.295,7,385.932058
-0.707,9,385.96072
1.595,7,385.981827
1.59,13,386.018873
2.192,12,386.057806
-0.41,12,386.086051
1.595,7,386.112118
2.493,11,386.148984
1.294,8,386.176382
1.891,12,386.212268
-0.406,9,386.244533
-0.708,10,386.277542
-0.407,10,386.31242
1.291,11,386.346253
1.896,7,386.370537
1.294,8,386.398823
1.596,6,386.418313
1.892,11,386.455865
2.194,10,386.49253
3.095,10,386.520951
1.591,11,386.557227
-0.404,7,386.577347
1.592,11,386.615262
0.796,9,386.644575
1.893,11,386.680404
1.594,8,386.703518
1.593,10,386.737348
0.194,9,386.771437
-1.007,8,386.799321
0.189,14,386.838505
0.495,9,386.867291
1.896,7,386.890484
0.996,5,386.901055
-1.003,4,386.913769
1.89,14,386.958421
0.188,15,387.001237
-0.408,11,387.039795
2.194,9,387.06624
2.491,13,387.10984
-0.106,9,387.139663
-0.406,9,387.168698
1.893,10,387.204875
0.993,8,387.233959
-1.005,6,387.249672
-0.403,6,387.267625
1.894,10,387.299576
1.296,6,387.324118
0.195,9,387.355004
0.191,13,387.398375
2.189,15,387.449493
1.592,10,387.485645
2.493,11,387.516788
-0.71,12,387.549514
3.09,15,387.598906
1.892,11,387.637993
-1.004,5,387.654518
-0.705,7,387.680959
0.793,12,387.721937
2.496,9,387.753605
2.795,9,387.782319
2.789,16,387.874995
2.192,12,387.914321
1.596,6,387.936324
-0.108,11,387.971858
1.893,10,388.007889
-0.409,12,388.049277
1.597,5,388.067215
1.597,5,388.083834
-0.105,8,388.109502
2.193,11,388.143615
2.497,8,388.171105
1.896,7,388.189656
0.191,12,388.226826
-0.706,8,388.255365
0.186,18,388.369998
0.191,13,388.413102
1.293,9,388.443637
-0.409,11,388.479829
-1.006,7,388.505886
1.894,10,388.534315
-0.704,6,388.556493
1.895,8,388.578783
0.19,14,388.621976
1.895,8,388.648051
1.895,8,388.671026
0.795,10,388.697781
-0.104,8,388.725656
2.496,9,388.74873
0.188,15,388.79295
-0.411,13,388.831917
2.492,12,388.876414
1.291,11,388.912796
-1.003,4,388.92546
2.792,13,388.967186
-0.406,9,388.996792
2.193,11,389.028709
2.191,13,389.063772
-0.408,11,389.099468
1.895,8,389.129952
1.896,7,389.158655
1.895,8,389.185486
2.589,19,389.242973
-1.003,4,389.25754
1.593,9,389.283335
0.192,12,389.321879
1.597,6,389.340305
2.195,10,389.378427
0.493,11,389.419246
0.788,17,389.489938
0.494,10,389.526026
1.892,11,389.565504
-0.111,14,389.60825
1.293,9,389.638069
2.193,11,389.670667
1.591,12,389.710271
-0.408,10,389.746068
1.294,8,389.774199
-0.703,5,389.79218
1.894,9,389.823009
-0.702,4,389.832412
-0.406,8,389.860516
1.295,7,389.885004
-0.407,9,389.912321
1.894,9,389.942657
1.893,10,389.977309
-0.105,8,390.010424
1.594,9,390.037966
1.895,8,390.070588
0.995,6,390.092161
-0.705,7,390.116427
1.597,5,390.131989
-0.406,8,390.160838
1.294,8,390.18517
2.193,10,390.208095
-0.406,8,390.230649
1.592,10,390.262915
1.896,7,390.288095
1.891,12,390.329186
-0.105,8,390.358491
1.595,8,390.38518
2.192,11,390.414163
0.49,15,390.462527
1.895,8,390.491773
0.791,14,390.529415
1.294,8,390.557018
1.896,8,390.584653
1.895,8,390.612185
1.891,12,390.652567
0.195,9,390.681215
-0.703,5,390.697188
3.086,20,390.808824
0.491,13,390.85504
1.896,7,390.87621
-0.405,7,390.89803
1.294,8,390.922254
-1.003,4,390.935247
1.893,11,390.970754
-0.406,8,390.993675
-0.107,10,391.029175
2.194,9,391.057225
1.595,7,391.081415
0.192,12,391.121324
1.595,7,391.143624
2.195,9,391.167422
-0.106,9,391.201039
1.591,12,391.238737
1.595,7,391.259768
0.996,5,391.275189
0.189,15,391.326747
1.292,10,391.355846
1.593,9,391.382031
2.492,12,391.423876
1.896,7,391.447292
-0.702,4,391.461093
0.491,14,391.509519
2.193,11,391.543013
-0.406,9,391.573615
1.594,8,391.651862
-0.106,10,391.685598
2.196,8,391.713172
-0.405,7,391.737772
-0.406,9,391.772146
-1.006,7,391.793064
2.193,11,391.827252
-0.11,13,391.866563
2.795,10,391.904123
1.297,5,391.920087
0.793,11,391.957353
-0.711,13,391.99836
-1.007,8,392.025557
-0.107,10,392.062444
1.595,7,392.082454
1.596,7,392.106003
0.191,13,392.143851
2.19,14,392.185266
-1.004,5,392.197128
0.19,14,392.245864
2.792,13,392.28347
-0.706,8,392.311145
-0.104,7,392.329417
1.595,7,392.34974
0.197,7,392.374583
0.997,4,392.392376
-0.405,7,392.416836
-0.408,11,392.457447
1.594,8,392.485363
1.595,7,392.506923
-1.008,9,392.533202
2.491,13,392.572744
1.595,8,392.608083
-0.108,12,392.663048
-0.404,6,392.683732
1.595,7,392.707356
0.196,8,392.73222
1.593,9,392.762784
-0.11,13,392.825071
1.892,11,392.866286
0.195,9,392.910546
2.195,9,392.9462
0.491,13,393.003892
1.595,7,393.040771
-0.704,6,393.070938
1.297,5,393.104566
-0.104,8,393.153539
-1.005,6,393.188979
1.594,8,393.235222
0.191,12,393.300461
1.895,9,393.3456
0.997,4,393.362849
1.891,12,393.406
-0.71,12,393.45417
1.897,6,393.477308
1.296,6,393.501272
-0.704,6,393.533631
-0.708,10,393.578749
2.196,8,393.614659
1.292,10,393.657622
1.895,8,393.693866
1.595,7,393.720079
2.195,8,393.750896
-0.409,12,393.791433
1.891,12,393.844198
1.897,6,393.867578
1.596,7,393.905199
1.897,7,393.933525
1.295,7,393.962201
1.895,8,394.000548
1.892,11,394.043493
1.594,8,394.074736
2.184,20,394.142
2.794,11,394.190766
2.495,9,394.222562
1.593,10,394.25729
-0.405,7,394.277657
2.495,9,394.31391
0.491,14,394.357582
1.297,5,394.373507
0.192,11,394.420186
2.493,11,394.459695
1.895,8,394.487935
-0.404,7,394.513964
-0.703,5,394.527459
-0.105,9,394.560461
0.195,9,394.591287
1.092,13,394.647431
2.194,10,394.675249
1.895,8,394.700958
-0.412,14,394.74619
-0.703,5,394.760128
0.995,6,394.779307
1.895,8,394.802457
2.194,9,394.881807
-0.105,9,394.912738
1.593,10,394.943921
2.493,12,395.002623
1.293,9,395.055273
-0.707,9,395.105931
-0.108,11,395.150064
1.597,5,395.168868
-0.105,8,395.274403
1.296,6,395.304081
0.191,13,395.36478
-0.108,12,395.406051
1.595,7,395.423382
2.193,10,395.455257
0.188,16,395.524489
0.997,4,395.540141
0.997,4,395.555173
1.897,6,395.580863
2.19,13,395.646477
1.897,6,395.673709
1.594,8,395.708048
0.995,6,395.737177
1.596,6,395.76321
2.496,9,395.800352
-0.706,8,395.835235
-0.106,10,395.879803
1.297,5,395.895172
-0.704,6,395.922639
1.595,7,395.944144
1.894,9,395.98399
1.893,10,396.029769
0.789,16,396.091234
1.595,8,396.118942
2.791,14,396.188028
0.788,16,396.271133
1.593,9,396.312158
1.893,10,396.345767
-1.004,5,396.359267
1.595,7,396.377834
0.192,12,396.437449
0.996,5,396.460284
1.896,8,396.493869
0.495,9,396.52704
1.895,8,396.558235
1.595,7,396.582493
-0.108,11,396.617631
-0.104,8,396.642107
1.594,8,396.670019
1.296,6,396.690413
2.196,8,396.757176
0.491,14,396.810987
1.596,6,396.831403
2.492,13,396.869614
0.495,10,396.903193
1.89,13,396.943146
1.595,8,396.974587
0.791,14,397.019688
-0.707,9,397.056366
0.492,12,397.096313
-0.411,14,397.145069
-0.405,8,397.173862
2.798,8,397.201146
0.495,10,397.242224
1.297,5,397.259527
-0.406,8,397.286401
-0.409,11,397.326163
3.094,12,397.367222
0.188,15,397.418689
-1.005,6,397.442243
1.296,6,397.462774
-0.404,6,397.483438
1.894,10,397.517809
0.194,9,397.561805
-0.406,9,397.611039
0.996,5,397.630898
1.596,6,397.658085
1.895,8,397.696449
1.892,11,397.739864
1.592,10,397.781637
-0.107,10,397.83501
0.997,4,397.851833
1.596,7,397.884585
-0.406,8,397.912701
1.296,6,397.936145
0.192,12,397.969273
0.49,15,398.019673
2.495,9,398.050641
1.289,13,398.095948
1.594,8,398.118793
1.892,11,398.150661
1.895,8,398.184242
-0.41,12,398.230689
1.895,9,398.256108
-0.703,5,398.272492
-0.109,12,398.314668
1.296,6,398.337824
-0.705,7,398.356981
-0.104,7,398.388798
2.492,12,398.424143
-0.405,8,398.458742
2.491,14,398.521374
1.293,9,398.550556
0.192,12,398.589285
-0.407,10,398.622774
-1.009,10,398.653305
-1.006,7,398.679409
-0.409,12,398.717054
1.596,6,398.735431
1.596,6,398.751755
-0.406,9,398.778487
-0.107,10,398.812329
0.994,7,398.834786
-0.106,10,398.872273
2.195,9,398.902347
0.995,6,398.919251
2.195,8,398.941
1.595,7,398.962955
1.593,9,398.987947
1.595,7,399.009509
2.793,11,399.043658
-0.109,12,399.138993
0.193,11,399.175239
1.594,8,399.201908
1.593,10,399.230755
-0.409,11,399.265476
2.195,9,399.290143
-0.105,8,399.316624
1.294,8,399.343139
1.294,8,399.365393
0.191,13,399.403182
-0.109,12,399.443967
0.996,5,399.463658
1.895,8,399.485783
1.295,7,399.503865
0.997,4,399.51499
-0.703,5,399.535733
-1.006,7,399.556308
-1.005,6,399.577697
-0.406,8,399.603455
2.496,8,399.633614
1.893,11,399.66324
1.594,8,399.687323
2.195,8,399.711719
0.189,14,399.752186
1.595,8,399.77715
-0.104,7,399.800957
2.792,13,399.83917
1.891,12,399.87327
0.993,8,399.896688
-0.109,12,399.939
-0.709,11,399.974921
-1.005,6,399.99394
-0.111,14,400.026209
1.087,18,400.074489
2.196,8,400.096897
-0.407,9,400.130753
0.195,8,400.151758
-0.707,9,400.177071
1.296,6,400.194861
0.996,5,400.213823
-0.105,9,400.241858
2.19,13,400.281657
-1.003,4,400.291361
-0.105,8,400.324953
1.289,13,400.362468
0.195,9,400.392925
1.297,5,400.405359
-0.406,8,400.429747
-0.708,10,400.459508
1.595,8,400.482713
1.895,8,400.504273
-0.11,13,400.548463
1.895,8,400.574342
1.296,6,400.588256
1.595,7,400.612455
1.292,10,400.644829
0.49,14,400.682398
1.595,7,400.705268
1.896,7,400.728271
2.793,12,400.768719
-0.705,7,400.787581
-0.109,12,400.825448
1.595,7,400.849187
-0.105,9,400.877268
1.595,7,400.897418
-0.409,11,400.933472
-1.004,5,400.949931
2.194,10,400.983539
-0.407,9,401.009987
2.191,12,401.04736
0.997,4,401.056913
2.195,9,401.084055
-0.704,6,401.102719
-0.106,9,401.13713
0.794,10,401.171332
0.996,5,401.188562
0.194,10,401.225295
-0.703,5,401.248455
2.196,7,401.274325
1.296,6,401.295851
1.893,10,401.334466
1.596,6,401.354417
-0.413,15,401.39948
-0.403,5,401.417308
1.893,11,401.457082
-0.706,8,401.484296
-0.105,9,401.51755
1.897,6,401.537778
-0.404,6,401.556863
1.596,6,401.579991
1.293,9,401.610987
-0.71,12,401.64827
0.997,4,401.658051
1.589,13,401.697764
1.594,9,401.730123
1.593,9,401.761825
-1.007,8,401.79265
1.591,12,401.832568
-0.704,6,401.85092
0.492,12,401.900774
1.893,11,401.953951
0.192,13,402.064261
0.193,10,402.099217
2.189,14,402.318013
2.194,9,402.41125
2.492,13,402.469195
1.596,7,402.495076
0.193,11,402.531796
-0.11,13,402.5798
-0.107,10,402.620171
1.592,11,402.659664
-0.706,8,402.692641
-0.704,6,402.709765
1.895,8,402.734231
2.188,16,402.780256
1.895,8,402.810679
2.496,9,402.843998
1.593,10,402.873199
2.192,12,402.915287
1.894,9,402.945128
-0.108,11,402.979021
1.895,8,403.00157
0.797,8,403.026362
1.896,7,403.05265
1.296,6,403.068704
1.592,10,403.101138
0.491,14,403.150061
1.589,14,403.189516
1.897,7,403.21503
0.794,11,403.252855
1.291,11,403.29005
1.597,5,403.307697
-1.003,4,403.318061
3.092,13,403.354193
1.594,9,403.383938
-0.106,9,403.411227
-0.405,7,403.429215
0.191,13,403.466104
-1.004,5,403.479344
-1.003,4,403.494407
-0.406,8,403.526917
1.597,5,403.544649
-0.11,13,403.584432
1.889,14,403.624815
-0.404,7,403.651163
0.192,11,403.687873
-1.003,4,403.698662
-1.003,4,403.712744
-1.007,8,403.74087
-0.408,10,403.776739
2.495,10,403.80814
0.995,6,403.828271
-0.705,7,403.851273
-0.107,11,403.89327
-0.406,9,403.924637
-1.005,6,403.949101
0.192,12,403.986311
-0.705,7,404.008294
1.596,6,404.028865
-0.405,7,404.052441
0.192,12,404.089561
0.494,10,404.118758
-0.408,10,404.156211
2.193,10,404.191843
2.194,10,404.22997
-0.405,7,404.253476
2.191,13,404.30104
3.093,12,404.347945
-0.405,7,404.372014
1.592,10,404.407621
-0.704,6,404.427933
2.494,10,404.462561
0.189,15,404.516891
1.596,6,404.535487
1.393,13,404.583973
0.994,7,404.612981
1.594,8,404.641522
0.191,13,404.684751
0.192,12,404.721818
1.588,14,404.764192
0.995,6,404.780276
1.593,10,404.816102
1.59,13,404.8618
-0.109,12,404.900508
-1.003,4,404.915077
1.092,16,404.968435
-0.704,6,404.99405
-1.007,8,405.028892
-0.104,7,405.049366
1.894,9,405.076486
1.893,10,405.107095
-0.408,11,405.145354
-0.704,6,405.162692
-0.106,10,405.200933
1.593,10,405.234312
1.589,13,405.283523
0.193,10,405.310342
-0.408,11,405.346605
-0.107,10,405.377471
1.896,7,405.403098
1.891,12,405.442718
2.194,10,405.478444
-0.704,6,405.498245
1.893,10,405.537383
0.191,13,405.581794
-0.106,9,405.609473
2.491,13,405.651476
-0.109,12,405.688112
-0.103,7,405.715175
-0.104,7,405.741367
-0.108,12,405.775394
1.892,12,405.814479
2.789,16,405.858943
0.191,13,405.904075
1.895,8,405.926636
1.595,7,406.005209
-0.405,8,406.031621
1.595,8,406.059402
1.293,9,406.085049
3.095,10,406.123552
0.791,14,406.172525
2.493,11,406.207688
1.593,10,406.233142
0.79,15,406.270393
2.49,14,406.310696
0.492,12,406.345368
2.793,12,406.382402
-0.405,8,406.407279
0.489,15,406.447241
-0.108,11,406.480995
-0.11,14,406.524987
2.492,12,406.559469
1.894,9,406.584255
0.493,12,406.616593
-1.003,4,406.628426
1.296,6,406.647386
-0.702,4,406.660795
-0.702,4,406.675045
1.597,5,406.691682
1.593,9,406.719714
0.793,12,406.761536
0.794,12,406.801256
-0.105,9,406.823873
-0.114,18,406.875805
1.294,8,406.939053
-0.404,7,406.96792
1.392,14,407.014158
1.893,10,407.04724
1.892,11,407.084777
1.289,13,407.125535
1.887,16,407.176396
-0.709,11,407.213863
1.896,7,407.231313
1.892,12,407.272123
1.589,14,407.318882
0.489,15,407.361236
2.492,12,407.396395
0.494,11,407.436173
1.595,7,407.460871
0.995,6,407.478894
0.193,10,407.513309
-0.706,8,407.535536
2.193,10,407.565571
2.194,10,407.59667
0.495,9,407.628002
1.296,6,407.648119
0.198,7,407.671758
2.193,11,407.706755
-0.107,10,407.733307
0.792,14,407.7858
2.188,16,407.83375
2.494,10,407.866317
-0.41,12,407.897975
0.493,11,407.937156
2.196,9,407.965169
1.595,8,407.992248
2.192,11,408.027773
1.594,8,408.056223
1.593,9,408.086194
-0.112,15,408.126236
2.189,14,408.166834
-0.404,6,408.187104
2.194,10,408.21927
1.59,13,408.265311
1.596,6,408.291303
0.794,11,408.344179
2.19,13,408.407083
-0.106,9,408.446366
-0.407,10,408.476804
1.09,16,408.525456
1.893,10,408.557935
1.889,14,408.605934
-0.105,9,408.637017
1.295,7,408.661051
-0.405,7,408.68567
1.893,10,408.719096
0.994,7,408.742802
-0.107,11,408.782953
2.194,9,408.815943
2.495,9,408.846229
-0.105,8,408.873951
-0.106,9,408.906239
2.493,11,408.941786
2.193,11,408.975899
2.19,13,409.021402
-0.407,9,409.073581
2.194,9,409.118369
1.388,17,409.237275
0.792,12,409.293637
-0.107,11,409.349849
2.192,12,409.397541
0.194,10,409.436429
1.893,11,409.471229
0.189,14,409.519327
-0.403,6,409.542337
-0.706,8,409.579289
-0.404,6,409.604482
1.592,10,409.643878
0.188,16,409.757521
1.595,8,409.784006
2.192,11,409.821265
2.193,11,409.854556
-0.408,10,409.883708
1.894,9,409.917283
1.897,6,409.93616
0.789,16,409.987208
1.594,8,410.015193
-0.703,5,410.035762
1.292,10,410.065846
1.395,11,410.100042
0.492,13,410.146697
3.39,17,410.207787
1.595,7,410.229781
1.894,9,410.25974
1.294,8,410.285728
1.892,11,410.323551
1.595,7,410.344868
1.89,13,410.39108
-0.704,6,410.412148
1.594,8,410.442025
0.49,14,410.495642
1.589,13,410.539543
-0.408,10,410.569471
-0.703,5,410.589336
1.59,12,410.627758
1.589,14,410.675066
-0.409,12,410.709669
2.495,9,410.740242
-0.407,10,410.770936
3.095,10,410.800089
1.292,10,410.830088
-0.105,8,410.861664
1.896,7,410.884309
0.997,4,410.893699
-1.004,5,410.910664
2.196,7,410.934302
1.897,6,410.952528
1.887,16,411.004475
2.489,15,411.047098
-0.706,8,411.072091
-1.005,6,411.087719
0.996,5,411.104791
-0.109,12,411.141996
-0.702,4,411.156382
0.191,13,411.19556
2.194,10,411.223175
-0.705,7,411.24601
1.296,6,411.264508
-0.405,7,411.28574
2.788,17,411.336037
-1.003,4,411.346043
2.495,9,411.369373
1.893,11,411.395525
1.296,6,411.415293
-0.406,8,411.439811
1.092,14,411.479601
1.595,7,411.494671
2.195,9,411.525043
1.889,14,411.566981
3.091,14,411.60606
3.092,14,411.651832
-1.007,8,411.679297
1.593,9,411.709289
1.295,7,411.735815
0.19,13,411.776989
0.189,15,411.822286
1.595,7,411.843668
-0.406,9,411.878734
-0.707,9,411.909375
1.593,9,411.93885
2.192,13,411.975389
-0.106,9,412.009436
1.086,19,412.067571
1.892,11,412.09904
1.593,9,412.130629
1.895,8,412.1539
3.991,16,412.193565
1.293,9,412.216906
1.595,7,412.236127
1.592,10,412.263626
-0.406,9,412.296853
-0.108,11,412.326076
1.896,7,412.351005
-0.104,8,412.381791
0.994,7,412.400153
1.294,8,412.422243
1.894,9,412.450672
-1.006,7,412.474775
1.288,14,412.519099
0.49,15,412.567042
1.896,7,412.589491
2.19,14,412.631548
-0.108,12,412.660405
2.794,11,412.691406
1.593,9,412.720417
2.192,11,412.758098
-0.104,8,412.786034
1.594,8,412.810465
-1.003,4,412.823096
1.595,7,412.843376
1.292,10,412.86867
-0.108,11,412.912609
2.194,9,412.981083
-0.41,12,413.022318
2.195,9,413.051706
-0.409,11,413.08957
1.593,9,413.116476
-0.109,12,413.153784
1.895,8,413.179866
-0.403,6,413.201867
1.894,10,413.238379
-0.108,12,413.27342
1.593,10,413.301697
-0.407,9,413.324682
1.295,7,413.345685
0.192,11,413.378452
2.191,14,413.420215
1.595,7,413.442448
3.093,12,413.481381
-0.407,9,413.504908
-0.711,13,413.540028
1.894,9,413.569149
-1.008,9,413.596968
2.493,11,413.62723
1.894,9,413.654136
2.488,16,413.701322
0.19,13,413.737151
-0.404,7,413.760999
1.894,9,413.783851
2.192,12,413.824053
-0.406,8,413.847872
-0.103,7,413.869906
1.293,9,413.894254
1.295,7,413.912778
2.491,14,413.958204
0.794,11,413.992175
0.191,12,414.020962
1.295,7,414.040549
-0.11,14,414.086514
2.192,11,414.116174
1.297,5,414.132112
0.995,6,414.148465
1.894,10,414.181993
0.192,12,414.221653
-0.404,6,414.237929
1.29,12,414.269784
-0.404,6,414.288169
1.892,11,414.325054
1.595,7,414.348902
-0.705,7,414.373668
1.893,10,414.405055
0.196,9,414.436913
2.193,10,414.467709
1.889,14,414.517016
1.595,8,414.543445
1.891,12,414.580076
-0.705,7,414.602134
-0.706,8,414.6254
1.294,8,414.650722
2.192,12,414.687234
-1.004,5,414.701255
2.191,12,414.740208
0.792,13,414.768372
-0.106,9,414.800915
2.193,11,414.83172
3.092,15,414.870806
-0.408,10,414.903426
2.79,15,414.944798
0.794,11,414.9813
1.595,7,414.997955
0.996,5,415.013282
0.995,6,415.030168
0.193,11,415.062794
1.893,10,415.087953
1.897,6,415.107832
1.592,10,415.136096
0.492,12,415.170087
2.191,13,415.207309
-0.407,9,415.236376
0.187,16,415.280938
1.391,15,415.323272
0.189,14,415.367803
1.597,5,415.379689
1.896,7,415.403487
1.596,6,415.419913
1.891,13,415.459395
2.495,9,415.487449
0.188,16,415.541388
2.492,12,415.577748
2.793,12,415.613591
-0.702,4,415.624511
1.596,7,415.65051
2.795,10,415.682992
2.489,15,415.725796
1.595,8,415.75215
2.196,8,415.776635
0.19,14,415.819718
2.191,12,415.85211
-1.004,5,415.869238
1.594,9,415.895528
0.194,10,415.928609
1.293,9,415.954977
1.896,8,415.980985
0.997,4,415.991111
2.794,11,416.025693
2.194,10,416.055555
1.89,13,416.093831
2.494,10,416.127341
0.494,10,416.15718
-0.108,11,416.245467
0.195,8,416.277026
-0.409,11,416.314501
1.596,6,416.327026
-0.11,13,416.362646
1.896,7,416.383474
1.595,7,416.406406
0.993,8,416.430619
3.688,18,416.536765
2.195,9,416.569054
1.595,7,416.595706
-0.405,8,416.623693
0.196,8,416.651949
1.892,11,416.68445
2.493,12,416.721056
0.996,5,416.740205
1.595,7,416.757904
1.292,10,416.791455
1.596,6,416.808093
-0.711,13,416.850746
-0.109,12,416.890812
-0.11,13,416.93675
2.194,9,416.970641
-0.109,12,417.012148
2.791,14,417.06315
0.796,9,417.099479
0.192,12,417.139766
1.895,8,417.166164
-1.003,4,417.180028
0.995,6,417.199094
-1.005,6,417.221029
1.593,9,417.248964
-0.406,9,417.275361
-1.003,4,417.291007
1.594,9,417.329464
1.894,9,417.357445
-0.408,10,417.386878
1.295,7,417.410942
0.996,5,417.429298
-0.107,10,417.462571
1.593,9,417.488106
-0.108,11,417.520561
-0.106,9,417.551594
-0.107,10,417.586955
0.995,6,417.605974
1.589,14,417.651018
0.493,12,417.689472
1.896,7,417.709043
1.894,10,417.74837
-0.708,10,417.774198
2.492,12,417.816327
1.593,10,417.849683
1.593,10,417.88447
1.897,6,417.906563
1.892,11,417.943452
-1.003,4,417.957073
2.491,13,417.999204
0.995,6,418.018631
0.19,13,418.063819
0.794,11,418.096968
-0.107,10,418.130436
2.493,11,418.169059
2.495,9,418.198514
0.995,6,418.216358
0.793,11,418.251307
2.187,16,418.303591
0.193,10,418.336337
1.891,12,418.36944
1.894,10,418.394044
2.789,16,418.445288
1.889,14,418.485705
1.894,9,418.513326
-0.407,10,418.548071
-0.407,9,418.580556
1.888,15,418.630076
2.495,10,418.66476
-1.012,13,418.707753
1.296,6,418.722918
-0.702,4,418.739538
0.493,11,418.773844
1.596,7,418.798508
1.594,8,418.823539
1.293,9,418.855343
-0.404,7,418.882508
1.594,8,418.908996
1.596,6,418.92912
2.494,11,418.965965
-0.707,9,418.996597
1.896,7,419.017453
1.295,7,419.040662
2.49,14,419.087663
1.888,15,419.129481
1.897,6,419.149237
1.086,19,419.204077
1.292,10,419.228172
2.194,10,419.2581
-0.106,10,419.292363
-0.105,9,419.319442
-0.407,9,419.350226
1.596,6,419.365691
1.896,7,419.386256
1.894,9,419.412262
-1.004,5,419.428125
2.196,8,419.451897
2.791,14,419.495569
1.595,7,419.516145
1.892,11,419.551976
0.492,12,419.644921
1.892,11,419.686035
1.89,13,419.728576
0.492,12,419.770921
0.995,6,419.788843
2.496,9,419.816574
0.187,17,419.873674
2.192,11,419.916137
1.892,11,419.951681
1.297,5,419.969404
-0.111,14,420.017594
-0.407,9,420.05267
1.892,11,420.097819
1.596,6,420.115537
0.191,12,420.160741
0.191,13,420.20671
1.59,13,420.257025
2.491,13,420.299494
1.893,10,420.329091
0.193,11,420.36798
2.496,9,420.400379
-0.411,13,420.450641
1.889,14,420.498889
1.589,14,420.552688
2.49,15,420.603818
0.489,15,420.662652
1.595,8,420.686386
1.593,9,420.716201
-0.106,9,420.750355
-0.109,12,420.794673
-0.104,7,420.817086
-0.406,9,420.859203
0.191,12,420.897031
1.294,8,420.927597
2.19,13,420.977043
1.891,12,421.017613
1.595,8,421.042935
2.195,9,421.069398
-0.11,13,421.116765
-1.003,4,421.133599
0.49,14,421.184796
-0.11,13,421.227844
1.589,14,421.277856
-0.705,7,421.30456
1.596,7,421.332118
3.092,13,421.388993
3.092,15,421.440677
1.295,7,421.465798
1.595,8,421.494075
1.295,7,421.52018
3.094,11,421.554253
0.193,10,421.599127
1.597,5,421.615733
-0.409,12,421.660106
1.897,6,421.68043
-0.407,10,421.717043
1.891,12,421.762586
-0.405,7,421.788239
1.294,8,421.818053
-0.704,6,421.841903
1.892,11,421.881889
0.191,12,421.924038
1.297,5,421.943656
-0.108,12,421.989744
2.495,9,422.023603
2.195,9,422.054039
0.988,13,422.100988
1.895,8,422.131888
-0.404,6,422.159996
0.196,8,422.188031
1.594,9,422.221047
1.893,10,422.255232
2.794,11,422.294467
2.192,12,422.341228
-1.004,5,422.356179
-0.106,10,422.398405
-0.706,8,422.425497
-0.408,10,422.456313
-0.404,6,422.480404
1.595,7,422.512048
-0.406,8,422.541145
-0.408,10,422.57604
0.489,15,422.629303
1.596,7,422.658845
1.594,8,422.684398
2.194,9,422.719857
1.894,9,422.751155
1.595,7,422.77894
1.895,8,422.808164
-1.007,8,422.834751
-0.702,4,422.848471
-0.111,14,422.896574
1.093,13,422.948884
-0.109,12,423.00116
-0.707,9,423.034244
1.597,6,423.059639
1.088,17,423.12432
1.89,13,423.170623
1.596,6,423.190324
-0.41,12,423.23756
1.295,7,423.300414
0.191,12,423.370348
-0.11,13,423.41392
1.596,6,423.436571
0.194,10,423.470037
2.192,12,423.511137
2.79,15,423.565503
2.495,9,423.599176
-0.107,11,423.644627
-0.705,7,423.679157
1.593,9,423.716019
-0.104,7,423.751868
2.489,15,423.805494
-0.706,8,423.830038
1.29,12,423.866801
0.994,7,423.892008
-0.112,15,423.935445
1.596,6,423.958021
3.687,20,424.023163
2.492,12,424.065639
3.095,12,424.1043
1.593,9,424.128349
-1.006,7,424.157622
1.896,7,424.183109
0.496,8,424.210309
1.891,12,424.253517
-0.704,6,424.276109
-0.11,13,424.327467
2.191,13,424.371968
-0.112,15,424.421438
2.192,12,424.457845
0.193,11,424.499401
-0.702,4,424.512355
2.792,12,424.549646
1.889,14,424.591089
1.89,13,424.63581
0.192,11,424.675589
1.591,11,424.716009
1.894,9,424.755545
0.189,15,424.809192
1.291,11,424.851764
3.09,15,424.905376
2.492,12,424.95108
0.991,10,424.990593
-0.702,4,425.002295
-0.112,16,425.059172
-0.111,15,425.110844
0.492,13,425.155594
2.195,8,425.188831
-1.003,4,425.204243
1.895,8,425.231735
2.195,10,425.275772
1.596,6,425.295603
1.89,13,425.346513
-0.702,4,425.363177
1.894,9,425.406959
1.595,7,425.425988
-0.706,8,425.459491
-0.407,10,425.498419
1.597,5,425.518162
0.996,5,425.534644
-0.107,10,425.57684
1.592,10,425.614275
1.891,12,425.658148
1.891,12,425.699448
0.195,9,425.739246
1.594,8,425.813666
1.296,6,425.84249
0.997,4,425.857243
1.595,8,425.887719
1.89,14,425.934744
2.191,12,425.980696
-0.405,8,426.01192
2.196,8,426.041684
0.994,7,426.065342
-0.707,9,426.104269
0.193,10,426.140018
2.493,11,426.180641
0.188,16,426.238506
2.794,11,426.277908
0.193,11,426.317207
1.892,12,426.365266
1.595,7,426.393443
2.191,12,426.431837
1.688,19,426.485145
2.193,10,426.516387
1.896,7,426.536924
1.596,7,426.562751
1.89,14,426.60324
0.792,12,426.637321
1.094,12,426.677385
1.896,7,426.704164
1.595,7,426.725576
1.894,10,426.753904
0.793,11,426.852421
1.091,16,426.926877
0.191,12,426.979779
1.595,8,427.009855
2.788,17,427.061073
0.195,8,427.090455
1.595,7,427.111552
0.19,13,427.148543
-0.405,7,427.174179
0.187,16,427.225675
-0.111,15,427.271755
-0.407,9,427.30179
0.192,11,427.338768
2.193,11,427.377533
1.893,11,427.408163
2.194,9,427.438804
-0.711,13,427.480312
0.193,11,427.515418
-1.009,10,427.548967
-0.41,13,427.595999
1.594,8,427.619193
-0.109,12,427.655708
3.389,17,427.712011
2.191,13,427.752558
-0.108,11,427.789464
0.995,6,427.807993
-0.104,7,427.828689
1.596,6,427.842495
-0.108,11,427.8792
2.194,10,427.906199
0.792,13,427.948773
1.892,12,427.980805
2.195,9,428.01005
0.494,10,428.045155
0.494,11,428.082365
-0.408,10,428.11484
2.191,12,428.151353
1.293,9,428.184616
0.996,5,428.200914
-0.71,12,428.235913
1.893,10,428.26535
2.194,10,428.296119
2.193,11,428.328739
2.495,9,428.357206
1.596,6,428.375767
2.194,10,428.402848
0.49,14,428.446012
-0.404,6,428.465052
0.994,7,428.485613
0.191,13,428.529624
1.595,7,428.546994
1.89,13,428.587028
2.196,8,428.613039
2.192,11,428.650404
-0.107,11,428.68382
-1.003,4,428.696665
-0.708,10,428.726256
1.294,8,428.754184
0.495,9,428.788081
2.194,9,428.818432
0.193,10,428.851155
1.292,10,428.884378
1.892,11,428.917929
1.894,9,428.947149
-1.004,5,428.965252
1.294,8,428.994829
1.595,7,429.019463
3.396,11,429.052226
1.595,7,429.073922
0.992,9,429.101941
2.196,8,429.12153
2.494,10,429.15255
-1.003,4,429.166114
0.996,5,429.1813
0.996,5,429.197368
0.191,12,429.233316
0.495,9,429.258796
2.494,10,429.296759
-0.405,8,429.324155
1.889,14,429.368611
2.79,14,429.411371
2.19,14,429.459107
-0.708,10,429.483201
1.892,11,429.514169
1.595,7,429.534193
1.594,8,429.560457
1.893,10,429.587523
1.09,16,429.633675
1.294,8,429.66061
2.192,12,429.704584
-0.109,12,429.747229
1.591,11,429.779476
1.595,8,429.804618
-0.405,8,429.835135
-0.41,13,429.863015
2.194,9,429.89463
0.193,11,429.971469
0.494,11,430.018703
-0.406,8,430.041242
-0.404,6,430.062633
1.893,10,430.088437
2.196,8,430.115096
2.791,14,430.160535
2.189,15,430.199979
1.892,11,430.237375
0.491,14,430.281585
1.594,8,430.304869
0.19,13,430.347123
1.589,13,430.382627
1.596,7,430.406599
-0.404,6,430.4218
2.188,15,430.463701
0.189,15,430.505782
0.195,9,430.536132
2.491,13,430.575422
0.495,9,430.609735
-1.003,4,430.623649
0.496,8,430.654846
1.895,8,430.678643
1.296,6,430.692739
0.194,9,430.718498
0.492,13,430.762155
1.896,8,430.783959
-0.111,14,430.824787
1.596,6,430.840964
1.895,9,430.870447
1.293,9,430.901299
2.493,12,430.937567
1.594,8,430.963053
1.596,6,430.984258
-0.407,9,431.007697
0.491,13,431.046999
1.594,8,431.070604
2.191,13,431.103234
0.189,16,431.148528
-0.106,9,431.175756
-0.707,9,431.20504
-0.108,11,431.236157
1.895,8,431.259211
0.989,12,431.295114
1.897,6,431.30955
-0.106,9,431.334804
0.191,13,431.369473
-0.106,9,431.396704
0.491,13,431.435636
1.296,6,431.452274
-0.109,12,431.484214
1.594,8,431.507428
0.192,11,431.537234
1.591,11,431.570002
-0.109,12,431.609437
1.892,11,431.640996
-0.707,9,431.669953
1.591,11,431.702708
-0.702,4,431.715109
1.295,7,431.734379
1.087,18,431.782571
2.49,14,431.829951
0.491,13,431.871918
1.593,9,431.896493
1.597,6,431.917639
2.195,8,431.946748
0.79,15,431.990385
-0.711,13,432.027966
2.494,11,432.058183
-0.112,15,432.104423
1.596,7,432.129478
1.393,12,432.166214
0.193,11,432.205117
1.894,9,432.236566
1.595,7,432.261514
-0.106,9,432.286631
1.594,9,432.312989
1.094,11,432.347774
1.292,10,432.378403
1.595,7,432.402774
0.997,4,432.414148
1.591,11,432.450325
-0.106,9,432.477007
-0.407,9,432.509088
-0.408,10,432.54279
2.493,11,432.574486
2.495,9,432.597192
1.89,13,432.63594
-1.006,7,432.660642
-0.103,7,432.688149
0.996,5,432.70422
-0.104,7,432.725621
-0.408,10,432.750276
0.792,12,432.789644
0.488,16,432.836487
0.994,7,432.854316
-0.706,8,432.880828
1.294,8,432.906587
0.488,16,432.94528
1.895,8,432.96639
0.491,13,433.005677
2.492,12,433.0487
1.296,6,433.069796
1.895,9,433.100591
2.494,10,433.178234
2.792,14,433.226086
2.19,14,433.26858
0.997,4,433.27803
1.592,10,433.307867
0.491,14,433.354037
1.594,9,433.383723
0.492,12,433.424761
-0.707,9,433.456293
-0.105,8,433.483927
1.296,6,433.498949
1.894,10,433.534299
-0.409,12,433.578697
-1.006,7,433.601119
1.595,8,433.627911
1.591,11,433.661909
-0.407,9,433.692994
0.79,15,433.736619
-0.702,4,433.747563
1.294,8,433.770873
-0.111,14,433.811672
1.593,9,433.838641
-0.406,8,433.861973
-0.405,7,433.878843
2.194,10,433.906833
0.794,12,433.947968
1.891,12,433.985554
1.592,10,434.016996
1.596,7,434.041126
1.595,7,434.060306
2.193,11,434.091156
-0.709,11,434.12413
2.191,13,434.159637
1.295,7,434.180781
1.595,8,434.20108
1.591,11,434.230825
2.492,12,434.26771
1.595,7,434.288803
1.59,12,434.321625
2.19,13,434.356997
-0.108,11,434.386441
-0.409,12,434.422911
0.191,12,434.458967
1.893,10,434.490302
2.194,9,434.516823
1.591,11,434.552234
0.492,13,434.586762
2.191,12,434.622003
1.592,11,434.650651
0.987,14,434.693472
0.195,8,434.717183
1.594,9,434.746998
2.491,15,434.78957
1.589,14,434.833741
-0.41,13,434.877418
1.594,8,434.896257
1.596,6,434.916892
1.296,6,434.937472
-0.704,6,434.959251
1.894,10,434.986251
1.596,7,435.010739
0.489,15,435.059755
-0.105,8,435.088483
-0.405,7,435.110858
-0.11,14,435.150625
-0.108,12,435.191057
1.091,14,435.231786
1.896,7,435.252855
1.596,6,435.268489
2.195,8,435.289873
1.592,11,435.321417
-0.407,10,435.356168
-0.408,11,435.394178
0.993,8,435.421751
1.396,10,435.450891
2.491,13,435.489783
-0.405,8,435.5128
0.992,9,435.543878
0.791,14,435.585987
1.293,9,435.613922
2.494,10,435.647428
3.089,17,435.698292
1.896,7,435.716287
2.195,9,435.745131
-0.408,11,435.784025
2.794,11,435.818757
1.895,8,435.844747
-0.407,9,435.870311
-0.705,7,435.893964
2.195,8,435.918375
1.294,8,435.943478
1.591,11,435.970118
-0.109,12,436.010964
0.492,12,436.046433
-1.007,8,436.073445
1.595,7,436.097787
1.887,16,436.14097
-0.406,8,436.168863
-1.008,9,436.19809
1.894,9,436.224493
-0.704,6,436.243701
-1.004,5,436.262678
-0.107,11,436.354061
0.195,9,436.385335
1.89,13,436.42629
1.593,9,436.453618
-0.405,7,436.474645
2.195,8,436.497611
0.487,18,436.59439
1.89,13,436.630431
-0.107,10,436.661129
0.194,11,436.697168
1.392,13,436.739388
-1.004,5,436.755246
-0.106,9,436.780622
2.194,10,436.81475
1.594,8,436.840176
-0.107,10,436.87113
1.594,9,436.89751
2.491,13,436.932119
-0.106,9,436.962696
0.49,15,437.013532
1.592,10,437.040976
-0.108,11,437.07168
1.895,8,437.097557
-0.408,11,437.134485
-1.003,4,437.146494
1.595,8,437.17322
1.895,8,437.199132
2.193,11,437.233687
1.895,8,437.26023
2.493,11,437.294558
-0.406,8,437.318562
0.193,11,437.348388
-0.105,8,437.375384
-1.007,8,437.402956
2.494,11,437.441077
1.596,6,437.456641
-0.405,8,437.481488
0.794,10,437.515721
2.494,10,437.544342
2.192,12,437.583771
-0.405,7,437.607305
0.495,9,437.635647
1.592,10,437.665163
2.195,9,437.699292
-0.106,10,437.736072
1.594,8,437.761915
1.593,9,437.791742
1.594,8,437.815972
-0.405,7,437.834972
0.493,11,437.870275
0.997,4,437.882305
-0.104,8,437.910678
-0.104,7,437.931889
1.894,9,437.958807
-1.003,4,437.968637
-0.404,6,437.986825
2.495,10,438.015839
-0.41,13,438.052287
-0.41,12,438.093432
1.293,9,438.118349
-1.003,4,438.131817
-0.707,9,438.162746
2.194,10,438.195862
0.995,6,438.214604
-0.107,10,438.245295
0.491,13,438.28858
-0.403,6,438.309536
1.592,10,438.338886
1.093,12,438.380767
1.293,9,438.412965
0.194,10,438.44452
1.892,12,438.490063
-1.009,10,438.523546
2.487,18,438.579328
-0.107,10,438.606131
1.891,12,438.647945
-0.707,9,438.676714
1.089,17,438.722457
1.595,7,438.738611
-1.004,5,438.757854
1.593,10,438.786247
3.088,17,438.837553
-0.108,11,438.874106
0.197,7,438.899245
1.889,15,438.944063
2.19,14,438.988001
1.89,13,439.024917
0.494,11,439.05762
-0.405,8,439.085253
-1.005,6,439.104412
-0.106,9,439.133081
1.895,9,439.159197
-0.405,7,439.184988
-0.706,8,439.20991
-0.103,7,439.234343
1.592,10,439.264452
-0.405,7,439.281178
2.491,13,439.320985
-0.702,4,439.335418
-0.409,11,439.36651
1.892,11,439.399487
-1.004,5,439.413478
2.195,8,439.434928
-0.41,13,439.475212
-0.406,8,439.502462
1.892,11,439.541991
1.592,11,439.570451
-0.107,10,439.601063
1.592,11,439.630378
-0.707,9,439.652894
-0.106,9,439.683928
1.589,13,439.753193
-0.108,12,439.797368
-1.004,5,439.813978
-0.11,13,439.852572
0.196,8,439.883003
2.193,10,439.913276
0.192,11,439.948794
1.594,8,439.976476
1.593,9,440.009886
1.892,11,440.043711
1.596,7,440.06737
-0.411,13,440.111919
-0.108,11,440.150915
-0.406,8,440.179118
0.991,10,440.21106
-0.408,11,440.246439
0.789,15,440.292453
0.994,7,440.314833
-0.405,8,440.339589
1.594,8,440.361968
-0.702,4,440.375822
2.493,12,440.413336
2.495,10,440.444991
1.295,7,440.469162
0.792,13,440.511853
1.596,6,440.528693
1.894,9,440.556001
-0.106,10,440.585835
-0.11,13,440.628546
0.789,15,440.677716
1.594,9,440.708629
1.889,14,440.75018
-1.004,5,440.770751
1.094,11,440.802302
-1.003,4,440.813592
-1.003,4,440.825094
1.895,9,440.852235
2.49,14,440.894754
1.891,12,440.929956
-0.106,9,440.960764
2.194,11,440.996198
1.59,13,441.031314
1.595,8,441.056847
2.493,11,441.093008
0.997,4,441.105711
-0.108,11,441.139991
1.894,9,441.167645
1.294,8,441.195991
-0.407,9,441.223611
-0.107,10,441.253972
2.192,11,441.290759
-1.004,5,441.308264
-0.707,9,441.340452
1.296,6,441.358032
1.895,8,441.383754
0.791,13,441.424954
2.191,13,441.468732
1.093,13,441.500926
1.892,11,441.530023
1.596,6,441.547131
-0.403,6,441.565181
2.492,12,441.598339
-0.107,10,441.636075
1.596,6,441.655639
-0.406,8,441.680341
-0.703,5,441.695965
2.493,12,441.731958
2.192,11,441.765399
3.09,15,441.817491
0.493,11,441.850816
1.895,8,441.877384
1.895,8,441.902533
0.997,4,441.917288
1.595,7,441.937751
1.594,9,441.961061
2.792,12,441.994462
-1.003,4,442.008668
0.197,7,442.026209
0.491,13,442.069169
2.192,11,442.104359
1.597,5,442.123245
1.893,10,442.152795
0.189,15,442.20034
1.589,14,442.241318
2.489,15,442.287339
0.195,9,442.314085
2.792,13,442.359951
2.79,14,442.401765
-0.106,10,442.433219
1.897,6,442.452032
0.491,13,442.491323
1.593,10,442.52646
-0.709,11,442.565733
1.894,9,442.593063
2.79,15,442.638689
1.594,9,442.667203
0.791,14,442.715398
2.492,13,442.757353
-0.405,7,442.780097
1.895,9,442.813979
1.591,11,442.882953
-0.405,7,442.920686
-0.707,9,442.950834
-0.106,9,442.983532
1.592,11,443.022248
1.894,10,443.058545
2.791,13,443.094482
1.296,6,443.11456
-0.403,6,443.139523
2.193,11,443.172989
1.597,5,443.18503
3.092,13,443.225569
-0.108,11,443.264887
1.896,7,443.285253
-0.703,5,443.301989
2.194,10,443.331558
1.596,6,443.34869
1.596,6,443.368065
1.39,16,443.411104
-0.108,11,443.448056
0.795,11,443.481046
0.19,13,443.519183
-0.408,11,443.557235
1.595,8,443.582021
2.189,14,443.62296
1.291,11,443.654148
0.997,4,443.666583
-1.004,5,443.682788
1.591,11,443.711537
1.595,8,443.735891
2.793,11,443.779302
-0.104,8,443.807633
0.993,8,443.834492
0.49,14,443.883934
1.592,11,443.915147
-0.407,9,443.943663
-0.408,10,443.980026
-0.405,7,443.999409
0.994,7,444.02323
1.893,10,444.052454
-1.006,7,444.074894
-0.404,7,444.0961
1.895,8,444.123238
1.293,9,444.152169
1.893,10,444.181599
1.296,6,444.197419
1.893,11,444.231486
1.591,12,444.266188
1.894,9,444.291996
2.789,16,444.338781
-0.705,7,444.363038
2.193,11,444.391732
3.094,11,444.428724
2.192,12,444.468848
2.189,15,444.51223
1.595,7,444.534828
-0.408,11,444.56915
1.595,8,444.592198
1.894,9,444.617704
-0.107,10,444.64766
0.194,9,444.682749
-0.105,8,444.70865
1.895,8,444.732636
0.789,16,444.77472
1.594,9,444.806258
-1.004,5,444.821455
2.491,14,444.862603
1.894,9,444.89345
1.594,8,444.917115
1.596,6,444.929677
2.491,14,444.976463
1.892,11,445.006619
0.193,11,445.041052
-1.005,6,445.060046
1.594,9,445.084864
0.996,5,445.098604
-1.003,4,445.114655
1.895,8,445.141612
1.297,5,445.156417
-0.111,14,445.193644
-1.003,4,445.208202
0.194,9,445.230151
0.194,10,445.263857
1.293,9,445.294627
2.492,12,445.339245
1.294,8,445.363739
0.488,16,445.40551
1.895,8,445.430825
0.996,5,445.449183
1.894,9,445.477708
1.297,5,445.492939
2.488,16,445.537072
-0.404,6,445.553327
1.296,6,445.571986
0.194,10,445.600608
1.889,15,445.649244
1.295,7,445.676005
1.893,10,445.703326
1.895,8,445.724196
-1.005,6,445.744519
1.595,7,445.768939
3.393,13,445.811978
0.195,8,445.8338
0.192,12,445.875233
0.493,12,445.918745
-0.405,7,445.939438
2.189,14,445.986328
1.297,5,445.999332
-1.005,6,446.019891
-1.003,4,446.075742
1.294,8,446.104631
0.193,11,446.144096
1.594,9,446.17819
-0.705,7,446.202177
0.489,16,446.25155
2.492,12,446.280366
2.193,11,446.319727
2.493,11,446.350089
1.597,5,446.364256
0.195,9,446.393763
1.896,8,446.423008
1.895,8,446.449256
2.195,9,446.472833
0.791,14,446.510031
1.593,9,446.537038
-1.006,7,446.560374
1.893,10,446.596297
-0.108,11,446.625044
1.294,8,446.652655
0.188,16,446.704485
1.595,8,446.7304
3.092,13,446.772218
-0.409,12,446.802315
2.793,12,446.836174
2.494,10,446.863435
-0.407,9,446.896547
0.493,11,446.93435
2.192,11,446.96789
-1.003,4,446.981073
2.489,16,447.035711
2.195,8,447.061602
1.594,8,447.087102
-0.706,8,447.108615
1.594,8,447.134423
1.895,9,447.161741
-0.406,8,447.185586
1.89,13,447.227327
2.193,11,447.261067
-0.407,10,447.294537
-0.408,10,447.327072
-0.106,9,447.352678
-1.003,4,447.365486
0.196,8,447.39741
0.192,11,447.434145
-0.406,8,447.4577
0.997,4,447.470119
-0.404,6,447.492173
1.292,10,447.525373
0.188,16,447.567895
1.892,11,447.598659
1.893,10,447.627919
0.492,13,447.664701
1.894,9,447.694185
-1.004,5,447.711224
0.486,18,447.767019
-0.407,9,447.796221
2.493,11,447.83095
1.589,13,447.871391
2.792,13,447.90784
2.494,11,447.945391
1.593,9,447.9688
1.892,11,448.004217
-0.705,7,448.027123
-0.405,7,448.049319
-0.705,7,448.069638
-0.106,9,448.099257
1.594,9,448.1265
1.594,9,448.154001
1.892,11,448.190304
1.594,9,448.216532
1.893,10,448.245697
1.894,9,448.278282
1.594,9,448.305027
2.194,10,448.330891
1.893,10,448.372847
-1.005,6,448.394267
2.492,12,448.436525
2.491,13,448.477358
-1.005,6,448.497378
0.995,6,448.519617
-1.004,5,448.537094
1.594,8,448.5621
-0.408,10,448.591557
0.19,13,448.636105
-0.404,7,448.653144
-0.406,8,448.680465
-0.405,8,448.711174
-1.004,5,448.728755
1.892,11,448.804338
3.09,16,448.851411
2.788,17,448.908354
-1.005,6,448.926983
1.895,9,448.957624
0.191,12,448.991268
-0.104,7,449.017322
1.595,8,449.042349
1.594,9,449.079159
0.191,14,449.132519
-0.411,14,449.183323
2.194,9,449.216741
1.592,10,449.248174
-0.407,9,449.278585
2.494,10,449.372547
1.894,9,449.405989
2.193,12,449.442651
1.891,12,449.481415
0.489,15,449.528035
1.894,9,449.556268
1.894,9,449.586691
0.992,9,449.618878
0.193,12,449.657945
1.892,11,449.695768
-0.107,10,449.736571
-0.109,12,449.775432
-0.106,9,449.807477
0.194,10,449.84384
-0.107,11,449.885325
1.594,8,449.911676
1.896,7,449.935505
1.594,9,449.968643
2.189,15,450.023979
-0.705,7,450.048177
0.191,12,450.094412
1.595,8,450.121242
0.192,12,450.158944
2.191,12,450.203015
0.494,10,450.23952
1.594,9,450.270712
2.792,13,450.31244
-0.709,11,450.351094
-0.409,12,450.390666
2.195,8,450.417633
-0.108,12,450.452292
0.494,12,450.489446
0.189,15,450.537454
1.895,9,450.568887
1.392,13,450.608695
2.492,12,450.644904
1.593,10,450.6832
-0.407,9,450.717832
-1.011,12,450.761312
-1.003,4,450.775552
-0.106,9,450.803776
-0.105,8,450.831651
1.593,10,450.860583
1.893,10,450.891168
1.596,6,450.907152
-1.004,5,450.921588
0.189,14,450.963735
1.891,13,451.007816
-0.706,8,451.041602
2.196,7,451.062268
2.193,11,451.101927
1.893,10,451.132229
0.193,12,451.174337
0.194,9,451.204206
2.195,8,451.231452
1.891,12,451.27216
0.191,12,451.310451
1.595,7,451.331674
-0.405,8,451.359625
0.19,15,451.401925
-0.108,12,451.443207
1.095,10,451.474724
1.296,6,451.492228
-0.409,11,451.519477
1.294,8,451.547285
1.894,9,451.572433
1.895,8,451.595744
1.893,10,451.629508
-0.408,10,451.663147
2.795,9,451.688231
3.093,13,451.730228
-1.005,6,451.750258
1.594,8,451.778723
-0.409,12,451.81601
1.596,6,451.836073
-0.108,11,451.872956
1.889,14,451.922548
1.895,8,451.949486
2.193,10,451.980975
1.596,7,452.002721
2.194,10,452.033682
0.187,17,452.082757
1.594,8,452.1064
0.194,9,452.137746
1.589,14,452.187927
1.896,7,452.216533
1.894,9,452.244823
1.894,9,452.274389
1.597,5,452.289378
2.195,9,452.316676
2.194,10,452.351294
1.297,5,452.364574
1.596,6,452.38554
1.388,18,452.434305
-0.404,7,452.458799
1.593,10,452.487414
0.192,11,452.523699
-0.108,11,452.552244
1.595,7,452.573593
-0.405,7,452.639427
1.596,6,452.666955
0.494,11,452.701713
1.593,10,452.725887
2.191,12,452.768511
0.494,10,452.801391
-0.114,18,452.855035
2.194,9,452.881722
1.896,8,452.905608
1.895,9,452.938062
1.593,9,452.968641
-0.706,8,452.994585
2.192,12,453.033913
-0.403,5,453.053401
1.894,10,453.083022
-0.405,7,453.107021
-0.406,9,453.137794
-0.703,5,453.153336
1.595,7,453.171298
2.495,10,453.199712
1.891,13,453.239705
-0.406,8,453.264768
1.593,9,453.28874
-0.405,7,453.306529
0.192,11,453.337078
-0.709,11,453.366558
1.594,8,453.393225
-0.407,9,453.420237
0.189,15,453.460149
2.187,16,453.505084
1.895,9,453.53438
1.595,8,453.559801
-0.412,15,453.606029
1.595,7,453.626799
1.891,12,453.665478
-0.41,12,453.703273
0.791,14,453.745269
1.295,7,453.769875
0.192,11,453.803794
2.193,10,453.829698
2.191,14,453.875888
-0.705,7,453.899185
2.19,13,453.932923
1.896,7,453.948474
-0.71,12,453.981423
1.592,10,454.018909
2.192,12,454.052088
1.293,9,454.074628
1.889,14,454.119429
1.594,8,454.149106
-0.407,10,454.182429
-0.11,13,454.212816
-0.106,9,454.241049
1.894,9,454.272926
1.891,12,454.313341
-0.109,12,454.348584
0.191,12,454.384555
1.596,7,454.407321
2.196,8,454.428943
2.196,8,454.453928
1.292,10,454.483827
2.194,9,454.517071
2.491,14,454.56416
-0.108,11,454.597784
-1.003,4,454.609604
-0.405,8,454.634808
0.793,11,454.671558
2.192,12,454.707449
1.893,10,454.73471
1.595,8,454.763762
1.595,7,454.785821
1.594,8,454.812413
2.189,14,454.851829
0.791,14,454.901567
0.493,13,454.947811
-0.109,12,454.987292
1.596,6,455.004661
1.897,6,455.027272
2.795,10,455.057996
2.19,13,455.09769
2.793,12,455.141923
1.591,12,455.17804
1.595,7,455.193452
0.194,10,455.220205
2.79,15,455.265548
1.592,11,455.302783
0.996,5,455.319731
1.594,8,455.346253
1.893,10,455.379431
-0.407,10,455.413003
1.888,16,455.453213
0.996,5,455.468106
0.996,5,455.482815
1.595,7,455.506137
0.796,9,455.533537
2.793,12,455.571746
-0.406,8,455.594881
-0.71,12,455.638419
1.596,6,455.653629
-0.406,8,455.679804
1.891,12,455.710987
1.892,11,455.744534
-0.107,10,455.774117
1.593,10,455.804435
0.189,15,455.850242
1.594,8,455.874138
3.092,13,455.910451
1.896,7,455.935587
0.49,15,456.039282
0.496,9,456.066573
-0.703,5,456.081061
-0.105,9,456.111657
-0.407,9,456.138756
0.495,9,456.168935
1.892,11,456.202446
1.896,7,456.219979
1.597,5,456.235004
2.489,15,456.278954
1.393,13,456.314603
-0.412,14,456.351193
-0.409,11,456.386365
0.493,12,456.420265
-0.105,8,456.447188
0.496,9,456.48004
-0.705,7,456.501541
0.491,13,456.545138
1.89,13,456.59015
1.895,8,456.617476
-1.004,5,456.634479
3.093,13,456.675431
2.488,16,456.72198
2.19,13,456.763035
2.491,13,456.80403
2.79,15,456.838271
2.49,14,456.881656
1.893,10,456.904997
0.991,10,456.940272
1.891,12,456.97834
1.892,11,457.011084
-0.71,12,457.045158
0.487,17,457.087202
0.992,9,457.111272
1.596,6,457.128886
2.194,9,457.154893
1.897,7,457.175637
-1.003,4,457.187002
-0.704,6,457.205922
1.895,8,457.232967
0.189,15,457.278464
1.297,5,457.298043
1.892,11,457.338578
1.592,10,457.367006
-0.406,9,457.400869
1.294,8,457.427982
2.192,12,457.460707
-0.407,9,457.490418
1.895,8,457.519103
2.489,15,457.558449
1.895,8,457.581526
1.294,8,457.606858
1.893,11,457.640821
-1.003,4,457.654633
-1.003,4,457.668514
-0.404,6,457.684501
-0.405,7,457.702543
-0.105,8,457.728647
0.493,12,457.769108
0.19,14,457.809598
-0.109,12,457.845018
1.294,8,457.874093
2.189,15,457.920039
0.194,10,457.946961
1.894,9,457.972019
-0.704,6,457.991318
-0.403,6,458.012877
0.196,8,458.041342
1.298,4,458.050427
-0.41,13,458.084552
2.79,15,458.131652
1.692,15,458.169408
-0.405,8,458.191764
1.391,16,458.233397
0.192,12,458.270222
-0.406,8,458.297881
4.292,16,458.351983
0.494,10,458.379684
1.089,17,458.426744
-0.406,9,458.450798
0.193,11,458.480128
0.191,12,458.51334
2.194,10,458.546489
-0.707,9,458.580241
1.294,8,458.604742
1.596,6,458.626625
2.792,12,458.665944
1.894,9,458.692409
-0.706,8,458.716479
1.895,8,458.738653
-1.004,5,458.751655
1.896,7,458.775372
0.488,16,458.82422
1.292,10,458.858773
-0.405,7,458.884874
1.893,10,458.917267
-0.112,15,458.957582
0.49,15,459.003008
0.992,9,459.071877
-0.105,8,459.100589
2.195,8,459.129663
-1.005,6,459.16037
1.893,10,459.250412
1.291,11,459.283759
-0.107,10,459.315978
-0.11,13,459.363682
2.193,10,459.397078
2.191,13,459.436388
-0.105,8,459.463498
0.488,16,459.511958
-1.005,6,459.531733
1.893,10,459.56394
1.892,11,459.594845
0.49,14,459.642859
2.495,9,459.670217
-1.008,9,459.691528
-0.406,8,459.717434
1.292,10,459.751104
1.593,9,459.780731
0.191,13,459.8214
-0.408,10,459.855899
-0.407,9,459.888164
1.294,8,459.911453
-0.707,9,459.940786
1.295,7,459.965325
1.892,11,459.999358
1.592,11,460.032743
1.593,9,460.063342
1.596,6,460.080354
-1.006,7,460.104021
-0.109,12,460.139585
-0.704,6,460.157009
-0.41,12,460.194726
-0.71,12,460.237231
0.994,7,460.257964
-0.409,11,460.292353
-1.007,8,460.314229
1.594,9,460.341834
1.596,6,460.359214
2.49,14,460.39892
1.293,9,460.427891
-0.109,12,460.462432
1.594,9,460.491313
-0.705,7,460.510639
-0.706,8,460.535792
1.29,12,460.570723
2.19,14,460.618495
0.997,4,460.62747
1.595,7,460.647254
-1.003,4,460.660174
-0.404,6,460.674519
-0.408,11,460.713875
-0.411,13,460.756573
1.292,10,460.790821
-0.105,9,460.823247
-0.705,7,460.847333
1.592,10,460.877726
1.295,7,460.900314
-0.41,13,460.938802
1.595,7,460.960322
2.492,12,460.995526
0.993,8,461.024386
0.19,14,461.064818
0.49,14,461.110072
-0.411,13,461.152522
-0.707,9,461.182135
1.594,9,461.207119
0.991,10,461.232471
1.59,12,461.270962
0.79,15,461.318106
-0.105,8,461.344264
-0.405,7,461.370399
-0.706,8,461.400582
1.894,9,461.425583
0.493,11,461.458125
1.893,10,461.481767
1.295,7,461.505625
1.295,7,461.532214
-1.007,8,461.558758
1.594,9,461.585604
1.894,9,461.612288
-0.404,6,461.633746
1.594,8,461.654524
-0.11,13,461.693415
2.793,12,461.724511
2.193,10,461.754024
-0.405,8,461.776452
1.294,8,461.798109
2.186,17,461.84466
1.892,11,461.87492
1.894,9,461.900068
0.997,4,461.913538
0.489,15,461.961709
2.49,14,462.002474
-0.104,7,462.021589
-0.107,11,462.057485
1.293,9,462.0901
1.595,7,462.109703
3.094,13,462.151318
1.093,12,462.190637
1.591,11,462.223714
-0.704,6,462.244059
1.593,9,462.265048
2.192,12,462.29795
1.596,7,462.322082
1.896,7,462.342675
0.79,15,462.384683
2.791,14,462.429484
1.892,11,462.461462
-0.704,6,462.533659
0.191,12,462.568794
2.494,11,462.601714
1.894,9,462.624265
0.493,11,462.662652
2.194,10,462.693815
-0.107,10,462.726006
1.89,14,462.768249
1.589,13,462.809756
2.195,8,462.837217
-0.108,11,462.869296
2.495,9,462.900452
1.991,15,462.941497
2.49,14,462.9859
0.196,8,463.01099
1.297,5,463.027075
1.597,6,463.04877
-0.103,6,463.063495
1.597,5,463.077911
-1.005,6,463.096267
0.491,13,463.141292
2.193,10,463.174441
-0.108,11,463.209867
0.994,7,463.232898
1.895,8,463.262223
0.996,5,463.276327
-0.405,7,463.299087
-0.707,9,463.328593
-0.407,9,463.365878
-1.004,5,463.382485
2.494,11,463.41764
-0.708,10,463.448262
-1.009,10,463.479223
2.195,9,463.502525
1.295,7,463.522642
1.891,13,463.564173
0.793,13,463.602772
-0.408,10,463.637598
1.595,7,463.659581
1.894,9,463.689806
-1.003,4,463.703567
-0.104,7,463.721195
-0.708,10,463.755219
-0.704,6,463.771027
1.295,7,463.797282
-0.707,9,463.826134
-0.106,9,463.85501
0.995,6,463.870296
2.195,8,463.893693
-1.005,6,463.914126
0.994,7,463.930098
2.19,14,463.975852
-1.005,6,463.993388
0.495,10,464.021894
1.296,6,464.037068
-0.108,11,464.070818
0.997,4,464.0854
-0.406,8,464.113964
-0.108,11,464.151059
1.393,13,464.19416
1.893,11,464.235922
-1.007,8,464.260216
0.494,11,464.300849
-0.11,13,464.34179
1.29,12,464.374274
-0.705,7,464.39342
2.192,12,464.432927
-0.111,14,464.474386
-1.003,4,464.490113
-0.708,10,464.524379
0.49,14,464.567767
1.292,10,464.604398
-1.003,4,464.618695
0.191,13,464.660004
-0.408,10,464.689851
0.79,15,464.740674
2.194,9,464.772601
1.894,9,464.797546
0.194,10,464.832067
1.593,10,464.86193
-0.108,11,464.893224
1.594,8,464.919949
-0.112,15,464.96838
1.596,7,464.98953
-0.703,5,465.008287
1.597,5,465.019992
-0.408,10,465.052355
2.19,14,465.098178
-0.41,12,465.141308
2.193,11,465.176611
1.897,6,465.198872
0.993,8,465.221243
1.296,6,465.241082
-0.406,9,465.271532
-0.41,12,465.306629
0.494,10,465.337995
1.89,13,465.379563
1.595,7,465.404144
2.497,8,465.431892
0.791,14,465.46593
2.194,9,465.496683
1.295,7,465.514035
1.297,5,465.531527
-0.406,8,465.554425
2.195,9,465.587384
0.193,11,465.68191
-0.108,11,465.713306
-0.107,10,465.751491
0.192,13,465.789556
1.897,6,465.809561
1.297,5,465.825443
-0.106,9,465.855009
-0.705,7,465.875754
-1.008,9,465.900506
-0.711,13,465.944975
1.596,6,465.960725
1.297,5,465.97672
-0.108,11,466.009693
0.193,10,466.039931
-0.406,9,466.075798
-0.106,9,466.110133
-0.112,15,466.158425
2.495,9,466.187031
1.89,13,466.223914
2.193,10,466.26046
0.991,10,466.293797
2.19,13,466.331079
0.192,12,466.371702
1.295,7,466.395311
2.188,15,466.437874
1.292,10,466.471515
1.893,10,466.50209
0.993,8,466.528919
0.489,15,466.57052
-0.409,12,466.607862
0.996,5,466.623374
1.889,14,466.66116
2.196,8,466.687565
1.889,14,466.736674
2.194,10,466.760432
2.494,10,466.793896
-0.705,7,466.819563
1.894,10,466.849518
-0.409,12,466.890476
2.191,12,466.927162
1.897,6,466.947827
-0.105,8,466.977014
2.194,9,467.008926
-0.406,9,467.041502
2.193,11,467.077585
2.492,13,467.115256
-0.706,8,467.142404
1.296,6,467.166798
1.296,6,467.185166
-0.108,11,467.221335
-0.408,10,467.252959
1.592,10,467.288408
1.889,14,467.333193
1.594,8,467.359646
1.593,9,467.393506
0.994,7,467.420432
1.595,8,467.448812
0.194,11,467.485623
1.596,7,467.507922
-0.707,9,467.534879
-0.406,9,467.562585
1.591,11,467.593923
0.188,16,467.643492
1.594,9,467.673475
-0.405,7,467.692852
2.194,9,467.72164
1.293,9,467.753227
-0.108,11,467.791019
-0.704,6,467.809561
0.491,13,467.85192
2.49,14,467.891321
-0.708,10,467.921969
-0.707,9,467.952506
-1.003,4,467.964231
1.293,9,467.99498
2.192,12,468.025769
1.293,9,468.04858
-0.709,11,468.07915
1.295,7,468.097867
1.295,7,468.121575
2.194,10,468.151149
0.49,14,468.18768
1.597,5,468.202039
1.294,8,468.224828
1.892,11,468.259096
2.194,9,468.287143
-1.004,5,468.30625
-0.408,10,468.33699
1.594,8,468.361359
1.292,10,468.395886
1.297,5,468.412413
2.192,12,468.45121
2.493,11,468.489893
1.596,6,468.508545
2.192,12,468.543288
0.19,13,468.583238
0.489,16,468.625277
1.896,7,468.646955
1.896,7,468.671091
1.591,11,468.705988
1.594,8,468.725285
1.896,7,468.746242
0.992,9,468.774466
-0.706,8,468.799411
-0.11,13,468.83964
1.593,9,468.862435
0.996,5,468.878753
0.787,17,468.984706
1.294,8,469.01002
2.194,10,469.041554
1.291,11,469.081006
0.191,13,469.12069
-0.407,9,469.150698
-1.007,8,469.175046
2.194,11,469.211208
2.196,8,469.237298
1.295,7,469.25729
1.588,15,469.30605
-0.408,10,469.33334
1.59,12,469.375543
1.892,11,469.409487
-0.409,11,469.441742
0.995,6,469.460141
-0.407,9,469.49977
1.892,11,469.545014
-0.71,12,469.597346
1.893,11,469.649847
1.594,8,469.688519
1.895,8,469.721399
0.787,18,469.767293
1.894,9,469.791359
1.296,6,469.81284
0.993,8,469.834852
1.592,10,469.86697
0.188,15,469.914463
1.594,8,469.939007
-1.009,10,469.970775
-1.003,4,469.984702
-0.708,10,470.017168
1.295,7,470.042111
0.991,10,470.072511
1.593,10,470.101565
2.793,11,470.137468
1.593,9,470.163985
1.294,8,470.190182
-1.004,5,470.208455
-0.705,7,470.231176
1.293,9,470.256727
-0.707,9,470.28417
-0.106,9,470.31233
-0.11,13,470.356451
0.793,12,470.391477
1.592,10,470.427532
-0.704,6,470.444053
1.593,9,470.47368
-0.706,8,470.506031
1.593,9,470.538964
-0.106,10,470.566226
-1.004,5,470.581374
2.193,10,470.61724
1.596,7,470.642691
1.593,9,470.673498
2.495,10,470.702466
0.492,13,470.746809
0.995,6,470.765251
-0.105,8,470.793267
2.191,13,470.829319
1.592,10,470.862381
-1.004,5,470.876492
2.191,12,470.912134
2.192,12,470.953968
1.591,11,470.990596
-0.105,8,471.019352
-0.704,6,471.04213
1.597,5,471.058931
1.296,6,471.078491
1.591,11,471.165433
1.594,8,471.192285
-0.408,10,471.222549
1.593,10,471.252467
-0.406,9,471.280813
-0.41,13,471.317168
1.592,10,471.348573
1.894,9,471.38107
-0.105,8,471.411627
2.494,10,471.441083
-0.709,11,471.474631
1.591,11,471.511912
-0.406,8,471.540167
2.496,9,471.573766
2.193,10,471.611032
1.592,10,471.646958
1.897,7,471.669882
1.896,7,471.68837
0.488,16,471.731098
1.892,12,471.770325
0.489,16,471.817049
2.19,14,471.859806
1.595,7,471.88104
1.594,8,471.909507
-0.708,10,471.943461
0.994,7,471.961213
-1.008,9,471.98966
1.895,8,472.016
1.292,10,472.049469
2.794,11,472.143876
3.692,16,472.198065
2.193,11,472.233608
-0.405,7,472.253018
-0.108,11,472.287859
-0.709,11,472.324549
1.297,5,472.338181
1.59,12,472.373257
1.895,8,472.39856
2.195,9,472.427207
-0.108,11,472.460555
1.891,13,472.496869
1.594,8,472.522273
0.995,6,472.544588
-0.408,10,472.57803
-0.406,9,472.608454
1.294,8,472.637686
0.994,7,472.661352
1.993,13,472.705446
-0.407,9,472.732736
1.594,9,472.763608
2.196,8,472.78468
1.895,9,472.816125
-0.108,11,472.851449
1.892,11,472.890805
1.29,12,472.93039
1.597,5,472.947031
-0.409,12,472.981402
2.193,11,473.013002
1.892,12,473.051773
0.49,15,473.098933
0.796,9,473.127846
1.595,8,473.153882
-0.705,7,473.181557
2.19,13,473.223009
-1.01,11,473.253196
-0.107,10,473.284715
2.192,12,473.315173
1.294,8,473.346425
2.191,13,473.388067
0.992,9,473.412681
2.49,15,473.45528
-0.704,6,473.479887
-0.112,15,473.523699
2.195,8,473.551032
-0.405,8,473.579967
-0.706,8,473.603621
-0.406,9,473.630777
2.794,10,473.660722
-0.406,9,473.690844
2.193,11,473.725755
-0.11,13,473.764055
2.194,10,473.794933
1.597,5,473.809057
0.193,11,473.844066
-0.105,9,473.869092
0.197,7,473.889971
1.294,8,473.911936
1.593,9,473.942578
0.191,13,473.985816
1.594,9,474.016307
-0.707,9,474.049225
3.091,14,474.101277
-0.704,6,474.121253
-0.71,12,474.154735
1.291,11,474.193372
-0.111,14,474.239571
-1.003,4,474.251729
2.494,10,474.281091
-0.711,13,474.321687
1.591,12,474.36269
2.192,12,474.394107
1.596,6,474.415498
1.893,10,474.447182
-0.111,14,474.492052
0.189,15,474.534003
2.19,14,474.578654
0.79,15,474.622749
1.29,12,474.658576
1.894,10,474.685078
1.594,8,474.711591
1.594,9,474.737052
1.895,8,474.76572
-1.003,4,474.778081
-1.006,7,474.804571
1.297,5,474.819189
1.887,16,474.870927
1.594,8,474.896765
1.589,13,474.9383
1.093,12,474.969907
-0.406,8,475.000701
1.894,9,475.029035
-0.408,11,475.065763
1.292,10,475.09077
2.194,9,475.123227
-0.405,8,475.152006
2.19,13,475.197608
-0.409,12,475.230657
2.495,10,475.264406
-1.005,6,475.286975
0.192,13,475.366475
-0.108,11,475.408197
-1.003,4,475.420939
-1.009,10,475.448547
-0.702,4,475.461356
-0.104,8,475.48954
1.593,9,475.515504
1.892,11,475.548259
1.594,8,475.567888
3.396,11,475.608654
1.893,10,475.642202
1.896,7,475.666442
2.196,7,475.688414
3.392,14,475.728868
1.891,12,475.767916
-0.704,6,475.788986
-1.003,4,475.800241
2.192,11,475.830734
2.489,15,475.869507
1.892,11,475.898931
1.895,8,475.925052
-0.409,12,475.961164
2.192,11,476.001446
-0.704,6,476.019888
0.494,10,476.05117
-0.105,8,476.078291
-0.707,9,476.109636
-0.408,10,476.191943
0.791,13,476.250662
-0.408,10,476.287563
1.894,10,476.339271
1.295,7,476.363383
2.19,13,476.402137
-0.407,9,476.433797
3.091,14,476.478871
0.195,8,476.504955
2.195,9,476.533549
-0.106,9,476.563547
2.195,8,476.589549
0.495,9,476.616098
1.893,11,476.648597
2.493,11,476.685714
2.192,11,476.719515
2.788,17,476.77235
1.595,7,476.797048
-0.408,11,476.829426
-1.003,4,476.844813
0.196,8,476.867708
-0.106,9,476.901295
1.894,9,476.933547
0.995,6,476.950713
2.489,15,477.001975
-0.705,7,477.028415
-0.405,8,477.056197
1.595,7,477.08158
-0.407,9,477.108979
-0.407,9,477.132825
1.595,7,477.158743
-0.106,9,477.186359
-1.003,4,477.196838
0.189,15,477.238547
-0.707,9,477.263214
2.193,10,477.295223
1.595,7,477.314174
1.896,7,477.338585
-0.407,9,477.367552
-1.005,6,477.390492
1.893,10,477.417871
-0.409,12,477.453625
-1.008,9,477.486175
-0.405,7,477.507282
3.09,15,477.547748
2.196,8,477.569495
0.486,19,477.627559
1.891,12,477.673735
0.495,9,477.722041
-0.407,9,477.761464
1.593,9,477.790324
1.594,8,477.814969
-1.008,9,477.842118
-0.106,9,477.872641
0.997,4,477.885034
1.595,8,477.914186
1.593,10,477.950249
-1.006,7,477.972362
-0.109,13,478.016378
1.595,7,478.044103
1.896,8,478.074664
0.997,4,478.098032
2.193,11,478.183887
1.891,12,478.231079
1.592,10,478.272202
-0.407,10,478.300507
0.191,13,478.344353
1.592,11,478.381414
2.197,7,478.402167
-0.403,6,478.424235
1.893,11,478.462892
-0.708,10,478.506032
0.492,12,478.546129
1.897,6,478.565885
1.295,7,478.592328
-0.104,7,478.62474
-0.109,13,478.681055
1.892,11,478.758857
1.89,13,478.806611
0.189,16,478.849659
-0.104,8,478.878122
-1.005,6,478.897731
1.596,7,478.92207
2.191,13,478.963724
2.795,10,478.996932
2.796,9,479.027896
2.492,13,479.071781
2.793,13,479.115953
2.493,11,479.154963
2.192,11,479.197672
-0.704,6,479.221072
2.191,12,479.272537
1.893,11,479.316783
1.893,10,479.355497
1.595,7,479.38163
2.49,14,479.428751
0.491,13,479.465532
2.19,13,479.521588
0.187,17,479.592808
1.894,10,479.639633
2.191,13,479.695536
1.594,8,479.739276
0.995,6,479.768549
1.293,9,479.820027
0.997,4,479.835634
2.192,12,479.889658
-0.705,7,479.923982
-0.708,10,479.979565
1.591,12,480.034804
0.194,9,480.07516
1.895,8,480.105729
2.196,8,480.146266
1.894,9,480.18491
1.895,8,480.224066
1.896,7,480.254544
-0.706,8,480.291646
1.595,8,480.325338
1.596,7,480.354674
-0.406,9,480.391349
1.894,9,480.426913
2.496,9,480.459746
0.187,16,480.517802
1.892,12,480.564425
1.294,8,480.59873
-0.405,7,480.629153
1.595,7,480.65606
1.895,8,480.681102
-0.106,9,480.717247
1.595,8,480.751986
-0.112,15,480.807651
1.596,6,480.826573
1.595,8,480.869761
-0.405,8,480.902051
1.89,13,480.949024
1.895,8,480.978161
2.193,10,481.013206
1.891,12,481.052466
1.592,10,481.088347
1.595,8,481.121885
-0.106,9,481.157274
1.892,11,481.188905
1.894,9,481.21537
0.997,4,481.225944
1.895,8,481.251769
2.793,11,481.288113
1.594,9,481.31292
2.187,17,481.370752
0.996,5,481.389657
-0.102,6,481.413405
1.594,8,481.438926
2.496,9,481.462482
2.194,10,481.497112
0.788,16,481.554561
0.194,11,481.590362
1.594,8,481.613287
1.296,6,481.638521
1.294,8,481.661372
2.192,13,481.709087
-0.408,10,481.742631
1.595,8,481.772069
-0.105,8,481.853199
1.895,8,481.878626
2.195,8,481.905416
1.894,9,481.93724
-0.105,9,481.96865
1.591,11,482.001835
-0.105,8,482.027388
1.293,9,482.055372
-0.105,8,482.07936
2.494,10,482.117005
-0.705,7,482.136265
1.895,8,482.164789
1.894,10,482.194323
1.595,7,482.219783
2.491,14,482.258849
1.896,7,482.288227
-1.006,7,482.311928
0.997,4,482.327099
1.894,9,482.357419
2.794,11,482.393896
-0.107,10,482.429126
1.894,9,482.460201
1.591,12,482.503424
0.989,12,482.541811
1.596,7,482.564732
-0.413,15,482.614646
2.79,14,482.720718
2.493,11,482.757096
2.192,12,482.791322
1.891,13,482.836707
1.296,6,482.855866
2.792,12,482.904305
2.793,12,482.939881
-1.003,4,482.956279
0.994,7,482.986206
1.392,14,483.040157
0.193,10,483.072642
-0.407,10,483.102873
1.896,7,483.124697
-0.11,13,483.171162
2.494,11,483.205009
1.094,11,483.242358
1.297,5,483.255599
1.594,9,483.286271
1.895,8,483.311022
1.596,6,483.334574
1.895,8,483.36825
1.895,9,483.39994
-0.106,9,483.429873
-0.406,9,483.464871
2.195,8,483.49016
-0.105,8,483.518356
2.192,12,483.552783
1.594,8,483.581795
2.793,11,483.617343
1.595,8,483.647277
2.193,11,483.680475
1.296,6,483.700698
1.595,8,483.724253
3.095,11,483.757839
-0.405,7,483.78523
0.997,4,483.795756
-0.111,14,483.841162
1.593,9,483.873331
1.896,7,483.892018
2.193,11,483.92495
1.595,7,483.945329
-0.403,6,483.970068
-0.405,8,483.994707
1.292,10,484.025141
1.893,10,484.051989
-0.405,8,484.082364
1.894,9,484.118351
-0.708,10,484.151101
1.295,7,484.175024
1.291,11,484.210577
-1.006,7,484.230717
-0.709,11,484.271117
0.489,15,484.315406
0.191,12,484.351827
0.494,11,484.385881
-0.405,8,484.409758
0.796,10,484.44194
-0.404,7,484.472522
1.892,11,484.515308
2.195,8,484.542602
1.593,9,484.570258
-1.004,5,484.587947
-0.702,4,484.601902
2.194,10,484.641599
2.796,9,484.67892
1.888,16,484.727164
2.196,8,484.755451
0.489,16,484.806938
1.594,9,484.839506
-0.409,11,484.884271
1.894,9,484.912878
-0.71,12,484.949892
1.295,7,484.969807
1.896,7,484.991696
1.596,6,485.009154
-0.408,11,485.048258
1.293,9,485.071492
1.295,7,485.092666
1.896,8,485.124911
2.79,15,485.181152
0.192,12,485.224352
0.191,13,485.268195
1.298,4,485.276295
1.592,10,485.306814
2.194,9,485.341306
-0.405,7,485.366858
2.795,10,485.399569
1.595,7,485.41946
0.195,10,485.457532
2.495,9,485.492966
-0.111,14,485.540033
1.395,11,485.585501
-0.109,12,485.630806
1.591,11,485.659278
0.995,6,485.67545
-0.108,11,485.718875
4.292,15,485.762985
3.094,11,485.801466
2.493,12,485.838062
-0.704,6,485.863753
1.591,11,485.895567
-0.406,9,485.923441
2.193,11,485.955842
0.19,13,485.999311
2.193,11,486.031673
-0.709,11,486.072129
1.895,8,486.100057
1.591,11,486.138889
1.294,8,486.16287
1.594,8,486.191667
0.789,15,486.240308
0.195,10,486.27513
1.894,10,486.307757
1.595,7,486.394195
-0.707,9,486.431285
1.893,10,486.460031
1.896,7,486.482498
3.092,13,486.528935
-0.107,10,486.565308
-0.403,6,486.58204
1.896,7,486.605582
2.196,8,486.63747
-1.004,5,486.653747
2.494,11,486.687289
1.596,6,486.704916
1.896,7,486.733709
1.596,6,486.754906
2.491,13,486.791382
-0.108,11,486.833807
0.795,10,486.870806
1.896,8,486.899899
1.894,9,486.931517
1.594,8,486.956139
1.89,13,486.998855
1.892,11,487.035392
-0.107,10,487.067892
0.491,13,487.109185
0.194,10,487.147342
1.895,8,487.170271
0.196,8,487.195819
-0.109,12,487.244298
3.393,13,487.284443
1.596,7,487.303126
2.796,9,487.331837
1.595,8,487.356203
1.594,9,487.384309
0.495,10,487.415011
1.293,9,487.438257
1.594,8,487.463974
-0.11,13,487.507067
-0.108,11,487.544919
-0.707,9,487.573825
-0.407,9,487.605124
1.59,12,487.640415
-0.105,8,487.666002
1.893,10,487.699996
2.191,12,487.747738
1.894,9,487.781308
-0.703,5,487.797744
2.488,16,487.847494
1.596,6,487.867641
0.997,4,487.883808
1.59,13,487.923196
2.193,11,487.955928
0.494,10,487.990719
-1.005,6,488.01291
-0.104,8,488.040312
2.194,9,488.068871
-0.404,7,488.090232
2.489,16,488.142496
-0.704,6,488.16019
1.091,14,488.204947
-0.106,9,488.238464
0.193,11,488.276699
-0.706,8,488.303307
2.496,8,488.325347
1.595,7,488.349707
-0.106,9,488.383957
1.596,6,488.404677
-0.404,6,488.430068
1.892,11,488.467843
1.295,7,488.490448
1.893,10,488.528722
1.893,10,488.559019
-0.409,12,488.603022
-0.706,8,488.635729
1.895,8,488.660119
1.593,9,488.696165
1.594,8,488.717972
-0.705,7,488.739201
1.891,12,488.779337
1.595,7,488.802771
1.894,9,488.834377
1.592,10,488.868741
-0.107,10,488.901798
2.493,11,488.937097
-0.406,8,488.96746
1.296,6,488.989295
1.596,6,489.008877
-0.706,8,489.035408
-0.405,8,489.070398
0.493,12,489.113232
1.293,9,489.144923
1.593,9,489.176183
1.094,11,489.211907
-0.708,10,489.246471
1.089,16,489.28967
1.894,9,489.319754
1.894,9,489.349019
-0.105,8,489.378946
1.595,8,489.404521
1.889,14,489.452294
1.895,9,489.482334
2.495,9,489.516476
0.191,13,489.563066
-0.407,10,489.590211
1.894,9,489.682081
2.789,16,489.734206
0.791,14,489.783355
0.793,11,489.821389
1.594,8,489.847089
0.191,12,489.884404
2.194,9,489.912738
-0.404,6,489.930469
1.896,7,489.953343
-1.006,7,489.982504
1.893,10,490.014323
1.99,17,490.070532
-0.403,6,490.086947
-0.107,10,490.120641
-0.703,5,490.137918
2.494,11,490.180026
1.596,7,490.197885
2.494,11,490.233598
0.997,4,490.245929
2.795,9,490.271175
1.596,6,490.295453
2.194,10,490.329068
1.389,17,490.385425
1.892,12,490.429269
1.294,8,490.451128
-0.407,9,490.480402
0.79,15,490.526555
-1.008,9,490.549505
0.189,15,490.599421
1.895,8,490.625319
1.893,10,490.65706
1.595,7,490.67804
1.893,10,490.711329
2.788,17,490.768071
2.793,12,490.811112
1.895,8,490.832871
2.192,11,490.864411
-0.405,8,490.895942
0.996,5,490.914445
1.894,9,490.947225
-0.406,8,490.972999
1.894,9,491.002608
1.891,12,491.039649
1.596,7,491.058968
1.597,6,491.07145
1.592,10,491.11146
0.187,16,491.155129
-0.408,10,491.185774
1.595,8,491.210166
2.493,11,491.244809
-0.404,6,491.265044
-0.704,6,491.287834
1.594,8,491.316467
1.894,9,491.350538
1.595,7,491.375438
0.49,15,491.418813
-0.706,8,491.443855
2.196,8,491.466733
2.191,13,491.508634
1.596,6,491.526884
0.188,15,491.570809
0.193,11,491.613481
-0.11,13,491.656072
1.593,10,491.690796
2.194,11,491.730812
-0.705,7,491.753726
1.595,8,491.783767
2.495,9,491.815929
1.595,7,491.83484
-0.11,13,491.88233
0.192,11,491.911795
0.994,7,491.937644
-0.706,8,491.966684
2.792,13,492.006335
0.194,9,492.035234
2.489,15,492.078578
1.596,7,492.100605
2.195,9,492.131597
0.996,5,492.148925
-0.704,6,492.16917
1.596,6,492.186944
0.194,11,492.219443
-1.003,4,492.233913
0.995,6,492.25276
1.596,6,492.268397
0.787,17,492.330746
1.596,7,492.35461
1.596,7,492.379213
1.592,11,492.419785
1.596,6,492.441473
1.59,12,492.471908
-0.408,10,492.51041
1.392,14,492.559363
2.494,10,492.590031
2.488,16,492.633204
1.888,15,492.681306
0.193,11,492.716976
0.794,10,492.754068
1.596,6,492.772505
1.591,11,492.805016
2.194,11,492.841436
-0.406,9,492.872489
1.593,9,492.896242
2.19,13,492.94292
0.997,4,492.954927
-0.111,14,493.051673
1.595,8,493.071501
-0.109,12,493.105175
2.192,13,493.139336
0.484,20,493.253369
3.093,12,493.289529
0.997,4,493.29893
1.593,9,493.331616
1.593,9,493.36472
1.293,9,493.392489
0.191,13,493.432704
0.196,8,493.456792
-0.11,13,493.50396
1.296,6,493.523999
1.595,7,493.544346
1.894,10,493.576672
1.891,12,493.614135
3.094,12,493.651329
0.189,15,493.69566
2.196,8,493.721592
2.495,10,493.757378
-0.406,9,493.787852
1.592,11,493.826029
1.593,9,493.854493
2.196,8,493.882777
-0.106,9,493.908401
2.189,14,493.942149
1.595,7,493.960275
-0.404,6,493.982663
2.493,11,494.013723
0.494,10,494.046637
0.494,11,494.085879
1.894,9,494.117875
0.492,12,494.153508
-0.104,7,494.182335
1.593,9,494.214764
2.193,10,494.248545
2.493,11,494.279591
2.492,12,494.314177
0.795,9,494.34813
0.193,10,494.385757
0.793,11,494.425676
-0.11,13,494.462451
1.595,7,494.486479
1.296,6,494.507679
0.191,13,494.54656
-0.111,15,494.589778
1.597,6,494.608527
2.195,9,494.639957
-1.003,4,494.649538
-0.108,11,494.680744
2.789,15,494.72744
1.596,6,494.745454
1.594,9,494.76593
1.595,7,494.788064
1.894,9,494.817945
2.496,9,494.850085
-0.409,11,494.885184
2.796,10,494.91703
-0.404,7,494.940441
2.193,10,494.96871
1.896,7,494.989834
2.787,18,495.036693
-1.004,5,495.056492
-0.707,9,495.090079
1.291,11,495.130984
-0.408,10,495.166583
1.896,7,495.193361
2.19,14,495.242836
2.196,8,495.26621
2.195,9,495.294534
-0.405,8,495.324729
0.189,15,495.368808
1.892,11,495.399486
1.592,10,495.432755
0.494,10,495.463008
1.596,6,495.481903
0.792,13,495.516544
1.89,13,495.555891
2.194,9,495.585671
1.892,11,495.619959
-0.103,7,495.640623
0.195,9,495.667885
0.194,9,495.693345
1.893,10,495.721599
2.494,10,495.749075
-0.108,11,495.780134
-1.004,5,495.79533
2.496,8,495.819022
1.094,11,495.855561
-0.403,6,495.877759
2.193,10,495.9078
1.595,7,495.933775
2.492,12,495.968763
-0.704,6,495.982277
0.19,13,496.023999
-0.708,10,496.061058
1.895,9,496.147704
-1.006,7,496.171999
1.596,6,496.191162
2.49,14,496.239177
0.994,7,496.260821
0.192,12,496.299747
2.792,12,496.341486
1.393,12,496.378101
0.189,14,496.416614
2.493,11,496.446454
2.193,10,496.479543
1.894,9,496.505682
1.894,10,496.536893
1.591,12,496.576433
1.992,17,496.628
-0.407,10,496.659394
-0.703,5,496.672766
1.891,12,496.711617
2.494,10,496.74298
1.893,10,496.782614
1.595,7,496.809611
2.192,11,496.851904
1.595,7,496.869092
1.595,7,496.890057
2.791,14,496.934447
0.995,6,496.94802
1.595,7,496.966272
3.691,15,497.010636
1.593,9,497.039551
-0.104,7,497.065004
1.896,7,497.09004
1.596,7,497.109291
1.593,10,497.142138
-0.703,5,497.159322
1.594,8,497.18009
0.997,4,497.193431
2.196,8,497.213857
0.188,16,497.258051
1.895,8,497.277576
1.291,11,497.314142
2.191,12,497.353159
-0.109,13,497.395538
2.193,11,497.429029
0.996,5,497.447141
1.295,7,497.467036
2.494,10,497.49684
-0.104,7,497.522028
0.494,10,497.561328
0.795,9,497.59166
-1.008,9,497.622071
2.193,10,497.646766
-0.109,12,497.683471
1.593,9,497.70891
0.495,10,497.741163
1.896,7,497.759754
2.79,15,497.806991
1.896,7,497.831064
1.295,7,497.853439
2.191,13,497.892169
2.791,14,497.931591
1.594,9,497.961
-1.007,8,497.987976
-1.005,6,498.006045
1.291,11,498.038235
2.793,12,498.07541
1.594,8,498.101829
0.195,8,498.12726
-0.107,10,498.156393
2.194,10,498.186062
1.295,7,498.199874
2.493,11,498.236437
-0.408,11,498.274996
1.592,10,498.30606
1.895,9,498.331482
-0.404,7,498.354625
-0.105,8,498.384572
0.492,13,498.427037
-0.106,10,498.457538
1.596,6,498.477015
0.191,13,498.515847
0.495,9,498.54565
0.19,14,498.596503
0.491,13,498.637578
1.596,6,498.656875
1.894,9,498.687375
1.387,19,498.733066
-0.106,9,498.763126
2.187,16,498.806776
1.896,7,498.828128
2.792,13,498.872288
1.092,14,498.912457
1.593,9,498.943639
2.489,15,498.99194
-0.11,13,499.027061
1.594,8,499.051388
1.294,8,499.076352
1.29,12,499.112609
0.992,9,499.139222
2.194,10,499.164178
2.195,8,499.196166
1.594,9,499.224762
1.596,6,499.243952
1.896,7,499.268184
1.594,8,499.293273
0.189,15,499.331899
1.59,12,499.43085
2.192,12,499.472273
0.192,12,499.51142
1.894,9,499.542063
2.194,9,499.566115
3.094,11,499.602673
1.894,9,499.635023
2.489,16,499.678708
-0.408,11,499.710091
1.889,14,499.753415
1.595,8,499.781549
1.096,9,499.813766
-0.706,8,499.838769
3.095,11,499.873227
-1.003,4,499.887076
2.492,13,499.921396
-1.008,9,499.953134
1.895,8,499.979558
0.488,16,500.036813
1.895,8,500.059872
0.193,11,500.095229
0.493,12,500.131323
1.595,7,500.152578
1.594,8,500.17565
1.896,7,500.194922
0.493,11,500.236524
1.594,8,500.258409
-0.406,9,500.284661
-0.107,10,500.319096
-0.408,11,500.35191
2.193,11,500.389186
1.895,8,500.4103
-1.003,4,500.423099
2.494,11,500.456252
-0.109,12,500.491944
0.492,13,500.537232
1.589,13,500.573602
2.491,14,500.616591
0.196,8,500.640448
1.896,7,500.658903
1.591,12,500.695423
2.493,11,500.731424
0.488,16,500.780873
2.194,10,500.810598
-0.41,13,500.845865
-0.405,8,500.871608
1.294,8,500.901183
-0.106,9,500.929832
1.591,11,500.963733
-0.109,12,501.000606
1.595,8,501.023331
-0.708,10,501.045912
2.196,8,501.066104
-0.109,12,501.104757
2.192,12,501.144132
-0.404,6,501.165084
-0.404,6,501.184969
-0.408,10,501.213668
1.594,8,501.240146
0.792,12,501.278551
1.092,13,501.316751
-0.705,7,501.336994
1.594,8,501.364257
2.789,15,501.407147
-0.105,8,501.431505
-0.106,9,501.463987
-0.409,11,501.503008
1.594,8,501.524731
1.294,8,501.546556
0.194,9,501.574507
2.193,10,501.606121
1.896,7,501.624042
-1.006,7,501.65103
-0.11,14,501.691204
1.894,10,501.726991
-0.711,13,501.767309
2.191,13,501.809652
1.592,10,501.840212
2.488,16,501.887196
0.196,7,501.912249
-0.409,12,501.95339
0.996,5,501.966631
1.296,6,501.985463
1.893,10,502.016438
0.493,11,502.050986
1.297,5,502.062888
1.596,6,502.077471
1.59,13,502.117026
1.294,8,502.143639
1.892,12,502.182293
1.893,11,502.219365
3.39,16,502.268724
2.194,10,502.299664
2.191,13,502.339334
0.996,5,502.356449
-0.11,13,502.398325
-0.41,13,502.438312
-1.004,5,502.452726
0.191,13,502.493882
0.495,9,502.522418
2.195,9,502.549639
0.192,11,502.588518
-1.004,5,502.605671
0.491,14,502.689209
-0.107,11,502.726947
1.594,8,502.754568
1.593,10,502.787356
1.893,10,502.818308
1.591,11,502.85216
2.193,10,502.883729
0.793,12,502.926073
2.492,13,502.961111
1.896,7,502.982437
0.194,11,503.022131
1.892,11,503.059182
1.593,9,503.091333
2.492,13,503.131833
1.293,9,503.1578
1.296,6,503.175361
2.193,10,503.206213
3.093,12,503.242559
1.591,12,503.283552
1.895,8,503.309007
0.794,11,503.344763
-0.709,11,503.380174
2.196,7,503.399536
1.293,9,503.424359
2.193,11,503.45857
2.192,13,503.498438
1.893,10,503.534566
1.892,12,503.572924
1.596,6,503.59028
2.493,11,503.625679
-0.11,13,503.667511
-0.408,10,503.699101
1.296,6,503.714953
0.493,11,503.75298
2.193,11,503.786792
1.298,4,503.798934
1.09,15,503.837319
1.596,6,503.85481
-0.11,13,503.893504
1.296,6,503.913605
-0.109,12,503.945959
-0.409,12,503.977602
1.595,7,503.992026
2.495,10,504.032137
2.193,10,504.061815
2.193,10,504.096163
0.186,18,504.14114
1.594,8,504.168415
-0.406,8,504.196
3.095,10,504.228571
0.192,12,504.263507
1.894,9,504.2916
2.491,14,504.334336
0.995,6,504.352791
1.892,11,504.38795
-0.109,12,504.428135
1.089,17,504.529209
2.491,13,504.570515
2.19,13,504.608289
1.591,11,504.644784
2.194,10,504.680089
1.595,7,504.702123
1.594,8,504.727228
1.387,18,504.77979
2.193,11,504.806962
2.794,11,504.842954
0.195,8,504.869408
1.889,14,504.914947
1.89,13,504.958403
-0.409,12,504.995682
1.595,7,505.016163
1.592,10,505.050805
3.09,15,505.088779
1.592,11,505.12602
1.594,8,505.148107
1.596,6,505.168857
0.189,15,505.206451
1.297,5,505.220334
0.192,11,505.251262
-0.408,11,505.285259
1.593,9,505.31279
1.294,8,505.339649
2.193,10,505.371145
0.189,14,505.413091
1.294,8,505.434301
-0.707,9,505.461758
1.297,5,505.472767
2.492,12,505.51251
0.997,4,505.525116
1.591,11,505.56473
2.196,8,505.586644
0.997,4,505.600848
0.996,5,505.615886
-0.404,6,505.633032
0.996,5,505.650685
1.892,12,505.688519
-0.705,7,505.705502
0.191,12,505.742224
1.593,9,505.768703
-0.406,9,505.80162
2.193,10,505.829926
0.997,4,505.83992
1.893,10,505.867572
0.189,15,505.914429
1.596,6,505.931195
1.595,7,505.954453
2.192,12,506.051197
2.191,12,506.085721
1.896,7,506.104663
1.594,8,506.128869
2.194,10,506.161141
1.894,10,506.199843
0.189,15,506.243794
2.195,8,506.270555
2.793,12,506.307997
-0.106,9,506.345223
-0.405,7,506.367849
-0.404,7,506.392073
-0.111,15,506.432532
2.192,12,506.474383
0.789,16,506.520687
1.295,7,506.541253
-0.107,10,506.57227
1.893,10,506.604956
0.494,10,506.638407
1.594,8,506.663477
1.897,6,506.683663
0.493,12,506.724944
1.892,11,506.754345
2.495,9,506.780509
1.595,7,506.797887
2.191,12,506.839221
-0.111,14,506.882609
1.595,7,506.904058
-0.405,7,506.922158
-0.104,7,506.946078
0.492,12,506.982962
-0.411,13,507.025833
1.893,11,507.06095
0.494,10,507.093518
1.59,13,507.129459
1.294,8,507.156657
-0.404,7,507.183121
1.892,11,507.213468
2.487,17,507.273333
1.892,11,507.315001
1.893,11,507.351925
1.893,10,507.381014
0.191,13,507.41934
-1.003,4,507.433453
1.592,11,507.469154
1.593,10,507.504723
1.889,14,507.54647
1.894,9,507.573786
2.494,12,507.611111
0.492,12,507.648385
0.996,5,507.662373
2.794,11,507.699386
-0.707,9,507.727685
2.788,16,507.76861
1.595,7,507.791367
0.487,18,507.84281
-0.407,10,507.878982
2.487,17,507.924748
1.593,9,507.955456
1.594,8,507.974549
-1.005,6,507.9981
2.495,9,508.0316
2.496,8,508.057614
-0.404,6,508.07744
2.794,10,508.108445
1.894,9,508.135485
1.892,11,508.167208
0.194,10,508.201841
2.192,11,508.232015
0.494,10,508.267081
1.296,6,508.283731
1.293,9,508.312043
0.791,14,508.358068
1.296,6,508.382898
1.893,10,508.41031
0.494,11,508.448026
1.594,8,508.4705
2.193,11,508.502239
0.793,12,508.548014
-0.107,10,508.581708
0.791,13,508.617574
2.79,14,508.665924
1.591,11,508.701401
1.895,8,508.72854
-0.106,9,508.758805
2.192,11,508.795339
-0.106,9,508.82147
0.192,12,508.858455
-0.406,9,508.891512
1.592,10,508.921139
-0.106,9,508.94712
1.297,5,508.961464
-0.406,8,508.987903
1.592,10,509.027106
-0.11,13,509.070618
1.896,7,509.096027
-0.111,14,509.136985
1.897,6,509.154096
1.894,10,509.181822
2.492,13,509.217632
1.895,8,509.23732
0.19,14,509.282455
1.894,9,509.314929
1.59,13,509.409215
0.189,15,509.454185
1.892,11,509.495568
2.493,11,509.533895
1.896,7,509.550255
-0.404,6,509.571373
-0.108,11,509.610909
1.595,7,509.631434
1.892,12,509.671798
1.595,7,509.695255
0.994,7,509.720984
0.49,14,509.763378
2.194,9,509.792465
-0.408,11,509.827967
0.493,13,509.872387
-0.703,5,509.883312
2.195,8,509.906358
-0.41,12,509.943842
-1.008,9,509.971458
2.191,12,510.001534
3.089,16,510.045017
1.892,11,510.085603
1.893,10,510.119862
1.297,5,510.137928
2.193,11,510.170067
-0.105,8,510.197939
1.592,11,510.235985
0.49,15,510.287908
0.495,10,510.321039
2.194,9,510.349967
1.596,7,510.373336
-0.404,6,510.395284
2.793,13,510.434397
1.297,5,510.447708
2.49,14,510.489541
1.593,9,510.519498
0.795,10,510.554474
2.193,10,510.583902
1.896,7,510.612582
1.891,12,510.649129
1.896,8,510.674454
2.495,10,510.699459
-0.105,8,510.721956
2.189,14,510.761471
0.195,8,510.789971
2.196,8,510.810295
-0.111,14,510.848145
0.191,13,510.8906
3.089,17,510.946482
1.893,10,510.980228
3.691,16,511.027099
2.494,11,511.0593
-0.108,11,511.097643
2.196,8,511.117939
1.595,7,511.139945
1.896,7,511.161174
1.591,11,511.196395
0.489,15,511.242915
1.889,14,511.282933
1.892,11,511.311993
1.295,7,511.333722
-0.105,8,511.357405
-0.706,8,511.381952
0.193,11,511.415881
-0.107,10,511.445553
-1.006,7,511.465189
0.789,16,511.508265
0.493,11,511.549781
1.896,7,511.573061
1.895,8,511.601161
0.989,12,511.641567
2.196,8,511.66154
3.091,15,511.708699
-1.005,6,511.728068
-0.404,7,511.748756
1.895,8,511.773839
1.89,13,511.808171
-0.106,9,511.833863
1.596,6,511.849315
-0.411,13,511.893247
0.192,11,511.927338
0.193,10,511.962745
2.492,13,512.003708
1.294,8,512.023143
0.49,14,512.072972
2.193,11,512.109339
1.594,8,512.139237
1.297,5,512.153803
0.997,4,512.165841
2.494,11,512.195344
-0.703,5,512.213063
1.896,7,512.233149
2.491,13,512.278561
-0.407,9,512.307889
1.895,9,512.340612
2.191,13,512.384584
1.896,8,512.410092
-0.706,8,512.435358
1.593,10,512.472434
0.487,17,512.522536
-0.709,11,512.558957
1.894,9,512.630153
0.794,11,512.675696
1.596,7,512.695433
1.594,8,512.717099
1.893,11,512.74624
2.496,8,512.772633
2.793,12,512.807762
-0.105,8,512.830797
1.894,9,512.861459
2.491,13,512.90148
1.894,9,512.931067
1.594,8,512.955904
1.593,10,512.986843
2.493,11,513.013204
1.594,8,513.033557
-0.407,9,513.061409
1.894,9,513.091733
0.494,11,513.134785
-0.707,9,513.16577
-0.109,12,513.207953
1.596,6,513.225084
1.395,11,513.263297
1.891,12,513.299275
1.294,8,513.327958
1.296,6,513.350196
0.19,13,513.390472
1.894,10,513.416224
1.095,11,513.451709
1.593,9,513.478702
2.194,10,513.514427
0.494,10,513.550522
2.491,13,513.593918
1.297,5,513.609815
1.892,11,513.649026
0.493,12,513.685267
2.192,12,513.720995
1.689,17,513.770258
1.895,9,513.794419
0.493,11,513.827467
-0.709,11,513.859721
1.896,7,513.877161
2.194,11,513.91169
2.194,9,513.943066
1.893,10,513.978272
1.295,7,514.001947
-0.108,11,514.037333
2.493,11,514.068144
1.293,9,514.092322
2.492,12,514.133106
1.591,11,514.170384
1.594,8,514.196046
-1.003,4,514.209941
1.297,5,514.225123
1.896,7,514.24691
0.194,9,514.274762
1.892,11,514.310506
1.894,9,514.339755
-0.705,7,514.364639
1.893,10,514.39502
0.195,9,514.427103
2.188,15,514.475778
2.193,10,514.504512
-0.107,10,514.5297
1.893,10,514.560974
2.494,10,514.593152
-0.707,9,514.623877
1.594,8,514.649346
0.195,9,514.675636
2.193,10,514.71088
1.591,11,514.748414
2.491,13,514.790752
-0.41,12,514.825117
0.492,13,514.863067
1.595,8,514.888535
-0.709,11,514.925689
1.297,5,514.94053
2.793,13,514.982065
-0.406,9,515.01241
1.895,8,515.031702
-0.108,11,515.064383
1.595,7,515.094668
1.893,10,515.182236
-0.404,6,515.199662
-0.106,9,515.231649
0.191,12,515.265634
0.997,4,515.280218
1.591,11,515.314387
2.192,13,515.356055
-0.408,10,515.388123
2.195,8,515.413375
1.594,9,515.440994
0.49,14,515.488687
2.49,14,515.53707
1.896,7,515.562713
2.19,14,515.59618
-0.106,9,515.62237
-0.406,8,515.649852
0.489,16,515.692342
2.195,8,515.71244
1.093,12,515.746852
-0.404,6,515.766843
2.192,11,515.800849
1.596,6,515.819072
1.591,12,515.859241
-0.406,9,515.88868
1.895,8,515.915452
2.488,16,515.968695
1.596,7,515.986765
1.594,8,516.009355
0.495,9,516.038794
2.195,9,516.136289
-0.707,9,516.170401
1.592,10,516.197813
1.593,10,516.238232
1.596,7,516.262641
0.991,10,516.289791
0.196,8,516.313664
-0.404,7,516.333984
1.894,9,516.362859
2.195,8,516.389767
2.196,8,516.41395
1.895,8,516.439264
1.596,7,516.460841
2.796,9,516.489507
-0.109,13,516.523111
-0.106,9,516.553042
-1.003,4,516.562296
2.194,9,516.591395
0.788,17,516.638433
1.59,13,516.681221
2.792,13,516.721481
2.196,9,516.744088
0.791,14,516.790403
1.593,10,516.826802
2.792,14,516.867523
-0.405,8,516.892347
1.593,9,516.919195
-0.108,11,516.958405
-0.41,12,516.99905
2.195,9,517.029568
2.793,12,517.070878
1.894,10,517.096051
1.593,10,517.128088
-0.408,11,517.160539
2.794,10,517.195655
-0.711,13,517.233225
1.592,10,517.269105
1.891,12,517.31132
1.296,6,517.327098
0.49,14,517.374835
1.592,10,517.40957
0.488,17,517.464307
1.894,9,517.495439
-0.705,7,517.519161
-0.708,10,517.55399
0.493,11,517.593107
0.997,4,517.605626
2.794,11,517.640433
1.894,9,517.669105
2.194,10,517.696263
0.194,9,517.727929
-0.105,8,517.753277
1.297,5,517.770297
1.895,8,517.794408
1.897,7,517.813066
2.496,9,517.845439
0.995,6,517.863608
1.895,9,517.894263
-0.103,7,517.91888
1.896,7,517.940777
-0.403,6,517.959139
0.992,9,517.986462
2.193,10,518.013794
0.993,8,518.040636
-1.003,4,518.054615
1.296,6,518.077016
0.791,13,518.119317
1.294,8,518.141416
0.195,10,518.172899
1.594,8,518.19397
1.895,8,518.221
1.896,7,518.248343
1.591,12,518.290402
-0.404,6,518.312233
-1.003,4,518.326783
2.189,14,518.371185
-0.107,10,518.401507
1.594,9,518.430692
2.495,10,518.460622
-0.109,12,518.500131
-0.709,11,518.532445
0.492,12,518.569242
0.194,9,518.596479
1.093,13,518.635021
2.794,11,518.668902
1.893,10,518.701022
1.895,8,518.729033
1.592,11,518.7693
1.595,7,518.786218
2.194,10,518.822393
-0.407,10,518.851677
0.494,10,518.883968
1.594,8,518.909318
-1.005,6,518.926912
1.594,8,518.952847
0.794,11,518.988686
0.195,8,519.016331
0.194,10,519.048215
0.19,13,519.089102
1.295,7,519.110458
-1.007,8,519.137649
0.79,15,519.184644
0.494,11,519.22372
2.792,12,519.314964
0.19,14,519.357586
2.791,13,519.393468
1.895,8,519.414407
-0.108,11,519.454222
2.194,11,519.48948
-0.107,10,519.522849
2.492,12,519.56169
0.996,5,519.575935
-0.702,4,519.587036
-0.102,6,519.608499
0.196,8,519.632973
0.993,8,519.661428
1.296,6,519.681436
1.895,8,519.707423
0.788,16,519.753404
0.997,4,519.768229
1.596,6,519.784759
2.195,8,519.805655
1.595,7,519.825671
1.595,7,519.847268
1.292,10,519.883428
0.191,14,519.918781
-0.409,11,519.950103
0.491,13,519.990506
1.294,8,520.015111
0.194,10,520.043105
1.089,16,520.089247
2.193,11,520.122057
0.193,11,520.16139
0.192,13,520.2063
0.787,17,520.255385
1.595,7,520.279427
0.994,7,520.301429
2.194,10,520.331646
-0.106,9,520.360038
-0.705,7,520.388204
0.49,14,520.433335
1.895,8,520.457453
2.495,9,520.481819
0.495,9,520.511704
1.592,10,520.540116
1.891,12,520.573061
0.194,9,520.598598
-1.007,8,520.625326
1.291,11,520.663579
2.79,14,520.703001
1.596,7,520.724406
1.895,8,520.752297
-0.408,11,520.791274
1.892,11,520.826761
-0.406,9,520.852528
0.196,8,520.880731
1.893,11,520.911044
1.296,6,520.925321
-0.105,8,520.952921
2.795,9,520.98774
2.488,16,521.035764
2.493,11,521.072127
-0.705,7,521.093853
2.193,11,521.131752
2.192,12,521.172519
2.193,10,521.202726
-0.107,10,521.232837
0.494,11,521.271767
-0.708,10,521.303738
-0.105,8,521.326456
1.895,8,521.34942
2.194,11,521.389559
1.593,10,521.414543
-0.111,14,521.46314
0.493,11,521.502065
1.595,7,521.525629
1.596,6,521.542358
1.893,10,521.571794
0.489,15,521.607594
0.494,10,521.64577
2.191,12,521.685103
2.796,10,521.717513
1.596,6,521.738088
1.593,10,521.771811
0.491,14,521.816662
1.297,5,521.827204
1.294,8,521.853458
-0.407,9,521.882617
0.188,16,521.929551
1.594,9,521.956331
-0.105,8,521.982866
2.189,14,522.02565
-0.41,13,522.066465
1.594,8,522.088312
1.29,12,522.119357
-0.407,10,522.153905
-0.104,7,522.171812
0.995,6,522.191145
1.892,11,522.223278
-0.406,8,522.24988
2.493,11,522.284699
0.996,5,522.301257
0.194,9,522.332715
0.79,15,522.383824
2.19,14,522.420929
1.591,11,522.458398
1.596,6,522.47651
1.594,8,522.502796
-0.405,7,522.523104
-0.107,10,522.601258
-1.007,8,522.632286
1.296,6,522.654269
3.092,13,522.696336
1.895,8,522.718511
1.295,7,522.737631
1.888,15,522.786925
1.595,7,522.806025
0.992,9,522.831578
-0.108,11,522.86709
2.493,12,522.903219
1.295,7,522.920109
0.496,8,522.943918
-0.407,9,522.980096
2.491,13,523.02276
1.594,8,523.051038
-0.107,10,523.08496
1.596,6,523.104179
3.095,10,523.137921
0.194,10,523.175213
1.894,9,523.200076
0.191,12,523.239035
-0.702,4,523.254133
-0.111,15,523.296655
-0.109,12,523.327867
-0.705,7,523.347064
1.292,10,523.376472
2.194,10,523.415147
1.296,6,523.433658
1.591,12,523.469766
1.594,8,523.492781
0.186,17,523.544618
1.597,5,523.563985
2.49,14,523.605108
1.592,11,523.639875
1.896,8,523.666882
2.794,11,523.701833
1.894,10,523.735755
-0.405,8,523.764212
2.194,10,523.798777
2.493,11,523.825136
-0.112,15,523.867903
0.492,12,523.912046
1.297,5,523.925312
-0.407,10,523.957682
-0.709,11,523.987823
2.192,12,524.028999
-0.407,9,524.054326
3.093,13,524.091387
0.19,13,524.126914
1.595,7,524.152366
2.194,10,524.183685
1.295,7,524.202481
-0.108,11,524.233981
1.89,13,524.26598
1.296,6,524.287173
1.894,9,524.317734
1.596,7,524.337658
1.892,11,524.375548
0.19,14,524.423967
1.295,7,524.449733
1.295,7,524.473628
2.491,13,524.514981
2.189,14,524.553149
2.795,11,524.593467
-0.703,5,524.611459
0.192,11,524.644775
1.593,9,524.672515
1.892,11,524.712538
-0.409,12,524.746698
3.088,17,524.80017
0.193,10,524.837379
2.193,10,524.868897
2.194,10,524.899917
-0.107,10,524.931408
1.295,7,524.951405
1.894,9,524.972156
2.195,9,525.001173
1.596,6,525.020473
2.192,12,525.056569
1.892,11,525.086467
3.094,11,525.121823
1.595,7,525.144626
1.292,10,525.21149
1.896,7,525.245946
-0.705,7,525.265319
-0.107,10,525.303729
1.594,8,525.333231
2.194,10,525.369185
0.991,10,525.401706
1.591,11,525.434488
2.195,9,525.457384
-0.108,11,525.493283
0.195,9,525.524795
0.191,13,525.564221
1.593,9,525.595374
0.187,17,525.653506
1.591,11,525.695323
1.596,6,525.717694
1.894,9,525.750327
-1.004,5,525.765233
1.295,7,525.790591
2.791,14,525.834964
-0.105,8,525.864453
2.195,8,525.947362
1.295,7,525.971413
0.195,8,526.000547
-0.405,7,526.022336
-0.406,8,526.052159
1.595,7,526.076062
1.092,15,526.126566
-0.111,14,526.162311
0.786,20,526.218213
0.195,9,526.245774
1.591,11,526.277675
2.195,8,526.300448
-0.704,6,526.319948
1.591,12,526.360459
1.293,9,526.388134
-0.704,6,526.402665
-0.105,8,526.427884
1.893,10,526.456928
1.091,14,526.502486
-0.108,11,526.535922
0.996,5,526.549433
1.594,8,526.578342
2.194,9,526.612903
-0.406,8,526.638158
1.895,8,526.661801
1.596,6,526.679806
1.295,7,526.7029
1.095,10,526.732425
2.193,10,526.765996
3.093,13,526.805314
1.895,8,526.829825
-0.405,7,526.854702
1.292,10,526.883545
1.595,7,526.907628
2.795,10,526.938267
2.49,14,526.976223
-0.408,11,527.010422
1.592,10,527.041061
3.689,18,527.094311
-1.006,7,527.11476
1.294,8,527.135447
1.596,6,527.150052
-0.41,12,527.189688
0.192,12,527.224978
2.495,9,527.253953
0.791,14,527.296168
0.487,17,527.346211
-1.006,7,527.367872
1.595,7,527.392793
1.594,8,527.415462
1.294,8,527.445192
3.093,12,527.479598
2.196,8,527.500642
-0.107,10,527.5282
1.596,6,527.548768
2.196,8,527.57202
-0.704,6,527.591959
1.595,7,527.61121
-1.004,5,527.62602
-0.704,6,527.645153
1.591,11,527.675424
1.593,9,527.70802
1.896,7,527.728968
-1.005,6,527.750533
1.295,7,527.774207
-1.004,5,527.786676
2.494,11,527.820064
1.886,17,527.868363
-0.706,8,527.894464
2.79,16,527.945936
-0.407,10,527.982169
1.894,9,528.013395
1.595,8,528.040888
2.493,11,528.072143
-0.409,11,528.105767
1.592,10,528.142244
0.491,13,528.186391
0.789,15,528.237725
0.996,5,528.256315
-0.703,5,528.268553
2.194,9,528.292355
1.594,8,528.317762
2.493,11,528.357448
1.292,10,528.392726
1.889,14,528.430825
-0.104,7,528.451241
2.492,12,528.485819
2.195,8,528.512448
2.195,10,528.541945
1.596,6,528.56308
1.297,5,528.582422
2.193,10,528.610629
0.79,14,528.657943
2.491,14,528.700036
1.895,8,528.728245
0.195,9,528.758402
1.594,9,528.782666
0.993,8,528.809661
1.591,11,528.845814
-0.404,7,528.869534
2.19,13,528.905721
-0.702,4,528.918913
-0.104,8,528.94832
1.894,9,528.975693
2.196,8,529.00224
-1.003,4,529.01708
-0.708,10,529.057358
-1.003,4,529.067599
0.789,16,529.116419
1.594,8,529.142718
2.19,14,529.186879
2.194,10,529.267812
-0.409,12,529.304166
-1.003,4,529.317858
-1.005,6,529.335234
-0.407,10,529.367706
-0.409,11,529.406841
1.094,12,529.445599
-0.406,9,529.479619
0.491,13,529.515112
2.49,14,529.556985
1.595,8,529.578821
-1.003,4,529.591989
1.594,8,529.616463
0.189,15,529.66413
1.598,5,529.67976
-0.404,7,529.704204
1.991,16,529.750807
1.894,9,529.77961
-0.107,10,529.814038
-0.112,15,529.864829
1.295,7,529.88394
1.596,6,529.903296
0.189,14,529.940587
0.192,11,529.979393
-0.708,10,530.014765
-0.408,10,530.043825
2.195,9,530.073542
-0.411,13,530.114398
-0.408,11,530.147027
-0.404,7,530.173038
3.089,16,530.218246
-0.407,10,530.25157
-0.409,11,530.287525
-1.004,5,530.302522
2.193,10,530.334627
2.791,14,530.387786
-1.01,11,530.421419
-0.107,10,530.453045
2.492,12,530.483947
1.895,9,530.511028
2.489,16,530.5576
0.193,10,530.59192
-0.11,14,530.629467
2.493,11,530.660777
1.294,8,530.683529
2.494,11,530.718321
0.994,7,530.739434
-0.706,8,530.766712
-0.407,9,530.794689
1.288,14,530.83275
-0.106,9,530.85815
0.492,12,530.898661
0.996,5,530.911985
1.894,10,530.941704
-0.707,9,530.97053
1.895,8,530.999448
2.195,8,531.022617
2.19,13,531.063374
1.295,7,531.080972
1.596,6,531.102612
1.596,6,531.120984
1.39,16,531.172258
2.191,12,531.212449
-0.11,13,531.250021
1.895,8,531.27164
-0.407,10,531.306713
2.494,10,531.340346
0.491,13,531.385994
2.494,11,531.423686
1.888,16,531.472201
0.788,16,531.519854
1.596,6,531.540414
2.19,14,531.586267
-0.108,11,531.61377
1.293,9,531.638737
1.596,7,531.661831
1.89,13,531.704131
2.494,10,531.731118
1.593,9,531.76169
0.194,10,531.801513
2.491,13,531.836769
1.588,14,531.883944
1.593,10,531.917625
2.195,8,531.944552
-0.107,11,531.976492
2.193,10,532.002173
-0.408,10,532.03022
-0.408,10,532.066603
-0.407,9,532.100777
0.495,9,532.129569
0.492,12,532.163463
2.494,10,532.191967
-0.109,12,532.229022
0.188,16,532.272278
1.894,9,532.304081
2.492,12,532.34055
-0.709,11,532.36877
-0.105,9,532.405176
0.989,12,532.433999
1.895,9,532.461567
1.594,8,532.481995
1.596,7,532.505218
0.79,15,532.548649
1.593,9,532.582384
1.895,8,532.605628
1.891,13,532.647783
0.995,6,532.664408
1.593,9,532.692833
1.594,9,532.71552
0.996,5,532.729909
1.895,8,532.816202
-0.406,9,532.848344
1.296,6,532.86743
1.29,12,532.900453
-0.406,9,532.935575
1.894,9,532.965679
-1.004,5,532.980389
0.793,12,533.014014
-0.108,11,533.045443
1.894,9,533.081127
0.494,10,533.114071
1.892,12,533.146909
1.892,11,533.179737
1.594,8,533.205699
2.794,10,533.236059
0.791,14,533.280123
1.588,14,533.326721
1.595,7,533.351279
1.896,7,533.372921
-0.108,11,533.410555
2.192,11,533.442275
0.192,12,533.481253
3.092,13,533.523766
1.294,8,533.547989
1.593,9,533.577163
0.493,11,533.614423
2.193,11,533.648254
1.593,9,533.677579
1.593,9,533.708989
-1.008,9,533.738585
1.895,8,533.763654
0.195,9,533.794687
-1.004,5,533.814673
1.595,7,533.836823
-0.109,12,533.872855
-0.406,8,533.900645
2.493,11,533.942478
1.593,9,533.965487
1.895,8,533.991278
1.896,7,534.014533
-0.108,11,534.049445
-0.11,13,534.093568
-0.106,9,534.122267
1.595,7,534.142592
0.994,7,534.162893
-0.408,10,534.191186
-0.708,10,534.219176
2.194,9,534.244046
1.594,8,534.264029
-1.004,5,534.2796
1.297,5,534.296176
1.595,7,534.312299
1.594,8,534.33225
0.997,4,534.345869
1.895,8,534.37134
1.895,9,534.400367
0.194,9,534.428141
2.19,13,534.469125
-0.406,8,534.498371
2.493,11,534.537111
1.389,17,534.591882
-0.104,7,534.620203
-0.107,10,534.651568
1.892,11,534.69089
1.595,8,534.715977
0.995,6,534.734416
-0.41,12,534.77123
1.594,8,534.79827
-0.108,11,534.827942
2.495,9,534.85631
0.494,11,534.888079
1.594,8,534.91319
1.891,12,534.950709
0.195,8,534.981037
1.896,7,535.006924
1.891,12,535.043499
1.889,14,535.084752
2.492,12,535.128825
0.191,12,535.170627
0.493,11,535.20301
-0.11,13,535.247729
0.995,6,535.268455
1.894,9,535.291127
2.491,13,535.324105
2.49,14,535.367023
1.296,6,535.391982
1.596,6,535.407771
-0.106,9,535.438684
1.888,15,535.476285
0.186,17,535.526717
1.592,10,535.559906
0.193,10,535.590174
-0.106,9,535.615089
-0.703,5,535.634135
-0.11,13,535.668915
2.195,8,535.695931
0.197,7,535.722218
2.195,8,535.7462
-0.414,17,535.791715
1.891,13,535.835637
-0.407,9,535.866525
-0.105,8,535.896633
-0.106,9,535.924139
2.496,9,535.949827
-0.109,12,535.979127
-0.105,8,536.06616
1.593,10,536.108761
0.19,13,536.148573
0.792,13,536.190505
-0.404,6,536.2098
0.185,19,536.263647
1.89,13,536.303499
1.89,13,536.340965
0.995,6,536.361479
-1.011,12,536.398257
-0.704,6,536.420432
-0.108,11,536.456024
2.493,11,536.488458
2.79,15,536.534905
0.191,13,536.573213
1.895,8,536.600346
-0.411,14,536.644079
1.591,11,536.677186
-0.405,7,536.698114
0.49,14,536.745336
2.195,9,536.779386
1.595,7,536.799479
1.291,11,536.831501
1.693,13,536.873055
1.894,9,536.902145
1.591,11,536.938569
3.096,10,536.969916
2.195,8,536.992261
-0.707,9,537.025568
1.892,11,537.062596
1.895,8,537.085188
0.493,11,537.12627
0.192,11,537.1579
0.193,11,537.193203
-1.004,5,537.208099
2.194,9,537.236744
-0.105,8,537.319215
2.192,11,537.354261
2.191,12,537.393494
1.594,8,537.415332
-0.405,7,537.441439
3.39,15,537.489385
2.491,13,537.534296
1.595,8,537.561754
2.195,9,537.591057
-0.108,11,537.622342
2.792,12,537.659427
2.192,12,537.694865
-0.408,11,537.730408
2.492,12,537.766894
-0.408,10,537.800447
2.191,12,537.840877
1.591,11,537.874377
0.495,9,537.903732
0.192,12,537.938548
2.792,13,537.979697
2.496,8,538.007525
2.193,10,538.033382
1.594,8,538.057956
1.596,7,538.078573
2.192,12,538.120904
-0.409,11,538.155172
1.293,9,538.186671
1.89,13,538.234519
0.197,7,538.260963
1.893,10,538.289764
1.895,8,538.311185
1.894,9,538.336993
1.295,7,538.357803
1.891,12,538.392434
-0.406,9,538.423638
0.195,8,538.456119
0.188,16,538.512199
0.495,9,538.542363
-0.407,9,538.573
0.995,6,538.590001
-0.106,9,538.62573
-0.406,8,538.653268
-1.003,4,538.666685
-0.105,8,538.694054
-0.407,9,538.729102
1.092,13,538.765993
1.896,7,538.790776
1.896,7,538.81534
1.894,10,538.848462
1.595,7,538.867061
3.392,14,538.916378
0.79,16,538.967662
2.492,12,539.008233
-0.709,11,539.047485
0.994,7,539.069842
0.195,9,539.101824
0.192,11,539.139148
-1.006,7,539.160084
0.996,5,539.181542
2.493,11,539.213594
-0.109,12,539.252372
-0.109,13,539.289559
2.195,9,539.319252
0.494,11,539.3562
-0.111,14,539.39959
1.896,7,539.477993
2.493,11,539.515281
1.593,9,539.543744
-0.412,14,539.583466
-0.109,12,539.625895
-0.405,7,539.648454
2.489,15,539.694402
-1.003,4,539.710361
2.494,10,539.737419
1.894,9,539.767986
1.896,7,539.787148
2.191,12,539.823001
0.19,14,539.866729
0.192,12,539.900851
1.595,8,539.924193
-0.111,14,539.969311
2.194,10,540.001711
1.993,14,540.04734
-0.712,14,540.088187
-0.405,7,540.11553
1.595,8,540.140324
-0.404,6,540.160295
1.094,11,540.191118
0.494,10,540.22284
1.592,10,540.250205
1.091,16,540.301387
-0.406,8,540.327853
3.088,17,540.373971
0.493,11,540.406407
-1.007,8,540.436958
1.891,12,540.4722
-0.406,8,540.500779
1.894,9,540.529771
1.895,8,540.548399
-0.407,10,540.582427
1.596,6,540.601134
2.194,10,540.630716
-0.704,6,540.646713
2.196,8,540.672787
2.192,11,540.70822
1.893,10,540.736207
1.594,8,540.758246
1.292,10,540.790383
1.595,7,540.817926
2.491,13,540.861703
-0.704,6,540.876516
1.594,8,540.901535
0.489,15,540.943329
-1.008,9,540.972797
1.595,7,540.99531
0.194,9,541.021497
1.09,15,541.075458
-0.407,10,541.111166
0.494,10,541.138185
3.692,14,541.186744
1.591,11,541.219687
2.796,9,541.24769
1.888,16,541.290555
-0.106,9,541.321184
0.196,8,541.352575
-0.404,6,541.369539
-0.105,8,541.3963
3.091,14,541.44494
1.595,7,541.465138
1.594,8,541.491564
1.895,8,541.517168
-0.107,11,541.556104
-0.405,7,541.58191
1.095,10,541.614198
1.594,9,541.639071
