#{"t_start": 1762645716.4158452, "env_id": "None"}
r,l,t
-0.81,8,0.077068
-0.66,7,0.101817
-0.71,6,0.116468
-0.56,10,0.144497
-0.75,10,0.176697
-0.64,10,0.206767
-0.64,7,0.22652
1.14,4,0.238473
-0.56,8,0.262514
-0.75,10,0.298488
-0.73,8,0.325961
-0.6,9,0.35632
-0.67,8,0.383024
-0.67,8,0.410262
-0.62,12,0.445164
-0.73,8,0.473415
-0.72,7,0.497659
-0.67,8,0.5242
-0.65,9,0.551731
1.19,5,0.567261
-0.68,9,0.655209
-0.68,9,0.680268
-0.48,12,0.71167
-0.67,8,0.735304
-0.66,7,0.758317
-0.73,8,0.787249
-0.42,10,0.821191
-0.85,6,0.844123
-0.73,9,0.879209
-0.66,7,0.907817
-0.73,9,0.937315
-0.5,11,0.977409
-0.49,12,1.012307
-0.71,6,1.029843
-0.47,10,1.061412
-0.72,9,1.091408
-0.4,11,1.121605
-0.61,8,1.14715
1.14,4,1.15777
1.14,4,1.168111
-0.42,11,1.198862
-0.81,5,1.214492
-0.72,8,1.238425
1.44,11,1.26834
-0.52,11,1.294814
-0.57,10,1.321981
1.56,10,1.354614
-0.52,10,1.381592
-0.45,10,1.413377
-0.67,8,1.43996
-0.62,9,1.464417
1.48,10,1.492331
1.14,4,1.501861
-0.69,10,1.527753
-0.54,9,1.55315
-0.62,12,1.592162
1.14,4,1.600631
-0.59,11,1.632874
-0.67,11,1.663291
-0.47,12,1.695671
1.14,4,1.705767
-0.68,9,1.732471
-0.53,11,1.764868
-0.53,11,1.795496
-0.63,10,1.824226
1.14,4,1.836048
-0.72,8,1.86021
1.44,8,1.881869
1.14,4,1.894662
-0.74,9,1.918791
1.14,4,1.930606
-0.83,7,1.950841
-0.68,9,1.977602
-0.56,11,2.012981
-0.66,10,2.037983
-0.67,8,2.063266
-0.56,8,2.090753
-0.32,11,2.125612
-0.73,8,2.149744
-0.62,9,2.17855
1.47,11,2.214974
-0.37,13,2.257523
-0.82,6,2.278567
-0.71,7,2.301495
-0.46,12,2.336694
-0.56,8,2.36316
1.14,4,2.377134
-0.58,10,2.410953
1.56,10,2.441656
-0.84,8,2.467036
1.29,6,2.486931
1.14,4,2.499659
-0.76,6,2.522123
-0.76,6,2.541065
-0.66,10,2.570388
-0.53,11,2.607133
-0.66,10,2.640002
-0.37,11,2.67584
-0.9,8,2.696764
-0.63,10,2.728614
-0.6,10,2.761963
-0.68,9,2.789444
-0.72,7,2.813256
-0.6,9,2.844937
-0.77,7,2.865754
-0.64,8,2.895641
-0.77,7,2.920835
-0.79,9,2.949694
-0.68,9,2.975484
-0.42,11,3.007156
1.14,4,3.018618
1.14,4,3.027893
-0.71,6,3.048317
-0.58,13,3.091366
1.14,4,3.103279
-0.61,8,3.131453
-0.67,8,3.158532
-0.62,9,3.18207
-0.83,7,3.204671
-0.55,11,3.240336
-0.57,10,3.272939
-0.47,10,3.304184
1.14,4,3.312771
-0.72,11,3.34232
-0.72,7,3.361481
1.59,10,3.389124
-0.51,11,3.424535
1.19,5,3.437006
-0.77,7,3.455718
1.19,5,3.470624
-0.61,11,3.504555
-0.56,8,3.524791
-0.55,9,3.549575
-0.67,8,3.575254
-0.66,7,3.598093
-0.57,9,3.621325
-0.47,10,3.654493
-0.81,5,3.671207
-0.52,12,3.708162
-0.71,7,3.728167
-0.46,12,3.763708
-0.67,9,3.790661
-0.52,10,3.819239
-0.69,10,3.847408
1.47,10,3.878801
1.14,4,3.935133
-0.67,8,3.959922
-0.44,10,3.992079
-0.66,9,4.015418
-0.65,9,4.044015
-0.42,10,4.074088
1.54,9,4.103714
-0.76,11,4.137405
-0.67,8,4.162991
-0.71,6,4.17924
1.14,4,4.190644
-0.73,8,4.213481
-0.88,7,4.235844
-0.65,8,4.261323
-0.73,8,4.288224
-0.82,6,4.306746
1.33,8,4.331712
-0.35,11,4.367041
-0.61,9,4.394591
-0.58,10,4.420976
1.54,10,4.448332
-0.61,8,4.468264
-0.66,7,4.490603
-0.88,6,4.508623
-0.83,7,4.530187
-0.68,9,4.557405
-0.62,9,4.583728
-0.62,11,4.610794
-0.58,11,4.644633
-0.52,10,4.673192
-0.81,5,4.689041
-0.47,10,4.717026
-0.55,10,4.749029
-0.87,5,4.764679
1.29,6,4.783017
1.66,10,4.812552
-0.69,10,4.843708
-0.6,10,4.876267
-0.68,9,4.900696
1.14,4,4.912004
-0.55,9,4.942765
-0.62,9,4.968849
-0.36,11,4.996233
-0.81,5,5.01301
-0.62,9,5.042913
-0.81,7,5.066902
-0.4,11,5.096375
-0.73,9,5.123974
-0.44,9,5.154214
-0.06,14,5.193738
1.44,8,5.214802
1.19,5,5.226737
1.32,9,5.253151
-0.68,9,5.274601
1.14,4,5.285115
-0.89,7,5.303341
-0.5,14,5.346782
1.52,11,5.375976
1.14,4,5.38802
1.49,9,5.414707
1.32,9,5.435384
-0.74,9,5.460256
-0.52,10,5.489588
-0.6,9,5.511567
-0.77,9,5.533817
-0.61,8,5.559838
1.24,6,5.57915
-0.14,13,5.617957
1.64,12,5.651988
1.14,4,5.66222
-0.62,12,5.702505
-0.77,7,5.725927
-0.47,10,5.750413
-0.24,14,5.789721
-0.72,8,5.814846
-0.49,10,5.844409
-0.78,8,5.865409
-0.69,10,5.891732
-0.66,9,5.920874
1.14,4,5.930459
1.29,6,5.94413
-0.47,10,5.971904
1.5,10,6.001185
-0.62,9,6.027069
1.14,4,6.038481
-0.82,6,6.058411
-0.54,9,6.085562
-0.6,9,6.10957
-0.83,7,6.127962
-0.67,8,6.152984
1.14,4,6.161824
-0.35,11,6.195923
-0.66,9,6.219485
-0.83,7,6.236122
1.14,4,6.247146
-0.77,7,6.269809
-0.6,9,6.29658
1.39,8,7.012004
-0.69,7,7.030763
-0.61,8,7.057363
-0.36,11,7.092857
-0.59,8,7.117249
-0.6,9,7.144078
-0.7,8,7.170937
-0.76,6,7.191096
1.14,4,7.202893
1.19,5,7.218028
-0.44,9,7.245218
-0.66,7,7.269216
1.14,4,7.281614
-0.37,11,7.318459
-0.66,9,7.345638
-0.61,8,7.373848
-0.71,6,7.394391
-0.82,6,7.41385
-0.62,9,7.441971
1.29,6,7.460387
-0.55,10,7.494386
-0.4,12,7.53865
1.14,4,7.594646
-0.83,7,7.626894
-0.6,10,7.658118
1.42,10,7.688578
-0.54,9,7.717827
1.66,12,7.754116
-0.54,9,7.783076
-0.58,9,7.811982
1.54,9,7.836055
-0.72,7,7.859119
-0.64,10,7.889455
-0.55,10,7.921246
-0.67,10,7.954747
1.42,10,7.981324
1.14,4,7.992215
-0.67,8,8.018447
-0.35,12,8.049694
-0.5,12,8.084828
-0.42,11,8.120187
-0.39,13,8.156085
1.19,5,8.171021
-0.57,9,8.20163
-0.67,8,8.227832
-0.69,10,8.262004
-0.44,10,8.294292
1.65,12,8.329786
1.53,10,8.363379
1.14,4,8.375052
-0.43,12,8.411642
1.78,11,8.437572
-0.67,8,8.464132
-0.6,12,8.50193
-0.76,9,8.53085
1.34,7,8.551973
-0.52,11,8.577435
-0.38,16,8.624749
1.67,13,8.657717
-0.56,10,8.687419
-0.32,13,8.71928
-0.71,6,8.738595
-0.55,10,8.766002
-0.67,8,8.790411
-0.25,14,8.831018
1.14,4,8.842605
1.14,4,8.852631
-0.56,8,8.875203
-0.67,8,8.900574
1.14,4,8.909388
-0.52,10,8.938686
-0.81,11,8.971495
1.37,10,8.999954
-0.29,11,9.033672
1.19,5,9.048159
-0.56,11,9.081243
-0.35,11,9.108956
-0.79,9,9.135103
1.66,10,9.158564
-0.79,9,9.189164
1.14,4,9.20104
-0.5,10,9.233665
-0.72,7,9.251585
-0.78,8,9.275403
-0.58,10,9.307079
1.54,11,9.338138
-0.44,9,9.365796
-0.63,10,9.39034
-0.69,10,9.414863
-0.68,9,9.43534
-0.55,9,9.463284
-0.63,12,9.499177
1.32,9,9.523484
1.29,6,9.541479
1.14,4,9.554068
-0.67,8,9.575871
-0.82,6,9.595371
-0.66,7,9.614888
1.14,4,9.625955
-0.53,10,9.655396
-0.44,9,9.684416
-0.64,10,9.713957
-0.53,10,9.742063
-0.71,7,9.765606
-0.76,6,9.785222
-0.37,11,9.815785
-0.61,8,9.842152
-0.38,12,9.87604
-0.76,6,9.895528
-0.56,9,9.924836
-0.44,13,9.961256
1.14,4,9.972463
-0.76,6,9.99121
-0.78,8,10.010012
1.19,5,10.020637
-0.46,9,10.042324
-0.69,11,10.070797
1.14,4,10.083786
-0.82,6,10.100744
-0.88,6,10.118507
-0.45,12,10.15525
1.51,9,10.183859
-0.61,8,10.208209
-0.24,15,10.250307
-0.67,8,10.275875
1.43,9,10.308211
-0.66,7,10.333526
1.39,11,10.368612
1.14,4,10.381355
-0.56,8,10.408392
1.29,6,10.430663
-0.68,9,10.460142
-0.27,12,10.496419
1.14,4,10.50827
-0.71,6,10.530985
1.14,4,10.542322
-0.62,9,10.57613
-0.68,9,10.606165
-0.72,7,10.68986
1.14,4,10.706309
1.14,4,10.719455
-0.44,13,10.763692
-0.7,8,10.78816
-0.76,6,10.804406
-0.76,10,10.837459
-0.52,12,10.88192
-0.92,5,10.900089
1.14,4,10.910484
-0.8,7,10.935367
-0.65,8,10.969109
-0.84,8,10.997658
-0.39,10,11.032596
1.19,5,11.048794
-0.36,11,11.083919
-0.52,10,11.116272
1.38,9,11.198781
-0.72,8,11.232569
-0.61,10,11.265268
-0.36,14,11.307382
1.4,9,11.339281
-0.73,8,11.36555
1.52,11,11.398882
-0.6,12,11.432397
1.14,4,11.441848
-0.68,9,11.473459
-0.71,9,11.500624
-0.69,10,11.529676
-0.82,6,11.545444
-0.36,11,11.57831
-0.5,10,11.611059
-0.5,11,11.63744
-0.79,9,11.663863
-0.46,12,11.700067
-0.67,8,11.724373
-0.75,7,11.746689
-0.54,12,11.781255
-0.35,11,11.806973
-0.67,8,11.831646
-0.62,9,11.858809
-0.52,10,11.889427
1.14,4,11.899998
-0.46,11,11.93069
-0.71,7,11.949818
1.14,4,11.959297
-0.53,11,11.98502
-0.73,9,12.015265
1.14,4,12.026732
-0.51,11,12.059062
1.14,4,12.070821
1.39,9,12.09855
1.19,5,12.113459
-0.58,11,12.145669
1.49,10,12.171299
1.29,6,12.189099
-0.42,11,12.219939
1.14,4,12.232281
-0.52,9,12.260411
-0.57,9,12.28489
-0.81,5,12.300569
-0.68,9,12.325815
-0.76,6,12.348327
-0.51,11,12.384156
-0.72,8,12.410583
-0.77,12,12.44877
-0.49,11,12.480497
-0.52,10,12.512832
-0.7,11,12.54559
-0.62,9,12.575679
-0.63,9,12.606745
-0.74,9,12.635105
-0.67,8,12.663296
1.65,11,12.691279
-0.66,7,12.717251
-0.57,9,12.744128
-0.52,14,12.788031
-0.63,11,12.823721
1.14,4,12.833293
-0.73,8,12.86021
-0.49,12,12.896614
-0.34,11,12.926097
1.14,4,12.935548
-0.76,6,12.952
1.19,5,12.967216
-0.72,8,12.988495
1.4,9,13.013949
-0.56,10,13.039445
1.14,4,13.051082
-0.64,11,13.0815
-0.71,7,13.099259
-0.65,8,13.124836
-0.85,9,13.152811
-0.51,11,13.187847
-0.65,8,13.207636
-0.47,13,13.246498
-0.52,10,13.276644
-0.71,7,13.29885
1.14,4,13.310437
-0.67,8,13.335743
-0.46,10,13.363805
-0.95,8,14.078588
-0.45,11,14.105764
1.57,12,14.143507
-0.41,10,14.171235
1.14,4,14.183566
-0.82,6,14.203262
1.14,4,14.213369
-0.55,9,14.24249
-0.56,9,14.262686
-0.66,7,14.281008
1.14,4,14.293659
-0.66,10,14.323998
-0.45,10,14.35145
-0.42,14,14.394313
-0.58,10,14.422307
-0.57,9,14.500047
1.14,4,14.511688
-0.59,10,14.541429
1.14,4,14.552787
-0.5,10,14.58788
-0.67,8,14.616558
-0.45,12,14.653067
-0.66,7,14.672209
1.14,4,14.682987
-0.64,12,14.717011
-0.8,6,14.732105
-0.64,11,14.764032
-0.71,6,14.78022
-0.63,10,14.810054
-0.67,9,14.83623
-0.31,11,14.869365
-0.64,8,14.897252
1.14,4,14.908131
-0.77,7,14.930145
1.14,4,14.942352
-0.58,10,14.970551
-0.74,10,15.000185
-0.48,11,15.031975
-0.42,11,15.058347
-0.76,9,15.081161
-0.58,10,15.10499
-0.64,10,15.138181
-0.66,7,15.160793
-0.49,9,15.186181
-0.5,10,15.212808
1.14,4,15.224461
-0.72,8,15.246222
-0.51,9,15.27679
-0.67,8,15.3021
-0.54,12,15.339107
-0.5,10,15.369814
1.14,4,15.38146
1.29,6,15.39621
-0.45,10,15.427248
-0.76,6,15.448063
-0.73,8,15.474438
-0.52,10,15.500272
-0.51,10,15.532319
-0.69,7,15.55603
-0.46,11,15.581897
-0.27,13,15.619343
-0.79,9,15.641406
-0.52,10,15.667624
-0.71,7,15.692171
1.73,15,15.73188
1.14,4,15.743864
1.14,4,15.75308
-0.72,7,15.776919
-0.82,6,15.795212
-0.62,9,15.820275
1.14,4,15.830479
-0.74,9,15.85335
1.14,4,15.865227
-0.61,8,15.888031
-0.68,9,15.91545
-0.68,9,15.941903
-0.73,10,15.973468
-0.76,6,15.987464
1.14,4,16.000509
1.14,4,16.011302
-0.58,11,16.042766
1.14,4,16.052613
-0.74,10,16.08387
-0.71,7,16.108088
-0.81,5,16.121529
-0.5,10,16.15558
-0.79,9,16.176565
1.29,12,16.213297
-0.56,11,16.247972
1.36,11,16.277085
1.23,7,16.295638
-0.56,11,16.329659
1.14,4,16.341494
-0.65,9,16.365785
-0.52,10,16.396026
-0.67,8,16.419243
1.14,4,16.430627
-0.82,6,16.449334
-0.62,9,16.480913
-0.54,12,16.510836
-0.67,10,16.545496
1.14,4,16.557729
1.14,4,16.569468
1.65,11,16.598626
1.14,4,16.611821
-0.62,11,16.645777
1.29,6,16.661798
-0.47,10,16.691017
-0.51,9,16.71545
-0.77,7,16.73523
1.29,6,16.74964
-0.63,10,16.776563
-0.44,10,16.799385
1.14,4,16.809737
-0.65,9,16.833047
-0.64,10,16.864613
-0.65,9,16.894554
1.28,7,16.914938
-0.39,11,16.946284
1.46,8,16.968327
1.29,6,16.981867
1.14,4,16.993331
-0.61,10,17.021224
-0.83,7,17.037961
-0.44,9,17.068372
1.14,4,17.080803
-0.55,12,17.117983
1.4,9,17.143022
-0.55,9,17.171016
-0.58,10,17.19658
-0.72,7,17.215989
-0.57,11,17.249893
-0.46,9,17.278369
1.14,4,17.290299
-0.73,9,17.317349
1.14,4,17.328999
1.14,4,17.340017
-0.63,10,17.365166
-0.73,9,17.388807
1.29,6,17.405639
-0.35,11,17.440288
1.14,4,17.449479
-0.61,10,17.480672
1.19,5,17.495047
1.14,4,17.507096
1.29,6,17.522689
1.4,9,17.549532
-0.68,9,17.577397
-0.76,6,17.596756
-0.73,9,17.624751
-0.77,7,17.64304
-0.92,5,17.658728
-0.3,13,17.691493
-0.72,8,17.716827
1.51,9,17.743547
-0.59,8,17.767036
1.14,4,17.77886
-0.72,7,17.795867
-0.71,10,17.819429
-0.61,10,17.846747
1.14,4,17.85943
1.14,4,17.87243
1.58,11,17.905876
-0.66,10,17.930945
-0.42,17,17.977575
-0.74,9,18.004837
-0.63,10,18.03054
-0.83,7,18.053646
-0.56,13,18.129539
-0.59,10,18.159016
-0.71,7,18.180851
1.14,4,18.193583
-0.56,10,18.223382
-0.68,8,18.242758
-0.46,9,18.265141
1.34,7,18.281549
-0.83,7,18.301993
-0.71,9,18.332077
-0.44,9,18.356628
1.14,4,18.36714
-0.71,7,18.38603
-0.54,12,18.427604
-0.72,7,18.446168
1.38,9,18.471614
-0.83,7,18.48976
-0.68,9,18.513615
1.19,5,18.52853
-0.76,6,18.548371
-0.69,10,18.578056
-0.66,7,18.598191
-0.66,7,18.618686
-0.78,8,18.644906
1.14,4,18.656926
-0.82,6,18.675575
1.14,4,18.686652
1.19,5,18.699469
1.19,5,18.711965
-0.61,8,18.739677
1.14,4,18.750577
-0.46,13,18.787176
1.14,4,18.798216
-0.58,10,18.832049
-0.72,8,18.85807
-0.59,9,18.882496
-0.52,10,18.911235
-0.5,9,18.937383
-0.53,10,18.966749
-0.47,11,18.997777
-0.49,9,19.024579
1.68,10,19.049869
-0.63,9,19.077904
-0.88,6,19.09744
-0.51,13,19.136293
-0.28,12,19.173731
-0.27,13,19.208574
1.14,4,19.217513
-0.5,10,19.242398
1.14,4,19.254169
-0.47,10,19.282835
-0.39,11,19.319476
-0.52,11,19.345856
1.32,9,19.374573
1.14,4,19.382753
-0.35,12,19.419391
-0.44,11,19.446615
-0.2,13,19.484978
-0.76,6,19.497876
-0.72,7,19.520452
-0.48,12,19.549942
-0.76,6,19.565312
-0.74,9,19.595091
-0.72,7,19.619802
1.19,5,19.635126
-0.41,10,19.664227
-0.67,8,19.689575
-0.59,9,19.712445
1.63,11,19.746675
-0.69,10,19.77809
-0.36,11,19.817466
-0.51,9,19.845083
-0.36,10,19.875679
-0.89,8,19.898609
-0.76,6,19.919757
-0.85,7,19.940784
-0.82,6,19.958311
1.49,12,19.986591
-0.76,6,19.999971
1.14,4,20.011399
-0.94,7,20.029804
1.14,4,20.041345
-0.85,9,20.066932
-0.49,12,20.755992
-0.73,8,20.776194
-0.5,10,20.805989
-0.73,8,20.82653
-0.5,10,20.85977
1.14,4,20.872122
-0.61,10,20.902516
-0.56,8,20.929367
1.14,4,20.939538
-0.66,7,20.96188
-0.73,9,20.992341
-0.52,10,21.01741
-0.67,8,21.035899
1.52,11,21.070419
-0.68,9,21.094346
1.14,4,21.105459
-0.5,10,21.134663
-0.39,10,21.165866
1.33,8,21.187062
-0.65,8,21.212456
-0.64,7,21.228972
-0.61,11,21.264072
-0.71,7,21.283614
-0.49,11,21.316342
-0.53,11,21.349957
-0.67,8,21.377448
-0.43,12,21.41294
-0.59,8,21.432686
1.14,4,21.44153
-0.55,9,21.463841
1.14,4,21.475408
-0.17,12,21.504826
1.14,4,21.515473
-0.76,6,21.533889
1.14,4,21.545946
-0.7,11,21.581146
1.29,6,21.599471
-0.54,12,21.636624
1.14,4,21.648101
1.14,4,21.657812
-0.61,8,21.674718
-0.29,14,21.711354
-0.56,10,21.744517
-0.73,8,21.774932
-0.51,9,21.800769
-0.4,11,21.837638
-0.67,8,21.863373
-0.83,7,21.93361
-0.51,11,21.973267
-0.53,11,22.007825
1.49,9,22.038406
-0.75,11,22.070969
-0.83,7,22.088636
1.59,11,22.121866
1.14,4,22.133062
1.14,4,22.141884
1.33,8,22.16646
1.14,4,22.175691
-0.75,10,22.204299
-0.53,11,22.235256
1.14,4,22.244994
1.14,4,22.25702
-0.63,10,22.28796
-0.52,10,22.318076
1.14,4,22.329451
-0.67,8,22.354838
-0.59,11,22.386687
1.14,4,22.397924
1.58,11,22.430855
1.14,4,22.442984
-0.72,7,22.466645
-0.73,9,22.493768
1.14,4,22.504581
-0.63,10,22.532633
1.14,4,22.542627
-0.58,11,22.572855
-0.56,8,22.599561
-0.66,7,22.623958
-0.84,8,22.649343
-0.34,13,22.687605
-0.64,8,22.711019
1.29,6,22.72608
1.19,5,22.741446
-0.67,8,22.766243
1.14,4,22.774848
-0.67,8,22.797957
-0.71,7,22.820347
-0.67,8,22.844812
-0.58,9,22.874381
-0.62,9,22.898114
-0.56,8,22.918303
-0.71,7,22.940475
-0.84,8,22.963983
-0.3,13,23.000765
-0.62,9,23.025659
1.14,4,23.03853
-0.81,5,23.053467
-0.49,12,23.148673
1.14,4,23.160346
-0.59,8,23.184428
1.14,4,23.195735
1.14,4,23.20739
-0.66,9,23.235008
1.14,4,23.24402
-0.68,9,23.271792
-0.82,6,23.290602
1.14,4,23.301633
1.14,4,23.312652
1.14,4,23.324276
-0.88,6,23.341653
1.14,4,23.352616
1.39,8,23.375632
1.14,4,23.38779
-0.42,14,23.429042
1.19,5,23.444562
-0.32,11,23.479754
1.19,5,23.493692
-0.53,11,23.527763
-0.79,10,23.555298
1.5,11,23.585568
1.14,4,23.594831
-0.68,9,23.617701
-0.51,11,23.650735
-0.62,9,23.676836
1.14,4,23.688862
-0.6,9,23.71858
1.14,4,23.727339
1.14,4,23.739251
-0.17,12,23.775953
-0.66,7,23.795504
-0.32,12,23.830761
-0.88,6,23.844678
-0.83,7,23.864731
-0.6,9,23.889216
-0.85,9,23.916423
-0.55,9,23.946397
-0.69,10,23.976382
-0.62,11,24.009977
1.14,4,24.020357
-0.42,10,24.04539
-0.51,9,24.074237
1.19,5,24.090061
-0.51,11,24.12243
-0.68,9,24.154839
1.61,11,24.18752
1.14,4,24.200013
1.14,4,24.20924
-0.58,10,24.237748
-0.64,8,24.260273
-0.58,10,24.286102
1.14,4,24.298057
-0.69,10,24.332883
-0.71,6,24.352279
1.55,10,24.380925
-0.87,11,24.413768
-0.66,7,24.435241
-0.52,10,24.46638
-0.62,9,24.48951
-0.17,12,24.525688
1.14,4,24.536803
1.14,4,24.548769
-0.55,11,24.581915
-0.74,9,24.603894
1.29,6,24.623153
-0.55,10,24.655909
1.14,4,24.667734
1.14,4,24.678959
-0.73,8,24.706334
-0.76,6,24.725522
-0.58,10,24.757733
-0.67,8,24.782414
1.14,4,24.792678
1.14,4,24.804055
-0.46,11,24.832839
-0.58,10,24.864028
-0.71,9,24.888981
-0.52,8,24.913944
-0.49,10,24.940705
-0.45,11,24.970955
-0.4,11,25.004577
-0.5,11,25.088264
-0.69,10,25.116149
1.19,5,25.129921
-0.55,9,25.155121
-0.77,7,25.174397
1.14,4,25.185382
1.14,4,25.195634
-0.56,10,25.228403
1.29,6,25.245979
-0.73,8,25.269402
1.29,6,25.287204
-0.5,10,25.320568
-0.58,11,25.356027
1.14,4,25.367634
1.14,4,25.376182
-0.17,12,25.415497
-0.73,10,25.441555
1.14,4,25.454001
-0.77,7,25.476773
-0.83,7,25.501535
1.14,4,25.513566
-0.52,10,25.541027
-0.42,11,25.576937
-0.43,11,25.606937
1.14,4,25.619521
-0.68,9,25.645496
-0.52,11,25.674302
-0.64,12,25.703186
1.14,4,25.714126
-0.76,6,25.728097
-0.77,7,25.746811
-0.6,9,25.775023
1.14,4,25.787288
-0.65,8,25.813144
-0.71,7,25.835008
1.14,4,25.843013
1.14,4,25.853117
-0.47,11,25.884107
1.33,8,25.906898
1.14,4,25.919304
1.24,6,25.938668
1.51,9,25.967055
-0.82,6,25.980959
-0.67,8,26.00609
-0.75,10,26.036628
-0.71,7,26.059856
-0.37,12,26.098648
-0.76,6,26.116797
1.73,12,26.148137
-0.67,8,26.173496
-0.77,7,26.196898
-0.81,5,26.213637
-0.81,11,26.240368
1.29,6,26.258143
1.14,4,26.270462
-0.63,10,26.294554
-0.67,10,26.317093
-0.85,9,26.342958
-0.54,12,26.380321
-0.78,8,26.402121
-0.42,11,26.429822
-0.67,8,26.447957
-0.47,11,26.481236
-0.27,13,26.52538
1.14,4,26.539765
-0.54,9,26.566349
-0.65,9,26.596679
-0.46,9,26.627004
-0.76,6,26.647787
-0.38,12,26.679567
-0.62,9,26.70519
1.44,8,26.727222
-0.53,11,26.761822
1.29,6,26.780836
-0.72,7,26.799844
-0.74,10,26.832133
-0.73,8,26.854532
-0.52,10,26.884383
-0.35,12,26.918599
-0.63,10,28.015782
1.19,5,28.037312
-0.72,7,28.077335
-0.68,9,28.118305
1.34,7,28.152702
1.14,4,28.192705
1.14,4,28.221856
-0.51,12,28.289501
-0.73,9,28.349279
-0.54,12,28.401676
-0.48,9,28.439136
-0.72,8,28.472367
-0.64,7,28.503951
-0.47,10,28.546015
-0.64,10,28.589911
-0.68,9,28.624194
1.14,4,28.641306
1.32,9,28.681057
1.14,4,28.698232
1.89,13,28.763973
-0.68,9,28.813462
1.14,4,28.830018
-0.63,10,28.869603
-0.63,10,28.91675
-0.47,13,28.971687
-0.6,9,29.016529
-0.52,12,29.068997
1.53,10,29.11962
-0.66,7,29.153722
1.14,4,29.172151
-0.58,10,29.227668
-0.66,7,29.279086
1.14,4,29.304455
-0.67,8,29.3552
1.14,4,29.382617
-0.4,11,29.465604
-0.75,7,29.550143
-0.59,12,29.622928
-0.84,8,29.718394
-0.87,5,29.750475
1.19,5,29.768764
-0.45,11,29.814267
-0.67,8,29.848593
-0.69,10,29.889224
-0.47,10,29.937961
-0.42,11,29.986207
-0.46,9,30.028292
-0.68,9,30.069369
1.14,4,30.087007
-0.59,11,30.13397
1.14,4,30.147545
-0.72,7,30.175451
-0.66,7,30.206902
-0.64,9,30.241837
-0.56,12,30.285736
-0.58,10,30.318781
1.43,10,30.361457
1.19,5,30.378175
-0.56,8,30.408898
-0.67,8,30.434815
1.14,4,30.447612
1.29,6,30.467339
-0.36,12,30.51797
1.54,9,30.559138
-0.42,11,30.609806
-0.43,12,30.666938
-0.9,9,30.699763
1.71,11,30.744506
-0.72,7,30.76886
-0.66,7,30.794561
-0.8,9,30.829074
-0.45,11,30.862701
-0.65,8,30.895178
-0.64,8,30.921628
1.14,4,30.93575
-0.58,10,30.970727
-0.66,7,30.996431
-0.66,7,31.019415
1.14,4,31.03336
-0.48,11,31.072451
1.14,4,31.086137
-0.72,7,31.109615
1.14,4,31.120698
-0.59,9,31.154326
-0.78,8,31.186723
-0.82,6,31.208439
-0.51,9,31.24158
1.14,4,31.255529
-0.52,10,31.298222
-0.42,11,31.340275
-0.72,7,31.366542
-0.62,9,31.400313
-0.75,11,31.442143
-0.73,8,31.474594
-0.76,8,31.509457
1.44,9,31.542594
-0.69,10,31.578071
1.14,4,31.588694
-0.27,13,31.637981
-0.61,8,31.668038
-0.57,9,31.70214
-0.76,6,31.721411
1.14,4,31.733716
-0.42,11,31.766281
-0.51,12,31.80829
-0.73,8,31.837223
-0.71,7,31.866539
1.14,4,31.881346
1.14,4,31.899064
-0.55,9,31.934409
-0.61,13,31.983602
1.14,4,31.996538
-0.44,12,32.043292
-0.21,12,32.094635
1.14,4,32.111646
-0.4,12,32.178122
-0.53,11,32.345128
1.14,4,32.364855
-0.66,9,32.432158
-0.68,9,32.468467
-0.25,14,32.531858
-0.32,11,32.586902
-0.43,12,32.639162
1.5,10,32.686101
-0.67,9,32.73323
-0.77,7,32.767929
1.61,14,32.843872
1.14,4,32.863196
1.14,4,32.880077
-0.77,9,32.921748
1.14,4,32.94018
1.14,4,32.959231
1.34,10,33.00346
1.37,10,33.052235
-0.62,11,33.117947
1.14,4,33.144348
-0.52,10,33.214855
1.24,6,33.268358
1.53,10,33.342033
-0.73,10,33.403687
-0.75,11,33.452022
-0.83,7,33.479624
1.44,8,33.516945
-0.58,10,33.564006
-0.49,10,33.612388
1.14,4,33.630387
1.33,8,33.664518
1.14,4,33.681581
-0.36,11,33.735167
1.14,4,33.749976
-0.83,7,33.779433
-0.57,10,33.818796
-0.57,11,33.864531
-0.61,8,33.893625
1.59,10,33.93727
-0.7,8,33.976672
-0.56,11,34.040802
1.14,4,34.056961
-0.67,8,34.091321
-0.7,8,34.115625
-0.73,8,34.136274
-0.68,9,34.165304
1.66,10,34.259809
-0.8,10,34.286897
1.14,4,34.298477
-0.86,5,34.312389
1.14,4,34.323453
1.14,4,34.334577
-0.82,6,34.355912
-0.53,11,34.391743
-0.8,10,34.420796
-0.72,7,34.440129
-0.63,9,34.46728
-0.7,11,34.501321
-0.68,9,34.526471
-0.69,10,34.557903
-0.67,8,34.578658
-0.67,8,34.60371
-0.83,7,34.62525
-0.72,7,34.649376
1.79,13,34.6932
-0.68,9,34.72519
-0.36,12,34.765278
-0.64,11,34.801065
1.19,5,34.818059
1.71,12,34.856762
-0.52,10,34.883848
-0.68,9,34.914673
-0.72,7,34.939117
1.54,9,34.96736
-0.43,11,35.001278
1.14,4,35.012396
-0.58,10,35.038278
-0.67,8,35.064077
1.14,4,35.076733
-0.65,12,35.11353
-0.68,9,35.139107
-0.56,9,35.166094
-0.51,12,35.200894
-0.55,9,35.231882
1.7,12,35.275697
-0.48,12,35.323226
-0.67,10,35.361458
-0.58,10,35.394335
-0.57,9,35.423958
1.29,6,35.446295
-0.5,11,35.481031
-0.47,10,35.514251
-0.31,11,35.558757
-0.82,6,35.580228
-0.67,8,35.612036
-0.47,10,35.648772
-0.52,10,35.684339
1.14,4,35.696335
-0.66,13,35.74563
-0.79,9,35.781121
-0.82,6,35.803493
-0.49,10,35.838542
1.14,4,35.853022
-0.69,10,35.889063
-0.68,9,35.923185
-0.59,11,35.957457
-0.72,8,35.984417
-0.77,7,36.007751
1.14,4,36.018699
-0.64,9,36.044749
-0.51,9,36.073957
1.14,4,36.085095
-0.82,6,36.104007
-0.61,8,36.127465
-0.67,9,36.15634
1.14,4,36.168032
-0.77,7,36.190418
-0.49,10,36.22376
-0.74,9,36.2506
-0.68,9,36.282279
1.14,4,36.295804
1.14,4,36.309781
-0.54,8,36.341552
1.14,4,36.355155
1.14,4,36.366365
-0.58,9,36.39928
-0.12,13,36.443615
-0.66,9,36.472597
-0.76,6,36.493054
-0.46,9,36.522793
-0.74,9,36.544186
1.51,11,37.220594
-0.43,11,37.255082
1.14,4,37.265903
-0.52,10,37.297451
-0.48,11,37.329607
1.14,4,37.342012
-0.71,7,37.362181
-0.71,6,37.382263
-0.64,10,37.416286
-0.47,11,37.451146
1.14,4,37.459751
1.14,4,37.471627
1.14,4,37.482444
-0.54,11,37.516804
-0.53,11,37.548942
-0.48,12,37.588286
-0.44,11,37.617365
-0.73,8,37.638893
-0.57,9,37.669659
-0.56,10,37.703654
1.14,4,37.712352
-0.76,6,37.730803
1.14,4,37.742095
1.14,4,37.754673
-0.61,11,37.781941
1.14,4,37.796531
1.14,4,37.810349
-0.66,7,37.835019
1.59,12,37.879571
-0.26,14,37.931288
1.14,4,37.946551
-0.44,12,37.992155
-0.55,9,38.026265
1.23,7,38.055572
-0.39,11,38.091555
-0.73,8,38.11271
1.39,8,38.135937
-0.81,5,38.154666
-0.82,6,38.173205
1.71,11,38.203454
1.14,4,38.281837
1.14,4,38.294762
1.51,9,38.318165
1.14,4,38.328982
1.14,4,38.340335
-0.58,10,38.371334
-0.62,9,38.403482
-0.76,6,38.42331
-0.81,5,38.440185
1.14,4,38.452284
-0.72,7,38.475429
-0.61,8,38.502171
1.14,4,38.512428
-0.78,8,38.534654
1.14,4,38.54345
1.29,6,38.561409
-0.67,10,38.59551
-0.72,13,38.633753
-0.64,10,38.665832
1.14,4,38.677629
1.14,4,38.689131
-0.68,9,38.713271
-0.65,8,38.737978
-0.68,9,38.761159
1.14,4,38.772078
-0.52,10,38.803579
1.19,5,38.814841
1.14,4,38.826774
-0.45,11,38.858355
1.64,13,38.892276
1.66,10,38.922767
1.47,10,38.950434
-0.73,8,38.970858
-0.65,9,38.992903
1.14,4,39.004175
1.14,4,39.015132
1.14,4,39.024856
-0.57,9,39.046263
-0.43,12,39.084193
-0.45,10,39.108275
-0.73,8,39.133858
1.14,4,39.146028
-0.71,9,39.170913
-0.6,9,39.199282
-0.61,8,39.221393
1.14,4,39.232527
1.14,4,39.241859
-0.67,8,39.263667
1.44,8,39.28877
-0.64,11,39.319114
1.29,6,39.337793
1.19,5,39.352817
-0.68,9,39.377365
1.14,4,39.388661
1.71,12,39.42353
-0.46,9,39.452921
-0.44,10,39.486128
-0.54,8,39.508154
-0.65,8,39.534401
1.14,4,39.545321
1.14,4,39.555109
1.14,4,39.566191
-0.73,9,39.594109
1.14,4,39.607322
-0.78,8,39.630683
-0.83,7,39.656958
1.29,6,39.677654
1.14,4,39.692003
-0.66,7,39.715225
-0.66,7,39.739527
1.29,6,39.763231
-0.53,11,39.803248
1.14,4,39.816583
-0.67,8,39.844729
1.14,4,39.858181
-0.62,12,39.897308
1.29,6,39.918139
-0.72,10,39.950212
1.14,4,39.962959
-0.33,13,40.006144
-0.68,9,40.031117
1.14,4,40.043377
-0.52,10,40.07604
-0.64,11,40.101395
-0.76,6,40.116949
-0.74,9,40.141053
1.14,4,40.152998
-0.68,9,40.182186
1.14,4,40.192187
1.14,4,40.203173
-0.52,10,40.228569
-0.76,6,40.24764
1.14,4,40.256473
1.14,4,40.268194
-0.72,8,40.287402
-0.57,9,40.315361
-0.52,10,40.348693
-0.63,10,40.377178
-0.46,12,40.416955
1.14,4,40.427839
-0.5,11,40.463269
-0.61,8,40.493348
1.14,4,40.504591
-0.49,9,40.534931
-0.67,8,40.562619
1.14,4,40.57574
-0.39,13,40.615492
-0.5,9,40.645158
-0.74,9,40.674863
1.14,4,40.686481
1.14,4,40.698086
-0.82,6,40.71479
1.53,11,40.748337
1.14,4,40.760208
1.14,4,40.772797
1.14,4,40.785121
1.29,6,40.802544
1.14,4,40.81278
-0.59,8,40.838179
1.14,4,40.850023
-0.61,8,40.875567
-0.5,14,40.918471
1.14,4,40.927698
-0.77,7,40.944877
-0.7,7,40.967724
-0.61,10,40.99239
1.14,4,41.003278
1.14,4,41.014596
-0.64,11,41.04616
1.14,4,41.056432
1.19,5,41.068917
1.14,4,41.079723
-0.42,12,41.112413
-0.59,8,41.134704
1.19,5,41.147719
-0.6,10,41.179451
1.29,6,41.19852
1.14,4,41.207618
1.42,10,41.234443
1.46,9,41.258332
-0.64,8,41.288978
1.14,4,41.302943
-0.78,11,41.341941
-0.66,7,41.365832
-0.65,9,41.399678
-0.48,11,41.509158
-0.37,11,41.550091
-0.67,8,41.572046
1.14,4,41.583325
-0.56,11,41.613831
-0.46,11,41.648241
-0.77,7,41.669905
-0.77,7,41.693652
1.14,4,41.7058
1.52,11,41.734151
-0.66,9,41.756938
1.14,4,41.768164
-0.54,8,41.794539
-0.49,12,41.835356
-0.77,7,41.858739
-0.63,10,41.890047
-0.56,9,41.921624
1.19,5,41.936901
1.14,4,41.94977
-0.61,11,41.980817
1.58,9,42.006378
-0.31,14,42.039597
-0.54,12,42.074349
1.14,4,42.086622
-0.73,8,42.181203
-0.51,9,42.236831
-0.55,10,42.274594
-0.67,8,42.306006
1.14,4,42.322336
-0.68,9,42.354287
-0.84,8,42.381119
-0.81,5,42.39757
-0.67,8,42.425051
1.64,12,42.462493
1.19,5,42.477028
-0.77,7,42.502011
-0.59,8,42.525724
-0.67,8,42.553018
-0.59,10,42.58395
-0.67,8,42.613328
1.14,4,42.62912
-0.67,8,42.661209
1.45,9,42.694482
-0.77,7,42.721498
-0.71,9,42.754732
1.14,4,42.769102
-0.47,10,42.801383
-0.54,12,42.838889
-0.66,7,42.860119
-0.5,10,42.896235
-0.39,13,42.940084
1.14,4,42.952304
1.19,5,42.967483
-0.35,12,43.002291
-0.77,7,43.019487
-0.75,10,43.049853
-0.65,8,43.074999
-0.39,10,43.107398
-0.62,9,43.134358
1.44,8,43.1586
1.14,4,43.170855
1.14,4,43.180999
1.14,4,43.192249
1.14,4,43.204529
-0.77,7,43.224617
-0.66,9,43.252831
-0.55,13,43.288918
-0.29,12,43.327543
1.49,11,43.365779
1.62,11,43.404258
-0.72,8,43.430038
-0.69,10,43.464048
1.14,4,43.474142
-0.63,9,43.503905
-0.75,7,43.529024
-0.58,10,43.561108
-0.63,10,43.596836
1.34,7,43.620767
1.29,6,43.639848
1.19,5,43.656511
1.14,4,43.670377
1.14,4,43.682048
1.14,4,43.692102
-0.66,7,43.71373
-0.47,11,43.750124
1.14,4,43.760763
1.7,12,44.50825
1.14,4,44.518849
-0.15,13,44.557959
1.14,4,44.57037
1.14,4,44.581652
-0.76,6,44.600956
1.19,5,44.616338
-0.51,11,44.652221
-0.55,9,44.675465
-0.72,7,44.693953
-0.56,10,44.719352
-0.53,11,44.752624
-0.51,10,44.787219
1.14,4,44.799526
-0.65,9,44.823006
-0.82,6,44.843131
1.19,5,44.858299
-0.54,12,44.894806
1.19,5,44.907914
-0.22,12,44.949769
-0.51,9,44.978617
-0.66,10,45.010151
1.14,4,45.022037
1.14,4,45.036184
-0.46,12,45.074046
-0.9,8,45.099066
1.55,10,45.126543
1.14,4,45.137997
-0.57,9,45.167482
-0.26,12,45.202713
-0.49,11,45.238522
-0.44,11,45.271578
-0.57,9,45.302769
-0.2,12,45.336724
1.59,10,45.370612
-0.57,9,45.399005
1.77,12,45.431986
-0.68,9,45.460726
1.14,4,45.476658
-0.43,11,45.510043
1.14,4,45.523646
-0.88,7,45.554322
-0.77,7,45.577511
-0.51,11,45.678121
-0.37,11,45.734375
1.14,4,45.748189
-0.73,8,45.779547
-0.66,7,45.809901
1.14,4,45.825073
1.14,4,45.842836
-0.66,7,45.877924
1.14,4,45.895339
1.27,8,45.92461
-0.46,9,45.957462
-0.66,11,45.994342
-0.72,8,46.018632
-0.36,12,46.055182
1.14,4,46.06741
-0.47,10,46.101531
1.38,9,46.126517
-0.76,11,46.157937
-0.63,10,46.187251
1.14,4,46.200747
1.14,4,46.214214
-0.66,9,46.242041
-0.68,9,46.268945
-0.63,10,46.298762
-0.68,9,46.321471
-0.5,10,46.354806
1.84,12,46.393702
-0.6,9,46.42792
-0.56,11,46.466246
1.14,4,46.480385
-0.67,8,46.509026
-0.74,9,46.542631
1.14,4,46.555959
-0.71,7,46.581907
1.14,4,46.594275
-0.61,10,46.627623
1.14,4,46.643011
-0.77,7,46.671427
-0.73,8,46.697281
-0.47,11,46.7312
-0.56,11,46.772576
1.64,10,46.80486
-0.51,9,46.835184
-0.76,9,46.868061
-0.46,11,46.901886
-0.27,12,46.937381
-0.52,10,46.968807
-0.43,14,47.012303
1.14,4,47.024253
1.53,10,47.052236
1.14,4,47.064119
1.29,6,47.084282
-0.66,9,47.113194
-0.48,11,47.145159
1.14,4,47.159181
-0.76,6,47.180652
-0.57,9,47.209945
-0.6,9,47.24142
-0.43,11,47.281875
1.14,4,47.29404
1.14,4,47.307832
-0.62,9,47.342718
-0.61,10,47.379033
-0.48,10,47.41293
-0.57,9,47.43914
1.38,9,47.46506
-0.57,10,47.497286
1.45,9,47.51731
-0.62,9,47.546077
-0.62,9,47.571762
1.14,4,47.584666
1.14,4,47.595402
-0.81,8,47.618767
-0.75,10,47.643994
1.14,4,47.65546
-0.52,10,47.687535
-0.89,7,47.705818
1.14,4,47.718147
1.14,4,47.730742
1.63,10,47.755955
1.95,13,47.796492
-0.55,13,47.834206
-0.45,10,47.860246
1.14,4,47.8704
-0.49,9,47.895944
-0.56,8,47.923392
-0.37,10,47.962233
-0.66,7,47.988971
1.3,11,48.023893
1.43,9,48.053245
-0.69,8,48.083563
1.41,11,48.122754
1.14,4,48.137155
-0.55,13,48.182441
-0.84,8,48.204858
1.44,9,48.237054
-0.55,10,48.276471
-0.72,7,48.303411
1.29,6,48.319579
-0.72,7,48.34103
-0.67,8,48.368421
1.14,4,48.381409
1.14,4,48.393554
1.14,4,48.404439
1.14,4,48.417017
-0.63,10,48.445361
-0.93,6,48.466236
-0.78,8,48.488806
1.29,6,48.506577
1.14,4,48.518506
-0.49,9,48.547595
-0.63,10,48.57985
-0.55,9,48.607944
-0.2,14,48.652594
1.14,4,48.665018
-0.71,12,48.700082
-0.65,9,48.72431
-0.47,12,48.763991
-0.52,10,48.799341
1.14,4,48.810602
-0.63,10,48.843268
-0.43,11,48.873389
1.14,4,48.884182
-0.67,8,48.906696
-0.75,10,48.991058
1.14,4,49.004041
-0.5,11,49.042736
-0.61,8,49.070873
1.14,4,49.082364
-0.66,7,49.105055
1.14,4,49.117798
1.58,13,49.159928
-0.53,12,49.197209
1.14,4,49.208001
-0.56,10,49.232116
-0.78,8,49.254887
-0.62,9,49.285587
-0.59,11,49.313414
-0.32,14,49.353822
-0.44,13,49.390239
-0.86,5,49.40611
1.14,4,49.415933
1.14,4,49.426647
1.48,8,49.449636
-0.35,11,49.483746
-0.89,7,49.506154
-0.52,10,49.539177
-0.56,11,49.571186
1.14,4,49.582837
-0.69,8,49.604817
-0.57,9,49.631666
-0.6,9,49.660372
1.53,10,49.685278
1.14,4,49.697786
-0.76,6,49.715845
1.29,6,49.73327
-0.6,8,49.760836
1.14,4,49.770074
1.14,4,49.78294
1.14,4,49.795168
-0.51,9,49.822601
1.14,4,49.834063
-0.65,8,49.858599
-0.31,11,49.893812
-0.57,9,49.916391
-0.48,14,49.949243
1.14,4,49.959031
-0.45,11,49.9943
-0.74,9,50.021111
1.19,5,50.033521
-0.58,11,50.066428
-0.42,10,50.093435
1.14,4,50.104484
-0.63,12,50.13827
-0.73,8,50.161741
1.33,8,50.182569
1.14,4,50.192954
1.14,4,50.202962
-0.63,10,50.23296
-0.33,11,50.269699
-0.38,11,50.30669
-0.67,8,50.331023
1.14,4,50.343687
1.14,4,50.355128
1.51,13,50.395002
-0.83,7,50.418337
1.53,10,50.451065
-0.69,10,50.482211
-0.61,8,50.506477
-0.48,12,50.545564
-0.56,15,50.592698
1.49,9,50.616704
-0.2,12,50.654852
1.14,4,50.664011
1.51,12,50.698569
1.14,4,50.709385
-0.68,9,50.734444
-0.57,9,50.757688
1.29,6,50.772741
1.56,9,50.803762
-0.62,9,50.837461
1.14,4,50.850407
-0.69,9,50.881325
-0.66,10,50.913921
-0.76,6,50.934767
-0.41,12,50.969416
1.14,4,50.982116
1.47,11,51.015742
-0.36,11,51.050106
1.14,4,51.87199
-0.59,8,51.894294
-0.61,10,51.927173
-0.23,13,51.967415
-0.41,12,52.011566
-0.47,11,52.050409
-0.57,9,52.08526
-0.56,11,52.129412
1.14,4,52.143048
-0.45,11,52.184959
1.14,4,52.199901
-0.44,10,52.238426
1.19,5,52.258164
-0.73,9,52.288725
-0.69,10,52.323146
1.5,10,52.357587
1.14,4,52.367826
1.14,4,52.380677
-0.56,8,52.407604
1.43,12,52.447451
-0.66,7,52.471403
-0.77,7,52.493749
1.14,4,52.502946
-0.91,4,52.517403
-0.57,10,52.554472
-0.45,12,52.59934
-0.45,10,52.644058
1.8,13,52.683434
-0.69,10,52.716392
-0.57,12,52.749203
-0.47,13,52.7921
1.14,4,52.801846
1.14,4,52.814504
-0.7,8,52.836888
-0.81,5,52.849973
1.14,4,52.863116
1.14,4,52.876791
1.14,4,52.888674
1.23,7,52.912461
-0.59,8,52.938819
1.14,4,52.950438
1.14,4,52.963217
1.14,4,52.976433
-0.64,7,52.996712
1.14,4,53.008593
-0.29,12,53.045067
-0.77,7,53.063847
1.34,7,53.084547
-0.46,11,53.119506
-0.73,8,53.143898
1.14,4,53.156949
-0.76,6,53.17563
-0.71,12,53.210094
1.14,4,53.21834
1.14,4,53.231119
-0.02,13,53.310204
1.66,10,53.346416
1.14,4,53.359396
-0.62,8,53.38195
1.19,5,53.397866
1.39,11,53.429298
-0.6,9,53.458032
-0.52,10,53.489456
-0.59,11,53.524625
1.14,4,53.533679
-0.44,10,53.567443
-0.62,9,53.597653
-0.77,7,53.620278
-0.65,8,53.641036
-0.58,10,53.672474
-0.62,10,53.700396
1.48,10,53.731928
1.14,4,53.743911
-0.69,10,53.768092
-0.27,11,53.803169
1.29,6,53.818782
-0.63,10,53.851268
-0.69,13,53.887084
1.5,10,53.911195
-0.71,7,53.934078
1.14,4,53.946289
-0.4,12,53.984732
-0.73,9,54.013252
-0.54,12,54.050017
-0.24,14,54.094086
-0.66,7,54.114963
-0.44,9,54.145167
-0.61,10,54.176756
1.14,4,54.187364
-0.49,11,54.220607
-0.45,12,54.258507
-0.61,11,54.296443
1.14,4,54.309328
-0.61,8,54.334783
-0.56,8,54.357483
-0.61,8,54.380956
1.14,4,54.391525
1.14,4,54.401242
-0.55,9,54.432793
-0.63,10,54.465605
-0.47,11,54.503744
-0.46,11,54.538764
1.44,9,54.570793
-0.55,9,54.607228
-0.82,6,54.626902
-0.55,10,54.65832
-0.7,9,54.683494
-0.47,10,54.716205
-0.78,8,54.740917
1.52,10,54.767702
1.14,4,54.777859
-0.51,12,54.814708
-0.38,12,54.844505
-0.67,8,54.870862
-0.56,8,54.896204
-0.61,8,54.923784
-0.48,12,54.958946
1.14,4,54.970332
1.14,4,54.98198
-0.69,8,55.00771
-0.39,12,55.043541
-0.57,9,55.071859
-0.73,9,55.094508
1.14,4,55.1049
-0.77,7,55.127193
-0.83,7,55.148161
1.14,4,55.161262
-0.5,11,55.194914
-0.76,11,55.228235
1.14,4,55.239949
-0.76,6,55.259334
-0.41,12,55.295478
-0.53,11,55.328568
-0.3,11,55.363496
-0.81,5,55.379758
-0.66,7,55.403083
-0.66,7,55.426032
-0.66,10,55.45866
-0.37,12,55.49945
-0.64,11,55.529812
1.68,12,55.564456
1.51,13,55.60765
1.14,4,55.618059
1.14,4,55.629758
-0.71,7,55.647996
1.14,4,55.660255
1.14,4,55.672904
-0.38,13,55.709897
1.67,11,55.746874
1.57,10,55.776955
-0.49,13,55.814967
1.14,4,55.825939
1.54,11,55.861104
-0.43,11,55.895456
-0.57,10,55.925881
-0.46,9,55.956108
1.14,4,55.9693
-0.68,9,55.992206
-0.6,12,56.024557
-0.67,8,56.050296
-0.69,10,56.077451
-0.5,11,56.115
1.14,4,56.129663
1.53,10,56.159199
-0.39,10,56.189948
1.14,4,56.20378
-0.77,7,56.227055
-0.88,6,56.247558
-0.72,8,56.276841
-0.91,4,56.290761
-0.73,9,56.327515
-0.54,10,56.366442
1.35,8,56.394475
-0.46,11,56.425306
1.53,10,56.458916
-0.65,8,56.485279
-0.82,6,56.507672
-0.46,9,56.535724
1.14,4,56.549433
-0.65,8,56.577766
-0.57,9,56.605722
-0.71,9,56.703661
-0.62,9,56.734237
1.14,4,56.747909
1.14,4,56.760027
1.14,4,56.771807
-0.82,6,56.790479
1.14,4,56.802402
1.52,11,56.836879
1.54,9,56.860065
1.14,4,56.871888
-0.47,11,56.901839
-0.49,10,56.935222
1.14,4,56.947132
-0.88,6,56.969657
1.47,10,56.99684
-0.67,8,57.024223
-0.51,9,57.051648
-0.47,13,57.08973
1.54,9,57.116413
-0.46,12,57.145363
-0.68,9,57.176074
1.14,4,57.187795
-0.47,10,57.220614
1.14,4,57.233067
1.14,4,57.244787
1.14,4,57.257103
-0.48,11,57.290262
1.58,9,57.312509
1.14,4,57.323735
-0.49,13,57.366959
-0.62,8,57.391962
-0.76,6,57.410851
-0.59,8,57.438708
-0.66,7,57.461238
1.14,4,57.472609
-0.79,8,57.501117
1.14,4,57.51302
-0.73,9,57.537713
-0.63,10,57.566812
-0.77,7,57.587871
-0.6,11,57.622505
-0.78,8,57.650514
-0.54,12,57.685528
-0.52,11,57.720989
1.14,4,57.731751
-0.42,11,57.766226
-0.8,11,57.793143
1.14,4,57.805538
-0.53,10,57.837833
1.14,4,57.847587
-0.76,6,57.86463
-0.5,11,57.894889
1.14,4,57.90515
-0.46,9,57.935123
1.14,4,57.944699
-0.56,10,57.976699
-0.5,10,58.009755
-0.49,12,58.045256
-0.57,9,58.076708
-0.51,11,58.109661
1.14,4,58.12283
1.14,4,58.134784
-0.42,12,58.169313
1.14,4,58.177757
-0.26,14,58.221508
1.14,4,58.230061
-0.72,7,58.257567
1.14,4,58.269308
-0.62,9,58.300029
1.64,10,58.332925
-0.6,10,58.369288
-0.58,10,59.130706
-0.72,8,59.158122
1.14,4,59.169997
1.14,4,59.178661
1.14,4,59.188354
-0.78,8,59.208901
1.14,4,59.221254
1.14,4,59.232499
1.14,4,59.243217
1.14,4,59.254718
-0.76,6,59.27243
-0.67,8,59.29608
1.14,4,59.308513
1.14,4,59.321045
1.14,4,59.331064
-0.55,9,59.362274
-0.64,8,59.390442
-0.57,10,59.417529
-0.35,12,59.454368
1.14,4,59.467886
1.14,4,59.476985
-0.68,9,59.507818
-0.75,10,59.551602
-0.51,9,59.579495
-0.43,11,59.606893
-0.64,11,59.637678
-0.62,9,59.666274
-0.92,5,59.678801
-0.62,11,59.715944
1.14,4,59.72492
1.14,4,59.736264
-0.76,6,59.755999
-0.51,11,59.797261
1.14,4,59.810427
-0.23,15,59.922476
1.14,4,59.932448
-0.27,12,59.968201
-0.46,9,59.990567
1.14,4,60.00348
-0.82,6,60.025049
1.38,9,60.055716
-0.42,10,60.091065
1.14,4,60.104561
1.14,4,60.114499
1.19,5,60.128877
-0.82,6,60.145821
-0.34,11,60.182887
-0.69,10,60.212549
-0.46,12,60.245156
-0.56,8,60.270675
-0.5,10,60.302893
1.14,4,60.314444
1.14,4,60.32655
1.14,4,60.3393
1.53,10,60.372614
-0.6,12,60.408755
-0.78,8,60.433199
-0.52,10,60.468104
-0.53,10,60.501105
-0.21,13,60.542981
-0.44,10,60.57845
-0.79,9,60.606331
1.2,12,60.643394
-0.62,8,60.668986
1.14,4,60.678208
1.59,10,60.705127
1.14,4,60.717116
1.14,4,60.7286
-0.82,6,60.746788
-0.83,7,60.770143
-0.87,5,60.787281
-0.82,6,60.808885
1.14,4,60.820978
1.14,4,60.832376
1.19,5,60.843717
-0.74,7,60.860748
-0.91,4,60.874774
-0.75,10,60.905755
1.54,11,60.939718
-0.81,5,60.956244
-0.69,10,60.984277
-0.38,12,61.014616
-0.55,12,61.10458
-0.61,8,61.125811
1.14,4,61.136989
1.68,14,61.178892
-0.52,9,61.210203
1.14,4,61.223065
1.55,10,61.253454
1.14,4,61.266616
-0.53,11,61.30099
1.14,4,61.313436
-0.4,11,61.360017
-0.82,6,61.38154
1.14,4,61.395692
1.42,10,61.433203
-0.66,7,61.457144
-0.37,13,61.500695
1.14,4,61.512573
-0.69,7,61.539521
1.14,4,61.552549
1.56,11,61.586429
1.14,4,61.59646
-0.45,11,61.631499
-0.47,13,61.67093
1.14,4,61.679119
-0.68,9,61.70546
1.14,4,61.716744
1.14,4,61.728008
1.14,4,61.740116
1.14,4,61.751558
1.19,5,61.763648
-0.49,9,61.793766
-0.67,8,61.819591
-0.54,8,61.845102
1.14,4,61.856294
-0.74,10,61.877112
-0.83,7,61.89729
1.14,4,61.90774
1.14,4,61.919871
-0.66,7,61.939924
-0.66,11,61.973884
-0.36,11,62.004636
-0.62,12,62.036412
1.14,4,62.049101
-0.6,9,62.077448
1.14,4,62.089803
1.14,4,62.102177
1.14,4,62.113525
-0.71,7,62.131033
-0.65,11,62.162763
1.14,4,62.174336
-0.56,9,62.202169
-0.41,10,62.226023
-0.63,10,62.256958
-0.59,9,62.286299
1.14,4,62.298954
1.19,5,62.314568
-0.67,8,62.341242
-0.63,9,62.369177
1.29,6,62.387156
1.14,4,62.398677
1.14,4,62.406726
1.44,8,62.426443
1.14,4,62.436267
1.14,4,62.4487
1.6,11,62.475489
1.14,4,62.487261
1.14,4,62.499714
1.61,10,62.530672
1.14,4,62.542905
-0.58,10,62.573909
-0.51,10,62.599254
1.14,4,62.610419
-0.51,10,62.637014
-0.73,8,62.656201
1.14,4,62.675102
-0.52,11,62.710783
1.14,4,62.72091
1.62,13,62.756356
1.14,4,62.767665
-0.74,7,62.786262
1.29,6,62.804224
1.14,4,62.816634
-0.39,12,62.852502
-0.74,9,62.878861
1.37,9,62.904839
1.14,4,62.918682
-0.71,6,62.940924
1.53,10,62.974432
1.14,4,62.987037
1.14,4,62.999278
1.14,4,63.010827
1.14,4,63.022791
-0.71,7,63.041047
1.19,5,63.054383
1.14,4,63.066093
-0.73,9,63.094605
-0.79,9,63.119752
1.14,4,63.13158
-0.68,9,63.158395
-0.66,10,63.188663
1.53,9,63.212005
-0.77,7,63.231277
-0.59,12,63.265669
-0.58,10,63.290066
-0.56,8,63.310004
1.6,11,63.347358
-0.27,11,63.382578
-0.78,8,63.401088
-0.48,12,63.437924
1.14,4,63.450928
1.14,4,63.462754
-0.51,11,63.495991
1.14,4,63.504009
-0.77,7,63.525448
-0.73,8,63.551374
-0.52,10,63.57602
1.14,4,63.591777
-0.69,10,63.627553
-0.57,9,63.654254
-0.62,9,63.685055
-0.62,9,63.712763
1.14,4,63.724957
-0.77,7,63.746935
1.59,10,63.77916
1.14,4,63.790855
1.56,10,63.824333
1.14,4,63.834956
-0.81,5,63.851026
-0.65,8,63.875029
-0.46,9,63.90079
-0.35,12,63.935816
1.14,4,63.945578
-0.69,7,64.033556
-0.82,6,64.052314
-0.47,11,64.083974
-0.78,8,64.10334
-0.93,6,64.118615
-0.73,9,64.148815
-0.51,12,64.185465
-0.53,11,64.218448
-0.44,9,64.247299
-0.65,9,64.274432
1.14,4,64.28678
1.66,11,64.32191
1.14,4,64.332862
1.44,8,64.413465
1.44,11,64.45016
-0.54,12,64.489238
-0.4,11,64.520389
1.14,4,64.533983
1.33,8,64.554238
1.14,4,64.565855
-0.72,8,64.589904
-0.5,11,64.628675
1.14,4,64.638246
-0.57,10,64.671006
1.44,8,64.7168
-0.69,10,64.761298
-0.37,11,64.817527
-0.65,9,64.855468
-0.31,11,64.886734
-0.56,11,64.919231
-0.66,9,64.946144
-0.69,7,64.972146
-0.5,13,65.012398
-0.72,7,65.037625
1.32,9,65.062642
-0.6,9,65.089589
1.14,4,65.102329
-0.21,13,65.141244
1.14,4,65.152419
1.66,12,65.187921
-0.67,8,65.215119
-0.72,7,65.238112
1.14,4,65.25092
-0.64,10,65.285666
-0.96,9,65.31179
1.14,4,65.323527
1.52,11,65.361437
-0.56,8,65.383643
-0.61,11,65.415575
-0.58,10,65.445454
1.14,4,65.455717
1.51,9,65.485848
-0.73,8,65.513331
-0.47,11,65.544825
1.44,8,65.572135
1.14,4,65.585824
1.14,4,65.598429
-0.73,9,65.625697
1.68,10,66.49177
-0.73,9,66.534539
-0.66,7,66.570711
-0.69,8,66.605494
-0.77,7,66.635641
-0.58,10,66.666468
-0.6,9,66.698893
-0.81,5,66.718094
1.14,4,66.733491
-0.68,10,66.766538
1.14,4,66.780214
1.14,4,66.790599
1.14,4,66.802666
1.14,4,66.816593
-0.67,10,66.851358
-0.54,9,66.876437
1.14,4,66.887373
1.14,4,66.900046
1.14,4,66.913138
1.14,4,66.925092
-0.72,8,66.948164
1.14,4,66.959414
-0.79,9,66.982583
-0.59,8,67.011538
-0.68,9,67.040648
-0.69,10,67.073892
1.14,4,67.083369
-0.67,8,67.109903
-0.55,11,67.137587
1.37,10,67.170194
-0.55,10,67.203829
-0.63,10,67.240903
1.14,4,67.252515
1.14,4,67.327343
-0.71,7,67.377621
-0.7,12,67.41992
-0.73,9,67.453409
-0.49,9,67.483315
-0.62,9,67.51623
-0.42,10,67.550846
1.14,4,67.564494
-0.52,10,67.597268
1.14,4,67.612516
1.14,4,67.624725
-0.43,11,67.661959
1.14,4,67.674779
1.47,11,67.707288
-0.84,8,67.73279
-0.67,8,67.760824
-0.51,9,67.791722
1.14,4,67.801558
1.14,4,67.815318
1.14,4,67.827673
-0.42,13,67.869233
1.14,4,67.881642
1.14,4,67.894245
1.14,4,67.907007
-0.78,8,67.93173
1.14,4,67.942431
-0.72,8,67.965799
1.49,12,68.003888
1.14,4,68.01465
1.14,4,68.026867
1.14,4,68.036434
-0.73,9,68.062246
1.14,4,68.070945
-0.76,6,68.09264
1.14,4,68.102299
1.14,4,68.11347
-0.42,11,68.149796
1.14,4,68.161409
-0.75,7,68.181814
-0.37,11,68.211095
1.14,4,68.222757
-0.51,11,68.261106
1.14,4,68.273726
1.14,4,68.286104
1.14,4,68.299223
-0.73,8,68.325168
-0.68,9,68.40323
-0.56,8,68.436083
1.14,4,68.447191
-0.51,11,68.48585
1.14,4,68.49715
-0.45,12,68.530578
1.14,4,68.542346
-0.66,7,68.564915
-0.74,10,68.591787
-0.47,10,68.621595
1.41,12,68.657668
-0.5,10,68.685931
1.14,4,68.69733
1.14,4,68.709667
-0.39,15,68.752469
1.14,4,68.763164
-0.68,9,68.786999
1.14,4,68.798803
1.14,4,68.809331
-0.44,10,68.838614
-0.46,11,68.866242
-0.72,8,68.893133
1.14,4,68.902464
1.5,11,68.93622
1.14,4,68.948858
-0.62,9,68.977396
-0.52,9,69.006489
-0.67,8,69.03393
1.14,4,69.04635
-0.63,10,69.076873
-0.49,9,69.106184
1.14,4,69.119944
1.14,4,69.132851
-0.68,9,69.157659
-0.25,15,69.200854
1.29,6,69.218706
-0.61,8,69.248531
-0.53,13,69.292504
1.14,4,69.302986
1.48,10,69.339182
1.14,4,69.358009
1.54,9,69.397395
1.14,4,69.415081
1.66,10,69.449579
1.33,8,69.478364
1.4,10,69.512274
1.14,4,69.525112
-0.46,12,69.573643
-0.66,13,69.624712
-0.48,12,69.677095
1.14,4,69.691531
1.14,4,69.710763
-0.56,8,69.744986
1.14,4,69.761063
-0.44,10,69.885621
-0.44,10,69.930295
-0.65,12,69.981296
-0.37,12,70.034932
-0.65,8,70.067288
-0.66,7,70.097737
-0.42,10,70.195975
1.14,4,70.216093
1.14,4,70.227221
-0.58,10,70.259351
-0.76,6,70.277682
1.14,4,70.289612
-0.72,8,70.319005
-0.44,9,70.352578
1.48,8,70.381188
-0.66,7,70.408521
1.14,4,70.420922
-0.73,8,70.447093
1.14,4,70.460081
-0.42,11,70.492936
-0.37,11,70.531104
1.14,4,70.543783
1.14,4,70.55678
1.14,4,70.568944
-0.44,10,70.601448
-0.3,13,70.643878
1.14,4,70.653005
-0.45,10,70.688885
-0.67,8,70.714692
1.19,5,70.730928
1.14,4,70.744945
-0.55,9,70.778942
-0.76,6,70.800515
-0.67,8,70.831759
-0.53,13,70.875601
1.14,4,70.883857
-0.76,6,70.906116
1.14,4,70.917864
1.14,4,70.930904
1.14,4,70.944674
1.14,4,70.957115
-0.81,5,70.974622
-0.5,10,71.008055
-0.34,12,71.048201
-0.47,10,71.080707
1.14,4,71.093932
1.14,4,71.108089
-0.47,11,71.14423
-0.77,7,71.16551
1.14,4,71.178907
1.47,11,71.217129
-0.45,11,71.257465
-0.57,9,71.280202
-0.87,5,71.297776
-0.65,12,71.327742
1.14,4,71.340706
1.14,4,71.352562
1.14,4,71.363651
-0.66,7,71.388418
-0.36,16,71.466827
-0.66,10,71.507182
1.14,4,71.524889
1.14,4,71.541831
1.14,4,71.558161
1.53,10,71.600272
-0.48,11,71.641502
1.43,11,71.682641
-0.69,10,71.723069
1.64,10,71.812259
-0.37,10,71.860354
-0.82,6,71.883692
-0.6,10,71.925357
1.19,5,71.950498
-0.52,10,71.996378
-0.67,9,72.04083
-0.43,12,72.098219
1.14,4,72.115044
1.54,9,72.149857
-0.69,10,72.193339
1.68,12,72.240295
-0.66,7,72.268836
1.48,10,72.306795
1.14,4,72.324847
1.14,4,72.341782
-0.43,11,72.385046
-0.66,8,72.4244
1.19,5,72.44584
-0.46,11,72.504645
-0.54,12,72.557407
1.72,12,72.603064
1.14,4,72.621127
-0.83,7,72.649258
-0.79,9,72.678665
-0.4,11,72.721564
1.14,4,72.734255
-0.61,10,72.772124
-0.68,9,72.796399
-0.53,11,72.829964
1.14,4,72.841363
-0.52,9,72.875999
1.14,4,72.890291
-0.58,9,72.920248
-0.58,10,72.951947
1.64,10,72.990918
-0.76,6,73.011595
-0.58,11,73.056538
-0.46,10,73.101637
1.14,4,73.116178
-0.77,7,73.146296
1.14,4,73.160933
-0.68,9,73.20013
1.26,7,73.230738
1.14,4,73.246444
-0.57,9,73.274872
1.14,4,73.288586
-0.4,12,73.330539
1.14,4,73.344677
-0.62,9,73.385285
-0.57,10,73.426601
1.14,4,73.439866
-0.63,10,73.480517
1.14,4,73.497505
-0.22,11,73.537132
-0.49,9,73.570045
1.14,4,73.585219
-0.62,9,73.621768
-0.87,6,73.649919
-0.52,10,73.693857
-0.55,9,73.735298
-0.52,10,73.77295
-0.48,11,73.818825
1.14,4,73.83726
-0.58,10,73.892446
1.14,4,73.911617
-0.88,7,73.949996
1.14,4,73.97092
1.14,4,73.992055
-0.67,8,74.030477
1.14,4,74.044499
-0.56,12,74.090053
1.14,4,74.10511
-0.64,7,74.139047
-0.8,12,75.261779
-0.42,13,75.307829
-0.74,9,75.330719
-0.6,9,75.357463
-0.66,7,75.382342
1.14,4,75.393419
-0.63,13,75.430554
-0.79,9,75.460988
1.14,4,75.47477
1.14,4,75.487947
-0.49,9,75.513753
-0.36,11,75.555712
1.14,4,75.570023
-0.66,7,75.592078
1.14,4,75.604091
1.53,11,75.638569
-0.92,5,75.657449
1.14,4,75.671016
1.19,5,75.686171
-0.58,11,75.720172
-0.58,10,75.756336
-0.44,13,75.796894
-0.66,10,75.832887
-0.53,13,75.873827
-0.77,7,75.896812
-0.5,10,75.931065
-0.66,7,75.957603
-0.38,13,76.004843
1.19,5,76.021739
-0.68,9,76.052861
1.14,4,76.062405
1.14,4,76.074906
1.14,4,76.086668
-0.55,9,76.117339
-0.67,10,76.147739
-0.54,12,76.187716
1.14,4,76.200519
-0.36,13,76.243253
1.44,11,76.278814
-0.61,11,76.317056
1.14,4,76.329062
1.14,4,76.341975
1.14,4,76.356369
1.14,4,76.370622
-0.84,8,76.404001
-0.54,9,76.435829
1.19,5,76.452911
-0.64,8,76.485109
1.14,4,76.503209
1.19,5,76.520896
1.14,4,76.534717
1.32,9,76.566384
1.14,4,76.647609
-0.57,9,76.685887
1.14,4,76.70303
1.44,8,76.740563
1.34,7,76.770656
1.14,4,76.786608
-0.64,7,76.81263
1.14,4,76.830025
-0.66,7,76.86223
-0.61,11,76.907131
1.14,4,76.92258
1.14,4,76.939801
1.44,8,76.976028
-0.72,8,77.006963
-0.37,11,77.043791
-0.69,10,77.078409
1.54,11,77.114975
1.14,4,77.127779
1.14,4,77.14109
-0.5,10,77.175969
-0.66,7,77.198226
1.53,11,77.231149
1.14,4,77.242418
1.14,4,77.25442
-0.49,9,77.279453
1.63,11,77.314076
-0.07,15,77.357244
1.14,4,77.367794
1.14,4,77.379338
1.56,10,77.41225
-0.66,7,77.441154
1.14,4,77.454312
-0.56,8,77.4786
-0.56,11,77.517364
-0.78,8,77.54371
1.14,4,77.559003
-0.84,8,77.595628
-0.67,8,77.625598
-0.54,12,77.672039
1.14,4,77.685704
1.14,4,77.699206
1.14,4,77.709863
1.5,10,77.741274
-0.67,8,77.771422
1.14,4,77.783837
1.51,12,77.815297
-0.11,14,77.859689
-0.67,9,77.887392
1.14,4,77.900986
-0.82,6,77.921546
1.29,6,77.940576
1.14,4,77.952142
-0.91,4,77.964346
1.19,5,77.977147
1.14,4,77.990053
1.14,4,78.003119
1.14,4,78.01514
-0.66,7,78.038382
1.14,4,78.050687
-0.66,7,78.072618
1.14,4,78.084802
1.14,4,78.096599
-0.87,6,78.110654
-0.62,9,78.134832
-0.59,8,78.161391
-0.82,9,78.187716
1.44,8,78.211435
1.14,4,78.223491
-0.53,10,78.252307
-0.76,6,78.271354
-0.69,10,78.305042
-0.68,9,78.335324
1.14,4,78.34473
-0.66,7,78.367436
-0.42,13,78.406178
-0.54,9,78.43347
1.14,4,78.445616
1.14,4,78.457468
-0.34,11,78.493448
1.14,4,78.503191
-0.77,9,78.533299
-0.51,10,78.566578
-0.5,11,78.598052
-0.62,9,78.6265
-0.62,8,78.651016
-0.72,7,78.671148
-0.67,8,78.691145
1.14,4,78.701789
1.48,10,78.728245
1.14,4,78.737927
-0.3,13,78.768711
1.14,4,78.776958
-0.46,9,78.802074
1.14,4,78.813104
-0.61,8,78.837507
-0.51,10,78.861097
1.14,4,78.872538
1.14,4,78.883958
1.14,4,78.895396
1.53,10,78.921467
1.14,4,78.93315
-0.49,9,78.961028
1.14,4,78.972929
1.14,4,78.98448
-0.72,8,79.009768
1.28,7,79.030237
-0.49,16,79.072576
1.14,4,79.084212
1.14,4,79.095594
-0.52,10,79.12127
-0.75,7,79.144704
-0.79,9,79.171404
-0.54,12,79.207534
1.14,4,79.219505
-0.44,13,79.254609
-0.72,11,79.288964
1.5,10,79.322768
-0.45,11,79.357211
1.3,11,79.391088
-0.47,10,79.422305
1.56,12,79.452138
-0.46,11,79.486889
-0.62,9,79.514566
-0.76,6,79.533951
1.55,10,79.565232
-0.57,9,79.589134
-0.53,13,79.627082
-0.85,9,79.650296
1.14,4,79.65822
1.14,4,79.670028
-0.74,7,79.693226
1.29,6,79.710728
1.14,4,79.722895
1.14,4,79.733987
-0.7,11,79.766351
1.14,4,79.777413
-0.7,11,79.81004
-0.5,10,79.839259
-0.45,11,79.873653
1.14,4,79.88566
1.14,4,79.937445
-0.69,10,79.990345
1.14,4,80.000571
1.14,4,80.013749
-0.72,7,80.035243
-0.84,8,80.057425
-0.79,6,80.078179
1.14,4,80.090657
1.14,4,80.102248
-0.67,8,80.126843
-0.83,7,80.149937
-0.73,8,80.171573
1.34,9,80.198023
-0.66,7,80.221335
1.14,4,80.233506
1.14,4,80.245907
-0.85,9,80.270244
1.14,4,80.282565
-0.56,9,80.311829
1.14,4,80.324042
-0.59,8,80.347605
-0.32,12,80.388578
-0.65,12,80.422798
-0.73,9,80.448242
1.14,4,80.458106
-0.39,11,80.49197
1.14,4,80.503768
-0.53,11,80.535661
-0.66,8,80.563021
-0.52,12,80.601374
1.14,4,80.613135
1.55,10,80.64408
-0.48,11,80.67687
-0.84,8,80.701597
1.14,4,80.711912
1.14,4,80.723396
1.14,4,80.734917
1.66,11,80.768186
-0.59,8,80.790882
1.66,10,80.824069
1.14,4,80.836729
1.14,4,80.849944
1.14,4,80.861111
-0.41,13,80.899839
-0.88,6,80.922208
-0.42,11,80.955534
-0.26,14,81.06341
-0.72,7,81.0835
-0.4,11,81.119277
1.14,4,81.131942
1.14,4,81.144728
-0.66,7,81.17003
-0.59,11,81.201044
1.14,4,81.210146
1.14,4,81.220268
-0.78,8,81.249213
1.14,4,81.262265
1.14,4,81.274766
-0.72,7,81.300552
1.14,4,81.312367
-0.56,8,81.335517
1.14,4,81.347631
-0.62,11,81.383677
-0.73,8,81.408057
1.14,4,81.418979
1.14,4,81.431449
1.14,4,81.441309
1.14,4,81.451658
1.14,4,81.464725
-0.55,9,81.495001
-0.51,9,81.519642
-0.42,11,81.550239
-0.66,7,81.575114
1.14,4,81.58754
-0.61,8,81.609449
1.78,11,81.640912
1.14,4,81.651388
1.14,4,81.663146
-0.58,13,81.701266
-0.58,10,81.733701
-0.46,9,81.761027
1.14,4,81.772624
-0.58,11,81.802147
1.14,4,81.811992
-0.67,10,81.836256
1.14,4,81.847071
1.14,4,81.858558
-0.78,8,82.519337
-0.61,8,82.542593
1.14,4,82.554899
-0.94,7,82.574443
1.14,4,82.586227
1.53,10,82.617558
1.36,8,82.640687
1.48,10,82.667574
-0.36,13,82.703138
-0.67,8,82.727337
-0.47,11,82.757495
1.54,9,82.779575
-0.29,14,82.818923
-0.68,9,82.849592
1.14,4,82.861467
1.14,4,82.871851
-0.47,11,82.908166
1.2,10,82.939257
1.14,4,82.951437
-0.67,11,82.979324
1.58,10,83.00445
-0.57,11,83.041833
-0.61,10,83.072149
-0.69,10,83.102278
-0.52,10,83.136402
1.59,10,83.165733
-0.78,8,83.18897
-0.41,10,83.216761
-0.73,8,83.239887
-0.68,11,83.269604
1.14,4,83.280492
-0.73,9,83.309601
1.14,4,83.321131
1.14,4,83.33182
1.29,6,83.351172
1.14,4,83.362994
1.14,4,83.372825
1.14,4,83.381475
1.14,4,83.389661
-0.56,8,83.409679
-0.48,11,83.439837
1.14,4,83.452016
-0.54,11,83.485937
-0.6,12,83.523512
-0.72,10,83.551201
1.14,4,83.561946
-0.51,9,83.584382
-0.63,10,83.617172
1.14,4,83.627967
1.14,4,83.639756
-0.49,10,83.677051
1.14,4,83.688038
-0.42,11,83.722682
1.14,4,83.734874
1.14,4,83.747943
1.14,4,83.757921
-0.74,10,83.784368
-0.3,12,83.823078
-0.47,11,83.911397
1.49,9,83.937257
1.19,5,83.952631
-0.63,9,83.981421
-0.67,8,84.006087
-0.72,7,84.028573
1.86,15,84.071227
-0.63,9,84.099827
1.45,9,84.130129
1.14,4,84.138398
-0.71,7,84.156299
1.14,4,84.168215
-0.66,7,84.189429
1.14,4,84.201037
-0.51,12,84.236409
-0.59,8,84.261794
-0.73,8,84.28859
-0.6,9,84.315659
1.14,4,84.328242
1.14,4,84.339294
1.14,4,84.351114
-0.49,10,84.382571
1.14,4,84.391745
-0.63,10,84.419747
1.14,4,84.432615
1.14,4,84.443989
1.14,4,84.45483
1.14,4,84.467191
-0.76,6,84.486821
-0.72,8,84.50894
-0.56,8,84.529508
-0.62,9,84.55615
-0.5,10,84.583377
-0.54,12,84.6201
-0.73,8,84.639193
-0.76,6,84.653093
1.14,4,84.664417
1.14,4,84.672816
1.14,4,84.685895
1.14,4,84.699883
-0.27,11,84.735405
-0.68,9,84.760127
1.14,4,84.771184
1.14,4,84.782812
-0.64,11,84.811964
-0.68,9,84.838915
-0.53,11,84.87541
1.14,4,84.884314
1.14,4,84.894874
1.14,4,84.90606
-0.63,10,84.933032
-0.32,11,84.966503
1.19,5,84.980159
1.14,4,84.992564
-0.95,8,85.012701
1.53,10,85.042613
1.14,4,85.054355
-0.44,9,85.081804
1.34,7,85.097802
1.14,4,85.106231
1.14,4,85.118752
-0.37,11,85.153286
-0.04,15,85.188647
1.14,4,85.200084
1.14,4,85.211892
1.14,4,85.222823
1.14,4,85.232198
-0.72,10,85.261848
1.63,10,85.290615
-0.49,11,85.320594
1.4,8,85.342168
1.58,11,85.370277
1.14,4,85.383079
1.14,4,85.395644
-0.66,7,85.419517
1.14,4,85.432511
-0.78,8,85.455183
1.93,13,85.489877
1.14,4,85.499798
1.14,4,85.510294
1.14,4,85.521222
-0.42,10,85.551451
-0.56,10,85.583997
-0.43,13,85.622226
1.52,11,85.654545
1.14,4,85.664251
-0.58,10,85.692203
-0.84,8,85.716027
1.14,4,85.728597
-0.82,6,85.746626
1.53,9,85.77564
-0.45,11,85.814499
1.14,4,85.825696
-0.39,11,85.854894
1.19,5,85.868013
1.14,4,85.879299
1.14,4,85.892116
-0.51,9,85.91851
-0.58,9,85.944151
-0.69,11,85.977504
-0.64,7,85.996186
1.14,4,86.008915
-0.76,11,86.044436
-0.72,8,86.06748
-0.66,7,86.086848
1.14,4,86.097171
-0.7,11,86.133492
1.58,10,86.16691
-0.45,11,86.197759
-0.57,9,86.224678
-0.66,7,86.242723
-0.46,10,86.276955
-0.29,13,86.316638
1.43,9,86.34491
1.38,9,86.374042
-0.49,10,86.404095
-0.53,15,86.449072
1.14,4,86.459046
1.14,4,86.46947
-0.75,11,86.499987
1.59,10,86.531749
1.44,8,86.55226
-0.42,11,86.583266
-0.5,12,86.619473
-0.54,9,86.649833
-0.71,9,86.678338
1.19,5,86.690832
-0.53,11,86.725083
1.14,4,86.736914
1.14,4,86.747098
-0.67,11,86.780622
1.45,13,86.811626
-0.55,10,86.846965
-0.62,9,86.875476
-0.87,5,86.892098
-0.8,10,86.919539
1.51,11,86.949683
-0.69,7,86.971861
1.57,12,87.007483
-0.86,5,87.025546
-0.71,6,87.045615
-0.7,10,87.075058
1.55,10,87.156518
-0.81,6,87.172311
-0.39,11,87.203219
-0.44,10,87.231683
1.14,4,87.243866
1.14,4,87.256711
1.14,4,87.267915
-0.63,10,87.298818
-0.26,12,87.33036
-0.41,12,87.368128
-0.5,11,87.403289
1.14,4,87.413473
1.14,4,87.425931
-0.78,8,87.448917
-0.76,6,87.468372
-0.52,10,87.49846
-0.57,9,87.524208
-0.66,7,87.547814
-0.64,7,87.567111
1.53,10,87.591745
1.14,4,87.600213
-0.22,13,87.641039
-0.65,9,87.668784
1.14,4,87.678943
-0.82,6,87.69971
1.55,10,87.733991
1.14,4,87.745767
1.14,4,87.757716
1.14,4,87.768521
1.14,4,87.780378
-0.62,9,87.809882
-0.5,11,87.840813
-0.41,10,87.870189
1.14,4,87.882566
1.14,4,87.893435
-0.54,12,87.932411
-0.6,9,87.960724
-0.62,8,87.987999
1.33,8,88.011702
1.14,4,88.02434
1.14,4,88.035712
1.14,4,88.047551
1.14,4,88.059273
-0.37,10,88.094272
-0.64,7,88.116113
-0.66,9,88.142331
1.14,4,88.150697
-0.73,8,88.177819
-0.5,10,88.209309
-0.71,9,88.239283
-0.66,7,88.26175
-0.49,12,88.299749
-0.83,7,88.324251
-0.29,11,88.351718
1.14,4,88.363363
1.14,4,88.375172
-0.71,10,88.408222
1.43,9,88.432841
-0.66,7,88.457826
-0.82,6,88.476544
-0.49,10,88.51036
1.14,4,88.519881
1.19,5,88.532764
1.14,4,88.545335
1.14,4,88.556474
1.66,13,88.585614
1.14,4,88.598269
1.14,4,88.610618
1.14,4,88.620863
-0.49,9,88.64466
1.14,4,89.313739
1.14,4,89.324189
1.14,4,89.334754
-0.76,6,89.35395
1.14,4,89.366276
-0.61,8,89.3899
-0.34,10,89.415815
-0.72,8,89.440895
-0.57,8,89.465647
1.29,6,89.483781
-0.69,10,89.515209
1.14,4,89.527163
1.14,4,89.539858
-0.62,9,89.563987
-0.57,9,89.593367
-0.66,7,89.615747
-0.59,8,89.642638
-0.58,10,89.667495
1.14,4,89.679041
1.14,4,89.690976
-0.62,9,89.717464
1.14,4,89.727725
-0.42,11,89.763503
-0.77,7,89.786498
-0.66,7,89.80277
-0.45,10,89.832546
1.14,4,89.842758
-0.57,9,89.872983
-0.45,11,89.900268
1.14,4,89.911859
-0.62,11,89.94656
-0.61,10,89.977022
1.29,6,89.996095
1.14,4,90.008311
1.14,4,90.019418
-0.53,14,90.060491
1.14,4,90.070554
-0.55,10,90.092663
1.14,4,90.103746
1.14,4,90.113684
-0.54,8,90.136105
-0.62,9,90.163515
-0.7,9,90.192936
-0.59,9,90.22324
1.14,4,90.235657
-0.62,9,90.265208
-0.54,9,90.294067
-0.73,11,90.325169
1.69,11,90.358172
1.14,4,90.36977
1.33,8,90.39231
1.14,4,90.403469
1.14,4,90.4152
-0.57,10,90.44719
1.14,4,90.45773
-0.5,14,90.499635
1.49,10,90.524024
-0.53,11,90.55792
-0.62,11,90.58576
-0.53,10,90.616898
-0.66,10,90.643915
-0.83,7,90.665585
1.59,10,90.697953
1.53,11,90.729405
1.14,4,90.740458
-0.33,13,90.772862
-0.82,6,90.789235
1.13,5,90.800294
1.19,5,90.863538
-0.61,8,90.892276
-0.66,7,90.914603
-0.55,9,90.944042
-0.66,7,90.96605
-0.57,9,90.995898
1.14,4,91.008287
-0.94,7,91.02793
1.14,4,91.03914
-0.71,12,91.074959
-0.66,7,91.096192
-0.45,10,91.127991
-0.61,8,91.152044
1.14,4,91.16319
-0.46,10,91.193707
-0.33,13,91.231252
-0.63,9,91.258487
1.14,4,91.269427
-0.42,11,91.30171
-0.66,8,91.328785
1.14,4,91.341234
1.14,4,91.352566
-0.92,5,91.369142
-0.47,10,91.401889
1.14,4,91.411711
-0.57,9,91.434938
1.14,4,91.443844
-0.41,10,91.474717
1.14,4,91.484385
-0.69,10,91.514978
-0.49,11,91.550254
1.14,4,91.56216
1.52,9,91.5873
1.29,7,91.605312
1.67,13,91.637084
1.29,6,91.65088
-0.87,11,91.682601
1.52,11,91.7118
1.14,4,91.723375
-0.44,10,91.750478
1.14,4,91.759823
-0.72,8,91.7809
-0.62,9,91.809533
-0.44,9,91.836032
1.14,4,91.846937
1.14,4,91.859759
-0.71,9,91.885021
-0.39,12,91.911284
-0.72,8,91.937904
-0.71,7,91.956887
1.14,4,91.967501
-0.56,9,91.995175
-0.64,7,92.013371
1.14,4,92.025607
-0.68,10,92.050491
-0.43,11,92.082909
-0.56,11,92.117418
1.61,11,92.144926
-0.5,11,92.179806
1.14,4,92.192361
-0.36,10,92.227044
-0.69,10,92.252593
-0.55,12,92.28419
1.14,4,92.293448
-0.83,7,92.316634
-0.45,10,92.339533
-0.57,9,92.368019
1.37,10,92.397938
-0.52,11,92.429719
1.14,4,92.44249
-0.53,11,92.478833
1.14,4,92.489093
1.66,10,92.515217
1.14,4,92.524209
1.14,4,92.533959
-0.66,7,92.555445
1.14,4,92.565462
-0.7,8,92.590792
1.14,4,92.60335
-0.73,9,92.628073
1.53,10,92.655044
1.7,12,92.690343
-0.65,10,92.715741
-0.45,11,92.752523
1.57,12,92.789618
1.53,10,92.819663
-0.8,10,92.844632
1.14,4,92.856233
-0.64,7,92.873995
-0.75,10,92.905538
1.14,4,92.917829
-0.64,8,92.941987
-0.78,8,92.964791
-0.52,10,92.994262
1.14,4,93.005977
1.14,4,93.016567
-0.71,9,93.042104
-0.67,8,93.063461
1.14,4,93.073262
1.54,9,93.097111
1.39,8,93.118041
-0.59,9,93.146439
1.14,4,93.15867
-0.5,11,93.189866
-0.83,8,93.216186
-0.53,15,93.262771
-0.55,10,93.290172
1.14,4,93.300997
1.14,4,93.310616
-0.71,9,93.334234
1.14,4,93.343467
1.14,4,93.35566
-0.66,9,93.378111
1.54,12,93.415531
-0.53,11,93.447233
1.14,4,93.459264
-0.46,10,93.488994
-0.58,13,93.521413
-0.81,7,93.541802
1.79,12,93.571383
-0.67,9,93.595988
-0.42,11,93.629056
-0.62,12,93.664574
-0.8,10,93.69368
-0.56,11,93.726531
1.8,13,93.76129
1.14,4,93.772076
-0.65,8,93.794748
1.14,4,93.806786
-0.61,10,93.837424
1.14,4,93.848494
-0.46,11,93.88209
-0.64,7,93.900068
-0.65,9,93.92798
1.53,10,93.953923
-0.77,7,93.97488
1.53,10,94.002364
1.56,10,94.031651
-0.6,9,94.062143
-0.72,8,94.09122
1.14,4,94.102628
1.14,4,94.113248
1.14,4,94.124694
1.14,4,94.135039
-0.42,11,94.168171
1.14,4,94.179226
1.36,11,94.207315
-0.64,10,94.238426
-0.26,15,94.316328
1.14,4,94.338005
1.14,4,94.351495
-0.46,9,94.377287
-0.51,9,94.403801
1.53,10,94.43512
1.14,4,94.446143
-0.66,7,94.469369
-0.37,14,94.511341
-0.59,11,94.543374
1.77,12,94.581523
1.19,5,94.59668
1.55,10,94.619927
1.14,4,94.628451
-0.52,9,94.652464
-0.72,7,94.676526
1.14,4,94.687751
-0.41,13,94.724105
1.14,4,94.736226
1.14,4,94.748206
1.55,11,94.778362
-0.68,9,94.807223
-0.67,8,94.826334
1.19,5,94.839597
1.14,4,94.851497
-0.71,9,94.881028
1.68,12,94.911166
1.14,4,94.922929
1.14,4,94.934923
-0.51,9,94.964319
-0.55,9,94.988626
-0.54,8,95.014738
-0.83,7,95.035446
-0.66,10,95.067791
-0.51,9,95.09332
1.48,10,95.122298
1.14,4,95.13402
-0.58,10,95.160882
-0.42,15,95.207063
-0.66,7,95.227771
1.38,8,95.253606
-0.6,9,95.275304
-0.31,13,95.30705
1.14,4,95.318134
-0.55,9,96.036083
1.14,4,96.04468
-0.77,7,96.062993
1.14,4,96.075472
-0.72,10,96.104549
1.14,4,96.116698
-0.5,11,96.152556
-0.56,8,96.176297
1.5,10,96.208104
1.14,4,96.219789
-0.25,12,96.251702
1.46,8,96.273064
-0.65,12,96.310406
-0.91,9,96.333804
-0.53,10,96.365903
1.14,4,96.37782
1.47,11,96.410645
1.53,10,96.442118
1.56,9,96.469564
-0.68,9,96.497537
-0.36,11,96.534189
-0.26,14,96.573034
1.42,11,96.604922
-0.8,6,96.623509
-0.55,10,96.654139
1.14,4,96.66625
1.44,12,96.699853
1.54,12,96.731697
-0.6,10,96.755472
-0.81,5,96.770417
1.14,4,96.782545
1.14,4,96.794085
-0.72,8,96.818419
1.14,4,96.830853
1.14,4,96.842639
1.14,4,96.854676
-0.76,6,96.871032
1.14,4,96.881285
-0.3,14,96.914356
1.14,4,96.922898
-0.31,11,96.961351
1.14,4,96.971544
1.14,4,96.982596
-0.67,8,97.006586
-0.5,11,97.041696
-0.29,11,97.077149
1.48,10,97.108208
1.64,10,97.1412
1.14,4,97.151593
-0.94,7,97.171076
1.38,9,97.197881
1.14,4,97.206367
1.14,4,97.217149
1.14,4,97.228287
1.14,4,97.239584
1.14,4,97.252136
1.14,4,97.263966
1.14,4,97.275258
-0.31,12,97.311029
-0.88,7,97.32891
1.14,4,97.336697
-0.61,10,97.363925
1.19,5,97.384418
1.14,4,97.405752
-0.82,6,97.441455
1.8,15,97.519188
1.14,4,97.541674
1.14,4,97.560082
1.14,4,97.575013
-0.75,8,97.610604
1.54,9,97.637423
-0.37,11,97.668161
-0.7,9,97.695843
-0.58,10,97.724854
1.14,4,97.735477
1.14,4,97.745427
-0.68,11,97.772744
-0.71,7,97.799381
-0.61,10,97.831865
-0.56,8,97.85445
-0.39,13,97.893443
1.14,4,97.905772
1.14,4,97.919072
-0.51,9,97.950863
-0.45,11,97.984885
1.14,4,97.993053
-0.76,6,98.013567
-0.52,11,98.043697
-0.87,6,98.063524
-0.55,13,98.102691
1.14,4,98.115978
1.14,4,98.128544
1.55,10,98.158615
1.14,4,98.171724
1.14,4,98.184151
1.14,4,98.196768
-0.65,8,98.220931
1.14,4,98.233339
-0.81,8,98.27003
1.14,4,98.284201
1.14,4,98.295267
1.14,4,98.305437
-0.71,12,98.339606
-0.77,13,98.36992
1.14,4,98.382075
-0.67,8,98.406267
1.39,8,98.431708
1.14,4,98.443491
-0.84,8,98.463498
1.14,4,98.474123
-0.73,8,98.497441
-0.77,7,98.516528
-0.91,4,98.527041
1.14,4,98.538865
1.14,4,98.550181
1.14,4,98.561253
1.46,8,98.5862
1.14,4,98.598814
1.14,4,98.610798
1.14,4,98.622421
1.14,4,98.634367
-0.37,11,98.670197
-0.68,10,98.707507
-0.32,11,98.773009
1.62,11,98.803231
1.14,4,98.813814
-0.67,8,98.835159
-0.52,10,98.861222
1.14,4,98.871893
1.14,4,98.884075
-0.67,8,98.904604
-0.66,7,98.924008
1.14,4,98.936339
1.14,4,98.947662
1.14,4,98.958233
1.14,4,98.970856
1.14,4,98.983763
-0.49,13,99.02096
1.14,4,99.032206
1.14,4,99.043764
1.14,4,99.055222
1.14,4,99.066945
-0.62,9,99.094849
1.14,4,99.106397
1.14,4,99.118361
-0.78,8,99.145237
1.32,11,99.177493
-0.66,10,99.206092
1.14,4,99.216017
-0.41,13,99.252388
-0.59,8,99.275667
-0.35,15,99.321925
-0.33,13,99.356699
-0.7,13,99.392601
-0.35,12,99.423885
-0.49,13,99.461859
1.14,4,99.472468
1.14,4,99.484187
-0.69,10,99.511789
-0.88,7,99.532228
-0.65,14,99.574157
-0.67,8,99.601284
-0.83,7,99.62575
1.14,4,99.635675
1.14,4,99.647026
-0.65,8,99.670352
1.14,4,99.682436
-0.64,11,99.715181
1.14,4,99.725879
-0.57,10,99.758028
-0.56,10,99.78956
1.14,4,99.803176
-0.55,9,99.831315
-0.59,8,99.851222
-0.51,9,99.881539
-0.44,10,99.915713
1.14,4,99.927535
1.14,4,99.937246
1.14,4,99.949541
1.14,4,99.960447
1.14,4,99.972593
-0.63,11,100.005375
1.14,4,100.016634
-0.5,11,100.051478
-0.56,11,100.084291
1.14,4,100.096608
-0.82,6,100.113399
1.73,13,100.147918
1.55,11,100.18062
-0.46,13,100.216608
1.14,4,100.227626
-0.62,8,100.254482
-0.66,7,100.272995
1.14,4,100.285287
-0.57,9,100.312978
1.14,4,100.320872
1.14,4,100.332701
1.47,9,100.355423
1.19,5,100.369717
-0.81,8,100.394443
-0.66,7,100.412268
-0.19,13,100.453225
1.14,4,100.464487
-0.47,10,100.498137
-0.67,11,100.525178
1.19,5,100.537467
-0.44,13,100.576349
-0.5,13,100.613494
-0.61,11,100.645463
1.14,4,100.656914
-0.69,10,100.689873
-0.49,9,100.719577
1.14,4,100.730925
-0.28,12,100.767512
1.14,4,100.77917
-0.81,8,100.80135
1.14,4,100.812085
1.14,4,100.821896
-0.54,9,100.849221
1.14,4,100.858155
-0.39,14,100.896564
1.56,9,100.921683
-0.62,9,100.950711
1.14,4,100.960935
1.14,4,100.970177
-0.42,11,101.001395
-0.58,10,101.032135
1.14,4,101.044311
-0.66,7,101.067498
-0.64,7,101.087645
-0.69,10,101.11635
-0.6,12,101.150109
1.14,4,101.162021
-0.72,7,101.184335
-0.57,10,101.21831
1.14,4,101.229242
1.14,4,101.240723
-0.24,14,101.27798
1.14,4,101.289524
1.14,4,101.299825
1.14,4,101.311788
1.14,4,101.3227
1.14,4,101.33455
-0.61,8,101.355809
1.14,4,101.367613
1.14,4,101.379916
-0.83,7,101.401147
1.14,4,101.413342
-0.67,8,101.438795
1.14,4,101.451101
-0.55,11,101.48119
-0.45,12,101.517315
1.14,4,101.530713
1.37,10,101.559548
1.14,4,101.568328
-0.7,9,101.599542
1.4,9,101.623227
1.14,4,101.635457
-0.82,6,101.656527
-0.53,11,101.692439
1.14,4,101.702582
1.14,4,101.713495
-0.65,8,101.736504
1.14,4,101.746982
-0.48,12,101.78831
1.64,10,101.822167
-0.7,8,101.846205
1.14,4,101.85797
1.14,4,101.867915
-0.62,9,101.938621
-0.49,10,101.974066
-0.55,9,102.001989
1.14,4,102.014245
-0.72,7,102.036751
1.14,4,102.04916
1.14,4,102.059705
1.57,10,102.088418
-0.56,11,102.122145
-0.67,8,102.146342
-0.62,9,102.175746
-0.61,8,102.199672
-0.53,10,102.231891
-0.68,9,102.936642
1.14,4,102.946861
-0.57,9,102.976809
1.14,4,102.986834
-0.61,8,103.012056
1.14,4,103.023668
1.14,4,103.036091
-0.61,8,103.060874
1.61,10,103.093724
1.61,12,103.127502
-0.63,10,103.152695
-0.51,9,103.1809
1.14,4,103.193152
1.14,4,103.204567
-0.6,9,103.234558
1.14,4,103.248395
-0.68,9,103.281078
-0.32,12,103.315175
-0.77,7,103.336627
1.14,4,103.349056
1.38,9,103.369331
1.14,4,103.380444
-0.25,14,103.415573
1.14,4,103.427438
-0.72,7,103.448738
1.52,11,103.482858
-0.62,11,103.511642
1.55,13,103.549748
-0.56,8,103.571113
1.14,4,103.581439
1.14,4,103.593237
-0.62,9,103.622352
-0.76,6,103.640977
1.37,10,103.671674
-0.31,13,103.708105
1.14,4,103.718668
1.14,4,103.730363
1.5,10,103.758754
1.14,4,103.770034
-0.79,9,103.800563
-0.77,7,103.818512
-0.73,8,103.841707
-0.72,8,103.867107
1.69,11,103.897942
-0.62,11,103.93209
1.54,11,103.961416
1.14,4,103.972985
1.14,4,103.982985
1.14,4,103.994263
-0.55,9,104.018547
-0.59,12,104.050673
-0.22,11,104.081869
1.75,12,104.115056
-0.4,12,104.14913
-0.46,9,104.175741
1.14,4,104.184443
1.66,10,104.21477
-0.53,11,104.248886
-0.77,7,104.271878
-0.76,6,104.287353
-0.61,8,104.312041
-0.46,9,104.342529
-0.61,8,104.365467
-0.56,11,104.394798
1.14,4,104.403087
-0.74,9,104.431738
1.56,9,104.457711
1.14,4,104.467195
-0.5,12,104.498483
-0.77,7,104.516121
1.14,4,104.526002
1.14,4,104.537829
-0.68,9,104.567215
1.14,4,104.579764
-0.76,6,104.599308
-0.71,7,104.620199
-0.71,10,104.645279
1.14,4,104.655684
1.14,4,104.664816
-0.7,11,104.696477
1.14,4,104.705639
1.14,4,104.716724
1.52,11,104.750539
1.14,4,104.762406
-0.76,6,104.781467
-0.61,11,104.812316
-0.22,14,104.852882
1.14,4,104.864722
-0.53,11,104.896814
-0.58,10,104.927563
1.14,4,104.939242
1.14,4,104.951098
-0.84,8,104.973692
-0.35,13,105.012018
1.14,4,105.024267
-0.77,7,105.042446
1.19,5,105.055743
-0.82,6,105.073415
1.14,4,105.082211
1.14,4,105.09534
1.14,4,105.105105
-0.72,7,105.129817
-0.56,9,105.15929
-0.82,6,105.176776
1.14,4,105.188155
-0.55,10,105.221021
1.14,4,105.230707
-0.12,13,105.270134
1.14,4,105.28224
-0.66,7,105.301759
-0.37,11,105.332674
-0.74,6,105.346745
1.14,4,105.357242
1.14,4,105.368787
1.14,4,105.380707
1.52,10,105.407786
-0.67,8,105.430306
-0.62,12,105.464789
1.14,4,105.475258
1.54,9,105.502133
-0.88,7,105.525669
1.19,5,105.538205
1.14,4,105.550546
-0.61,8,105.574517
-0.92,5,105.585948
-0.62,9,105.609785
1.14,4,105.618839
-0.78,8,105.640022
1.14,4,105.65178
-0.61,11,105.728613
-0.66,7,105.747316
1.14,4,105.757953
1.14,4,105.767249
-0.83,7,105.788683
1.14,4,105.797202
1.19,5,105.812053
1.14,4,105.824078
1.14,4,105.835883
-0.77,7,105.851358
1.14,4,105.863104
1.14,4,105.874934
1.14,4,105.886344
1.14,4,105.898298
-0.68,9,105.927206
-0.51,10,105.95627
-0.85,9,105.98345
-0.71,7,106.007519
1.14,4,106.016619
1.33,8,106.039733
1.19,5,106.050894
-0.6,9,106.078079
-0.58,9,106.103377
1.14,4,106.11468
-0.53,12,106.149291
1.14,4,106.159541
1.14,4,106.167676
1.14,4,106.178962
1.14,4,106.19091
1.14,4,106.200361
1.51,9,106.229656
1.66,10,106.257573
1.53,11,106.29231
-0.47,10,106.321689
1.7,12,106.351332
-0.82,6,106.366131
-0.62,9,106.392551
1.14,4,106.403976
1.14,4,106.415338
-0.76,6,106.4354
1.14,4,106.447598
-0.37,11,106.47982
-0.68,9,106.502869
-0.8,10,106.527995
1.14,4,106.538225
-0.59,9,106.568346
-0.76,9,106.591949
-0.42,11,106.626363
-0.87,6,106.644431
-0.68,11,106.676179
-0.35,11,106.701437
1.14,4,106.71299
1.14,4,106.724214
-0.61,8,106.750591
1.14,4,106.762652
1.49,10,106.791613
1.14,4,106.802564
-0.46,12,106.831231
-0.69,7,106.849791
1.14,4,106.862083
-0.45,10,106.888315
-0.58,10,106.919904
1.58,11,106.954682
-0.45,10,106.987017
1.14,4,106.996517
1.14,4,107.008327
0.04,15,107.052834
1.14,4,107.063462
1.14,4,107.075533
-0.26,15,107.122387
-0.66,7,107.141037
1.54,11,107.164157
1.38,8,107.188517
-0.53,11,107.224456
-0.83,7,107.24676
1.14,4,107.258184
-0.53,11,107.286872
1.14,4,107.29633
-0.91,4,107.308512
-0.79,9,107.33283
1.14,4,107.345199
1.14,4,107.357129
-0.39,10,107.386456
-0.61,8,107.408027
-0.56,10,107.433914
1.14,4,107.445891
1.14,4,107.458019
1.14,4,107.470005
1.14,4,107.483323
-0.53,11,107.585436
1.14,4,107.595974
1.47,10,107.629946
1.14,4,107.642246
1.14,4,107.654437
-0.66,10,107.68635
-0.6,9,107.714648
-0.71,7,107.733415
1.57,10,107.763511
-0.58,10,107.793038
1.14,4,107.804267
1.14,4,107.815325
-0.51,9,107.845195
-0.32,12,107.885107
1.63,12,107.916697
1.14,4,107.928521
-0.49,10,107.958433
-0.51,11,107.987306
1.14,4,107.996005
-0.71,10,108.02664
1.37,10,108.055105
1.14,4,108.064184
1.36,10,108.094134
1.14,4,108.10634
-0.42,11,108.138207
-0.19,14,108.1777
1.26,7,108.198057
-0.51,12,108.239892
-0.56,8,108.265761
1.44,8,108.288881
-0.52,13,108.325901
-0.44,12,108.360618
1.14,4,108.372078
1.14,4,108.383406
-0.45,13,108.425849
1.19,5,108.438799
1.14,4,108.45052
-0.68,9,108.477648
1.14,4,108.49095
-0.61,11,108.530105
-0.4,14,108.574551
-0.61,10,108.612353
1.14,4,108.625991
-0.57,9,108.659827
-0.66,7,108.685925
1.7,12,108.726329
-0.63,10,108.761708
1.14,4,108.773892
1.14,4,108.786494
1.14,4,108.799206
-0.76,6,108.822492
-0.66,7,108.845163
1.14,4,108.859227
-0.31,11,108.89762
-0.55,13,108.936221
1.14,4,108.948225
-0.57,9,108.98197
-0.61,11,109.024648
1.14,4,109.036612
1.14,4,109.862785
-0.63,10,109.89576
-0.47,10,109.928189
1.14,4,109.940201
-0.53,11,109.981529
1.14,4,109.994114
-0.52,10,110.028388
1.33,8,110.057747
1.14,4,110.071475
1.14,4,110.085054
-0.51,11,110.1174
-0.82,9,110.146361
1.14,4,110.159038
1.14,4,110.170897
-0.32,12,110.211459
-0.85,9,110.238676
-0.83,7,110.262643
-0.53,11,110.293797
-0.9,8,110.317331
1.85,14,110.357103
1.14,4,110.368948
1.71,11,110.403288
-0.64,10,110.434353
-0.41,10,110.466829
1.14,4,110.479243
-0.64,13,110.51738
1.14,4,110.529744
-0.56,10,110.564065
-0.51,9,110.592893
1.14,4,110.604987
-0.66,7,110.628339
1.14,4,110.640581
1.14,4,110.653915
-0.41,13,110.695305
1.14,4,110.707297
-0.58,11,110.743698
1.14,4,110.754628
-0.49,12,110.779521
-0.66,7,110.804343
1.14,4,110.81649
-0.59,8,110.845178
-0.53,10,110.879915
-0.93,6,110.900788
1.14,4,110.912299
-0.42,12,110.945171
1.14,4,110.95636
1.43,9,110.983606
-0.51,9,111.013112
1.42,10,111.044737
-0.76,6,111.063826
-0.68,10,111.094796
1.14,4,111.108314
-0.91,4,111.121562
1.14,4,111.134223
-0.74,10,111.167272
1.19,5,111.181251
-0.37,12,111.218706
1.14,4,111.229574
-0.63,10,111.260067
-0.58,11,111.297618
-0.81,5,111.310624
-0.41,12,111.345585
-0.36,14,111.385008
1.57,11,111.419887
-0.54,12,111.454053
-0.79,9,111.486111
-0.67,8,111.513272
-0.68,9,111.547338
-0.66,7,111.572987
-0.55,10,111.608941
1.14,4,111.622644
1.14,4,111.635315
1.14,4,111.648488
-0.61,11,111.684442
-0.54,9,111.719027
1.14,4,111.734885
-0.79,9,111.767936
1.14,4,111.780912
1.14,4,111.793796
1.14,4,111.807023
-0.61,8,111.837136
-0.71,7,111.860986
-0.46,9,111.890411
1.14,4,111.902678
1.55,10,111.934739
1.37,10,111.966107
1.39,10,111.997667
-0.62,9,112.027121
-0.74,7,112.049738
1.14,4,112.063504
-0.52,13,112.100451
1.14,4,112.112018
1.14,4,112.124332
1.14,4,112.136281
1.14,4,112.146397
1.14,4,112.157481
-0.58,10,112.190999
-0.6,10,112.223325
1.14,4,112.236258
1.14,4,112.249357
1.14,4,112.261745
-0.45,10,112.297179
1.14,4,112.309909
-0.63,11,112.344312
-0.44,10,112.376163
1.14,4,112.389349
-0.62,9,112.426315
1.14,4,112.439641
1.14,4,112.452339
1.14,4,112.465046
-0.5,10,112.501124
1.53,10,112.533586
1.14,4,112.542525
1.14,4,112.55517
1.46,8,112.576479
-0.68,9,112.606094
-0.56,9,112.636209
1.14,4,112.648305
1.14,4,112.658024
1.43,10,112.688912
1.34,7,112.710487
-0.46,9,112.739809
-0.7,11,112.772969
1.19,5,112.786586
1.14,4,112.797832
-0.6,11,112.828194
1.14,4,112.839672
-0.59,8,112.866379
-0.63,10,112.900378
-0.43,12,112.937428
-0.31,11,112.967353
-0.48,14,113.011049
-0.56,8,113.035714
1.14,4,113.047116
1.29,8,113.072448
1.14,4,113.083814
-0.52,11,113.167794
-0.51,9,113.198023
-0.6,9,113.231148
-0.52,11,113.26463
1.46,8,113.290883
-0.64,8,113.31951
-0.73,9,113.345412
-0.48,12,113.376547
-0.56,10,113.412426
1.42,10,113.439161
-0.67,10,113.470422
-0.52,12,113.508126
-0.33,13,113.551821
1.14,4,113.563085
1.14,4,113.576021
-0.44,10,113.608035
-0.46,11,113.642789
-0.37,12,113.676933
-0.18,13,113.709804
1.54,10,113.739635
-0.67,8,113.766665
1.14,4,113.778682
-0.63,10,113.808346
1.14,4,113.820792
1.55,10,113.852665
1.14,4,113.862193
1.14,4,113.874861
-0.53,14,113.919166
1.14,4,113.930748
1.42,11,113.966583
1.14,4,113.978257
-0.66,7,113.999706
-0.52,16,114.048302
-0.5,10,114.077956
1.14,4,114.089806
1.14,4,114.100534
1.64,10,114.126566
-0.72,7,114.151315
1.14,4,114.160711
-0.49,10,114.186549
-0.44,10,114.219751
-0.77,7,114.240951
1.14,4,114.252819
1.14,4,114.262232
-0.46,10,114.294031
-0.76,6,114.313095
-0.64,7,114.327809
-0.5,11,114.36202
1.51,9,114.385672
-0.62,9,114.411523
-0.42,9,114.439333
1.14,4,114.450872
1.14,4,114.463211
-0.73,9,114.493442
1.5,10,114.528273
1.14,4,114.544623
-0.42,11,114.59005
1.66,10,114.625377
-0.46,10,114.663933
-0.68,9,114.697061
1.14,4,114.709693
-0.44,13,114.752149
-0.73,8,114.777118
1.14,4,114.787997
-0.28,12,114.82091
-0.45,10,114.849449
-0.44,10,114.88441
1.55,10,114.912445
1.14,4,114.924936
1.14,4,114.937908
1.14,4,114.950797
-0.5,9,114.980109
1.14,4,114.991622
1.14,4,115.002466
-0.62,9,115.029852
1.14,4,115.041552
1.14,4,115.052022
-0.66,7,115.071496
-0.55,11,115.104957
1.66,10,115.137199
1.14,4,115.149031
-0.35,12,115.186098
-0.56,11,115.220358
1.14,4,115.233076
1.14,4,115.2426
1.14,4,115.253596
-0.73,9,115.282019
1.14,4,115.294823
1.14,4,115.308792
-0.65,8,115.340206
-0.18,16,115.390701
1.14,4,115.401424
-0.49,9,115.428653
1.14,4,115.437631
-0.66,7,115.457197
1.54,9,115.48336
1.14,4,115.493102
1.14,4,115.505097
1.49,10,115.53662
-0.71,7,115.558359
-0.77,7,115.58197
1.14,4,115.593687
-0.67,8,115.621684
-0.77,7,115.643514
1.14,4,115.655273
1.19,5,115.670415
-0.66,10,115.699693
-0.66,9,115.726502
-0.47,9,115.750354
-0.63,10,115.778256
-0.67,8,115.80585
1.14,4,115.818618
-0.77,10,115.85113
1.14,4,115.862134
-0.78,8,115.882866
-0.3,12,115.918528
1.14,4,115.926958
1.14,4,115.938993
1.14,4,115.950623
-0.41,12,115.984714
-0.61,11,116.020925
1.5,9,116.050787
-0.44,12,116.087808
-0.34,10,116.115906
1.14,4,116.126978
1.14,4,116.138618
-0.59,8,116.166453
1.14,4,116.176604
-0.76,6,116.194771
-0.76,6,116.213043
-0.75,7,116.236101
-0.62,11,116.269188
1.14,4,116.281357
-0.8,10,117.099519
-0.47,9,117.133621
-0.65,8,117.157776
1.14,4,117.171297
1.14,4,117.184274
-0.5,11,117.216732
1.14,4,117.22793
-0.46,9,117.257933
1.14,4,117.271419
-0.67,9,117.303576
-0.62,9,117.345478
1.14,4,117.38839
1.14,4,117.403074
1.14,4,117.415951
-0.41,10,117.451182
-0.84,8,117.472476
1.14,4,117.483247
1.14,4,117.494373
-0.62,9,117.520016
-0.61,8,117.543169
-0.66,7,117.564782
1.14,4,117.575206
-0.56,9,117.605511
1.14,4,117.618124
1.14,4,117.631245
1.59,9,117.657259
1.14,4,117.670102
-0.73,8,117.697784
-0.6,10,117.72564
1.14,4,117.737671
-0.48,11,117.766657
1.14,4,117.777308
-0.72,8,117.804261
-0.81,5,117.820055
1.14,4,117.831886
-0.51,12,117.865226
1.14,4,117.876515
1.14,4,117.888486
-0.6,10,117.915209
-0.72,7,117.934647
-0.41,10,117.968104
-0.61,13,118.006094
1.14,4,118.018404
-0.47,10,118.047042
-0.7,8,118.066629
-0.72,7,118.084813
1.14,4,118.096705
1.14,4,118.105526
1.14,4,118.116515
-0.51,9,118.140266
1.14,4,118.152938
1.14,4,118.165059
-0.57,10,118.190364
1.14,4,118.201177
1.57,11,118.234871
1.14,4,118.24618
-0.47,11,118.278656
-0.52,10,118.305426
-0.64,11,118.334319
-0.49,13,118.366281
1.14,4,118.377444
1.14,4,118.388997
1.67,13,118.424675
-0.56,11,118.453957
1.14,4,118.465286
1.14,4,118.47634
1.14,4,118.487158
1.14,4,118.498594
1.14,4,118.509759
-0.69,10,118.539037
-0.79,11,118.571202
1.14,4,118.583464
1.14,4,118.596398
1.14,4,118.608129
1.14,4,118.617338
-0.41,10,118.644559
-0.38,11,118.680409
1.14,4,118.689924
-0.67,8,118.716634
-0.82,9,118.7395
-0.62,9,118.761493
-0.49,9,118.786384
1.14,4,118.797372
-0.51,11,118.831433
1.14,4,118.84098
1.14,4,118.850467
1.14,4,118.860403
1.14,4,118.872224
1.14,4,118.884465
-0.67,8,118.904992
1.87,14,119.03229
1.14,4,119.049277
1.14,4,119.065832
1.14,4,119.084231
1.14,4,119.102577
-0.36,12,119.151871
1.14,4,119.166914
1.14,4,119.184017
1.48,10,119.229527
-0.73,9,119.266618
1.47,10,119.308553
1.14,4,119.325498
-0.54,9,119.368656
-0.47,9,119.405971
1.14,4,119.424637
-0.63,11,119.468081
-0.41,10,119.511273
-0.44,11,119.557305
-0.6,9,119.670438
1.43,9,119.715891
1.14,4,119.732623
1.14,4,119.748527
1.14,4,119.763061
1.14,4,119.775742
-0.41,10,119.80659
-0.71,7,119.831163
1.14,4,119.844567
1.14,4,119.856296
-0.56,11,119.8849
1.14,4,119.897217
-0.27,13,119.936759
1.14,4,119.946653
1.14,4,119.95817
-0.77,7,119.974424
1.14,4,119.984271
1.29,6,120.002048
1.14,4,120.014526
-0.69,10,120.048631
-0.4,10,120.073327
-0.47,10,120.105073
-0.72,7,120.130716
-0.66,7,120.154651
-0.75,7,120.180072
1.14,4,120.190914
-0.65,11,120.229524
-0.55,11,120.272277
-0.36,11,120.321475
-0.68,9,120.356
-0.39,10,120.401129
1.14,4,120.417773
-0.51,9,120.530169
1.14,4,120.55934
1.14,4,120.576614
-0.54,9,120.615053
1.14,4,120.630113
-0.41,10,120.733719
1.14,4,120.748919
-0.38,13,120.795284
1.14,4,120.809257
-0.52,10,120.93953
1.17,7,120.96666
1.59,9,120.995682
-0.39,10,121.030754
-0.81,5,121.045887
-0.6,9,121.077951
-0.76,6,121.093061
-0.67,8,121.11219
-0.53,10,121.142569
1.14,4,121.150913
1.22,8,121.173453
-0.51,10,121.207664
-0.8,6,121.223805
-0.6,12,121.253652
-0.67,8,121.279814
-0.7,11,121.319136
-0.67,8,121.346407
-0.76,6,121.367709
1.14,4,121.381285
1.14,4,121.395673
1.19,5,121.410279
-0.63,10,121.441249
1.14,4,121.451607
-0.68,9,121.480903
-0.87,5,121.498445
-0.93,6,121.519607
1.14,4,121.532655
1.14,4,121.543635
-0.61,10,121.578654
1.14,4,121.587055
-0.77,7,121.609998
-0.28,12,121.646679
-0.76,6,121.664477
-0.47,10,121.701228
1.14,4,121.713767
1.27,9,121.743283
1.14,4,121.7591
1.6,12,121.803534
-0.35,12,121.845153
1.14,4,121.858226
1.14,4,121.872784
1.14,4,121.886022
-0.61,8,121.910101
-0.65,8,121.940873
-0.39,11,121.977236
1.14,4,121.989387
-0.68,10,122.02362
1.14,4,122.036502
1.14,4,122.051419
-0.64,10,122.0893
-0.78,8,122.116076
1.14,4,122.127573
1.14,4,122.136823
1.46,11,122.171194
1.14,4,122.184519
1.44,10,122.211592
1.14,4,122.220644
1.14,4,122.231583
-0.72,7,122.253673
-0.57,9,122.281016
-0.18,15,122.324102
1.14,4,122.332255
1.14,4,122.3428
1.66,10,122.3722
-0.57,8,122.390853
1.14,4,122.401651
-0.7,8,122.428385
1.14,4,122.440252
1.14,4,122.449754
1.14,4,122.462012
-0.8,10,122.490256
1.14,4,122.502008
1.14,4,122.513796
1.14,4,122.525988
1.14,4,122.537248
1.64,10,122.566278
1.14,4,122.577485
-0.61,10,122.607556
1.14,4,122.619231
1.14,4,122.633254
1.14,4,122.646188
1.14,4,122.659043
-0.6,9,122.692618
1.14,4,122.704874
-0.55,10,122.739951
1.14,4,122.753819
1.14,4,122.765235
1.14,4,122.776559
-0.47,10,122.809421
1.52,11,122.84639
-0.49,8,122.86905
1.14,4,122.881641
1.14,4,122.893406
-0.54,9,122.923703
-0.17,15,122.968299
1.14,4,122.98256
-0.56,8,123.010825
-0.66,8,123.035135
1.14,4,123.049241
1.14,4,123.063479
1.14,4,123.076431
-0.83,7,123.099797
-0.68,9,123.131094
1.14,4,123.143977
1.32,9,123.174395
1.14,4,123.18688
1.14,4,123.200235
-0.64,7,123.21894
-0.82,7,123.245004
-0.68,10,123.279894
-0.44,10,123.316772
1.14,4,123.331853
-0.79,9,123.357449
-0.65,12,123.399011
1.14,4,123.411639
1.14,4,123.423494
1.14,4,123.434902
1.14,4,123.447587
1.14,4,123.459698
-0.49,10,123.485396
1.14,4,123.496331
1.49,10,123.530134
-0.64,8,123.5553
-0.58,11,123.592264
1.14,4,123.604241
1.47,11,123.636986
-0.61,11,123.675326
1.14,4,123.685047
-0.38,11,123.717157
1.51,13,123.756656
-0.76,6,123.777172
1.14,4,123.790405
-0.38,12,123.826496
1.14,4,123.834663
1.44,11,123.86799
1.14,4,123.923496
1.14,4,123.943594
-0.71,7,123.963917
1.66,11,123.99744
-0.3,12,124.02958
-0.6,9,124.058084
1.14,4,124.066242
-0.78,8,124.093032
-0.3,15,124.139656
-0.76,6,124.997937
1.14,4,125.011348
-0.56,10,125.049119
-0.36,11,125.088066
-0.35,11,125.125831
1.14,4,125.138454
-0.57,9,125.168392
-0.52,10,125.205559
1.14,4,125.216465
-0.77,10,125.248128
1.5,10,125.282426
1.14,4,125.29464
1.14,4,125.307357
-0.46,11,125.346557
-0.7,11,125.386629
1.6,11,125.426978
-0.45,14,125.466753
1.14,4,125.480563
1.61,9,125.512432
-0.29,12,125.550922
-0.59,8,125.57576
1.51,9,125.606835
-0.6,12,125.648843
-0.86,10,125.679646
1.14,4,125.693138
-0.6,12,125.729775
1.47,10,125.763841
1.14,4,125.777704
1.19,5,125.794361
1.14,4,125.807149
-0.47,9,125.838454
1.14,4,125.850079
-0.48,12,125.891183
1.14,4,125.901602
-0.68,9,125.933198
-0.43,11,125.973822
1.14,4,125.986909
-0.76,6,126.008916
-0.43,12,126.049075
-0.19,16,126.100934
-0.58,9,126.131258
-0.78,8,126.155503
1.14,4,126.167529
1.14,4,126.179573
1.46,12,126.21569
1.14,4,126.22952
1.14,4,126.242757
1.14,4,126.255378
1.14,4,126.268268
-0.67,11,126.309118
1.14,4,126.318562
-0.59,11,126.354702
1.14,4,126.365313
-0.82,6,126.389113
-0.54,11,126.425543
-0.53,10,126.457739
-0.82,6,126.476826
1.14,4,126.488576
1.38,9,126.514542
1.14,4,126.526308
1.14,4,126.538838
1.37,10,126.567053
1.14,4,126.578638
-0.62,9,126.606449
-0.45,11,126.641072
-0.6,11,126.675744
1.14,4,126.685385
1.14,4,126.696883
-0.38,12,126.739056
1.14,4,126.750944
-0.56,9,126.780268
1.14,4,126.791838
-0.48,13,126.844119
-0.63,10,126.887417
1.14,4,126.903295
-0.38,12,126.954651
-0.45,11,126.997266
1.14,4,127.009629
1.14,4,127.02124
-0.62,9,127.045288
-0.6,10,127.074803
1.14,4,127.084428
1.14,4,127.094646
1.14,4,127.107992
-0.48,10,127.14257
-0.76,11,127.173972
1.14,4,127.186084
1.14,4,127.198419
1.14,4,127.210854
-0.45,13,127.255953
1.46,8,127.281958
1.14,4,127.295851
-0.68,9,127.332814
1.14,4,127.345016
1.14,4,127.357719
-0.6,9,127.386009
1.14,4,127.398738
1.14,4,127.412488
-0.61,8,127.445782
-0.7,8,127.476801
1.14,4,127.495229
-0.59,8,127.524214
-0.7,8,127.551676
1.14,4,127.564988
-0.29,11,127.602628
1.14,4,127.618516
1.18,6,127.643832
1.14,4,127.660814
1.44,8,127.697255
1.14,4,127.711973
-0.77,7,127.738055
1.14,4,127.751179
-0.72,8,127.780285
1.14,4,127.793412
1.64,10,127.832388
1.14,4,127.846539
1.14,4,127.86029
1.14,4,127.873851
1.14,4,127.887919
-0.37,12,127.927515
-0.47,15,127.983255
1.14,4,127.996163
-0.64,7,128.020324
-0.69,10,128.055218
-0.52,10,128.084533
-0.75,7,128.107146
-0.56,8,128.194292
1.14,4,128.20672
1.14,4,128.217638
1.73,11,128.254834
-0.67,8,128.281412
1.14,4,128.294852
1.14,4,128.310511
-0.74,9,128.347071
1.14,4,128.360749
1.14,4,128.373535
1.14,4,128.385106
1.14,4,128.396823
-0.56,9,128.428079
-0.61,8,128.453822
-0.52,10,128.494025
1.14,4,128.505824
1.14,4,128.516078
1.14,4,128.526496
1.14,4,128.539717
-0.58,10,128.570778
-0.59,8,128.591883
-0.34,11,128.622534
1.42,10,128.652254
1.14,4,128.663999
1.14,4,128.675733
1.14,4,128.688548
1.14,4,128.698573
-0.42,11,128.733265
-0.24,17,128.792233
-0.52,12,128.829682
-0.41,13,128.875806
1.54,12,128.914044
-0.76,6,128.933348
1.14,4,128.947337
1.14,4,128.960261
1.4,9,128.991017
1.14,4,129.003536
1.14,4,129.018393
1.14,4,129.030158
-0.68,9,129.059237
-0.41,10,129.094079
-0.51,10,129.139958
1.24,6,129.163453
-0.59,8,129.194633
-0.67,8,129.22393
-0.76,11,129.258848
1.54,11,129.297585
-0.72,7,129.319627
-0.83,7,129.343197
1.14,4,129.356188
-0.29,11,129.395361
1.14,4,129.406476
1.14,4,129.417915
1.19,5,129.431988
-0.56,9,129.471999
-0.64,11,129.5116
1.14,4,129.524513
-0.63,10,129.553991
-0.77,10,129.587836
-0.56,11,129.622204
1.14,4,129.635484
1.14,4,129.644742
1.14,4,129.657993
-1.0,7,129.676756
-0.69,10,129.705817
1.45,13,129.743358
-0.77,7,129.762336
1.42,10,129.797035
-0.84,8,129.821636
1.14,4,129.834402
-0.27,12,129.871408
1.14,4,129.882354
1.14,4,129.893116
-0.71,7,129.913967
1.65,12,129.953774
1.14,4,129.964818
-0.73,8,129.99438
1.47,11,130.040397
-0.76,6,130.060119
-0.85,7,130.085455
1.14,4,130.098089
-0.53,11,130.137447
1.17,7,130.159881
1.14,4,130.173035
-0.48,11,130.205454
1.14,4,130.216665
-0.35,12,130.256876
1.54,9,130.284479
-0.77,7,130.307593
-0.74,7,130.328929
-0.39,14,130.371739
-0.64,7,130.395542
-0.45,11,130.430574
1.14,4,130.44583
1.14,4,130.459207
-0.59,8,130.485165
1.14,4,130.495027
-0.77,7,130.521773
1.14,4,130.535354
1.14,4,130.547951
-0.62,9,130.578382
1.14,4,130.591679
1.14,4,130.604896
-0.67,8,130.628201
-0.42,10,130.661765
1.14,4,130.673736
-0.61,8,130.702438
1.14,4,130.713976
-0.26,14,130.745493
1.14,4,130.758018
-0.6,10,130.7892
1.58,11,130.817258
1.14,4,130.829002
1.14,4,130.841385
-0.69,10,130.870912
-0.51,9,130.892385
1.14,4,130.905648
-0.68,9,130.929055
-0.6,12,130.963431
1.14,4,130.973646
-0.63,10,131.00336
-0.77,7,131.025837
1.14,4,131.03783
-0.61,8,131.061251
1.48,10,131.094246
1.14,4,131.106646
1.58,9,131.136116
1.14,4,131.143661
-0.59,8,131.161026
-0.7,8,131.182279
1.14,4,131.19292
-0.72,8,131.220304
-0.4,12,131.260756
-0.53,11,131.29161
1.14,4,131.304473
1.53,10,131.338777
1.14,4,131.35365
-0.48,11,131.39612
1.14,4,131.409925
-0.41,12,131.459299
1.14,4,131.475946
-0.19,13,131.530964
-0.62,9,131.626326
1.46,12,131.672924
1.14,4,131.684521
1.14,4,131.69666
-0.26,11,131.74705
-0.29,12,131.793378
1.76,11,131.83464
-0.64,8,131.865808
-0.66,10,131.903416
1.14,4,131.916777
-0.66,10,132.687353
1.14,4,132.695998
-0.64,7,132.714118
1.46,8,132.738789
-0.65,8,132.762632
1.14,4,132.775674
1.14,4,132.789929
-0.35,12,132.836123
1.14,4,132.850118
-0.41,10,132.881147
1.14,4,132.891619
1.14,4,132.904528
1.45,9,132.93337
1.14,4,132.945691
-0.32,10,132.982795
-0.58,10,133.014555
-0.48,12,133.058217
-0.59,9,133.089777
-0.5,12,133.125417
1.14,4,133.13666
-0.94,7,133.158144
-0.54,9,133.191226
1.68,10,133.21973
1.14,4,133.230503
1.59,10,133.265666
1.14,4,133.275093
1.14,4,133.287855
1.14,4,133.299653
-0.28,14,133.344682
-0.72,8,133.371368
-0.65,9,133.402437
1.53,10,133.434522
-0.74,9,133.459316
-0.73,8,133.487988
-0.72,8,133.517022
-0.68,10,133.547797
1.14,4,133.561568
1.14,4,133.574514
1.14,4,133.589772
-0.63,10,133.622113
1.14,4,133.63444
1.66,10,133.662008
1.14,4,133.672162
1.57,12,133.709275
-0.37,11,133.747832
1.53,10,133.782576
-0.69,10,133.813227
1.14,4,133.828655
1.14,4,133.842365
1.14,4,133.854455
1.14,4,133.867525
-0.77,9,133.889257
1.14,4,133.901406
1.14,4,133.913395
1.14,4,133.924888
-0.6,9,133.954265
1.64,10,133.985326
1.14,4,133.998209
-0.68,9,134.027611
-0.81,5,134.040844
1.27,11,134.071299
1.14,4,134.081235
1.14,4,134.091927
1.35,8,134.117081
1.14,4,134.126953
1.58,11,134.162172
-0.43,10,134.187541
1.59,13,134.222685
-0.52,9,134.24391
1.14,4,134.255089
-0.62,9,134.27912
-0.44,9,134.305871
-0.55,10,134.339544
1.14,4,134.351796
-0.61,8,134.379892
-0.68,9,134.410582
-0.76,6,134.427316
1.14,4,134.43703
1.46,8,134.463148
-0.51,12,134.496272
-0.76,12,134.524632
1.14,4,134.537339
-0.51,9,134.569214
-0.62,9,134.601282
-0.62,11,134.629408
1.14,4,134.639877
-0.66,7,134.660293
1.14,4,134.670664
-0.59,9,134.700376
-0.56,8,134.723726
-0.67,8,134.745121
1.14,4,134.75458
-0.39,12,134.789389
1.68,12,134.822569
-0.62,9,134.85244
1.14,4,134.864442
1.14,4,134.87359
-0.19,12,134.903446
-0.82,6,134.920897
-0.41,11,134.96618
1.14,4,134.982878
-0.66,9,135.02135
-0.45,10,135.068092
1.14,4,135.086188
-0.84,8,135.112234
1.14,4,135.124431
1.68,10,135.156254
1.14,4,135.167464
1.14,4,135.179216
-0.26,15,135.227011
-0.57,9,135.257651
1.66,11,135.28644
-0.72,8,135.311333
1.38,9,135.333159
-0.67,11,135.367901
1.14,4,135.380415
-0.29,11,135.417839
1.14,4,135.429086
-0.65,12,135.523912
-0.58,9,135.548462
-0.52,10,135.573515
-0.66,7,135.594343
1.14,4,135.603303
1.14,4,135.614709
-0.62,9,135.64316
-0.77,10,135.67011
-0.59,9,135.753238
-0.56,11,135.780739
1.14,4,135.792057
-0.79,9,135.820495
1.14,4,135.832924
-0.76,6,135.850067
1.14,4,135.861274
1.14,4,135.872689
-0.47,13,135.91134
1.14,4,135.922883
1.64,10,135.956763
-0.64,8,135.982129
1.14,4,135.992012
-0.77,7,136.010443
-0.72,7,136.034131
1.14,4,136.046813
1.49,9,136.073533
1.14,4,136.086447
1.14,4,136.099283
-0.83,9,136.121862
1.14,4,136.132253
-0.55,13,136.164531
-0.55,10,136.196711
1.14,4,136.204798
1.14,4,136.216202
-0.31,14,136.251987
-0.5,11,136.284255
1.58,11,136.315403
1.14,4,136.325979
1.14,4,136.337762
1.14,4,136.349797
-0.73,8,136.372886
-0.57,9,136.400923
-0.61,9,136.429803
-0.59,8,136.454467
1.38,8,136.475533
1.14,4,136.487337
1.14,4,136.49855
1.14,4,136.509745
1.14,4,136.522001
1.14,4,136.533534
1.14,4,136.54487
-0.61,8,136.56748
-0.69,11,136.600227
1.14,4,136.609006
-0.46,11,136.638849
1.29,6,136.657397
1.14,4,136.666703
-0.5,10,136.693946
1.14,4,136.705539
1.64,10,136.732935
-0.72,7,136.756349
1.14,4,136.766511
1.14,4,136.778252
1.14,4,136.789209
-0.39,12,136.822381
-0.58,10,136.851842
-0.47,10,136.876891
1.14,4,136.888932
1.14,4,136.899723
-0.6,9,136.920801
-0.66,7,136.943039
-0.78,8,136.969975
-0.48,10,137.001936
-0.73,8,137.026292
1.14,4,137.036149
-0.82,9,137.060839
1.14,4,137.072105
1.14,4,137.083058
-0.62,9,137.109794
-0.78,8,137.133608
1.14,4,137.145417
-0.52,9,137.171786
-0.62,9,137.19923
-0.55,10,137.230151
1.61,10,137.258519
-0.39,14,137.29916
1.46,8,137.32129
1.14,4,137.3344
-0.53,13,137.37306
1.38,9,137.395493
-0.82,6,137.413609
-0.66,7,137.437214
-0.54,11,137.467959
-0.63,11,137.498276
1.52,11,137.528642
-0.58,14,137.564111
-0.72,7,137.583644
1.14,4,137.596396
-0.69,8,137.620055
-0.35,12,137.655927
-0.54,8,137.675916
1.14,4,137.687649
-0.59,8,137.710952
1.53,10,137.741741
-0.65,8,137.767344
1.14,4,137.779149
-0.71,9,137.805353
-0.41,10,137.835278
-0.83,7,137.854564
-0.65,8,137.877965
1.14,4,137.886358
-0.42,11,137.923579
1.14,4,137.935652
1.14,4,137.948925
1.14,4,137.960824
-0.49,10,137.985535
-0.59,8,138.011527
-0.61,10,138.042809
-0.59,8,138.066583
1.14,4,138.077945
-0.58,10,138.110366
-1.0,7,138.129172
-0.5,9,138.152685
1.14,4,138.164986
-0.84,8,138.189899
-0.6,9,138.219005
1.14,4,138.232075
1.14,4,138.244611
1.14,4,138.254048
-0.94,7,138.273261
1.44,8,138.298834
1.14,4,138.310704
1.14,4,138.321638
1.14,4,138.3337
-0.54,8,138.353667
1.76,11,138.384821
-0.59,8,138.407769
1.14,4,138.420622
1.68,11,138.459574
-0.49,9,138.484489
1.14,4,138.49615
1.14,4,138.507837
-0.76,9,138.538094
1.43,9,138.564589
-0.34,13,138.602222
1.14,4,138.613184
-0.69,10,138.645459
-0.37,12,138.682444
1.14,4,138.695004
1.14,4,138.706165
-0.75,10,138.73875
1.14,4,138.749951
1.14,4,138.763073
1.14,4,138.775176
1.14,4,138.784754
-0.44,11,138.874784
-0.82,7,138.898898
1.14,4,138.910121
1.14,4,138.921848
-0.48,11,138.955605
1.59,9,138.986759
-0.51,9,139.888805
1.14,4,139.898021
1.14,4,139.910032
1.56,9,139.936093
1.53,10,139.961741
-0.42,11,139.998324
1.14,4,140.010342
1.14,4,140.022964
-0.29,12,140.060223
1.14,4,140.068545
-0.56,10,140.098897
-0.31,11,140.135391
-0.76,6,140.156344
1.14,4,140.168914
-0.58,9,140.201155
-0.71,7,140.225482
1.14,4,140.236859
1.14,4,140.247964
-0.37,11,140.283358
1.14,4,140.295589
1.14,4,140.307397
1.14,4,140.31996
-0.42,13,140.357249
-0.5,14,140.399843
1.14,4,140.411704
-0.58,11,140.446611
-0.57,9,140.475585
1.14,4,140.487295
-0.57,10,140.512811
-0.66,7,140.534843
-0.62,9,140.559527
-0.51,9,140.584267
1.14,4,140.595153
1.14,4,140.606651
-0.46,12,140.641262
1.65,12,140.676234
1.14,4,140.688501
-0.4,11,140.72183
-0.53,11,140.757337
-0.29,13,140.792573
1.14,4,140.801266
-0.64,11,140.839835
-0.74,10,140.865004
-0.59,8,140.892501
-0.69,10,140.923059
-0.56,10,140.957658
-0.35,13,140.99702
-0.46,10,141.030221
-0.51,11,141.064846
-0.68,9,141.094174
1.14,4,141.108182
1.14,4,141.118216
-0.74,10,141.142437
1.14,4,141.154366
1.14,4,141.164292
-0.62,9,141.193785
1.14,4,141.205822
1.14,4,141.218169
-0.66,7,141.237826
1.14,4,141.246876
1.71,11,141.280099
-0.59,8,141.303511
1.59,10,141.335706
1.14,4,141.349381
-0.44,9,141.380326
1.14,4,141.393193
1.14,4,141.405101
1.14,4,141.418067
1.14,4,141.431365
-0.66,7,141.456019
-0.52,10,141.479966
-0.66,7,141.499671
1.14,4,141.511277
1.14,4,141.521267
-0.67,8,141.544559
-0.51,11,141.582472
-0.82,6,141.603494
-0.56,8,141.630835
1.6,12,141.675978
1.14,4,141.684427
-0.76,6,141.705604
1.14,4,141.714915
-0.24,12,141.754059
1.14,4,141.766073
1.14,4,141.779355
1.14,4,141.79317
1.14,4,141.805545
1.58,11,141.832444
1.14,4,141.843959
1.14,4,141.855432
1.14,4,141.867827
1.64,10,141.896147
1.14,4,141.906937
1.14,4,141.91528
-0.66,7,141.939404
1.14,4,141.948258
-0.6,12,141.981283
1.54,9,142.008596
1.14,4,142.020638
-0.27,12,142.052977
1.14,4,142.064429
1.34,7,142.085983
1.14,4,142.096979
1.51,10,142.129684
1.14,4,142.140165
1.14,4,142.152711
1.14,4,142.164834
1.14,4,142.177466
1.51,9,142.202323
-0.67,8,142.225125
1.14,4,142.235935
1.38,9,142.263063
1.14,4,142.274074
-0.67,8,142.300611
1.14,4,142.310951
-0.75,11,142.340573
1.14,4,142.352336
-0.59,10,142.381752
1.14,4,142.392308
1.14,4,142.403316
-0.45,11,142.438519
-0.67,8,142.466959
-0.7,8,142.499036
1.14,4,142.511252
1.14,4,142.522951
-0.56,8,142.545618
1.56,13,142.587519
-0.77,7,142.609683
-0.59,9,142.639529
1.14,4,142.648489
1.65,11,142.682819
1.14,4,142.693159
-0.69,10,142.722896
1.14,4,142.733889
-0.5,10,142.764707
-0.72,8,142.792805
1.14,4,142.806827
-0.26,14,142.852706
-0.64,7,142.925442
1.14,4,142.93829
1.14,4,142.950054
1.14,4,142.963191
1.14,4,142.977256
-0.25,13,143.015522
-0.46,9,143.044998
1.14,4,143.057028
1.14,4,143.069077
1.14,4,143.080769
1.14,4,143.092969
-0.52,10,143.126539
1.29,10,143.154934
-0.46,12,143.190404
-0.79,9,143.216659
-0.68,9,143.246107
1.64,10,143.274951
1.52,11,143.306989
1.14,4,143.394222
1.19,5,143.422587
1.14,4,143.436212
1.73,12,143.477742
1.48,10,143.506266
-0.66,8,143.536226
1.14,4,143.547649
1.14,4,143.561751
-0.58,11,143.599137
1.14,4,143.613267
-0.71,7,143.640782
1.14,4,143.655411
-0.78,8,143.684371
1.14,4,143.699003
-0.31,14,143.746593
-0.34,11,143.779872
-0.62,9,143.814044
1.52,11,143.847304
-0.31,13,143.878329
-0.53,11,143.909948
-0.56,9,143.937599
-0.65,8,143.962286
-0.44,11,144.001055
-0.53,14,144.040278
-0.66,8,144.065734
1.61,10,144.097505
-0.66,7,144.122428
1.14,4,144.134336
1.14,4,144.14586
-0.94,7,144.171046
1.43,10,144.20549
-0.56,8,144.233873
1.14,4,144.246398
1.14,4,144.257582
-0.44,10,144.28849
1.14,4,144.300136
-0.66,7,144.324683
1.14,4,144.338486
-0.65,9,144.367483
-0.8,9,144.39656
1.14,4,144.408475
-0.24,14,144.445394
1.14,4,144.457574
1.66,10,144.490451
1.35,12,144.524978
-0.8,13,144.564424
1.14,4,144.576867
-0.42,11,144.610139
1.14,4,144.622666
1.14,4,144.634275
-0.66,7,144.658566
1.14,4,144.668847
1.14,4,144.678949
-0.7,11,144.707881
-0.59,8,144.72612
1.46,10,144.755526
-0.77,10,144.781108
1.14,4,144.794325
1.14,4,144.80656
1.14,4,144.819049
1.14,4,144.828917
1.14,4,144.839659
-0.56,11,144.867207
-0.57,9,144.893186
1.14,4,144.905203
-0.81,5,144.920414
-0.64,11,144.954034
1.14,4,144.962852
1.14,4,144.97465
-0.67,9,144.998379
-0.64,10,145.029878
-0.44,10,145.055816
-0.73,9,145.081637
-0.59,13,145.121955
1.14,4,145.129763
1.14,4,145.141266
1.14,4,145.151844
1.14,4,145.161423
-0.49,10,145.185708
1.63,12,145.221895
-0.33,12,145.255883
-0.51,10,145.283597
1.14,4,145.294334
1.14,4,145.305043
1.14,4,145.316339
-0.55,9,145.343791
1.14,4,145.354537
1.14,4,145.362589
-0.28,12,145.400619
1.14,4,145.412986
1.14,4,145.425156
-0.77,7,145.447321
1.59,10,145.473393
1.14,4,145.481808
1.14,4,145.494995
1.14,4,145.506377
1.3,11,145.530415
1.14,4,145.541965
-0.64,11,145.575702
1.14,4,145.588724
1.14,4,145.597587
1.14,4,145.608338
1.14,4,145.61904
1.14,4,145.630887
-0.66,7,145.655762
-0.58,10,145.686514
-0.66,13,145.716431
-0.56,8,145.743481
1.14,4,145.754775
-0.71,7,145.778533
1.14,4,145.791297
1.53,11,145.823166
1.14,4,145.834348
1.14,4,145.844051
-0.32,14,145.882742
-0.64,8,145.905197
1.14,4,145.917172
1.14,4,145.929952
-0.48,10,145.963794
1.14,4,145.974543
1.14,4,145.98354
1.14,4,145.995369
1.14,4,146.007902
-0.78,8,146.032633
1.49,11,146.060784
1.14,4,146.071368
-0.19,12,146.106308
-0.83,7,146.165488
-0.51,12,146.216515
1.66,10,146.919659
-0.66,10,146.946997
-0.43,11,146.980636
1.14,4,146.992833
-0.54,11,147.024406
1.93,13,147.062741
-0.71,7,147.086985
1.14,4,147.098557
-0.74,9,147.121252
1.14,4,147.132134
-0.59,11,147.166601
1.14,4,147.176417
1.14,4,147.18759
1.14,4,147.196074
1.14,4,147.207539
-0.62,9,147.235853
1.14,4,147.248233
-0.44,9,147.280757
1.14,4,147.293304
-0.92,5,147.309556
1.14,4,147.320442
1.14,4,147.331734
-0.46,11,147.366951
1.14,4,147.378795
-0.8,6,147.394194
1.14,4,147.406871
1.14,4,147.419161
-0.54,9,147.446527
-0.28,12,147.482262
-0.66,7,147.501542
1.14,4,147.511581
1.48,9,147.537247
1.59,12,147.570853
-0.56,8,147.593465
-0.76,6,147.614238
1.14,4,147.624987
1.66,10,147.650858
-0.34,13,147.68608
1.14,4,147.694773
1.14,4,147.70452
-0.56,10,147.736897
-0.46,10,147.763448
1.14,4,147.774679
-0.43,12,147.809458
1.14,4,147.819886
1.14,4,147.829353
-0.29,17,147.880376
1.14,4,147.891927
1.55,10,147.920183
1.14,4,147.931617
-0.42,9,147.956646
-0.51,11,147.990507
1.53,10,148.021682
1.14,4,148.032681
-0.5,10,148.063079
1.14,4,148.07453
1.44,9,148.097562
-0.3,14,148.134991
1.14,4,148.144377
1.14,4,148.155938
1.14,4,148.16534
-0.66,7,148.188321
-0.48,12,148.222903
-0.48,14,148.258628
-0.53,10,148.286538
1.14,4,148.297348
1.14,4,148.306721
1.14,4,148.318478
1.14,4,148.327355
-0.59,9,148.353745
1.14,4,148.365025
1.61,10,148.391169
-0.49,11,148.420913
-0.46,11,148.452548
-0.68,12,148.490243
-0.66,7,148.514022
1.14,4,148.526482
-0.84,8,148.551164
-0.44,13,148.583876
-0.54,12,148.621055
-0.88,7,148.641244
-0.39,14,148.684912
1.14,4,148.696405
0.04,16,148.738018
1.14,4,148.748914
-0.46,11,148.785422
-0.45,11,148.811227
-0.64,14,148.85188
1.14,4,148.860027
1.59,10,148.889681
-0.51,12,148.927194
1.14,4,148.939811
1.14,4,148.951652
1.14,4,148.961101
-0.52,10,148.99235
1.14,4,149.004215
-0.59,11,149.03665
1.72,14,149.073116
-0.66,7,149.092159
-0.42,11,149.120149
-0.68,9,149.144894
1.14,4,149.154747
1.14,4,149.16529
-0.76,6,149.182104
1.14,4,149.191714
-0.8,10,149.218727
1.42,10,149.249245
-0.66,7,149.269051
-0.63,10,149.295552
-0.78,8,149.317882
1.14,4,149.326449
1.14,4,149.337963
1.14,4,149.350266
1.21,9,149.379713
1.14,4,149.390106
2.03,14,149.428928
-0.53,11,149.456878
-0.77,7,149.476045
-0.39,14,149.516291
1.14,4,149.524226
-0.57,12,149.56199
1.14,4,149.5711
-0.31,15,149.616064
1.14,4,149.626053
-0.68,10,149.659382
1.85,13,149.695759
1.14,4,149.704926
1.14,4,149.714948
1.14,4,149.726129
-0.82,6,149.742305
1.14,4,149.753848
1.14,4,149.765454
-0.58,13,149.804717
-0.69,10,149.834036
1.14,4,149.845445
1.14,4,149.857288
1.55,10,149.888401
-0.5,11,149.923488
1.14,4,149.936006
-0.51,11,149.964174
1.14,4,149.974805
1.14,4,149.985691
-0.72,7,150.008555
1.7,12,150.038726
1.14,4,150.050707
1.14,4,150.06288
1.14,4,150.074827
1.14,4,150.087121
1.14,4,150.148994
1.14,4,150.168291
-0.6,9,150.198326
-0.31,13,150.239079
-0.59,12,150.272004
1.14,4,150.283035
-0.88,6,150.302305
-0.63,10,150.335342
-0.51,9,150.364381
1.14,4,150.37625
-0.58,10,150.404896
1.14,4,150.416785
-0.42,11,150.450688
1.14,4,150.45875
1.14,4,150.469744
1.38,8,150.495822
1.14,4,150.508346
1.13,5,150.521154
1.14,4,150.532655
1.14,4,150.543387
1.14,4,150.555511
1.14,4,150.567013
1.14,4,150.577096
-0.77,7,150.601372
1.14,4,150.612697
1.33,8,150.636936
-0.65,14,150.677795
1.14,4,150.687404
-0.56,9,150.7132
1.14,4,150.725398
-0.62,9,150.75474
1.14,4,150.764441
1.14,4,150.775223
1.14,4,150.787181
-0.69,7,150.809491
1.14,4,150.820275
1.14,4,150.829586
-0.51,9,150.859177
-0.56,9,150.883966
-0.72,7,150.904684
-0.49,9,150.928548
1.14,4,150.938369
1.58,11,150.970505
1.14,4,150.981976
1.14,4,150.991046
-0.57,13,151.031241
-0.7,8,151.054712
-0.92,5,151.069107
1.14,4,151.081211
1.14,4,151.092086
-0.61,8,151.115181
-0.61,11,151.152875
1.14,4,151.163169
-0.69,7,151.180088
1.14,4,151.189402
-0.66,7,151.211763
-0.46,9,151.240062
-0.57,12,151.270092
-0.77,7,151.287652
-0.28,15,151.328552
-0.53,11,151.363195
-0.45,11,151.389978
-0.55,11,151.426429
1.14,4,151.436884
-0.47,10,151.464785
1.31,10,151.489058
1.52,12,151.52585
-0.51,9,151.558714
1.14,4,151.571178
1.19,5,151.584252
-0.53,11,151.616525
1.14,4,151.627377
1.14,4,151.638867
-0.82,6,151.658704
-0.69,7,151.678291
-0.83,7,151.6984
-0.4,12,151.731853
1.14,4,151.741151
1.14,4,151.752431
1.14,4,151.765107
1.46,12,151.794969
1.14,4,151.805968
1.14,4,151.81807
1.48,10,151.846897
1.14,4,151.858384
1.14,4,151.868978
1.14,4,151.879738
-0.57,12,151.913614
1.78,15,151.960572
1.14,4,151.97002
1.14,4,151.981323
1.14,4,151.991859
-0.48,11,152.022908
-0.88,7,152.044456
-0.31,13,152.084118
-0.85,9,152.1134
-0.82,6,152.133224
-0.76,8,152.156518
1.64,10,152.186864
1.14,4,152.197999
1.14,4,152.208638
1.14,4,152.221023
-0.63,12,152.253789
1.14,4,152.263899
1.14,4,152.275762
-0.77,7,152.298632
-0.52,10,152.329366
1.14,4,152.340527
1.14,4,152.353202
1.55,10,152.380381
1.14,4,152.391938
-0.81,6,152.408201
-0.58,10,152.440178
-0.21,12,152.480452
-0.57,11,152.513848
1.14,4,152.524388
-0.64,11,152.562048
-0.72,7,152.587036
-0.48,11,152.621444
-0.67,8,152.641487
-0.63,10,152.670457
-0.56,8,152.696356
1.14,4,152.707523
1.14,4,152.719594
1.14,4,152.730757
-0.7,8,152.753321
-0.89,7,152.773044
-0.65,8,152.798424
1.54,11,152.827294
1.14,4,152.839308
1.19,5,152.854734
-0.4,11,153.5484
1.14,4,153.557775
-0.55,10,153.585106
1.14,4,153.596646
1.38,11,153.630228
-0.51,12,153.658901
1.43,10,153.688388
1.14,4,153.699986
-0.56,12,153.737307
1.14,4,153.749788
-0.51,11,153.782551
1.14,4,153.793828
-0.49,10,153.82526
1.14,4,153.837938
-0.59,10,153.871898
-0.66,10,153.907527
1.61,9,153.934056
1.14,4,153.94378
-0.76,6,153.963462
1.14,4,153.975396
1.14,4,153.987887
-0.48,11,154.02313
1.14,4,154.035501
-0.53,11,154.071025
-0.15,15,154.118259
1.14,4,154.127832
-0.44,9,154.153291
1.14,4,154.165973
1.14,4,154.178732
-0.56,8,154.202204
-0.37,15,154.248384
-0.56,8,154.268148
-0.57,9,154.293531
1.14,4,154.302724
1.64,13,154.342687
1.14,4,154.351537
1.14,4,154.363468
1.35,8,154.387913
1.14,4,154.400449
1.14,4,154.413352
-0.67,8,154.485421
1.14,4,154.499166
-0.43,12,154.540518
1.43,9,154.562453
1.14,4,154.5741
-0.57,9,154.602025
-0.56,9,154.631997
-0.41,10,154.663593
-0.34,11,154.699716
-0.71,10,154.730052
-0.6,9,154.759969
-0.52,12,154.792955
1.14,4,154.804801
-0.68,10,154.834819
1.14,4,154.847058
-0.59,10,154.880485
1.14,4,154.891294
1.53,10,154.920321
-0.71,6,154.938102
-0.66,7,154.95998
1.14,4,154.969666
1.14,4,154.982344
1.14,4,155.007711
-0.49,10,155.100653
-0.45,10,155.13068
1.14,4,155.142658
1.14,4,155.154135
-0.72,7,155.180182
-0.59,9,155.208413
1.42,10,155.23828
-0.56,11,155.273527
1.14,4,155.286499
-0.53,11,155.32989
-0.34,15,155.38072
-0.71,6,155.398973
1.14,4,155.413134
1.14,4,155.423233
-0.42,11,155.460879
-0.58,10,155.495814
-0.24,13,155.540375
1.14,4,155.55364
-0.46,10,155.585561
1.14,4,155.596546
1.29,6,155.613569
-0.6,12,155.650805
-0.41,11,155.685224
1.14,4,155.697203
1.14,4,155.708798
1.14,4,155.718477
1.14,4,155.731315
-0.64,7,155.752165
1.14,4,155.764
1.14,4,155.776893
-0.57,10,155.812973
1.14,4,155.82603
1.14,4,155.836617
1.14,4,155.849998
1.14,4,155.863695
-0.24,11,155.898458
-0.69,10,155.933048
1.14,4,155.946133
1.14,4,155.957991
-0.64,7,155.972265
1.73,12,156.004551
1.14,4,156.017369
-0.42,10,156.05091
-0.57,9,156.074864
1.14,4,156.083249
-0.83,7,156.10216
-0.82,7,156.1258
-0.66,10,156.157817
1.14,4,156.170279
1.14,4,156.182324
1.48,9,156.210635
1.14,4,156.221017
-0.76,6,156.241782
1.38,9,156.271606
1.14,4,156.282817
-0.73,9,156.313376
1.14,4,156.325271
1.14,4,156.338018
-0.55,13,156.380453
1.14,4,156.392175
1.14,4,156.40387
1.54,9,156.4353
-0.48,11,156.467977
1.14,4,156.480704
1.14,4,156.493263
1.14,4,156.50487
-0.4,12,156.539774
1.72,12,156.573491
1.14,4,156.583288
1.14,4,156.594574
1.46,12,156.630591
2.0,13,156.672756
-0.67,10,156.70459
-0.5,9,156.734488
1.14,4,156.747183
-0.69,11,156.782235
-0.59,8,156.807817
-0.63,11,156.844324
1.14,4,156.855574
-0.7,9,156.882794
-0.71,9,156.911005
1.14,4,156.923302
-0.46,11,156.960331
-0.37,10,156.992407
1.14,4,157.001245
-0.4,11,157.032627
1.14,4,157.044362
1.14,4,157.055317
1.14,4,157.064471
-0.75,10,157.092571
-0.73,8,157.118633
1.38,9,157.146895
1.14,4,157.158731
-0.3,14,157.198239
-0.83,7,157.218915
1.14,4,157.230767
1.14,4,157.241735
1.14,4,157.25253
-0.78,8,157.272427
-0.62,10,157.303241
1.14,4,157.316104
1.14,4,157.32798
1.14,4,157.339638
1.14,4,157.351823
1.14,4,157.362034
1.14,4,157.373566
-0.42,12,157.406854
1.14,4,157.419234
1.14,4,157.430777
1.14,4,157.443125
1.14,4,157.454922
1.14,4,157.464257
-0.68,9,157.493748
1.14,4,157.502864
1.14,4,157.513733
1.14,4,157.525479
1.14,4,157.537297
1.49,11,157.568133
-0.59,11,157.59889
1.14,4,157.610844
1.14,4,157.622217
-0.66,7,157.643841
1.64,10,157.675912
-0.43,14,157.764606
1.14,4,157.775794
-0.64,10,157.803709
-0.55,9,157.829417
1.14,4,157.838603
-0.63,13,157.875358
1.14,4,157.886916
1.14,4,157.897833
-0.57,9,157.925751
1.14,4,157.935434
1.14,4,157.947571
1.14,4,157.959557
-0.84,8,157.988245
1.14,4,157.999231
1.14,4,158.013122
1.14,4,158.026231
1.14,4,158.039896
1.14,4,158.051079
-0.56,11,158.076382
-0.51,9,158.100231
1.14,4,158.112509
-0.71,7,158.136613
1.14,4,158.146559
1.14,4,158.157196
-0.65,8,158.180404
-0.86,5,158.194616
1.43,9,158.220402
1.39,10,158.247656
-0.4,12,158.282556
1.36,10,158.313284
1.24,6,158.332156
1.14,4,158.343582
-0.46,10,158.374891
-0.49,9,158.402
1.37,10,158.430597
-0.13,13,158.467396
-0.7,8,158.495186
-0.55,11,158.52884
-0.51,12,158.568301
-0.66,7,158.592953
1.67,12,158.627657
1.14,4,158.636789
-0.49,12,158.67393
-0.66,9,158.702667
-0.37,12,158.735998
1.14,4,158.748153
1.14,4,158.760201
1.14,4,158.771881
-0.66,7,158.792577
1.49,9,158.821903
1.14,4,158.830325
-0.39,14,158.864891
1.19,5,158.880218
-0.72,7,158.899468
1.14,4,158.911059
-0.77,7,158.932683
1.14,4,158.944883
1.14,4,158.956443
1.14,4,158.965559
1.14,4,158.978556
-0.77,7,159.001907
1.14,4,159.014009
-0.55,10,159.039994
1.14,4,159.051678
1.14,4,159.063399
-0.61,8,159.090905
-0.76,6,159.111359
1.14,4,159.124248
1.36,8,159.149159
1.14,4,159.161427
1.36,11,159.196962
1.33,8,159.215121
1.29,7,159.235201
-0.76,6,159.255351
1.14,4,159.267174
-0.57,10,159.297649
-0.37,11,159.326404
1.14,4,159.33759
-0.72,8,159.360732
-0.57,12,159.394905
1.14,4,159.404269
-0.6,10,159.434663
1.14,4,159.446921
-0.23,12,159.483661
1.16,8,159.507968
1.51,12,159.537147
-0.68,9,159.561889
1.14,4,159.57338
-0.66,7,159.592504
-0.22,11,159.622766
-0.79,12,159.651841
-0.56,8,159.679582
1.14,4,159.690857
1.69,11,159.724482
1.14,4,159.735722
1.14,4,159.745779
-0.67,8,159.771788
-0.43,12,159.801636
-0.29,13,159.843821
1.14,4,159.856808
-0.39,10,160.568524
1.44,8,160.593532
1.14,4,160.603912
1.14,4,160.615763
-0.58,11,160.644224
1.14,4,160.656804
1.14,4,160.667961
1.51,10,160.698688
1.14,4,160.711516
1.14,4,160.72345
-0.77,7,160.746733
1.57,10,160.774975
1.14,4,160.78581
-0.61,10,160.814135
1.14,4,160.826331
-0.59,8,160.848768
1.14,4,160.859459
-0.27,14,160.901101
1.55,10,160.934755
1.14,4,160.947479
-0.47,11,160.981378
-0.32,14,161.024209
-0.42,12,161.060901
1.52,12,161.097577
1.14,4,161.110476
1.14,4,161.123243
1.14,4,161.134392
-0.78,8,161.157643
-0.78,8,161.183825
1.14,4,161.196449
1.14,4,161.20808
1.14,4,161.219103
1.14,4,161.231298
-0.77,7,161.250699
-0.69,9,161.279
1.52,11,161.314673
1.55,10,161.346321
-0.55,10,161.378481
1.14,4,161.38825
-0.8,10,161.412642
1.14,4,161.423773
1.14,4,161.432614
-0.31,11,161.469535
1.47,11,161.545878
-0.59,8,161.580124
-0.71,12,161.614931
-0.78,8,161.64116
-0.49,12,161.675367
1.14,4,161.686718
1.14,4,161.698003
-0.62,9,161.726774
1.56,9,161.755031
-0.61,8,161.779817
1.55,10,161.810764
-0.25,14,161.85183
-0.56,9,161.88154
-0.66,7,161.904978
1.38,9,161.929543
1.14,4,161.942502
1.14,4,161.954787
1.34,13,161.993015
-0.68,9,162.019283
1.14,4,162.031542
-0.51,9,162.062063
1.14,4,162.073595
1.14,4,162.084988
-0.44,10,162.114663
1.14,4,162.124786
1.45,13,162.159231
-0.68,9,162.18753
1.14,4,162.198529
1.14,4,162.211107
-0.33,12,162.242829
1.14,4,162.254091
-0.51,11,162.287013
-0.57,10,162.318943
-0.69,11,162.351013
-0.48,12,162.382711
-0.76,9,162.411824
-0.39,11,162.442412
1.29,6,162.458256
1.14,4,162.468239
-0.48,15,162.511329
1.14,4,162.52364
-0.82,6,162.542302
-0.62,9,162.56851
1.14,4,162.578207
-0.39,10,162.612355
-0.73,9,162.644104
-0.46,11,162.683657
1.14,4,162.696323
1.14,4,162.708392
1.14,4,162.720057
-0.52,10,162.751096
1.79,13,162.788994
1.14,4,162.798511
1.14,4,162.811847
-0.43,14,162.854058
-0.5,11,162.883807
1.54,9,162.914581
-0.34,11,162.95376
-0.76,6,162.96788
-0.53,11,163.008658
1.14,4,163.020204
1.64,10,163.051452
1.14,4,163.061459
1.14,4,163.074303
-0.77,7,163.095738
1.59,10,163.129628
1.14,4,163.141548
1.7,12,163.180372
1.49,8,163.206706
-0.51,14,163.252789
-0.52,9,163.281474
1.14,4,163.295402
1.14,4,163.308334
1.14,4,163.320996
1.14,4,163.332681
-0.44,12,163.3691
1.14,4,163.377976
-0.66,9,163.408018
1.33,8,163.434301
1.14,4,163.444552
1.19,5,163.459461
1.19,5,163.474683
1.14,4,163.487285
-0.55,11,163.517701
1.14,4,163.527546
-0.36,11,163.562109
2.03,14,163.605855
1.14,4,163.614641
-0.77,7,163.634452
-0.41,9,163.662014
-0.43,12,163.698968
1.14,4,163.71027
-0.66,7,163.732545
1.14,4,163.741997
-0.44,13,163.773622
-0.39,9,163.797725
1.14,4,163.80898
-0.75,7,163.828262
1.58,11,163.865476
-0.67,7,163.888035
1.31,10,163.912279
-0.43,12,163.9454
1.48,10,163.97452
-0.62,9,164.001086
-0.48,11,164.035787
1.53,10,164.06027
-0.45,10,164.088672
-0.67,8,164.108335
1.14,4,164.120348
-0.66,7,164.145049
-0.68,9,164.174396
-0.47,11,164.205492
-0.76,6,164.224379
1.14,4,164.236889
-0.37,13,164.27413
-0.46,9,164.305226
-0.76,6,164.324713
1.14,4,164.336682
1.14,4,164.345778
-0.82,6,164.363678
-0.68,9,164.393632
1.14,4,164.405507
1.14,4,164.416931
-0.31,14,164.459745
1.14,4,164.47273
-0.52,12,164.508648
-0.59,8,164.532952
-0.35,11,164.568149
-0.66,7,164.589096
1.14,4,164.601473
1.14,4,164.613519
1.14,4,164.625853
1.14,4,164.636009
-0.66,7,164.654843
1.14,4,164.663954
-0.32,14,164.704382
-0.66,10,164.736177
1.14,4,164.744617
1.52,11,164.776601
1.14,4,164.788496
1.14,4,164.831594
-0.59,8,164.880346
-0.6,9,164.905338
1.14,4,164.917422
-0.42,13,164.95636
1.14,4,164.965904
-0.73,8,164.99177
1.14,4,165.004188
1.14,4,165.016601
1.19,5,165.031407
-0.67,8,165.055761
1.14,4,165.066962
-0.54,9,165.093917
1.14,4,165.105826
-0.25,12,165.143718
-0.58,13,165.184934
1.14,4,165.196195
1.14,4,165.208359
1.58,11,165.242285
-0.82,6,165.259379
-0.55,11,165.296298
-0.39,11,165.325404
-0.37,12,165.358288
1.14,4,165.367998
1.14,4,165.376329
1.14,4,165.38684
-0.5,11,165.417551
1.14,4,165.428953
-0.62,9,165.459544
1.53,10,165.490883
-0.62,9,165.51665
-0.75,7,165.53244
1.55,11,165.561362
1.14,4,165.573381
1.14,4,165.586539
1.14,4,165.598479
-0.36,13,165.638068
1.14,4,165.647722
1.14,4,165.65812
1.14,4,165.66978
-0.58,12,165.706218
1.14,4,165.71547
-0.56,8,165.741059
-0.66,7,165.76306
-0.54,12,165.796334
-0.67,11,165.826642
1.14,4,165.83921
-0.45,11,165.871186
1.14,4,165.879429
1.14,4,165.889333
1.14,4,165.900792
-0.69,10,165.926508
-0.66,7,165.949428
-0.61,8,165.97394
1.14,4,165.986613
1.14,4,165.996721
1.45,11,166.027118
-0.82,6,166.048547
1.14,4,166.057755
1.14,4,166.068598
1.14,4,166.077663
-0.43,12,166.10695
-0.66,7,166.124422
-0.73,8,166.15045
-0.64,11,166.181622
-0.7,8,166.201717
1.14,4,166.210903
1.14,4,166.221919
-0.41,9,166.248471
1.14,4,166.257713
1.19,5,166.272907
1.14,4,166.284193
-0.49,9,166.309699
1.14,4,166.321151
1.66,10,166.352148
-0.65,11,166.379334
1.14,4,166.388616
1.44,12,166.422331
-0.71,9,166.447499
-0.43,13,166.545727
1.64,10,166.578393
1.14,4,166.588097
-0.6,9,166.616321
-0.56,8,166.641055
-0.62,12,166.676852
1.14,4,166.688142
1.14,4,166.699168
1.14,4,166.710377
1.14,4,166.722486
-0.69,10,166.754657
-0.76,6,166.772578
1.14,4,167.449514
-0.69,8,167.4754
-0.35,12,167.512032
-0.63,10,167.542232
-0.29,11,167.580398
1.52,14,167.621969
1.14,4,167.633052
-0.29,12,167.672264
1.14,4,167.683182
1.14,4,167.694019
1.14,4,167.706107
1.14,4,167.716911
-0.41,14,167.755869
1.14,4,167.767776
-0.82,6,167.788018
-0.44,9,167.81792
-0.36,10,167.848824
1.14,4,167.859669
1.51,9,167.886685
-0.28,13,167.918385
1.59,12,167.952945
-0.81,5,167.967612
1.14,4,167.979174
-0.68,15,168.027241
-0.65,8,168.049832
-0.69,10,168.08206
1.14,4,168.093152
1.14,4,168.105856
1.14,4,168.117733
1.14,4,168.128162
-0.76,6,168.142554
1.14,4,168.15418
-0.65,8,168.181285
-0.62,9,168.212084
1.14,4,168.224383
-0.67,8,168.246669
-0.49,10,168.2805
1.14,4,168.290004
-0.71,6,168.309643
-0.72,13,168.344854
1.14,4,168.356177
1.14,4,168.3668
1.23,7,168.387088
-0.62,9,168.412092
-0.41,10,168.440665
-0.57,10,168.471808
-0.32,11,168.506871
-0.79,9,168.537509
-0.47,12,168.574083
1.14,4,168.584791
1.14,4,168.595968
-0.31,11,168.628169
1.14,4,168.639735
-0.82,6,168.655507
-0.36,13,168.697086
-0.73,8,168.724106
-0.63,12,168.807131
1.14,4,168.816702
-0.62,9,168.848148
1.6,11,168.873984
-0.6,9,168.901925
1.14,4,168.913594
-0.32,12,168.942263
-0.77,7,168.966953
1.14,4,168.978867
1.14,4,168.991612
-0.66,7,169.011965
1.14,4,169.024296
-0.47,10,169.052651
1.14,4,169.065046
1.53,10,169.095085
-0.49,9,169.127752
-0.82,6,169.14915
-0.66,9,169.176985
-0.22,13,169.210432
-0.76,11,169.236821
-0.72,8,169.257899
-0.66,7,169.282785
-0.45,10,169.313994
-0.82,6,169.333406
-0.84,8,169.356898
-0.4,11,169.389682
1.46,12,169.419809
1.54,9,169.444254
-0.37,12,169.480938
1.14,4,169.492717
1.14,4,169.504931
1.19,5,169.52039
1.14,4,169.531211
1.48,10,169.560877
1.14,4,169.572771
1.14,4,169.585183
1.14,4,169.597723
1.14,4,169.608913
1.14,4,169.620763
-0.72,7,169.642004
1.58,11,169.676224
1.14,4,169.688226
1.14,4,169.70103
-0.66,7,169.721131
1.53,10,169.744437
-0.48,11,169.77391
-0.71,7,169.798794
-0.83,7,169.817594
-0.58,10,169.842571
-0.46,9,169.868399
-0.69,10,169.893221
1.14,4,169.905221
1.66,10,169.936724
-0.72,8,169.962462
1.14,4,169.975777
1.55,10,170.002622
-0.66,7,170.02127
-0.68,9,170.044409
-0.47,13,170.083003
1.14,4,170.094587
1.14,4,170.106501
1.14,4,170.1182
1.14,4,170.130263
1.14,4,170.139241
1.14,4,170.150816
1.58,9,170.171773
1.14,4,170.183438
-0.53,14,170.229722
-0.72,7,170.250633
1.55,10,170.280436
-0.7,8,170.304315
-0.45,10,170.336165
-0.47,11,170.370481
-0.31,15,170.410697
1.14,4,170.418858
1.14,4,170.431129
1.14,4,170.442714
-0.6,10,170.467688
-0.7,11,170.498387
1.14,4,170.509314
1.63,10,170.539374
-0.66,7,170.561978
1.14,4,170.571157
-0.77,9,170.597871
-0.41,12,170.632998
-0.65,12,170.667268
1.56,9,170.696831
-0.66,10,170.724121
1.14,4,170.73658
1.19,5,170.752088
1.14,4,170.764803
1.14,4,170.775321
1.14,4,170.784934
1.14,4,170.797234
1.14,4,170.806267
-0.64,10,170.835526
1.14,4,170.84699
1.52,11,170.880504
-0.56,11,170.916156
1.14,4,170.927459
-0.87,5,170.943936
-0.78,8,170.968506
1.14,4,170.981615
-0.49,9,171.011442
-0.67,8,171.038078
1.55,10,171.068245
-0.66,7,171.088153
1.14,4,171.099587
-0.79,9,171.125084
1.14,4,171.136456
1.44,8,171.160139
1.14,4,171.171843
1.14,4,171.18382
1.14,4,171.196836
1.14,4,171.208519
-0.77,7,171.225565
-0.67,8,171.243912
-0.62,9,171.270138
1.14,4,171.281632
-0.56,8,171.306367
-0.23,12,171.339894
-0.31,14,171.374514
1.14,4,171.386891
1.14,4,171.399763
-0.44,12,171.434501
-0.85,9,171.460373
1.76,11,171.498822
1.14,4,171.510715
-0.41,12,171.548789
1.14,4,171.559374
-0.84,8,171.583277
1.14,4,171.594754
-0.4,11,171.628725
1.14,4,171.639908
1.14,4,171.650784
1.14,4,171.661356
1.14,4,171.673409
-0.79,6,171.693151
1.14,4,171.704716
1.14,4,171.716164
-0.55,10,171.745767
1.14,4,171.753838
-0.47,14,171.795781
1.14,4,171.803611
-0.61,8,171.823973
-0.56,8,171.85085
1.44,8,171.875109
-0.47,11,171.910478
-0.38,15,171.946768
-0.68,9,172.025604
-0.81,5,172.041503
-0.62,9,172.06643
-0.66,7,172.088796
1.14,4,172.10093
-0.46,11,172.136787
-0.67,9,172.163264
-0.65,12,172.199048
-0.52,10,172.229955
-0.22,11,172.254552
-0.33,11,172.287239
-0.5,11,172.318483
1.64,10,172.349424
-0.66,7,172.370053
1.14,4,172.3797
1.14,4,172.389989
-0.49,9,172.413497
1.14,4,172.425383
-0.58,10,172.460011
-0.76,6,172.481093
1.14,4,172.49355
1.42,10,172.522477
1.14,4,172.534721
1.14,4,172.546809
-0.31,13,172.582889
-0.61,8,172.606363
-0.52,10,172.672123
1.14,4,172.684992
-0.51,12,172.73415
-0.68,9,172.771287
-0.63,10,172.811781
1.14,4,172.824461
-0.77,7,172.850494
-0.55,10,172.882976
1.14,4,172.895663
-0.3,13,172.934562
1.64,10,172.967565
-0.51,10,172.999549
-0.61,8,173.020517
1.14,4,173.033491
-0.82,6,173.055195
1.14,4,173.06703
1.14,4,173.080041
-0.73,9,173.108433
1.14,4,173.121314
1.14,4,173.13496
1.14,4,173.148066
1.14,4,173.162015
-0.66,7,173.186398
-0.38,11,173.22365
1.14,4,173.234898
1.14,4,173.247667
1.14,4,173.257017
-0.44,10,173.292987
-0.36,10,173.326522
-1.0,7,173.347207
-0.58,12,173.379614
-0.71,7,173.401019
1.14,4,173.413628
1.14,4,173.425823
-0.42,12,173.466884
-0.51,9,173.495412
1.14,4,173.50511
1.14,4,173.517394
-0.25,13,173.55827
1.14,4,173.571126
-0.51,9,173.608699
1.14,4,173.619419
-0.69,10,173.670405
1.14,4,173.68957
-0.72,11,173.732385
1.14,4,174.717124
-0.59,8,174.742857
1.14,4,174.75462
1.14,4,174.766776
-0.71,12,174.800412
-0.56,10,174.835066
-0.43,10,174.867924
-0.51,9,174.897735
-0.64,11,174.930124
-0.46,9,174.962667
1.14,4,174.976533
-0.63,10,175.009989
1.14,4,175.022483
1.14,4,175.036476
1.14,4,175.053194
-0.61,13,175.093427
-0.76,6,175.112979
1.51,12,175.147128
-0.66,7,175.166255
1.19,5,175.181023
1.14,4,175.193383
-0.77,7,175.219172
1.68,10,175.250414
-0.37,12,175.28692
-0.43,12,175.328278
-0.32,14,175.369306
1.14,4,175.380643
1.14,4,175.393625
-0.49,9,175.427655
-0.5,12,175.462233
1.14,4,175.474192
-0.57,15,175.517812
1.14,4,175.529605
1.14,4,175.542192
1.61,13,175.582178
1.14,4,175.594009
1.14,4,175.604981
1.14,4,175.61753
-0.82,6,175.635839
-0.66,10,175.670207
1.72,12,175.71144
1.48,10,175.743474
-0.64,11,175.778407
1.37,10,175.809444
-0.57,10,175.845534
-0.41,12,175.881061
-0.67,8,175.906449
1.14,4,175.919157
-0.54,12,175.959894
-0.82,6,175.982241
-0.61,8,176.008978
-0.77,7,176.031882
1.14,4,176.046934
1.14,4,176.060751
-0.36,11,176.101913
-0.31,10,176.136317
1.42,10,176.17629
-0.49,9,176.204931
-0.71,7,176.231643
1.14,4,176.244394
1.14,4,176.295685
1.14,4,176.337188
1.14,4,176.350655
-0.68,9,176.382784
-0.72,7,176.408291
-0.63,10,176.442623
-0.46,12,176.476497
-0.52,10,176.509638
1.14,4,176.52165
1.14,4,176.535243
1.38,9,176.566404
1.14,4,176.580235
-0.53,11,176.620001
-0.73,8,176.645856
-0.72,7,176.670628
1.14,4,176.684566
-0.6,13,176.724189
1.54,12,176.760042
1.14,4,176.768675
-0.43,11,176.806367
1.14,4,176.815675
-0.82,6,176.836864
-0.5,10,176.872868
1.14,4,176.882272
-0.72,8,176.911139
-0.42,10,176.946132
-0.44,14,176.99372
1.14,4,177.008963
-0.66,9,177.033562
-0.73,9,177.065647
1.14,4,177.078505
1.24,6,177.09868
-0.66,7,177.123042
-0.61,10,177.157999
1.14,4,177.169122
1.14,4,177.181595
1.14,4,177.195575
-0.6,13,177.23022
1.34,7,177.249863
1.14,4,177.260867
-0.78,8,177.2832
-0.45,11,177.319495
1.47,11,177.360286
-0.72,7,177.385215
1.14,4,177.396908
1.7,12,177.436034
-0.83,9,177.460536
1.47,11,177.494061
-0.49,10,177.518628
1.14,4,177.529308
-0.6,13,177.560976
1.42,10,177.592761
1.14,4,177.605172
1.14,4,177.618339
-0.75,7,177.643525
-0.76,9,177.667575
-0.52,10,177.69949
-0.44,13,177.74267
-0.41,10,177.76977
1.14,4,177.782652
1.14,4,177.79433
1.14,4,177.806369
1.14,4,177.817687
1.14,4,177.828749
1.14,4,177.840986
1.47,11,177.878129
-0.72,7,177.901233
1.14,4,177.912884
1.14,4,177.925664
-0.47,14,177.970223
-0.49,12,178.008893
-0.42,10,178.042467
-0.64,11,178.076144
1.14,4,178.083963
-0.68,9,178.111862
-0.48,11,178.145963
-0.61,10,178.17394
-0.58,10,178.196664
1.7,11,178.230328
1.19,5,178.246634
1.14,4,178.259493
-0.71,7,178.281716
-0.22,11,178.321215
-0.54,9,178.350116
1.14,4,178.362659
-0.54,9,178.390406
1.66,10,178.484115
1.14,4,178.517136
-0.73,9,178.550341
-0.73,9,178.583648
-0.61,8,178.61479
1.29,6,178.632003
1.14,4,178.644918
-0.48,11,178.687965
1.14,4,178.702769
-0.76,6,178.728839
-0.45,11,178.767111
1.14,4,178.782087
1.14,4,178.796445
-0.42,11,178.838
-0.39,11,178.874082
-0.19,12,178.90957
1.37,10,178.943775
-0.67,8,178.963459
-0.62,9,178.988336
1.14,4,179.00578
1.14,4,179.020767
1.14,4,179.032738
-0.64,11,179.074145
-0.31,12,179.109962
-0.66,7,179.133174
-0.76,6,179.156276
-0.48,12,179.198812
1.14,4,179.211243
-0.57,10,179.242779
-0.8,10,179.274076
-0.53,11,179.306684
1.14,4,179.315514
1.23,7,179.338712
1.14,4,179.347692
1.4,9,179.376534
1.14,4,179.385874
1.59,10,179.421705
-0.2,15,179.461917
1.14,4,179.474434
1.14,4,179.483029
-0.48,13,179.526504
-0.49,9,179.558407
1.33,8,179.584388
-0.74,6,179.601926
1.14,4,179.614902
-0.61,8,179.645012
-0.53,11,179.677767
1.14,4,179.689738
1.14,4,179.700871
1.51,9,179.728785
-0.67,8,179.753012
1.14,4,179.762526
-0.64,10,179.793205
-0.82,6,179.810573
-0.3,12,179.848135
1.14,4,179.861369
-0.64,8,179.889276
-0.61,10,179.922359
-0.76,6,179.938693
1.14,4,179.997
-0.56,8,180.035999
-0.43,12,180.072085
1.14,4,180.080877
1.63,12,180.116309
-0.66,7,180.142189
-0.76,6,180.160383
-0.52,10,180.212135
1.14,4,180.226781
-0.66,9,180.261301
-0.4,11,180.296993
-0.52,10,180.333271
-0.33,12,180.379122
1.14,4,180.394629
1.14,4,180.408277
1.14,4,180.421588
-0.62,9,180.461394
-0.56,9,180.508769
1.14,4,180.526906
1.14,4,180.540998
-0.72,7,180.563898
-0.4,11,180.605401
-0.32,12,180.643738
1.14,4,180.65526
1.53,10,180.692339
1.14,4,180.706405
-0.36,13,180.752115
-0.77,9,180.779854
-0.81,11,180.819842
1.42,10,180.850173
1.66,10,180.883683
1.14,4,180.896249
-0.51,11,180.93646
1.67,13,180.978455
-0.73,9,181.005712
1.14,4,181.015473
-0.36,11,181.056708
-0.42,11,181.088383
1.19,5,181.099374
1.14,4,181.113187
1.14,4,181.127849
1.14,4,181.141027
-0.4,14,181.196656
-0.51,11,181.237689
1.14,4,181.249743
-0.56,8,181.277757
1.54,9,181.308296
-0.58,10,181.340401
-0.42,11,181.377144
-0.58,10,181.412531
-0.46,9,181.445543
1.24,6,181.462844
1.14,4,181.477011
1.14,4,181.490812
-0.68,9,181.5265
1.75,13,181.573884
-0.59,8,181.59586
-0.72,8,182.5784
-0.5,10,182.612385
-0.35,12,182.646527
-0.72,10,182.685526
1.29,6,182.704972
-0.53,11,182.739031
1.64,14,182.783694
-0.64,10,182.812126
-0.76,6,182.830481
-0.4,11,182.863691
1.19,5,182.877991
1.66,12,182.921635
1.14,4,182.935308
1.14,4,182.947468
-0.73,9,182.982748
1.14,4,182.99441
1.14,4,183.008628
1.14,4,183.021948
-0.5,10,183.056707
-0.37,11,183.098004
1.14,4,183.111774
1.14,4,183.123746
1.14,4,183.136798
1.14,4,183.146826
1.58,10,183.176421
1.14,4,183.190611
-0.66,8,183.2196
1.14,4,183.234797
-0.41,9,183.265821
1.66,10,183.297135
1.14,4,183.310515
-0.62,9,183.338498
-0.44,10,183.369676
-0.67,8,183.398104
-0.56,12,183.437911
1.14,4,183.449247
-0.5,11,183.491399
-0.5,11,183.530301
-0.46,12,183.571748
1.14,4,183.58438
-0.47,10,183.621964
-0.56,8,183.65205
-0.58,10,183.685323
1.14,4,183.700955
1.14,4,183.713403
-0.62,9,183.74283
1.14,4,183.755272
-0.52,11,183.792167
1.44,8,183.818671
1.14,4,183.82884
1.14,4,183.841176
1.14,4,183.853439
1.29,6,183.872982
-0.68,9,183.911782
1.14,4,183.983074
-0.46,10,184.021942
1.39,10,184.052464
1.14,4,184.064374
1.14,4,184.076829
1.14,4,184.089978
1.46,9,184.125526
1.14,4,184.138342
1.14,4,184.152617
1.14,4,184.165092
1.14,4,184.177981
-0.41,10,184.217872
-0.5,10,184.247484
1.14,4,184.25862
1.85,13,184.293321
1.59,11,184.326219
-0.53,11,184.364286
-0.82,6,184.386352
-0.72,7,184.411417
1.37,10,184.441273
-0.99,6,184.459259
-0.31,12,184.499157
-0.34,11,184.5438
1.14,4,184.558377
1.14,4,184.571144
-0.55,10,184.674327
-0.53,12,184.719831
-0.75,7,184.746465
1.14,4,184.758143
-0.76,6,184.775786
1.14,4,184.78887
-0.37,11,184.823194
-0.74,9,184.850136
1.14,4,184.862779
-0.9,8,184.887822
-0.47,11,184.926528
1.14,4,184.939016
-0.47,9,184.971049
1.55,10,185.00511
1.14,4,185.016347
-0.66,12,185.053768
1.29,9,185.077001
1.14,4,185.091418
-0.83,7,185.115996
1.14,4,185.124268
1.67,11,185.153863
1.14,4,185.164495
-0.51,12,185.203651
1.14,4,185.215881
1.55,10,185.247657
1.14,4,185.257022
1.71,10,185.287526
1.14,4,185.30007
1.14,4,185.309295
1.66,10,185.334659
1.14,4,185.342974
1.38,9,185.373822
1.37,10,185.403585
1.14,4,185.417741
1.14,4,185.429198
-0.32,14,185.474574
1.4,8,185.502523
1.73,13,185.551188
1.14,4,185.563627
-0.91,4,185.578337
-0.68,9,185.610746
-0.78,8,185.641317
-0.53,11,185.679068
-0.84,8,185.705931
-0.39,14,185.754506
-0.77,7,185.7755
-0.47,11,185.813437
-0.67,10,185.845643
1.14,4,185.860419
1.14,4,185.875018
1.14,4,185.887279
1.14,4,185.900059
-0.63,10,185.926647
-0.68,9,185.958895
-0.39,11,185.994527
-0.55,13,186.033997
-0.56,8,186.060147
-0.56,10,186.099934
-0.76,6,186.120042
-0.53,11,186.147682
-0.66,9,186.176485
1.14,4,186.187452
1.14,4,186.198785
1.14,4,186.211084
1.14,4,186.224395
1.14,4,186.236109
1.51,13,186.276712
-0.47,11,186.317474
-0.81,5,186.335926
1.66,14,186.375115
1.57,12,186.409427
1.14,4,186.423116
-0.49,12,186.457071
1.59,10,186.486506
-0.39,10,186.519834
1.14,4,186.52974
-0.57,10,186.565794
-0.76,6,186.588532
-0.5,10,186.625207
1.14,4,186.640072
1.55,10,186.673991
-0.52,10,186.70844
1.14,4,186.723036
-0.53,11,186.759177
1.14,4,186.772582
-0.76,6,186.791707
1.14,4,186.804472
-0.53,11,186.834471
-0.45,10,186.861749
1.14,4,186.874626
1.14,4,186.887454
-0.42,10,186.921123
1.7,12,186.960316
1.14,4,186.972621
1.14,4,186.988219
-0.42,11,187.029216
1.14,4,187.041799
-0.91,6,187.059694
-0.76,6,187.083333
-0.67,8,187.110726
-0.79,9,187.142023
-0.49,13,187.183785
1.14,4,187.194793
1.36,11,187.234971
1.47,11,187.268747
-0.7,8,187.294899
-0.51,9,187.329226
-0.62,9,187.361182
-0.49,9,187.39304
1.14,4,187.405169
1.14,4,187.41821
-0.63,12,187.456337
-0.67,8,187.482246
-0.7,8,187.509735
-0.66,7,187.534801
1.14,4,187.548867
-0.45,11,187.583718
-0.45,11,187.623682
1.14,4,187.638066
1.14,4,187.651326
1.14,4,187.663657
1.14,4,187.675149
-0.5,14,187.717764
-0.55,13,187.760209
-0.7,11,187.795527
1.54,10,187.833863
1.14,4,187.847675
1.53,10,187.879307
-0.59,10,187.915086
1.63,10,187.948785
1.14,4,187.961283
-0.46,9,187.994663
-0.75,11,188.02758
1.14,4,188.03819
-0.66,7,188.065551
-0.68,9,188.097879
1.14,4,188.109859
-0.72,8,188.133176
1.14,4,188.145089
1.5,10,188.17112
-0.59,12,188.203175
1.42,9,188.233547
1.14,4,188.283266
-0.25,14,188.347204
-0.52,13,188.386864
1.59,13,188.424952
-0.73,8,188.450547
-0.48,12,188.488242
1.14,4,188.501661
-0.63,10,188.533328
-0.32,12,188.572769
-0.51,9,188.604494
-0.68,9,188.635319
-0.66,7,188.662065
1.14,4,188.673869
-0.42,11,188.71013
-0.83,8,188.741245
-0.35,11,188.781474
1.14,4,188.794148
-0.94,7,188.823522
-0.67,8,188.857076
1.14,4,188.87193
-0.82,6,188.895454
1.14,4,188.907734
1.14,4,188.921693
-0.66,10,188.961705
1.14,4,188.974318
-0.46,9,189.010929
-0.53,11,189.050594
-0.8,10,189.085053
1.14,4,189.098407
-0.44,10,189.131416
1.14,4,189.143103
-0.62,8,189.171421
1.14,4,189.184177
-0.71,12,189.218959
1.53,10,189.250419
1.14,4,189.26311
-0.67,8,189.290177
-0.62,11,189.323921
-0.46,12,189.362139
1.14,4,189.374953
-0.47,11,189.407305
-0.54,12,189.448695
1.14,4,189.461115
-0.42,12,189.502045
1.14,4,190.257436
-0.3,12,190.284492
1.14,4,190.296613
1.14,4,190.308083
-0.66,7,190.334627
-0.5,10,190.369502
1.14,4,190.382002
-0.67,7,190.407511
-0.69,11,190.442532
-0.57,9,190.469324
1.14,4,190.481187
-0.66,8,190.506412
1.48,10,190.533923
1.14,4,190.547386
-0.54,12,190.588606
1.63,10,190.617449
-0.44,9,190.642467
1.98,13,190.682984
1.14,4,190.693231
1.14,4,190.706066
-0.82,6,190.726441
1.14,4,190.736882
-0.31,11,190.771954
-0.72,8,190.794376
-0.69,10,190.819485
-0.48,11,190.853877
1.43,9,190.882277
-0.5,11,190.918298
-0.82,6,190.934048
1.14,4,190.946584
-0.47,11,190.981417
-0.56,8,191.007059
-0.76,6,191.023924
1.14,4,191.035505
1.14,4,191.046812
1.14,4,191.058169
-0.67,8,191.084253
1.14,4,191.096586
1.14,4,191.10853
1.14,4,191.118793
1.14,4,191.132159
-0.49,10,191.158464
-0.68,11,191.187663
-0.49,9,191.22013
-0.76,6,191.240653
1.64,10,191.269736
-0.59,9,191.297477
1.14,4,191.306455
1.14,4,191.317862
-0.82,6,191.335564
1.14,4,191.348159
1.14,4,191.360201
-0.67,8,191.387505
-0.56,9,191.419223
1.14,4,191.431595
1.71,11,191.461747
-0.76,6,191.481076
1.14,4,191.492221
-0.66,7,191.512853
-0.73,9,191.54004
-0.68,10,191.573982
1.64,11,191.611577
-0.72,10,191.640652
-0.43,11,191.671988
-0.62,9,191.699917
-0.67,10,191.728787
1.14,4,191.739578
-0.61,8,191.766644
-0.67,8,191.793095
1.14,4,191.801822
1.29,6,191.81913
1.14,4,191.832771
1.52,11,191.924074
1.14,4,191.933668
-0.72,7,191.953972
-0.78,8,191.977809
1.14,4,191.987486
-0.51,11,192.025049
-0.49,9,192.060012
-0.9,8,192.083215
1.14,4,192.094801
-0.61,11,192.125682
-0.52,10,192.154071
1.14,4,192.167137
-0.67,8,192.186211
1.48,10,192.215393
1.14,4,192.22859
1.14,4,192.24415
1.14,4,192.255534
1.14,4,192.270605
1.14,4,192.284979
1.53,10,192.322356
1.14,4,192.34051
-0.66,7,192.436264
-0.94,7,192.458972
1.14,4,192.470307
-0.61,10,192.504432
1.14,4,192.516434
1.14,4,192.529108
1.14,4,192.542454
1.14,4,192.552493
1.14,4,192.5633
-0.56,9,192.594929
-0.48,12,192.631174
1.37,10,192.663313
-0.82,6,192.682292
1.14,4,192.695049
-0.56,8,192.71894
1.14,4,192.73137
-0.82,6,192.751541
-0.61,8,192.78236
1.61,11,192.82023
1.14,4,192.83374
1.14,4,192.847405
1.14,4,192.862295
1.14,4,192.876476
1.14,4,192.891872
-0.41,9,192.924143
1.14,4,192.936121
1.14,4,192.950067
1.14,4,192.963715
-0.48,10,193.000768
-0.78,8,193.031353
1.14,4,193.044001
1.14,4,193.056052
1.14,4,193.069185
1.14,4,193.082328
-0.47,10,193.118865
1.14,4,193.131543
-0.35,12,193.173745
-0.76,6,193.195577
-0.54,9,193.224804
1.64,10,193.26043
1.14,4,193.271904
1.14,4,193.285038
-0.67,8,193.313813
-0.42,15,193.359748
-0.56,10,193.395357
1.64,10,193.425609
-0.84,8,193.450842
1.14,4,193.463635
-0.71,6,193.483635
-0.44,9,193.514067
1.14,4,193.526491
-0.64,7,193.548232
1.14,4,193.559239
1.14,4,193.571387
-0.58,11,193.608169
1.14,4,193.62201
1.14,4,193.635454
-0.7,7,193.661268
1.59,10,193.690952
1.14,4,193.699912
-0.76,6,193.719752
-0.13,15,193.766735
1.14,4,193.77887
-0.77,7,193.799572
-0.56,11,193.833365
1.14,4,193.845273
-0.83,7,193.86836
-0.54,11,193.899643
-0.6,9,193.920643
1.14,4,193.931365
1.14,4,193.944819
1.14,4,193.954516
-0.64,7,193.969232
1.14,4,193.979269
-0.77,7,193.997845
-0.71,10,194.027986
-0.3,14,194.071828
-0.72,7,194.097
-0.62,9,194.122023
-0.88,6,194.143654
-0.56,10,194.177792
-0.58,10,194.20623
-0.49,11,194.246364
-0.41,13,194.290881
1.59,10,194.324571
-0.68,9,194.354274
-0.5,10,194.387154
1.42,10,194.414096
1.14,4,194.426233
-0.34,11,194.457399
-0.66,7,194.479897
-0.85,9,194.50158
1.14,4,194.51315
-0.82,6,194.533088
1.14,4,194.545121
1.14,4,194.556885
1.14,4,194.568334
-0.46,10,194.598078
-0.4,11,194.626875
1.14,4,194.639157
1.14,4,194.651757
-0.47,11,194.687431
-0.56,8,194.71269
-0.61,8,194.736092
1.14,4,194.748503
-0.57,9,194.777866
-0.76,6,194.794991
1.14,4,194.807702
1.14,4,194.817477
1.14,4,194.82864
1.42,10,194.860183
1.14,4,194.871006
1.55,10,194.901566
-0.57,12,194.942787
-0.21,14,194.984401
-0.49,9,195.014418
1.43,12,195.049752
-0.55,11,195.080822
1.64,10,195.11189
1.14,4,195.123856
1.14,4,195.135645
-0.48,14,195.172098
-0.56,11,195.200531
1.34,7,195.225042
1.14,4,195.233148
1.14,4,195.243463
1.14,4,195.254377
-0.39,11,195.284859
1.14,4,195.295529
1.46,12,195.330762
-0.48,11,195.367884
1.14,4,195.382067
-0.54,12,195.420974
-0.53,10,195.456641
1.14,4,195.466099
1.14,4,195.477721
-0.67,8,195.502479
-0.54,9,195.526677
1.58,9,195.550117
1.14,4,195.563061
-0.61,10,195.595773
1.61,10,195.628206
-0.6,9,195.658471
-0.53,11,195.691257
-0.76,6,195.710896
-0.18,17,195.748964
1.6,11,195.780655
-0.34,11,195.81352
1.14,4,195.825295
-0.76,6,195.845943
-0.65,13,195.884521
-0.31,11,195.973235
1.14,4,195.985063
1.14,4,195.996809
1.56,11,196.033412
-0.66,7,196.056532
1.14,4,196.066419
1.14,4,196.078403
1.33,8,196.102036
1.14,4,196.112216
-0.67,8,196.138965
1.14,4,196.148911
-0.52,10,196.177284
-0.81,7,196.202328
1.14,4,196.215436
1.14,4,196.228929
1.14,4,196.243943
1.14,4,196.258057
-0.72,7,196.283692
1.14,4,196.296376
-0.66,10,196.331946
-0.66,7,196.350979
-0.34,10,196.385483
1.47,11,196.421499
1.61,10,196.450613
-0.76,6,196.468577
1.48,10,196.498781
-0.42,12,196.533433
-0.67,8,196.559316
1.56,9,196.589248
-0.5,10,196.619102
1.36,11,196.64952
-0.27,13,196.692842
-0.53,11,196.729604
1.14,4,196.740708
-0.44,10,196.771803
-0.36,12,197.493732
1.14,4,197.503225
1.14,4,197.513599
1.14,4,197.525453
1.14,4,197.536678
1.14,4,197.546139
-0.71,6,197.565581
-0.34,11,197.597414
1.14,4,197.609331
-0.69,10,197.642822
1.14,4,197.653814
1.44,9,197.677335
-0.56,11,197.714859
1.14,4,197.727792
1.14,4,197.740329
-0.73,8,197.768484
-0.61,8,197.796864
-0.41,10,197.833122
1.31,10,197.86093
-0.5,11,197.891684
1.32,9,197.91553
-0.68,9,197.945354
-0.86,10,197.974883
-0.76,6,197.994555
1.14,4,198.0059
1.55,10,198.035395
1.14,4,198.047854
1.39,8,198.074805
-0.47,11,198.111112
1.14,4,198.123155
1.33,8,198.148676
1.55,10,198.177499
-0.67,8,198.204609
-0.47,12,198.248277
-0.41,13,198.292271
1.14,4,198.304262
1.14,4,198.31455
-0.54,13,198.353304
1.14,4,198.36553
-0.76,6,198.388267
-0.66,10,198.418368
-0.37,11,198.453218
1.14,4,198.462948
-0.7,10,198.498
1.48,10,198.531304
-0.47,10,198.563061
1.19,5,198.579648
-0.41,11,198.61615
1.14,4,198.627358
1.14,4,198.638701
1.14,4,198.650454
1.14,4,198.662618
1.14,4,198.674999
1.14,4,198.686748
-0.64,14,198.730718
1.14,4,198.743517
1.14,4,198.755737
1.14,4,198.767601
-0.73,8,198.794221
-0.53,11,198.832659
-0.56,11,198.863741
-0.68,9,198.893151
1.14,4,198.905701
-0.72,13,198.951941
1.14,4,198.961824
1.14,4,198.972759
-0.38,13,199.009226
-0.43,12,199.047077
1.14,4,199.058505
-0.76,6,199.077992
-0.68,9,199.105373
-0.66,7,199.126494
1.14,4,199.138577
1.14,4,199.150802
1.14,4,199.1643
1.14,4,199.178862
-0.46,12,199.224784
-0.67,8,199.256483
1.14,4,199.269672
-0.77,7,199.288921
1.14,4,199.300999
1.14,4,199.312088
1.55,10,199.341318
-0.59,10,199.374876
1.14,4,199.386848
1.14,4,199.397938
1.14,4,199.410749
1.14,4,199.423894
-0.51,9,199.454801
1.14,4,199.466618
-0.71,6,199.488172
1.61,10,199.51892
-0.51,9,199.545475
-0.5,11,199.581605
-0.77,7,199.601266
-0.33,13,199.638819
-0.49,12,199.678756
1.14,4,199.688531
-0.69,10,199.715944
1.52,11,199.754089
-0.6,9,199.782881
1.14,4,199.793483
1.14,4,199.804995
1.14,4,199.81504
1.14,4,199.827282
-0.56,8,199.853558
1.14,4,199.861814
-0.76,6,199.935266
-0.66,7,199.96022
-0.17,12,199.994607
1.14,4,200.006341
-0.68,9,200.035643
-0.53,13,200.073313
-0.52,13,200.106991
-0.76,8,200.130522
-0.83,7,200.147028
-0.53,10,200.18095
1.14,4,200.193176
1.14,4,200.205938
-0.61,8,200.227743
-0.44,10,200.309567
1.14,4,200.333712
-0.64,7,200.355075
-0.56,8,200.377028
-0.41,12,200.414916
1.14,4,200.427258
1.14,4,200.440066
-0.66,7,200.461379
-0.47,11,200.49416
1.14,4,200.503719
-0.66,7,200.526449
1.14,4,200.538959
-0.6,9,200.566519
1.14,4,200.578707
1.43,9,200.609374
1.14,4,200.624508
1.14,4,200.635594
-0.76,9,200.664081
1.14,4,200.676434
1.36,11,200.706657
1.52,11,200.736158
-0.58,11,200.766128
1.14,4,200.778905
1.14,4,200.791772
1.51,9,200.821437
1.14,4,200.833122
-0.67,8,200.858691
1.59,10,200.888519
-0.48,10,200.920467
1.14,4,200.931524
1.14,4,200.943862
1.14,4,200.956258
-0.62,9,200.986601
1.14,4,200.997986
1.71,10,201.038767
1.14,4,201.053754
-0.6,9,201.084407
-0.73,9,201.119569
-0.6,10,201.155756
1.14,4,201.170406
1.58,9,201.204164
-0.55,13,201.250714
-0.77,7,201.271959
-0.57,10,201.303514
-0.5,10,201.337434
1.14,4,201.349992
1.13,5,201.362772
-0.16,14,201.40686
1.14,4,201.419547
1.14,4,201.429091
-0.51,9,201.457803
1.14,4,201.470364
1.14,4,201.47931
-0.29,10,201.5144
1.14,4,201.528409
-0.76,6,201.549539
1.14,4,201.56291
1.14,4,201.57599
-0.34,12,201.614369
-0.38,11,201.65655
1.14,4,201.670007
1.14,4,201.680159
1.44,8,201.705509
-0.71,7,201.728409
1.14,4,201.742226
1.14,4,201.755248
1.64,10,201.791581
1.14,4,201.805288
-0.76,9,201.8376
-0.82,9,201.862293
-0.79,9,201.886717
1.14,4,201.897934
1.14,4,201.910599
-0.49,12,201.945
-0.81,5,201.960145
-0.69,11,201.99296
1.43,9,202.024644
-0.56,8,202.052498
-0.58,11,202.087722
1.14,4,202.099915
-0.47,10,202.12903
-0.77,7,202.155231
-0.64,8,202.182835
1.14,4,202.194929
1.14,4,202.206493
-0.49,9,202.23445
1.14,4,202.245297
1.19,5,202.261554
1.14,4,202.274545
1.14,4,202.286626
-0.88,7,202.310445
1.14,4,202.322046
-0.25,14,202.360434
1.14,4,202.37184
-0.5,10,202.406872
-0.66,7,202.431108
1.14,4,202.446551
-0.44,13,202.489048
1.14,4,202.502417
-0.33,13,202.543415
-0.48,11,202.583041
1.57,11,202.618809
-0.67,8,202.64578
1.14,4,202.657389
1.14,4,202.670053
1.14,4,202.681301
-0.52,10,202.718273
-0.57,10,202.750097
1.14,4,202.759483
-0.42,10,202.795102
1.14,4,202.805652
-0.61,8,202.829728
-0.61,9,202.859298
1.14,4,202.872768
-0.55,11,202.906373
-0.24,14,202.945239
-0.66,7,202.971879
1.14,4,202.983138
1.14,4,202.994628
-0.69,7,203.017925
1.41,8,203.039573
-0.5,10,203.070207
-0.67,11,203.148564
1.14,4,203.158204
1.14,4,203.17154
1.14,4,203.184312
-0.5,10,203.218154
1.54,11,203.249479
-0.04,14,203.281897
1.68,12,203.316968
-0.63,10,203.350803
-0.67,8,203.372456
-0.61,8,203.396953
1.14,4,203.409193
-0.37,11,203.445234
-0.53,9,203.475959
1.14,4,203.488951
1.14,4,203.500344
-0.66,7,203.521497
1.47,10,203.550847
-0.45,10,203.584579
-0.64,7,203.607856
1.14,4,203.620501
1.14,4,203.633275
-0.66,7,203.657026
1.59,9,203.687555
1.62,11,203.722069
1.14,4,203.735801
-0.46,9,203.765457
-0.63,10,203.801861
-0.46,10,203.837205
1.53,10,203.870068
1.56,13,203.91045
-0.62,9,203.946997
1.14,4,203.957213
-0.46,13,203.993829
-0.68,9,204.025257
2.01,15,204.07485
-0.56,11,204.796107
1.14,4,204.804951
-0.66,8,204.832959
1.14,4,204.84169
1.14,4,204.853491
1.14,4,204.86605
-0.45,11,204.901988
-0.57,9,204.931187
1.36,7,204.954655
-0.49,12,204.994229
-0.62,9,205.019613
-0.57,9,205.048214
-0.54,9,205.074433
-0.73,9,205.10427
-0.47,14,205.149008
1.14,4,205.160898
1.14,4,205.174011
1.14,4,205.185628
-0.43,12,205.219345
-0.62,9,205.244362
1.35,8,205.27038
1.54,12,205.305553
-0.52,10,205.33949
1.61,10,205.373992
1.19,5,205.390678
-0.39,13,205.437184
1.64,10,205.467898
1.14,4,205.482664
1.14,4,205.496172
1.14,4,205.508429
-0.3,11,205.556715
-0.64,11,205.59744
1.14,4,205.608695
1.14,4,205.62169
-0.77,7,205.647046
-0.01,14,205.706033
-0.66,7,205.733857
1.49,11,205.774782
-0.48,11,205.814615
1.14,4,205.828585
-0.5,10,205.865418
1.14,4,205.879709
1.48,9,205.918164
1.55,11,205.958848
1.14,4,205.9723
1.14,4,205.985789
1.14,4,205.999032
1.14,4,206.011994
-0.5,11,206.049476
-0.63,10,206.080209
-0.67,8,206.104072
1.14,4,206.115066
1.14,4,206.125673
1.14,4,206.135476
1.14,4,206.147833
1.14,4,206.159041
1.14,4,206.170503
1.81,13,206.209508
-0.65,8,206.238559
1.14,4,206.251914
1.14,4,206.264726
-0.61,8,206.291919
1.14,4,206.303866
-0.62,9,206.327311
1.14,4,206.336963
-0.52,10,206.363364
-0.42,11,206.392122
1.14,4,206.403999
-0.57,9,206.433313
-0.39,13,206.471069
-0.4,11,206.504055
-0.38,13,206.538703
-0.64,7,206.558329
-0.82,6,206.576981
1.14,4,206.58849
1.14,4,206.600278
1.14,4,206.608599
-0.52,10,206.637794
1.14,4,206.650088
1.14,4,206.661762
1.14,4,206.671111
1.14,4,206.683109
1.14,4,206.694735
1.14,4,206.70616
1.14,4,206.717653
1.14,4,206.729664
1.3,11,206.75847
-0.79,9,206.783629
-0.62,9,206.81016
-0.45,12,206.842174
-0.57,9,206.869243
1.14,4,206.880649
1.14,4,206.891699
1.51,9,206.916885
-0.66,7,206.940418
-0.64,7,206.957608
1.14,4,206.969416
-0.72,7,207.027683
1.19,5,207.055672
-0.53,11,207.092812
1.14,4,207.104654
1.53,10,207.134915
1.43,9,207.1609
-0.57,12,207.193958
-0.66,7,207.216777
-0.33,13,207.252591
1.42,10,207.281872
-0.61,8,207.308657
1.14,4,207.320531
-0.73,9,207.343576
-0.63,10,207.365475
-0.6,10,207.394408
-0.44,12,207.424097
1.14,4,207.436116
-0.69,10,207.470336
-0.56,13,207.505753
1.14,4,207.517054
-0.71,6,207.535119
1.28,8,207.555598
1.61,10,207.584749
1.14,4,207.596668
1.14,4,207.608044
-0.52,9,207.63783
-0.6,9,207.664581
1.14,4,207.676144
1.14,4,207.688521
1.14,4,207.70182
-0.54,9,207.724929
-0.66,9,207.750505
-0.52,8,207.770687
-0.66,7,207.793767
-0.23,12,207.828185
-0.59,8,207.849317
-0.76,6,207.869312
1.14,4,207.881765
-0.47,10,207.914832
-0.57,9,207.93941
1.14,4,207.949493
1.14,4,207.96077
-0.64,11,207.997372
1.14,4,208.006299
-0.72,8,208.03219
-0.76,6,208.050672
1.14,4,208.06246
-0.54,9,208.092376
-0.47,11,208.122428
-0.51,9,208.150345
1.14,4,208.159133
-0.56,8,208.180244
-0.32,12,208.211772
1.14,4,208.220982
1.14,4,208.232862
1.14,4,208.245439
-0.33,12,208.278935
-0.62,9,208.309097
1.14,4,208.31855
1.14,4,208.329051
1.14,4,208.338289
1.14,4,208.35009
1.14,4,208.363594
-0.86,5,208.380117
1.14,4,208.389329
-0.67,8,208.415918
-0.37,14,208.459348
1.14,4,208.46854
-0.76,6,208.487388
-0.66,7,208.509082
1.14,4,208.521099
1.14,4,208.534185
1.14,4,208.545825
-0.5,11,208.577253
1.14,4,208.586937
-0.4,14,208.627703
1.14,4,208.639414
1.57,10,208.666124
-0.59,8,208.688126
-0.47,10,208.718934
1.14,4,208.730931
1.14,4,208.742778
-0.76,6,208.762226
1.14,4,208.77351
1.65,11,208.801755
-0.78,8,208.82796
1.14,4,208.836774
-0.63,10,208.866993
-0.62,9,208.89478
1.14,4,208.906455
1.14,4,208.915944
1.14,4,208.97284
1.14,4,208.998907
1.14,4,209.012268
-0.3,12,209.039406
1.14,4,209.051632
1.14,4,209.063397
1.42,10,209.091872
1.46,8,209.112406
-0.48,10,209.14586
-0.54,12,209.178568
1.14,4,209.188963
-0.71,7,209.207763
1.14,4,209.219401
-0.68,9,209.245713
1.46,8,209.272451
1.14,4,209.285495
1.14,4,209.297902
-0.38,13,209.33884
-0.14,15,209.38663
1.14,4,209.398467
1.14,4,209.411666
-0.56,9,209.442835
-0.45,12,209.48049
1.14,4,209.491486
-0.17,13,209.528436
1.44,9,209.555993
-0.2,12,209.595953
1.66,10,209.624403
1.59,11,209.657273
1.14,4,209.669069
-0.73,9,209.700747
-0.45,11,209.736137
-0.89,7,209.757568
-0.67,8,209.780612
1.14,4,209.790711
1.64,10,209.823735
-0.66,7,209.841341
1.14,4,209.851244
-0.28,14,209.88816
-0.22,15,209.934933
-0.64,11,209.970595
-0.37,11,210.004632
-0.66,9,210.032159
1.14,4,210.044123
1.14,4,210.054822
-0.38,11,210.083078
-0.4,11,210.113861
-0.53,11,210.145516
-0.46,12,210.213834
1.14,4,210.240897
-0.61,10,210.277873
-0.49,9,210.306483
-0.65,12,210.342235
-0.43,11,210.38019
-0.66,9,210.408862
-0.29,12,210.448204
1.14,4,210.458939
-0.88,6,210.480055
1.14,4,210.494967
1.14,4,210.509103
1.14,4,210.521837
-0.27,12,210.570051
-0.45,10,210.606928
-0.6,10,210.644946
1.14,4,210.655911
1.14,4,210.66757
-0.78,9,210.697762
-0.47,10,210.723455
1.14,4,210.735695
1.14,4,210.747947
1.14,4,210.760295
-0.53,11,210.794364
1.64,10,210.822968
1.14,4,210.835633
-0.23,13,210.878951
1.14,4,210.888776
-0.77,7,210.911322
1.49,9,210.940953
-0.61,8,210.963394
1.32,9,210.991572
-0.82,6,211.010116
-0.4,12,211.046536
-0.2,12,211.083705
1.47,11,211.115809
1.14,4,211.128621
-0.6,11,211.162293
-0.56,10,211.894935
1.14,4,211.908213
-0.52,10,211.936542
-0.5,11,211.971347
1.14,4,211.980712
1.14,4,211.992441
1.14,4,212.002318
-0.62,8,212.028108
-0.46,12,212.061663
1.14,4,212.076615
1.14,4,212.086469
-0.33,13,212.126655
1.14,4,212.136258
1.14,4,212.149016
1.14,4,212.160566
1.14,4,212.17222
-0.65,8,212.197482
1.14,4,212.209982
1.61,10,212.242863
1.64,10,212.275617
1.14,4,212.28715
-0.49,9,212.314522
-0.6,9,212.341989
-0.46,12,212.377418
-0.82,6,212.398697
1.14,4,212.411841
1.14,4,212.422843
-0.76,6,212.443995
-0.68,12,212.483274
1.14,4,212.494853
-0.68,9,212.519191
1.52,10,212.549443
1.14,4,212.562507
-0.68,9,212.589047
1.14,4,212.598551
1.6,11,212.633699
1.37,10,212.666018
1.14,4,212.679294
-0.64,7,212.700692
1.19,5,212.717227
-0.74,10,212.756287
-0.45,11,212.791913
-0.42,9,212.819223
1.43,9,212.850522
1.14,4,212.862914
1.14,4,212.877315
1.14,4,212.889076
1.14,4,212.899569
1.14,4,212.911528
1.39,8,212.94023
-0.6,10,212.977043
1.5,10,213.004794
1.14,4,213.01796
-0.71,7,213.041721
1.14,4,213.053782
-0.69,12,213.09052
1.44,10,213.120647
-0.66,7,213.14326
1.14,4,213.15288
1.14,4,213.165297
1.14,4,213.178269
-0.46,12,213.213841
1.14,4,213.225173
1.14,4,213.234525
1.14,4,213.247136
-0.61,8,213.275416
1.14,4,213.285199
1.14,4,213.298064
-0.65,8,213.319922
-0.3,13,213.357383
-0.62,9,213.382825
1.14,4,213.395159
1.14,4,213.406085
1.14,4,213.415155
-0.77,9,213.444006
-0.59,8,213.469046
-0.71,6,213.488834
1.14,4,213.500995
1.58,12,213.533251
1.14,4,213.546653
-0.35,11,213.581164
-0.66,7,213.604421
1.14,4,213.613632
-0.38,12,213.645838
-0.56,9,213.67179
1.14,4,213.680356
-0.6,9,213.704341
1.14,4,213.715582
1.48,10,213.743521
1.14,4,213.754874
-0.71,7,213.778848
1.14,4,213.79163
-0.24,13,213.83516
1.14,4,213.846622
1.59,10,213.877275
1.14,4,213.888882
1.54,11,213.9179
1.14,4,213.983958
-0.31,12,214.029485
-0.43,12,214.060569
-0.58,10,214.089465
1.14,4,214.098047
1.14,4,214.10895
-0.61,13,214.146715
1.6,11,214.180833
-0.62,8,214.210528
-0.76,6,214.227651
1.71,12,214.263098
1.14,4,214.275401
-0.62,9,214.30292
1.14,4,214.313066
1.14,4,214.323271
-0.79,9,214.343714
1.14,4,214.354287
1.63,10,214.385724
1.44,8,214.405395
-0.49,9,214.434138
-0.68,9,214.461791
-0.56,9,214.491162
-0.39,12,214.535485
-0.72,7,214.558391
-0.84,8,214.585384
1.14,4,214.597254
-0.5,10,214.628803
1.14,4,214.640658
1.14,4,214.652161
-0.43,10,214.680077
1.47,11,214.711619
1.19,5,214.726282
1.37,10,214.75664
-0.76,6,214.775605
-0.74,9,214.805243
-0.67,8,214.827847
-0.73,9,214.854702
-0.77,8,214.877698
-0.36,13,214.917786
1.14,4,214.927531
1.14,4,214.937501
-0.54,9,214.959857
1.14,4,214.972426
1.14,4,214.983137
-0.63,10,215.0169
-0.39,11,215.04685
-0.72,8,215.072502
1.14,4,215.081804
-0.76,6,215.099861
1.65,11,215.131415
-0.47,10,215.159783
1.65,12,215.194505
1.14,4,215.205998
-0.52,10,215.232701
-0.71,6,215.249352
-0.68,9,215.279476
-0.62,9,215.307943
1.14,4,215.320075
1.14,4,215.329674
-0.66,7,215.347905
1.54,11,215.380217
1.14,4,215.390939
1.14,4,215.401803
1.14,4,215.411502
-0.37,11,215.445826
-0.33,12,215.483496
1.14,4,215.495674
-0.53,11,215.527283
-0.66,13,215.562024
-0.48,11,215.589198
-0.3,11,215.619098
-0.64,7,215.633921
1.14,4,215.645372
-0.77,7,215.668782
1.52,11,215.698522
-0.43,12,215.730193
1.14,4,215.742706
1.14,4,215.753079
1.54,11,215.783651
1.14,4,215.793385
1.53,11,215.826638
1.14,4,215.840019
-0.53,14,215.888091
-0.47,10,215.9213
1.14,4,215.933182
-0.48,11,215.974354
-0.51,11,216.010312
1.14,4,216.023255
-0.56,8,216.051905
1.14,4,216.065504
1.14,4,216.079959
1.14,4,216.09283
1.37,10,216.125439
1.86,13,216.167317
1.46,12,216.201667
-0.68,9,216.226952
-0.71,10,216.258333
1.66,11,216.294444
-0.5,10,216.327533
1.14,4,216.339
1.14,4,216.350345
-0.72,8,216.377266
1.61,10,216.411957
-0.68,9,216.439857
-0.68,9,216.471583
1.59,9,216.495893
1.14,4,216.507331
-0.42,11,216.543461
-0.41,10,216.579214
1.53,10,216.610108
-0.76,6,216.629371
-0.21,14,216.666392
1.14,4,216.678509
-0.29,11,216.711176
1.14,4,216.720809
1.42,10,216.751257
-0.44,11,216.786033
1.54,11,216.821166
1.14,4,216.833076
-0.49,10,216.860445
1.14,4,216.8725
-0.46,13,216.912311
-0.42,9,216.941268
1.38,8,216.967378
1.42,10,216.993519
-0.42,11,217.027988
1.14,4,217.038685
1.14,4,217.050091
1.14,4,217.062216
-0.61,10,217.092661
1.14,4,217.104234
-0.5,10,217.137822
1.14,4,217.148817
-0.49,9,217.173554
1.14,4,217.184659
1.14,4,217.194751
1.14,4,217.205528
1.14,4,217.217266
-0.61,8,217.240384
-0.77,7,217.25985
-0.84,8,217.285001
-0.65,9,217.312907
-0.75,8,217.340748
-0.06,14,217.38143
-0.55,9,217.411027
-0.71,7,217.431351
1.14,4,217.442164
-0.59,9,217.470935
1.14,4,217.483636
1.14,4,217.49631
-0.53,10,217.528642
-0.76,6,217.549037
-0.5,13,217.590629
1.14,4,217.602772
1.14,4,217.613705
1.52,11,217.64945
-0.55,9,217.669919
-0.56,9,217.696694
1.58,11,217.77237
1.14,4,217.796606
1.64,12,217.832298
-0.66,7,217.85415
1.67,13,217.894188
-0.84,8,217.919816
1.14,4,217.933897
-0.71,7,217.962235
1.14,4,217.977342
1.14,4,217.991786
-0.18,16,218.055961
1.14,4,218.067371
1.38,10,218.101523
-0.53,11,218.139567
1.57,10,218.167715
-0.77,7,218.195404
1.14,4,218.208249
-1.0,7,218.901346
1.14,4,218.913783
1.14,4,218.927728
1.14,4,218.939794
1.14,4,218.950416
-0.22,14,218.985682
1.14,4,218.994294
-0.83,7,219.017592
1.47,11,219.048728
1.14,4,219.059766
1.36,9,219.088714
-0.81,5,219.105358
1.14,4,219.116853
1.48,10,219.148431
-0.54,9,219.178348
-0.57,9,219.209742
1.14,4,219.218768
1.14,4,219.228915
-0.76,6,219.248033
1.14,4,219.259213
1.14,4,219.271055
-0.71,9,219.299814
1.14,4,219.308692
1.46,8,219.334752
-0.5,11,219.371185
-0.6,9,219.399876
-0.41,12,219.435241
1.14,4,219.444257
1.14,4,219.455684
-0.59,13,219.549442
-0.5,10,219.587989
1.14,4,219.599109
-0.76,6,219.618319
-0.68,9,219.642587
-0.27,14,219.67743
-0.52,10,219.705837
-0.62,9,219.736265
-0.56,11,219.770873
-0.7,11,219.802325
-0.45,12,219.837409
-0.42,10,219.871335
1.14,4,219.88448
-0.74,9,219.911614
-0.84,8,219.935838
1.62,11,219.968388
-0.32,12,220.002933
1.14,4,220.013164
-0.67,8,220.039433
-0.67,8,220.064859
1.65,12,220.098528
1.14,4,220.1105
-0.48,11,220.141911
1.14,4,220.15283
-0.51,9,220.181478
1.61,10,220.209181
-0.82,6,220.228428
1.14,4,220.24109
1.69,11,220.270249
-0.76,6,220.285499
1.14,4,220.293907
1.56,9,220.315757
-0.71,7,220.33929
-0.76,9,220.366888
-0.54,8,220.393701
1.14,4,220.406696
1.68,10,220.43593
1.14,4,220.447262
-0.78,8,220.465905
1.14,4,220.477426
-0.66,7,220.503109
-0.4,12,220.540462
-0.57,12,220.57915
-0.8,9,220.607274
-0.92,5,220.620824
1.53,10,220.649472
-0.55,9,220.67601
-0.41,9,220.70604
-0.58,10,220.739992
-0.66,7,220.760659
-0.58,10,220.791584
1.14,4,220.804159
-0.82,6,220.822354
-0.52,10,220.84947
1.14,4,220.85986
1.14,4,220.871384
-0.63,11,220.905789
1.14,4,220.917201
1.14,4,220.928365
1.14,4,220.940765
1.19,5,220.956915
1.14,4,220.968058
1.14,4,220.977289
-0.37,11,221.012099
1.14,4,221.021639
1.14,4,221.034654
-0.31,11,221.071966
-0.39,11,221.105745
-0.52,10,221.133306
-0.67,8,221.158529
1.14,4,221.170774
1.14,4,221.183226
-0.76,6,221.202238
1.19,5,221.217545
-1.0,7,221.24052
1.14,4,221.256542
-0.63,9,221.296194
1.55,10,221.334904
-0.46,9,221.369579
-0.39,11,221.413235
1.38,9,221.444361
-0.43,12,221.484361
-0.53,11,221.517089
-0.56,11,221.552248
1.51,9,221.580877
-0.5,10,221.616512
1.14,4,221.628335
-0.32,10,221.65958
1.29,6,221.678847
1.14,4,221.690733
-0.43,15,221.734802
-0.52,10,221.767272
-0.71,7,221.78934
1.14,4,221.800818
-0.57,10,221.834442
1.52,11,221.924287
-0.63,10,221.956051
-0.63,10,221.989137
-0.72,8,222.016691
-0.58,11,222.045971
-0.76,6,222.062794
-0.56,9,222.092775
-0.68,10,222.122034
-0.68,9,222.145705
-0.54,12,222.176898
1.14,4,222.189538
1.14,4,222.202884
1.14,4,222.215885
1.14,4,222.22693
-0.36,15,222.273503
1.14,4,222.286583
-0.67,8,222.309956
-0.76,6,222.330489
1.14,4,222.34108
-0.47,11,222.374403
-0.83,7,222.400297
1.14,4,222.413117
1.14,4,222.423442
-0.41,11,222.456401
-0.51,9,222.48505
-0.81,5,222.500702
1.14,4,222.513199
1.14,4,222.526318
1.14,4,222.54009
-0.66,11,222.574183
1.14,4,222.587261
-0.53,11,222.624542
1.14,4,222.6375
1.14,4,222.650651
1.14,4,222.662885
-0.46,10,222.699068
1.14,4,222.710645
1.14,4,222.722173
-0.55,10,222.75638
1.14,4,222.7695
1.42,11,222.803469
-0.69,10,222.835234
1.14,4,222.849185
-0.02,14,222.893877
1.14,4,222.906657
1.14,4,222.919232
1.14,4,222.93039
1.14,4,222.943238
1.66,11,222.97937
1.35,11,223.00744
1.14,4,223.020497
-0.44,10,223.047311
-0.43,10,223.076656
1.14,4,223.086914
-0.71,12,223.121737
-0.59,8,223.145483
-0.68,9,223.178103
-0.59,12,223.214515
1.14,4,223.225741
-0.76,6,223.247325
-0.76,6,223.267444
-0.27,13,223.307224
1.14,4,223.31732
-0.45,12,223.350885
-0.4,11,223.384852
-0.47,10,223.417938
1.14,4,223.426722
1.14,4,223.439106
-0.56,8,223.466038
-0.47,10,223.499797
-0.77,7,223.518273
-0.7,11,223.54821
1.14,4,223.559197
-0.78,8,223.582803
1.14,4,223.594141
1.14,4,223.60374
1.71,10,223.635536
1.14,4,223.644083
1.4,9,223.671366
-0.32,11,223.70105
1.14,4,223.710706
1.14,4,223.721381
1.14,4,223.734003
-0.23,13,223.769881
1.14,4,223.780974
1.52,11,223.815041
-0.41,13,223.85666
-0.74,12,223.895412
-0.76,6,223.911523
1.14,4,223.921412
-0.63,10,223.954525
1.14,4,223.967449
1.55,10,223.996379
1.14,4,224.006393
1.58,11,224.041864
1.37,10,224.079516
1.14,4,224.096187
-0.55,10,224.132885
1.14,4,224.147113
-0.87,5,224.164948
1.19,5,224.183231
-0.71,7,224.206147
1.14,4,224.219573
1.31,10,224.248314
-0.66,7,224.272187
-0.55,12,224.305257
1.14,4,224.317769
-0.39,10,224.352079
1.14,4,224.364672
1.19,5,224.380711
1.14,4,224.392352
-0.49,10,224.426152
1.44,11,224.458743
-0.66,7,224.482626
1.14,4,224.494462
1.53,10,224.525119
-0.37,11,224.563874
1.14,4,224.576347
-0.83,7,224.601333
-0.61,8,224.630824
1.14,4,224.642382
-0.65,9,224.677374
-0.75,10,224.713388
1.61,10,224.743027
-0.67,8,224.769959
-0.64,7,224.79275
-0.57,12,224.826008
1.14,4,224.837161
-0.49,10,224.868943
-0.54,12,224.904321
-0.67,8,224.933339
1.14,4,224.944173
1.46,8,224.971529
1.14,4,224.985663
1.14,4,224.997858
1.14,4,225.007214
-0.26,12,225.046845
-0.66,9,225.074075
-0.88,7,225.097121
1.14,4,225.106505
-0.66,7,225.132042
1.14,4,225.141787
1.14,4,225.153453
1.14,4,225.166698
-0.82,6,225.186772
1.14,4,225.25553
-0.5,10,225.302059
-0.62,9,225.333442
-0.36,12,225.367024
1.14,4,225.379149
1.61,10,225.410115
-0.81,5,226.234808
-0.55,13,226.270885
-0.33,13,226.30542
-0.45,11,226.344505
1.14,4,226.355844
-0.44,11,226.388687
-0.46,10,226.424455
-0.63,10,226.458353
-0.33,15,226.513348
-0.82,6,226.533777
-0.77,9,226.562427
-0.55,10,226.595553
1.14,4,226.605962
1.14,4,226.619002
-0.45,11,226.657762
-0.74,6,226.749366
-0.66,7,226.773768
1.14,4,226.784526
-0.42,11,226.818513
1.37,10,226.849661
-0.47,10,226.880211
1.14,4,226.889705
-0.46,11,226.927272
1.36,11,226.956671
1.56,9,226.986933
1.14,4,227.000601
1.14,4,227.013287
1.34,7,227.038374
1.14,4,227.051067
-0.69,10,227.083173
1.14,4,227.095282
1.14,4,227.106802
1.14,4,227.118564
-0.54,11,227.151466
1.14,4,227.162766
-0.56,8,227.18581
-0.27,11,227.217927
-0.2,17,227.265247
1.14,4,227.276649
1.14,4,227.286798
1.14,4,227.297733
1.14,4,227.309709
1.44,8,227.331996
1.67,11,227.359977
-0.54,11,227.390306
-0.56,8,227.416854
-0.41,14,227.463174
-0.38,11,227.497677
1.46,8,227.523518
1.14,4,227.537005
1.71,10,227.569115
-0.47,10,227.601584
1.14,4,227.614529
1.14,4,227.627171
1.14,4,227.636845
-0.61,10,227.663455
-0.89,8,227.686091
1.81,13,227.727929
-0.42,11,227.760669
-0.56,8,227.789643
-0.68,10,227.814154
-0.51,11,227.847997
1.14,4,227.860391
1.14,4,227.872026
1.44,9,227.895509
1.55,10,227.923938
-0.67,8,227.950419
1.14,4,227.962355
1.14,4,227.973825
-0.62,9,227.998882
1.14,4,228.010939
1.14,4,228.021403
1.56,9,228.043088
1.64,10,228.077739
1.14,4,228.090019
-0.44,13,228.126314
1.52,11,228.16335
1.14,4,228.176029
-0.67,8,228.197836
1.14,4,228.209011
1.14,4,228.220222
1.14,4,228.231144
-0.41,11,228.262289
1.14,4,228.271091
1.14,4,228.283128
-0.62,9,228.313117
1.14,4,228.326311
-0.47,11,228.361991
1.14,4,228.370316
-0.68,9,228.392118
-0.63,10,228.42618
1.14,4,228.434198
-0.81,6,228.455098
-0.75,8,228.481696
-0.43,12,228.515727
1.14,4,228.528158
1.14,4,228.537183
1.14,4,228.549869
1.39,8,228.574672
1.14,4,228.584192
1.14,4,228.596609
-0.82,6,228.615368
1.14,4,228.626534
-0.71,7,228.648795
1.38,8,228.675468
1.14,4,228.68379
-0.59,11,228.720434
1.14,4,228.733002
-0.56,8,228.760575
-0.61,8,228.786767
1.8,11,228.815229
1.14,4,228.826308
-0.57,10,228.856341
1.35,12,228.893208
1.14,4,228.905512
-0.39,10,228.938008
1.14,4,228.947806
1.14,4,228.95976
-0.63,10,228.989563
1.14,4,229.001015
-0.5,10,229.033003
-0.55,9,229.063286
-0.78,8,229.088034
-0.51,11,229.119953
1.14,4,229.130144
-0.79,9,229.153195
-0.37,11,229.19131
-0.45,11,229.225848
-0.67,8,229.251388
-0.66,7,229.274844
1.14,4,229.28612
1.14,4,229.348631
-0.41,13,229.393551
1.14,4,229.405185
-0.74,6,229.423712
1.14,4,229.435761
1.14,4,229.449881
1.46,10,229.47403
-0.5,10,229.499613
1.14,4,229.511218
1.44,8,229.536256
1.14,4,229.548683
-0.81,5,229.56545
1.14,4,229.576658
1.14,4,229.587471
-0.44,11,229.623828
-0.52,10,229.655595
-0.67,8,229.6749
1.14,4,229.685781
1.53,10,229.715261
-0.67,10,229.750318
-0.59,11,229.780252
1.14,4,229.791759
-0.73,8,229.815204
1.14,4,229.827964
1.4,9,229.853666
-0.61,8,229.880541
1.14,4,229.893372
1.51,15,229.934946
-0.5,10,229.960915
-0.49,9,229.990867
1.14,4,230.002174
1.14,4,230.01506
-0.57,12,230.055897
1.14,4,230.067975
-0.61,8,230.094213
1.14,4,230.102318
1.19,5,230.117151
1.14,4,230.129777
1.14,4,230.14177
-0.83,7,230.165094
1.53,10,230.195671
-0.67,14,230.235636
1.14,4,230.246264
1.14,4,230.258176
-0.71,7,230.277157
1.14,4,230.287869
-0.62,9,230.317484
-0.63,10,230.343422
1.76,11,230.375808
-0.77,7,230.398344
-0.36,12,230.434301
1.58,9,230.463119
1.14,4,230.475132
-0.6,9,230.500529
-0.64,8,230.529106
1.14,4,230.541466
-0.83,7,230.559848
-0.28,13,230.597058
1.14,4,230.606383
-0.44,10,230.633978
-0.36,11,230.671712
1.14,4,230.684015
1.14,4,230.696487
-0.67,8,230.719433
1.14,4,230.729269
-0.44,9,230.753541
1.14,4,230.764425
1.14,4,230.774811
1.14,4,230.786197
1.49,11,230.815067
-0.82,6,230.836284
-0.52,9,230.864128
-0.66,7,230.885678
1.14,4,230.895711
-0.66,7,230.913768
1.14,4,230.925816
1.14,4,230.9378
1.14,4,230.94803
1.68,12,230.979632
1.14,4,230.990616
1.47,11,231.019299
1.66,12,231.055624
1.14,4,231.065006
-0.45,14,231.106319
1.14,4,231.117455
1.14,4,231.129818
1.8,13,231.165844
1.32,9,231.189382
1.59,10,231.216897
1.52,11,231.244443
1.14,4,231.255144
1.14,4,231.265972
1.14,4,231.277154
1.37,10,231.307148
1.14,4,231.315195
1.14,4,231.326916
1.14,4,231.338441
1.58,11,231.366819
-0.66,7,231.389769
1.14,4,231.397614
1.14,4,231.409633
1.14,4,231.419616
1.59,9,231.44539
-0.66,8,231.465775
1.14,4,231.477922
-0.79,9,231.50567
1.14,4,231.515591
1.14,4,231.526943
1.14,4,231.538172
1.14,4,231.549396
-0.68,9,231.577266
1.14,4,231.589667
-0.58,10,231.623264
1.14,4,231.634517
-0.63,9,231.663924
-0.73,9,231.685162
1.66,10,231.71485
1.14,4,231.727526
-0.76,6,231.747375
1.45,9,231.777097
1.14,4,231.788603
1.48,10,231.819478
-0.37,13,231.855618
-0.44,10,231.881798
1.14,4,231.893509
1.58,10,231.923491
-0.35,12,231.957894
-0.61,11,231.986959
-0.68,9,232.010591
-0.3,13,232.049896
-0.47,11,232.087071
1.14,4,232.094923
1.14,4,232.106791
-0.76,6,232.125265
1.14,4,232.136113
-0.63,10,232.167375
1.14,4,232.179617
1.14,4,232.189798
1.14,4,232.200894
1.14,4,232.213027
-0.54,9,232.236105
1.14,4,232.245211
-0.74,6,232.262717
-0.35,12,232.299471
1.14,4,232.311142
-0.67,8,232.338263
1.55,10,232.369379
1.14,4,232.381157
-0.57,10,232.41443
1.14,4,232.42614
-0.81,5,232.440722
1.14,4,233.178583
-0.74,9,233.209874
1.14,4,233.222667
-0.39,13,233.259143
-0.83,7,233.278352
-0.62,9,233.30949
-0.74,6,233.326597
-0.3,14,233.365997
1.14,4,233.378159
-0.46,13,233.414494
1.14,4,233.425446
-0.89,8,233.448767
1.14,4,233.460302
1.14,4,233.472464
-0.55,12,233.505904
1.14,4,233.515259
1.56,9,233.545104
1.14,4,233.557023
1.4,9,233.585115
1.69,10,233.612651
1.14,4,233.623731
1.67,13,233.662539
1.14,4,233.672413
-0.66,12,233.707913
-0.66,7,233.730073
1.49,11,233.761204
-0.62,9,233.784461
1.14,4,233.795998
1.14,4,233.808532
1.14,4,233.820286
-0.55,10,233.851829
1.14,4,233.861408
-0.76,6,233.879218
1.19,5,233.894332
-0.65,8,233.920553
1.14,4,233.931931
-0.71,7,233.955665
-0.5,10,233.988755
-0.56,9,234.015115
1.14,4,234.02767
1.14,4,234.039258
1.14,4,234.050327
1.39,8,234.075383
-0.83,7,234.095863
1.14,4,234.10747
-0.27,12,234.147605
-0.65,12,234.187176
-0.46,9,234.21314
1.14,4,234.224756
1.32,9,234.253082
-0.58,10,234.285398
1.14,4,234.297959
-0.76,6,234.313615
1.14,4,234.324999
1.14,4,234.336794
-0.62,9,234.366255
-0.36,11,234.400941
1.64,10,234.426714
-0.62,9,234.452967
-0.6,9,234.482067
-0.7,8,234.508653
1.14,4,234.520985
1.14,4,234.532432
1.14,4,234.543012
-0.63,12,234.58088
-0.62,10,234.607961
1.14,4,234.620099
-0.56,9,234.647152
-0.59,14,234.687863
-0.68,9,234.711257
-0.32,10,234.740548
1.14,4,234.74982
1.14,4,234.761353
-0.66,7,234.781125
1.14,4,234.792778
1.14,4,234.805603
-0.44,10,234.835163
-0.61,8,234.85995
1.52,11,234.891669
-0.61,8,234.921379
1.14,4,234.933138
-0.38,13,234.971071
-0.57,10,234.999565
-0.56,10,235.031412
-0.61,12,235.069188
-0.51,10,235.102129
-0.56,10,235.127055
-0.68,9,235.153111
1.14,4,235.162191
1.14,4,235.174126
-0.58,13,235.208143
1.14,4,235.216877
1.8,12,235.247572
1.14,4,235.260039
-0.68,9,235.287293
-0.66,7,235.3046
-0.59,9,235.330574
1.14,4,235.341925
1.5,10,235.372648
1.64,10,235.404683
1.14,4,235.414809
-0.45,11,235.451528
-0.52,11,235.478604
-0.63,10,235.507083
1.14,4,235.519755
1.14,4,235.531395
-0.62,9,235.554767
-0.68,9,235.581003
-0.64,8,235.607453
-0.63,9,235.636647
-0.44,10,235.671832
1.14,4,235.680617
1.14,4,235.690754
1.14,4,235.70123
-0.62,12,235.737908
-0.74,9,235.764339
1.24,6,235.779149
1.95,13,235.815308
1.14,4,235.827374
1.14,4,235.837848
-0.5,10,235.86756
-0.48,12,235.901424
1.38,9,235.929882
-0.84,6,235.947475
1.14,4,235.957939
-0.57,12,235.990818
1.14,4,236.003238
1.14,4,236.01482
1.14,4,236.027114
-0.47,12,236.064762
-0.76,6,236.084408
-0.53,11,236.112468
1.98,13,236.145483
-0.68,9,236.172951
1.14,4,236.185543
1.35,8,236.210521
1.14,4,236.221095
-0.53,11,236.251831
-0.56,8,236.277857
-0.61,11,236.309212
-0.83,7,236.326667
1.41,11,236.355191
1.39,8,236.418885
-0.57,9,236.458652
1.14,4,236.470627
-0.32,16,236.513719
-0.66,7,236.532635
1.57,11,236.562985
-0.38,12,236.596638
-0.55,9,236.620804
1.14,4,236.632489
1.14,4,236.643694
1.14,4,236.655566
-0.76,8,236.681478
-0.14,14,236.717752
-0.37,11,236.75305
1.14,4,236.764215
-0.54,10,236.797133
-0.56,8,236.821264
1.14,4,236.832375
1.14,4,236.841709
1.29,8,236.863046
-0.67,8,236.881012
-0.55,13,236.91879
1.19,5,236.933302
1.14,4,236.945404
1.14,4,236.956148
-0.56,8,236.978919
-0.76,6,236.999348
1.14,4,237.008841
-0.39,11,237.042773
1.59,12,237.082506
1.43,9,237.108861
1.14,4,237.121758
1.14,4,237.132648
-0.63,10,237.163976
-0.54,8,237.189007
1.47,11,237.219026
1.19,5,237.234039
1.14,4,237.246152
-0.52,13,237.28645
-0.44,14,237.325016
-0.64,7,237.343606
-0.52,10,237.374708
1.14,4,237.386254
1.14,4,237.397539
1.14,4,237.408617
1.14,4,237.420522
1.46,8,237.44396
-0.67,8,237.464023
1.14,4,237.473053
1.14,4,237.48519
-0.71,12,237.523351
-0.56,11,237.551754
-0.64,11,237.586761
1.14,4,237.597553
1.14,4,237.608963
1.14,4,237.621264
-0.84,8,237.646101
1.14,4,237.658296
-0.27,11,237.692118
-0.62,9,237.719249
-0.77,7,237.740685
1.49,11,237.767558
1.14,4,237.776614
1.14,4,237.788498
1.54,11,237.818569
1.14,4,237.829384
1.14,4,237.84151
-0.76,6,237.860646
-0.45,10,237.890389
-0.51,9,237.919222
1.14,4,237.930917
-0.55,9,237.960513
1.14,4,237.972103
-0.56,11,238.003735
1.33,8,238.027586
-0.51,9,238.056686
1.14,4,238.069103
1.14,4,238.078635
1.14,4,238.090942
1.14,4,238.102235
1.14,4,238.113305
1.14,4,238.122903
1.14,4,238.13399
-0.48,12,238.233165
1.71,10,238.274717
-0.64,7,238.301048
1.14,4,238.31619
-0.76,6,238.336566
-0.28,14,238.388135
1.14,4,238.401929
-0.49,12,238.44406
-0.46,11,238.486178
-0.56,8,238.510278
1.14,4,238.525287
1.14,4,238.538361
-0.67,8,238.56684
-0.42,11,238.602664
1.61,9,238.631188
-0.82,7,238.655825
-0.76,6,238.677178
-0.41,12,238.715584
-0.68,9,238.743627
-0.66,7,238.769067
1.14,4,238.781179
-0.42,11,238.818051
1.14,4,238.82813
-0.67,14,238.864529
1.14,4,238.874736
1.49,13,238.912614
-0.46,9,238.93965
1.14,4,238.953632
-0.61,8,238.977833
1.42,10,239.007876
-0.68,9,239.038824
1.14,4,239.051265
1.14,4,239.062658
-0.53,11,239.088002
1.14,4,239.101057
1.14,4,239.112804
1.14,4,239.125637
1.37,10,239.156785
-0.46,10,239.194767
1.37,9,239.222511
-0.41,12,239.262216
1.6,11,239.301564
-0.34,11,239.339413
-0.65,11,239.370768
1.14,4,239.383549
1.46,8,239.406268
-0.53,10,240.224157
-1.0,7,240.245931
-0.78,8,240.273587
1.14,4,240.285146
1.14,4,240.296828
-0.61,8,240.321509
1.14,4,240.3333
1.14,4,240.342453
1.14,4,240.355285
1.14,4,240.368045
-0.7,7,240.392018
1.55,11,240.428359
-0.42,11,240.463406
1.4,9,240.49142
1.51,9,240.524119
1.14,4,240.536511
-0.66,7,240.561368
-0.64,7,240.582443
1.35,8,240.605278
-0.59,11,240.63886
-0.8,6,240.660042
-0.43,10,240.692541
-0.94,7,240.710126
-0.68,9,240.73964
-0.83,7,240.764016
1.14,4,240.775369
1.14,4,240.788001
-0.77,7,240.81088
1.54,10,240.841849
1.14,4,240.852725
-0.5,9,240.880429
-0.68,9,240.902216
-0.34,11,240.935231
-0.71,10,240.96414
-0.64,7,240.984596
-0.83,7,241.0608
-0.42,9,241.095717
1.14,4,241.112156
1.14,4,241.126975
1.55,11,241.174065
-0.49,13,241.237047
1.78,13,241.273232
-0.45,11,241.30512
-0.58,10,241.332287
-0.61,11,241.364444
-0.4,11,241.39727
1.14,4,241.40904
1.14,4,241.419273
1.14,4,241.431468
-0.64,8,241.457691
1.14,4,241.470018
1.14,4,241.481151
-0.34,12,241.516002
1.59,10,241.548307
1.14,4,241.560166
-0.36,12,241.592541
1.19,5,241.607573
-0.44,11,241.639123
1.55,10,241.666162
1.59,9,241.689612
1.14,4,241.700562
-0.34,10,241.731903
1.14,4,241.74293
1.14,4,241.755143
1.53,10,241.787226
-0.66,7,241.80994
-0.52,10,241.837029
1.14,4,241.848844
1.14,4,241.859909
-0.78,8,241.885694
1.39,8,241.905731
-0.52,9,241.935027
1.14,4,241.944308
-0.4,11,241.972106
1.14,4,241.984146
1.39,8,242.00987
1.14,4,242.019312
1.54,9,242.043877
1.14,4,242.056111
1.52,11,242.089764
1.14,4,242.1017
-0.56,8,242.128637
1.14,4,242.140089
-0.7,9,242.170789
-0.31,11,242.201514
1.14,4,242.214091
1.14,4,242.225753
-0.62,9,242.250516
1.14,4,242.261653
-0.33,12,242.300342
-0.45,11,242.33782
-0.61,10,242.371696
-0.67,8,242.39346
-0.67,8,242.417948
1.14,4,242.429631
-0.76,6,242.447111
-0.66,10,242.473772
-0.49,12,242.505428
-0.58,10,242.535251
1.14,4,242.548655
-0.55,10,242.576108
-0.61,10,242.605979
1.14,4,242.619212
1.14,4,242.631687
1.14,4,242.641909
-0.88,6,242.661462
1.14,4,242.673458
1.38,8,242.698963
1.14,4,242.710563
1.52,11,242.738382
-0.62,9,242.765522
-0.63,10,242.797846
-0.79,9,242.82858
1.14,4,242.840363
1.42,10,242.869163
1.14,4,242.881053
1.14,4,242.890082
1.14,4,242.902039
1.14,4,242.913437
1.43,9,242.936373
-0.5,10,242.966892
2.0,13,243.003251
1.14,4,243.015636
-0.32,11,243.048026
1.14,4,243.059509
-0.83,7,243.078778
1.39,8,243.099277
1.14,4,243.111238
-0.62,9,243.137291
1.14,4,243.149486
1.54,9,243.178308
1.14,4,243.186674
1.14,4,243.197177
-0.71,9,243.225441
-0.54,8,243.251422
1.7,12,243.286223
1.14,4,243.298494
-0.57,9,243.32749
1.14,4,243.33993
-0.73,9,243.367487
-0.72,7,243.390264
1.14,4,243.402328
1.14,4,243.415419
1.14,4,243.426853
-0.77,7,243.44921
-0.57,12,243.483381
-0.32,13,243.519872
1.14,4,243.532486
1.14,4,243.544403
1.37,10,243.572351
-0.5,10,243.603954
1.14,4,243.614662
1.14,4,243.625714
-0.57,9,243.654739
-0.86,5,243.671294
-0.76,6,243.690949
-0.52,12,243.722589
1.66,10,243.750947
-0.38,13,243.78684
-0.4,11,243.819631
1.14,4,243.831585
1.14,4,243.841132
-0.48,12,243.872695
-0.67,14,243.911939
1.14,4,243.919863
1.69,11,243.951312
1.14,4,243.962473
1.14,4,243.973628
-0.45,10,244.002629
1.14,4,244.014534
1.14,4,244.025176
1.28,7,244.047595
1.14,4,244.058686
-0.7,11,244.086305
-0.81,5,244.102663
1.14,4,244.116014
1.56,10,244.148273
1.14,4,244.160267
1.7,12,244.201393
-0.82,6,244.26043
1.14,4,244.272725
-0.53,11,244.305135
1.14,4,244.316152
-0.66,7,244.337041
-0.34,14,244.377654
1.66,10,244.406138
-0.57,9,244.427737
1.61,10,244.454909
1.14,4,244.46739
1.14,4,244.479919
-0.51,13,244.518134
1.14,4,244.53022
1.14,4,244.542185
1.14,4,244.553538
1.14,4,244.565079
1.14,4,244.574538
1.14,4,244.584006
-0.59,11,244.617546
1.14,4,244.628799
-0.56,8,244.649523
1.47,11,244.679939
1.14,4,244.692157
-0.66,7,244.714352
1.34,7,244.736077
-0.59,8,244.759909
1.57,12,244.790013
-0.25,13,244.83291
1.14,4,244.844492
1.14,4,244.852524
1.14,4,244.863971
-0.45,11,244.893864
1.14,4,244.905547
-0.48,10,244.942813
-0.53,11,244.973301
1.63,11,245.003889
1.53,10,245.035616
-0.77,7,245.055367
-0.68,9,245.078743
1.14,4,245.089108
-0.45,12,245.123456
-0.79,9,245.150765
-0.61,13,245.18921
-0.62,9,245.209376
-0.67,9,245.235593
1.14,4,245.246754
1.54,11,245.280935
1.55,10,245.31118
1.14,4,245.322649
1.14,4,245.333999
-0.76,6,245.350935
-0.57,10,245.386474
-0.78,8,245.412537
1.14,4,245.423846
1.14,4,245.436307
-0.32,12,245.471442
1.56,10,245.499977
1.46,8,245.523562
1.14,4,245.532928
1.14,4,245.544798
1.59,10,245.574297
-0.59,8,245.601124
-0.79,9,245.628647
-0.67,8,245.651495
1.14,4,245.666224
1.38,8,245.702123
1.41,12,245.760817
1.14,4,245.777799
-0.2,12,245.82579
-0.71,7,245.847733
1.14,4,245.859528
-0.29,11,245.889333
1.56,12,245.919645
-0.8,8,245.946282
1.89,13,245.987471
-0.51,9,246.017999
1.14,4,246.02991
-0.48,12,246.067058
1.19,5,246.082395
-0.39,10,246.116743
-0.76,6,246.136283
-0.76,6,246.154121
-0.61,8,246.18014
1.51,9,246.208431
1.4,10,246.232642
-0.51,9,246.256709
1.14,4,246.266819
1.68,12,246.301655
-0.37,11,246.333557
1.14,4,246.345406
-0.42,9,246.373492
1.14,4,246.382726
1.14,4,246.395131
1.33,8,246.414808
1.32,10,246.446305
1.14,4,246.455445
1.14,4,247.109986
-0.76,6,247.128554
-0.54,9,247.155121
1.57,10,247.180977
-0.83,8,247.202059
1.14,4,247.213349
-0.62,9,247.243142
1.14,4,247.254697
-0.66,10,247.288424
-0.46,11,247.322966
-0.76,6,247.341899
1.14,4,247.353904
-0.52,10,247.380684
1.14,4,247.391887
1.39,9,247.415304
1.14,4,247.426392
1.14,4,247.436762
1.14,4,247.446666
1.52,11,247.477745
-0.82,6,247.497019
-0.78,8,247.521842
1.68,12,247.556937
1.51,9,247.582849
1.14,4,247.594852
-0.12,15,247.638196
-0.42,10,247.669346
1.14,4,247.679602
1.14,4,247.690121
-0.42,11,247.718278
-0.67,8,247.743234
-0.34,13,247.78209
1.14,4,247.793645
-0.62,9,247.821358
1.14,4,247.830801
-0.6,10,247.860928
-0.62,9,247.890275
-0.59,8,247.91557
1.69,11,247.945238
-0.68,9,247.974802
-0.66,7,248.040899
-0.18,15,248.094814
-0.74,9,248.121432
1.69,11,248.15632
1.14,4,248.164442
1.38,9,248.192549
-0.62,11,248.218446
-0.46,12,248.2588
-0.57,12,248.293984
1.14,4,248.302235
1.68,10,248.331248
-0.74,7,248.354558
-0.84,8,248.37884
1.14,4,248.389402
-0.66,10,248.415472
1.69,12,248.454322
-0.61,8,248.478517
1.44,8,248.502284
-0.47,11,248.536283
1.57,12,248.572446
-0.67,8,248.600051
-0.64,8,248.628804
1.38,9,248.657049
1.7,12,248.692533
1.14,4,248.703747
1.14,4,248.715786
-0.6,9,248.744405
1.14,4,248.753151
1.62,11,248.784853
-0.43,12,248.820337
1.66,14,248.859914
1.14,4,248.872708
1.14,4,248.884569
1.14,4,248.897773
1.52,10,248.928786
-0.54,12,248.965533
1.14,4,248.976942
-0.62,8,248.999975
1.14,4,249.012795
1.14,4,249.024774
1.14,4,249.036337
-0.66,7,249.060995
1.14,4,249.071738
-0.81,5,249.085001
-0.47,13,249.116388
-0.15,13,249.151131
1.14,4,249.162482
-0.44,9,249.185532
1.14,4,249.195496
1.14,4,249.206992
1.14,4,249.21851
1.14,4,249.230573
-0.66,7,249.253734
1.14,4,249.262397
1.14,4,249.272218
1.14,4,249.283611
-0.6,10,249.312838
-0.43,11,249.344105
-0.77,7,249.365859
1.84,11,249.401147
-0.63,10,249.433295
1.14,4,249.445314
1.48,10,249.474099
1.14,4,249.482759
-0.55,10,249.515388
1.74,15,249.562716
1.63,12,249.595532
1.14,4,249.606718
1.64,10,249.634795
-0.34,11,249.659152
1.14,4,249.670192
1.71,10,249.70429
-0.25,13,249.737788
-0.39,10,249.767225
1.14,4,249.779789
-0.82,6,249.800358
1.14,4,249.813284
-0.26,12,249.85058
1.58,11,249.882022
-0.71,7,249.903603
-0.82,6,249.923901
-0.67,11,249.958608
-0.66,7,249.980567
-0.54,9,250.065458
1.14,4,250.077683
1.14,4,250.089904
-0.56,8,250.11025
-0.49,10,250.138913
1.14,4,250.14817
1.14,4,250.15872
-0.66,10,250.187909
-0.65,11,250.215727
-0.57,11,250.247397
1.14,4,250.258291
1.14,4,250.269447
-0.56,10,250.299993
1.14,4,250.312547
1.14,4,250.323843
1.64,10,250.355561
1.14,4,250.363114
-0.55,10,250.392001
-0.68,10,250.419291
1.14,4,250.428153
-0.51,9,250.4535
-0.7,11,250.48681
-0.68,9,250.510205
1.14,4,250.521842
1.14,4,250.533973
1.14,4,250.543505
-0.58,12,250.581028
-0.44,12,250.618742
1.14,4,250.6287
1.14,4,250.640098
1.56,10,250.668837
1.14,4,250.680586
1.64,10,250.712052
-0.29,11,250.746301
-0.66,13,250.781103
1.14,4,250.791439
1.14,4,250.803092
1.14,4,250.812589
-0.57,8,250.837628
1.19,5,250.848126
1.14,4,250.859059
-0.78,8,250.881537
1.75,13,250.919207
1.14,4,250.930638
1.14,4,250.942334
1.14,4,250.95217
-0.64,7,250.973594
-0.81,6,250.99365
-0.59,8,251.016233
-0.64,7,251.037005
1.14,4,251.048928
-0.57,9,251.07711
1.14,4,251.089067
1.14,4,251.100494
-0.76,6,251.120222
-0.77,7,251.140468
-0.67,8,251.16444
-0.73,9,251.192575
-0.53,11,251.224958
1.14,4,251.236521
-0.39,15,251.278489
-0.21,13,251.316065
1.14,4,251.326466
1.14,4,251.336996
1.14,4,251.348109
1.34,7,251.372126
1.68,12,251.401909
-0.51,12,251.437668
1.14,4,251.446619
-0.37,11,251.480508
-0.26,13,251.517913
1.14,4,251.526779
1.14,4,251.537961
1.14,4,251.548722
-0.46,10,251.580024
1.14,4,251.59171
-0.68,10,251.624584
-0.47,14,251.670005
-0.66,7,251.690226
-0.36,13,251.731947
1.6,11,251.763307
-0.59,11,251.797428
1.14,4,251.80913
-0.46,12,251.842398
1.14,4,251.850557
1.14,4,251.904008
1.23,7,251.933836
1.14,4,251.946298
1.14,4,251.95859
-0.6,12,251.998852
-0.66,7,252.018273
1.14,4,252.030474
1.14,4,252.041165
-0.4,11,252.078408
1.14,4,252.091316
1.14,4,252.103914
1.14,4,252.116043
1.14,4,252.128185
1.14,4,252.140791
-0.42,12,252.175175
1.14,4,252.186455
-0.73,9,252.214308
1.14,4,252.227111
-0.76,6,252.243748
-0.78,8,252.269162
1.14,4,252.277343
1.14,4,252.287719
1.34,7,252.308912
1.14,4,252.319976
1.14,4,252.329214
1.33,8,252.354061
1.14,4,252.365539
1.58,11,252.399875
1.53,10,252.425078
1.14,4,252.436802
-0.45,11,252.472855
-0.54,12,252.500498
-0.74,7,252.521295
1.64,10,252.553974
1.44,8,252.575614
-0.3,13,252.615816
-0.95,8,252.638421
1.14,4,252.648712
-0.61,8,252.674724
1.53,10,252.703384
-0.49,9,252.728593
1.37,10,252.759442
-0.59,8,252.782915
1.23,7,252.804114
1.14,4,252.815057
-0.26,12,252.848986
1.14,4,252.859656
-0.46,9,252.884265
-0.93,6,252.905282
1.66,10,252.935022
-0.81,8,252.958879
-0.51,9,252.982453
-0.53,13,253.025954
1.46,12,253.058392
-0.82,7,253.081129
1.14,4,253.09266
-0.47,10,253.124237
1.14,4,253.137164
1.52,11,253.167404
1.14,4,253.179646
1.19,5,253.196277
-0.72,8,253.224953
1.64,10,253.251239
1.14,4,253.262335
1.14,4,253.935249
-0.45,10,253.964105
-0.61,8,253.989233
1.14,4,254.001169
-0.56,8,254.02751
1.14,4,254.039721
-0.49,11,254.069919
-0.64,7,254.086769
1.33,8,254.109417
-0.51,9,254.136055
-0.76,6,254.150543
1.14,4,254.162957
1.14,4,254.175174
-0.64,7,254.192273
1.14,4,254.202729
-0.54,8,254.227969
-0.76,6,254.247754
-0.69,11,254.276478
1.14,4,254.28919
-0.61,7,254.309478
-0.7,12,254.345975
-0.47,11,254.375504
-0.67,10,254.406225
1.39,8,254.431558
1.14,4,254.443159
1.14,4,254.455213
1.14,4,254.464248
1.14,4,254.476013
1.44,8,254.502392
1.54,10,254.530041
-0.4,10,254.559662
1.66,11,254.592721
1.24,12,254.634267
1.18,6,254.652569
-0.71,7,254.676461
-0.37,12,254.714661
1.47,11,254.746726
-0.49,10,254.77554
1.19,5,254.787704
-0.63,10,254.815893
1.14,4,254.824749
-0.46,11,254.853798
-0.66,10,254.879123
1.14,4,254.891727
1.14,4,254.902817
1.14,4,254.9136
-0.69,6,254.932607
-0.61,10,254.961438
1.14,4,254.973506
-0.54,10,255.006754
1.64,10,255.037339
1.14,4,255.048058
-0.71,7,255.070834
-0.32,11,255.105441
1.14,4,255.114347
-0.47,11,255.149526
-0.71,7,255.170282
1.39,8,255.193605
-0.32,14,255.237497
1.61,10,255.267708
-0.62,11,255.299858
-0.49,10,255.331187
1.14,4,255.343754
1.61,10,255.375454
1.14,4,255.387549
1.14,4,255.398959
1.14,4,255.408087
-0.52,14,255.447543
1.14,4,255.458919
1.26,10,255.487226
-0.73,8,255.509747
-0.7,8,255.534023
1.14,4,255.543903
1.53,10,255.573928
-0.72,7,255.59365
-0.64,13,255.628931
-0.56,10,255.661083
-0.79,9,255.683613
1.14,4,255.694195
1.14,4,255.705989
1.6,11,255.738317
-0.37,11,255.765015
-0.58,11,255.799478
-0.3,11,255.835809
1.14,4,255.847256
-0.51,9,255.874474
-0.6,11,255.908534
1.55,10,255.935368
1.14,4,255.946413
1.29,6,255.959287
-0.93,6,255.975262
-0.78,8,256.002388
1.66,11,256.038538
-0.58,10,256.072021
1.14,4,256.083504
1.28,8,256.108701
1.14,4,256.12074
1.14,4,256.132223
-0.46,10,256.227075
-0.32,10,256.25949
-0.64,7,256.279181
-0.73,8,256.302694
-0.41,11,256.337975
1.42,10,256.366288
1.14,4,256.37763
1.61,10,256.406511
1.14,4,256.417235
-0.49,9,256.447004
-0.64,11,256.480328
-0.46,11,256.511733
-0.85,9,256.541419
1.27,8,256.56608
-0.74,10,256.591527
1.14,4,256.604108
-0.3,12,256.647052
-0.74,9,256.67556
1.14,4,256.687615
1.33,8,256.711985
1.14,4,256.721522
-0.72,7,256.742608
1.14,4,256.753624
-0.72,10,256.781993
-0.35,11,256.818965
-0.8,10,256.849371
1.14,4,256.857652
-0.83,7,256.877533
-0.3,11,256.910217
-0.64,7,256.930013
-0.34,10,256.956482
-0.71,7,256.977885
1.77,13,257.017279
1.14,4,257.026349
1.14,4,257.03918
-0.79,9,257.063763
1.14,4,257.075345
-0.49,9,257.10409
1.58,10,257.127338
1.14,4,257.137662
1.14,4,257.14951
1.14,4,257.160936
1.14,4,257.17118
-0.63,10,257.20198
-0.49,12,257.230953
1.78,12,257.26209
1.61,10,257.292686
1.14,4,257.30569
1.14,4,257.317017
1.14,4,257.327731
-0.35,11,257.359426
-0.06,15,257.405024
1.29,6,257.420183
1.14,4,257.429553
-0.66,7,257.45312
-0.06,14,257.496575
1.14,4,257.508135
-0.52,13,257.548659
-0.59,11,257.579783
1.14,4,257.588848
-0.6,10,257.618603
1.14,4,257.627803
-0.45,11,257.658184
-0.76,6,257.678403
1.45,10,257.704511
1.55,11,257.734435
1.14,4,257.742671
-0.66,13,257.782572
1.14,4,257.792732
-0.57,12,257.825484
1.14,4,257.836866
-0.62,9,257.863326
1.14,4,257.874528
1.14,4,257.884686
1.56,10,257.912966
-0.61,8,257.939828
-0.6,12,257.972912
-0.7,9,257.99906
-0.77,7,258.018239
1.14,4,258.029667
1.66,10,258.059323
1.47,11,258.091799
1.14,4,258.103398
1.14,4,258.114763
1.14,4,258.126465
1.14,4,258.138367
1.14,4,258.150046
1.66,10,258.18253
-0.52,10,258.216471
-0.76,6,258.23302
1.59,9,258.25927
1.14,4,258.271438
-0.61,11,258.299749
1.33,8,258.323661
-0.76,6,258.340937
1.14,4,258.351751
1.14,4,258.364075
1.14,4,258.374985
1.14,4,258.387979
-0.6,9,258.417969
-0.15,13,258.45687
1.14,4,258.46953
1.14,4,258.480505
-0.61,10,258.513176
-0.54,8,258.540668
-0.7,8,258.562088
1.14,4,258.570821
1.14,4,258.582002
-0.6,9,258.606643
1.14,4,258.618392
1.14,4,258.630445
-0.56,11,258.665916
-0.38,12,258.705575
-0.61,8,258.731583
1.14,4,258.741152
1.14,4,258.751216
-0.62,9,258.778676
-0.69,10,258.802835
-0.63,9,258.830613
-0.55,10,258.856972
1.14,4,258.86981
1.14,4,258.881916
-0.4,11,258.917302
-0.66,7,258.939522
1.34,7,258.960937
1.14,4,258.972939
1.14,4,258.983676
1.37,10,259.014073
-0.95,8,259.035415
1.35,9,259.060232
1.14,4,259.069553
1.14,4,259.080661
-0.83,8,259.101331
-0.43,12,259.134454
1.14,4,259.145658
1.14,4,259.154078
1.14,4,259.164849
1.14,4,259.176103
1.14,4,259.185843
1.46,12,259.22296
-0.64,7,259.239294
-0.48,11,259.27214
1.59,12,259.303848
-0.66,7,259.322793
-0.66,7,259.345271
-0.33,13,259.387522
1.14,4,259.399096
-0.62,11,259.429243
1.14,4,259.440484
-0.64,8,259.462703
1.64,10,259.494113
1.66,10,259.522005
1.14,4,259.53404
1.14,4,259.545256
1.14,4,259.557744
-0.67,10,259.590223
1.14,4,259.601486
1.14,4,259.613052
-0.64,7,259.630688
-0.29,12,259.662213
-0.3,12,259.693676
1.44,8,259.77607
-0.62,14,259.813052
1.5,10,259.838273
1.46,12,259.871967
-0.81,5,259.889006
1.14,4,259.900681
-0.6,9,259.931028
-0.72,7,259.951614
1.39,8,259.972458
1.5,10,260.002952
-0.67,8,260.030422
1.48,9,260.739788
1.14,4,260.750381
1.72,12,260.784479
1.14,4,260.795944
1.14,4,260.807353
-0.76,6,260.826996
1.14,4,260.839801
1.14,4,260.851478
-0.74,7,260.868847
1.14,4,260.880128
-0.6,9,260.90819
1.53,12,260.943992
-0.75,10,260.968858
-0.5,10,260.997512
1.61,10,261.022979
1.14,4,261.033234
-0.69,10,261.063668
-0.71,9,261.091446
-0.45,11,261.117269
-0.36,11,261.149317
-0.76,6,261.166382
1.47,11,261.198415
-0.64,7,261.21782
1.14,4,261.230653
-0.56,8,261.257529
-0.34,13,261.296109
-0.59,11,261.32464
1.79,13,261.369821
1.14,4,261.381509
-0.75,8,261.406782
-0.72,8,261.432086
-0.93,6,261.449694
-0.72,8,261.472092
1.14,4,261.483979
1.14,4,261.497314
-0.46,13,261.539344
1.14,4,261.552141
1.14,4,261.564354
-0.67,8,261.589011
1.53,10,261.618064
1.14,4,261.630205
1.79,13,261.667168
-0.67,8,261.690454
-0.32,12,261.724171
-0.5,10,261.751763
1.14,4,261.762208
-0.68,9,261.786036
-0.51,9,261.811488
1.14,4,261.821852
-0.58,11,261.854346
1.14,4,261.865958
1.48,8,261.88829
1.14,4,261.89877
1.14,4,261.910776
1.14,4,261.920126
1.53,10,261.950425
1.14,4,261.960799
-0.66,7,261.983437
-0.42,11,262.014618
1.14,4,262.023375
1.14,4,262.034727
1.14,4,262.047379
-0.49,10,262.077108
1.14,4,262.085391
1.14,4,262.096294
-0.46,10,262.123872
1.14,4,262.133057
-0.42,11,262.163617
-0.55,10,262.192182
-0.55,11,262.218825
-0.49,11,262.250355
1.14,4,262.259624
-0.54,9,262.286569
-0.7,8,262.309563
1.61,10,262.337502
-0.79,12,262.371062
1.48,10,262.399598
1.74,13,262.433502
-0.37,12,262.470866
1.14,4,262.483041
-0.6,9,262.522498
-0.72,7,262.580292
1.14,4,262.592987
1.43,12,262.62662
1.14,4,262.635623
1.6,11,262.66916
-0.76,6,262.689864
-0.67,8,262.712684
1.14,4,262.723469
1.34,7,262.740094
1.14,4,262.750884
1.58,10,262.777056
1.4,9,262.803098
-0.6,11,262.836707
-0.45,10,262.863431
-0.47,10,262.890885
-0.45,11,262.919214
1.14,4,262.930407
-0.57,9,262.955306
-0.59,11,262.989422
1.14,4,263.003098
-0.46,9,263.033811
-0.71,7,263.054531
1.14,4,263.066879
-0.69,7,263.089622
1.14,4,263.101011
-0.66,7,263.121645
1.14,4,263.132749
-0.3,11,263.163166
-0.56,13,263.198752
-0.62,11,263.231329
-0.76,6,263.247277
-0.62,9,263.272523
-0.59,8,263.293933
1.37,10,263.324229
-0.56,8,263.345957
-0.34,11,263.376879
1.14,4,263.387686
1.68,11,263.42136
-0.57,9,263.446364
1.14,4,263.457098
1.14,4,263.468967
-0.66,7,263.488128
-0.71,9,263.569796
-0.67,8,263.599466
1.39,8,263.62171
1.14,4,263.632334
1.14,4,263.64391
-0.42,11,263.67249
1.14,4,263.682722
1.14,4,263.694544
1.43,10,263.726954
1.38,9,263.749456
1.14,4,263.760659
1.14,4,263.771207
1.14,4,263.78091
-0.59,14,263.821197
-0.66,8,263.848936
1.14,4,263.861149
1.41,8,263.881737
1.14,4,263.890771
-0.72,7,263.914118
1.14,4,263.926296
-0.63,10,263.954757
1.65,11,263.985952
-0.49,9,264.015478
-0.47,10,264.044833
1.14,4,264.055852
1.14,4,264.067642
-0.61,8,264.09156
1.14,4,264.10244
-0.62,9,264.130824
1.14,4,264.141251
1.14,4,264.150591
-0.35,11,264.183352
1.53,11,264.217844
1.14,4,264.230278
-0.39,12,264.262659
-0.23,13,264.297632
-0.73,11,264.326081
-0.62,9,264.351436
1.14,4,264.363289
-0.65,10,264.390432
-0.63,10,264.420836
1.14,4,264.431538
-0.58,11,264.464878
1.14,4,264.474583
1.73,11,264.503471
1.55,11,264.536185
1.14,4,264.54926
1.14,4,264.562002
-0.77,7,264.584953
1.14,4,264.596927
1.53,9,264.620677
1.14,4,264.631977
1.56,11,264.666389
1.14,4,264.678488
1.14,4,264.688202
-0.53,10,264.713154
-0.37,11,264.742936
-0.51,11,264.778972
-0.66,7,264.803602
-0.78,8,264.83062
1.14,4,264.84297
-0.42,12,264.87942
1.14,4,264.890716
-0.67,8,264.90994
1.48,10,264.939981
-0.71,7,264.963504
-0.47,11,264.998688
-0.77,13,265.038761
-0.55,10,265.068369
-0.81,11,265.100725
-0.7,11,265.135245
-0.48,11,265.16609
-0.46,12,265.201438
1.14,4,265.212138
1.14,4,265.224265
1.53,10,265.250407
-0.74,6,265.268553
-0.33,11,265.303184
1.14,4,265.315164
1.14,4,265.326749
-0.49,10,265.354305
1.14,4,265.36537
1.14,4,265.377661
-0.47,10,265.406174
-0.65,8,265.428435
1.42,9,265.451335
1.14,4,265.463344
1.14,4,265.475694
1.14,4,265.48749
1.14,4,265.500565
1.14,4,265.512153
-0.46,12,265.54634
-0.76,6,265.56197
-0.46,10,265.586935
1.14,4,265.597206
-0.61,8,265.625053
-0.61,8,265.650186
1.14,4,265.660398
1.14,4,265.668169
1.14,4,265.679187
1.14,4,265.689774
1.14,4,265.701579
1.14,4,265.714232
-0.68,9,265.740075
-0.68,9,265.766016
-0.83,7,265.788585
1.14,4,265.800617
-0.75,7,265.819945
-0.67,8,265.846747
-0.79,9,265.876792
-0.18,16,265.918637
1.14,4,265.931234
-0.48,12,265.965268
1.14,4,265.977636
1.14,4,265.990753
-0.62,9,266.01853
1.32,9,266.047621
1.14,4,266.059396
-0.69,10,266.088263
-0.56,8,266.116846
-0.67,8,266.143622
-0.5,10,266.172766
-0.62,9,266.203816
1.65,10,266.235901
-0.31,10,266.26778
1.14,4,266.280137
1.14,4,266.291141
1.48,8,266.315631
1.14,4,266.326858
-0.53,10,266.357759
1.53,10,266.383329
1.42,10,266.41107
1.14,4,266.42198
1.14,4,266.433811
-0.45,11,266.467989
-0.39,11,266.501779
1.64,10,266.530694
-0.35,12,266.567647
1.14,4,266.577842
1.14,4,266.58862
1.14,4,266.600919
-0.46,11,266.628688
-0.77,7,266.650905
1.36,7,266.71902
1.19,5,266.741091
-0.76,6,266.762637
1.14,4,266.774441
-0.48,11,266.806317
-0.57,12,267.500587
1.14,4,267.510982
1.14,4,267.523211
-0.66,7,267.547202
-0.76,6,267.567193
-0.53,10,267.593432
1.14,4,267.604924
-0.67,8,267.629474
1.14,4,267.641147
-0.67,8,267.666973
1.59,11,267.698678
1.14,4,267.710044
1.14,4,267.723177
1.66,10,267.753467
-0.76,6,267.773673
-0.64,9,267.804136
1.42,10,267.832274
1.14,4,267.844594
-0.59,8,267.870283
1.14,4,267.879449
1.14,4,267.890612
-0.6,9,267.913627
-0.77,7,267.934993
1.14,4,267.944406
-0.45,10,267.973285
1.48,9,267.999265
1.14,4,268.010744
1.14,4,268.023364
-0.35,11,268.05346
-0.72,8,268.075037
1.44,8,268.100327
1.14,4,268.113296
1.14,4,268.124826
-0.4,11,268.151648
1.29,10,268.179587
1.14,4,268.189903
-0.53,11,268.226538
1.14,4,268.235749
-0.62,9,268.259078
1.14,4,268.268812
1.14,4,268.280523
-0.49,10,268.311984
-0.72,8,268.338559
-0.82,6,268.353235
-0.76,6,268.369735
-0.68,9,268.396911
1.14,4,268.408903
-0.3,14,268.449341
1.14,4,268.460165
-0.67,8,268.482531
1.66,10,268.512452
1.14,4,268.524548
1.14,4,268.534443
1.14,4,268.543881
1.54,9,268.571119
-0.66,11,268.602276
1.14,4,268.610954
-0.86,5,268.627189
1.14,4,268.638455
1.14,4,268.649451
1.14,4,268.659652
1.48,10,268.680342
1.14,4,268.692016
1.14,4,268.705118
-0.52,10,268.740162
1.14,4,268.75152
1.46,8,268.775998
-0.59,9,268.801702
-0.56,8,268.827507
1.14,4,268.839929
-0.66,7,268.863697
-0.64,11,268.894127
1.14,4,268.903227
1.14,4,268.915307
-0.3,13,268.954737
-0.45,13,268.990741
1.14,4,269.000698
1.19,5,269.015773
1.52,11,269.046731
-0.66,7,269.067125
1.43,8,269.092242
-0.53,13,269.131687
-0.41,9,269.158675
-0.46,12,269.19416
-0.51,12,269.232805
1.49,9,269.261558
1.14,4,269.272961
1.14,4,269.283901
1.5,11,269.310573
-0.3,12,269.348304
-0.71,7,269.368851
-0.49,9,269.400127
-0.72,7,269.422012
1.14,4,269.433402
-0.82,6,269.447646
-0.64,11,269.479459
-0.58,10,269.510737
1.14,4,269.522579
1.39,10,269.554788
-0.61,8,269.575567
1.14,4,269.58638
1.14,4,269.595945
-0.6,9,269.626343
-0.44,10,269.65365
1.14,4,269.66495
1.14,4,269.67724
1.14,4,269.689031
1.54,10,269.720766
-0.68,9,269.75052
-0.42,10,269.775122
1.14,4,269.785891
-0.37,12,269.81993
1.14,4,269.830666
-0.24,13,269.873703
1.14,4,269.882456
-0.35,12,269.918194
1.14,4,269.930363
1.14,4,269.942614
1.39,9,269.972085
1.14,4,269.98301
-0.52,10,270.015106
1.14,4,270.025684
1.44,9,270.053525
1.14,4,270.064992
-0.82,6,270.079383
-0.76,6,270.097549
-0.4,14,270.13879
-0.79,9,270.161329
-0.76,6,270.179792
1.14,4,270.191246
1.73,12,270.220012
-0.36,11,270.249875
1.63,11,270.275108
1.14,4,270.287192
1.62,12,270.31616
1.28,8,270.342488
1.47,11,270.374127
1.55,10,270.404441
-0.48,10,270.42981
-0.7,9,270.45559
1.55,10,270.48373
1.14,4,270.494033
1.14,4,270.506137
1.14,4,270.517195
1.53,10,270.547524
-0.43,13,270.589661
1.54,11,270.623168
1.14,4,270.67529
-0.51,10,270.714756
-0.35,13,270.7525
1.37,10,270.782459
-0.52,10,270.811165
-0.18,13,270.847259
-0.35,11,270.883301
1.44,11,270.911595
1.14,4,270.926034
1.75,13,270.968143
1.14,4,270.978153
1.47,10,271.006856
1.7,12,271.041335
-0.76,6,271.058279
1.14,4,271.068788
1.14,4,271.077916
1.29,6,271.096095
1.39,8,271.122602
-0.35,11,271.156062
-0.71,7,271.17886
1.49,12,271.214337
1.29,6,271.228822
1.14,4,271.240485
1.14,4,271.252711
-0.76,6,271.268613
1.54,11,271.297407
-0.43,15,271.345023
-0.41,9,271.374319
1.14,4,271.386716
1.14,4,271.395825
1.42,9,271.423144
-0.49,12,271.457408
-0.77,9,271.487874
-0.78,8,271.511705
1.14,4,271.523968
1.14,4,271.534266
1.14,4,271.545859
1.14,4,271.557649
-0.72,8,271.583699
1.14,4,271.591863
-0.66,7,271.613612
-0.74,10,271.642403
-0.52,16,271.68582
1.14,4,271.695045
1.14,4,271.707114
1.61,10,271.734318
-0.66,7,271.758336
1.14,4,271.770103
1.58,11,271.804534
1.88,13,271.844821
-0.44,9,271.869466
-0.35,11,271.904589
-0.66,7,271.92809
-0.56,8,271.954443
-0.76,6,271.970964
1.14,4,271.980224
1.14,4,271.990301
1.53,10,272.019484
1.14,4,272.028862
-0.46,12,272.063091
-0.23,13,272.10329
1.14,4,272.115029
-0.66,7,272.138657
-0.68,9,272.163186
-0.37,10,272.19678
-0.49,9,272.224872
-0.39,11,272.258069
1.14,4,272.270132
-0.51,9,272.299916
-0.54,8,272.324579
-0.62,9,272.348438
1.55,10,272.374542
1.14,4,272.385651
1.14,4,272.396479
-0.61,8,272.41944
1.14,4,272.429898
-0.5,12,272.46916
-0.55,9,272.497627
-0.66,7,272.519779
-0.7,8,272.541965
1.7,11,272.57293
1.14,4,272.58254
-0.64,10,272.616487
1.14,4,272.627963
1.59,10,272.660784
1.14,4,272.670749
1.61,10,272.700973
-0.56,11,272.726031
1.55,10,272.757139
1.14,4,272.769102
-0.81,9,272.796073
-0.66,7,272.815885
-0.45,13,272.858835
1.14,4,272.870489
1.14,4,272.881587
1.14,4,272.894016
1.14,4,272.906805
1.14,4,272.918638
1.14,4,272.929994
-0.62,9,272.955033
1.14,4,272.966518
1.14,4,272.975471
1.14,4,272.985303
1.68,12,273.021693
1.14,4,273.033743
1.42,10,273.058756
1.14,4,273.069975
-0.73,9,273.096288
-0.52,11,273.13136
-0.39,13,273.1681
-0.22,14,273.202018
1.45,13,273.237231
-0.39,13,273.274327
1.14,4,273.284721
1.14,4,273.296043
-0.57,9,273.325226
-0.76,6,273.344841
-0.67,8,273.3706
1.14,4,273.381498
-0.58,11,273.413364
1.14,4,273.422749
1.14,4,273.434389
-0.44,13,273.469008
-0.27,12,273.508075
-0.67,10,274.198338
1.14,4,274.207854
1.14,4,274.221681
1.66,11,274.25565
-0.41,13,274.293844
-0.76,6,274.31388
-0.63,10,274.337704
1.14,4,274.348674
1.53,10,274.377836
1.54,11,274.407725
-0.5,14,274.440217
-0.67,8,274.466642
1.14,4,274.47619
1.14,4,274.486878
1.14,4,274.499204
1.14,4,274.510113
-0.67,8,274.536747
1.14,4,274.548223
1.34,7,274.569878
1.14,4,274.634186
1.14,4,274.645126
1.64,10,274.675551
-0.66,9,274.699741
-0.39,14,274.744099
1.14,4,274.755226
1.14,4,274.766949
-0.36,11,274.799992
-0.53,11,274.83372
1.14,4,274.844401
-0.59,15,274.879212
-0.3,13,274.919008
1.14,4,274.928528
1.14,4,274.937891
1.14,4,274.948968
-0.7,8,274.971129
1.14,4,274.983304
1.14,4,274.99386
1.88,14,275.040868
-0.55,10,275.066601
1.14,4,275.078342
1.14,4,275.087918
1.14,4,275.098114
1.14,4,275.109588
-0.56,11,275.138696
-0.72,8,275.166476
-0.17,12,275.206113
1.56,9,275.233034
1.14,4,275.243992
-0.67,8,275.318284
1.14,4,275.341111
1.55,10,275.370738
1.14,4,275.381964
1.14,4,275.392878
1.14,4,275.402985
-0.66,7,275.425775
1.65,12,275.461735
-0.68,8,275.481154
-0.53,12,275.510781
1.56,10,275.541569
1.14,4,275.55378
1.14,4,275.565206
1.14,4,275.57599
1.14,4,275.586232
-0.28,15,275.627411
-0.66,7,275.651307
1.14,4,275.663704
1.14,4,275.674784
-0.84,8,275.698543
1.14,4,275.70659
1.14,4,275.717467
-0.39,10,275.74119
-0.52,10,275.774749
-0.61,10,275.803784
1.14,4,275.815746
1.14,4,275.82719
1.14,4,275.836951
1.14,4,275.848232
1.14,4,275.85979
-0.7,8,275.887546
-0.18,14,275.931233
1.14,4,275.942856
-0.77,7,275.963506
1.51,11,275.989515
-0.68,9,276.018115
-0.66,7,276.03883
1.14,4,276.050857
1.14,4,276.062305
-0.76,6,276.07749
1.14,4,276.088945
-0.46,12,276.123391
-0.37,11,276.159048
1.14,4,276.17162
-0.62,9,276.19637
-0.6,10,276.221251
-0.66,7,276.240426
1.66,10,276.272471
-0.51,14,276.31358
-0.77,7,276.331542
-0.44,12,276.364422
1.54,11,276.393457
-0.66,7,276.416903
-0.2,15,276.464496
1.14,4,276.473809
1.14,4,276.485583
-0.39,10,276.516509
-0.66,7,276.539287
-0.73,8,276.563901
1.14,4,276.573051
1.14,4,276.585127
1.52,10,276.617243
-0.81,5,276.628265
-0.35,11,276.658859
1.14,4,276.669685
-0.56,8,276.695817
1.14,4,276.708343
1.14,4,276.721418
1.14,4,276.734601
-0.65,11,276.768088
-0.6,9,276.794931
1.14,4,276.804755
-0.83,7,276.826169
-0.28,14,276.868927
-0.56,9,276.894977
-0.49,13,276.932492
1.14,4,276.941321
-0.29,12,276.980987
-0.44,10,277.006124
1.14,4,277.016757
-0.56,11,277.049454
1.14,4,277.058537
1.14,4,277.070504
-0.53,11,277.097858
-0.76,6,277.116883
1.19,5,277.129512
-0.9,8,277.155044
1.14,4,277.167997
-0.77,10,277.198626
1.14,4,277.209882
1.12,7,277.231717
1.14,4,277.243174
1.63,11,277.27336
1.14,4,277.284016
-0.63,11,277.314377
-0.47,11,277.344937
1.47,11,277.377742
-0.44,11,277.406746
-0.61,8,277.4264
1.56,9,277.453923
1.14,4,277.466567
1.14,4,277.476095
1.14,4,277.486479
1.14,4,277.497315
-0.68,9,277.522426
-0.66,7,277.546001
1.14,4,277.557926
-0.76,12,277.593338
-0.42,11,277.629312
1.14,4,277.640605
1.14,4,277.653872
1.14,4,277.664844
1.14,4,277.67557
1.65,13,277.709234
1.14,4,277.720907
-0.56,9,277.751158
1.14,4,277.760562
1.14,4,277.773164
-0.57,10,277.80773
1.29,6,277.826083
1.14,4,277.8374
1.45,10,277.866416
0.1,14,277.901865
-0.29,11,277.928956
1.14,4,277.940187
1.14,4,277.951371
1.14,4,277.963786
-0.67,8,277.989315
-0.6,9,278.017154
-0.53,11,278.051613
-0.67,8,278.077423
-0.58,13,278.112736
1.14,4,278.160558
1.14,4,278.175314
-0.59,11,278.205229
1.14,4,278.217178
1.14,4,278.228512
1.66,10,278.260434
1.14,4,278.269805
-0.51,12,278.307702
1.29,9,278.335589
-0.25,12,278.367946
-0.57,8,278.39345
-0.61,8,278.417344
-0.23,13,278.454891
1.14,4,278.465376
1.14,4,278.476182
1.14,4,278.487792
-0.59,8,278.512327
-0.76,6,278.532075
1.33,8,278.553831
1.14,4,278.565575
1.69,11,278.598339
1.73,12,278.635303
1.14,4,278.646859
1.14,4,278.657866
1.14,4,278.669284
1.7,11,278.700428
1.14,4,278.712784
-0.78,8,278.732698
1.55,10,278.763608
1.14,4,278.772545
-0.66,7,278.796717
1.14,4,278.805326
-0.39,13,278.837812
-0.61,10,278.869781
-0.51,13,278.908729
-0.53,9,278.937288
-0.78,8,278.963506
1.14,4,278.975063
-0.39,10,279.004915
-0.6,12,279.039442
1.34,7,279.059758
1.14,4,279.068615
-0.61,11,279.104468
1.14,4,279.115855
-0.48,10,279.141141
1.64,10,279.165801
-0.49,9,279.189695
1.31,10,279.217848
1.14,4,279.228583
-0.69,10,279.259831
-0.54,9,279.284266
1.14,4,279.295949
-0.35,12,279.332349
1.14,4,279.344404
1.14,4,279.355742
-0.37,10,279.387439
1.14,4,279.398823
-0.33,13,279.437762
1.37,10,279.462086
1.14,4,279.473061
1.14,4,279.48503
-0.34,12,279.522369
1.53,12,279.559247
-0.52,10,279.589592
1.19,5,279.604658
-0.15,12,279.641636
1.46,10,279.671231
1.14,4,279.682005
1.14,4,279.693033
-0.42,11,279.725292
1.14,4,279.735272
-0.56,8,279.761178
1.14,4,279.769875
1.14,4,279.781965
-0.4,12,279.813077
-0.76,6,279.832459
-0.65,8,279.852792
-0.66,7,279.872389
-0.22,13,279.91218
1.14,4,279.923226
1.19,5,279.937567
1.14,4,279.94807
1.42,10,279.977371
1.55,10,280.007933
1.14,4,280.020323
-0.34,11,280.056984
-0.62,12,280.086874
-0.44,9,280.114941
-0.51,12,280.152871
-0.55,10,280.180867
1.14,4,280.188586
1.6,11,280.220894
1.14,4,280.233737
-0.68,9,280.259742
1.14,4,280.935881
1.14,4,280.947783
1.61,10,280.977532
-0.44,9,281.003208
-0.83,10,281.034186
1.14,4,281.046215
1.52,11,281.076937
-0.27,12,281.115407
-0.82,6,281.134412
-0.71,6,281.15577
1.14,4,281.167812
-0.48,11,281.202545
1.14,4,281.214427
-0.66,7,281.237583
1.36,7,281.256987
-0.73,12,281.291069
1.14,4,281.303372
-0.76,9,281.330038
1.14,4,281.34065
-0.78,11,281.371467
-0.67,8,281.39414
1.14,4,281.405658
1.14,4,281.417276
-0.71,6,281.438217
1.14,4,281.449129
1.55,10,281.479367
-0.76,6,281.498296
-0.67,8,281.5248
-0.49,11,281.556997
1.14,4,281.569804
-0.67,8,281.591684
1.14,4,281.600921
-0.66,7,281.618954
-0.43,15,281.662462
-0.81,5,281.678839
1.14,4,281.688265
-0.43,13,281.73036
-0.72,8,281.751811
1.59,10,281.779005
1.14,4,281.790141
-0.4,12,281.824865
1.19,5,281.841
1.35,9,281.86636
-0.72,8,281.891835
-0.65,8,281.917749
1.14,4,281.930543
-0.56,9,281.952642
1.14,4,281.964089
-0.61,8,281.989598
1.48,10,282.020166
-0.64,13,282.053629
-0.62,9,282.136873
1.14,4,282.149102
1.14,4,282.161092
1.14,4,282.172215
-0.39,12,282.197829
1.14,4,282.209461
1.14,4,282.218885
-0.66,7,282.238187
-0.82,6,282.252754
1.14,4,282.264637
-0.23,12,282.297512
-0.66,7,282.316348
1.14,4,282.327685
1.14,4,282.335951
1.53,10,282.362963
1.14,4,282.37085
1.14,4,282.382595
-0.49,10,282.415117
1.44,8,282.439155
-0.5,13,282.477721
1.14,4,282.485626
1.14,4,282.496167
1.55,10,282.522224
1.73,11,282.557774
-0.49,11,282.590842
-0.65,8,282.612565
1.14,4,282.623705
-0.72,10,282.648829
-0.57,9,282.67305
1.14,4,282.684897
-0.15,13,282.726906
1.14,4,282.735873
1.47,11,282.769194
-0.53,13,282.808345
1.66,12,282.846411
-0.76,6,282.863584
1.14,4,282.873538
1.35,8,282.894474
1.14,4,282.904293
1.14,4,282.915832
1.14,4,282.927985
1.6,11,282.956437
-0.46,12,282.9922
-0.48,11,283.019675
1.14,4,283.031768
1.36,11,283.060744
1.14,4,283.068966
1.14,4,283.08041
1.14,4,283.092494
-0.64,8,283.118728
1.14,4,283.129928
1.14,4,283.14194
-0.95,8,283.165679
-0.66,7,283.188621
1.53,10,283.218606
-0.35,11,283.254559
-0.61,8,283.274162
-0.34,11,283.301295
1.14,4,283.311534
-0.64,11,283.341166
-0.51,12,283.374956
1.14,4,283.386268
-0.14,13,283.42445
1.14,4,283.435874
-0.67,8,283.463791
1.14,4,283.476255
-0.47,10,283.506768
1.14,4,283.518196
1.14,4,283.531075
1.52,11,283.562587
1.18,7,283.582623
-0.77,7,283.605308
1.14,4,283.616694
1.57,11,283.648391
-0.56,8,283.674414
-0.33,12,283.708049
1.14,4,283.716443
-0.82,6,283.731776
-0.82,6,283.748058
1.14,4,283.759845
1.37,10,283.792299
1.14,4,283.803903
1.14,4,283.813237
1.41,8,283.831517
1.14,4,283.843465
1.14,4,283.854586
1.14,4,283.866356
1.14,4,283.877107
-0.73,8,283.902157
1.14,4,283.913133
-0.43,11,283.942938
1.14,4,283.951974
-0.47,13,283.991446
-0.5,10,284.015533
1.14,4,284.026943
-0.54,9,284.054312
-0.66,7,284.070096
1.14,4,284.079688
1.14,4,284.091536
-0.67,11,284.123983
1.14,4,284.133495
-0.57,10,284.165309
1.14,4,284.177298
-0.02,14,284.220169
-0.25,12,284.248256
-0.74,9,284.276792
-0.73,8,284.304691
-0.76,6,284.325657
-0.66,7,284.349145
-0.62,9,284.375325
-0.58,10,284.403076
2.0,13,284.43782
-0.68,9,284.461689
1.14,4,284.474238
-0.55,10,284.503783
1.75,11,284.535615
1.14,4,284.545566
-0.44,13,284.580928
-0.68,10,284.61358
1.14,4,284.626144
-0.47,10,284.654228
1.14,4,284.663462
-0.45,12,284.698049
-0.36,11,284.731557
1.14,4,284.744281
-0.41,12,284.781201
-0.64,7,284.799039
1.14,4,284.810689
-0.68,9,284.837568
1.13,5,284.85167
1.14,4,284.861614
1.14,4,284.870825
1.14,4,284.882462
1.14,4,284.89393
1.66,10,284.924141
-0.83,7,284.944679
-0.8,10,284.975775
1.52,11,285.006791
1.14,4,285.016859
-0.59,10,285.047656
-0.63,9,285.078262
-0.45,12,285.113786
-0.78,8,285.133619
1.38,9,285.159964
-0.53,11,285.190547
-0.71,7,285.211576
1.14,4,285.221872
1.14,4,285.231404
1.14,4,285.243877
1.14,4,285.255362
1.59,12,285.291366
-0.57,9,285.317807
1.14,4,285.329366
1.14,4,285.341088
1.14,4,285.352068
1.47,11,285.382717
1.55,10,285.410303
-0.86,5,285.424121
1.44,8,285.446924
-0.82,6,285.467674
-0.66,7,285.486388
-0.47,11,285.5218
1.14,4,285.533668
-0.34,12,285.567841
-0.68,9,285.594438
1.33,8,285.617671
-0.71,7,285.641268
-0.35,10,285.674591
1.14,4,285.683576
1.14,4,285.695443
1.14,4,285.707355
1.14,4,285.71815
1.14,4,285.729221
-0.6,9,285.760224
-0.56,8,285.782666
-0.61,8,285.855332
1.14,4,285.865079
-0.71,7,285.889894
-0.38,13,285.928195
1.14,4,285.940772
1.14,4,285.952893
1.14,4,285.962383
1.14,4,285.973918
1.14,4,285.985913
1.14,4,285.998616
-0.42,11,286.032906
1.14,4,286.044466
-0.46,10,286.070066
1.14,4,286.081116
-0.77,7,286.105325
1.14,4,286.113984
-0.68,9,286.140649
1.14,4,286.151894
1.14,4,286.163609
-0.64,7,286.18342
1.14,4,286.195771
-0.28,12,286.225464
-0.5,11,286.25501
-0.73,8,286.280172
1.38,11,286.309772
1.14,4,286.320274
1.7,11,286.348043
1.14,4,286.359996
-0.34,14,286.399834
1.27,8,286.424535
-0.66,7,286.444176
-0.62,9,286.473974
1.14,4,286.482324
-0.28,12,286.518165
1.44,8,286.544241
1.14,4,286.556607
-0.61,10,286.583189
1.14,4,286.594094
1.19,5,286.608472
-0.5,10,286.640196
-0.61,8,286.667909
1.14,4,286.67995
1.14,4,286.692143
1.14,4,286.704158
-0.63,10,286.732116
-0.62,9,286.760163
-0.57,9,286.78517
-0.67,8,286.812188
-0.36,12,286.85037
-0.41,9,286.87933
1.14,4,286.892033
-0.27,12,286.928857
1.14,4,286.940057
-0.57,10,286.970315
-0.71,6,287.701718
-0.33,11,287.73619
-0.73,8,287.762987
1.49,9,287.790533
-0.61,10,287.823345
1.42,10,287.853874
-0.83,10,287.883663
-0.57,12,287.920653
1.52,11,287.94998
1.14,4,287.959498
-0.53,11,287.991254
1.38,8,288.011584
1.14,4,288.021501
1.37,10,288.051849
1.14,4,288.061457
1.14,4,288.073443
1.14,4,288.083006
-0.84,8,288.104426
1.14,4,288.115129
1.14,4,288.125115
-0.45,11,288.15626
-0.77,7,288.179417
1.14,4,288.192321
1.55,12,288.221302
-0.17,13,288.261569
1.14,4,288.274472
1.39,10,288.306988
1.14,4,288.318717
1.55,11,288.353992
1.58,9,288.376114
-0.76,6,288.395389
1.14,4,288.40836
1.14,4,288.421206
-0.46,10,288.451111
-0.83,9,288.47602
-0.73,9,288.505077
1.48,10,288.538483
1.14,4,288.550449
-0.21,15,288.595027
-0.45,10,288.628494
-0.78,8,288.652404
1.55,10,288.682902
1.14,4,288.694781
-0.48,12,288.729612
-0.79,9,288.755563
1.14,4,288.765478
-0.63,10,288.794082
-0.76,6,288.814139
1.14,4,288.824068
-0.57,10,288.854903
1.31,10,288.882204
-0.76,6,288.896697
-0.26,12,288.933278
1.14,4,288.942856
1.14,4,288.952609
1.14,4,288.9631
1.13,5,288.978223
-0.54,13,289.014219
-0.43,13,289.05605
-0.56,11,289.090184
1.69,13,289.127154
-0.38,13,289.163356
1.14,4,289.17493
1.14,4,289.18734
-0.44,11,289.218648
1.14,4,289.226863
-0.56,11,289.25856
1.14,4,289.270488
-0.63,10,289.302562
-0.53,11,289.328485
1.14,4,289.340009
1.66,10,289.364643
1.14,4,289.376084
-0.65,9,289.398873
1.57,10,289.428022
-0.45,11,289.456541
1.14,4,289.467482
1.14,4,289.479375
-0.56,10,289.512943
-0.73,8,289.537856
-0.55,11,289.571293
1.93,13,289.609851
1.14,4,289.622254
-0.61,10,289.655534
-0.57,9,289.685644
-0.71,7,289.706406
1.14,4,289.717844
1.5,11,289.756905
1.63,10,289.821857
1.14,4,289.830389
-0.39,10,289.856159
1.14,4,289.864516
1.33,8,289.888239
1.14,4,289.899517
-0.32,11,289.935511
1.29,6,289.952816
1.14,4,289.96394
1.14,4,289.975495
1.14,4,289.98986
1.14,4,290.002865
-0.39,9,290.028126
-0.51,9,290.053615
1.14,4,290.064579
-0.52,10,290.094085
-0.51,11,290.121415
-0.71,7,290.141076
1.14,4,290.152813
-0.18,14,290.193688
-0.61,10,290.227552
1.14,4,290.238355
1.14,4,290.249867
1.14,4,290.259453
-0.38,10,290.291796
1.14,4,290.302266
1.14,4,290.310749
1.14,4,290.320701
-0.41,13,290.357331
-0.49,9,290.386369
-0.82,6,290.406425
1.14,4,290.418651
1.14,4,290.428368
1.14,4,290.439481
-0.67,8,290.466267
1.14,4,290.475331
1.14,4,290.486947
-0.55,10,290.519159
1.14,4,290.528655
-0.51,9,290.552949
-0.42,11,290.584551
1.14,4,290.59557
-0.05,14,290.635026
-0.21,14,290.672902
1.14,4,290.68221
-0.4,11,290.719301
-0.41,12,290.757282
-0.44,12,290.79076
1.14,4,290.802224
-0.77,10,290.830797
-0.64,10,290.854354
1.14,4,290.865216
1.14,4,290.874962
1.37,10,290.901834
1.44,9,290.931693
-0.68,9,290.958587
-0.66,8,290.981128
1.57,12,291.012007
1.14,4,291.023503
1.14,4,291.034886
1.14,4,291.046132
1.14,4,291.058046
-0.67,11,291.093683
-0.64,9,291.1235
1.39,8,291.148862
1.14,4,291.160592
-0.27,12,291.202806
-0.53,11,291.235806
1.14,4,291.246912
-0.49,10,291.270888
1.14,4,291.281038
1.14,4,291.290547
1.14,4,291.301097
-0.76,6,291.318919
1.14,4,291.330279
1.31,10,291.355156
-0.7,9,291.382845
1.14,4,291.394017
1.79,13,291.42873
1.14,4,291.440381
1.14,4,291.450295
1.14,4,291.460805
1.14,4,291.473064
1.14,4,291.48465
-0.14,12,291.51886
1.95,13,291.560722
-0.78,8,291.588286
-0.34,11,291.620768
-0.6,10,291.654102
1.14,4,291.665684
-0.93,6,291.684536
1.14,4,291.695783
-0.37,10,291.727309
1.14,4,291.738641
-0.38,12,291.775142
1.14,4,291.78777
-0.65,12,291.817424
-0.66,7,291.837145
1.14,4,291.84737
1.4,8,291.87191
1.14,4,291.884083
1.14,4,291.893167
-0.78,8,291.916891
1.14,4,291.928549
-0.68,10,291.957654
-0.49,12,291.998254
-0.55,9,292.023631
-0.56,11,292.055711
1.14,4,292.066665
1.14,4,292.077473
1.62,10,292.11092
-0.6,12,292.144837
-0.49,11,292.173112
-0.35,13,292.206649
1.42,10,292.237409
-0.61,10,292.270696
-0.34,12,292.305702
1.14,4,292.318494
-0.77,7,292.342103
1.14,4,292.355371
1.14,4,292.366511
1.14,4,292.377469
1.56,9,292.406193
-0.66,7,292.429124
1.14,4,292.438149
-0.41,12,292.474244
-0.65,8,292.502656
1.42,10,292.531248
-0.43,12,292.571105
1.14,4,292.583182
-0.75,11,292.613749
-0.57,9,292.640798
-0.58,10,292.67514
-0.34,14,292.717612
-0.76,6,292.732252
1.44,8,292.756884
-0.38,12,292.795577
1.14,4,292.804877
1.58,11,292.834312
-0.59,8,292.856591
1.66,12,292.891785
-0.37,11,292.926369
1.14,4,292.939473
1.14,4,292.951227
1.14,4,292.962585
1.14,4,292.974581
1.14,4,293.029263
1.14,4,293.045974
-0.3,13,293.090381
1.14,4,293.101762
1.14,4,293.113601
-0.66,7,293.137212
1.14,4,293.149947
1.14,4,293.162581
-0.18,15,293.207351
-0.61,10,293.237819
1.14,4,293.249912
1.13,5,293.265328
1.14,4,293.276732
1.14,4,293.288823
1.14,4,293.299152
-0.59,9,293.322384
-0.67,11,293.348813
-0.57,12,293.384223
1.14,4,293.395925
-0.35,11,293.433822
1.65,11,293.468424
1.14,4,293.476712
-0.42,12,293.516312
-0.46,11,293.554132
1.14,4,293.565321
1.37,10,293.589905
1.14,4,293.601068
1.14,4,293.609711
-0.81,5,293.624782
1.14,4,293.636402
1.59,9,293.665575
-0.31,13,293.699281
1.14,4,293.710886
1.14,4,293.723456
1.14,4,293.736468
-0.56,8,293.761157
0.01,14,294.452816
-0.68,9,294.479785
1.19,5,294.495649
1.61,10,294.522329
-0.49,16,294.558783
1.14,4,294.56897
-0.23,14,294.606767
-0.62,10,294.635578
1.14,4,294.645751
-0.6,10,294.680296
-0.67,8,294.707235
1.14,4,294.719921
-0.77,7,294.745558
1.14,4,294.758473
-0.25,12,294.795607
-0.4,12,294.830755
1.14,4,294.840464
-0.6,9,294.868133
1.14,4,294.87698
-0.72,7,294.902119
1.14,4,294.914391
1.14,4,294.925668
-0.72,11,294.958063
1.14,4,294.970852
1.54,9,294.993933
-0.31,11,295.03325
-0.69,10,295.061756
1.63,11,295.090592
1.6,11,295.127738
1.14,4,295.13816
-0.22,12,295.175548
-0.82,6,295.191405
-0.4,11,295.223443
1.14,4,295.235478
1.14,4,295.24733
-0.66,7,295.267131
1.48,10,295.298057
-0.39,10,295.327404
1.14,4,295.339357
1.14,4,295.350701
1.14,4,295.362605
-0.82,6,295.382173
-0.84,8,295.408333
1.14,4,295.420473
-0.76,8,295.448534
1.47,11,295.473715
1.14,4,295.484653
1.14,4,295.497544
1.14,4,295.509319
1.55,10,295.538401
1.14,4,295.550592
1.14,4,295.562197
-0.34,12,295.589326
1.45,9,295.61851
-0.46,12,295.656961
1.14,4,295.669916
1.46,8,295.691362
-0.61,8,295.71908
-0.72,7,295.738618
-0.64,11,295.769426
1.14,4,295.779174
-0.5,10,295.810499
-0.81,5,295.826224
-0.77,7,295.842963
1.14,4,295.854177
1.14,4,295.86622
1.55,10,295.897351
1.14,4,295.906182
-0.52,12,295.937813
1.19,5,295.949603
1.14,4,295.959777
-0.6,9,295.992114
-0.52,10,296.019987
-0.56,8,296.046114
-0.87,6,296.060912
-0.41,12,296.096317
1.14,4,296.108137
1.49,9,296.136224
-0.78,8,296.158017
1.6,11,296.185642
1.14,4,296.197804
-0.67,8,296.224647
1.14,4,296.236683
1.14,4,296.247168
1.14,4,296.258175
1.67,12,296.289107
-0.64,10,296.32227
1.14,4,296.335318
-0.59,10,296.372271
1.14,4,296.384227
1.14,4,296.396538
1.14,4,296.405942
1.14,4,296.417235
1.55,10,296.44652
-0.76,6,296.467323
-0.32,12,296.510615
1.14,4,296.524946
1.14,4,296.538912
-0.63,10,296.580354
1.61,10,296.620705
1.14,4,296.63296
-0.54,12,296.669058
1.14,4,296.680781
-0.36,13,296.723657
1.14,4,296.738608
-0.79,9,296.770478
1.14,4,296.782072
-0.64,7,296.810072
1.14,4,296.879536
1.14,4,296.896312
-0.62,9,296.930887
1.14,4,296.940897
-0.44,10,296.976488
1.53,10,297.009578
-0.82,6,297.025853
1.14,4,297.038296
1.14,4,297.050583
1.66,10,297.082037
1.14,4,297.091908
-0.61,10,297.116721
1.14,4,297.12915
-0.66,7,297.149095
1.61,9,297.171614
1.14,4,297.1837
1.14,4,297.196043
1.14,4,297.207597
-0.7,8,297.22991
-0.6,9,297.256526
-0.59,9,297.282654
-0.62,9,297.312765
1.61,10,297.34643
1.14,4,297.356083
-0.72,8,297.380127
1.29,6,297.399129
1.14,4,297.411338
1.14,4,297.422585
1.14,4,297.434897
-0.71,8,297.460141
1.14,4,297.471274
1.14,4,297.482847
1.54,11,297.51658
1.14,4,297.52831
1.14,4,297.539619
1.14,4,297.551544
-0.68,11,297.578108
-0.24,12,297.614083
1.58,11,297.641656
-0.66,7,297.66498
1.14,4,297.677304
-0.37,11,297.716419
1.39,7,297.738849
-0.76,6,297.758833
1.29,6,297.777495
-0.44,10,297.803804
1.14,4,297.813419
-0.64,11,297.844531
-0.3,13,297.879145
1.14,4,297.890002
-0.67,7,297.913449
-0.76,6,297.933766
1.14,4,297.944616
-0.7,11,297.97463
1.14,4,297.98612
1.14,4,297.998163
-0.64,11,298.032092
1.14,4,298.042182
1.14,4,298.053026
1.46,8,298.078198
-0.67,8,298.104103
1.14,4,298.117
1.14,4,298.129103
-0.61,11,298.16415
1.14,4,298.175062
1.14,4,298.184689
1.14,4,298.19517
1.14,4,298.205701
1.52,12,298.241799
-0.78,8,298.268703
1.14,4,298.280401
-0.56,9,298.309913
1.36,11,298.342242
1.14,4,298.35231
1.52,11,298.382524
1.14,4,298.394348
1.66,10,298.422045
1.67,12,298.455503
-0.39,12,298.4902
1.44,8,298.511639
-0.56,8,298.537019
1.14,4,298.549093
1.14,4,298.56168
1.29,6,298.58012
1.14,4,298.591908
1.14,4,298.604522
-0.67,11,298.632465
-0.46,9,298.662356
1.4,11,298.696088
-0.82,6,298.712315
-0.58,9,298.738894
1.14,4,298.750158
1.14,4,298.760956
1.14,4,298.771966
-0.52,10,298.797582
-0.74,10,298.820171
1.14,4,298.831972
1.14,4,298.843778
1.31,10,298.874801
1.14,4,298.886236
-0.51,11,298.924191
1.14,4,298.934191
1.14,4,298.946291
1.14,4,298.957903
1.14,4,298.970072
-0.19,12,299.068005
1.14,4,299.079007
1.14,4,299.092454
1.19,5,299.103687
-0.81,5,299.119398
1.66,10,299.145057
1.14,4,299.153261
-0.43,11,299.180751
1.52,11,299.20529
-0.76,6,299.223386
1.14,4,299.232864
1.14,4,299.244201
-0.39,11,299.279657
1.14,4,299.289591
-0.59,8,299.311537
1.47,11,299.342812
-0.36,11,299.377835
1.43,9,299.404116
1.14,4,299.416786
1.14,4,299.429309
1.14,4,299.441613
1.14,4,299.453711
-0.73,11,299.482888
1.14,4,299.495758
-0.55,11,299.529367
1.14,4,299.539292
1.14,4,299.548987
1.14,4,299.560365
-0.72,8,299.582047
-0.24,12,299.615428
1.14,4,299.627601
-0.68,9,299.652662
1.14,4,299.664471
-0.47,14,299.705733
-0.5,11,299.742151
-0.38,11,299.768738
1.14,4,299.779911
2.0,13,299.818889
-0.66,7,299.841733
-0.49,11,299.870595
1.49,12,299.90716
-0.45,12,299.944114
-0.29,11,299.979754
0.1,15,300.026221
1.14,4,300.038448
1.14,4,300.04944
-0.67,8,300.109568
-0.31,11,300.168588
-0.54,9,300.199356
1.14,4,300.211303
-0.67,8,300.233417
1.14,4,300.245164
-0.56,10,300.273531
1.37,10,300.297671
-0.4,15,300.341999
-0.63,10,300.371015
1.14,4,300.383196
-0.23,13,300.420888
1.14,4,300.43234
1.68,10,300.462156
1.14,4,300.474267
1.14,4,300.486351
-0.55,9,300.512964
-0.42,13,300.55304
1.65,11,300.583787
1.14,4,300.595074
-0.69,13,300.634534
1.14,4,300.646003
-0.3,11,300.676089
1.49,8,301.491827
1.59,10,301.521145
-0.44,11,301.556001
1.14,4,301.566955
-0.35,10,301.596191
1.14,4,301.609346
1.14,4,301.620747
1.14,4,301.629928
1.14,4,301.641823
1.44,8,301.666258
1.41,11,301.700012
1.14,4,301.712026
-0.45,11,301.749047
1.14,4,301.760184
1.14,4,301.77131
-0.37,10,301.800157
1.14,4,301.811466
-0.66,8,301.837392
-0.62,9,301.864582
-0.73,8,301.885086
1.14,4,301.897174
-0.68,9,301.925565
-0.68,9,301.956802
-0.59,8,301.979333
-0.57,10,302.012932
1.14,4,302.025223
-0.58,11,302.056571
-0.41,9,302.085395
1.43,9,302.109673
1.14,4,302.117548
1.46,10,302.146852
-0.67,8,302.172848
1.64,10,302.20413
1.14,4,302.216675
1.14,4,302.22866
-0.49,10,302.25394
-0.42,11,302.284302
1.14,4,302.29702
1.56,9,302.320899
-0.64,7,302.345832
1.14,4,302.356139
-0.52,10,302.387756
-0.55,9,302.416627
1.5,9,302.445009
1.14,4,302.457837
1.14,4,302.46972
1.14,4,302.47955
-0.7,8,302.505182
1.14,4,302.514173
1.87,14,302.552289
1.49,11,302.584387
1.57,12,302.624551
1.76,11,302.657143
-0.69,7,302.676595
-0.82,6,302.695442
-0.61,8,302.719869
1.4,9,302.746004
1.14,4,302.75759
1.14,4,302.768357
1.14,4,302.779621
1.84,14,302.818344
-0.8,6,302.833631
1.14,4,302.845151
1.7,12,302.880176
1.64,10,302.904786
1.14,4,302.916096
1.14,4,302.927588
1.54,11,302.960091
1.36,7,302.98199
-0.39,11,303.019006
-0.91,4,303.031637
1.14,4,303.043669
1.14,4,303.056468
-0.34,12,303.087259
-0.4,11,303.124279
1.14,4,303.133768
-0.66,7,303.157155
1.14,4,303.167935
1.55,10,303.198365
1.33,8,303.223296
1.14,4,303.237846
1.53,10,303.273012
-0.66,7,303.299647
-0.58,11,303.338661
1.14,4,303.349446
-0.66,10,303.386498
-0.63,10,303.421164
-0.43,13,303.474395
1.14,4,303.485871
1.53,10,303.521444
-0.61,8,303.553051
1.14,4,303.56631
1.59,12,303.608887
-0.77,7,303.632171
-0.48,9,303.664248
1.14,4,303.675261
1.14,4,303.686729
1.14,4,303.699042
-0.69,11,303.732434
-0.68,9,303.759715
1.14,4,303.769905
1.14,4,303.779893
1.14,4,303.792257
1.39,8,303.816078
-0.78,8,303.844169
-0.36,10,303.875261
1.14,4,303.887367
-0.69,10,303.91425
1.14,4,303.926022
-0.66,11,303.958611
-0.62,11,303.995442
-0.78,8,304.020612
1.53,10,304.046498
-0.52,9,304.071406
-0.5,10,304.097658
1.14,4,304.109854
1.14,4,304.123466
-0.63,10,304.198177
1.14,4,304.208068
-0.46,10,304.241745
-0.79,6,304.261863
1.14,4,304.271708
-0.57,9,304.299611
-0.57,11,304.336056
-0.54,8,304.356558
1.14,4,304.367737
1.14,4,304.376744
-0.54,9,304.398962
-0.38,12,304.438627
1.14,4,304.450677
1.14,4,304.462556
-0.76,6,304.482817
1.14,4,304.494688
1.14,4,304.506303
1.14,4,304.515437
1.14,4,304.527194
1.14,4,304.537149
-0.51,9,304.565465
1.14,4,304.575184
1.29,6,304.592702
1.57,11,304.626347
1.14,4,304.638075
1.14,4,304.64919
-0.67,8,304.671475
-0.43,11,304.698159
-0.56,11,304.728732
1.39,8,304.751565
-0.71,7,304.775353
1.5,10,304.800473
1.14,4,304.812413
-0.61,8,304.838379
-0.66,7,304.860506
-0.49,10,304.893427
1.14,4,304.905744
1.14,4,304.915036
-0.49,10,304.948601
1.56,9,304.98401
1.14,4,305.000189
1.14,4,305.015769
1.14,4,305.031849
1.7,13,305.087115
-0.69,10,305.12525
1.14,4,305.140793
-0.54,11,305.182193
1.61,13,305.217698
1.14,4,305.229521
-0.37,10,305.259943
1.14,4,305.270819
-0.61,8,305.295024
1.19,5,305.310619
-0.29,13,305.348238
1.14,4,305.362212
1.14,4,305.375003
1.14,4,305.386461
-0.14,13,305.424815
1.14,4,305.436389
1.63,11,305.466784
1.14,4,305.478295
1.14,4,305.493369
-0.47,11,305.540516
-0.46,13,305.594923
1.55,10,305.629444
1.32,9,305.661874
1.14,4,305.677167
1.55,10,305.707005
1.63,11,305.740099
1.14,4,305.748143
1.14,4,305.760089
-0.59,9,305.79023
-0.58,10,305.821256
-0.4,12,305.856438
1.51,9,305.884378
-0.74,6,305.907664
-0.64,7,305.928626
-0.32,11,305.969443
1.14,4,305.978578
-0.76,6,305.999226
-0.37,11,306.034276
1.14,4,306.04652
1.14,4,306.061831
1.14,4,306.074389
-0.68,9,306.107396
1.14,4,306.119187
1.14,4,306.132486
1.48,10,306.165514
-0.34,11,306.203875
1.14,4,306.216588
1.14,4,306.228225
1.14,4,306.240432
-0.76,6,306.257934
1.14,4,306.270785
-0.76,6,306.288549
-0.38,13,306.328708
1.53,9,306.356117
1.48,10,306.37965
1.14,4,306.391596
1.14,4,306.403891
-0.5,11,306.44097
-0.54,8,306.46377
1.61,11,306.498366
1.14,4,306.508505
1.14,4,306.520291
-0.64,7,306.536883
1.14,4,306.548095
1.14,4,306.557843
1.14,4,306.569745
1.53,11,306.600382
-0.53,11,306.629102
1.47,9,306.655989
1.14,4,306.667403
1.54,10,306.698436
-0.66,7,306.71699
1.14,4,306.729182
1.14,4,306.740774
1.14,4,306.752952
1.14,4,306.764297
-0.67,8,306.791687
1.14,4,306.803675
-0.66,9,306.828338
-0.66,7,306.850048
1.14,4,306.859977
-0.66,9,306.881989
-0.11,14,306.915425
1.14,4,306.92526
1.14,4,306.937139
1.14,4,306.947776
-0.06,14,306.991357
1.14,4,307.003331
-0.34,14,307.045195
1.14,4,307.05755
1.14,4,307.069537
-0.31,11,307.103708
-0.49,10,307.132285
1.46,9,307.161106
1.46,8,307.187278
1.14,4,307.19634
-0.78,8,307.215981
1.81,12,307.244388
-0.51,9,307.276007
1.14,4,307.287379
-0.71,6,307.306862
1.63,10,307.335321
1.14,4,307.343828
-0.58,10,307.375175
1.14,4,307.430025
-0.76,6,307.459299
-0.81,8,307.486459
1.14,4,307.499521
-0.66,7,307.52474
1.48,10,307.556095
-0.43,12,307.59418
-0.69,11,307.625976
-0.45,10,307.655819
1.14,4,307.66697
1.34,10,307.700273
1.14,4,307.714359
1.44,8,307.745192
-0.47,15,307.796475
1.14,4,307.811013
1.47,11,307.847534
-0.72,7,307.872194
-0.66,7,308.593994
-0.7,9,308.623764
1.14,4,308.633749
-0.44,9,308.659298
-0.06,14,308.699438
1.52,11,308.724765
-0.37,11,308.758782
1.52,11,308.793134
-0.21,16,308.840364
1.42,10,308.869835
1.66,10,308.895467
-0.53,10,308.929496
1.66,11,308.964784
-0.5,11,308.992321
1.14,4,309.003754
-0.5,14,309.090034
1.14,4,309.112272
-0.32,11,309.152649
1.14,4,309.164801
1.55,10,309.196184
1.66,11,309.230158
-0.47,11,309.264464
1.54,10,309.293293
-0.51,9,309.322783
1.14,4,309.333846
1.14,4,309.34483
1.14,4,309.358155
1.14,4,309.37125
1.14,4,309.379751
1.14,4,309.391869
-0.44,10,309.422402
-0.5,10,309.450406
-0.43,12,309.485787
-0.66,7,309.504815
1.14,4,309.513023
1.71,11,309.541622
1.58,10,309.569903
1.14,4,309.582278
1.14,4,309.595577
1.14,4,309.608494
1.48,9,309.638109
1.42,10,309.667331
-0.42,10,309.699259
1.14,4,309.709177
1.43,10,309.737533
-0.89,8,309.761256
-0.3,12,309.800565
1.49,9,309.830387
-0.66,7,309.853623
1.14,4,309.865666
1.14,4,309.877555
1.14,4,309.889299
1.14,4,309.901418
1.14,4,309.910717
1.43,9,309.939348
-0.48,11,309.972418
1.14,4,309.984702
1.14,4,309.994272
1.14,4,310.005841
1.14,4,310.018768
1.51,9,310.047606
-0.76,6,310.068917
1.19,5,310.085297
-0.69,10,310.11868
-0.76,6,310.138866
1.14,4,310.150812
1.34,13,310.191708
1.47,11,310.22792
1.14,4,310.240418
1.14,4,310.251508
-0.72,14,310.296143
-0.49,12,310.330352
-0.2,14,310.374888
-0.62,9,310.402521
-0.74,7,310.421926
1.14,4,310.433753
-0.45,14,310.474964
-0.82,6,310.496317
-0.57,10,310.528765
-0.66,7,310.552302
-0.44,10,310.586282
-0.67,8,310.609264
1.14,4,310.620888
-0.99,6,310.640115
1.68,10,310.66871
1.46,8,310.688187
-0.6,9,310.718765
-0.57,9,310.745079
1.61,10,310.776685
1.14,4,310.790228
1.14,4,310.805228
1.42,10,310.839036
1.14,4,310.850883
-0.47,13,310.891549
1.53,10,310.919695
-0.52,10,310.951337
1.14,4,310.961491
1.14,4,310.973246
1.14,4,310.984497
-0.33,13,311.025391
1.14,4,311.037402
-0.66,13,311.074335
-0.66,7,311.097777
-0.56,8,311.121761
1.45,9,311.148194
-0.66,7,311.165265
1.56,9,311.192933
-0.6,11,311.226555
1.14,4,311.239306
-0.63,10,311.267111
1.14,4,311.279006
-0.81,5,311.295768
1.14,4,311.308085
1.59,9,311.337238
-0.79,9,311.363742
1.14,4,311.375437
-0.35,10,311.400687
1.14,4,311.411281
-0.73,9,311.440012
1.14,4,311.451456
1.63,11,311.479451
1.14,4,311.488529
1.66,10,311.514949
1.14,4,311.526141
1.53,10,311.599939
-0.26,13,311.647091
1.19,5,311.660193
1.14,4,311.669946
1.58,11,311.702065
-0.07,14,311.742676
-0.47,14,311.784302
1.14,4,311.795979
2.0,13,311.838038
-0.68,9,311.864714
-0.37,12,311.899714
1.14,4,311.911385
1.29,7,311.931838
-0.12,13,311.970672
-0.45,11,312.001902
1.57,10,312.032905
1.14,4,312.044211
1.14,4,312.056274
-0.76,6,312.075751
1.14,4,312.086662
-0.72,9,312.113416
-0.65,9,312.142134
-0.55,12,312.177663
-0.7,11,312.210732
1.14,4,312.222543
1.14,4,312.234132
-0.58,10,312.265099
-0.32,12,312.3023
-0.4,10,312.33728
1.14,4,312.349712
-0.76,6,312.366445
1.19,5,312.379525
1.55,10,312.40823
1.14,4,312.42105
1.14,4,312.431905
1.66,10,312.461719
1.14,4,312.473699
1.14,4,312.485953
-0.68,10,312.519235
-0.83,7,312.535668
-0.65,8,312.561861
-0.68,9,312.591731
-0.65,8,312.619097
-0.25,12,312.656055
1.14,4,312.66809
1.14,4,312.680732
-0.63,9,312.707971
-0.67,8,312.733603
-0.65,9,312.758776
1.33,8,312.781708
1.38,9,312.810133
1.14,4,312.819812
1.55,10,312.844328
-0.71,6,312.863887
-0.59,11,312.900002
1.58,10,312.924323
-0.2,12,312.9634
-0.36,11,312.996672
1.46,12,313.02385
-0.44,9,313.046378
-0.56,8,313.071817
-0.46,12,313.106254
1.64,10,313.137723
1.14,4,313.150515
1.46,8,313.172702
1.14,4,313.184503
-0.72,7,313.205352
-0.64,7,313.225462
1.14,4,313.237346
-0.62,9,313.260332
-0.35,13,313.298798
1.53,10,313.324054
-0.82,6,313.345157
-0.48,11,313.380913
1.14,4,313.391882
-0.71,9,313.418655
-0.81,11,313.453653
-0.79,9,313.47957
-0.36,11,313.514137
1.19,5,313.524827
-0.26,12,313.559018
-0.37,11,313.594496
-0.77,7,313.61716
-0.37,12,313.648781
-0.58,10,313.677578
1.14,4,313.69057
-0.77,7,313.714337
-0.27,13,313.764505
1.14,4,313.777023
-0.48,10,313.81782
-0.86,10,313.854025
1.47,11,313.890375
1.14,4,313.900852
1.14,4,313.913758
1.14,4,313.924239
1.14,4,313.934304
1.53,10,313.966179
-0.75,10,313.998298
1.14,4,314.009642
1.14,4,314.020283
-0.49,10,314.053235
1.14,4,314.064004
-0.4,12,314.101343
-0.54,12,314.138776
1.14,4,314.153244
-0.76,6,314.181037
-0.22,13,314.229724
1.14,4,314.239073
1.37,10,314.271173
1.14,4,314.282935
-0.5,12,314.319108
1.14,4,314.331436
-0.63,10,314.366265
-0.37,13,314.409654
1.14,4,314.420325
-0.62,9,314.448285
-0.56,11,314.483465
-0.76,11,314.519943
1.14,4,314.534169
-0.76,6,314.565953
1.14,4,314.584933
1.14,4,314.601546
-0.25,13,314.659963
-0.72,8,314.701279
1.14,4,314.721918
-0.57,9,314.768265
1.14,4,314.788509
-0.68,9,314.838374
-0.51,12,314.898572
1.14,4,314.913576
1.14,4,314.935288
1.14,4,314.954689
-0.5,13,315.019763
1.14,4,315.041143
-0.67,8,315.162869
1.14,4,315.182709
-0.35,12,316.137651
1.14,4,316.147115
1.14,4,316.160545
1.19,5,316.173004
1.14,4,316.184088
-0.72,7,316.207193
1.69,10,316.238461
-0.78,8,316.261839
-0.54,11,316.30128
-0.29,15,316.349323
-0.81,5,316.36533
1.14,4,316.376869
-0.67,8,316.407666
1.14,4,316.418232
1.14,4,316.430992
-0.33,12,316.47219
-0.68,9,316.503732
-0.45,11,316.543324
1.14,4,316.555894
-0.77,7,316.577873
1.14,4,316.589824
1.14,4,316.599498
1.14,4,316.611588
-0.54,8,316.63401
1.19,5,316.649177
-0.61,8,316.672397
1.14,4,316.682644
-0.49,13,316.721349
-0.66,7,316.742571
1.14,4,316.755033
-0.72,8,316.779499
-0.32,13,316.813097
1.69,11,316.849755
1.14,4,316.864502
1.14,4,316.877777
1.39,8,316.902377
-0.34,11,316.935156
1.14,4,316.945559
-0.71,7,316.966272
-0.58,9,316.997238
0.02,14,317.039344
1.93,13,317.076783
-0.84,8,317.101487
-0.24,13,317.143344
-0.37,13,317.183028
-0.24,12,317.218802
-0.54,8,317.24617
1.14,4,317.256332
1.55,10,317.286405
-0.74,7,317.308605
-0.62,9,317.333786
1.14,4,317.346837
1.14,4,317.359838
-0.45,10,317.400258
1.14,4,317.416351
1.43,9,317.447675
-0.64,11,317.48069
-0.51,9,317.511155
1.14,4,317.520454
1.53,10,317.546227
-0.59,11,317.576202
1.59,9,317.604937
-0.62,10,317.635623
1.14,4,317.647413
1.14,4,317.657746
1.47,11,317.683504
1.8,13,317.723401
1.38,9,317.746455
-0.67,8,317.773117
1.14,4,317.782708
1.14,4,317.794435
1.14,4,317.805158
1.14,4,317.81481
1.62,11,317.846761
-0.39,9,317.872787
1.34,9,317.895466
-0.81,5,317.911186
-0.42,11,317.945179
-0.46,14,317.978392
1.14,4,317.990011
1.19,5,318.002965
1.14,4,318.015539
-0.74,10,318.045642
-0.54,9,318.077016
1.14,4,318.089177
-0.6,9,318.115779
1.14,4,318.127401
-0.66,7,318.149535
1.39,8,318.175281
1.14,4,318.186166
1.14,4,318.198733
1.38,9,318.226474
-1.01,8,318.245586
1.14,4,318.256028
-0.54,8,318.280473
-0.61,10,318.311761
-0.77,7,318.330703
1.56,9,318.359798
-0.78,11,318.395287
-0.56,9,318.424851
-0.37,10,318.457438
-0.61,11,318.490457
-0.73,11,318.5223
-0.89,8,318.547696
1.14,4,318.560912
1.38,9,318.589559
-0.44,13,318.630071
-0.61,8,318.651619
1.42,10,318.680616
1.64,10,318.716282
-0.44,12,318.760241
1.14,4,318.770103
-0.37,12,318.806746
-0.76,6,318.823381
1.14,4,318.835232
-0.66,8,318.862142
-0.67,8,318.883377
-0.67,11,318.91163
1.47,11,318.945367
1.14,4,318.959977
-0.52,10,318.991581
-0.83,7,319.014623
1.14,4,319.025424
-0.32,10,319.054024
1.14,4,319.068209
-0.44,12,319.108437
1.14,4,319.117273
-0.66,7,319.142567
-0.53,11,319.17609
1.14,4,319.184866
-0.73,9,319.209313
-0.47,11,319.242933
-0.62,9,319.327751
1.14,4,319.339093
1.14,4,319.348479
1.14,4,319.359952
1.52,11,319.388721
1.4,12,319.426089
1.14,4,319.437021
1.14,4,319.449093
-0.71,6,319.471336
-0.81,5,319.488192
1.14,4,319.501011
-0.41,11,319.530467
-0.24,11,319.562962
-0.65,8,319.593369
-0.52,13,319.633037
-0.55,9,319.660138
1.14,4,319.673065
-0.64,8,319.704378
1.14,4,319.715334
1.54,11,319.74774
-0.74,6,319.76355
1.14,4,319.774733
-0.55,9,319.806044
1.51,9,319.832249
1.14,4,319.845669
1.14,4,319.858223
1.14,4,319.870149
1.14,4,319.882313
-0.46,12,319.920831
-0.61,7,319.947274
1.14,4,319.959706
1.48,10,319.996922
1.14,4,320.010522
1.14,4,320.025656
1.59,10,320.067533
1.69,11,320.1869
1.29,6,320.207355
1.14,4,320.218158
1.14,4,320.232388
1.98,13,320.275836
1.43,10,320.308001
-0.56,12,320.345083
1.38,9,320.368471
1.14,4,320.380123
1.38,9,320.404554
1.14,4,320.413662
1.55,10,320.443532
-0.56,11,320.476407
-0.67,8,320.49875
-0.56,11,320.52736
-0.59,8,320.551292
-0.77,7,320.57584
-0.6,9,320.600487
-0.67,8,320.62728
1.14,4,320.63931
1.67,13,320.677423
1.49,11,320.714695
1.14,4,320.729279
1.71,11,320.770385
-0.64,10,320.80182
-0.52,10,320.839699
1.29,6,320.863688
-0.76,6,320.88619
1.14,4,320.898939
-0.73,8,320.929753
-0.52,10,320.966128
-0.61,11,321.000207
-0.56,9,321.032444
1.14,4,321.045591
1.58,11,321.080214
1.55,10,321.109175
-0.58,10,321.137412
-0.61,8,321.159082
1.14,4,321.168214
1.14,4,321.178275
1.14,4,321.189874
-0.35,12,321.226706
1.14,4,321.235175
-0.66,7,321.253113
1.68,10,321.28124
-0.72,8,321.30714
-0.65,8,321.326566
-0.76,6,321.343852
1.14,4,321.355666
1.14,4,321.367656
-0.61,10,321.39442
1.14,4,321.406319
-0.27,11,321.441553
1.14,4,321.452804
1.14,4,321.463541
1.48,10,321.493855
1.53,10,321.518822
-0.36,11,321.553865
-0.92,5,321.570011
1.14,4,321.578778
1.14,4,321.590611
1.14,4,321.60166
1.14,4,321.613704
-0.51,12,321.650502
-0.36,12,321.685997
1.65,11,321.717296
1.65,11,321.751937
1.14,4,321.761254
1.14,4,321.774676
1.14,4,321.790664
-0.68,9,321.827066
1.37,10,321.860009
-0.44,11,321.908541
1.14,4,321.922103
-0.64,15,321.978708
1.14,4,321.992728
1.14,4,322.008043
-0.77,7,322.036897
1.14,4,322.050263
-0.58,12,322.091225
-0.22,13,322.137439
1.14,4,322.14918
1.14,4,322.163739
1.14,4,322.177766
1.14,4,322.19154
-0.49,9,322.225992
-0.52,10,322.256224
1.14,4,322.26966
-0.51,9,322.305412
-0.66,7,322.332903
1.14,4,322.346759
1.14,4,322.360329
-0.56,8,322.387352
1.64,10,322.417495
1.14,4,322.430615
1.14,4,322.443556
1.14,4,322.455445
1.14,4,322.466846
-0.9,9,322.494082
-0.66,9,322.527176
-0.8,10,322.564738
-0.42,11,322.60337
1.14,4,322.616404
-0.59,11,322.654077
-0.07,14,323.457836
1.14,4,323.472068
-0.92,5,323.492064
1.14,4,323.506669
-0.64,11,323.543305
1.14,4,323.552669
1.73,11,323.590289
-0.76,6,323.612299
1.14,4,323.625416
1.14,4,323.638588
1.55,11,323.675251
1.19,5,323.692964
-0.61,10,323.725599
1.14,4,323.735088
1.14,4,323.745398
-0.31,13,323.780521
1.14,4,323.792795
1.14,4,323.806343
-0.51,9,323.838778
-0.52,14,323.883904
1.14,4,323.893565
1.14,4,323.905347
1.14,4,323.915102
1.14,4,323.929562
1.38,8,323.957885
-0.67,8,323.986589
-0.32,10,324.015121
-0.42,10,324.054028
-0.37,11,324.091602
1.6,11,324.126565
-0.62,9,324.15839
-0.43,12,324.204854
1.14,4,324.216878
1.14,4,324.226861
1.14,4,324.239325
-0.61,10,324.271119
1.5,10,324.303625
1.61,10,324.332461
-0.46,12,324.37062
1.14,4,324.382465
-0.78,8,324.408669
-0.81,5,324.42552
1.48,10,324.456725
-0.84,8,324.47711
-0.5,10,324.506276
-0.26,12,324.545683
1.55,10,324.577979
-0.66,7,324.600648
1.14,4,324.612642
-0.66,7,324.63847
-0.55,10,324.6721
-0.65,9,324.701607
-0.63,10,324.732347
-0.54,8,324.755473
-0.56,8,324.781277
-0.77,7,324.802113
1.14,4,324.813721
1.14,4,324.826055
1.63,11,324.859082
-0.73,10,324.891151
1.65,11,324.92333
1.14,4,324.934583
-0.67,8,324.955753
1.14,4,324.966916
1.59,12,325.002033
-0.51,9,325.025233
1.14,4,325.035465
1.14,4,325.043701
1.33,8,325.066314
1.14,4,325.077991
1.72,12,325.111635
1.38,9,325.134954
1.14,4,325.145726
1.67,11,325.179408
-0.64,11,325.209445
1.52,11,325.241751
1.64,11,325.274058
1.14,4,325.28628
-0.52,10,325.316802
1.14,4,325.326037
-0.34,11,325.356381
1.14,4,325.36809
-0.6,11,325.403269
1.14,4,325.411558
-0.46,12,325.447731
1.14,4,325.459036
-0.76,6,325.478837
1.14,4,325.549732
-0.62,11,325.597686
1.14,4,325.611494
-0.6,10,325.645561
-0.54,11,325.687627
-0.17,14,325.735691
1.14,4,325.750245
1.46,8,325.774681
-0.49,9,325.805004
1.44,12,325.843333
-0.62,9,325.875921
1.14,4,325.889691
-0.82,6,325.908975
1.14,4,325.921553
1.14,4,325.935963
1.14,4,325.944644
1.14,4,325.95847
1.14,4,325.971172
1.14,4,325.983631
-0.64,8,326.013377
-0.68,12,326.047868
1.14,4,326.060233
1.14,4,326.072198
1.14,4,326.081398
1.72,12,326.116561
1.14,4,326.127713
1.14,4,326.140156
1.14,4,326.152564
1.14,4,326.161587
1.14,4,326.174108
1.47,11,326.207859
1.53,10,326.238822
1.14,4,326.251196
1.14,4,326.260561
1.14,4,326.273735
1.56,9,326.304831
-0.47,10,326.33911
-0.54,9,326.371028
-0.76,6,326.388927
-0.67,8,326.412895
1.14,4,326.424026
1.42,10,326.456154
-0.78,8,326.477962
1.14,4,326.491282
1.58,11,326.526529
1.61,10,326.559507
-0.49,9,326.591666
1.14,4,326.601938
-0.43,11,326.635531
1.14,4,326.646912
1.14,4,326.658439
-0.51,11,326.695484
-0.57,9,326.722446
-0.54,14,326.758209
1.47,11,326.78719
-0.45,12,326.822224
-0.37,11,326.856395
-0.59,12,326.886042
-0.75,10,326.925639
-0.48,11,327.042003
1.47,11,327.073337
1.8,13,327.112178
1.14,4,327.12558
1.7,15,327.175936
-0.42,13,327.217275
1.14,4,327.228492
-0.6,14,327.277781
1.51,12,327.319746
-0.41,10,327.353229
1.55,10,327.380491
1.36,11,327.409551
1.14,4,327.421878
1.14,4,327.434714
-0.83,7,327.459332
-0.76,6,327.480836
-0.43,12,327.518049
-0.64,7,327.535985
-0.77,7,327.559379
1.14,4,327.572104
-0.78,8,327.601058
-0.35,12,327.636894
-0.6,9,327.665343
-0.76,6,327.684929
1.14,4,327.693284
-0.88,6,327.714223
1.72,13,327.754359
-0.64,8,327.777063
1.14,4,327.790382
1.55,10,327.819621
1.14,4,327.831293
-0.43,12,327.864878
-0.43,11,327.904121
1.14,4,327.917588
1.61,10,327.948625
-0.64,7,327.96653
-0.72,8,327.991419
1.58,10,328.024888
1.14,4,328.037326
1.14,4,328.04985
-0.58,10,328.081529
-0.64,8,328.108427
1.14,4,328.120086
1.14,4,328.131521
-0.81,5,328.147925
-0.71,6,328.167588
1.14,4,328.176882
1.14,4,328.190218
-0.84,8,328.21138
1.42,10,328.240383
1.14,4,328.251815
1.14,4,328.261077
-0.57,9,328.291775
1.14,4,328.303294
1.14,4,328.314965
1.14,4,328.326269
1.14,4,328.3373
-0.74,12,328.380712
-0.67,8,328.406677
-0.44,13,328.452753
1.14,4,328.465706
1.14,4,328.476794
-0.73,8,328.505598
1.6,11,328.54092
1.14,4,328.553319
1.29,6,328.57234
1.14,4,328.585001
-0.77,7,328.608166
1.14,4,328.622041
-0.43,12,328.661358
-0.56,10,328.687859
1.14,4,328.699764
-0.42,11,328.726941
1.14,4,328.738887
1.14,4,328.751632
1.14,4,328.763857
1.64,10,328.794511
1.14,4,328.806775
-0.8,10,328.835766
-0.43,11,328.872232
-0.67,9,328.90138
1.14,4,328.912456
-0.56,9,328.938075
1.14,4,328.950134
-0.78,8,328.968806
-0.67,8,328.987859
1.7,12,329.020653
-0.49,9,329.044734
-0.67,9,329.06915
1.68,12,329.107867
1.57,11,329.135805
-0.31,13,329.173329
1.63,11,329.201807
1.14,4,329.213244
1.14,4,329.222991
-0.5,11,329.253303
1.14,4,329.263447
-0.32,15,329.308069
1.14,4,329.320969
1.53,10,329.353285
1.55,10,329.384664
-0.81,5,329.3958
1.14,4,329.407652
1.14,4,329.419204
1.14,4,329.431673
1.14,4,329.443545
1.65,11,329.476464
1.14,4,329.488647
-0.58,10,329.51558
1.14,4,329.526169
1.14,4,329.536363
-0.72,11,329.565992
1.14,4,329.575631
1.19,5,329.591189
1.55,10,329.61716
-0.56,8,329.643135
-0.39,12,329.680959
1.14,4,329.690655
-0.5,11,329.72387
1.14,4,329.735771
-0.44,9,329.763474
-0.59,9,329.792891
1.14,4,329.804839
-0.68,9,329.833446
1.14,4,329.844765
-0.61,8,329.872375
-0.55,11,330.6612
-0.67,8,330.685983
1.14,4,330.69658
-0.51,10,330.729826
1.14,4,330.739728
1.14,4,330.752025
1.14,4,330.76471
-0.45,11,330.793985
1.14,4,330.803667
1.14,4,330.814416
-0.45,11,330.847018
1.14,4,330.858872
1.68,11,330.912945
1.14,4,330.965801
1.14,4,330.978934
1.48,10,331.011531
-0.7,8,331.034759
1.65,11,331.065589
-0.76,6,331.08168
-0.59,11,331.11639
1.14,4,331.124526
-0.54,9,331.152107
-0.17,15,331.203701
-0.47,11,331.2428
-0.76,6,331.263745
1.45,9,331.293402
1.14,4,331.302344
1.14,4,331.313887
1.14,4,331.322507
-0.91,6,331.341968
-0.78,8,331.36446
1.14,4,331.375155
1.14,4,331.385879
-0.77,7,331.407424
1.55,10,331.438597
-0.67,9,331.463929
-0.53,11,331.493333
1.71,11,331.527019
1.14,4,331.539619
1.14,4,331.552273
1.14,4,331.564322
-0.35,13,331.603428
1.43,11,331.631818
1.61,10,331.657568
1.78,12,331.68794
-0.42,12,331.722925
-0.62,9,331.747388
1.14,4,331.758375
1.14,4,331.770475
1.14,4,331.781749
-0.73,9,331.810502
-0.58,9,331.838864
1.14,4,331.85191
1.14,4,331.864038
-0.89,7,331.881394
1.19,5,331.895309
-0.71,7,331.918423
1.14,4,331.93103
-0.57,9,331.961282
1.14,4,331.97052
1.57,12,332.006484
1.14,4,332.019915
1.14,4,332.03274
1.14,4,332.044835
1.14,4,332.056518
1.14,4,332.06883
-0.51,9,332.102814
-0.19,12,332.147254
1.14,4,332.159706
1.14,4,332.172112
-0.43,12,332.209879
1.14,4,332.221687
-0.5,10,332.252325
1.14,4,332.265173
1.14,4,332.276692
1.6,12,332.312153
1.57,12,332.349743
1.14,4,332.360051
-0.49,10,332.39385
1.14,4,332.406184
1.14,4,332.418098
-0.63,10,332.453702
1.64,12,332.49204
1.14,4,332.503465
1.64,10,332.538507
1.14,4,332.550717
-0.53,11,332.588092
1.14,4,332.599763
1.14,4,332.611173
1.14,4,332.624133
-0.72,9,332.652546
1.14,4,332.664857
1.14,4,332.67616
1.57,12,332.713048
1.14,4,332.724742
-0.69,13,332.762187
1.14,4,332.772705
-0.39,11,332.809219
1.14,4,332.820218
1.14,4,332.83229
-0.45,10,332.865628
1.14,4,332.877042
1.14,4,332.892792
1.14,4,332.905053
-0.72,8,332.93165
1.14,4,332.943855
-0.45,10,332.975683
-0.53,11,333.009301
-0.35,14,333.054704
1.14,4,333.066835
1.14,4,333.078393
1.14,4,333.090394
-0.63,10,333.122264
-0.81,5,333.141486
1.14,4,333.154553
1.14,4,333.169274
1.14,4,333.183732
-0.67,8,333.209488
1.14,4,333.221561
-0.42,12,333.26004
1.14,4,333.272498
1.14,4,333.284616
-0.77,7,333.326455
1.14,4,333.349888
1.43,11,333.388797
-0.49,9,333.425206
1.14,4,333.439862
1.6,11,333.482323
1.14,4,333.494104
-0.67,8,333.522942
-0.54,8,333.549769
-0.58,10,333.580613
-0.82,6,333.601803
-0.76,12,333.638649
1.47,11,333.671271
-0.52,10,333.704313
-0.62,9,333.733635
1.14,4,333.746216
1.56,12,333.782549
-0.54,12,333.820589
1.14,4,333.832708
-0.72,10,333.865498
1.55,10,333.895511
-0.83,7,333.917907
1.14,4,333.92985
1.14,4,333.941309
1.14,4,333.95275
1.14,4,333.968618
1.14,4,333.980978
1.14,4,333.991879
-0.71,7,334.017192
1.14,4,334.029882
1.14,4,334.041475
-0.66,8,334.072674
1.43,9,334.103711
-0.59,8,334.130505
-0.83,10,334.162273
1.14,4,334.174277
1.14,4,334.18664
1.14,4,334.201926
1.14,4,334.246025
1.14,4,334.275724
-0.45,12,334.318853
1.56,9,334.348629
1.14,4,334.359155
1.14,4,334.371442
-0.55,9,334.399523
1.14,4,334.412246
-0.59,11,334.44861
1.14,4,334.461928
1.14,4,334.475607
1.14,4,334.487509
-0.66,9,334.517209
-0.77,7,334.540199
-0.83,7,334.563767
1.14,4,334.575699
-0.82,6,334.599313
1.14,4,334.614017
-0.56,11,334.672946
-0.79,9,334.727882
1.43,10,334.807259
1.14,4,334.825844
-0.37,12,334.868531
-0.78,8,334.894466
1.14,4,334.906494
-0.67,8,334.935313
-0.62,9,334.975651
-0.72,7,334.998877
-0.62,12,335.037827
-0.62,9,335.067528
-0.72,13,335.109511
-0.44,10,335.160268
1.66,10,335.193116
1.14,4,335.208291
1.14,4,335.219955
1.61,10,335.254117
1.56,9,335.283936
-0.31,11,335.320318
1.14,4,335.333278
1.14,4,335.34579
-0.55,11,335.380479
1.47,11,335.415818
-0.67,8,335.444008
-0.53,12,335.482584
-0.77,7,335.509151
1.14,4,335.520978
-0.77,7,335.541691
-0.71,9,335.57192
1.14,4,335.585883
-0.34,11,335.624378
1.14,4,335.640916
1.43,9,335.669546
1.61,10,335.700916
-0.78,8,335.727302
1.14,4,335.738153
-0.77,7,335.760802
1.14,4,335.771789
1.14,4,335.783927
-0.53,11,335.821328
1.36,11,335.854222
1.14,4,335.868128
-0.67,8,335.893655
-0.83,8,335.921709
-0.38,13,335.963724
-0.68,9,335.994395
-0.44,9,336.024322
-0.77,7,336.048894
-0.48,11,336.085638
1.29,6,336.103949
1.14,4,336.118891
1.5,10,336.153
1.14,4,336.165158
-0.68,9,336.193082
1.14,4,336.205222
1.14,4,336.216969
1.14,4,336.228882
1.14,4,336.240736
-0.46,12,336.280837
-0.46,10,336.312227
-0.77,7,336.33581
1.14,4,336.347708
-0.29,12,336.385293
-0.62,10,336.419169
-0.56,12,336.457711
-0.51,11,336.495007
1.68,10,336.526735
-0.44,13,336.564952
1.19,5,336.579665
1.14,4,336.590684
-0.52,9,336.6225
-0.34,13,336.681599
1.52,11,336.748325
-0.62,9,336.778309
1.14,4,336.789351
-0.46,11,336.825156
1.14,4,336.838849
1.14,4,336.851203
-0.68,9,336.880643
-0.76,6,336.900477
-0.81,5,336.916909
-0.46,11,336.952256
-0.53,10,336.986553
1.14,4,336.999224
-0.82,6,337.02227
-0.59,9,337.052332
-0.78,8,337.076258
1.38,9,337.103099
1.14,4,337.115829
1.65,11,337.153828
1.14,4,337.166814
1.14,4,337.179865
1.14,4,337.192611
1.14,4,337.204015
-0.07,13,337.241203
1.14,4,337.251033
1.14,4,337.262847
1.14,4,337.276854
1.14,4,337.288581
-0.46,11,337.326213
-0.65,8,337.349645
1.14,4,337.368096
1.66,11,337.402651
1.14,4,337.414054
1.14,4,337.426232
-0.53,11,337.457637
-0.68,9,338.559546
-0.49,9,338.58967
-0.77,7,338.618045
-0.62,11,338.656111
1.56,9,338.679133
1.14,4,338.694444
-0.59,9,338.72796
1.14,4,338.739636
1.14,4,338.753666
1.14,4,338.765818
-0.71,6,338.787608
-0.44,9,338.818124
-0.44,12,338.881009
1.14,4,338.900988
1.14,4,338.917689
1.14,4,338.933728
-0.48,11,338.977826
-0.55,12,339.020024
1.14,4,339.039099
1.14,4,339.054498
-0.36,14,339.14851
-0.76,6,339.186559
1.46,8,339.248288
1.19,5,339.271207
1.14,4,339.295789
-0.3,12,339.351134
1.14,4,339.363012
1.14,4,339.377214
-0.66,7,339.403762
-0.41,13,339.445409
1.14,4,339.45737
-0.77,7,339.486364
1.14,4,339.504693
-0.71,7,339.533706
-0.58,10,339.567395
1.7,12,339.603651
1.55,10,339.646671
1.14,4,339.659755
-0.32,12,339.697002
-0.77,7,339.736001
-0.85,9,339.798245
1.14,4,339.818458
1.14,4,339.831884
-0.71,7,339.855143
-0.84,8,339.880298
1.14,4,339.89362
1.55,10,339.926512
-0.58,10,339.960886
-0.78,8,339.985867
1.14,4,339.996907
1.14,4,340.009748
1.55,10,340.03936
1.19,5,340.056415
-0.48,11,340.092354
-0.66,7,340.116874
-0.76,9,340.176659
1.14,4,340.194253
1.14,4,340.20881
1.14,4,340.218592
1.14,4,340.233993
1.14,4,340.246406
1.23,7,340.266708
1.14,4,340.287959
-0.43,15,340.383904
-0.88,6,340.401787
-0.72,8,340.428818
-0.81,6,340.449106
-0.82,6,340.474687
-0.81,5,340.490236
-0.22,13,340.533126
-0.49,10,340.565497
-0.51,14,340.611446
-0.79,9,340.642921
1.14,4,340.655868
-0.81,5,340.675078
-0.66,7,340.699036
-0.26,12,340.738438
-0.69,10,340.774878
1.14,4,340.787037
1.14,4,340.801307
-0.5,10,340.833288
1.14,4,340.847107
1.14,4,340.862066
1.14,4,340.873922
1.14,4,340.886756
-0.67,8,340.916634
1.14,4,340.927513
1.23,7,340.94955
1.61,10,340.980882
-0.51,9,341.010435
-0.66,7,341.033084
1.14,4,341.045058
1.14,4,341.063747
-0.76,8,341.090581
1.35,9,341.118769
1.14,4,341.131232
-0.09,13,341.171746
1.14,4,341.186947
1.37,9,341.214936
1.14,4,341.229391
1.14,4,341.241238
-0.67,8,341.268188
-0.57,12,341.307366
-0.6,9,341.333408
1.14,4,341.348645
1.14,4,341.379174
1.14,4,341.417679
1.14,4,341.434879
1.46,12,341.476309
1.14,4,341.489306
-0.83,7,341.513063
-0.47,10,341.545274
-0.53,10,341.57894
1.14,4,341.591549
1.14,4,341.603125
-0.55,10,341.637729
-0.31,11,341.678795
-0.78,8,341.703477
1.14,4,341.714567
-0.64,7,341.734842
1.14,4,341.7475
1.14,4,341.759192
1.14,4,341.772165
-0.73,8,341.816917
-0.76,6,341.854792
1.14,4,341.869653
1.14,4,341.899126
1.68,11,341.95354
-0.28,13,341.992751
1.14,4,342.005025
-0.26,13,342.044149
1.7,11,342.082112
1.14,4,342.094341
-0.62,9,342.125942
-0.61,10,342.161044
-0.34,12,342.208105
0.02,14,342.249269
-0.49,9,342.278595
1.14,4,342.29074
-0.79,9,342.321561
1.14,4,342.334421
1.14,4,342.346039
1.14,4,342.358976
-0.77,7,342.383531
1.14,4,342.424127
1.14,4,342.452502
-0.5,14,342.503335
1.14,4,342.51526
-0.35,13,342.554768
-0.58,13,342.594933
1.14,4,342.615954
-0.68,12,342.662852
-0.59,8,342.691273
1.46,8,342.716884
-0.74,10,342.749182
1.14,4,342.761088
1.14,4,342.772922
1.14,4,342.785051
1.14,4,342.797678
1.19,5,342.812493
-0.84,8,342.838399
-0.6,9,342.866035
1.14,4,342.878107
1.14,4,342.89049
1.66,10,342.922325
1.14,4,342.93407
-0.45,11,342.97165
1.14,4,342.986699
1.14,4,342.997537
-0.37,11,343.031724
1.14,4,343.043947
1.14,4,343.056204
1.14,4,343.068026
-0.66,7,343.100236
-0.5,13,343.173444
1.14,4,343.186648
-0.72,8,343.214105
1.14,4,343.227537
-0.55,10,343.258531
1.14,4,343.271715
1.14,4,343.283227
1.14,4,343.295024
-0.57,10,343.32729
-0.56,8,343.35841
1.14,4,343.370898
-0.83,7,343.393137
-0.49,10,343.423112
1.14,4,343.436743
1.14,4,343.450175
1.14,4,343.461642
1.14,4,343.474672
1.14,4,343.489389
1.14,4,343.501018
1.39,8,343.525676
-0.37,11,343.559951
1.14,4,343.571952
1.14,4,343.583481
-0.68,10,343.62066
-0.52,10,343.650829
-0.43,12,343.691308
1.14,4,343.710236
-0.49,9,343.769071
-0.37,12,343.837902
-0.67,8,343.863044
-0.45,13,343.899935
1.14,4,343.914823
1.14,4,343.929454
-0.55,10,343.963126
1.14,4,343.975057
-0.19,12,344.013857
-0.63,10,344.044369
1.38,8,344.071592
1.66,10,344.119297
1.66,10,344.176152
1.19,5,344.205574
1.14,4,344.219244
-0.29,14,344.260323
1.14,4,344.273903
-0.54,9,344.302064
-0.66,7,344.326621
-0.36,13,344.36837
-0.74,7,344.392102
-0.71,8,344.432918
-0.35,12,344.502362
-0.72,7,344.52868
1.14,4,344.55948
-0.55,10,344.607912
1.31,10,344.679492
1.14,4,344.699706
1.57,12,344.74071
-0.44,9,344.771523
1.14,4,344.783419
1.14,4,344.795795
1.14,4,344.809247
-0.82,6,344.830053
1.14,4,344.844834
-0.78,8,344.875759
1.14,4,344.888483
-0.77,7,344.910776
-0.82,6,344.935829
1.14,4,344.947439
1.55,10,344.978594
-0.55,10,345.0148
-0.66,7,345.040669
-0.77,7,345.063832
1.55,12,345.099203
-0.36,14,345.144627
1.14,4,345.160495
1.14,4,345.173121
1.14,4,345.184686
1.14,4,345.195168
1.14,4,345.209293
1.14,4,345.222951
-0.82,6,345.244315
1.14,4,345.257146
-0.57,10,345.290055
1.64,10,345.323425
-0.65,9,345.356624
1.14,4,345.368783
-0.32,12,345.410176
-0.28,14,345.455101
-0.53,11,345.490334
-0.62,9,345.518577
-0.67,8,345.544892
-0.72,8,345.570536
1.53,10,345.607146
1.14,4,345.619264
-0.66,7,345.644048
-0.44,10,345.674617
1.14,4,345.68774
-0.55,9,345.71601
1.14,4,345.726737
-0.51,9,345.75526
1.14,4,345.768498
1.14,4,345.781698
1.14,4,345.7943
1.14,4,345.80655
-0.65,9,345.83643
-0.55,10,345.871528
-0.44,9,345.90288
-0.93,6,345.919732
-0.46,10,345.95348
-0.6,9,345.988264
-0.68,9,346.020082
1.14,4,346.031837
-0.58,10,346.066287
-0.76,6,346.932998
1.14,4,346.94399
1.14,4,346.957912
1.14,4,346.970532
1.14,4,346.983203
-0.64,8,347.009992
1.14,4,347.022099
-0.43,10,347.056319
1.14,4,347.067707
-0.81,6,347.086997
1.14,4,347.09978
1.14,4,347.111292
1.14,4,347.122544
1.14,4,347.133569
1.14,4,347.143442
-0.76,6,347.163397
-0.31,11,347.2008
1.14,4,347.212823
1.14,4,347.225352
-0.51,11,347.257987
-0.42,11,347.290369
-0.64,8,347.315704
1.14,4,347.330559
-0.67,8,347.357059
-0.54,12,347.395197
1.14,4,347.40836
-0.68,9,347.435618
1.14,4,347.452826
-0.62,8,347.48574
-0.77,7,347.51
-0.73,9,347.541315
-0.69,10,347.570981
-0.78,8,347.603208
1.14,4,347.620073
1.14,4,347.633059
-0.81,5,347.651128
1.14,4,347.663109
-0.54,13,347.703833
-0.48,12,347.743087
1.68,10,347.779857
-0.31,13,347.821445
1.14,4,347.833555
1.14,4,347.845695
-0.68,10,347.875639
1.14,4,347.889791
1.14,4,347.902369
-0.36,13,347.943859
1.14,4,347.959873
-0.35,11,347.999202
1.14,4,348.01065
1.14,4,348.025919
1.14,4,348.038186
1.14,4,348.049957
1.14,4,348.06165
-0.5,10,348.09309
-0.5,10,348.128302
1.14,4,348.140424
-0.37,12,348.179971
1.14,4,348.192674
-0.79,9,348.222017
1.65,11,348.254851
1.14,4,348.268035
1.14,4,348.283684
1.14,4,348.295331
-0.76,6,348.314682
1.14,4,348.327473
-0.66,9,348.357919
-0.53,14,348.405394
1.14,4,348.418301
1.14,4,348.43031
1.14,4,348.442533
-0.66,7,348.466094
-0.66,7,348.490121
-0.5,11,348.525867
1.14,4,348.538928
-0.48,11,348.574728
1.64,10,348.607072
-0.67,9,348.642457
-0.39,11,348.675747
1.14,4,348.688585
-0.49,10,348.723691
-0.61,8,348.750451
-0.51,11,348.785937
1.14,4,348.799169
-0.82,6,348.819336
-0.73,9,348.848986
1.14,4,348.860509
-0.75,7,348.883037
1.14,4,348.90071
-0.59,9,348.947367
1.14,4,348.961641
-0.89,8,348.992324
-0.45,11,349.028975
1.19,5,349.04467
1.14,4,349.0569
1.14,4,349.071009
-0.67,8,349.098798
1.14,4,349.112578
1.14,4,349.125659
-0.59,8,349.153936
-0.67,8,349.178755
-0.64,8,349.204946
1.14,4,349.216404
1.14,4,349.227548
1.14,4,349.239962
-0.49,12,349.277164
1.32,11,349.311772
-0.3,13,349.368284
-0.66,10,349.409775
1.14,4,349.426199
1.19,5,349.442574
1.61,10,349.474443
-0.53,9,349.510836
1.14,4,349.523287
1.14,4,349.535699
1.14,4,349.547871
1.14,4,349.55958
1.14,4,349.580523
1.14,4,349.600809
-0.45,12,349.678067
1.14,4,349.690854
1.14,4,349.703013
-0.35,15,349.746679
-0.56,8,349.773756
-0.79,9,349.802345
-0.44,10,349.837758
1.14,4,349.85072
1.14,4,349.862641
-0.42,11,349.903175
1.62,11,349.94597
1.19,5,349.977371
-0.66,13,350.073286
1.52,11,350.112277
-0.59,13,350.15174
1.14,4,350.164447
1.55,10,350.195065
1.14,4,350.221747
1.14,4,350.24631
1.54,11,350.328057
-0.65,8,350.380386
-0.62,9,350.409229
1.14,4,350.420701
-0.46,13,350.45936
1.6,11,350.492748
-0.59,8,350.51893
-0.56,8,350.549292
1.14,4,350.559253
1.14,4,350.571655
1.59,10,350.636946
1.14,4,350.652497
1.14,4,350.665589
-0.64,8,350.692552
1.14,4,350.706272
-0.61,8,350.733509
1.55,11,350.766305
1.64,10,350.802091
1.14,4,350.816982
-0.57,10,350.848833
-0.55,10,350.88061
-0.54,9,350.908458
-0.6,9,350.938095
-0.67,8,350.96491
1.14,4,350.976885
1.14,4,350.988753
1.73,11,351.021818
1.14,4,351.036266
1.14,4,351.051018
-0.54,12,351.088021
-0.51,9,351.118477
-0.64,8,351.146101
-0.52,13,351.185595
-0.67,8,351.210984
-0.52,10,351.242573
1.14,4,351.256302
1.14,4,351.271006
1.14,4,351.283295
-0.64,12,351.324413
1.34,7,351.346262
1.14,4,351.356917
1.14,4,351.370132
-0.9,8,351.395209
1.55,10,351.429961
-0.64,11,351.465195
1.14,4,351.476851
1.14,4,351.489028
1.19,5,351.503755
-0.37,11,351.538762
-0.66,7,351.56352
1.14,4,351.575126
-0.57,9,351.604683
-0.66,7,351.654734
1.47,11,351.729178
1.59,10,351.764267
1.14,4,351.77515
1.14,4,351.78504
1.14,4,351.79735
1.29,6,351.818921
1.56,10,351.852157
-0.5,12,351.887892
-0.65,9,351.918222
1.65,12,351.971422
-0.7,11,352.00906
-0.57,10,352.042598
1.14,4,352.054781
1.14,4,352.069751
1.53,10,352.105829
1.54,12,352.144322
-0.12,13,352.190392
1.14,4,352.202705
-0.61,8,352.231798
1.14,4,352.247337
1.14,4,352.259302
-0.29,11,352.3297
-0.74,10,352.381873
-0.69,10,352.413707
1.14,4,352.425644
1.14,4,352.441046
1.14,4,352.45492
-0.19,12,352.496493
1.14,4,352.50829
1.14,4,352.521365
1.14,4,352.533931
1.55,10,352.56508
-0.76,6,352.585484
-0.51,9,352.618512
-0.44,9,352.64576
1.14,4,352.65718
-0.84,8,352.680314
1.14,4,352.69207
-0.4,11,352.72736
-0.62,11,352.765357
1.14,4,352.781254
1.14,4,352.792746
1.14,4,352.805381
1.29,6,352.823279
1.14,4,352.834741
-0.62,10,352.865658
1.52,10,352.89759
-0.55,10,352.93057
-0.41,13,352.976588
1.55,10,353.005221
1.14,4,353.018279
-0.52,10,353.05161
-0.51,11,353.09114
1.14,4,353.103796
-0.76,9,353.132631
1.14,4,353.146053
-0.62,9,353.174399
1.61,10,353.206624
-0.55,10,353.235451
1.14,4,353.2474
1.14,4,353.259497
-0.34,11,353.299365
-0.71,9,353.32752
1.14,4,353.339342
1.14,4,353.351509
-0.27,12,353.392048
1.14,4,353.403401
1.49,10,353.43578
1.54,11,353.470659
1.14,4,353.484107
-0.47,10,353.524782
-0.63,13,353.561778
1.14,4,353.576387
1.14,4,353.588514
-0.63,9,353.623006
-0.3,14,353.672648
1.33,8,353.698145
1.14,4,353.709934
1.54,11,353.741062
-0.52,9,353.783797
1.14,4,353.804813
1.54,9,353.840253
-0.42,10,353.882671
1.14,4,353.908978
1.14,4,353.942477
1.14,4,353.965648
-0.71,8,354.004539
1.14,4,354.019473
-0.73,8,354.047077
-0.66,9,354.08097
-0.66,7,354.109322
1.14,4,354.122946
1.14,4,354.134895
1.14,4,354.154185
-0.54,8,355.104723
-0.65,9,355.127435
-0.66,7,355.154121
1.14,4,355.166321
-0.56,8,355.194422
1.14,4,355.206295
-0.81,5,355.228322
1.14,4,355.238803
1.14,4,355.251758
-0.54,12,355.329021
-0.71,7,355.367267
1.14,4,355.39248
-0.55,10,355.43063
1.58,9,355.462496
1.14,4,355.47639
1.14,4,355.49298
1.55,10,355.525749
-0.99,6,355.54393
-0.68,9,355.573154
-0.57,9,355.603541
-0.74,9,355.636281
-0.48,14,355.680045
1.14,4,355.693362
1.14,4,355.705242
1.14,4,355.717984
1.14,4,355.730541
1.14,4,355.742874
1.14,4,355.754332
-0.68,10,355.801459
1.14,4,355.833545
-0.24,15,355.941469
-0.49,11,356.015986
-0.75,10,356.067526
1.14,4,356.09946
1.14,4,356.130591
1.14,4,356.163252
1.14,4,356.197912
1.14,4,356.221519
-0.65,12,356.321061
1.14,4,356.354205
1.14,4,356.388137
-0.35,12,356.467218
-0.8,10,356.499429
1.14,4,356.511902
-0.61,8,356.536549
-0.36,13,356.577105
-0.47,11,356.611115
1.14,4,356.624038
-0.66,7,356.646453
1.14,4,356.658489
-0.76,6,356.678941
1.14,4,356.696267
1.52,12,356.771495
-0.48,11,356.809493
-0.43,12,356.848026
1.14,4,356.860279
-0.62,9,356.888929
1.14,4,356.90097
1.14,4,356.914439
-0.34,13,356.959972
-0.66,7,356.985319
1.53,11,357.020688
1.14,4,357.033319
1.14,4,357.049358
-0.27,12,357.083774
-0.41,12,357.124428
-0.62,9,357.153942
1.14,4,357.166671
1.14,4,357.17832
-0.24,12,357.218062
-0.47,11,357.251402
-0.66,10,357.285731
1.14,4,357.313881
1.14,4,357.345929
1.14,4,357.370008
-0.37,12,357.435086
1.14,4,357.451482
-0.47,11,357.490538
1.14,4,357.502049
-0.41,12,357.544054
-0.42,10,357.577345
1.14,4,357.593193
1.14,4,357.605181
-0.44,9,357.635634
-0.47,13,357.676087
1.14,4,357.688356
-0.65,12,357.728968
-0.67,8,357.758139
-0.44,12,357.796982
1.48,10,357.829475
-0.51,9,357.86535
1.53,10,357.898902
1.5,10,357.931665
1.14,4,357.951245
1.14,4,357.973619
1.39,8,358.010069
1.76,13,358.058122
-0.66,7,358.08199
-0.6,13,358.125763
1.14,4,358.138057
-0.85,9,358.178851
1.14,4,358.208418
-0.66,8,358.248832
1.29,9,358.278051
-0.63,10,358.313473
1.14,4,358.327451
1.14,4,358.340865
-0.56,10,358.376698
-0.59,9,358.408461
-0.72,8,358.435076
-0.2,12,358.473782
1.14,4,358.484323
-0.64,11,358.516012
1.14,4,358.528678
-0.54,8,358.554605
1.5,10,358.585944
-0.29,14,358.632769
-0.6,10,358.665946
1.55,10,358.698244
1.14,4,358.709979
1.14,4,358.721033
-0.66,7,358.74499
-0.68,9,358.771386
1.59,10,358.804181
-0.51,11,358.841179
1.14,4,358.853792
-0.44,11,358.890997
1.14,4,358.902733
1.14,4,358.916849
1.19,5,358.932544
1.14,4,358.948991
1.14,4,358.961093
1.14,4,358.975697
1.14,4,358.995739
1.45,9,359.054737
-0.83,7,359.081214
1.14,4,359.094848
1.6,11,359.146817
1.66,10,359.182727
-0.78,8,359.206196
1.14,4,359.219096
-0.84,8,359.244033
-0.76,6,359.263823
1.49,11,359.305946
1.14,4,359.317681
-0.66,10,359.391558
1.14,4,359.419965
1.14,4,359.45311
1.47,11,359.499501
-0.76,6,359.519685
1.14,4,359.530059
1.14,4,359.542412
1.14,4,359.554351
-0.66,10,359.586471
-0.66,7,359.61024
1.51,12,359.644697
-0.76,6,359.661807
1.14,4,359.674967
1.14,4,359.687095
-0.58,10,359.720587
1.43,9,359.750168
1.14,4,359.763905
1.47,11,359.794389
1.14,4,359.807934
1.14,4,359.82037
1.19,5,359.835388
-0.56,11,359.872065
1.14,4,359.885725
-0.78,8,359.913101
1.56,10,359.944535
1.74,11,359.987621
-0.54,12,360.027116
1.14,4,360.039739
-0.33,13,360.080986
1.14,4,360.095622
1.14,4,360.107973
-0.44,9,360.138765
-0.66,7,360.161607
1.68,10,360.191849
-0.81,8,360.218342
1.68,12,360.255604
1.14,4,360.26814
1.62,12,360.308843
1.14,4,360.321677
-0.27,11,360.359782
-0.52,10,360.393315
-0.38,13,360.43698
-0.64,11,360.475382
-0.79,9,360.502245
-0.9,9,360.529985
1.14,4,360.542014
-0.68,9,360.586296
-0.62,9,360.635462
1.14,4,360.647708
1.38,8,360.673795
-0.59,12,360.711787
-0.74,7,360.735369
-0.64,11,360.7709
1.14,4,360.782376
1.51,11,360.83139
1.14,4,360.844131
1.6,11,360.877945
-0.76,6,360.89939
1.64,10,360.933953
-0.46,11,360.973724
1.14,4,360.985606
1.14,4,360.999064
-0.78,8,361.025042
-0.24,13,361.063423
1.14,4,361.07723
1.62,11,361.116166
1.14,4,361.129
-0.54,9,361.161361
-0.62,11,361.192277
1.66,10,361.222064
-0.71,6,361.242291
-0.82,6,361.262423
1.55,10,361.295771
1.14,4,361.309585
1.14,4,361.322886
1.14,4,361.33343
-0.71,9,361.36018
1.14,4,361.372355
-0.3,12,361.415007
-0.39,10,361.446385
1.14,4,361.461426
1.14,4,361.474873
-0.88,6,361.491367
-0.55,10,361.521312
-0.76,6,361.546187
-0.77,7,361.568633
1.19,5,361.584394
1.14,4,361.596576
1.14,4,361.610479
-0.43,15,361.664804
1.14,4,361.68952
1.61,10,361.757977
-0.56,8,361.824835
1.14,4,361.858111
1.14,4,361.884309
1.65,11,361.923071
1.14,4,361.935422
1.14,4,361.949822
1.14,4,361.962391
1.14,4,361.97517
-0.57,9,362.009603
-0.71,7,362.06027
-0.47,13,362.115549
-0.26,13,362.183884
-0.58,11,362.238531
1.14,4,362.250527
-0.68,9,362.280205
1.14,4,362.293316
1.14,4,362.305688
1.64,10,362.338174
-0.67,11,362.371279
-0.68,9,362.400344
1.14,4,362.412143
1.14,4,362.423553
1.14,4,362.436248
1.62,13,362.477221
1.14,4,362.489163
-0.35,14,362.562728
1.14,4,362.587591
-0.42,13,362.638347
-0.4,11,362.674952
1.14,4,362.687794
1.55,10,362.718275
-0.59,8,362.745471
-0.6,10,362.796541
1.64,10,362.852685
1.14,4,362.862667
1.44,8,362.887067
-0.39,10,363.774699
1.14,4,363.786963
-0.56,11,363.821148
-0.64,7,363.846922
-0.29,12,363.885339
-0.36,14,363.930483
-0.33,13,363.975418
1.14,4,363.987872
-0.49,10,364.018484
1.14,4,364.030486
1.14,4,364.043064
1.14,4,364.055506
1.14,4,364.06829
1.14,4,364.079735
-0.79,9,364.112093
-0.76,6,364.133255
1.14,4,364.14736
-0.64,7,364.166135
-0.76,6,364.208535
1.14,4,364.24171
1.14,4,364.272244
-0.68,9,364.316994
1.14,4,364.329275
1.14,4,364.341269
1.44,8,364.382668
1.14,4,364.415016
-0.67,8,364.460482
-0.56,8,364.508097
-0.47,10,364.575645
-0.67,8,364.641057
1.71,11,364.728863
1.14,4,364.746337
1.47,11,364.783693
-0.35,13,364.840488
1.47,11,364.870964
1.14,4,364.881486
1.14,4,364.894373
1.14,4,364.908071
1.14,4,364.921075
1.59,10,364.950371
-0.55,12,364.986472
-0.83,7,365.006935
1.14,4,365.021125
1.14,4,365.033751
-0.43,12,365.069204
-0.69,10,365.107433
-0.84,8,365.133642
1.55,10,365.164635
1.14,4,365.176199
1.14,4,365.186855
1.14,4,365.199213
1.55,10,365.232019
-0.76,6,365.256473
-1.0,7,365.27713
1.14,4,365.290058
-0.77,7,365.316156
-0.3,12,365.356489
-0.73,9,365.385054
1.14,4,365.396538
-0.77,7,365.420268
1.77,13,365.459991
1.14,4,365.472725
1.14,4,365.486166
1.14,4,365.500493
1.53,10,365.534508
1.14,4,365.546132
1.14,4,365.561317
-0.64,7,365.582362
-0.76,6,365.602308
-0.59,10,365.638586
-0.73,9,365.668279
1.14,4,365.679606
1.64,10,365.713381
1.14,4,365.725436
1.14,4,365.738574
1.14,4,365.750579
1.14,4,365.76256
1.29,6,365.782244
-0.64,7,365.801107
1.14,4,365.813027
-0.52,10,365.848647
1.14,4,365.864952
1.51,9,365.891992
1.14,4,365.903657
1.14,4,365.91563
1.14,4,365.930355
1.14,4,365.94336
1.14,4,365.955202
1.14,4,365.967442
-0.82,6,365.984563
-0.76,6,366.003885
1.14,4,366.019852
-0.49,10,366.051436
-0.25,12,366.08644
1.19,5,366.101374
1.57,11,366.13143
1.14,4,366.145502
1.5,11,366.177809
1.14,4,366.191098
-0.83,7,366.214776
-0.53,10,366.25141
1.14,4,366.263297
1.14,4,366.275186
1.14,4,366.287481
-0.55,10,366.320877
-0.76,6,366.339184
-0.63,13,366.38339
-0.51,9,366.41466
-0.3,11,366.451934
1.51,9,366.482491
1.14,4,366.495612
-0.66,7,366.51856
1.14,4,366.530312
-0.53,11,366.561537
1.64,10,366.595687
1.57,10,366.629221
1.14,4,366.640731
1.14,4,366.653834
-0.82,6,366.673692
-0.5,12,366.711529
-0.71,7,366.734974
1.53,10,366.766244
-0.59,9,366.799984
1.53,10,366.833074
1.14,4,366.847708
-0.63,10,366.876845
1.14,4,366.891659
1.14,4,366.905293
-0.45,11,366.944621
1.14,4,366.9591
1.14,4,366.972406
1.14,4,366.987344
-0.79,8,367.015821
1.55,10,367.077262
1.63,14,367.125923
-0.66,10,367.155966
1.14,4,367.168612
1.14,4,367.180321
1.14,4,367.19234
1.14,4,367.203732
-0.87,6,367.22409
1.14,4,367.235541
1.14,4,367.247417
-0.09,13,367.284662
1.14,4,367.299888
-0.6,9,367.32619
-0.18,14,367.370574
1.61,10,367.402801
1.14,4,367.415661
1.14,4,367.427802
1.14,4,367.439996
1.14,4,367.462306
-0.64,7,367.514336
-0.75,7,367.571886
1.14,4,367.587013
1.14,4,367.6032
-0.8,6,367.627803
-0.68,9,367.657539
1.14,4,367.683878
-0.47,12,367.769235
-0.21,13,367.812381
1.14,4,367.825101
-0.43,11,367.863989
-0.66,7,367.88864
1.14,4,367.901745
-0.54,10,367.939508
1.14,4,367.951771
-0.77,7,367.972309
1.14,4,367.986754
1.28,8,368.015134
1.14,4,368.029472
-0.68,9,368.060475
1.14,4,368.07255
1.14,4,368.087465
1.14,4,368.104869
-0.72,8,368.133304
1.14,4,368.145604
-0.69,10,368.175876
-0.76,6,368.195893
-0.51,12,368.232687
1.14,4,368.244385
-0.67,11,368.278447
1.14,4,368.290992
1.14,4,368.30468
1.14,4,368.319977
1.71,11,368.359299
1.14,4,368.372103
1.64,10,368.404519
-0.52,10,368.440027
1.47,11,368.474976
-0.53,11,368.510598
-0.72,8,368.538142
-0.47,14,368.620093
1.14,4,368.642342
1.46,9,368.674756
1.14,4,368.686987
-0.56,9,368.717352
-0.59,10,368.748836
-0.52,10,368.78232
1.14,4,368.793899
1.14,4,368.804552
1.68,10,368.834599
1.14,4,368.849144
1.14,4,368.861839
-0.7,11,368.897077
-0.67,8,368.922638
1.42,10,368.953887
1.14,4,368.965979
1.14,4,368.983391
-0.64,9,369.057154
-0.77,7,369.085125
1.14,4,369.103451
-0.76,6,369.134595
1.14,4,369.158026
1.14,4,369.186377
-0.69,11,369.27144
1.51,9,369.323414
1.14,4,369.335715
1.74,12,369.380909
1.14,4,369.39119
1.46,11,369.428699
-0.6,10,369.460602
1.14,4,369.472039
1.14,4,369.484658
1.49,11,369.517617
1.55,11,369.552536
1.14,4,369.565175
-0.69,10,369.595087
-0.82,6,369.612926
-0.57,10,369.645706
-0.47,10,369.700167
-0.92,5,369.720427
-0.68,9,369.756804
-0.4,14,369.798684
-0.82,6,369.819949
-0.61,10,369.856081
1.14,4,369.876749
-0.53,11,369.917602
1.14,4,369.929152
-0.54,8,369.957418
1.26,10,369.988317
-0.37,10,370.022676
-0.83,7,370.047629
1.14,4,370.065571
1.47,11,370.100519
1.14,4,370.112976
-0.77,7,370.13638
1.14,4,370.149225
1.14,4,370.164306
1.55,10,370.198599
-0.62,9,370.232252
-0.52,10,370.265693
1.14,4,370.279815
1.14,4,370.292525
1.14,4,370.304715
-0.81,5,370.326409
-0.53,11,370.362692
1.14,4,370.375093
-0.18,14,370.424872
-0.53,11,370.512283
-0.41,12,370.564115
-0.74,6,370.584127
-0.41,9,370.649683
1.54,9,370.683776
-0.44,9,370.718886
1.14,4,370.732911
-0.82,6,370.753055
1.51,11,370.787678
1.55,10,370.821681
-0.71,7,370.84502
-0.67,8,370.869838
1.14,4,370.886098
-0.42,11,370.936185
1.14,4,370.966509
1.14,4,370.994623
1.82,14,371.042665
-0.59,12,371.084359
-0.46,9,371.115129
1.14,4,371.127002
-0.73,9,371.156698
-0.76,6,371.183714
-0.7,11,371.218219
1.14,4,371.230419
1.14,4,371.240698
1.14,4,371.252202
1.14,4,371.264687
-0.55,10,371.300308
1.47,11,371.336556
1.14,4,371.348232
-0.28,16,372.269411
-0.46,9,372.350303
1.14,4,372.377161
1.14,4,372.402329
1.14,4,372.420085
1.14,4,372.432907
1.14,4,372.446898
1.14,4,372.459391
-0.37,10,372.493065
-0.77,10,372.525919
-0.42,11,372.564162
-0.55,10,372.597462
1.14,4,372.610106
-0.51,12,372.649836
-0.7,8,372.675872
1.14,4,372.687709
1.19,5,372.705415
1.14,4,372.722237
1.14,4,372.736331
1.14,4,372.749073
1.14,4,372.761997
1.64,10,372.796826
1.57,12,372.83857
1.56,10,372.868893
1.14,4,372.881767
1.14,4,372.895054
1.14,4,372.910469
1.14,4,372.930248
-0.67,8,372.957903
1.14,4,372.969688
-0.72,7,372.993063
1.54,9,373.021273
1.14,4,373.034614
-0.66,7,373.05881
1.14,4,373.071358
-0.42,11,373.106294
-0.42,11,373.146881
1.14,4,373.159766
1.14,4,373.171614
1.14,4,373.183672
1.14,4,373.196518
-0.46,13,373.237302
1.14,4,373.249718
1.14,4,373.261994
-0.66,7,373.286686
1.14,4,373.31288
1.54,12,373.370799
1.14,4,373.381868
1.58,10,373.412485
1.14,4,373.42404
-0.66,7,373.449069
1.14,4,373.465941
1.51,9,373.493659
1.19,5,373.509134
1.14,4,373.520864
-0.61,11,373.556904
-0.37,10,373.587915
-0.65,8,373.615056
-0.51,11,373.651481
1.14,4,373.662416
1.14,4,373.673633
-0.72,8,373.699717
1.14,4,373.713931
1.56,13,373.749884
-0.56,11,373.785048
-0.75,7,373.809727
-0.52,10,373.842415
-0.63,10,373.879916
1.14,4,373.893218
1.52,11,373.933549
1.14,4,373.946339
1.14,4,373.960813
1.14,4,373.972244
-0.37,11,374.005436
-0.4,11,374.038059
1.14,4,374.052993
1.14,4,374.065533
-0.74,9,374.095506
1.59,12,374.134607
1.14,4,374.148718
1.14,4,374.159969
-0.19,12,374.194634
1.14,4,374.206846
1.14,4,374.219521
-0.55,11,374.253954
1.7,11,374.287362
1.14,4,374.299226
-0.72,8,374.328544
1.53,10,374.362408
-0.47,11,374.399606
1.49,8,374.428078
1.14,4,374.442778
1.14,4,374.460288
1.14,4,374.47068
1.35,8,374.49815
-0.52,10,374.533396
1.14,4,374.554738
-0.27,11,374.59513
1.14,4,374.607121
1.14,4,374.619997
1.14,4,374.631352
-0.33,13,374.669532
-0.04,15,374.72145
-0.9,8,374.750966
1.14,4,374.766395
1.14,4,374.780925
-0.83,7,374.806857
1.14,4,374.823663
1.14,4,374.836122
-0.76,6,374.860942
1.14,4,374.874856
-0.31,11,374.916622
-0.54,8,374.95184
1.32,10,374.987915
1.28,7,375.010793
-0.66,7,375.043004
-0.78,8,375.097803
1.14,4,375.111074
1.14,4,375.124194
-0.66,7,375.14889
-0.37,12,375.191614
1.14,4,375.206799
-0.83,7,375.231867
1.61,10,375.274367
1.42,10,375.305818
1.14,4,375.32092
1.14,4,375.333032
-0.35,12,375.368994
-0.59,12,375.41431
1.66,12,375.45656
1.14,4,375.46712
1.14,4,375.483764
1.33,8,375.519442
1.14,4,375.53255
-0.48,14,375.575142
-0.8,10,375.604977
-0.64,11,375.642122
-0.45,12,375.68074
1.14,4,375.693165
1.49,9,375.722105
1.57,12,375.753262
1.51,11,375.784138
-0.51,13,375.828658
-0.69,7,375.851237
-0.67,12,375.88859
-0.64,10,375.925703
1.53,10,375.956685
1.14,4,375.967941
-0.33,12,376.006672
1.14,4,376.025765
-0.81,11,376.065153
1.14,4,376.076532
-0.53,11,376.114086
1.52,11,376.147643
1.76,11,376.182466
-0.49,12,376.218752
-0.51,9,376.249578
1.55,11,376.283047
-0.59,11,376.309437
1.55,10,376.337961
1.14,4,376.352802
-0.55,9,376.384069
-0.82,6,376.404102
-0.41,10,376.436972
-0.68,9,376.468233
1.49,9,376.499942
-0.25,12,376.541371
1.14,4,376.553941
-0.78,8,376.579497
-0.53,10,376.614168
-0.42,14,376.668947
1.14,4,376.681967
1.38,9,376.714101
1.14,4,376.726414
-0.21,14,376.774643
1.14,4,376.787526
1.48,10,376.818444
-0.53,11,376.855307
1.14,4,376.864782
-0.71,7,376.888722
1.5,9,376.916873
1.14,4,376.92906
-0.33,13,376.976742
-0.81,5,376.995566
-0.47,12,377.032833
1.14,4,377.046836
1.46,12,377.083027
-0.55,10,377.153912
1.44,8,377.191745
1.61,10,377.225874
1.14,4,377.241003
1.14,4,377.256097
1.58,10,377.28822
1.14,4,377.301812
1.14,4,377.314657
1.14,4,377.327232
1.14,4,377.339429
1.14,4,377.35129
-0.79,9,377.407198
1.14,4,377.433934
1.14,4,377.450783
1.14,4,377.46306
1.14,4,377.475525
1.14,4,377.488364
1.14,4,377.500324
1.14,4,377.512171
1.14,4,377.525515
-0.68,10,377.559186
-0.78,8,377.584932
1.14,4,377.59675
-0.49,10,377.626693
1.14,4,377.639622
-0.59,11,377.684611
1.14,4,377.699591
1.14,4,377.713709
-0.79,9,377.749483
1.14,4,377.764976
1.14,4,377.780929
1.14,4,377.795529
1.14,4,377.812932
1.14,4,377.829707
1.14,4,377.8455
-0.67,8,377.879257
1.14,4,377.893907
1.14,4,377.909119
-0.5,10,377.939199
1.14,4,377.950444
1.14,4,377.964098
1.14,4,377.979845
1.14,4,377.992467
1.14,4,378.004281
1.14,4,378.018816
1.14,4,378.029237
1.14,4,378.040676
-0.76,6,378.065548
-0.29,11,378.098866
1.14,4,378.109385
1.14,4,378.121207
1.19,5,378.138683
1.14,4,378.15099
1.14,4,378.163583
1.14,4,378.175163
-0.34,10,378.210916
1.14,4,378.223423
1.14,4,378.235189
1.14,4,378.250402
-0.78,8,378.282746
1.66,11,378.325015
-0.61,8,378.358468
-0.61,8,378.396442
1.14,4,378.41043
-0.69,7,378.438657
-0.57,9,378.486291
1.53,10,378.56304
1.34,10,378.603825
1.14,4,378.615926
1.14,4,378.628855
1.14,4,378.641248
-0.45,10,378.701998
1.14,4,378.720945
-0.47,16,378.772315
-0.55,10,378.806119
1.47,11,378.837573
1.14,4,378.849439
1.46,9,378.878791
-0.56,8,378.905545
1.38,11,378.944496
-0.83,7,378.966986
1.14,4,378.981585
1.14,4,378.994053
1.14,4,379.005811
-0.62,11,379.039242
-0.56,11,379.074853
1.14,4,379.087089
1.47,11,379.120498
1.14,4,379.132226
1.14,4,379.143787
-0.76,6,379.163347
1.42,10,379.191827
1.14,4,379.205711
-0.57,9,379.234931
1.53,10,379.264431
1.14,4,379.27681
1.14,4,379.288846
-0.67,8,379.318011
-0.4,11,379.352535
1.14,4,379.36772
-0.66,8,379.400702
1.14,4,379.414163
1.14,4,380.263979
-0.46,12,380.308256
1.14,4,380.321833
1.14,4,380.33471
-0.67,8,380.361989
1.14,4,380.373999
1.39,8,380.397201
-0.42,11,380.431177
1.5,10,380.464312
1.14,4,380.479306
-0.76,6,380.499051
1.14,4,380.511882
-0.47,11,380.552634
1.66,13,380.595265
-0.25,12,380.633147
1.14,4,380.645519
1.14,4,380.659369
-0.47,10,380.690796
-0.52,11,380.728378
-0.62,9,380.758751
1.47,11,380.79262
1.14,4,380.80446
1.14,4,380.816401
-0.47,12,380.852511
1.14,4,380.865682
1.14,4,380.87968
-0.44,10,380.913059
1.14,4,380.92574
-0.62,9,380.95689
1.51,9,380.985627
1.14,4,380.997511
-0.56,9,381.028823
1.37,10,381.059126
-0.62,9,381.089176
1.52,11,381.125006
1.14,4,381.136817
-0.68,9,381.167746
-0.4,12,381.204079
-0.84,8,381.22955
1.14,4,381.247283
1.14,4,381.272286
-0.43,11,381.345763
-0.3,13,381.386558
1.14,4,381.403595
1.14,4,381.42976
-0.39,9,381.481427
1.37,10,381.514477
1.19,5,381.529688
1.14,4,381.541968
-0.35,12,381.577642
1.42,10,381.610532
1.14,4,381.622868
-0.62,9,381.655676
-0.73,8,381.682048
-0.63,8,381.707155
1.43,10,381.738866
-0.6,9,381.770066
-0.81,7,381.796641
-0.53,11,381.829154
-0.63,10,381.859492
1.14,4,381.872116
-0.44,10,381.903841
1.14,4,381.918789
1.14,4,381.933778
-0.78,8,381.959269
1.14,4,381.971146
-0.76,6,381.99048
1.14,4,382.002559
1.14,4,382.014185
1.14,4,382.024482
1.14,4,382.038473
1.14,4,382.052918
-0.38,13,382.089238
1.14,4,382.102419
1.14,4,382.114718
1.14,4,382.129741
1.14,4,382.147213
-0.66,7,382.191303
-0.23,12,382.236882
-0.71,9,382.26428
-0.81,5,382.283785
1.14,4,382.296174
1.55,10,382.328594
-0.42,11,382.394018
1.14,4,382.406391
-0.76,6,382.425905
1.14,4,382.438563
-0.67,8,382.463953
1.39,11,382.496825
-0.75,8,382.52768
1.68,12,382.596828
1.14,4,382.616312
-0.5,10,382.651588
-0.63,11,382.73543
-0.62,11,382.824713
1.77,12,382.921906
1.14,4,382.941802
1.14,4,382.956712
-0.41,12,382.999657
1.37,10,383.041437
-0.41,13,383.110724
1.14,4,383.123315
1.14,4,383.136293
-0.62,9,383.166086
1.14,4,383.179612
1.14,4,383.227413
1.6,12,383.277069
-0.58,10,383.310116
1.14,4,383.324495
-0.65,8,383.34786
1.14,4,383.362961
1.14,4,383.377588
1.14,4,383.389358
-0.67,11,383.424456
1.14,4,383.436307
1.14,4,383.447794
-0.69,10,383.480314
1.14,4,383.492339
1.14,4,383.504173
1.63,10,383.534662
-0.82,6,383.554834
-0.71,7,383.57733
1.14,4,383.589185
-0.32,12,383.631143
1.14,4,383.644317
-0.77,7,383.668569
-0.4,12,383.730364
1.55,10,383.779178
1.14,4,383.794443
1.14,4,383.808675
1.54,9,383.837594
1.63,10,383.867119
-0.74,10,383.90263
-0.48,11,383.937579
1.14,4,383.950082
-0.63,9,383.978212
-0.66,9,384.004524
-0.37,11,384.039072
-0.69,10,384.070119
1.58,11,384.105662
-0.42,16,384.155881
1.14,4,384.170701
-0.73,8,384.196601
-0.37,12,384.237987
1.14,4,384.25173
-0.43,12,384.288178
1.65,13,384.329072
-0.1,15,384.377811
-0.77,7,384.404156
-0.24,12,384.44379
-0.51,9,384.476083
1.53,10,384.510509
1.69,11,384.586191
1.14,4,384.601237
-0.71,10,384.632162
1.14,4,384.644234
-0.14,13,384.686999
1.47,11,384.724113
1.14,4,384.735689
1.64,10,384.768778
1.14,4,384.781928
1.14,4,384.795069
-0.64,8,384.82733
1.14,4,384.839452
-0.63,10,384.871697
1.29,7,384.893453
-0.34,13,384.936644
1.14,4,384.949294
1.14,4,384.961015
-0.83,7,384.988789
1.14,4,385.004514
1.14,4,385.018963
1.14,4,385.044235
-0.66,9,385.087149
1.14,4,385.100474
-0.51,8,385.126212
-0.78,8,385.157533
1.68,14,385.201855
-0.81,5,385.217782
-0.49,12,385.252239
-0.53,10,385.285522
1.64,10,385.317997
1.59,14,385.360779
-0.6,9,385.391404
-0.55,9,385.423117
-0.66,9,385.451109
-0.49,10,385.485729
1.38,9,385.5121
-0.56,8,385.538072
-0.69,10,385.570584
-0.49,9,385.600218
1.14,4,385.612251
1.4,9,385.639795
-0.73,11,385.715719
1.14,4,385.737059
1.14,4,385.75303
1.14,4,385.765531
-0.56,8,385.792
1.14,4,385.803509
1.14,4,385.816374
1.56,9,385.843888
1.47,11,385.876359
1.14,4,385.888335
-0.37,14,385.927312
1.19,5,385.943
1.14,4,385.953858
-0.48,11,385.988173
1.14,4,386.001771
1.21,6,386.021597
1.14,4,386.036027
-0.81,5,386.052178
-0.71,9,386.105149
-0.57,8,386.147059
-0.61,10,386.181759
1.14,4,386.193815
1.66,10,386.226018
-0.45,12,386.262931
-0.62,9,386.292567
-0.67,8,386.319819
-0.45,10,386.351518
-0.4,13,386.397633
-0.7,8,386.437379
1.14,4,386.45182
1.14,4,386.46337
-0.45,11,386.497135
-0.76,6,386.516647
-0.43,12,386.553267
1.41,11,386.618637
1.14,4,386.644025
-0.78,8,386.678429
1.14,4,386.691943
1.19,5,386.710648
-0.49,13,386.749939
-0.53,10,386.783247
1.14,4,386.79681
-0.56,9,386.827334
1.14,4,386.841555
-0.68,9,386.870656
-0.91,4,386.883302
-0.49,13,386.923383
-0.57,9,386.954139
-0.73,8,386.985208
1.42,10,387.05072
1.14,4,387.069496
0.03,14,387.11555
1.14,4,387.126559
1.14,4,387.137797
1.14,4,387.150802
-0.42,11,387.185153
1.14,4,387.19654
-0.22,13,387.236821
-0.76,6,387.260329
1.14,4,387.27374
-0.83,7,387.297072
1.42,11,387.33192
-0.68,9,387.366978
-0.39,11,387.418671
1.28,7,387.441046
1.14,4,387.455286
-0.42,15,387.501331
-0.67,8,387.527621
1.14,4,387.539412
1.14,4,387.550791
1.7,12,387.585089
1.14,4,387.600274
1.14,4,387.611952
1.61,10,387.644193
1.14,4,387.657724
1.4,12,388.510114
-0.23,12,388.556724
-0.46,15,388.678128
-0.65,9,388.747229
-0.5,10,388.783019
1.14,4,388.79583
1.14,4,388.811247
1.14,4,388.82432
-0.69,13,388.878366
1.14,4,388.890649
1.14,4,388.902602
-0.77,10,388.932812
1.54,10,388.966979
1.14,4,388.980427
-0.46,10,389.014961
1.14,4,389.027346
-0.54,14,389.070294
1.14,4,389.083341
1.55,10,389.119092
1.14,4,389.135724
1.14,4,389.151673
-0.67,8,389.18035
-0.52,10,389.231915
1.14,4,389.248169
-0.63,9,389.277649
-0.44,10,389.311469
-0.54,12,389.349389
-0.66,9,389.384318
-0.4,14,389.433002
1.32,9,389.459877
1.14,4,389.471179
-0.76,6,389.492265
1.14,4,389.501426
1.14,4,389.513546
-0.44,10,389.545992
1.14,4,389.557027
1.14,4,389.569983
1.14,4,389.583336
-0.57,10,389.61394
-0.85,9,389.641831
-0.14,13,389.690174
1.36,11,389.721271
1.14,4,389.733736
1.47,11,389.771019
-0.24,11,389.803655
1.14,4,389.81663
-0.73,9,389.847578
-0.66,7,389.871391
-0.66,7,389.89772
-0.44,13,389.9359
1.14,4,389.947994
1.14,4,389.959594
-0.36,12,389.997916
1.14,4,390.010653
1.6,11,390.044507
-0.56,9,390.072539
1.14,4,390.083715
1.28,7,390.107684
-0.67,8,390.138864
1.14,4,390.151152
1.14,4,390.163799
1.14,4,390.176711
1.14,4,390.18892
-0.44,14,390.229156
1.14,4,390.24189
1.14,4,390.255557
-0.48,11,390.288138
-0.49,11,390.324987
1.14,4,390.33748
-0.62,9,390.366613
-0.48,12,390.403651
-0.52,10,390.44301
-0.64,7,390.466266
-0.57,10,390.535442
1.14,4,390.553976
1.14,4,390.585026
-0.54,8,390.636601
1.14,4,390.663419
-0.75,8,390.733122
1.38,9,390.767734
1.14,4,390.780064
-0.63,10,390.815346
1.14,4,390.829644
-0.67,10,390.864844
1.19,5,390.883658
1.14,4,390.901397
1.14,4,390.913208
-0.77,7,390.932896
-0.6,9,390.962324
1.61,10,391.026998
1.14,4,391.047752
-0.38,11,391.088617
-0.77,7,391.112086
-0.34,12,391.147744
1.14,4,391.160361
1.14,4,391.172095
1.44,8,391.199067
1.14,4,391.213228
-0.71,7,391.235834
1.71,11,391.274292
-0.67,8,391.318775
1.14,4,391.355492
1.14,4,391.37292
1.14,4,391.384967
1.14,4,391.396634
1.14,4,391.408652
-0.52,9,391.438552
-0.62,9,391.46674
1.14,4,391.481078
-0.45,14,391.527524
-0.66,8,391.556941
1.14,4,391.571535
1.14,4,391.5955
1.14,4,391.612811
-0.51,11,391.646366
1.53,10,391.677135
1.14,4,391.696357
1.14,4,391.716471
-0.31,14,391.766267
1.14,4,391.777864
1.76,11,391.814264
-0.72,8,391.841454
-0.66,7,391.865446
-0.76,6,391.884312
-0.81,5,391.901745
-0.72,7,391.92823
1.14,4,391.941914
-0.43,12,391.97868
-0.3,13,392.022931
-0.22,13,392.07577
1.33,8,392.112177
-0.53,13,392.158999
-0.4,11,392.200555
-0.58,10,392.242059
1.47,11,392.298723
-0.62,9,392.325675
1.14,4,392.33792
1.14,4,392.350147
1.4,12,392.401116
1.14,4,392.420388
-0.55,13,392.504629
1.53,10,392.552295
-0.55,10,392.585172
-0.53,9,392.6164
-0.81,5,392.637278
-0.75,11,392.666061
-0.5,13,392.706052
-0.62,11,392.742979
1.14,4,392.755153
1.14,4,392.767394
1.14,4,392.779218
-0.64,7,392.799589
-0.52,9,392.826732
1.19,5,392.843386
1.14,4,392.863742
-0.51,12,392.915134
1.14,4,392.926541
1.14,4,392.940814
1.14,4,392.953064
1.14,4,392.966716
1.61,10,392.994035
-0.63,10,393.028768
-0.72,10,393.058966
1.14,4,393.071029
-0.32,11,393.105288
1.14,4,393.117123
-0.82,7,393.142264
1.14,4,393.154102
1.14,4,393.170596
1.14,4,393.182142
1.14,4,393.193044
1.14,4,393.20463
1.53,10,393.23728
1.68,12,393.279208
1.47,11,393.344418
1.14,4,393.364155
-0.51,9,393.400429
-0.52,10,393.433176
1.14,4,393.446243
1.14,4,393.463638
0.01,15,393.509085
-0.68,9,393.541571
1.5,11,393.575306
1.14,4,393.587351
-0.82,6,393.609254
1.14,4,393.626762
1.14,4,393.654141
1.14,4,393.675037
1.14,4,393.693972
1.42,10,393.729376
-0.77,7,393.753097
1.71,11,393.788297
1.14,4,393.803051
-0.5,10,393.838827
1.14,4,393.851029
1.14,4,393.863638
1.14,4,393.876261
1.33,8,393.902735
-0.55,9,393.954016
1.14,4,393.98268
-0.82,6,394.014789
1.14,4,394.027736
-0.76,8,394.05344
-0.44,12,394.092717
1.53,10,394.122304
-0.72,8,394.1503
1.14,4,394.161993
1.14,4,394.173749
1.14,4,394.185642
-0.36,12,394.224657
1.14,4,394.236565
1.14,4,394.24973
1.59,12,394.302173
-0.72,7,394.347631
1.14,4,394.362243
-0.72,8,394.388337
1.14,4,394.400161
1.14,4,394.413551
-0.78,8,394.439582
-0.26,15,394.486764
1.14,4,394.498929
-0.5,10,394.532382
1.76,11,394.566123
1.14,4,394.577767
1.14,4,394.593344
-0.55,13,394.634504
-0.87,5,394.651449
1.14,4,394.662454
1.14,4,394.673614
1.14,4,394.685363
-0.89,8,394.709812
1.49,9,394.738713
1.59,10,394.769714
-0.82,6,394.790824
1.61,10,394.842314
-0.78,8,394.87087
-0.54,12,394.924204
-0.65,9,394.963009
-0.76,6,395.011143
-0.73,9,395.047022
1.53,10,395.08072
-0.55,12,395.155402
1.14,4,395.186912
1.14,4,395.212297
1.14,4,395.230083
1.14,4,395.243325
-0.28,13,395.28477
-0.36,11,395.320154
-0.61,9,395.354931
1.14,4,395.378111
1.14,4,395.400299
-0.72,8,395.434056
1.14,4,395.446279
1.14,4,395.458838
-0.86,8,395.485344
-0.62,12,395.522652
-0.41,12,395.564531
1.14,4,395.577143
1.14,4,395.588445
1.14,4,395.599566
-0.04,15,395.647141
1.14,4,395.662588
-0.46,9,395.692549
-0.76,6,395.713461
1.14,4,395.725446
-0.91,10,395.756296
1.64,10,395.789703
-0.51,10,395.823519
-0.56,11,395.859237
1.14,4,395.872114
-0.81,5,395.890123
1.14,4,395.899659
1.14,4,395.915091
1.64,10,395.951467
-0.57,9,395.98715
-0.34,12,396.054888
-0.64,11,396.093858
-0.44,10,397.192427
-0.56,9,397.220438
1.14,4,397.235288
1.14,4,397.25005
1.14,4,397.267796
1.14,4,397.284311
-0.6,10,397.322211
-0.3,12,397.367519
1.14,4,397.390461
1.61,9,397.462053
1.33,8,397.496913
1.91,13,397.555164
1.14,4,397.567502
-0.58,10,397.600343
1.14,4,397.612033
1.14,4,397.626697
-0.83,7,397.654324
1.14,4,397.669775
-0.35,12,397.715157
1.14,4,397.726959
-0.55,9,397.755348
-0.77,7,397.775713
-0.63,12,397.814366
-0.68,9,397.849363
1.48,10,397.882585
-0.48,12,397.917853
1.54,11,397.954704
1.14,4,397.965523
-0.8,9,397.996391
1.14,4,398.008798
-0.67,8,398.035455
1.14,4,398.050863
-0.71,7,398.075201
-0.53,11,398.109437
-0.76,6,398.130435
1.14,4,398.144181
-0.52,10,398.178476
1.14,4,398.192955
1.52,10,398.225866
-0.68,9,398.254931
1.39,8,398.286575
1.14,4,398.298867
1.14,4,398.313
1.14,4,398.327657
1.14,4,398.344616
-0.64,11,398.390043
-0.57,10,398.427906
-0.78,8,398.454641
1.14,4,398.466439
-0.48,11,398.504375
-0.66,7,398.527189
1.14,4,398.539547
1.14,4,398.551723
-0.71,7,398.575209
1.14,4,398.590803
-0.77,7,398.635069
1.14,4,398.650697
-0.34,11,398.691934
-0.51,9,398.759269
1.47,11,398.80847
-0.39,12,398.887987
-0.7,9,398.918337
-0.44,10,398.949937
1.14,4,398.961577
1.14,4,398.979384
-0.74,10,399.019275
-0.31,13,399.082074
1.14,4,399.110544
-0.4,14,399.175271
-0.24,13,399.229873
1.14,4,399.258072
1.14,4,399.288704
-0.46,10,399.356287
-0.52,10,399.390122
1.14,4,399.406641
1.14,4,399.421395
1.14,4,399.43431
-0.39,10,399.471358
-0.42,11,399.506275
-0.52,12,399.54574
1.19,5,399.56559
-0.51,9,399.594917
-0.62,9,399.626472
1.14,4,399.646618
-0.59,11,399.699646
-0.56,8,399.728335
-0.67,8,399.754433
-0.76,6,399.778223
-0.76,6,399.801594
-0.72,8,399.841921
-0.52,10,399.907432
-0.64,7,399.927284
1.14,4,399.939537
-0.28,13,399.981573
1.61,10,400.013298
1.14,4,400.02669
-0.81,5,400.042981
1.14,4,400.055269
1.14,4,400.068257
-0.61,8,400.094473
1.14,4,400.106522
1.14,4,400.121429
-0.78,8,400.157515
1.14,4,400.173422
1.14,4,400.186864
-0.62,9,400.22181
-0.73,9,400.255441
-0.8,7,400.278833
-0.45,11,400.312434
-0.21,13,400.36122
1.14,4,400.375345
1.14,4,400.390813
-0.54,13,400.466763
1.14,4,400.48227
-0.67,8,400.508844
1.14,4,400.521642
1.14,4,400.553951
1.14,4,400.590441
1.14,4,400.606029
-0.57,9,400.642936
1.14,4,400.655918
1.27,8,400.682444
1.57,12,400.718585
-0.47,11,400.75455
1.14,4,400.766607
1.56,13,400.80786
1.52,11,400.846245
1.14,4,400.871662
1.14,4,400.893139
1.14,4,400.906101
-0.52,10,400.939374
-0.68,9,400.967982
-0.71,8,400.994091
1.14,4,401.008508
-0.82,7,401.03516
1.14,4,401.050948
1.14,4,401.062741
-0.82,6,401.083955
-0.67,8,401.110586
1.14,4,401.122446
-0.93,6,401.144307
1.61,11,401.182935
-0.58,10,401.216098
-0.6,10,401.256577
1.14,4,401.268345
-0.82,6,401.288467
1.14,4,401.305165
-0.59,11,401.34261
-0.72,11,401.37622
-0.45,12,401.413522
-0.76,6,401.434685
1.14,4,401.446537
-0.34,13,401.492499
-0.61,11,401.529864
1.14,4,401.547058
1.14,4,401.559372
1.14,4,401.572887
1.14,4,401.58565
-0.74,9,401.613995
1.43,11,401.659066
1.14,4,401.672021
-0.7,8,401.704499
1.14,4,401.72367
-0.61,11,401.773804
1.14,4,401.784894
1.14,4,401.799054
-0.63,10,401.837287
1.8,12,401.881866
-0.72,7,401.913229
1.68,10,401.947685
1.14,4,401.959658
-0.47,13,402.011491
1.14,4,402.024434
-0.34,12,402.062956
-0.3,12,402.103886
-0.67,8,402.129855
-0.38,13,402.166882
-0.33,12,402.212487
-0.66,7,402.239353
-0.81,5,402.255508
1.14,4,402.266829
1.14,4,402.278072
1.14,4,402.290486
1.14,4,402.3032
1.14,4,402.315779
1.14,4,402.327585
-0.66,9,402.38667
1.37,10,402.432148
1.55,10,402.464009
1.19,5,402.482001
-0.75,13,402.525321
-0.56,8,402.548388
1.44,8,402.590863
-0.69,10,402.637959
1.14,4,402.650719
-0.63,10,402.681086
1.14,4,402.691334
-0.71,7,402.712967
1.58,11,402.74442
-0.54,8,402.77478
1.14,4,402.786719
-0.43,12,402.87304
1.14,4,402.889443
-0.65,11,402.92321
-0.62,9,402.956257
-0.5,11,402.991345
-0.55,10,403.023416
-0.46,12,403.061367
1.14,4,403.073696
1.14,4,403.086338
1.23,7,403.107744
1.14,4,403.121181
-0.55,10,403.155961
-0.58,10,403.199098
1.39,8,403.234622
1.14,4,403.253881
-0.42,11,403.328847
-0.88,7,403.362633
-0.82,6,403.38449
1.39,8,403.412338
1.44,8,403.441927
-0.59,8,403.482102
-0.44,11,403.568955
-0.81,9,403.621938
1.14,4,403.640282
-0.66,7,403.663404
1.14,4,403.675424
1.52,11,403.755281
1.36,7,403.776222
1.14,4,403.784985
-0.62,9,403.815445
-0.78,8,403.842025
-0.67,9,403.873164
-0.44,10,403.90583
1.6,10,403.937039
1.14,4,403.948757
-0.66,10,403.986798
-0.74,7,404.015907
1.14,4,404.029484
-0.44,11,404.064275
1.14,4,404.076541
1.63,10,404.107397
1.14,4,404.118488
1.47,11,404.153485
-0.71,12,404.222501
1.14,4,404.240101
-0.76,6,404.264602
-0.62,9,404.292881
-0.69,10,404.330348
1.14,4,404.347268
1.14,4,404.358932
-0.82,6,404.381884
1.14,4,404.399386
1.14,4,404.412637
1.14,4,404.428744
1.66,13,404.473874
1.64,10,404.510733
-0.59,9,404.540979
1.14,4,404.555741
-0.64,8,404.583243
1.14,4,404.595862
-0.74,10,404.623209
-0.23,13,404.671083
1.14,4,404.682421
1.14,4,404.69492
1.38,9,404.726841
-0.59,13,404.775981
-0.69,10,404.805627
1.42,10,404.834776
-0.66,10,404.873448
-0.82,6,404.890791
-0.83,7,404.916279
-0.63,10,404.952948
1.14,4,404.96698
1.64,10,405.02265
1.68,10,405.983135
1.14,4,405.995337
-0.6,9,406.026159
-0.6,11,406.06433
-0.44,10,406.097702
1.38,11,406.131811
-0.82,6,406.155386
1.14,4,406.16939
-0.62,9,406.205435
-0.52,9,406.274011
1.14,4,406.289671
-0.43,11,406.350566
1.14,4,406.377376
-0.51,9,406.422232
1.14,4,406.444071
1.14,4,406.476443
1.14,4,406.507138
-0.58,13,406.569526
-0.67,8,406.597754
-0.47,10,406.666123
-0.68,9,406.735977
-0.57,12,406.777585
1.14,4,406.790562
-0.71,6,406.812872
-0.63,10,406.843578
1.14,4,406.855804
-0.68,9,406.884571
1.14,4,406.895825
1.14,4,406.911099
1.14,4,406.92291
1.14,4,406.936104
1.14,4,406.948782
-0.37,11,406.984343
1.75,13,407.025585
1.3,7,407.047256
-0.76,6,407.06921
-0.54,11,407.105369
-0.69,10,407.176831
-0.64,8,407.213416
-0.61,8,407.243657
-0.47,10,407.27817
1.14,4,407.29042
-0.71,10,407.318791
1.14,4,407.333117
1.31,8,407.359758
1.59,13,407.400607
1.14,4,407.415895
-0.67,8,407.446286
1.14,4,407.458714
-0.78,8,407.488362
1.14,4,407.500752
1.14,4,407.512803
1.62,11,407.543848
-0.76,9,407.573539
1.53,10,407.603211
-0.68,9,407.62968
1.39,8,407.654991
1.59,10,407.688674
1.44,8,407.715798
-0.77,7,407.739912
-0.76,6,407.771641
1.14,4,407.786995
-0.37,11,407.82406
-0.48,12,407.905948
-0.46,11,407.98067
1.14,4,408.009856
1.14,4,408.031695
-0.27,13,408.077905
-0.46,9,408.132879
1.43,9,408.161312
1.14,4,408.172495
-0.7,8,408.199671
1.14,4,408.211762
-0.37,12,408.250737
1.14,4,408.266902
-0.82,7,408.292373
1.14,4,408.309332
1.14,4,408.321432
1.66,11,408.357801
-0.6,9,408.386493
1.14,4,408.402614
1.14,4,408.413043
-0.68,9,408.443053
1.14,4,408.455118
1.55,10,408.527093
-0.64,8,408.5534
1.59,10,408.585679
1.14,4,408.601301
1.14,4,408.613495
-0.32,10,408.646291
1.14,4,408.664116
1.14,4,408.677763
1.14,4,408.691422
-0.27,11,408.728062
1.14,4,408.740509
1.14,4,408.753256
-0.58,10,408.784885
-0.11,14,408.83044
-0.71,7,408.857124
1.14,4,408.870492
1.14,4,408.882504
-0.27,11,408.919289
1.47,11,408.951346
1.53,11,408.984749
-0.82,6,409.005531
1.14,4,409.020359
-0.5,12,409.054485
1.14,4,409.064287
-0.66,7,409.087309
1.14,4,409.09938
1.14,4,409.112002
-0.66,9,409.137602
-0.52,11,409.174438
1.14,4,409.184525
1.14,4,409.204692
1.59,10,409.266089
-0.68,9,409.296834
-0.6,9,409.327014
1.14,4,409.338048
1.14,4,409.350632
-0.73,8,409.381209
1.14,4,409.395355
1.14,4,409.408942
-0.56,8,409.437659
1.14,4,409.463508
-0.46,12,409.528912
1.14,4,409.544702
1.53,10,409.575994
-0.65,9,409.609897
-0.54,8,409.638669
-0.78,8,409.664063
-0.53,10,409.698964
-0.24,15,409.75109
1.14,4,409.780023
1.14,4,409.802276
1.4,9,409.837257
-0.3,13,409.879856
-0.65,11,409.911175
1.14,4,409.923344
-0.71,8,409.947326
1.14,4,409.960209
1.14,4,409.971629
1.14,4,409.984043
1.14,4,409.994653
-0.83,7,410.013926
1.14,4,410.026168
-0.77,7,410.04851
1.14,4,410.061644
-0.63,10,410.092417
-0.68,9,410.122271
1.14,4,410.134305
1.14,4,410.1458
1.14,4,410.158213
1.34,7,410.180367
1.14,4,410.192953
-0.71,7,410.2166
-0.64,10,410.250688
-0.82,6,410.275491
-0.88,9,410.308137
1.14,4,410.319784
-0.56,10,410.357806
1.14,4,410.370261
1.14,4,410.383095
1.14,4,410.394854
1.14,4,410.408927
1.59,10,410.462622
1.14,4,410.486148
1.33,10,410.530948
1.14,4,410.541903
1.64,13,410.585308
-0.49,10,410.617225
1.52,12,410.659151
-0.54,9,410.691203
-0.6,9,410.726413
1.14,4,410.738032
-0.45,12,410.778311
1.14,4,410.790838
-0.82,6,410.812278
1.14,4,410.826919
-0.58,10,410.856875
1.14,4,410.86914
-0.62,12,410.909458
1.14,4,410.922751
1.14,4,410.935902
1.14,4,410.947281
1.14,4,410.959078
-0.81,11,410.99236
-0.63,10,411.026134
-0.65,8,411.053032
1.14,4,411.067435
-0.56,10,411.102349
-0.52,12,411.142808
1.14,4,411.154496
-0.64,7,411.181226
-0.46,10,411.214377
1.14,4,411.227156
1.14,4,411.238771
1.14,4,411.250091
-0.75,11,411.281145
-0.75,7,411.304944
-0.73,8,411.330373
1.14,4,411.342526
1.14,4,411.35431
1.14,4,411.367101
-0.38,12,411.400169
1.57,12,411.436584
-0.21,13,411.479275
1.14,4,411.495697
-0.52,10,411.532717
1.53,10,411.56579
1.14,4,411.578635
1.13,5,411.594011
1.14,4,411.606437
1.14,4,411.618393
1.14,4,411.631869
1.14,4,411.644208
-0.64,11,411.679401
-0.82,6,411.699372
-0.61,8,411.726343
-0.66,7,411.74954
-0.78,8,411.773164
-0.66,7,411.797278
-0.3,12,411.832432
1.14,4,411.844205
-0.32,12,411.881973
-0.38,12,411.922409
1.14,4,411.934191
1.54,9,411.964928
1.14,4,411.977239
-0.7,11,412.009955
-0.58,11,412.044583
-0.92,5,412.065377
-0.62,9,412.12359
-0.68,9,412.161477
1.14,4,412.176327
-0.66,9,412.207479
-0.76,6,412.231853
1.14,4,412.244727
1.61,10,412.280061
1.14,4,412.294081
-0.86,5,412.312692
1.81,12,412.351366
1.51,9,412.378061
1.14,4,412.39041
1.14,4,412.401783
1.19,5,412.417171
1.14,4,412.42955
1.14,4,412.441594
-0.47,10,412.471183
1.14,4,412.481579
-0.5,13,412.523013
1.14,4,412.534356
-0.62,9,412.567425
1.14,4,412.578428
-0.35,12,412.616464
1.79,12,412.652222
-0.76,8,412.677579
1.14,4,412.690408
1.14,4,412.70242
-0.72,7,412.727451
1.14,4,412.739554
1.47,11,412.772304
-0.79,9,412.797804
1.14,4,412.81003
1.64,10,412.843919
1.14,4,412.858815
-0.51,9,412.890441
1.36,7,412.912318
1.14,4,412.925998
-0.61,11,412.960251
1.14,4,412.973096
-0.38,12,413.010369
1.14,4,413.022955
-0.64,7,413.047971
-0.53,11,413.087667
-0.54,9,413.119815
1.14,4,413.130395
1.66,10,413.160953
1.53,10,413.191045
-0.76,6,413.213586
1.14,4,413.225112
1.14,4,413.237365
1.14,4,413.248855
1.14,4,413.261582
1.14,4,413.273265
1.14,4,413.28518
1.47,11,414.170012
-0.91,4,414.17995
1.14,4,414.191136
1.14,4,414.202415
1.14,4,414.219467
1.63,10,414.255184
1.14,4,414.266523
1.14,4,414.279296
1.14,4,414.291815
1.14,4,414.303391
1.14,4,414.314834
-0.54,12,414.354808
1.14,4,414.3691
1.14,4,414.38056
-0.49,12,414.416793
-0.51,11,414.452946
1.14,4,414.462301
1.14,4,414.476527
1.14,4,414.488165
-0.82,6,414.505978
1.14,4,414.517183
1.58,11,414.55741
1.68,11,414.594669
-0.91,4,414.60852
1.14,4,414.621329
-0.64,11,414.65615
1.14,4,414.671699
1.66,11,414.704824
-0.56,9,414.733818
-0.52,10,414.765878
1.14,4,414.777907
1.14,4,414.791005
1.14,4,414.802896
-0.64,7,414.827551
-0.66,7,414.854109
1.14,4,414.865786
1.19,5,414.879648
1.14,4,414.893263
-0.45,11,414.932472
1.14,4,414.944653
-0.47,10,414.985328
1.39,8,415.011633
-0.32,12,415.049808
1.14,4,415.062331
1.14,4,415.075902
1.14,4,415.0899
1.51,9,415.12001
1.14,4,415.137073
-0.56,9,415.168263
1.14,4,415.180887
1.14,4,415.193295
-0.5,12,415.229455
1.14,4,415.240512
1.37,10,415.274202
-0.47,11,415.317292
1.14,4,415.334691
-0.3,12,415.397266
1.14,4,415.41429
-0.63,9,415.446707
1.14,4,415.466717
1.14,4,415.481647
1.14,4,415.494529
-0.61,8,415.520289
1.61,11,415.562916
1.14,4,415.587311
-0.77,7,415.643784
1.14,4,415.66466
-0.8,10,415.739072
-0.88,6,415.768145
1.14,4,415.780925
1.14,4,415.792687
1.58,11,415.828869
1.73,11,415.861337
-0.51,9,415.894664
-0.45,10,415.928983
1.14,4,415.944744
1.14,4,415.956892
1.14,4,415.969104
1.55,10,416.002117
1.14,4,416.01394
1.14,4,416.030338
1.14,4,416.042126
-0.76,6,416.062512
1.64,10,416.094892
1.14,4,416.107032
-0.52,10,416.146375
1.14,4,416.159228
1.14,4,416.171233
-0.83,7,416.198407
1.14,4,416.232012
1.14,4,416.259134
1.14,4,416.272759
-0.84,8,416.297834
-0.51,10,416.331232
1.32,9,416.361359
1.14,4,416.374635
-0.47,13,416.414818
-0.36,13,416.492499
1.61,10,416.52663
-0.4,13,416.616438
1.14,4,416.649177
-0.42,11,416.710924
1.14,4,416.727507
1.14,4,416.741295
1.14,4,416.755621
-0.74,10,416.794001
1.14,4,416.807664
-0.62,9,416.838977
-0.7,8,416.871298
1.43,10,416.907137
-0.5,10,416.944602
-0.47,11,416.990248
-0.89,8,417.033983
-0.56,10,417.088791
-0.43,12,417.140395
1.14,4,417.159451
1.14,4,417.177582
1.14,4,417.190269
1.14,4,417.203556
-0.55,10,417.236325
1.73,11,417.288405
1.14,4,417.302441
1.14,4,417.316433
-0.58,12,417.361414
1.14,4,417.375567
-0.69,10,417.412975
-0.59,15,417.497006
1.14,4,417.520151
1.14,4,417.54785
-0.53,10,417.608875
1.14,4,417.633655
-0.6,9,417.698697
1.14,4,417.723871
1.14,4,417.743868
1.29,7,417.775443
-0.68,9,417.826825
-0.34,11,417.886914
-0.52,9,417.936371
1.14,4,417.953159
-0.56,10,418.008051
-0.78,8,418.066211
1.42,10,418.140442
1.55,10,418.220766
1.14,4,418.247894
1.39,8,418.287551
1.14,4,418.305282
-0.85,9,418.368767
1.14,4,418.398973
1.14,4,418.42346
1.14,4,418.450088
1.54,11,418.506454
1.14,4,418.525289
1.14,4,418.550687
-0.53,13,418.602146
-0.78,8,418.632801
-0.62,9,418.671788
-0.52,10,418.719446
1.14,4,418.737882
1.14,4,418.75736
-0.39,10,418.800077
1.14,4,418.821523
1.14,4,418.842015
1.14,4,418.860086
1.14,4,418.885141
-0.65,9,418.925076
1.36,11,418.961375
-0.32,15,419.014746
1.14,4,419.025188
-0.73,8,419.057971
1.14,4,419.07205
1.52,11,419.110687
1.44,8,419.142137
-0.62,9,419.200648
1.14,4,419.222125
1.14,4,419.248544
1.14,4,419.277208
1.14,4,419.300216
-0.69,10,419.351434
-0.55,9,419.393169
1.14,4,419.409032
1.14,4,419.425602
-0.76,6,419.462204
1.14,4,419.485888
1.5,10,419.524687
1.43,9,419.554347
-0.55,10,419.592636
-0.56,10,419.650933
1.14,4,419.672211
1.37,10,419.718512
1.23,7,419.766701
1.14,4,419.790887
-0.62,9,419.837091
-0.55,10,419.981166
-0.58,10,420.032822
1.14,4,420.045417
1.14,4,420.057774
-0.76,6,420.079933
-0.55,10,420.115951
-0.72,7,420.161506
1.14,4,420.180296
1.52,11,420.229102
1.14,4,420.256132
1.54,9,420.299656
-0.82,6,420.319988
1.56,9,420.369412
1.14,4,420.387673
-0.42,11,420.429094
1.51,9,420.473978
1.14,4,420.500341
-0.72,8,420.559655
1.55,10,420.607028
1.14,4,420.631285
-0.62,9,420.688944
-0.42,11,420.737355
-0.62,9,420.791426
-0.71,8,420.82449
-0.28,13,420.869026
1.7,12,420.956485
1.43,10,420.984743
-0.59,8,421.028426
1.14,4,421.053434
1.14,4,421.074075
1.64,10,421.118625
1.14,4,421.135955
1.14,4,421.163216
1.14,4,421.184308
1.14,4,421.199436
1.14,4,421.221153
1.14,4,421.239941
-0.31,13,421.320886
1.14,4,421.333371
1.14,4,421.351257
1.14,4,421.367522
1.14,4,421.383542
-0.77,7,421.430501
-0.42,15,421.502245
1.14,4,421.512465
1.42,10,421.549452
1.14,4,421.565036
1.14,4,421.581165
-0.53,11,421.622189
1.14,4,421.636597
-0.53,10,421.67162
-0.76,6,421.697632
-0.76,6,421.719598
-0.31,14,421.766236
-0.53,11,421.812765
1.14,4,421.837182
-0.26,11,421.889823
1.52,11,421.956395
-0.65,9,421.994731
1.63,10,422.032304
-0.45,11,422.06819
-0.68,9,422.11909
-0.45,12,422.17015
1.43,9,422.202564
-0.19,12,422.240387
1.14,4,422.26471
1.14,4,422.289007
1.14,4,422.304406
-0.68,9,422.359236
-0.64,10,422.412099
1.14,4,422.431672
1.14,4,422.452364
-0.46,12,422.511284
1.14,4,422.528778
1.14,4,422.544014
-0.79,9,422.578423
1.14,4,422.59206
1.14,4,422.608277
-0.56,11,422.660369
1.66,10,422.695526
1.14,4,422.709266
-0.77,7,422.737803
-0.58,9,422.773429
1.48,9,422.802038
1.14,4,422.814518
1.14,4,422.831957
-0.71,9,422.881394
-0.49,12,422.922493
1.14,4,422.935997
1.63,11,422.971874
1.14,4,422.985609
-0.54,8,423.01975
1.14,4,423.042776
1.14,4,423.073734
1.14,4,423.10038
1.41,11,423.147876
1.78,12,423.219612
-0.63,10,423.250991
1.43,8,424.231928
1.14,4,424.245076
1.14,4,424.2625
1.14,4,424.275233
1.14,4,424.288673
1.14,4,424.30921
1.14,4,424.331941
1.14,4,424.350687
-0.58,10,424.388587
-0.56,12,424.421393
1.52,11,424.461496
-0.45,11,424.524847
1.14,4,424.546606
-0.76,6,424.576351
-0.54,9,424.606853
1.14,4,424.62
-0.56,12,424.677534
-0.67,8,424.730538
1.14,4,424.755679
-0.71,9,424.809134
-0.58,10,424.851709
-0.86,4,424.86953
1.14,4,424.893121
1.14,4,424.91316
-0.66,13,424.97169
-0.52,10,425.025166
-0.82,6,425.051091
1.14,4,425.069951
1.42,10,425.107744
1.6,10,425.142498
-0.68,9,425.173316
-0.62,10,425.222515
1.14,4,425.245337
1.14,4,425.264842
-0.77,7,425.291307
-0.62,9,425.317417
1.14,4,425.336222
1.14,4,425.348331
1.14,4,425.361096
-0.67,8,425.388992
1.14,4,425.399429
1.14,4,425.417048
-0.34,11,425.472836
-0.19,11,425.514199
1.51,12,425.556577
-0.71,6,425.577685
-0.34,14,425.641938
-0.57,12,425.686005
1.14,4,425.70825
-0.69,9,425.769499
1.14,4,425.786813
1.14,4,425.816723
1.14,4,425.866611
1.14,4,425.899942
-0.67,8,425.940298
1.14,4,425.951687
-0.72,8,425.984089
1.14,4,425.999455
1.14,4,426.019649
1.14,4,426.040235
-0.6,13,426.082572
-0.67,8,426.111024
1.5,10,426.145573
1.14,4,426.163558
1.14,4,426.183775
-0.67,8,426.216855
1.14,4,426.233974
1.38,9,426.268399
-0.71,8,426.297792
1.14,4,426.320285
1.14,4,426.348175
1.14,4,426.367118
1.59,9,426.418916
-0.81,5,426.442583
-0.07,16,426.533952
1.14,4,426.56681
1.14,4,426.599559
1.69,11,426.679633
-0.5,14,426.757321
-0.65,9,426.796201
-0.79,9,426.822746
1.14,4,426.840936
-0.49,12,426.879711
1.53,10,426.926475
-0.82,6,426.945755
1.14,4,426.96
-0.44,9,426.992992
1.14,4,427.003594
1.14,4,427.016322
-0.75,7,427.037871
1.14,4,427.051813
1.14,4,427.065717
-0.4,12,427.115663
1.14,4,427.129571
1.38,9,427.163525
-0.45,11,427.237742
-0.36,11,427.282801
1.14,4,427.295953
1.14,4,427.314623
1.14,4,427.327829
-0.47,10,427.362274
1.14,4,427.375654
-0.78,8,427.403361
1.54,9,427.434003
-0.67,8,427.486774
1.14,4,427.500609
-0.62,12,427.564935
-0.76,6,427.60513
1.46,8,427.662783
1.6,12,427.740039
-0.59,8,427.805428
-0.4,13,427.880558
1.53,10,427.941238
1.14,4,427.968564
-0.76,6,428.016988
-0.59,8,428.053101
1.63,11,428.106367
-0.62,11,428.18326
1.14,4,428.205271
1.31,10,428.257439
-1.0,7,428.284905
-0.61,11,428.369857
-1.01,8,428.424479
1.14,4,428.44607
1.14,4,428.46988
-0.78,8,428.520279
1.63,10,428.579773
1.14,4,428.597365
-0.78,8,428.652569
1.14,4,428.675591
-0.58,10,428.739009
1.14,4,428.755248
1.14,4,428.772165
1.14,4,428.788084
-0.37,10,428.84478
-0.62,10,428.902487
1.5,9,428.947656
-0.46,9,429.018995
-0.55,9,429.066714
-0.36,13,429.116323
-0.68,9,429.146982
1.14,4,429.162325
1.14,4,429.177627
-0.4,11,429.219186
-0.5,9,429.252885
1.14,4,429.265099
1.14,4,429.280352
-0.38,12,429.317434
1.14,4,429.330592
-0.83,9,429.358679
1.42,10,429.394042
1.14,4,429.408181
1.53,10,429.443694
-0.7,11,429.485371
1.14,4,429.497901
1.14,4,429.512608
-0.7,8,429.539155
-0.48,12,429.5967
1.14,4,429.608981
-0.51,9,429.651716
1.14,4,429.673413
1.51,9,429.724182
1.14,4,429.750925
-0.56,11,429.809271
-0.48,11,429.876601
-0.52,10,429.912082
-0.31,14,429.980312
-0.25,12,430.030236
1.14,4,430.04494
1.14,4,430.059837
1.56,9,430.123338
-0.42,9,430.214839
1.64,10,430.244677
1.55,10,430.275604
-0.46,12,430.319599
-0.78,8,430.356102
1.28,7,430.394307
1.54,9,430.471085
-0.53,11,430.533069
-0.09,15,430.568722
-0.5,11,430.62107
1.14,4,430.640425
-0.35,12,430.69059
1.14,4,430.706648
-0.63,10,430.759992
1.14,4,430.776605
1.14,4,430.792655
1.14,4,430.807304
-0.5,10,430.848688
1.14,4,430.862739
-0.52,9,430.895072
-0.6,9,430.945973
1.14,4,430.969955
-0.26,14,431.030776
-0.71,7,431.062389
1.47,11,431.108896
1.55,10,431.160099
-0.7,11,431.21306
1.44,8,431.242267
1.14,4,431.259108
1.55,10,431.312212
1.14,4,431.337545
1.14,4,431.365519
-0.77,7,431.403226
1.14,4,431.42185
1.52,12,431.468717
1.14,4,431.483728
1.48,10,431.522336
1.14,4,431.538352
1.27,8,431.583621
1.54,9,431.615672
1.14,4,431.626712
1.58,11,431.665622
1.53,10,431.708368
-0.68,11,431.743691
-0.61,11,431.785352
1.49,11,431.824035
1.14,4,431.838084
-0.42,12,431.902894
1.14,4,431.922106
1.14,4,431.94136
1.14,4,431.9568
-0.82,6,431.984853
-0.6,9,432.033567
-0.57,10,432.085235
1.14,4,432.112523
-0.65,8,432.158848
1.64,10,432.204576
-0.31,10,432.236726
1.63,10,432.305076
1.14,4,432.32544
1.14,4,432.344803
1.14,4,432.36213
1.14,4,432.376676
1.14,4,432.395372
-0.65,8,432.448816
-0.47,12,432.494421
1.14,4,432.50958
1.14,4,432.525071
1.74,14,432.56412
1.14,4,432.586312
-0.74,6,432.629913
1.14,4,432.644204
1.14,4,432.657512
1.14,4,432.672045
-0.5,10,432.708939
1.49,10,432.751159
1.14,4,432.769471
1.14,4,432.791314
-0.86,5,432.810577
-0.76,10,432.867521
-0.77,7,432.906593
-0.49,9,432.952811
-0.71,9,432.985765
-0.35,11,433.032963
1.14,4,433.05902
1.14,4,433.086009
-0.71,13,433.160679
1.14,4,433.184764
1.39,9,433.240406
1.14,4,433.265309
-0.76,6,433.303838
-0.57,10,433.36161
1.14,4,433.383859
1.14,4,433.400203
1.14,4,433.414305
-0.53,13,433.456828
1.14,4,433.471911
-0.46,11,433.518081
1.14,4,433.529792
1.14,4,433.543196
1.14,4,433.560026
1.14,4,433.58183
-0.56,11,433.629142
-0.56,11,433.674041
-0.77,10,433.712245
1.14,4,433.728954
-0.66,14,433.818048
1.48,9,434.960268
-0.6,10,434.992104
-0.77,10,435.024175
1.14,4,435.038172
-0.82,9,435.076188
1.5,10,435.121744
1.14,4,435.136513
-0.15,14,435.210933
-0.4,11,435.269187
1.14,4,435.287312
1.14,4,435.304571
-0.54,8,435.35666
1.14,4,435.36916
1.14,4,435.378424
-0.56,8,435.40741
1.14,4,435.424563
1.14,4,435.45898
-1.0,7,435.50439
1.14,4,435.51621
1.14,4,435.526652
-0.56,11,435.571078
1.14,4,435.589498
-0.76,8,435.622973
-0.65,10,435.66238
-0.62,9,435.710315
1.14,4,435.731663
1.52,11,435.797219
1.6,11,435.88238
-0.66,7,435.9253
-0.45,15,436.00338
-0.76,6,436.043462
-0.7,8,436.076692
1.14,4,436.093143
-0.56,13,436.140106
-0.53,11,436.186947
1.56,10,436.221323
-0.63,10,436.257502
-0.73,8,436.298423
1.65,12,436.348874
1.14,4,436.362655
1.14,4,436.377658
-0.77,7,436.410876
1.14,4,436.43222
-0.47,11,436.493569
1.49,9,436.545769
1.63,10,436.58903
-0.52,10,436.632393
-0.52,10,436.696748
1.64,10,436.744558
-0.52,10,436.775594
-0.76,6,436.798084
-0.41,9,436.855296
-0.76,6,436.899356
1.48,10,436.960932
-0.71,7,437.003338
1.6,12,437.063482
1.14,4,437.085418
1.14,4,437.107209
-0.66,7,437.140753
1.44,8,437.182099
1.14,4,437.20993
1.14,4,437.23585
-0.49,13,437.32739
1.14,4,437.350911
-0.44,9,437.407572
1.14,4,437.422524
1.48,10,437.481488
-0.52,13,437.557011
-0.68,10,437.603558
1.52,11,437.650059
1.14,4,437.664285
-0.82,6,437.696234
1.14,4,437.718999
1.14,4,437.740847
-0.82,6,437.778985
1.65,12,437.841066
1.14,4,437.855264
-0.24,11,437.893695
1.69,11,437.941521
1.29,9,437.989305
1.14,4,438.005114
1.14,4,438.018696
1.14,4,438.03251
1.14,4,438.050766
1.14,4,438.072651
-0.55,10,438.116225
-0.36,10,438.159307
1.55,11,438.220602
1.14,4,438.237278
1.38,8,438.270048
-0.68,9,438.308838
1.14,4,438.33505
1.14,4,438.359197
1.74,11,438.421486
-0.44,14,438.483632
1.58,9,438.524552
1.68,10,438.56353
1.14,4,438.57843
1.14,4,438.601152
-0.86,10,438.662033
1.66,10,438.735032
1.59,10,438.788868
1.14,4,438.815633
1.14,4,438.838514
1.3,11,438.894776
-0.91,4,438.913556
1.64,10,438.971466
-0.72,7,439.027767
1.14,4,439.047524
1.14,4,439.062191
1.14,4,439.077458
-0.56,11,439.113054
1.14,4,439.123898
1.14,4,439.137974
1.47,11,439.172402
1.14,4,439.184678
-0.76,6,439.214383
-0.51,10,439.258449
1.14,4,439.27239
-0.6,10,439.303365
1.19,5,439.321326
-0.53,11,439.353281
1.14,4,439.365925
1.14,4,439.379075
1.14,4,439.396557
1.14,4,439.41279
1.55,10,439.452942
-0.54,9,439.502046
1.19,5,439.538119
-0.46,10,439.60378
1.54,11,439.66046
1.14,4,439.672379
-0.76,6,439.690784
1.14,4,439.706169
1.14,4,439.727831
1.14,4,439.752402
-0.53,11,439.821248
1.14,4,439.847363
-0.66,7,439.904239
1.28,7,439.938148
-0.76,6,439.960013
1.14,4,439.978271
1.14,4,440.002418
-0.76,6,440.055923
1.14,4,440.080355
1.14,4,440.103853
1.14,4,440.117294
-0.76,6,440.140929
1.14,4,440.152215
1.14,4,440.166996
-0.69,12,440.213852
1.63,11,440.254684
1.14,4,440.270339
1.14,4,440.287111
1.14,4,440.311122
1.14,4,440.329411
1.14,4,440.347829
1.14,4,440.364084
1.14,4,440.376581
-0.34,12,440.429292
1.66,10,440.461651
1.49,11,440.495497
1.14,4,440.507376
-0.55,9,440.545609
-0.63,10,440.580349
-0.58,12,440.623782
-0.4,12,440.670237
1.14,4,440.685193
1.23,7,440.714492
1.14,4,440.733664
-0.72,8,440.764629
-0.59,12,440.820975
-0.48,12,440.867306
-0.52,10,440.916688
1.14,4,440.944468
-0.69,12,441.022072
1.14,4,441.040877
1.68,14,441.086693
1.58,10,441.124371
1.14,4,441.1383
1.14,4,441.161977
-0.6,9,441.218192
1.4,9,441.259486
1.14,4,441.282224
1.14,4,441.305136
1.14,4,441.321368
1.14,4,441.336353
1.14,4,441.359392
1.48,9,441.414147
1.14,4,441.429718
-0.45,15,441.49259
1.14,4,441.521307
-0.44,9,441.580019
1.14,4,441.606082
1.14,4,441.634666
-0.58,10,441.690804
1.7,11,441.733366
1.14,4,441.747413
-0.93,6,441.77093
-0.56,9,441.806028
-0.42,15,441.885407
1.14,4,441.900426
1.14,4,441.912907
-0.67,9,441.953225
-0.67,8,441.984295
-0.55,10,442.021418
-0.67,8,442.047709
-0.61,8,442.080702
1.68,11,442.139343
1.14,4,442.154513
-0.71,7,442.181856
1.14,4,442.207071
-0.55,13,442.266206
-0.67,8,442.307186
1.14,4,442.319607
1.14,4,442.341902
1.73,11,442.420218
1.14,4,442.451385
1.14,4,442.469136
-0.76,6,442.496848
1.5,9,442.532741
1.14,4,442.548853
1.14,4,442.564161
1.14,4,442.580171
1.14,4,442.595724
1.14,4,442.613731
-0.72,8,442.652719
-0.65,8,442.704471
1.14,4,442.725317
-0.62,9,442.764286
1.14,4,442.781534
1.61,10,442.850791
-0.73,8,442.888274
-0.43,14,442.952788
-0.66,7,442.983295
1.63,10,443.043853
1.14,4,443.069583
-0.77,7,443.112121
1.14,4,443.128305
-0.51,9,443.184245
1.63,10,443.227294
-0.82,6,443.259159
1.14,4,443.278003
1.14,4,443.291859
-0.37,11,443.335657
-0.45,11,443.374386
-0.76,6,443.395788
1.14,4,443.408742
1.14,4,443.420026
1.63,10,443.451215
1.14,4,443.465501
-0.45,14,443.516286
-0.63,10,443.546318
1.14,4,443.560605
-0.8,10,443.610159
-0.46,9,443.646129
-0.52,10,443.689107
1.52,12,443.722195
1.14,4,443.736017
1.63,10,443.790356
1.14,4,443.803802
1.14,4,443.824981
-0.77,7,443.869064
1.14,4,443.890556
-0.57,9,443.948135
1.34,13,443.988034
-0.67,8,444.021713
1.14,4,444.034548
1.14,4,444.053995
1.14,4,444.08203
1.14,4,444.108774
1.14,4,444.138454
-0.46,11,444.181155
1.51,12,444.216949
1.29,6,444.281604
1.14,4,444.299369
1.14,4,444.313303
1.47,11,444.356039
1.14,4,444.368527
1.14,4,444.388821
-0.55,13,444.44503
-0.5,11,444.505435
1.14,4,444.515983
-0.67,10,444.561074
1.14,4,444.577063
1.14,4,444.595251
-0.46,13,445.737426
-0.54,9,445.775381
1.14,4,445.792888
1.14,4,445.811148
-0.73,8,445.840369
-0.52,8,445.892778
1.14,4,445.917763
1.14,4,445.941056
-0.56,8,445.999699
1.14,4,446.019857
1.14,4,446.036433
-0.56,10,446.070606
-0.76,6,446.0965
-0.49,9,446.126824
1.14,4,446.142234
1.42,10,446.192764
1.14,4,446.218224
1.14,4,446.237757
1.5,11,446.288919
1.14,4,446.304569
1.56,9,446.347832
1.14,4,446.372688
1.14,4,446.399044
-0.47,11,446.484989
1.14,4,446.515529
-0.52,12,446.582013
1.14,4,446.593668
1.14,4,446.605177
1.14,4,446.617983
1.14,4,446.633097
1.53,10,446.694665
-0.68,9,446.736362
1.33,11,446.772996
1.43,9,446.797352
1.58,13,446.836393
1.14,4,446.852877
-0.43,12,446.89278
-0.28,14,446.94857
-0.53,10,446.985104
1.14,4,447.014786
-0.62,9,447.072989
1.14,4,447.089149
1.14,4,447.11142
1.58,10,447.162486
1.14,4,447.177003
1.48,9,447.203224
1.14,4,447.217422
1.37,10,447.252965
1.14,4,447.26575
1.14,4,447.278235
-0.64,8,447.305263
1.14,4,447.319247
-0.45,11,447.356989
1.14,4,447.372389
-0.57,9,447.405788
1.38,9,447.43834
1.14,4,447.449707
1.26,7,447.478792
-0.6,9,447.514645
1.14,4,447.535135
1.14,4,447.558714
-0.56,12,447.621622
-0.65,8,447.650982
-0.72,8,447.6803
1.14,4,447.695118
-0.68,12,447.734675
1.14,4,447.748677
-0.59,9,447.782866
-0.85,9,447.841297
1.39,10,447.899064
-0.66,7,447.929783
-0.38,12,447.971877
1.14,4,447.987513
1.47,11,448.030705
-0.63,11,448.078643
1.14,4,448.093074
1.14,4,448.108022
1.14,4,448.121843
1.14,4,448.134174
-0.6,8,448.175104
1.14,4,448.190393
-0.16,14,448.244016
1.14,4,448.258203
1.14,4,448.274477
1.14,4,448.290298
-0.57,12,448.331744
-0.68,9,448.37819
1.47,9,448.423242
1.6,11,448.473253
-0.55,10,448.524191
-0.57,13,448.612697
1.43,9,448.709466
1.3,11,448.763402
1.14,4,448.775057
1.14,4,448.788965
-0.48,13,448.845172
-0.57,9,448.869854
-0.26,11,448.91786
-0.46,9,448.96786
-0.54,9,449.002872
1.14,4,449.016091
1.14,4,449.030377
1.14,4,449.045514
-0.74,9,449.088541
-0.77,7,449.114204
1.14,4,449.128694
1.14,4,449.149785
1.14,4,449.173658
-0.64,7,449.219729
1.14,4,449.233972
1.14,4,449.247101
1.14,4,449.262133
1.14,4,449.275635
-0.84,8,449.32396
1.44,8,449.371534
-0.84,8,449.432487
1.6,12,449.509211
1.14,4,449.521606
-0.68,9,449.549101
-0.46,12,449.596759
1.5,11,449.637895
1.14,4,449.647611
1.14,4,449.663351
1.14,4,449.677479
-0.31,14,449.742134
-0.66,7,449.764925
-0.8,10,449.79457
-0.8,6,449.834608
1.14,4,449.859224
1.76,13,449.940238
-0.63,10,449.975643
1.14,4,449.988362
-0.63,13,450.023676
-0.88,7,450.054512
1.14,4,450.080807
-0.38,12,450.1735
1.47,11,450.236655
-0.34,15,450.316894
-0.67,8,450.348022
1.14,4,450.361519
-0.51,9,450.398209
1.14,4,450.413829
-0.46,12,450.459056
-0.93,6,450.482695
-0.56,8,450.51183
-0.73,8,450.546617
1.47,11,450.583915
1.14,4,450.597091
-0.77,7,450.620868
-0.39,10,450.660053
1.14,4,450.673554
-0.41,13,450.716013
1.14,4,450.727459
1.55,10,450.76014
1.14,4,450.775237
-0.6,10,450.813302
-0.63,12,450.85034
1.49,8,450.877778
1.14,4,450.890916
1.14,4,450.906536
-0.64,8,450.942325
1.42,10,450.974866
1.43,10,451.010106
-0.67,8,451.038595
1.14,4,451.05213
1.55,10,451.088816
-0.78,8,451.1216
1.14,4,451.139014
1.55,10,451.173091
-0.64,10,451.209954
-0.59,9,451.237858
-0.61,10,451.272779
-0.83,7,451.298917
1.14,4,451.311293
-0.59,11,451.355505
-0.47,10,451.405099
1.64,10,451.438199
1.52,14,451.486837
-0.64,7,451.513886
1.14,4,451.530631
-0.56,8,451.669083
1.49,11,451.718887
1.52,14,451.769068
1.46,8,451.794472
1.14,4,451.806289
1.14,4,451.824713
1.14,4,451.841805
-0.79,9,451.885078
1.14,4,451.896314
1.14,4,451.909482
-0.55,13,451.973068
-0.15,13,452.022444
1.14,4,452.038691
1.14,4,452.054938
-0.75,8,452.088766
1.54,9,452.121372
-0.66,7,452.151975
-0.68,9,452.185397
-0.62,9,452.221355
-0.37,14,452.291858
-0.61,10,452.336366
-0.25,13,452.384885
1.42,10,452.420434
-0.65,13,452.465837
-0.54,12,452.510505
-0.35,11,452.560285
-0.82,6,452.585403
-0.52,12,452.629826
1.75,12,452.711993
1.14,4,452.730933
1.66,10,452.777774
1.14,4,452.793321
1.53,10,452.835073
-0.45,12,452.891115
-0.7,9,452.938525
1.53,10,452.977908
-0.8,10,453.020156
1.14,4,453.038288
-0.61,8,453.07702
1.14,4,453.095596
-0.26,12,453.209278
1.53,10,453.257791
1.14,4,453.27495
-0.82,9,453.309907
1.14,4,453.329404
1.14,4,453.350682
-0.78,8,453.387682
-0.52,10,453.424165
1.14,4,453.438263
1.14,4,453.453772
-0.5,13,453.50375
-0.61,8,453.535462
1.14,4,453.551128
-0.39,12,453.592038
-0.68,10,453.635032
1.14,4,453.654816
1.14,4,453.831931
1.38,9,453.887165
-0.61,8,453.945943
1.14,4,453.962746
-0.54,12,454.007212
1.14,4,454.021721
-0.62,9,454.057976
1.14,4,454.071084
-0.71,9,454.105058
-0.46,11,454.152172
1.49,11,454.198834
-0.77,7,454.229836
-0.66,7,454.263183
1.14,4,454.2812
1.14,4,454.294952
1.14,4,454.312364
-0.36,11,454.362531
1.14,4,454.379422
1.14,4,454.395947
1.14,4,454.412674
1.14,4,454.427333
1.14,4,454.446351
-0.71,7,454.478018
1.58,9,454.51395
1.19,5,454.536692
1.14,4,454.552012
-0.76,6,454.576643
-0.67,8,454.611184
-0.76,6,454.637437
1.49,8,454.676364
-0.45,11,454.730392
-0.59,8,454.762314
-0.42,12,454.815458
1.14,4,454.828352
1.14,4,454.844932
1.14,4,455.956478
1.14,4,455.970691
1.14,4,455.986782
-0.64,7,456.007605
1.14,4,456.031392
-0.2,14,456.118341
-0.76,6,456.154368
1.14,4,456.176662
-0.44,10,456.21823
-0.66,7,456.246944
1.14,4,456.261467
-0.58,10,456.301582
1.14,4,456.316771
1.14,4,456.333529
1.14,4,456.346534
-0.46,11,456.381073
1.14,4,456.393767
-0.41,9,456.436378
-0.71,7,456.467934
-0.5,10,456.616464
1.14,4,456.646471
-0.72,8,456.677473
-0.77,7,456.702824
1.14,4,456.719082
-0.28,13,456.764077
1.14,4,456.775106
1.14,4,456.788489
1.14,4,456.806677
1.14,4,456.819528
-0.47,10,456.855215
-0.41,12,456.898616
1.14,4,456.916426
1.14,4,456.937734
-0.34,11,456.995269
1.14,4,457.009093
1.14,4,457.030588
1.14,4,457.054583
1.14,4,457.075937
-0.66,7,457.10512
1.14,4,457.117921
1.14,4,457.133286
1.14,4,457.15142
-0.82,6,457.178353
1.61,10,457.22416
-0.51,11,457.390598
1.14,4,457.402795
1.29,7,457.421788
-0.73,8,457.449805
-0.55,9,457.483863
-0.37,11,457.521738
1.14,4,457.539671
1.14,4,457.560431
1.14,4,457.585259
-0.55,9,457.634204
-0.64,10,457.687703
1.64,10,457.755144
-0.71,7,457.78333
-0.77,7,457.815778
1.48,9,457.881319
-0.58,11,457.933693
-0.69,10,457.967435
1.14,4,457.982726
-0.34,10,458.025522
-0.57,9,458.062226
1.59,10,458.112279
-0.33,15,458.185429
-0.63,10,458.337453
1.14,4,458.350701
-0.53,11,458.387476
-0.68,9,458.419594
-0.66,7,458.451271
-0.68,9,458.496949
-0.42,12,458.541717
1.14,4,458.555143
-0.39,10,458.625763
-0.49,11,458.793771
1.14,4,458.805537
-0.34,13,458.850743
1.7,12,458.910602
-0.71,7,458.943589
-0.54,10,458.98483
1.71,13,459.021493
-0.26,13,459.064834
1.14,4,459.078302
1.5,9,459.112088
1.14,4,459.127203
1.14,4,459.140575
1.59,9,459.1695
-0.25,14,459.241296
-0.56,8,459.314065
1.14,4,459.356855
-0.62,10,459.394738
-0.94,7,459.427669
-0.42,14,459.493392
1.14,4,459.506582
1.53,10,459.556075
-0.76,6,459.58204
-0.34,14,459.633842
1.14,4,459.64907
-0.82,6,459.678204
-0.49,11,459.756144
-0.37,11,459.80971
-0.43,12,459.863136
1.14,4,459.886953
1.14,4,459.909874
1.14,4,459.929684
-0.71,7,459.950658
1.14,4,459.967379
1.14,4,459.981538
1.81,12,460.023588
1.14,4,460.036073
1.14,4,460.052132
1.14,4,460.071348
1.14,4,460.086675
1.18,9,460.118999
1.14,4,460.247806
1.14,4,460.279963
-0.74,9,460.315147
-0.3,12,460.35726
-0.54,10,460.394572
1.44,8,460.428868
1.53,11,460.468248
-0.61,10,460.503817
1.14,4,460.517274
-0.74,10,460.561941
-0.77,7,460.712799
1.33,8,460.746964
-0.55,10,460.783946
1.19,5,460.802015
1.14,4,460.822787
1.14,4,460.838763
1.14,4,460.855587
1.14,4,460.867831
1.14,4,460.882985
-0.54,8,460.908767
-0.72,7,460.941124
-0.56,8,460.96885
1.14,4,460.981653
1.14,4,460.997312
-0.47,10,461.060416
-0.25,12,461.125978
1.14,4,461.147729
1.14,4,461.165838
-0.44,13,461.223093
-0.66,7,461.25045
1.14,4,461.264504
1.14,4,461.28027
1.65,11,461.31941
-0.43,12,461.364122
1.14,4,461.374629
1.6,11,461.413984
1.63,10,461.456532
1.39,8,461.498217
1.14,4,461.516368
1.14,4,461.535569
1.25,10,461.577145
-0.76,12,461.637961
1.55,10,461.678002
1.14,4,461.691652
1.14,4,461.703977
-0.28,12,461.855393
-0.67,8,461.90432
-0.55,13,461.96145
-0.62,9,462.005593
1.14,4,462.019078
-0.6,9,462.075434
1.14,4,462.094139
1.14,4,462.10801
-0.37,11,462.144282
1.19,5,462.162624
1.14,4,462.223499
-0.47,10,462.345049
1.14,4,462.35827
1.6,11,462.397861
-0.67,8,462.428054
-0.58,10,462.460945
1.66,10,462.499084
1.14,4,462.511021
-0.78,8,462.537006
-0.58,10,462.582092
1.14,4,462.595273
1.14,4,462.608937
1.61,11,462.641969
1.14,4,462.6567
-0.51,11,462.693719
1.14,4,462.782306
-0.71,7,462.874749
-0.65,8,462.900466
-0.39,11,462.944387
1.14,4,462.958535
1.14,4,462.976098
1.14,4,462.993428
1.14,4,463.008576
1.14,4,463.019993
-0.72,7,463.058016
1.14,4,463.076534
1.14,4,463.092879
-0.26,14,463.154714
-0.53,11,463.217352
1.14,4,463.338586
-0.56,8,463.383076
-0.51,9,463.417895
-0.52,10,463.455651
1.59,13,463.507408
-0.82,6,463.536843
1.14,4,463.551304
1.55,10,463.590265
-0.51,14,463.657434
1.14,4,463.672507
-0.53,11,463.811664
-0.17,14,463.878708
1.42,8,463.907718
-0.53,11,463.952676
-0.45,11,463.994351
-0.62,11,464.036327
-0.73,8,464.067751
-0.71,9,464.154285
1.42,10,464.31358
1.14,4,464.326242
-0.61,10,464.365787
-0.52,9,464.409891
1.44,9,464.445884
1.14,4,464.461041
1.14,4,464.476061
1.14,4,464.496732
1.14,4,464.512341
-0.52,10,464.567929
1.14,4,464.589213
1.14,4,464.658519
1.14,4,464.732552
-0.58,10,464.786283
-0.29,11,464.828555
-0.66,10,464.873436
1.14,4,464.892792
-0.78,10,464.928836
-0.77,7,464.993328
-0.36,14,465.132901
1.14,4,465.147805
-0.56,9,465.188073
1.58,11,465.228462
-0.68,10,465.279826
-0.46,12,465.331881
1.64,10,465.370548
1.14,4,465.384607
1.14,4,465.394447
1.48,10,465.427326
1.14,4,465.442674
-0.33,12,465.501009
-0.53,10,465.658497
-0.42,13,465.715153
1.61,10,465.757903
-0.84,10,465.795098
1.44,9,465.826366
1.81,12,465.867124
1.14,4,465.881915
1.14,4,465.894626
1.14,4,465.907532
-0.61,8,465.941995
1.85,13,466.002813
1.44,8,466.154196
-0.42,16,466.208312
-0.53,10,466.245341
1.61,10,466.281428
-0.19,13,466.323177
-0.76,6,466.34877
-0.55,10,466.393021
-0.57,10,466.433336
-0.41,11,466.473241
1.14,4,467.850468
1.14,4,467.862071
1.14,4,467.880023
-0.72,10,467.923001
1.14,4,467.933672
1.14,4,467.946461
-0.88,7,467.981262
1.33,8,468.015762
1.14,4,468.041992
1.66,10,468.114754
1.14,4,468.131787
1.14,4,468.14654
1.14,4,468.162601
1.14,4,468.282509
-0.69,10,468.330384
1.14,4,468.340773
-0.2,13,468.381523
1.54,17,468.443881
-0.57,11,468.482038
1.14,4,468.497706
1.14,4,468.510754
1.14,4,468.525042
1.14,4,468.541015
1.14,4,468.560012
1.14,4,468.577342
-0.75,8,468.612174
1.53,10,468.760482
1.44,9,468.804277
-0.84,8,468.841219
-0.35,12,468.885654
-0.17,12,468.93768
-0.76,6,468.966037
1.51,9,469.007385
-0.41,12,469.0549
-0.76,6,469.07907
1.14,4,469.207842
1.55,11,469.265782
-0.76,6,469.285158
1.14,4,469.29683
1.24,11,469.339819
-0.5,9,469.399431
-0.62,9,469.448264
-0.62,11,469.483699
1.58,11,469.518314
1.51,12,469.56164
-0.66,10,469.594037
-0.81,6,469.620653
1.65,11,469.68209
1.14,4,469.697383
-0.73,9,469.726128
-0.3,14,469.76986
1.71,10,469.823949
-0.78,8,469.851908
-0.73,9,469.879168
1.14,4,469.91033
1.14,4,469.942303
-0.8,7,469.972554
-0.67,8,470.000846
1.14,4,470.012951
1.14,4,470.024308
1.64,12,470.059646
-0.43,12,470.097163
1.14,4,470.109523
1.14,4,470.122081
1.14,4,470.135366
1.43,9,470.163265
1.42,10,470.192257
-0.48,15,470.238726
1.14,4,470.249852
-0.73,11,470.281235
-0.34,13,470.324272
1.14,4,470.33696
1.14,4,470.348515
1.14,4,470.360558
1.14,4,470.3746
-0.54,8,470.400385
-0.34,14,470.447341
-0.76,9,470.475542
1.14,4,470.488601
1.14,4,470.501635
-0.54,9,470.530909
1.14,4,470.542914
-0.73,11,470.576538
1.14,4,470.589329
-0.3,12,470.622103
-0.33,11,470.657513
1.14,4,470.672466
-0.92,5,470.691114
1.14,4,470.702277
-0.78,8,470.730507
-0.69,10,470.764053
-0.64,7,470.789457
-0.77,7,470.812071
1.14,4,470.825194
-0.56,8,470.853822
-0.59,9,470.886427
1.14,4,470.898447
1.5,10,470.937309
1.14,4,470.950902
1.14,4,470.962957
1.57,11,470.997148
-0.58,10,471.052498
1.14,4,471.07989
-0.66,7,471.134395
1.14,4,471.14985
1.73,13,471.188527
-0.27,12,471.228176
-0.68,9,471.258855
1.14,4,471.271682
-0.83,7,471.296473
-0.56,11,471.330277
1.14,4,471.34164
-0.77,7,471.364746
-0.51,8,471.393427
-0.6,9,471.424142
1.29,10,471.456733
-0.62,9,471.486082
-0.54,9,471.515204
1.14,4,471.527051
1.14,4,471.543069
1.14,4,471.55612
-0.53,14,471.596631
-0.4,13,471.638036
1.48,10,471.671239
-0.42,11,471.70458
1.14,4,471.719422
1.14,4,471.733957
-0.2,14,471.776802
1.14,4,471.789179
-0.81,5,471.805413
-0.7,11,471.838003
-0.73,9,471.873818
-0.51,11,471.908715
-0.81,5,471.933375
-0.66,7,471.983979
1.14,4,472.001868
1.14,4,472.014321
-0.82,6,472.039091
1.14,4,472.051616
-0.41,12,472.088813
-0.44,10,472.125407
1.14,4,472.137398
-0.65,8,472.162033
1.14,4,472.173846
1.14,4,472.186824
1.14,4,472.198845
1.14,4,472.210259
1.14,4,472.221034
1.4,10,472.25132
1.14,4,472.268873
1.67,11,472.302946
1.14,4,472.314547
1.14,4,472.326124
1.19,5,472.340749
1.14,4,472.352782
1.64,10,472.387042
-0.47,9,472.41823
-0.7,8,472.449649
-0.66,7,472.474099
-0.77,7,472.499066
-0.49,9,472.529992
-0.71,7,472.553467
1.14,4,472.565008
1.14,4,472.574329
-0.52,14,472.61921
-0.49,9,472.649777
1.14,4,472.663207
-0.37,12,472.704638
1.14,4,472.717467
-0.6,10,472.747958
-0.49,12,472.78605
-0.58,10,472.820532
1.14,4,472.83265
-0.77,7,472.856411
-0.44,12,472.898058
-0.67,8,472.932592
1.6,13,472.973301
1.19,5,472.991532
1.44,11,473.031509
1.42,9,473.072726
-0.51,9,473.105242
-0.61,8,473.132089
-0.52,9,473.162612
-0.74,7,473.186885
1.14,4,473.198099
1.47,11,473.230675
-0.82,7,473.254423
1.76,15,473.302711
1.14,4,473.314958
1.14,4,473.326496
1.14,4,473.338754
1.14,4,473.402297
1.14,4,473.472202
-0.82,6,473.492315
1.14,4,473.505184
1.14,4,473.517756
-0.61,11,473.553988
-0.66,7,473.603071
1.14,4,473.629448
1.14,4,473.650964
1.14,4,473.665223
1.14,4,473.677687
-0.61,8,473.706028
1.39,8,473.732331
1.14,4,473.745293
1.14,4,473.760848
-0.56,12,473.799494
-0.46,9,473.833679
-0.4,11,473.867409
1.14,4,473.879334
1.14,4,473.893761
-0.83,7,473.919808
1.14,4,473.932606
-0.42,10,473.965015
1.14,4,473.976859
1.14,4,473.989946
1.14,4,474.002037
-0.29,11,474.034233
1.14,4,474.048055
1.14,4,474.064709
1.14,4,474.075779
1.14,4,474.096984
-0.77,7,474.129815
-0.43,12,474.168193
-0.55,12,474.203753
1.42,11,474.237888
-0.7,8,474.281165
-0.61,8,474.322011
1.56,9,474.355649
1.14,4,474.370472
-0.76,6,474.392597
1.14,4,474.404052
-0.82,6,474.423721
1.14,4,474.43632
-0.46,12,474.471825
1.14,4,474.484991
1.75,12,474.522606
1.14,4,474.534425
-0.74,10,474.56816
1.32,9,474.601243
1.19,5,474.615568
-0.63,9,474.675786
1.46,8,474.73902
1.14,4,474.772319
1.14,4,474.808205
-0.56,9,474.852764
1.14,4,474.864945
1.61,10,474.895136
1.31,10,474.923272
1.14,4,474.935779
1.14,4,474.952287
1.58,10,474.987789
1.14,4,475.000446
1.5,10,475.031755
1.14,4,475.049203
1.47,11,475.088123
-0.31,11,475.129279
1.14,4,475.146508
1.14,4,475.158017
1.59,10,475.189587
-0.66,10,475.221533
1.14,4,475.234085
-0.71,10,475.264927
1.14,4,475.277292
-0.67,8,475.300992
-0.53,10,475.333993
-0.59,11,475.372199
1.14,4,475.385004
-0.54,8,475.410361
-0.57,12,475.449274
1.14,4,475.463068
1.44,8,475.487686
1.14,4,475.500459
-0.57,9,475.528722
1.14,4,475.540569
-0.49,13,475.580915
1.14,4,475.607105
-0.86,5,475.636667
1.52,11,475.677407
-0.31,13,475.714082
1.55,10,476.546403
1.14,4,476.559777
-0.78,8,476.588004
-0.71,7,476.61377
1.59,10,476.645516
1.58,10,476.68391
1.14,4,476.698218
1.14,4,476.710348
-0.44,9,476.739112
1.14,4,476.751272
-0.66,7,476.776535
1.14,4,476.789186
-0.37,12,476.833025
1.14,4,476.84535
1.14,4,476.857735
-0.43,13,476.898582
-0.66,7,476.922678
-0.81,5,476.939785
1.14,4,476.951784
1.78,11,476.984015
1.14,4,476.997232
1.14,4,477.00958
1.14,4,477.0223
1.14,4,477.034524
1.31,10,477.069169
-0.35,14,477.111954
1.14,4,477.123949
1.14,4,477.136165
-0.37,12,477.174636
1.14,4,477.186689
1.55,10,477.21958
-0.54,12,477.255969
1.51,9,477.282792
1.14,4,477.294998
1.47,11,477.328522
-0.51,8,477.355268
1.38,8,477.383298
1.14,4,477.395882
1.14,4,477.409012
-0.49,10,477.441234
1.14,4,477.452603
-0.62,9,477.480207
1.57,12,477.520625
-0.44,11,477.557743
1.14,4,477.582039
1.14,4,477.619692
-0.4,10,477.692545
1.14,4,477.704848
-0.63,10,477.739837
1.35,12,477.778833
-0.71,9,477.809483
1.14,4,477.82111
-0.62,11,477.852355
-0.76,6,477.8724
1.35,9,477.90127
-0.74,6,477.922551
-0.79,9,477.95303
1.14,4,477.96564
1.79,11,478.000064
1.14,4,478.012582
1.14,4,478.02793
1.43,9,478.056335
-0.59,8,478.087957
1.14,4,478.102568
-0.64,11,478.138645
-0.83,8,478.165607
-0.7,7,478.190538
1.14,4,478.20291
1.14,4,478.216944
-0.82,8,478.262873
1.14,4,478.280011
-0.35,16,478.331367
-0.59,9,478.365556
1.14,4,478.377875
1.14,4,478.38792
-0.78,8,478.419388
-0.67,9,478.449519
1.53,11,478.481543
-0.61,11,478.51544
1.14,4,478.527484
-0.41,14,478.571719
-0.62,9,478.598537
1.14,4,478.611185
-0.62,9,478.640058
-0.67,12,478.686348
1.14,4,478.698504
-0.63,10,478.733534
1.14,4,478.745922
1.14,4,478.758087
1.14,4,478.769801
1.14,4,478.781909
-0.68,9,478.814272
-0.59,11,478.851974
1.14,4,478.863735
1.14,4,478.875506
-0.69,7,478.900347
-0.17,12,478.939447
1.14,4,478.951323
1.14,4,478.964292
1.61,10,478.995801
1.14,4,479.007237
1.14,4,479.019139
-0.54,11,479.060829
-0.77,7,479.083428
1.14,4,479.095679
1.14,4,479.107053
1.14,4,479.117429
-0.66,13,479.156704
-0.53,9,479.186599
1.14,4,479.198555
-0.69,10,479.232779
1.35,12,479.271636
-0.83,7,479.292205
1.14,4,479.303582
-0.55,10,479.339926
1.14,4,479.354757
-0.42,11,479.395448
-0.49,10,479.426841
-0.52,10,479.457683
-0.71,9,479.484152
1.52,10,479.515712
1.14,4,479.528696
1.14,4,479.540851
-0.57,10,479.572865
-0.81,6,479.594356
1.14,4,479.606417
-0.49,9,479.637457
1.55,10,479.672661
1.14,4,479.684946
1.19,5,479.700256
-0.76,6,479.72027
1.14,4,479.732718
1.14,4,479.744514
1.14,4,479.756011
1.14,4,479.767575
-0.59,9,479.800271
1.14,4,479.81257
1.14,4,479.823929
1.47,11,479.856945
1.14,4,479.872522
-0.61,8,479.899402
-0.52,10,479.931882
1.14,4,479.945935
1.14,4,479.9576
1.19,5,479.97322
1.14,4,479.985221
1.14,4,479.999957
1.54,11,480.035553
1.6,12,480.075572
1.24,6,480.093642
1.14,4,480.105221
1.14,4,480.117137
-0.32,12,480.153854
-0.56,8,480.179892
-0.59,8,480.207331
1.64,10,480.23859
1.14,4,480.253882
-0.66,9,480.284602
-0.59,11,480.317477
1.14,4,480.330275
1.52,10,480.361847
1.14,4,480.373812
1.52,11,480.404284
1.57,11,480.443872
-0.68,9,480.476292
1.14,4,480.490869
1.44,8,480.515636
1.14,4,480.527819
1.29,7,480.549518
-0.42,13,480.594423
-0.6,9,480.623956
1.14,4,480.636536
-0.53,11,480.680084
1.14,4,480.693357
1.55,10,480.727851
1.53,10,480.760169
1.14,4,480.771898
-1.0,7,480.793428
-0.5,10,480.821225
-0.76,6,480.843902
-0.51,12,480.882209
-0.51,10,480.916686
1.14,4,480.941172
-0.29,11,481.023435
1.19,5,481.061034
1.14,4,481.090872
1.14,4,481.11649
1.14,4,481.153373
-0.8,9,481.200479
-0.56,10,481.232908
1.14,4,481.244984
1.14,4,481.258089
1.14,4,481.269891
-0.72,8,481.294701
-0.76,6,481.31367
1.14,4,481.32612
1.14,4,481.337878
-0.54,11,481.371704
1.14,4,481.38528
-0.25,12,481.426075
-0.71,7,481.462068
1.14,4,481.482249
-0.56,8,481.511628
-0.22,12,481.5488
-0.66,7,481.574118
1.14,4,481.585614
1.14,4,481.598263
1.14,4,481.609923
1.6,11,481.643258
-0.71,6,481.676659
1.14,4,481.696525
1.53,11,481.733227
-0.66,7,481.758369
1.54,11,481.79177
1.14,4,481.807077
-0.72,8,481.832648
1.38,9,481.863221
1.53,10,481.892405
1.14,4,481.903502
1.14,4,481.917397
1.14,4,481.933861
-0.67,8,481.962609
1.61,10,481.992691
1.14,4,482.004751
1.14,4,482.025517
1.14,4,482.04248
1.14,4,482.054946
1.14,4,482.071297
-0.66,7,482.101722
-0.3,11,482.146724
1.59,10,482.17746
-0.81,5,482.194716
1.56,9,482.223823
-0.76,6,482.246348
1.14,4,482.258368
1.14,4,482.269601
1.14,4,482.282221
1.35,9,482.310585
1.14,4,482.325349
-0.61,14,482.391017
1.14,4,482.405882
1.14,4,482.418781
-0.59,11,482.458314
-0.42,10,482.49394
-0.67,11,482.527863
1.6,11,482.563146
1.14,4,482.574005
1.51,9,482.603093
1.14,4,482.617231
-0.5,10,482.650862
1.41,11,482.684948
-0.42,12,482.726088
-0.65,8,482.752075
1.14,4,482.764777
1.14,4,482.777077
1.67,11,482.809416
-0.82,6,482.829519
1.42,10,482.862894
1.14,4,482.876929
1.14,4,482.889009
1.14,4,482.900835
1.14,4,482.912273
-0.64,11,482.946229
-0.59,10,482.980173
1.14,4,482.992204
1.19,5,483.008125
1.14,4,483.02089
-0.65,9,483.050155
-0.35,12,483.092547
-0.44,13,483.167479
-0.71,9,483.218526
1.75,12,483.25972
-0.68,11,483.295228
-0.88,6,483.318182
1.14,4,483.331495
1.14,4,483.344869
1.14,4,483.358883
-0.68,8,483.384519
1.14,4,483.399786
1.14,4,483.413032
1.63,10,483.45749
1.14,4,483.471063
1.14,4,483.482661
1.14,4,483.49613
1.14,4,483.508176
1.14,4,483.519744
1.14,4,483.532908
1.14,4,483.545368
-0.6,9,483.574534
-0.6,9,483.601242
-0.61,8,483.626751
1.14,4,484.54588
-0.37,11,484.591153
1.14,4,484.610529
-0.7,11,484.664152
-0.46,11,484.708347
1.14,4,484.720883
-0.62,9,484.751923
1.14,4,484.764016
1.43,9,484.792035
1.14,4,484.803452
1.14,4,484.815279
1.14,4,484.827858
-0.52,9,484.858242
-0.53,10,484.889074
1.44,10,484.919931
-0.65,9,484.948233
1.14,4,484.960533
1.14,4,484.976086
1.44,11,485.008758
-0.69,13,485.048311
-0.62,11,485.08441
-0.32,15,485.131617
-0.77,7,485.1594
1.14,4,485.17258
-0.49,9,485.200635
-0.56,11,485.236855
1.14,4,485.248601
1.14,4,485.263589
1.14,4,485.285964
-0.61,10,485.353488
1.14,4,485.365941
1.59,10,485.404634
-0.58,9,485.439803
-0.67,8,485.469144
1.6,11,485.509687
1.14,4,485.520517
1.14,4,485.53237
1.42,10,485.568362
1.14,4,485.580088
1.14,4,485.592441
-0.81,5,485.609671
1.14,4,485.621871
-0.67,8,485.647465
-0.47,13,485.691933
1.14,4,485.704015
1.14,4,485.715907
1.14,4,485.728425
1.14,4,485.740245
1.14,4,485.755535
-0.87,5,485.77274
1.14,4,485.783554
1.55,10,485.813592
1.43,9,485.842942
1.7,10,485.873982
-0.23,13,485.9151
-0.64,7,485.937452
-0.63,10,485.966676
-0.54,10,486.000252
1.14,4,486.011475
-0.64,11,486.048529
1.51,13,486.092243
1.55,10,486.139394
1.14,4,486.163843
-0.91,4,486.184947
1.14,4,486.201961
-0.77,7,486.229039
1.14,4,486.24143
-0.42,11,486.277886
-0.28,16,486.326782
-0.39,11,486.360933
1.14,4,486.375878
1.14,4,486.391507
1.14,4,486.404675
1.14,4,486.416867
-0.77,7,486.440558
-0.76,6,486.45976
-0.58,10,486.492151
1.14,4,486.504832
1.14,4,486.517701
-0.79,9,486.547225
-0.27,12,486.583441
1.14,4,486.596768
1.14,4,486.611435
-0.51,9,486.682655
-0.43,11,486.723768
1.14,4,486.738642
1.36,11,486.77674
-0.36,13,486.882887
-0.59,8,486.921668
1.14,4,486.934766
-0.3,13,486.975017
-0.68,9,487.00411
1.14,4,487.015838
1.14,4,487.027712
1.14,4,487.039552
-0.46,12,487.077072
1.14,4,487.089475
-0.77,12,487.125778
1.14,4,487.138107
-0.52,12,487.180566
1.14,4,487.192593
1.14,4,487.204165
1.14,4,487.215756
1.14,4,487.229677
-0.67,8,487.25664
1.14,4,487.270274
1.14,4,487.282401
1.14,4,487.29487
1.14,4,487.306296
1.14,4,487.319017
-0.34,11,487.354347
-0.76,6,487.375342
-0.88,7,487.397741
-0.62,9,487.424701
1.14,4,487.437037
-0.66,7,487.464004
-0.59,8,487.494848
1.14,4,487.50909
1.14,4,487.520859
-0.7,9,487.554677
1.14,4,487.566635
1.14,4,487.582529
-0.67,8,487.609199
1.14,4,487.62521
-0.54,9,487.655576
1.55,10,487.692668
-0.62,9,487.723958
1.14,4,487.739614
-0.73,9,487.769264
-0.76,6,487.789109
1.14,4,487.801691
-0.57,12,487.836925
1.14,4,487.848589
1.14,4,487.860769
-0.55,13,487.905316
1.44,8,487.930663
-0.62,8,487.958264
-0.5,13,487.995821
1.14,4,488.007555
1.14,4,488.019803
-0.74,10,488.047068
1.53,10,488.07663
-0.56,11,488.112526
1.61,10,488.166075
1.14,4,488.198973
1.47,11,488.271183
-0.76,6,488.290721
1.53,10,488.327742
1.7,12,488.366609
1.58,11,488.400204
1.14,4,488.412296
1.19,5,488.428504
-0.42,11,488.462289
1.14,4,488.475884
1.47,11,488.510816
1.14,4,488.522073
1.14,4,488.532889
-0.83,7,488.556832
1.59,12,488.592451
1.14,4,488.604666
1.54,11,488.635374
-0.72,10,488.66396
1.65,11,488.702474
-0.38,11,488.756206
1.14,4,488.775451
1.14,4,488.789162
-0.46,9,488.818761
1.14,4,488.831826
-0.77,7,488.855617
1.14,4,488.868618
-0.76,6,488.887645
-0.74,10,488.928311
1.14,4,488.960955
-0.82,7,488.993138
-0.47,13,489.035854
-0.71,7,489.058607
1.14,4,489.071045
1.14,4,489.082477
1.46,8,489.107437
-0.4,11,489.145198
1.14,4,489.157426
1.14,4,489.170123
-0.55,10,489.203394
-0.56,8,489.230035
1.14,4,489.241498
1.61,10,489.27241
1.14,4,489.284415
1.14,4,489.29601
1.14,4,489.309661
1.14,4,489.32194
1.27,9,489.349576
-0.76,6,489.369941
1.47,11,489.402897
1.14,4,489.417483
-0.63,13,489.495562
-0.81,5,489.538388
1.64,10,489.628459
1.14,4,489.651263
1.42,16,489.70018
1.14,4,489.712621
1.14,4,489.727029
1.14,4,489.750534
-0.16,15,489.859667
-0.58,11,489.9197
1.46,9,489.947565
1.54,11,489.979144
-0.81,5,489.995831
1.14,4,490.007685
-0.57,9,490.037267
-0.65,9,490.066235
-0.66,7,490.090653
-0.85,9,490.124725
1.14,4,490.137467
1.14,4,490.15066
-0.81,11,490.18257
-0.65,8,490.208611
1.14,4,490.22114
-0.49,10,490.254827
1.66,10,490.287179
1.14,4,490.299358
1.14,4,490.311165
1.14,4,490.322258
1.6,11,490.357833
1.42,10,490.387443
1.5,11,490.420849
-0.57,9,490.450381
1.14,4,490.461794
1.14,4,490.473246
1.73,11,490.508646
1.14,4,490.520196
1.14,4,490.533259
1.14,4,490.544443
-0.77,7,490.567074
-0.81,6,490.586709
-0.62,9,490.613611
-0.32,11,490.658533
-0.78,8,490.68188
1.14,4,490.694199
-0.69,8,490.718791
1.14,4,490.730853
-0.5,11,490.76363
1.14,4,490.776733
-0.65,8,490.805225
1.14,4,490.817471
1.63,10,490.848122
1.14,4,490.860052
-0.27,11,490.895897
-0.67,8,490.923072
-0.42,11,490.95888
1.14,4,490.975198
-0.48,10,491.008334
-0.56,10,491.039722
-0.76,6,491.06531
1.47,11,491.100246
1.43,9,491.130021
1.14,4,491.142726
1.14,4,491.154747
1.14,4,491.166482
1.14,4,491.177651
1.48,10,491.210872
-0.6,9,491.239665
-0.76,6,491.259704
1.14,4,491.272755
1.14,4,491.285328
-0.45,11,491.320077
-0.3,12,491.3579
1.14,4,491.369705
-0.66,10,491.400888
-0.4,11,491.43647
1.58,11,491.469126
1.14,4,491.48059
1.14,4,491.492782
-0.82,6,491.513816
-0.77,11,491.5475
-0.54,13,491.585784
1.14,4,491.597765
-0.86,5,491.611039
1.14,4,491.62146
1.14,4,491.633206
1.14,4,491.64763
1.14,4,491.659538
-0.66,9,491.687573
1.59,10,491.722539
-0.57,9,491.752767
-0.76,6,492.635872
-0.74,7,492.6603
1.75,12,492.700485
1.14,4,492.714994
1.14,4,492.731348
1.14,4,492.743296
1.35,8,492.769871
1.14,4,492.782525
-0.39,11,492.822721
1.14,4,492.836383
-0.43,11,492.870596
1.55,10,492.902297
1.55,10,492.932846
-0.44,12,492.974866
1.14,4,492.987699
1.14,4,493.000571
-0.77,7,493.025016
1.14,4,493.040338
1.45,10,493.073573
1.14,4,493.087033
-0.42,13,493.12528
1.14,4,493.136906
-0.6,9,493.167714
1.07,6,493.186991
-0.85,9,493.213886
1.14,4,493.22724
-0.44,9,493.261889
-0.42,10,493.29318
-0.74,10,493.354048
-0.55,10,493.419165
1.14,4,493.439726
1.52,9,493.526067
-0.78,8,493.599986
1.14,4,493.610668
-0.79,9,493.637602
1.39,8,493.661806
-0.71,9,493.692077
-0.6,9,493.725268
1.55,10,493.759862
-0.64,7,493.783891
1.14,4,493.796758
-0.61,8,493.823869
-0.77,7,493.848894
1.14,4,493.859214
1.14,4,493.871229
1.53,11,493.90623
1.14,4,493.919795
1.14,4,493.931458
1.14,4,493.943451
-0.28,12,493.982282
-0.67,8,494.005411
1.14,4,494.022178
1.28,7,494.045381
-0.71,7,494.071151
1.14,4,494.082877
-0.66,7,494.106524
1.14,4,494.118984
1.14,4,494.132396
1.14,4,494.144622
1.56,9,494.171992
1.14,4,494.184597
1.14,4,494.197227
-0.68,10,494.224716
-0.68,9,494.253133
-0.6,10,494.285297
-0.61,10,494.316748
1.14,4,494.328018
1.14,4,494.340127
1.14,4,494.35255
1.14,4,494.364196
1.14,4,494.375848
1.55,10,494.40694
1.14,4,494.417895
1.52,11,494.45112
1.47,11,494.487374
1.14,4,494.499626
-0.25,12,494.535619
1.7,12,494.572298
-0.71,7,494.597583
1.14,4,494.609407
1.14,4,494.621291
1.14,4,494.635651
-0.86,5,494.655025
1.38,9,494.687822
1.14,4,494.700859
1.14,4,494.712183
1.14,4,494.723752
1.18,6,494.741735
1.14,4,494.754894
1.14,4,494.771978
1.14,4,494.794201
1.19,5,494.812444
-0.84,8,494.835267
-0.57,12,494.868675
1.14,4,494.881073
1.14,4,494.892964
1.14,4,494.906004
-0.76,6,494.927317
-0.87,6,494.947505
1.58,11,494.98071
1.14,4,494.994032
-0.5,10,495.027685
1.14,4,495.042737
1.14,4,495.055407
1.14,4,495.066584
-0.53,10,495.099472
1.14,4,495.112631
-0.49,14,495.156243
1.14,4,495.166441
1.14,4,495.178142
-0.78,8,495.203778
-0.76,6,495.223312
-0.68,9,495.250983
-0.73,11,495.284351
1.14,4,495.296009
-0.34,13,495.343721
1.14,4,495.358795
-0.78,8,495.390284
-0.63,10,495.422452
1.52,11,495.454976
-0.71,9,495.490516
-0.46,13,495.5345
1.61,10,495.564072
1.14,4,495.575164
1.47,11,495.609402
1.14,4,495.623331
1.14,4,495.637938
1.53,10,495.669062
-0.63,9,495.699887
1.14,4,495.713076
-0.49,10,495.742917
1.59,12,495.788943
1.14,4,495.816461
-0.83,8,495.88763
-0.76,6,495.913934
-0.79,9,495.943038
1.14,4,495.955992
1.41,12,496.005849
1.14,4,496.019019
1.14,4,496.034625
1.46,8,496.061924
-0.52,13,496.100154
1.3,11,496.131891
1.14,4,496.14757
-0.75,11,496.179654
-0.78,8,496.205244
1.14,4,496.220016
1.55,10,496.255101
1.14,4,496.267763
1.14,4,496.282052
-0.46,9,496.319775
-0.52,15,496.412793
1.14,4,496.42455
-0.53,11,496.480046
1.14,4,496.510758
-0.78,8,496.549525
1.14,4,496.56201
1.19,5,496.581433
-0.66,7,496.63784
-0.6,9,496.720967
1.14,4,496.744623
1.14,4,496.767322
-0.66,7,496.791723
1.14,4,496.804719
-0.51,11,496.844402
1.63,11,496.878953
1.43,9,496.906444
-0.68,10,496.947094
-0.55,9,496.977267
-0.42,14,497.029787
-0.7,9,497.061466
1.14,4,497.072922
1.14,4,497.08597
1.14,4,497.098549
1.14,4,497.110637
-0.45,10,497.146193
1.14,4,497.163655
1.14,4,497.209398
-0.76,6,497.241225
1.14,4,497.253167
1.14,4,497.272782
-0.64,11,497.347748
1.5,11,497.38568
1.14,4,497.400845
1.14,4,497.416581
1.14,4,497.427671
1.14,4,497.43982
1.44,12,497.480281
1.14,4,497.491801
-0.66,7,497.513781
1.37,10,497.546099
-0.02,13,497.592404
1.14,4,497.604209
1.14,4,497.617856
-0.55,10,497.662834
1.61,10,497.696671
-0.43,10,497.734085
1.14,4,497.749761
1.14,4,497.762956
-0.89,8,497.792241
-0.71,9,497.83
1.14,4,497.854313
1.14,4,497.871418
1.14,4,497.884355
1.14,4,497.897411
1.42,11,497.931921
-0.35,11,497.966013
-0.76,6,497.984808
-0.29,12,498.023106
1.46,10,498.055178
-0.69,10,498.089749
1.14,4,498.101778
1.14,4,498.114241
1.14,4,498.126782
-0.5,10,498.159862
1.14,4,498.171436
1.59,10,498.209222
1.14,4,498.220544
1.14,4,498.233665
1.32,9,498.263446
1.14,4,498.277239
1.14,4,498.289583
1.68,10,498.320379
1.6,11,498.358171
-0.82,6,498.378041
1.14,4,498.391038
-0.59,8,498.417768
-0.77,7,498.441803
1.14,4,498.453915
-0.56,11,498.489154
1.55,11,498.522633
-0.5,10,498.551209
-0.81,5,498.566778
1.14,4,498.581367
-0.54,9,498.611732
1.44,8,498.637344
-0.53,10,498.674412
1.14,4,498.68778
-0.71,7,498.714032
-0.78,8,498.738055
-0.61,8,498.765738
1.14,4,498.778638
-0.41,10,498.809648
-0.41,12,498.847846
-0.45,11,498.883533
1.14,4,498.89641
1.14,4,498.907206
1.14,4,498.918857
-0.49,12,498.95744
1.65,11,498.992892
-0.65,13,499.04392
1.14,4,499.059499
1.14,4,499.072211
1.14,4,499.085908
1.14,4,499.098894
1.14,4,499.110879
1.14,4,499.124106
1.14,4,499.137674
1.14,4,499.15574
1.53,10,499.185678
-0.71,7,499.213228
-0.62,9,499.244594
1.14,4,499.257262
1.14,4,499.269637
1.14,4,499.284196
-0.61,10,499.315392
1.14,4,499.327871
1.14,4,499.338842
1.14,4,499.350453
-0.74,7,499.374792
-0.73,8,499.39948
1.14,4,499.412192
-0.65,8,499.439558
1.78,12,499.478491
1.14,4,499.490767
1.14,4,499.502172
1.14,4,499.514177
1.61,13,499.554348
-0.75,11,499.587967
1.14,4,499.600075
-0.48,11,499.636417
-0.32,11,499.693343
-0.59,8,499.74586
-0.46,10,499.786868
1.42,10,499.816095
1.64,10,499.848155
1.55,10,499.879293
-0.51,9,499.907204
1.47,11,499.941837
-0.62,9,500.953337
-0.56,8,500.979894
1.14,4,500.991824
-0.57,10,501.028321
-0.71,7,501.050507
1.42,10,501.092714
1.55,10,501.124586
-0.66,7,501.146068
1.47,10,501.177596
1.14,4,501.190465
1.5,10,501.221462
-0.46,12,501.257927
-0.59,11,501.300173
1.14,4,501.31643
1.19,5,501.333397
1.14,4,501.346678
1.14,4,501.359988
-0.36,13,501.433948
-0.25,11,501.468182
1.14,4,501.479349
1.14,4,501.491116
1.14,4,501.502986
-0.77,7,501.522105
1.14,4,501.533293
1.14,4,501.545026
1.14,4,501.555907
1.14,4,501.567172
1.14,4,501.579371
-0.63,12,501.645685
1.14,4,501.661016
1.14,4,501.681817
1.47,11,501.711425
1.14,4,501.721968
-0.57,10,501.755401
-0.81,5,501.771941
1.14,4,501.784934
1.14,4,501.79738
-0.57,10,501.834001
-0.38,12,501.871999
-0.22,15,501.922643
-0.29,12,501.960084
1.14,4,501.971416
1.14,4,501.985161
-0.53,11,502.020806
-0.63,12,502.061713
1.14,4,502.0734
1.14,4,502.085825
1.47,11,502.118528
1.14,4,502.131415
-0.79,9,502.158486
1.14,4,502.172313
-0.49,11,502.208715
1.47,11,502.244342
-0.31,13,502.284076
1.14,4,502.295111
1.44,8,502.318976
1.46,9,502.347194
-0.72,7,502.372073
-0.61,8,502.398145
1.14,4,502.411351
-0.72,8,502.436453
-0.56,8,502.4638
1.14,4,502.477794
-0.61,11,502.515008
-0.7,12,502.549728
-0.75,11,502.583767
1.14,4,502.595874
1.14,4,502.608773
1.14,4,502.620608
1.14,4,502.632999
1.14,4,502.645163
1.14,4,502.656321
-0.65,9,502.700334
1.37,10,502.737485
1.53,11,502.774534
1.14,4,502.786185
1.14,4,502.79744
1.14,4,502.808501
-0.72,10,502.841395
1.14,4,502.854061
1.14,4,502.867201
-0.66,7,502.891226
1.14,4,502.903972
-0.72,7,502.926828
1.14,4,502.938681
-0.77,7,502.961927
-0.35,12,503.004907
-0.62,9,503.033778
1.14,4,503.046076
-0.82,6,503.065266
-0.34,14,503.110945
1.52,11,503.1456
1.14,4,503.158357
1.54,13,503.23678
-0.82,9,503.317133
1.37,10,503.394697
1.61,10,503.44559
-0.38,11,503.480091
-0.74,10,503.507015
1.14,4,503.518845
-0.81,5,503.534381
1.14,4,503.54668
-0.66,7,503.574193
1.14,4,503.586392
1.59,12,503.627364
1.68,12,503.66576
-0.5,10,503.698158
-0.55,11,503.733553
1.14,4,503.745551
1.14,4,503.758133
-0.56,12,503.798614
1.14,4,503.809779
-0.55,10,503.864465
1.14,4,503.882744
1.14,4,503.896741
1.14,4,503.912142
1.14,4,503.927677
1.14,4,503.940249
1.14,4,503.952895
1.47,11,503.986399
-0.63,11,504.021414
-0.42,9,504.051119
1.46,8,504.076592
1.34,13,504.114038
1.14,4,504.12965
1.14,4,504.142219
-0.82,6,504.16294
1.14,4,504.175663
1.14,4,504.187417
-0.47,13,504.229018
1.14,4,504.242018
1.61,10,504.297375
1.14,4,504.323206
1.28,8,504.358886
1.14,4,504.373988
1.14,4,504.387243
-0.35,12,504.426629
1.14,4,504.440539
-0.76,6,504.459943
1.14,4,504.472005
1.28,8,504.495522
-0.56,8,504.523588
1.14,4,504.537716
1.14,4,504.549805
-0.42,13,504.590714
1.47,11,504.622874
-0.38,13,504.661168
1.14,4,504.673266
-0.55,13,504.711189
1.14,4,504.723928
-0.42,11,504.758505
-0.59,8,504.797043
-0.58,10,504.860189
-0.14,17,504.933059
-0.35,11,504.967849
-0.63,10,505.001705
1.14,4,505.015645
1.41,9,505.057253
-0.36,11,505.099617
-0.67,8,505.12587
1.14,4,505.137903
1.14,4,505.149379
1.14,4,505.162553
1.61,10,505.192566
-0.71,7,505.215261
-0.57,9,505.249991
1.14,4,505.26257
-0.83,8,505.29077
1.14,4,505.31163
1.14,4,505.357905
1.14,4,505.371096
1.14,4,505.385482
1.14,4,505.396818
1.19,5,505.411355
-0.5,10,505.445122
-0.77,9,505.471591
1.14,4,505.483549
-0.31,11,505.519224
1.14,4,505.529681
-0.42,10,505.562852
-0.53,13,505.606752
1.14,4,505.621821
1.14,4,505.635895
1.14,4,505.647405
-0.78,8,505.670995
-0.75,7,505.693018
-0.46,11,505.726874
-0.66,7,505.750375
1.14,4,505.761731
1.64,10,505.793219
1.52,11,505.862417
-0.56,8,505.892909
1.42,10,505.926089
1.14,4,505.938536
1.61,10,505.970016
1.14,4,505.983024
1.14,4,505.995068
1.14,4,506.007236
1.27,10,506.040528
1.14,4,506.056982
-0.72,7,506.084526
1.14,4,506.097216
-0.76,6,506.118279
-0.67,8,506.145809
-0.67,8,506.170346
-0.83,7,506.193707
-0.58,11,506.226736
1.47,11,506.279223
-0.28,12,506.32289
-0.76,6,506.342188
1.47,11,506.380378
-0.79,9,506.410799
1.14,4,506.425474
-0.4,11,506.461826
-0.62,9,506.491858
-0.52,15,506.538561
1.14,4,506.551185
-0.4,12,506.592279
-1.01,8,506.617486
1.59,10,506.650749
1.14,4,506.663518
-0.67,8,506.688
1.58,10,506.718855
-0.52,10,506.751863
1.38,9,506.780024
1.14,4,506.791828
1.14,4,506.804699
-0.51,8,506.831184
1.58,11,506.868462
-0.38,11,506.927431
1.64,10,506.95854
-0.41,10,506.991654
1.14,4,507.003921
-0.4,11,507.038957
-0.68,10,507.068693
-0.76,6,507.089925
1.14,4,507.103084
1.64,10,507.133615
-0.41,12,507.171306
1.5,11,507.210081
-0.51,11,507.248526
1.14,4,507.259804
1.14,4,507.272358
1.19,5,507.2883
1.33,8,507.313004
1.14,4,507.325938
-0.41,12,507.361102
1.14,4,507.373367
1.14,4,507.386031
1.43,9,507.415462
1.14,4,507.429027
-0.58,12,507.467835
1.32,9,507.495563
-0.67,8,507.524271
1.14,4,507.538272
1.14,4,507.550382
1.14,4,507.5606
1.14,4,507.572123
1.14,4,507.58441
-0.64,7,507.603536
1.48,11,507.638078
1.63,10,507.669015
-0.77,7,507.692024
-0.57,10,507.724399
1.48,10,507.757055
-0.77,7,507.782094
1.14,4,507.793609
1.14,4,507.808758
1.14,4,507.821925
-0.66,7,507.845852
1.61,10,507.886532
1.64,10,507.919844
1.55,10,507.954737
1.14,4,507.966983
-0.71,9,507.996436
1.14,4,508.0075
1.14,4,508.019869
1.55,10,508.050308
-0.72,7,508.869141
-0.83,8,508.897111
1.14,4,508.907932
1.14,4,508.918866
1.14,4,508.929718
-0.72,7,508.97661
-0.4,11,509.026323
-0.76,6,509.046124
1.67,11,509.08505
1.14,4,509.09708
-0.79,9,509.125053
-0.57,13,509.164132
1.14,4,509.177512
-0.63,10,509.208915
1.14,4,509.223642
1.14,4,509.23528
-0.53,12,509.274627
1.14,4,509.286658
1.14,4,509.303533
-0.69,10,509.331504
-0.41,13,509.372094
1.14,4,509.386091
-0.51,9,509.41636
-0.45,11,509.449237
1.71,12,509.48845
-0.72,8,509.519289
1.14,4,509.531584
1.14,4,509.547523
1.14,4,509.558837
-0.74,6,509.577459
-0.92,5,509.59284
-0.8,10,509.623625
1.59,10,509.694685
1.45,10,509.736507
1.14,4,509.751634
1.14,4,509.765145
1.14,4,509.77762
1.14,4,509.790422
-0.54,8,509.816556
1.14,4,509.828455
-0.76,8,509.851332
-0.4,12,509.893667
-0.71,7,509.918571
1.14,4,509.93131
1.14,4,509.945019
1.59,10,509.974486
1.14,4,509.988283
1.14,4,510.002123
1.54,10,510.040684
1.14,4,510.056632
1.14,4,510.071459
1.14,4,510.084502
-0.56,14,510.137062
1.14,4,510.148849
-0.69,10,510.183818
1.14,4,510.197575
-0.67,8,510.226191
1.14,4,510.237811
1.14,4,510.249599
1.14,4,510.261324
1.57,11,510.300482
-0.63,12,510.338847
-0.45,10,510.372438
-0.59,8,510.399122
-0.52,10,510.433503
1.14,4,510.446175
1.14,4,510.457846
1.14,4,510.471892
1.61,10,510.502798
1.14,4,510.515507
-0.66,7,510.539185
1.47,11,510.574351
1.14,4,510.586883
1.42,10,510.620861
1.14,4,510.634176
-0.72,7,510.657809
-0.77,7,510.683384
1.14,4,510.695453
1.14,4,510.709436
-0.37,11,510.750564
1.53,11,510.78687
1.64,10,510.819496
1.14,4,510.833649
-0.76,6,510.855094
-0.74,9,510.885207
-0.42,11,510.917838
1.14,4,510.929341
1.57,12,510.965858
1.52,10,510.997498
-0.56,13,511.040273
1.68,10,511.070689
-0.53,12,511.10903
1.14,4,511.12151
-0.59,10,511.156306
1.14,4,511.170763
1.14,4,511.183863
1.14,4,511.196444
1.47,11,511.240147
1.47,11,511.282767
-0.71,7,511.307653
1.14,4,511.320278
-0.72,7,511.34446
1.14,4,511.356651
1.14,4,511.369083
-0.67,9,511.396013
1.66,10,511.425924
1.14,4,511.438295
-0.68,9,511.464124
-0.41,13,511.504079
1.53,10,511.534774
-0.62,9,511.564832
-0.27,13,511.610882
-0.47,14,511.652524
-0.66,9,511.678284
-0.53,14,511.723232
1.46,12,511.807624
-0.76,9,511.878726
1.14,4,511.906495
-0.61,8,511.961087
1.57,12,511.996731
1.14,4,512.022897
1.14,4,512.04812
-0.16,17,512.109343
-0.76,6,512.130003
1.14,4,512.141977
1.64,10,512.173002
1.58,10,512.203757
1.14,4,512.215484
-0.73,8,512.240804
1.14,4,512.256126
1.14,4,512.276648
-0.72,8,512.335736
-0.66,9,512.368941
1.14,4,512.380564
1.33,9,512.407807
-0.39,12,512.456173
1.14,4,512.468963
-0.78,8,512.492195
-0.75,8,512.521843
1.14,4,512.535313
-0.65,10,512.569011
-0.45,12,512.608488
-0.57,10,512.641092
1.58,11,512.675412
-0.5,11,512.714123
1.14,4,512.726143
1.14,4,512.740314
1.14,4,512.751925
1.19,5,512.768704
1.14,4,512.78048
1.14,4,512.792285
1.14,4,512.804523
-0.56,8,512.831884
-0.78,8,512.860273
1.56,12,512.895746
-0.56,11,512.927612
1.14,4,512.939519
-0.44,10,512.971399
1.7,10,513.001049
1.14,4,513.013356
-0.55,13,513.054276
1.14,4,513.066852
-0.51,15,513.109642
-0.69,10,513.144165
1.14,4,513.156188
1.14,4,513.16865
1.14,4,513.1816
1.14,4,513.193053
1.61,10,513.22453
1.14,4,513.238766
-0.83,7,513.272379
-0.56,8,513.344519
1.52,11,513.376684
-0.57,9,513.404479
1.14,4,513.416842
1.14,4,513.429926
1.58,10,513.461007
-0.26,14,513.506066
1.14,4,513.518383
-0.74,10,513.548346
1.14,4,513.562737
-0.66,7,513.586191
-0.84,8,513.61569
1.47,10,513.646062
-0.53,13,513.685312
1.14,4,513.698522
-0.66,7,513.721182
-0.76,6,513.743347
-0.63,10,513.77508
1.14,4,513.788838
1.53,10,513.83274
-0.52,11,513.87726
1.14,4,513.890908
1.14,4,513.913828
1.55,10,513.975506
1.14,4,513.987876
-0.78,8,514.013399
-0.61,10,514.043654
1.14,4,514.058935
-0.49,9,514.092161
1.14,4,514.109182
1.14,4,514.12737
-0.76,6,514.148632
-0.81,5,514.164777
-0.68,9,514.193159
1.56,9,514.222158
-0.53,12,514.26119
1.14,4,514.271671
1.61,10,514.306317
1.14,4,514.318854
-0.87,5,514.33564
-0.51,11,514.373403
1.23,7,514.396496
-0.62,9,514.423632
1.14,4,514.439362
1.14,4,514.451518
1.14,4,514.469304
1.14,4,514.485065
1.14,4,514.499547
-0.49,11,514.53598
-0.71,12,514.5781
-0.53,11,514.614542
1.14,4,514.629117
-0.55,9,514.663314
1.14,4,514.67491
1.19,5,514.694102
1.14,4,514.705965
1.14,4,514.718394
1.14,4,514.730671
1.66,10,514.762145
-0.68,9,514.792634
1.53,11,514.828109
1.42,10,514.859842
1.14,4,514.874853
-0.82,6,514.901306
1.14,4,514.915759
1.29,7,514.937998
1.14,4,514.949174
1.14,4,514.961407
1.14,4,514.973908
1.14,4,514.986267
1.14,4,514.997956
1.7,12,515.038575
-0.45,10,515.073634
1.14,4,515.087394
1.14,4,515.100574
1.14,4,515.11243
1.64,10,515.146262
1.14,4,515.157947
1.14,4,515.169586
1.14,4,515.181484
-0.4,11,515.21302
1.14,4,515.226824
1.14,4,515.238625
1.14,4,515.249957
1.14,4,515.263189
1.14,4,515.276369
1.14,4,515.288478
1.14,4,515.300701
-0.42,10,515.3729
1.55,10,515.418247
-0.62,9,515.447822
1.55,10,515.480238
1.14,4,515.494915
1.14,4,515.509861
1.47,10,515.545576
1.14,4,515.560547
1.48,10,515.593447
1.14,4,515.605862
1.14,4,515.618467
1.48,10,515.650623
1.66,11,515.684914
1.14,4,515.701593
1.14,4,515.714834
1.14,4,515.727535
1.14,4,515.741029
-0.41,13,515.783534
1.5,10,515.814011
1.14,4,515.826673
1.41,11,515.858926
1.56,9,515.89222
-0.53,11,515.927043
1.14,4,515.940007
-0.45,11,515.977934
1.14,4,515.989651
1.14,4,516.004783
-0.83,7,516.028342
1.51,9,517.003366
1.14,4,517.033991
1.14,4,517.06484
1.42,10,517.115869
1.14,4,517.128856
1.14,4,517.141622
-0.52,11,517.174783
-0.62,9,517.204062
1.39,8,517.230448
1.14,4,517.243054
1.14,4,517.254344
1.14,4,517.26666
1.61,10,517.297326
1.14,4,517.308667
-0.63,10,517.373092
-0.25,12,517.474342
1.14,4,517.492303
1.14,4,517.504332
-0.34,11,517.566603
1.14,4,517.582436
-0.21,14,517.626103
1.14,4,517.638784
1.14,4,517.651463
1.14,4,517.664794
-0.67,11,517.731428
1.44,10,517.792309
-0.63,9,517.820448
-0.82,7,517.843138
1.14,4,517.857185
1.38,10,517.889538
-0.55,13,517.929402
1.41,11,517.961517
1.14,4,517.974219
1.47,11,518.006292
1.52,11,518.041015
-0.49,9,518.070985
1.14,4,518.084008
1.4,9,518.113557
1.14,4,518.126788
1.14,4,518.139073
1.53,10,518.16936
1.14,4,518.181885
1.14,4,518.195346
-0.4,11,518.2291
1.49,11,518.262866
1.41,8,518.288046
-0.25,11,518.330502
-0.78,8,518.363287
-0.62,11,518.431087
1.14,4,518.444588
1.3,11,518.487372
1.14,4,518.499254
1.42,10,518.536445
1.45,10,518.567589
1.71,11,518.626469
1.54,9,518.665765
1.14,4,518.677555
-0.64,12,518.712288
-0.41,13,518.751492
-0.77,7,518.778964
1.14,4,518.791146
1.44,8,518.820318
-0.74,7,518.844214
-0.67,8,518.880371
-0.69,7,518.906996
1.58,10,518.938345
1.14,4,518.950753
1.44,8,518.976546
1.14,4,518.98873
1.14,4,519.000708
1.14,4,519.012522
1.63,10,519.045871
1.14,4,519.060796
-0.62,9,519.10784
1.14,4,519.1252
-0.77,9,519.155738
1.14,4,519.167345
-0.62,9,519.197782
1.14,4,519.211678
1.14,4,519.223615
-0.51,12,519.262647
1.52,11,519.294854
1.14,4,519.307027
-0.94,7,519.327049
1.14,4,519.338938
-0.31,11,519.375916
-0.37,12,519.412369
1.14,4,519.428045
-0.81,8,519.454584
-0.76,6,519.474784
1.14,4,519.485917
-0.85,9,519.515929
1.14,4,519.528177
-0.6,13,519.571588
-0.47,11,519.609903
1.14,4,519.624772
-0.68,14,519.668208
1.44,10,519.701933
1.14,4,519.713818
-0.86,8,519.743271
1.61,10,519.77488
-0.51,13,519.810821
-0.24,12,519.8499
1.14,4,519.874485
1.14,4,519.898356
1.14,4,519.924617
1.55,10,519.966341
1.51,9,519.994756
1.14,4,520.007159
-0.34,15,520.060497
1.14,4,520.071641
1.56,9,520.099405
-0.44,10,520.132163
-0.66,7,520.157149
-0.77,7,520.180221
1.14,4,520.192836
-0.64,11,520.228717
1.13,6,520.249378
-0.38,15,520.292605
1.47,11,520.326696
-0.2,13,520.37467
1.14,4,520.387117
1.14,4,520.399897
-0.65,10,520.430259
1.44,8,520.457963
-0.51,9,520.487395
-0.76,6,520.507748
1.14,4,520.519397
-0.29,13,520.561179
1.14,4,520.575872
-0.63,9,520.602986
-0.67,8,520.62914
1.14,4,520.642586
1.14,4,520.654713
1.14,4,520.666226
1.14,4,520.678581
1.14,4,520.691498
-0.5,10,520.726666
1.14,4,520.742287
-0.49,10,520.778102
-0.78,8,520.80394
1.69,11,520.838161
-0.64,8,520.866662
1.14,4,520.879491
-0.73,9,520.913722
1.14,4,520.925826
-0.3,13,520.969058
-0.61,10,521.000925
1.14,4,521.012846
-0.64,7,521.039919
1.14,4,521.05219
1.61,10,521.089389
1.14,4,521.102055
1.14,4,521.116224
-0.77,7,521.140414
-0.54,10,521.173839
1.14,4,521.195681
-0.54,10,521.265513
1.14,4,521.276155
-0.76,6,521.297803
1.63,10,521.360547
1.14,4,521.385501
-0.57,9,521.452394
1.14,4,521.466403
1.48,10,521.498095
1.14,4,521.510288
1.61,10,521.538179
1.14,4,521.550591
1.14,4,521.56678
1.14,4,521.580932
1.14,4,521.608059
1.14,4,521.628558
-0.52,10,521.662979
1.14,4,521.675988
1.62,11,521.70782
1.14,4,521.722393
-0.35,12,521.762747
1.53,10,521.792911
-0.72,10,521.825569
1.14,4,521.83784
1.5,11,521.871954
1.14,4,521.882531
-0.76,6,521.903492
1.53,11,521.936285
1.14,4,521.948086
-0.56,11,521.978256
1.19,5,521.993491
1.14,4,522.00612
1.14,4,522.022759
1.14,4,522.036783
1.14,4,522.049682
-0.57,12,522.085956
1.43,9,522.116655
-0.76,6,522.137891
1.14,4,522.148145
-0.71,13,522.188816
1.66,10,522.218762
1.14,4,522.230561
1.14,4,522.244326
1.14,4,522.256712
-0.34,12,522.305398
1.64,10,522.337067
1.61,10,522.397272
1.14,4,522.426812
-0.73,9,522.495563
1.14,4,522.529856
-0.58,11,522.581694
1.14,4,522.594313
-0.73,9,522.623141
1.14,4,522.635668
-0.78,8,522.664967
1.14,4,522.690051
-0.66,7,522.748665
-0.42,11,522.826209
1.14,4,522.839627
-0.72,10,522.872187
1.52,10,522.903384
1.14,4,522.915686
-0.7,8,522.944406
-0.64,14,522.987388
-0.61,9,523.019616
-0.34,11,523.05616
-0.76,6,523.074976
1.32,9,523.10976
1.14,4,523.122267
1.14,4,523.133971
-0.53,10,523.164924
-0.55,11,523.20173
1.14,4,523.213972
1.14,4,523.226073
1.14,4,523.240887
-0.48,11,523.281869
-0.83,7,523.309438
1.14,4,523.325171
-0.82,7,523.349507
-0.54,15,523.394366
1.14,4,523.405354
1.19,5,523.420862
-0.7,11,523.453707
1.19,5,523.466493
1.14,4,523.477916
1.14,4,523.489499
1.14,4,523.50404
1.54,10,523.534527
1.14,4,523.547386
1.14,4,523.559833
1.64,10,523.591611
1.55,10,523.623027
1.14,4,523.63576
-0.6,9,523.663727
1.31,10,523.69379
1.73,11,523.728115
1.14,4,523.738805
1.14,4,523.751062
1.55,10,523.781553
1.14,4,523.79574
-0.62,9,523.824971
1.83,12,523.862965
1.42,11,523.894731
1.74,13,523.9349
-0.63,10,523.968587
1.64,10,524.000268
-0.77,7,524.030822
1.14,4,524.052002
1.14,4,524.073148
1.19,5,524.090447
-0.84,8,524.116497
1.14,4,524.127438
1.14,4,524.139656
-0.36,13,524.180651
1.46,8,524.213609
1.14,4,524.228063
-0.78,10,524.263764
1.14,4,524.274599
1.14,4,524.287542
-0.66,9,524.317509
1.14,4,524.329216
1.14,4,524.34375
-0.71,7,524.371969
1.14,4,524.386813
1.14,4,525.288579
-0.72,7,525.3118
1.14,4,525.323381
1.5,10,525.35181
-0.87,6,525.37497
1.24,6,525.392231
-0.45,11,525.426813
-0.69,8,525.454566
1.14,4,525.467788
1.6,11,525.499749
-0.72,10,525.530339
-0.61,8,525.562006
-0.56,8,525.589508
1.39,11,525.644252
1.14,4,525.660756
1.61,10,525.711381
-0.54,12,525.772102
-0.77,7,525.796083
-0.61,8,525.821603
1.14,4,525.832897
1.14,4,525.849377
1.53,10,525.885486
1.14,4,525.897183
1.14,4,525.908694
-0.26,12,525.946955
1.14,4,525.975629
1.14,4,526.000743
1.14,4,526.02023
-0.66,7,526.052142
1.14,4,526.064988
1.68,12,526.099053
-0.66,9,526.128862
1.14,4,526.14131
-0.7,9,526.169575
1.14,4,526.184234
1.14,4,526.196914
-0.66,7,526.224516
1.14,4,526.237888
1.14,4,526.249965
1.14,4,526.261498
-0.41,12,526.299165
-0.51,9,526.33073
1.69,10,526.362169
-0.29,13,526.406798
1.59,10,526.437702
1.14,4,526.450772
-0.59,11,526.485591
1.14,4,526.498974
1.63,10,526.532348
1.14,4,526.545998
-0.52,11,526.62448
-0.34,10,526.659972
-0.76,8,526.686229
-0.75,8,526.713641
-0.77,7,526.738875
-0.75,7,526.76147
1.14,4,526.784917
-0.43,11,526.824967
1.14,4,526.83986
1.14,4,526.852658
1.14,4,526.864676
-0.64,9,526.898396
1.14,4,526.911448
-0.65,9,526.941345
1.14,4,526.953395
1.14,4,526.965355
-0.55,13,527.000621
1.14,4,527.012641
1.14,4,527.027626
-0.51,11,527.064516
-0.42,10,527.10137
1.14,4,527.128062
1.14,4,527.150893
-0.35,13,527.226575
-0.75,7,527.255209
1.14,4,527.267663
1.14,4,527.281103
1.14,4,527.294294
-0.71,6,527.31674
-0.25,13,527.356518
1.14,4,527.368514
1.14,4,527.380412
1.14,4,527.393136
-0.22,12,527.430949
1.47,11,527.465744
1.14,4,527.477551
1.14,4,527.488895
-0.47,11,527.520963
1.14,4,527.533165
-0.57,9,527.565754
1.14,4,527.580769
1.14,4,527.592893
1.35,12,527.627268
-0.82,6,527.648378
-0.68,10,527.679133
1.36,10,527.713717
-0.76,6,527.758598
1.14,4,527.789051
-0.77,7,527.847862
-0.53,12,527.896921
-0.32,16,527.95228
1.14,4,527.964233
-0.41,11,527.999619
1.14,4,528.012324
1.14,4,528.02831
1.14,4,528.040207
1.54,12,528.080056
1.48,10,528.118349
1.14,4,528.129983
1.14,4,528.143958
1.51,9,528.188311
1.38,11,528.259016
1.14,4,528.282551
-0.81,5,528.32832
1.14,4,528.35483
-0.67,8,528.383742
1.14,4,528.396168
-0.75,8,528.462246
-0.76,6,528.499402
1.14,4,528.511389
-0.81,8,528.53975
1.61,10,528.570889
1.14,4,528.583997
1.19,5,528.600274
1.14,4,528.613175
1.14,4,528.624688
1.14,4,528.637165
-0.48,14,528.677925
-0.53,11,528.718214
1.14,4,528.730281
1.14,4,528.740518
-0.56,11,528.784477
1.53,10,528.823488
1.14,4,528.837908
1.14,4,528.862661
-0.72,8,528.929275
1.14,4,528.950076
1.64,13,529.045532
-0.54,11,529.090807
-0.89,8,529.117481
1.14,4,529.129902
1.14,4,529.142149
1.14,4,529.156113
1.63,10,529.207299
1.14,4,529.233938
1.14,4,529.254029
1.14,4,529.268761
1.55,10,529.300351
-0.55,10,529.337822
-0.57,9,529.369566
1.14,4,529.381858
-0.28,13,529.422405
1.52,11,529.456567
1.14,4,529.489721
1.14,4,529.520885
1.44,9,529.553135
1.14,4,529.565226
1.5,11,529.597301
1.14,4,529.609034
1.14,4,529.62053
1.14,4,529.632918
1.14,4,529.645939
1.14,4,529.657357
-0.81,7,529.681306
1.14,4,529.696651
1.14,4,529.710933
-0.47,13,529.755066
1.59,13,529.792142
1.42,10,529.823059
1.44,11,529.859579
1.14,4,529.874135
1.49,12,529.910631
1.14,4,529.925922
1.47,11,529.964317
-0.57,9,529.993249
-0.31,13,530.03412
1.14,4,530.047556
-0.75,13,530.091005
1.55,10,530.122683
1.14,4,530.13539
-0.64,11,530.166894
1.14,4,530.178488
1.14,4,530.192143
-0.76,6,530.213463
1.14,4,530.225501
-0.37,11,530.265045
-0.64,11,530.299754
-0.73,8,530.326021
1.61,10,530.357656
-0.62,9,530.385918
-0.77,7,530.413082
-0.59,9,530.440506
1.58,11,530.473996
1.14,4,530.484992
1.14,4,530.498202
-0.55,10,530.528343
-0.42,13,530.567471
1.14,4,530.578918
1.44,8,530.605423
1.14,4,530.631667
1.14,4,530.658817
-0.64,8,530.697531
-0.62,9,530.726478
-0.57,11,530.762176
-0.7,11,530.794705
-0.62,9,530.82299
-0.61,8,530.856712
-0.81,5,530.872668
1.14,4,530.885391
-0.58,10,530.917839
1.14,4,530.93169
1.14,4,530.945254
-0.82,6,530.964324
1.14,4,530.975925
1.14,4,530.989236
1.14,4,531.000648
1.14,4,531.012424
-0.64,7,531.035018
1.14,4,531.050825
1.33,8,531.082449
1.52,10,531.129604
1.59,9,531.18988
-0.59,8,531.216763
1.14,4,531.229031
1.14,4,531.241261
1.14,4,531.253081
-0.78,8,531.279616
-0.47,13,531.319845
1.52,11,531.355018
1.14,4,531.367221
-0.62,9,531.396206
1.54,10,531.428193
1.14,4,531.439375
1.34,7,531.460657
-0.65,8,531.484029
1.63,10,531.514181
-0.62,9,531.549543
1.14,4,531.564504
1.14,4,531.576316
1.14,4,531.588566
-0.62,9,531.626643
-0.59,11,531.702181
-0.51,9,531.745131
-0.66,7,531.768372
1.14,4,531.780651
-0.53,12,531.820111
1.56,12,531.860627
1.14,4,531.873847
1.14,4,531.885196
-0.42,11,531.935678
-0.56,11,532.009016
-0.76,6,532.028974
1.14,4,532.041795
1.14,4,532.069511
1.14,4,532.109997
-0.66,7,532.14323
1.14,4,532.155082
1.14,4,532.166279
-0.55,9,532.195927
1.14,4,532.207619
1.14,4,532.223219
1.14,4,532.236399
1.14,4,532.247125
-0.76,6,532.267284
1.14,4,532.279132
-0.49,10,532.312883
-0.67,8,532.34108
1.14,4,532.353153
-0.63,10,532.383702
-0.52,10,532.417437
1.64,10,532.450263
1.14,4,532.462099
1.14,4,532.474154
1.14,4,532.487091
1.14,4,532.499564
1.5,10,532.530237
-0.56,8,532.557808
1.81,12,532.596665
1.14,4,532.612046
1.42,10,532.643334
1.14,4,532.657327
1.19,5,532.672093
1.14,4,532.684744
1.59,10,532.717252
-0.64,11,532.753348
1.14,4,532.768421
-0.27,11,532.832907
1.14,4,532.860069
-0.58,10,532.912849
-0.66,9,532.947355
1.14,4,533.827501
1.14,4,533.844021
1.14,4,533.862539
1.14,4,533.877854
-0.55,10,533.911705
-0.78,8,533.936229
1.14,4,533.948733
1.14,4,533.960589
1.47,11,533.99433
-0.66,7,534.018029
1.14,4,534.029059
1.14,4,534.041804
-0.56,11,534.077543
1.14,4,534.090487
-0.59,11,534.126374
1.14,4,534.138243
1.14,4,534.150152
-0.46,12,534.201743
1.14,4,534.229783
1.14,4,534.253442
1.14,4,534.26968
-0.72,10,534.302926
-0.76,6,534.323113
1.34,7,534.346735
1.64,10,534.38002
1.14,4,534.394659
-0.4,12,534.4295
1.14,4,534.442327
-0.66,7,534.4663
-0.72,7,534.489483
1.14,4,534.50234
1.14,4,534.514759
1.48,10,534.545816
-0.33,13,534.586487
-0.55,13,534.626699
1.14,4,534.638776
1.14,4,534.650587
-0.56,8,534.680031
1.53,10,534.71078
1.49,9,534.742353
-0.78,8,534.771469
-0.45,14,534.867895
1.14,4,534.893441
1.14,4,534.908604
-0.5,11,534.944326
1.14,4,534.956616
-0.57,11,534.994152
-0.34,13,535.038875
1.53,11,535.072422
-0.63,10,535.105209
-0.54,12,535.140593
1.14,4,535.152562
1.47,11,535.21758
1.14,4,535.240822
1.59,10,535.28337
1.14,4,535.294655
1.14,4,535.306139
1.14,4,535.318593
1.65,12,535.363915
1.14,4,535.378103
-0.51,9,535.410791
-0.63,10,535.442438
1.14,4,535.454345
1.53,9,535.483505
1.14,4,535.49568
1.14,4,535.507032
1.14,4,535.518903
1.14,4,535.533562
-0.47,12,535.573275
1.14,4,535.584883
1.14,4,535.599966
1.14,4,535.61323
1.14,4,535.625152
1.41,17,535.677377
1.14,4,535.689573
-0.63,12,535.733038
1.14,4,535.74591
-0.76,6,535.766322
-0.63,10,535.800437
1.14,4,535.812524
-0.81,5,535.827579
-0.7,8,535.851875
-0.81,5,535.86815
-0.67,8,535.905154
1.14,4,535.930901
1.14,4,535.955731
-0.78,8,535.985865
1.14,4,535.997463
1.14,4,536.009875
-0.66,10,536.040551
-0.45,10,536.085793
1.14,4,536.097708
1.14,4,536.115155
1.6,11,536.159941
1.14,4,536.17657
-0.6,9,536.211029
1.2,10,536.243836
-0.46,9,536.273006
1.54,9,536.301867
1.58,9,536.331731
1.14,4,536.344182
-0.67,8,536.370461
-0.63,9,536.403226
1.14,4,536.418659
1.14,4,536.446139
1.14,4,536.475351
-0.62,12,536.530076
-0.39,11,536.562578
-0.83,7,536.612494
1.52,11,536.699774
-0.13,13,536.753975
1.14,4,536.783123
1.14,4,536.815614
1.42,10,536.854927
1.14,4,536.869927
1.14,4,536.882087
1.51,10,536.916803
-0.76,6,536.937144
-0.19,14,536.980493
-0.66,7,537.005226
-0.68,9,537.033609
1.14,4,537.0468
1.37,12,537.082094
1.14,4,537.094359
-0.6,9,537.124078
-0.66,7,537.146294
1.14,4,537.159172
-0.82,10,537.199381
1.64,10,537.230953
-0.63,15,537.288692
-0.71,7,537.310325
1.14,4,537.326546
-0.47,12,537.367202
1.14,4,537.380428
1.14,4,537.393098
1.45,10,537.426446
-0.78,8,537.45636
-0.36,11,537.516448
-0.71,7,537.540695
1.14,4,537.551408
-0.48,12,537.590708
1.66,10,537.623621
1.14,4,537.637242
1.14,4,537.650129
1.14,4,537.66211
1.56,10,537.691971
-0.5,14,537.734509
1.14,4,537.748219
1.14,4,537.761435
-0.52,12,537.802632
1.14,4,537.818567
1.14,4,537.831575
1.95,16,537.888277
1.14,4,537.899568
-0.13,13,537.943684
1.14,4,537.960963
1.14,4,537.983078
1.14,4,538.011605
-0.37,11,538.098232
-0.53,11,538.175947
-0.67,8,538.198956
1.14,4,538.210824
1.14,4,538.224231
1.7,10,538.257272
1.14,4,538.269349
1.14,4,538.280941
-0.61,9,538.312434
1.14,4,538.324951
-0.59,12,538.366648
1.14,4,538.377377
-0.31,11,538.412308
1.14,4,538.423763
1.14,4,538.438586
-0.47,11,538.476368
-0.39,10,538.513578
1.14,4,538.526132
-0.62,9,538.556968
1.14,4,538.571075
-0.76,12,538.607649
1.14,4,538.621661
1.14,4,538.634496
1.14,4,538.650867
-0.62,9,538.679956
-0.58,10,538.716848
1.14,4,538.728906
1.14,4,538.74444
1.14,4,538.759246
-0.46,10,538.796432
1.53,10,538.829083
1.48,10,538.882199
1.14,4,538.913697
-0.32,13,539.037659
-0.66,9,539.076537
1.14,4,539.087815
1.14,4,539.102904
1.14,4,539.113628
1.14,4,539.144497
1.14,4,539.172255
-0.76,6,539.212265
1.14,4,539.230914
-0.94,7,539.254602
1.14,4,539.266382
1.14,4,539.277877
1.13,5,539.293294
1.14,4,539.305893
1.14,4,539.317389
1.14,4,539.329682
1.14,4,539.342662
-0.66,7,539.365922
-0.74,6,539.385217
-0.69,12,539.421547
1.47,11,539.453328
-0.46,12,539.492589
1.48,10,539.5239
1.14,4,539.53404
-0.72,7,539.558259
1.14,4,539.570182
1.14,4,539.582152
1.14,4,539.593863
-0.73,9,539.623207
1.46,12,539.660846
1.14,4,539.675553
-0.82,6,539.695927
1.48,10,539.726875
1.55,11,539.787013
1.61,10,539.855707
1.14,4,539.867839
1.34,8,539.933518
-0.58,11,539.987997
1.63,11,540.065273
-0.44,11,540.102224
-0.72,8,540.125912
1.44,8,540.151117
1.39,8,540.176002
1.37,10,540.206114
1.14,4,540.218441
-0.46,9,540.250625
-0.7,8,540.275953
1.14,4,540.288498
1.14,4,540.302112
1.23,7,540.323766
-0.76,6,540.342751
-0.31,11,540.380067
1.14,4,540.393924
1.14,4,540.405573
1.14,4,540.424128
-0.53,10,540.457861
-0.46,9,540.49039
-0.63,10,540.52444
-0.76,6,540.546318
1.14,4,540.558837
1.14,4,540.572193
1.14,4,540.588898
-0.61,13,540.6301
1.14,4,540.642389
1.59,10,540.673602
1.47,10,540.705358
-0.59,8,540.729023
1.14,4,540.743551
1.14,4,540.755337
-0.65,9,540.787617
1.14,4,540.800108
1.14,4,540.811334
1.14,4,540.822738
1.34,9,540.851999
-0.6,10,540.884764
1.52,11,540.916972
-0.41,13,540.958183
-0.64,11,540.991688
-0.65,12,541.026522
-0.46,10,541.058288
1.14,4,541.070382
1.39,8,541.096455
1.14,4,541.108556
-0.65,12,541.147627
1.14,4,541.159585
1.14,4,541.172289
-0.67,8,541.197304
-0.51,11,541.234891
1.14,4,541.250703
1.14,4,541.262357
1.14,4,541.275098
-0.77,9,541.319677
-0.38,12,541.389556
1.14,4,541.402617
1.14,4,541.416228
1.14,4,541.427817
1.44,8,541.454121
1.14,4,542.431289
1.14,4,542.44365
-0.6,9,542.473552
-0.76,6,542.493106
-0.61,8,542.520426
-0.67,11,542.556205
-0.73,11,542.589769
-0.53,10,542.621074
-0.39,12,542.660615
1.14,4,542.672123
1.5,10,542.702031
-0.76,6,542.721395
1.14,4,542.733917
-0.42,13,542.774578
-0.41,12,542.810899
-0.51,11,542.847016
-0.66,7,542.872828
-0.35,12,542.913363
1.14,4,542.925329
1.19,5,542.942615
-0.64,11,542.979652
-0.79,9,543.009609
1.14,4,543.023218
1.14,4,543.036512
1.14,4,543.051478
1.14,4,543.064145
1.14,4,543.07662
-0.81,5,543.091988
1.14,4,543.104285
1.14,4,543.115716
1.53,10,543.173442
-0.68,9,543.206466
1.57,11,543.243189
-0.46,12,543.286502
1.14,4,543.301265
-0.69,10,543.339512
1.14,4,543.351854
1.14,4,543.363168
-0.59,12,543.405294
1.14,4,543.420964
-0.62,12,543.459502
-0.78,10,543.492765
-0.87,5,543.509428
1.14,4,543.521515
1.38,9,543.576149
-0.27,14,543.630654
1.14,4,543.645158
1.55,10,543.672541
1.14,4,543.689329
-0.56,8,543.715942
-0.66,7,543.738893
1.14,4,543.75045
1.14,4,543.761837
-0.55,10,543.794587
-0.54,9,543.824651
1.14,4,543.836825
1.14,4,543.847808
-0.63,10,543.884158
1.14,4,543.899286
1.14,4,543.911366
1.34,9,543.941231
1.14,4,543.953764
1.14,4,543.964941
-0.61,10,544.023222
1.42,10,544.069645
-0.58,10,544.106136
1.14,4,544.119203
1.14,4,544.131346
-0.71,7,544.16466
-0.36,14,544.246991
-0.72,7,544.270023
1.5,10,544.333004
-0.19,14,544.439088
-0.39,11,544.476109
1.62,11,544.508571
1.14,4,544.521207
1.55,10,544.551646
-0.67,8,544.578517
-0.47,10,544.61186
-0.43,12,544.650284
-0.52,10,544.683979
-0.55,10,544.71801
-0.32,11,544.752918
-0.53,11,544.786834
-0.28,11,544.823145
1.63,11,544.856371
1.14,4,544.869712
-0.81,7,544.893049
1.14,4,544.904075
-0.56,11,544.93666
1.14,4,544.948705
1.14,4,544.961821
1.46,8,544.987258
-0.69,7,545.009943
-0.36,13,545.060312
1.14,4,545.072551
-0.92,5,545.088983
-0.48,12,545.123669
1.5,10,545.159647
1.49,9,545.189773
-0.64,10,545.221774
-0.19,14,545.267972
1.14,4,545.280086
1.42,10,545.311934
1.61,10,545.342732
-0.53,10,545.375804
1.14,4,545.389951
1.14,4,545.403201
1.19,5,545.417736
-0.52,12,545.455576
-0.31,14,545.49503
1.14,4,545.507438
1.43,10,545.53891
1.14,4,545.551005
1.14,4,545.562954
1.14,4,545.575331
1.14,4,545.587745
-0.19,12,545.624897
-0.79,9,545.653714
1.14,4,545.665178
-0.54,8,545.695862
1.64,10,545.727714
-0.82,12,545.7728
-0.55,10,545.806213
-0.55,10,545.876193
1.14,4,545.896769
-0.49,9,545.931459
-0.46,10,545.966435
1.55,10,545.998633
-0.79,9,546.026528
-0.18,16,546.116375
-0.42,11,546.150058
1.14,4,546.161799
-0.42,11,546.20385
-0.73,9,546.231884
1.66,10,546.265242
1.14,4,546.277015
1.54,9,546.30775
1.14,4,546.321646
-0.44,10,546.362381
1.61,13,546.404412
1.14,4,546.416411
1.14,4,546.428235
1.14,4,546.440508
1.14,4,546.460282
1.14,4,546.478893
1.14,4,546.498129
-0.74,9,546.527821
-0.71,7,546.552444
-0.57,10,546.583571
1.14,4,546.59605
1.14,4,546.608111
-0.49,9,546.639178
1.14,4,546.651249
1.64,10,546.681139
1.14,4,546.695946
1.44,8,546.720077
1.14,4,546.731922
1.14,4,546.743738
1.14,4,546.756391
1.14,4,546.771513
1.14,4,546.788338
-0.62,10,546.823758
1.14,4,546.838332
1.64,10,546.870056
1.14,4,546.881832
-0.69,10,546.915535
1.14,4,546.926391
-0.45,11,546.959581
-0.47,10,546.993687
1.14,4,547.006159
-0.67,8,547.034302
-0.91,4,547.04806
-0.61,10,547.080404
1.14,4,547.09399
1.14,4,547.105529
-0.62,10,547.135936
1.14,4,547.148661
-0.77,7,547.171015
1.14,4,547.183678
1.14,4,547.197064
1.14,4,547.209054
1.14,4,547.221476
1.14,4,547.23465
1.14,4,547.247545
-0.78,8,547.271277
1.14,4,547.282983
1.64,11,547.322132
1.14,4,547.353993
1.4,9,547.414942
1.14,4,547.428503
-0.66,7,547.453978
1.14,4,547.468431
1.14,4,547.484817
1.14,4,547.497603
-0.62,9,547.535904
-0.41,10,547.579777
-1.0,7,547.600957
1.14,4,547.613722
1.14,4,547.62616
-0.33,15,547.673011
-0.81,5,547.690054
1.14,4,547.701917
1.14,4,547.717283
1.14,4,547.733382
1.14,4,547.750549
1.14,4,547.764341
1.14,4,547.775473
1.14,4,547.788478
1.14,4,547.801058
-0.62,9,547.840054
-0.29,11,547.921922
-0.63,11,548.012605
1.14,4,548.033797
1.37,10,548.065984
-0.43,12,548.105417
1.14,4,548.120384
-0.71,6,548.140879
1.55,10,548.1706
1.14,4,548.183402
1.14,4,548.196111
-0.71,7,548.216883
-0.61,8,548.238791
-0.54,9,548.273151
1.14,4,548.29699
1.14,4,548.321982
1.14,4,548.342109
1.38,9,548.371555
1.37,10,548.404235
1.14,4,548.43268
1.26,12,548.500522
-0.49,9,548.530644
1.14,4,548.542492
1.14,4,548.554817
1.14,4,548.566778
1.14,4,548.579306
1.14,4,548.591139
1.14,4,548.603642
1.14,4,548.616266
-0.4,14,548.656294
1.66,11,548.694605
1.14,4,548.70456
-0.21,14,548.749454
-0.67,9,548.780929
1.14,4,548.796939
1.14,4,548.810789
1.14,4,548.831266
1.14,4,548.859524
1.14,4,548.882303
1.48,10,548.950408
1.34,7,548.977264
-0.15,17,549.02654
1.14,4,549.051762
1.14,4,549.082005
-0.64,8,549.154924
-0.76,6,549.193824
1.54,12,549.232122
1.14,4,549.245305
-0.76,6,549.265788
1.14,4,549.280426
-0.72,8,549.307432
1.19,5,549.323468
-0.38,11,549.355218
1.14,4,549.368238
1.95,13,549.408208
1.61,10,549.435814
-0.43,15,549.484645
1.14,4,549.496505
-0.68,9,549.527945
1.14,4,549.539989
-0.09,16,549.591468
1.55,11,549.666597
1.14,4,549.678504
1.14,4,549.690058
-0.65,8,549.718129
1.14,4,549.729756
1.14,4,549.741407
1.14,4,549.751407
-0.49,11,549.784922
1.14,4,549.796927
-0.31,11,549.843163
-0.69,7,549.872782
1.53,11,550.776275
1.14,4,550.788236
1.14,4,550.799746
-0.44,13,550.840401
-0.78,8,550.862422
1.14,4,550.876057
1.14,4,550.88875
1.42,11,550.9237
1.14,4,550.935788
1.14,4,550.948529
1.22,8,550.973088
-0.66,7,550.999191
-0.56,8,551.025089
1.14,4,551.037064
1.19,5,551.051411
1.14,4,551.063839
1.14,4,551.076725
1.59,10,551.105313
1.14,4,551.116715
-0.61,11,551.151702
1.14,4,551.164721
-0.18,13,551.205857
-0.54,9,551.234414
-0.53,11,551.268338
1.41,8,551.296364
1.61,10,551.327292
1.58,10,551.359472
-0.54,9,551.38958
1.6,11,551.428965
-0.36,13,551.473232
-0.6,9,551.500718
1.14,4,551.516483
-0.39,9,551.545345
-0.47,10,551.577871
-0.54,12,551.614886
-0.49,11,551.650872
1.14,4,551.662695
-0.61,11,551.695589
1.14,4,551.710521
-0.73,9,551.740035
-0.69,11,551.775952
1.14,4,551.788008
-0.46,10,551.828465
-0.55,12,551.865958
1.14,4,551.877829
-0.74,6,551.896745
1.48,10,551.927314
-0.41,12,551.976742
-0.51,10,552.02408
1.66,10,552.058592
-0.62,13,552.109244
-0.3,11,552.173496
-0.84,8,552.20092
1.14,4,552.21273
1.14,4,552.223241
1.14,4,552.235777
1.14,4,552.250542
1.14,4,552.266511
1.14,4,552.278654
1.14,4,552.295206
1.14,4,552.325159
1.14,4,552.350272
-0.45,11,552.390177
1.14,4,552.420642
-0.76,6,552.47057
1.58,10,552.541729
1.47,11,552.589889
-0.69,7,552.615233
1.14,4,552.627442
1.66,10,552.66317
1.14,4,552.678415
1.14,4,552.691058
-0.52,10,552.723051
-0.74,6,552.745739
1.61,11,552.781312
1.14,4,552.793975
1.64,10,552.826061
-0.39,9,552.855258
-0.47,11,552.892571
1.14,4,552.903987
1.14,4,552.915777
1.14,4,552.92784
-0.44,10,552.957982
1.14,4,552.972175
1.46,8,553.011466
1.14,4,553.023695
-0.65,8,553.045851
-0.52,9,553.079361
-0.63,10,553.113456
1.14,4,553.1255
1.44,11,553.161391
1.14,4,553.176057
1.14,4,553.189939
1.14,4,553.201815
1.14,4,553.214541
1.14,4,553.226468
-0.51,10,553.261543
-0.56,8,553.292316
1.14,4,553.304597
-0.6,10,553.342504
-0.61,8,553.368013
-0.27,11,553.403501
-0.57,9,553.433862
1.14,4,553.447751
-0.57,9,553.476612
1.14,4,553.492
1.14,4,553.503943
-0.58,10,553.572463
-0.5,11,553.624841
-0.4,12,553.664421
1.14,4,553.688087
1.14,4,553.722225
1.14,4,553.745169
1.14,4,553.759856
-0.29,12,553.798529
-0.45,12,553.836788
-0.42,13,553.919641
1.14,4,553.933791
-0.74,6,553.955418
-0.39,10,553.990324
1.59,10,554.023497
1.66,10,554.05565
1.14,4,554.067314
1.14,4,554.079729
1.14,4,554.092191
1.14,4,554.1053
1.14,4,554.118101
1.67,11,554.181175
1.81,13,554.230118
-0.35,11,554.273764
-0.44,11,554.309822
1.14,4,554.322736
-0.73,9,554.349466
-0.76,6,554.370037
-0.63,11,554.405694
-0.43,12,554.443475
-0.27,13,554.486817
1.66,10,554.519262
-0.72,8,554.54518
-0.39,11,554.581193
-0.43,11,554.62148
-0.48,11,554.653329
-0.37,14,554.698137
1.14,4,554.710742
-0.99,6,554.730458
1.47,11,554.764638
1.14,4,554.783178
-0.63,10,554.846141
-0.32,12,554.885179
1.36,7,554.905292
-0.41,11,554.94214
1.14,4,554.958114
1.68,10,554.994512
-0.56,9,555.03663
-0.8,10,555.081528
-0.74,6,555.122217
1.14,4,555.144938
1.14,4,555.17406
1.65,11,555.231172
1.14,4,555.243137
1.14,4,555.255262
1.14,4,555.266846
1.14,4,555.280399
1.14,4,555.29162
-0.76,6,555.311579
-0.78,8,555.334278
1.67,12,555.374111
-0.67,8,555.398984
-0.56,11,555.441821
1.14,4,555.456551
1.14,4,555.471221
-0.6,10,555.551014
-0.83,7,555.57631
1.14,4,555.58985
-0.59,8,555.616522
1.14,4,555.629554
1.14,4,555.644293
-0.71,7,555.670872
1.14,4,555.684438
-0.76,6,555.707821
1.62,11,555.745475
-0.53,10,555.782346
-0.78,8,555.813872
1.14,4,555.827177
-0.71,7,555.854945
-0.49,9,555.889909
1.14,4,555.902658
1.14,4,555.910828
-0.32,13,555.954568
1.23,7,555.976333
-0.42,11,556.026727
-0.31,13,556.071247
-0.44,10,556.107785
1.14,4,556.11976
1.19,5,556.13663
1.52,11,556.180412
1.41,8,556.205684
1.14,4,556.217319
-0.61,8,556.244432
-0.64,10,556.282061
1.14,4,556.294657
1.14,4,556.305768
1.14,4,556.317366
-0.32,10,556.350668
1.14,4,556.364593
1.26,7,556.389093
-0.17,14,556.431207
1.14,4,556.444161
-0.43,12,556.516231
1.19,5,556.533981
-0.57,9,556.564332
1.14,4,556.578103
-0.4,11,556.616681
-0.77,7,556.66688
1.14,4,556.698077
-0.49,9,556.762517
-0.43,11,556.797829
-0.59,9,556.825581
1.45,10,556.857044
1.14,4,556.868484
1.14,4,556.881403
1.5,9,556.908772
1.14,4,556.920604
-0.58,11,556.954141
-0.54,9,556.982796
-0.31,14,557.033406
1.14,4,557.053827
1.14,4,557.07122
1.14,4,557.082283
1.59,10,557.114451
-0.61,8,557.141555
1.14,4,557.153409
-0.46,10,557.186874
-0.61,10,557.219168
-0.44,15,557.26579
1.14,4,557.277416
-0.66,7,557.299863
-0.7,11,557.338396
1.43,10,557.369268
-0.68,9,557.402995
-0.24,16,557.458478
1.14,4,557.472054
1.14,4,557.483733
-0.65,9,557.543985
-0.5,11,557.609352
1.14,4,557.621759
1.14,4,557.637953
1.14,4,557.649754
1.14,4,557.66228
-0.67,8,557.690015
1.14,4,557.702365
-0.54,10,557.73805
1.14,4,557.750301
-0.83,7,557.776489
1.14,4,557.789068
-0.47,14,557.834355
1.48,10,557.864386
1.5,10,557.896194
1.56,9,557.932009
1.14,4,557.946858
1.14,4,557.95933
-0.22,12,558.025521
1.43,9,558.058434
-0.26,17,558.111372
-0.44,12,558.148229
1.14,4,558.160794
-0.53,11,558.217754
1.14,4,558.24928
1.14,4,558.271589
1.68,12,558.336682
1.14,4,558.366707
-0.49,9,559.276404
1.48,10,559.305585
1.46,8,559.328817
1.14,4,559.341039
1.48,10,559.37165
-0.58,13,559.40748
-0.71,7,559.432061
1.14,4,559.443952
-0.61,8,559.476058
1.51,9,559.51695
1.14,4,559.528813
-0.74,10,559.564432
1.14,4,559.577814
1.14,4,559.590555
1.14,4,559.602973
1.14,4,559.61423
-0.41,14,559.660589
1.65,12,559.751066
-0.55,10,559.843418
-0.46,10,559.91661
1.33,8,559.96976
1.14,4,559.984053
1.14,4,559.997105
1.14,4,560.008323
1.14,4,560.019871
-0.62,9,560.050119
1.65,11,560.090967
1.48,10,560.121784
-0.6,10,560.15601
1.14,4,560.168947
-0.56,9,560.203614
-0.83,7,560.22776
-0.03,15,560.276364
1.14,4,560.288316
-0.62,9,560.317075
-0.72,8,560.340725
1.14,4,560.352863
-0.52,10,560.383185
1.14,4,560.396678
1.14,4,560.413207
-0.5,11,560.446227
-0.91,4,560.458327
1.6,11,560.492053
1.14,4,560.504999
1.57,10,560.534728
1.71,11,560.569537
-0.64,8,560.594285
-0.32,12,560.628939
-0.45,11,560.664723
-0.49,12,560.705949
-0.3,11,560.742226
1.14,4,560.759945
-0.55,11,560.795326
1.14,4,560.807918
1.14,4,560.821345
1.14,4,560.832834
-0.58,10,560.863985
-0.4,11,560.90044
1.14,4,560.914298
-0.37,10,560.947536
1.14,4,560.964612
-0.54,12,561.004542
-0.82,6,561.028155
1.19,5,561.044168
1.14,4,561.058405
1.51,10,561.090606
1.14,4,561.10263
-0.31,13,561.142997
1.47,11,561.17684
1.53,10,561.205695
1.14,4,561.217293
-0.37,13,561.274424
1.14,4,561.30145
1.19,5,561.340968
1.14,4,561.370271
1.14,4,561.391567
1.58,10,561.424595
1.14,4,561.436742
1.14,4,561.450617
1.14,4,561.463275
1.14,4,561.476454
1.51,9,561.542681
1.14,4,561.567217
-0.82,6,561.612698
1.8,12,561.687915
1.14,4,561.699897
1.14,4,561.712307
1.14,4,561.723961
1.14,4,561.74301
-0.6,9,561.772147
1.14,4,561.784177
1.55,10,561.818497
-0.34,10,561.881473
1.55,10,561.937349
-0.39,11,561.98016
-0.41,11,562.01699
-0.45,11,562.048981
1.14,4,562.060604
-0.61,8,562.086056
-0.75,7,562.109774
1.14,4,562.120833
-0.22,14,562.160473
1.56,9,562.188893
1.14,4,562.201238
-0.73,9,562.229603
1.14,4,562.241413
1.47,11,562.27668
1.14,4,562.29099
1.32,9,562.321364
1.14,4,562.332879
1.19,5,562.351192
-0.77,11,562.385302
1.14,4,562.397393
1.14,4,562.410053
1.36,11,562.444365
1.54,11,562.478305
1.14,4,562.490057
-0.66,10,562.52164
1.14,4,562.535453
-0.52,13,562.572685
-0.58,9,562.598017
1.14,4,562.610276
-0.61,8,562.636348
1.14,4,562.666451
1.14,4,562.700608
-0.77,7,562.73029
1.14,4,562.742327
-0.39,10,562.825206
1.14,4,562.856144
1.14,4,562.878315
1.14,4,562.89084
1.14,4,562.901848
1.14,4,562.912671
-0.57,10,562.945054
1.14,4,562.958751
1.14,4,562.970838
1.31,10,563.021342
-0.81,5,563.041185
1.14,4,563.05304
-0.56,8,563.082598
-0.27,12,563.118473
1.55,10,563.147656
-0.61,8,563.175778
1.55,10,563.20551
1.14,4,563.218622
-0.5,11,563.251934
1.14,4,563.263688
1.14,4,563.275627
1.14,4,563.290132
1.14,4,563.304268
1.14,4,563.316097
1.14,4,563.328074
1.14,4,563.340828
1.14,4,563.352706
1.14,4,563.36613
-0.57,12,563.403394
-0.73,8,563.4287
1.14,4,563.442586
-0.48,11,563.47997
-0.7,9,563.511069
1.14,4,563.523664
-0.44,13,563.562096
1.14,4,563.57361
1.14,4,563.586115
1.14,4,563.600849
1.14,4,563.614791
1.14,4,563.627061
1.14,4,563.642238
-0.46,12,563.682725
-0.41,12,563.718348
1.14,4,563.730131
1.14,4,563.743192
1.14,4,563.755724
-0.74,6,563.776894
1.14,4,563.798509
1.14,4,563.815833
-0.58,10,563.855911
1.14,4,563.868479
-0.54,9,563.895988
1.14,4,563.911196
-0.59,9,563.941675
-0.3,13,563.988224
1.14,4,564.001523
1.14,4,564.01368
1.14,4,564.024744
1.14,4,564.037712
1.5,10,564.068981
1.6,11,564.101966
1.47,11,564.135572
-0.57,9,564.16563
-0.7,11,564.197143
1.14,4,564.208641
1.14,4,564.221797
1.14,4,564.234239
-0.74,10,564.267274
1.55,11,564.302866
1.14,4,564.317713
1.14,4,564.330228
1.14,4,564.342402
-0.39,12,564.383137
-0.63,10,564.414164
-0.59,8,564.439954
-0.5,10,564.469203
-0.77,7,564.492897
1.14,4,564.504725
1.14,4,564.517535
1.14,4,564.529534
1.14,4,564.544329
1.14,4,564.55689
1.14,4,564.568433
1.51,9,564.596254
1.18,6,564.616204
1.14,4,564.630157
1.14,4,564.642004
-0.56,8,564.669552
1.14,4,564.681144
-0.46,9,564.718071
-0.88,7,564.741804
1.14,4,564.75573
1.6,11,564.788404
1.42,10,564.81961
1.14,4,564.831968
-0.71,7,564.856757
1.53,10,564.889771
-0.77,7,564.916812
1.14,4,564.928504
-0.4,11,564.962579
-0.66,7,564.98555
1.14,4,564.998164
1.14,4,565.009995
1.19,5,565.025329
1.14,4,565.037997
1.14,4,565.050541
1.38,9,565.078439
-0.44,13,565.12277
-0.77,7,565.1473
1.14,4,565.158724
1.14,4,565.170764
-0.65,8,565.196499
-0.76,6,565.217717
1.4,9,565.24861
-0.83,7,565.271479
1.14,4,565.284593
1.54,9,565.317245
1.55,10,565.349158
1.32,9,565.377493
1.51,9,565.407319
1.14,4,565.419823
1.14,4,565.43193
1.14,4,565.443873
-0.77,8,565.474912
1.14,4,565.503839
-0.49,13,565.604136
-0.62,9,565.657385
1.47,10,565.687688
1.54,9,565.716327
-0.59,9,565.74668
1.66,10,565.779557
1.14,4,565.793432
1.51,9,565.821506
-0.39,12,565.864938
1.14,4,565.878374
-0.38,12,565.917428
1.63,11,565.951093
1.61,10,565.984693
-0.76,6,566.009929
-0.81,8,566.036574
-0.51,11,566.071002
1.14,4,566.083329
-0.24,14,566.128909
-0.39,11,566.165868
1.66,10,566.235019
1.14,4,566.253752
1.14,4,566.266986
1.14,4,566.278592
-0.62,9,566.307761
-0.81,5,566.323431
-0.78,8,566.350054
1.14,4,566.362374
1.14,4,566.374197
-0.54,12,566.410307
1.53,10,566.444639
1.5,11,566.483181
-0.47,10,566.519851
-0.65,11,566.554666
-0.37,11,566.606282
1.14,4,566.632183
1.46,8,566.664484
-0.51,9,567.517794
1.53,10,567.54809
1.14,4,567.560545
1.14,4,567.572308
1.14,4,567.586324
-0.38,11,567.620226
-0.69,10,567.654639
1.14,4,567.667726
-0.58,10,567.698047
1.64,12,567.740126
-0.73,9,567.770009
1.14,4,567.782478
-0.53,11,567.818367
-0.82,6,567.839489
1.37,10,567.870078
-0.76,6,567.890126
1.14,4,567.902417
1.14,4,567.914609
1.43,10,567.962814
1.55,10,568.033559
-0.67,9,568.062052
1.14,4,568.07707
1.14,4,568.096873
-0.68,10,568.129149
-0.82,9,568.159829
-0.66,7,568.183078
-0.52,10,568.217011
-0.72,7,568.24175
-0.7,8,568.269459
1.14,4,568.282236
1.14,4,568.294514
1.14,4,568.305558
1.39,10,568.337554
-0.64,7,568.364077
1.14,4,568.381693
-0.67,8,568.438074
1.14,4,568.467932
-0.47,11,568.561385
1.14,4,568.572863
1.14,4,568.584305
1.56,9,568.610447
1.55,10,568.643332
1.14,4,568.656119
-0.66,7,568.681686
-0.61,8,568.70823
1.36,8,568.733208
1.14,4,568.745329
1.14,4,568.757153
-0.71,7,568.780614
1.14,4,568.79302
-0.82,6,568.814199
1.14,4,568.826634
-0.74,9,568.856259
1.14,4,568.870447
1.14,4,568.885765
-0.42,9,568.921169
-0.82,6,568.941713
-0.42,13,568.980869
1.14,4,568.993404
1.31,10,569.025043
-0.65,8,569.045253
1.14,4,569.057477
1.14,4,569.069877
1.14,4,569.083187
1.14,4,569.09756
1.14,4,569.112894
-0.64,8,569.160608
1.19,5,569.177865
-0.54,8,569.200878
-0.48,14,569.249022
-0.46,10,569.286494
1.54,10,569.31966
-0.45,11,569.355866
-0.65,12,569.3899
1.14,4,569.401036
1.14,4,569.413359
1.63,10,569.44559
1.14,4,569.461151
1.14,4,569.473467
-0.59,9,569.505216
-0.53,10,569.538219
-0.31,12,569.576368
-0.32,13,569.618169
1.14,4,569.630277
1.14,4,569.642262
1.14,4,569.653259
-0.2,13,569.695558
1.41,12,569.730945
-0.44,12,569.787785
1.14,4,569.817942
-0.76,6,569.852655
-0.71,6,569.87478
-0.51,9,569.907737
-0.81,5,569.92379
-0.23,14,569.967236
1.14,4,569.980785
-0.63,10,570.018295
-0.72,7,570.048473
-0.69,7,570.072324
-0.56,11,570.106535
1.68,10,570.171859
1.14,4,570.192607
-0.57,9,570.231826
-0.52,12,570.280208
1.14,4,570.292959
-0.46,11,570.327389
1.5,10,570.35759
1.68,10,570.389481
1.14,4,570.403354
1.14,4,570.418735
1.14,4,570.443917
1.14,4,570.462996
-0.44,10,570.519433
-0.81,8,570.588045
-0.55,10,570.665493
-0.49,9,570.716453
-0.83,7,570.738443
1.14,4,570.749761
1.6,11,570.787632
1.48,9,570.816556
1.14,4,570.829294
-0.88,7,570.853044
-0.86,5,570.869065
-0.51,11,570.905621
-0.71,7,570.931517
-0.14,13,570.975538
-0.46,12,571.015995
-0.75,7,571.041209
1.37,10,571.066905
1.38,9,571.095019
1.74,12,571.13385
-0.72,8,571.160682
1.14,4,571.172656
-0.63,10,571.213846
1.14,4,571.232804
1.14,4,571.267038
-0.74,12,571.319059
-0.57,14,571.368209
-0.67,8,571.394983
1.42,10,571.426378
1.47,11,571.463315
1.14,4,571.476161
1.61,10,571.507772
1.14,4,571.516581
-0.55,10,571.548991
1.14,4,571.562166
-0.72,8,571.586221
-0.76,6,571.607583
-0.59,12,571.650175
1.14,4,571.662258
-0.56,9,571.691536
1.14,4,571.706084
1.14,4,571.718954
1.43,9,571.746231
1.14,4,571.759042
1.14,4,571.771462
-0.53,9,571.800663
-0.63,9,571.830682
-0.62,9,571.859483
1.53,10,571.89058
1.56,10,571.921238
1.14,4,571.931078
-0.39,10,571.965315
-0.47,9,571.995553
1.14,4,572.007621
1.14,4,572.019308
-0.77,7,572.042549
-0.63,10,572.078257
-0.53,13,572.12143
1.55,10,572.1535
1.14,4,572.168225
1.32,9,572.197263
1.14,4,572.20977
1.14,4,572.220818
1.55,10,572.251627
1.14,4,572.261891
-0.64,7,572.282057
1.23,7,572.303736
1.39,9,572.330637
-0.61,8,572.358156
1.14,4,572.370452
1.14,4,572.385878
-0.68,9,572.416266
-0.5,10,572.447642
1.14,4,572.460926
1.5,12,572.496716
-0.59,8,572.52216
-0.47,10,572.552814
1.63,10,572.584265
1.14,4,572.597091
-0.76,6,572.615492
-0.61,11,572.654222
1.54,9,572.685024
1.14,4,572.699758
-0.38,11,572.738762
-0.49,12,572.778653
-0.3,14,572.822142
1.14,4,572.8336
1.56,10,572.867471
1.14,4,572.880912
-0.51,11,572.914999
-0.58,10,572.953334
1.53,10,572.984734
1.84,11,573.020494
-0.77,7,573.044073
1.14,4,573.056627
1.14,4,573.070224
-0.76,6,573.09389
1.14,4,573.105336
-0.42,11,573.141571
1.14,4,573.152731
1.14,4,573.166685
-0.35,13,573.209078
-0.78,8,573.237222
1.14,4,573.251982
-0.58,10,573.284979
1.14,4,573.296776
1.14,4,573.309303
1.14,4,573.322494
-0.66,7,573.345893
1.14,4,573.358044
-0.43,12,573.394549
1.14,4,573.406769
1.19,5,573.424186
1.61,10,573.454446
-0.67,8,573.483879
1.19,5,573.499612
-0.63,10,573.53148
1.66,10,573.562006
-0.56,10,573.592003
1.14,4,573.607139
-0.67,12,573.647446
1.19,5,573.66282
1.5,10,573.696237
1.14,4,573.708652
1.14,4,573.720645
1.14,4,573.73253
1.14,4,573.744766
-0.58,10,573.77901
1.48,11,573.811458
1.55,10,573.840766
1.14,4,573.853237
-0.5,11,573.883734
1.14,4,573.895332
-0.76,6,573.914656
1.14,4,573.927052
-0.61,8,573.94995
1.55,10,573.977946
1.14,4,573.989675
-0.34,11,574.024271
1.14,4,574.038959
-0.82,6,574.058911
1.58,11,574.090227
1.14,4,574.10237
-0.45,11,574.144308
-0.72,8,574.17408
-0.61,10,574.205252
1.45,10,574.235594
1.14,4,574.248093
-0.71,12,574.287016
-0.54,8,574.316204
1.14,4,574.329093
1.14,4,574.340952
-0.4,11,574.376811
1.14,4,574.38908
-0.77,7,574.414253
-0.44,10,574.461761
1.52,11,574.526196
1.56,10,574.560479
-0.68,9,574.589077
1.14,4,574.601173
1.14,4,574.614764
1.37,10,574.646427
1.6,11,574.680191
1.36,10,575.522899
1.5,11,575.554779
-0.63,10,575.586811
-0.45,11,575.619488
-0.83,7,575.641559
1.44,10,575.674451
1.64,10,575.707081
1.14,4,575.723225
-0.79,9,575.754515
-0.51,9,575.787201
1.14,4,575.797669
-0.56,8,575.827409
1.14,4,575.839802
1.79,12,575.876154
1.44,8,575.90201
1.52,11,575.937222
1.14,4,575.949214
-0.92,5,575.965552
1.14,4,575.977926
1.14,4,575.990783
1.14,4,576.003156
1.33,8,576.026672
1.14,4,576.039644
1.14,4,576.052199
1.14,4,576.064019
-0.68,9,576.092922
1.14,4,576.104494
-0.5,10,576.139329
1.54,9,576.171652
1.14,4,576.185107
-0.68,12,576.223059
1.57,12,576.25994
1.54,9,576.287737
-0.65,8,576.314729
-0.51,12,576.353264
1.61,10,576.385025
-0.56,11,576.419859
-0.66,7,576.444354
-0.66,12,576.48121
1.14,4,576.492751
1.14,4,576.503844
1.14,4,576.517033
-0.71,6,576.537904
1.14,4,576.550193
1.14,4,576.562594
1.14,4,576.574074
1.48,10,576.604738
-0.45,11,576.637199
1.4,9,576.666608
1.14,4,576.678714
-0.62,12,576.71653
-0.39,14,576.771007
1.14,4,576.785202
-0.75,13,576.829093
-0.08,15,576.876254
-0.3,11,576.912525
-0.59,13,576.948636
1.14,4,576.960894
1.38,9,576.988046
-0.71,9,577.014233
1.14,4,577.028333
1.14,4,577.039713
-0.71,6,577.07192
-0.5,13,577.123772
1.14,4,577.135637
1.14,4,577.147597
1.14,4,577.162218
-0.71,6,577.182608
1.14,4,577.198934
-0.51,12,577.24707
-0.33,13,577.284548
1.64,10,577.319361
1.14,4,577.331669
-0.72,8,577.357683
1.14,4,577.370871
1.14,4,577.383239
1.68,10,577.413495
-0.67,8,577.442241
1.47,11,577.478905
1.44,8,577.506325
1.6,11,577.541423
1.14,4,577.553637
-0.8,10,577.58324
1.64,10,577.612676
-0.43,11,577.652452
-0.55,9,577.685587
-0.68,9,577.716438
1.14,4,577.731241
-0.5,11,577.785981
1.14,4,577.816122
-0.2,13,577.868448
1.14,4,577.879611
-0.17,12,577.920917
1.14,4,577.935246
1.33,8,577.960583
-0.5,10,577.99555
1.14,4,578.00728
1.14,4,578.019124
-0.43,11,578.051125
-0.64,11,578.086298
1.14,4,578.099493
1.42,10,578.127208
1.14,4,578.139542
-0.75,7,578.162436
1.14,4,578.177632
1.14,4,578.190771
1.14,4,578.202748
-0.46,9,578.232342
1.5,10,578.265475
1.14,4,578.278156
1.14,4,578.290109
1.63,10,578.320833
1.14,4,578.332634
-0.61,8,578.358118
1.51,10,578.389334
-0.49,10,578.423032
-0.59,12,578.467616
1.33,8,578.493096
-0.42,11,578.526768
1.14,4,578.542099
-0.82,9,578.571605
-0.55,11,578.605811
1.14,4,578.617764
-0.64,7,578.640978
1.14,4,578.654068
-0.73,9,578.683878
-0.77,7,578.708245
1.14,4,578.721785
1.14,4,578.734516
1.14,4,578.747735
-0.53,11,578.810542
1.14,4,578.835358
1.14,4,578.846695
1.43,9,578.875793
-0.54,8,578.900286
1.14,4,578.911732
1.4,10,578.941577
-0.67,10,578.975117
1.14,4,578.986802
-0.39,10,579.020889
1.14,4,579.039741
1.14,4,579.051035
1.44,8,579.077322
-0.72,11,579.111136
1.14,4,579.122923
1.14,4,579.135994
1.53,9,579.164297
1.14,4,579.17799
-0.59,14,579.219234
1.79,11,579.26299
-0.36,13,579.361294
1.14,4,579.392992
1.14,4,579.419851
-0.68,9,579.456167
-0.82,6,579.475728
-0.54,9,579.513167
-0.59,8,579.545008
-0.66,7,579.597612
-0.65,8,579.63063
-0.59,10,579.662088
1.14,4,579.673669
-0.78,8,579.700059
1.14,4,579.711931
1.14,4,579.723723
-0.72,8,579.751471
1.14,4,579.763058
1.14,4,579.775016
-0.64,8,579.799297
-0.62,9,579.836812
1.14,4,579.851625
-0.67,8,579.877698
-0.23,13,579.917111
-0.67,8,579.942364
1.47,11,579.975863
1.58,10,580.00753
1.14,4,580.019527
1.14,4,580.031893
-0.99,6,580.049715
1.56,11,580.090832
-0.62,12,580.166824
1.69,11,580.207963
-0.57,10,580.244707
-0.58,10,580.276704
-0.39,9,580.345975
1.58,11,580.394271
1.14,4,580.406728
1.14,4,580.419821
-0.59,11,580.45682
1.14,4,580.473909
1.14,4,580.489641
-0.64,11,580.524583
1.14,4,580.538498
1.59,10,580.571374
1.14,4,580.58221
1.14,4,580.593474
-0.73,10,580.626064
1.35,12,580.666004
-0.64,7,580.687931
1.42,10,580.718877
-0.71,6,580.739888
1.14,4,580.752272
1.14,4,580.767532
-0.91,4,580.7807
1.14,4,580.793426
-0.69,10,580.829096
1.6,11,580.865938
-0.15,12,580.905552
1.38,9,580.934911
-0.58,10,580.965743
-0.23,13,581.008332
-0.47,10,581.084048
1.14,4,581.104762
1.14,4,581.120595
-0.34,11,581.157279
1.14,4,581.17013
1.55,10,581.200966
1.14,4,581.212975
1.14,4,581.224072
1.14,4,581.236692
1.37,10,581.266168
-0.66,7,581.289979
1.14,4,581.302051
-0.78,8,581.329054
1.14,4,581.34062
1.14,4,581.354446
-0.62,9,581.38832
-0.6,15,581.438855
1.14,4,581.451558
1.14,4,581.463982
-0.4,13,581.509735
1.55,10,581.540008
-0.92,5,581.559675
-0.76,6,581.579641
-0.64,11,581.61729
1.61,10,581.648659
1.5,10,581.683535
1.14,4,581.696321
1.51,9,581.724418
1.14,4,581.752306
1.33,8,581.802367
1.52,11,581.839778
-0.22,15,581.885393
1.58,11,581.920913
1.35,8,581.946083
1.14,4,581.95754
1.14,4,581.970338
-0.48,12,582.007925
1.14,4,582.020787
1.14,4,582.032984
1.14,4,582.043539
-0.74,10,582.074795
-0.45,11,582.109734
1.14,4,582.124055
1.61,10,582.155327
1.72,12,582.22733
-0.67,8,582.254523
-0.72,8,582.281547
1.14,4,582.292944
-0.49,9,582.323691
1.47,9,582.353038
1.14,4,582.364592
1.14,4,582.376361
1.14,4,582.388093
-0.54,8,582.414635
1.14,4,582.427084
-0.76,8,582.454869
1.14,4,582.467021
-0.53,10,582.502288
1.42,10,582.56571
-0.69,13,582.609483
-0.64,7,582.655974
-0.53,11,583.61412
-0.66,7,583.63782
1.19,5,583.656623
1.14,4,583.668725
1.14,4,583.680859
-0.83,8,583.707699
1.14,4,583.719321
1.14,4,583.731614
1.57,11,583.766288
1.14,4,583.779066
-0.24,13,583.821503
1.14,4,583.833281
1.14,4,583.84556
1.14,4,583.85561
1.14,4,583.867251
1.14,4,583.8816
-0.74,9,583.913588
-0.91,7,583.935369
1.14,4,583.947884
-0.45,12,583.992723
1.59,10,584.027363
1.35,14,584.094225
1.14,4,584.112362
1.14,4,584.123679
1.3,11,584.158744
-0.5,11,584.19677
1.14,4,584.208693
1.14,4,584.220625
-0.76,11,584.2594
1.14,4,584.272424
1.58,11,584.309982
1.19,5,584.325645
1.14,4,584.335485
1.14,4,584.347887
1.58,11,584.383374
-0.54,9,584.412939
-0.27,14,584.456054
-0.66,10,584.485142
1.14,4,584.497807
-0.77,10,584.528561
1.14,4,584.540128
-0.62,9,584.570653
-0.67,8,584.595987
-0.78,8,584.618169
1.14,4,584.629855
-0.42,10,584.663492
-0.35,12,584.705273
1.14,4,584.717671
1.48,10,584.7496
-0.53,14,584.795249
1.55,10,584.830025
1.52,11,584.861331
-0.62,9,584.896548
1.64,10,584.932971
-0.56,9,584.96256
1.31,10,584.989275
1.14,4,585.004497
1.14,4,585.01779
1.14,4,585.031743
-0.5,10,585.063919
1.14,4,585.08213
1.14,4,585.096279
-0.81,5,585.112636
-0.78,8,585.137545
1.14,4,585.150249
1.14,4,585.162444
-0.62,9,585.190964
1.14,4,585.202959
1.14,4,585.217777
1.14,4,585.229642
-0.83,8,585.255434
1.14,4,585.274204
1.64,10,585.311024
-0.62,9,585.349923
-0.81,5,585.365656
-0.66,7,585.388744
1.14,4,585.401509
1.39,10,585.437132
-0.46,11,585.473716
-0.69,11,585.506835
-0.47,10,585.536174
1.14,4,585.547651
-0.76,6,585.566222
1.14,4,585.578473
1.14,4,585.590185
1.52,11,585.624284
-0.66,7,585.652126
1.46,8,585.680284
-0.83,7,585.704731
-0.48,10,585.738347
1.18,6,585.756918
1.68,12,585.794812
1.14,4,585.806749
-0.62,9,585.834228
1.14,4,585.846079
1.14,4,585.858089
-0.68,9,585.88697
-0.79,11,585.923146
-0.82,6,585.946876
-0.51,10,585.982726
-0.51,9,586.012799
1.14,4,586.023488
-0.34,11,586.064047
1.53,11,586.099839
1.14,4,586.112495
1.14,4,586.126658
-0.62,9,586.159071
1.14,4,586.170666
-0.56,8,586.201142
1.14,4,586.213663
1.14,4,586.226235
1.36,11,586.258786
1.56,10,586.292685
1.14,4,586.304372
-0.69,9,586.337169
-0.26,14,586.384925
-0.76,8,586.411209
1.48,12,586.449315
1.14,4,586.461261
-0.57,9,586.490475
-0.52,8,586.514856
1.14,4,586.526927
1.14,4,586.539007
-0.55,13,586.580332
-0.66,7,586.60313
1.14,4,586.64364
-0.63,10,586.698356
-0.24,14,586.747806
1.46,8,586.780731
1.14,4,586.79484
-0.44,10,586.826564
1.14,4,586.837282
1.61,10,586.86993
-0.28,13,586.908078
-0.51,11,586.945325
1.57,12,586.981394
1.14,4,586.994355
1.14,4,587.006499
1.14,4,587.019401
1.14,4,587.03224
1.14,4,587.045435
-0.64,8,587.072262
-0.72,8,587.100918
1.14,4,587.113498
1.33,8,587.139078
-0.34,11,587.178106
1.14,4,587.19024
1.61,10,587.221466
1.14,4,587.23397
-0.68,9,587.265146
1.14,4,587.27727
1.14,4,587.29066
1.38,9,587.319607
-0.7,10,587.348421
-0.59,11,587.380826
1.14,4,587.397829
1.14,4,587.41303
1.19,5,587.42924
1.14,4,587.441792
-0.52,10,587.474422
1.14,4,587.484973
1.47,11,587.523431
-0.67,8,587.568117
1.36,8,587.594171
1.14,4,587.606512
1.14,4,587.619314
1.61,10,587.652544
-0.81,6,587.67315
1.14,4,587.685236
-0.37,11,587.725593
1.75,11,587.759505
-0.65,8,587.81142
-0.47,13,587.866096
-0.2,15,587.925248
-0.81,8,587.949631
1.14,4,587.962156
1.14,4,587.976065
1.14,4,587.988662
1.14,4,588.001543
-0.42,12,588.042096
-0.66,7,588.065631
-0.43,12,588.100085
1.14,4,588.111497
1.14,4,588.12792
1.14,4,588.141968
-0.44,10,588.182378
1.71,11,588.221259
-0.42,11,588.29563
1.56,10,588.33058
1.14,4,588.344876
-0.68,9,588.371877
-0.73,9,588.402303
-0.76,6,588.421792
-0.54,14,588.46426
-0.46,9,588.497473
-0.2,14,588.542609
1.14,4,588.553289
1.14,4,588.564639
1.14,4,588.576602
-0.6,9,588.606483
1.14,4,588.620836
1.19,5,588.637368
-0.68,9,588.669183
1.14,4,588.681529
-0.72,10,588.713766
-0.72,8,588.742296
1.14,4,588.753775
-0.4,11,588.787695
-0.52,12,588.829902
-0.72,7,588.856447
-0.83,7,588.881703
-0.46,12,588.919528
1.14,4,588.931626
1.14,4,588.94438
1.14,4,588.959872
-0.76,6,588.981291
-0.78,8,589.009743
1.14,4,589.024984
1.44,8,589.052773
1.14,4,589.064256
1.14,4,589.075945
-0.64,7,589.096412
1.14,4,589.108507
-0.84,8,589.132935
-0.76,6,589.156245
-0.76,6,589.189774
-0.64,7,589.225118
1.37,10,589.256986
1.14,4,589.269183
-0.67,8,589.333557
1.14,4,589.359864
1.14,4,589.374208
1.14,4,589.389009
-0.77,7,589.412227
1.14,4,589.424745
1.14,4,589.436596
-0.92,5,589.451397
1.53,10,589.482738
1.29,7,589.505137
1.14,4,589.517916
1.62,11,589.558251
1.14,4,589.5704
1.14,4,589.58323
-0.66,10,589.61545
1.14,4,589.6272
-0.77,7,589.649459
-0.83,8,589.675374
1.14,4,589.687726
1.14,4,589.703558
-0.44,11,589.744774
-0.39,13,589.786201
-0.55,9,589.815247
1.14,4,589.830864
-0.38,12,589.869069
-0.48,11,589.899867
-0.41,13,589.938929
-0.59,8,589.965657
1.14,4,589.977252
1.42,10,590.007242
1.76,14,590.056664
1.29,6,590.078196
-0.67,8,590.149071
1.14,4,590.165494
1.14,4,590.177921
-0.48,11,590.21131
-0.66,9,590.236161
1.14,4,590.24754
-0.58,13,590.289109
1.14,4,590.301716
-0.67,8,590.338517
1.19,5,590.359697
1.14,4,590.372036
-0.83,7,590.393932
1.6,11,590.439722
1.14,4,590.455211
-0.66,13,590.495812
1.14,4,590.510421
1.14,4,590.540777
-0.74,10,590.591499
-0.5,14,590.630403
1.14,4,590.643369
1.64,10,590.679424
1.14,4,591.5378
1.36,11,591.570883
-0.53,11,591.609229
-0.6,9,591.666424
1.14,4,591.695795
1.57,12,591.757228
1.14,4,591.787103
-0.28,12,591.883624
-0.51,9,591.92211
1.54,11,591.959501
1.42,9,591.988572
-0.54,9,592.016188
1.55,10,592.085213
1.14,4,592.102671
1.61,10,592.135579
1.53,11,592.170979
1.14,4,592.185208
-0.53,11,592.221389
1.14,4,592.238768
1.14,4,592.254793
1.14,4,592.267658
-0.49,9,592.298651
-0.64,8,592.326582
-1.0,7,592.346886
1.14,4,592.35903
1.47,11,592.395153
-0.61,10,592.428426
-0.75,8,592.451918
1.54,10,592.484261
1.26,7,592.507675
-0.66,7,592.533288
1.56,9,592.563774
-0.4,13,592.604384
1.14,4,592.616137
1.5,10,592.649883
1.14,4,592.66174
1.14,4,592.674186
-0.64,8,592.701635
1.14,4,592.713709
1.14,4,592.72567
-0.58,10,592.781799
1.46,8,592.824626
1.14,4,592.837811
-0.66,10,592.8686
1.37,10,592.931508
-0.44,10,593.012953
-0.62,9,593.048029
-0.51,16,593.101424
1.48,10,593.139076
1.14,4,593.151056
1.38,9,593.178099
1.14,4,593.189134
1.63,11,593.224419
1.44,11,593.258736
1.14,4,593.27533
1.14,4,593.297733
1.14,4,593.314276
-0.76,6,593.336334
1.55,10,593.367261
-0.26,12,593.406501
-0.35,12,593.441185
1.14,4,593.453894
1.14,4,593.466408
1.49,11,593.525914
-0.76,6,593.554884
-0.48,10,593.585556
1.14,4,593.597436
-0.71,7,593.62166
-0.59,10,593.64867
1.14,4,593.660427
-0.61,11,593.694214
1.14,4,593.707021
-0.68,9,593.736378
1.14,4,593.746617
-0.57,11,593.782313
1.79,16,593.828256
1.24,9,593.860349
1.38,9,593.888312
1.14,4,593.902078
1.61,10,593.932319
1.14,4,593.944437
1.14,4,593.956867
-0.39,11,593.993086
-0.82,6,594.015672
-0.44,11,594.054718
1.13,6,594.077731
-0.9,9,594.10801
1.14,4,594.120686
1.14,4,594.132627
1.14,4,594.144498
-0.37,12,594.183636
1.14,4,594.195246
-0.39,10,594.230061
-0.4,12,594.271423
-0.66,8,594.298542
1.19,5,594.31379
-0.66,9,594.367404
1.14,4,594.382423
-0.46,13,594.422915
1.14,4,594.437026
1.14,4,594.452891
1.51,9,594.483472
-0.58,10,594.520571
-0.17,14,594.570551
1.14,4,594.583714
1.49,11,594.623795
1.14,4,594.636536
-0.5,10,594.669585
-0.52,10,594.701605
1.14,4,594.715229
1.14,4,594.727587
-0.67,8,594.793518
1.14,4,594.808187
1.67,11,594.842213
-0.25,12,594.878089
1.14,4,594.890413
1.58,10,594.920936
1.19,5,594.9359
-0.81,8,594.96266
1.55,10,594.996466
-0.49,10,595.040006
-0.51,13,595.08583
1.58,10,595.118705
1.14,4,595.133383
-0.39,9,595.163006
1.14,4,595.175168
1.42,10,595.207998
1.53,10,595.241667
-0.42,10,595.282711
1.14,4,595.306636
-0.26,11,595.393466
1.45,9,595.471575
1.14,4,595.494537
1.14,4,595.52029
1.14,4,595.552972
1.14,4,595.579383
1.14,4,595.602845
1.14,4,595.617043
-0.59,8,595.643166
1.14,4,595.656415
-0.32,12,595.731498
1.61,10,595.800758
1.14,4,595.820875
-0.66,7,595.845612
1.14,4,595.857089
1.14,4,595.873863
1.14,4,595.889081
-0.48,11,595.926212
1.14,4,595.939391
-0.7,11,595.976012
1.14,4,595.987799
-0.59,11,596.021824
1.14,4,596.035373
1.14,4,596.047084
1.14,4,596.058716
1.14,4,596.071873
-0.37,11,596.108616
1.14,4,596.122499
1.14,4,596.137905
-0.66,7,596.159896
1.14,4,596.17394
1.14,4,596.187192
1.4,9,596.214262
-0.56,8,596.255297
-0.63,11,596.318441
-0.57,11,596.380826
-0.42,11,596.420706
1.14,4,596.432302
-0.55,13,596.476019
-0.43,13,596.517341
-0.47,10,596.552177
1.68,10,596.584149
1.14,4,596.596371
1.14,4,596.608775
-0.71,7,596.631484
-0.52,10,596.666177
1.14,4,596.677968
1.14,4,596.692512
-0.88,6,596.713928
1.49,9,596.744159
-0.85,6,596.768631
1.14,4,596.788069
1.48,10,596.826907
-0.65,8,596.856423
1.68,12,596.892759
1.14,4,596.904908
1.14,4,596.916636
1.45,9,596.942841
1.14,4,596.957678
1.14,4,596.970371
1.14,4,596.983076
1.48,10,597.011756
-0.51,13,597.055556
-0.58,13,597.088093
1.14,4,597.106617
1.14,4,597.118626
-0.61,8,597.144603
-0.68,9,597.172558
-0.47,11,597.209143
-0.43,11,597.243248
-0.54,8,597.270843
1.14,4,597.283707
1.48,10,597.315189
-0.83,7,597.337505
-0.76,8,597.36945
-0.78,8,597.400128
1.14,4,597.412733
-0.69,11,597.444518
1.14,4,597.457069
1.14,4,597.469706
-0.53,11,597.506234
1.71,10,597.536583
-0.54,12,597.57748
-0.31,12,597.618732
1.14,4,597.631959
1.14,4,597.645093
1.14,4,597.659464
1.14,4,597.67108
-0.57,10,597.704939
1.14,4,597.715423
-0.59,8,597.743026
1.64,10,597.775603
-0.22,12,597.813575
-0.67,8,597.840077
-0.71,7,597.86582
-0.56,8,597.892598
-0.59,11,597.938963
1.14,4,597.950968
1.14,4,597.963492
1.47,11,598.012665
-0.49,9,598.048571
1.49,9,598.088217
-0.66,7,598.134715
1.14,4,598.152589
1.14,4,598.166791
1.14,4,598.178547
-0.7,8,598.198684
1.61,10,598.226172
1.14,4,598.237564
1.14,4,598.249456
-0.53,13,598.288904
-0.57,10,598.360532
-0.5,11,598.424001
-0.71,7,598.450705
-0.72,8,598.479875
1.14,4,598.492501
1.38,9,598.564946
1.64,10,598.617302
1.51,9,598.644764
-0.52,11,598.680498
1.14,4,598.692149
-0.51,11,598.733775
1.14,4,598.746131
1.14,4,598.757716
1.14,4,598.782733
1.14,4,598.86334
1.14,4,598.888976
1.38,9,598.927633
1.19,5,598.944601
-0.46,11,598.982333
1.14,4,598.994927
1.14,4,599.006269
-0.52,9,599.037
1.14,4,599.049445
1.19,5,599.064136
1.14,4,599.080593
-0.67,8,599.110332
1.14,4,599.12339
-0.41,10,599.184417
1.14,4,599.201411
1.61,10,599.232636
1.46,12,599.271046
-0.7,8,599.299678
1.14,4,599.311465
1.14,4,599.326315
1.14,4,599.338573
1.14,4,600.23331
-0.63,10,600.262881
1.14,4,600.274386
1.14,4,600.294684
1.14,4,600.311494
-0.66,10,600.348407
1.58,11,600.387444
1.14,4,600.400154
1.14,4,600.413362
1.57,10,600.453035
1.14,4,600.465079
1.14,4,600.476414
-0.51,11,600.50868
1.14,4,600.522888
-0.68,9,600.553787
1.14,4,600.565791
1.48,12,600.602004
1.14,4,600.61423
1.14,4,600.627075
1.14,4,600.638891
-0.78,8,600.663529
1.14,4,600.677723
-0.93,6,600.69879
-0.58,10,600.730428
1.14,4,600.742393
1.14,4,600.755363
1.14,4,600.767165
1.14,4,600.77902
-0.66,7,600.802451
1.14,4,600.815058
-0.6,9,600.846491
1.14,4,600.858466
-0.76,11,600.893879
1.14,4,600.9061
-0.65,9,600.934415
1.14,4,600.947209
1.14,4,600.957602
1.42,10,600.988717
1.14,4,601.001183
1.14,4,601.013956
-0.19,12,601.051357
-0.66,7,601.077312
1.7,13,601.116927
-0.32,14,601.161019
-0.49,12,601.199562
1.14,4,601.211945
1.14,4,601.223978
1.14,4,601.245235
1.14,4,601.27206
-0.27,13,601.356842
1.14,4,601.389237
-0.89,9,601.464751
-0.72,8,601.540994
-0.54,8,601.575656
-0.83,7,601.598645
-0.78,8,601.626005
1.37,10,601.694726
1.14,4,601.714511
1.14,4,601.728838
1.61,10,601.759777
1.14,4,601.772059
1.14,4,601.785247
1.14,4,601.797615
-0.51,9,601.825871
1.53,10,601.85284
-0.69,8,601.88107
1.14,4,601.892893
-0.57,9,601.925442
1.14,4,601.941652
-0.48,11,601.976325
1.49,12,602.011877
1.68,11,602.048791
-0.32,15,602.120136
-0.24,14,602.163739
1.14,4,602.175668
-0.6,9,602.205683
1.55,10,602.237366
1.37,10,602.268109
1.14,4,602.280189
-0.45,11,602.315359
1.61,10,602.345917
1.14,4,602.35759
-0.6,9,602.387508
1.14,4,602.399599
1.6,11,602.434522
1.37,10,602.46508
1.14,4,602.477674
1.4,9,602.506577
1.55,10,602.536693
-0.6,9,602.5704
1.55,10,602.603192
1.14,4,602.619901
1.14,4,602.634882
1.3,9,602.665362
1.14,4,602.678105
1.3,11,602.712195
1.6,12,602.749758
1.14,4,602.763369
1.14,4,602.77528
1.57,11,602.830754
1.14,4,602.843853
1.19,5,602.861538
1.53,10,602.895025
-0.77,7,602.919048
-0.72,7,602.943116
-0.47,14,602.986
-0.67,8,603.010952
1.14,4,603.022605
1.14,4,603.034709
1.32,9,603.0644
1.14,4,603.078796
1.35,9,603.106692
1.14,4,603.122771
1.3,11,603.1951
-0.04,17,603.247936
1.61,10,603.279883
1.58,10,603.311844
1.66,10,603.342117
1.14,4,603.354346
-0.65,8,603.381047
1.14,4,603.393635
1.14,4,603.405472
1.14,4,603.417577
-0.69,7,603.444552
-0.25,14,603.487833
1.14,4,603.499846
-0.73,8,603.525079
1.14,4,603.53523
-0.68,10,603.567894
1.14,4,603.583417
1.55,10,603.614851
-0.64,11,603.650413
1.14,4,603.663103
1.54,11,603.695558
1.14,4,603.708078
-0.79,7,603.731766
1.14,4,603.743592
1.14,4,603.75828
-0.44,12,603.792676
-0.62,11,603.830806
1.14,4,603.84449
1.14,4,603.872856
-0.66,7,603.911615
1.14,4,603.923992
-0.44,12,603.961998
1.14,4,603.973249
1.51,11,604.010803
-0.66,9,604.039789
1.14,4,604.054276
-0.6,10,604.090652
1.14,4,604.103854
-0.84,8,604.131081
-0.25,12,604.17216
1.14,4,604.188596
1.6,11,604.221658
1.14,4,604.234445
1.14,4,604.246793
1.14,4,604.259256
1.14,4,604.27141
-0.66,7,604.298663
1.14,4,604.315912
1.5,10,604.366632
1.5,10,604.398269
1.14,4,604.411606
1.14,4,604.423594
1.14,4,604.435432
1.14,4,604.448513
-0.55,9,604.51402
-0.76,6,604.547135
1.14,4,604.566703
-0.67,8,604.638483
1.14,4,604.671144
1.51,11,604.738856
1.14,4,604.765925
1.43,9,604.803417
1.14,4,604.81639
1.53,9,604.845528
1.14,4,604.858409
-0.49,9,604.887025
1.53,10,604.918702
1.14,4,604.930748
-0.71,7,604.971297
-0.67,8,605.018392
-0.66,7,605.047451
-0.57,13,605.09114
1.14,4,605.102525
1.71,11,605.143565
-0.73,9,605.186012
-0.48,12,605.224996
-0.47,10,605.256158
1.19,5,605.2742
1.54,10,605.30673
1.29,6,605.344064
-0.66,7,605.405045
1.14,4,605.428676
-0.72,8,605.462941
-0.67,8,605.488721
1.14,4,605.501199
-0.56,10,605.537086
1.44,8,605.564617
-0.76,7,605.587372
1.14,4,605.600394
1.14,4,605.612966
1.14,4,605.625178
1.53,10,605.656759
-0.59,8,605.684949
-0.68,9,605.717211
1.91,12,605.756239
1.6,11,605.798183
1.14,4,605.82479
1.14,4,605.854538
-0.85,9,605.897066
-0.52,10,605.931419
1.14,4,605.942587
1.14,4,605.953197
-0.6,11,605.986676
-0.66,8,606.012496
1.19,5,606.027583
1.14,4,606.038486
1.14,4,606.051583
-0.59,8,606.078024
1.14,4,606.090043
1.48,10,606.121873
-0.37,10,606.154791
-0.67,9,606.182687
-0.61,10,606.21719
-0.76,6,606.236519
1.14,4,606.247194
1.14,4,606.259413
1.39,8,606.284827
1.14,4,606.296937
-0.32,12,606.333612
1.14,4,606.346231
1.14,4,606.358578
1.14,4,606.370167
1.52,12,606.409141
-0.67,8,606.435162
1.14,4,606.448576
1.57,10,606.478935
1.14,4,606.491889
1.14,4,606.503854
-0.82,6,606.52407
-0.51,11,606.55903
1.14,4,606.571097
1.14,4,606.583548
1.14,4,606.594334
-0.65,8,606.622278
1.14,4,606.633954
1.14,4,606.648669
1.64,11,606.685337
-0.8,10,606.718703
-0.62,9,606.75018
-0.73,8,606.776979
1.14,4,606.790328
1.14,4,606.836407
-0.57,9,606.879439
1.14,4,606.893984
1.14,4,606.906081
-0.63,10,606.935944
1.35,9,606.966236
-0.52,10,606.997328
1.28,7,607.01977
1.32,9,607.061729
-0.37,12,607.111053
-0.63,13,607.153132
1.14,4,607.169063
1.56,9,607.22475
1.14,4,607.239203
-0.64,12,607.274498
1.14,4,607.287932
1.14,4,607.300232
1.14,4,607.313626
1.14,4,607.325124
1.14,4,607.339594
-0.39,11,607.374252
-0.47,10,607.407159
-0.53,15,607.450135
-0.6,9,607.478339
1.14,4,607.49123
1.14,4,607.507749
1.14,4,607.520863
-0.67,11,607.559115
-0.71,6,607.580284
-0.67,8,607.60525
1.52,11,607.637942
-0.86,5,607.654815
-0.68,9,608.591589
1.61,10,608.624727
-0.4,12,608.665099
-0.61,10,608.695912
1.14,4,608.707669
1.14,4,608.720509
1.14,4,608.733539
-0.57,11,608.766071
1.14,4,608.778399
-0.72,7,608.804104
1.14,4,608.816764
1.21,6,608.834697
1.14,4,608.846907
1.14,4,608.864764
1.42,10,608.904046
1.59,10,608.938665
1.14,4,608.952636
1.14,4,608.966164
-0.87,5,608.983169
-0.44,9,609.015247
-0.24,16,609.065763
-0.76,6,609.086785
1.14,4,609.098484
-0.36,12,609.137831
-0.6,9,609.167545
1.14,4,609.17882
1.14,4,609.190726
-0.45,11,609.22804
1.19,5,609.243297
-0.52,10,609.276926
1.14,4,609.28921
1.14,4,609.300344
1.24,6,609.319666
1.14,4,609.330891
1.14,4,609.343451
1.47,10,609.375464
1.14,4,609.388506
-0.79,9,609.417215
1.43,11,609.477698
-0.32,14,609.528362
1.14,4,609.540672
1.63,12,609.579399
1.14,4,609.594502
1.37,10,609.665388
-0.41,10,609.741659
-0.68,9,609.811609
-0.95,8,609.841964
1.14,4,609.854229
1.14,4,609.866468
-0.62,8,609.894178
1.14,4,609.911158
1.14,4,609.922776
-0.8,10,609.954161
1.38,9,609.983187
-0.61,8,610.011616
1.14,4,610.023935
1.42,10,610.058815
1.14,4,610.071285
1.46,8,610.096725
1.66,10,610.129531
1.46,9,610.159823
1.14,4,610.172494
1.14,4,610.184614
1.14,4,610.197148
1.14,4,610.209813
-0.48,10,610.242084
-0.66,7,610.266229
1.58,9,610.315553
1.14,4,610.34116
-0.82,6,610.372345
-0.6,13,610.414825
1.14,4,610.427422
-0.55,10,610.45942
1.14,4,610.471683
1.69,11,610.506027
1.14,4,610.518053
-0.38,11,610.571812
1.61,10,610.609518
1.14,4,610.621948
1.14,4,610.633739
1.14,4,610.648616
-0.93,6,610.669865
1.14,4,610.679802
-0.69,7,610.703951
-0.89,8,610.72898
1.14,4,610.745497
-0.61,8,610.783229
1.14,4,610.812662
-0.64,10,610.869698
1.14,4,610.88172
-0.67,8,610.908659
-0.61,11,610.9438
1.14,4,610.961579
-0.45,10,610.992822
1.14,4,611.005159
-0.86,10,611.035508
-0.29,11,611.070192
1.7,12,611.1164
1.14,4,611.14677
1.14,4,611.16497
-0.81,6,611.185374
-0.76,6,611.204993
-0.68,10,611.237221
1.14,4,611.256252
1.37,10,611.298898
-0.57,12,611.334874
1.14,4,611.346661
1.14,4,611.358008
-0.49,13,611.403429
-0.5,11,611.439126
1.67,11,611.471897
-0.59,8,611.49735
1.49,9,611.525672
1.59,12,611.563258
1.63,10,611.592969
-0.71,10,611.627591
-0.73,11,611.658551
1.14,4,611.670778
1.14,4,611.683297
-0.51,13,611.724844
1.14,4,611.737019
1.55,11,611.772079
1.7,11,611.808347
1.38,9,611.831471
1.46,9,611.872365
1.14,4,611.907519
1.53,10,611.961699
-0.61,8,611.990731
-0.6,9,612.023778
-0.49,9,612.055724
-0.49,10,612.090307
1.14,4,612.107396
-0.47,12,612.164207
-0.56,11,612.214566
1.14,4,612.226762
-0.47,10,612.256232
-0.47,10,612.290106
1.76,11,612.332918
-0.62,11,612.382258
-0.59,8,612.433183
-0.51,9,612.464257
1.14,4,612.476054
-0.73,8,612.500601
-0.67,10,612.531187
1.14,4,612.542548
1.14,4,612.555179
-0.62,9,612.586467
1.14,4,612.597532
1.48,10,612.628175
1.14,4,612.642332
-0.77,7,612.666189
1.14,4,612.679176
1.14,4,612.692212
1.14,4,612.70666
1.14,4,612.719627
1.68,12,612.756605
1.14,4,612.771785
-0.71,6,612.792439
1.14,4,612.804743
1.61,10,612.835644
1.14,4,612.851146
1.14,4,612.862489
1.63,10,612.896894
1.56,9,612.927637
-0.6,10,612.960022
-0.24,11,612.994831
1.14,4,613.006922
1.14,4,613.018755
-0.52,10,613.052203
1.14,4,613.070432
1.14,4,613.093616
1.58,11,613.140074
1.14,4,613.152451
1.47,11,613.187669
-0.79,9,613.218266
1.14,4,613.233393
-0.36,13,613.275739
1.14,4,613.287826
1.53,10,613.317124
-0.62,14,613.358367
1.14,4,613.378946
1.14,4,613.406182
-0.49,12,613.465076
1.14,4,613.490318
1.14,4,613.518183
-0.72,8,613.553568
1.14,4,613.564728
-0.54,8,613.590898
1.33,8,613.61583
1.14,4,613.627258
-0.44,10,613.659985
1.14,4,613.67364
1.14,4,613.686718
1.53,9,613.718
1.37,10,613.747468
1.54,9,613.776031
-0.62,10,613.807884
-0.46,13,613.850415
-0.41,9,613.884166
-0.57,9,613.913391
1.14,4,613.925226
1.14,4,613.938125
-0.62,9,613.969825
-0.61,8,613.997641
1.43,8,614.024287
1.14,4,614.036334
-0.37,11,614.071559
-0.78,8,614.098025
1.46,8,614.123356
1.14,4,614.135663
1.14,4,614.146669
1.14,4,614.158046
1.14,4,614.170035
1.14,4,614.183205
1.14,4,614.195197
-0.6,10,614.232815
1.14,4,614.245445
1.64,10,614.278004
1.14,4,614.29071
-0.66,7,614.314463
1.14,4,614.326722
-0.43,10,614.360837
1.38,9,614.389121
-0.55,9,614.420157
1.47,11,614.45423
1.14,4,614.46747
1.14,4,614.479958
-0.62,9,614.510247
1.46,8,614.536033
1.56,9,614.598822
1.14,4,614.619675
1.14,4,614.631352
-0.49,12,614.668248
1.38,9,614.695662
-0.54,8,614.721984
-0.35,12,614.759273
-0.79,9,614.78689
-0.59,9,614.816461
1.14,4,614.828175
1.14,4,614.840171
1.47,11,614.873369
1.14,4,614.885071
1.42,9,614.912821
1.14,4,614.925771
1.14,4,614.938589
1.14,4,614.951961
-0.45,12,614.986481
1.38,10,615.018798
1.14,4,615.031658
1.57,11,615.065705
1.14,4,615.077985
1.66,10,615.108752
1.14,4,615.122052
1.62,12,615.161556
1.14,4,615.173757
1.14,4,615.185152
-0.45,13,615.228634
1.34,7,615.253141
1.14,4,615.270603
-0.62,11,615.338177
-0.5,10,615.373602
-0.36,12,615.41269
1.14,4,615.427211
-0.56,11,615.465173
1.14,4,615.477548
1.14,4,615.488044
1.14,4,615.499881
1.14,4,615.511377
1.47,11,615.543589
1.14,4,615.570715
-0.54,12,615.625988
-0.73,8,615.65382
-0.43,10,615.691899
-0.57,10,615.725922
1.46,9,615.756506
-0.62,9,615.79412
1.14,4,615.810249
-0.36,12,615.85306
1.41,8,615.881721
1.14,4,615.895251
1.14,4,616.748667
1.51,13,616.79647
-0.57,9,616.829911
1.14,4,616.84163
-0.64,7,616.864908
1.19,5,616.881556
1.14,4,616.893868
1.14,4,616.9087
1.14,4,616.92156
-0.69,10,616.953068
1.14,4,616.965641
1.14,4,616.97929
1.14,4,616.992742
-0.6,9,617.023639
-0.43,11,617.05913
-0.49,11,617.091887
1.14,4,617.104088
1.14,4,617.116705
-0.56,11,617.153443
1.14,4,617.165241
-0.52,13,617.206257
1.14,4,617.219872
-0.49,10,617.251522
1.66,10,617.290965
1.55,10,617.32023
1.14,4,617.336174
-0.53,11,617.39709
1.14,4,617.410452
1.14,4,617.422717
-0.74,9,617.449759
-0.66,7,617.472536
-0.62,9,617.502691
-0.54,8,617.531039
1.36,11,617.567029
1.45,10,617.599925
1.7,12,617.639436
1.8,14,617.731578
-0.42,11,617.801143
1.14,4,617.814559
-0.69,10,617.849488
1.14,4,617.862001
1.14,4,617.874571
-0.64,11,617.90978
-0.53,14,617.955194
1.14,4,617.967852
-0.76,6,617.987785
1.14,4,618.000446
1.14,4,618.013509
-0.29,13,618.048835
1.14,4,618.060266
-0.59,8,618.089729
1.14,4,618.101548
1.14,4,618.113464
-0.49,14,618.154128
1.59,9,618.186651
-0.43,11,618.223969
1.14,4,618.236489
1.14,4,618.249158
1.81,12,618.285246
-0.71,9,618.312981
1.54,10,618.343419
1.14,4,618.35561
-0.68,9,618.3853
1.14,4,618.396948
1.14,4,618.40777
1.14,4,618.420567
1.76,12,618.458171
-0.5,11,618.492296
1.14,4,618.503448
-0.72,7,618.530374
-0.6,9,618.561937
-0.99,6,618.583335
1.14,4,618.59661
1.14,4,618.608342
1.14,4,618.620733
1.14,4,618.633281
1.14,4,618.645935
1.14,4,618.657192
1.14,4,618.669174
1.14,4,618.68224
-0.45,14,618.727463
1.14,4,618.740307
-0.71,12,618.774888
1.37,10,618.811469
1.14,4,618.823491
-0.59,8,618.851258
-0.44,12,618.888908
-0.79,9,618.91608
1.14,4,618.927916
1.37,10,619.004076
1.47,9,619.036259
1.14,4,619.048356
-0.64,10,619.085062
1.4,10,619.115044
1.14,4,619.127465
-0.6,10,619.158083
1.14,4,619.170427
-0.71,9,619.198578
1.14,4,619.211037
1.14,4,619.224473
-0.72,7,619.252111
-0.62,9,619.282823
1.5,10,619.312659
-0.76,6,619.332639
-0.28,12,619.370982
1.14,4,619.383853
1.14,4,619.395635
1.14,4,619.407155
1.63,10,619.438499
1.5,10,619.470756
1.14,4,619.484963
1.14,4,619.497681
-0.61,11,619.581403
1.14,4,619.599508
1.14,4,619.613533
-0.18,14,619.657996
-0.64,12,619.701252
1.57,10,619.732668
1.14,4,619.744598
-0.49,9,619.773473
1.65,11,619.814014
1.14,4,619.831484
1.14,4,619.84629
-0.52,10,619.876423
-0.58,11,619.909934
1.14,4,619.922082
1.66,10,619.952732
1.14,4,619.965639
1.14,4,619.97669
1.14,4,619.988489
1.14,4,620.000948
-0.42,11,620.036769
1.47,11,620.070104
1.14,4,620.082731
-0.47,14,620.12788
1.14,4,620.139825
-0.93,6,620.160778
1.14,4,620.17242
1.42,10,620.202192
1.14,4,620.214777
-0.67,8,620.241609
1.14,4,620.254033
-0.19,14,620.296397
-0.67,8,620.322138
1.14,4,620.334722
1.14,4,620.346595
-0.71,9,620.373942
-0.46,12,620.415795
1.14,4,620.430737
1.14,4,620.445492
1.14,4,620.4562
1.61,10,620.499172
1.19,5,620.520041
-0.61,8,620.546794
1.14,4,620.562901
1.14,4,620.57455
1.14,4,620.588157
-0.8,10,620.619935
1.14,4,620.632274
-0.59,9,620.663645
-0.66,9,620.693135
1.14,4,620.710239
-0.54,9,620.740201
1.14,4,620.751698
1.69,11,620.788316
1.14,4,620.801003
1.14,4,620.813161
1.53,12,620.850062
1.14,4,620.863489
-0.67,8,620.891689
-0.65,8,620.916808
1.14,4,620.931913
1.66,10,620.964356
1.14,4,620.977338
-0.62,12,621.021755
1.14,4,621.04612
1.14,4,621.067518
-0.44,9,621.100115
-0.73,8,621.126544
1.14,4,621.138232
1.14,4,621.154113
1.14,4,621.166096
1.14,4,621.178021
1.49,14,621.218105
1.37,10,621.24833
-0.87,5,621.264875
1.14,4,621.277657
1.4,9,621.304674
-0.71,7,621.331184
1.14,4,621.346586
1.53,10,621.380138
1.19,5,621.395286
1.39,8,621.420004
1.14,4,621.433076
1.14,4,621.447829
-0.5,13,621.490844
1.14,4,621.503347
1.14,4,621.517813
-0.46,12,621.557319
1.14,4,621.582336
1.54,11,621.631407
-0.71,10,621.660015
1.14,4,621.671132
-0.8,10,621.701783
1.46,8,621.727719
1.14,4,621.739318
-0.56,10,621.769578
1.61,10,621.805888
1.7,12,621.842052
1.14,4,621.853878
-0.7,8,621.882548
-0.38,11,621.919314
1.64,10,621.954118
1.14,4,621.968947
1.14,4,621.981123
-0.82,7,622.005652
1.14,4,622.016967
1.26,7,622.039284
1.14,4,622.052397
1.43,9,622.080365
1.63,10,622.107787
1.14,4,622.121923
1.63,10,622.150686
-0.61,8,622.177745
1.58,9,622.206563
1.48,10,622.241298
-0.44,10,622.278071
1.14,4,622.290093
1.65,11,622.327398
1.53,10,622.400126
-0.3,11,622.439921
-0.79,9,622.502782
-0.36,12,622.546857
-0.53,12,622.587111
-0.76,6,622.607024
1.14,4,622.624127
1.68,10,622.656675
-0.71,7,622.683426
1.14,4,622.695742
1.14,4,622.70703
-0.62,9,622.736174
-0.6,12,622.774975
1.53,10,622.805035
-0.6,10,622.837821
1.14,4,622.850198
1.14,4,622.862691
1.14,4,622.873829
1.14,4,622.886337
1.48,10,622.917689
-0.58,9,622.944521
1.53,12,622.982948
1.14,4,622.994068
-0.73,8,623.018205
-0.79,9,623.04513
1.14,4,623.057279
1.14,4,623.068253
-0.59,8,623.096037
1.57,11,623.129157
-0.83,7,623.151931
1.14,4,623.16432
1.14,4,623.177793
1.61,10,623.206397
-0.64,11,623.243696
1.14,4,623.256879
-0.62,8,623.287672
1.48,10,623.315873
1.64,10,623.349679
1.14,4,623.365407
-0.38,12,623.410914
-0.85,9,623.438394
1.14,4,623.450661
1.14,4,623.462879
1.14,4,623.475636
1.14,4,623.486764
-0.88,7,623.510876
-0.42,11,623.543996
-0.81,6,623.564317
1.14,4,623.576626
-0.51,9,623.606592
1.14,4,623.61553
1.14,4,623.627959
1.14,4,623.640101
1.14,4,623.655983
-0.71,7,623.680162
1.67,11,623.716232
1.58,10,624.593002
1.14,4,624.604836
1.14,4,624.616878
-0.5,10,624.651859
1.14,4,624.665076
-0.35,12,624.704277
1.66,11,624.743504
-0.53,10,624.779312
-0.85,9,624.808599
1.14,4,624.820614
1.14,4,624.840486
1.4,10,624.891648
1.66,10,624.930145
-0.52,10,624.963831
1.63,10,624.99301
1.14,4,625.004664
-0.76,6,625.025353
-0.83,8,625.051514
-0.65,11,625.092445
1.65,11,625.124519
1.53,10,625.15423
-0.62,9,625.18634
-0.5,11,625.21953
1.14,4,625.232616
-0.57,8,625.259644
1.56,9,625.289343
-0.95,8,625.313358
-0.5,10,625.34676
1.66,10,625.378462
1.14,4,625.390557
1.14,4,625.402234
1.14,4,625.414096
1.14,4,625.426123
1.14,4,625.437885
1.68,10,625.468465
1.14,4,625.480714
-0.52,10,625.513602
1.14,4,625.527158
-0.59,8,625.553794
1.19,5,625.568885
1.66,10,625.599594
-0.64,8,625.626425
1.14,4,625.64998
1.14,4,625.679486
1.14,4,625.707087
1.14,4,625.736184
1.14,4,625.758337
1.14,4,625.776599
1.14,4,625.791553
1.49,12,625.831736
1.61,9,625.861249
-0.84,8,625.884231
1.14,4,625.900488
-0.66,7,625.928133
1.71,10,625.96201
-0.46,12,626.000714
-0.72,8,626.031832
1.14,4,626.04417
1.63,11,626.077354
1.14,4,626.093081
1.14,4,626.105201
1.14,4,626.117423
-0.64,11,626.156059
1.14,4,626.16678
1.14,4,626.181556
-0.41,10,626.218759
1.53,10,626.248405
1.19,5,626.266392
-0.71,6,626.290944
-0.78,8,626.336969
1.14,4,626.359995
-0.43,14,626.407242
-0.66,7,626.430794
-0.71,6,626.449646
-0.41,10,626.487516
1.52,10,626.517647
1.53,10,626.54767
1.14,4,626.561375
1.14,4,626.574003
-0.5,10,626.607471
-0.46,17,626.68332
1.81,12,626.72892
-0.73,11,626.766396
1.14,4,626.776493
-0.57,9,626.804684
-0.77,7,626.827339
-0.4,11,626.8619
-0.44,9,626.894588
1.14,4,626.906731
-0.9,9,626.936812
1.14,4,626.950489
1.63,12,626.986581
1.14,4,627.005944
1.55,10,627.042648
1.49,9,627.074414
-0.39,11,627.113035
1.14,4,627.125926
-0.61,12,627.162265
-0.43,12,627.197853
-0.68,9,627.229523
-0.59,8,627.25597
1.46,9,627.284048
-0.54,9,627.31249
1.14,4,627.32474
1.14,4,627.337131
1.14,4,627.348895
1.14,4,627.360871
-0.58,9,627.383568
1.14,4,627.396123
1.14,4,627.408827
-0.54,8,627.43408
1.14,4,627.44483
1.14,4,627.456396
1.14,4,627.467941
1.14,4,627.481492
1.54,11,627.518304
-0.63,10,627.549779
-0.29,12,627.591715
-0.38,11,627.625432
-0.58,10,627.659975
1.14,4,627.672248
1.14,4,627.683431
1.14,4,627.695943
1.14,4,627.70806
1.14,4,627.721757
1.14,4,627.7326
1.14,4,627.744763
1.14,4,627.757599
1.42,10,627.786729
-0.8,10,627.817751
1.6,10,627.852325
-0.66,7,627.875954
1.14,4,627.888519
1.14,4,627.900143
1.14,4,627.911404
1.14,4,627.923778
1.14,4,627.935717
-0.43,12,627.979299
1.14,4,628.010035
-0.75,7,628.057199
-0.28,12,628.09666
-0.5,11,628.130851
1.14,4,628.142513
1.14,4,628.155461
1.14,4,628.170588
-0.82,12,628.202515
1.14,4,628.212283
-0.76,6,628.231949
1.14,4,628.247837
1.14,4,628.261312
-0.52,10,628.29355
1.55,10,628.325295
1.54,12,628.361472
1.14,4,628.373625
1.14,4,628.383661
1.14,4,628.395566
-0.47,10,628.427683
1.14,4,628.440598
1.37,10,628.471698
1.51,9,628.501979
-1.0,7,628.52193
1.14,4,628.53324
1.14,4,628.546315
1.14,4,628.558212
1.14,4,628.570812
1.14,4,628.582643
1.73,12,628.62069
-0.2,13,628.668361
1.41,11,628.705904
-0.62,11,628.741315
1.74,11,628.777808
1.61,10,628.837384
1.62,11,628.876967
1.14,4,628.89085
-0.72,7,628.914602
1.47,11,628.945021
1.14,4,628.958061
-0.67,8,628.984734
-0.76,6,629.004563
1.14,4,629.016427
1.14,4,629.029072
-0.36,11,629.064147
-0.59,9,629.096355
1.14,4,629.108575
-0.78,10,629.136853
1.42,10,629.167719
1.55,10,629.198255
1.14,4,629.209172
-0.43,12,629.249663
-0.41,10,629.282853
-0.61,8,629.308195
-0.61,8,629.338786
1.63,10,629.394644
1.14,4,629.417535
1.14,4,629.433191
1.37,10,629.465645
-0.72,8,629.492822
1.14,4,629.505075
1.14,4,629.516556
-0.81,8,629.540258
-0.48,11,629.575135
-0.91,4,629.589207
-0.36,14,629.63004
1.14,4,629.641924
1.14,4,629.653806
-0.83,7,629.677505
1.14,4,629.689728
1.14,4,629.702307
-0.23,13,629.742369
1.14,4,629.754677
-0.67,11,629.788895
1.14,4,629.803051
1.14,4,629.815695
-0.31,11,629.856277
1.14,4,629.871005
-0.82,6,629.891391
1.14,4,629.903383
1.33,11,629.935914
1.29,6,629.956824
-0.78,8,629.982045
1.14,4,629.996239
-0.26,13,630.037626
1.68,12,630.074915
-0.84,9,630.101958
1.66,10,630.132473
1.66,10,630.164814
1.61,10,630.195597
-0.77,7,630.21739
-0.77,7,630.237805
-0.64,7,630.279296
1.14,4,630.309374
1.61,10,630.345214
-0.54,9,630.378796
-0.48,15,630.423701
1.14,4,630.436572
1.14,4,630.448036
-0.76,6,630.466851
-0.82,6,630.48711
-0.25,13,630.531612
1.48,10,630.562889
-0.72,7,630.590184
1.14,4,630.602455
1.14,4,630.613739
-0.72,7,630.637843
1.14,4,630.649014
1.14,4,630.660615
1.14,4,630.672791
1.14,4,630.686008
-0.44,10,630.718033
-0.64,7,630.741636
-0.71,7,630.765823
1.61,9,630.838213
-0.59,11,630.882684
1.52,11,630.913523
1.7,10,630.943552
1.66,10,630.977286
-0.64,8,631.009611
1.14,4,631.022555
1.14,4,631.03433
1.63,10,631.067264
1.14,4,631.081271
1.38,9,631.112159
1.14,4,631.130483
1.14,4,631.142553
1.66,11,631.21278
1.14,4,631.240731
-0.9,9,631.300495
1.14,4,631.313612
1.14,4,631.325722
1.64,10,631.358537
-0.73,11,631.390248
1.14,4,631.40531
1.14,4,631.415818
1.14,4,631.427402
-0.82,12,631.469607
-0.52,10,631.504909
1.14,4,631.520126
-0.3,13,631.57272
1.14,4,631.587653
1.14,4,631.599232
1.14,4,631.612639
1.42,10,631.649709
-0.38,12,632.502653
1.14,4,632.516072
1.14,4,632.524976
1.76,11,632.563161
1.14,4,632.577795
-0.48,12,632.617028
-0.61,8,632.645164
-0.66,9,632.670976
1.19,5,632.695452
1.14,4,632.710648
1.14,4,632.722763
1.14,4,632.734551
1.14,4,632.746657
1.41,11,632.785376
-0.62,11,632.825992
1.14,4,632.838787
1.14,4,632.851549
1.14,4,632.861151
1.14,4,632.875263
1.14,4,632.889104
-0.45,10,632.922849
1.65,12,632.954154
-0.76,6,632.974094
-0.82,6,632.994474
-0.51,12,633.033157
-0.93,6,633.055833
1.51,13,633.096662
-0.63,10,633.126004
-0.71,7,633.144952
1.14,4,633.159534
1.14,4,633.171633
1.14,4,633.183658
1.23,7,633.205406
1.66,10,633.235801
1.14,4,633.246705
1.19,5,633.261747
1.14,4,633.277457
1.14,4,633.298018
-0.76,6,633.319967
-0.25,12,633.355489
1.52,10,633.385425
1.14,4,633.397871
1.14,4,633.410261
-0.62,9,633.441585
-0.87,5,633.457123
1.14,4,633.469891
1.14,4,633.482579
-0.35,12,633.518964
-0.42,11,633.55498
1.7,12,633.589638
1.14,4,633.604578
-0.48,10,633.642533
-0.59,8,633.665997
1.66,10,633.69956
-0.44,10,633.7295
1.63,12,633.809256
1.14,4,633.83241
1.14,4,633.85137
1.54,12,633.905069
1.14,4,633.918658
-0.66,10,633.949682
1.14,4,633.96156
-0.76,6,633.988487
1.51,9,634.033427
-0.73,9,634.061639
-0.56,14,634.109574
1.14,4,634.135009
1.14,4,634.166363
1.14,4,634.194952
1.14,4,634.215192
-0.65,9,634.274884
1.14,4,634.307966
1.61,10,634.392586
1.14,4,634.421874
-0.34,14,634.507808
1.14,4,634.519585
1.14,4,634.531605
-0.29,12,634.572846
1.14,4,634.593521
1.14,4,634.637992
1.14,4,634.655056
1.36,8,634.680049
-0.73,8,634.707688
1.14,4,634.722259
1.6,11,634.757811
1.14,4,634.773637
-0.67,8,634.802315
1.64,10,634.834766
1.55,10,634.865465
1.14,4,634.880552
1.14,4,634.892288
1.14,4,634.905911
1.7,12,634.941389
-0.45,11,634.979591
1.14,4,634.991651
-0.5,11,635.082515
1.58,11,635.168829
-0.36,10,635.22797
1.14,4,635.240474
1.14,4,635.256167
-0.66,7,635.280185
1.19,5,635.296367
-0.48,11,635.325724
-0.7,8,635.355078
-0.49,13,635.39907
-0.57,9,635.429764
-0.79,9,635.463333
-0.76,6,635.487321
1.47,11,635.521906
1.14,4,635.53318
1.14,4,635.545865
-0.84,10,635.575471
-0.76,6,635.594294
-0.89,8,635.619932
1.14,4,635.636322
-0.29,13,635.676167
-0.3,11,635.715659
1.14,4,635.725634
-0.64,8,635.753592
1.14,4,635.770618
1.14,4,635.782663
1.19,5,635.798506
-0.15,12,635.83969
1.14,4,635.854042
1.14,4,635.865623
1.14,4,635.877316
1.4,10,635.908454
1.14,4,635.920675
-0.77,7,635.949329
-0.54,9,635.978921
-0.12,12,636.017706
-0.76,6,636.037079
1.59,10,636.067755
1.14,4,636.083229
-0.75,10,636.11482
-0.67,8,636.144717
1.14,4,636.157607
1.54,9,636.190233
1.63,10,636.222323
1.14,4,636.234633
-0.64,7,636.260605
-0.76,8,636.291997
1.14,4,636.304203
1.53,10,636.337208
1.14,4,636.352903
-0.77,9,636.379054
1.14,4,636.390675
1.14,4,636.403861
1.14,4,636.42005
1.14,4,636.433154
1.53,13,636.473177
1.57,11,636.505628
1.64,10,636.539467
-0.6,9,636.570062
-0.44,12,636.605931
1.14,4,636.617693
-0.65,8,636.643433
-0.64,7,636.664658
1.14,4,636.676328
1.14,4,636.69054
-0.56,9,636.722958
1.66,10,636.753616
1.14,4,636.765968
1.64,10,636.803411
1.14,4,636.817022
1.55,10,636.85523
1.55,12,636.890726
-0.64,7,636.915581
1.14,4,636.92692
1.14,4,636.937732
1.14,4,636.95028
-0.38,12,636.985462
1.14,4,636.996971
1.14,4,637.007977
1.55,10,637.037291
1.14,4,637.05019
1.14,4,637.062684
1.14,4,637.074258
-0.27,11,637.111224
1.14,4,637.126996
-0.8,7,637.154673
1.14,4,637.166823
-0.6,9,637.198084
1.14,4,637.216328
1.14,4,637.234991
1.14,4,637.248871
1.14,4,637.263284
1.14,4,637.276006
-0.81,8,637.302585
1.14,4,637.314775
-0.54,8,637.357979
-0.65,12,637.420667
1.55,11,637.491869
1.14,4,637.51854
1.78,11,637.557591
-0.87,6,637.579906
1.14,4,637.591717
-0.67,8,637.618756
-0.57,9,637.648506
-0.29,13,637.689301
-0.56,8,637.716267
-0.66,9,637.743809
-0.66,10,637.775521
1.49,11,637.807337
1.14,4,637.832997
-0.64,11,637.897343
1.14,4,637.909647
-0.74,6,637.929517
-0.42,10,637.959261
-0.46,9,637.997321
-0.63,10,638.030141
-0.87,6,638.049062
-0.6,13,638.088083
-0.6,9,638.117953
1.14,4,638.131643
1.14,4,638.144221
1.63,10,638.206374
1.68,12,638.254335
-0.76,6,638.274381
-0.75,7,638.295614
1.4,9,638.322886
1.14,4,638.335492
1.14,4,638.356876
1.14,4,638.381744
-0.72,8,638.449517
-0.69,9,638.518199
1.49,9,638.549013
1.14,4,638.561211
1.75,12,638.597095
1.14,4,638.612407
1.14,4,638.624101
1.63,11,638.658753
1.55,10,638.688397
-0.76,6,638.707596
1.55,10,638.737556
-0.68,9,638.769182
1.14,4,638.781351
-0.38,13,638.827285
1.35,11,638.861838
-0.83,7,638.888957
-0.72,8,638.913583
1.14,4,638.925072
-0.79,6,638.946059
-0.88,7,638.974779
1.14,4,638.987322
-0.45,13,639.028023
-0.87,6,639.049239
1.61,10,639.083082
1.14,4,639.096599
-0.33,12,639.13552
1.14,4,639.14853
1.14,4,639.160706
1.62,11,639.197928
1.14,4,639.2105
1.39,11,639.246565
1.14,4,639.259497
1.14,4,639.273499
1.61,10,639.306126
1.14,4,639.318627
1.51,10,639.356074
1.14,4,639.369287
1.14,4,639.381261
-0.99,6,639.405479
1.14,4,639.420476
1.14,4,639.433069
1.53,10,639.463419
-0.41,13,639.501798
1.14,4,639.513764
-0.46,14,639.552809
1.14,4,639.563967
-0.36,12,639.601451
-0.71,7,639.630466
1.14,4,639.642741
1.55,10,639.69864
1.14,4,639.724327
1.14,4,639.743853
-0.5,10,639.775646
-0.63,10,639.81145
-0.87,10,639.841096
1.17,7,639.866912
1.14,4,639.878589
1.51,9,639.919963
-1.0,7,639.950914
1.4,10,639.986701
1.14,4,640.878404
-0.67,10,640.909331
1.14,4,640.920067
-0.68,9,640.951041
1.14,4,640.963062
1.14,4,640.979625
1.14,4,641.000372
-0.78,8,641.037563
1.43,9,641.068898
1.14,4,641.096271
1.61,10,641.159495
1.55,10,641.194791
-0.24,11,641.231135
1.7,12,641.266975
1.68,11,641.298308
-0.76,6,641.318151
1.14,4,641.330967
1.14,4,641.343217
1.14,4,641.354874
-0.55,14,641.402524
1.14,4,641.415651
-0.6,9,641.447792
1.14,4,641.461886
1.14,4,641.473867
1.14,4,641.486072
1.14,4,641.498773
1.14,4,641.511325
1.14,4,641.524413
1.41,11,641.566734
1.66,10,641.632936
-0.58,10,641.692071
-0.47,12,641.732264
-0.65,9,641.762538
1.14,4,641.776326
-0.63,12,641.812405
1.14,4,641.825564
-0.72,7,641.851878
-0.82,6,641.872578
-0.66,10,641.907098
1.14,4,641.91937
1.14,4,641.931631
-0.48,10,641.966047
1.14,4,641.983335
1.14,4,641.998431
1.14,4,642.010025
1.42,10,642.044091
1.14,4,642.062655
-0.59,11,642.099777
1.73,12,642.135267
-0.72,7,642.159256
-0.63,10,642.197406
-0.79,9,642.225183
-0.78,8,642.247838
1.14,4,642.259864
1.14,4,642.272619
1.14,4,642.284438
1.53,10,642.315778
1.14,4,642.32942
1.57,11,642.364779
-1.0,7,642.390563
1.44,8,642.419901
-0.6,9,642.451936
1.66,10,642.484759
-0.77,9,642.51377
1.14,4,642.526604
-0.28,12,642.563665
1.14,4,642.578222
-0.49,9,642.605658
1.14,4,642.617404
1.48,10,642.689988
1.47,11,642.723218
-0.43,12,642.761059
1.14,4,642.774587
1.68,10,642.807773
1.14,4,642.820448
1.14,4,642.835362
-0.4,11,642.868897
1.5,10,642.899688
-0.49,13,642.942298
1.66,10,642.974089
1.14,4,642.985832
-0.42,11,643.020757
1.14,4,643.032487
1.14,4,643.045166
1.75,12,643.089149
1.14,4,643.102998
1.14,4,643.115311
1.14,4,643.130691
-0.61,14,643.175556
1.14,4,643.18763
1.14,4,643.200343
-0.54,8,643.22703
1.14,4,643.238824
1.14,4,643.250518
-0.77,7,643.274557
-0.84,8,643.301931
1.14,4,643.31501
-0.48,11,643.346054
1.14,4,643.359391
-0.67,8,643.38709
-0.56,11,643.422509
1.64,10,643.454921
-0.64,11,643.487632
1.14,4,643.499616
-0.49,10,643.533374
-0.63,10,643.564553
1.14,4,643.577425
-0.46,11,643.614746
1.14,4,643.627906
1.14,4,643.640715
1.14,4,643.652663
1.14,4,643.66502
1.47,11,643.700652
1.31,10,643.732234
1.14,4,643.744514
1.14,4,643.756671
-0.67,8,643.784131
1.14,4,643.796618
1.14,4,643.808762
1.14,4,643.822116
1.56,9,643.851016
1.14,4,643.8627
1.54,12,643.900594
-0.66,7,643.924504
-0.76,6,643.943497
1.61,10,643.975198
1.14,4,643.987055
1.14,4,644.00039
1.14,4,644.012835
1.14,4,644.024951
1.14,4,644.036055
1.14,4,644.047659
1.14,4,644.06002
1.14,4,644.08077
1.14,4,644.094
-0.54,12,644.132958
1.14,4,644.151473
-0.65,8,644.188427
1.14,4,644.201779
1.14,4,644.216829
-0.68,11,644.252515
1.65,11,644.285368
1.14,4,644.297919
1.14,4,644.310606
-0.67,8,644.344473
-0.71,7,644.368873
1.14,4,644.385018
1.14,4,644.400003
-0.29,11,644.439839
1.14,4,644.454222
-0.59,8,644.482185
-0.68,12,644.530756
1.48,10,644.565617
1.14,4,644.578655
1.14,4,644.593238
1.14,4,644.605721
1.53,13,644.651381
1.33,8,644.67507
1.14,4,644.6899
1.66,10,644.726222
1.61,10,644.763464
1.14,4,644.775983
1.14,4,644.79305
-0.35,13,644.848064
1.55,10,644.883224
-0.65,8,644.920344
-0.62,9,644.953258
1.14,4,644.965123
1.42,11,645.01157
1.14,4,645.025813
-0.54,11,645.067853
1.14,4,645.078572
1.14,4,645.097804
1.62,13,645.149437
1.14,4,645.16501
-0.66,7,645.193365
-0.54,9,645.225577
1.61,10,645.261064
-0.76,6,645.285194
1.14,4,645.3009
-0.6,9,645.332544
-0.41,12,645.368028
1.14,4,645.384759
1.14,4,645.399523
-0.76,6,645.424557
1.14,4,645.439886
1.14,4,645.455189
1.14,4,645.469611
1.78,11,645.513161
1.57,12,645.579698
1.14,4,645.604728
1.46,12,645.646899
1.59,10,645.673952
1.63,10,645.705081
1.48,10,645.738782
-0.61,10,645.775452
-0.55,11,645.811816
1.42,10,645.842411
1.14,4,645.860463
1.56,9,645.891191
1.14,4,645.908155
1.78,12,645.948708
1.14,4,645.960698
-0.77,7,645.985907
-0.5,11,646.061735
1.14,4,646.08268
-0.64,8,646.125765
-0.38,12,646.211847
1.14,4,646.229141
1.14,4,646.241749
1.29,6,646.258323
-0.89,8,646.290435
1.14,4,646.304825
1.53,10,646.348618
1.14,4,646.363291
1.14,4,646.377664
1.14,4,646.392043
1.14,4,646.404178
1.14,4,646.417413
1.14,4,646.429553
1.14,4,646.441837
1.14,4,646.454134
1.14,4,646.46461
1.14,4,646.476851
-0.28,13,646.525713
1.14,4,646.54133
1.52,10,646.578623
1.52,11,646.609984
1.64,10,646.64532
1.14,4,646.656999
1.37,10,646.695179
1.14,4,646.707182
1.61,10,646.739649
1.14,4,646.755821
1.14,4,646.767126
1.14,4,646.779548
1.14,4,646.794714
-0.55,10,646.860654
1.14,4,646.874101
-0.67,8,646.909108
-0.68,10,646.946358
1.14,4,646.969899
-0.61,8,647.016045
-0.6,10,647.051419
-0.26,12,647.089259
1.14,4,647.102418
1.14,4,647.112668
-0.61,8,647.138676
1.78,11,647.178813
1.63,10,647.220795
1.14,4,647.236211
-0.6,9,647.262802
-0.61,11,647.303869
-0.43,13,647.345525
1.14,4,647.35716
-0.54,10,647.389116
1.14,4,647.401142
1.14,4,647.412799
1.14,4,647.426073
1.14,4,647.438494
1.46,10,647.473632
1.54,11,647.542313
1.14,4,647.561997
1.25,11,647.600437
-0.49,12,647.641233
1.14,4,647.654201
1.14,4,647.666084
-0.62,9,647.694585
-0.64,11,647.738509
1.14,4,647.765991
-0.77,7,647.79793
1.14,4,647.80821
1.73,11,647.846094
-0.75,8,647.874426
1.51,9,647.901973
1.14,4,647.914163
1.14,4,647.927469
-0.79,9,647.955536
1.53,10,647.984577
1.14,4,647.999253
1.61,11,648.087427
-0.79,9,648.169719
1.14,4,648.200255
1.19,5,648.221761
1.14,4,648.237195
1.14,4,648.252238
-0.49,11,648.287137
-0.69,11,648.325632
1.14,4,648.339332
1.14,4,648.351261
1.14,4,648.364287
1.14,4,648.37474
-0.42,14,649.349367
-0.66,10,649.382842
1.14,4,649.394535
1.14,4,649.407299
1.14,4,649.419362
1.14,4,649.43122
-0.46,9,649.46118
1.53,10,649.491467
1.43,11,649.530129
1.39,8,649.587584
-0.47,10,649.628211
-0.49,9,649.661577
1.33,10,649.692613
1.14,4,649.704816
1.5,11,649.741032
1.14,4,649.753172
1.55,11,649.789339
1.14,4,649.804316
-0.78,8,649.828011
-0.68,9,649.856913
1.14,4,649.869356
-0.86,5,649.886171
1.5,10,649.916891
-0.66,7,649.940694
1.14,4,649.954603
1.83,12,649.992785
1.14,4,650.004714
1.14,4,650.017839
-0.67,8,650.067538
1.59,10,650.132416
-0.83,7,650.154562
-0.77,7,650.176613
1.14,4,650.188708
1.14,4,650.20082
-0.51,9,650.238689
1.63,10,650.272786
-0.5,10,650.305742
1.14,4,650.317599
-0.67,8,650.342776
1.68,11,650.379014
1.59,10,650.408085
1.14,4,650.421028
1.57,12,650.45385
-0.66,13,650.494356
-0.66,7,650.519719
1.43,9,650.547428
1.14,4,650.560936
-0.41,9,650.59459
-0.63,12,650.659978
1.49,11,650.694013
1.53,10,650.772313
-0.59,8,650.838195
1.14,4,650.87134
1.53,10,650.964998
-0.53,11,651.000727
1.6,11,651.033334
1.58,11,651.069487
1.37,10,651.106363
1.14,4,651.119579
1.14,4,651.13089
1.14,4,651.143248
1.14,4,651.166496
1.53,10,651.22566
1.14,4,651.239064
1.35,12,651.272724
1.14,4,651.286051
-0.34,10,651.320596
1.14,4,651.332925
1.14,4,651.345279
-0.2,13,651.388625
-0.67,8,651.414407
1.14,4,651.429704
1.14,4,651.44162
1.14,4,651.453716
-0.54,11,651.487469
-0.54,12,651.525851
1.14,4,651.538355
1.14,4,651.551635
1.14,4,651.561953
-0.55,14,651.607779
-0.76,6,651.628227
1.14,4,651.640737
1.14,4,651.652785
1.14,4,651.66526
1.14,4,651.676798
1.14,4,651.688628
1.56,10,651.72088
0.01,18,651.775507
1.66,10,651.805306
1.53,11,651.843004
-0.56,11,651.906823
-0.47,11,651.945014
1.37,9,651.972752
1.14,4,651.985426
1.14,4,651.998034
-0.81,5,652.016477
-0.77,7,652.03764
1.14,4,652.049487
1.14,4,652.058985
1.44,8,652.083976
-0.61,8,652.13978
-0.54,8,652.183875
1.14,4,652.196486
1.14,4,652.209684
1.64,10,652.242942
1.54,12,652.27975
-0.58,10,652.312264
-0.49,12,652.349833
1.47,11,652.381656
-0.59,9,652.416595
-0.47,10,652.452494
1.49,11,652.486589
-0.74,10,652.517275
1.14,4,652.529694
1.14,4,652.542089
1.55,10,652.573595
1.14,4,652.58621
1.42,10,652.619606
-0.7,8,652.654068
1.51,9,652.684541
1.14,4,652.697275
-0.77,7,652.723306
-0.62,9,652.751902
-0.69,10,652.783695
1.14,4,652.795724
1.14,4,652.807963
1.14,4,652.820544
1.14,4,652.834942
-0.46,12,652.873702
1.14,4,652.889564
1.14,4,652.901873
1.14,4,652.918313
1.14,4,652.930556
1.14,4,652.942286
1.14,4,652.955348
-0.8,10,652.984878
1.45,9,653.014814
-0.48,12,653.051438
1.38,9,653.081763
1.14,4,653.093716
-0.77,7,653.120694
1.14,4,653.132847
-0.76,6,653.152486
1.14,4,653.165731
1.14,4,653.177759
-0.47,13,653.21777
1.14,4,653.229833
-0.82,9,653.256458
-0.54,9,653.318601
1.49,9,653.391632
1.14,4,653.410863
1.14,4,653.424503
-0.46,9,653.454981
-0.87,8,653.480401
1.56,13,653.521172
-0.5,11,653.553194
-0.55,10,653.585372
-0.67,8,653.610693
-0.46,9,653.641609
1.45,10,653.671591
1.14,4,653.684033
1.14,4,653.69636
-0.34,11,653.729966
-0.46,9,653.762508
-0.68,9,653.791563
1.14,4,653.803314
1.58,10,653.841037
-0.67,8,653.870005
1.69,11,653.906319
-0.34,12,653.950235
1.14,4,653.962517
1.14,4,653.976833
1.14,4,653.988864
1.14,4,654.000399
-0.76,6,654.019447
1.14,4,654.032234
1.14,4,654.043978
-0.77,7,654.067279
1.14,4,654.080343
1.49,9,654.107206
1.6,10,654.141613
-0.34,16,654.194464
1.14,4,654.205386
1.14,4,654.219441
1.14,4,654.233188
1.14,4,654.246283
1.14,4,654.258421
1.14,4,654.273343
1.49,9,654.298948
1.81,12,654.336484
-0.52,10,654.367008
-0.83,7,654.389005
1.53,9,654.41748
1.54,11,654.485549
-0.41,11,654.523463
1.14,4,654.536284
-0.57,9,654.5645
-0.63,10,654.597127
-0.72,9,654.627661
-0.13,14,654.674604
1.57,11,654.706554
1.14,4,654.719193
-0.51,9,654.750042
-0.38,11,654.789062
1.14,4,654.802418
1.14,4,654.816802
-0.48,14,654.858492
1.14,4,654.873782
1.14,4,654.885817
-0.82,10,654.916882
-0.59,8,654.944307
-0.54,8,654.970709
1.51,12,655.005211
1.14,4,655.017618
-0.35,12,655.056227
-0.34,11,655.092397
-0.61,8,655.120069
1.14,4,655.13277
-0.61,8,655.158236
-0.52,10,655.192995
1.53,10,655.232196
-0.66,7,655.278812
-0.71,7,655.30455
1.14,4,655.316785
-0.66,7,655.340285
1.51,9,655.369828
-0.53,11,655.406114
1.14,4,655.418145
-0.71,7,655.441295
1.64,13,655.483954
1.14,4,655.498052
-0.37,11,655.535188
1.52,11,655.56927
-0.35,12,655.608957
-0.47,11,655.64169
1.64,10,655.667729
1.14,4,655.679676
-0.64,7,655.703568
-0.25,15,655.749392
1.14,4,655.760533
-0.61,8,655.787797
1.14,4,655.80031
1.14,4,655.812849
1.53,10,655.849579
1.37,10,655.881508
1.21,9,655.91006
-0.49,9,655.960471
1.14,4,655.986628
1.14,4,656.006175
-0.58,10,656.040282
1.64,10,656.071507
1.14,4,656.084211
1.14,4,656.096043
-0.91,4,656.108464
-0.26,15,656.153472
1.14,4,656.16628
1.51,9,656.195145
1.14,4,656.207993
-0.66,7,656.230765
1.14,4,656.247328
1.14,4,656.259542
1.14,4,656.27284
-0.78,8,656.300408
1.14,4,656.313295
1.14,4,656.325313
1.14,4,656.337188
1.51,9,656.366665
1.48,10,656.402548
-0.47,10,656.436334
1.85,13,656.474288
1.14,4,656.501934
1.66,13,657.549787
1.47,13,657.602683
1.14,4,657.631696
1.14,4,657.664068
-0.4,11,657.747656
-0.37,12,657.785729
1.14,4,657.80094
1.14,4,657.813446
-0.66,7,657.838811
1.52,12,657.889472
1.64,10,657.921741
1.38,9,657.954187
-0.47,13,657.994549
-0.21,13,658.033717
-0.44,10,658.065453
-0.65,12,658.100326
-0.41,9,658.129489
1.76,14,658.175282
1.14,4,658.187546
-0.71,9,658.217674
1.14,4,658.230898
-0.68,9,658.261324
-0.49,9,658.305716
-0.96,6,658.327085
1.14,4,658.339634
1.14,4,658.352703
-0.71,6,658.374546
1.14,4,658.386983
-0.78,8,658.415612
-0.22,16,658.473969
-0.76,6,658.496433
1.47,9,658.528428
-0.4,13,658.569474
1.54,11,658.620731
-0.74,10,658.669105
1.57,12,658.714051
-0.49,12,658.761209
1.5,11,658.798174
1.14,4,658.812484
1.14,4,658.83017
1.14,4,658.843894
1.49,9,658.880638
-0.92,5,658.899123
-0.4,11,658.93435
1.14,4,658.949036
-0.67,8,658.980875
1.44,10,659.019247
-0.4,11,659.062571
1.56,9,659.089234
1.14,4,659.10179
1.14,4,659.115608
1.14,4,659.128337
1.14,4,659.140644
-0.33,12,659.1771
1.14,4,659.189652
-0.5,10,659.226206
-0.61,11,659.26334
1.14,4,659.281747
-0.83,7,659.338011
1.14,4,659.355152
1.14,4,659.366862
1.5,10,659.396508
1.14,4,659.408518
-0.38,14,659.4509
1.14,4,659.463108
1.14,4,659.482575
1.63,11,659.529535
-0.51,10,659.566432
1.57,12,659.607882
-0.64,11,659.643609
1.14,4,659.655338
-0.32,15,659.708577
-0.48,10,659.740076
1.14,4,659.752818
-0.55,10,659.785025
1.14,4,659.798015
-0.26,14,659.848415
1.14,4,659.867184
1.53,10,659.902545
-0.49,12,660.001916
1.14,4,660.034377
-0.23,14,660.149178
1.54,11,660.195103
1.19,5,660.213728
1.14,4,660.229907
1.53,11,660.267717
1.14,4,660.283432
-0.83,7,660.30336
1.61,10,660.334486
1.14,4,660.34707
1.54,12,660.383462
1.52,11,660.42473
-0.81,11,660.460042
1.14,4,660.475235
1.14,4,660.485371
1.52,11,660.520684
1.53,10,660.559092
1.51,9,660.600805
-0.47,11,660.672236
1.43,9,660.711485
1.53,11,660.748576
-0.61,10,660.783131
-0.64,11,660.820106
1.14,4,660.832839
1.14,4,660.845371
1.14,4,660.85811
1.43,9,660.884761
1.39,8,660.913157
1.14,4,660.926092
-1.01,8,660.951586
-0.75,8,660.976081
-0.54,12,661.013551
-0.68,9,661.048662
-0.67,8,661.078123
1.68,14,661.129248
1.14,4,661.141161
1.14,4,661.152514
1.14,4,661.164212
-0.52,10,661.201185
-0.77,8,661.231153
-0.58,10,661.267229
-0.47,12,661.344051
1.14,4,661.361185
1.3,11,661.395768
-0.56,8,661.423854
-0.51,9,661.457765
1.58,11,661.490353
-0.39,10,661.52579
1.14,4,661.537571
-0.57,9,661.568324
1.14,4,661.583052
-0.41,11,661.634447
-0.59,11,661.723422
-0.32,16,661.83146
1.14,4,661.843805
1.14,4,661.85563
1.66,11,661.888695
1.14,4,661.901688
1.52,12,661.942007
1.14,4,661.954463
1.14,4,661.966301
-0.35,12,662.004725
-0.36,12,662.078388
-0.61,8,662.126259
-0.38,12,662.16582
1.14,4,662.179596
-0.72,8,662.205157
1.76,11,662.238216
1.68,11,662.2721
1.14,4,662.283983
-0.59,8,662.311066
1.36,7,662.332089
1.58,10,662.362756
-0.56,11,662.395769
1.14,4,662.409131
1.14,4,662.421049
1.14,4,662.433165
1.66,10,662.46474
-0.36,12,662.501336
1.35,10,662.534021
-0.59,8,662.55819
-0.83,7,662.57887
1.14,4,662.590705
1.14,4,662.601248
1.38,9,662.629691
-0.44,11,662.664915
1.14,4,662.677458
-0.47,10,662.709892
-0.92,5,662.729163
-0.47,14,662.775011
-0.26,13,662.824769
1.14,4,662.852437
-0.62,13,662.913568
1.19,5,662.930367
1.14,4,662.943074
1.56,10,662.972502
1.53,9,663.000981
-0.43,12,663.042164
-0.31,12,663.082209
-0.76,6,663.102266
-0.58,10,663.134416
1.79,11,663.209282
1.14,4,663.221302
-0.57,9,663.255345
1.14,4,663.271153
-0.42,14,663.349043
-0.55,10,663.387638
1.42,10,663.418218
1.14,4,663.429063
1.14,4,663.442907
-0.62,9,663.473532
-0.68,9,663.52921
1.14,4,663.55244
1.14,4,663.56914
1.53,10,663.601506
1.14,4,663.613217
-0.59,8,663.639751
1.75,12,663.67735
1.14,4,663.689686
1.38,9,663.748737
-0.61,8,663.792595
-0.56,11,663.82953
-0.46,9,663.863579
1.52,11,663.897682
1.14,4,663.911615
-0.78,8,663.935985
1.14,4,663.946999
-0.26,15,663.99724
1.14,4,664.008986
-0.13,14,664.050341
-0.75,7,664.099752
1.37,10,664.1415
1.66,10,664.171757
1.14,4,664.183766
1.14,4,664.195801
-0.41,9,664.225917
-1.0,7,664.246358
1.14,4,664.257824
-0.78,8,664.28257
-0.66,7,664.310607
1.14,4,664.322863
1.33,8,664.347425
1.14,4,664.360429
1.14,4,664.37413
-0.64,7,664.395561
-0.78,8,664.421768
1.57,12,664.458725
1.14,4,664.471026
1.68,10,664.502935
-0.54,9,664.537636
1.14,4,664.556224
1.66,11,664.604289
-0.41,12,664.643924
-0.29,11,664.682248
-0.64,11,664.731401
-0.67,8,664.763146
-0.78,8,664.7863
-0.51,11,664.822096
-0.2,12,664.868653
-0.28,13,664.915367
1.14,4,664.929967
1.14,4,664.942614
1.49,13,664.98094
1.66,10,665.014059
1.54,11,665.047512
1.14,4,665.0601
1.14,4,665.07253
1.52,11,665.110504
1.14,4,665.128381
-0.34,10,665.169992
-0.72,7,665.196638
-0.26,11,665.235347
1.14,4,665.252012
1.14,4,666.167533
-0.64,10,666.191041
1.14,4,666.20341
-0.36,12,666.239945
1.14,4,666.256002
1.67,12,666.291499
1.63,11,666.328198
-0.41,11,666.365758
-0.29,13,666.406878
-0.58,10,666.458247
-0.66,10,666.520946
1.51,9,666.556676
1.14,4,666.569525
1.63,12,666.60474
-0.28,12,666.642623
1.48,10,666.672548
-0.76,6,666.697753
-0.61,10,666.730055
1.62,12,666.768152
1.56,9,666.795907
-0.67,8,666.82395
-0.72,7,666.850227
1.14,4,666.861565
1.61,10,666.89245
1.55,10,666.922924
1.14,4,666.935048
-0.39,13,666.988809
-0.62,9,667.016598
1.14,4,667.02912
1.47,11,667.062761
1.14,4,667.077579
1.14,4,667.090725
1.14,4,667.104243
-0.68,9,667.133224
-0.61,8,667.159672
-0.6,9,667.188591
1.14,4,667.201359
1.45,9,667.237979
1.14,4,667.252308
-0.47,15,667.295621
-0.28,13,667.335834
-0.65,8,667.361059
1.14,4,667.373732
-0.62,9,667.402496
-0.61,10,667.434047
1.14,4,667.44889
1.67,11,667.48231
-0.99,6,667.503574
-0.71,7,667.52695
-0.69,7,667.549703
1.14,4,667.561869
-0.24,16,667.613256
1.14,4,667.626027
1.14,4,667.640167
1.63,10,667.67077
-0.77,7,667.693415
-0.87,11,667.729429
-0.76,6,667.749495
-0.34,11,667.787889
-0.76,6,667.807739
1.14,4,667.820225
1.32,9,667.847202
1.62,12,667.920241
-0.51,11,667.964784
1.14,4,667.97778
1.14,4,667.990654
1.14,4,668.006896
1.14,4,668.019392
1.14,4,668.031427
-0.15,12,668.067724
1.14,4,668.08017
1.14,4,668.092979
-0.74,7,668.117964
-0.54,8,668.159279
1.14,4,668.18509
1.8,11,668.228476
-0.28,12,668.26456
1.14,4,668.276943
-0.63,10,668.30618
1.14,4,668.318528
1.42,10,668.349099
-0.74,10,668.381189
-0.66,7,668.406155
1.56,9,668.437529
1.14,4,668.450078
1.14,4,668.464754
1.65,11,668.498052
1.65,12,668.534453
1.14,4,668.546008
1.14,4,668.558291
1.14,4,668.570184
1.58,10,668.60056
1.14,4,668.612365
1.46,8,668.637464
-0.86,7,668.657725
1.53,9,668.688735
1.33,8,668.716081
1.56,13,668.755245
-0.68,9,668.784113
-0.67,8,668.813308
1.55,10,668.851496
-0.34,13,668.926036
1.14,4,668.959445
1.14,4,668.982106
1.14,4,669.002779
1.14,4,669.015813
1.14,4,669.031048
1.53,10,669.074085
-0.35,11,669.109698
1.57,11,669.140799
1.14,4,669.154221
1.14,4,669.166684
1.14,4,669.178661
1.14,4,669.190909
1.51,9,669.220457
1.14,4,669.232692
-0.68,9,669.262059
-0.32,11,669.320063
-0.56,11,669.363244
1.14,4,669.376348
-0.73,8,669.405599
1.54,11,669.438201
-0.73,9,669.46496
-0.69,7,669.487881
1.6,12,669.523275
1.19,5,669.539443
-0.63,10,669.572318
1.14,4,669.587837
1.14,4,669.600399
1.42,10,669.628786
1.14,4,669.645684
1.14,4,669.658417
-0.57,9,669.689314
1.14,4,669.702307
1.63,11,669.734184
1.5,10,669.769006
-0.62,9,669.80198
1.45,9,669.836385
1.14,4,669.853009
-0.75,10,669.925417
-0.68,9,669.997546
1.41,11,670.054335
1.14,4,670.06778
-0.48,11,670.104308
1.14,4,670.116662
1.14,4,670.130805
1.14,4,670.146315
1.14,4,670.160588
-0.66,7,670.184016
-0.72,11,670.21699
-0.77,7,670.243038
-0.76,6,670.261442
-0.71,7,670.292708
1.23,7,670.319998
1.14,4,670.331727
-0.4,11,670.366307
-0.66,13,670.405014
1.44,8,670.430838
-0.67,8,670.457652
-0.57,9,670.485948
1.65,12,670.522635
-0.76,6,670.540915
1.14,4,670.553906
-0.59,8,670.579246
1.14,4,670.591703
1.14,4,670.603388
1.47,11,670.634376
1.59,10,670.684347
-0.52,13,670.740598
1.14,4,670.753591
-0.6,9,670.785661
1.14,4,670.7991
-0.35,12,670.842034
-0.7,8,670.869574
-0.84,8,670.89552
1.14,4,670.907722
-0.44,9,670.938669
-0.4,13,670.982368
1.42,10,671.014771
1.14,4,671.027318
1.14,4,671.056207
1.14,4,671.086598
1.14,4,671.120825
1.14,4,671.155571
1.14,4,671.189867
1.14,4,671.22082
1.14,4,671.25334
-0.72,10,671.323905
-0.8,12,671.356429
1.14,4,671.36885
1.14,4,671.383156
1.14,4,671.402079
-0.37,11,671.448159
1.14,4,671.461377
-0.4,11,671.495734
-0.69,7,671.51954
1.14,4,671.543067
1.42,10,671.593383
1.14,4,671.634267
1.61,10,671.681494
1.14,4,671.691628
1.14,4,671.704899
1.19,5,671.725829
1.24,6,671.74457
1.14,4,671.754842
1.14,4,671.767957
1.58,11,671.80482
1.14,4,671.817351
1.12,7,671.841026
-0.59,11,671.889348
-0.64,8,671.9147
1.14,4,671.931296
-0.67,8,671.963229
1.14,4,671.97796
1.55,11,672.009655
1.14,4,672.021776
-0.83,10,672.055835
-0.37,10,672.095811
-0.33,12,672.14168
-0.48,11,672.17641
-0.4,13,672.224499
-0.43,12,672.260942
-0.77,10,672.292796
1.14,4,672.304553
-0.58,10,672.337331
1.14,4,672.350549
-0.14,13,672.39249
1.14,4,672.407657
-0.54,9,672.46257
1.68,10,672.520442
-0.69,13,672.560814
-0.42,9,672.591786
-0.56,10,672.622186
1.14,4,672.636176
-0.82,6,672.656236
1.66,10,672.687776
1.14,4,672.70105
1.14,4,672.712783
-0.66,7,672.737073
-0.59,9,672.769829
-0.73,11,672.806245
-0.66,7,672.828625
-0.66,9,672.858749
1.63,10,672.893799
-0.53,11,672.929634
-0.83,8,672.953494
1.61,13,672.992162
-0.87,5,673.013467
-0.62,8,673.041271
1.14,4,673.052726
-0.37,12,673.095202
-0.78,9,673.124455
-0.87,5,673.138208
-0.51,10,673.178331
1.14,4,673.189783
1.14,4,673.20374
-0.63,10,673.234374
-0.35,11,673.26783
1.14,4,673.284896
1.14,4,673.299207
1.14,4,673.312537
1.14,4,673.324848
1.14,4,673.335098
1.83,12,673.380575
1.14,4,673.39453
1.14,4,673.404945
-0.66,10,673.442831
1.14,4,673.457248
1.58,11,673.491437
-0.57,9,673.52054
1.14,4,673.530963
-0.54,8,673.555418
1.52,10,674.439031
1.33,8,674.467569
1.14,4,674.480519
1.14,4,674.494689
1.42,10,674.535125
1.14,4,674.547107
-0.5,10,674.579129
1.14,4,674.588876
1.14,4,674.601097
1.14,4,674.613958
1.14,4,674.625642
1.14,4,674.637823
-0.56,8,674.6638
-0.82,6,674.685168
1.34,10,674.713964
1.37,10,674.749815
-0.75,7,674.772418
1.58,10,674.808948
1.14,4,674.822724
-0.38,12,674.861985
-0.71,9,674.892735
1.58,9,674.930568
1.44,10,674.993155
1.14,4,675.009192
-0.62,9,675.042192
1.53,10,675.070794
1.14,4,675.08323
1.14,4,675.095208
1.55,10,675.127163
1.5,10,675.154768
1.58,10,675.197596
1.14,4,675.212804
1.14,4,675.227224
-0.32,11,675.267489
1.14,4,675.280177
-0.29,11,675.321036
-0.67,8,675.349537
1.14,4,675.362151
1.14,4,675.374173
1.31,10,675.404872
-0.64,14,675.445124
-0.72,8,675.484817
1.14,4,675.500306
1.14,4,675.513218
-0.72,8,675.567571
1.14,4,675.585871
1.3,11,675.629462
1.14,4,675.641327
-0.38,11,675.676151
1.14,4,675.690232
1.5,10,675.722274
-0.6,10,675.754074
1.14,4,675.766314
1.52,12,675.803825
1.14,4,675.816918
1.14,4,675.829536
-0.53,12,675.89337
-0.57,9,675.929628
1.45,11,675.966673
1.14,4,675.97972
1.38,9,676.006298
1.58,12,676.043762
1.19,5,676.059568
1.55,12,676.095861
1.85,12,676.131816
-0.67,8,676.156974
1.7,12,676.194313
1.14,4,676.208527
-0.76,6,676.229422
-0.59,12,676.268122
-0.77,7,676.297416
-0.52,11,676.333699
-0.78,8,676.358083
-0.47,9,676.390297
1.14,4,676.40378
-0.35,15,676.455622
-0.49,9,676.510518
1.14,4,676.525969
1.14,4,676.539137
1.14,4,676.55177
1.14,4,676.563352
1.62,12,676.601964
-0.61,14,676.648373
1.14,4,676.66229
1.61,14,676.710021
-0.71,6,676.730992
1.14,4,676.743239
1.7,12,676.782475
1.14,4,676.794685
1.6,11,676.82494
-0.5,10,676.857249
1.14,4,676.870354
-0.61,11,676.924357
-0.62,12,676.997548
1.14,4,677.009929
-0.61,8,677.039741
1.14,4,677.053369
1.14,4,677.06554
1.14,4,677.079322
1.14,4,677.092774
-0.69,10,677.126059
-0.71,7,677.162748
1.59,10,677.198738
1.6,11,677.234604
1.14,4,677.249559
-0.45,11,677.290993
1.14,4,677.306137
1.32,9,677.338575
1.78,12,677.378415
1.14,4,677.395009
1.14,4,677.406725
-0.69,7,677.428888
-0.53,11,677.460796
1.14,4,677.472745
1.14,4,677.485238
1.14,4,677.498023
1.31,10,677.528452
1.14,4,677.54391
1.14,4,677.553531
1.19,5,677.567234
1.14,4,677.580541
-0.77,7,677.603888
1.44,8,677.630064
1.58,9,677.658669
-0.83,7,677.680865
-0.83,7,677.705081
-0.87,5,677.721115
1.14,4,677.734413
1.39,8,677.760921
1.14,4,677.771373
1.55,10,677.818617
1.14,4,677.832289
1.45,10,677.866622
1.38,9,677.894653
1.14,4,677.907723
-0.46,10,677.941528
1.14,4,677.950304
1.14,4,677.960675
1.14,4,677.970949
1.14,4,677.982528
1.14,4,677.993796
1.31,10,678.024255
-0.5,10,678.054957
1.14,4,678.071587
-0.44,14,678.116058
-0.68,9,678.150261
1.14,4,678.162664
1.55,10,678.194049
-0.78,8,678.221292
1.14,4,678.232578
-0.82,12,678.273625
1.14,4,678.284533
-0.45,11,678.318794
1.56,9,678.348216
1.61,10,678.378302
1.14,4,678.390838
1.56,9,678.421798
-0.54,9,678.452286
1.14,4,678.463043
-0.8,6,678.481749
1.14,4,678.493829
1.14,4,678.505755
-0.78,10,678.545706
-0.47,10,678.591807
1.14,4,678.610413
-0.18,12,678.674899
1.14,4,678.687461
1.14,4,678.699952
1.14,4,678.712499
1.14,4,678.725626
1.14,4,678.738502
1.14,4,678.752296
1.14,4,678.762863
1.14,4,678.774605
-0.66,11,678.821414
-0.21,14,678.874089
1.14,4,678.886255
1.66,10,678.914828
1.14,4,678.927285
1.58,10,678.959228
-0.56,9,678.99209
1.14,4,679.00236
-0.35,12,679.044152
1.14,4,679.055297
-0.61,10,679.087815
1.39,8,679.116617
1.14,4,679.129314
1.43,9,679.154001
-0.73,8,679.181391
-0.6,9,679.214367
1.14,4,679.226931
1.14,4,679.239722
1.14,4,679.253409
1.14,4,679.265167
1.56,9,679.299388
-0.47,10,679.347426
-0.41,11,679.418772
1.47,11,679.451794
-0.57,9,679.481635
1.14,4,679.493678
1.14,4,679.506243
1.66,10,679.53896
-0.4,14,679.601607
1.14,4,679.628287
-0.79,9,679.665885
1.37,10,679.696342
-0.45,12,679.737247
1.52,10,679.773709
-0.4,13,679.815709
-0.61,8,679.847682
1.14,4,679.864933
1.14,4,679.878063
1.14,4,679.889578
-0.79,9,679.923308
1.14,4,679.938023
-0.78,8,679.963813
-0.6,9,679.989824
-0.67,8,680.016537
-0.59,8,680.044131
1.14,4,680.056167
-0.57,9,680.08574
1.14,4,680.098296
1.35,9,680.129038
-0.49,15,680.173561
1.56,9,680.201316
-0.52,12,680.235016
1.14,4,680.247641
1.14,4,680.259278
-0.48,11,680.295485
1.14,4,680.308078
1.14,4,680.32127
1.14,4,680.332488
1.14,4,680.346192
-0.37,11,680.382312
-0.24,13,680.42231
1.14,4,680.434167
-0.44,10,680.468706
-0.59,11,680.503294
-0.47,13,680.538811
-0.48,14,680.579973
1.14,4,680.595303
-0.61,8,680.627679
-0.64,7,680.651194
1.14,4,680.66289
-0.64,11,680.695723
-0.83,7,680.717807
1.14,4,680.731097
-0.58,11,680.763351
1.14,4,680.775433
1.14,4,680.785929
1.55,10,680.818656
-0.66,7,680.850015
1.14,4,680.862216
1.14,4,680.874491
1.14,4,680.886195
-0.68,12,680.923026
1.14,4,680.934767
1.14,4,680.948087
1.14,4,680.96142
1.14,4,680.973277
-0.62,9,681.003535
1.14,4,681.015105
-0.82,6,681.035224
1.58,10,681.066748
1.14,4,681.080427
1.56,9,681.141237
-0.82,6,681.195364
-0.32,14,681.250548
-0.6,9,681.281441
-0.66,7,681.304901
1.19,5,681.320538
1.57,11,681.352996
-0.63,12,681.428164
-0.37,10,681.473096
1.14,4,681.489014
-0.59,8,681.516875
1.14,4,681.529153
1.14,4,681.542006
-0.66,7,681.565429
1.14,4,681.576582
1.68,10,682.54961
1.14,4,682.562756
-0.48,11,682.611475
1.14,4,682.623855
-0.53,14,682.665484
1.61,10,682.699439
1.14,4,682.714895
1.14,4,682.727813
-0.38,14,682.769562
1.55,10,682.804649
-0.64,8,682.828682
1.14,4,682.845241
-0.17,13,682.886577
1.14,4,682.898457
1.14,4,682.910789
-0.62,9,682.951125
1.75,13,682.997513
1.52,11,683.030598
-0.61,10,683.06043
1.66,10,683.09121
1.59,10,683.12263
-0.61,8,683.149259
1.14,4,683.161598
-0.44,10,683.194507
-0.61,8,683.223157
1.56,9,683.253495
1.14,4,683.265772
1.14,4,683.278161
1.53,10,683.308614
1.44,8,683.337144
1.14,4,683.349164
1.14,4,683.363824
1.14,4,683.377933
1.19,5,683.397
-0.09,13,683.463727
-0.59,9,683.536458
1.58,10,683.5807
1.14,4,683.593015
-0.3,13,683.640203
1.49,11,683.676805
-0.78,8,683.704438
-0.56,8,683.733109
-0.61,11,683.774742
1.14,4,683.786988
-0.6,9,683.816199
1.55,10,683.844486
1.14,4,683.873803
-0.55,11,683.938279
-0.62,9,683.967724
-0.68,12,684.001667
-0.77,7,684.025491
1.38,9,684.052205
1.14,4,684.063387
-0.44,12,684.10343
-0.59,14,684.170256
1.55,10,684.202697
1.14,4,684.215325
1.68,10,684.278402
1.53,10,684.358081
-0.62,11,684.403259
1.14,4,684.414909
-0.63,13,684.500698
1.14,4,684.516444
1.14,4,684.526212
-0.48,11,684.572681
1.38,9,684.598521
-0.59,11,684.635784
1.14,4,684.650477
1.68,12,684.686211
-0.72,8,684.713496
1.51,10,684.746878
-0.51,9,684.821438
1.14,4,684.843596
-0.57,10,684.909476
1.78,11,684.942917
-0.82,6,684.962633
-0.75,13,684.999783
1.14,4,685.01288
1.63,10,685.045331
-0.62,9,685.076857
1.3,11,685.115368
1.55,11,685.161482
1.14,4,685.177417
1.52,11,685.217833
1.14,4,685.230003
-0.78,8,685.264216
1.38,9,685.299489
1.57,12,685.33572
-0.46,9,685.367981
-0.7,14,685.409148
1.14,4,685.422834
0.04,16,685.47349
1.42,10,685.508154
1.14,4,685.521844
-0.68,9,685.55462
1.59,10,685.58793
1.14,4,685.599896
-0.47,10,685.635312
1.14,4,685.64851
1.43,10,685.680915
1.14,4,685.693198
1.52,11,685.767627
1.14,4,685.784841
1.14,4,685.797895
1.14,4,685.822477
1.14,4,685.840871
1.14,4,685.863452
1.57,12,685.956002
-0.58,11,686.022304
1.14,4,686.050529
1.14,4,686.067145
1.14,4,686.081611
-0.68,9,686.110012
-0.67,10,686.141297
-0.59,8,686.16825
1.14,4,686.179652
1.14,4,686.191586
-0.27,11,686.228889
1.49,11,686.261894
-0.6,10,686.295927
1.14,4,686.309421
1.38,9,686.341653
1.14,4,686.35454
1.14,4,686.367212
-0.51,12,686.404516
1.14,4,686.41783
1.14,4,686.42967
1.14,4,686.445101
1.56,9,686.500604
-0.54,8,686.563179
1.14,4,686.591068
-0.79,9,686.639109
1.62,11,686.673918
-0.86,11,686.710084
-0.58,10,686.754211
1.14,4,686.767013
-0.49,13,686.810011
-0.58,11,686.845116
-0.51,12,686.923965
-0.28,12,687.02705
1.55,10,687.075689
1.14,4,687.108922
1.14,4,687.140353
-0.49,9,687.181451
1.31,10,687.21064
-0.76,6,687.230759
1.14,4,687.243185
1.14,4,687.258271
1.61,10,687.290957
-0.73,8,687.323539
1.32,9,687.353468
1.14,4,687.371572
1.14,4,687.38441
1.14,4,687.399796
-0.44,12,687.435238
1.14,4,687.454499
-0.64,11,687.490466
1.64,10,687.523504
-0.48,11,687.557191
1.14,4,687.569435
-0.55,9,687.605197
1.19,5,687.642665
-0.77,7,687.688736
1.14,4,687.702724
-0.62,9,687.737716
1.29,10,687.815577
1.14,4,687.838312
1.14,4,687.862211
1.42,10,687.944002
1.14,4,687.976959
-0.43,16,688.083218
1.14,4,688.094351
-0.8,10,688.126658
1.14,4,688.139281
1.14,4,688.154679
-0.52,10,688.234451
-0.56,8,688.306918
1.14,4,688.334944
1.14,4,688.355782
-0.83,7,688.380269
1.14,4,688.396072
1.32,9,688.429816
-0.49,9,688.457167
-0.81,5,688.473772
1.14,4,688.48666
-0.84,8,688.517378
-0.66,9,688.550346
1.14,4,688.561431
-0.75,11,688.593453
1.14,4,688.622717
1.14,4,688.652909
1.14,4,688.675807
1.14,4,688.689298
1.51,9,688.718058
-0.91,4,688.730374
-0.62,12,688.765919
1.14,4,688.778032
-0.49,12,688.818423
-0.39,14,688.857895
-0.72,7,688.884583
1.14,4,688.897712
-0.62,9,688.926406
1.14,4,688.938265
1.14,4,688.951829
1.14,4,688.966218
-0.64,11,688.998667
1.14,4,689.014384
-0.61,13,689.059245
1.14,4,689.070908
1.14,4,689.08309
1.14,4,689.097251
1.14,4,689.110781
1.41,8,689.136427
-0.6,11,689.169353
1.14,4,689.181543
-0.76,9,689.21028
-0.54,9,689.241415
1.14,4,689.253164
-0.55,12,689.288484
-0.83,8,689.312341
-0.18,14,689.385381
1.36,11,689.432806
1.43,9,689.502699
1.14,4,689.526677
-0.6,9,689.562427
1.42,10,689.592074
1.59,10,689.623814
1.14,4,689.637048
1.61,10,689.67305
-0.74,12,689.711778
1.61,10,689.746734
1.39,8,689.770611
1.19,5,689.786805
1.14,4,689.79824
-0.51,12,689.838874
-0.56,11,689.87727
-0.66,7,689.900339
1.14,4,689.912303
1.14,4,689.925203
-0.71,6,689.944685
1.14,4,689.955728
1.51,9,689.984447
-0.56,9,690.01371
1.14,4,690.025057
-0.46,13,690.109327
-0.58,11,690.143757
-0.42,11,690.181398
1.14,4,690.19312
1.52,10,690.223752
1.41,8,690.248557
1.53,10,690.279784
1.68,10,690.31453
1.14,4,690.326668
-0.68,9,690.354169
1.32,9,690.38329
1.14,4,690.394689
-0.66,13,690.432356
1.14,4,690.444307
-0.44,10,690.481743
1.14,4,690.495611
-0.3,13,690.537071
1.14,4,690.548933
1.14,4,690.560194
1.14,4,690.573723
-0.54,8,690.612204
-0.63,10,691.578034
1.14,4,691.589737
1.14,4,691.601966
-0.72,8,691.628156
-0.86,5,691.645236
1.14,4,691.659129
1.42,10,691.689458
-0.73,9,691.72959
1.14,4,691.748517
-0.36,11,691.788044
1.14,4,691.798618
1.14,4,691.810268
1.28,8,691.83373
-0.36,13,691.873946
1.14,4,691.889123
-0.69,8,691.920106
1.14,4,691.93393
1.14,4,691.946824
1.61,10,691.97717
1.14,4,691.989935
-0.27,14,692.033865
1.14,4,692.047224
1.14,4,692.058705
1.14,4,692.070125
1.39,8,692.096113
1.37,10,692.144236
-0.51,9,692.201181
1.14,4,692.213236
1.14,4,692.225459
-0.79,9,692.254304
-0.67,11,692.284739
1.81,12,692.323565
1.14,4,692.336365
1.14,4,692.34855
1.14,4,692.359532
-0.64,11,692.395359
1.14,4,692.407673
-0.68,9,692.437363
1.77,14,692.47637
-0.5,10,692.512655
-0.76,6,692.534802
1.14,4,692.552459
-0.47,12,692.595569
-0.59,9,692.628972
-0.6,13,692.667658
1.14,4,692.679404
-0.57,9,692.71668
1.55,10,692.753323
1.14,4,692.767417
1.14,4,692.780032
1.14,4,692.791682
1.14,4,692.803511
1.57,10,692.836844
1.14,4,692.854236
-0.68,9,692.88925
1.14,4,692.900774
-0.76,6,692.923112
-0.76,6,692.946096
-0.57,12,692.981596
1.43,12,693.019342
1.14,4,693.031025
1.14,4,693.043358
1.14,4,693.055323
1.14,4,693.067955
-0.65,9,693.101144
1.49,9,693.127567
1.14,4,693.139456
1.14,4,693.152086
-0.71,6,693.172691
1.14,4,693.188336
1.45,10,693.221985
1.14,4,693.234668
1.14,4,693.248432
1.68,10,693.279941
1.53,10,693.310514
-0.61,10,693.339348
-0.66,7,693.364681
1.14,4,693.37714
-0.55,11,693.415246
1.38,9,693.447154
-0.65,12,693.488306
-0.73,8,693.512292
1.14,4,693.524264
1.14,4,693.536819
1.56,9,693.58137
1.14,4,693.613324
1.14,4,693.636465
-0.77,7,693.663196
-0.53,10,693.697777
-0.43,12,693.741255
-0.5,11,693.773786
-0.56,9,693.806846
1.61,10,693.843325
-0.62,11,693.876063
1.18,6,693.894363
-0.56,10,693.926063
1.14,4,693.941497
1.14,4,693.954166
-0.28,16,694.001968
1.14,4,694.015959
-0.94,7,694.035811
1.14,4,694.048186
-0.54,9,694.077407
1.14,4,694.088528
1.14,4,694.100732
1.63,11,694.135164
-0.63,10,694.168589
-0.41,13,694.206356
1.47,11,694.241091
1.14,4,694.252555
1.14,4,694.2658
-0.6,13,694.304946
-0.66,7,694.329715
1.14,4,694.342644
-0.69,7,694.36616
1.47,9,694.3944
1.14,4,694.409331
1.14,4,694.426311
1.14,4,694.437624
-0.63,10,694.470593
1.14,4,694.483002
1.53,10,694.513614
-0.64,11,694.546726
1.14,4,694.558406
1.14,4,694.570346
1.14,4,694.583066
-0.66,7,694.606266
1.43,10,694.640861
-0.55,10,694.678152
-0.33,12,694.717425
1.4,9,694.747811
1.66,10,694.779465
1.14,4,694.790972
1.14,4,694.803202
1.14,4,694.817771
1.76,11,694.888309
1.55,11,694.930056
1.14,4,694.943361
1.14,4,694.955286
-0.85,6,694.975126
1.49,9,695.002855
1.14,4,695.015097
-0.52,12,695.051274
1.5,10,695.080138
-0.45,12,695.115171
-0.61,8,695.148271
1.45,13,695.186706
1.47,10,695.216852
1.14,4,695.22844
-0.64,11,695.263557
1.45,11,695.298589
-0.66,7,695.32244
1.14,4,695.334707
-0.71,9,695.366566
1.14,4,695.379128
1.14,4,695.391433
-0.83,7,695.413976
1.14,4,695.427435
1.66,10,695.493435
1.14,4,695.517431
1.14,4,695.536658
1.61,10,695.570599
1.37,10,695.603156
-0.24,14,695.647809
-0.71,9,695.679984
-0.59,11,695.715479
1.76,11,695.75369
1.6,11,695.818405
1.14,4,695.838995
1.14,4,695.851854
-0.76,6,695.871017
1.75,13,695.912874
-0.53,11,695.947203
-0.71,7,695.970374
-0.67,11,696.006631
1.43,8,696.03126
1.65,13,696.07271
1.14,4,696.086898
1.14,4,696.102119
1.14,4,696.114676
1.14,4,696.126743
1.14,4,696.138558
1.14,4,696.151039
1.14,4,696.163766
-0.77,10,696.192327
-0.52,10,696.226306
-0.23,13,696.261523
-0.75,8,696.289419
-0.76,6,696.309075
1.14,4,696.32026
-0.47,13,696.360996
1.6,11,696.394181
-0.51,13,696.435648
1.53,10,696.465559
1.14,4,696.477478
1.52,11,696.510081
-0.4,12,696.549298
1.53,10,696.580596
-0.39,11,696.614729
1.14,4,696.62746
-0.69,7,696.649882
1.5,10,696.679603
1.14,4,696.691211
1.14,4,696.701563
1.14,4,696.714143
1.14,4,696.726583
1.47,11,696.759938
-0.79,7,696.782417
-0.69,10,696.82025
-0.34,11,696.858464
-0.71,7,696.882842
1.51,9,696.912435
1.14,4,696.924522
-0.34,15,696.974562
1.58,10,697.008021
-0.88,6,697.028144
-0.51,12,697.067304
-0.61,8,697.097084
1.14,4,697.109107
1.61,9,697.139
1.14,4,697.148519
1.14,4,697.161846
-0.59,8,697.193452
1.14,4,697.207934
-0.66,7,697.230638
1.19,5,697.246124
1.57,11,697.280498
-0.5,10,697.311671
1.49,11,697.344244
1.5,10,697.374397
1.14,4,697.385156
1.52,11,697.422688
-0.53,13,697.464007
1.69,13,697.506317
1.6,12,697.547334
-0.7,12,697.589957
1.14,4,697.604091
-0.42,9,697.632176
1.14,4,697.644528
1.14,4,697.656898
1.14,4,697.669898
1.14,4,697.682412
-0.67,9,697.708568
-0.5,12,697.742959
1.14,4,697.755477
-0.47,13,697.798043
-0.52,10,697.8364
1.14,4,697.849112
1.14,4,697.862293
1.14,4,697.874027
1.14,4,697.885655
1.14,4,697.901495
-0.57,12,697.941455
1.14,4,697.958836
1.14,4,697.972032
-0.65,8,697.996516
1.14,4,698.008719
1.33,11,698.040016
1.65,11,698.075881
1.42,10,698.107974
-0.59,8,698.146172
-0.05,13,698.212943
1.14,4,698.224335
-0.75,11,698.259016
1.14,4,698.274793
1.14,4,698.286344
1.14,4,698.298791
1.42,10,698.328082
1.14,4,698.340549
1.14,4,698.352546
-0.11,14,698.399611
1.14,4,698.412483
1.14,4,698.423681
1.14,4,698.436111
1.14,4,698.448632
-0.54,9,699.273626
1.14,4,699.294437
1.14,4,699.323503
-0.61,8,699.384855
1.14,4,699.416493
-0.63,10,699.477056
1.14,4,699.488432
1.14,4,699.499591
1.5,10,699.530018
1.66,11,699.566326
-0.82,9,699.594865
-0.74,6,699.615179
1.42,10,699.644908
1.14,4,699.657147
1.14,4,699.66867
1.14,4,699.68071
-0.67,8,699.711574
1.14,4,699.723661
1.61,9,699.751752
1.51,9,699.781047
-0.45,11,699.82509
1.59,10,699.879315
1.63,10,699.932297
1.32,9,699.962153
-0.95,8,699.986465
-0.81,11,700.024827
1.14,4,700.037786
1.14,4,700.049361
1.14,4,700.061175
1.53,10,700.090326
1.14,4,700.102383
1.47,11,700.14011
-0.72,7,700.200901
1.46,9,700.239646
1.14,4,700.25183
-0.54,9,700.282593
-0.58,10,700.314505
1.14,4,700.328552
1.14,4,700.349695
-0.66,7,700.408078
1.14,4,700.427886
1.53,10,700.458794
1.14,4,700.473701
1.14,4,700.48518
1.14,4,700.496991
1.14,4,700.508104
-0.76,6,700.528302
-0.5,13,700.568318
1.14,4,700.580537
-0.54,8,700.607261
1.14,4,700.619353
1.14,4,700.630754
-0.55,9,700.659065
1.14,4,700.673195
1.14,4,700.687099
1.58,10,700.719618
1.5,10,700.755502
-0.61,9,700.785101
1.66,10,700.8175
-0.51,10,700.852398
-0.46,9,700.881347
1.14,4,700.893516
-0.68,9,700.924658
1.14,4,700.938921
1.63,12,700.978835
1.42,10,701.011386
1.14,4,701.023972
-0.4,11,701.059543
-0.09,13,701.102204
-0.61,8,701.131572
1.19,5,701.163789
-0.43,11,701.225776
-0.56,8,701.251914
-0.76,6,701.271556
-0.62,9,701.296781
1.14,4,701.308799
1.14,4,701.322374
1.14,4,701.334398
1.14,4,701.345653
1.14,4,701.356683
-0.44,10,701.388352
-0.59,9,701.420295
1.14,4,701.432401
1.14,4,701.444667
1.54,9,701.475234
-0.76,8,701.526378
1.14,4,701.552304
-0.52,9,701.589122
1.14,4,701.598573
-0.88,7,701.624582
1.14,4,701.636798
1.14,4,701.648487
1.14,4,701.661527
-0.92,5,701.678803
1.39,10,701.708933
-0.59,8,701.736292
1.14,4,701.748719
-0.55,10,701.783956
-0.84,10,701.818323
-0.72,7,701.846924
1.48,9,701.905966
-0.38,12,701.951402
-0.65,10,701.982451
1.14,4,701.993796
1.58,11,702.026206
1.14,4,702.040905
-0.54,12,702.07985
-0.31,11,702.115344
1.14,4,702.130782
-0.4,11,702.17721
1.14,4,702.189823
1.14,4,702.20241
1.14,4,702.21575
1.51,9,702.243081
-0.83,7,702.266371
1.14,4,702.281453
-0.64,8,702.311868
1.58,9,702.338596
-0.43,13,702.377677
1.14,4,702.389997
-0.29,12,702.429275
1.14,4,702.442741
-0.55,9,702.485746
-0.85,10,702.527149
1.14,4,702.544146
1.14,4,702.555796
-0.66,7,702.578673
-0.69,7,702.60659
1.43,9,702.659665
1.61,10,702.70885
-0.66,7,702.736452
1.14,4,702.748425
-0.62,9,702.777038
1.14,4,702.789159
1.61,10,702.820877
1.14,4,702.832772
-0.53,11,702.870804
1.32,9,702.903497
-0.68,9,702.948933
1.66,10,702.986544
1.14,4,703.001942
1.36,10,703.0374
1.14,4,703.063017
1.14,4,703.081939
1.66,10,703.123864
1.14,4,703.136572
1.46,8,703.167198
-0.7,8,703.195364
1.14,4,703.209901
1.14,4,703.222889
-0.47,9,703.255717
-0.56,9,703.286556
-0.54,10,703.315901
1.14,4,703.326944
-0.6,13,703.363625
1.14,4,703.378191
1.64,10,703.409536
1.14,4,703.421681
1.14,4,703.437914
1.14,4,703.458348
1.25,7,703.48755
1.47,10,703.521138
1.14,4,703.533817
-0.35,12,703.569675
1.55,10,703.602683
-0.62,9,703.632966
-0.71,7,703.658825
1.14,4,703.671371
-0.83,7,703.695209
1.26,10,703.725589
-0.65,9,703.754637
-0.82,6,703.775095
1.14,4,703.787251
1.14,4,703.804788
1.66,10,703.871821
-0.76,6,703.890719
1.69,10,703.922185
-0.84,8,703.950329
-0.19,12,704.002447
1.14,4,704.035228
-0.5,10,704.084147
1.14,4,704.095079
-0.25,12,704.134322
1.32,9,704.162968
-0.71,6,704.182775
-0.77,9,704.208632
-0.76,6,704.228196
1.14,4,704.240993
1.14,4,704.253778
1.49,9,704.28811
1.14,4,704.31951
-0.45,13,704.387663
-0.55,10,704.473338
1.63,11,704.561035
1.14,4,704.58053
-0.42,14,704.624864
1.54,11,704.657123
1.14,4,704.669902
1.14,4,704.682841
1.48,10,704.711297
1.68,12,704.764648
-0.66,7,704.818034
1.43,9,704.860521
1.14,4,704.880347
1.14,4,704.896826
-0.26,13,704.967462
1.14,4,704.996837
-0.39,12,705.076766
1.14,4,705.103902
1.14,4,705.118942
-0.78,8,705.151958
1.36,7,705.173768
1.41,8,705.199171
1.14,4,705.209717
-0.62,9,705.243153
1.4,10,705.27373
1.14,4,705.286443
1.14,4,705.297605
1.14,4,705.309803
1.5,10,705.341183
1.14,4,705.353371
1.14,4,705.365171
-0.37,11,705.401969
1.14,4,705.414962
-0.39,12,705.452262
-0.87,6,705.472932
1.14,4,705.484823
1.14,4,705.495324
-0.71,9,705.521588
1.61,10,705.554616
-0.61,8,705.582548
1.32,10,705.615841
1.14,4,705.627563
1.14,4,705.63934
-0.48,12,705.674612
1.61,10,705.70805
1.53,10,705.74138
-0.67,8,705.768936
-0.46,12,705.804939
1.47,11,705.838586
1.14,4,705.851646
-0.47,9,705.884917
1.47,11,705.940827
1.65,12,705.980163
-0.53,10,706.013353
1.38,9,706.042294
-0.6,9,706.073778
-0.62,9,706.141607
-0.77,7,706.178843
1.6,11,706.224811
1.14,4,706.238292
-0.66,7,706.261236
1.62,15,706.309293
1.42,10,706.343386
1.14,4,706.355263
1.63,10,706.386496
1.14,4,706.398897
-0.88,7,706.421406
-0.77,7,706.444849
-0.8,7,706.471428
-0.55,15,706.523531
1.14,4,706.538225
1.14,4,706.550745
-0.63,10,706.582022
1.49,13,706.619963
1.14,4,706.6352
-0.84,12,706.671061
1.14,4,706.68517
1.14,4,706.697715
1.14,4,706.709642
1.47,11,706.744042
1.14,4,706.754556
1.14,4,706.765924
1.45,10,706.793893
-0.55,10,706.826582
1.14,4,706.839396
1.14,4,706.85098
-0.66,10,706.883678
-0.47,9,706.91517
-0.37,12,707.747976
-0.86,5,707.766525
-0.69,10,707.798118
-0.73,8,707.824663
-0.66,7,707.850864
-0.7,8,707.878779
1.6,11,707.912948
1.14,4,707.926253
1.14,4,707.938969
1.69,13,707.979826
-0.4,12,708.01917
1.14,4,708.03073
1.14,4,708.042606
-0.92,5,708.060141
-0.53,10,708.093461
-0.45,13,708.1335
1.14,4,708.145903
1.14,4,708.159264
-0.87,5,708.17145
1.55,10,708.20414
1.14,4,708.216422
1.14,4,708.229499
-0.54,13,708.265644
1.14,4,708.277209
-0.51,15,708.363709
1.14,4,708.381666
1.64,10,708.416277
1.66,10,708.454995
1.14,4,708.481345
1.55,10,708.535081
1.14,4,708.546966
-0.64,7,708.570388
1.32,9,708.609678
1.14,4,708.622544
-0.47,11,708.659142
-0.66,10,708.689979
-0.76,6,708.710391
1.14,4,708.727358
1.47,11,708.759719
1.53,9,708.788644
-0.62,9,708.816788
1.14,4,708.8293
1.63,10,708.860306
-0.72,7,708.884477
-0.54,12,708.921526
1.14,4,708.936885
1.71,10,708.967729
-0.56,12,709.010172
-0.6,12,709.050147
1.14,4,709.062812
-0.54,8,709.089889
1.14,4,709.107821
-0.6,16,709.158516
1.14,4,709.170817
-0.48,10,709.204534
-0.43,14,709.248301
1.14,4,709.263965
1.66,10,709.296361
1.23,7,709.317677
1.57,10,709.350955
-0.69,8,709.377726
1.14,4,709.389403
1.14,4,709.401748
1.14,4,709.418608
-0.49,11,709.450829
1.14,4,709.464359
-0.75,13,709.502649
-0.77,7,709.527431
-0.77,7,709.549067
-0.45,11,709.584749
1.14,4,709.597036
1.14,4,709.608777
1.14,4,709.620676
1.14,4,709.632869
1.14,4,709.648759
-0.14,15,709.721333
1.14,4,709.733884
1.29,9,709.762615
1.52,11,709.798524
-0.23,13,709.841836
1.14,4,709.855623
-0.55,14,709.900517
1.14,4,709.915254
-0.54,9,709.947359
1.32,9,709.975217
1.81,12,710.011697
-0.24,11,710.051908
-0.37,11,710.090318
1.41,8,710.130692
1.14,4,710.144769
1.56,9,710.17259
1.14,4,710.185491
-0.82,10,710.217189
1.14,4,710.228489
1.14,4,710.24431
-0.73,10,710.275733
1.41,11,710.311625
1.14,4,710.323494
1.75,12,710.361563
1.19,5,710.376463
1.14,4,710.38821
-0.61,8,710.416397
1.58,11,710.450526
-0.59,9,710.481012
1.14,4,710.49279
-0.73,9,710.521803
1.14,4,710.535743
1.14,4,710.549174
-0.14,18,710.643164
-0.78,10,710.731452
1.14,4,710.751046
-0.78,13,710.791432
1.71,10,710.824592
-0.47,12,710.865017
-0.72,8,710.892414
-0.2,13,710.933299
1.14,4,710.9476
1.14,4,710.960967
-0.32,11,710.998719
1.66,10,711.030331
-0.47,10,711.06285
1.14,4,711.074657
1.52,10,711.109504
1.14,4,711.121467
1.14,4,711.136378
-0.62,9,711.167791
1.49,12,711.204315
1.14,4,711.216321
1.76,11,711.250163
1.19,5,711.265502
1.14,4,711.278431
1.26,10,711.310596
1.14,4,711.322717
-0.44,10,711.397773
-0.81,5,711.421463
1.33,8,711.452722
-0.61,8,711.482735
1.14,4,711.495937
1.14,4,711.50976
-0.6,12,711.549609
-0.72,9,711.577314
1.41,11,711.609052
-0.81,5,711.623761
1.14,4,711.636446
1.75,14,711.681207
1.14,4,711.693372
1.53,10,711.727006
1.14,4,711.738986
-0.82,6,711.762604
1.59,10,711.799465
1.14,4,711.812751
1.53,10,711.843505
1.61,9,711.879495
-0.76,6,711.902204
-0.78,8,711.931684
-0.37,11,711.968062
1.6,11,712.004565
-0.28,12,712.045043
1.63,10,712.085862
1.14,4,712.128042
1.14,4,712.147542
-0.43,13,712.188239
1.14,4,712.204309
1.14,4,712.220523
1.42,10,712.250152
-0.63,10,712.282037
1.14,4,712.293906
1.14,4,712.30564
1.42,10,712.336838
1.5,10,712.36929
1.14,4,712.382169
-0.9,9,712.40866
1.14,4,712.421749
-0.71,7,712.44491
1.49,11,712.47835
-0.67,8,712.512694
1.14,4,712.526342
1.48,10,712.558975
-0.66,7,712.584925
1.14,4,712.597387
1.14,4,712.609168
-0.54,12,712.647815
1.14,4,712.659205
-0.65,11,712.693835
1.43,9,712.722186
1.14,4,712.73457
1.14,4,712.754711
-0.48,11,712.798689
1.14,4,712.814656
1.6,11,712.849996
1.14,4,712.869173
-0.59,8,712.91401
1.14,4,712.928895
1.56,9,712.961871
1.14,4,712.97733
1.14,4,712.98937
-0.61,8,713.016753
1.14,4,713.028935
-0.73,15,713.072708
1.14,4,713.084996
1.14,4,713.097324
-0.27,12,713.136726
1.14,4,713.149511
-0.77,7,713.172323
-0.67,10,713.209082
-0.6,10,713.240989
1.14,4,713.253245
1.14,4,713.274077
-0.63,10,713.332258
-0.92,5,713.368871
1.58,11,713.449266
-0.34,13,713.495301
1.14,4,713.507878
1.14,4,713.518699
1.14,4,713.531012
1.39,8,713.556671
-0.44,9,713.592555
-0.66,7,713.635752
1.14,4,713.653756
-0.47,11,713.68904
1.14,4,713.700896
1.14,4,713.713037
-0.65,9,713.74443
1.14,4,713.756341
1.53,10,713.785748
-0.63,11,713.822429
1.41,9,713.852284
1.14,4,713.864541
1.73,11,713.899005
1.14,4,713.911582
1.42,10,713.94278
-0.52,12,713.980893
1.14,4,713.99265
1.55,10,714.026131
1.53,10,714.057779
-0.5,13,714.096649
1.14,4,714.111171
1.14,4,714.128496
-0.78,10,714.179643
1.14,4,714.208144
-0.63,10,714.287813
1.14,4,714.316878
-0.64,7,714.370963
1.14,4,714.390584
1.61,10,714.47277
-0.57,15,714.520913
1.58,11,714.552634
-0.76,6,714.599409
1.14,4,714.633286
1.14,4,714.662879
1.14,4,714.687275
1.58,10,714.721859
1.55,11,714.75576
-0.83,7,714.779964
-0.78,8,714.807026
1.14,4,714.818877
1.14,4,714.830723
1.14,4,714.843359
1.14,4,714.85528
1.46,12,714.910742
1.59,10,714.94551
1.14,4,714.958265
-0.63,12,714.995367
1.14,4,715.008749
1.14,4,715.020174
1.14,4,715.035902
-0.51,11,715.068822
1.19,5,715.083745
1.14,4,715.096359
1.36,11,715.12941
1.14,4,715.141457
1.63,10,716.026551
-0.17,15,716.072524
-0.33,12,716.107279
1.51,9,716.135993
-1.0,7,716.162372
-0.43,13,716.207908
1.14,4,716.219053
1.53,11,716.250828
1.14,4,716.263499
1.14,4,716.275358
-0.72,9,716.302588
-0.66,7,716.34671
-0.49,9,716.383437
-0.71,7,716.406263
-0.47,10,716.440025
1.14,4,716.452657
1.14,4,716.464116
1.14,4,716.476466
-0.66,9,716.502
1.14,4,716.514062
1.14,4,716.526276
1.14,4,716.538807
-0.63,12,716.579834
1.14,4,716.594777
1.14,4,716.606919
-0.76,6,716.626605
1.14,4,716.639109
-0.77,7,716.662299
-0.67,8,716.720744
-0.68,9,716.755557
1.14,4,716.768051
-0.48,14,716.809001
-0.76,6,716.827747
1.14,4,716.840773
1.14,4,716.852902
-0.41,15,716.902379
1.34,7,716.925118
1.14,4,716.93763
1.64,10,716.970383
-0.32,13,717.01446
1.14,4,717.026324
1.49,12,717.062561
-0.47,10,717.099324
1.34,10,717.137021
-0.64,8,717.161009
1.14,4,717.174223
1.14,4,717.186889
1.14,4,717.202644
1.14,4,717.214005
1.14,4,717.2267
-0.55,9,717.256281
1.61,10,717.295539
1.14,4,717.312338
1.14,4,717.324983
1.45,10,717.395967
1.14,4,717.423313
-0.75,10,717.458351
1.58,11,717.494391
-0.29,13,717.53528
1.43,9,717.563695
-0.55,9,717.593541
1.14,4,717.605359
1.14,4,717.620572
-0.82,7,717.642464
1.14,4,717.654519
1.38,9,717.686206
1.14,4,717.698094
1.14,4,717.710457
1.7,12,717.74609
-0.72,10,717.779207
1.14,4,717.792803
1.14,4,717.806493
-0.35,12,717.842385
1.14,4,717.853753
-0.4,11,717.884955
1.14,4,717.89661
-0.64,7,717.940667
-0.76,6,717.985485
1.61,10,718.021206
-0.5,12,718.063778
1.61,10,718.107497
1.14,4,718.128067
-0.55,9,718.158432
1.14,4,718.173516
-0.19,14,718.214843
1.44,8,718.24919
-0.66,7,718.276436
-0.91,4,718.289457
1.14,4,718.298988
1.14,4,718.310555
-0.51,11,718.344199
-0.59,8,718.371369
1.19,5,718.387632
1.42,10,718.42346
1.13,5,718.440179
1.47,11,718.476548
-0.59,8,718.504397
1.58,11,718.541809
1.14,4,718.556586
-0.59,8,718.58486
1.55,14,718.629101
1.14,4,718.642324
1.14,4,718.65406
-0.5,11,718.687419
1.14,4,718.699204
-0.77,7,718.723367
1.14,4,718.737603
1.56,9,718.781344
1.56,9,718.813007
1.52,11,718.845627
1.14,4,718.857843
1.14,4,718.873258
1.14,4,718.884538
-0.52,12,718.925386
1.82,13,718.97083
1.51,9,719.005039
-0.76,6,719.02553
1.14,4,719.037631
-0.32,11,719.075277
-0.41,12,719.110598
1.14,4,719.123623
-0.72,10,719.157222
1.55,10,719.187129
-0.68,9,719.216585
-0.99,6,719.234343
-0.37,10,719.270766
-0.73,9,719.300065
-0.43,11,719.334958
-0.61,8,719.364853
-0.41,13,719.408035
1.14,4,719.421482
-0.76,6,719.441715
1.14,4,719.453953
1.41,11,719.486957
1.74,14,719.529104
1.14,4,719.541401
-0.42,14,719.58868
1.14,4,719.600906
-0.71,6,719.622219
1.34,9,719.649952
-0.5,13,719.694738
-0.54,9,719.724126
-0.34,14,719.768276
1.14,4,719.779988
1.47,11,719.81442
1.14,4,719.82673
-0.99,6,719.844078
1.14,4,719.857067
1.37,10,719.892265
-0.56,9,719.92356
1.14,4,719.934737
-0.54,10,719.968714
1.73,11,720.002782
-0.72,11,720.034504
1.14,4,720.046402
1.69,12,720.085465
1.14,4,720.097297
-0.72,10,720.129498
-0.51,12,720.172788
1.55,11,720.208415
-0.6,9,720.235843
1.14,4,720.247699
1.19,5,720.265934
1.14,4,720.278693
-0.54,9,720.307121
-0.48,11,720.390431
1.14,4,720.458487
1.14,4,720.469753
-0.46,12,720.507073
1.14,4,720.519169
-0.77,12,720.556136
-0.66,8,720.584429
1.14,4,720.597051
-0.64,8,720.624681
1.35,9,720.664512
1.66,10,720.697436
1.14,4,720.710826
1.14,4,720.723405
1.14,4,720.736169
1.52,11,720.774737
1.64,10,720.805456
-0.39,10,720.836483
1.61,10,720.871286
1.25,8,720.895051
-0.94,7,720.915448
-0.76,6,720.932335
1.53,10,720.963779
1.5,10,720.992325
1.14,4,721.00473
-0.05,14,721.04773
1.14,4,721.059142
1.14,4,721.07151
1.51,9,721.100096
-0.55,12,721.136097
-0.18,14,721.175699
1.14,4,721.189951
1.45,10,721.224492
-0.78,8,721.254742
1.14,4,721.272579
1.4,10,721.303879
1.74,11,721.340605
1.14,4,721.352484
1.46,12,721.390342
1.14,4,721.402725
1.14,4,721.420568
1.14,4,721.433564
1.66,10,721.468083
-0.66,7,721.495642
1.14,4,721.511137
1.4,9,721.546575
1.53,12,721.592589
-0.82,6,721.611205
-0.65,12,721.651244
1.14,4,721.66294
1.14,4,721.673914
1.14,4,721.684179
1.14,4,721.695884
1.6,10,721.726569
1.66,10,721.758851
1.51,9,721.787615
1.14,4,721.799171
1.14,4,721.812709
-0.3,12,721.851902
-0.66,10,721.88315
1.14,4,721.897474
-0.64,8,721.928765
1.14,4,721.940804
1.78,13,721.982584
1.14,4,721.99576
1.14,4,722.008151
-0.4,13,722.056531
-0.66,7,722.07762
-0.66,7,722.101927
-0.65,8,722.124879
1.14,4,722.14151
-0.45,11,722.176605
1.61,10,722.208759
-0.76,6,722.229343
-0.54,8,722.258414
1.49,11,722.292664
1.54,11,722.329103
1.56,10,722.361451
1.14,4,722.373253
1.14,4,722.38449
-0.54,8,722.414711
1.14,4,722.42626
1.58,11,722.460404
1.51,9,722.49039
1.6,11,722.525575
1.14,4,722.53826
-0.22,12,722.572643
-0.59,8,722.598279
1.44,10,722.634578
-0.62,9,722.661459
-0.57,12,722.699383
-0.62,9,722.731806
1.51,10,722.795279
-0.45,10,722.855928
-0.82,6,722.875599
1.41,11,722.94887
1.14,4,722.970167
1.51,9,723.00181
1.14,4,723.016921
1.14,4,723.028406
-0.37,11,723.066188
1.73,11,723.972997
1.14,4,723.984472
-0.59,8,724.011584
-0.39,10,724.045555
1.14,4,724.058294
1.38,9,724.088375
1.14,4,724.103456
1.14,4,724.115929
-0.19,13,724.160232
1.55,10,724.190358
1.14,4,724.203751
1.47,11,724.238154
1.63,10,724.272319
1.14,4,724.287337
1.14,4,724.299411
1.14,4,724.311064
-0.37,11,724.350966
1.14,4,724.363537
-0.48,14,724.408845
-0.76,6,724.428242
1.14,4,724.440542
1.14,4,724.454108
-0.8,10,724.486884
1.14,4,724.50147
1.55,12,724.539758
-0.54,8,724.566018
1.29,6,724.583221
-0.74,10,724.613321
1.14,4,724.624521
-0.76,6,724.644093
1.64,10,724.678631
1.6,11,724.724211
-0.66,7,724.76503
-0.56,12,724.806087
1.66,10,724.840147
1.14,4,724.852088
1.5,10,724.882664
1.14,4,724.899219
-0.72,8,724.955987
-0.54,8,725.000334
1.14,4,725.01355
-0.76,6,725.034157
1.14,4,725.047564
-0.42,13,725.089396
1.14,4,725.101581
1.14,4,725.114335
1.14,4,725.125399
1.14,4,725.138998
1.14,4,725.150759
-0.46,12,725.188372
1.14,4,725.200679
1.14,4,725.213107
1.32,9,725.241179
1.14,4,725.255179
1.68,10,725.285913
1.14,4,725.29763
1.14,4,725.309401
-0.76,6,725.327368
-0.76,6,725.348545
1.14,4,725.360233
-0.75,7,725.384591
-0.73,12,725.420663
-0.5,10,725.448041
1.14,4,725.459145
1.51,10,725.492368
1.14,4,725.504518
1.55,10,725.534642
1.14,4,725.548014
1.14,4,725.560872
1.14,4,725.57369
1.14,4,725.586307
1.14,4,725.599551
1.14,4,725.611601
1.14,4,725.624192
-0.36,12,725.662431
-0.64,7,725.685909
1.53,11,725.720145
1.14,4,725.732846
1.14,4,725.743994
-0.51,9,725.774134
-0.66,7,725.797237
1.55,10,725.829922
-0.75,11,725.864017
1.14,4,725.878743
-0.64,11,725.915296
-0.72,8,725.941901
1.14,4,725.953609
1.14,4,725.966093
-0.61,8,725.994641
1.59,10,726.024485
1.14,4,726.036557
1.14,4,726.048325
1.64,10,726.079848
-0.31,16,726.125529
1.45,13,726.217056
1.64,10,726.251065
1.6,11,726.282678
-0.76,6,726.302261
-0.62,8,726.331627
1.38,9,726.362227
1.14,4,726.373962
1.14,4,726.388028
-0.54,9,726.418828
1.14,4,726.431309
1.14,4,726.442869
1.14,4,726.458238
-0.55,10,726.491405
1.14,4,726.503916
1.14,4,726.516263
1.14,4,726.527956
1.14,4,726.542941
-0.65,8,726.567099
1.14,4,726.579513
-0.67,8,726.604536
-0.76,6,726.625506
-1.0,7,726.648975
-0.6,9,726.679033
-0.56,10,726.712913
1.14,4,726.72526
-0.72,8,726.753402
-0.47,13,726.791856
1.47,10,726.823614
1.14,4,726.839152
-0.64,7,726.864406
1.48,9,726.892004
1.14,4,726.918126
-0.72,10,726.989632
-0.76,6,727.036012
1.14,4,727.06853
-1.0,7,727.101613
-1.01,8,727.128448
1.14,4,727.140388
1.14,4,727.151794
1.14,4,727.164435
1.14,4,727.175707
1.53,10,727.210946
1.14,4,727.222972
-0.44,10,727.257768
1.14,4,727.270289
-0.63,10,727.303551
1.14,4,727.317677
1.14,4,727.331476
-0.61,9,727.373423
-0.44,12,727.426749
-0.76,6,727.446997
1.14,4,727.459542
1.58,11,727.495713
1.14,4,727.511617
-0.44,9,727.540667
1.53,11,727.576139
-0.76,6,727.597425
-0.81,11,727.634017
1.42,10,727.665198
1.14,4,727.681139
1.14,4,727.697372
-0.44,12,727.73285
1.14,4,727.749706
-0.42,10,727.785919
1.28,13,727.82435
1.42,10,727.857725
1.14,4,727.8721
1.64,10,727.928406
1.14,4,727.957104
1.56,13,728.020757
1.14,4,728.038281
1.14,4,728.051546
1.38,9,728.080684
1.59,10,728.112201
1.59,10,728.143126
-0.73,9,728.172063
1.5,10,728.204775
1.32,9,728.23445
1.39,8,728.263598
-0.74,10,728.293917
-0.16,14,728.33733
1.14,4,728.351022
1.14,4,728.363079
1.39,11,728.398579
1.14,4,728.420419
-0.48,11,728.495441
-0.76,6,728.516987
1.14,4,728.528987
1.14,4,728.540448
1.14,4,728.552509
1.14,4,728.563787
1.14,4,728.575726
-0.81,7,728.601999
-0.62,9,728.630764
1.53,10,728.665701
-0.46,11,728.701436
-0.63,12,728.739895
1.14,4,728.75169
1.4,9,728.779248
1.61,10,728.809852
1.14,4,728.82256
1.14,4,728.834681
1.14,4,728.847776
-0.87,5,728.865403
-0.64,11,728.898332
-0.46,10,728.937741
1.44,8,728.968604
-0.6,10,728.999478
1.63,11,729.031362
1.42,10,729.060712
1.14,4,729.072253
-0.64,7,729.098035
1.53,10,729.127788
1.14,4,729.145332
1.14,4,729.157217
1.14,4,729.170262
1.14,4,729.183529
-0.76,6,729.203444
1.44,8,729.229267
1.14,4,729.239759
-0.76,6,729.262481
1.14,4,729.273692
1.14,4,729.286103
1.24,6,729.304024
-0.68,9,729.334125
1.14,4,729.347261
1.52,11,729.380698
1.14,4,729.394641
1.55,10,729.429752
1.55,10,729.460723
1.4,13,729.497759
1.14,4,729.508922
1.14,4,729.524008
1.61,9,729.580531
1.14,4,729.612438
1.14,4,729.64548
-0.65,9,729.733105
1.33,8,729.800907
-0.26,13,729.858618
1.14,4,729.870153
-0.67,8,729.899355
1.41,11,729.932011
-0.4,11,729.966674
1.44,9,729.993343
1.61,10,730.025052
1.14,4,730.037196
-0.6,9,730.066988
-0.52,10,730.098133
-0.98,5,730.112915
1.14,4,730.126319
1.14,4,730.138427
-0.3,14,730.180476
-0.71,6,730.20428
-0.39,10,730.23707
1.14,4,730.253075
-0.76,6,730.273852
-0.64,11,730.310458
1.14,4,730.32223
-0.37,11,730.392986
1.66,10,730.477159
-0.61,11,730.518402
1.14,4,730.532313
1.48,10,730.563726
1.19,5,730.579401
-0.33,12,730.614285
-1.0,7,730.635449
1.64,11,730.669572
-0.99,6,730.688102
-0.52,10,730.717835
-0.47,10,730.748122
-0.59,8,730.773816
-0.58,10,730.805454
-0.47,10,730.839841
-0.44,10,730.87017
-0.76,6,730.889297
-0.59,9,730.917463
1.44,9,730.946854
1.14,4,730.958835
-0.66,9,730.987749
-0.66,9,731.014885
1.61,10,731.048595
1.14,4,731.061323
-0.51,12,731.099637
-0.36,10,731.13509
1.14,4,731.146604
1.14,4,731.158912
-0.71,7,731.182646
1.14,4,731.194579
-0.59,8,731.219935
1.49,11,732.109178
1.14,4,732.120707
-0.35,11,732.155284
-0.67,9,732.184123
-0.94,7,732.208069
1.69,11,732.244581
-0.37,15,732.29189
-0.76,6,732.314556
-0.94,7,732.336529
-0.51,10,732.371751
-0.99,6,732.392445
1.14,4,732.403405
-0.77,7,732.425358
1.14,4,732.436979
-0.46,12,732.474006
1.14,4,732.486058
1.14,4,732.497625
1.14,4,732.510332
1.6,11,732.573236
-0.61,8,732.611346
1.14,4,732.62369
-0.7,8,732.648111
-0.34,11,732.68392
-0.56,10,732.717872
1.14,4,732.730632
1.37,10,732.764589
1.14,4,732.777468
1.14,4,732.790171
-0.44,9,732.819438
1.14,4,732.831795
1.14,4,732.843582
-0.44,10,732.872482
1.14,4,732.882522
1.14,4,732.909314
-0.49,12,732.976864
-0.78,8,733.001566
-0.76,6,733.025024
-0.6,8,733.055121
1.59,10,733.085428
1.14,4,733.097298
1.76,11,733.133415
1.14,4,733.148948
1.14,4,733.161575
1.46,9,733.189063
-0.6,9,733.222892
-0.38,12,733.260816
1.63,10,733.293985
-0.29,13,733.334645
-0.5,13,733.374752
1.14,4,733.387665
1.14,4,733.400476
1.47,11,733.435165
1.56,9,733.462286
-0.7,9,733.522621
1.14,4,733.545659
1.14,4,733.561234
-0.37,10,733.594069
-0.66,7,733.617097
1.5,10,733.648358
1.14,4,733.661081
-0.62,9,733.691485
1.14,4,733.703657
1.14,4,733.71691
-0.69,13,733.755913
-0.56,14,733.797168
1.42,10,733.828087
-0.68,9,733.859952
-0.45,14,733.905202
-0.38,13,733.947337
1.14,4,733.959834
-0.69,7,733.986639
1.5,10,734.017309
-0.66,7,734.041005
1.14,4,734.052708
1.64,10,734.088979
-0.42,9,734.148278
1.14,4,734.17961
1.14,4,734.211435
1.14,4,734.241895
-0.77,9,734.280747
-1.0,7,734.302417
1.14,4,734.314838
1.14,4,734.326786
-0.78,8,734.350262
1.45,10,734.380013
-0.55,9,734.411193
1.64,10,734.444412
1.14,4,734.456062
1.14,4,734.467931
-0.44,11,734.510992
-0.56,12,734.555885
-0.77,7,734.587494
-0.56,13,734.631168
-0.49,9,734.659749
-0.55,10,734.689673
1.47,9,734.718462
1.14,4,734.729807
1.47,11,734.762274
1.14,4,734.775593
-0.61,8,734.805477
1.14,4,734.81846
1.14,4,734.831095
1.14,4,734.842936
1.14,4,734.854407
1.14,4,734.88418
1.42,10,734.953989
1.3,11,734.98633
1.52,10,735.021139
1.14,4,735.032291
1.47,11,735.07242
-0.67,8,735.103856
1.61,10,735.142571
1.57,11,735.177766
1.6,12,735.21292
-0.36,10,735.246619
-0.89,8,735.278014
1.14,4,735.293363
-0.71,9,735.332017
1.14,4,735.359927
1.66,10,735.410945
1.14,4,735.423722
1.14,4,735.435407
1.14,4,735.447951
1.14,4,735.460182
-0.53,12,735.498126
-0.81,6,735.522735
-0.66,12,735.560496
1.14,4,735.576813
-0.63,13,735.627526
-0.63,10,735.663613
1.73,11,735.697677
1.14,4,735.709998
1.14,4,735.721346
-0.82,6,735.740866
1.14,4,735.752364
-0.54,10,735.784903
-0.81,5,735.800915
1.14,4,735.813787
1.14,4,735.827939
-0.66,7,735.850743
-0.94,7,735.870684
1.14,4,735.883503
1.14,4,735.895471
-0.5,10,735.932392
-0.66,9,735.971352
-0.62,9,736.008408
1.47,10,736.043978
-0.67,10,736.076778
1.37,10,736.115377
-0.82,6,736.152113
-0.74,10,736.188
-0.76,6,736.208802
-0.7,8,736.233073
-0.73,9,736.26273
1.14,4,736.284643
1.14,4,736.317442
1.14,4,736.342219
-0.37,12,736.393243
1.56,9,736.422424
1.14,4,736.436992
1.42,10,736.468725
1.47,12,736.509171
-0.56,12,736.627399
1.66,10,736.687144
-0.34,11,736.721496
1.61,10,736.752541
1.14,4,736.763863
-0.75,13,736.803209
-0.56,9,736.834142
-0.62,9,736.866637
1.55,10,736.902703
-0.57,9,736.939525
-0.6,9,736.969545
1.14,4,736.981709
1.14,4,736.994033
1.14,4,737.006542
1.53,11,737.043317
-0.78,8,737.066273
-0.36,13,737.107455
1.14,4,737.119364
-0.56,9,737.148711
-0.93,6,737.1711
1.14,4,737.185061
1.14,4,737.196975
-0.37,12,737.25058
1.42,10,737.323988
1.14,4,737.34297
-0.72,7,737.368208
-0.61,10,737.399601
1.39,10,737.431175
1.14,4,737.457259
-0.36,13,737.525202
-0.54,8,737.551126
1.14,4,737.562734
-0.44,13,737.604912
-0.34,13,737.648231
1.14,4,737.665526
1.14,4,737.678957
1.14,4,737.692964
1.5,10,737.724371
-0.77,7,737.753063
1.14,4,737.76909
1.55,10,737.810598
1.44,9,737.841373
-0.51,11,737.875621
-0.59,13,737.912729
1.14,4,737.925196
1.55,10,737.965364
1.14,4,737.979327
-0.66,7,738.007577
-0.92,5,738.02441
-0.48,11,738.056612
-0.65,14,738.10501
1.51,9,738.133951
1.55,10,738.169934
1.14,4,738.181713
1.14,4,738.19338
-0.45,11,738.227306
1.55,10,738.274534
-0.61,8,738.307623
1.14,4,738.323314
1.57,10,738.362984
1.47,10,738.400858
-0.31,13,738.445762
-0.39,12,738.491491
1.14,4,738.505714
1.14,4,738.523002
1.46,10,738.557486
1.14,4,738.57277
-0.7,9,738.602674
-0.21,14,738.65872
1.46,8,738.683163
-0.29,11,738.71964
1.14,4,738.732776
1.14,4,738.748613
1.14,4,738.765053
1.14,4,738.778236
-0.59,8,738.80695
1.46,9,738.840225
-0.49,10,738.87793
-0.2,13,738.923813
-0.52,10,738.961161
-0.52,12,739.005413
-0.46,10,739.049279
-0.51,9,739.080412
1.14,4,739.094657
1.64,10,739.129496
-0.21,13,739.177241
1.14,4,739.192014
1.14,4,739.20283
1.55,10,739.23681
-0.71,7,739.277367
-0.64,8,739.314164
1.32,9,739.339613
1.14,4,739.352829
1.38,9,739.386904
1.52,11,739.434769
1.36,11,739.470034
-0.49,10,739.509161
-0.47,10,739.543891
1.14,4,739.559452
-0.73,9,739.591424
-0.2,17,740.486624
1.32,9,740.514486
1.55,10,740.54445
-0.69,7,740.57424
1.14,4,740.587992
1.45,10,740.622426
-0.53,11,740.671997
-0.57,9,740.712563
-0.65,9,740.753123
1.14,4,740.770506
-0.78,8,740.814407
1.25,7,740.863197
-0.69,8,740.919648
1.14,4,740.942075
1.14,4,740.969583
1.14,4,740.995128
1.14,4,741.01173
-0.54,9,741.041048
1.47,11,741.103084
1.14,4,741.120225
1.14,4,741.141738
1.14,4,741.154492
1.14,4,741.166757
1.14,4,741.177682
1.14,4,741.190159
1.14,4,741.202046
1.14,4,741.214698
-0.95,8,741.240883
1.66,10,741.27397
-0.54,9,741.302533
1.54,11,741.347405
-0.37,11,741.407789
-0.67,11,741.477238
1.14,4,741.492043
1.14,4,741.510227
1.14,4,741.524848
1.14,4,741.543943
1.7,12,741.600704
1.14,4,741.620931
1.31,10,741.678439
-0.49,10,741.747123
1.14,4,741.77196
1.14,4,741.797004
-0.77,7,741.836664
-0.51,14,741.909673
-0.59,9,741.960406
1.14,4,741.976233
1.64,10,742.016642
-0.46,9,742.047338
1.14,4,742.064329
1.14,4,742.078526
1.14,4,742.09184
1.14,4,742.105428
-0.66,7,742.127476
1.14,4,742.141421
-0.66,7,742.169898
-0.39,10,742.205707
1.14,4,742.223007
-0.68,9,742.252081
1.14,4,742.268677
-0.32,11,742.31615
-0.59,8,742.3433
-0.54,8,742.369725
1.14,4,742.381218
-0.38,13,742.422232
-0.61,8,742.446385
1.46,8,742.470996
-0.77,7,742.493149
1.55,10,742.523745
1.14,4,742.536918
-0.45,14,742.581082
-0.76,6,742.610575
1.14,4,742.627011
1.14,4,742.63961
1.14,4,742.654271
1.14,4,742.669299
1.14,4,742.68306
1.14,4,742.69837
-0.44,11,742.735668
-0.23,14,742.784718
1.14,4,742.796843
1.14,4,742.812649
1.14,4,742.825606
1.48,10,742.854905
1.14,4,742.868397
-0.76,6,742.889085
1.14,4,742.903069
1.64,12,742.93949
1.14,4,742.956234
1.19,5,742.971166
1.14,4,742.986498
1.14,4,742.999937
1.14,4,743.010955
1.59,9,743.040171
-0.4,12,743.079984
-0.49,15,743.141281
1.14,4,743.166195
-0.58,10,743.212332
-0.35,11,743.255436
1.14,4,743.267541
1.5,10,743.304287
1.14,4,743.317999
-0.53,10,743.351962
1.14,4,743.367718
-0.53,12,743.411604
1.14,4,743.426018
1.14,4,743.438529
1.14,4,743.450264
1.48,10,743.481146
1.14,4,743.496723
-0.59,8,743.52751
-0.56,8,743.57352
1.14,4,743.598193
1.49,9,743.63143
1.14,4,743.644321
1.57,10,743.67976
-0.46,9,743.710032
1.14,4,743.724325
1.14,4,743.736597
-0.33,13,743.775038
1.14,4,743.787169
1.66,10,743.827583
-0.73,9,743.896863
-0.71,7,743.92346
1.14,4,743.938532
1.42,10,744.001072
-0.35,11,744.092951
1.14,4,744.125738
-0.67,8,744.15901
1.48,9,744.19355
-0.29,13,744.232918
1.14,4,744.248003
1.55,11,744.288364
-0.72,8,744.316296
1.14,4,744.331472
1.14,4,744.345202
1.14,4,744.357243
1.14,4,744.369416
1.52,10,744.401453
1.14,4,744.412484
-0.92,5,744.429128
1.14,4,744.438879
1.14,4,744.452124
1.14,4,744.4644
1.59,10,744.499838
1.53,10,744.53195
-0.5,10,744.567032
1.14,4,744.580909
1.14,4,744.59641
1.14,4,744.61434
1.39,10,744.653066
1.37,10,744.685305
-0.78,8,744.707889
1.53,10,744.73936
-0.52,10,744.77481
1.14,4,744.786961
-0.67,10,744.821617
1.14,4,744.834293
1.55,12,744.871031
1.64,10,744.902231
1.14,4,744.914194
1.29,6,744.947277
1.14,4,744.978067
1.14,4,744.999589
1.67,12,745.039511
-0.62,11,745.074785
-0.74,6,745.09851
-0.66,7,745.125378
-0.76,6,745.145452
-0.5,11,745.187042
1.47,11,745.21979
1.63,10,745.250897
1.14,4,745.265315
-0.94,10,745.301336
1.19,7,745.32447
-0.7,8,745.352385
1.52,11,745.38742
1.14,4,745.401953
1.14,4,745.417413
1.14,4,745.431511
-0.56,8,745.461392
1.14,4,745.474562
1.14,4,745.486238
1.14,4,745.499127
1.46,11,745.537771
1.6,11,745.571836
-0.25,11,745.607546
-0.51,9,745.641557
-0.49,12,745.682194
1.14,4,745.697891
-0.89,8,745.721007
-0.6,13,745.755332
1.53,10,745.785816
1.14,4,745.798521
1.14,4,745.811013
1.14,4,745.822157
1.14,4,745.834604
-0.83,7,745.857038
1.14,4,745.874145
1.3,11,745.915356
1.14,4,745.929861
-0.74,10,745.976883
1.14,4,745.995085
1.14,4,746.014246
-0.43,12,746.077223
1.14,4,746.100918
1.14,4,746.117299
1.54,10,746.175726
1.14,4,746.202089
-0.36,14,746.264277
1.14,4,746.279882
1.14,4,746.293818
-0.59,9,746.323725
-0.67,8,746.351022
1.43,9,746.379847
-0.54,10,746.420476
-0.58,11,746.45544
-0.77,7,746.479689
-0.53,11,746.521148
1.14,4,746.532883
1.14,4,746.547218
1.14,4,746.562478
1.14,4,746.577294
1.14,4,746.596579
-0.45,11,746.641953
1.3,8,746.666364
1.14,4,746.678602
1.6,11,746.713053
-0.68,8,746.745469
1.14,4,746.761235
1.14,4,746.775415
1.63,10,746.810446
1.14,4,746.822467
-0.49,12,746.867356
1.14,4,746.883034
1.14,4,746.897025
-0.21,13,746.949568
1.14,4,746.965917
-0.66,11,747.008395
1.14,4,747.022227
-0.52,10,747.056346
1.55,10,747.083534
1.14,4,747.096607
1.4,10,747.128495
1.14,4,747.140759
1.14,4,747.159044
-0.92,5,747.180924
1.14,4,747.198959
1.54,10,747.234289
1.49,11,747.274463
-0.44,9,747.307622
1.6,10,747.34933
1.14,4,747.363825
1.45,9,747.416165
-0.76,6,747.442022
1.14,4,747.453107
-0.59,11,747.491087
1.43,9,747.525515
-0.73,8,747.568611
1.14,4,747.582987
1.14,4,747.59546
-0.82,6,747.616338
-0.47,11,747.649628
-0.76,6,747.671184
1.14,4,747.681776
1.14,4,747.694683
-0.29,11,747.737515
-1.0,7,747.759005
-0.68,10,747.795935
-0.38,14,747.843276
1.14,4,747.858302
-0.67,11,747.896006
1.14,4,747.91313
-0.46,13,747.959276
1.14,4,747.970107
-0.61,13,748.009325
1.14,4,748.020921
-0.48,11,748.060789
-0.4,12,748.104041
1.14,4,748.115941
1.55,10,748.147019
1.14,4,748.160249
1.14,4,748.171851
1.68,12,748.215459
1.14,4,748.231061
1.36,11,748.265277
-0.61,8,749.437395
1.14,4,749.450851
-0.88,7,749.471999
-0.56,9,749.50629
1.14,4,749.517711
-0.76,6,749.536265
1.14,4,749.548275
1.14,4,749.563132
-0.65,14,749.61146
1.14,4,749.626332
1.14,4,749.638734
-0.77,7,749.663919
-0.47,10,749.710174
-0.47,14,749.777411
-0.78,8,749.799043
1.48,10,749.830788
1.33,8,749.858453
1.64,10,749.896462
1.55,11,749.935113
-0.52,10,749.972122
-0.47,10,750.006576
1.45,10,750.038392
1.14,4,750.052366
-0.67,8,750.080372
-0.54,8,750.106726
-0.54,9,750.13465
-0.71,7,750.16041
-0.59,13,750.2191
-0.82,6,750.241955
-0.77,7,750.263809
-0.62,9,750.294834
-0.65,12,750.33531
1.29,7,750.375112
1.58,11,750.427188
1.14,4,750.444082
-0.62,11,750.490824
1.14,4,750.504581
-0.76,6,750.522741
1.63,12,750.562676
1.33,8,750.592089
1.69,13,750.663387
-0.67,8,750.728525
1.21,6,750.779298
-0.54,8,750.840798
1.71,10,750.880188
-0.62,11,750.913811
1.55,10,750.959497
1.14,4,750.982049
-0.54,12,751.023433
1.14,4,751.035208
1.14,4,751.044171
1.63,10,751.076916
1.14,4,751.088893
1.14,4,751.106553
-0.44,12,751.145739
-0.5,12,751.182706
-0.87,6,751.206587
-0.65,9,751.242084
1.14,4,751.252724
1.69,10,751.284058
-0.86,5,751.301822
1.14,4,751.313333
-0.76,6,751.333034
1.14,4,751.351712
-0.71,6,751.382425
-0.56,8,751.414703
-0.86,5,751.430128
1.14,4,751.442154
-0.67,8,751.480078
1.14,4,751.496511
1.14,4,751.514173
-0.33,13,751.581892
-0.76,6,751.60386
-0.71,7,751.627958
1.53,11,751.661681
1.59,12,751.6992
1.14,4,751.71468
-0.61,10,751.755352
1.14,4,751.778127
1.37,10,751.815891
1.14,4,751.826839
-0.63,10,751.857321
1.48,10,751.889423
1.14,4,751.900823
-0.8,7,751.924303
-0.62,9,751.961985
-0.63,10,752.021365
1.48,9,752.053936
1.14,4,752.069617
-0.21,14,752.112892
1.14,4,752.12455
1.53,10,752.15348
1.19,5,752.16871
1.14,4,752.18082
1.14,4,752.19638
-0.34,11,752.234427
1.58,10,752.266911
1.14,4,752.278624
1.14,4,752.291519
1.64,10,752.32673
-0.52,10,752.360042
1.46,12,752.395142
-0.56,10,752.441847
1.14,4,752.459479
-0.67,8,752.501187
1.59,10,752.561738
-0.88,7,752.596729
-0.2,15,752.659063
1.14,4,752.680273
1.14,4,752.696017
1.14,4,752.709357
1.14,4,752.721385
1.73,11,752.755161
1.14,4,752.766543
1.14,4,752.778276
1.14,4,752.791082
1.14,4,752.804081
1.14,4,752.818365
-0.92,5,752.844089
1.42,10,752.876809
-0.53,11,752.914291
-0.38,12,752.959517
1.14,4,752.976661
1.14,4,752.988734
1.53,10,753.019528
1.14,4,753.034073
1.14,4,753.044023
1.14,4,753.057515
-0.44,10,753.099646
-0.56,9,753.130097
1.14,4,753.143042
1.66,10,753.179489
-0.75,11,753.224688
1.14,4,753.23834
1.54,12,753.277122
1.53,10,753.314607
1.14,4,753.328226
1.14,4,753.365795
-0.48,11,753.428227
1.14,4,753.441587
1.14,4,753.453651
1.43,9,753.480742
-0.72,7,753.506656
1.14,4,753.517004
1.14,4,753.533604
1.53,10,753.566706
-0.51,9,753.595488
1.14,4,753.608198
1.14,4,753.619774
1.14,4,753.632667
-0.71,7,753.65864
1.14,4,753.670656
1.14,4,753.682866
-0.71,7,753.713759
-0.58,10,753.748149
1.14,4,753.758878
-0.43,12,753.804896
-0.56,9,753.850561
-0.66,7,753.878627
1.33,8,753.907414
-0.54,10,753.943232
1.14,4,753.95907
1.14,4,753.974212
-0.27,12,754.01872
1.63,10,754.061082
-0.64,10,754.093161
1.14,4,754.107202
-0.66,7,754.129823
1.14,4,754.141572
1.14,4,754.153828
-0.38,11,754.183944
1.14,4,754.194159
1.14,4,754.205902
-0.46,10,754.240357
-0.51,8,754.266243
1.65,12,754.315206
1.14,4,754.329567
-0.49,12,754.367622
1.14,4,754.380072
-0.65,11,754.416774
1.14,4,754.43236
1.61,10,754.464443
1.14,4,754.480363
1.14,4,754.494217
1.64,10,754.537876
1.53,10,754.572953
1.14,4,754.587998
1.64,10,754.623993
1.14,4,754.637415
1.14,4,754.654117
1.39,8,754.684613
1.14,4,754.696214
1.56,9,754.729138
1.14,4,754.741617
-0.71,6,754.761661
-0.6,9,754.805051
1.52,12,754.854209
1.37,10,754.889227
1.14,4,754.901593
-0.45,13,754.948184
1.14,4,754.960736
1.14,4,754.972588
-0.79,11,755.01118
1.14,4,755.027626
1.14,4,755.044363
-0.64,14,755.095243
-0.68,9,755.125362
-0.54,8,755.154595
1.14,4,755.167252
1.14,4,755.178501
-0.57,10,755.213195
-0.78,8,755.239445
-0.47,10,755.290392
-0.72,11,755.337918
-0.38,12,755.403057
-0.12,17,755.459205
1.14,4,755.480249
1.14,4,755.500266
1.14,4,755.521723
1.45,9,755.560319
1.14,4,755.57298
1.14,4,755.586356
1.19,5,755.602174
1.14,4,755.616167
1.66,10,755.647946
1.14,4,755.661933
1.58,11,755.700471
1.14,4,755.713212
1.14,4,755.725683
1.14,4,755.737638
-0.66,7,755.761403
1.14,4,755.776088
1.14,4,755.788259
1.14,4,755.801278
1.14,4,755.816856
1.14,4,755.827257
1.61,9,755.85627
1.14,4,755.869373
-0.69,11,755.912346
1.58,10,755.944868
-0.26,13,755.989971
-0.47,10,756.02376
1.14,4,756.035738
1.24,9,756.062377
-0.54,12,756.102979
1.14,4,756.116095
-0.47,13,756.158919
-0.44,10,756.188515
1.14,4,756.204635
1.38,9,756.233782
1.61,10,756.266088
1.59,9,756.321492
1.14,4,756.337775
1.14,4,756.354197
1.31,13,756.397922
1.14,4,756.412986
-0.42,13,756.46025
1.14,4,756.475869
1.14,4,756.486892
-0.66,7,756.513415
1.48,10,756.553931
1.14,4,756.566034
-0.73,8,756.596653
1.14,4,756.6179
-0.36,10,756.657363
1.54,9,756.688815
1.31,10,756.726441
-0.73,9,756.758157
1.14,4,756.771599
1.44,8,756.795625
1.14,4,756.808235
1.14,4,756.820756
1.14,4,756.845591
1.14,4,756.888421
-0.76,9,756.923729
1.28,8,756.95226
1.14,4,756.966877
1.19,5,756.98464
1.64,10,757.015282
1.14,4,757.030383
1.14,4,757.045555
1.5,11,757.079278
1.14,4,757.095124
1.14,4,758.271595
-0.58,10,758.304243
-0.5,10,758.33598
-0.38,12,758.372514
-0.51,12,758.414019
1.76,11,758.447089
1.56,9,758.480044
1.14,4,758.499127
1.14,4,758.518882
1.14,4,758.538944
1.14,4,758.555172
-0.49,13,758.600107
-0.73,9,758.632296
1.14,4,758.643441
1.55,11,758.6778
1.55,10,758.7118
1.55,10,758.745918
1.14,4,758.769086
1.14,4,758.790851
-0.61,10,758.839104
-0.66,10,758.885607
1.64,10,758.929545
1.14,4,758.950418
1.53,10,758.9872
1.14,4,759.004302
-0.22,13,759.091518
-0.51,9,759.124666
1.14,4,759.139932
1.14,4,759.154405
1.14,4,759.166378
1.14,4,759.177083
-0.39,11,759.212343
1.14,4,759.224762
-0.54,12,759.264412
-0.48,14,759.304138
1.14,4,759.319044
1.14,4,759.332586
-0.39,16,759.382925
1.14,4,759.394223
1.14,4,759.40555
-0.78,8,759.430626
1.14,4,759.446811
-0.66,10,759.484724
1.66,10,759.517107
1.14,4,759.52953
-0.67,8,759.55882
-0.4,11,759.600267
1.14,4,759.614529
1.14,4,759.628488
-0.45,14,759.67082
1.14,4,759.683228
-0.62,9,759.714463
-0.82,6,759.733684
-0.71,7,759.756593
1.14,4,759.768564
-0.38,15,759.816611
1.6,11,759.855473
1.42,14,759.899034
1.73,11,759.928744
1.14,4,759.940059
1.14,4,759.953848
1.46,8,759.980428
-0.55,12,760.02759
-0.62,9,760.055778
1.14,4,760.068377
1.14,4,760.080204
1.14,4,760.091806
1.53,10,760.124006
-0.52,10,760.15304
1.47,11,760.186839
-0.38,11,760.226243
1.14,4,760.238384
1.14,4,760.25145
1.44,9,760.277093
1.45,10,760.308305
1.14,4,760.320232
1.14,4,760.332847
-0.76,6,760.353076
-0.72,11,760.384408
1.14,4,760.398041
1.14,4,760.4107
-0.6,12,760.455027
-0.46,9,760.484176
1.48,10,760.515122
1.62,11,760.569623
-0.27,11,760.625786
1.14,4,760.638971
1.14,4,760.650608
1.14,4,760.663138
1.14,4,760.675158
-0.5,10,760.715096
-0.57,9,760.768435
-0.33,13,760.856371
-0.35,12,760.951401
-0.68,11,761.040854
-0.76,6,761.080021
-0.71,6,761.106032
-0.76,8,761.133998
1.5,10,761.168228
1.14,4,761.18355
-0.92,5,761.201018
-0.52,10,761.236789
-0.52,12,761.277052
-0.03,15,761.331799
-0.92,5,761.350135
-0.54,9,761.377472
1.34,7,761.40008
-0.76,6,761.420085
1.56,10,761.455777
-0.71,6,761.48231
-0.7,11,761.51633
-0.72,8,761.548592
-0.66,10,761.578136
1.14,4,761.590604
-0.43,13,761.662209
1.14,4,761.690931
1.14,4,761.720909
-0.76,7,761.80458
1.14,4,761.825644
1.14,4,761.838934
-0.48,11,761.883821
1.14,4,761.899835
1.45,10,761.961959
1.14,4,761.995912
1.14,4,762.013247
1.6,11,762.051462
-0.82,6,762.072077
-1.0,7,762.09162
-0.56,12,762.134595
1.4,9,762.167508
1.14,4,762.180265
1.38,11,762.211642
1.61,10,762.246963
1.53,11,762.282173
1.14,4,762.294626
1.14,4,762.306639
1.14,4,762.319309
1.55,10,762.349824
1.14,4,762.363679
1.4,9,762.422212
1.39,10,762.482543
1.14,4,762.499666
-0.32,14,762.550785
1.66,10,762.583771
1.14,4,762.595173
1.14,4,762.609017
1.14,4,762.622105
1.38,9,762.650573
1.14,4,762.664277
1.14,4,762.676484
1.63,11,762.708103
-0.44,11,762.744522
1.14,4,762.760667
1.56,9,762.79324
1.14,4,762.805294
1.14,4,762.821878
1.14,4,762.84319
1.57,10,762.888136
-0.67,8,762.922415
1.14,4,762.940094
1.14,4,762.956681
-0.37,11,763.002911
-0.52,10,763.040862
1.14,4,763.053171
1.14,4,763.064653
1.14,4,763.077194
1.63,11,763.113117
-0.52,10,763.14747
1.14,4,763.160595
-0.69,10,763.196044
1.14,4,763.207269
-0.56,8,763.237882
-0.61,8,763.264923
-0.66,7,763.287341
1.58,9,763.318839
-0.62,9,763.350211
1.14,4,763.363187
-0.69,11,763.401123
-0.72,8,763.428088
-0.57,9,763.460572
1.51,9,763.493276
1.14,4,763.509671
-0.42,11,763.542454
-0.76,8,763.581823
-0.67,8,763.614753
-0.67,8,763.645129
1.14,4,763.658945
1.14,4,763.670385
1.14,4,763.683955
1.32,9,763.711672
1.14,4,763.723182
1.36,8,763.74984
-0.89,8,763.773468
-0.72,8,763.803443
-0.46,9,763.835415
1.55,10,763.86739
1.14,4,763.891731
-0.31,12,763.952931
1.14,4,763.966368
-0.61,8,763.997068
1.7,12,764.037081
1.31,10,764.072092
-0.6,9,764.12177
-0.63,10,764.164634
1.14,4,764.183529
-0.39,12,764.220248
1.14,4,764.236174
1.14,4,764.253311
1.14,4,764.265248
1.67,11,764.300307
1.76,11,764.397182
-0.63,13,764.464401
-0.74,9,764.49577
1.14,4,764.506918
1.14,4,764.519593
1.14,4,764.533402
-0.77,9,764.560158
-0.54,8,764.588849
-0.53,11,764.624294
1.49,9,764.654663
1.47,11,764.700567
1.14,4,764.724199
1.14,4,764.742859
1.14,4,764.757136
1.29,6,764.791375
-0.62,13,764.851148
-0.77,7,764.869829
-0.5,14,764.92682
-0.82,6,764.967278
-0.55,9,765.029486
1.76,11,765.073415
1.14,4,765.093675
1.14,4,765.10775
1.68,10,765.139575
-0.66,7,765.1647
1.14,4,765.179689
-0.64,10,765.213624
1.14,4,765.225996
-0.65,8,765.256276
1.14,4,765.268342
-0.4,11,765.298554
1.36,11,765.33354
-0.4,13,765.371327
-0.52,10,765.400846
-0.45,11,765.435133
1.7,12,765.52292
-0.86,5,765.538705
1.69,11,765.57463
-0.46,10,765.608447
-0.41,13,765.654687
1.14,4,765.665581
1.14,4,765.677933
1.64,10,765.70494
1.14,4,765.71661
1.14,4,765.729291
1.14,4,765.741164
1.44,9,765.768301
-0.44,10,765.79856
-0.43,12,765.836736
1.14,4,765.848527
1.14,4,765.860588
1.14,4,765.876135
1.14,4,765.888327
-0.72,7,765.918813
-0.58,10,765.958792
1.14,4,765.970322
1.14,4,765.986537
-0.65,9,766.015269
1.48,10,766.045877
1.53,10,767.229443
1.14,4,767.241347
1.56,9,767.272932
1.14,4,767.284666
1.14,4,767.296745
1.14,4,767.310078
1.14,4,767.32174
-0.88,7,767.345488
1.14,4,767.357213
1.6,11,767.390121
1.44,8,767.414385
1.14,4,767.42965
1.14,4,767.442605
1.14,4,767.454596
-0.37,12,767.492081
1.43,9,767.521422
1.14,4,767.533287
-1.0,7,767.556629
1.14,4,767.570273
1.45,10,767.620083
1.14,4,767.641696
1.14,4,767.657712
1.14,4,767.676708
1.51,9,767.736419
-0.81,5,767.757721
1.14,4,767.773742
1.14,4,767.790449
1.14,4,767.804076
1.14,4,767.817997
-0.88,7,767.841608
-0.77,7,767.865979
-0.76,9,767.897708
-0.86,5,767.914415
1.14,4,767.927391
-0.72,8,767.958299
1.14,4,767.970262
-0.82,6,767.991246
1.14,4,768.00303
1.14,4,768.014345
1.14,4,768.025408
-0.82,6,768.045234
1.14,4,768.061989
-0.95,8,768.093857
1.14,4,768.114289
1.14,4,768.127424
1.14,4,768.14255
1.41,8,768.171709
1.54,11,768.225559
1.14,4,768.241487
1.14,4,768.254042
1.14,4,768.269978
1.33,8,768.297563
-0.66,8,768.324807
1.14,4,768.33917
-0.25,12,768.378754
1.14,4,768.390594
1.14,4,768.402466
1.14,4,768.41611
-0.54,9,768.4436
-0.65,9,768.479029
1.14,4,768.49147
1.14,4,768.502892
1.44,10,768.543165
1.62,12,768.656651
1.14,4,768.672112
-0.29,12,768.714077
1.63,10,768.745225
1.14,4,768.756056
1.14,4,768.766387
-0.66,13,768.809361
1.14,4,768.824936
1.4,9,768.857995
1.14,4,768.868068
-0.47,10,768.898105
-0.63,10,768.926766
-1.0,7,768.947426
-0.36,12,768.981765
-0.93,6,769.00514
1.14,4,769.016507
1.14,4,769.031501
-0.99,6,769.047237
1.14,4,769.062385
1.61,10,769.100091
-0.66,7,769.132877
-0.51,11,769.190955
1.14,4,769.206917
1.14,4,769.22372
1.14,4,769.247971
-0.41,9,769.296477
-0.31,11,769.339539
-0.71,7,769.356757
1.14,4,769.364435
1.14,4,769.376266
-0.58,14,769.414121
1.14,4,769.425144
1.14,4,769.433673
1.14,4,769.443231
1.41,9,769.465624
-0.72,8,769.490978
1.14,4,769.501528
-0.82,6,769.521324
1.14,4,769.532238
1.14,4,769.545204
-0.78,8,769.567918
1.14,4,769.578774
1.43,9,769.603355
1.14,4,769.614063
-0.62,9,769.648264
1.47,9,769.679436
1.14,4,769.689697
-0.69,10,769.716199
1.14,4,769.727794
-0.54,14,769.762656
1.14,4,769.774238
1.14,4,769.784483
-0.53,13,769.818436
-0.76,6,769.836752
1.14,4,769.848766
1.65,12,769.882831
-0.46,9,769.916755
1.53,11,769.952583
1.14,4,769.962629
1.55,10,769.990367
1.14,4,769.99846
1.14,4,770.011297
1.14,4,770.023024
1.64,10,770.111132
-0.63,10,770.140998
-0.76,6,770.159685
1.14,4,770.171632
1.19,5,770.187532
-0.79,9,770.214349
1.58,10,770.243976
1.14,4,770.255358
1.14,4,770.265797
1.14,4,770.2754
-0.5,11,770.30741
1.14,4,770.319081
1.14,4,770.327678
1.14,4,770.338143
1.58,9,770.359498
-0.57,12,770.393329
-0.92,5,770.406866
1.14,4,770.415545
-0.64,8,770.442273
1.14,4,770.453965
-0.39,11,770.488732
1.14,4,770.499241
-0.61,8,770.525133
-0.49,13,770.561694
1.14,4,770.572613
-0.68,9,770.597086
1.47,11,770.629387
-0.65,12,770.665545
1.33,8,770.683708
-0.68,9,770.711568
1.14,4,770.723709
-0.49,9,770.753296
1.56,9,770.780537
1.14,4,770.792652
1.64,10,770.81938
1.14,4,770.827185
1.14,4,770.838025
-0.8,10,770.864643
1.14,4,770.875323
1.14,4,770.887352
1.51,9,770.913002
1.34,9,770.938938
-0.65,8,770.961484
1.14,4,770.97364
-0.83,8,771.000492
-0.61,11,771.039696
-0.66,7,771.063588
1.14,4,771.076455
1.51,9,771.100652
-0.74,6,771.119519
1.34,13,771.153577
1.14,4,771.163701
-0.82,6,771.182804
1.14,4,771.194724
1.14,4,771.206833
-0.54,8,771.23076
1.14,4,771.242614
1.66,10,771.277025
-0.75,11,771.313042
-0.76,6,771.333955
1.14,4,771.346543
-0.14,14,771.394375
-0.58,11,771.429397
1.14,4,771.439003
1.66,10,771.465308
-0.64,8,771.485186
1.14,4,771.496103
1.14,4,771.50895
1.48,9,771.536438
1.61,10,771.561781
1.64,10,771.585434
1.14,4,771.595396
1.14,4,771.604984
-0.41,10,771.636212
-0.77,7,771.655062
1.14,4,771.665758
1.14,4,771.676719
1.14,4,771.688057
1.14,4,771.698717
1.14,4,771.709776
-0.65,10,771.739463
-0.88,6,771.758632
-0.66,10,771.788215
1.38,9,771.811507
1.14,4,771.822651
1.14,4,771.831681
-0.84,9,771.86077
1.14,4,771.871944
1.14,4,771.882648
1.14,4,771.892179
1.14,4,771.902445
-0.99,6,771.918223
-0.76,6,771.937365
1.14,4,771.948691
-0.49,9,771.97497
1.14,4,771.986376
1.14,4,771.997467
1.14,4,772.00936
-0.61,10,772.037307
1.14,4,772.048627
1.14,4,772.059248
-0.43,11,772.087721
1.14,4,772.09682
-0.33,13,772.135214
1.14,4,772.144675
1.56,9,772.218278
1.14,4,772.240837
1.14,4,772.252156
1.14,4,772.263322
-0.65,12,772.295001
-0.76,6,772.311752
-0.63,9,772.339936
1.14,4,772.352058
1.46,8,772.371995
-0.67,8,772.395093
-0.78,8,772.424786
-0.78,8,772.448045
1.14,4,772.460677
1.14,4,772.47231
1.14,4,772.481288
1.36,11,772.518445
-0.26,13,772.55931
1.14,4,772.572319
-0.85,9,772.598537
-0.51,14,772.636981
1.21,6,772.652626
-0.63,10,772.684143
1.14,4,772.693676
1.55,10,772.726521
1.14,4,772.739257
1.14,4,772.749703
1.14,4,772.757529
1.14,4,772.768787
1.76,14,772.810433
1.55,14,772.852397
1.14,4,772.863549
-0.71,7,772.885205
-0.56,10,772.919882
-0.7,10,772.949507
1.14,4,772.95896
1.54,11,772.988563
1.14,4,772.998185
1.14,4,773.009509
1.14,4,773.019413
1.45,10,773.043942
1.53,10,773.071223
1.51,9,773.094788
-0.78,8,773.118819
-0.74,10,773.147918
-0.68,9,773.170643
-0.56,9,773.195759
1.38,9,773.224663
1.47,10,773.303921
-0.62,9,773.33335
1.14,4,773.344352
1.47,11,773.376694
-0.76,6,773.392028
1.14,4,773.403545
1.14,4,773.414677
-0.56,8,773.434202
-0.42,11,773.460536
-0.65,11,773.489698
1.14,4,773.501293
1.14,4,773.511687
1.14,4,773.521277
-0.71,7,773.542018
-0.76,6,773.557745
1.55,10,773.579361
-0.78,8,773.597769
1.14,4,773.606984
-0.58,10,773.628844
-0.67,8,773.651442
-0.51,10,773.680859
1.14,4,773.692615
1.14,4,773.704201
1.14,4,773.714359
1.14,4,773.723513
-0.52,10,774.402922
-0.77,7,774.42614
1.14,4,774.437122
1.14,4,774.448545
1.14,4,774.458772
-0.63,10,774.488696
-0.82,6,774.505436
1.14,4,774.516388
1.14,4,774.526517
1.14,4,774.536805
-0.7,9,774.558316
1.14,4,774.569284
-0.47,13,774.605378
-0.31,11,774.637495
1.14,4,774.64926
-0.77,7,774.670447
-0.59,8,774.694986
1.14,4,774.703903
-0.3,14,774.743081
1.56,9,774.768384
-0.62,9,774.794135
1.66,10,774.824758
-0.77,7,774.845043
-0.61,13,774.876396
1.14,4,774.888802
1.23,7,774.909578
1.58,9,774.9368
-0.68,10,774.967974
1.42,10,774.995426
1.46,8,775.01805
1.14,4,775.026189
1.14,4,775.037065
1.5,10,775.067043
1.14,4,775.074788
-0.5,10,775.102942
1.14,4,775.110754
-0.77,7,775.129202
1.66,14,775.165177
1.42,10,775.194704
1.14,4,775.204394
1.14,4,775.215692
-0.42,14,775.253479
-0.66,7,775.273198
1.81,12,775.30909
1.49,12,775.348157
-0.73,9,775.37266
-0.58,10,775.406412
-0.38,13,775.444268
1.61,10,775.47487
1.64,10,775.507455
1.14,4,775.51841
1.14,4,775.529846
1.14,4,775.5397
1.49,8,775.566252
1.14,4,775.577214
1.14,4,775.58937
1.14,4,775.601817
-0.6,10,775.635632
1.55,10,775.659807
-0.63,10,775.687635
1.14,4,775.699109
-0.71,7,775.72126
-0.67,8,775.747454
1.14,4,775.758424
1.14,4,775.771064
-0.49,10,775.803544
1.41,11,775.836567
1.14,4,775.847939
-0.29,14,775.887907
1.14,4,775.8996
1.49,12,775.935524
-0.46,12,775.968132
1.64,10,775.992309
-0.53,13,776.030288
-0.69,7,776.045835
1.14,4,776.057176
-0.63,8,776.082382
1.14,4,776.090941
1.14,4,776.101987
1.55,10,776.12569
1.14,4,776.135667
1.53,10,776.163137
-0.42,14,776.191124
-0.87,6,776.210435
1.38,9,776.237106
-0.47,13,776.267554
-0.93,6,776.283626
-0.53,11,776.319112
1.14,4,776.327657
1.14,4,776.339032
1.14,4,776.350857
-0.37,10,776.376911
-0.93,8,776.396142
1.14,4,776.407637
1.14,4,776.417845
-0.76,6,776.433907
1.6,11,776.466024
1.46,8,776.484978
1.14,4,776.495864
-0.6,9,776.520782
1.14,4,776.532497
1.14,4,776.543794
-0.71,6,776.564062
-0.33,13,776.599438
-0.54,9,776.627459
-0.72,8,776.651515
1.14,4,776.66072
1.63,10,776.690742
1.14,4,776.703053
1.14,4,776.714067
1.14,4,776.722532
1.71,10,776.746562
1.14,4,776.756803
-0.75,11,776.789043
1.47,11,776.820313
1.14,4,776.83164
1.61,10,776.856735
1.14,4,776.868581
1.38,9,776.889888
1.14,4,776.900645
1.66,10,776.977953
1.63,10,777.00427
1.14,4,777.016617
1.14,4,777.027046
1.14,4,777.038384
-0.62,9,777.065337
1.14,4,777.077549
1.14,4,777.087231
1.14,4,777.097685
1.14,4,777.106527
1.67,12,777.139216
-0.54,9,777.166094
1.14,4,777.174047
-0.65,9,777.203847
1.14,4,777.215684
1.55,10,777.245489
-0.57,9,777.266344
1.53,10,777.294708
-0.66,7,777.311547
1.14,4,777.319638
1.47,11,777.346042
1.56,10,777.372635
-0.11,15,777.420984
1.66,10,777.450718
-0.47,10,777.478145
1.14,4,777.489141
1.14,4,777.500377
-0.42,11,777.530704
1.14,4,777.539334
-0.67,8,777.558897
1.14,4,777.570108
-0.54,11,777.599662
-0.49,9,777.624048
-0.72,10,777.648983
-0.99,6,777.664531
-0.4,14,777.70035
1.14,4,777.711487
1.38,9,777.737631
1.14,4,777.747295
-0.48,11,777.773872
-0.73,8,777.798103
1.14,4,777.806406
1.14,4,777.817594
-0.46,9,777.843627
1.14,4,777.85217
1.14,4,777.862811
1.14,4,777.87343
1.63,10,777.904393
1.14,4,777.916576
1.14,4,777.927556
-0.61,8,777.952047
-0.24,11,777.986052
1.14,4,777.997967
1.28,8,778.0244
-0.58,11,778.057759
1.36,8,778.077239
1.14,4,778.088467
-0.52,10,778.119646
1.14,4,778.131097
1.14,4,778.141195
1.14,4,778.150886
1.14,4,778.160317
1.14,4,778.171076
1.14,4,778.182768
-0.92,10,778.209444
1.14,4,778.219081
1.14,4,778.229742
-0.37,10,778.257337
1.5,10,778.286597
-0.34,14,778.329203
-0.65,8,778.348391
-0.76,6,778.367275
1.46,12,778.400606
1.14,4,778.412969
-0.57,8,778.437778
1.14,4,778.451249
1.49,11,778.483337
1.14,4,778.493071
1.14,4,778.504813
-0.59,10,778.535897
-0.82,6,778.554186
-0.72,7,778.577947
1.14,4,778.587359
-0.53,11,778.619589
-0.69,10,778.648041
-0.77,7,778.669816
-0.6,9,778.697523
1.46,8,778.7219
1.14,4,778.731658
1.46,8,778.75266
-0.82,6,778.771055
-0.42,10,778.798617
1.14,4,778.808823
1.14,4,778.819994
-0.43,14,778.859338
-0.79,9,778.881538
-0.63,12,778.913485
-0.76,6,778.930354
1.14,4,778.940569
1.14,4,778.95179
1.38,9,778.978667
1.14,4,778.989293
-0.53,11,779.020015
1.58,11,779.052609
1.14,4,779.062868
1.55,12,779.090338
1.14,4,779.102086
1.14,4,779.115558
-0.7,8,779.138336
1.14,4,779.149766
1.14,4,779.159432
-0.6,9,779.185568
-0.55,10,779.216512
1.52,11,779.247026
1.6,11,779.274884
1.69,14,779.309821
-0.82,8,779.332524
1.14,4,779.345032
1.14,4,779.356283
-0.37,11,779.392118
-0.66,7,779.415273
1.66,10,779.444962
1.35,12,779.478432
1.14,4,779.485821
-0.22,14,779.528762
-0.88,7,779.54617
-0.71,7,779.56467
1.55,10,779.589504
1.14,4,779.600506
1.14,4,779.611917
-0.55,10,779.643107
1.48,10,779.66766
-0.68,10,779.698151
1.14,4,779.708015
-0.51,13,779.749197
1.55,10,779.777284
1.64,10,779.806094
1.64,10,779.830748
-0.76,6,779.847312
-0.64,11,779.877515
-0.65,12,779.906895
-0.59,12,779.937907
-0.58,10,779.968201
1.14,4,779.979566
1.14,4,779.989953
1.14,4,780.001698
-0.44,10,780.029384
1.14,4,780.040026
1.14,4,780.049793
-0.55,9,780.078003
-0.81,5,780.093055
1.5,14,780.133123
1.61,10,780.162431
1.45,9,781.002441
1.14,4,781.01406
-0.67,12,781.050786
-0.81,5,781.0669
-0.5,10,781.100347
1.14,4,781.110558
1.14,4,781.119698
-0.57,13,781.155722
1.14,4,781.166743
1.14,4,781.178077
1.39,10,781.203611
1.14,4,781.215501
-0.1,13,781.258364
1.39,8,781.279594
1.14,4,781.290023
-0.61,8,781.316003
-0.42,9,781.346126
1.49,11,781.377586
1.14,4,781.386219
-0.83,7,781.409342
-0.77,7,781.431571
1.14,4,781.443031
-0.59,8,781.4637
-0.54,8,781.48494
-0.78,8,781.512228
-0.72,8,781.537405
-0.9,6,781.553518
-0.59,8,781.578343
-0.76,6,781.59789
1.93,13,781.691767
-0.59,8,781.731284
-0.69,7,781.75403
-0.69,10,781.784411
1.14,4,781.794612
1.61,10,781.819693
-0.79,8,781.845256
1.14,4,781.856556
1.19,5,781.872555
1.14,4,781.884522
1.14,4,781.897113
-0.61,7,781.918355
1.14,4,781.929263
-0.53,11,781.964399
1.14,4,781.976556
1.14,4,781.987373
1.52,11,782.017674
-0.44,10,782.049092
-0.55,10,782.08133
-0.76,6,782.098657
-0.49,13,782.133001
1.14,4,782.144834
1.55,10,782.175845
-0.59,11,782.20917
-0.37,10,782.234221
1.61,10,782.265426
-0.61,14,782.307585
1.59,10,782.335136
-0.72,10,782.368186
-0.37,11,782.407805
1.14,4,782.419919
-0.74,6,782.439897
1.14,4,782.45122
-0.77,7,782.469803
1.54,11,782.503078
1.14,4,782.515984
1.66,10,782.546846
1.14,4,782.555924
1.14,4,782.568866
1.14,4,782.580027
-0.71,7,782.600564
1.14,4,782.616384
1.14,4,782.630383
1.14,4,782.643545
1.54,9,782.674377
1.14,4,782.68386
-0.71,6,782.706111
-0.46,13,782.746928
-0.54,9,782.768309
1.14,4,782.77809
-0.54,8,782.800766
1.14,4,782.813338
1.75,11,782.848642
1.58,11,782.878504
-0.61,10,782.911199
1.14,4,782.923991
-0.79,9,782.950001
1.14,4,782.962487
1.83,12,782.993456
-0.71,9,783.014351
1.49,9,783.036322
-0.61,8,783.062429
-0.56,8,783.090075
1.14,4,783.102098
1.14,4,783.113628
1.58,11,783.145666
1.55,10,783.176457
1.14,4,783.187607
1.14,4,783.19971
1.14,4,783.211531
1.14,4,783.221968
1.14,4,783.233602
1.14,4,783.244306
1.47,9,783.271508
1.54,10,783.299008
-0.45,11,783.330823
1.14,4,783.342059
1.54,10,783.385456
1.14,4,783.405106
1.14,4,783.427141
1.14,4,783.446678
1.14,4,783.463717
1.41,8,783.499827
-0.39,10,783.54946
1.14,4,783.566531
-0.69,13,783.627764
1.14,4,783.647907
1.54,11,783.685538
1.14,4,783.69854
1.14,4,783.712061
1.49,9,783.739787
1.57,11,783.765249
1.14,4,783.777792
1.14,4,783.790045
1.52,11,783.820634
-0.64,8,783.845295
-0.47,10,783.8749
1.14,4,783.884065
-0.92,11,783.916797
-0.59,8,783.940688
1.14,4,783.951669
-0.41,9,783.983659
1.14,4,783.995959
-0.72,8,784.023112
1.14,4,784.034569
1.58,11,784.065775
-0.77,7,784.088831
1.14,4,784.097229
-0.62,9,784.125493
1.23,7,784.143787
-0.79,11,784.170857
1.14,4,784.183
-0.72,8,784.208721
1.14,4,784.217952
1.45,10,784.248859
1.14,4,784.260934
-0.49,12,784.299408
1.14,4,784.312689
1.14,4,784.327671
1.56,13,784.374824
1.14,4,784.388664
-0.43,12,784.433432
-0.76,6,784.46482
1.14,4,784.493734
-0.67,8,784.532072
-0.63,10,784.637865
1.14,4,784.651968
-0.51,10,784.68778
1.48,10,784.715399
1.43,8,784.740171
1.14,4,784.751099
1.45,9,784.778205
1.14,4,784.790179
1.5,11,784.823216
1.14,4,784.833892
1.14,4,784.844076
1.7,12,784.878061
1.5,11,784.908122
-0.5,10,784.939862
1.53,10,784.967157
1.29,7,784.990418
1.66,10,785.016795
1.14,4,785.027406
-0.66,11,785.064367
1.56,9,785.094476
-0.71,7,785.122566
-0.54,10,785.163553
-0.71,6,785.182571
-0.53,11,785.218385
-0.17,13,785.299933
1.56,10,785.376698
1.14,4,785.388546
1.14,4,785.399344
-0.25,15,785.444659
-0.45,11,785.482975
-0.46,12,785.524792
1.14,4,785.536383
1.14,4,785.547491
-0.5,11,785.581194
1.14,4,785.594069
1.45,9,785.623327
1.53,10,785.654677
1.42,10,785.69361
-0.82,6,785.71203
1.55,13,785.750682
1.36,11,785.78465
-0.76,6,785.805422
1.14,4,785.817758
-0.77,7,785.843103
1.14,4,785.856925
-0.81,5,785.875152
-0.58,9,785.906262
-0.53,10,785.929792
1.14,4,785.941055
-0.45,16,785.97903
-0.54,11,786.008542
1.14,4,786.019052
-0.46,10,786.047759
-0.43,12,786.08081
1.43,11,786.107579
-0.26,13,786.13947
1.65,13,786.177081
-0.61,8,786.201473
1.57,12,786.233685
1.14,4,786.245775
-0.76,9,786.272243
1.14,4,786.282693
1.14,4,786.294635
1.14,4,786.305399
1.14,4,786.316122
1.58,11,786.347347
-0.45,14,786.386904
1.14,4,786.398201
-0.84,8,786.419687
-0.76,6,786.439472
-0.46,12,786.477369
-0.7,8,786.502103
-0.57,9,786.531523
1.14,4,786.543456
1.63,10,786.57426
-0.46,13,786.615112
1.66,10,786.644722
1.55,10,786.674543
-0.6,9,786.698811
1.42,10,786.729362
1.14,4,786.741561
1.48,10,786.768695
-0.59,9,786.790653
1.14,4,786.799101
1.14,4,786.810863
1.14,4,786.822779
-0.79,9,786.851504
-0.6,11,786.881277
1.34,7,786.904495
1.35,9,786.931971
1.14,4,786.942978
1.62,11,786.973337
-0.59,8,786.995564
1.14,4,787.008476
1.14,4,787.020202
1.14,4,787.028744
-0.53,11,787.057474
-0.76,6,787.074048
-0.45,11,787.108043
-0.37,10,787.1371
-0.78,8,787.156939
1.76,11,787.19039
1.46,10,787.216154
1.59,10,787.246234
1.14,4,787.257285
1.14,4,787.269248
1.8,13,787.304309
1.14,4,787.316435
1.14,4,787.327783
1.14,4,787.340954
1.14,4,787.352983
1.14,4,787.364072
-0.74,7,787.384414
1.14,4,787.394351
-0.79,9,787.415435
-1.01,8,787.440023
-0.55,11,787.471672
-0.61,8,788.280803
1.6,12,788.321125
1.14,4,788.330159
1.14,4,788.342557
1.14,4,788.353949
-0.41,12,788.388844
1.14,4,788.3997
1.6,11,788.429475
-0.53,14,788.473893
-0.78,8,788.497611
-0.33,13,788.531399
-0.52,12,788.567123
1.14,4,788.578814
1.14,4,788.589976
1.53,10,788.619665
1.14,4,788.629897
1.14,4,788.643213
-0.59,8,788.663678
1.14,4,788.675068
1.64,10,788.698703
-0.69,10,788.731503
1.14,4,788.743347
1.14,4,788.755175
1.14,4,788.765783
1.14,4,788.776804
1.14,4,788.78843
-0.76,6,788.807108
1.58,9,788.84352
-0.82,6,788.896424
-0.64,10,788.928337
-0.64,11,788.960202
-0.69,10,788.988823
-0.64,13,789.02633
-0.78,8,789.051251
1.38,9,789.077079
1.14,4,789.089927
-0.72,8,789.115695
1.5,10,789.138981
1.5,10,789.169513
1.14,4,789.177615
1.14,4,789.189301
-0.78,8,789.213469
1.14,4,789.225086
1.39,10,789.255287
1.54,11,789.28627
1.44,10,789.312407
-0.64,10,789.339597
-0.5,11,789.366275
-0.76,6,789.381024
-0.61,10,789.411744
1.6,11,789.444718
1.14,4,789.455121
1.14,4,789.465841
1.14,4,789.475286
1.19,5,789.488436
1.14,4,789.498856
1.14,4,789.511328
1.14,4,789.522647
-0.67,10,789.549791
-0.76,6,789.566626
1.19,5,789.581475
-0.27,13,789.620005
1.14,4,789.631923
1.14,4,789.646897
1.42,10,789.678494
-0.76,6,789.698328
1.14,4,789.709797
1.14,4,789.723046
1.14,4,789.73401
-0.51,11,789.76991
1.51,9,789.796949
-0.67,8,789.822378
1.14,4,789.835137
1.14,4,789.84632
1.14,4,789.858777
1.14,4,789.920186
-0.72,8,789.965733
1.49,11,790.000606
-0.71,7,790.02202
1.14,4,790.034608
1.14,4,790.045583
1.14,4,790.057758
-0.59,12,790.091996
-0.51,11,790.121907
1.49,11,790.153435
-0.56,9,790.193391
1.14,4,790.207451
-0.65,9,790.234677
1.59,9,790.263716
1.6,11,790.296347
-0.66,7,790.317509
1.14,4,790.328532
1.14,4,790.340919
1.14,4,790.35162
1.14,4,790.360604
1.14,4,790.371995
-0.52,10,790.415639
1.55,11,790.466149
1.14,4,790.476372
1.14,4,790.489239
-0.53,11,790.524758
-0.71,7,790.546017
1.14,4,790.55683
1.14,4,790.569846
-0.76,6,790.589351
1.14,4,790.603153
-0.62,9,790.625218
1.14,4,790.635882
1.14,4,790.647334
-0.25,12,790.696643
1.14,4,790.710356
-0.38,12,790.746265
-0.63,11,790.778622
1.14,4,790.790735
1.64,10,790.82112
1.14,4,790.832841
1.14,4,790.841099
1.14,4,790.852042
1.14,4,790.86003
-0.69,11,790.889028
-0.17,14,790.924723
1.14,4,790.936893
-0.55,13,790.975342
-0.75,8,791.001476
1.54,9,791.032709
1.14,4,791.046229
1.14,4,791.060022
1.46,11,791.094343
1.56,9,791.122003
1.14,4,791.134289
1.61,10,791.164708
1.14,4,791.177647
1.14,4,791.191675
1.63,10,791.225208
-0.6,12,791.263054
-0.54,9,791.295866
-0.44,9,791.324688
1.46,12,791.358713
-0.74,10,791.391306
1.31,9,791.422278
-0.78,8,791.445195
1.14,4,791.457501
-0.25,13,791.497231
-0.66,7,791.523738
-0.56,12,791.558177
1.53,10,791.584817
-0.57,9,791.616619
1.14,4,791.629787
1.14,4,791.641688
1.5,10,791.674288
-0.57,9,791.703818
1.19,5,791.718632
-0.56,11,791.755121
-0.16,15,791.800169
-0.76,6,791.929747
-0.37,11,791.984578
1.5,10,792.013513
1.14,4,792.025108
-0.59,11,792.057806
-0.5,12,792.096914
1.45,9,792.119735
-0.62,11,792.149486
1.14,4,792.161891
-0.58,11,792.191906
1.14,4,792.202651
1.66,10,792.228193
1.14,4,792.240663
1.57,12,792.276601
-0.84,8,792.299809
1.14,4,792.312101
1.42,11,792.349496
1.14,4,792.361685
-0.46,12,792.407469
1.14,4,792.478013
1.51,9,792.507767
1.14,4,792.520189
1.14,4,792.528069
1.14,4,792.538851
1.14,4,792.549372
-0.68,9,792.577851
1.54,9,792.606518
1.14,4,792.617921
1.49,9,792.642533
-0.87,6,792.660027
1.14,4,792.671085
1.14,4,792.682956
1.14,4,792.693204
-0.52,10,792.720608
1.14,4,792.729778
1.19,5,792.741789
1.14,4,792.753787
1.14,4,792.764702
1.55,10,792.794363
-0.99,6,792.811073
-0.72,7,792.834298
1.66,10,792.867773
-0.44,10,792.90234
1.14,4,792.91502
1.34,7,792.938269
-0.55,11,792.97518
1.14,4,792.985996
-0.51,11,793.017886
1.37,10,793.048437
1.14,4,793.059471
1.14,4,793.071899
-0.76,6,793.090556
1.42,10,793.124063
1.14,4,793.13643
1.55,11,793.16906
1.14,4,793.18066
-0.78,8,793.202446
-0.72,10,793.234104
1.14,4,793.243178
1.46,8,793.265845
1.14,4,793.277333
1.53,10,793.306805
1.56,9,793.334084
1.14,4,793.345247
-0.46,11,793.373472
1.51,9,793.402502
1.57,11,793.436274
-0.72,8,793.459111
1.14,4,793.471388
-0.73,9,793.502426
1.14,4,793.515158
-0.66,7,793.541426
1.6,11,793.575685
1.14,4,793.589714
1.14,4,793.602571
1.55,10,793.63691
-0.41,10,793.669188
1.14,4,793.680418
1.45,10,793.709355
1.14,4,793.722703
-0.54,8,793.75129
1.32,9,793.783674
-0.54,8,793.808553
-0.67,12,793.848253
1.14,4,793.859509
1.14,4,793.872705
1.14,4,793.88503
-0.66,7,793.906144
1.31,8,793.931995
-0.67,8,793.958479
1.14,4,793.970571
1.14,4,793.982051
1.14,4,793.992513
-0.69,13,794.032824
1.14,4,794.043912
-0.76,6,794.059712
1.14,4,794.071301
1.14,4,794.083294
1.14,4,794.094388
-0.22,13,794.130976
-0.62,12,794.169107
1.14,4,794.180207
1.14,4,794.191429
1.14,4,794.2036
1.14,4,794.215178
-0.76,6,794.234546
-0.34,10,794.264097
1.14,4,794.273479
-0.89,8,794.296816
-0.71,7,794.319865
-0.82,6,794.336174
-0.62,9,794.35785
1.14,4,794.36876
-0.41,15,794.409419
1.53,10,794.434987
1.51,12,794.467778
1.14,4,794.476226
1.14,4,794.488397
-0.56,8,794.516291
-0.66,7,794.537671
-0.24,13,794.577787
-0.6,11,794.608617
1.14,4,794.619656
-0.55,9,794.642883
1.14,4,794.652096
-0.59,8,794.674973
1.14,4,794.687483
1.14,4,794.70102
-0.47,10,794.735652
1.14,4,794.745402
1.14,4,795.6838
-0.59,11,795.746476
-0.36,10,795.790816
1.66,10,795.825398
-0.53,11,795.865359
-0.63,10,795.897457
1.14,4,795.914528
1.32,9,795.962627
-0.31,11,796.016081
1.14,4,796.03127
-0.64,11,796.082429
1.14,4,796.094309
-0.36,14,796.137116
-0.27,15,796.189086
1.14,4,796.202056
1.14,4,796.220313
1.14,4,796.231313
1.14,4,796.24283
1.14,4,796.259123
-0.62,9,796.298954
1.14,4,796.319815
1.14,4,796.335973
-0.8,10,796.372206
1.8,13,796.415891
1.42,10,796.442031
-0.72,8,796.467708
1.14,4,796.480299
1.76,11,796.530763
-0.28,12,796.599584
1.5,10,796.655735
-0.54,9,796.728702
-0.82,6,796.78018
1.14,4,796.81069
-0.6,10,796.898543
-0.65,8,796.952895
-0.37,11,797.007357
1.14,4,797.021315
-0.38,12,797.081207
1.49,11,797.119661
-0.76,6,797.140558
1.59,13,797.18004
-0.58,10,797.215143
1.66,10,797.25001
1.14,4,797.265998
-0.78,8,797.294157
-0.62,11,797.333142
1.61,10,797.364408
-0.51,9,797.400203
1.54,11,797.454525
1.6,11,797.489882
1.63,10,797.520205
1.52,11,797.555792
1.14,4,797.569911
1.56,9,797.602629
-0.27,12,797.643085
-0.76,6,797.66313
-0.82,7,797.688396
-0.33,12,797.729262
-0.5,11,797.762928
-0.83,8,797.794136
1.6,11,797.828444
1.6,10,797.861184
1.55,10,797.894479
1.14,4,797.90764
1.34,7,797.929783
-0.49,10,797.967833
-0.54,9,798.000667
-0.42,9,798.026571
-0.76,6,798.04864
1.14,4,798.061394
1.33,8,798.085982
1.14,4,798.098454
-0.46,10,798.136193
-0.29,14,798.175652
1.14,4,798.188347
-0.62,9,798.22121
1.14,4,798.234805
-0.77,7,798.259673
1.43,8,798.284338
1.58,10,798.31693
-0.67,9,798.350213
-0.77,7,798.378943
-0.76,6,798.400314
1.14,4,798.412172
1.19,5,798.428159
1.14,4,798.443061
-0.25,12,798.482425
1.14,4,798.505462
1.14,4,798.533215
-0.53,11,798.600495
1.14,4,798.632742
1.14,4,798.664792
-0.71,9,798.729384
-0.93,6,798.749822
-0.67,10,798.780102
1.14,4,798.792064
-0.72,8,798.819585
1.14,4,798.832355
-0.64,11,798.865988
1.14,4,798.879318
1.14,4,798.89114
1.14,4,798.904307
-0.46,11,798.939749
-0.57,10,798.977566
1.37,10,799.011096
-0.65,8,799.051876
-0.66,7,799.08071
1.14,4,799.092576
1.64,10,799.125006
1.14,4,799.138149
1.14,4,799.150346
1.14,4,799.162707
1.51,9,799.192338
-0.49,13,799.237028
1.14,4,799.249569
-0.57,10,799.280103
1.62,12,799.347124
-1.01,8,799.382762
1.14,4,799.397315
-0.2,13,799.441768
1.14,4,799.452211
1.14,4,799.468365
-0.8,6,799.486726
1.14,4,799.502702
1.14,4,799.517852
-0.34,11,799.556439
-0.52,12,799.591876
1.14,4,799.604115
1.14,4,799.615438
1.66,10,799.647097
1.14,4,799.659487
1.14,4,799.670897
-0.4,11,799.706787
-0.34,13,799.775053
-0.66,7,799.804717
1.14,4,799.816691
-0.19,13,799.865599
-0.99,6,799.883106
1.14,4,799.898187
1.14,4,799.913163
-0.32,14,799.964093
1.14,4,799.980618
1.14,4,799.995104
-0.75,7,800.018868
1.14,4,800.031883
1.14,4,800.043978
1.14,4,800.055087
-0.5,14,800.09742
1.14,4,800.113312
-0.53,11,800.153213
1.14,4,800.169388
-0.74,7,800.237885
-0.6,9,800.269956
-0.53,13,800.309821
-0.37,11,800.355549
1.14,4,800.369888
1.61,10,800.412938
-0.47,9,800.441641
1.14,4,800.454562
-0.61,8,800.483311
1.68,10,800.514256
-0.68,9,800.549569
-0.53,10,800.580023
-0.56,8,800.604805
-0.78,8,800.630988
-0.76,6,800.64978
1.14,4,800.660821
1.14,4,800.670962
-0.44,10,800.703435
1.14,4,800.715803
1.14,4,800.729378
-0.37,10,800.787976
1.14,4,800.800905
1.14,4,800.815303
1.14,4,800.829425
1.61,10,800.863857
1.14,4,800.883909
1.14,4,800.901058
1.61,10,800.96272
-0.61,8,801.011194
-0.26,13,801.051884
-0.5,15,801.108742
1.14,4,801.122663
1.34,7,801.171253
1.14,4,801.217294
-0.71,7,801.255703
1.14,4,801.274195
1.4,9,801.302479
-0.75,7,801.329519
1.53,9,801.361361
1.14,4,801.37524
-0.91,7,801.398973
1.14,4,801.415383
-0.4,12,801.46291
1.14,4,801.477585
-0.69,7,801.50013
1.51,9,801.532329
-0.76,6,801.549757
-0.34,14,801.593485
-0.51,11,801.624596
-0.76,6,801.650017
1.14,4,801.663315
-0.25,13,801.711186
-0.64,11,801.752587
1.14,4,801.766368
-0.39,10,801.796595
-0.76,6,801.818283
1.14,4,801.832413
-0.87,5,801.84971
-0.33,12,801.890318
-0.61,8,801.918459
1.67,11,801.958784
1.14,4,801.968496
1.14,4,801.979087
1.14,4,801.992674
-0.56,8,802.019886
-0.36,13,802.069542
-0.78,8,802.094861
1.5,11,802.134596
1.14,4,802.145383
1.14,4,802.156524
-0.69,7,802.18204
1.14,4,802.195187
-0.61,13,802.235956
1.14,4,802.245603
1.14,4,802.260285
1.57,12,802.291888
-0.53,12,802.33329
1.14,4,802.348921
1.14,4,802.361641
-0.77,7,802.384625
-0.47,10,802.434985
1.71,11,802.489961
-0.52,10,802.523532
-0.28,13,802.560471
1.14,4,802.574811
-0.65,9,802.607388
-0.61,10,802.639025
1.34,9,802.667888
1.14,4,802.679387
1.14,4,802.692177
1.14,4,802.704139
1.19,5,802.721878
1.14,4,802.737605
-0.74,9,802.76515
-0.49,13,802.80486
-0.59,8,802.83249
-0.71,6,802.852328
1.14,4,802.863973
1.14,4,802.876569
-0.26,17,802.928602
1.61,10,802.958575
1.53,10,802.989752
-0.5,10,803.022527
1.47,11,803.056979
1.14,4,803.071804
-0.62,8,803.096708
1.66,10,803.129761
1.14,4,803.145887
1.14,4,803.157744
1.14,4,803.17403
-0.72,8,803.198461
1.14,4,803.210642
1.61,10,803.244338
1.14,4,803.26748
1.64,10,803.303058
-0.46,10,803.334128
1.14,4,803.34504
-0.42,10,803.375272
1.14,4,803.388653
1.14,4,804.340911
1.14,4,804.358552
-0.67,8,804.382658
1.14,4,804.395301
-0.7,11,804.44389
1.14,4,804.462896
1.5,11,804.502712
1.14,4,804.516044
-0.8,10,804.571093
1.38,8,804.622102
1.46,8,804.649163
-0.72,7,804.673472
1.53,10,804.706765
1.49,11,804.746986
1.14,4,804.759767
1.52,11,804.793316
1.66,10,804.828597
1.14,4,804.841237
1.14,4,804.853082
-0.89,8,804.87855
1.14,4,804.893232
1.14,4,804.90632
1.26,9,804.935985
1.14,4,804.948165
-0.16,13,805.037261
-0.53,12,805.073837
-0.77,7,805.096771
1.58,10,805.12765
-0.62,11,805.160806
-0.31,13,805.20497
1.3,11,805.240843
-0.75,13,805.283766
1.14,4,805.29527
1.14,4,805.307982
1.14,4,805.321359
1.14,4,805.336633
1.14,4,805.350024
1.14,4,805.365518
1.92,14,805.419861
-0.54,9,805.460444
1.14,4,805.475416
-0.62,9,805.512654
1.14,4,805.52904
1.14,4,805.543404
-0.71,6,805.567835
1.14,4,805.627198
1.14,4,805.664862
1.14,4,805.691516
1.92,14,805.749229
-0.62,9,805.782933
1.61,10,805.819926
1.14,4,805.831152
1.14,4,805.84221
1.14,4,805.853865
-0.76,6,805.871762
1.47,11,805.901036
1.14,4,805.91057
-0.72,8,805.932451
-0.67,8,805.957607
-0.51,10,805.991564
1.14,4,806.002935
-0.77,7,806.02301
1.14,4,806.032635
1.14,4,806.044293
-0.76,6,806.062861
-0.65,9,806.088879
1.64,10,806.118686
-0.76,6,806.13703
-0.88,7,806.155288
1.14,4,806.163201
1.49,9,806.187713
1.55,10,806.217192
1.14,4,806.227385
1.14,4,806.240815
1.7,10,806.275664
1.14,4,806.290902
1.14,4,806.305544
1.14,4,806.320634
-0.47,10,806.369168
1.14,4,806.43114
1.14,4,806.45716
1.14,4,806.475091
-1.01,8,806.504251
1.52,12,806.544298
1.14,4,806.555789
-0.76,6,806.57327
1.47,11,806.595562
1.6,12,806.634972
1.14,4,806.646262
1.14,4,806.658911
1.14,4,806.671108
-0.74,7,806.695089
1.14,4,806.70836
1.56,10,806.742551
1.14,4,806.755496
-0.64,7,806.777597
-0.59,9,806.808907
1.14,4,806.819893
-0.76,11,806.853379
1.14,4,806.862099
-0.77,7,806.882445
1.64,10,806.911129
1.14,4,806.921956
-0.71,7,806.939053
1.14,4,806.948122
1.14,4,806.959931
1.39,8,806.982459
-0.36,11,807.019847
1.55,10,807.048297
-0.21,13,807.090319
-0.71,7,807.113037
1.55,10,807.148011
-0.55,10,807.185019
-0.44,13,807.225376
-0.38,12,807.260363
1.14,4,807.273761
1.74,13,807.317827
-0.6,9,807.347961
1.14,4,807.361272
1.61,10,807.394125
1.14,4,807.404605
1.63,12,807.440777
1.14,4,807.450913
-0.62,10,807.486624
1.39,10,807.520791
-0.64,11,807.55804
1.5,10,807.587857
1.14,4,807.597273
1.14,4,807.610847
1.14,4,807.62448
-0.88,6,807.645108
1.14,4,807.659347
1.49,8,807.686312
-0.65,8,807.711241
1.61,10,807.744026
1.66,10,807.77877
1.14,4,807.793781
1.14,4,807.806939
-0.71,12,807.845311
1.14,4,807.857542
1.14,4,807.870314
1.6,11,807.9061
1.14,4,807.918746
-0.39,16,807.967282
1.14,4,807.978222
-0.76,6,807.996635
1.49,8,808.024418
-0.54,12,808.066502
1.14,4,808.07681
1.33,9,808.102971
1.19,5,808.115442
-0.58,11,808.145891
1.14,4,808.158578
-0.59,8,808.182427
1.14,4,808.195142
1.42,10,808.223129
-0.71,7,808.246313
1.14,4,808.259729
1.14,4,808.274832
1.14,4,808.28797
-0.31,11,808.32519
1.14,4,808.33748
1.66,10,808.369238
-0.63,13,808.407177
-0.17,11,808.499732
1.54,9,808.534301
1.14,4,808.545734
1.55,10,808.574068
1.14,4,808.586032
1.14,4,808.59804
1.14,4,808.612148
1.69,10,808.645547
-0.61,8,808.674555
1.14,4,808.685834
1.14,4,808.697572
1.14,4,808.707856
-0.76,6,808.726901
1.14,4,808.739036
-0.45,11,808.776548
1.14,4,808.789876
1.67,13,808.828746
-0.63,13,808.859773
1.14,4,808.87091
1.14,4,808.881831
1.78,11,808.918618
1.14,4,808.927633
-0.81,7,808.954197
-0.67,10,808.981234
-0.45,10,809.0116
1.14,4,809.024452
1.14,4,809.038599
1.14,4,809.050968
-0.56,8,809.077523
-0.46,10,809.109389
1.42,10,809.143645
1.52,11,809.175507
-0.3,12,809.210121
1.36,11,809.240455
-0.77,7,809.261455
1.14,4,809.274331
-0.61,8,809.30243
1.14,4,809.310505
1.14,4,809.323209
-0.4,13,809.36257
1.42,10,809.392813
1.14,4,809.405002
-0.29,15,809.447378
1.64,10,809.477747
1.69,14,809.520551
1.14,4,809.528926
1.14,4,809.539478
-0.5,10,809.562808
1.14,4,809.573974
1.14,4,809.584728
1.14,4,809.594202
1.14,4,809.606448
-0.71,7,809.627841
1.14,4,809.637183
1.38,9,809.663443
1.58,10,809.69121
-0.74,12,809.719978
1.43,9,809.746857
1.14,4,809.759029
1.55,10,809.788751
-0.83,7,809.810133
1.59,10,809.840878
1.14,4,809.852686
1.14,4,809.86309
1.59,9,809.889958
1.56,9,809.910612
1.31,10,809.939642
1.54,9,809.967869
1.55,10,809.995692
1.14,4,810.004367
1.14,4,810.016235
1.42,10,810.044354
1.14,4,810.05614
1.14,4,810.067602
-0.69,10,810.09466
1.48,10,810.12443
1.28,8,810.15101
1.75,12,810.18365
1.14,4,810.192746
-0.67,8,810.217195
1.64,10,810.247655
1.46,8,810.266161
1.66,10,810.293262
1.49,11,810.325268
1.14,4,810.337655
-0.76,8,810.359143
1.66,10,810.390334
1.14,4,810.40271
1.28,8,810.422097
1.51,9,810.447737
1.48,10,810.474149
-0.83,7,810.496597
1.14,4,810.506597
1.14,4,810.517151
1.14,4,810.527951
1.14,4,810.537671
1.14,4,810.549138
1.14,4,810.559964
1.14,4,810.571421
1.14,4,810.583074
-0.75,11,810.617428
1.14,4,810.628416
-0.48,11,810.662978
1.14,4,810.672656
1.14,4,810.683568
1.14,4,810.692179
1.14,4,810.703119
1.14,4,810.713769
1.14,4,810.726361
1.14,4,810.738001
-0.88,6,810.758702
1.33,8,810.783404
1.14,4,810.795323
1.14,4,810.806827
-0.88,7,810.829744
-0.53,11,810.86144
1.39,11,810.893264
1.14,4,810.905698
-0.47,10,810.937824
-0.52,9,810.966745
1.5,10,810.991841
-0.25,12,811.688545
-0.54,14,811.726694
-0.44,10,811.759151
1.51,9,811.785828
1.38,9,811.810364
1.43,9,811.835604
1.14,4,811.845075
-0.76,8,811.871035
1.64,10,811.902987
1.38,11,811.935242
1.14,4,811.946966
1.14,4,811.95628
1.23,7,811.977176
-0.76,6,811.996846
1.14,4,812.006386
1.14,4,812.018128
-0.48,14,812.056679
-0.72,8,812.082796
-0.56,10,812.110908
-0.6,10,812.138323
-0.62,12,812.176565
-0.46,9,812.203407
1.41,8,812.225411
1.14,4,812.237306
1.14,4,812.248271
1.14,4,812.259459
1.14,4,812.270888
1.14,4,812.281106
-0.67,8,812.305188
1.14,4,812.317637
1.14,4,812.327362
1.5,11,812.358037
1.14,4,812.37004
1.34,7,812.391211
-0.64,7,812.411308
1.14,4,812.422175
1.14,4,812.434721
-0.46,12,812.468478
-0.72,8,812.490051
-0.34,12,812.537924
1.55,11,812.607125
1.55,10,812.633463
1.64,10,812.663283
1.71,11,812.689058
1.14,4,812.700432
1.14,4,812.711779
-0.72,8,812.734548
-0.49,9,812.764441
1.48,10,812.788216
-0.58,11,812.818113
1.14,4,812.8296
1.14,4,812.841
-0.55,10,812.866373
1.14,4,812.87663
-0.72,8,812.900834
-0.51,11,812.926066
1.42,11,812.951844
1.14,4,812.963585
1.67,11,812.995361
1.14,4,813.004391
-0.52,10,813.036039
-0.61,8,813.058132
-0.87,5,813.073804
1.51,9,813.100883
1.14,4,813.109279
1.14,4,813.120489
1.66,10,813.150081
-0.7,8,813.169626
1.44,8,813.190665
1.14,4,813.201168
1.14,4,813.211484
1.14,4,813.222718
1.66,10,813.251693
1.14,4,813.261486
1.14,4,813.272755
1.14,4,813.283042
1.14,4,813.293207
-0.67,13,813.329294
1.6,10,813.357429
-0.79,9,813.386303
1.14,4,813.397486
-0.17,14,813.439647
1.38,9,813.458496
-0.58,10,813.481927
-0.45,14,813.518076
1.47,11,813.545851
-0.3,15,813.587224
1.14,4,813.599386
-0.72,11,813.630556
-0.58,11,813.658016
1.14,4,813.723083
1.14,4,813.743957
1.14,4,813.756122
1.61,9,813.785207
-0.49,12,813.817012
1.14,4,813.827284
1.14,4,813.838913
1.49,12,813.873752
1.14,4,813.885956
1.14,4,813.897337
-0.54,8,813.921505
1.48,10,813.952025
1.14,4,813.963394
-0.45,12,813.994344
1.14,4,814.002641
-0.77,7,814.021976
1.59,9,814.050228
-0.47,11,814.078871
-0.64,8,814.101754
-0.71,7,814.12064
1.14,4,814.132174
1.14,4,814.14324
1.14,4,814.155107
1.14,4,814.167282
1.14,4,814.177988
1.51,10,814.202032
1.14,4,814.211851
-0.38,11,814.247476
-0.67,8,814.274575
-0.49,9,814.301476
1.14,4,814.312519
-0.66,7,814.330305
1.45,9,814.353
1.57,11,814.384721
1.55,10,814.414898
1.47,11,814.44161
1.14,4,814.45236
1.14,4,814.463349
1.14,4,814.473994
-0.85,9,814.494214
1.42,10,814.522044
1.14,4,814.533947
1.14,4,814.546847
1.37,10,814.574166
-0.88,6,814.59356
1.14,4,814.604541
1.14,4,814.616263
-0.37,15,814.659942
1.73,12,814.692357
1.14,4,814.703453
1.14,4,814.713934
-0.76,6,814.729819
1.14,4,814.740541
-0.55,11,814.766283
-0.76,8,814.787429
1.67,13,814.821847
1.14,4,814.834347
1.14,4,814.844717
1.14,4,814.855066
1.14,4,814.866876
1.38,11,814.897593
1.14,4,814.907348
1.14,4,814.915895
-0.81,6,814.934603
1.59,9,814.956586
-0.85,11,814.981776
-0.22,13,815.017877
-0.66,7,815.040582
1.14,4,815.05222
-0.61,10,815.078416
1.47,11,815.104254
1.14,4,815.115386
-0.54,8,815.138223
1.14,4,815.149729
1.14,4,815.160824
1.14,4,815.171068
1.14,4,815.182791
-0.43,11,815.212281
-0.47,10,815.238172
-0.73,9,815.265998
1.14,4,815.278659
1.14,4,815.288292
1.54,10,815.317484
-0.76,6,815.33592
1.14,4,815.346668
1.14,4,815.357414
-0.62,9,815.381186
1.6,10,815.405563
1.14,4,815.417157
1.14,4,815.428743
-0.44,9,815.45222
1.14,4,815.464031
1.56,9,815.48693
1.14,4,815.497991
1.58,10,815.526581
1.14,4,815.538153
-0.82,7,815.56291
-0.63,10,815.595223
-0.38,13,815.633415
-0.73,9,815.661116
-0.66,7,815.682206
-0.4,14,815.724339
1.14,4,815.736505
1.14,4,815.746671
1.53,10,815.773856
1.49,9,815.800985
-0.63,10,815.832597
1.14,4,815.844523
-0.64,7,815.863063
1.14,4,815.874337
1.63,11,815.908798
-0.61,8,815.935243
-0.46,9,815.965338
1.14,4,815.974232
-0.66,7,815.996389
-0.72,8,816.016286
1.49,11,816.043131
1.14,4,816.051065
-0.59,11,816.081462
1.14,4,816.090091
1.14,4,816.100517
1.65,11,816.176561
1.14,4,816.194339
1.8,13,816.232609
-0.62,9,816.26171
1.66,10,816.287697
1.14,4,816.297453
1.58,11,816.331807
1.14,4,816.343442
-0.59,9,816.372184
1.14,4,816.384732
1.14,4,816.3961
1.14,4,816.406174
1.14,4,816.418676
1.76,11,816.444446
1.86,13,816.478527
1.14,4,816.487068
1.14,4,816.49884
1.49,8,816.521771
-0.7,12,816.551716
-0.76,6,816.570414
1.14,4,816.581061
-0.76,6,816.599333
-0.46,9,816.629507
-0.67,8,816.652957
-0.61,10,816.683578
1.14,4,816.694221
1.66,10,816.719925
1.46,8,816.745812
1.53,10,816.77609
-0.61,11,816.798727
1.14,4,816.809094
1.14,4,816.819842
-0.69,10,816.850915
1.46,8,816.875628
1.38,9,816.901409
1.55,10,816.929646
1.39,11,816.96065
1.17,7,816.982358
-0.83,9,817.00763
-0.51,12,817.032423
1.14,4,817.04246
1.56,9,817.070742
1.5,10,817.097105
1.38,9,817.126716
-0.57,9,817.152904
1.14,4,817.164832
1.55,10,817.194516
1.14,4,817.202341
1.14,4,817.214616
-0.49,16,817.252277
-0.65,8,817.278867
-0.65,9,817.308747
-0.41,12,817.337734
1.64,10,817.363963
1.38,9,817.391435
1.14,4,817.399639
-0.5,10,817.429408
-0.55,9,817.459313
1.14,4,817.469623
1.14,4,817.481465
1.14,4,817.49211
1.14,4,817.503205
1.14,4,817.513056
1.72,13,817.548174
1.14,4,817.556768
-0.42,11,818.212425
1.14,4,818.221678
1.61,11,818.253817
1.14,4,818.266592
-0.64,11,818.301923
-0.7,7,818.326735
1.61,10,818.351153
1.14,4,818.36258
1.14,4,818.373459
-0.61,8,818.399842
-0.73,8,818.424135
1.14,4,818.434989
1.14,4,818.447141
1.45,10,818.47671
-0.64,9,818.498876
1.14,4,818.510397
-0.61,8,818.533052
-0.96,9,818.552758
1.53,9,818.580296
1.14,4,818.592082
1.14,4,818.602585
1.14,4,818.613873
-0.52,10,818.646135
1.47,11,818.675686
1.59,10,818.70689
1.7,12,818.741658
1.14,4,818.752824
1.14,4,818.763021
1.42,10,818.788166
1.14,4,818.799606
1.14,4,818.811009
-0.62,9,818.839707
1.66,10,818.869291
1.34,10,818.898656
1.14,4,818.91014
1.14,4,818.91947
-0.59,12,818.94548
-0.82,6,818.96575
1.14,4,818.978095
1.14,4,818.990713
1.14,4,819.002745
-0.67,8,819.025643
1.14,4,819.033966
-0.45,11,819.06446
1.14,4,819.075432
1.64,10,819.101599
1.28,8,819.122912
1.14,4,819.134539
1.55,10,819.160691
1.71,11,819.184162
-0.49,10,819.206965
1.14,4,819.215409
-0.83,7,819.233868
1.14,4,819.243273
1.55,10,819.271219
1.14,4,819.282577
1.66,10,819.314268
1.14,4,819.325882
1.14,4,819.337325
1.14,4,819.346973
-0.61,10,819.375039
-0.49,12,819.408044
1.66,10,819.43778
-0.76,6,819.457498
1.14,4,819.467001
-0.62,9,819.495353
1.14,4,819.50747
1.14,4,819.515847
1.14,4,819.527412
1.14,4,819.53859
1.14,4,819.550649
1.14,4,819.56112
1.14,4,819.571996
-0.45,15,819.616651
-0.61,12,819.646425
1.14,4,819.657967
-0.46,15,819.697953
-0.92,5,819.713928
1.14,4,819.727125
1.14,4,819.73621
1.14,4,819.745136
1.33,8,819.765308
-0.75,7,819.789017
-0.56,8,819.815012
-0.59,8,819.838439
1.42,10,819.926576
1.53,10,819.956633
1.53,10,819.98176
1.63,10,820.01263
1.14,4,820.02421
1.14,4,820.035192
1.14,4,820.04536
-0.66,7,820.063516
1.51,9,820.090897
1.46,8,820.114968
1.14,4,820.126925
1.14,4,820.138416
1.14,4,820.149866
1.14,4,820.161253
1.91,15,820.201567
1.47,11,820.234353
1.14,4,820.246936
1.62,12,820.279
-0.45,14,820.312409
1.14,4,820.324431
1.14,4,820.335727
1.14,4,820.345497
-0.84,8,820.369576
1.48,9,820.391035
1.34,7,820.413296
1.14,4,820.424867
1.73,11,820.453985
1.14,4,820.465483
-0.56,11,820.499186
-0.35,15,820.542526
-0.33,12,820.574021
1.14,4,820.585544
1.14,4,820.597159
1.14,4,820.609066
1.42,10,820.638374
1.14,4,820.646401
1.14,4,820.657697
1.47,10,820.688331
1.38,9,820.710537
-0.29,15,820.753677
1.14,4,820.761949
1.64,10,820.788517
1.14,4,820.799418
1.43,9,820.82328
1.6,12,820.850068
-0.63,10,820.881822
1.5,10,820.913047
1.14,4,820.924942
-0.49,9,820.948215
1.53,10,820.973231
-0.67,8,821.000678
1.51,9,821.023891
-0.76,6,821.042178
-0.66,8,821.065005
-0.74,6,821.08413
-0.52,10,821.111093
1.57,12,821.14369
1.14,4,821.15274
-0.59,8,821.171619
1.14,4,821.182783
-0.46,12,821.217314
1.31,10,821.243693
1.14,4,821.255678
1.14,4,821.266914
1.14,4,821.278698
1.14,4,821.28921
1.14,4,821.299413
1.52,11,821.331894
-0.71,7,821.35239
1.8,13,821.385503
1.14,4,821.394503
-0.64,7,821.411661
-0.49,9,821.441642
1.32,9,821.462621
1.14,4,821.472608
1.14,4,821.482471
1.48,12,821.512919
1.14,4,821.523653
1.14,4,821.534816
-0.62,9,821.558999
1.14,4,821.571234
-0.66,8,821.596876
-0.7,7,821.621432
1.67,11,821.654111
1.63,10,821.678914
1.63,10,821.708333
1.14,4,821.719886
1.14,4,821.7316
1.14,4,821.741999
1.14,4,821.753077
1.14,4,821.764731
1.53,9,821.791704
1.39,8,821.814509
1.14,4,821.825977
1.14,4,821.835586
1.61,10,821.860519
-0.71,7,821.877833
-0.76,6,821.895377
1.14,4,821.907376
-0.61,10,821.936801
-0.54,11,821.964278
1.14,4,821.977087
1.52,15,822.018023
1.52,11,822.049259
1.14,4,822.058509
-0.52,10,822.08819
1.14,4,822.098985
-0.51,13,822.141898
1.14,4,822.150959
1.14,4,822.16108
1.14,4,822.172359
1.66,10,822.20313
-0.61,8,822.223971
1.14,4,822.235139
1.14,4,822.247193
1.14,4,822.259029
-0.38,15,822.299346
1.14,4,822.308895
-0.5,11,822.333734
1.14,4,822.342602
1.14,4,822.354473
-0.6,10,822.386043
1.14,4,822.394439
1.14,4,822.405722
1.76,11,822.434811
1.14,4,822.444431
-0.32,11,822.474561
-0.62,9,822.500449
1.14,4,822.51233
1.14,4,822.524468
-0.49,10,822.556134
1.14,4,822.567377
1.61,10,822.591995
1.41,11,822.623276
1.14,4,822.634398
1.14,4,822.644197
-0.43,12,822.680445
-0.59,10,822.708671
1.53,10,822.737813
1.5,10,822.758854
1.14,4,822.768201
1.47,11,822.797597
1.14,4,822.808757
1.64,10,822.832205
-0.71,7,822.855614
-0.42,13,822.891181
-0.54,10,822.920576
1.14,4,822.931785
1.77,14,822.971068
-0.41,12,823.005337
-0.48,11,823.04039
-0.39,11,823.075042
-0.9,6,823.092386
-0.61,10,823.122394
1.14,4,823.133398
1.58,10,823.162505
1.14,4,823.174623
1.14,4,823.185474
-0.06,15,823.228119
1.14,4,823.237503
-0.8,6,823.253474
-0.76,6,823.271162
-0.42,12,823.30779
-0.78,8,823.33432
1.14,4,823.346482
-0.87,5,823.362256
1.58,11,823.394259
1.27,8,823.41342
-0.11,14,823.452811
-0.33,13,823.491542
1.14,4,823.502507
-0.69,9,823.526687
1.64,10,823.555488
1.14,4,823.564003
-0.75,8,823.588431
1.14,4,823.597023
1.14,4,823.607794
-0.6,10,823.638939
1.66,10,823.669607
-0.62,9,823.69629
-0.35,12,823.729298
1.14,4,823.738496
1.14,4,823.748611
-0.66,7,823.770874
-0.7,9,823.795105
1.29,7,823.812804
1.14,4,823.824571
-0.52,10,823.901573
-0.45,11,823.929934
-0.69,10,823.957084
1.53,10,823.98659
1.14,4,823.997542
1.14,4,824.007767
1.46,9,824.030258
1.71,11,824.712319
1.25,7,824.733685
1.14,4,824.745126
1.14,4,824.755672
1.14,4,824.768112
1.14,4,824.777701
-0.58,10,824.805888
1.48,11,824.832027
1.14,4,824.844032
1.64,10,824.876214
-0.47,12,824.910007
1.49,11,824.937494
1.68,10,824.963847
1.14,4,824.97677
1.61,10,825.005625
-0.56,8,825.031293
-0.44,10,825.061578
-0.18,15,825.108407
1.42,10,825.134968
-0.58,10,825.167696
1.14,4,825.177097
1.14,4,825.188936
1.14,4,825.199584
-0.41,14,825.241275
1.14,4,825.252697
1.14,4,825.263545
1.5,11,825.295658
1.14,4,825.30799
-0.62,12,825.343801
1.14,4,825.352882
1.14,4,825.363212
1.14,4,825.374509
1.14,4,825.385907
1.14,4,825.394702
1.14,4,825.406395
-0.63,10,825.429981
1.14,4,825.441705
-0.49,12,825.475676
-0.47,13,825.511636
1.14,4,825.523653
1.47,11,825.55683
1.14,4,825.568272
1.48,10,825.595906
1.53,10,825.622018
1.63,11,825.656189
1.14,4,825.669155
1.43,9,825.693139
1.14,4,825.704208
1.48,10,825.727028
-0.76,6,825.74728
1.14,4,825.759741
-0.67,10,825.783931
-0.62,8,825.80791
1.14,4,825.818977
-0.35,11,825.85109
-0.67,10,825.874898
1.62,11,825.904155
1.14,4,825.912395
-0.63,11,825.942874
-0.7,8,825.961676
-0.45,11,825.990323
1.14,4,826.000537
1.14,4,826.009372
1.63,10,826.038139
1.63,11,826.070391
1.14,4,826.080797
-0.69,7,826.102402
1.14,4,826.113276
-0.61,8,826.134593
-0.8,6,826.151737
1.14,4,826.160799
1.14,4,826.171105
1.54,9,826.19736
-0.44,12,826.234801
1.14,4,826.246086
1.14,4,826.25794
1.14,4,826.268482
1.44,10,826.298091
-0.27,12,826.326535
-0.59,8,826.352796
1.14,4,826.364792
-0.56,8,826.385355
-0.83,7,826.406148
-0.59,8,826.43131
1.14,4,826.441371
1.14,4,826.453129
-0.39,9,826.481251
1.14,4,826.492881
1.14,4,826.504183
-0.76,6,826.52207
-0.71,9,826.55035
1.53,9,826.577493
1.46,8,826.602793
1.47,11,826.628262
1.14,4,826.64031
1.14,4,826.65234
1.14,4,826.664125
-0.6,9,826.690806
1.14,4,826.702431
1.14,4,826.713231
-0.54,9,826.74495
-0.56,9,826.77312
1.14,4,826.784527
-0.59,14,826.820143
-0.52,12,826.853277
1.14,4,826.865517
1.7,11,826.894259
-0.51,11,826.927487
1.14,4,826.939681
1.61,10,826.96733
-0.5,10,826.997955
-0.47,11,827.02847
1.14,4,827.040348
1.14,4,827.05041
-0.83,7,827.071407
-0.84,9,827.098682
-0.67,8,827.123703
-0.72,8,827.14905
1.14,4,827.160307
-0.37,10,827.192877
1.66,10,827.219104
-0.76,6,827.236475
-0.64,7,827.254616
1.14,4,827.266824
-0.84,8,827.293332
1.14,4,827.303791
1.54,10,827.332688
1.14,4,827.34324
1.14,4,827.354889
1.4,10,827.380644
1.14,4,827.389352
1.68,10,827.416083
1.69,14,827.454495
1.14,4,827.466037
1.14,4,827.474758
1.14,4,827.484554
-0.55,10,827.512825
-0.82,6,827.527573
1.14,4,827.539653
1.14,4,827.552786
-0.62,9,827.5797
1.55,11,827.609208
-0.51,9,827.629942
-0.6,10,827.657435
1.58,10,827.686959
-0.47,9,827.710682
1.66,10,827.739456
1.14,4,827.751766
1.66,10,827.781185
1.14,4,827.791378
-0.53,11,827.821012
1.71,10,827.843395
1.14,4,827.854868
-0.59,12,827.889258
1.14,4,827.90123
1.53,10,827.932455
-0.66,7,827.951003
1.14,4,827.962421
1.14,4,827.974722
-0.76,6,827.994505
1.14,4,828.006574
-0.3,14,828.045321
1.61,12,828.08293
1.14,4,828.091869
-0.56,8,828.158175
1.14,4,828.176758
1.55,10,828.207821
1.14,4,828.219663
1.41,8,828.243773
-0.82,6,828.258855
1.14,4,828.268238
-0.54,11,828.302502
1.14,4,828.314652
1.14,4,828.326004
1.71,11,828.358993
1.14,4,828.371455
-0.67,8,828.392947
-0.67,11,828.42484
1.14,4,828.435929
1.14,4,828.447163
1.14,4,828.458721
1.14,4,828.468307
1.14,4,828.478265
-0.78,8,828.504695
-0.26,11,828.539165
-0.71,7,828.560503
1.14,4,828.570404
1.14,4,828.58248
1.66,10,828.613576
-0.56,8,828.634059
1.47,11,828.665506
1.14,4,828.676366
-0.44,11,828.709162
1.6,10,828.736461
1.14,4,828.748755
1.52,11,828.775396
1.68,10,828.805604
-0.29,14,828.841593
1.47,11,828.878331
1.14,4,828.890187
-0.69,10,828.923345
1.14,4,828.933906
1.14,4,828.941904
1.61,10,829.015725
1.14,4,829.036835
1.14,4,829.049938
-0.39,10,829.07678
1.14,4,829.08802
1.14,4,829.098177
-0.67,8,829.121186
1.56,13,829.152747
1.14,4,829.161419
1.14,4,829.173446
-0.78,8,829.193737
-0.51,11,829.22241
1.61,10,829.250375
1.14,4,829.260922
1.19,5,829.271682
1.14,4,829.282041
-0.7,12,829.31245
1.14,4,829.32436
1.63,10,829.353138
1.14,4,829.365139
1.57,11,829.3962
1.14,4,829.405073
-0.41,14,829.44125
-0.32,11,829.476065
1.14,4,829.486221
1.6,11,829.513556
1.14,4,829.523481
1.14,4,829.535275
-0.66,7,829.55512
-0.78,8,829.574739
-0.74,10,829.603426
1.43,10,829.631526
1.14,4,829.64313
-0.66,10,829.669581
1.7,10,829.698857
1.58,10,829.725657
1.14,4,829.738015
-0.69,10,829.765477
1.14,4,829.77683
1.14,4,829.78838
1.14,4,829.799357
-0.76,6,829.817157
1.46,8,829.836962
1.14,4,829.84772
-0.33,13,829.888308
-0.32,12,829.92382
1.42,10,829.951876
1.47,11,829.978166
1.14,4,829.987581
1.6,12,830.012795
1.14,4,830.023309
1.14,4,830.035063
1.14,4,830.047383
1.5,10,830.071986
1.5,14,830.105515
1.81,12,830.135542
1.14,4,830.147666
1.14,4,830.158857
1.14,4,830.169988
-0.74,10,830.192646
1.14,4,830.202772
1.41,8,830.223288
-0.53,11,830.250776
1.14,4,830.258829
1.14,4,830.271531
-0.76,6,830.29112
1.14,4,830.30327
1.63,10,830.330648
-0.78,8,830.353663
1.51,9,830.379996
1.14,4,830.390713
1.14,4,830.402881
-0.76,8,830.427699
-0.71,7,830.444581
-0.74,7,830.462247
1.14,4,830.47384
-0.56,10,830.507718
1.61,10,831.189579
1.14,4,831.198268
1.14,4,831.210353
1.42,10,831.241014
-0.64,11,831.272191
1.76,11,831.299164
1.14,4,831.30694
1.64,10,831.337811
1.58,10,831.363872
1.66,10,831.393601
1.14,4,831.405368
-0.54,11,831.437322
1.14,4,831.45271
1.14,4,831.464832
1.49,11,831.48993
1.14,4,831.500977
1.14,4,831.513297
1.14,4,831.524398
1.14,4,831.534575
1.4,10,831.562446
1.57,11,831.58767
-0.71,7,831.609803
-0.82,6,831.62509
1.14,4,831.636657
1.14,4,831.648075
-0.75,11,831.682211
1.14,4,831.690908
-0.58,11,831.723812
-0.47,14,831.767039
1.14,4,831.78023
-0.48,14,831.821836
1.46,8,831.840562
1.14,4,831.850114
1.42,11,831.880944
-0.54,13,831.917566
1.58,10,831.9398
1.58,9,831.965361
-0.61,10,831.992731
-0.37,14,832.032055
1.14,4,832.041755
1.14,4,832.053391
1.14,4,832.065691
1.51,9,832.094431
-0.58,10,832.121642
1.45,10,832.146854
1.14,4,832.155267
1.14,4,832.165293
-0.67,8,832.188162
1.64,10,832.219316
-0.54,9,832.246318
1.14,4,832.257743
-0.73,9,832.288532
-0.73,9,832.314616
-0.54,8,832.338724
1.81,12,832.370761
1.14,4,832.381808
1.46,8,832.404875
1.14,4,832.417568
-0.54,9,832.493666
1.14,4,832.5055
1.14,4,832.515493
1.14,4,832.525727
1.14,4,832.536686
1.14,4,832.548241
1.19,5,832.563056
1.14,4,832.574611
1.14,4,832.586174
-0.68,9,832.61285
1.55,10,832.637941
1.14,4,832.648176
-0.59,8,832.674029
1.14,4,832.685826
-0.41,14,832.722713
-0.83,7,832.740978
-0.9,9,832.759567
-0.54,10,832.792797
1.59,10,832.823763
1.14,4,832.833169
1.6,11,832.859475
1.14,4,832.868817
-0.65,12,832.900404
1.14,4,832.909507
1.14,4,832.919109
-0.97,7,832.937613
1.14,4,832.950234
1.14,4,832.961946
1.14,4,832.971605
-0.69,12,833.005955
1.14,4,833.018462
1.38,9,833.046888
-0.92,5,833.058509
-0.51,11,833.08866
1.54,9,833.116357
1.46,9,833.141272
-0.81,11,833.173781
1.51,9,833.197979
-0.76,6,833.214007
-0.51,10,833.246371
1.54,11,833.274205
1.67,12,833.302552
1.14,4,833.312835
-0.53,11,833.34547
1.7,11,833.374556
-0.68,12,833.411425
1.46,8,833.430888
-0.66,10,833.455553
-0.4,11,833.492289
1.14,4,833.503802
1.14,4,833.513582
1.38,11,833.54716
1.53,10,833.576456
1.14,4,833.587952
-0.76,6,833.606861
1.14,4,833.617637
1.14,4,833.628886
1.14,4,833.639966
1.51,9,833.666636
1.14,4,833.677577
1.64,12,833.705556
1.14,4,833.716799
1.14,4,833.728583
-0.56,10,833.753402
1.14,4,833.763602
1.14,4,833.771654
1.14,4,833.781918
1.14,4,833.794335
1.14,4,833.805584
1.14,4,833.815497
1.14,4,833.827247
1.14,4,833.838086
-0.39,9,833.868306
-0.46,12,833.899048
-0.48,12,833.937779
1.14,4,833.950392
1.14,4,833.962026
1.54,10,833.993217
1.14,4,834.004274
1.57,11,834.034817
1.14,4,834.046173
1.14,4,834.054788
-0.43,14,834.086664
1.14,4,834.096516
1.14,4,834.107054
-0.66,9,834.133888
-0.6,10,834.163655
1.14,4,834.17197
-0.56,12,834.203876
1.14,4,834.217303
1.14,4,834.230255
1.14,4,834.242066
1.82,13,834.276298
-0.38,11,834.301006
-0.74,9,834.327691
1.27,9,834.355888
1.14,4,834.365577
-0.71,6,834.384902
-0.77,10,834.417549
1.14,4,834.427395
-0.66,7,834.447631
1.47,11,834.476906
1.14,4,834.485888
-0.76,6,834.504688
-0.49,10,834.531533
-0.36,15,834.578308
1.14,4,834.590223
1.57,10,834.615511
1.14,4,834.626426
1.14,4,834.636443
-0.78,9,834.663232
-0.62,9,834.688882
1.14,4,834.699987
1.19,5,834.712825
1.14,4,834.721446
-0.36,14,834.765085
1.14,4,834.7774
1.14,4,834.788886
-0.7,9,834.817152
-0.61,8,834.843839
1.14,4,834.852786
1.14,4,834.86385
1.45,10,834.89377
1.63,11,834.920897
-0.76,6,834.936869
1.14,4,834.949461
1.14,4,834.960689
1.14,4,834.971665
1.14,4,834.983288
-0.78,8,835.005828
1.5,12,835.042534
1.22,10,835.066159
1.29,6,835.083128
1.14,4,835.093979
1.14,4,835.10462
1.14,4,835.115975
1.14,4,835.127604
1.14,4,835.138628
-0.28,13,835.166634
-0.72,8,835.194331
-0.69,10,835.222269
1.58,11,835.247064
-0.51,9,835.273373
1.14,4,835.282932
-0.35,11,835.310303
-0.66,7,835.332404
-0.46,9,835.360753
1.14,4,835.372193
1.48,9,835.394797
-0.38,15,835.42687
-0.41,11,835.459018
1.14,4,835.469106
1.14,4,835.480267
1.14,4,835.491347
-0.48,11,835.524359
1.14,4,835.535533
1.14,4,835.548274
-0.71,7,835.566649
-0.29,13,835.606131
1.14,4,835.618073
1.42,10,835.642386
1.6,11,835.675756
1.14,4,835.687844
-0.65,8,835.711459
-0.7,9,835.733856
1.14,4,835.745409
1.39,10,835.773472
-0.79,9,835.80274
1.73,14,835.842696
-0.81,8,835.864646
1.35,8,835.887768
1.14,4,835.898743
1.14,4,835.9094
-0.66,7,835.92989
1.14,4,835.94154
1.55,10,835.967409
-0.3,12,836.007588
1.14,4,836.019099
1.14,4,836.031785
-0.61,10,836.057061
-0.91,4,836.065856
-0.47,17,836.114517
-0.49,12,836.151478
-0.77,7,836.175864
1.14,4,836.186287
1.46,8,836.210318
1.48,10,836.289703
-0.56,11,836.314783
1.5,10,836.3445
-0.66,7,836.363974
1.14,4,836.37577
-0.52,10,836.408165
-0.48,15,836.44871
-0.6,10,836.477577
-0.75,7,836.495923
1.29,7,836.514341
1.51,10,836.538023
-0.72,8,836.565332
1.14,4,836.578159
1.61,9,836.605089
1.14,4,836.614706
1.14,4,836.62464
-0.49,12,836.664347
-0.52,8,836.684699
-0.54,8,836.711293
1.14,4,836.721629
1.14,4,836.730882
1.63,10,836.76057
-0.88,7,836.777933
1.48,10,836.801484
-0.26,13,836.844338
1.63,12,836.875662
1.53,11,836.906798
-0.79,9,836.933474
1.14,4,836.945371
-0.31,12,836.982445
1.75,13,837.013574
1.14,4,837.66211
1.14,4,837.671994
1.14,4,837.683742
-0.61,8,837.707655
1.59,9,837.73155
-0.55,9,837.758985
1.14,4,837.770065
1.39,8,837.78851
1.14,4,837.797966
1.14,4,837.809693
1.14,4,837.819242
1.47,13,837.852374
-0.71,7,837.875526
1.14,4,837.886478
-0.7,8,837.911942
1.14,4,837.924115
-0.42,9,837.950811
1.14,4,837.962626
1.14,4,837.97399
1.14,4,837.984931
1.14,4,837.995017
1.14,4,838.004064
-0.66,7,838.026547
1.14,4,838.038048
1.14,4,838.049916
1.14,4,838.060009
1.14,4,838.07105
1.14,4,838.083273
-0.49,13,838.117055
1.53,10,838.146038
1.46,8,838.169274
1.47,11,838.19798
1.14,4,838.210413
1.5,10,838.240075
1.14,4,838.247671
1.59,9,838.275304
-0.58,11,838.30179
1.14,4,838.310781
1.14,4,838.321507
1.55,11,838.354617
-0.76,6,838.37462
-0.36,10,838.406389
1.58,10,838.435806
-0.62,9,838.461372
-0.61,8,838.487515
1.14,4,838.499512
-0.52,10,838.528766
-0.54,12,838.563251
1.57,11,838.593345
1.69,12,838.626364
1.14,4,838.637886
-0.5,14,838.680509
-0.95,8,838.699644
1.14,4,838.711426
1.14,4,838.722572
1.14,4,838.732531
1.61,10,838.759171
1.14,4,838.770693
1.63,10,838.798665
1.14,4,838.808602
1.47,11,838.83771
1.43,9,838.864126
-0.43,13,838.903169
1.14,4,838.915263
1.14,4,838.927985
-0.71,7,838.950405
-0.76,6,838.969123
1.14,4,838.981278
1.14,4,838.992437
1.14,4,839.003098
1.6,11,839.034178
-0.49,10,839.059208
1.66,10,839.089245
1.14,4,839.099365
1.14,4,839.111163
-0.71,7,839.129907
1.14,4,839.140576
1.55,10,839.164691
1.14,4,839.175334
-0.48,12,839.209802
-0.16,13,839.249103
-0.76,8,839.27329
1.53,10,839.302245
1.14,4,839.311929
1.44,15,839.351012
1.47,11,839.376407
1.14,4,839.388375
1.14,4,839.398275
1.14,4,839.409606
1.65,12,839.442305
1.14,4,839.454922
1.14,4,839.4644
1.44,8,839.485776
-0.33,12,839.523713
1.14,4,839.531988
-0.66,7,839.556274
1.14,4,839.567225
-0.64,11,839.597454
-0.29,11,839.632795
1.14,4,839.643635
-0.71,7,839.663152
-0.61,11,839.691272
-0.54,15,839.728922
1.14,4,839.739533
1.14,4,839.749722
1.14,4,839.760998
1.65,12,839.793289
1.14,4,839.805568
-0.56,8,839.831922
1.14,4,839.842894
1.14,4,839.855379
1.6,11,839.8886
-0.52,12,839.924553
1.14,4,839.933017
-0.77,7,839.952273
1.58,11,839.980498
1.14,4,839.992622
1.61,10,840.022391
1.14,4,840.030432
-0.25,15,840.068824
-0.76,6,840.083937
-0.51,9,840.107676
1.14,4,840.116812
-0.75,7,840.138806
1.14,4,840.149922
-0.46,13,840.185435
1.14,4,840.194524
1.59,12,840.229674
-0.51,11,840.266091
1.14,4,840.276002
-0.55,10,840.346315
-0.61,8,840.382637
1.14,4,840.393505
1.59,10,840.421895
1.14,4,840.429765
1.14,4,840.441488
1.62,11,840.474485
1.56,10,840.499944
1.14,4,840.511295
-0.51,11,840.544347
1.55,10,840.573443
-0.76,6,840.592422
-0.52,10,840.624513
-0.36,11,840.660699
1.14,4,840.67282
-0.61,8,840.696727
-0.6,13,840.735256
1.14,4,840.744194
1.14,4,840.75557
1.14,4,840.766567
1.14,4,840.777442
1.14,4,840.788944
1.14,4,840.800052
1.14,4,840.80884
-0.55,13,840.847695
1.34,7,840.862435
1.5,10,840.893601
-0.62,9,840.915419
-0.6,9,840.943737
-0.77,10,840.970986
-0.66,7,840.988386
1.14,4,841.000042
1.45,9,841.022754
1.14,4,841.033476
1.14,4,841.043397
1.6,10,841.071057
1.58,10,841.098372
1.14,4,841.108879
1.14,4,841.120168
1.14,4,841.130925
-0.71,7,841.15461
1.14,4,841.165409
-0.51,11,841.193821
-0.53,10,841.22778
1.14,4,841.238397
1.14,4,841.249263
-0.55,10,841.279042
1.23,7,841.30042
1.14,4,841.310833
1.14,4,841.321849
-0.41,12,841.356768
1.66,10,841.379978
1.14,4,841.390785
1.14,4,841.401685
-0.67,8,841.428631
1.62,14,841.470032
1.14,4,841.477061
1.14,4,841.487149
-0.76,6,841.505808
1.14,4,841.517369
1.14,4,841.529794
-0.84,8,841.555881
1.51,13,841.590013
1.14,4,841.600392
-0.31,13,841.638904
1.14,4,841.647771
1.14,4,841.659322
1.14,4,841.670625
1.19,5,841.681875
1.53,10,841.708941
-0.73,8,841.736175
1.14,4,841.747441
1.14,4,841.76009
-0.78,8,841.782117
1.53,10,841.8129
-0.44,12,841.845771
-0.42,9,841.871994
-0.44,16,841.919087
1.14,4,841.927953
1.14,4,841.939805
-0.71,7,841.960411
1.47,11,841.99239
1.14,4,842.002285
1.14,4,842.011321
-0.37,12,842.042464
1.14,4,842.051358
-0.66,7,842.071703
1.14,4,842.083123
1.14,4,842.094781
1.61,10,842.125915
1.14,4,842.137364
1.14,4,842.148988
1.14,4,842.158596
1.14,4,842.169816
1.14,4,842.177956
-0.52,10,842.202928
1.14,4,842.214187
1.14,4,842.22502
-0.18,14,842.263965
1.64,10,842.294027
1.14,4,842.304158
1.34,11,842.340948
1.55,10,842.370652
-0.72,8,842.392519
-0.61,14,842.42792
-0.44,13,842.464206
-0.76,6,842.479115
-0.44,10,842.510277
1.14,4,842.519015
1.51,9,842.545516
1.14,4,842.557431
1.14,4,842.567449
-0.55,9,842.596687
1.14,4,842.60847
1.14,4,842.620279
1.14,4,842.631878
1.14,4,842.643204
-0.39,13,842.682152
1.14,4,842.695206
1.52,11,842.721934
1.14,4,842.729365
1.5,10,842.756335
1.32,9,842.782953
1.42,10,842.812449
1.14,4,842.825662
-0.37,11,842.856689
1.14,4,842.86466
-0.76,6,842.879776
1.14,4,842.892704
1.14,4,842.905929
1.59,13,842.937849
-0.95,8,842.959551
1.14,4,842.970929
1.46,9,842.994612
1.14,4,843.005462
1.57,12,843.041847
-0.71,9,843.06792
1.14,4,843.079739
1.59,13,843.119604
1.14,4,843.12734
1.14,4,843.137534
1.14,4,843.148336
-0.53,12,843.182829
-0.72,10,843.214262
-0.65,9,843.238
-0.76,6,843.256221
1.14,4,843.266868
1.14,4,843.278338
1.5,10,843.309089
-0.47,10,843.340174
1.14,4,843.351043
-0.53,11,843.382501
1.66,10,843.413788
1.52,10,843.440912
1.54,12,843.474335
1.14,4,844.174608
-0.76,6,844.193271
-0.54,12,844.285324
1.19,5,844.29792
1.31,10,844.32845
-0.34,11,844.359005
1.14,4,844.369184
1.14,4,844.379483
1.14,4,844.388709
1.14,4,844.398952
1.71,12,844.436362
-0.69,10,844.469813
1.14,4,844.481365
1.14,4,844.493394
-0.77,7,844.511885
-0.47,9,844.542162
-0.61,8,844.568956
1.14,4,844.577516
1.31,10,844.608174
1.14,4,844.62055
1.14,4,844.632046
1.14,4,844.643764
1.14,4,844.655582
-0.34,11,844.690465
-0.55,11,844.72457
1.14,4,844.736701
1.14,4,844.748078
-0.78,8,844.772949
1.55,10,844.803115
-0.78,8,844.822792
1.14,4,844.835037
1.14,4,844.846697
-0.76,6,844.865244
1.14,4,844.876395
1.14,4,844.887763
1.74,13,844.923604
1.14,4,844.935227
1.6,12,844.964932
1.14,4,844.97592
1.14,4,844.985559
1.14,4,844.995969
1.14,4,845.004972
-0.76,6,845.02211
1.55,10,845.050987
-0.77,8,845.07668
-0.63,13,845.111116
1.14,4,845.122857
1.14,4,845.135158
1.8,13,845.172332
1.55,10,845.201515
1.14,4,845.210833
-0.77,7,845.233533
1.14,4,845.244351
1.14,4,845.256272
-0.77,7,845.274386
1.14,4,845.286546
-0.3,13,845.32125
1.14,4,845.33383
1.14,4,845.343043
-0.47,10,845.376165
1.14,4,845.387923
1.61,12,845.423953
1.14,4,845.436081
-0.52,10,845.466622
1.68,12,845.498998
1.14,4,845.509274
-0.69,10,845.539664
-0.43,12,845.574511
-0.33,13,845.613183
1.14,4,845.625174
-0.46,12,845.659402
-0.61,10,845.690206
1.14,4,845.702019
1.56,12,845.73583
-0.58,14,845.780134
-0.66,13,845.811104
1.14,4,845.823431
1.29,7,845.841889
1.14,4,845.853186
1.14,4,845.865438
1.14,4,845.876966
1.14,4,845.887304
1.14,4,845.897113
1.14,4,845.907852
1.32,9,845.931325
1.59,10,845.962063
1.14,4,845.972454
1.45,9,845.999455
1.14,4,846.007329
-0.44,10,846.034669
1.5,10,846.064396
-0.51,14,846.100265
1.14,4,846.107575
1.14,4,846.119359
1.14,4,846.130999
1.47,11,846.155044
1.41,9,846.178912
-0.15,12,846.215325
1.14,4,846.226664
1.14,4,846.239126
1.14,4,846.250859
1.58,10,846.281631
1.14,4,846.292542
1.14,4,846.303735
-0.47,10,846.331031
-0.77,7,846.353976
-0.54,9,846.378568
-0.43,13,846.415411
-0.46,9,846.43909
-0.42,13,846.47674
1.14,4,846.487195
1.14,4,846.496019
-0.56,8,846.521797
1.14,4,846.533919
-0.37,11,846.563288
-0.67,11,846.596747
-0.44,13,846.632344
1.14,4,846.641328
-0.82,7,846.657753
1.43,10,846.686771
-0.52,9,846.715471
1.14,4,846.726525
-0.66,10,846.756848
1.61,10,846.783873
1.59,12,846.817706
1.14,4,846.827762
1.19,5,846.841834
1.7,13,846.877487
-0.41,13,846.914353
1.14,4,846.925632
-0.59,11,846.956211
1.14,4,846.968851
1.55,10,846.991215
-0.71,10,847.020365
1.14,4,847.032591
-0.81,11,847.064842
1.59,10,847.093081
-0.75,7,847.110755
-0.81,8,847.135583
1.14,4,847.147373
-0.61,8,847.173353
1.14,4,847.184733
-0.76,6,847.203743
-0.67,10,847.232634
1.47,11,847.259407
-0.51,9,847.290854
-0.42,11,847.327532
1.14,4,847.338952
1.14,4,847.34958
1.14,4,847.359888
1.57,11,847.387582
-0.55,9,847.41549
1.66,10,847.446796
1.14,4,847.458569
-0.78,7,847.521477
-0.24,14,847.571752
-0.57,10,847.601682
1.44,8,847.625705
-0.61,10,847.658726
1.14,4,847.671598
1.19,5,847.687324
-0.69,8,847.712513
-0.64,11,847.743324
1.4,9,847.770673
1.14,4,847.782112
-0.54,12,847.820974
1.39,10,847.850775
1.53,9,847.878684
1.14,4,847.890657
-0.66,7,847.914183
1.14,4,847.925243
-0.68,10,847.951649
1.14,4,847.961176
-0.75,10,847.988647
1.14,4,847.998416
1.14,4,848.00894
-0.63,10,848.039438
1.14,4,848.051458
-0.56,8,848.073969
1.59,10,848.10317
1.57,11,848.131916
-0.55,13,848.16605
1.14,4,848.176722
1.14,4,848.186178
1.14,4,848.19747
1.14,4,848.208013
1.14,4,848.219933
1.14,4,848.230773
1.14,4,848.241481
1.19,5,848.256273
1.14,4,848.268055
1.14,4,848.280223
-0.55,11,848.313107
-0.78,8,848.330192
1.14,4,848.340599
1.14,4,848.352743
1.14,4,848.364645
1.5,10,848.394361
-0.2,14,848.431566
-0.59,12,848.465801
1.43,9,848.490106
1.66,10,848.522886
-0.75,8,848.548844
1.52,10,848.580067
-0.59,11,848.609523
-0.68,9,848.638287
-0.63,11,848.670899
1.14,4,848.682561
1.14,4,848.694001
-0.68,9,848.721388
-0.62,11,848.751258
1.14,4,848.763055
-0.49,9,848.786871
1.49,9,848.813882
1.58,11,848.843354
1.14,4,848.855377
1.14,4,848.867671
1.14,4,848.876913
-0.68,9,848.900652
-0.26,13,848.940824
-0.6,13,848.982184
-0.18,14,849.020305
-0.44,9,849.048108
1.14,4,849.060633
1.53,10,849.089263
1.14,4,849.102375
-0.73,8,849.128785
-0.52,11,849.160117
-0.49,10,849.187377
1.14,4,849.198957
1.54,9,849.226956
1.57,12,849.255515
-0.41,12,849.29143
1.14,4,849.303273
1.64,10,849.334214
1.14,4,849.346396
1.14,4,849.357955
-0.35,13,849.393243
-0.52,9,849.423014
1.14,4,849.435874
-0.38,12,849.47136
-0.57,13,849.50756
1.14,4,849.519983
1.63,10,849.550976
1.14,4,849.560187
-0.66,7,849.5807
1.55,10,849.612261
1.14,4,849.623935
-0.25,13,849.659415
-0.76,6,849.674864
1.14,4,849.68465
1.14,4,849.696612
1.14,4,849.705836
1.14,4,849.717804
1.36,11,849.745476
-0.89,8,849.767733
-0.54,8,849.787414
1.51,13,849.815698
-0.53,10,849.844777
-0.74,12,849.879931
1.34,7,849.900233
-0.75,7,849.922106
1.48,9,849.948483
1.49,11,849.982218
1.63,10,850.015679
1.64,10,850.047267
1.14,4,850.059172
1.32,9,850.085427
1.48,13,850.119908
1.14,4,850.132207
1.14,4,850.142266
1.56,9,850.814639
1.66,10,850.842242
1.24,8,850.867321
1.4,9,850.895015
-0.77,10,850.922523
-0.25,13,850.962597
1.14,4,850.973665
1.14,4,850.984761
-0.64,10,851.012672
1.72,12,851.039117
1.42,10,851.070485
-0.39,13,851.111472
1.57,10,851.137297
1.14,4,851.149149
-0.45,11,851.184685
1.14,4,851.195535
1.51,10,851.225867
1.14,4,851.237185
1.14,4,851.248943
1.14,4,851.261621
-0.57,9,851.343977
1.14,4,851.352541
1.14,4,851.364558
1.14,4,851.375868
1.42,11,851.4035
1.14,4,851.413282
1.14,4,851.424195
-0.33,13,851.464436
1.14,4,851.474231
1.14,4,851.483382
-0.59,14,851.519453
1.14,4,851.530917
-0.63,11,851.56861
-0.44,11,851.602201
-0.44,9,851.63014
1.65,13,851.664387
1.14,4,851.676947
-0.67,11,851.704979
1.55,12,851.738642
1.14,4,851.748062
1.14,4,851.759161
-0.76,6,851.779215
-0.59,8,851.804424
1.14,4,851.816
-0.76,6,851.834819
1.14,4,851.847108
1.6,11,851.874336
-0.3,12,851.908062
-0.83,7,851.925253
1.14,4,851.937365
1.14,4,851.949544
1.14,4,851.960572
-0.61,8,851.986056
-0.66,7,852.003421
-0.5,10,852.032195
1.66,10,852.06285
-0.87,6,852.081443
1.14,4,852.091629
-0.46,12,852.128481
1.55,10,852.160155
1.14,4,852.170591
-0.43,14,852.211818
-0.61,8,852.233982
1.14,4,852.244087
-0.75,8,852.266291
1.14,4,852.277299
1.14,4,852.288814
1.14,4,852.299605
-0.7,7,852.321352
1.62,11,852.350827
1.53,9,852.378154
1.14,4,852.38714
1.36,9,852.41492
-0.72,8,852.437983
-0.62,9,852.467597
1.14,4,852.480097
1.14,4,852.491626
-0.77,7,852.511113
-0.78,8,852.532419
1.58,11,852.561628
-0.63,12,852.597092
1.14,4,852.608721
1.55,10,852.63419
1.53,10,852.662234
1.14,4,852.67378
1.55,10,852.699526
1.14,4,852.710869
1.14,4,852.721661
1.14,4,852.732984
1.61,10,852.76235
-0.78,8,852.783955
1.14,4,852.794674
1.14,4,852.805769
1.14,4,852.815514
1.46,9,852.842698
-0.51,12,852.881973
1.14,4,852.893493
1.14,4,852.904288
1.42,10,852.932404
1.44,8,852.95305
1.14,4,852.963619
-0.6,9,852.990677
-0.67,11,853.025793
1.47,11,853.056773
1.14,4,853.067856
-0.76,6,853.083501
-0.74,12,853.117519
1.61,10,853.142906
-0.65,9,853.168748
1.64,10,853.193058
1.38,9,853.219712
-0.59,8,853.249337
1.56,9,853.277907
1.6,10,853.304303
-0.33,13,853.335623
-0.67,8,853.360834
1.58,10,853.390152
-0.44,13,853.428115
-0.69,10,853.45235
1.14,4,853.46401
1.14,4,853.475387
1.14,4,853.486257
-0.74,10,853.514217
1.14,4,853.526087
1.14,4,853.535273
-0.63,10,853.564342
-0.49,12,853.593074
1.14,4,853.603001
1.14,4,853.614559
-0.54,8,853.641413
1.59,9,853.670244
1.57,14,853.707917
1.63,10,853.732237
1.14,4,853.743187
-0.6,9,853.771078
1.38,9,853.794939
-0.49,9,853.823214
1.14,4,853.834947
-0.63,10,853.864925
1.64,10,853.886021
1.14,4,853.897118
1.62,12,853.930161
1.66,10,853.958609
-0.76,6,853.976788
1.14,4,853.985875
1.58,10,854.011445
-0.27,11,854.042642
1.53,10,854.065678
1.14,4,854.07687
1.14,4,854.087803
-0.38,14,854.127905
-0.36,11,854.164174
1.14,4,854.175512
1.14,4,854.185971
-0.66,7,854.208936
1.14,4,854.219781
1.51,9,854.245585
1.14,4,854.256114
-0.2,14,854.297261
1.14,4,854.30901
1.14,4,854.320483
1.3,11,854.349533
1.14,4,854.361359
-0.47,11,854.394522
1.6,11,854.423067
-0.45,10,854.454827
-0.45,14,854.490228
-0.66,7,854.557544
1.14,4,854.579121
-0.61,8,854.604092
1.36,11,854.631647
-0.32,11,854.664563
1.14,4,854.674963
-0.7,8,854.697374
1.14,4,854.70874
1.49,9,854.730942
1.14,4,854.741559
1.14,4,854.753186
-0.58,9,854.778343
1.14,4,854.791243
-0.61,10,854.822519
1.14,4,854.833689
-0.6,10,854.862043
-0.48,13,854.893709
1.39,10,854.924227
1.14,4,854.93243
1.37,10,854.960947
-0.71,8,854.985662
1.14,4,854.997168
1.14,4,855.008289
-0.67,9,855.033624
1.55,10,855.063735
-0.66,11,855.096168
-0.24,13,855.132181
1.55,10,855.162894
1.14,4,855.175019
1.14,4,855.185826
1.51,10,855.216343
1.14,4,855.228077
1.73,12,855.264051
1.6,10,855.290062
1.14,4,855.301237
1.14,4,855.311123
1.14,4,855.321346
-0.82,6,855.336733
1.14,4,855.348296
-0.55,12,855.383688
1.58,11,855.409535
-0.65,10,855.436884
-0.25,12,855.468804
-0.71,7,855.488388
1.14,4,855.501192
-0.76,6,855.519247
-0.6,12,855.556265
1.63,10,855.584753
-0.71,7,855.603529
1.14,4,855.615664
1.14,4,855.627495
1.14,4,855.639261
1.14,4,855.650295
1.14,4,855.661742
1.57,10,855.690637
1.14,4,855.701804
-0.8,7,855.724711
1.14,4,855.735858
1.59,10,855.760069
1.14,4,855.77196
-0.64,7,855.793629
1.14,4,855.80305
-0.58,10,855.828157
-0.48,11,855.861008
1.14,4,855.873117
-0.31,14,855.907924
1.55,10,855.929122
1.14,4,855.940769
1.14,4,855.95282
1.14,4,855.962479
-0.49,10,855.989258
1.14,4,855.997684
-0.76,14,856.038629
1.14,4,856.050254
1.14,4,856.062777
-0.42,14,856.104729
1.51,9,856.131194
-0.6,9,856.1562
1.14,4,856.166694
1.53,9,856.194711
1.14,4,856.206977
1.14,4,856.215955
1.46,9,856.24117
-0.46,12,856.277545
-0.66,10,856.305866
1.54,9,856.332182
-0.46,12,856.366594
-0.58,9,856.394906
-0.6,9,856.424953
1.14,4,856.434226
-0.54,8,856.457756
-0.57,10,856.488872
1.55,10,856.520419
1.63,10,856.551872
1.62,11,856.579357
-0.77,7,856.598004
1.14,4,856.608141
-0.6,13,856.648691
1.14,4,856.660638
-0.29,13,856.69847
1.5,11,857.606681
1.14,4,857.620921
1.55,10,857.655742
1.19,5,857.674221
1.36,7,857.702732
1.61,10,857.75662
1.14,4,857.774296
1.14,4,857.794137
1.14,4,857.811752
-0.44,9,857.858285
1.14,4,857.87611
1.47,11,857.9261
1.14,4,857.942292
1.4,9,857.982577
1.55,10,858.026277
1.53,10,858.077117
1.39,8,858.110586
1.14,4,858.125872
-0.44,9,858.161346
-0.54,12,858.203928
1.14,4,858.213422
1.56,13,858.260986
1.14,4,858.275283
-0.32,12,858.327363
1.14,4,858.338846
-0.82,6,858.358775
1.61,10,858.393192
-0.75,10,858.436682
-0.68,9,858.469134
1.14,4,858.48104
-0.68,11,858.528224
1.5,10,858.563777
1.66,10,858.595485
-0.85,10,858.635669
1.14,4,858.64916
1.14,4,858.662249
1.76,11,858.697808
-0.72,8,858.731762
1.58,10,858.763766
-0.22,13,858.810119
1.14,4,858.823562
-0.76,6,858.846509
-0.64,7,858.925464
1.51,9,858.974177
1.14,4,858.989617
-0.44,12,859.031318
-0.44,10,859.075798
-0.66,8,859.107287
1.14,4,859.120293
1.57,11,859.151686
1.14,4,859.163934
1.44,9,859.19345
-0.61,8,859.223853
-0.76,8,859.258103
1.56,9,859.286457
1.14,4,859.295444
1.55,11,859.341193
1.14,4,859.357067
1.14,4,859.373884
-0.59,11,859.414099
-0.63,12,859.462732
1.14,4,859.482277
1.14,4,859.502091
1.14,4,859.52005
1.14,4,859.538802
-0.55,10,859.584234
1.14,4,859.600783
-0.67,8,859.640429
1.64,10,859.681273
1.14,4,859.767061
-0.45,11,859.825046
-0.63,10,859.864616
1.14,4,859.882064
1.14,4,859.897541
1.14,4,859.915209
1.14,4,859.929972
1.14,4,859.949362
1.37,10,859.992234
-0.76,6,860.023065
1.71,11,860.077438
-0.74,6,860.108797
-0.67,8,860.14689
-0.83,7,860.177171
1.14,4,860.193705
1.45,10,860.236216
-0.76,6,860.264986
-0.42,12,860.319262
-0.5,11,860.428234
1.81,12,860.489354
1.14,4,860.514429
1.48,9,860.556964
1.14,4,860.577073
-0.65,12,860.628799
1.14,4,860.639638
-0.6,10,860.671599
-0.36,10,860.710415
-0.77,7,860.734217
1.36,13,860.771374
1.14,4,860.783387
-0.88,6,860.804679
1.14,4,860.817878
-0.45,11,860.848107
-0.43,10,860.877024
1.14,4,860.888108
1.63,10,860.914485
1.14,4,860.923651
1.14,4,860.933836
1.14,4,860.94523
-0.5,11,860.974814
-0.66,7,860.993292
1.14,4,861.005092
1.14,4,861.017204
1.14,4,861.027918
1.66,10,861.063779
-0.45,11,861.097569
1.64,10,861.127544
-0.52,10,861.161756
1.14,4,861.174679
1.14,4,861.188653
1.4,9,861.218945
1.58,10,861.245412
1.14,4,861.258578
1.6,12,861.293527
1.42,10,861.324869
-0.55,9,861.356164
-0.93,6,861.376009
1.14,4,861.38883
-0.62,12,861.422806
1.14,4,861.432571
-0.77,10,861.463022
1.14,4,861.475766
1.59,10,861.509032
1.14,4,861.524426
1.14,4,861.539983
-0.53,10,861.58576
1.78,11,861.628123
-0.53,15,861.689165
1.14,4,861.701688
1.14,4,861.713606
1.38,9,861.740739
1.52,11,861.774175
1.14,4,861.785178
1.14,4,861.794091
1.14,4,861.80651
-0.45,14,861.847627
-0.78,8,861.877153
1.23,7,861.908546
1.46,9,861.948014
1.39,8,861.991738
1.14,4,862.011335
-0.56,8,862.047034
1.57,10,862.085203
-0.7,11,862.128265
-0.56,10,862.171169
1.14,4,862.187674
-0.76,6,862.216462
-0.82,6,862.243639
1.14,4,862.256744
1.14,4,862.269599
1.6,11,862.307826
-0.62,12,862.357288
-0.66,7,862.389385
1.14,4,862.403045
1.14,4,862.413278
1.14,4,862.427726
1.14,4,862.44345
1.58,11,862.485074
1.14,4,862.49682
1.14,4,862.509859
1.14,4,862.521614
1.55,10,862.614146
-0.77,7,862.635837
1.14,4,862.647588
1.14,4,862.662365
1.42,10,862.700901
1.14,4,862.715041
-0.45,11,862.75534
-0.51,11,862.797806
1.14,4,862.811408
1.68,10,862.856477
1.14,4,862.872119
1.14,4,862.888265
-0.92,5,862.907852
1.14,4,862.922065
1.14,4,862.937641
1.14,4,862.954573
-0.44,11,863.002079
1.47,11,863.039445
1.54,9,863.070835
-0.41,9,863.10221
1.68,11,863.14284
-0.98,5,863.158964
1.43,9,863.184094
-0.11,17,863.239421
-0.59,8,863.269316
-0.72,10,863.304617
-0.46,12,863.34235
-0.69,13,863.384149
-0.67,8,863.409395
-0.65,8,863.438888
1.5,10,863.472836
-0.76,6,863.496645
1.58,10,863.531022
1.14,4,863.544406
1.14,4,863.556492
-0.56,8,863.583134
-0.67,9,863.62237
1.58,10,863.650332
1.14,4,863.66256
1.14,4,863.674525
1.14,4,863.68841
-0.5,13,863.728799
1.59,14,863.765889
1.55,10,863.793772
-0.89,8,863.818103
1.14,4,863.829539
1.4,9,863.855902
1.14,4,863.867653
1.14,4,863.878532
1.14,4,863.890466
-0.62,11,863.925583
1.38,9,863.954544
-0.75,7,863.977033
1.88,13,864.02029
-0.41,13,864.057329
1.33,9,864.082911
1.57,15,864.125257
1.14,4,864.1367
1.14,4,864.147595
1.37,10,864.173642
-0.82,7,864.196276
1.14,4,864.204642
-0.7,12,864.239546
1.14,4,864.249093
-0.4,15,864.28688
1.7,11,864.31627
1.14,4,864.326986
1.64,10,864.356967
1.68,11,864.39597
1.14,4,864.408306
-0.34,15,864.451601
-0.62,9,864.472826
1.14,4,864.483536
1.48,10,864.507477
-0.44,13,864.548334
1.31,10,864.575993
1.14,4,864.585938
1.14,4,864.596817
-0.66,8,864.620377
1.14,4,864.629911
-0.58,10,864.659607
-0.76,6,864.678603
1.66,10,864.704976
-0.46,11,864.739981
1.14,4,864.751857
1.14,4,864.763368
1.14,4,864.774994
1.56,10,864.804554
-0.54,8,864.831303
1.14,4,864.840745
1.14,4,864.851261
1.51,9,864.878287
1.57,12,864.908977
1.14,4,864.91715
1.31,10,864.944586
-0.65,8,864.96368
-0.49,9,864.986663
1.14,4,864.998221
1.64,10,865.030637
1.14,4,865.038801
-0.54,12,865.074203
1.42,11,865.763098
1.14,4,865.774591
1.14,4,865.786896
1.14,4,865.799016
-0.76,8,865.823034
1.14,4,865.835228
-0.53,11,865.863079
1.61,9,865.887574
1.14,4,865.899002
-0.78,8,865.922979
1.56,10,865.949777
1.45,9,865.977846
-0.75,8,866.000633
1.49,9,866.027841
1.76,11,866.053758
1.14,4,866.064032
1.14,4,866.074902
-0.61,8,866.098264
-0.71,12,866.126241
-0.71,7,866.148654
1.14,4,866.159986
1.14,4,866.168397
-0.74,6,866.184392
1.41,10,866.213166
-0.35,12,866.244441
1.18,8,866.268486
-0.18,14,866.313006
1.14,4,866.324443
1.14,4,866.335933
1.14,4,866.346905
1.14,4,866.357517
1.5,10,866.389848
1.14,4,866.401541
1.14,4,866.413414
1.67,13,866.446206
1.14,4,866.458597
-0.45,10,866.487955
-0.7,8,866.515041
1.14,4,866.577559
1.14,4,866.593867
1.14,4,866.604869
1.14,4,866.616266
-0.5,11,866.64612
1.38,9,866.672448
1.52,11,866.701132
-0.66,7,866.720116
1.47,11,866.748793
1.14,4,866.757087
-0.62,13,866.787661
-0.77,7,866.810387
1.14,4,866.822989
-0.52,10,866.857133
1.14,4,866.868838
-0.71,7,866.888538
1.14,4,866.900266
-0.29,11,866.934306
1.14,4,866.947277
1.14,4,866.957212
-0.61,11,866.994349
1.14,4,867.005574
1.14,4,867.017935
-0.73,8,867.043232
1.39,13,867.082437
1.71,12,867.117047
-0.38,13,867.154029
1.14,4,867.166535
1.14,4,867.17544
1.42,10,867.20651
1.47,11,867.241917
1.14,4,867.253542
1.64,10,867.286119
1.14,4,867.297553
1.14,4,867.305758
1.14,4,867.316793
1.14,4,867.327759
1.55,10,867.357868
1.42,13,867.397389
-0.67,8,867.420994
1.14,4,867.432767
1.63,10,867.458184
-0.47,12,867.493387
1.14,4,867.505256
1.61,10,867.536201
1.57,11,867.568461
-0.66,7,867.591452
1.66,10,867.622173
1.14,4,867.633499
1.14,4,867.64287
1.38,9,867.66982
-0.67,8,867.695113
-0.66,7,867.718011
-0.7,8,867.739664
1.14,4,867.752743
1.19,5,867.76513
1.5,10,867.794578
-0.52,14,867.837658
-0.77,10,867.868786
-0.6,9,867.896633
-0.51,14,867.93427
1.14,4,867.942922
1.8,13,867.975461
1.14,4,867.987259
-0.52,9,868.014738
1.64,10,868.040656
1.59,10,868.070727
1.61,10,868.097919
1.14,4,868.107226
-0.67,8,868.132182
1.14,4,868.140017
1.55,10,868.170844
-0.54,9,868.199946
1.14,4,868.211451
1.63,11,868.245785
-0.61,10,868.276638
1.14,4,868.285308
1.14,4,868.296608
1.14,4,868.307079
1.14,4,868.31846
-0.69,6,868.336246
1.76,11,868.360991
1.46,10,868.391618
-0.55,10,868.421631
1.14,4,868.436472
1.8,13,868.47365
-0.46,14,868.512736
-0.11,14,868.549119
1.14,4,868.561552
1.14,4,868.572828
-0.49,9,868.603261
1.8,15,868.646632
1.44,8,868.668634
1.14,4,868.679626
-0.64,8,868.705995
1.6,12,868.739425
1.14,4,868.751357
-0.47,12,868.789452
-0.66,7,868.811947
-0.6,13,868.847085
1.14,4,868.858902
1.14,4,868.871347
-0.52,10,868.903778
1.14,4,868.915536
-0.78,8,868.935379
1.14,4,868.94674
-0.52,13,868.981713
1.14,4,868.990731
1.19,5,869.005606
1.14,4,869.018026
1.14,4,869.029783
1.14,4,869.039256
1.67,12,869.072476
1.14,4,869.082453
1.14,4,869.093223
-0.67,11,869.12154
1.14,4,869.133811
1.14,4,869.145113
1.14,4,869.156
1.14,4,869.1656
1.14,4,869.176006
1.14,4,869.187212
1.14,4,869.198609
1.14,4,869.20962
-0.65,9,869.238827
1.53,10,869.266884
-0.55,10,869.295925
-0.76,8,869.31943
-0.81,5,869.333638
-0.66,7,869.355077
-0.88,6,869.374893
-0.51,9,869.403403
-0.54,11,869.435483
1.14,4,869.447628
1.14,4,869.459479
1.14,4,869.470307
-0.54,15,869.51343
1.55,10,869.541062
-0.78,8,869.560525
1.32,9,869.583127
1.14,4,869.594115
1.6,11,869.670562
1.53,10,869.711355
-0.74,10,869.738096
-0.54,9,869.761758
-0.6,11,869.790648
-0.77,7,869.808023
1.14,4,869.818049
1.14,4,869.829617
-0.66,13,869.868236
-0.31,11,869.897829
-0.54,9,869.921512
1.7,12,869.959528
-0.49,12,869.993498
1.14,4,870.001798
-0.93,6,870.022261
1.14,4,870.030968
1.14,4,870.041866
1.14,4,870.052449
1.14,4,870.06327
-0.27,12,870.101936
-0.53,10,870.133013
1.14,4,870.145707
1.14,4,870.156435
1.14,4,870.168229
1.14,4,870.178789
1.14,4,870.235924
-0.41,14,870.303506
1.37,10,870.33154
1.63,10,870.36092
1.52,10,870.387758
-0.61,8,870.415353
-0.76,6,870.433115
-0.4,15,870.482449
-0.55,10,870.513108
1.68,11,870.546663
-0.67,8,870.57154
1.14,4,870.583024
-0.45,12,870.615194
1.14,4,870.625737
1.61,10,870.654883
1.59,10,870.682601
1.14,4,870.693369
1.61,9,870.716148
1.14,4,870.726954
-0.77,7,870.747981
1.61,10,870.779757
-0.3,11,870.814742
-0.47,9,870.841106
1.14,4,870.85306
1.14,4,870.864435
1.14,4,870.879107
-0.78,8,870.914541
1.14,4,870.927979
1.81,12,870.967301
1.14,4,870.979381
-0.63,10,871.016496
1.14,4,871.031644
1.4,9,871.060392
1.58,11,871.097643
-0.23,14,871.140487
1.53,10,871.174212
1.14,4,871.183004
1.5,10,871.21488
1.66,10,871.244796
1.14,4,871.257161
-0.74,7,871.285462
-0.72,7,871.311605
1.32,10,871.348086
1.14,4,871.35932
-0.59,11,871.389807
1.35,12,871.426632
-0.52,13,871.466498
-0.63,12,871.498994
1.14,4,871.511246
1.14,4,871.524575
-0.62,9,871.554748
-0.62,9,871.579406
1.62,11,871.615373
1.39,10,871.641821
1.14,4,871.65307
1.37,10,871.684131
-0.62,11,871.714274
1.51,9,871.74519
1.14,4,871.753721
1.14,4,871.766361
1.57,10,871.796706
-0.46,10,871.826241
1.14,4,871.837514
-0.42,10,871.868362
1.14,4,871.881079
1.14,4,871.893987
1.14,4,871.905828
-0.67,8,872.745235
1.14,4,872.759076
1.14,4,872.768296
-0.52,10,872.802244
-0.64,7,872.81769
1.14,4,872.830098
-0.37,11,872.865781
1.14,4,872.879282
1.14,4,872.891996
1.14,4,872.903568
-0.54,10,872.931944
1.43,9,872.957841
1.14,4,872.966833
-0.44,10,872.997028
-0.38,12,873.028217
1.73,11,873.062371
-0.72,8,873.082711
1.55,10,873.113806
1.14,4,873.125361
1.14,4,873.133179
1.42,10,873.163466
1.14,4,873.176889
1.47,11,873.209611
-0.47,11,873.244855
1.14,4,873.253835
1.65,10,873.28349
-0.22,13,873.32225
-0.15,14,873.365153
-0.3,13,873.405385
1.14,4,873.416972
-0.58,11,873.449072
1.14,4,873.459161
-0.49,9,873.485107
1.51,9,873.511131
1.57,11,873.539733
-0.59,12,873.568258
-0.26,14,873.612007
-0.56,8,873.634641
-0.3,12,873.669945
-0.39,9,873.701211
1.55,11,873.737674
-0.62,11,873.766534
1.27,8,873.786891
1.14,4,873.798669
1.14,4,873.809209
1.66,11,873.893171
1.14,4,873.901525
1.57,11,873.931358
-0.57,10,873.9585
-0.62,8,873.979428
1.19,5,873.993958
1.14,4,874.00614
1.13,9,874.034912
-0.67,10,874.068927
1.14,4,874.078853
1.14,4,874.089303
1.14,4,874.097873
-0.66,7,874.115396
1.55,10,874.144483
1.14,4,874.15645
-0.5,10,874.179835
1.14,4,874.190267
-0.57,12,874.224277
1.63,10,874.254895
-0.81,8,874.278155
-0.67,11,874.3057
-0.57,11,874.332434
1.14,4,874.345536
-0.4,11,874.38015
1.14,4,874.389539
1.14,4,874.400278
-0.73,8,874.423826
-0.6,9,874.451672
1.14,4,874.463078
1.45,9,874.489844
1.14,4,874.498788
1.14,4,874.511778
1.14,4,874.521774
-0.55,10,874.620495
1.14,4,874.630831
1.14,4,874.641679
1.68,10,874.670183
1.14,4,874.678184
1.14,4,874.689275
-0.76,6,874.70741
-0.38,13,874.748593
1.14,4,874.760398
1.14,4,874.772054
1.56,9,874.79626
1.14,4,874.809268
1.49,9,874.836417
1.53,10,874.858195
1.14,4,874.868819
-0.66,7,874.888251
1.14,4,874.899477
1.51,9,874.928212
-0.77,7,874.947632
1.14,4,874.960179
1.14,4,874.972429
1.14,4,874.983705
-0.62,9,875.012915
-0.72,7,875.031832
1.14,4,875.043399
1.14,4,875.054689
1.14,4,875.066029
-0.76,6,875.087046
1.14,4,875.099411
-0.62,9,875.130733
-0.76,6,875.149836
1.65,12,875.188481
-0.71,7,875.21082
1.61,10,875.236648
1.5,10,875.263426
-0.45,11,875.296763
1.14,4,875.309362
1.67,13,875.347286
1.58,9,875.375355
-0.72,8,875.397171
1.14,4,875.409727
1.14,4,875.420284
1.37,10,875.447918
1.14,4,875.459875
-0.76,6,875.479523
1.14,4,875.493467
-0.64,8,875.519626
-0.66,7,875.542443
-0.7,11,875.576655
1.14,4,875.588167
1.14,4,875.59831
1.14,4,875.608806
1.41,14,875.646387
1.14,4,875.659381
1.14,4,875.670263
1.14,4,875.680997
-0.67,8,875.707741
1.14,4,875.716876
-0.58,13,875.754331
-0.4,12,875.791986
-0.61,8,875.817196
1.64,10,875.848365
-0.73,9,875.875412
1.47,11,875.909217
-0.66,7,875.929062
-0.67,8,875.957184
-0.57,12,875.991695
-0.72,7,876.014764
-0.78,8,876.040242
1.43,9,876.068617
1.63,11,876.099314
1.14,4,876.110423
1.14,4,876.121131
1.14,4,876.131902
1.55,13,876.173984
1.14,4,876.182238
1.14,4,876.193821
-0.67,8,876.218944
1.14,4,876.227859
1.55,10,876.254565
-0.56,12,876.291471
-0.77,7,876.314292
-0.76,6,876.335011
-0.27,12,876.372265
1.14,4,876.382995
-0.72,7,876.403842
1.14,4,876.414475
-0.66,7,876.438482
1.14,4,876.450221
1.14,4,876.458867
1.14,4,876.471138
-0.61,10,876.500636
1.47,10,876.534824
1.42,15,876.581901
-0.76,6,876.602494
1.14,4,876.614842
1.14,4,876.62704
-0.09,16,876.673319
1.14,4,876.683493
-0.25,13,876.721383
-0.58,11,876.75581
1.5,11,876.780795
1.14,4,876.792319
-0.38,11,876.825085
-0.61,8,876.8477
1.14,4,876.859852
1.17,7,876.878001
1.14,4,876.887866
1.66,10,876.970792
-0.67,8,876.993046
-0.49,12,877.024409
-0.62,9,877.050275
1.59,10,877.07703
1.46,10,877.110799
1.14,4,877.123523
-0.63,10,877.152247
-0.29,15,877.198135
1.14,4,877.210382
1.14,4,877.222335
-0.66,7,877.245079
-0.71,7,877.264394
1.14,4,877.276428
-0.66,7,877.296155
1.14,4,877.306315
1.14,4,877.317079
-0.25,15,877.363276
1.14,4,877.373267
1.67,14,877.40364
1.14,4,877.411355
1.14,4,877.423077
-0.56,13,877.458815
1.54,11,877.490147
1.54,11,877.523281
1.14,4,877.535143
1.14,4,877.547533
-0.47,10,877.583674
1.14,4,877.596202
1.58,11,877.629405
-0.55,11,877.659034
1.14,4,877.672406
1.14,4,877.684769
1.14,4,877.696784
-0.76,6,877.714569
-0.54,9,877.745644
-0.62,9,877.773164
1.19,5,877.789118
1.59,10,877.822917
1.14,4,877.832606
1.14,4,877.845937
-0.77,7,877.866678
1.33,8,877.892494
-0.69,7,877.915637
1.66,10,877.945199
1.14,4,877.957151
1.52,11,877.988941
1.14,4,877.997292
1.47,9,878.030934
1.19,5,878.058537
1.14,4,878.071616
1.14,4,878.081463
-0.76,6,878.103068
-0.69,10,878.136878
1.53,9,878.187113
1.14,4,878.202402
1.14,4,878.218871
1.55,10,878.246735
1.64,10,878.282082
-0.46,12,878.31803
-0.57,9,878.344218
1.14,4,878.35697
1.51,9,878.385522
1.14,4,878.396034
-0.41,10,878.424681
1.38,9,878.452717
1.14,4,878.464771
1.14,4,878.477164
1.14,4,878.490087
-0.51,9,878.516709
-0.61,10,878.546762
1.14,4,878.559602
1.14,4,878.573371
1.14,4,878.584458
-0.72,7,878.606928
1.14,4,878.616246
-0.66,7,878.640557
1.14,4,878.652973
1.14,4,878.66508
1.14,4,878.677068
1.14,4,878.689396
1.14,4,878.700927
-0.82,6,878.720499
-0.55,10,878.751818
1.7,11,878.778914
1.52,11,878.805329
1.14,4,878.814591
-0.53,11,878.84523
1.14,4,878.856936
1.42,11,878.893702
-0.5,10,878.922297
1.71,11,878.954839
1.14,4,878.966883
-0.54,10,879.738912
1.19,5,879.751922
-0.76,6,879.770855
1.14,4,879.78361
1.14,4,879.7955
1.19,5,879.812125
1.42,10,879.844811
1.65,11,879.878076
-0.54,9,879.898002
-0.66,9,879.923862
-0.55,9,879.951683
-0.5,11,879.983824
-0.49,12,880.019198
1.72,14,880.062514
-0.48,11,880.092622
1.47,11,880.125015
-0.72,8,880.143934
1.66,10,880.172574
1.14,4,880.182307
1.59,9,880.21186
-0.47,10,880.245631
1.14,4,880.258155
1.14,4,880.270723
1.14,4,880.280493
1.66,10,880.309614
-0.49,12,880.351205
-0.6,9,880.378589
1.29,6,880.398074
1.14,4,880.41068
-0.78,8,880.438724
1.53,10,880.469976
1.63,11,880.503147
-0.93,6,880.51828
1.14,4,880.527539
1.14,4,880.538604
1.4,9,880.56233
-0.72,8,880.586497
1.53,10,880.613824
1.14,4,880.626037
-0.49,9,880.658503
1.14,4,880.670789
-0.61,11,880.701825
1.14,4,880.712451
-0.15,15,880.809622
1.14,4,880.822106
-0.79,9,880.844547
-0.49,13,880.881467
1.61,10,880.904007
1.14,4,880.915074
-0.23,14,880.952288
-0.73,8,880.977007
1.14,4,880.989382
1.14,4,881.000447
1.42,10,881.026901
-0.65,8,881.053098
1.55,10,881.084012
1.5,10,881.116229
1.42,10,881.144084
-0.45,11,881.18112
1.14,4,881.193002
-0.76,6,881.209525
1.14,4,881.220212
1.14,4,881.231142
1.19,5,881.251492
1.14,4,881.287313
-0.68,9,881.394493
1.83,12,881.426281
1.47,11,881.455014
-0.72,9,881.478502
1.14,4,881.490446
-0.73,11,881.525328
1.66,10,881.552684
1.58,10,881.579709
1.83,12,881.611699
-0.71,7,881.636247
1.14,4,881.645362
1.14,4,881.65719
1.59,10,881.684466
1.14,4,881.692902
-0.4,11,881.723945
1.57,11,881.755095
1.71,10,881.783405
-0.67,8,881.808858
-0.77,7,881.832031
1.14,4,881.840776
1.14,4,881.852578
1.14,4,881.864114
1.41,12,881.896884
1.71,10,881.928807
-0.69,13,881.964992
-0.62,9,881.993467
1.14,4,882.006197
-0.74,10,882.038893
-0.59,8,882.065027
1.57,11,882.099584
-0.76,6,882.115492
1.14,4,882.126081
1.19,5,882.139056
1.14,4,882.149743
1.53,10,882.178961
1.14,4,882.19087
1.14,4,882.202368
1.14,4,882.210752
1.17,7,882.233986
1.14,4,882.24384
1.14,4,882.253718
1.61,10,882.284557
1.14,4,882.296491
-0.67,8,882.322285
1.14,4,882.334987
-0.36,11,882.373482
-0.47,11,882.405844
1.14,4,882.418827
-0.71,6,882.438287
1.41,11,882.47019
1.59,10,882.502163
1.65,13,882.542432
1.14,4,882.553619
-0.66,7,882.575932
1.14,4,882.587119
-0.47,11,882.618617
1.14,4,882.627738
-0.47,13,882.669179
1.4,9,882.69874
1.73,11,882.730045
1.14,4,882.741896
-0.61,10,882.773259
-0.63,11,882.807798
1.14,4,882.820664
1.14,4,882.834387
-0.76,6,882.852781
1.73,12,882.885784
1.61,10,882.915683
1.14,4,882.927508
-0.76,6,882.948847
1.14,4,882.960545
1.56,9,882.986348
-0.61,8,883.014781
-0.51,11,883.046188
-0.55,10,883.074955
1.14,4,883.087527
1.14,4,883.100315
1.58,9,883.126765
-0.76,6,883.14743
1.14,4,883.159772
-0.82,6,883.176272
-0.35,12,883.209958
1.14,4,883.223073
-0.38,12,883.262712
-0.72,8,883.285532
1.14,4,883.29709
1.14,4,883.307984
-0.67,8,883.327955
-0.77,7,883.351704
1.14,4,883.364275
1.14,4,883.375605
-0.54,12,883.415571
1.14,4,883.426713
-0.4,14,883.467839
1.66,10,883.500504
1.49,11,883.53044
1.14,4,883.542172
-0.42,9,883.57341
1.5,10,883.60404
1.23,7,883.623412
1.14,4,883.634696
1.47,11,883.661802
1.65,13,883.696162
1.14,4,883.708507
-0.28,13,883.753197
1.14,4,883.764524
-0.62,9,883.792063
1.14,4,883.803821
1.14,4,883.816125
1.14,4,883.827159
1.61,10,883.856214
-0.86,5,883.873317
1.53,10,883.907214
-0.42,11,883.944137
1.14,4,883.956706
1.14,4,883.969049
-0.59,9,884.00169
1.14,4,884.01212
1.14,4,884.02198
-0.49,12,884.059877
-0.52,13,884.098688
1.52,10,884.129466
1.38,9,884.219312
1.14,4,884.232555
1.14,4,884.241163
-0.53,11,884.274733
1.14,4,884.286499
1.33,8,884.312584
-0.41,11,884.349178
-0.64,10,884.374655
1.19,5,884.389784
1.14,4,884.401087
-0.63,10,884.433095
1.14,4,884.443167
-0.91,4,884.457752
-0.36,11,884.496805
1.14,4,884.506183
-0.66,7,884.531321
-0.75,7,884.553986
1.53,9,884.582816
1.44,8,884.606261
1.58,10,884.639055
-0.88,7,884.663478
-0.65,9,884.693019
1.51,9,884.719529
1.14,4,884.73208
1.14,4,884.744543
-0.7,9,884.773068
-0.81,5,884.789958
-0.7,8,884.815436
1.14,4,884.826804
1.14,4,884.836529
1.14,4,884.848695
1.53,10,884.876721
-0.49,9,884.902289
1.14,4,884.914328
1.14,4,884.925723
1.14,4,884.934809
1.83,12,884.967469
-0.82,9,884.996044
-0.59,8,885.021724
-0.65,9,885.050084
1.14,4,885.062476
1.5,10,885.104726
1.76,11,885.13616
1.14,4,885.149015
-0.71,7,885.17056
-0.52,9,885.199026
1.14,4,885.211463
-0.28,13,885.255455
-0.47,11,885.287435
1.78,12,885.334155
1.14,4,885.348957
-0.66,7,885.372796
1.14,4,885.383839
1.14,4,885.395778
-0.54,9,885.422307
1.14,4,885.434718
-0.78,8,885.456999
-0.75,10,885.49454
-0.56,11,885.528841
-0.72,8,885.556854
1.14,4,885.569524
-0.61,10,885.602465
1.14,4,885.615423
-0.67,8,885.636881
-0.7,11,885.673734
-0.61,10,885.700568
-0.61,9,885.732922
1.14,4,885.745461
-0.44,12,885.780162
1.14,4,885.791587
1.73,11,885.828301
1.14,4,885.839498
1.14,4,885.851322
1.14,4,885.864098
1.75,13,885.906853
-0.76,6,885.927839
1.14,4,885.940212
1.14,4,885.952363
-0.56,12,885.992464
1.14,4,886.004099
-0.71,7,886.029567
-0.45,11,886.061615
-0.41,10,886.096267
1.14,4,886.107656
1.43,9,886.132958
-0.81,6,887.004621
1.68,11,887.037544
1.14,4,887.049672
-0.44,9,887.079026
-0.67,8,887.107733
-0.67,8,887.135514
-0.52,10,887.170081
1.14,4,887.187637
1.66,10,887.226537
1.14,4,887.237822
1.51,9,887.265972
1.14,4,887.277866
-0.34,14,887.321305
1.14,4,887.335137
-0.56,9,887.363116
1.14,4,887.37168
1.14,4,887.383189
1.55,10,887.414411
-0.49,10,887.441039
-0.7,8,887.46332
1.14,4,887.47485
1.14,4,887.487391
1.14,4,887.500194
1.14,4,887.513375
1.14,4,887.590679
1.57,10,887.625191
-0.66,8,887.649706
1.14,4,887.658976
-0.45,11,887.699889
1.14,4,887.712072
-0.52,10,887.740677
1.14,4,887.752648
1.14,4,887.765409
1.65,11,887.80101
1.14,4,887.813266
1.14,4,887.82709
-0.6,9,887.860679
-0.48,11,887.888994
1.53,10,887.921058
1.14,4,887.934775
-0.78,8,887.961794
1.14,4,887.973547
-0.62,9,888.004649
1.14,4,888.01851
-0.58,11,888.056439
-0.36,11,888.093621
-0.61,10,888.125508
1.14,4,888.135637
1.8,13,888.174501
-0.57,9,888.199112
-0.52,10,888.229424
1.14,4,888.23851
-0.62,11,888.270234
1.62,12,888.307327
1.14,4,888.316644
1.67,13,888.354994
-0.59,8,888.381588
1.14,4,888.392783
1.14,4,888.404435
1.14,4,888.417346
-0.41,10,888.452091
-0.5,13,888.492663
1.53,11,888.521558
-0.56,9,888.546304
1.14,4,888.557476
1.14,4,888.566572
1.14,4,888.578411
1.14,4,888.589327
-0.69,10,888.616788
1.14,4,888.62783
1.14,4,888.639297
-0.34,14,888.684752
1.14,4,888.69634
1.64,10,888.725853
1.42,10,888.749385
-0.54,12,888.784974
-0.81,8,888.811684
1.58,10,888.843274
1.14,4,888.854867
-0.67,8,888.878016
1.14,4,888.890072
1.14,4,888.899471
1.44,8,888.923744
-0.67,9,888.947632
1.14,4,888.958634
1.14,4,888.966829
1.62,11,889.002747
1.14,4,889.014003
-0.35,11,889.048224
1.14,4,889.059569
1.58,10,889.087069
1.48,9,889.11303
-0.44,9,889.138534
-0.26,18,889.190784
-0.61,10,889.220838
1.14,4,889.231933
-0.18,18,889.284785
-0.21,15,889.32007
1.64,10,889.349462
-0.8,10,889.38467
-0.31,13,889.425853
-0.61,10,889.451516
-0.52,10,889.48007
-0.74,10,889.507646
1.14,4,889.51664
1.14,4,889.528583
1.14,4,889.539178
1.14,4,889.550971
1.47,11,889.580634
1.85,13,889.615926
1.14,4,889.628814
1.33,8,889.653363
1.14,4,889.665663
1.14,4,889.678928
1.33,8,889.702959
1.26,10,889.730678
1.14,4,889.742905
1.4,9,889.767756
1.78,12,889.800497
1.14,4,889.812222
1.59,9,889.838887
1.14,4,889.85056
1.14,4,889.860613
-0.72,7,889.881109
1.14,4,889.892308
-0.54,12,889.931219
1.14,4,889.941442
1.14,4,889.953021
1.14,4,889.965699
-0.49,13,890.006644
1.14,4,890.014853
-0.66,8,890.04121
1.14,4,890.052827
1.14,4,890.065738
1.14,4,890.077629
-0.7,8,890.100066
1.37,10,890.127514
1.14,4,890.138763
1.55,10,890.165856
1.46,13,890.199149
-0.77,7,890.219894
1.14,4,890.229506
1.14,4,890.239613
1.42,10,890.266407
1.14,4,890.279483
1.14,4,890.292364
-0.76,6,890.313396
1.14,4,890.326538
1.14,4,890.337864
-0.77,7,890.356284
-0.8,6,890.370159
1.14,4,890.379814
-0.53,11,890.41077
-0.62,9,890.441978
1.14,4,890.453893
1.14,4,890.462986
1.14,4,890.475097
1.14,4,890.483911
1.54,10,890.51329
-0.64,8,890.54084
1.14,4,890.552695
1.14,4,890.564425
1.47,11,890.592802
1.14,4,890.604617
1.68,13,890.63823
1.14,4,890.650246
1.14,4,890.664158
-0.72,7,890.687708
1.14,4,890.700644
1.69,10,890.731506
1.19,5,890.74511
1.14,4,890.7581
1.14,4,890.76979
-0.43,10,890.802027
1.59,9,890.827266
1.5,10,890.853867
1.64,10,890.880465
-0.53,10,890.907989
-0.81,11,890.935056
1.14,4,890.947802
1.14,4,890.959895
1.14,4,890.97133
1.14,4,890.983308
1.14,4,890.995539
-0.55,10,891.027502
1.14,4,891.038514
1.14,4,891.050135
1.14,4,891.06228
1.65,13,891.105413
1.58,10,891.133351
1.59,10,891.166767
-0.5,11,891.198114
1.14,4,891.21015
-0.5,11,891.244709
1.14,4,891.25846
1.58,10,891.293241
1.14,4,891.302562
-0.8,10,891.330898
1.14,4,891.343036
1.14,4,891.354228
1.14,4,891.366108
-0.79,11,891.403934
-0.62,9,891.428849
-0.49,13,891.564157
-0.72,8,891.591598
1.14,4,891.601286
1.14,4,891.613496
-0.47,10,891.640823
1.14,4,891.64977
-0.56,8,891.674094
1.14,4,891.683136
1.66,10,891.712753
1.62,13,891.748486
-0.27,13,891.787336
1.14,4,891.796671
-0.67,8,891.823536
1.5,11,891.856224
1.14,4,891.868283
-0.59,8,891.892803
-0.44,10,891.919111
1.14,4,891.928931
-0.68,9,891.962123
-0.71,7,891.988242
1.14,4,892.002136
1.14,4,892.01081
-0.77,7,892.03354
1.49,11,892.064379
1.54,9,892.0929
-0.77,7,892.111954
1.46,8,892.130986
1.37,13,892.169196
1.59,10,892.198572
1.64,10,892.233629
-0.55,11,892.275702
1.33,11,892.306788
-0.71,7,892.329543
1.14,4,892.342377
1.14,4,892.355496
1.14,4,892.368062
1.14,4,892.380803
1.19,5,892.396223
1.41,10,892.4215
1.14,4,892.429475
1.14,4,892.440842
1.14,4,892.452256
-0.42,11,892.490464
1.14,4,892.499823
1.14,4,892.5101
1.14,4,892.521198
1.14,4,892.530381
1.61,10,892.559898
1.14,4,892.572757
1.63,13,892.614291
-0.49,10,892.646931
1.14,4,892.659456
-0.34,10,892.692872
1.71,10,892.722439
-0.64,9,892.751096
1.14,4,892.791707
-0.57,9,892.845957
-0.67,8,892.873127
1.14,4,892.883193
-0.76,6,892.90224
1.14,4,892.911945
1.14,4,892.924054
1.52,11,892.951495
1.14,4,892.963522
1.14,4,892.975948
-0.63,9,893.004597
1.14,4,893.012687
-0.46,10,893.042177
1.14,4,893.051959
-0.63,10,893.077013
-0.76,6,893.096831
1.14,4,893.109264
1.58,10,893.137705
-0.51,9,893.169072
-0.76,7,893.198582
1.14,4,893.214395
-0.76,8,893.242798
-0.67,8,893.276848
1.14,4,893.292549
1.4,9,893.322142
1.73,11,894.224034
1.39,8,894.245014
-0.74,6,894.267864
-0.67,8,894.297494
-0.54,9,894.334237
-0.76,6,894.359089
1.14,4,894.37398
1.66,10,894.415721
1.32,9,894.44593
-0.52,10,894.478996
1.5,10,894.512213
1.14,4,894.525525
-0.46,9,894.556367
-0.77,7,894.578514
-0.55,14,894.616738
1.14,4,894.629033
1.14,4,894.640945
1.19,5,894.656407
1.14,4,894.66912
-0.64,7,894.691197
-0.54,11,894.738001
1.14,4,894.753207
1.14,4,894.767929
-0.29,12,894.816041
1.14,4,894.828516
1.14,4,894.840561
1.14,4,894.854195
-0.58,9,894.885418
-0.85,10,894.920087
1.14,4,894.933304
1.14,4,894.9475
1.14,4,894.959738
-0.68,9,894.992557
1.63,10,895.025054
-0.7,11,895.059161
-0.25,12,895.095793
-0.71,7,895.119846
1.59,9,895.144985
1.14,4,895.156459
-0.63,10,895.18524
1.61,10,895.20962
1.51,9,895.233608
-0.52,12,895.268844
-0.49,9,895.295872
1.55,10,895.326838
1.14,4,895.339304
-0.48,10,895.372816
1.66,10,895.395786
-0.62,9,895.426748
-0.54,12,895.464055
1.14,4,895.477428
-0.48,11,895.51444
-0.67,8,895.544841
1.14,4,895.560546
1.4,9,895.59214
-0.77,7,895.613194
-0.46,9,895.648017
-0.69,7,895.675439
-0.6,9,895.711011
1.14,4,895.723707
1.14,4,895.735876
1.14,4,895.746645
1.14,4,895.761343
1.14,4,895.775923
1.14,4,895.792349
1.76,11,895.829528
1.66,10,895.862688
-0.73,8,895.893127
-0.48,10,895.929445
-0.42,11,895.971881
-0.62,9,896.007032
1.14,4,896.022805
1.39,10,896.061625
1.14,4,896.075159
1.31,10,896.109651
1.14,4,896.122555
-0.61,11,896.155327
1.14,4,896.168004
1.14,4,896.179408
1.14,4,896.192331
-0.68,9,896.221821
1.14,4,896.235905
1.14,4,896.317034
-0.58,10,896.360541
1.14,4,896.37264
1.14,4,896.38394
-0.66,7,896.407477
1.14,4,896.419546
1.14,4,896.43096
-0.63,10,896.460892
1.14,4,896.473033
1.14,4,896.485968
1.14,4,896.496737
-0.5,10,896.529526
-0.32,13,896.571552
-0.57,9,896.598672
1.66,10,896.625913
1.55,10,896.655993
1.14,4,896.667486
-0.67,8,896.690484
-0.68,9,896.718202
1.32,9,896.746163
1.14,4,896.759576
-0.47,11,896.79249
1.61,10,896.817909
1.14,4,896.829813
1.14,4,896.840321
-0.31,13,896.937541
1.14,4,896.950308
1.56,10,896.976723
1.49,11,897.003172
1.58,9,897.02685
-0.72,10,897.055077
1.16,8,897.078421
1.55,10,897.105717
-0.4,11,897.141721
1.14,4,897.155616
1.14,4,897.16879
1.14,4,897.178311
-0.76,6,897.198955
-0.42,13,897.243368
-0.57,12,897.277246
1.14,4,897.290991
1.14,4,897.304283
1.39,8,897.327895
1.14,4,897.339146
1.63,11,897.371461
1.14,4,897.383154
-0.49,9,897.411463
1.59,10,897.444298
1.14,4,897.456828
-0.61,8,897.484618
1.14,4,897.493884
1.61,10,897.525003
-0.56,12,897.567912
-0.59,12,897.60045
1.59,9,897.629207
-0.63,12,897.67247
1.14,4,897.683473
1.14,4,897.695
1.14,4,897.706094
-0.55,10,897.739487
1.14,4,897.752145
-0.55,9,897.773122
1.19,5,897.787963
-0.73,9,897.816007
-0.68,9,897.84886
1.14,4,897.867208
1.14,4,897.880318
1.14,4,897.894172
1.66,10,897.927408
1.14,4,897.938022
-0.46,12,897.977031
-0.47,10,898.00285
-0.66,7,898.022683
1.14,4,898.035053
1.14,4,898.044122
1.14,4,898.055029
-0.48,12,898.109224
-0.61,8,898.138541
-0.14,13,898.17449
-0.64,11,898.2088
1.14,4,898.221805
-0.6,13,898.260727
1.14,4,898.272216
1.14,4,898.283423
1.14,4,898.292725
1.14,4,898.305331
-0.32,11,898.33903
1.58,10,898.366989
1.47,11,898.400793
-0.26,14,898.435598
1.59,12,898.469923
-0.4,13,898.511606
1.14,4,898.525266
1.14,4,898.53824
-1.0,7,898.559306
1.14,4,898.56927
1.14,4,898.583364
-0.77,9,898.611337
1.39,13,898.650318
1.14,4,898.66182
-0.58,10,898.697227
1.81,12,898.729496
-0.59,12,898.757573
1.14,4,898.769277
-0.6,9,898.79805
1.14,4,898.80781
-0.53,10,898.8392
1.44,8,898.864799
1.77,12,898.900041
1.49,9,898.923283
-0.36,12,898.959626
1.65,11,898.996822
-0.52,13,899.034316
1.14,4,899.043403
1.14,4,899.055026
1.14,4,899.065799
1.14,4,899.076309
1.14,4,899.088172
-0.54,9,899.114884
1.14,4,899.123585
-0.65,8,899.150265
-0.43,13,899.18167
-0.66,8,899.203926
1.14,4,899.216205
-0.72,8,899.23956
-0.09,14,899.281429
1.14,4,899.290154
1.14,4,899.302293
1.51,9,899.330264
1.14,4,899.337925
1.14,4,899.348794
1.14,4,899.35986
1.61,9,899.389215
1.51,9,899.418482
-0.42,11,899.454176
-0.41,13,899.49647
1.14,4,899.505862
1.14,4,899.517015
1.14,4,899.52787
1.14,4,899.537538
-0.75,8,899.563354
1.14,4,899.574841
1.14,4,899.587207
1.53,10,899.618983
1.14,4,899.630801
-0.68,9,899.660228
1.14,4,899.672731
1.35,11,899.702172
-0.72,7,899.72552
-0.92,7,899.745863
1.14,4,899.758138
-0.67,8,899.785278
-0.61,8,899.812554
1.14,4,899.822719
-0.12,15,899.861722
-0.48,11,899.899668
1.43,9,899.928408
1.14,4,899.941862
1.55,10,899.97442
1.62,13,900.019987
1.14,4,900.033041
1.14,4,900.045243
1.14,4,900.059695
1.59,12,900.103919
1.33,8,900.130515
-0.61,10,900.161669
-0.61,11,900.190792
-0.67,11,900.275515
1.14,4,900.286469
1.14,4,900.298826
1.55,10,900.326607
1.14,4,900.338241
-0.73,9,900.364956
1.49,11,900.391869
1.14,4,900.403767
1.52,10,900.431529
1.55,11,900.462647
1.14,4,900.474404
-0.71,7,900.492792
1.14,4,900.504631
-0.29,11,900.535872
1.76,11,900.562122
1.29,6,900.576616
-0.59,9,900.600632
-0.82,6,900.618421
1.14,4,900.629354
-0.82,6,900.649583
1.14,4,900.660994
1.85,13,900.698619
-0.34,11,900.733625
-0.56,11,900.767047
-0.82,12,901.499376
1.14,4,901.50887
1.14,4,901.522003
-0.4,13,901.561398
-0.34,14,901.605181
1.14,4,901.61713
-0.61,8,901.647518
1.14,4,901.660672
-0.68,9,901.69348
-0.66,8,901.725178
1.14,4,901.739325
-0.76,6,901.759228
1.14,4,901.769952
-0.58,14,901.80461
1.14,4,901.817747
-0.7,8,901.841995
1.14,4,901.852146
1.66,10,901.882781
1.5,10,901.909701
1.14,4,901.919674
1.65,11,901.946176
-0.21,14,901.980885
-0.19,13,902.014354
1.4,9,902.043122
1.49,11,902.077901
1.61,10,902.111242
1.41,9,902.138534
1.14,4,902.151285
-0.7,11,902.187448
1.14,4,902.199453
1.61,10,902.231522
-0.82,7,902.24938
1.14,4,902.260276
-0.77,7,902.280715
1.14,4,902.292575
1.41,9,902.320212
1.14,4,902.332171
-0.61,8,902.353686
-0.31,12,902.386628
1.14,4,902.398887
1.14,4,902.40943
1.61,10,902.438385
1.14,4,902.451086
-0.59,8,902.477211
1.14,4,902.4929
1.6,11,902.529664
1.14,4,902.541696
-0.37,11,902.581547
-0.81,6,902.603714
1.61,10,902.637052
1.14,4,902.649209
1.14,4,902.661397
-0.77,7,902.683225
-0.83,7,902.705804
-0.78,8,902.735982
-0.71,6,902.756174
1.33,9,902.786409
-0.55,14,902.824174
1.51,12,902.854149
1.14,4,902.867411
-0.72,8,902.897026
1.55,10,902.931615
1.14,4,902.944377
1.14,4,902.9611
-0.67,10,903.000409
-0.76,6,903.018854
1.14,4,903.028617
1.14,4,903.043364
1.14,4,903.055033
1.24,9,903.086515
1.54,11,903.144171
1.14,4,903.159039
1.38,8,903.194499
1.14,4,903.216588
1.19,5,903.237474
-0.33,13,903.29232
-0.76,6,903.312639
-0.67,8,903.340273
-0.33,13,903.407807
1.47,11,903.455258
-0.51,12,903.519437
1.61,9,903.589029
1.14,4,903.608823
-0.82,6,903.630287
1.61,10,903.664714
-0.72,8,903.685593
1.14,4,903.697375
1.71,10,903.726965
-0.56,11,903.773534
1.14,4,903.788429
-0.67,11,903.8258
1.8,11,903.864389
-0.51,11,903.900291
1.14,4,903.916625
-0.54,10,903.956418
1.14,4,903.97063
1.14,4,903.985058
-0.53,11,904.021355
-0.54,9,904.052606
1.14,4,904.067655
1.14,4,904.095927
1.14,4,904.147247
1.14,4,904.166737
1.14,4,904.182261
1.57,12,904.22432
1.14,4,904.236142
1.14,4,904.248894
1.14,4,904.263459
1.14,4,904.275119
-0.62,9,904.325392
-0.49,9,904.364705
1.14,4,904.379177
1.14,4,904.390817
1.53,10,904.438608
1.14,4,904.4554
1.14,4,904.46956
1.75,13,904.510905
1.14,4,904.523957
-0.46,9,904.556157
-0.48,10,904.594925
1.42,10,904.626901
-0.76,6,904.647623
-0.53,11,904.684345
1.14,4,904.696573
1.14,4,904.709211
1.53,10,904.740585
1.14,4,904.752829
1.55,10,904.783761
1.69,11,904.819406
1.14,4,904.835789
-0.36,13,904.893572
1.14,4,904.911424
-0.76,7,904.947401
1.14,4,904.964451
1.14,4,904.979057
1.14,4,904.99248
1.59,11,905.036292
1.63,10,905.068523
1.78,11,905.109476
1.47,9,905.136076
1.14,4,905.152417
1.14,4,905.175184
-0.38,11,905.221569
-0.72,8,905.252888
1.61,10,905.281141
1.14,4,905.291991
-0.43,15,905.342238
-0.43,10,905.383772
1.78,13,905.423783
1.14,4,905.438911
1.55,10,905.492803
1.14,4,905.520959
-0.71,13,905.591401
1.14,4,905.602846
-0.56,8,905.639228
-0.36,14,905.723057
1.14,4,905.742842
1.31,10,905.786151
1.14,4,905.800223
-0.54,11,905.840333
-0.78,8,905.868144
1.55,10,905.902485
1.14,4,905.917218
1.14,4,905.929694
-0.24,12,905.985262
1.14,4,906.000367
-0.65,9,906.031784
1.14,4,906.044249
1.14,4,906.062625
-0.56,8,906.097208
1.14,4,906.11234
1.14,4,906.1289
1.14,4,906.140419
-0.57,9,906.17178
1.14,4,906.184493
-0.63,12,906.224208
-0.39,10,906.258876
1.14,4,906.27097
-0.24,14,906.342839
-0.71,7,906.369019
1.48,10,906.401342
-0.7,11,906.4358
-0.55,10,906.467863
-0.3,13,906.51289
1.55,10,906.546113
1.58,11,906.5897
-0.76,6,906.611096
-0.45,10,906.659328
1.14,4,906.685594
-0.69,7,906.730106
-0.57,13,906.783379
-0.58,10,906.817931
1.14,4,906.837955
1.58,10,906.900161
1.33,8,906.928663
1.14,4,906.943365
-0.45,12,906.980306
1.14,4,906.997414
1.28,10,907.034357
-0.88,7,907.067704
-0.76,6,907.091134
1.14,4,907.104399
1.46,9,907.136854
-0.36,13,907.182851
1.14,4,907.197515
1.61,10,907.226108
1.14,4,907.237301
1.58,10,907.266968
1.14,4,907.279662
1.14,4,907.289049
-0.71,6,907.310279
1.55,10,907.339911
-0.65,8,907.363182
1.52,11,907.394011
1.26,9,907.424831
1.56,9,907.456536
-0.78,8,907.485211
-0.44,13,907.533106
1.14,4,907.550987
1.14,4,907.570637
-0.81,6,907.594345
1.14,4,907.612094
-0.62,9,907.645447
-0.49,9,907.674772
1.14,4,907.687438
1.14,4,907.700025
-0.43,10,907.731604
-0.7,11,907.770644
1.14,4,907.783052
1.14,4,907.7981
1.31,10,907.830776
1.14,4,907.862233
1.48,10,907.981275
1.14,4,907.994284
-0.65,9,908.024391
1.14,4,908.036125
1.14,4,908.050601
1.14,4,908.064595
1.49,11,908.103012
-0.72,8,908.131356
-0.55,11,908.167464
1.14,4,908.17853
1.32,9,908.204666
-0.45,11,908.240875
1.14,4,908.253157
-0.66,8,908.281688
1.14,4,908.292978
1.14,4,908.304381
1.39,10,908.333972
1.66,10,908.365592
-0.78,8,908.395739
1.14,4,908.409408
1.14,4,908.421914
-0.55,11,908.46115
1.14,4,908.472522
-0.76,6,908.495563
1.14,4,908.508268
1.14,4,908.520345
-0.54,9,908.549934
1.14,4,908.563357
1.14,4,908.576261
1.14,4,908.587559
-0.47,10,908.620856
-0.87,8,908.64719
-0.77,10,908.677544
1.14,4,908.692574
1.35,8,908.716126
1.14,4,908.728651
-0.77,7,908.75033
1.14,4,908.763315
1.14,4,908.775064
1.48,9,908.806188
1.14,4,908.818347
1.14,4,908.834095
-0.75,11,908.868581
1.14,4,908.881609
-0.41,9,908.914399
-0.55,11,908.952156
1.14,4,910.056939
-0.77,7,910.090246
1.14,4,910.103887
-0.52,10,910.141848
1.14,4,910.15221
1.14,4,910.164497
-0.76,6,910.181522
-0.68,9,910.208308
1.14,4,910.219843
-0.55,11,910.258645
1.14,4,910.26945
1.29,12,910.298724
-0.89,8,910.322163
-0.42,13,910.367709
-0.45,12,910.403804
-0.31,11,910.445514
1.68,10,910.479706
1.14,4,910.493885
1.61,10,910.528193
1.14,4,910.540225
1.14,4,910.552651
-0.53,13,910.596708
-0.55,9,910.6295
-0.49,12,910.68152
1.78,12,910.722267
1.14,4,910.73652
1.14,4,910.748742
1.56,9,910.779066
1.14,4,910.794589
-0.52,12,910.840816
1.14,4,910.855253
1.64,10,910.892969
1.14,4,910.908854
-0.41,10,910.948756
1.14,4,910.962087
1.14,4,910.975432
1.14,4,910.987964
1.63,10,911.023362
1.14,4,911.035367
1.14,4,911.050428
1.45,9,911.081035
1.66,10,911.12281
1.67,13,911.166655
-0.7,11,911.201767
1.64,10,911.237522
1.4,9,911.273416
1.14,4,911.285993
1.29,7,911.309868
-0.62,14,911.359138
1.14,4,911.373755
-0.67,8,911.405026
-0.78,8,911.428399
-0.45,11,911.46979
1.53,10,911.504291
1.14,4,911.515244
1.14,4,911.529447
1.14,4,911.545214
1.54,9,911.577157
1.66,10,911.613255
-0.51,9,911.646244
1.14,4,911.660292
1.62,11,911.700684
1.14,4,911.719086
-0.74,12,911.764825
-0.78,8,911.797314
1.68,10,911.826452
1.14,4,911.838693
1.14,4,911.852993
1.14,4,911.864992
1.14,4,911.876891
1.54,9,911.930108
1.14,4,911.9542
-0.56,11,912.022237
-0.55,10,912.065961
1.44,10,912.098721
-0.77,9,912.136571
1.14,4,912.148275
1.14,4,912.161526
1.14,4,912.174891
1.14,4,912.190427
-0.48,11,912.232619
1.55,10,912.266168
-0.66,7,912.296581
1.19,5,912.315076
-0.47,11,912.344797
-0.54,11,912.380858
1.14,4,912.392877
1.14,4,912.405598
1.14,4,912.418541
1.14,4,912.431197
1.14,4,912.442399
1.14,4,912.454632
1.14,4,912.464156
1.14,4,912.476419
1.14,4,912.488613
-0.73,9,912.551318
1.47,13,912.608934
1.55,10,912.639777
-0.33,13,912.690156
-0.54,9,912.726672
-0.65,11,912.785666
1.14,4,912.80037
-0.54,9,912.831462
1.14,4,912.853164
-0.45,12,912.913242
1.14,4,912.930262
-0.65,8,912.957798
1.14,4,912.970016
1.14,4,912.981633
1.14,4,912.992589
1.39,13,913.037765
-0.65,12,913.090394
1.14,4,913.103089
1.14,4,913.115188
-0.67,8,913.141929
-0.47,13,913.183546
1.14,4,913.195806
1.47,11,913.230059
-0.52,14,913.275943
1.59,12,913.317633
1.14,4,913.329705
1.14,4,913.341904
1.55,10,913.371413
-0.3,12,913.410882
1.19,5,913.438283
1.14,4,913.464635
1.14,4,913.483758
-0.74,7,913.51163
1.14,4,913.527819
-0.81,5,913.545941
-0.64,8,913.582132
1.14,4,913.592696
1.14,4,913.607751
1.14,4,913.626224
-0.61,8,913.655332
1.66,10,913.690391
1.14,4,913.70398
1.14,4,913.715956
1.14,4,913.730169
1.14,4,913.743017
1.14,4,913.75666
1.14,4,913.768537
-0.37,12,913.808602
1.14,4,913.827092
1.65,11,913.875371
-0.52,10,913.91295
-0.31,13,913.956825
-0.77,7,913.991127
1.14,4,914.016717
1.14,4,914.034799
-0.61,10,914.07335
-0.38,13,914.114616
1.14,4,914.126945
-0.63,10,914.176509
-0.67,8,914.20941
1.14,4,914.221767
1.14,4,914.240299
1.14,4,914.255662
1.64,10,914.306196
1.14,4,914.321003
-0.7,7,914.357929
-0.64,12,914.395159
-0.45,12,914.431715
1.46,8,914.522905
1.14,4,914.551806
1.14,4,914.568114
1.14,4,914.579458
-0.72,7,914.605484
-0.18,14,914.641695
1.14,4,914.652303
-0.6,11,914.688616
1.14,4,914.696749
-0.57,9,914.728114
-0.61,13,914.761646
1.66,10,914.794744
1.61,11,914.828999
1.14,4,914.840945
1.14,4,914.853801
1.3,8,914.875874
-0.73,9,914.901976
-0.76,6,914.922224
-0.49,9,914.951856
1.14,4,914.963579
1.63,10,914.991311
-0.76,8,915.01457
-0.7,11,915.054602
1.54,9,915.089112
-0.69,8,915.120734
-0.48,11,915.1637
1.14,4,915.176194
1.14,4,915.187576
1.14,4,915.20013
1.59,10,915.23727
-0.44,9,915.267925
-0.29,11,915.307899
1.14,4,915.322233
1.55,10,915.362407
-0.72,10,915.399775
1.14,4,915.417053
1.14,4,915.429347
1.14,4,915.445209
1.14,4,915.461667
-0.54,12,915.512894
-0.76,6,915.537227
1.74,14,915.582364
-0.64,11,915.61337
-0.53,11,915.649701
1.14,4,915.659178
1.35,12,915.693995
-0.76,6,915.713372
-0.83,10,915.746029
1.14,4,915.756234
1.14,4,915.768085
1.48,12,915.800137
1.52,11,915.82788
-0.71,7,915.848212
1.44,9,915.87374
1.14,4,915.88631
1.34,7,915.905374
-0.69,8,915.932816
1.14,4,915.943486
1.14,4,915.956442
1.48,10,915.992032
1.41,11,916.02318
1.14,4,916.034876
1.14,4,916.04592
1.14,4,916.055312
-0.77,7,916.074342
-0.67,8,916.101613
1.75,13,916.138814
1.61,10,916.168721
1.53,10,916.199758
-0.71,6,916.215601
-0.51,12,916.299474
1.14,4,916.323671
1.14,4,916.337154
1.14,4,916.350975
1.66,10,916.377563
-0.67,11,916.406914
-0.47,10,916.438364
-0.66,9,916.466364
-0.51,9,916.49445
1.14,4,916.504382
1.14,4,916.516209
1.14,4,916.527652
-0.76,6,916.542882
-0.43,14,916.583956
1.14,4,916.592716
-0.43,12,916.629755
1.14,4,916.641474
1.14,4,916.654262
-0.45,11,916.690554
-0.61,8,916.715925
-0.22,13,916.753696
-0.6,9,916.778154
1.14,4,916.790065
1.31,10,916.822146
1.51,9,916.850548
1.14,4,916.86209
1.14,4,916.871475
1.14,4,916.883026
-0.75,7,916.906639
1.14,4,916.919702
1.63,11,916.951653
1.55,10,916.976222
1.14,4,916.988543
1.58,9,917.017504
1.61,13,917.05845
1.66,10,917.103992
-0.7,8,917.140502
1.14,4,917.156523
1.58,11,917.203474
-0.76,6,917.222728
-0.65,9,917.252512
-0.29,13,917.293946
1.14,4,917.308961
1.14,4,918.137817
1.14,4,918.146764
-0.4,11,918.17912
1.71,11,918.213868
-0.44,13,918.251588
-0.71,7,918.27321
-0.65,9,918.304139
1.14,4,918.315633
-0.73,8,918.340771
1.59,9,918.371117
-0.67,8,918.395069
1.14,4,918.406818
1.14,4,918.418774
-0.6,10,918.449558
-0.8,6,918.466582
1.14,4,918.477508
1.14,4,918.488432
1.14,4,918.501519
1.14,4,918.512197
1.14,4,918.523816
-0.55,9,918.552029
1.71,10,918.583277
-0.83,7,918.606329
-0.31,13,918.645155
1.14,4,918.657008
1.14,4,918.669711
1.76,11,918.702116
-0.61,8,918.727628
1.49,9,918.75004
1.14,4,918.761376
-0.76,6,918.781958
1.14,4,918.794381
1.14,4,918.80488
1.56,9,918.832988
1.56,9,918.863164
-0.61,8,918.890833
1.4,9,918.919462
1.59,9,918.949207
1.14,4,918.960816
1.14,4,918.97052
1.14,4,918.981475
-0.76,6,919.000692
-0.75,7,919.021003
-0.55,10,919.052216
-0.61,10,919.086191
-0.5,10,919.117117
1.65,12,919.150258
1.44,9,919.178176
1.14,4,919.188419
1.14,4,919.199276
1.14,4,919.21171
-0.81,6,919.232937
1.14,4,919.245914
-0.54,9,919.271971
1.14,4,919.28427
-0.55,10,919.309767
1.14,4,919.320065
-0.61,11,919.355049
1.14,4,919.368001
-0.66,10,919.401151
-1.01,8,919.423167
1.55,10,919.456269
1.63,10,919.488089
-0.4,11,919.525274
1.61,10,919.55166
-0.39,11,919.582386
-0.69,12,919.618661
-0.56,9,919.649466
1.37,10,919.679586
-0.35,16,919.726114
1.14,4,919.738201
1.14,4,919.750727
-0.6,10,919.781094
1.14,4,919.791469
-0.46,9,919.821185
1.49,11,919.856787
1.14,4,919.868036
-0.57,11,919.90171
1.42,10,919.924156
-0.52,11,919.957942
1.64,10,919.986982
1.14,4,919.999419
-0.64,13,920.041354
1.66,10,920.070235
-0.69,7,920.092621
-0.66,8,920.117642
1.14,4,920.126612
1.14,4,920.137645
1.14,4,920.149801
1.59,10,920.176285
-0.63,12,920.2091
1.14,4,920.218318
1.53,10,920.246829
1.14,4,920.259886
1.59,9,920.290215
1.14,4,920.30381
1.49,11,920.332908
1.14,4,920.344194
1.14,4,920.359564
1.14,4,920.374735
-0.61,11,920.410268
1.14,4,920.493705
1.46,9,920.525283
1.14,4,920.537132
-0.6,12,920.574635
-0.5,11,920.608101
1.14,4,920.620758
1.14,4,920.631258
1.14,4,920.641985
1.27,9,920.668087
-0.66,7,920.691109
1.19,5,920.706588
1.71,11,920.743116
-0.65,9,920.833423
1.14,4,920.848157
-0.49,13,920.890816
1.14,4,920.899327
1.14,4,920.911781
-0.68,12,920.9465
1.14,4,920.954987
1.52,11,920.986076
-0.35,15,921.029805
1.5,10,921.060689
-0.47,12,921.093031
1.14,4,921.104889
1.14,4,921.115803
-0.55,10,921.141574
1.14,4,921.150962
1.14,4,921.163126
1.14,4,921.173726
1.14,4,921.185464
-0.59,11,921.214982
1.14,4,921.225979
1.14,4,921.237839
1.14,4,921.250129
-0.35,12,921.285637
-0.64,10,921.314224
1.54,11,921.348705
1.14,4,921.360361
-0.23,13,921.399818
1.28,8,921.424122
1.5,10,921.450774
1.14,4,921.463017
1.14,4,921.476358
1.14,4,921.488284
1.14,4,921.50016
1.14,4,921.510885
-0.39,10,921.542437
1.54,12,921.569997
1.49,10,921.601206
1.14,4,921.610533
1.66,10,921.63908
1.14,4,921.649747
1.14,4,921.662142
1.14,4,921.673603
-0.61,8,921.700198
1.14,4,921.71153
-0.61,11,921.742987
1.14,4,921.75347
-0.45,14,921.798134
1.14,4,921.8132
-0.65,8,921.839969
-0.81,7,921.869014
1.14,4,921.886572
-0.76,6,921.92819
1.14,4,921.94887
1.14,4,921.970195
1.37,10,922.017161
1.58,10,922.050248
1.61,10,922.080507
-0.64,8,922.104565
1.14,4,922.118658
-0.52,10,922.152811
1.14,4,922.165104
1.14,4,922.178262
1.63,10,922.204482
-0.61,14,922.251148
1.14,4,922.265125
-0.51,10,922.305707
-0.66,10,922.33569
-0.62,9,922.365501
1.59,10,922.394139
-0.68,9,922.422713
-0.6,9,922.449143
-0.89,8,922.477107
1.14,4,922.489115
-0.66,10,922.522317
-0.57,10,922.558182
1.14,4,922.569892
1.66,10,922.602937
1.14,4,922.61493
-0.5,11,922.651249
-0.41,13,922.685444
1.14,4,922.698005
1.6,11,922.730243
-0.68,9,922.75488
-0.78,8,922.780685
-0.76,6,922.797302
-0.39,11,922.831221
1.14,4,922.839406
1.14,4,922.851961
-0.64,11,922.886785
-0.69,8,922.906609
1.14,4,922.918225
1.14,4,922.929679
1.14,4,922.939642
1.14,4,922.949651
1.14,4,922.961844
-0.32,11,922.992911
1.14,4,923.001963
-0.54,9,923.026314
1.14,4,923.037911
1.14,4,923.048337
1.55,10,923.078116
-0.45,11,923.112871
1.14,4,923.12489
-0.47,11,923.154437
1.43,9,923.179049
1.14,4,923.190623
-0.52,9,923.219538
1.14,4,923.231736
1.6,11,923.265141
1.14,4,923.277316
1.55,10,923.304932
1.14,4,923.318527
-0.72,8,923.345836
1.64,10,923.371732
1.14,4,923.383149
1.14,4,923.395066
1.14,4,923.403151
-0.44,10,923.434983
-0.54,11,923.469324
1.14,4,923.482202
1.65,11,923.517859
-0.26,15,923.561854
1.14,4,923.573192
-0.38,12,923.605381
1.14,4,923.616054
1.66,10,923.643405
1.66,10,923.668743
-0.4,11,923.700585
-0.59,10,923.730493
1.66,10,923.762761
1.14,4,923.774186
-0.55,13,923.810866
1.14,4,923.819904
1.14,4,923.833533
1.14,4,923.845382
-0.85,9,923.922814
1.56,9,923.947329
1.14,4,923.960314
-0.22,13,923.996193
1.14,4,924.00358
-0.66,7,924.020813
1.49,9,924.043608
-0.6,10,924.072698
1.14,4,924.082039
-0.76,6,924.100709
1.14,4,924.112929
1.14,4,924.124906
1.55,10,924.151534
1.14,4,924.162703
1.14,4,924.173467
-0.71,7,924.196305
1.14,4,924.207832
1.14,4,924.218217
-0.32,11,924.249407
1.14,4,924.260681
-0.39,11,924.297059
-0.71,7,924.321559
-0.38,13,924.361045
-0.65,8,924.384536
-0.82,7,924.404235
1.14,4,924.415755
1.14,4,924.427468
1.14,4,924.43887
-0.76,6,924.458758
-0.8,10,924.487009
1.14,4,924.499765
-0.49,14,925.214231
1.14,4,925.22278
-0.76,6,925.243464
1.35,9,925.266417
1.42,10,925.295411
1.14,4,925.306796
-0.77,7,925.330771
1.59,9,925.352993
-0.56,10,925.390456
1.61,10,925.442509
1.66,10,925.61759
1.14,4,925.638678
1.14,4,925.661222
1.14,4,925.685708
-0.64,8,925.733606
-0.44,9,925.791661
1.14,4,925.818944
1.14,4,925.844053
-0.44,9,925.899845
1.81,12,925.937705
1.14,4,925.950486
-0.47,10,925.983264
1.14,4,925.994044
-0.55,9,926.01928
1.61,9,926.047898
1.56,13,926.086862
1.14,4,926.099023
1.14,4,926.110085
1.14,4,926.122173
-0.76,6,926.142591
-0.67,10,926.17356
1.68,10,926.208256
1.14,4,926.220649
1.55,10,926.253758
-0.73,9,926.286171
-0.77,7,926.309033
1.14,4,926.320097
1.55,11,926.353803
1.39,8,926.377931
1.58,9,926.406044
1.49,9,926.431551
1.52,11,926.46603
1.5,10,926.494024
1.14,4,926.504224
1.14,4,926.516531
-0.65,8,926.542398
1.48,10,926.565808
1.14,4,926.576616
1.14,4,926.587707
1.61,10,926.616977
1.14,4,926.628201
-0.29,13,926.661334
1.14,4,926.669844
1.14,4,926.681338
1.52,11,926.709844
1.59,9,926.73681
-0.65,10,926.765742
-0.76,6,926.782633
1.57,12,926.81299
1.7,12,926.847816
-0.58,11,926.881464
1.14,4,926.89306
-0.5,11,926.93771
1.71,10,926.978505
-0.83,7,927.011817
1.39,8,927.038495
1.49,11,927.075581
1.14,4,927.084077
1.14,4,927.096845
1.14,4,927.109948
1.14,4,927.121451
1.14,4,927.134082
-0.69,10,927.166942
-0.52,13,927.208965
1.14,4,927.222769
1.14,4,927.231828
-0.49,9,927.258542
1.14,4,927.270145
1.34,9,927.299526
1.14,4,927.313043
1.58,10,927.342886
-0.87,5,927.356993
-0.5,11,927.388995
1.14,4,927.398114
1.44,11,927.430861
1.14,4,927.442273
1.55,10,927.470676
-0.64,7,927.494359
-0.41,10,927.530117
1.41,11,927.565732
1.14,4,927.576517
1.14,4,927.588435
1.66,11,927.623467
1.14,4,927.631536
1.14,4,927.646029
1.65,12,927.681383
1.14,4,927.691461
-0.76,6,927.711209
-0.76,6,927.73218
1.14,4,927.745387
1.14,4,927.758823
1.14,4,927.767829
-0.66,7,927.791074
1.14,4,927.802426
1.14,4,927.812189
-0.61,11,927.847042
1.19,5,927.862586
1.42,10,927.890326
1.14,4,927.898931
1.65,11,928.05849
1.4,9,928.081545
1.53,10,928.111345
1.14,4,928.123311
1.6,11,928.156072
-0.49,9,928.183512
-0.62,10,928.217366
-0.74,11,928.249395
-0.62,12,928.289963
1.38,9,928.317758
1.14,4,928.328173
1.56,9,928.354786
1.14,4,928.362574
-0.63,10,928.395127
-0.67,8,928.420943
-0.47,10,928.448961
1.14,4,928.45966
-0.61,8,928.483931
-0.64,14,928.517418
1.61,10,928.548499
-0.39,10,928.579482
1.14,4,928.590372
-0.76,6,928.612471
1.66,10,928.646726
1.66,10,928.676087
1.19,5,928.691995
1.14,4,928.704733
-0.43,11,928.736867
1.6,11,928.762093
1.35,8,928.783391
1.66,10,928.817027
-0.48,10,928.848454
1.14,4,928.860331
-0.78,10,928.893201
-0.61,11,928.927343
-0.7,11,928.95549
1.72,12,928.992894
1.14,4,929.004508
1.14,4,929.013246
1.49,11,929.048341
-0.78,8,929.069742
1.14,4,929.08135
-0.49,12,929.114193
-0.47,11,929.150676
1.14,4,929.162338
1.14,4,929.174989
1.14,4,929.184599
1.14,4,929.194443
1.54,11,929.227857
1.52,10,929.265106
-0.62,10,929.300063
1.68,10,929.333423
1.14,4,929.344724
-0.55,11,929.378633
1.14,4,929.38929
1.14,4,929.401322
1.44,11,929.430164
1.56,9,929.460615
1.6,11,929.494714
-0.53,11,929.537391
-0.55,12,929.584099
1.14,4,929.597819
1.14,4,929.613622
-0.48,11,929.653054
1.19,5,929.66387
1.14,4,929.676088
1.14,4,929.686533
-0.76,11,929.72018
1.54,11,929.75098
1.55,14,929.792349
1.14,4,929.801176
1.14,4,929.813746
-0.62,9,929.844494
-0.54,10,929.877162
-0.4,11,929.907423
1.55,10,929.939647
1.14,4,929.947626
1.53,10,929.979896
-0.61,10,930.012017
1.61,10,930.04066
-0.55,9,930.074087
-0.62,14,930.118067
1.14,4,930.127704
1.5,10,930.156865
-0.75,11,930.192236
1.14,4,930.203763
1.14,4,930.213491
1.46,8,930.239896
-0.56,8,930.272557
-0.71,7,930.305809
1.14,4,930.322836
1.14,4,930.339009
1.14,4,930.35102
1.73,15,930.403173
1.14,4,930.413229
1.14,4,930.430469
1.6,11,930.471451
1.59,10,930.512671
-0.34,10,930.545995
1.14,4,930.55806
1.13,6,930.586984
-0.54,9,930.624696
1.14,4,930.662054
-0.76,6,930.694255
1.14,4,930.713553
1.47,11,930.796932
1.56,9,930.827923
1.7,14,930.872738
1.14,4,930.8807
1.14,4,930.893116
-0.41,10,930.925778
1.47,11,930.957802
1.46,8,930.985819
-0.24,11,931.022373
1.14,4,931.033382
-0.23,13,931.078474
1.14,4,931.091888
-0.62,10,931.130605
-0.76,6,931.148973
1.66,10,931.178135
1.58,11,931.213012
1.14,4,931.225082
-0.81,8,931.254845
1.14,4,931.264108
1.14,4,931.27785
1.14,4,931.290547
1.14,4,931.302985
-0.29,11,931.337948
1.5,10,931.362836
1.14,4,931.376684
1.51,9,931.408913
1.14,4,931.41884
1.14,4,931.42754
1.36,8,931.449389
1.14,4,931.462317
1.14,4,931.525162
1.39,8,931.556727
-0.74,6,931.575568
-0.59,8,931.603405
1.14,4,931.614125
1.53,10,931.725378
1.14,4,931.758957
-0.64,10,931.821983
1.14,4,931.845963
1.14,4,931.870414
1.14,4,931.896745
1.14,4,931.921918
1.14,4,931.942769
-0.66,7,931.980201
-0.43,12,932.041064
-0.65,9,932.074449
-0.67,8,932.099247
1.32,9,932.138411
-0.63,9,932.182439
1.14,4,932.203923
1.14,4,932.220603
-0.48,14,932.281756
1.14,4,932.295213
1.14,4,932.308385
1.14,4,932.32214
-0.37,10,932.358191
-0.37,10,932.396665
1.42,10,932.430247
1.47,11,933.644761
1.53,10,933.675395
1.14,4,933.68893
1.14,4,933.701984
-0.82,6,933.723187
1.14,4,933.736045
-0.58,11,933.765305
1.14,4,933.775373
1.14,4,933.787197
1.14,4,933.79678
1.29,9,933.824699
1.4,9,933.852326
1.66,10,933.885889
1.14,4,933.896845
1.62,11,933.930405
1.14,4,933.941391
-0.33,12,933.975172
-0.77,7,934.000957
1.56,9,934.033104
1.14,4,934.045293
-0.47,13,934.088143
1.14,4,934.103794
1.32,9,934.136288
1.4,9,934.164048
1.14,4,934.175545
1.6,12,934.219703
1.14,4,934.236132
1.44,9,934.26578
-0.58,12,934.302235
-0.57,11,934.344363
1.85,14,934.394715
1.47,11,934.438105
1.14,4,934.449946
1.14,4,934.462535
-0.67,8,934.492779
-0.24,11,934.533628
-0.42,9,934.566251
1.14,4,934.57883
1.14,4,934.592217
1.61,10,934.630859
1.14,4,934.643994
-0.53,11,934.68673
-0.77,7,934.710917
-0.55,10,934.747629
-0.61,13,934.789175
1.53,10,934.820827
1.14,4,934.834085
0.06,15,934.88514
1.2,10,934.917762
1.14,4,934.930139
1.52,11,934.964926
1.66,10,935.001276
1.33,10,935.037303
-0.5,10,935.068559
-0.3,12,935.111106
1.5,10,935.143547
1.56,9,935.174705
-0.46,12,935.220072
1.14,4,935.235106
-0.76,6,935.254648
1.14,4,935.267201
1.6,11,935.302694
1.14,4,935.312214
-0.6,10,935.342875
-0.77,10,935.376803
-0.66,7,935.400405
1.14,4,935.412932
1.19,5,935.429615
-0.76,6,935.450884
1.14,4,935.462909
1.37,10,935.49613
1.14,4,935.509917
1.14,4,935.522526
1.66,10,935.549963
1.14,4,935.558651
1.65,13,935.587124
1.14,4,935.598707
1.14,4,935.60704
1.56,9,935.636094
1.64,10,935.667258
1.61,10,935.699287
1.14,4,935.71039
1.14,4,935.720757
1.14,4,935.730914
1.48,10,935.756778
-0.71,7,935.780308
1.14,4,935.790079
1.14,4,935.80096
1.44,11,935.832541
1.14,4,935.840491
-0.57,8,935.866911
1.46,8,935.8902
1.59,9,935.917485
1.14,4,935.925131
1.14,4,935.936836
-0.71,7,935.958714
1.14,4,935.970714
1.45,11,936.005103
1.14,4,936.017557
1.68,10,936.048993
1.14,4,936.057607
1.14,4,936.068349
-0.39,10,936.098881
-0.91,6,936.114516
1.58,9,936.134164
1.14,4,936.142377
1.14,4,936.154363
1.71,10,936.188231
-0.33,12,936.299827
1.66,10,936.33883
1.14,4,936.351163
1.69,14,936.395963
1.14,4,936.406753
1.49,9,936.437111
-0.71,7,936.472514
1.36,10,936.518932
-0.47,10,936.561527
1.43,10,936.599228
-0.66,7,936.621003
1.14,4,936.633855
1.14,4,936.647463
-0.73,9,936.679607
1.14,4,936.688912
1.14,4,936.702955
1.14,4,936.715999
1.39,8,936.738573
-0.62,9,936.770915
1.14,4,936.780798
-0.7,8,936.806566
-0.78,12,936.857237
1.14,4,936.872279
1.42,11,936.908928
-0.8,7,936.92931
1.14,4,936.940894
-0.4,13,936.981429
-0.62,12,937.015842
1.55,10,937.04284
1.4,9,937.072099
1.14,4,937.087804
1.14,4,937.107771
-0.73,9,937.203755
-0.67,8,937.248984
1.37,10,937.279621
-0.49,10,937.310921
1.44,8,937.338681
-0.77,7,937.363322
1.42,10,937.391581
1.32,9,937.421336
-0.77,7,937.446023
1.7,12,937.482014
-0.42,12,937.513025
1.55,10,937.544847
-0.45,14,937.579407
1.14,4,937.58807
1.47,11,937.624941
1.14,4,937.637147
1.14,4,937.650327
1.56,9,937.6819
-0.8,10,937.7158
1.14,4,937.72871
1.14,4,937.741178
1.14,4,937.751809
-0.77,7,937.769933
1.14,4,937.781727
1.14,4,937.793895
1.14,4,937.806857
1.53,9,937.838274
1.14,4,937.851576
1.14,4,937.861536
1.37,10,937.890245
1.14,4,937.903678
-0.78,8,937.934072
-0.66,10,937.960959
1.71,10,937.988379
-0.54,8,938.01649
-0.83,7,938.037364
-0.83,7,938.057169
1.14,4,938.069791
1.14,4,938.08222
1.14,4,938.093701
1.58,13,938.129553
-0.62,9,938.158063
1.38,9,938.187846
-0.73,9,938.218756
1.14,4,938.230515
1.62,12,938.268854
-0.63,10,938.302266
1.55,12,938.336229
1.27,8,938.36264
1.14,4,938.374139
1.14,4,938.386556
1.14,4,938.3988
-0.46,10,938.4296
1.14,4,938.440716
-0.21,15,938.489136
1.7,12,938.525826
1.14,4,938.537474
1.42,10,938.568743
1.14,4,938.579798
-0.62,9,938.608499
1.45,9,938.632285
1.14,4,938.643711
1.66,10,938.675328
1.14,4,938.687717
-0.77,7,938.713337
1.54,9,938.743643
-0.79,10,938.771933
1.14,4,938.784383
-0.81,6,938.806331
1.14,4,938.821562
-0.65,8,938.853417
1.61,10,938.881444
1.42,10,938.911947
1.14,4,938.924235
-0.86,5,938.942371
1.14,4,938.955671
1.14,4,938.967699
1.14,4,938.980782
-0.66,7,939.006304
1.56,9,939.035761
1.14,4,939.047859
1.71,11,939.080998
-0.67,10,939.113847
1.45,10,939.144362
-0.51,9,939.176126
1.14,4,939.186912
-0.59,8,939.219471
-0.64,11,939.255973
-0.58,10,939.292324
1.14,4,939.303603
1.42,9,939.33408
1.53,10,939.36191
1.14,4,939.372785
1.14,4,939.384765
1.14,4,939.396775
1.14,4,939.408249
-0.42,9,939.432271
-0.33,11,939.462196
-0.76,6,939.483302
-0.58,10,939.515826
1.14,4,939.528317
1.65,11,939.56292
-0.71,6,939.579861
1.54,12,939.607962
1.6,11,939.636689
1.14,4,939.649454
1.14,4,939.661621
1.6,11,939.741636
1.14,4,939.762846
-0.6,8,939.794798
-0.88,6,939.814436
1.43,10,939.843941
1.19,5,939.858514
1.14,4,939.870012
1.14,4,939.881909
-0.37,12,939.923229
-0.9,9,939.947733
1.48,8,939.97207
1.14,4,939.985104
-0.29,11,940.014202
-0.49,13,940.042928
-0.8,10,940.072575
1.14,4,940.08475
1.7,11,940.11828
-0.71,6,940.135135
1.14,4,940.14831
1.67,12,940.183722
1.66,10,940.214639
1.14,4,940.226753
-0.79,9,940.252596
-0.55,9,940.282573
1.14,4,940.294997
-0.55,13,940.330471
1.14,4,941.114358
1.19,5,941.129344
1.14,4,941.142716
1.53,10,941.176015
1.14,4,941.189965
-0.8,10,941.220581
1.14,4,941.233521
1.14,4,941.245358
-0.73,10,941.27894
-0.73,8,941.305212
1.5,10,941.350983
1.14,4,941.366693
-0.7,9,941.395703
1.14,4,941.408455
1.14,4,941.421087
1.14,4,941.436694
1.14,4,941.450767
1.19,5,941.469898
-0.69,10,941.506412
-0.54,11,941.54475
-0.44,10,941.581306
1.68,11,941.61946
-0.25,14,941.667791
1.14,4,941.67879
-0.59,13,941.787917
1.55,10,941.830755
1.66,10,941.880324
1.71,10,941.961689
1.57,11,942.029673
-0.63,10,942.064873
1.14,4,942.077654
1.14,4,942.088839
-0.4,12,942.131928
1.38,9,942.165942
1.47,10,942.211099
1.14,4,942.226226
1.14,4,942.239608
1.14,4,942.252492
1.65,11,942.292955
1.14,4,942.302316
-0.76,6,942.323736
-0.32,12,942.36781
-0.39,13,942.411726
1.14,4,942.420092
1.14,4,942.432374
1.14,4,942.446939
-0.37,11,942.492998
-0.29,11,942.520221
1.65,11,942.554131
1.14,4,942.56495
1.56,9,942.5948
1.39,10,942.622518
1.14,4,942.632945
1.14,4,942.645148
1.14,4,942.656423
-0.71,6,942.677229
1.77,12,942.716295
1.14,4,942.72787
1.14,4,942.738882
1.59,9,942.770089
1.14,4,942.782835
1.46,12,942.819054
-0.76,6,942.841223
1.66,10,942.868862
1.38,9,942.89716
-0.55,10,942.929352
-0.79,6,942.950502
-0.6,9,942.981199
-0.46,10,943.016309
1.56,9,943.037973
-0.66,7,943.063882
1.59,10,943.092596
1.14,4,943.101361
1.56,9,943.126098
-0.4,11,943.160815
-0.62,9,943.181137
1.56,9,943.21258
1.14,4,943.223402
-0.38,11,943.253687
1.14,4,943.267361
1.14,4,943.279408
1.14,4,943.289701
1.14,4,943.298269
1.14,4,943.310014
1.14,4,943.321675
1.14,4,943.334073
1.14,4,943.346445
-0.42,9,943.377416
-0.66,10,943.410162
1.14,4,943.42216
1.36,11,943.451305
1.63,10,943.482969
1.14,4,943.49497
1.14,4,943.507471
-0.58,9,943.532818
1.14,4,943.545853
-0.72,8,943.575578
1.14,4,943.584426
1.14,4,943.596778
-0.37,10,943.630523
1.14,4,943.641429
-0.77,9,943.673406
1.58,10,943.704986
1.66,14,943.74662
1.14,4,943.757015
1.19,5,943.772412
1.53,10,943.803762
-0.68,9,943.834919
1.24,8,943.861739
-0.81,11,943.894001
1.14,4,943.902855
-0.47,13,943.946147
1.14,4,943.957239
1.52,11,943.984641
-0.58,10,944.015504
-0.59,8,944.033891
1.56,9,944.06218
-0.6,9,944.089229
1.14,4,944.10115
1.14,4,944.113549
1.64,10,944.198922
1.45,10,944.229721
-0.78,10,944.260962
-0.48,11,944.295226
1.14,4,944.310267
1.14,4,944.322734
-0.36,13,944.373956
1.14,4,944.382777
1.61,10,944.410832
1.14,4,944.423788
-0.49,10,944.467253
1.13,6,944.487051
1.22,8,944.50601
-0.76,6,944.526765
-0.77,7,944.54709
-0.51,10,944.592325
1.43,9,944.616051
1.14,4,944.628608
-0.76,6,944.648643
1.56,10,944.682837
1.14,4,944.694614
1.55,10,944.724066
-0.52,10,944.756506
1.14,4,944.767754
-0.67,11,944.798752
-0.84,9,944.829061
-0.58,11,944.863122
1.14,4,944.875387
-0.71,6,944.896766
1.55,10,944.927174
1.14,4,944.937278
-0.46,9,944.972554
1.71,11,945.006956
1.14,4,945.017654
-0.62,8,945.05044
1.14,4,945.065027
-0.62,9,945.09482
1.14,4,945.107525
-0.59,8,945.202898
1.14,4,945.215797
1.14,4,945.227919
1.14,4,945.240507
-0.31,11,945.278078
1.14,4,945.290112
1.61,9,945.314754
1.3,9,945.342968
1.35,9,945.374351
1.56,10,945.407608
1.14,4,945.419907
1.14,4,945.433745
-0.53,10,945.467514
1.14,4,945.480154
-0.37,11,945.514935
1.68,10,945.546651
1.14,4,945.560188
-0.08,17,945.605727
1.54,10,945.638453
-0.83,8,945.663885
-0.47,12,945.702824
1.14,4,945.713052
1.59,9,945.739669
1.14,4,945.74985
1.14,4,945.765066
1.14,4,945.779557
1.14,4,945.796358
1.54,11,945.831886
1.14,4,945.844043
1.14,4,945.857145
1.66,10,945.893913
1.34,7,945.917345
-0.57,9,945.94636
1.66,10,945.980228
1.14,4,945.992544
-0.71,7,946.015565
1.39,8,946.060496
1.14,4,946.074156
1.14,4,946.089448
-0.63,9,946.123466
1.14,4,946.132581
-0.72,7,946.155659
1.14,4,946.168648
-0.63,10,946.207623
1.14,4,946.21612
1.64,10,946.249952
-0.77,7,946.274774
1.57,11,946.309883
1.14,4,946.322495
-0.79,9,946.348916
1.5,10,946.382381
1.51,9,946.411832
1.14,4,946.42664
1.14,4,946.440764
-0.6,10,946.4725
1.14,4,946.484334
1.14,4,946.495137
1.14,4,946.507944
1.14,4,946.517541
1.14,4,946.528229
-0.17,12,946.563183
1.14,4,946.575884
-0.64,11,946.60806
1.14,4,946.619215
-0.47,13,946.658456
1.14,4,946.67193
1.48,10,946.7063
1.55,11,946.738424
-0.61,10,946.77747
1.14,4,946.788833
1.14,4,946.800221
1.14,4,946.812448
1.57,10,946.841654
-0.29,17,946.892766
1.66,10,946.923563
1.57,11,946.958983
1.14,4,946.971684
1.14,4,946.983692
1.14,4,946.994319
1.37,10,947.024986
-0.82,11,947.05492
1.14,4,947.067071
-0.7,8,947.094193
1.58,11,947.127466
1.14,4,947.139818
1.71,10,947.17321
1.47,11,947.20331
1.19,5,947.217852
-0.39,10,947.248826
-0.59,12,947.287835
-0.66,8,947.316002
-0.78,8,947.338387
-0.45,11,947.368259
1.14,4,947.381556
1.14,4,947.394855
1.14,4,947.407362
1.14,4,947.418141
-0.54,12,947.457908
1.14,4,947.470421
1.42,10,947.499708
-0.59,8,947.52095
1.14,4,947.5317
1.38,9,947.559405
1.45,10,947.591827
1.14,4,947.602838
-0.67,8,947.675232
1.37,10,947.71313
-0.62,9,947.742011
1.14,4,947.753667
-0.3,15,947.799652
-0.48,13,947.836632
1.44,11,947.870895
-0.65,9,947.894093
1.14,4,947.904528
1.14,4,947.915851
1.14,4,947.927721
-0.46,11,947.964565
1.7,11,948.847208
1.14,4,948.858865
1.14,4,948.873768
-0.43,10,948.909343
-0.59,9,948.940085
1.14,4,948.951658
1.14,4,948.96238
-0.52,9,948.990859
-0.66,7,949.018407
1.14,4,949.028174
-0.68,9,949.058566
-0.71,12,949.098009
1.71,10,949.129766
1.43,10,949.157691
1.63,10,949.189673
1.8,13,949.2296
-0.73,9,949.258466
1.14,4,949.271619
-0.5,11,949.303262
1.53,14,949.341883
1.66,10,949.377451
1.73,11,949.41224
1.14,4,949.425208
1.55,10,949.456377
-0.83,7,949.476071
1.71,11,949.507528
1.14,4,949.51606
1.68,10,949.549505
1.14,4,949.559839
1.14,4,949.571276
1.14,4,949.582731
-0.65,9,949.612252
1.14,4,949.624178
-0.42,13,949.662801
1.44,8,949.683185
-0.83,7,949.706892
-0.86,5,949.723326
1.14,4,949.735714
-0.92,7,949.7555
-0.46,12,949.791488
1.59,11,949.823534
-0.43,10,949.853221
-0.45,10,949.883798
1.14,4,949.892165
-0.55,13,949.926217
1.66,10,949.958086
1.14,4,949.969179
1.46,9,949.992831
-0.72,7,950.012688
1.14,4,950.023109
-0.79,9,950.053233
1.14,4,950.064678
-0.77,7,950.083678
1.14,4,950.094822
1.14,4,950.106154
-0.33,14,950.147059
-0.74,7,950.170302
1.14,4,950.181864
1.14,4,950.191536
-0.77,7,950.209409
1.14,4,950.221011
1.75,11,950.254513
1.14,4,950.262902
-0.67,8,950.287806
1.14,4,950.299242
-0.67,8,950.320278
-0.71,9,950.347515
-0.45,14,950.377424
-0.5,10,950.410358
-0.35,14,950.451885
1.14,4,950.463453
1.14,4,950.474391
1.14,4,950.485348
1.14,4,950.495573
-0.35,12,950.531073
1.14,4,950.543072
1.19,5,950.558359
1.14,4,950.569132
1.14,4,950.580197
-0.94,7,950.600378
1.14,4,950.611014
1.66,10,950.642017
1.14,4,950.653391
1.14,4,950.664646
1.6,11,950.696666
-0.72,7,950.720123
1.58,11,950.752841
-0.61,11,950.780246
1.74,14,950.822334
1.14,4,950.831194
1.14,4,950.842814
1.62,11,950.877353
1.56,10,950.903493
-0.66,9,950.925999
-0.78,11,950.956681
-0.44,11,950.989506
1.45,10,951.021098
1.14,4,951.032929
1.43,10,951.058282
1.64,10,951.088438
-0.55,9,951.114488
-0.61,11,951.14886
-0.56,11,951.177035
1.14,4,951.190143
-0.55,10,951.22187
1.14,4,951.229025
1.14,4,951.240354
1.14,4,951.250674
-0.76,6,951.268741
1.14,4,951.278787
1.42,10,951.304575
1.14,4,951.314604
1.65,11,951.346545
1.14,4,951.354999
-0.76,6,951.374089
1.52,11,951.406907
1.14,4,951.417698
-0.49,13,951.45306
1.14,4,951.46488
-0.29,11,951.493769
1.14,4,951.506454
-0.71,6,951.52401
1.14,4,951.535542
1.44,9,951.563532
-0.35,12,951.598945
1.14,4,951.610263
1.14,4,951.621942
-0.82,6,951.638391
-0.57,10,951.668479
1.52,12,951.781921
1.43,10,951.844345
1.14,4,951.862668
-0.42,9,951.911886
1.14,4,951.946278
1.14,4,951.968883
-0.61,8,952.028955
1.33,8,952.066475
1.14,4,952.085363
-0.52,9,952.111706
1.39,8,952.137854
1.14,4,952.14998
1.54,10,952.179229
-0.66,7,952.204632
1.14,4,952.216896
1.14,4,952.229184
-0.48,11,952.267912
-0.83,7,952.288615
-0.41,11,952.323906
-0.54,8,952.35502
1.73,11,952.392841
-0.66,8,952.418293
1.56,10,952.452414
1.14,4,952.460884
1.42,10,952.493002
-0.76,6,952.51202
-0.64,8,952.540874
-0.61,10,952.568176
-0.19,12,952.603516
1.66,10,952.631805
1.14,4,952.642997
1.66,10,952.675931
1.14,4,952.689296
1.14,4,952.702868
-0.68,9,952.73446
1.71,10,952.768315
-0.61,8,952.791114
-0.74,6,952.812
1.14,4,952.824921
-0.6,9,952.851689
1.14,4,952.862174
-0.35,13,952.904342
-0.76,6,952.924623
-0.76,6,952.948807
1.68,10,952.999473
1.56,9,953.054592
-0.69,15,953.116819
1.5,11,953.228138
1.44,9,953.255178
-0.65,11,953.292426
1.56,9,953.320361
1.14,4,953.33352
1.14,4,953.344839
-0.82,6,953.361655
-0.32,11,953.399959
1.14,4,953.408419
-0.42,10,953.442073
1.33,8,953.469306
-0.67,10,953.501881
1.14,4,953.51009
-0.66,9,953.537496
-0.61,8,953.556058
1.14,4,953.566182
1.14,4,953.577645
-0.86,10,953.604796
-0.76,6,953.623766
1.14,4,953.635477
-0.65,8,953.65834
1.14,4,953.671981
-0.58,10,953.703103
1.14,4,953.712996
1.14,4,953.725876
-0.51,10,953.762586
-0.41,9,953.79384
-0.28,13,953.83498
-0.82,6,953.850704
1.14,4,953.862835
-0.61,10,953.888076
-0.75,10,953.917526
1.32,9,953.949318
-0.75,8,953.977015
1.68,10,954.005347
-0.45,12,954.048616
1.14,4,954.057985
-0.64,8,954.083922
1.14,4,954.095695
1.14,4,954.108431
1.47,11,954.144516
1.65,11,954.178985
1.14,4,954.190661
1.14,4,954.202923
1.55,10,954.23486
-0.77,7,954.256276
1.14,4,954.267128
1.14,4,954.278507
-0.7,8,954.306543
1.63,10,954.334915
1.14,4,954.346707
1.14,4,954.357557
-0.64,7,954.375565
1.14,4,954.388373
1.56,9,954.415173
1.14,4,954.426191
1.14,4,954.437829
-0.43,10,954.471783
1.14,4,954.483801
1.14,4,954.495394
1.63,10,954.524173
-0.71,7,954.549624
1.14,4,954.559155
-0.71,9,954.588584
-0.66,7,954.609269
-0.62,12,954.649127
1.55,11,954.686147
1.56,9,954.716045
1.14,4,954.725183
-0.67,8,954.751901
-0.76,6,954.772316
-0.55,10,954.803722
-0.64,8,954.826285
1.14,4,954.838174
1.14,4,954.850075
-0.39,10,954.88011
1.14,4,954.888645
-0.25,13,954.931055
1.54,12,954.968783
-0.41,9,954.99986
-0.67,12,955.034992
1.5,10,955.068844
1.14,4,955.080905
-0.44,12,955.115884
1.14,4,955.127029
1.44,8,955.153796
1.71,11,955.187721
1.14,4,955.199802
1.14,4,955.211043
1.14,4,955.223338
1.71,10,955.250911
1.63,10,955.283072
1.22,11,955.314694
1.14,4,955.323385
1.5,10,955.353595
1.14,4,955.364013
1.45,10,955.394822
1.14,4,956.218373
1.14,4,956.229267
1.45,10,956.263648
-0.8,7,956.288022
-0.67,8,956.316862
-0.72,7,956.339215
1.14,4,956.352725
1.72,12,956.388566
-0.44,9,956.418489
1.14,4,956.432118
1.14,4,956.444851
1.14,4,956.456281
1.47,11,956.490046
1.14,4,956.502929
1.14,4,956.51667
1.5,10,956.544308
1.4,9,956.570061
1.14,4,956.58301
1.14,4,956.595846
-0.62,9,956.622704
1.14,4,956.635821
1.14,4,956.648067
-0.72,8,956.671893
1.14,4,956.683392
1.61,9,956.71061
-0.45,14,956.753003
1.14,4,956.764695
1.14,4,956.776179
1.42,10,956.80359
-0.47,13,956.844505
-0.42,10,956.873016
-0.63,10,956.904021
1.14,4,956.916424
-0.59,9,956.947957
1.14,4,956.959702
1.88,13,957.001005
-0.78,8,957.028001
1.71,10,957.055456
-0.18,14,957.096206
-0.44,10,957.124331
1.14,4,957.133812
-0.56,14,957.170217
-0.65,9,957.191425
-0.59,12,957.227935
1.6,11,957.259949
1.44,8,957.279163
1.14,4,957.28794
1.58,10,957.317872
1.14,4,957.330297
1.66,10,957.357879
-0.54,8,957.379351
-0.56,8,957.405855
1.14,4,957.418598
1.45,10,957.444705
-0.36,12,957.479716
1.14,4,957.488027
-0.82,7,957.512471
1.14,4,957.521386
1.14,4,957.53085
-0.54,11,957.5662
-0.45,16,957.604764
-0.77,7,957.623178
-0.34,10,957.653605
1.14,4,957.665686
1.14,4,957.673978
1.14,4,957.684773
1.3,11,957.715217
1.62,11,957.745982
-0.51,9,957.776071
-0.78,8,957.798278
-0.27,12,957.830802
1.35,14,957.866858
1.57,11,957.890854
1.46,8,957.91461
1.14,4,957.926604
-0.51,9,957.952637
1.5,10,957.980613
-0.15,16,958.026644
-0.7,8,958.05259
-0.61,10,958.083236
-0.62,11,958.119418
1.14,4,958.132236
-0.76,6,958.152496
1.57,10,958.194715
1.53,13,958.243905
1.14,4,958.253869
1.14,4,958.267
1.66,10,958.298818
1.14,4,958.307655
-0.51,18,958.363602
1.14,4,958.378237
-0.61,11,958.412385
-0.63,10,958.447364
1.77,12,958.491909
1.14,4,958.50436
1.64,10,958.538749
-0.56,8,958.566252
1.14,4,958.578639
-0.69,10,958.604767
-0.42,11,958.655882
1.14,4,958.669087
-0.4,12,958.705757
1.6,11,958.74327
-0.6,9,958.765423
-0.63,10,958.796112
-0.53,11,958.835524
1.14,4,958.847863
1.14,4,958.861728
1.14,4,958.953458
1.6,11,959.005801
-0.83,7,959.035437
-0.36,12,959.095296
1.14,4,959.114933
1.49,11,959.161509
-0.76,9,959.185943
1.56,9,959.212963
1.68,11,959.248183
1.66,10,959.281045
-0.71,9,959.308193
1.14,4,959.320205
1.14,4,959.3338
1.14,4,959.347805
-0.81,6,959.369835
1.14,4,959.381115
-0.76,8,959.408931
1.67,11,959.443418
1.14,4,959.454992
1.14,4,959.4687
-0.68,9,959.498649
1.43,9,959.523488
1.14,4,959.532101
-0.77,9,959.559747
1.46,9,959.589153
-0.51,11,959.622791
1.14,4,959.634579
1.14,4,959.646217
-0.6,9,959.675431
1.34,9,959.696947
1.56,10,959.728899
1.14,4,959.738155
-0.73,8,959.760611
1.14,4,959.771727
1.59,10,959.803489
1.42,10,959.833364
1.55,10,959.859718
1.71,10,959.893018
1.14,4,959.904797
-0.73,11,959.933654
1.14,4,959.946312
1.14,4,959.959118
1.39,11,959.989436
1.14,4,960.000101
1.41,8,960.027375
1.14,4,960.036924
1.14,4,960.048746
1.42,10,960.078323
-0.72,7,960.100396
-0.52,10,960.135621
1.14,4,960.147465
1.14,4,960.159636
-0.77,7,960.233454
1.14,4,960.247926
1.14,4,960.262017
1.54,11,960.294466
1.14,4,960.3026
1.42,10,960.333115
1.14,4,960.345615
-0.71,6,960.365031
1.14,4,960.376641
1.62,11,960.408805
1.14,4,960.418196
-0.81,5,960.434452
1.14,4,960.447215
-0.42,9,960.477694
1.42,10,960.50495
-0.55,9,960.536598
1.14,4,960.549567
1.14,4,960.561298
1.5,10,960.595271
1.66,10,960.627079
1.14,4,960.638435
-0.82,6,960.658935
-0.89,8,960.687915
-0.64,8,960.709839
1.14,4,960.720702
1.14,4,960.730326
1.26,7,960.749222
1.35,8,960.774533
-0.72,8,960.796184
1.14,4,960.808325
1.14,4,960.81725
1.14,4,960.827832
1.14,4,960.838194
1.56,9,960.862539
-0.54,9,960.891447
1.14,4,960.899558
-0.62,11,960.929173
1.14,4,960.941281
1.14,4,960.949576
1.14,4,960.962346
1.14,4,960.973233
1.14,4,960.984643
1.14,4,960.995881
1.71,10,961.024713
1.22,11,961.056686
-0.76,12,961.094029
-0.53,13,961.130616
-0.67,8,961.156459
1.14,4,961.168199
-0.59,9,961.19523
1.14,4,961.206223
1.43,10,961.233508
1.59,11,961.26675
-0.67,8,961.293026
-0.84,8,961.316253
1.14,4,961.326944
1.14,4,961.33812
-0.71,7,961.362091
-0.51,9,961.390005
-0.84,9,961.416605
1.14,4,961.42857
1.14,4,961.440546
-0.95,8,961.460109
1.14,4,961.470772
-0.44,14,961.504637
1.14,4,961.516068
1.57,11,961.549309
1.65,11,961.576546
-0.67,8,961.598397
-0.63,13,961.63715
-0.65,9,961.662943
1.14,4,961.675079
1.34,9,961.700254
1.14,4,961.713352
1.14,4,961.726444
1.14,4,961.735754
1.14,4,961.745852
-0.43,10,961.777834
1.14,4,961.789683
1.59,11,961.823503
-0.83,7,961.842607
1.14,4,961.85391
-0.54,8,961.879454
1.14,4,961.891059
1.14,4,961.902617
1.14,4,961.914428
1.14,4,961.925174
-0.41,9,961.953635
1.14,4,961.964101
1.55,10,961.994613
-0.52,13,962.032604
1.56,9,962.064005
-0.56,8,962.098814
1.14,4,962.113094
-0.54,12,962.153578
-0.66,7,962.174444
-0.43,11,962.210751
1.14,4,962.222558
1.14,4,962.235245
1.14,4,962.246891
1.53,9,962.273216
-0.66,7,962.294912
1.44,9,962.317434
1.56,9,962.349994
1.14,4,962.362433
1.19,5,962.3833
1.2,10,962.416245
-0.48,10,962.452732
-0.34,11,962.486508
-0.68,9,962.521132
1.14,4,962.53043
-0.72,8,962.558371
1.58,10,962.590269
1.14,4,962.59869
1.58,10,963.500569
-0.32,10,963.533165
1.14,4,963.545125
-0.68,9,963.574497
1.14,4,963.587325
-0.1,14,963.630434
-0.76,6,963.650413
1.14,4,963.664033
1.14,4,963.676854
-0.22,14,963.723622
1.7,11,963.756374
-0.76,8,963.778788
-0.67,8,963.79903
-0.54,9,963.828041
1.14,4,963.840409
-0.56,8,963.865751
-0.65,9,963.898204
1.55,10,963.930266
-0.47,9,963.960709
1.55,10,963.989512
1.14,4,964.001863
-0.76,6,964.02342
-0.76,8,964.047473
-0.71,7,964.069472
1.71,10,964.101866
1.14,4,964.112695
1.14,4,964.12556
-0.67,8,964.151589
-0.66,7,964.169763
1.14,4,964.182606
-0.55,14,964.269006
1.39,10,964.302141
1.14,4,964.314585
1.14,4,964.326983
1.44,9,964.358186
1.14,4,964.368047
1.55,10,964.39743
1.14,4,964.407726
-0.73,8,964.429718
1.14,4,964.44162
-0.65,9,964.469028
1.14,4,964.479786
1.14,4,964.49206
-0.76,6,964.509354
-0.38,12,964.540869
-0.91,7,964.56048
-0.71,10,964.590549
1.53,10,964.61896
-0.77,7,964.636745
-0.55,10,964.666317
1.63,11,964.699178
-0.35,12,964.739689
1.66,10,964.766879
1.55,10,964.794431
1.14,4,964.805978
1.14,4,964.817125
1.14,4,964.826378
1.14,4,964.837258
1.14,4,964.848046
-0.67,8,964.86958
-0.51,9,964.900231
1.42,10,964.928059
1.53,10,964.957726
-0.41,9,964.981076
1.14,4,964.992568
1.14,4,965.005149
-0.61,8,965.031195
1.14,4,965.043594
-0.62,12,965.074865
-0.82,6,965.093465
1.51,9,965.122247
1.75,12,965.155023
1.14,4,965.168932
1.14,4,965.188796
1.66,10,965.23174
-0.78,8,965.256541
1.14,4,965.267463
-0.82,6,965.283662
-0.76,6,965.302215
-0.78,8,965.325137
1.14,4,965.337366
1.54,11,965.366391
1.66,10,965.402148
-0.44,10,965.439371
1.68,10,965.483291
1.14,4,965.498077
-0.66,7,965.522487
1.14,4,965.53082
1.14,4,965.543863
1.14,4,965.557044
1.14,4,965.568999
-0.44,14,965.614948
1.39,8,965.641225
1.13,5,965.656295
1.46,8,965.681865
1.66,10,965.713776
1.14,4,965.727072
-0.32,12,965.765243
-0.61,14,965.811132
-0.69,10,965.842226
1.56,9,965.873523
1.14,4,965.888311
1.52,11,965.92066
1.14,4,965.929158
-0.81,6,965.95054
1.14,4,965.961091
1.14,4,965.97351
-0.47,10,966.006077
1.66,10,966.038442
-0.53,11,966.071959
1.34,7,966.090498
1.14,4,966.100337
-0.52,10,966.132232
1.14,4,966.142763
1.14,4,966.153957
1.14,4,966.165279
-0.66,10,966.195123
-0.52,10,966.222167
1.14,4,966.230458
1.14,4,966.243471
-0.43,11,966.276178
1.57,11,966.306201
-0.54,8,966.329201
1.14,4,966.34158
-0.74,7,966.365037
1.43,9,966.393575
-0.29,13,966.433716
1.55,10,966.464208
-0.67,8,966.490875
-0.19,13,966.532522
1.14,4,966.544299
1.73,11,966.579369
-0.41,9,966.605773
1.4,9,966.633884
1.14,4,966.643627
1.64,10,966.669053
-0.59,8,966.695333
1.14,4,966.708182
1.14,4,966.720547
-0.76,6,966.741107
-0.76,6,966.758365
1.14,4,966.770116
1.26,10,966.797205
1.56,9,966.823609
-0.54,8,966.84864
-0.77,7,966.872708
-0.46,16,966.918663
1.14,4,966.92963
1.14,4,966.941898
1.14,4,966.954265
1.14,4,966.965555
-0.69,7,966.985921
1.14,4,966.997326
1.14,4,967.009639
1.44,9,967.034428
1.14,4,967.042193
1.14,4,967.053169
-0.49,12,967.09074
-0.41,18,967.360302
-0.41,12,967.412959
1.49,8,967.535835
1.14,4,967.5453
1.71,13,967.576182
1.61,9,967.603914
-0.69,13,967.640843
-0.66,7,967.664424
-0.49,12,967.697967
1.14,4,967.709393
-0.67,11,967.801808
1.14,4,967.812018
1.14,4,967.826003
-0.51,11,967.85701
1.14,4,967.870409
-0.67,9,967.89802
1.14,4,967.910664
-0.8,10,967.955091
-0.68,9,967.98339
-0.8,10,968.018297
-0.66,7,968.040854
1.37,10,968.06858
-0.67,8,968.095923
1.14,4,968.108998
1.14,4,968.122008
1.33,8,968.14817
1.55,10,968.171764
1.34,7,968.20134
1.14,4,968.214695
1.14,4,968.228953
1.14,4,968.240513
1.46,9,968.263417
-0.92,5,968.279566
-0.83,9,968.306057
1.14,4,968.318169
-0.76,6,968.334805
1.63,10,968.365385
-0.83,7,968.383166
-0.67,9,968.411233
1.14,4,968.42372
1.14,4,968.436406
1.14,4,968.447457
-0.44,9,968.473974
-0.82,6,968.490236
1.14,4,968.501365
1.14,4,968.511944
-0.41,12,968.54464
1.14,4,968.559128
-0.56,9,968.58445
1.32,9,968.605527
1.42,10,968.634292
1.14,4,968.646225
1.14,4,968.658068
-0.4,15,968.705338
-0.77,7,968.729501
1.14,4,968.742349
1.14,4,968.753531
1.59,9,968.774925
1.33,8,968.800408
1.14,4,968.809991
1.14,4,968.820754
1.14,4,968.832683
1.14,4,968.845313
1.14,4,968.858159
-0.55,11,968.896013
1.64,10,968.928287
1.67,13,968.967985
1.14,4,968.979718
1.58,10,969.009934
1.64,10,969.039586
1.14,4,969.05017
1.37,10,969.077284
1.14,4,969.08953
1.14,4,969.101553
-0.42,13,969.132801
1.14,4,969.143465
1.14,4,969.155373
1.68,10,969.181998
-0.77,7,969.199339
1.14,4,969.211972
1.14,4,969.224458
1.14,4,969.236903
-0.44,15,969.280512
-0.44,10,969.308858
1.53,10,969.340746
-0.68,9,969.377548
1.14,4,969.390731
1.14,4,969.404217
1.64,10,969.436499
1.74,13,969.476748
1.14,4,969.488851
1.14,4,969.501622
-0.41,12,969.538617
-0.31,13,969.581158
-0.16,14,969.618399
1.54,11,969.646509
1.14,4,969.655363
1.14,4,969.665744
-0.65,9,969.689121
1.14,4,969.700923
-0.66,8,969.726426
-0.76,6,969.74717
1.14,4,969.75924
-0.75,11,969.784764
-0.55,11,969.81287
-0.66,8,969.839403
1.14,4,969.851864
1.14,4,969.863235
1.51,10,969.893043
1.14,4,969.904956
-0.44,9,969.934549
1.14,4,969.943681
1.14,4,969.95542
1.14,4,969.967216
1.14,4,969.976569
1.55,10,970.006486
-0.63,10,970.034693
1.14,4,970.045017
-0.41,13,970.078542
1.55,11,970.78569
-0.48,12,970.819563
1.6,10,970.847869
-0.56,11,970.884135
1.14,4,970.892455
1.14,4,970.904328
1.14,4,970.914039
1.14,4,970.925913
-0.64,11,970.96071
1.66,10,970.992378
1.46,12,971.026612
1.14,4,971.036994
-0.76,6,971.052595
1.14,4,971.062972
-0.71,6,971.079838
1.14,4,971.092047
-0.46,9,971.122249
1.33,8,971.149384
1.47,10,971.180193
-0.49,10,971.223077
1.14,4,971.238461
-0.76,6,971.260901
1.14,4,971.273778
1.68,10,971.306528
1.14,4,971.320153
-0.64,7,971.343637
1.14,4,971.357254
-0.66,11,971.397846
-0.51,8,971.4345
1.61,10,971.492664
-0.47,12,971.552284
-0.52,10,971.590703
-0.61,10,971.629696
-0.6,11,971.667056
-0.47,12,971.707585
-0.59,11,971.74343
-0.84,8,971.776554
1.63,10,971.820951
1.31,10,971.927404
-0.75,10,971.956594
1.31,10,971.991168
1.63,10,972.033221
1.14,4,972.050872
1.67,11,972.159195
1.14,4,972.170664
1.14,4,972.18455
1.14,4,972.199592
1.14,4,972.213449
-0.66,7,972.23695
1.14,4,972.248782
1.14,4,972.259494
1.42,10,972.290204
1.14,4,972.30251
1.14,4,972.314891
1.14,4,972.325914
1.14,4,972.336964
-0.72,8,972.372673
1.14,4,972.388958
-0.5,10,972.435733
-0.51,11,972.474241
1.14,4,972.48522
1.19,5,972.503167
1.14,4,972.51686
-0.5,10,972.552219
-0.66,7,972.582519
1.55,10,972.610821
-0.62,9,972.653985
-0.72,7,972.687664
1.14,4,972.704173
1.71,10,972.74171
1.14,4,972.755001
1.14,4,972.769343
1.14,4,972.782164
1.14,4,972.794293
1.49,11,972.82458
-0.82,6,972.851091
-0.22,18,972.906477
1.14,4,972.918515
1.14,4,972.932656
1.14,4,972.945011
1.14,4,972.957352
1.14,4,972.969737
1.45,9,972.998347
1.14,4,973.007369
1.58,10,973.03797
-0.41,9,973.069039
1.55,10,973.100354
1.64,10,973.131884
-0.51,12,973.171191
-0.53,12,973.208168
1.66,10,973.245228
1.29,10,973.279989
1.14,4,973.291306
-0.52,12,973.330683
1.6,10,973.360326
1.96,15,973.410323
1.14,4,973.422379
1.14,4,973.434641
1.68,11,973.462206
-0.52,11,973.501355
1.14,4,973.512666
1.14,4,973.521786
1.14,4,973.534078
-0.63,10,973.571354
-0.54,13,973.617512
1.14,4,973.62773
-0.58,11,973.671065
-0.56,9,973.705902
1.14,4,973.720099
1.14,4,973.735617
1.14,4,973.750151
-0.67,11,973.785723
1.14,4,973.798818
1.73,12,973.83813
1.47,11,973.873645
1.14,4,973.887417
-0.54,11,973.925383
1.14,4,973.93903
1.14,4,973.952312
1.14,4,973.965811
1.61,14,974.022247
-0.6,9,974.055208
1.14,4,974.069523
1.48,10,974.105215
1.14,4,974.120766
-0.54,11,974.16197
1.5,10,974.19449
-0.59,8,974.223876
1.64,10,974.255982
1.44,10,974.288071
1.14,4,974.301608
1.14,4,974.315805
1.14,4,974.328815
-0.62,11,974.366463
-0.82,6,974.386977
-0.31,12,974.43236
1.14,4,974.447334
1.14,4,974.460042
-0.76,6,974.481786
1.36,8,974.506468
1.14,4,974.517903
-0.56,11,974.553823
1.55,10,974.590976
1.67,11,974.634205
1.48,10,974.672148
1.33,8,974.702716
1.69,10,974.736325
1.14,4,974.751614
1.14,4,974.767413
1.61,13,974.828199
-0.7,8,974.870482
1.45,10,974.919217
1.46,9,974.968334
1.14,4,974.989482
-0.59,12,975.057941
1.14,4,975.075679
-0.44,10,975.121886
-0.67,8,975.233829
1.14,4,975.265098
1.14,4,975.282442
1.14,4,975.30147
-0.55,10,975.339847
1.14,4,975.352782
1.14,4,975.367597
1.26,12,975.404256
1.14,4,975.416884
1.14,4,975.431738
1.14,4,975.442257
1.14,4,975.454453
1.14,4,975.466534
1.14,4,975.479226
1.14,4,975.488436
1.14,4,975.500554
1.5,10,975.602209
1.14,4,975.615133
-0.43,10,975.648421
1.32,9,975.674711
-0.45,12,975.71092
1.14,4,975.720256
-0.76,6,975.737498
-0.7,8,975.763111
1.14,4,975.773709
-0.83,7,975.797249
1.14,4,975.810074
1.14,4,975.82283
1.14,4,975.836469
1.37,10,975.873499
1.63,11,975.934064
1.5,10,975.98449
1.14,4,976.007538
1.14,4,976.030312
-0.77,7,976.063678
-0.5,13,976.107203
1.14,4,976.120208
1.59,9,976.148803
1.14,4,976.157443
-0.76,6,976.180592
-0.91,9,976.209481
1.83,13,976.252244
1.14,4,976.263558
-0.71,6,976.283568
1.47,11,976.315525
1.55,11,976.349456
1.14,4,976.361098
1.55,10,976.390803
-0.62,9,976.426059
1.14,4,976.439724
1.19,5,976.464889
-0.66,7,976.49053
-0.53,11,976.53593
1.14,4,976.556544
1.61,10,976.601315
1.14,4,976.620009
-0.92,5,976.639202
-0.48,11,976.671004
-0.74,6,976.687228
-0.77,7,976.711235
1.14,4,976.720799
1.6,11,976.753701
-0.41,13,976.809076
-0.32,11,976.854722
1.14,4,976.870639
1.14,4,976.883707
1.14,4,976.896485
-0.84,9,976.924751
-0.53,11,976.962211
1.14,4,976.972801
1.55,10,977.001308
-0.72,7,977.023136
-0.51,11,977.060653
-0.69,7,977.083863
1.14,4,977.096662
1.14,4,977.109643
1.14,4,977.120654
-0.58,10,977.149379
1.14,4,977.161132
1.14,4,977.171388
1.14,4,977.184039
-0.62,12,977.216865
1.6,12,977.25421
-0.67,11,977.289646
1.14,4,977.302703
1.4,9,977.33057
-0.62,11,977.364157
1.14,4,977.375181
1.14,4,977.388009
1.14,4,977.399717
1.14,4,977.414618
-0.56,10,977.459
-0.31,13,977.515866
1.14,4,977.528651
1.14,4,977.543228
-0.61,8,977.572153
-0.71,7,977.600443
-0.76,6,977.621001
-0.79,10,977.653293
-0.64,8,977.679368
1.73,11,977.713717
-0.41,10,977.750174
-0.75,10,977.784647
1.14,4,977.797491
1.56,9,977.828806
1.14,4,977.841393
-0.64,14,977.884405
1.14,4,977.901849
1.14,4,977.919968
1.52,11,977.96277
1.14,4,977.975574
1.14,4,977.984896
1.14,4,977.999602
1.17,7,978.022463
-0.57,9,978.053223
1.14,4,978.068055
-0.66,7,978.094871
-0.62,9,978.131663
1.14,4,978.146396
-0.67,8,978.16941
-0.72,8,978.197232
1.44,8,978.222818
1.71,10,978.250381
-0.27,12,979.137316
1.14,4,979.199217
-0.41,9,979.248089
-0.64,8,979.281462
1.14,4,979.295748
-0.41,9,979.333313
1.27,9,979.377718
1.44,9,979.413926
1.14,4,979.42803
-0.59,8,979.465116
1.14,4,979.516253
1.14,4,979.585697
1.14,4,979.60298
-0.56,12,979.652866
-0.51,9,979.683716
1.37,10,979.715036
-0.54,10,979.748222
1.56,9,979.774672
1.14,4,979.786304
1.14,4,979.796362
1.14,4,979.807612
-0.59,11,979.842657
1.76,11,979.868149
1.14,4,979.877529
-0.39,9,979.908322
1.14,4,979.91708
-0.57,12,979.951373
-0.48,12,979.98547
-0.45,14,980.033262
1.55,10,980.062429
1.14,4,980.076726
1.14,4,980.088306
-0.6,14,980.130365
1.14,4,980.141566
-0.54,9,980.168174
1.71,10,980.347704
1.14,4,980.362711
-0.55,11,980.398359
1.14,4,980.41009
1.14,4,980.421381
-0.76,6,980.441116
1.14,4,980.453868
-0.37,10,980.489449
1.14,4,980.500193
-0.7,11,980.537629
-0.58,11,980.573814
1.14,4,980.586123
1.14,4,980.60047
1.43,10,980.632224
1.14,4,980.6448
-0.46,12,980.683609
1.14,4,980.694968
1.14,4,980.707157
-0.44,9,980.736873
-0.67,9,980.761466
1.14,4,980.772882
1.58,11,980.806737
-0.8,7,980.828103
1.6,12,980.864934
1.46,8,980.889429
-0.37,10,980.922912
1.14,4,980.93423
1.14,4,980.946787
1.14,4,980.959699
1.14,4,980.971128
1.14,4,980.982259
1.66,10,981.016207
-0.71,6,981.036667
1.36,11,981.06612
-0.58,14,981.109389
1.58,9,981.137321
1.14,4,981.148889
-0.66,7,981.172531
-0.46,12,981.210567
1.14,4,981.222468
-0.35,12,981.253977
-0.54,8,981.280174
1.14,4,981.290399
1.14,4,981.300792
1.44,11,981.328675
-0.87,6,981.345226
1.67,11,981.377578
1.71,12,981.415836
-0.74,10,981.448256
-0.71,12,981.480727
-0.44,12,981.516361
1.44,8,981.540185
-0.76,6,981.558187
1.14,4,981.570057
1.14,4,981.582658
-0.55,10,981.615177
1.58,10,981.639618
1.59,9,981.666252
-0.43,13,981.708472
-0.66,7,981.732806
1.14,4,981.744916
1.61,9,981.77437
1.51,9,981.800525
-0.46,9,981.83399
1.14,4,981.846584
1.55,11,981.882262
1.14,4,981.895075
-0.45,17,981.94398
1.63,10,981.975111
1.14,4,981.983891
1.56,12,982.016929
-0.66,7,982.04022
-0.57,9,982.074156
-0.66,7,982.099231
1.64,10,982.133006
-0.64,7,982.151056
1.14,4,982.162963
-0.9,9,982.190074
1.14,4,982.201809
1.14,4,982.214706
1.14,4,982.227632
1.14,4,982.239917
-0.66,7,982.263716
-0.55,12,982.300027
-0.51,11,982.335813
1.33,8,982.359346
1.14,4,982.371758
-0.54,9,982.396724
1.14,4,982.407834
1.55,11,982.441647
1.14,4,982.454685
1.61,9,982.483328
1.14,4,982.495347
1.14,4,982.506414
1.14,4,982.516751
1.14,4,982.526644
1.14,4,982.538645
1.14,4,982.547917
-0.59,14,982.590928
1.14,4,982.603442
-0.76,6,982.625291
1.39,8,982.649765
-0.87,11,982.685519
-0.4,12,982.723161
-0.67,8,982.749454
1.68,10,982.776732
1.14,4,982.788478
-0.76,6,982.80739
1.14,4,982.819287
1.14,4,982.831931
-0.77,7,982.857043
1.14,4,982.868583
1.14,4,982.878082
1.14,4,982.888673
1.65,11,982.921323
1.14,4,982.930451
1.31,8,982.95981
1.52,11,982.994989
1.66,10,983.030752
1.14,4,983.045727
1.76,11,983.090518
-0.6,16,983.146614
-0.77,7,983.177224
1.14,4,983.188399
1.14,4,983.20123
1.14,4,983.213338
1.14,4,983.226582
1.14,4,983.239113
1.66,10,983.273005
1.14,4,983.285363
1.14,4,983.294979
1.14,4,983.306523
-0.35,14,983.344468
-0.49,9,983.369696
1.14,4,983.381251
-0.51,9,983.410132
-0.66,7,983.430332
-0.66,10,983.459641
1.14,4,983.471672
1.58,11,983.502421
1.53,10,983.528729
-0.7,11,983.564127
-0.46,11,983.601393
1.14,4,983.615168
1.14,4,983.628506
-0.67,8,983.657885
1.14,4,983.670211
-0.37,12,983.70277
1.14,4,983.713957
1.56,9,983.788863
1.14,4,983.802141
-0.77,10,983.832135
-0.77,7,983.8566
1.14,4,983.867556
-0.37,11,983.9056
-0.51,11,983.937093
-0.66,7,983.95776
-0.66,10,983.987952
1.53,10,984.01648
1.66,10,984.043145
-0.49,9,984.071991
1.42,10,984.104686
1.55,10,984.130224
-0.58,13,984.165094
-0.65,10,984.197525
1.54,12,984.231307
1.66,10,984.259955
1.53,10,984.291401
-0.63,12,984.328688
-0.53,11,984.357705
1.81,11,984.390556
1.14,4,984.401591
1.14,4,984.411053
1.46,9,984.439242
-0.55,10,984.470729
1.44,11,984.501222
-0.59,8,984.526662
1.56,9,984.551589
1.14,4,984.560502
1.14,4,984.571554
1.47,11,984.603739
-0.62,9,984.627609
1.14,4,984.640316
1.53,10,984.672
1.14,4,984.683628
-0.45,10,984.712891
1.14,4,984.725346
1.46,8,984.750288
1.31,8,984.776528
1.14,4,984.790123
1.14,4,984.80173
-0.76,6,984.82085
-0.91,4,984.832828
1.14,4,984.84213
1.14,4,984.853243
1.14,4,984.863778
1.53,9,984.891984
1.14,4,984.903102
-0.47,11,984.936398
-0.7,8,984.960194
1.14,4,984.970616
1.14,4,984.981049
-0.82,6,985.000493
1.14,4,985.012813
1.42,10,985.041023
1.14,4,985.049703
1.14,4,985.062238
-0.57,9,985.091467
-0.78,8,985.116462
-0.56,9,985.145325
1.5,10,985.176249
1.14,4,985.186809
1.14,4,985.196089
1.42,10,985.225548
-0.42,11,985.257108
1.14,4,985.269551
1.6,10,985.300478
-0.69,13,985.341255
1.74,14,985.38391
-0.16,13,985.416944
1.14,4,985.428687
1.45,10,985.459226
1.14,4,985.47161
1.14,4,985.481717
1.14,4,985.490783
1.14,4,985.501184
-0.86,5,985.51301
1.14,4,985.525078
1.14,4,985.536976
-0.55,10,985.565571
1.57,11,985.597449
-0.76,6,985.613252
1.47,14,985.656389
-0.83,7,985.675322
-0.69,10,985.706292
1.63,10,985.740154
-0.41,9,985.762921
-0.58,9,985.787388
1.59,9,986.528441
1.55,10,986.557053
-0.62,9,986.586568
1.66,10,986.619322
1.14,4,986.627576
-0.3,13,986.67135
1.14,4,986.683143
-0.53,11,986.712246
1.66,10,986.741328
1.14,4,986.752278
-0.46,11,986.789706
1.14,4,986.799907
-0.62,9,986.830408
1.14,4,986.842207
1.14,4,986.853312
1.44,12,986.887206
1.57,10,986.92041
-0.13,14,986.960693
-0.89,8,986.985631
1.14,4,986.996763
1.14,4,987.008392
1.71,10,987.033408
1.14,4,987.041843
1.54,9,987.066234
1.14,4,987.077868
1.14,4,987.090623
1.14,4,987.101508
-0.73,9,987.123225
1.14,4,987.13462
1.14,4,987.145811
1.62,11,987.179069
1.64,10,987.210495
-0.83,7,987.232447
1.14,4,987.243793
1.14,4,987.255605
1.56,10,987.284298
1.59,14,987.325294
1.14,4,987.337579
-0.6,9,987.363339
-0.51,9,987.38584
-0.34,13,987.42247
1.51,9,987.452413
1.14,4,987.462018
1.14,4,987.473925
1.54,10,987.49918
1.54,11,987.534334
-0.54,8,987.557438
-0.72,8,987.58477
-0.46,12,987.620447
-0.61,8,987.646336
-0.56,11,987.73099
1.14,4,987.743059
-0.66,7,987.765138
1.59,9,987.793394
-0.4,14,987.835748
1.14,4,987.847911
-0.59,8,987.866386
1.14,4,987.877179
1.56,9,987.904569
1.14,4,987.917373
1.14,4,987.929543
1.14,4,987.938804
-0.49,11,987.971182
1.61,10,987.998456
1.14,4,988.007822
-0.59,9,988.038107
1.14,4,988.047321
1.14,4,988.056477
1.14,4,988.0677
1.14,4,988.078805
1.66,10,988.108407
-0.31,14,988.147171
1.64,13,988.186365
1.14,4,988.197426
1.71,10,988.229742
-0.7,11,988.265157
-0.74,10,988.297149
1.14,4,988.305851
-0.81,6,988.323242
1.14,4,988.335109
1.14,4,988.344494
-0.82,6,988.363848
-0.69,10,988.397014
-0.62,9,988.424442
1.65,11,988.460494
-0.86,10,988.502
-0.6,9,988.534856
1.34,10,988.572349
1.14,4,988.585073
1.14,4,988.599736
-0.76,12,988.639578
1.14,4,988.651157
1.14,4,988.665538
-0.69,11,988.699474
-0.74,6,988.724531
-0.53,11,988.760674
-0.73,11,988.801446
1.14,4,988.812639
1.14,4,988.823659
1.14,4,988.837633
-0.54,12,988.877248
1.63,10,988.916219
1.5,10,988.948779
-0.61,10,988.981996
-0.53,11,989.021527
1.14,4,989.036659
1.14,4,989.050857
-0.5,12,989.092683
1.66,10,989.128993
1.14,4,989.140717
1.55,14,989.18423
1.14,4,989.192839
-0.56,12,989.231305
1.29,10,989.268354
1.14,4,989.282107
1.14,4,989.295979
1.14,4,989.310877
1.14,4,989.324148
-0.66,7,989.346179
1.66,10,989.373994
1.14,4,989.38634
1.14,4,989.397304
1.14,4,989.40945
-0.23,12,989.441935
-0.84,8,989.469304
1.6,10,989.500095
1.14,4,989.511069
-0.71,6,989.532252
-0.66,7,989.559579
1.44,8,989.588853
-0.69,10,989.623794
-0.51,10,989.663143
1.66,10,989.701996
-0.76,6,989.723713
-0.52,13,989.773952
1.19,5,989.790257
1.14,4,989.803611
1.61,9,989.830237
-0.5,10,989.870389
-0.41,9,989.900086
1.47,11,989.934281
1.14,4,989.944968
1.58,10,989.981699
1.14,4,989.995594
-0.2,14,990.039422
1.14,4,990.052731
-0.5,10,990.086786
-0.76,12,990.12804
1.14,4,990.139984
1.14,4,990.152976
1.73,13,990.197629
1.14,4,990.208776
-0.67,12,990.251669
1.14,4,990.260692
1.58,10,990.292342
-0.53,12,990.339989
1.48,12,990.377747
1.14,4,990.393173
-0.37,14,990.44377
1.14,4,990.456479
1.14,4,990.469004
1.48,10,990.505641
-0.46,11,990.548946
1.6,11,990.589195
1.14,4,990.602885
1.14,4,990.616571
1.14,4,990.629068
-0.66,12,990.667871
1.14,4,990.680682
1.14,4,990.695574
1.14,4,990.710255
1.14,4,990.723547
-0.63,10,990.757165
-0.58,11,990.794026
-0.42,12,990.839857
1.39,10,990.877221
1.14,4,990.891935
-0.4,11,990.934325
1.71,10,990.973257
-0.42,11,991.008431
-0.39,10,991.041571
-0.66,9,991.070039
-0.59,8,991.099142
-0.46,9,991.126327
-0.61,8,991.153615
1.14,4,991.165358
1.14,4,991.177702
1.14,4,991.247696
-0.46,12,991.282279
1.63,10,991.313165
1.14,4,991.321619
1.6,11,991.355019
1.56,9,991.383816
1.14,4,991.394965
1.66,10,991.426723
1.14,4,991.437375
-0.36,13,991.474211
1.68,11,991.502744
1.14,4,991.514051
-0.71,6,991.533962
-0.66,7,991.55605
1.14,4,991.56694
1.14,4,991.580121
-0.66,12,991.617701
1.14,4,991.630347
-0.82,6,991.651482
-0.71,6,991.673253
1.5,11,991.709372
1.57,10,991.738307
-0.07,14,991.779645
1.14,4,991.792923
-0.5,10,991.828231
-0.81,6,991.846355
-0.35,11,991.882033
1.57,10,991.909246
1.14,4,991.921955
1.14,4,991.934982
1.14,4,991.947141
-0.6,10,991.981398
-0.53,10,992.008361
-0.62,9,992.036507
-0.77,7,992.055469
-0.55,10,992.085489
1.14,4,992.097397
-0.25,14,992.142286
1.14,4,992.154237
1.14,4,992.167561
-0.32,11,992.206327
-0.5,13,992.248193
1.14,4,992.261652
-0.54,8,992.291403
-0.7,7,992.321141
1.71,10,992.434042
1.14,4,992.45139
-0.78,8,992.498036
-0.61,10,992.5296
-0.46,10,992.560836
1.14,4,992.57339
1.13,6,992.595662
1.14,4,992.6086
-0.65,9,992.645772
-0.3,12,992.688101
-0.65,9,992.719514
1.61,10,992.754381
1.47,11,992.797002
-0.61,8,992.825949
-0.85,7,992.85147
1.62,11,992.887635
1.14,4,992.899127
1.14,4,992.91211
1.14,4,992.925855
-0.71,7,992.953391
-0.69,7,992.979051
-0.77,7,993.004504
1.14,4,993.019078
-0.44,9,993.051873
-0.81,9,993.083934
1.66,10,993.120482
-0.51,11,993.159292
1.14,4,993.171747
1.68,10,993.212715
-0.61,8,993.240583
-0.39,10,993.271407
-0.66,10,993.306638
-0.61,8,993.335633
1.14,4,994.198738
1.14,4,994.209073
1.14,4,994.221382
1.19,5,994.237175
1.23,7,994.260123
1.71,10,994.291492
1.14,4,994.305825
-0.5,10,994.343316
-0.81,6,994.369875
1.48,9,994.402901
-0.53,15,994.453595
-0.66,7,994.480531
-0.4,12,994.519043
1.63,10,994.552531
1.66,10,994.58527
1.14,4,994.598012
1.66,10,994.636303
1.14,4,994.650258
-0.38,12,994.700098
1.66,10,994.733669
1.14,4,994.747607
-0.73,9,994.77938
1.14,4,994.791718
-0.72,8,994.820072
-0.5,11,994.850151
1.14,4,994.8624
1.62,11,994.898353
-0.63,10,994.932883
-0.66,9,994.96787
1.14,4,994.983382
-0.41,12,995.027774
1.14,4,995.041952
-0.49,13,995.086569
1.14,4,995.100553
1.14,4,995.115586
-0.71,7,995.142061
-0.75,7,995.169267
1.14,4,995.183374
-0.72,8,995.209572
1.14,4,995.220748
-0.64,12,995.253696
-0.42,15,995.294474
1.14,4,995.305789
1.14,4,995.31767
1.14,4,995.329775
1.14,4,995.340967
1.39,10,995.373513
1.14,4,995.383218
-0.64,8,995.41075
-0.55,9,995.438081
1.73,11,995.470653
1.14,4,995.482312
1.14,4,995.493216
1.14,4,995.503723
-0.48,10,995.59296
1.86,15,995.640031
-0.22,13,995.677784
1.54,11,995.711148
1.14,4,995.71967
-0.4,11,995.754323
-0.64,8,995.779154
1.14,4,995.790307
1.61,9,995.819654
1.14,4,995.832793
1.14,4,995.844031
1.5,10,995.875128
-0.39,16,995.922189
1.14,4,995.938946
1.14,4,995.949332
-0.72,10,995.978425
1.14,4,995.98777
1.14,4,995.997538
-0.5,12,996.032936
1.52,11,996.063519
1.42,11,996.09677
1.48,9,996.123437
-0.54,8,996.150712
1.58,10,996.178992
1.54,11,996.206895
1.14,4,996.218023
1.14,4,996.228328
1.14,4,996.23923
1.14,4,996.251747
1.58,10,996.281548
-0.35,13,996.314246
1.71,10,996.342692
-0.69,12,996.378874
1.52,11,996.418832
1.64,12,996.451702
1.14,4,996.46345
1.14,4,996.474287
1.14,4,996.483768
-0.32,12,996.52099
1.66,10,996.559725
1.63,12,996.599394
-0.53,13,996.653859
1.14,4,996.669527
1.61,9,996.702164
-0.67,8,996.725192
-0.67,11,996.759819
-0.35,14,996.805197
1.14,4,996.816838
1.14,4,996.829357
-0.34,12,996.87107
1.14,4,996.881293
-0.37,12,996.922523
1.14,4,996.934831
1.14,4,996.94693
1.71,10,996.976464
1.44,8,997.001099
-0.74,12,997.03293
1.14,4,997.043541
1.14,4,997.054171
1.14,4,997.063725
1.14,4,997.075117
1.14,4,997.085921
-0.57,11,997.119871
1.14,4,997.132691
-0.61,8,997.159811
1.14,4,997.171206
-0.74,8,997.198719
-0.39,10,997.233146
1.14,4,997.24307
1.14,4,997.254052
1.61,10,997.282855
1.14,4,997.295314
1.35,10,997.328409
-0.25,12,997.364809
1.14,4,997.375762
-0.24,11,997.409573
1.14,4,997.420826
-0.58,10,997.456654
-0.6,9,997.486397
-0.67,8,997.512491
1.14,4,997.523991
1.14,4,997.533118
1.14,4,997.544617
1.14,4,997.555214
1.34,9,997.584421
-0.67,8,997.613068
1.31,8,997.638671
-0.4,14,997.681453
1.14,4,997.69398
1.14,4,997.705413
1.68,11,997.733716
1.14,4,997.745998
1.14,4,997.758176
1.14,4,997.767792
1.71,10,997.79984
1.14,4,997.811988
1.7,12,997.846942
-0.6,9,997.871417
1.14,4,997.88359
1.14,4,997.895256
1.19,5,997.911933
-0.51,11,997.940138
1.7,13,997.977834
1.51,13,998.014471
-0.72,8,998.042145
-0.66,7,998.065048
1.66,10,998.097553
1.71,10,998.12328
1.14,4,998.133779
1.14,4,998.145092
-0.34,11,998.179546
1.61,10,998.212821
1.47,15,998.262828
1.14,4,998.274868
1.14,4,998.286874
-0.57,11,998.322964
1.14,4,998.331232
-0.47,13,998.36479
1.14,4,998.377396
1.14,4,998.390036
-0.15,13,998.434614
-0.71,7,998.45612
-0.41,9,998.481651
-0.46,13,998.520422
1.14,4,998.529002
1.14,4,998.541215
-0.81,6,998.562113
-0.29,15,998.611786
-0.72,7,998.632347
1.14,4,998.644026
-0.71,7,998.666406
1.6,15,998.714871
1.63,10,998.743015
1.14,4,998.754618
1.14,4,998.766829
1.14,4,998.778686
1.14,4,998.790771
-0.59,8,998.815558
-0.68,9,998.840377
1.55,10,998.869939
1.14,4,998.884308
1.66,10,998.915935
-0.82,6,998.934687
1.68,10,998.964241
1.66,10,998.994999
-0.46,16,999.079159
1.14,4,999.097424
-0.31,16,999.144401
1.46,12,999.176586
1.14,4,999.188338
-0.66,7,999.210894
-0.89,8,999.232585
1.14,4,999.243879
1.7,11,999.278543
-0.46,9,999.305751
1.49,11,999.339397
-0.38,12,999.379957
1.14,4,999.391885
1.61,10,999.417263
1.14,4,999.429106
1.28,11,999.463473
1.58,11,999.488829
-0.78,8,999.50847
1.14,4,999.519259
-0.41,9,999.547704
1.14,4,999.560097
1.7,12,999.595638
1.52,10,999.624635
1.54,11,999.656891
1.43,9,999.686877
1.14,4,999.754703
-0.52,13,999.807684
1.14,4,999.816914
-0.71,7,999.840001
-0.49,10,999.869398
1.14,4,999.879003
-0.54,9,999.906035
-0.73,11,999.943257
1.14,4,999.957124
-0.79,9,999.981309
1.14,4,999.993678
1.14,4,1000.005799
1.45,11,1000.039444
1.14,4,1000.048076
1.38,9,1000.076248
-0.54,8,1000.102262
-0.67,8,1000.127596
-0.46,10,1000.160744
-0.57,10,1000.189604
1.66,10,1000.222143
-0.71,9,1000.245508
-0.2,12,1000.283729
1.61,9,1000.311127
1.14,4,1000.323098
-0.83,8,1000.34675
-0.53,11,1000.377271
-0.72,8,1000.401682
1.14,4,1000.413906
1.71,10,1000.445097
1.51,9,1000.467853
-0.56,11,1000.502823
-0.45,13,1000.537779
1.14,4,1000.549475
1.69,10,1000.578622
1.14,4,1000.587787
1.76,11,1000.614957
1.14,4,1000.627089
1.14,4,1000.639519
-0.59,9,1000.670611
1.65,12,1001.578587
1.63,10,1001.610387
-0.1,13,1001.65077
1.44,8,1001.67837
1.14,4,1001.69151
-0.32,12,1001.737505
-0.41,9,1001.763006
1.14,4,1001.775416
1.29,7,1001.804835
1.54,11,1001.877035
1.14,4,1001.89983
1.14,4,1001.926996
1.14,4,1001.949179
1.55,11,1002.017429
-0.61,8,1002.079785
1.14,4,1002.097185
1.14,4,1002.112939
1.71,10,1002.158183
1.14,4,1002.175244
-0.62,12,1002.214936
1.14,4,1002.227201
1.47,11,1002.261455
1.56,10,1002.29321
1.14,4,1002.306171
1.14,4,1002.317891
1.42,11,1002.3465
1.14,4,1002.359004
1.14,4,1002.37141
1.14,4,1002.382907
1.14,4,1002.396566
1.14,4,1002.408286
1.14,4,1002.422616
1.54,9,1002.448055
1.14,4,1002.460152
1.67,12,1002.490971
1.6,10,1002.515781
1.14,4,1002.527906
1.76,11,1002.563665
-0.58,9,1002.595396
1.44,10,1002.627338
-0.42,9,1002.657125
-0.49,12,1002.695975
-0.5,11,1002.732029
1.47,11,1002.776782
-0.44,11,1002.902684
-0.56,8,1002.932801
1.56,10,1002.964218
1.57,11,1003.000422
-0.37,11,1003.035182
-0.54,8,1003.056941
-0.56,8,1003.083962
1.14,4,1003.093151
-0.42,11,1003.128783
-0.51,11,1003.164644
1.14,4,1003.177661
1.14,4,1003.192274
1.76,11,1003.224803
1.55,11,1003.258526
-0.71,6,1003.280313
1.14,4,1003.291493
1.14,4,1003.302806
-0.56,12,1003.338364
1.14,4,1003.350569
1.5,11,1003.386048
-0.65,12,1003.415032
1.51,9,1003.439474
1.14,4,1003.45103
1.14,4,1003.461806
-0.56,12,1003.502901
1.66,10,1003.585778
-0.44,11,1003.635328
1.14,4,1003.652773
1.14,4,1003.6664
1.34,11,1003.702454
1.14,4,1003.711494
1.77,16,1003.759314
1.14,4,1003.77147
1.71,10,1003.805812
1.43,10,1003.837397
-0.78,8,1003.86921
1.14,4,1003.884482
1.14,4,1003.900729
1.66,10,1003.935518
-0.36,13,1003.976106
1.66,10,1004.005696
1.14,4,1004.017727
1.41,8,1004.041918
1.14,4,1004.052852
1.14,4,1004.064463
-0.61,10,1004.091599
-0.72,11,1004.119641
-0.47,14,1004.161972
-0.63,10,1004.195267
-0.66,7,1004.221235
1.14,4,1004.231141
1.55,10,1004.25716
1.42,10,1004.288859
1.5,10,1004.321005
-0.57,13,1004.358654
1.14,4,1004.36999
1.14,4,1004.380952
-0.71,9,1004.408632
-0.56,11,1004.443061
-0.31,14,1004.489588
1.14,4,1004.501353
1.14,4,1004.509733
-0.72,10,1004.541282
1.14,4,1004.55215
1.14,4,1004.561246
-0.71,6,1004.579317
-0.46,13,1004.62694
1.14,4,1004.639406
1.14,4,1004.652406
1.14,4,1004.663233
1.53,10,1004.695166
1.14,4,1004.706666
1.14,4,1004.719363
1.39,8,1004.745602
1.58,10,1004.780426
-0.77,7,1004.807552
1.61,10,1004.842464
-0.83,7,1004.868583
1.67,11,1004.896631
-0.61,8,1004.925409
1.14,4,1004.939445
1.14,4,1004.952852
1.58,9,1004.980886
-0.32,11,1005.018361
1.14,4,1005.030404
1.61,10,1005.062322
-0.3,13,1005.110024
1.14,4,1005.122546
-0.51,9,1005.154356
1.31,10,1005.187745
-0.72,10,1005.216425
1.58,10,1005.25101
1.14,4,1005.260309
1.14,4,1005.27267
-0.32,10,1005.303455
-0.5,11,1005.336683
-0.31,15,1005.384193
1.14,4,1005.396796
-0.8,10,1005.436273
-0.77,7,1005.456762
1.14,4,1005.468474
1.14,4,1005.480057
1.61,10,1005.512373
1.14,4,1005.522092
-0.57,9,1005.55248
1.42,10,1005.581665
-0.76,6,1005.6015
-0.65,8,1005.627277
1.14,4,1005.640286
1.14,4,1005.651761
1.14,4,1005.663624
1.14,4,1005.675581
1.14,4,1005.687131
1.64,10,1005.717477
1.86,13,1005.753839
-0.39,12,1005.794046
1.14,4,1005.818631
1.14,4,1005.83485
1.14,4,1005.848565
1.14,4,1005.860874
-0.74,10,1005.889765
1.68,10,1005.913575
1.14,4,1005.925685
1.58,9,1005.950159
1.14,4,1005.958617
1.19,5,1005.97209
1.14,4,1005.984658
1.14,4,1005.994287
1.14,4,1006.004439
-0.6,9,1006.033223
1.44,11,1006.073997
1.14,4,1006.086624
-0.53,11,1006.125239
1.14,4,1006.137821
1.14,4,1006.149151
1.14,4,1006.161358
1.14,4,1006.173164
-0.41,9,1006.20324
-0.23,15,1006.250466
1.14,4,1006.261463
1.14,4,1006.273295
1.61,10,1006.297035
-0.38,12,1006.33757
-0.71,7,1006.360029
1.14,4,1006.372562
1.14,4,1006.383048
1.14,4,1006.393835
-0.72,7,1006.417805
1.14,4,1006.42969
1.14,4,1006.44221
-0.5,11,1006.480497
1.53,12,1006.583891
-0.51,10,1006.614427
-0.82,6,1006.635287
1.14,4,1006.650013
1.58,10,1006.687687
1.14,4,1006.703415
1.52,11,1006.739429
-0.54,9,1006.779963
1.14,4,1006.792331
-0.71,6,1006.818754
1.58,10,1006.851084
1.14,4,1006.863347
1.81,12,1006.899896
1.14,4,1006.909402
1.14,4,1006.92188
-0.82,6,1006.939908
1.14,4,1006.952538
1.14,4,1006.966446
1.35,9,1006.992418
1.71,10,1007.023055
-0.76,9,1007.127795
-0.48,12,1007.160702
1.14,4,1007.171865
-0.61,8,1007.198289
-0.66,7,1007.222843
1.52,12,1007.258296
-0.72,7,1007.28873
1.34,7,1007.309871
-0.76,7,1007.334361
-0.72,8,1007.355851
1.5,10,1007.388175
1.14,4,1007.400186
1.66,10,1007.434066
1.14,4,1007.446106
-0.51,11,1007.480506
-0.57,9,1007.510973
1.14,4,1007.521672
-0.51,9,1007.550633
-0.19,12,1007.587741
-0.52,13,1007.623591
-0.79,9,1007.651527
-0.7,8,1007.674638
-0.59,12,1007.713089
1.55,11,1007.742622
1.65,11,1007.780891
1.59,10,1007.81113
1.42,10,1007.840428
1.55,10,1007.870161
-0.76,8,1007.894819
-0.62,13,1007.931569
1.14,4,1007.943505
1.19,5,1007.959164
1.14,4,1007.973175
1.14,4,1007.985393
1.46,9,1008.011096
1.14,4,1008.019986
1.14,4,1008.03179
1.5,14,1008.073773
-0.62,9,1008.10532
1.14,4,1008.118184
1.14,4,1008.130274
1.14,4,1008.139471
1.14,4,1008.15082
1.14,4,1008.159894
-0.63,10,1008.187421
-0.68,8,1008.214836
1.14,4,1008.226735
-0.46,12,1008.264321
1.14,4,1008.276648
1.14,4,1008.288649
1.14,4,1008.299826
-0.56,14,1008.340017
-0.59,8,1008.368083
1.6,11,1008.403395
1.14,4,1008.413615
1.5,10,1008.444688
1.14,4,1009.149437
1.14,4,1009.160617
-0.63,11,1009.198404
1.14,4,1009.210133
1.54,9,1009.238061
-0.67,8,1009.26481
-0.76,6,1009.285701
1.14,4,1009.298953
1.14,4,1009.307864
1.14,4,1009.319627
1.51,11,1009.350321
-0.67,8,1009.369864
-0.67,8,1009.397041
1.14,4,1009.406496
1.66,10,1009.437743
-0.49,11,1009.470369
-0.69,10,1009.504062
-0.73,8,1009.52846
1.73,11,1009.557938
1.14,4,1009.570743
1.14,4,1009.583816
-0.61,8,1009.61127
1.27,9,1009.633483
1.61,9,1009.662707
1.54,11,1009.691595
-0.42,11,1009.730573
1.14,4,1009.74217
1.14,4,1009.754505
1.61,10,1009.781024
1.14,4,1009.790112
1.28,8,1009.815921
1.14,4,1009.828405
1.68,12,1009.859104
-0.76,6,1009.872955
1.14,4,1009.883316
1.14,4,1009.895488
-0.59,8,1009.919237
-0.55,10,1009.963891
1.14,4,1009.980213
-0.89,8,1010.004329
1.14,4,1010.017511
1.14,4,1010.029366
-0.86,5,1010.043573
1.14,4,1010.056802
1.14,4,1010.070001
1.14,4,1010.083291
1.55,10,1010.113999
-0.52,10,1010.148504
1.14,4,1010.156754
-0.59,8,1010.184596
-0.67,8,1010.21197
-0.61,11,1010.250997
1.14,4,1010.262051
-0.76,6,1010.275509
1.14,4,1010.287504
1.5,10,1010.331787
1.55,11,1010.390416
-0.54,8,1010.42706
-0.49,13,1010.468642
-0.8,6,1010.484441
1.23,7,1010.50532
-0.73,8,1010.535231
1.51,13,1010.571039
1.35,9,1010.600024
1.7,11,1010.633963
1.53,13,1010.667218
-0.46,13,1010.705616
-0.52,10,1010.737003
-0.51,9,1010.768589
-0.36,11,1010.802587
-0.32,12,1010.837414
1.64,10,1010.865784
1.14,4,1010.877392
1.65,11,1010.914172
-0.34,13,1010.953232
1.63,13,1010.983737
1.14,4,1010.997614
-0.68,10,1011.025894
1.61,11,1011.060104
-0.44,10,1011.09331
1.14,4,1011.104676
1.14,4,1011.117438
-0.72,7,1011.140629
-0.27,11,1011.220811
-0.54,8,1011.250211
1.42,10,1011.285165
1.14,4,1011.297118
-0.41,10,1011.382186
1.14,4,1011.406924
1.19,5,1011.422907
1.14,4,1011.434942
1.48,10,1011.463043
-0.45,11,1011.491738
1.14,4,1011.500719
1.5,10,1011.528141
-0.75,8,1011.548256
1.65,11,1011.579008
1.6,11,1011.611421
1.14,4,1011.620728
-0.73,12,1011.654494
1.14,4,1011.666555
-0.67,8,1011.693207
-0.47,10,1011.721338
1.14,4,1011.734183
1.41,8,1011.754886
-0.3,14,1011.791481
1.5,10,1011.819461
-0.5,10,1011.849886
1.14,4,1011.862576
1.14,4,1011.871637
1.14,4,1011.883588
1.47,11,1011.907505
1.14,4,1011.915427
1.14,4,1011.924531
1.14,4,1011.934275
1.14,4,1011.945549
1.59,9,1011.971648
-0.5,10,1012.003469
-0.15,14,1012.055925
1.14,4,1012.068271
1.56,13,1012.106387
1.14,4,1012.1159
-0.68,9,1012.139357
-0.71,9,1012.162678
1.14,4,1012.171485
1.14,4,1012.183665
1.76,11,1012.212572
1.14,4,1012.220433
1.14,4,1012.233299
-0.55,12,1012.266568
1.56,9,1012.294401
1.56,9,1012.319337
1.45,10,1012.348227
1.14,4,1012.356336
1.14,4,1012.365837
1.14,4,1012.377021
-0.44,12,1012.415681
1.14,4,1012.427095
-0.63,10,1012.453603
-0.62,12,1012.487335
1.52,11,1012.520047
-0.43,12,1012.556228
-0.69,7,1012.575834
-0.51,11,1012.610852
-0.51,9,1012.642316
1.14,4,1012.651058
1.52,11,1012.683885
1.14,4,1012.694407
-0.45,11,1012.729803
1.32,12,1012.762884
1.14,4,1012.774578
1.14,4,1012.7874
-0.83,7,1012.812147
1.29,7,1012.833064
1.14,4,1012.844424
1.61,9,1012.869212
-0.39,12,1012.904125
1.14,4,1012.915962
1.14,4,1012.927437
-0.71,7,1012.946505
1.51,10,1012.982236
1.7,12,1013.018234
-0.72,7,1013.045058
1.14,4,1013.057448
-0.73,9,1013.084255
1.14,4,1013.097627
1.14,4,1013.110677
1.68,10,1013.139662
-0.87,11,1013.165741
1.14,4,1013.178974
-0.72,7,1013.197776
-0.47,13,1013.243708
1.46,10,1013.277002
1.14,4,1013.290006
1.47,11,1013.326942
1.4,9,1013.350636
1.14,4,1013.362693
-0.7,10,1013.387584
-0.73,7,1013.412961
-0.59,8,1013.440989
-0.8,6,1013.456968
1.55,10,1013.486761
1.58,11,1013.516302
1.56,10,1013.547184
1.14,4,1013.559145
1.14,4,1013.569686
1.14,4,1013.581805
1.14,4,1013.59363
1.14,4,1013.604765
-0.61,10,1013.630406
1.65,11,1013.665882
-0.51,9,1013.69271
-0.44,10,1013.726995
1.14,4,1013.736513
-0.66,7,1013.756778
-0.63,10,1013.787153
-0.76,6,1013.806124
-0.66,7,1013.823916
-0.6,13,1013.857717
-0.76,6,1013.877397
1.14,4,1013.887028
1.14,4,1013.898633
-0.68,9,1013.922051
1.14,4,1013.931571
1.14,4,1013.942324
1.14,4,1013.953288
1.14,4,1013.9661
1.14,4,1013.978447
1.14,4,1013.989749
-0.51,11,1014.01998
-0.55,11,1014.051808
1.14,4,1014.065503
1.14,4,1014.078182
1.14,4,1014.088548
-0.7,8,1014.11549
1.14,4,1014.128161
1.14,4,1014.140221
1.14,4,1014.149906
-0.67,8,1014.172941
1.36,10,1014.200714
1.14,4,1014.213387
1.62,12,1014.25261
1.14,4,1014.265189
1.14,4,1014.275875
1.55,12,1014.311161
1.14,4,1014.31968
1.14,4,1014.331403
1.14,4,1014.342086
1.47,11,1014.371462
1.72,12,1014.401018
1.14,4,1014.413001
1.14,4,1014.424733
1.14,4,1014.440609
1.14,4,1014.491207
1.14,4,1014.507448
-0.7,7,1014.529557
-0.25,12,1014.568954
-0.62,9,1014.597248
-0.39,14,1014.632995
1.14,4,1014.644391
1.53,13,1014.679433
1.42,10,1014.707317
1.41,8,1014.730287
-0.56,11,1014.780098
1.14,4,1014.795807
-0.77,7,1014.823012
-0.6,10,1014.861534
1.14,4,1014.874611
-0.33,12,1014.909673
1.14,4,1014.923435
1.14,4,1014.934836
1.14,4,1014.948676
-0.83,7,1014.976146
1.45,10,1015.015188
1.81,13,1015.066965
1.14,4,1015.08251
1.14,4,1015.095403
-0.94,7,1015.120022
1.6,10,1015.155363
1.45,9,1015.181216
1.14,4,1015.194277
1.14,4,1015.206258
1.14,4,1015.217414
1.14,4,1015.229651
-0.65,10,1015.257613
1.66,10,1015.292839
1.55,10,1015.321321
1.14,4,1015.330818
1.14,4,1015.342709
1.69,10,1015.376811
1.14,4,1015.392208
1.14,4,1015.404395
1.14,4,1015.416888
1.14,4,1015.42982
-0.78,8,1015.45313
-1.0,7,1015.474989
-0.55,10,1015.507098
-0.62,9,1016.421343
-0.72,8,1016.445192
1.56,9,1016.471444
-0.72,9,1016.500608
-0.57,12,1016.538576
1.14,4,1016.576758
-0.71,7,1016.611506
1.52,14,1016.6744
-0.6,14,1016.729321
1.14,4,1016.739264
-0.56,9,1016.766433
1.14,4,1016.779752
-0.46,9,1016.808527
-0.58,10,1016.840058
1.14,4,1016.849602
-0.76,6,1016.869046
1.56,12,1016.897824
-0.6,9,1016.920388
-0.69,8,1016.948076
1.49,12,1016.989434
1.14,4,1017.002172
1.14,4,1017.017414
-0.58,11,1017.050544
-0.44,9,1017.079259
1.22,10,1017.107739
1.14,4,1017.119528
1.66,10,1017.152151
1.14,4,1017.162139
1.14,4,1017.173656
1.14,4,1017.184719
1.14,4,1017.196414
-0.58,13,1017.238682
1.67,11,1017.272683
1.14,4,1017.284571
1.33,8,1017.307893
1.14,4,1017.319815
1.14,4,1017.330036
1.14,4,1017.341504
1.14,4,1017.352372
1.14,4,1017.364788
-0.49,13,1017.40111
-0.91,9,1017.428898
1.14,4,1017.441954
-0.5,14,1017.489541
1.14,4,1017.499183
1.71,10,1017.526921
-0.54,8,1017.554058
1.14,4,1017.566038
-0.83,7,1017.590538
1.14,4,1017.60234
-0.62,9,1017.630798
-0.36,15,1017.679537
1.14,4,1017.690619
1.14,4,1017.702264
1.14,4,1017.713814
-0.71,7,1017.734943
1.14,4,1017.746262
1.14,4,1017.758695
1.14,4,1017.769799
1.14,4,1017.779463
1.71,10,1017.811854
1.54,12,1017.842186
1.46,8,1017.865842
-0.7,8,1017.894734
1.54,11,1017.927735
1.14,4,1017.939782
1.14,4,1017.949467
1.48,10,1017.975415
-0.64,11,1018.00962
-0.55,9,1018.038959
1.35,9,1018.064577
1.55,10,1018.095236
1.14,4,1018.107259
1.14,4,1018.118616
1.42,10,1018.150506
1.58,9,1018.180974
1.14,4,1018.195492
1.14,4,1018.208425
1.14,4,1018.220851
1.14,4,1018.230603
1.56,9,1018.2561
1.64,10,1018.285719
-0.56,12,1018.319337
-0.64,7,1018.340178
1.14,4,1018.351204
1.14,4,1018.361355
1.57,11,1018.39504
1.14,4,1018.405553
-0.61,14,1018.445283
1.14,4,1018.457014
1.14,4,1018.468223
-0.41,12,1018.509988
-0.77,7,1018.534426
1.14,4,1018.551145
1.61,11,1018.605106
1.45,9,1018.64869
1.19,5,1018.67359
-0.81,5,1018.698127
1.14,4,1018.713573
1.14,4,1018.728191
-0.79,12,1018.767892
-0.56,10,1018.797382
1.14,4,1018.810079
-0.49,10,1018.919208
1.14,4,1018.931252
-0.76,6,1018.953831
-0.33,11,1018.997575
1.14,4,1019.015549
-0.77,7,1019.10833
-0.66,7,1019.133113
1.54,12,1019.172413
-0.78,8,1019.19648
1.68,12,1019.230439
1.14,4,1019.240894
-0.49,10,1019.27126
-0.83,7,1019.287835
1.14,4,1019.298392
-0.75,7,1019.319647
1.44,8,1019.342935
1.34,9,1019.371864
1.14,4,1019.380225
1.14,4,1019.390305
1.51,9,1019.420047
1.14,4,1019.431547
-0.49,12,1019.464358
1.14,4,1019.476852
-0.72,7,1019.501804
-0.66,8,1019.529645
1.14,4,1019.541047
-0.76,6,1019.558226
1.14,4,1019.569614
-0.64,11,1019.603585
-0.77,7,1019.621708
-0.65,9,1019.647916
1.14,4,1019.661646
1.14,4,1019.675529
1.14,4,1019.688703
1.31,8,1019.713583
-0.45,11,1019.750819
1.14,4,1019.763201
1.14,4,1019.775956
1.14,4,1019.789622
-0.65,8,1019.81543
-0.61,8,1019.841522
1.74,11,1019.871868
-0.71,12,1019.907216
1.14,4,1019.919144
1.59,10,1019.952752
1.14,4,1019.967707
1.14,4,1019.983705
1.56,9,1020.01826
1.14,4,1020.029869
1.14,4,1020.044084
1.14,4,1020.058582
-0.61,8,1020.084279
1.14,4,1020.095743
-0.76,8,1020.122311
-0.68,9,1020.147508
1.14,4,1020.160518
1.14,4,1020.173548
-0.75,7,1020.197831
1.61,12,1020.237445
-0.95,8,1020.259979
1.46,8,1020.281871
1.14,4,1020.295431
-0.72,8,1020.318816
1.14,4,1020.327057
-0.65,12,1020.365779
1.66,10,1020.396486
-0.3,13,1020.441564
-0.6,9,1020.47396
-0.79,7,1020.496862
-0.63,10,1020.536648
1.14,4,1020.549447
-0.71,12,1020.579843
-0.54,8,1020.607434
1.14,4,1020.616884
1.13,5,1020.631867
-0.79,9,1020.654738
-0.47,11,1020.689865
1.14,4,1020.702579
-0.76,6,1020.719211
-0.61,8,1020.744421
1.14,4,1020.75725
1.67,11,1020.789441
-0.49,12,1020.82327
1.42,10,1020.856544
1.55,10,1020.884094
1.66,10,1020.912501
-0.73,8,1020.940058
1.14,4,1020.953455
1.51,9,1020.983172
1.14,4,1020.992364
-0.83,7,1021.011835
1.14,4,1021.023967
-0.72,10,1021.052019
-0.52,10,1021.076296
-0.84,8,1021.099833
-0.66,13,1021.14022
1.14,4,1021.152636
1.14,4,1021.16422
1.14,4,1021.174081
1.14,4,1021.184871
1.14,4,1021.196156
1.66,10,1021.223652
1.14,4,1021.236241
-0.34,12,1021.274552
1.14,4,1021.283904
-0.51,12,1021.319684
1.14,4,1021.330687
-0.99,6,1021.344698
1.14,4,1021.356338
1.66,10,1021.383987
-0.59,11,1021.416873
1.14,4,1021.427773
1.14,4,1021.441047
1.14,4,1021.452536
-0.6,10,1021.483157
1.69,12,1021.521017
-0.48,10,1021.552941
1.14,4,1021.564438
1.14,4,1021.575977
1.63,10,1021.609048
-0.61,8,1021.628429
1.14,4,1021.639405
1.14,4,1021.650679
1.58,10,1021.680069
1.14,4,1021.689962
1.55,12,1021.725875
1.14,4,1021.735888
1.44,9,1021.762402
-0.54,14,1021.807663
1.14,4,1021.819187
1.59,10,1021.846194
1.33,8,1021.866179
1.14,4,1021.875247
1.59,9,1021.903316
1.14,4,1021.912747
1.14,4,1021.925098
1.39,10,1021.956193
-0.77,7,1021.979882
1.14,4,1021.991997
-0.78,8,1022.012359
-0.37,10,1022.042554
1.14,4,1022.054345
-0.53,11,1022.084544
1.61,10,1022.113506
1.58,11,1022.147159
1.14,4,1022.158006
1.14,4,1022.169542
1.14,4,1022.180628
-0.71,7,1022.203966
1.14,4,1022.214723
1.61,10,1022.243258
-0.56,9,1022.272026
-0.6,10,1022.303968
-0.68,12,1022.338398
1.61,10,1022.417765
-0.79,9,1022.442405
1.56,10,1022.471398
1.14,4,1022.48407
1.14,4,1022.49324
-0.8,6,1022.510156
-0.66,7,1022.532895
-0.67,8,1022.559716
-0.65,8,1022.584064
1.14,4,1022.596178
1.14,4,1022.609303
-0.67,9,1022.635493
1.14,4,1022.643586
1.65,11,1022.669962
1.23,7,1022.689915
1.56,10,1022.720267
1.66,10,1022.75045
1.14,4,1022.759664
1.63,10,1022.788944
1.71,10,1022.815652
1.77,14,1022.85174
1.33,8,1022.87309
-0.82,6,1022.889289
-0.92,5,1022.90314
1.14,4,1022.911608
-0.34,11,1023.607441
-0.87,6,1023.623106
1.43,12,1023.657926
1.19,5,1023.673785
1.14,4,1023.685809
1.29,7,1023.709586
1.14,4,1023.722631
1.14,4,1023.736181
1.14,4,1023.750019
-0.57,10,1023.789611
1.14,4,1023.801236
1.14,4,1023.814675
1.14,4,1023.827771
1.14,4,1023.839117
-0.47,12,1023.875412
1.14,4,1023.886822
-0.47,11,1023.923198
1.14,4,1023.934461
1.62,11,1023.968714
1.14,4,1023.98099
1.14,4,1023.992126
1.14,4,1024.00482
1.61,10,1024.035881
1.14,4,1024.047806
1.14,4,1024.057699
-0.37,11,1024.090711
-0.47,10,1024.121102
1.14,4,1024.135016
-0.32,14,1024.256009
1.14,4,1024.267545
1.55,10,1024.298216
1.31,10,1024.326258
1.14,4,1024.338927
1.14,4,1024.351081
1.14,4,1024.363076
1.14,4,1024.375257
1.51,9,1024.40645
1.52,11,1024.440979
1.14,4,1024.454303
-0.76,6,1024.474551
1.14,4,1024.487878
1.14,4,1024.499254
1.14,4,1024.511217
-0.43,12,1024.552634
1.66,10,1024.585501
-0.57,10,1024.619053
1.42,10,1024.651042
1.14,4,1024.662222
1.71,10,1024.694979
1.14,4,1024.707176
-0.61,9,1024.739271
-0.68,9,1024.771367
-0.41,14,1024.816573
1.61,10,1024.840518
-0.66,8,1024.86734
1.14,4,1024.877233
1.14,4,1024.888272
-0.41,12,1024.926284
-0.5,11,1024.954237
1.14,4,1024.966075
1.14,4,1024.977033
1.25,8,1025.00375
-0.83,7,1025.025951
1.59,10,1025.055719
1.14,4,1025.06755
1.14,4,1025.078757
-0.83,8,1025.104963
1.14,4,1025.115553
-0.74,9,1025.142113
-0.32,11,1025.174575
1.14,4,1025.186838
1.14,4,1025.199141
1.71,10,1025.225763
-0.61,11,1025.256168
-0.78,8,1025.279049
1.31,10,1025.304771
1.14,4,1025.31609
-0.17,18,1025.373472
1.14,4,1025.384871
1.14,4,1025.397153
-0.46,9,1025.425994
1.14,4,1025.439002
1.74,14,1025.484393
1.14,4,1025.492738
-0.73,9,1025.52533
-0.51,8,1025.556469
1.55,11,1025.595333
1.51,12,1025.637735
-0.61,8,1025.668174
1.14,4,1025.680638
1.14,4,1025.692184
-0.51,9,1025.727734
1.14,4,1025.740524
-0.88,7,1025.766214
-0.86,5,1025.783132
-0.37,11,1025.817758
-0.53,10,1025.854895
1.14,4,1025.867549
1.39,8,1025.892096
-0.66,7,1025.916318
1.14,4,1025.927086
1.14,4,1025.944247
1.14,4,1025.958215
1.54,11,1025.989927
1.53,10,1026.022122
1.14,4,1026.035348
1.7,11,1026.067175
-0.77,7,1026.086497
1.43,9,1026.111042
-0.64,8,1026.134947
1.49,11,1026.170563
1.54,12,1026.206299
-0.3,17,1026.253913
-0.61,8,1026.278015
-0.65,8,1026.357223
1.58,10,1026.395837
-0.66,10,1026.420673
1.14,4,1026.432148
1.5,10,1026.463428
1.66,10,1026.496109
1.14,4,1026.505238
-0.78,8,1026.531561
1.66,10,1026.559964
-0.36,11,1026.598526
-0.55,13,1026.636681
-0.7,9,1026.714885
1.14,4,1026.736114
1.14,4,1026.755432
1.47,11,1026.813704
1.53,11,1026.8685
1.3,8,1026.905332
1.14,4,1026.923964
1.14,4,1026.93939
-0.42,10,1026.976366
1.14,4,1026.991619
1.14,4,1027.004945
-0.6,9,1027.041395
1.14,4,1027.057648
1.54,9,1027.099967
1.14,4,1027.10962
1.14,4,1027.123139
1.14,4,1027.138571
1.14,4,1027.154445
-0.85,6,1027.178292
1.14,4,1027.193999
1.14,4,1027.208745
-0.76,8,1027.239133
1.14,4,1027.251395
1.14,4,1027.262138
1.64,10,1027.296137
1.14,4,1027.308083
1.14,4,1027.320341
1.14,4,1027.333843
1.14,4,1027.346736
1.58,11,1027.387457
-0.78,8,1027.420599
1.14,4,1027.435946
-0.63,12,1027.487318
-0.58,11,1027.534831
1.14,4,1027.552089
1.14,4,1027.567235
1.14,4,1027.582007
1.61,9,1027.611272
1.64,10,1027.636741
1.57,10,1027.667561
1.14,4,1027.67898
-0.58,10,1027.714666
1.14,4,1027.729246
-0.81,11,1027.758622
1.14,4,1027.768288
1.14,4,1027.782515
-0.68,9,1027.810667
1.6,11,1027.843061
1.14,4,1027.85496
-0.56,9,1027.882776
-0.56,13,1027.92758
-0.45,12,1027.967635
1.48,10,1027.998427
1.46,9,1028.023497
1.14,4,1028.034677
1.14,4,1028.047436
1.66,10,1028.087991
1.14,4,1028.101794
-0.7,9,1028.135888
-0.53,14,1028.190595
1.14,4,1028.2036
1.5,10,1028.237807
1.45,10,1028.27117
1.42,10,1028.301728
1.57,11,1028.332328
-0.69,10,1028.362981
1.14,4,1028.374337
1.14,4,1028.384503
1.19,5,1028.3992
1.14,4,1028.411288
1.14,4,1028.422145
1.68,10,1028.458212
1.14,4,1028.469894
1.14,4,1028.483419
1.53,10,1028.515616
-0.66,10,1028.545307
-0.75,7,1028.567622
-0.61,8,1028.590442
1.14,4,1028.601378
1.14,4,1028.613028
-0.57,9,1028.640193
1.14,4,1028.649706
1.42,10,1028.679128
-0.56,11,1028.708667
1.6,11,1028.746046
1.14,4,1028.816503
1.14,4,1028.838942
-0.57,10,1028.880614
1.71,10,1028.906888
1.14,4,1028.918195
1.14,4,1028.930733
-0.61,12,1028.969732
1.6,10,1029.005741
1.54,10,1029.0432
-0.71,7,1029.068964
1.14,4,1029.081373
1.14,4,1029.091836
1.68,10,1029.119613
1.71,10,1029.148028
1.14,4,1029.16032
1.14,4,1029.172173
1.63,10,1029.207045
1.56,9,1029.243555
-0.52,10,1029.28644
-0.62,9,1029.317127
1.14,4,1029.328011
-0.32,12,1029.365337
1.14,4,1029.378353
1.14,4,1029.390319
1.14,4,1029.403648
1.14,4,1029.416476
1.14,4,1029.430455
-0.46,12,1029.465629
1.14,4,1029.474355
1.14,4,1029.486322
1.61,10,1029.52265
1.14,4,1029.536375
1.14,4,1029.548482
-0.47,10,1029.582868
1.14,4,1029.592907
1.14,4,1029.603296
1.14,4,1029.616817
1.83,12,1029.650787
1.14,4,1029.661678
1.14,4,1029.669448
-0.51,11,1029.700436
1.6,11,1029.736596
1.56,10,1029.770253
-0.76,6,1029.791621
-0.31,12,1029.83434
1.14,4,1029.84655
1.14,4,1029.858653
1.14,4,1029.87081
-0.67,8,1029.959882
1.14,4,1029.969026
1.14,4,1029.980366
-0.81,8,1030.004045
1.14,4,1030.016747
1.56,9,1030.047107
1.14,4,1030.056678
1.14,4,1030.068654
1.48,10,1030.0971
1.49,12,1030.137624
-0.56,14,1030.180441
-0.79,9,1030.210485
1.59,9,1030.240216
1.63,13,1030.284782
1.14,4,1030.297319
1.14,4,1030.309946
1.62,11,1030.346943
1.14,4,1030.360259
1.4,10,1030.391448
-0.2,11,1030.423206
-0.73,12,1030.460967
1.14,4,1030.4728
-0.72,9,1030.501834
-0.72,7,1030.526455
1.4,9,1031.324301
-0.29,13,1031.361275
1.14,4,1031.372175
1.14,4,1031.382084
1.14,4,1031.396164
1.14,4,1031.406076
-0.65,8,1031.428048
1.14,4,1031.439239
-0.71,9,1031.465459
1.14,4,1031.476787
1.14,4,1031.485606
1.14,4,1031.496191
1.14,4,1031.5065
1.14,4,1031.518257
1.52,10,1031.547461
-0.24,15,1031.584292
-0.7,8,1031.612182
-0.61,12,1031.648608
1.46,8,1031.669356
1.14,4,1031.680978
1.55,10,1031.703882
-0.49,9,1031.729786
1.47,11,1031.760051
1.14,4,1031.772533
1.44,8,1031.794854
-0.3,11,1031.82829
1.53,12,1031.854832
1.49,8,1031.88078
-0.55,9,1031.912775
-0.75,8,1031.940366
1.14,4,1031.952075
1.14,4,1031.965652
1.69,12,1032.004194
-0.58,9,1032.027941
1.14,4,1032.040374
1.14,4,1032.049403
-0.44,10,1032.078712
1.14,4,1032.088606
-0.54,8,1032.115874
1.14,4,1032.12732
-0.72,7,1032.148373
1.14,4,1032.162148
1.53,10,1032.194746
-0.44,9,1032.220135
-0.38,12,1032.256492
1.14,4,1032.265971
-0.76,6,1032.285828
1.14,4,1032.296365
-0.79,9,1032.320777
1.14,4,1032.333066
1.14,4,1032.345843
-0.61,8,1032.373585
-0.54,8,1032.393335
-0.65,11,1032.426226
1.14,4,1032.438141
-0.56,8,1032.464586
1.14,4,1032.477529
-0.41,9,1032.506539
-0.69,10,1032.533616
1.14,4,1032.546614
1.14,4,1032.5586
-0.57,9,1032.588266
-0.76,8,1032.618514
1.14,4,1032.631454
-0.62,11,1032.665245
1.14,4,1032.677699
-0.61,13,1032.750057
1.66,10,1032.835055
1.14,4,1032.845824
1.14,4,1032.857801
-0.74,7,1032.880664
-0.47,11,1032.912464
1.14,4,1032.924719
-0.41,9,1032.950488
1.14,4,1032.963336
-0.62,9,1032.992159
1.14,4,1033.001091
-0.08,14,1033.045578
-0.65,8,1033.076453
1.14,4,1033.088637
-0.71,7,1033.113089
-0.77,7,1033.136582
1.14,4,1033.149294
1.14,4,1033.162131
1.14,4,1033.176031
-0.51,12,1033.218602
1.14,4,1033.231945
1.68,11,1033.267215
1.14,4,1033.280809
1.19,5,1033.297241
1.14,4,1033.310402
-0.86,5,1033.327492
-0.2,16,1033.376696
1.6,11,1033.403064
-0.54,10,1033.438646
1.59,10,1033.473541
-0.47,10,1033.508174
1.14,4,1033.517652
1.37,10,1033.548606
1.14,4,1033.560561
1.39,8,1033.585349
1.14,4,1033.597084
1.46,8,1033.633351
1.58,9,1033.664838
-0.72,8,1033.693151
1.14,4,1033.705437
1.14,4,1033.717896
-0.54,9,1033.7479
1.14,4,1033.761106
1.14,4,1033.773943
1.14,4,1033.785763
1.14,4,1033.796357
1.14,4,1033.808537
1.14,4,1033.819967
-0.76,6,1033.841775
1.14,4,1033.855797
1.14,4,1033.873152
-0.53,10,1033.921855
1.14,4,1033.939828
1.14,4,1033.952538
-0.29,11,1033.995158
1.55,10,1034.092475
-0.62,11,1034.131495
1.14,4,1034.142954
1.42,10,1034.168805
1.14,4,1034.18151
-0.46,9,1034.211001
-0.72,8,1034.233708
-0.59,8,1034.260781
1.37,10,1034.291701
-0.76,6,1034.311077
-0.42,9,1034.336888
1.14,4,1034.349011
1.14,4,1034.361582
-0.77,7,1034.378103
-0.71,9,1034.400772
-0.76,7,1034.427426
-0.76,8,1034.451564
-0.61,8,1034.472933
-0.67,8,1034.497981
1.65,11,1034.535501
1.14,4,1034.545893
1.54,9,1034.574107
-0.44,13,1034.602484
1.14,4,1034.612136
-0.55,10,1034.646256
-0.83,7,1034.667969
-0.3,11,1034.703591
1.42,10,1034.729335
-0.2,13,1034.76478
1.6,12,1034.794395
1.47,12,1034.829831
1.14,4,1034.840576
1.14,4,1034.852536
-0.75,8,1034.878078
1.14,4,1034.891
1.14,4,1034.903181
-0.67,8,1034.928627
-0.27,13,1034.969333
1.55,11,1034.996296
1.43,10,1035.029413
1.4,9,1035.056499
-0.62,9,1035.087867
1.14,4,1035.097648
1.39,8,1035.123324
1.61,10,1035.150728
1.61,10,1035.177775
1.14,4,1035.19014
-0.62,9,1035.215931
1.14,4,1035.228582
-0.86,5,1035.244833
-0.77,7,1035.266514
-0.22,13,1035.306471
1.46,8,1035.331415
-0.85,6,1035.35291
1.14,4,1035.365824
-0.64,7,1035.382391
-0.36,14,1035.424942
1.14,4,1035.436827
1.46,8,1035.46253
1.53,10,1035.490608
-0.81,5,1035.507177
-0.88,7,1035.527127
1.65,11,1035.561207
-0.68,9,1035.584863
1.14,4,1035.594202
-0.44,10,1035.627375
1.35,9,1035.655936
-0.73,8,1035.678906
-0.66,9,1035.706903
1.14,4,1035.718785
-0.54,9,1035.75193
-0.76,8,1035.783938
-0.72,8,1035.820035
-0.61,13,1035.875428
1.14,4,1035.892826
1.14,4,1035.910678
-0.37,12,1035.949353
1.14,4,1035.964427
-0.76,6,1035.986244
1.5,10,1036.016097
-0.66,9,1036.049968
1.14,4,1036.063668
1.64,10,1036.096072
-0.74,9,1036.121674
-0.19,15,1036.16706
1.14,4,1036.177064
1.14,4,1036.189432
1.14,4,1036.200114
1.54,11,1036.227539
1.14,4,1036.238793
1.67,11,1036.271788
1.68,10,1036.30148
1.14,4,1036.311095
1.14,4,1036.323465
-0.64,8,1036.348063
-0.35,15,1036.395694
1.5,10,1036.509939
-0.66,7,1036.533872
1.19,5,1036.548725
1.41,8,1036.571566
1.61,9,1036.59794
-0.63,10,1036.63092
-0.76,6,1036.65019
-0.77,7,1036.674368
-0.42,10,1036.705369
1.63,11,1036.73788
-0.64,11,1036.765379
1.14,4,1036.777875
1.14,4,1036.791136
1.54,11,1036.822819
1.14,4,1036.835121
1.14,4,1036.847428
1.14,4,1036.860479
-0.71,7,1036.881155
1.14,4,1036.892168
-0.57,12,1036.928149
1.39,8,1036.951977
1.14,4,1036.961324
1.68,12,1036.999072
-0.66,7,1037.022848
-0.64,12,1037.05515
1.14,4,1037.063911
1.14,4,1037.076656
1.54,10,1037.108339
-0.44,9,1037.136157
1.69,10,1037.165844
1.66,10,1037.194074
1.14,4,1037.20579
-0.59,8,1037.230113
-0.46,9,1037.260776
1.71,10,1037.291764
1.14,4,1037.304216
-0.62,12,1037.339429
-0.57,15,1037.381757
1.34,7,1037.405371
1.14,4,1037.417001
-0.68,10,1037.447734
1.61,10,1037.473698
-0.35,11,1037.558409
1.66,10,1037.588133
-0.76,6,1037.607913
1.14,4,1037.619419
1.85,13,1037.649837
-0.48,12,1037.686606
1.19,5,1037.702613
1.61,9,1037.73102
1.14,4,1037.743334
-0.77,7,1037.766307
1.14,4,1037.777984
1.14,4,1037.789688
-0.51,12,1037.822595
1.63,10,1037.849734
1.68,10,1037.880632
1.14,4,1038.566343
1.48,10,1038.590494
1.14,4,1038.60297
1.14,4,1038.614004
-0.76,6,1038.629018
1.14,4,1038.640884
-0.75,7,1038.664856
-0.23,15,1038.712757
1.55,10,1038.745406
-0.18,13,1038.781457
-0.76,6,1038.796789
1.14,4,1038.806894
-0.63,13,1038.844436
1.55,11,1038.874698
1.14,4,1038.885324
-0.33,15,1038.930139
1.44,9,1038.956102
1.14,4,1038.967615
-0.56,8,1038.994933
-0.82,6,1039.015003
1.14,4,1039.026889
-0.36,12,1039.060252
1.14,4,1039.071737
1.14,4,1039.0832
1.14,4,1039.094804
1.54,10,1039.123975
1.14,4,1039.136075
-0.65,9,1039.16614
-0.55,12,1039.202557
-0.72,8,1039.227109
1.64,12,1039.259624
1.14,4,1039.271692
1.14,4,1039.28308
1.14,4,1039.293285
1.14,4,1039.303889
1.14,4,1039.312517
1.14,4,1039.324431
1.14,4,1039.33526
1.14,4,1039.346318
1.66,10,1039.376156
1.63,10,1039.407944
1.66,10,1039.439595
1.66,10,1039.465722
1.65,14,1039.500333
-0.5,13,1039.529954
-0.78,10,1039.560948
1.66,10,1039.589013
1.14,4,1039.598236
1.49,11,1039.628893
-0.72,8,1039.656125
1.14,4,1039.66673
1.57,11,1039.695739
1.14,4,1039.707508
-0.56,10,1039.737315
1.14,4,1039.745951
1.14,4,1039.758944
1.14,4,1039.77196
1.14,4,1039.784919
-0.5,10,1039.806659
-0.19,11,1039.842233
1.14,4,1039.853652
1.36,8,1039.874727
1.14,4,1039.886311
-0.73,8,1039.910448
1.68,11,1039.945842
1.19,5,1039.958651
-0.4,14,1039.993498
1.64,10,1040.024114
1.47,11,1040.059247
-0.55,13,1040.095587
-0.82,6,1040.11509
1.14,4,1040.126526
1.14,4,1040.138311
1.14,4,1040.148444
-0.78,8,1040.17124
1.14,4,1040.183141
1.14,4,1040.194848
1.14,4,1040.206796
-0.37,10,1040.23824
-0.54,9,1040.26697
1.14,4,1040.278732
1.71,11,1040.312747
1.52,14,1040.352356
1.14,4,1040.363714
-0.6,9,1040.386686
-0.57,13,1040.424318
1.14,4,1040.435525
1.14,4,1040.44638
-0.15,14,1040.488368
-0.66,7,1040.507617
1.14,4,1040.518082
1.49,11,1040.54631
1.51,9,1040.572925
1.42,9,1040.601223
-0.63,10,1040.626913
1.14,4,1040.638437
-0.32,11,1040.675138
1.39,10,1040.699847
1.14,4,1040.711524
1.14,4,1040.724811
1.14,4,1040.736934
1.29,7,1040.758443
1.61,10,1040.790891
-0.67,8,1040.817031
1.53,9,1040.845162
1.85,13,1040.881788
-0.8,10,1040.91233
-0.47,10,1040.944299
1.14,4,1040.957361
1.14,4,1040.969107
1.14,4,1040.978464
1.47,11,1041.01199
1.14,4,1041.024127
1.54,10,1041.04993
-0.66,8,1041.076026
-0.58,10,1041.107479
1.14,4,1041.118631
-0.69,13,1041.157626
1.14,4,1041.169353
-0.5,11,1041.205381
1.14,4,1041.217471
1.14,4,1041.226864
-0.71,9,1041.253163
1.14,4,1041.264658
1.14,4,1041.277088
1.54,9,1041.304604
1.14,4,1041.312892
1.14,4,1041.323017
1.14,4,1041.333822
-0.78,8,1041.357178
1.14,4,1041.370594
1.39,8,1041.392813
-0.54,11,1041.428615
1.74,13,1041.463989
-0.47,13,1041.502059
1.14,4,1041.513533
1.52,11,1041.548941
1.14,4,1041.556974
1.14,4,1041.5683
1.14,4,1041.579102
1.14,4,1041.590812
1.14,4,1041.602451
1.5,10,1041.628814
1.38,9,1041.656508
1.3,9,1041.679914
1.55,10,1041.706239
1.14,4,1041.718498
-0.83,7,1041.740221
1.14,4,1041.751296
1.14,4,1041.807414
1.39,8,1041.842242
-0.77,7,1041.864017
-0.47,10,1041.896301
1.14,4,1041.907833
1.63,10,1041.936507
-0.61,8,1041.963739
1.14,4,1041.974973
-0.87,6,1041.99543
1.14,4,1042.008432
-0.52,10,1042.041564
-0.83,7,1042.064133
1.14,4,1042.075563
-0.63,10,1042.105769
1.14,4,1042.117374
-0.61,8,1042.142522
1.14,4,1042.153037
1.14,4,1042.164107
-0.77,7,1042.184414
1.14,4,1042.196438
1.14,4,1042.206879
1.36,11,1042.239579
-0.66,13,1042.273196
1.32,9,1042.294936
1.53,11,1042.329797
1.45,10,1042.360464
1.85,14,1042.400671
1.62,11,1042.433191
1.73,11,1042.469294
1.14,4,1042.481694
1.14,4,1042.493534
-0.67,9,1042.521666
1.14,4,1042.533252
1.14,4,1042.544399
-0.66,7,1042.565174
1.56,9,1042.594028
1.14,4,1042.606589
1.14,4,1042.619024
-0.71,7,1042.643153
1.14,4,1042.656795
1.14,4,1042.669598
1.54,11,1042.703296
1.14,4,1042.715628
-0.42,9,1042.745124
-0.54,9,1042.775598
-0.6,9,1042.804876
1.66,10,1042.835427
-0.77,7,1042.858116
1.61,10,1042.889912
-0.56,13,1042.927369
-0.77,10,1042.960673
1.47,13,1042.998819
1.14,4,1043.007384
1.14,4,1043.01852
-0.76,6,1043.037612
-0.72,8,1043.0634
1.6,11,1043.096018
1.55,10,1043.121125
1.14,4,1043.132315
-0.61,11,1043.162632
1.39,11,1043.194052
1.46,9,1043.224647
-0.67,14,1043.266676
-0.37,11,1043.295053
1.14,4,1043.305534
1.14,4,1043.318428
-0.67,8,1043.345165
1.69,10,1043.374971
1.14,4,1043.385689
-0.72,8,1043.411615
1.14,4,1043.424443
1.31,10,1043.456355
-0.88,7,1043.481423
-0.77,7,1043.504003
1.39,10,1043.533809
-0.77,9,1043.560626
-0.39,10,1043.595451
-0.56,11,1043.637995
-0.51,12,1043.675418
1.19,6,1043.694118
1.14,4,1043.705988
1.14,4,1043.71912
1.14,4,1043.730896
1.14,4,1043.741328
-0.61,11,1043.773668
1.14,4,1043.785748
-0.69,11,1043.820596
-0.67,8,1043.846046
1.61,10,1043.877861
1.14,4,1043.889656
1.53,10,1043.921932
1.14,4,1043.934819
-0.53,11,1043.967305
-0.7,9,1043.997782
1.55,10,1044.028057
1.14,4,1044.040038
-0.37,10,1044.070897
1.14,4,1044.081651
1.37,10,1044.106961
1.18,9,1044.133124
-0.8,10,1044.163815
-0.53,10,1044.19011
1.14,4,1044.202967
1.14,4,1044.215886
-0.9,9,1044.241292
1.44,9,1044.271005
1.14,4,1044.282358
1.68,13,1044.315945
1.14,4,1044.327313
-0.53,11,1044.357892
1.14,4,1044.369205
1.14,4,1044.381664
1.67,11,1044.413293
-0.42,11,1044.444766
1.39,10,1044.472739
1.14,4,1044.484958
1.14,4,1044.497823
-0.64,7,1044.520548
-0.66,7,1044.543291
-0.72,7,1044.566064
1.55,10,1044.595997
1.14,4,1044.605859
1.41,11,1044.641684
-0.64,8,1044.67074
-0.77,7,1045.452649
-0.77,7,1045.476831
-0.74,9,1045.500431
1.53,10,1045.531683
1.14,4,1045.54327
1.14,4,1045.554971
1.46,8,1045.576043
1.14,4,1045.586116
1.14,4,1045.598325
1.14,4,1045.610579
1.14,4,1045.622409
1.14,4,1045.634494
1.14,4,1045.644997
1.46,9,1045.671
-0.45,10,1045.70859
-0.27,12,1045.748463
1.55,10,1045.778625
-0.53,13,1045.876615
1.41,11,1045.908597
1.19,5,1045.923513
1.14,4,1045.936885
-0.82,7,1045.959508
-0.72,7,1045.984562
-0.73,9,1046.019676
1.14,4,1046.032319
1.8,13,1046.071442
1.14,4,1046.0828
-0.82,9,1046.112061
-0.66,7,1046.135908
1.42,10,1046.168142
1.14,4,1046.180229
-0.42,14,1046.222286
-0.74,9,1046.250517
-0.76,6,1046.271414
1.14,4,1046.283077
1.14,4,1046.295127
1.14,4,1046.306961
1.14,4,1046.317319
1.52,11,1046.350052
1.46,9,1046.371553
-0.39,12,1046.405818
-0.68,11,1046.433991
1.14,4,1046.44621
1.14,4,1046.458143
-0.77,7,1046.481962
1.14,4,1046.494051
-0.55,9,1046.52153
-0.6,9,1046.553618
1.55,10,1046.584786
1.66,10,1046.612793
1.64,10,1046.642526
1.53,10,1046.67422
1.68,11,1046.708968
-0.7,12,1046.746475
1.14,4,1046.758652
1.76,11,1046.794279
1.66,10,1046.823041
1.61,10,1046.86349
-0.61,8,1046.903497
-0.51,8,1046.933646
1.14,4,1046.945671
1.14,4,1046.957472
1.14,4,1046.970133
-0.24,12,1047.005883
1.14,4,1047.01845
1.14,4,1047.030349
-0.41,10,1047.065697
1.55,10,1047.093728
1.14,4,1047.102467
1.66,10,1047.132505
1.14,4,1047.1443
1.83,12,1047.179888
1.14,4,1047.190145
-0.66,7,1047.215216
1.55,10,1047.246015
-0.8,6,1047.26377
1.5,10,1047.295691
1.14,4,1047.308335
1.7,12,1047.34794
1.5,11,1047.382123
1.14,4,1047.394793
-0.47,11,1047.43281
-0.37,11,1047.468365
1.71,10,1047.499434
1.14,4,1047.511617
1.56,9,1047.53713
1.33,8,1047.561543
1.44,8,1047.586855
-0.58,11,1047.623121
-0.75,8,1047.645586
1.56,9,1047.671779
-0.78,10,1047.703968
1.14,4,1047.717155
1.46,8,1047.744166
1.14,4,1047.755764
1.14,4,1047.768359
1.14,4,1047.779317
-0.54,12,1047.814264
-0.63,12,1047.846389
1.14,4,1047.858939
1.14,4,1047.869463
1.14,4,1047.881655
1.14,4,1047.893948
1.14,4,1047.902563
-0.42,10,1047.935962
1.14,4,1047.947786
1.66,10,1047.980219
-0.53,11,1048.014899
1.46,8,1048.037687
-0.3,14,1048.08538
-0.41,10,1048.112535
1.14,4,1048.122972
1.58,9,1048.150413
-0.56,11,1048.181967
1.66,10,1048.214795
1.55,10,1048.314473
1.14,4,1048.326977
1.14,4,1048.338824
1.39,8,1048.362897
1.14,4,1048.374713
1.14,4,1048.387056
-0.37,10,1048.419653
1.14,4,1048.431994
-0.48,11,1048.466809
-0.51,14,1048.501905
-0.6,8,1048.522456
1.38,9,1048.550238
1.14,4,1048.56174
1.14,4,1048.572549
1.44,10,1048.603688
1.14,4,1048.615848
1.14,4,1048.626564
1.14,4,1048.63738
1.14,4,1048.650303
-0.48,12,1048.687181
1.14,4,1048.700126
1.67,11,1048.733897
-0.71,7,1048.757765
-0.7,8,1048.786477
1.14,4,1048.799717
1.14,4,1048.81249
1.61,10,1048.840816
-0.83,7,1048.861572
-0.67,11,1048.898168
1.14,4,1048.909241
1.14,4,1048.918397
-0.56,8,1048.946246
1.14,4,1048.959008
1.14,4,1048.972124
-0.52,10,1049.006963
1.14,4,1049.017043
1.54,11,1049.053729
1.14,4,1049.064874
1.46,8,1049.090026
-0.88,9,1049.114088
-0.71,7,1049.137591
-0.71,7,1049.16094
1.74,11,1049.24448
1.58,10,1049.277511
-0.79,9,1049.302936
-0.58,10,1049.335478
1.14,4,1049.346056
-0.46,10,1049.378749
-0.61,11,1049.411584
1.14,4,1049.423541
-0.51,9,1049.455951
-0.77,7,1049.482965
-0.55,9,1049.510893
-0.44,11,1049.537117
-0.72,7,1049.557299
-0.63,10,1049.587365
-0.61,12,1049.618301
1.14,4,1049.629117
1.14,4,1049.641125
-0.83,7,1049.662771
1.14,4,1049.674839
-0.59,8,1049.694772
1.39,8,1049.714142
1.14,4,1049.726862
1.14,4,1049.737088
-0.82,6,1049.757521
1.19,5,1049.773204
1.71,10,1049.806485
-0.74,6,1049.827362
1.28,7,1049.847765
1.63,10,1049.874137
1.61,10,1049.903064
1.14,4,1049.914712
1.5,10,1049.947399
1.55,10,1049.979973
-0.49,12,1050.014341
1.14,4,1050.025408
1.42,10,1050.053276
-0.54,8,1050.0753
1.14,4,1050.084201
1.14,4,1050.095714
1.14,4,1050.107429
1.39,10,1050.131459
1.14,4,1050.144208
1.44,8,1050.169088
1.14,4,1050.181696
1.14,4,1050.194018
1.69,12,1050.23048
1.56,9,1050.253871
1.63,10,1050.282287
-0.39,9,1050.309641
-0.42,11,1050.339934
-0.53,10,1050.369952
-0.4,11,1050.40163
1.5,10,1050.435952
-0.49,9,1050.467068
-0.56,8,1050.494259
1.46,8,1050.517919
1.37,10,1050.547931
1.64,10,1050.577389
1.61,10,1050.608895
-0.5,13,1050.648503
1.58,11,1050.680744
1.14,4,1050.692597
1.46,9,1050.722942
1.46,8,1050.748738
1.55,10,1050.7781
-0.66,7,1050.800549
1.14,4,1050.812077
1.14,4,1050.82363
1.14,4,1050.835241
1.45,11,1050.868972
1.44,8,1050.891749
-0.6,9,1050.917993
1.14,4,1050.92925
-0.61,10,1050.962325
1.14,4,1050.973297
1.14,4,1050.984299
1.14,4,1050.995168
1.14,4,1051.0064
-0.67,8,1051.032657
-0.59,11,1051.064716
1.14,4,1051.075404
-0.62,9,1051.106757
1.14,4,1051.115475
1.14,4,1051.127531
1.14,4,1051.136709
1.14,4,1051.1486
1.14,4,1051.160782
-0.76,6,1051.177015
-0.45,11,1051.208042
1.14,4,1051.216847
-0.52,10,1051.24683
1.55,10,1051.27739
1.14,4,1051.290157
1.14,4,1051.301531
1.14,4,1051.312186
1.14,4,1051.323667
1.61,10,1051.351872
1.14,4,1051.363808
1.49,9,1051.392811
1.14,4,1051.402234
1.14,4,1051.415334
-0.45,11,1051.452111
1.14,4,1051.466301
1.14,4,1051.480241
1.14,4,1051.492627
-0.57,10,1051.521624
1.43,9,1051.547424
1.55,10,1051.578857
1.14,4,1051.591001
1.14,4,1051.602324
1.14,4,1051.615252
1.14,4,1051.628202
1.14,4,1051.64013
1.54,9,1051.669126
1.14,4,1051.683688
-0.52,10,1051.72219
1.14,4,1051.73488
1.14,4,1051.745323
-0.44,10,1051.777528
-0.71,7,1051.80967
1.14,4,1051.825182
1.14,4,1051.839924
-0.43,11,1051.88433
1.78,11,1051.927615
1.14,4,1052.759668
1.21,12,1052.797148
1.14,4,1052.807982
1.14,4,1052.819157
-0.63,10,1052.844706
1.14,4,1052.856138
1.14,4,1052.868139
1.78,11,1052.901762
-0.73,9,1052.932179
1.14,4,1052.949193
1.14,4,1052.961522
1.6,11,1053.001879
-0.8,10,1053.045361
-0.76,6,1053.068249
-0.59,10,1053.105797
1.37,10,1053.141762
-0.74,10,1053.179181
1.66,10,1053.251694
1.46,9,1053.27875
1.56,10,1053.30442
-0.54,8,1053.328716
-0.77,9,1053.355451
-0.76,8,1053.375023
-0.68,10,1053.405316
-0.62,9,1053.429945
1.14,4,1053.443297
1.14,4,1053.45479
1.14,4,1053.46758
1.14,4,1053.480284
1.45,9,1053.51441
1.14,4,1053.527269
-0.64,8,1053.559474
-0.73,9,1053.594027
1.63,10,1053.626059
1.61,10,1053.655555
-0.86,7,1053.678597
-0.66,10,1053.702479
-0.56,11,1053.740843
-0.72,11,1053.77682
1.56,10,1053.802692
-0.62,9,1053.831579
-0.72,7,1053.856713
1.68,10,1053.882463
-0.69,7,1053.899637
1.39,8,1053.924165
1.14,4,1053.935818
-0.48,10,1053.969423
1.54,12,1053.998227
1.14,4,1054.009852
1.41,11,1054.040936
-0.69,11,1054.075036
-0.68,14,1054.111515
1.14,4,1054.123086
1.59,10,1054.153767
-0.69,11,1054.188331
-0.71,6,1054.207554
1.14,4,1054.218086
1.14,4,1054.22962
1.61,10,1054.258273
1.14,4,1054.26993
1.14,4,1054.281812
1.14,4,1054.294806
-0.69,8,1054.321413
1.46,8,1054.346885
1.55,10,1054.376587
-0.76,6,1054.395334
1.14,4,1054.407572
-0.27,15,1054.45225
1.14,4,1054.461015
1.14,4,1054.471009
-0.68,9,1054.498832
-0.2,11,1054.531641
1.18,7,1054.553424
-0.31,12,1054.58892
-0.77,7,1054.60963
1.44,10,1054.638708
-0.5,10,1054.673175
1.14,4,1054.685041
1.14,4,1054.696481
1.14,4,1054.708541
-0.65,10,1054.739883
1.14,4,1054.748905
-0.58,13,1054.792076
1.14,4,1054.80384
1.14,4,1054.812134
-0.78,7,1054.833474
-0.58,10,1054.864263
1.14,4,1054.877133
1.4,9,1054.899575
1.14,4,1054.909893
1.19,5,1054.923349
-0.54,8,1054.947503
-0.69,7,1054.96639
-0.39,13,1055.004478
1.14,4,1055.012452
-0.59,8,1055.038174
-0.58,10,1055.064808
-0.62,12,1055.096581
1.14,4,1055.108665
-0.67,8,1055.133935
1.14,4,1055.146129
1.75,12,1055.180693
-0.81,5,1055.196908
1.14,4,1055.207994
1.47,10,1055.235707
1.14,4,1055.245228
1.14,4,1055.256242
1.14,4,1055.267321
1.14,4,1055.279202
1.14,4,1055.290975
1.14,4,1055.301047
-0.93,6,1055.32213
-0.69,13,1055.36154
1.14,4,1055.371605
1.14,4,1055.382204
1.14,4,1055.393267
-0.54,10,1055.417105
-0.51,9,1055.447522
-0.37,10,1055.483051
-0.76,6,1055.503611
1.55,11,1055.591742
1.14,4,1055.612951
1.14,4,1055.625098
1.14,4,1055.637407
-0.52,10,1055.660315
1.14,4,1055.671903
1.43,9,1055.696989
-0.78,13,1055.737946
1.14,4,1055.747118
-0.63,10,1055.780002
1.14,4,1055.791234
1.39,13,1055.83195
-0.61,11,1055.859115
-0.46,9,1055.884391
1.55,11,1055.917116
1.14,4,1055.929285
-0.66,7,1055.948241
1.56,12,1055.981776
-0.78,8,1056.000627
1.14,4,1056.012362
1.14,4,1056.022995
-0.43,13,1056.06269
1.14,4,1056.072986
-0.7,9,1056.101729
1.36,8,1056.121833
1.14,4,1056.132399
1.14,4,1056.141734
1.14,4,1056.152861
1.14,4,1056.16353
-0.6,10,1056.198235
1.14,4,1056.208226
-0.64,8,1056.232373
-0.76,6,1056.247645
1.38,8,1056.272538
1.14,4,1056.284021
-0.7,9,1056.310555
1.14,4,1056.372809
1.14,4,1056.39558
1.14,4,1056.408473
1.66,10,1056.440048
1.14,4,1056.448095
1.34,7,1056.469765
-0.88,6,1056.483038
1.14,4,1056.492664
-0.77,7,1056.511258
1.14,4,1056.522399
1.78,11,1056.553098
1.46,11,1056.587509
1.14,4,1056.596158
1.14,4,1056.608455
-0.58,10,1056.638524
-0.75,7,1056.654249
-0.67,8,1056.677673
1.57,11,1056.711091
-0.8,7,1056.734764
1.14,4,1056.749514
1.69,10,1056.780746
-0.75,7,1056.809608
-0.49,11,1056.847029
-0.44,14,1056.906189
1.14,4,1056.919968
-0.57,8,1056.951794
1.66,10,1056.989182
1.14,4,1056.998531
-0.74,6,1057.021262
-0.21,13,1057.060892
1.14,4,1057.072292
-0.82,6,1057.091065
1.71,10,1057.120638
-0.71,7,1057.138682
-0.69,10,1057.171495
-0.56,8,1057.193469
1.14,4,1057.206377
1.49,9,1057.23423
1.14,4,1057.246774
1.8,13,1057.284066
1.14,4,1057.293025
1.14,4,1057.303312
1.14,4,1057.314248
1.14,4,1057.326081
1.14,4,1057.338397
1.14,4,1057.349981
1.37,10,1057.380169
-0.81,7,1057.402064
-0.69,8,1057.429142
1.55,10,1057.462996
1.14,4,1057.474351
-0.55,9,1057.501496
-0.66,9,1057.522328
-0.73,8,1057.548216
-0.88,7,1057.573651
-0.34,11,1057.60464
-0.67,8,1057.630263
1.83,12,1057.663226
1.14,4,1057.675908
1.14,4,1057.68828
1.44,11,1057.721734
1.53,10,1057.750362
-0.92,5,1057.762874
1.14,4,1057.772983
1.14,4,1057.785191
1.14,4,1057.796652
1.14,4,1057.808733
1.14,4,1057.821599
1.14,4,1057.833994
1.14,4,1057.846224
1.14,4,1057.858348
1.14,4,1057.870557
-0.74,10,1057.902306
1.14,4,1057.914435
1.14,4,1057.927796
1.33,8,1057.956149
-0.57,10,1057.993314
1.14,4,1058.004819
1.14,4,1058.018834
-0.59,9,1058.054022
-0.59,8,1058.087005
-0.59,11,1058.127775
-0.66,7,1058.153752
-0.42,11,1058.193179
1.14,4,1058.207128
-0.7,8,1058.237445
-0.58,12,1058.278488
-0.6,10,1058.312438
1.14,4,1058.323587
1.64,10,1058.357442
-0.18,14,1058.410464
1.14,4,1058.423473
1.55,10,1058.458672
-0.57,11,1058.490545
1.14,4,1058.502655
-0.77,9,1058.528018
-0.82,7,1058.548631
-0.76,6,1058.568118
1.14,4,1058.580084
1.5,11,1058.617272
-0.35,14,1058.652564
1.14,4,1058.66364
-0.67,8,1058.687855
-0.91,4,1058.702044
1.14,4,1058.713214
-0.45,11,1058.748878
1.45,9,1058.776945
1.14,4,1058.789655
-0.44,10,1058.816072
1.57,10,1058.844562
-0.76,6,1058.864751
1.75,12,1058.900952
1.14,4,1058.91137
1.32,9,1058.933296
-0.8,7,1058.952908
-0.76,6,1058.970756
1.14,4,1058.979573
1.59,9,1059.005311
1.4,9,1059.027487
-0.56,8,1059.054299
1.7,11,1059.090162
1.14,4,1059.101043
1.14,4,1059.111286
1.14,4,1059.12291
-0.62,9,1059.15296
1.57,11,1059.973013
1.14,4,1059.984656
1.14,4,1059.994615
1.14,4,1060.00685
1.14,4,1060.021063
-0.63,10,1060.05458
1.19,5,1060.070032
-0.52,10,1060.101307
1.46,8,1060.126005
-0.62,11,1060.160068
1.14,4,1060.171962
1.71,10,1060.203187
-0.53,12,1060.239077
-0.32,12,1060.27107
1.14,4,1060.280791
1.14,4,1060.291549
1.52,11,1060.325572
1.14,4,1060.337874
1.14,4,1060.384723
-0.41,9,1060.452811
1.14,4,1060.462982
-0.36,10,1060.501526
1.53,10,1060.529716
1.52,11,1060.556928
1.59,9,1060.583442
1.14,4,1060.593321
-0.32,10,1060.626164
1.14,4,1060.63939
-0.35,12,1060.671664
-0.54,8,1060.698918
1.14,4,1060.710132
1.14,4,1060.722923
1.14,4,1060.735561
1.55,10,1060.76303
-0.81,8,1060.787332
1.14,4,1060.799
1.14,4,1060.810754
1.14,4,1060.825093
-0.87,5,1060.841972
1.65,11,1060.876616
1.14,4,1060.888517
1.14,4,1060.899421
1.14,4,1060.91015
-0.51,9,1060.939746
1.14,4,1060.95243
1.63,10,1060.985244
1.14,4,1060.997886
-0.44,14,1061.044112
1.14,4,1061.054698
1.29,7,1061.072957
1.14,4,1061.086124
1.14,4,1061.100334
-0.43,14,1061.141531
1.14,4,1061.151775
1.14,4,1061.161771
1.14,4,1061.171302
1.14,4,1061.182675
1.14,4,1061.193908
1.14,4,1061.203943
-0.67,9,1061.231107
1.14,4,1061.241125
-0.39,9,1061.272545
1.14,4,1061.28492
1.54,11,1061.310368
1.56,9,1061.339926
1.5,11,1061.37343
1.14,4,1061.385381
-0.62,9,1061.410724
1.78,11,1061.445233
1.71,10,1061.479519
1.14,4,1061.491902
1.14,4,1061.505636
1.56,10,1061.536414
-0.54,9,1061.565103
-0.64,7,1061.588363
1.58,10,1061.616587
1.14,4,1061.627593
1.34,7,1061.650114
1.56,10,1061.682425
-0.58,10,1061.715387
1.14,4,1061.723933
1.36,11,1061.751916
1.14,4,1061.759902
-0.77,10,1061.791165
1.62,11,1061.826164
1.14,4,1061.838488
1.14,4,1061.851159
1.14,4,1061.862767
1.71,10,1061.893488
1.14,4,1061.905705
1.62,11,1061.935465
1.36,8,1061.961605
1.14,4,1061.973832
-0.64,8,1061.997397
1.37,10,1062.022893
1.14,4,1062.033953
1.14,4,1062.045221
1.14,4,1062.056513
-0.31,15,1062.098089
1.14,4,1062.106525
1.55,10,1062.137748
-0.59,8,1062.163614
-0.69,13,1062.201095
-0.58,10,1062.22896
1.14,4,1062.240075
1.14,4,1062.251322
1.14,4,1062.263439
-0.71,6,1062.28402
1.14,4,1062.295122
1.64,10,1062.327756
-0.63,10,1062.355755
1.14,4,1062.36742
1.14,4,1062.377594
1.61,9,1062.403286
1.14,4,1062.413979
1.14,4,1062.425625
1.58,9,1062.456059
-0.38,14,1062.498503
-0.76,6,1062.521441
1.61,10,1062.553938
1.33,8,1062.577708
1.14,4,1062.589531
-0.5,10,1062.621074
1.14,4,1062.63424
-0.53,12,1062.667711
1.71,10,1062.698717
-0.5,10,1062.723163
1.35,9,1062.747803
1.14,4,1062.755623
-0.59,8,1062.780717
-0.59,9,1062.815129
1.14,4,1062.828334
-0.77,7,1062.854799
-0.72,7,1062.882434
-0.69,7,1062.906746
1.14,4,1062.919893
1.5,10,1062.953256
1.14,4,1062.96587
-0.44,12,1063.008958
-0.81,7,1063.031952
1.4,9,1063.067098
1.48,9,1063.102114
-0.63,12,1063.146032
-0.69,12,1063.179723
1.14,4,1063.192376
1.14,4,1063.204459
1.14,4,1063.215804
1.66,10,1063.250704
-0.64,11,1063.360145
1.14,4,1063.389228
-0.54,12,1063.430286
1.14,4,1063.440061
-0.61,8,1063.46932
1.67,11,1063.506154
1.14,4,1063.519712
1.5,10,1063.55322
-0.53,11,1063.589695
1.14,4,1063.605529
1.44,11,1063.647145
1.19,5,1063.663927
-0.42,9,1063.696108
-0.73,8,1063.724615
-0.77,7,1063.751871
-0.54,12,1063.792133
1.45,9,1063.824027
1.14,4,1063.837159
-0.73,8,1063.867604
1.14,4,1063.881496
-0.62,9,1063.914653
1.61,10,1063.949164
1.14,4,1063.960757
-0.68,9,1063.991863
1.53,11,1064.036972
1.57,11,1064.070501
1.14,4,1064.081928
1.14,4,1064.093509
1.14,4,1064.105082
1.31,10,1064.135439
-0.76,6,1064.1546
-0.64,8,1064.182597
1.14,4,1064.196484
-0.52,10,1064.22522
-0.56,10,1064.256044
1.14,4,1064.270824
-0.4,11,1064.305877
-0.31,13,1064.38779
1.14,4,1064.42496
1.14,4,1064.442765
1.14,4,1064.455543
-0.75,7,1064.475791
-0.62,9,1064.506122
-0.71,7,1064.528357
1.39,8,1064.554018
1.14,4,1064.566432
1.14,4,1064.576975
-0.68,9,1064.601492
-0.47,10,1064.630141
1.14,4,1064.638484
-0.6,10,1064.664733
1.14,4,1064.672707
1.14,4,1064.684819
1.14,4,1064.696224
1.14,4,1064.706499
-0.66,7,1064.731441
-0.74,10,1064.761676
1.14,4,1064.773651
-0.57,11,1064.808574
-0.5,14,1064.85236
-0.78,10,1064.881448
1.14,4,1064.890479
-0.54,13,1064.931389
1.14,4,1064.942979
-0.47,13,1064.981649
1.5,11,1065.014842
1.14,4,1065.028416
1.14,4,1065.040209
1.19,5,1065.052253
1.63,12,1065.08559
1.14,4,1065.09487
1.55,10,1065.123111
1.14,4,1065.134242
1.41,11,1065.162665
1.62,11,1065.196607
-0.76,6,1065.214864
1.14,4,1065.227962
1.55,10,1065.258361
1.58,10,1065.287747
-0.71,6,1065.303751
1.49,9,1065.331517
1.66,10,1065.36229
-0.62,9,1065.387455
1.14,4,1065.401211
1.71,10,1065.43312
1.14,4,1065.445329
1.39,10,1065.477396
1.14,4,1065.486941
1.44,8,1065.511556
-0.68,12,1065.54711
1.14,4,1065.559017
1.14,4,1065.568842
-0.44,10,1065.600718
1.14,4,1065.613025
1.68,10,1065.643267
-0.57,10,1065.674732
-0.61,8,1065.696679
-0.64,7,1065.719378
-0.93,6,1065.739489
-0.41,10,1065.770751
-0.45,15,1065.810672
1.14,4,1065.822153
1.54,10,1065.847513
1.14,4,1065.85919
1.14,4,1065.870657
1.14,4,1065.883736
1.14,4,1065.896113
1.14,4,1065.907872
-0.44,10,1065.940373
-0.69,7,1065.965889
1.56,9,1065.994402
1.14,4,1066.003353
1.14,4,1066.015198
1.14,4,1066.027607
1.53,12,1066.068407
-0.43,11,1066.107688
-0.56,8,1066.13481
1.71,10,1066.163957
1.14,4,1066.175412
-0.63,10,1066.201104
1.14,4,1066.21439
1.51,9,1066.242706
-0.71,7,1066.266665
1.14,4,1066.278571
1.14,4,1066.287236
1.14,4,1066.29779
1.49,9,1066.322054
1.14,4,1066.333663
1.14,4,1066.345294
1.14,4,1066.354108
1.65,11,1066.391636
-0.64,11,1066.424089
1.14,4,1066.433605
1.22,8,1066.457001
1.63,10,1066.489732
1.14,4,1067.388339
1.14,4,1067.401797
1.14,4,1067.413597
-0.94,7,1067.430659
1.46,8,1067.458905
-0.71,10,1067.4838
-0.39,13,1067.523914
-0.66,8,1067.552253
1.14,4,1067.564415
1.33,8,1067.58804
1.14,4,1067.600338
1.14,4,1067.613883
-0.43,14,1067.655961
-0.76,6,1067.670993
-0.77,7,1067.69085
-0.19,12,1067.729598
-0.62,9,1067.764981
-0.62,9,1067.8066
1.14,4,1067.81627
-0.77,8,1067.839714
1.14,4,1067.852038
1.14,4,1067.865424
1.66,10,1067.89521
1.42,10,1067.926501
1.14,4,1067.935902
1.56,9,1067.963178
1.14,4,1067.974039
-0.94,7,1067.994947
-0.77,10,1068.025637
1.31,10,1068.049685
1.14,4,1068.06217
1.14,4,1068.075318
-0.65,8,1068.099461
-0.39,9,1068.127394
-0.74,10,1068.154566
-0.65,10,1068.184646
1.14,4,1068.196247
-0.83,7,1068.220352
1.6,10,1068.251074
1.63,10,1068.278371
1.6,12,1068.315588
1.73,11,1068.398616
-0.31,13,1068.43292
-0.45,15,1068.474795
1.58,9,1068.502362
1.14,4,1068.515542
1.63,10,1068.545235
1.46,8,1068.572149
-0.48,11,1068.606305
1.68,10,1068.63899
1.14,4,1068.651248
1.14,4,1068.663373
1.14,4,1068.67487
-0.6,11,1068.707864
1.52,11,1068.73937
1.14,4,1068.748742
-0.65,8,1068.772248
-0.22,11,1068.800324
-0.78,8,1068.829865
1.14,4,1068.842419
1.55,10,1068.874072
1.56,9,1068.903283
1.14,4,1068.915847
1.14,4,1068.927175
-0.44,9,1068.950395
-0.42,10,1068.985618
1.14,4,1068.998979
1.14,4,1069.012715
-0.34,10,1069.046345
1.14,4,1069.057236
1.14,4,1069.068823
-0.55,9,1069.093895
1.14,4,1069.1048
1.36,8,1069.127165
-0.76,6,1069.14557
1.14,4,1069.159164
1.14,4,1069.172037
1.14,4,1069.184795
1.34,7,1069.209406
-0.65,9,1069.238892
1.66,10,1069.270236
-0.66,8,1069.295713
1.67,11,1069.32998
1.14,4,1069.341082
-0.71,12,1069.374582
-0.56,11,1069.410645
1.14,4,1069.423837
1.14,4,1069.436345
1.6,11,1069.470403
-0.57,15,1069.511062
1.14,4,1069.52319
1.51,12,1069.557835
1.14,4,1069.569989
-0.61,10,1069.599389
1.56,9,1069.626215
-0.26,14,1069.670192
1.51,9,1069.694534
1.14,4,1069.707074
1.14,4,1069.719188
-0.56,11,1069.748475
-0.5,10,1069.770857
1.14,4,1069.783705
1.14,4,1069.795986
1.14,4,1069.80752
-0.54,12,1069.843842
1.81,12,1069.881061
1.14,4,1069.893924
-0.7,8,1069.914524
1.65,12,1069.946133
-0.6,9,1069.972991
-0.49,9,1069.995786
1.14,4,1070.007774
-0.73,9,1070.035026
1.14,4,1070.047097
-1.01,8,1070.071625
1.14,4,1070.081316
1.14,4,1070.09285
-0.71,7,1070.116032
-0.39,13,1070.15582
-0.27,15,1070.198823
-0.72,7,1070.221401
1.14,4,1070.233723
1.14,4,1070.246329
1.14,4,1070.256959
1.14,4,1070.267668
-0.62,9,1070.29122
1.54,11,1070.32166
1.14,4,1070.333096
1.14,4,1070.345706
1.14,4,1070.35693
-0.8,10,1070.382504
-0.54,8,1070.40362
-0.59,8,1070.431686
1.14,4,1070.444859
1.14,4,1070.456734
-0.62,14,1070.492738
1.49,12,1070.524414
-0.57,10,1070.55406
1.14,4,1070.565238
1.14,4,1070.577178
1.46,12,1070.613477
-0.45,11,1070.650483
-0.7,11,1070.684644
-0.71,6,1070.706495
-0.84,8,1070.730255
-0.66,7,1070.750423
1.14,4,1070.763255
-0.76,6,1070.782186
1.14,4,1070.794536
-0.65,9,1070.823283
1.27,9,1070.853271
1.51,9,1070.883463
1.14,4,1070.895476
1.63,10,1070.926249
1.14,4,1070.936353
1.14,4,1070.946444
-0.87,8,1070.972838
1.14,4,1070.98604
1.14,4,1070.999316
-0.78,11,1071.038067
1.14,4,1071.048404
1.14,4,1071.06008
1.14,4,1071.072563
1.71,10,1071.101277
-0.46,13,1071.139038
1.14,4,1071.14687
-0.51,13,1071.180258
-0.71,12,1071.217988
1.14,4,1071.228642
1.55,12,1071.266003
-0.83,7,1071.287311
1.14,4,1071.299246
1.46,9,1071.32596
1.14,4,1071.335461
1.14,4,1071.347876
1.14,4,1071.360514
1.14,4,1071.372958
1.14,4,1071.384017
1.14,4,1071.396332
1.14,4,1071.408554
1.14,4,1071.419463
1.14,4,1071.429277
1.56,9,1071.458529
1.14,4,1071.47099
-0.76,6,1071.490489
1.14,4,1071.499758
-0.76,6,1071.520821
1.14,4,1071.532452
1.39,10,1071.560112
1.5,10,1071.644678
1.14,4,1071.654886
1.14,4,1071.667206
-0.35,13,1071.707066
1.49,11,1071.741669
-0.65,9,1071.770258
1.14,4,1071.78103
-0.83,7,1071.804924
1.51,9,1071.831491
1.5,10,1071.863942
1.14,4,1071.876093
-0.51,12,1071.909074
1.14,4,1071.918715
1.62,11,1071.944767
-0.72,8,1071.969152
1.14,4,1071.978567
1.14,4,1071.989361
1.14,4,1072.000483
1.14,4,1072.0105
1.19,5,1072.024676
1.14,4,1072.034116
-0.66,7,1072.058134
1.41,8,1072.081787
1.14,4,1072.093163
1.14,4,1072.105256
-0.66,7,1072.129943
1.64,11,1072.159339
1.14,4,1072.169375
-0.77,7,1072.188679
-0.45,11,1072.219704
-0.92,5,1072.236138
1.14,4,1072.248041
1.14,4,1072.259449
1.14,4,1072.271616
1.14,4,1072.279695
1.14,4,1072.291028
1.14,4,1072.303189
-0.67,12,1072.336972
1.14,4,1072.346063
1.14,4,1072.358215
-0.56,11,1072.386478
1.45,10,1072.412463
-0.74,12,1072.449651
1.14,4,1072.461896
1.14,4,1072.474969
-0.66,9,1072.502548
1.14,4,1072.514391
1.14,4,1072.527482
-0.66,10,1072.54952
1.45,9,1072.570858
1.14,4,1072.581736
1.65,13,1072.624784
1.14,4,1072.635511
1.14,4,1072.645518
1.14,4,1072.657682
1.14,4,1072.669488
1.14,4,1072.678636
-0.7,8,1072.704841
-0.37,10,1072.734168
-0.59,9,1072.764972
1.4,9,1072.793452
1.14,4,1072.80556
1.14,4,1072.81652
1.14,4,1072.828031
1.14,4,1072.840523
1.14,4,1072.850996
1.14,4,1072.863045
-0.44,13,1072.898506
1.14,4,1072.909854
1.69,12,1072.945844
-0.73,9,1072.971799
1.61,10,1073.003681
1.14,4,1073.014961
-0.68,9,1073.042913
1.14,4,1073.054114
1.14,4,1073.063143
1.14,4,1073.075129
-0.76,6,1073.092987
1.14,4,1073.10457
-0.8,10,1073.131334
-0.36,13,1073.17
1.14,4,1073.180512
-0.45,13,1073.21739
-0.46,9,1073.249147
-0.72,7,1073.273765
1.14,4,1073.285755
-0.66,7,1073.309765
1.14,4,1073.320871
1.14,4,1073.329859
1.65,11,1073.355687
1.14,4,1073.363454
-0.35,12,1073.392687
-0.44,13,1073.426265
1.14,4,1073.437622
-0.52,12,1073.475668
-0.57,15,1073.606191
-0.44,13,1074.444438
1.26,10,1074.476505
1.14,4,1074.4907
1.14,4,1074.501417
-0.76,6,1074.521161
1.14,4,1074.532729
1.14,4,1074.545439
-0.45,11,1074.580598
1.14,4,1074.591831
-0.31,13,1074.63223
1.14,4,1074.64308
1.31,10,1074.669724
-0.82,6,1074.687365
1.14,4,1074.69977
-0.81,7,1074.722207
-0.77,7,1074.744234
1.44,8,1074.7695
1.14,4,1074.781746
-0.72,8,1074.802195
-0.57,9,1074.832099
1.14,4,1074.841856
1.55,10,1074.874831
1.52,11,1074.908613
-0.76,6,1074.925695
-0.58,10,1074.958115
1.14,4,1074.969708
1.5,14,1075.007756
-0.67,10,1075.037663
1.53,9,1075.066485
1.14,4,1075.075584
1.61,10,1075.105478
1.14,4,1075.117632
1.33,8,1075.140556
1.71,10,1075.173336
1.14,4,1075.184411
-0.68,9,1075.215011
1.14,4,1075.226756
1.14,4,1075.238509
-0.54,8,1075.259892
1.55,10,1075.290942
1.37,10,1075.31476
1.47,11,1075.345723
1.5,10,1075.373345
1.86,15,1075.416863
1.52,10,1075.44089
-0.77,7,1075.461052
1.14,4,1075.472954
-0.53,11,1075.508782
1.14,4,1075.521551
1.14,4,1075.532143
1.35,9,1075.559434
1.14,4,1075.571212
1.14,4,1075.582881
1.14,4,1075.593843
-0.73,8,1075.618283
1.14,4,1075.626563
1.64,10,1075.711897
-0.33,12,1075.746631
1.56,10,1075.774636
-0.76,6,1075.790648
-0.32,11,1075.820227
1.14,4,1075.832581
1.14,4,1075.844747
1.14,4,1075.857705
1.65,11,1075.889045
1.14,4,1075.898415
1.56,9,1075.921189
-0.59,9,1075.946666
1.14,4,1075.958528
-0.51,9,1075.989683
1.14,4,1076.001073
-0.71,6,1076.015718
1.14,4,1076.024122
1.14,4,1076.035198
1.57,11,1076.068316
-0.72,7,1076.091456
1.14,4,1076.103963
1.14,4,1076.11437
-0.75,7,1076.13113
1.14,4,1076.142669
1.14,4,1076.154399
1.14,4,1076.167229
1.14,4,1076.178641
-0.57,12,1076.213964
1.62,12,1076.248551
1.14,4,1076.262505
1.14,4,1076.274732
1.37,10,1076.306583
-0.61,13,1076.344274
-0.76,6,1076.365092
1.14,4,1076.374615
-0.87,6,1076.395002
1.14,4,1076.406848
1.6,10,1076.434222
1.14,4,1076.445775
1.14,4,1076.456414
-0.44,13,1076.49631
-0.77,7,1076.513577
1.14,4,1076.523105
1.14,4,1076.534527
1.14,4,1076.54601
1.53,14,1076.587054
1.14,4,1076.596342
-0.74,10,1076.626006
1.54,13,1076.661534
-0.34,11,1076.691145
1.14,4,1076.701511
-0.83,8,1076.725749
1.56,9,1076.754044
1.14,4,1076.76603
-0.62,9,1076.794491
1.14,4,1076.806804
1.14,4,1076.818825
1.14,4,1076.830466
1.14,4,1076.842548
1.14,4,1076.854867
-0.25,16,1076.89635
1.14,4,1076.904927
-0.71,6,1076.921698
1.66,10,1076.953106
1.54,10,1076.981639
-0.66,7,1077.004308
1.14,4,1077.014463
1.14,4,1077.026643
1.29,10,1077.056222
-0.55,9,1077.08441
-0.58,13,1077.123528
1.43,10,1077.148442
1.14,4,1077.159774
1.14,4,1077.172336
-0.66,7,1077.197191
1.14,4,1077.207284
-0.5,11,1077.241714
1.52,11,1077.273988
1.14,4,1077.284696
-0.71,9,1077.309555
1.14,4,1077.321698
1.76,12,1077.355018
-0.76,9,1077.383879
1.7,11,1077.416512
1.44,8,1077.435867
-0.77,7,1077.45579
1.47,11,1077.485448
-0.71,7,1077.507796
1.14,4,1077.51905
-0.9,9,1077.546358
1.14,4,1077.558834
-0.45,14,1077.601465
-0.57,9,1077.629995
1.35,9,1077.654457
1.14,4,1077.666217
-0.71,6,1077.68433
-0.82,7,1077.707157
-0.71,6,1077.728663
1.14,4,1077.741046
-0.5,12,1077.776749
-0.41,9,1077.805958
-0.55,10,1077.838875
1.33,8,1077.863848
1.45,9,1077.889967
-0.31,12,1077.933493
1.14,4,1077.946508
1.5,11,1077.975605
1.14,4,1077.988419
1.14,4,1078.001383
-0.57,9,1078.031803
-0.54,9,1078.063252
1.61,10,1078.092848
1.14,4,1078.105547
-0.58,10,1078.136533
-0.75,7,1078.160772
1.14,4,1078.174604
-0.52,10,1078.208985
1.58,10,1078.239668
1.19,5,1078.253227
1.14,4,1078.26347
1.14,4,1078.275477
-0.25,13,1078.307215
1.54,9,1078.338478
-0.22,14,1078.385258
-0.52,10,1078.417481
1.14,4,1078.430052
-0.71,6,1078.450308
1.61,10,1078.480864
1.14,4,1078.490516
-0.37,12,1078.528851
1.14,4,1078.540187
1.14,4,1078.556288
1.14,4,1078.57289
1.5,10,1078.617791
1.14,4,1078.63209
1.43,10,1078.664497
1.14,4,1078.676056
-0.66,7,1078.703263
-0.35,11,1078.737384
-0.44,9,1078.768629
1.14,4,1078.781642
1.14,4,1078.793771
1.64,10,1078.824003
-0.51,11,1078.856392
1.59,9,1078.886713
1.14,4,1078.898965
1.14,4,1078.907553
1.14,4,1078.918652
1.83,13,1078.956294
1.14,4,1078.967403
-0.68,9,1079.051496
1.14,4,1079.062695
1.5,10,1079.096197
-0.74,9,1079.123386
1.33,8,1079.148494
1.4,15,1079.188321
-0.62,12,1079.222776
1.54,10,1079.251867
1.14,4,1079.264052
1.14,4,1079.275028
1.14,4,1079.287541
-0.77,7,1079.308278
1.14,4,1079.319323
1.56,9,1079.348528
1.14,4,1079.362362
1.14,4,1079.375062
-0.32,15,1079.415423
1.27,8,1079.438832
-0.71,12,1079.47834
-0.75,8,1079.501298
-0.79,9,1079.525928
1.6,11,1079.559191
1.14,4,1079.571254
1.14,4,1079.582058
1.54,9,1079.613652
1.37,9,1079.646897
1.14,4,1079.657914
1.14,4,1079.719316
-0.19,15,1079.813563
-0.49,13,1079.855196
-0.74,9,1079.882536
1.14,4,1079.893263
1.19,5,1079.909003
1.14,4,1079.920711
-0.56,13,1079.956767
1.61,10,1079.990471
1.14,4,1080.003315
-0.44,10,1080.032502
-0.49,10,1080.06275
1.14,4,1080.073489
-0.72,8,1080.099648
1.14,4,1080.110129
1.14,4,1080.12307
1.14,4,1080.138888
1.66,10,1080.17388
-0.37,11,1080.212328
1.14,4,1080.222651
1.14,4,1080.235137
-0.66,8,1080.264804
-0.84,9,1080.294978
1.54,11,1080.325234
1.14,4,1080.337765
1.14,4,1080.349669
1.14,4,1080.36202
-0.56,8,1080.389118
1.14,4,1080.400044
-0.56,8,1080.424318
1.55,10,1080.457485
-0.61,11,1080.489482
1.14,4,1080.501479
1.14,4,1080.513007
-0.73,8,1080.538809
-0.53,10,1080.576368
1.14,4,1080.591705
1.51,9,1080.633503
1.5,9,1080.670212
-0.67,8,1080.713289
-0.5,10,1080.772415
-0.69,11,1080.823073
-0.47,10,1080.870754
1.46,8,1080.901812
-0.77,9,1080.937074
1.55,10,1081.777597
1.14,4,1081.791099
1.64,10,1081.825834
1.33,9,1081.850897
1.49,11,1081.880099
-0.67,8,1081.904223
-0.67,8,1081.931128
1.14,4,1081.943108
-0.48,15,1081.987907
-0.55,10,1082.017523
1.14,4,1082.028838
1.44,10,1082.060127
1.6,10,1082.092898
1.53,10,1082.122337
1.14,4,1082.134497
1.68,10,1082.165832
-0.39,11,1082.200779
1.14,4,1082.212443
-0.67,8,1082.238261
1.14,4,1082.249694
1.14,4,1082.259518
1.14,4,1082.271881
1.39,10,1082.301912
1.14,4,1082.312081
-0.79,9,1082.336742
1.14,4,1082.34754
1.14,4,1082.35925
1.14,4,1082.370846
1.14,4,1082.383205
1.33,11,1082.417688
-0.51,11,1082.448834
-0.61,8,1082.470089
1.59,9,1082.499257
1.14,4,1082.512417
1.54,9,1082.54217
-0.76,8,1082.565676
1.14,4,1082.575749
-0.71,7,1082.598602
-0.53,11,1082.630739
1.14,4,1082.638818
-0.59,11,1082.672085
1.59,9,1082.695108
1.53,10,1082.724414
1.14,4,1082.735025
1.53,9,1082.758139
1.14,4,1082.768281
-0.48,14,1082.812331
-0.77,7,1082.83082
1.14,4,1082.844114
1.14,4,1082.85358
1.14,4,1082.864855
1.14,4,1082.874598
1.14,4,1082.887023
-0.71,7,1082.908119
1.14,4,1082.920971
1.56,9,1082.947587
1.14,4,1082.959554
1.14,4,1082.971922
1.45,10,1083.007083
-0.77,10,1083.035717
-0.3,12,1083.075387
1.14,4,1083.087447
1.5,10,1083.119551
-0.44,13,1083.154942
-0.57,12,1083.188191
1.14,4,1083.201124
-0.69,11,1083.235441
1.66,10,1083.268699
1.39,8,1083.29022
1.14,4,1083.302737
-0.71,12,1083.342895
-0.56,10,1083.368181
-0.71,7,1083.392586
-0.61,8,1083.416595
1.14,4,1083.430215
-0.44,13,1083.523771
-0.82,9,1083.546724
1.56,9,1083.574652
-0.81,5,1083.586073
1.14,4,1083.596031
-0.36,11,1083.630486
1.66,10,1083.656221
1.14,4,1083.666978
1.14,4,1083.680883
-0.77,7,1083.703809
-0.51,11,1083.733922
-0.76,6,1083.750128
1.66,10,1083.780244
1.32,10,1083.80735
-0.54,9,1083.838436
-0.67,10,1083.867959
-0.5,11,1083.900294
1.14,4,1083.912062
1.14,4,1083.92306
-0.54,9,1083.946753
-0.64,7,1083.964687
1.14,4,1083.973818
1.47,11,1083.9996
1.14,4,1084.010326
1.14,4,1084.020536
1.78,11,1084.053443
1.14,4,1084.065122
-0.68,9,1084.095576
1.14,4,1084.104162
1.14,4,1084.115112
1.14,4,1084.127262
-0.77,7,1084.149932
-0.46,14,1084.189849
1.14,4,1084.199136
1.14,4,1084.211084
-0.63,9,1084.237651
1.53,10,1084.263767
1.64,10,1084.295163
1.14,4,1084.30318
-0.83,7,1084.325941
1.14,4,1084.336947
-0.71,7,1084.361777
1.14,4,1084.384549
1.47,11,1084.43853
1.14,4,1084.449987
-0.77,11,1084.484974
-0.87,5,1084.499123
1.14,4,1084.511456
1.14,4,1084.522249
1.14,4,1084.533762
1.14,4,1084.544713
-0.41,9,1084.574545
-0.59,12,1084.612062
-0.54,8,1084.642659
1.14,4,1084.652193
-0.84,8,1084.684387
1.14,4,1084.697629
1.14,4,1084.710361
1.14,4,1084.721992
-0.82,6,1084.738603
-0.57,12,1084.777927
-0.61,8,1084.802219
1.14,4,1084.81273
1.14,4,1084.82292
1.37,12,1084.8608
1.14,4,1084.868751
1.83,14,1084.913371
-0.76,9,1084.943887
1.14,4,1084.953419
-0.67,11,1084.992536
-0.53,10,1085.023427
-0.67,11,1085.059415
1.14,4,1085.070903
-0.5,12,1085.113952
1.14,4,1085.126192
1.14,4,1085.138267
-0.73,9,1085.165771
1.45,10,1085.19605
1.66,10,1085.223861
1.14,4,1085.233481
-0.6,9,1085.258682
1.14,4,1085.269742
1.66,10,1085.299251
-0.87,6,1085.318281
1.14,4,1085.329125
-0.83,8,1085.354958
-0.28,13,1085.391413
1.55,11,1085.419263
1.14,4,1085.431562
-0.48,11,1085.46319
-0.51,11,1085.492451
1.6,12,1085.526618
1.14,4,1085.538625
-0.6,10,1085.568841
1.14,4,1085.581198
1.58,10,1085.611378
1.14,4,1085.622624
1.7,11,1085.658374
1.14,4,1085.66978
1.58,9,1085.692467
1.6,10,1085.721976
1.14,4,1085.734343
1.46,8,1085.755348
-0.44,9,1085.783565
1.43,10,1085.829042
1.14,4,1085.843885
1.14,4,1085.921305
1.61,10,1085.967019
-0.36,15,1086.0127
1.34,7,1086.031678
1.14,4,1086.042753
-0.45,10,1086.075678
1.14,4,1086.091663
1.14,4,1086.102629
1.14,4,1086.128084
1.14,4,1086.149289
-0.64,8,1086.195056
1.14,4,1086.214
1.14,4,1086.232033
1.14,4,1086.249993
1.14,4,1086.267002
1.43,10,1086.299794
1.14,4,1086.312809
-0.66,7,1086.335879
1.14,4,1086.348795
1.61,10,1086.379411
-0.76,6,1086.398488
-0.61,10,1086.431549
1.56,9,1086.459987
1.14,4,1086.469706
1.14,4,1086.479672
1.14,4,1086.490675
-0.67,8,1086.516229
1.56,9,1086.552718
1.14,4,1086.567317
-0.27,14,1086.613282
1.14,4,1086.626922
1.14,4,1086.635461
-0.69,8,1086.658984
1.14,4,1086.66774
-0.36,11,1086.703538
1.52,15,1086.750935
-0.63,9,1086.778291
-0.62,11,1086.816083
1.36,11,1086.857849
1.14,4,1086.866789
1.14,4,1086.878783
-0.2,14,1086.925191
-0.42,13,1086.966461
1.14,4,1086.978839
1.39,11,1087.071746
1.14,4,1087.093474
-0.79,9,1087.125177
-0.36,10,1087.167088
1.61,10,1087.205102
-0.5,10,1087.245239
1.14,4,1087.25827
1.3,11,1087.292872
1.55,10,1087.32114
1.14,4,1087.333688
1.47,11,1087.384747
1.14,4,1087.410946
-0.76,6,1087.447737
1.14,4,1087.465282
0.0,17,1087.550733
-0.68,9,1087.616469
1.14,4,1087.637371
1.14,4,1087.65857
1.61,10,1087.694992
-0.51,11,1087.729247
1.14,4,1087.739237
-0.35,10,1087.769536
-0.47,10,1087.798145
1.63,11,1087.832438
-0.75,7,1087.856004
1.14,4,1087.868112
-0.42,10,1087.903864
1.14,4,1087.916308
-0.58,10,1087.951377
1.64,11,1087.99286
1.44,11,1088.027409
-0.51,11,1088.056613
-0.69,10,1088.092435
1.14,4,1088.105502
1.14,4,1088.114167
-0.2,12,1088.150557
1.19,5,1088.164408
1.14,4,1088.177402
1.14,4,1088.190622
1.14,4,1088.202698
1.14,4,1088.214336
1.14,4,1088.225905
-0.46,12,1088.256697
1.14,4,1088.26747
1.46,8,1088.295285
1.14,4,1088.309551
1.14,4,1088.322623
-0.66,7,1088.347353
-0.49,11,1088.382279
-0.43,13,1088.42482
1.14,4,1088.433851
-0.86,5,1088.455288
1.14,4,1088.467574
1.14,4,1089.289098
1.14,4,1089.296778
-0.76,6,1089.314304
-0.64,13,1089.358846
1.73,14,1089.400763
1.14,4,1089.411022
-0.49,13,1089.530148
1.14,4,1089.544399
-0.61,10,1089.580197
1.61,10,1089.607841
1.47,11,1089.640964
-0.72,11,1089.676534
1.14,4,1089.686703
1.14,4,1089.698231
-0.83,7,1089.716914
1.14,4,1089.72889
1.4,9,1089.757243
1.14,4,1089.765354
1.71,10,1089.794346
-0.66,7,1089.818023
1.14,4,1089.829493
1.14,4,1089.840844
1.39,10,1089.873832
1.14,4,1089.885981
1.43,9,1089.911137
1.14,4,1089.922708
1.14,4,1089.933482
1.91,14,1089.979227
-0.62,9,1090.009305
1.39,8,1090.034592
-0.47,11,1090.07237
1.14,4,1090.08067
1.66,11,1090.116858
1.14,4,1090.126653
1.14,4,1090.13824
1.14,4,1090.149102
-0.56,11,1090.182448
-0.67,8,1090.216406
1.69,10,1090.259049
-0.7,11,1090.313685
-0.69,7,1090.342347
1.54,11,1090.373647
-0.77,7,1090.391794
1.14,4,1090.402506
-0.83,9,1090.427669
1.65,11,1090.464747
-0.5,9,1090.493676
1.14,4,1090.505259
-0.32,12,1090.543583
-0.3,11,1090.573939
1.14,4,1090.581668
-0.41,13,1090.616531
1.14,4,1090.628451
-0.42,9,1090.658324
-0.34,13,1090.698474
1.66,10,1090.730023
1.14,4,1090.742139
1.14,4,1090.754209
1.14,4,1090.765437
1.63,10,1090.797493
1.14,4,1090.811764
1.67,11,1090.843086
-0.76,8,1090.869921
-0.68,12,1090.903996
1.14,4,1090.914341
-0.65,9,1090.942086
1.63,12,1090.979689
1.35,9,1091.003289
1.54,9,1091.032734
1.26,10,1091.064258
1.14,4,1091.07631
-0.59,9,1091.101835
1.62,12,1091.135134
1.14,4,1091.144233
1.14,4,1091.155485
1.14,4,1091.166773
1.14,4,1091.178501
1.77,12,1091.213204
-0.26,13,1091.250141
1.14,4,1091.262289
-0.35,11,1091.292088
1.52,11,1091.327661
1.14,4,1091.340328
1.66,10,1091.370831
-0.7,9,1091.398863
-0.69,10,1091.482893
1.14,4,1091.495088
1.14,4,1091.507904
1.49,9,1091.531779
1.14,4,1091.541841
-0.61,10,1091.571079
1.14,4,1091.578988
-0.65,15,1091.62418
1.14,4,1091.63685
1.14,4,1091.646276
1.55,10,1091.676948
-0.7,8,1091.702407
-0.51,13,1091.739952
1.14,4,1091.747311
1.14,4,1091.758635
1.14,4,1091.769912
1.65,11,1091.797875
1.52,10,1091.826019
-0.86,5,1091.841938
1.8,13,1091.877812
1.14,4,1091.888045
-0.38,13,1091.923759
-0.47,9,1091.953779
1.46,8,1091.978393
-0.72,10,1092.012454
1.38,9,1092.042375
1.14,4,1092.054627
1.14,4,1092.065552
-0.51,12,1092.098628
1.14,4,1092.107665
1.14,4,1092.11835
1.68,10,1092.150036
-0.62,9,1092.173319
-0.46,11,1092.207153
-0.47,13,1092.240876
1.14,4,1092.251618
1.14,4,1092.262893
1.34,7,1092.281585
1.14,4,1092.293974
1.14,4,1092.306538
-0.68,9,1092.334142
1.14,4,1092.345549
-0.67,8,1092.376328
-0.63,10,1092.407974
-0.75,7,1092.430401
1.52,12,1092.457933
1.14,4,1092.469428
1.62,11,1092.49966
1.33,8,1092.519355
1.14,4,1092.530491
1.71,10,1092.563486
-0.27,13,1092.603351
-0.8,10,1092.630827
-0.53,10,1092.663156
-0.92,5,1092.679013
1.14,4,1092.690829
1.14,4,1092.702486
-0.77,7,1092.724633
1.57,10,1092.754528
1.14,4,1092.7666
1.14,4,1092.777898
-0.6,9,1092.808505
1.14,4,1092.819259
1.68,10,1092.846081
-0.67,8,1092.869636
1.14,4,1092.880461
-0.71,6,1092.900732
-0.45,10,1092.935677
-0.64,7,1092.954302
1.54,11,1092.988021
1.14,4,1092.99677
1.53,10,1093.023938
-0.76,6,1093.041536
-0.82,6,1093.061367
-0.41,10,1093.090749
-0.28,13,1093.128396
-0.73,11,1093.160241
-0.78,10,1093.190692
1.14,4,1093.201566
-0.64,10,1093.23
-0.76,6,1093.249807
-0.58,10,1093.277867
1.14,4,1093.289457
1.14,4,1093.301582
1.14,4,1093.31319
-0.68,9,1093.342046
1.66,10,1093.37264
1.14,4,1093.381086
1.45,13,1093.413146
1.14,4,1093.424556
-0.67,9,1093.455567
-0.64,7,1093.476902
-0.52,10,1093.508039
1.38,9,1093.533889
1.14,4,1093.545921
1.14,4,1093.558059
1.14,4,1093.570553
1.59,10,1093.60183
-0.32,12,1093.640947
-0.5,10,1093.664138
-0.63,13,1093.703217
1.14,4,1093.712076
-0.86,5,1093.725322
1.14,4,1093.737698
1.14,4,1093.746058
-0.83,7,1093.767163
-0.58,11,1093.806205
1.14,4,1093.818455
1.48,9,1093.843185
-0.38,12,1093.881533
1.14,4,1093.890232
-0.71,7,1093.910339
-0.66,7,1093.933364
1.43,9,1093.959719
1.14,4,1093.973253
1.55,10,1094.00659
1.14,4,1094.017983
-0.71,6,1094.035287
-0.77,7,1094.056136
1.46,8,1094.081534
-0.48,12,1094.114129
1.33,8,1094.136469
-0.54,8,1094.161359
1.43,9,1094.190545
1.14,4,1094.20148
-0.57,9,1094.225832
-0.49,13,1094.267015
1.53,10,1094.293178
1.14,4,1094.305119
1.6,12,1094.334747
1.14,4,1094.342248
1.14,4,1094.354126
1.75,13,1094.393342
-0.39,15,1094.438231
1.46,8,1094.4602
1.41,11,1094.492558
1.14,4,1094.50487
1.14,4,1094.517307
1.14,4,1094.528469
1.66,10,1094.557003
-0.76,6,1094.576802
-0.56,14,1094.619437
1.14,4,1094.627778
-0.16,14,1094.669614
1.14,4,1094.679023
-0.76,9,1094.708011
-0.62,10,1094.736824
1.5,10,1094.767368
-0.61,8,1094.792532
1.49,11,1094.826034
-0.63,10,1094.857269
-0.71,7,1094.877181
-0.67,9,1094.903046
1.14,4,1094.914872
-0.48,11,1094.948423
1.14,4,1094.958952
-0.68,11,1094.989905
1.14,4,1095.000662
1.14,4,1095.009042
1.14,4,1095.020558
1.39,8,1095.04562
1.14,4,1095.055391
-0.61,10,1095.141296
-0.71,6,1095.156301
-0.8,10,1095.186288
-0.86,10,1095.215167
1.14,4,1095.226525
-0.54,13,1095.263904
-0.65,12,1095.294265
-0.76,6,1095.309358
-0.87,5,1095.324055
-0.59,8,1095.346804
-0.67,8,1095.373238
-0.5,10,1095.404734
1.14,4,1095.412927
1.14,4,1095.424939
-0.71,6,1095.441153
1.19,5,1095.456664
1.14,4,1095.46907
-0.28,13,1095.512185
-0.54,12,1095.543191
1.58,9,1096.233729
-0.62,9,1096.261274
1.45,9,1096.28259
1.14,4,1096.291265
1.14,4,1096.301293
-0.44,10,1096.335355
1.14,4,1096.346264
-0.52,10,1096.373436
-0.68,9,1096.400997
1.65,11,1096.437461
1.14,4,1096.449472
1.61,10,1096.47893
1.14,4,1096.488614
-0.49,11,1096.518128
1.52,11,1096.549047
-0.84,8,1096.573296
1.76,11,1096.602494
1.14,4,1096.611766
1.65,11,1096.641937
1.38,9,1096.668758
-0.57,10,1096.70339
-0.56,11,1096.73484
1.14,4,1096.745874
1.31,10,1096.776311
1.61,10,1096.800502
-0.67,8,1096.824278
-0.71,7,1096.847979
1.14,4,1096.856903
-0.47,11,1096.890162
1.48,13,1096.923795
1.58,11,1096.955359
-0.44,9,1096.985588
1.49,11,1097.015687
-0.71,7,1097.036138
-0.54,9,1097.062451
-0.69,10,1097.095659
1.71,10,1097.127338
1.58,9,1097.156505
-0.75,8,1097.180821
1.14,4,1097.190123
1.21,9,1097.217161
1.14,4,1097.228484
1.14,4,1097.240568
1.14,4,1097.252451
1.14,4,1097.264744
-0.28,13,1097.304934
1.73,12,1097.342154
1.14,4,1097.352554
-0.65,9,1097.381912
1.14,4,1097.393377
1.14,4,1097.403197
1.14,4,1097.414823
1.14,4,1097.426341
-0.88,9,1097.459539
1.65,11,1097.501762
-0.56,10,1097.525643
1.19,5,1097.537984
-0.68,9,1097.563612
1.67,11,1097.590871
1.39,8,1097.614288
1.52,10,1097.642784
1.14,4,1097.653097
-0.41,11,1097.686414
-0.59,11,1097.715904
1.14,4,1097.727647
-0.79,9,1097.757249
1.14,4,1097.769709
1.56,10,1097.800722
1.77,13,1097.84059
-0.83,8,1097.868951
-0.56,10,1097.898773
-0.38,12,1097.936314
1.34,7,1097.955153
-0.77,7,1097.977711
1.36,8,1097.999949
1.14,4,1098.012035
1.14,4,1098.024523
1.38,9,1098.052482
1.61,10,1098.083227
1.19,5,1098.099096
-0.6,9,1098.125031
1.52,14,1098.168083
-0.62,9,1098.191358
-0.23,15,1098.233088
1.49,9,1098.2609
-0.78,8,1098.285485
-0.78,8,1098.309431
1.59,9,1098.335897
1.6,11,1098.36536
-0.5,12,1098.398149
-0.56,11,1098.424734
1.66,10,1098.457454
1.14,4,1098.470712
1.14,4,1098.483451
1.14,4,1098.495615
1.52,10,1098.527687
-0.58,10,1098.551928
1.14,4,1098.561585
1.14,4,1098.570749
-0.47,14,1098.606593
1.14,4,1098.618269
-0.54,9,1098.644008
-0.49,10,1098.675317
1.38,9,1098.696006
1.14,4,1098.707026
1.45,10,1098.735536
1.14,4,1098.747239
-0.65,11,1098.780138
1.14,4,1098.788195
-0.33,12,1098.82286
1.51,9,1098.849564
1.66,10,1098.880281
1.69,10,1098.905733
-0.76,6,1098.920702
1.68,12,1098.95457
1.53,10,1098.985901
-0.39,10,1099.020095
-0.65,9,1099.049426
1.52,10,1099.137826
1.14,4,1099.148416
-0.51,12,1099.180245
1.14,4,1099.190833
1.14,4,1099.199492
1.14,4,1099.210354
-0.5,12,1099.24758
-0.53,12,1099.281237
1.58,9,1099.302652
1.43,9,1099.328414
-0.52,10,1099.355434
1.14,4,1099.36775
-0.36,13,1099.409691
-0.61,10,1099.434719
-0.84,8,1099.454456
1.14,4,1099.466809
1.71,11,1099.502751
1.14,4,1099.514602
-0.47,10,1099.541957
1.44,8,1099.56526
1.14,4,1099.576822
1.55,10,1099.605031
1.51,9,1099.633579
1.73,11,1099.666692
-0.76,7,1099.689456
-0.65,8,1099.713866
1.38,9,1099.741669
1.14,4,1099.753651
1.52,11,1099.783303
1.14,4,1099.791969
1.14,4,1099.804303
-0.76,6,1099.824128
1.14,4,1099.837605
1.14,4,1099.849703
-0.72,8,1099.879191
-0.76,6,1099.904963
1.14,4,1099.918319
-0.8,7,1099.942164
1.14,4,1099.951358
1.56,9,1099.979462
1.52,12,1100.014847
1.14,4,1100.026965
1.14,4,1100.039369
1.19,5,1100.05523
-0.73,8,1100.083699
-0.81,7,1100.105155
1.83,12,1100.139135
1.6,10,1100.168363
-0.59,8,1100.192572
1.14,4,1100.202103
1.61,10,1100.234418
1.4,10,1100.266115
1.43,9,1100.294967
-0.61,8,1100.387436
1.14,4,1100.39902
-0.49,10,1100.430097
1.59,9,1100.456414
-0.91,10,1100.48358
-0.35,13,1100.521509
-0.73,8,1100.546246
-0.66,7,1100.569955
1.14,4,1100.582093
1.14,4,1100.593984
1.14,4,1100.602839
1.14,4,1100.614691
1.14,4,1100.62627
1.14,4,1100.637058
1.14,4,1100.647138
-0.5,10,1100.680643
-0.33,12,1100.713712
-0.7,11,1100.744157
-0.5,13,1100.778791
1.14,4,1100.789293
-0.76,6,1100.80628
-0.82,6,1100.824321
-0.65,9,1100.851744
1.14,4,1100.864643
1.33,8,1100.887081
1.14,4,1100.89988
1.14,4,1100.911803
-0.42,11,1100.94247
-0.44,13,1100.980465
1.14,4,1100.991068
1.4,9,1101.015831
1.14,4,1101.029359
1.14,4,1101.042238
-0.71,9,1101.075316
1.14,4,1101.086727
1.35,9,1101.115036
-0.73,11,1101.140295
1.14,4,1101.151592
1.53,10,1101.177015
1.86,12,1101.213681
1.14,4,1101.221766
1.14,4,1101.23378
-0.82,6,1101.251097
1.14,4,1101.263073
-0.77,7,1101.285326
-0.37,13,1101.321736
1.14,4,1101.333837
1.14,4,1101.346747
-0.64,11,1101.383094
1.14,4,1101.394778
1.14,4,1101.406425
1.54,11,1101.441464
-0.46,9,1101.471021
1.14,4,1101.483739
1.19,5,1101.497905
1.58,11,1101.530184
-0.53,14,1101.571514
1.14,4,1101.58124
1.6,11,1101.608141
-0.57,10,1101.633184
-0.37,11,1101.663867
1.14,4,1101.671948
1.14,4,1101.682765
1.14,4,1101.695318
-0.66,9,1101.723447
-0.76,8,1101.751415
1.51,9,1101.773885
1.14,4,1101.784421
1.14,4,1101.795374
1.76,11,1101.829398
-0.68,9,1101.856621
1.14,4,1101.865476
-0.54,8,1101.891422
1.6,11,1101.919425
1.14,4,1101.929522
1.14,4,1101.940948
1.14,4,1101.953854
-0.64,8,1101.981923
1.54,11,1102.013862
-0.49,13,1102.053682
1.14,4,1102.064204
1.63,11,1102.101779
1.14,4,1102.114666
1.58,11,1102.152524
-0.79,9,1102.182911
1.14,4,1102.197311
-0.53,13,1102.23481
1.14,4,1102.248823
-0.66,9,1102.282709
1.14,4,1102.29442
1.14,4,1102.307694
1.14,4,1102.320063
-0.53,11,1102.35685
1.56,9,1102.385348
1.42,10,1103.119867
1.14,4,1103.130361
1.14,4,1103.14349
1.19,5,1103.159345
1.14,4,1103.171542
-0.71,7,1103.195106
1.14,4,1103.207013
1.14,4,1103.216115
1.49,11,1103.242198
-0.62,9,1103.27056
1.14,4,1103.28349
1.73,11,1103.316432
1.14,4,1103.32764
-0.45,14,1103.365734
1.14,4,1103.376177
1.64,12,1103.40862
-0.72,8,1103.435406
1.61,10,1103.462905
1.14,4,1103.476068
1.14,4,1103.48628
-0.41,10,1103.514996
1.6,10,1103.545256
-0.52,13,1103.585496
-0.66,7,1103.612112
1.39,10,1103.639183
-0.62,9,1103.669927
-0.52,10,1103.70052
1.6,11,1103.735881
-0.61,11,1103.769126
1.59,10,1103.801796
1.14,4,1103.812109
1.39,14,1103.849392
-0.67,8,1103.873494
1.63,10,1103.900644
1.61,9,1103.92687
-0.68,10,1103.960442
1.14,4,1103.971721
-0.73,9,1103.994906
-0.54,8,1104.017734
1.14,4,1104.030394
1.14,4,1104.042746
-0.76,6,1104.063005
-0.68,9,1104.092125
1.14,4,1104.101198
1.57,12,1104.133669
1.29,7,1104.15214
1.14,4,1104.163485
-0.59,9,1104.191113
1.14,4,1104.20192
-0.56,11,1104.232599
1.57,12,1104.263086
-0.54,11,1104.294008
-0.57,9,1104.319019
-0.81,8,1104.344516
1.59,10,1104.369722
1.14,4,1104.37961
-0.76,8,1104.404301
1.14,4,1104.416821
1.73,14,1104.457313
1.53,10,1104.482558
-0.51,12,1104.515743
1.14,4,1104.524843
-0.63,9,1104.552143
-0.63,11,1104.590281
1.68,10,1104.617887
1.14,4,1104.630343
1.5,10,1104.658365
1.64,10,1104.688198
1.14,4,1104.700839
1.42,9,1104.73072
-0.58,13,1104.765872
-0.58,14,1104.807815
-0.51,12,1104.842969
1.14,4,1104.854683
1.47,11,1104.888074
1.14,4,1104.899865
1.14,4,1104.910471
1.58,11,1104.943055
1.14,4,1104.951059
1.61,10,1104.980203
1.14,4,1104.992513
-0.44,9,1105.018755
-0.64,10,1105.046978
1.47,11,1105.075491
1.4,9,1105.097485
1.14,4,1105.108699
-0.61,14,1105.149235
-0.44,13,1105.182883
-0.67,8,1105.204409
-0.42,11,1105.241798
-0.4,14,1105.274015
1.5,11,1105.308684
1.14,4,1105.320895
1.78,11,1105.349202
-0.82,6,1105.368978
1.42,10,1105.396011
1.14,4,1105.407515
1.14,4,1105.418847
-0.81,5,1105.434286
1.28,8,1105.460147
1.55,10,1105.484607
1.41,12,1105.522727
-0.58,10,1105.552013
1.14,4,1105.561751
1.45,13,1105.600643
1.14,4,1105.611364
-0.66,10,1105.64255
-0.9,9,1105.665552
-0.59,9,1105.694337
1.5,10,1105.723374
-0.66,7,1105.746649
1.49,10,1105.777416
1.56,9,1105.799888
-0.77,7,1105.820863
1.14,4,1105.832073
-0.56,11,1105.863281
-0.46,13,1105.903486
1.14,4,1105.916087
1.56,9,1105.939561
1.58,10,1105.966257
-0.43,13,1106.005586
1.14,4,1106.017525
1.72,12,1106.052932
1.49,12,1106.080839
-0.44,10,1106.111244
1.58,11,1106.141008
-0.61,8,1106.162297
1.59,9,1106.189442
1.14,4,1106.201522
1.52,11,1106.235842
-0.79,9,1106.264448
-0.64,8,1106.287497
1.14,4,1106.299652
1.14,4,1106.312788
1.14,4,1106.323434
-0.32,13,1106.358938
-0.83,7,1106.377937
1.14,4,1106.389506
1.14,4,1106.3981
1.56,9,1106.425852
-0.84,8,1106.506732
1.14,4,1106.520366
1.14,4,1106.533368
1.14,4,1106.545414
1.63,10,1106.576848
1.14,4,1106.589205
1.14,4,1106.60084
1.46,8,1106.626739
1.14,4,1106.638281
-0.31,11,1106.674904
-0.67,8,1106.694679
1.53,10,1106.720786
1.14,4,1106.730335
-0.76,6,1106.749692
1.61,11,1106.784438
1.14,4,1106.796126
1.65,11,1106.825417
1.14,4,1106.835704
1.14,4,1106.847675
1.14,4,1106.859225
1.52,11,1106.887518
-0.37,10,1106.919827
-0.76,7,1106.934024
1.42,10,1106.962342
-0.62,9,1106.985583
-0.43,13,1107.025517
-0.56,10,1107.054295
1.14,4,1107.065145
1.33,12,1107.102661
1.14,4,1107.114971
1.66,10,1107.14222
1.14,4,1107.153163
1.14,4,1107.162488
-0.82,6,1107.179582
-0.76,6,1107.197623
1.55,10,1107.2288
-0.68,9,1107.25465
1.49,9,1107.277643
-0.66,7,1107.29692
1.14,4,1107.308925
-0.63,9,1107.336219
1.14,4,1107.348292
1.58,14,1107.387237
1.14,4,1107.398422
-0.62,9,1107.428628
1.14,4,1107.439987
1.14,4,1107.448947
1.63,10,1107.479729
1.44,11,1107.511503
-0.41,13,1107.544737
1.44,8,1107.567741
-0.74,9,1107.598073
1.14,4,1107.611118
-0.66,7,1107.632469
-0.47,11,1107.666669
1.14,4,1107.678464
-0.66,7,1107.699539
1.14,4,1107.708867
1.14,4,1107.717967
1.14,4,1107.729288
1.19,5,1107.744784
1.14,4,1107.756905
-0.71,7,1107.775981
1.14,4,1107.786649
1.53,10,1107.812754
-0.67,8,1107.839245
1.14,4,1107.850624
1.14,4,1107.862247
1.14,4,1107.874694
-0.71,6,1107.892115
1.42,10,1107.923179
1.14,4,1107.932146
-0.18,14,1107.970788
1.59,9,1107.995591
1.64,12,1108.032723
1.38,9,1108.054582
1.14,4,1108.064378
1.45,9,1108.092427
1.46,8,1108.118642
1.14,4,1108.130268
1.14,4,1108.140871
1.46,9,1108.165799
-0.61,9,1108.192087
1.5,10,1108.222924
-0.83,7,1108.245595
-0.65,9,1108.271347
1.19,5,1108.281633
1.45,9,1108.308664
1.39,8,1108.330652
1.14,4,1108.342226
1.14,4,1108.354386
1.48,10,1108.38441
-0.75,7,1108.398637
1.54,12,1108.432406
1.14,4,1108.44409
-0.44,12,1108.47724
-0.49,11,1108.511098
1.14,4,1108.523869
1.53,9,1108.546204
1.58,10,1108.577338
1.14,4,1108.587453
-0.81,5,1108.603602
1.14,4,1108.615312
1.14,4,1108.625596
1.14,4,1108.637158
-0.61,10,1108.669365
1.14,4,1108.680617
-0.47,10,1108.713912
-0.49,13,1108.755548
-0.47,10,1108.786253
-0.64,9,1108.810071
1.14,4,1108.82109
1.14,4,1108.832249
1.5,10,1108.863236
-0.67,8,1108.885414
1.14,4,1108.895302
-0.53,12,1108.929127
1.61,9,1108.956531
-0.58,10,1108.989587
1.14,4,1108.9984
1.64,10,1109.026618
1.14,4,1109.037508
-0.61,8,1109.063673
1.63,10,1109.765224
1.14,4,1109.775132
-0.37,10,1109.807014
1.34,7,1109.824446
-0.34,11,1109.859722
-0.66,7,1109.878962
1.57,11,1109.911746
-0.53,13,1109.952406
1.14,4,1109.962916
1.6,11,1109.992844
-0.21,15,1110.040917
1.14,4,1110.053294
-0.84,8,1110.079618
1.61,10,1110.110034
1.14,4,1110.12059
-0.61,8,1110.147155
-0.76,6,1110.167271
1.14,4,1110.178491
1.14,4,1110.188403
1.14,4,1110.199291
1.66,10,1110.231046
-0.32,13,1110.27085
-0.42,14,1110.306304
1.51,9,1110.38321
-0.13,14,1110.423476
1.14,4,1110.434774
-0.62,9,1110.463583
-0.52,11,1110.495509
1.71,14,1110.540344
-0.76,6,1110.560282
-0.72,8,1110.581523
-0.63,9,1110.607084
1.14,4,1110.619261
1.14,4,1110.630409
1.4,10,1110.658042
1.39,8,1110.678023
-0.57,10,1110.709841
-0.62,9,1110.733494
1.14,4,1110.741398
1.14,4,1110.752616
1.14,4,1110.763657
1.5,10,1110.793624
1.14,4,1110.805726
1.14,4,1110.817706
1.64,10,1110.843561
1.14,4,1110.855934
-0.64,10,1110.886795
1.14,4,1110.897686
-0.76,6,1110.917201
1.14,4,1110.928977
-0.56,12,1110.967509
1.14,4,1110.979284
-0.41,12,1111.014595
1.55,10,1111.04208
1.14,4,1111.053413
-0.48,15,1111.097111
1.14,4,1111.109144
-0.76,6,1111.128504
1.14,4,1111.140769
1.63,10,1111.16884
-0.68,9,1111.1955
-0.66,7,1111.213879
1.14,4,1111.225582
-0.32,12,1111.272427
-0.68,9,1111.300324
-0.49,13,1111.33937
-0.78,8,1111.366518
-0.55,11,1111.401941
1.14,4,1111.41311
1.66,14,1111.451099
1.14,4,1111.460317
-0.94,7,1111.478351
-0.58,10,1111.509208
1.14,4,1111.520711
1.41,8,1111.547138
1.14,4,1111.555733
1.14,4,1111.568124
-0.82,7,1111.592041
1.48,10,1111.619564
1.14,4,1111.631347
-0.57,9,1111.659868
1.14,4,1111.672766
1.38,8,1111.697982
1.14,4,1111.709641
1.14,4,1111.72133
1.14,4,1111.732624
-0.59,12,1111.770348
-0.67,10,1111.801399
-0.4,11,1111.83701
-0.54,9,1111.866242
1.14,4,1111.877888
-0.46,13,1111.91994
-0.65,9,1111.944375
1.14,4,1111.95701
-0.61,9,1111.989678
-0.52,9,1112.01889
1.14,4,1112.029879
-0.67,8,1112.056093
1.14,4,1112.067742
-0.71,6,1112.086723
-0.55,10,1112.112254
1.14,4,1112.1211
1.14,4,1112.129941
1.66,10,1112.156236
1.66,10,1112.189307
1.33,9,1112.218675
1.65,13,1112.259033
1.14,4,1112.270995
1.14,4,1112.281554
1.14,4,1112.292835
-0.38,12,1112.32539
1.14,4,1112.337058
-0.55,10,1112.366436
1.14,4,1112.374486
1.37,10,1112.405752
1.14,4,1112.417118
1.33,10,1112.441056
1.66,10,1112.465581
1.37,10,1112.49049
-0.57,10,1112.523144
1.14,4,1112.535872
1.14,4,1112.54753
-0.84,10,1112.57614
-0.67,11,1112.614295
1.55,12,1112.645805
1.14,4,1112.655592
-0.73,8,1112.676218
-0.37,10,1112.704647
-0.66,7,1112.725789
1.66,10,1112.755367
1.14,4,1112.767391
-0.81,5,1112.783566
1.14,4,1112.795125
1.14,4,1112.8068
1.14,4,1112.818063
1.14,4,1112.826423
-0.41,9,1112.854496
1.14,4,1112.867475
-0.82,6,1112.882561
1.14,4,1112.891714
-0.6,11,1112.924165
1.51,10,1112.957335
1.14,4,1112.970509
-0.74,6,1112.990748
1.14,4,1113.0006
1.14,4,1113.009357
-0.72,7,1113.032842
-0.72,8,1113.052902
-0.45,10,1113.079731
1.14,4,1113.09136
-0.49,10,1113.117245
1.14,4,1113.125911
-0.42,13,1113.164423
-0.57,10,1113.192967
1.68,10,1113.223758
1.14,4,1113.235438
-0.63,13,1113.274249
-0.62,9,1113.298292
-0.59,9,1113.327758
1.56,9,1113.353658
-0.55,13,1113.387899
1.14,4,1113.398989
1.14,4,1113.410915
-0.69,10,1113.44042
1.14,4,1113.4534
1.54,11,1113.487815
1.14,4,1113.500518
1.14,4,1113.51211
1.14,4,1113.521275
1.69,12,1113.557033
1.4,9,1113.58262
-0.66,8,1113.60749
1.14,4,1113.619452
-0.24,13,1113.657722
-0.63,10,1113.688028
-0.55,10,1113.712075
-0.74,9,1113.742763
1.14,4,1113.755585
1.14,4,1113.799079
1.14,4,1113.820926
1.14,4,1113.835423
-0.56,11,1113.86832
1.14,4,1113.880083
-0.64,11,1113.91693
1.56,10,1113.945272
1.14,4,1113.954604
1.42,10,1113.984802
1.48,12,1114.021943
1.14,4,1114.033235
1.43,8,1114.054202
1.14,4,1114.066235
1.59,9,1114.092609
1.46,8,1114.117925
-0.18,14,1114.161091
-0.36,10,1114.193568
1.59,10,1114.220352
1.42,10,1114.251523
1.56,10,1114.279799
-0.6,10,1114.310854
1.14,4,1114.322785
1.14,4,1114.335826
1.14,4,1114.346486
-0.6,9,1114.377021
1.53,10,1114.401146
-0.7,8,1114.426262
1.14,4,1114.438575
1.14,4,1114.450437
1.73,11,1114.551373
1.14,4,1114.561272
1.14,4,1114.572935
1.14,4,1114.584701
1.46,10,1114.615859
1.55,10,1114.641935
1.71,10,1114.674912
-0.53,14,1114.710727
1.55,11,1114.741839
1.14,4,1114.752563
1.14,4,1114.763604
1.14,4,1114.773062
1.58,9,1114.80004
1.66,10,1114.83209
-0.52,13,1114.871605
1.55,10,1114.900937
-0.86,5,1114.91615
1.14,4,1114.927268
-0.56,14,1114.967271
1.23,7,1114.987869
-0.66,7,1115.010532
-0.57,9,1115.032804
1.52,12,1115.066444
-0.75,8,1115.090746
1.27,8,1115.114908
-0.56,14,1115.148744
-0.56,10,1115.178354
-0.74,6,1115.19398
1.54,9,1115.221968
-0.72,8,1115.24934
-0.64,7,1115.268074
1.44,9,1115.291193
1.38,9,1115.31705
1.14,4,1115.327975
1.39,8,1115.35241
1.14,4,1115.362859
1.14,4,1115.372483
-0.66,7,1115.396302
1.63,10,1115.421068
1.14,4,1115.431762
-0.82,6,1115.451519
-0.66,8,1115.475899
1.42,13,1115.516462
-0.57,9,1115.546522
-0.36,12,1115.577204
1.33,8,1115.598287
-0.71,7,1115.621545
1.65,11,1115.652805
-0.36,14,1115.694806
1.14,4,1115.705021
-0.48,11,1115.742885
-0.39,9,1115.77219
1.5,10,1115.80329
1.14,4,1115.815043
1.14,4,1115.82438
-0.64,8,1115.848706
1.66,10,1115.875195
-0.48,11,1115.898093
-0.69,11,1115.930068
1.14,4,1116.596366
-0.77,7,1116.618422
1.42,10,1116.644099
1.14,4,1116.653332
-0.63,10,1116.6816
-0.55,10,1116.70869
-0.73,8,1116.736723
-0.37,11,1116.774488
1.14,4,1116.787349
-0.77,10,1116.817882
1.14,4,1116.830193
-0.77,7,1116.852093
1.31,7,1116.870129
1.14,4,1116.880914
1.66,12,1116.917903
1.14,4,1116.929874
1.14,4,1116.938369
1.14,4,1116.951876
1.14,4,1116.962812
1.61,10,1116.989718
1.14,4,1117.001276
1.55,10,1117.032029
1.59,9,1117.059749
1.7,11,1117.090406
-0.68,10,1117.116859
-0.45,11,1117.14768
-0.39,14,1117.189452
-0.76,8,1117.21165
1.7,12,1117.249028
-0.63,10,1117.277604
1.14,4,1117.290027
1.14,4,1117.302159
-0.67,11,1117.331959
-0.65,8,1117.354444
1.14,4,1117.365915
-0.77,7,1117.384331
1.14,4,1117.395879
-0.39,13,1117.434429
1.61,10,1117.463211
1.56,9,1117.49369
-0.43,11,1117.528995
1.66,10,1117.556276
-0.39,13,1117.59343
1.58,11,1117.623811
-0.58,10,1117.651218
-0.76,6,1117.670182
-0.56,12,1117.758004
1.14,4,1117.770328
1.14,4,1117.781955
1.19,5,1117.79655
1.14,4,1117.806798
-0.64,11,1117.834029
1.14,4,1117.846058
-0.55,9,1117.87562
-0.71,6,1117.897026
1.14,4,1117.908876
-0.24,14,1117.95173
1.14,4,1117.963506
1.14,4,1117.976776
1.14,4,1117.9867
1.14,4,1117.998192
1.49,11,1118.022094
1.14,4,1118.031663
1.14,4,1118.042073
-0.53,11,1118.072683
-0.77,7,1118.091354
-0.66,10,1118.116958
-0.58,14,1118.160125
1.14,4,1118.171806
-0.5,10,1118.201433
1.62,11,1118.231062
1.14,4,1118.241613
1.14,4,1118.252725
1.56,10,1118.280447
-0.39,11,1118.310715
1.27,9,1118.336268
1.14,4,1118.349006
1.14,4,1118.358583
1.14,4,1118.36997
1.5,10,1118.39849
1.39,14,1118.44078
-0.67,8,1118.4661
1.14,4,1118.479099
1.14,4,1118.490653
-0.52,13,1118.529304
-0.67,8,1118.550065
-0.49,9,1118.576866
1.58,13,1118.610415
-0.77,7,1118.629106
-0.48,10,1118.660492
1.14,4,1118.671015
1.14,4,1118.680537
1.49,11,1118.710447
1.39,10,1118.736226
-0.62,9,1118.766653
1.14,4,1118.778868
-0.69,10,1118.805113
1.47,11,1118.833334
1.64,11,1118.868561
-0.82,6,1118.890046
-0.64,14,1118.933905
-0.53,13,1118.967815
1.51,9,1118.995662
1.58,10,1119.027367
1.14,4,1119.038991
1.14,4,1119.051012
-0.52,13,1119.091272
1.66,10,1119.119953
1.64,14,1119.160569
1.14,4,1119.168795
1.14,4,1119.181317
1.14,4,1119.192636
1.14,4,1119.201574
-0.54,13,1119.237023
-0.67,8,1119.262236
1.14,4,1119.273547
-0.75,10,1119.30259
1.37,10,1119.333287
-0.84,10,1119.360454
1.53,10,1119.390146
1.68,10,1119.420534
1.19,5,1119.43654
-0.75,8,1119.457555
-0.34,12,1119.490085
1.14,4,1119.501745
-0.76,9,1119.527284
1.14,4,1119.534977
1.31,10,1119.564672
-0.46,11,1119.596598
1.14,4,1119.606946
1.66,10,1119.631591
1.66,10,1119.65743
1.14,4,1119.669146
-0.81,5,1119.685177
-0.37,15,1119.729244
-0.26,13,1119.759567
-0.39,10,1119.793058
-0.87,6,1119.807964
1.55,10,1119.834438
-0.13,14,1119.877525
-0.4,12,1119.910308
1.14,4,1119.921739
1.66,10,1119.950201
1.63,10,1119.983015
1.14,4,1119.995025
1.14,4,1120.005861
-0.73,8,1120.025195
1.14,4,1120.036632
-0.52,13,1120.070769
-0.49,9,1120.094648
1.55,10,1120.12292
-0.66,7,1120.147858
1.14,4,1120.160078
1.14,4,1120.171881
1.46,9,1120.196295
-0.76,6,1120.216266
-0.38,13,1120.260691
-0.65,8,1120.282125
1.57,12,1120.316441
-0.65,8,1120.343883
1.14,4,1120.355551
1.34,7,1120.372309
1.56,9,1120.398831
1.14,4,1120.411047
1.14,4,1120.420129
1.14,4,1120.432334
1.19,5,1120.447455
-0.2,11,1120.479849
1.14,4,1120.487749
1.14,4,1120.497264
-0.42,13,1120.537539
1.14,4,1120.547802
1.36,11,1120.580422
1.67,11,1120.610839
1.14,4,1120.621859
-0.65,9,1120.650942
1.14,4,1120.663188
-0.82,6,1120.682063
1.45,11,1120.715912
1.14,4,1120.727623
1.14,4,1120.739016
-0.71,6,1120.758694
1.14,4,1120.769248
-0.56,8,1120.795274
-0.76,9,1120.819451
-0.48,12,1120.852272
-0.63,10,1120.884369
1.14,4,1120.89686
1.14,4,1120.908821
-0.66,7,1120.928447
1.14,4,1120.940368
1.58,10,1120.972895
1.14,4,1120.983706
-0.46,9,1121.011441
1.14,4,1121.023224
-0.63,12,1121.057631
-0.49,16,1121.160247
1.71,11,1121.210123
1.14,4,1121.222757
1.63,11,1121.250138
1.14,4,1121.26164
1.14,4,1121.271698
1.5,10,1121.302882
1.14,4,1121.3141
-0.48,11,1121.347399
1.14,4,1121.359325
1.14,4,1121.371024
-0.71,9,1121.396923
1.58,10,1121.424799
-0.66,7,1121.440874
-0.71,6,1121.459813
1.14,4,1121.471052
1.19,5,1121.485594
1.55,10,1121.513727
1.14,4,1121.526569
1.14,4,1121.53853
-0.87,5,1121.554535
-0.67,8,1121.579658
1.43,9,1121.600129
1.14,4,1121.611367
-0.55,10,1121.64293
-0.81,5,1121.655064
1.14,4,1121.66667
1.14,4,1121.678573
-0.41,14,1121.719397
-0.81,6,1121.735499
1.14,4,1121.746971
1.14,4,1121.758271
-0.83,7,1121.77976
1.14,4,1121.791397
1.14,4,1121.8024
-0.49,12,1121.833355
1.14,4,1121.845064
1.19,5,1121.859304
1.66,10,1121.890095
-0.58,10,1121.922899
-0.77,7,1121.94363
1.14,4,1121.952336
1.14,4,1121.963169
1.14,4,1121.975394
-0.52,11,1122.01252
1.64,10,1122.041903
-0.37,10,1122.068516
1.14,4,1122.080981
-0.59,11,1122.113041
1.14,4,1122.125144
1.14,4,1122.135795
-0.43,12,1122.17453
-0.53,14,1122.216049
1.14,4,1122.228336
-0.44,10,1122.254588
1.14,4,1122.265949
-0.82,6,1122.285474
-0.82,6,1122.305197
1.33,8,1122.328665
-0.72,10,1122.353088
1.75,12,1122.391144
1.14,4,1122.40344
-0.66,7,1122.422378
1.14,4,1122.431289
1.14,4,1122.44288
-0.56,10,1122.470566
-0.65,12,1122.507178
1.48,9,1122.532149
-0.71,6,1122.552272
1.14,4,1122.564195
1.14,4,1122.57581
-0.69,7,1122.596649
1.14,4,1122.608639
1.49,9,1122.636745
1.14,4,1123.293673
1.66,10,1123.326685
-0.6,10,1123.354315
-0.53,10,1123.382058
1.71,10,1123.412315
1.14,4,1123.422283
1.58,9,1123.445161
1.6,11,1123.475452
1.14,4,1123.484483
1.52,12,1123.518825
-0.55,9,1123.545363
1.14,4,1123.556991
1.14,4,1123.565471
-0.83,8,1123.591568
1.14,4,1123.603039
1.51,9,1123.632013
1.14,4,1123.644598
1.14,4,1123.657251
-0.68,9,1123.686279
1.56,9,1123.714816
1.14,4,1123.726444
1.46,8,1123.749692
1.14,4,1123.759913
1.14,4,1123.77121
-0.68,9,1123.797577
-0.68,9,1123.82016
-0.4,11,1123.846374
-0.46,10,1123.877507
1.14,4,1123.886604
1.14,4,1123.898893
1.14,4,1123.911309
1.52,11,1123.942807
1.14,4,1123.954662
1.14,4,1123.966347
1.14,4,1123.97931
1.69,10,1124.01014
1.14,4,1124.022335
1.38,9,1124.051002
1.14,4,1124.061361
1.5,10,1124.091628
-0.71,7,1124.112008
1.68,10,1124.139812
1.58,10,1124.169867
-0.51,9,1124.201904
1.14,4,1124.213389
1.55,11,1124.242535
1.55,11,1124.278095
1.14,4,1124.289513
1.58,10,1124.31609
1.14,4,1124.328077
1.83,12,1124.36216
-0.46,10,1124.39518
-0.76,9,1124.420241
1.14,4,1124.431894
-0.42,13,1124.466187
1.14,4,1124.479444
1.63,10,1124.50568
-0.82,6,1124.527048
-0.49,11,1124.556018
1.54,9,1124.582378
1.14,4,1124.595347
-0.42,9,1124.622792
-0.47,10,1124.651494
1.14,4,1124.663088
1.14,4,1124.674656
-0.67,8,1124.69954
-0.59,9,1124.729943
1.14,4,1124.742498
-0.39,14,1124.782863
1.14,4,1124.793482
-0.67,8,1124.816198
1.13,5,1124.829766
-0.36,13,1124.862022
1.14,4,1124.872045
1.14,4,1124.881923
1.51,9,1124.937346
-0.76,6,1124.963799
1.14,4,1124.976823
1.14,4,1124.989269
1.53,10,1125.020152
-0.49,9,1125.048818
1.14,4,1125.060788
1.53,10,1125.091644
-0.55,11,1125.123713
1.31,8,1125.143556
1.14,4,1125.15492
1.65,11,1125.180567
1.14,4,1125.19186
1.14,4,1125.203066
1.58,9,1125.231442
-0.47,13,1125.26757
1.14,4,1125.278448
1.4,9,1125.300788
-0.95,8,1125.325372
-0.62,9,1125.354869
1.44,10,1125.381306
1.14,4,1125.392664
1.14,4,1125.402246
1.68,12,1125.43835
-0.7,8,1125.460896
-0.48,11,1125.490151
1.56,11,1125.522626
1.14,4,1125.534436
-0.8,10,1125.562883
1.14,4,1125.573994
1.29,10,1125.598116
1.14,4,1125.609347
1.14,4,1125.622423
1.7,12,1125.655243
-0.47,12,1125.687751
-0.54,9,1125.716553
-0.78,8,1125.73641
1.14,4,1125.748282
-0.57,9,1125.778211
1.14,4,1125.788806
1.64,10,1125.814125
-0.57,8,1125.839346
1.14,4,1125.851307
1.6,11,1125.879338
1.14,4,1125.8917
1.14,4,1125.90497
1.76,11,1125.93818
1.64,10,1125.971474
1.14,4,1125.982158
-0.66,7,1126.006236
1.42,10,1126.031425
1.14,4,1126.044031
1.52,12,1126.07994
1.46,9,1126.108269
1.14,4,1126.118724
1.14,4,1126.127912
-0.65,9,1126.155116
1.14,4,1126.165887
1.58,15,1126.201305
-0.66,13,1126.240177
1.14,4,1126.251256
1.14,4,1126.263553
-0.67,11,1126.296372
-0.49,9,1126.325672
1.34,8,1126.351295
1.14,4,1126.361249
1.41,8,1126.386494
1.14,4,1126.394968
1.76,11,1126.423046
-0.42,11,1126.455385
1.14,4,1126.466615
1.7,11,1126.49753
-0.66,7,1126.518396
1.14,4,1126.529984
-0.51,11,1126.56478
1.5,9,1126.590993
1.14,4,1126.601784
1.14,4,1126.613454
1.14,4,1126.62464
-0.35,12,1126.65243
1.46,8,1126.672945
-0.76,6,1126.691455
1.51,9,1126.72114
-0.76,6,1126.736161
-0.76,6,1126.751318
1.14,4,1126.763476
-0.52,9,1126.791239
1.14,4,1126.799899
-0.75,11,1126.829533
-0.74,6,1126.848581
-0.37,14,1126.888596
-0.84,8,1126.911277
1.63,10,1126.94331
1.39,8,1126.969427
1.14,4,1126.981859
-0.67,8,1127.000283
1.14,4,1127.010129
1.51,9,1127.031173
-0.78,10,1127.057122
1.14,4,1127.069318
1.14,4,1127.079066
1.56,9,1127.103918
1.59,10,1127.133143
-0.76,6,1127.147691
1.14,4,1127.160475
-0.56,8,1127.187383
-0.29,15,1127.226886
-0.57,9,1127.255539
1.14,4,1127.267095
1.58,11,1127.296425
1.14,4,1127.30779
-0.76,6,1127.327214
1.58,10,1127.360013
1.14,4,1127.371861
1.14,4,1127.383406
1.39,8,1127.405845
-0.67,11,1127.4369
-0.25,13,1127.526329
-0.53,11,1127.574589
1.14,4,1127.586746
1.61,10,1127.617375
-0.74,6,1127.636677
1.14,4,1127.645266
1.53,9,1127.672746
-0.75,7,1127.694093
1.14,4,1127.70586
1.14,4,1127.714111
1.14,4,1127.72553
1.14,4,1127.736792
-0.66,7,1127.759311
1.61,11,1127.788847
1.46,8,1127.812868
1.57,10,1127.842711
1.53,10,1127.869903
1.71,10,1127.899657
1.47,11,1127.930822
1.14,4,1127.94088
1.34,7,1127.961672
1.14,4,1127.974572
-0.51,9,1128.004355
1.14,4,1128.013272
1.14,4,1128.025231
-0.71,6,1128.045568
-0.85,10,1128.085092
1.14,4,1128.124294
1.76,11,1128.161969
1.36,14,1128.202716
-0.81,8,1128.225765
-0.52,11,1128.261785
-0.57,10,1128.293957
1.14,4,1128.306844
-0.56,14,1128.342143
1.14,4,1128.35279
1.14,4,1128.361989
-0.63,10,1128.392117
1.14,4,1128.403014
-0.46,16,1128.443642
-0.71,7,1128.460843
1.5,10,1128.490218
1.14,4,1128.502894
1.59,10,1128.535696
-0.54,11,1128.570249
-0.42,10,1128.603748
1.4,9,1128.630385
1.14,4,1128.6425
-0.71,7,1128.66598
1.14,4,1128.674908
-0.52,10,1128.704938
1.14,4,1128.713732
1.14,4,1128.723326
-0.67,11,1128.756147
1.14,4,1128.768977
-0.67,8,1128.790845
-0.61,8,1128.816437
1.14,4,1128.826245
1.45,11,1128.854146
-0.76,6,1128.870269
-0.71,12,1128.90807
-0.58,11,1128.944947
-0.28,12,1128.985191
-0.6,9,1129.012113
1.14,4,1129.023865
-0.77,7,1129.046119
1.6,11,1129.080113
1.14,4,1129.090125
-0.31,16,1129.138595
1.14,4,1129.150833
1.45,9,1129.179057
1.14,4,1129.191634
1.6,11,1129.222713
1.14,4,1129.232597
1.14,4,1129.244217
1.14,4,1129.25619
1.14,4,1129.268585
-0.68,11,1129.29942
1.14,4,1129.311253
-0.73,8,1129.33709
-0.66,7,1129.36035
1.24,6,1130.041944
-0.49,9,1130.069518
1.14,4,1130.079625
-0.56,11,1130.108608
1.14,4,1130.121566
1.37,9,1130.146342
1.53,11,1130.18088
1.43,10,1130.209263
1.56,9,1130.238116
1.14,4,1130.246627
1.42,10,1130.276993
1.19,5,1130.291844
1.63,10,1130.32117
-0.42,14,1130.354868
1.51,9,1130.381286
1.14,4,1130.389491
1.76,11,1130.4202
1.5,10,1130.45108
1.14,4,1130.460432
1.14,4,1130.472386
1.14,4,1130.48336
1.66,11,1130.51581
-0.59,9,1130.542254
1.14,4,1130.551609
-0.37,10,1130.584699
-0.72,14,1130.622257
-0.67,8,1130.641659
1.14,4,1130.65324
1.14,4,1130.663594
1.57,11,1130.689552
1.14,4,1130.700603
-0.71,10,1130.732208
-0.76,6,1130.744948
1.44,9,1130.77246
1.71,11,1130.800235
1.14,4,1130.810962
1.14,4,1130.822757
-0.66,7,1130.841582
1.46,10,1130.871791
1.57,12,1130.907807
1.14,4,1130.919216
1.58,9,1130.946625
1.41,11,1130.982866
-0.55,9,1131.011147
1.4,9,1131.037194
1.14,4,1131.048315
-0.58,10,1131.077911
1.6,11,1131.109041
-0.81,5,1131.124867
-0.65,9,1131.152581
-0.6,9,1131.180794
1.62,11,1131.210234
1.14,4,1131.222325
1.71,10,1131.252056
1.14,4,1131.260236
-0.64,11,1131.286911
-0.82,7,1131.308413
-0.59,8,1131.337441
1.14,4,1131.34988
-0.8,7,1131.37077
1.14,4,1131.383374
-0.59,8,1131.409324
1.34,7,1131.432529
-0.79,9,1131.461298
1.14,4,1131.473966
-0.61,10,1131.506001
-0.36,14,1131.54578
-0.43,10,1131.579047
-0.57,9,1131.60803
-0.51,12,1131.647853
1.37,10,1131.680131
-0.64,8,1131.707611
1.14,4,1131.72094
1.64,10,1131.74895
1.81,12,1131.788746
1.19,5,1131.8003
-0.67,8,1131.824868
1.78,13,1131.867058
1.46,9,1131.895578
-0.61,8,1131.917369
1.19,5,1131.931481
-0.37,12,1131.969264
1.14,4,1131.98162
1.51,9,1132.004868
1.52,10,1132.033965
1.14,4,1132.045218
-0.68,9,1132.074
-0.71,7,1132.095781
-0.61,10,1132.125779
1.5,10,1132.196627
1.14,4,1132.213992
1.14,4,1132.225938
1.33,8,1132.251236
1.14,4,1132.262343
1.19,5,1132.277015
-0.77,9,1132.298663
1.34,7,1132.318045
-0.22,16,1132.366683
-0.34,15,1132.407618
1.14,4,1132.419101
1.14,4,1132.430691
-0.66,9,1132.459498
1.14,4,1132.470881
1.14,4,1132.482138
1.49,12,1132.513743
-0.57,12,1132.547335
1.66,10,1132.575935
-0.81,12,1132.615429
1.14,4,1132.627421
-0.57,9,1132.656213
-0.66,7,1132.677805
1.14,4,1132.687348
1.51,9,1132.715342
1.14,4,1132.724645
-0.52,10,1132.75818
1.46,9,1132.787516
1.14,4,1132.799479
-0.18,14,1132.841111
-0.56,8,1132.86113
-0.83,8,1132.885354
-0.47,10,1132.918414
-0.6,13,1132.959484
-0.61,8,1132.98655
1.65,13,1133.018913
1.14,4,1133.027604
-0.31,14,1133.072603
-0.82,9,1133.095524
-0.77,7,1133.113505
1.32,9,1133.14042
-0.8,10,1133.168294
1.14,4,1133.177812
-0.68,9,1133.200063
1.14,4,1133.210065
1.52,10,1133.238506
1.43,9,1133.264994
1.66,10,1133.295491
1.5,10,1133.327457
-0.82,6,1133.347342
-0.8,6,1133.367273
1.14,4,1133.380085
1.14,4,1133.391532
-0.36,11,1133.426136
1.14,4,1133.43776
-0.83,8,1133.460098
1.48,9,1133.487047
-0.71,9,1133.510229
1.51,9,1133.539238
-0.57,9,1133.569466
1.8,13,1133.603599
1.14,4,1133.615049
-0.6,10,1133.646728
1.14,4,1133.65866
1.14,4,1133.66919
1.14,4,1133.680501
1.14,4,1133.690654
-0.78,8,1133.709993
-0.72,7,1133.732054
-0.66,7,1133.755135
-0.72,8,1133.776143
1.46,10,1133.800643
-0.69,8,1133.823894
1.14,4,1133.836748
-0.71,6,1133.853992
1.63,10,1133.883188
1.64,10,1133.913203
1.58,11,1133.942718
1.14,4,1133.952087
-0.36,10,1133.984911
1.14,4,1133.99725
-0.54,8,1134.018927
-0.47,11,1134.0493
1.53,11,1134.083602
1.14,4,1134.091419
1.14,4,1134.101476
1.71,14,1134.140783
1.66,10,1134.168917
1.53,10,1134.195858
1.14,4,1134.207611
1.14,4,1134.220745
1.14,4,1134.233356
1.14,4,1134.244997
1.5,10,1134.27678
1.76,12,1134.311247
-0.53,11,1134.337312
1.66,10,1134.363207
1.14,4,1134.371556
-0.41,9,1134.400175
-0.28,12,1134.438448
-0.6,12,1134.474595
-0.49,11,1134.510907
1.36,11,1134.534831
-0.82,7,1134.557563
1.59,9,1134.587073
-0.57,12,1134.623605
-0.63,13,1134.655083
1.14,4,1134.665128
1.14,4,1134.675712
1.14,4,1134.687998
1.14,4,1134.700136
-0.59,11,1134.729389
1.44,8,1134.753403
1.3,9,1134.780856
-0.7,8,1134.804794
-0.49,11,1134.839397
-0.93,6,1134.858806
1.55,10,1134.890136
1.14,4,1134.903137
1.14,4,1134.914916
1.14,4,1134.923725
-0.51,9,1134.948972
1.63,10,1134.979308
-0.73,9,1135.004063
-0.65,8,1135.031104
-0.4,12,1135.06448
1.51,9,1135.086017
1.63,11,1135.120736
1.29,7,1135.14269
-0.43,11,1135.180596
1.14,4,1135.191833
-0.76,6,1135.210645
1.53,13,1135.23823
1.63,10,1135.268382
1.41,8,1135.293892
1.14,4,1135.306347
-0.74,10,1135.336385
-0.62,9,1135.363787
1.14,4,1135.371763
1.39,8,1135.450947
-0.58,10,1135.474885
-0.82,6,1135.489887
1.14,4,1135.502167
-0.61,12,1135.537598
1.42,10,1135.56861
-0.68,9,1135.591498
1.14,4,1135.602272
1.38,9,1135.630003
-0.43,11,1135.667959
1.68,10,1135.700344
1.14,4,1135.712269
1.61,10,1135.739963
-0.5,10,1135.767412
1.45,9,1135.794948
-0.6,9,1135.817486
1.14,4,1135.830478
-0.57,10,1135.863258
1.71,11,1135.895324
1.14,4,1135.904036
1.14,4,1135.915801
-0.62,11,1135.943321
-0.77,10,1135.965229
-0.48,11,1136.001359
1.53,10,1136.031322
-0.53,10,1136.063302
-0.4,11,1136.093566
1.55,10,1136.763578
-0.29,13,1136.798441
-0.74,10,1136.826846
1.55,10,1136.857173
1.47,11,1136.884713
1.53,10,1136.91133
-0.49,10,1136.938287
-0.66,7,1136.962725
1.44,10,1136.994435
-0.24,11,1137.028378
1.66,10,1137.057019
1.14,4,1137.068439
1.14,4,1137.080976
1.54,12,1137.116641
-0.83,10,1137.147336
1.14,4,1137.158237
1.14,4,1137.169514
-0.49,12,1137.207252
-0.4,13,1137.242291
1.14,4,1137.25097
-0.45,13,1137.287738
1.63,10,1137.313436
1.59,13,1137.346839
1.62,12,1137.382675
1.14,4,1137.394077
1.14,4,1137.405493
1.63,10,1137.436427
1.52,15,1137.484733
1.14,4,1137.496789
-0.56,11,1137.527691
-0.58,10,1137.553035
1.14,4,1137.564028
1.63,10,1137.595299
1.55,10,1137.621562
-0.53,11,1137.654515
1.33,11,1137.683887
1.14,4,1137.695247
-0.6,10,1137.728199
1.65,11,1137.754973
-0.74,10,1137.785092
-0.55,12,1137.817817
-0.57,12,1137.844656
-0.56,9,1137.87411
1.7,12,1137.912717
1.33,9,1137.936599
-0.83,7,1137.959989
-0.73,11,1137.995891
1.14,4,1138.007445
1.54,9,1138.033034
-0.38,11,1138.065674
1.14,4,1138.076344
1.14,4,1138.084645
1.14,4,1138.096777
1.14,4,1138.108407
1.14,4,1138.119885
1.14,4,1138.132787
-0.66,7,1138.155993
-0.54,12,1138.184272
1.68,10,1138.216746
-0.62,9,1138.246016
-0.39,13,1138.278677
1.19,5,1138.293251
-0.58,10,1138.320832
-0.45,11,1138.358467
1.14,4,1138.369701
-0.64,9,1138.396378
1.5,10,1138.425425
-0.71,7,1138.444256
1.14,4,1138.455386
1.14,4,1138.464183
1.76,11,1138.498895
1.14,4,1138.510454
1.14,4,1138.519757
1.14,4,1138.532042
-0.61,8,1138.557775
1.3,11,1138.580512
-0.86,10,1138.613754
-0.62,9,1138.64252
-0.54,10,1138.673468
1.14,4,1138.68236
-0.44,9,1138.706671
-0.54,8,1138.728295
-0.77,7,1138.75165
-0.71,7,1138.775536
-0.57,12,1138.813308
-0.45,11,1138.849673
-0.67,8,1138.870626
1.14,4,1138.882492
1.26,10,1138.913072
1.64,10,1138.946022
1.14,4,1138.958095
1.41,8,1138.982392
1.55,10,1139.013991
-0.47,10,1139.046073
1.14,4,1139.056866
1.64,10,1139.084097
1.14,4,1139.094709
-0.82,6,1139.114352
1.14,4,1139.125508
1.14,4,1139.134135
-0.56,9,1139.16228
-0.67,11,1139.195761
1.44,9,1139.2232
-0.76,13,1139.255231
1.14,4,1139.266924
-0.77,8,1139.287723
1.13,5,1139.302123
1.14,4,1139.315259
1.56,9,1139.34567
1.14,4,1139.35591
-0.63,10,1139.380916
-0.52,9,1139.409795
1.4,9,1139.438054
1.46,9,1139.465688
1.14,4,1139.478102
1.56,11,1139.509421
-0.47,13,1139.548348
-0.37,13,1139.590522
1.14,4,1139.601547
-0.56,11,1139.63737
1.54,12,1139.67366
1.53,10,1139.697291
1.59,9,1139.726706
-0.76,6,1139.746343
1.61,9,1139.77549
-0.54,11,1139.804258
-0.45,10,1139.837498
-0.66,7,1139.906077
-0.61,15,1139.95317
1.14,4,1139.964783
-0.58,13,1140.005243
1.14,4,1140.017195
-0.37,10,1140.04813
-0.46,10,1140.079426
1.68,10,1140.110435
1.14,4,1140.119776
1.14,4,1140.131187
1.14,4,1140.142509
1.63,10,1140.174156
1.47,11,1140.205115
-0.53,14,1140.248474
1.14,4,1140.260244
1.14,4,1140.26932
1.14,4,1140.279073
1.14,4,1140.289226
1.14,4,1140.298585
1.47,11,1140.328169
1.14,4,1140.336578
1.14,4,1140.348669
1.62,12,1140.385123
1.14,4,1140.397192
-0.48,11,1140.426614
-0.71,7,1140.449733
1.14,4,1140.462417
1.37,10,1140.551879
-0.68,9,1140.573447
-0.49,9,1140.602086
-0.47,12,1140.635387
1.34,7,1140.652976
1.36,10,1140.679571
1.14,4,1140.691863
-0.3,13,1140.733014
1.75,14,1140.77612
1.69,11,1140.809742
-0.8,10,1140.838458
1.19,5,1140.850997
1.14,4,1140.861385
-0.43,11,1140.893881
-0.35,10,1140.927042
-0.78,8,1140.953255
1.14,4,1140.962374
1.14,4,1140.974517
1.66,10,1141.005609
1.23,9,1141.031492
1.14,4,1141.043085
-0.63,12,1141.075505
-0.87,12,1141.112686
1.47,11,1141.142006
1.14,4,1141.153742
-0.67,8,1141.177825
1.14,4,1141.189885
1.14,4,1141.201555
-0.57,12,1141.237018
-0.49,11,1141.264413
-0.34,14,1141.297278
-0.59,11,1141.329031
1.14,4,1141.34013
-0.95,8,1141.360566
1.14,4,1141.373122
-0.67,8,1141.397981
-0.63,10,1141.429713
1.14,4,1141.441856
1.14,4,1141.450104
1.14,4,1141.4617
-0.68,10,1141.487226
-0.7,9,1141.515591
1.45,9,1141.54036
1.33,8,1141.564006
-0.78,8,1141.589258
-0.59,8,1141.612799
1.61,10,1141.64145
1.57,11,1141.667597
-0.6,9,1141.695187
1.14,4,1141.706401
1.4,9,1141.731534
1.61,11,1141.762255
1.14,4,1141.774773
-0.72,10,1141.802666
-0.76,6,1141.816231
1.52,11,1141.849152
1.14,4,1141.861589
1.14,4,1141.873788
1.14,4,1141.88491
1.56,9,1141.913227
1.14,4,1141.925905
1.14,4,1141.937942
1.64,10,1141.966209
1.53,9,1141.992928
1.27,11,1142.020219
1.73,12,1142.048084
-0.86,5,1142.063776
-0.27,11,1142.094187
1.14,4,1142.104276
-0.66,7,1142.127966
1.14,4,1142.139898
1.78,11,1142.174496
1.14,4,1142.186633
-0.66,7,1142.208131
1.68,10,1142.240161
-0.78,10,1142.266102
-0.7,8,1142.29178
-0.68,9,1142.313515
1.14,4,1142.326245
-0.67,8,1142.348947
-0.46,9,1142.372018
1.55,10,1142.398871
-0.76,6,1142.420365
1.14,4,1142.43312
1.43,11,1142.468087
1.29,6,1142.486772
1.6,12,1142.521997
-0.64,7,1142.544403
-0.43,14,1142.587195
1.48,10,1142.614334
1.14,4,1142.625726
1.86,13,1142.66315
1.14,4,1142.674859
1.44,9,1142.698452
-0.37,14,1142.741109
-0.66,10,1142.772346
-0.69,8,1142.798156
1.64,10,1143.468782
1.14,4,1143.483635
1.19,5,1143.499058
-0.81,5,1143.512784
1.14,4,1143.524731
-0.49,11,1143.554283
1.14,4,1143.565506
-0.61,8,1143.59335
-0.32,13,1143.629629
-0.63,10,1143.659978
1.14,4,1143.672219
1.58,10,1143.69804
1.14,4,1143.709659
1.43,9,1143.737859
1.55,12,1143.774705
1.78,11,1143.809792
1.14,4,1143.820655
1.14,4,1143.831975
1.59,10,1143.862992
-0.44,13,1143.895578
1.53,10,1143.924365
-0.75,8,1143.947165
1.14,4,1143.959181
1.73,11,1143.991113
-0.69,10,1144.022286
1.14,4,1144.031843
1.76,15,1144.071103
1.78,13,1144.105285
-0.61,8,1144.130804
1.56,9,1144.155543
1.56,9,1144.230686
1.58,11,1144.261114
1.14,4,1144.275222
1.14,4,1144.285097
1.4,9,1144.314959
-0.66,7,1144.333612
-0.48,11,1144.367357
1.31,10,1144.392357
1.14,4,1144.404454
1.66,10,1144.435451
1.14,4,1144.445709
-0.52,9,1144.471943
1.41,8,1144.494601
-0.31,12,1144.530751
1.27,9,1144.560482
1.14,4,1144.571747
-0.76,6,1144.588267
-0.58,10,1144.618568
-0.79,9,1144.642868
-0.59,9,1144.670628
1.14,4,1144.679695
1.14,4,1144.689244
-0.77,7,1144.710656
1.44,8,1144.736528
-0.47,11,1144.769956
-0.79,9,1144.789946
1.61,11,1144.820223
-0.72,7,1144.841491
1.14,4,1144.852011
1.42,10,1144.881633
1.48,11,1144.914598
-0.71,7,1144.935188
1.76,11,1144.965292
1.14,4,1144.976525
1.14,4,1144.98818
1.81,12,1145.021723
1.61,10,1145.043777
-0.51,9,1145.071781
-0.45,13,1145.106889
1.14,4,1145.115974
-0.66,7,1145.139255
1.34,7,1145.160549
1.68,10,1145.192098
1.14,4,1145.203596
-0.64,8,1145.222284
-0.77,7,1145.244571
1.52,11,1145.27207
-0.66,7,1145.292003
1.71,11,1145.324127
1.36,12,1145.359365
-0.65,9,1145.385469
1.14,4,1145.396987
1.14,4,1145.408137
1.14,4,1145.419516
-0.42,10,1145.446941
1.14,4,1145.459903
-0.65,10,1145.490651
1.54,11,1145.520092
1.14,4,1145.531553
1.39,11,1145.565586
1.55,12,1145.593772
-0.78,8,1145.620514
-0.57,12,1145.65404
1.14,4,1145.662866
1.14,4,1145.674618
1.14,4,1145.686198
1.14,4,1145.697125
-0.67,8,1145.717696
-0.62,9,1145.744748
1.14,4,1145.756995
1.14,4,1145.769513
-0.44,13,1145.806588
-0.66,8,1145.826923
1.68,10,1145.852665
1.14,4,1145.861298
-0.57,9,1145.887143
1.47,11,1145.917535
1.59,9,1145.937567
1.62,11,1145.962856
-0.7,9,1145.992623
-0.87,5,1146.008345
-0.77,7,1146.031924
1.14,4,1146.040789
1.14,4,1146.051668
-0.74,10,1146.077206
1.74,14,1146.116378
-0.72,7,1146.140003
1.14,4,1146.151625
-0.72,8,1146.176564
-0.65,9,1146.207484
-0.89,7,1146.224217
-0.75,7,1146.244416
1.14,4,1146.255757
1.14,4,1146.267377
-0.47,10,1146.296578
-0.62,9,1146.323174
1.53,10,1146.34913
1.14,4,1146.357713
1.14,4,1146.368899
-0.66,7,1146.390189
1.14,4,1146.402856
1.56,10,1146.434694
-0.44,9,1146.462347
1.49,9,1146.487848
-0.77,7,1146.507668
-0.63,10,1146.536523
1.35,9,1146.55891
-0.72,10,1146.581169
1.14,4,1146.592314
1.61,9,1146.61861
1.61,10,1146.65013
1.14,4,1146.66211
-0.64,7,1146.682468
1.14,4,1146.691132
-0.51,10,1146.723451
1.48,9,1146.746742
-0.57,10,1146.777958
1.14,4,1146.788563
1.14,4,1146.798534
1.14,4,1146.807676
1.14,4,1146.818454
1.14,4,1146.829532
1.66,10,1146.855653
1.14,4,1146.868061
-0.8,8,1146.893298
1.14,4,1146.906106
1.14,4,1146.918051
1.43,10,1146.946225
1.14,4,1146.955274
1.19,5,1146.972676
1.14,4,1146.982987
1.14,4,1146.992639
1.14,4,1147.004822
1.69,10,1147.034394
1.39,10,1147.058188
1.19,5,1147.073195
1.14,4,1147.085788
-0.55,11,1147.121969
-0.74,6,1147.135993
1.14,4,1147.147404
1.6,11,1147.175993
1.14,4,1147.186912
1.14,4,1147.197029
-0.45,11,1147.233008
-0.41,12,1147.265924
1.14,4,1147.27793
1.14,4,1147.288318
1.37,10,1147.316314
1.14,4,1147.327772
1.65,11,1147.353394
-0.72,8,1147.37901
1.58,9,1147.401981
-0.4,11,1147.426419
1.14,4,1147.437844
1.14,4,1147.448461
1.68,10,1147.4745
1.14,4,1147.487033
1.14,4,1147.49929
1.14,4,1147.509353
1.63,10,1147.540971
1.14,4,1147.55221
-0.51,11,1147.579641
1.14,4,1147.590249
1.54,9,1147.617999
-0.67,8,1147.644537
-0.51,15,1147.691708
-0.66,10,1147.719959
1.14,4,1147.731197
1.14,4,1147.743127
1.14,4,1147.753861
-0.86,13,1147.793116
-0.58,11,1147.829107
1.52,12,1147.866523
1.14,4,1147.874344
1.51,9,1147.901695
-0.5,10,1147.982639
1.58,10,1148.010607
-0.14,14,1148.054891
1.14,4,1148.067462
1.14,4,1148.07883
1.56,9,1148.100669
1.14,4,1148.111369
-0.4,11,1148.141122
1.14,4,1148.154055
1.14,4,1148.165074
1.14,4,1148.174871
-0.61,8,1148.194321
1.14,4,1148.205101
-0.55,9,1148.232485
1.54,12,1148.269726
-0.81,5,1148.286336
-0.6,9,1148.314037
1.42,10,1148.337767
1.14,4,1148.348566
1.49,11,1148.379816
-0.57,9,1148.40774
1.14,4,1148.42036
1.14,4,1148.43304
1.14,4,1148.444259
1.6,11,1148.474173
-0.66,7,1148.493549
-0.61,11,1148.526453
-0.73,8,1148.547413
1.14,4,1148.555949
1.14,4,1148.567126
1.53,9,1148.592843
1.43,11,1148.626868
1.14,4,1148.639928
-0.77,9,1148.669555
-0.76,6,1148.687348
-0.67,8,1148.708452
1.64,10,1148.740726
1.14,4,1148.753495
-0.66,7,1148.772886
1.14,4,1148.784012
1.42,10,1148.812806
1.14,4,1148.824155
-0.59,11,1148.859385
1.14,4,1148.871187
1.14,4,1148.882347
1.14,4,1148.893268
1.14,4,1148.905441
1.14,4,1148.916461
-0.51,12,1148.951038
-0.53,11,1148.97954
1.14,4,1148.990853
-0.75,8,1149.016774
-0.78,10,1149.04537
-0.34,11,1149.076854
1.14,4,1149.087849
1.14,4,1149.099706
-0.62,12,1149.138036
1.14,4,1149.150194
1.14,4,1149.160919
-0.45,11,1149.186966
-0.69,11,1149.217315
1.56,10,1149.241935
-0.82,6,1149.262242
1.66,11,1149.29616
1.19,5,1149.310061
1.14,4,1149.320277
-0.68,13,1149.35703
-0.66,13,1149.395122
-0.71,7,1150.177838
1.66,10,1150.210083
-0.52,11,1150.244139
1.34,8,1150.270702
1.28,7,1150.294401
-0.71,7,1150.313596
-0.65,8,1150.340869
-0.76,6,1150.361416
1.14,4,1150.371592
1.14,4,1150.383722
1.14,4,1150.395537
-0.48,11,1150.428749
1.14,4,1150.441157
1.14,4,1150.455126
1.14,4,1150.468154
-0.6,12,1150.502304
1.14,4,1150.515684
1.5,10,1150.542042
1.14,4,1150.555297
-0.54,9,1150.582124
1.14,4,1150.593607
1.14,4,1150.605179
1.19,5,1150.619757
-0.81,5,1150.636668
1.63,10,1150.669801
-0.83,7,1150.691127
-0.77,7,1150.715431
1.6,12,1150.747602
1.14,4,1150.755953
-0.47,11,1150.792052
1.14,4,1150.8041
1.56,9,1150.83347
-0.77,7,1150.855188
1.14,4,1150.867854
1.34,13,1150.909611
-0.71,7,1150.929112
1.14,4,1150.939997
1.14,4,1150.95372
1.14,4,1150.966234
1.79,14,1151.008638
1.78,12,1151.047635
1.14,4,1151.055996
1.14,4,1151.068204
-0.84,8,1151.091537
1.68,10,1151.12374
1.14,4,1151.136665
1.14,4,1151.148672
1.4,12,1151.183158
1.58,9,1151.213549
1.14,4,1151.224323
1.14,4,1151.236659
-0.66,7,1151.259369
-0.4,12,1151.300333
1.34,9,1151.331223
1.59,12,1151.368348
1.14,4,1151.380414
-0.5,15,1151.42293
1.14,4,1151.435178
-0.88,7,1151.459773
-0.16,15,1151.597099
1.14,4,1151.607259
-0.64,8,1151.63195
1.6,11,1151.666443
-0.66,7,1151.689642
-0.77,7,1151.715669
1.66,10,1151.749271
1.14,4,1151.761619
-0.82,9,1151.786863
-0.61,11,1151.823425
-0.15,13,1151.864335
1.81,12,1151.904915
1.51,9,1151.930975
1.66,10,1151.957946
1.43,11,1151.994876
1.47,11,1152.027524
1.14,4,1152.037292
-0.29,11,1152.067439
1.47,11,1152.10365
-0.87,6,1152.126399
-0.69,12,1152.164882
-0.75,11,1152.189964
-0.85,7,1152.215717
-0.7,8,1152.239483
-0.66,8,1152.268137
1.14,4,1152.281122
1.43,10,1152.308071
1.14,4,1152.323816
1.14,4,1152.397675
-0.74,10,1152.435741
1.3,11,1152.47051
-0.38,14,1152.517982
-0.39,10,1152.553952
1.5,10,1152.588962
1.14,4,1152.601411
1.68,10,1152.631595
1.14,4,1152.643742
-0.69,6,1152.665731
-0.62,9,1152.700238
1.14,4,1152.710505
-0.46,16,1152.753105
-0.62,9,1152.783698
1.34,10,1152.816895
1.14,4,1152.827804
-0.89,7,1152.850763
1.14,4,1152.863905
1.31,10,1152.894253
1.66,10,1152.92697
-0.65,10,1152.960728
1.56,9,1152.983343
-0.88,7,1153.006635
1.71,10,1153.042329
-0.43,12,1153.078238
-0.62,9,1153.105412
-0.49,13,1153.146282
1.14,4,1153.154915
1.14,4,1153.167895
1.59,9,1153.192108
1.48,10,1153.219003
1.14,4,1153.230786
1.14,4,1153.242911
-0.61,11,1153.273202
-0.4,11,1153.301875
-0.43,11,1153.333324
1.63,10,1153.367574
1.14,4,1153.379828
1.14,4,1153.390511
-0.55,10,1153.430774
-0.59,12,1153.4761
-0.61,10,1153.508474
1.14,4,1153.522305
1.29,7,1153.548518
-0.64,12,1153.595562
1.36,11,1153.627656
1.59,9,1153.653337
-0.61,8,1153.679254
1.14,4,1153.687572
1.33,8,1153.711897
1.14,4,1153.723576
1.14,4,1153.735895
-0.56,11,1153.770919
1.14,4,1153.780482
-0.57,11,1153.814892
1.14,4,1153.828249
1.66,10,1153.857149
-0.62,12,1153.891212
-0.55,9,1153.914902
1.14,4,1153.925782
1.14,4,1153.935645
1.14,4,1153.945601
1.14,4,1153.954938
1.34,8,1153.973912
1.14,4,1153.985769
-0.67,11,1154.015849
-0.62,13,1154.053818
1.66,10,1154.080859
1.43,8,1154.102922
1.55,10,1154.135813
-0.46,13,1154.178154
1.42,10,1154.212364
-0.61,10,1154.241552
1.61,11,1154.280881
1.14,4,1154.29302
-0.62,9,1154.319633
-0.41,9,1154.347977
-0.81,11,1154.382636
-0.27,14,1154.423685
1.14,4,1154.433603
1.14,4,1154.444754
1.14,4,1154.45549
-0.63,13,1154.494693
1.14,4,1154.50244
-0.82,7,1154.52458
1.66,10,1154.557408
-0.67,8,1154.583194
-0.72,7,1154.604167
1.14,4,1154.615789
1.66,10,1154.648654
-0.57,12,1154.686503
-0.48,11,1154.796166
1.14,4,1154.808404
1.66,10,1154.841524
-0.25,12,1154.874882
-0.59,8,1154.899185
1.14,4,1154.910909
1.14,4,1154.921939
-0.57,10,1154.957141
-0.62,9,1154.987013
-0.58,11,1155.026057
1.14,4,1155.034917
-0.47,14,1155.072014
1.66,10,1155.10335
-0.71,7,1155.128869
-0.62,11,1155.162562
1.14,4,1155.17492
1.62,11,1155.20507
1.14,4,1155.215661
1.14,4,1155.227087
1.14,4,1155.237197
-0.36,12,1155.273447
-0.61,13,1155.311163
-0.66,8,1155.337791
1.51,9,1155.36678
1.14,4,1155.380806
1.14,4,1155.392418
-0.76,6,1155.412621
-0.53,11,1155.445874
-0.59,11,1155.474669
-0.66,7,1155.499124
1.14,4,1155.511518
-0.76,6,1155.533918
1.14,4,1155.546175
-0.63,10,1155.57803
1.57,11,1155.612355
1.14,4,1155.622871
1.14,4,1155.635172
1.14,4,1155.648177
-0.42,13,1155.683335
1.14,4,1155.692426
-0.63,10,1155.722
1.14,4,1155.734348
1.14,4,1155.746148
-0.5,10,1155.829651
1.66,10,1155.863532
-0.66,10,1155.891647
1.14,4,1155.902187
-0.78,8,1155.923284
-0.49,10,1155.94907
-0.71,9,1155.977387
1.14,4,1155.988796
1.14,4,1156.000066
1.14,4,1156.012081
-0.66,10,1156.040859
1.63,10,1156.068652
-0.62,9,1156.102991
-0.46,15,1156.149009
1.14,4,1156.159792
1.66,10,1156.189555
-0.62,12,1156.231386
1.66,10,1156.264179
1.14,4,1156.277092
-0.55,11,1156.315718
1.14,4,1156.327496
1.43,11,1156.361245
-0.8,10,1156.393765
1.52,9,1156.422866
1.52,11,1156.459582
-0.62,8,1156.486584
-0.66,10,1156.519341
1.66,10,1156.553715
1.43,11,1156.588559
1.14,4,1156.597426
1.14,4,1156.609323
1.19,5,1156.620811
1.14,4,1156.632938
-0.83,7,1156.657022
-0.74,13,1156.696604
1.14,4,1156.705523
-0.45,11,1156.741635
1.14,4,1156.754588
-0.56,11,1157.591628
1.14,4,1157.600948
-0.65,9,1157.632796
1.14,4,1157.645334
-0.65,11,1157.677894
-0.72,8,1157.699261
-0.59,8,1157.724874
1.62,13,1157.766419
1.14,4,1157.778199
1.14,4,1157.791143
-0.55,9,1157.820554
1.66,10,1157.849896
1.14,4,1157.862113
1.48,9,1157.891227
1.14,4,1157.899705
-0.64,11,1157.933733
1.63,10,1157.964392
1.6,11,1157.999677
1.55,10,1158.029317
1.55,10,1158.058105
1.14,4,1158.069567
1.44,11,1158.104221
1.63,10,1158.130656
-0.49,10,1158.162986
1.73,11,1158.19198
1.62,11,1158.227101
1.37,13,1158.26058
-0.7,9,1158.288644
1.14,4,1158.301141
1.14,4,1158.314091
-0.61,8,1158.343388
-0.58,10,1158.377913
1.14,4,1158.388656
-0.57,13,1158.43327
-0.78,8,1158.452053
1.14,4,1158.463835
-0.32,11,1158.497897
1.14,4,1158.508823
-0.67,8,1158.532007
1.53,9,1158.560249
-0.54,8,1158.58284
-0.73,9,1158.613599
1.14,4,1158.625503
-0.71,8,1158.652403
1.14,4,1158.663861
1.14,4,1158.673927
1.71,11,1158.707038
1.14,4,1158.715648
1.71,10,1158.745499
1.14,4,1158.757441
1.14,4,1158.768021
1.14,4,1158.780134
1.57,12,1158.812792
1.14,4,1158.821506
1.14,4,1158.832768
1.69,10,1158.863674
1.14,4,1158.87529
-0.78,8,1158.897517
1.14,4,1158.910045
1.34,7,1158.930682
1.14,4,1158.943387
-0.76,8,1158.965317
1.79,14,1158.998458
-0.41,11,1159.025123
1.53,13,1159.05935
1.54,11,1159.088698
-0.58,10,1159.121775
-0.42,9,1159.148313
1.14,4,1159.161495
-0.58,10,1159.194835
1.14,4,1159.204916
1.14,4,1159.216554
-0.45,11,1159.25346
1.14,4,1159.266159
1.54,12,1159.302798
1.49,9,1159.330397
-0.39,10,1159.363447
-0.89,7,1159.387889
1.19,5,1159.400862
-0.77,7,1159.418591
1.55,10,1159.441275
1.14,4,1159.452167
1.14,4,1159.464032
1.14,4,1159.476563
1.14,4,1159.488514
1.14,4,1159.50067
1.14,4,1159.513255
1.14,4,1159.524848
1.14,4,1159.53536
-0.77,7,1159.552832
-0.56,10,1159.585221
1.14,4,1159.597496
-0.52,11,1159.629186
1.14,4,1159.641151
-0.68,9,1159.669561
-0.75,11,1159.70049
1.66,10,1159.73168
1.47,11,1159.766175
1.14,4,1159.775931
-0.24,14,1159.814649
1.38,9,1159.843719
1.56,9,1159.868971
-0.83,7,1159.934079
1.14,4,1159.952172
1.51,9,1159.981188
-0.84,8,1160.004348
-0.45,11,1160.028043
-0.56,8,1160.050521
1.44,10,1160.078313
-0.52,10,1160.103102
-0.81,11,1160.134723
1.14,4,1160.145895
1.53,10,1160.177477
-0.77,7,1160.201182
1.4,9,1160.231249
-0.47,14,1160.270966
1.14,4,1160.281778
1.14,4,1160.292459
1.14,4,1160.304064
1.14,4,1160.315909
1.14,4,1160.329028
-0.78,8,1160.353104
1.14,4,1160.366998
-0.61,8,1160.390872
1.49,9,1160.417112
1.19,5,1160.432249
-0.26,14,1160.473836
-0.57,11,1160.508553
1.14,4,1160.520612
-0.56,11,1160.553899
1.52,11,1160.58556
1.67,13,1160.619694
1.14,4,1160.628737
1.14,4,1160.639543
1.5,10,1160.664857
1.14,4,1160.676268
1.14,4,1160.688627
1.14,4,1160.701028
1.44,8,1160.72807
1.14,4,1160.740643
1.52,11,1160.774285
1.14,4,1160.782317
1.14,4,1160.792824
1.14,4,1160.802706
1.56,9,1160.829207
-0.54,8,1160.856021
1.14,4,1160.865874
1.14,4,1160.879171
1.38,9,1160.908274
-0.3,12,1160.942743
1.63,10,1160.97046
-0.77,7,1160.993545
1.14,4,1161.005519
1.29,6,1161.023061
-0.66,7,1161.045784
-0.63,10,1161.077229
1.66,10,1161.107011
-0.81,6,1161.127083
1.14,4,1161.139112
1.38,9,1161.162991
1.14,4,1161.175029
-0.62,9,1161.204206
1.14,4,1161.214376
-0.44,10,1161.247925
-0.4,11,1161.281328
-0.44,9,1161.311303
-0.77,9,1161.335906
1.74,12,1161.367598
1.14,4,1161.378897
1.66,10,1161.411782
1.14,4,1161.424871
-0.71,7,1161.449166
1.14,4,1161.462255
-0.62,9,1161.503176
1.14,4,1161.547443
1.38,9,1161.596635
1.14,4,1161.609341
1.43,10,1161.641393
-0.82,8,1161.662974
1.49,11,1161.696274
1.14,4,1161.708543
-0.46,11,1161.7466
-0.73,9,1161.774431
-0.79,9,1161.800165
-0.67,8,1161.819407
1.14,4,1161.830166
1.14,4,1161.840267
1.14,4,1161.850123
1.14,4,1161.859668
-0.66,8,1161.885498
1.14,4,1161.897284
1.14,4,1161.908468
1.56,10,1161.942704
1.14,4,1161.952785
1.6,10,1161.983303
-0.85,9,1162.004703
1.14,4,1162.016464
-0.74,9,1162.043996
1.14,4,1162.05642
-0.66,10,1162.090967
-0.66,7,1162.113838
-0.52,13,1162.154993
-0.69,10,1162.184564
-0.65,8,1162.205462
-0.69,10,1162.231512
-0.49,9,1162.269516
1.54,9,1162.303906
1.14,4,1162.318078
1.14,4,1162.333479
1.44,8,1162.365259
-0.62,11,1162.40712
-0.37,11,1162.444273
1.14,4,1162.455668
-0.69,10,1162.481862
-0.46,10,1162.517513
-0.62,9,1162.543057
1.14,4,1162.55493
1.53,10,1162.582561
1.81,12,1162.612953
1.37,10,1162.644054
1.14,4,1162.658758
-0.94,7,1162.682117
-0.8,7,1162.705817
1.14,4,1162.71575
1.14,4,1162.727272
1.14,4,1162.738163
1.66,10,1162.770555
1.14,4,1162.782451
1.14,4,1162.793647
-0.38,13,1162.833377
1.14,4,1162.843264
1.14,4,1162.855344
1.52,10,1162.882968
-0.35,12,1162.923442
-0.67,10,1162.954387
1.14,4,1162.965758
1.14,4,1163.029134
-0.6,10,1163.070503
1.14,4,1163.081956
1.14,4,1163.091756
-0.44,12,1163.127928
1.14,4,1163.140833
-0.44,9,1163.169435
-0.87,6,1163.188722
1.56,10,1163.219517
1.14,4,1163.229627
1.14,4,1163.240875
1.14,4,1163.252531
-0.86,5,1163.269403
1.14,4,1163.280972
1.58,10,1163.311534
1.61,9,1163.336931
1.14,4,1163.348674
1.14,4,1163.362041
1.66,10,1163.396951
-0.77,7,1163.421129
1.6,10,1163.452041
-0.67,8,1163.471466
1.14,4,1163.482383
-0.4,11,1163.514225
1.63,10,1163.540015
1.14,4,1163.549336
1.14,4,1163.561357
1.66,10,1163.593169
-0.76,6,1163.610134
1.3,9,1163.636159
1.14,4,1163.645649
-0.76,6,1163.665292
1.5,10,1163.694887
-0.56,8,1163.724406
1.14,4,1163.736796
-0.76,6,1163.757476
1.39,10,1163.787543
1.14,4,1163.79572
-0.74,6,1163.814687
-0.7,8,1163.835308
1.14,4,1163.843868
-0.49,13,1163.884735
-0.71,7,1164.599948
1.14,4,1164.608573
1.61,9,1164.637871
-0.51,14,1164.681645
1.14,4,1164.693475
-0.77,7,1164.713488
1.14,4,1164.72368
-0.56,14,1164.765142
1.14,4,1164.773773
1.14,4,1164.786385
1.19,5,1164.810883
1.51,10,1164.857304
1.14,4,1164.874547
1.14,4,1164.888859
1.14,4,1164.899913
1.14,4,1164.914029
1.14,4,1164.928966
-0.42,9,1164.973973
-0.67,8,1165.0044
-0.67,8,1165.033416
-0.8,10,1165.059539
-0.72,8,1165.087536
1.14,4,1165.095745
-0.62,13,1165.140219
1.14,4,1165.15268
1.44,11,1165.184275
1.66,10,1165.219326
1.14,4,1165.230619
1.4,9,1165.2674
-0.56,9,1165.296953
1.61,11,1165.333475
1.14,4,1165.345471
1.14,4,1165.358742
1.35,8,1165.384329
1.14,4,1165.39523
-0.52,9,1165.427084
-0.59,9,1165.461452
-0.63,13,1165.506963
1.63,10,1165.546091
-0.65,10,1165.583246
-0.22,12,1165.620039
-0.75,11,1165.658428
1.14,4,1165.671559
-0.69,10,1165.706481
-0.55,10,1165.736027
1.53,12,1165.834436
1.14,4,1165.862782
1.36,11,1165.900879
1.42,13,1165.940292
-0.35,12,1165.980798
1.14,4,1165.994274
-0.51,12,1166.039565
1.49,8,1166.066434
1.65,10,1166.096816
1.59,9,1166.125715
1.14,4,1166.140099
1.63,10,1166.174855
1.14,4,1166.187515
1.66,10,1166.221646
-0.61,11,1166.255699
1.45,10,1166.285368
-0.41,15,1166.337115
1.14,4,1166.350688
1.5,10,1166.380851
-0.54,8,1166.408494
-0.53,10,1166.437315
-0.54,8,1166.46645
1.14,4,1166.478628
-0.82,6,1166.501301
-0.57,9,1166.53742
-0.31,13,1166.575314
1.14,4,1166.58781
-0.66,10,1166.620378
1.8,11,1166.650918
-0.76,6,1166.67289
1.34,7,1166.696911
-0.84,8,1166.722215
-0.63,9,1166.752026
-0.79,9,1166.782534
-0.39,10,1166.810776
1.14,4,1166.824099
1.68,10,1166.865985
1.14,4,1166.87813
-0.78,8,1166.902641
1.56,9,1166.92685
1.33,8,1166.950357
1.55,10,1166.980551
-0.82,6,1166.998618
-0.57,12,1167.039358
1.42,10,1167.067511
-0.66,7,1167.097309
1.14,4,1167.111527
1.14,4,1167.124629
1.14,4,1167.139331
1.14,4,1167.158305
1.39,8,1167.24943
-0.42,11,1167.302045
1.14,4,1167.314245
1.57,10,1167.350829
-0.53,10,1167.391506
-0.78,8,1167.43597
1.14,4,1167.489751
1.14,4,1167.508913
1.63,10,1167.582613
1.14,4,1167.609138
1.43,11,1167.67698
-0.58,10,1167.72705
1.41,11,1167.758406
-0.51,12,1167.78962
-0.39,10,1167.824263
1.14,4,1167.837265
1.14,4,1167.849923
1.14,4,1167.859122
-0.76,6,1167.877534
1.4,9,1167.907747
-0.79,9,1167.93829
1.14,4,1167.949735
-0.68,12,1167.988054
1.14,4,1168.001152
1.14,4,1168.014715
1.14,4,1168.026603
1.58,10,1168.05618
1.14,4,1168.067538
1.58,12,1168.109085
-0.49,12,1168.143056
1.14,4,1168.156258
1.14,4,1168.169828
1.14,4,1168.183786
-0.6,9,1168.214245
-0.37,9,1168.246037
1.14,4,1168.255493
1.14,4,1168.26686
-0.55,10,1168.298393
-0.56,10,1168.327433
1.19,5,1168.343673
1.76,11,1168.37913
1.14,4,1168.390801
-0.82,9,1168.419997
1.14,4,1168.43303
1.14,4,1168.444971
1.14,4,1168.455944
1.46,9,1168.55693
1.47,10,1168.589219
1.54,11,1168.622728
1.14,4,1168.633679
1.14,4,1168.645122
1.14,4,1168.657949
1.14,4,1168.670657
-0.42,9,1168.701256
1.14,4,1168.713319
1.51,9,1168.742449
-0.49,9,1168.775739
1.14,4,1168.786474
1.14,4,1168.797881
1.53,10,1168.826103
-0.26,13,1168.863942
-0.66,7,1168.887448
1.14,4,1168.898376
-0.39,11,1168.932867
1.66,10,1168.966252
1.5,10,1169.000161
-0.65,8,1169.027559
-0.61,8,1169.05609
1.14,4,1169.067286
1.39,10,1169.093445
-0.56,8,1169.120702
-0.68,9,1169.150244
1.53,10,1169.18121
-0.47,11,1169.218761
-0.6,9,1169.246227
1.14,4,1169.257051
-0.91,4,1169.267785
1.14,4,1169.277062
-0.56,10,1169.308437
1.71,11,1169.343182
1.43,12,1169.381273
1.61,9,1169.407024
1.14,4,1169.420612
1.14,4,1169.432026
-0.54,8,1169.458518
-0.76,6,1169.4791
-0.61,11,1169.516744
1.69,11,1169.545793
1.14,4,1169.556147
-0.51,11,1169.59557
-0.47,11,1169.63675
-0.52,11,1169.675888
-0.73,9,1169.704267
-0.66,7,1169.729051
-0.15,13,1169.765024
1.14,4,1169.776907
1.6,11,1169.805968
-0.62,9,1169.836531
-0.46,13,1169.882032
1.14,4,1169.892857
1.14,4,1169.90359
1.14,4,1169.916164
-0.71,6,1169.935849
1.5,10,1169.971203
1.14,4,1169.985141
1.14,4,1169.997299
1.14,4,1170.009
1.14,4,1170.022709
-0.75,7,1170.046338
1.14,4,1170.058773
-0.43,12,1170.105151
1.47,11,1170.160653
1.19,5,1170.185885
1.59,9,1170.227315
1.59,9,1170.264899
1.14,4,1170.273458
-0.57,10,1170.308291
1.14,4,1170.319813
1.63,10,1170.349754
1.14,4,1170.361832
-0.24,12,1170.40159
-0.46,12,1170.441766
1.14,4,1170.452138
1.14,4,1170.465556
1.14,4,1170.477381
1.23,7,1170.494107
-0.59,9,1170.517814
1.14,4,1170.530161
-0.37,10,1170.562407
1.66,10,1170.589489
-0.56,11,1170.628447
1.7,15,1170.668934
1.51,9,1170.700047
1.54,12,1170.748625
-0.76,6,1170.768551
1.14,4,1170.781802
-0.36,11,1170.824545
1.14,4,1170.840016
1.14,4,1170.85627
1.14,4,1170.937718
1.14,4,1170.95267
-0.46,9,1170.985379
1.14,4,1170.998257
1.14,4,1171.01047
-0.67,8,1171.03635
1.14,4,1171.048693
1.14,4,1171.060728
1.14,4,1171.071167
-0.76,6,1171.09008
1.52,11,1171.122158
-0.34,11,1171.161949
-0.41,11,1171.212715
1.14,4,1171.222636
-0.63,10,1171.251719
-0.32,12,1171.287673
-0.72,7,1171.316454
1.14,4,1171.32751
1.71,10,1171.362976
-0.4,12,1171.400084
1.14,4,1171.413502
1.45,13,1171.454883
1.14,4,1171.467257
1.5,10,1171.497727
1.14,4,1171.509345
-0.77,7,1171.534409
1.14,4,1171.546179
-0.8,10,1171.575567
1.14,4,1171.58782
-0.03,15,1171.63662
1.14,4,1171.648315
1.14,4,1171.660311
-0.4,11,1171.692672
1.14,4,1171.705136
1.14,4,1171.717678
1.14,4,1171.731503
-0.41,10,1171.766963
1.56,9,1172.695963
-0.68,9,1172.723927
1.14,4,1172.733276
-0.73,12,1172.772786
1.54,10,1172.804005
-0.8,6,1172.829104
1.6,11,1172.861019
-0.74,9,1172.883847
-0.5,11,1172.915842
1.14,4,1172.92873
1.68,10,1172.958971
1.14,4,1172.971182
-0.5,12,1173.006173
1.55,10,1173.036332
1.58,10,1173.063305
1.14,4,1173.076663
-0.68,10,1173.11103
-0.42,9,1173.13664
1.14,4,1173.148353
-0.42,11,1173.177332
-0.76,6,1173.195429
-0.65,9,1173.220495
1.14,4,1173.232334
1.14,4,1173.243876
1.14,4,1173.253769
1.38,9,1173.283134
-0.35,12,1173.318912
1.14,4,1173.330417
-0.74,12,1173.364919
1.63,10,1173.392139
1.66,10,1173.42085
-0.76,6,1173.44122
1.14,4,1173.451787
-0.57,10,1173.481327
1.14,4,1173.493672
1.45,9,1173.519993
-0.7,14,1173.560133
1.19,5,1173.572159
1.43,9,1173.59952
1.52,12,1173.635249
1.14,4,1173.647587
1.14,4,1173.65784
-0.76,6,1173.676543
1.14,4,1173.68821
1.61,10,1173.716827
1.14,4,1173.728868
1.14,4,1173.739739
1.14,4,1173.752462
1.14,4,1173.763463
1.48,10,1173.795801
1.56,12,1173.830789
1.14,4,1173.839884
1.71,11,1173.873044
1.14,4,1173.885396
1.14,4,1173.898052
1.14,4,1173.911425
1.62,12,1173.950673
1.14,4,1173.964218
-0.43,11,1173.997051
1.14,4,1174.010323
1.14,4,1174.022344
-0.56,8,1174.047541
1.55,11,1174.083277
1.59,9,1174.113538
-0.78,8,1174.137897
1.67,13,1174.170498
-0.63,13,1174.208644
1.68,10,1174.23326
1.14,4,1174.245321
1.29,10,1174.273805
1.14,4,1174.285895
1.14,4,1174.298081
-0.76,6,1174.317348
1.63,12,1174.355379
1.54,10,1174.386765
-0.63,10,1174.42079
-0.37,10,1174.452338
1.14,4,1174.465382
1.14,4,1174.478262
-0.5,10,1174.512278
-0.61,11,1174.549084
-0.69,10,1174.58238
1.14,4,1174.594944
-0.59,10,1174.630875
1.14,4,1174.642554
1.51,9,1174.668812
1.14,4,1174.680818
1.14,4,1174.692451
-0.49,9,1174.720786
1.63,11,1174.751766
-0.49,12,1174.788974
-0.65,9,1174.819885
-0.29,12,1174.853708
1.36,8,1174.875089
-0.82,8,1174.898521
1.14,4,1174.911394
-0.57,13,1174.952243
1.14,4,1174.965219
1.14,4,1175.028034
-0.51,9,1175.066763
1.14,4,1175.079374
1.14,4,1175.091731
-0.48,11,1175.12853
-0.66,7,1175.149293
-0.58,14,1175.195614
1.14,4,1175.208127
1.51,9,1175.235467
1.6,10,1175.26142
1.14,4,1175.270726
1.14,4,1175.283279
1.14,4,1175.295875
-0.48,11,1175.330289
-0.48,12,1175.367151
1.14,4,1175.37871
1.14,4,1175.390463
1.14,4,1175.402316
1.41,10,1175.432236
1.46,8,1175.460585
1.48,10,1175.495435
-0.9,9,1175.525467
1.14,4,1175.537242
-0.59,8,1175.567678
-0.83,7,1175.592331
1.14,4,1175.602039
1.43,9,1175.629366
1.14,4,1175.642203
1.14,4,1175.654083
-0.68,9,1175.685553
1.24,15,1175.731688
-0.57,12,1175.7639
1.25,8,1175.788499
1.14,4,1175.800514
-0.67,8,1175.826325
1.69,10,1175.859343
1.61,10,1175.889925
1.14,4,1175.901888
1.14,4,1175.912118
1.14,4,1175.923648
1.19,5,1175.938245
1.14,4,1175.950097
1.14,4,1175.963453
1.14,4,1175.975788
1.14,4,1175.987165
1.14,4,1175.998812
1.42,10,1176.029724
1.14,4,1176.041624
1.85,14,1176.08738
1.61,10,1176.113821
-0.61,8,1176.134954
1.68,13,1176.18546
1.14,4,1176.197502
1.14,4,1176.211444
1.14,4,1176.224924
1.14,4,1176.236487
1.14,4,1176.249353
1.14,4,1176.260245
-0.65,8,1176.279711
1.14,4,1176.29105
1.14,4,1176.302776
1.21,9,1176.328466
-0.26,15,1176.367828
1.57,12,1176.404762
1.14,4,1176.415083
-0.64,11,1176.443785
-0.72,8,1176.469675
1.62,11,1176.506068
-0.85,9,1176.534135
-0.66,10,1176.569616
-0.69,7,1176.594352
1.4,9,1176.61899
-0.6,9,1176.649899
-0.61,8,1176.678996
-0.66,9,1176.708341
1.52,11,1176.736298
1.14,4,1176.746871
1.14,4,1176.75821
1.14,4,1176.768428
-0.7,11,1176.800514
1.52,11,1176.833725
1.14,4,1176.846508
-0.71,10,1176.875953
-0.76,6,1176.894334
-0.71,6,1176.912014
1.67,11,1176.95079
-0.79,11,1176.994957
-0.64,8,1177.025092
-0.64,9,1177.055142
-0.68,10,1177.083197
1.14,4,1177.095376
1.6,11,1177.12561
1.78,11,1177.162607
-0.65,9,1177.190167
1.14,4,1177.201801
-0.73,9,1177.239885
1.14,4,1177.250445
1.54,10,1177.293103
1.72,12,1177.336228
-0.66,7,1177.361571
1.14,4,1177.374272
1.73,11,1177.409551
1.14,4,1177.420848
-0.83,7,1177.44532
1.14,4,1177.459164
1.14,4,1177.471173
1.71,10,1177.506101
-0.65,12,1177.545388
1.14,4,1177.558372
1.66,11,1177.586055
-0.86,5,1177.600055
-0.71,6,1177.621132
-0.76,6,1177.640188
1.59,9,1177.666621
1.14,4,1177.679233
-0.67,8,1177.703423
-0.36,13,1177.746332
1.14,4,1177.760015
1.56,9,1177.792215
1.49,11,1177.824098
-0.46,9,1177.854085
1.14,4,1177.866636
1.14,4,1177.878896
-0.65,8,1177.912005
1.14,4,1177.924723
1.14,4,1177.93711
1.14,4,1178.01467
1.23,9,1178.056919
1.14,4,1178.069138
1.71,10,1178.105101
-0.65,9,1178.136434
-0.66,8,1178.165799
1.47,11,1178.199262
1.54,11,1178.232475
-0.34,14,1178.278963
-0.41,14,1178.385083
1.65,11,1178.421524
1.44,8,1178.442208
-0.65,9,1178.47461
-0.68,9,1178.506026
1.14,4,1178.517628
1.59,10,1178.546604
-0.55,10,1178.579532
-0.76,6,1178.599612
1.14,4,1178.612705
1.14,4,1178.624567
1.56,9,1178.649083
-0.38,12,1178.689064
-0.76,9,1178.71754
1.14,4,1178.728363
1.43,10,1178.761832
-0.11,14,1178.799215
-0.72,8,1178.827909
1.38,9,1178.856143
1.14,4,1178.867885
1.54,11,1178.898712
1.45,9,1178.92649
-0.86,7,1178.956987
1.33,8,1178.986705
1.33,10,1179.015727
1.57,12,1179.048931
-0.35,11,1179.089288
-0.66,10,1179.119031
1.33,10,1179.148976
1.64,10,1179.182905
-0.56,11,1179.230914
1.68,10,1180.096805
-0.61,10,1180.126214
1.14,4,1180.137794
1.49,9,1180.170514
1.14,4,1180.184343
1.14,4,1180.197394
1.4,10,1180.228191
-0.54,14,1180.273795
-0.44,12,1180.312843
1.14,4,1180.326947
-0.66,9,1180.360044
1.38,9,1180.38169
1.19,5,1180.398978
1.64,10,1180.433443
-0.77,7,1180.459333
1.44,8,1180.486754
-0.08,16,1180.538919
1.14,4,1180.547627
-0.76,9,1180.578952
1.14,4,1180.590882
1.6,11,1180.624384
-0.69,9,1180.648169
-0.41,13,1180.686327
-0.5,9,1180.7163
-0.61,10,1180.754421
-0.57,14,1180.793127
-0.63,14,1180.836224
-0.83,8,1180.863213
1.45,10,1180.90035
-0.5,10,1180.95474
-0.52,12,1181.010089
1.14,4,1181.024982
1.14,4,1181.043669
1.5,10,1181.086078
1.14,4,1181.097871
1.54,11,1181.132034
1.43,9,1181.164693
1.14,4,1181.179226
-0.66,7,1181.2064
1.38,9,1181.238707
1.14,4,1181.252048
-0.57,12,1181.287513
1.14,4,1181.296181
1.14,4,1181.308436
1.14,4,1181.321532
-0.57,10,1181.351972
-0.76,6,1181.366382
1.65,11,1181.402342
-0.57,9,1181.430984
1.14,4,1181.442507
1.66,10,1181.475682
-0.79,6,1181.497583
-0.93,6,1181.516546
-0.69,10,1181.545443
1.14,4,1181.559386
-0.88,12,1181.600652
1.19,5,1181.613163
1.51,9,1181.648225
-0.39,10,1181.692367
1.14,4,1181.705609
1.14,4,1181.719535
-0.78,8,1181.74917
1.61,9,1181.785519
1.54,11,1181.877995
-0.17,13,1181.949121
1.14,4,1181.961072
1.14,4,1181.97308
1.14,4,1181.985555
1.14,4,1181.99661
1.14,4,1182.007483
-0.12,15,1182.05395
-0.62,8,1182.081639
-0.77,7,1182.106601
1.14,4,1182.120112
-0.42,13,1182.165278
1.14,4,1182.175901
-0.73,12,1182.213575
-0.61,10,1182.246106
1.54,9,1182.274091
1.56,9,1182.302145
1.14,4,1182.314081
-0.59,8,1182.343284
-0.67,8,1182.369624
1.14,4,1182.380531
1.14,4,1182.393399
1.14,4,1182.406347
-0.27,14,1182.450894
1.14,4,1182.462142
1.55,11,1182.49694
-0.78,8,1182.520524
-0.62,9,1182.547984
1.14,4,1182.559487
1.14,4,1182.571876
1.14,4,1182.584648
1.14,4,1182.598381
1.14,4,1182.611952
-0.53,13,1182.649917
-0.72,7,1182.675179
1.19,5,1182.692159
1.14,4,1182.70448
1.14,4,1182.71653
1.34,7,1182.735041
1.54,12,1182.773678
1.14,4,1182.784055
-0.81,8,1182.809584
1.42,10,1182.840234
-0.46,9,1182.87084
1.14,4,1182.884243
1.14,4,1182.89648
1.14,4,1182.909281
-0.74,10,1182.946074
-0.24,12,1182.987503
1.14,4,1183.002628
1.81,12,1183.113065
1.14,4,1183.125354
-0.34,13,1183.170985
1.14,4,1183.180823
1.54,12,1183.218571
1.61,10,1183.253244
1.34,7,1183.274525
-0.75,8,1183.297617
1.14,4,1183.310933
-0.62,11,1183.347292
1.56,9,1183.377134
-0.67,12,1183.418673
1.14,4,1183.430175
1.7,12,1183.470637
1.54,12,1183.510372
1.14,4,1183.520813
1.71,10,1183.554072
-0.4,13,1183.596795
-0.74,9,1183.623723
1.52,11,1183.659673
-0.62,9,1183.688104
-0.44,9,1183.717806
-0.87,6,1183.739183
1.14,4,1183.749389
1.55,10,1183.782441
1.55,10,1183.814967
-0.68,9,1183.841604
1.14,4,1183.853632
1.33,8,1183.878162
1.14,4,1183.890313
1.41,8,1183.914892
1.14,4,1183.926062
1.14,4,1183.93975
1.55,10,1183.970446
1.14,4,1183.982825
1.14,4,1183.994046
1.14,4,1184.006371
-0.51,9,1184.03448
1.14,4,1184.043892
1.14,4,1184.057548
-0.65,9,1184.081888
-0.5,11,1184.119554
1.63,10,1184.150973
1.14,4,1184.162647
-0.65,12,1184.196154
1.14,4,1184.206165
1.58,11,1184.241278
-0.57,10,1184.27427
1.81,13,1184.322142
-0.56,8,1184.349436
1.14,4,1184.36174
1.14,4,1184.374764
-0.69,9,1184.407066
1.14,4,1184.418767
-0.54,9,1184.448473
1.14,4,1184.46027
1.19,5,1184.475007
1.14,4,1184.487642
1.7,12,1184.523492
-0.22,14,1184.563929
-0.65,9,1184.593193
-0.78,8,1184.620609
1.14,4,1184.633938
-0.71,7,1184.658023
1.14,4,1184.670219
1.14,4,1184.682776
1.14,4,1184.693859
1.14,4,1184.706879
-0.15,13,1184.74912
1.74,10,1184.783577
1.14,4,1184.79372
1.14,4,1184.806232
1.71,10,1184.836887
-0.75,9,1184.860946
1.51,12,1184.897316
1.14,4,1184.909379
1.14,4,1184.921529
-0.6,12,1184.953566
1.58,11,1184.990041
1.14,4,1185.001611
-0.78,8,1185.027033
1.71,10,1185.061032
-0.63,10,1185.092987
1.14,4,1185.105489
1.63,10,1185.135242
1.14,4,1185.147769
-0.54,8,1185.172588
1.55,10,1185.203672
-0.57,9,1185.232951
1.53,13,1185.276503
-0.58,10,1185.30557
1.73,15,1185.344179
-0.55,10,1185.374982
-0.32,11,1185.411269
-0.75,7,1185.434601
1.66,10,1185.465614
-0.73,11,1185.50106
-0.56,8,1185.529752
1.14,4,1185.54246
1.14,4,1185.55588
1.14,4,1185.569391
1.69,10,1185.598692
1.14,4,1185.609374
1.14,4,1185.620418
-0.71,7,1185.64386
1.45,9,1185.671504
1.14,4,1185.682827
-0.76,6,1185.700537
-0.77,7,1185.720783
1.14,4,1185.73312
1.14,4,1185.744906
1.14,4,1185.754749
1.54,13,1185.791381
1.5,11,1185.827789
-0.75,7,1185.847977
1.54,9,1185.874614
1.55,10,1185.906212
1.65,11,1185.936667
-0.76,6,1185.955852
-0.49,12,1185.991145
-0.15,17,1186.042846
-0.72,8,1186.066673
1.47,11,1186.100151
-0.47,9,1186.126065
-0.77,9,1186.153528
1.14,4,1186.166664
1.14,4,1186.179406
1.14,4,1186.189924
-0.8,10,1186.220962
-0.48,11,1186.257661
-0.55,10,1186.290709
1.14,4,1186.301939
-0.67,8,1186.328957
1.14,4,1186.341628
1.53,10,1186.375016
1.14,4,1186.387706
1.14,4,1186.399899
1.44,11,1186.433014
1.14,4,1186.442103
-0.86,7,1186.466601
1.14,4,1186.478393
1.14,4,1186.490558
1.14,4,1186.503137
1.14,4,1186.515853
1.14,4,1186.527024
1.66,10,1186.558105
1.51,9,1186.586676
1.14,4,1186.598613
1.24,8,1186.62378
1.62,12,1186.658912
1.14,4,1186.672059
1.49,10,1186.697637
-0.5,12,1186.795656
-0.6,12,1186.82925
-0.56,11,1187.593074
-0.7,8,1187.61871
-0.73,11,1187.651912
-0.04,14,1187.699676
1.14,4,1187.71188
1.14,4,1187.724588
1.71,10,1187.838428
-0.86,5,1187.852567
-0.76,6,1187.87504
-0.24,14,1187.915818
-0.49,9,1187.948651
-0.78,8,1187.971868
1.14,4,1187.983253
-0.66,7,1188.007149
-0.39,10,1188.042235
1.67,12,1188.075242
1.54,10,1188.10949
1.14,4,1188.123014
-0.27,12,1188.160255
1.61,10,1188.190531
1.14,4,1188.202359
-0.76,6,1188.219902
1.14,4,1188.232216
1.14,4,1188.243881
1.31,7,1188.266466
1.14,4,1188.279167
-0.67,8,1188.305411
-0.77,7,1188.331347
1.4,9,1188.356403
-0.76,6,1188.378197
1.54,9,1188.404542
-0.7,10,1188.43979
-0.71,7,1188.463444
1.14,4,1188.4751
1.19,5,1188.489983
-0.59,8,1188.517858
1.14,4,1188.529172
1.19,5,1188.544778
1.14,4,1188.557987
1.14,4,1188.570799
1.58,10,1188.603252
1.14,4,1188.615547
1.14,4,1188.630283
1.14,4,1188.639637
-0.86,5,1188.657197
-0.76,8,1188.684733
1.14,4,1188.698309
1.19,5,1188.715309
1.31,10,1188.746364
1.14,4,1188.757268
1.14,4,1188.769371
-0.72,9,1188.79558
1.14,4,1188.808207
1.5,11,1188.83758
-0.33,13,1188.884808
-0.59,8,1188.918452
1.71,10,1188.961141
-0.79,9,1188.996418
1.19,5,1189.012712
-0.55,10,1189.057014
1.85,16,1189.122106
-0.76,6,1189.149024
-0.66,7,1189.255813
-0.28,14,1189.319479
1.14,4,1189.33049
1.14,4,1189.344143
-0.78,8,1189.369803
-0.37,12,1189.406721
1.19,5,1189.419082
-0.72,8,1189.443562
1.46,8,1189.469017
1.14,4,1189.482198
-0.39,10,1189.515063
-0.76,6,1189.532831
-0.69,10,1189.566967
1.14,4,1189.578961
1.66,10,1189.618383
1.59,9,1189.652454
-0.25,15,1189.695569
-0.77,7,1189.719039
-0.88,7,1189.743369
-0.54,9,1189.774526
1.54,11,1189.811238
1.14,4,1189.820061
1.44,8,1189.846177
1.14,4,1189.855731
1.14,4,1189.868136
1.42,11,1189.903949
1.59,9,1189.932448
-0.53,14,1189.976536
1.14,4,1189.988622
1.14,4,1190.001424
1.14,4,1190.014544
-0.49,10,1190.047516
1.69,13,1190.079737
1.66,10,1190.114358
-0.72,8,1190.142242
1.14,4,1190.1547
1.44,8,1190.1816
-0.74,7,1190.204867
1.66,10,1190.234475
-0.51,14,1190.272885
1.14,4,1190.285669
1.14,4,1190.299127
-0.66,7,1190.323454
1.14,4,1190.335995
1.66,10,1190.368495
-0.35,12,1190.409156
1.19,5,1190.422417
1.42,11,1190.453485
-0.59,13,1190.493205
1.75,12,1190.52973
-0.54,8,1190.555184
-0.34,14,1190.598083
1.55,10,1190.626912
-0.74,6,1190.64681
-0.41,9,1190.673954
-0.4,15,1190.717178
1.34,7,1190.739944
1.14,4,1190.752419
1.14,4,1190.764609
1.14,4,1190.776753
1.55,10,1190.803961
-0.35,13,1190.832515
1.14,4,1190.841177
1.14,4,1190.850728
-0.75,8,1190.879061
1.66,10,1190.910802
-0.55,9,1190.935483
-0.72,12,1190.971539
1.14,4,1190.983583
1.56,9,1191.011
1.19,5,1191.081696
1.14,4,1191.095716
1.14,4,1191.107989
-0.93,6,1191.121273
1.55,10,1191.147789
1.42,10,1191.179414
1.36,11,1191.212301
-0.5,12,1191.246352
1.81,12,1191.281738
1.63,10,1191.31093
1.61,10,1191.343526
-0.72,8,1191.367853
-0.59,8,1191.391527
1.64,10,1191.418083
1.14,4,1191.430342
1.14,4,1191.443238
1.56,9,1191.471414
1.14,4,1191.484668
1.14,4,1191.496834
1.36,11,1191.530434
1.76,11,1191.562715
1.14,4,1191.574284
-0.57,12,1191.609894
1.14,4,1191.620967
1.53,10,1191.64358
-0.71,7,1191.661382
1.59,10,1191.693307
1.14,4,1191.704894
1.14,4,1191.71499
1.43,9,1191.741215
1.55,10,1191.771366
1.14,4,1191.78304
1.53,10,1191.811648
-0.42,13,1191.84519
-0.36,13,1191.88591
1.42,10,1191.915637
1.71,10,1191.942819
-0.64,11,1191.970305
1.51,9,1191.997406
-0.41,9,1192.025874
-0.71,7,1192.045689
-0.67,8,1192.070824
-0.44,10,1192.10249
1.14,4,1192.113942
1.14,4,1192.125908
1.71,10,1192.152328
1.14,4,1192.16484
1.14,4,1192.17635
-0.42,11,1192.213246
1.54,11,1192.23785
-0.39,12,1192.275701
1.14,4,1192.284719
1.14,4,1192.295069
1.14,4,1192.305933
-0.7,8,1192.32849
1.14,4,1192.340039
-0.64,7,1192.363303
1.39,10,1192.394462
-0.06,15,1192.437937
1.14,4,1192.447969
1.14,4,1192.460327
-0.72,10,1192.491616
1.14,4,1192.503181
-0.35,13,1192.545615
1.19,5,1192.558319
-0.62,9,1192.585505
1.14,4,1192.597198
1.71,10,1192.625859
1.62,11,1192.657634
1.14,4,1192.669043
1.66,10,1192.702014
-0.35,12,1192.775414
-0.55,9,1192.828629
-0.64,11,1192.861742
1.14,4,1192.870159
-0.36,11,1192.90324
-0.32,12,1192.933081
-0.5,11,1192.96691
1.14,4,1192.978802
1.14,4,1192.991481
-0.73,9,1193.02157
-0.28,14,1193.057721
-0.51,12,1193.095576
1.59,11,1193.126663
1.71,10,1193.154054
1.14,4,1193.162903
-0.53,11,1193.200438
1.55,10,1193.23039
1.55,10,1193.258064
-0.26,11,1193.292037
1.14,4,1193.30344
1.14,4,1193.313733
1.14,4,1193.32561
1.57,11,1193.358502
1.14,4,1193.366734
1.63,10,1193.390781
1.14,4,1193.401863
-0.75,10,1193.432066
1.14,4,1193.443789
1.14,4,1193.455063
1.33,8,1193.479536
-0.66,11,1193.513037
1.14,4,1193.522465
1.14,4,1193.531567
-0.91,4,1193.542666
1.14,4,1193.552269
-0.53,11,1193.586341
1.14,4,1193.598458
1.14,4,1193.611933
-0.62,9,1193.638861
1.61,9,1193.662518
-0.5,10,1193.691732
-0.69,8,1193.714341
1.14,4,1193.725732
1.14,4,1193.737627
1.14,4,1193.7493
1.14,4,1193.761893
1.14,4,1193.774431
1.52,11,1193.807909
1.3,8,1193.831346
-0.46,9,1193.858528
1.14,4,1193.870199
1.14,4,1193.882098
-0.59,8,1193.910498
1.53,10,1193.942089
1.14,4,1193.951173
-0.68,12,1193.983424
-0.76,6,1193.998739
1.14,4,1194.011014
-0.62,9,1194.039312
1.14,4,1194.050469
1.14,4,1194.061841
1.14,4,1194.072901
-0.67,8,1194.096249
-0.63,10,1194.125459
1.68,10,1194.873792
1.38,8,1194.900121
1.14,4,1194.911919
-0.4,12,1194.947542
1.61,10,1194.980338
-0.4,11,1195.013123
1.14,4,1195.023562
-0.56,9,1195.04866
1.46,9,1195.071362
-0.82,6,1195.085743
1.63,11,1195.11118
-0.81,7,1195.129786
1.71,10,1195.158938
-0.31,14,1195.201604
1.14,4,1195.213766
1.43,9,1195.244178
1.14,4,1195.254561
-0.6,9,1195.278925
1.14,4,1195.289887
1.14,4,1195.301732
1.45,10,1195.327063
1.5,10,1195.355255
-0.35,11,1195.384256
1.14,4,1195.396931
1.14,4,1195.410179
-0.68,9,1195.440538
1.54,11,1195.473175
-0.74,7,1195.497734
1.52,11,1195.524671
-0.51,9,1195.54743
1.14,4,1195.559305
-0.76,6,1195.575906
1.14,4,1195.586431
-0.4,12,1195.621604
-0.62,9,1195.649919
1.14,4,1195.661902
1.14,4,1195.67308
-0.53,11,1195.704799
-0.53,12,1195.741664
-0.59,14,1195.783865
1.5,10,1195.817805
-0.44,11,1195.848388
1.34,7,1195.870305
1.14,4,1195.880891
-0.6,13,1195.91541
1.14,4,1195.927538
1.45,10,1195.954696
-0.27,12,1195.989977
1.14,4,1196.000303
1.14,4,1196.010373
1.14,4,1196.021135
1.14,4,1196.032887
1.14,4,1196.045859
1.14,4,1196.057689
-0.82,6,1196.075793
1.14,4,1196.086329
1.54,9,1196.113676
1.14,4,1196.125767
-0.87,5,1196.142943
1.14,4,1196.155696
1.61,10,1196.185817
1.5,10,1196.214817
-0.61,8,1196.242134
1.14,4,1196.251841
1.66,12,1196.289162
-0.77,13,1196.327799
-0.42,9,1196.356608
-0.25,12,1196.390694
1.46,8,1196.414168
1.4,9,1196.438305
1.14,4,1196.447177
-0.41,9,1196.473666
1.14,4,1196.48505
1.14,4,1196.497308
1.66,10,1196.52553
1.61,10,1196.554775
-0.49,11,1196.587038
1.14,4,1196.598079
1.14,4,1196.609643
1.14,4,1196.620232
1.44,8,1196.643945
-0.66,9,1196.66675
1.37,10,1196.691892
1.14,4,1196.702015
1.57,10,1196.729558
1.14,4,1196.742389
1.14,4,1196.753419
1.14,4,1196.764309
1.14,4,1196.775892
1.14,4,1196.788741
1.5,15,1196.83027
-0.71,12,1196.861629
-0.66,8,1196.888116
1.66,12,1196.924615
1.42,10,1196.955524
1.76,14,1196.994158
1.52,11,1197.02143
1.14,4,1197.032206
-0.32,12,1197.065591
1.14,4,1197.077309
1.14,4,1197.088796
1.14,4,1197.100874
1.49,12,1197.133623
-0.66,8,1197.155738
1.19,5,1197.170757
-0.54,8,1197.195797
-0.74,7,1197.214968
1.14,4,1197.22699
1.78,11,1197.255859
1.14,4,1197.264232
-0.66,10,1197.291952
1.14,4,1197.304137
1.4,9,1197.327663
1.14,4,1197.339589
-0.5,11,1197.371024
-0.43,12,1197.401478
1.14,4,1197.410815
1.37,10,1197.438959
1.61,10,1197.47104
1.19,5,1197.486177
-0.91,13,1197.525315
1.33,8,1197.546159
1.6,11,1197.578949
-0.52,10,1197.605819
1.14,4,1197.61728
1.34,10,1197.645613
1.14,4,1197.657668
-0.36,12,1197.692615
1.14,4,1197.70244
1.14,4,1197.711756
-0.73,9,1197.743447
-0.29,17,1197.794921
1.14,4,1197.804849
-0.73,11,1197.835436
1.14,4,1197.846692
1.14,4,1197.858276
1.78,11,1197.891114
1.14,4,1197.900692
1.39,10,1197.930345
1.14,4,1197.94329
1.6,11,1197.970998
-0.61,9,1198.052938
1.14,4,1198.066002
-0.67,10,1198.099234
1.61,10,1198.123801
1.14,4,1198.134754
1.14,4,1198.14646
-0.77,10,1198.181136
1.14,4,1198.191529
1.55,10,1198.221724
-0.43,12,1198.255542
-0.66,7,1198.276101
1.42,10,1198.304863
1.14,4,1198.31593
1.14,4,1198.325597
1.14,4,1198.337094
1.14,4,1198.347721
-0.63,10,1198.37822
1.6,10,1198.407495
1.14,4,1198.418623
1.44,8,1198.44219
-0.7,9,1198.463211
1.14,4,1198.473155
-0.34,13,1198.511195
1.14,4,1198.520165
-0.64,10,1198.546792
1.5,10,1198.578813
1.14,4,1198.590591
1.39,8,1198.611304
1.48,11,1198.646585
1.14,4,1198.658853
1.14,4,1198.670019
1.14,4,1198.68088
1.68,10,1198.705109
1.62,11,1198.731155
-0.63,9,1198.757551
-0.55,9,1198.78377
1.14,4,1198.796235
1.71,10,1198.825408
1.14,4,1198.838018
1.14,4,1198.849805
1.14,4,1198.86222
1.14,4,1198.872922
1.4,10,1198.898765
-0.37,10,1198.930894
-0.72,8,1198.952446
-0.55,10,1198.983186
1.78,11,1199.009745
-0.45,16,1199.054466
1.14,4,1199.063998
1.33,8,1199.086861
1.31,7,1199.106719
-0.29,15,1199.148797
1.66,10,1199.17645
1.14,4,1199.188271
-0.71,7,1199.20981
1.61,10,1199.239452
1.14,4,1199.251272
1.58,9,1199.277618
-0.56,11,1199.304395
1.59,9,1199.328713
-0.66,7,1199.352551
-0.66,9,1199.378728
-0.18,13,1199.414498
-0.6,9,1199.440756
-0.36,13,1199.473895
-0.42,14,1199.518902
-0.24,13,1199.553001
1.61,9,1199.578921
1.52,11,1199.610885
1.14,4,1199.621689
-0.62,9,1199.649613
-0.43,13,1199.685855
1.14,4,1199.693496
-0.82,6,1199.713165
1.14,4,1199.723658
-0.47,13,1199.76163
1.39,11,1199.791293
-0.76,6,1199.8107
-0.62,10,1199.840136
-0.68,10,1199.866296
1.14,4,1199.875995
-0.42,12,1199.908066
1.14,4,1199.918148
1.14,4,1199.930023
1.14,4,1199.941738
-0.8,6,1199.95841
1.66,10,1199.985655
1.14,4,1199.997059
-0.67,8,1200.020019
-0.65,8,1200.043459
1.19,5,1200.057905
-0.45,14,1200.096135
-0.89,8,1200.123248
1.14,4,1200.134444
1.14,4,1200.144958
-0.58,11,1200.172858
-0.67,8,1200.193007
1.33,8,1200.220046
1.14,4,1200.232495
-0.61,8,1200.258517
1.14,4,1200.270001
1.14,4,1200.281904
-0.67,8,1200.308487
1.54,12,1200.345035
1.44,8,1200.369062
1.14,4,1200.380009
1.14,4,1200.39175
1.47,10,1200.423404
-0.32,11,1200.454972
-0.75,10,1200.487246
1.14,4,1200.497952
1.14,4,1200.509459
1.14,4,1200.521061
-0.78,8,1200.546464
1.14,4,1200.558435
-0.74,10,1200.581766
-0.72,7,1200.603841
-0.58,10,1200.635344
1.63,10,1200.663296
1.71,10,1200.694554
-0.52,13,1200.73754
-0.61,8,1200.76105
1.39,10,1200.792014
-0.64,11,1201.508785
-0.51,9,1201.537021
-0.56,11,1201.567749
-0.54,8,1201.594819
-0.76,6,1201.610742
-0.5,12,1201.64696
-0.72,8,1201.673102
-0.51,14,1201.710697
1.14,4,1201.720855
-0.8,6,1201.737546
-0.63,8,1201.761454
-0.7,8,1201.786965
1.14,4,1201.800013
-0.37,12,1201.837926
1.14,4,1201.849983
-0.81,12,1201.886038
1.14,4,1201.894345
1.68,10,1201.928077
-0.66,7,1201.954985
1.14,4,1201.967859
1.14,4,1201.97973
-0.81,5,1201.994889
-0.65,9,1202.021563
1.68,14,1202.068433
1.14,4,1202.079381
1.14,4,1202.090547
-0.31,11,1202.125209
1.71,10,1202.15541
-0.74,12,1202.189193
-0.36,12,1202.227021
-0.76,9,1202.255579
-0.9,6,1202.27299
-0.7,8,1202.294593
1.63,10,1202.323567
1.14,4,1202.336305
1.14,4,1202.347641
1.14,4,1202.359578
1.14,4,1202.371101
1.54,10,1202.399177
1.14,4,1202.410866
1.44,8,1202.437891
1.14,4,1202.493987
1.14,4,1202.520484
1.14,4,1202.533099
1.47,10,1202.565632
1.14,4,1202.574861
-0.64,12,1202.612136
1.55,10,1202.644976
1.14,4,1202.656704
1.14,4,1202.669555
1.14,4,1202.682418
1.54,12,1202.71958
-0.54,12,1202.754866
1.14,4,1202.765885
-0.72,7,1202.789349
-0.65,9,1202.815781
-0.7,13,1202.854342
1.59,14,1202.892972
-0.31,13,1202.930061
1.51,10,1202.960553
1.14,4,1202.973477
1.33,8,1202.996059
-0.62,9,1203.020781
1.14,4,1203.033936
1.14,4,1203.04633
1.55,10,1203.077957
-0.76,11,1203.108345
1.14,4,1203.12046
-0.4,13,1203.159819
1.14,4,1203.170763
1.14,4,1203.183262
1.38,8,1203.206195
1.14,4,1203.218941
1.14,4,1203.230793
-0.66,9,1203.258522
-0.63,12,1203.293487
-0.56,9,1203.32068
1.14,4,1203.33231
1.14,4,1203.342609
1.14,4,1203.354372
1.53,10,1203.385607
-0.68,10,1203.415569
1.19,5,1203.430753
-0.91,7,1203.450811
1.66,10,1203.481729
1.36,9,1203.510448
-0.51,8,1203.537195
1.51,9,1203.563153
1.14,4,1203.573123
1.56,13,1203.609055
1.14,4,1203.622664
1.14,4,1203.635339
-0.47,10,1203.666635
1.14,4,1203.674471
-0.62,9,1203.703638
-0.83,7,1203.72743
1.14,4,1203.737885
-0.46,12,1203.774066
1.72,13,1203.80732
1.54,10,1203.83657
-0.42,10,1203.870754
-0.67,8,1203.89603
1.14,4,1203.906375
1.34,7,1203.925113
1.14,4,1203.937456
1.14,4,1203.949189
1.41,8,1203.974698
1.14,4,1203.987476
1.14,4,1203.999267
1.38,9,1204.027745
1.19,5,1204.04323
1.14,4,1204.054149
-0.77,7,1204.076589
1.43,9,1204.104239
-0.66,8,1204.1319
1.14,4,1204.144879
1.14,4,1204.157252
1.66,11,1204.187524
1.14,4,1204.19943
-0.77,7,1204.220829
-0.62,9,1204.248847
1.19,5,1204.266439
1.14,4,1204.279117
-0.76,6,1204.299736
1.14,4,1204.311441
-0.42,11,1204.343799
1.14,4,1204.357127
-0.54,12,1204.394093
1.14,4,1204.406528
1.14,4,1204.419079
-0.52,12,1204.457275
1.14,4,1204.467442
1.14,4,1204.478834
1.14,4,1204.489161
-0.22,13,1204.532777
1.14,4,1204.545038
-0.56,8,1204.573278
1.65,11,1204.606705
-0.63,12,1204.63937
1.14,4,1204.65045
1.14,4,1204.661814
-0.23,14,1204.7064
-0.88,6,1204.728151
-0.91,4,1204.741502
1.14,4,1204.7549
1.14,4,1204.767878
-0.81,8,1204.794976
1.14,4,1204.806242
-0.61,8,1204.834256
1.34,10,1204.860612
1.14,4,1204.871039
1.14,4,1204.881901
-0.71,7,1204.901648
-0.75,10,1204.933195
1.14,4,1204.945637
1.66,10,1204.972844
1.6,11,1205.00306
1.61,10,1205.033272
1.14,4,1205.045746
-0.68,9,1205.074816
1.14,4,1205.08514
1.5,10,1205.118509
1.14,4,1205.132055
-0.5,10,1205.161696
-0.8,10,1205.195114
-0.55,9,1205.225468
1.42,10,1205.253794
1.63,10,1205.287007
-0.44,11,1205.325403
-0.67,8,1205.348896
1.56,13,1205.385736
1.55,10,1205.413792
1.14,4,1205.425372
1.5,10,1205.454289
-0.6,11,1205.486782
1.14,4,1205.49715
1.14,4,1205.507679
-0.46,9,1205.536511
1.14,4,1205.547973
-0.81,10,1205.570554
1.34,7,1205.588817
1.56,9,1205.617705
1.55,10,1205.648755
-0.64,11,1205.685465
-0.59,8,1205.708273
1.14,4,1205.718238
-0.54,8,1205.744838
1.14,4,1205.754032
1.14,4,1205.765963
1.14,4,1205.776803
1.33,8,1205.80259
-0.61,11,1205.833174
1.65,11,1205.862592
1.14,4,1205.873114
1.52,11,1205.908612
-0.72,8,1205.935546
1.53,13,1205.974238
-0.68,12,1206.005479
1.6,11,1206.039153
-0.78,8,1206.067579
1.14,4,1206.080349
1.68,10,1206.106446
-0.76,6,1206.125841
1.47,10,1206.153707
-0.58,11,1206.18681
1.23,7,1206.206369
-0.41,12,1206.303046
1.65,11,1206.329669
-0.59,9,1206.360484
-0.48,10,1206.457839
1.14,4,1206.4682
-0.71,7,1206.490517
-0.67,11,1206.524116
-0.64,11,1206.555133
-0.58,10,1206.587955
-0.6,10,1206.61186
1.37,10,1206.635624
-0.83,7,1206.658878
-0.77,7,1206.675859
-0.57,10,1206.700743
1.14,4,1206.712066
1.14,4,1206.722711
1.61,10,1206.753294
1.39,10,1206.784379
1.19,5,1206.797695
1.14,4,1206.808737
-0.66,7,1206.830601
1.14,4,1206.842394
1.62,12,1206.873656
-0.56,11,1206.907834
1.14,4,1206.919842
-0.24,13,1206.952978
-0.51,11,1206.978348
1.14,4,1206.990329
1.46,9,1207.018744
-0.34,11,1207.052082
1.14,4,1207.063713
1.14,4,1207.074082
-0.77,10,1207.105088
1.14,4,1207.117471
1.14,4,1207.128452
1.5,10,1207.157624
-0.64,11,1207.190454
-0.83,7,1207.214051
-0.71,9,1207.238137
-0.65,12,1207.271047
1.14,4,1207.280906
1.56,10,1207.30436
1.54,11,1207.33737
1.14,4,1207.347957
-0.65,9,1207.375565
1.14,4,1207.387469
1.46,8,1207.412632
1.14,4,1207.424134
1.67,14,1207.456988
1.14,4,1207.466879
-0.67,8,1207.48995
1.14,4,1207.499099
1.14,4,1207.51101
1.44,8,1207.534268
1.53,12,1207.569582
1.51,9,1207.597452
-0.16,13,1207.63894
1.14,4,1207.650094
1.27,9,1207.674167
-0.59,8,1207.695355
1.63,14,1207.737427
-0.28,15,1208.432307
1.14,4,1208.441056
-0.81,7,1208.460794
1.59,9,1208.488606
-0.61,8,1208.512286
1.14,4,1208.522644
1.14,4,1208.534348
-0.84,8,1208.56101
1.14,4,1208.572604
1.14,4,1208.582108
-0.37,11,1208.615141
1.14,4,1208.625959
-0.56,9,1208.656623
1.23,7,1208.67811
1.32,10,1208.7105
1.76,11,1208.743421
-0.8,7,1208.765371
1.14,4,1208.777271
1.14,4,1208.787724
1.14,4,1208.797644
1.46,8,1208.822026
1.14,4,1208.834329
-0.71,7,1208.856873
-0.61,13,1208.892349
-0.67,8,1208.91362
-0.55,10,1208.943178
1.14,4,1208.951778
1.82,11,1208.983194
-0.71,7,1209.001584
1.14,4,1209.012426
1.14,4,1209.024034
1.14,4,1209.035815
-0.63,10,1209.064952
1.14,4,1209.077223
1.14,4,1209.088155
-0.73,9,1209.114039
-0.66,7,1209.135461
-0.59,8,1209.157159
1.14,4,1209.16917
1.14,4,1209.18097
1.14,4,1209.193685
-0.87,5,1209.209513
-0.46,12,1209.246057
1.14,4,1209.2547
1.14,4,1209.266783
-0.78,10,1209.295722
1.14,4,1209.307475
1.56,9,1209.336461
1.68,10,1209.36087
1.4,9,1209.38181
-0.66,9,1209.406329
1.66,10,1209.43801
1.14,4,1209.450684
-0.59,11,1209.486561
-0.62,9,1209.515986
1.14,4,1209.527064
1.14,4,1209.536279
-0.43,11,1209.56841
-0.39,10,1209.601038
-0.69,6,1209.617827
-0.82,6,1209.637108
1.71,10,1209.663481
-0.78,8,1209.687012
-0.71,7,1209.708986
1.39,8,1209.732563
-0.78,8,1209.760034
-0.66,9,1209.786993
1.46,8,1209.809675
1.14,4,1209.821071
1.14,4,1209.833217
-0.54,8,1209.861171
1.58,9,1209.889688
1.14,4,1209.901626
1.14,4,1209.913959
1.14,4,1209.925223
-0.74,7,1209.944906
1.55,10,1209.975914
1.14,4,1209.98425
1.14,4,1209.994761
1.14,4,1210.00475
-0.66,7,1210.021816
1.14,4,1210.033664
-0.71,9,1210.059675
1.14,4,1210.068181
1.53,10,1210.098665
-0.83,8,1210.118216
1.14,4,1210.128785
1.14,4,1210.139331
1.14,4,1210.151527
1.14,4,1210.163917
1.43,10,1210.194712
1.8,13,1210.235305
1.14,4,1210.248084
-0.63,10,1210.271914
1.46,8,1210.295715
-0.66,7,1210.315124
-0.63,10,1210.346854
-0.66,7,1210.369523
-0.73,11,1210.395472
1.52,11,1210.426546
1.14,4,1210.438683
1.14,4,1210.448123
1.14,4,1210.45901
-0.66,9,1210.482025
-0.8,10,1210.512829
1.14,4,1210.525677
-0.48,10,1210.560187
1.46,8,1210.58259
1.66,10,1210.610431
1.54,11,1210.700589
-0.23,14,1210.743999
-0.81,5,1210.760632
1.5,10,1210.786471
1.14,4,1210.798004
1.14,4,1210.810084
-0.4,11,1210.841257
1.14,4,1210.853297
1.43,10,1210.885426
1.14,4,1210.898593
-0.61,12,1210.928699
1.18,6,1210.947313
1.57,11,1210.980237
1.14,4,1210.992317
1.73,11,1211.025399
1.14,4,1211.036019
1.14,4,1211.048165
1.39,10,1211.077662
1.14,4,1211.085563
-0.71,9,1211.113385
1.14,4,1211.125353
1.47,10,1211.152864
1.14,4,1211.165434
1.59,9,1211.194427
1.14,4,1211.203998
-0.46,12,1211.238945
1.14,4,1211.25169
-0.91,4,1211.265462
1.14,4,1211.277876
1.56,10,1211.307573
-0.46,12,1211.347551
-0.83,7,1211.370685
1.14,4,1211.380065
-0.8,6,1211.395679
1.14,4,1211.405063
1.19,5,1211.419901
1.14,4,1211.431692
-0.79,10,1211.458719
1.14,4,1211.469913
1.39,8,1211.49186
1.64,10,1211.525362
1.53,9,1211.554846
1.14,4,1211.567039
1.14,4,1211.578821
-0.74,11,1211.612103
-0.33,12,1211.648237
-0.37,12,1211.679116
1.14,4,1211.690632
-0.77,7,1211.714594
-0.81,7,1211.735875
1.62,11,1211.772819
1.14,4,1211.784621
1.14,4,1211.79404
1.14,4,1211.805575
-0.42,11,1211.836239
1.14,4,1211.847842
1.55,10,1211.873612
1.14,4,1211.881347
1.14,4,1211.892503
-0.72,8,1211.918206
1.65,11,1211.952922
-0.56,9,1211.979056
1.14,4,1211.990416
-0.71,6,1212.010314
-0.55,11,1212.046044
-0.63,10,1212.075963
1.14,4,1212.08795
1.38,9,1212.110238
-0.77,7,1212.130327
1.61,10,1212.160281
1.14,4,1212.171462
1.14,4,1212.183307
1.14,4,1212.195008
1.14,4,1212.207479
1.14,4,1212.21896
1.14,4,1212.228838
-0.5,15,1212.272526
-0.69,10,1212.30317
-0.51,11,1212.338205
1.14,4,1212.350229
1.59,9,1212.374971
1.14,4,1212.382331
-0.29,15,1212.427277
1.14,4,1212.439825
-0.73,14,1212.477542
1.14,4,1212.487397
-0.61,11,1212.519014
1.61,10,1212.548741
1.35,9,1212.575774
1.14,4,1212.584077
1.74,14,1212.626964
1.14,4,1212.638982
-0.44,11,1212.671842
-0.41,14,1212.707656
-0.71,7,1212.732543
-0.69,10,1212.764316
1.14,4,1212.7741
1.24,8,1212.797791
-0.7,8,1212.825109
-0.71,7,1212.84827
-0.8,6,1212.869268
-0.58,10,1212.903899
1.35,12,1212.941825
1.34,7,1212.964912
-0.61,8,1212.99574
1.77,12,1213.032658
1.66,10,1213.06694
1.46,8,1213.09057
1.71,10,1213.120457
1.61,9,1213.150201
-0.37,14,1213.193071
1.14,4,1213.202981
-0.41,10,1213.231375
-0.35,11,1213.268691
-0.59,8,1213.293318
1.19,5,1213.308356
1.14,4,1213.319508
1.14,4,1213.329861
1.46,9,1213.358906
1.14,4,1213.371375
1.14,4,1213.384202
1.14,4,1213.398176
1.14,4,1213.411791
-0.76,6,1213.432218
1.39,10,1213.4661
1.58,9,1213.495387
1.14,4,1213.507568
1.14,4,1213.517236
-0.64,7,1213.542696
1.14,4,1213.554934
1.14,4,1213.565233
1.14,4,1213.578555
1.52,10,1213.608692
-0.53,9,1213.638215
1.14,4,1213.650715
-0.77,7,1213.741211
-0.66,7,1213.764637
1.14,4,1213.776897
1.14,4,1213.788525
1.38,9,1213.816133
1.45,10,1213.844431
1.14,4,1213.856578
1.14,4,1213.866962
-0.53,11,1213.896607
-0.58,13,1213.992418
-0.87,6,1214.009924
1.14,4,1214.0206
1.14,4,1214.029017
1.14,4,1214.040271
-0.76,6,1214.059758
-0.81,9,1214.086343
1.14,4,1214.09787
1.55,10,1214.127491
1.66,10,1214.15772
1.14,4,1214.169313
1.14,4,1214.181372
-0.68,9,1214.209912
-0.42,16,1214.2532
1.38,8,1214.275276
-0.83,7,1214.299972
1.35,9,1214.327725
1.14,4,1214.340671
-0.47,10,1214.376565
1.58,11,1214.411891
1.38,9,1214.440116
1.14,4,1214.451499
1.38,9,1214.47586
1.14,4,1214.488664
-0.73,9,1214.518046
-0.39,11,1214.55431
1.14,4,1214.56551
1.14,4,1214.57671
1.14,4,1214.588156
1.14,4,1214.599554
1.14,4,1214.611794
-0.79,9,1214.640177
-0.83,7,1214.660179
1.55,11,1215.404293
-0.66,7,1215.428615
1.14,4,1215.44783
-0.82,6,1215.478071
1.14,4,1215.493345
1.14,4,1215.509154
1.14,4,1215.523546
1.68,10,1215.557852
1.46,8,1215.585098
-0.55,9,1215.615596
-0.45,11,1215.655803
1.14,4,1215.667937
1.61,9,1215.699028
-0.74,9,1215.725394
-0.32,12,1215.761873
1.14,4,1215.773256
1.14,4,1215.783689
1.14,4,1215.796814
1.14,4,1215.809347
-0.78,8,1215.837291
1.55,11,1215.868264
1.39,8,1215.892647
1.47,10,1215.920693
1.14,4,1215.932252
1.14,4,1215.943016
1.58,9,1215.969029
1.68,14,1216.007798
1.14,4,1216.020406
1.14,4,1216.029722
-0.78,8,1216.056041
1.14,4,1216.069796
1.14,4,1216.081235
-0.45,11,1216.117211
1.14,4,1216.126597
1.28,7,1216.145582
1.14,4,1216.160731
1.14,4,1216.173114
1.14,4,1216.187048
1.42,10,1216.220197
-0.58,10,1216.254097
-0.65,9,1216.277416
1.66,10,1216.303317
1.14,4,1216.314487
1.14,4,1216.327232
1.36,10,1216.355783
-0.4,12,1216.391822
-0.51,11,1216.425138
1.49,11,1216.458748
1.63,11,1216.489741
1.14,4,1216.497344
-0.77,7,1216.520131
1.14,4,1216.53207
-0.76,6,1216.554518
1.67,14,1216.599416
-0.64,14,1216.634676
1.47,10,1216.661603
-0.55,11,1216.697649
1.14,4,1216.709589
-0.4,12,1216.746336
1.23,7,1216.772666
1.14,4,1216.787931
1.14,4,1216.79849
1.61,10,1216.834465
-0.42,12,1216.87285
1.28,8,1216.895058
1.19,5,1216.908273
-0.2,13,1216.944622
-0.41,10,1216.976995
1.14,4,1216.989944
1.59,10,1217.021039
-0.69,13,1217.060818
1.14,4,1217.072606
-0.47,13,1217.112472
-0.62,9,1217.141635
-0.82,8,1217.166439
1.71,10,1217.193694
1.14,4,1217.206203
1.14,4,1217.218781
1.14,4,1217.230723
1.14,4,1217.244064
1.14,4,1217.256926
-0.82,6,1217.274812
1.14,4,1217.291114
1.14,4,1217.307627
1.14,4,1217.320157
-0.67,9,1217.35299
-0.73,9,1217.381723
1.14,4,1217.395463
-0.9,8,1217.419532
1.38,9,1217.443963
-0.32,14,1217.488261
1.4,9,1217.519276
1.34,7,1217.540014
1.42,10,1217.637172
1.14,4,1217.660324
-0.54,9,1217.686386
-0.83,7,1217.710113
1.45,9,1217.733141
1.49,14,1217.773768
-0.47,11,1217.80525
1.14,4,1217.816209
-0.66,8,1217.839802
-0.76,6,1217.857409
1.14,4,1217.919185
-0.69,10,1217.963829
1.58,9,1217.992863
1.14,4,1218.00466
1.66,10,1218.031375
1.49,11,1218.065447
1.49,11,1218.099329
1.14,4,1218.110934
-0.44,11,1218.144144
1.14,4,1218.156595
1.14,4,1218.169004
1.44,10,1218.200155
1.14,4,1218.211802
1.14,4,1218.224618
1.44,9,1218.251663
-0.47,13,1218.293612
1.53,10,1218.321147
1.14,4,1218.331413
1.7,12,1218.372084
-0.87,6,1218.391846
1.56,9,1218.423324
1.34,7,1218.445887
1.66,10,1218.480125
1.6,11,1218.51444
1.14,4,1218.527503
1.36,8,1218.552884
-0.55,13,1218.596365
1.42,10,1218.628287
-0.71,7,1218.651654
1.14,4,1218.669533
-0.58,11,1218.721184
1.14,4,1218.741429
1.14,4,1218.758317
-0.59,12,1218.809497
1.53,10,1218.84339
1.66,10,1218.877514
-0.56,11,1218.908334
1.14,4,1218.920641
-0.41,12,1218.960224
1.14,4,1218.973228
1.14,4,1218.984729
1.14,4,1218.996113
1.45,11,1219.028951
1.14,4,1219.041607
-0.66,7,1219.061956
-0.77,7,1219.08655
1.52,11,1219.119751
1.74,11,1219.154077
1.59,10,1219.196255
-0.54,8,1219.230621
-0.54,12,1219.276843
1.14,4,1219.290784
-0.77,9,1219.326927
1.66,10,1219.369792
1.66,10,1219.404259
1.66,10,1219.436296
1.68,11,1219.472311
-0.56,8,1219.495678
1.14,4,1219.507597
1.14,4,1219.520544
1.14,4,1219.529511
1.14,4,1219.53903
-0.42,16,1219.588025
1.14,4,1219.59954
1.66,10,1219.632314
1.14,4,1219.641833
1.6,12,1219.677603
-0.62,9,1219.709727
1.63,10,1219.751532
1.14,4,1219.765997
1.14,4,1219.780735
1.59,11,1219.826866
-0.5,11,1219.874608
1.14,4,1219.889175
1.6,11,1219.921889
1.35,8,1219.947727
1.14,4,1219.962271
-0.54,10,1220.003003
1.14,4,1220.01536
1.66,10,1220.053374
-0.51,10,1220.177374
1.61,10,1220.205985
-0.56,8,1220.234233
-0.77,7,1220.26068
1.46,8,1220.299635
-0.55,9,1220.340019
-0.46,11,1220.384762
-0.66,7,1220.414139
1.14,4,1220.431217
1.56,9,1220.463791
1.14,4,1220.476961
1.14,4,1220.490148
1.44,8,1220.520411
-0.52,13,1220.571855
-0.33,12,1220.622199
1.61,11,1220.670994
-0.52,15,1220.737509
-0.54,13,1220.797799
1.53,9,1220.839161
-0.67,8,1220.87216
-0.67,8,1220.906709
1.14,4,1220.921124
-0.7,11,1220.96279
1.14,4,1220.977282
1.14,4,1220.992003
-0.64,11,1221.039363
-0.62,9,1221.079325
1.59,9,1221.115449
-0.66,7,1221.140744
1.14,4,1221.155238
-0.66,9,1221.191757
1.42,10,1221.238474
-0.75,11,1221.288518
1.14,4,1221.304692
1.7,12,1221.352466
-0.55,10,1221.399598
1.14,4,1221.41843
-0.49,10,1221.455017
1.14,4,1221.469887
1.14,4,1221.484645
1.64,10,1221.51934
-0.76,6,1221.541576
1.55,12,1221.58796
1.14,4,1221.602277
1.43,12,1221.646649
1.31,11,1221.73999
1.45,11,1221.790703
1.66,10,1221.819538
1.46,8,1221.846126
-0.53,10,1221.888848
1.69,10,1221.928016
-0.91,7,1221.959345
-0.54,8,1221.989578
1.66,10,1222.021502
1.14,4,1222.036151
-0.46,12,1222.073413
-0.49,9,1222.102727
-0.69,9,1222.127002
-0.87,5,1222.142084
-0.58,11,1222.176777
-0.54,9,1222.204982
1.14,4,1222.218857
1.58,10,1222.254961
1.14,4,1222.266006
-0.61,8,1222.294594
-0.31,13,1222.350758
1.5,10,1222.3827
-0.62,9,1222.408775
1.71,10,1222.442434
1.14,4,1222.453304
1.14,4,1222.464383
1.14,4,1222.47411
-0.64,8,1222.496786
1.14,4,1222.507719
1.14,4,1222.520013
-0.87,5,1222.534526
1.14,4,1222.546245
-0.41,12,1222.578291
1.14,4,1222.589315
1.65,12,1223.515067
1.14,4,1223.523184
1.31,10,1223.554101
1.14,4,1223.569827
1.14,4,1223.581738
1.14,4,1223.594202
1.14,4,1223.606628
-0.65,8,1223.638515
-0.36,13,1223.681812
1.14,4,1223.692093
-0.26,15,1223.739948
1.14,4,1223.752174
-0.65,8,1223.775191
1.14,4,1223.787596
-0.86,7,1223.811984
-0.49,13,1223.852611
1.14,4,1223.865521
1.14,4,1223.87437
1.14,4,1223.887684
1.66,10,1223.922605
-0.57,12,1223.964349
1.14,4,1223.975958
-0.91,4,1223.987097
-0.75,8,1224.013896
-0.5,14,1224.058658
1.32,12,1224.095347
-0.46,9,1224.117569
-0.75,10,1224.150148
1.61,10,1224.178413
1.14,4,1224.186318
-0.51,9,1224.214431
1.14,4,1224.225757
1.46,10,1224.257706
1.61,10,1224.284678
-0.35,11,1224.319268
-0.66,10,1224.355862
1.14,4,1224.367671
1.14,4,1224.379749
-0.46,11,1224.413012
-0.73,9,1224.448737
1.14,4,1224.466679
-0.73,11,1224.511093
-0.76,8,1224.534174
-0.47,13,1224.57305
1.14,4,1224.585491
1.66,10,1224.619046
1.14,4,1224.633343
1.14,4,1224.646356
1.14,4,1224.65535
1.67,11,1224.714274
1.14,4,1224.733176
-0.65,11,1224.778112
1.3,11,1224.818141
-0.44,11,1224.872931
-0.32,10,1224.908183
1.61,9,1224.947667
-0.83,9,1224.986562
1.14,4,1225.001252
1.14,4,1225.015692
-0.77,7,1225.039581
1.57,11,1225.169623
1.14,4,1225.191021
1.14,4,1225.204677
1.14,4,1225.220035
1.66,10,1225.257058
1.14,4,1225.270644
-0.49,12,1225.303679
-0.47,11,1225.340539
-0.67,13,1225.393582
-0.47,13,1225.444606
-0.66,7,1225.473663
1.56,9,1225.505836
-0.56,11,1225.543598
-0.82,7,1225.566851
1.3,10,1225.598988
-0.35,12,1225.652023
-0.44,9,1225.688221
-0.73,9,1225.728318
1.51,9,1225.762822
-0.62,10,1225.792054
1.55,10,1225.822194
1.44,9,1225.854445
-0.75,8,1225.880739
-0.47,10,1225.915443
1.43,10,1225.947495
1.14,4,1225.957731
-0.71,12,1225.997483
1.14,4,1226.006938
-0.43,12,1226.04551
-0.59,8,1226.072544
1.36,8,1226.09743
1.14,4,1226.107928
1.66,10,1226.140468
1.53,10,1226.174217
1.14,4,1226.186668
1.14,4,1226.200355
1.14,4,1226.212892
-0.56,14,1226.257608
1.14,4,1226.269261
1.45,10,1226.301301
1.14,4,1226.315326
-0.43,10,1226.3482
-0.46,12,1226.380716
1.14,4,1226.391882
-0.62,9,1226.418193
1.14,4,1226.430796
1.54,9,1226.457803
1.76,11,1226.547673
1.63,10,1226.577628
1.14,4,1226.585731
1.14,4,1226.596578
-0.77,7,1226.617768
1.34,7,1226.640444
1.52,10,1226.664124
1.14,4,1226.675395
-0.54,9,1226.704943
1.59,11,1226.735785
-0.75,8,1226.764019
-0.24,11,1226.792624
1.14,4,1226.80462
-0.82,6,1226.82467
-0.65,8,1226.841907
1.44,9,1226.869078
-0.59,8,1226.896578
-0.77,7,1226.92323
-0.62,9,1226.952922
1.77,12,1226.983469
1.14,4,1226.99449
-0.75,11,1227.025718
1.14,4,1227.034351
1.14,4,1227.046466
1.6,11,1227.079077
-0.44,10,1227.112068
-0.54,13,1227.14354
1.75,12,1227.17502
-0.76,6,1227.196064
1.54,10,1227.230278
-0.68,10,1227.259498
1.58,9,1227.287302
-0.56,11,1227.31807
1.54,11,1227.350115
-0.46,11,1227.383966
1.46,8,1227.41014
-0.39,10,1227.442701
1.14,4,1227.453463
1.14,4,1227.466741
1.14,4,1227.480337
1.66,10,1227.521499
1.14,4,1227.534427
-0.72,8,1227.564178
1.8,13,1227.607193
1.14,4,1227.618599
1.14,4,1227.630641
1.14,4,1227.642658
-0.81,8,1227.666936
1.14,4,1227.679314
1.5,10,1227.704385
1.14,4,1227.716655
1.14,4,1227.732503
1.14,4,1227.745344
1.14,4,1227.757481
1.14,4,1227.769966
1.14,4,1227.782597
1.14,4,1227.794054
-0.62,9,1227.821276
1.44,9,1227.845235
1.51,9,1227.869658
-0.54,10,1227.895742
-0.81,5,1227.910629
-0.47,13,1227.949951
1.14,4,1227.96035
-0.64,13,1228.002023
-0.39,10,1228.039407
-0.63,10,1228.074198
1.14,4,1228.083795
-0.55,9,1228.109609
1.76,11,1228.139245
-0.72,11,1228.171902
-0.3,11,1228.204119
1.14,4,1228.214304
-0.68,9,1228.242802
-0.36,11,1228.271432
1.14,4,1228.283469
-0.7,11,1228.317854
1.63,10,1228.348182
1.14,4,1228.358937
-0.86,5,1228.37418
-0.76,6,1228.394076
1.14,4,1228.405708
1.14,4,1228.41531
1.14,4,1228.426973
-0.72,8,1228.452978
1.14,4,1228.46572
-0.16,17,1228.591679
1.47,9,1228.62563
-0.5,11,1228.659548
1.14,4,1228.670888
1.14,4,1228.682224
-0.78,8,1228.709371
1.5,10,1228.736845
-0.54,8,1228.765325
1.14,4,1228.779793
1.14,4,1228.79248
-0.57,9,1228.82213
1.67,12,1228.858254
1.14,4,1228.869447
-0.87,6,1228.890049
1.14,4,1228.902168
1.66,10,1228.929763
-0.48,11,1228.96439
1.46,12,1229.002471
1.14,4,1229.013639
-0.73,9,1229.043237
1.14,4,1229.054172
-0.47,10,1229.098422
1.39,10,1229.148758
-0.66,7,1229.184493
1.63,10,1229.234814
-0.64,8,1229.28112
1.14,4,1229.29661
-0.69,7,1229.334207
1.14,4,1229.349085
-0.66,7,1229.373184
1.14,4,1229.385843
-0.66,8,1229.412719
1.59,10,1229.443141
1.56,9,1229.465855
1.14,4,1229.479714
1.5,12,1229.51815
-0.54,9,1229.548513
1.51,9,1229.581419
1.42,10,1229.616016
-0.67,8,1229.639251
1.14,4,1229.650699
-0.61,10,1229.690689
1.14,4,1229.709525
-0.48,10,1229.763809
1.14,4,1229.780806
-0.56,9,1229.831182
1.33,8,1229.862773
1.14,4,1229.875354
-0.76,6,1229.895367
-0.69,11,1229.930606
1.14,4,1229.94305
1.14,4,1229.952794
1.47,14,1230.050052
-0.88,6,1230.07397
1.14,4,1230.085296
1.14,4,1230.095862
-0.78,8,1230.118582
1.6,11,1230.155057
1.14,4,1230.167446
-0.67,8,1230.196247
-0.46,12,1230.23415
1.14,4,1230.246363
-0.81,7,1230.267549
1.14,4,1230.280265
1.38,13,1230.321067
1.42,10,1230.350214
1.14,4,1230.360979
1.65,11,1230.396326
1.14,4,1230.40825
1.14,4,1230.417432
1.14,4,1230.430229
1.64,13,1230.487842
-0.66,10,1230.522464
-0.64,12,1231.358138
-0.25,17,1231.490649
-0.7,11,1231.520777
1.55,10,1231.550347
-0.65,9,1231.575747
1.14,4,1231.585789
-0.76,6,1231.607768
1.14,4,1231.620089
-0.66,13,1231.658123
1.5,10,1231.686939
1.14,4,1231.697802
1.14,4,1231.711214
-0.67,8,1231.738595
1.14,4,1231.752079
1.14,4,1231.766059
1.62,11,1231.804268
1.14,4,1231.814206
1.65,11,1231.850869
-0.28,14,1231.89467
-0.67,8,1231.919912
-0.61,16,1231.968405
1.14,4,1231.979704
1.14,4,1231.992152
-0.66,7,1232.015143
1.14,4,1232.027064
1.5,10,1232.058912
1.38,9,1232.087806
-0.76,9,1232.114243
1.14,4,1232.127439
1.14,4,1232.14245
1.51,9,1232.171927
1.14,4,1232.180773
1.14,4,1232.192731
1.14,4,1232.205021
1.14,4,1232.216588
-0.65,8,1232.243417
1.14,4,1232.255443
1.14,4,1232.26738
-0.63,10,1232.293272
-0.4,13,1232.331191
1.75,12,1232.3644
1.14,4,1232.377406
-0.5,10,1232.409251
-0.48,11,1232.446554
1.14,4,1232.459028
-0.66,7,1232.483181
-0.59,10,1232.514152
-0.6,10,1232.546561
-0.83,7,1232.569803
1.14,4,1232.581972
1.14,4,1232.59452
1.64,13,1232.637766
-0.52,10,1232.669537
1.14,4,1232.680012
-0.58,13,1232.717671
1.36,8,1232.745111
-0.72,8,1232.773119
-0.48,12,1232.807643
1.66,10,1232.839394
1.14,4,1232.851288
-0.46,12,1232.889369
-0.61,8,1232.917176
1.37,10,1232.94869
1.14,4,1232.961154
-0.66,7,1232.980156
1.45,10,1233.0108
1.14,4,1233.02317
-0.64,13,1233.069306
-0.57,10,1233.103392
1.7,13,1233.145484
1.14,4,1233.158142
-0.62,9,1233.188768
1.14,4,1233.202132
-0.71,7,1233.230006
1.14,4,1233.243116
1.23,7,1233.26208
-0.55,9,1233.295771
1.54,9,1233.324071
1.14,4,1233.335272
1.66,10,1233.367362
-0.71,7,1233.392437
1.14,4,1233.405614
1.14,4,1233.418707
1.14,4,1233.43126
-0.64,12,1233.466515
1.14,4,1233.478913
-0.66,11,1233.514293
-0.73,8,1233.542388
1.14,4,1233.555539
1.14,4,1233.567827
1.76,11,1233.601904
1.14,4,1233.611941
-0.45,13,1233.651984
1.14,4,1233.664948
-0.59,8,1233.692753
1.66,10,1233.726823
-0.67,8,1233.754088
1.14,4,1233.766199
1.14,4,1233.7781
1.14,4,1233.789812
1.72,12,1233.823998
1.14,4,1233.835425
1.14,4,1233.846737
1.71,10,1233.874414
-0.35,11,1233.909916
-0.4,11,1233.944544
1.14,4,1233.957086
1.14,4,1233.968569
1.43,12,1234.00326
1.66,10,1234.032367
1.78,11,1234.065925
1.57,12,1234.101686
-0.56,9,1234.128851
1.39,8,1234.157989
-0.77,9,1234.246266
1.14,4,1234.259105
-0.45,11,1234.297908
-0.76,6,1234.314226
1.14,4,1234.326109
-0.82,6,1234.346842
1.14,4,1234.359967
1.14,4,1234.371976
-0.28,13,1234.409295
-0.5,10,1234.442333
-0.77,7,1234.462935
1.14,4,1234.475854
1.14,4,1234.488778
1.14,4,1234.498142
-0.87,8,1234.524051
1.59,9,1234.55475
-0.48,10,1234.592666
-0.71,9,1234.624478
1.76,11,1234.663426
-0.41,10,1234.700961
1.81,12,1234.749637
-0.29,13,1234.793043
1.14,4,1234.805913
1.64,14,1234.85398
1.14,4,1234.869165
-0.76,6,1234.892452
1.63,10,1234.92871
-0.54,9,1234.96286
1.14,4,1234.976568
1.14,4,1234.99154
1.28,8,1235.021728
-0.45,11,1235.061718
1.14,4,1235.074873
-0.62,9,1235.109444
1.14,4,1235.121858
-0.37,11,1235.163098
-0.65,9,1235.193742
-0.59,11,1235.234055
1.14,4,1235.247857
1.77,12,1235.289285
1.14,4,1235.303078
-0.61,10,1235.339689
1.14,4,1235.350638
-0.6,10,1235.384655
-0.81,6,1235.40802
1.14,4,1235.422966
-0.61,9,1235.454547
1.14,4,1235.471004
1.14,4,1235.486128
1.14,4,1235.498007
1.14,4,1235.510463
1.14,4,1235.523602
-0.1,14,1235.57487
1.14,4,1235.590516
-0.55,10,1235.632461
1.14,4,1235.646806
-0.59,8,1235.677021
-0.58,11,1235.723624
-0.42,12,1235.778155
-0.77,7,1235.804535
1.14,4,1235.820101
-0.44,13,1235.870468
1.44,8,1235.903637
1.14,4,1235.919912
1.14,4,1235.933369
1.14,4,1235.944586
1.51,9,1235.977714
1.14,4,1235.991324
-0.78,8,1236.021736
1.46,9,1236.048347
1.14,4,1236.061859
1.14,4,1236.075447
-0.72,8,1236.106303
1.14,4,1236.118173
1.47,9,1236.150129
1.14,4,1236.160709
1.14,4,1236.174638
1.4,9,1236.206179
-0.52,11,1236.245813
-0.38,12,1236.290663
1.14,4,1236.302261
1.54,9,1236.33405
1.58,9,1236.363575
1.14,4,1236.376997
1.8,11,1236.412813
-0.59,8,1236.44379
1.14,4,1236.4576
-0.89,8,1236.487471
-0.47,14,1236.539041
1.35,12,1236.574219
-0.64,12,1236.612552
1.14,4,1236.624705
1.14,4,1236.636408
1.45,10,1236.666956
1.14,4,1236.675582
1.14,4,1236.686367
1.14,4,1236.697018
-0.74,10,1236.728674
1.14,4,1236.741163
1.65,11,1236.77465
-0.44,12,1236.811607
1.71,10,1236.83968
1.51,12,1236.873392
1.14,4,1236.885582
1.14,4,1236.896949
1.48,10,1236.920959
-0.68,9,1236.944036
-0.56,10,1236.978847
-0.71,7,1237.001959
1.43,9,1237.029321
-0.57,10,1237.058878
-0.38,11,1237.095451
1.63,10,1237.127121
1.14,4,1237.139652
-0.66,7,1237.162986
1.14,4,1237.172395
1.14,4,1237.183959
-0.81,10,1237.212049
1.14,4,1237.223309
1.55,10,1237.246837
-0.8,11,1237.275474
1.14,4,1237.287443
-0.72,7,1237.310522
-0.67,8,1237.335078
1.14,4,1237.346516
-0.57,10,1237.379111
-0.42,14,1237.421837
1.14,4,1237.434332
-0.56,9,1237.457782
1.14,4,1237.467195
1.45,10,1237.496612
1.66,10,1237.520902
-0.63,13,1237.555962
1.14,4,1237.567694
1.14,4,1237.576872
1.14,4,1237.589322
1.19,5,1237.605289
1.36,11,1237.678709
-0.28,12,1237.724839
1.14,4,1237.738752
1.46,9,1237.766889
1.54,10,1237.794747
1.58,9,1237.823148
1.66,10,1237.850321
-0.8,9,1237.875575
1.14,4,1237.88715
1.14,4,1237.899756
1.52,10,1237.932333
1.56,13,1237.972263
-0.34,10,1238.000604
-0.52,11,1238.028213
1.44,8,1238.045874
-0.71,7,1238.069918
1.14,4,1238.080656
1.14,4,1238.092681
-0.59,8,1238.777703
1.14,4,1238.789293
1.63,10,1238.817525
1.47,11,1238.851677
1.14,4,1238.859791
1.45,10,1238.891418
1.14,4,1238.901056
1.75,11,1238.933355
1.14,4,1238.944122
-0.74,10,1238.972017
-0.62,9,1238.997425
-0.2,13,1239.033436
-0.47,14,1239.072283
1.56,9,1239.100085
-0.51,16,1239.141344
-0.66,9,1239.167616
1.14,4,1239.181125
1.61,10,1239.207701
-0.81,6,1239.224911
-0.47,11,1239.253926
-0.43,11,1239.284279
1.45,10,1239.31529
1.14,4,1239.327321
1.14,4,1239.337879
1.14,4,1239.349511
-0.57,13,1239.383566
-0.66,7,1239.403326
1.14,4,1239.415536
-0.4,12,1239.453229
-0.5,10,1239.482154
-0.69,9,1239.509485
-0.49,10,1239.540607
-0.66,7,1239.563374
-0.58,11,1239.596956
1.14,4,1239.604875
1.14,4,1239.616271
1.14,4,1239.627491
1.14,4,1239.637076
1.14,4,1239.647145
1.57,11,1239.673327
1.14,4,1239.68522
1.14,4,1239.697685
-0.77,7,1239.72033
1.14,4,1239.732095
1.14,4,1239.741402
-0.48,11,1239.775998
-0.82,6,1239.796963
1.73,11,1239.830328
1.14,4,1239.83869
1.71,10,1239.86898
-0.86,10,1239.899333
1.14,4,1239.911679
1.14,4,1239.92154
-0.79,8,1239.944798
-0.37,12,1239.974423
1.66,10,1240.007898
1.14,4,1240.018983
-0.55,13,1240.05054
1.14,4,1240.059905
-0.7,8,1240.083507
1.77,12,1240.115665
-0.77,7,1240.138427
-0.72,8,1240.164032
1.14,4,1240.175401
1.14,4,1240.187707
-0.76,7,1240.209858
-0.72,8,1240.230955
-0.64,7,1240.254957
1.14,4,1240.26661
1.14,4,1240.277638
1.42,10,1240.304553
-0.6,9,1240.32844
1.14,4,1240.341501
1.14,4,1240.354768
1.14,4,1240.36613
1.14,4,1240.376012
-0.57,10,1240.405109
1.14,4,1240.417949
1.14,4,1240.428913
1.14,4,1240.440189
1.47,11,1240.470987
1.14,4,1240.482094
1.14,4,1240.493338
1.14,4,1240.502136
1.14,4,1240.513903
1.14,4,1240.522994
-0.68,9,1240.54906
1.51,15,1240.594761
1.14,4,1240.606821
1.14,4,1240.61936
1.14,4,1240.631242
-0.51,9,1240.659826
1.14,4,1240.668124
1.59,9,1240.69085
1.14,4,1240.702722
-0.47,10,1240.733501
-0.57,13,1240.767441
-0.47,11,1240.80308
1.14,4,1240.814567
1.14,4,1240.826387
1.14,4,1240.838292
1.14,4,1240.85079
-0.32,10,1240.880752
1.14,4,1240.889021
-0.77,7,1240.910687
1.68,10,1240.941505
-0.63,9,1240.972488
1.14,4,1240.984681
-0.42,9,1241.008379
-0.66,7,1241.032272
-0.63,8,1241.053478
-0.64,7,1241.075148
1.14,4,1241.085508
-0.58,10,1241.113336
1.14,4,1241.122088
-0.88,7,1241.14486
-0.8,8,1241.166627
1.46,8,1241.190148
1.14,4,1241.202881
1.14,4,1241.214186
1.14,4,1241.22539
-0.35,12,1241.260206
1.14,4,1241.272336
1.14,4,1241.282876
1.14,4,1241.292394
-0.7,11,1241.317614
-0.61,9,1241.344203
-0.67,8,1241.363224
1.14,4,1241.374743
1.14,4,1241.385754
1.4,9,1241.410157
1.14,4,1241.422198
1.14,4,1241.43389
1.14,4,1241.446227
1.7,10,1241.472864
1.14,4,1241.484764
1.5,10,1241.517363
-0.51,9,1241.543634
1.48,10,1241.624014
-0.56,11,1241.653434
-0.41,12,1241.690524
-0.72,8,1241.714574
1.14,4,1241.725414
1.14,4,1241.737803
-0.76,6,1241.755292
1.54,11,1241.78891
1.14,4,1241.800762
-0.47,11,1241.830576
1.47,11,1241.863207
1.14,4,1241.872274
1.57,11,1241.900933
1.56,9,1241.930084
-0.47,10,1241.956626
1.14,4,1241.965823
-0.7,8,1241.990609
1.42,10,1242.021358
1.14,4,1242.033162
1.14,4,1242.044524
-0.58,10,1242.073843
1.14,4,1242.083544
1.14,4,1242.094446
-0.66,9,1242.120136
-0.76,6,1242.137484
-0.87,11,1242.1667
-0.44,12,1242.200922
-0.71,10,1242.22632
1.14,4,1242.236283
1.14,4,1242.246912
-0.19,14,1242.291171
-0.43,11,1242.326274
1.61,9,1242.354512
1.14,4,1242.366694
1.14,4,1242.379235
1.38,9,1242.405351
-0.74,6,1242.424727
-0.38,11,1242.455444
1.71,10,1242.486564
1.14,4,1242.498743
1.14,4,1242.508929
1.14,4,1242.520679
-0.34,16,1242.56283
-0.61,8,1242.587489
1.19,5,1242.602616
1.19,5,1242.619063
1.42,10,1242.64886
1.14,4,1242.659907
-0.75,7,1242.682766
1.14,4,1242.693817
-0.58,11,1242.729138
-0.68,9,1242.75529
1.6,11,1242.785177
1.14,4,1242.79792
-0.62,11,1242.825448
1.46,8,1242.845865
1.14,4,1242.857763
1.42,10,1242.880728
1.14,4,1242.892659
-0.61,8,1242.91851
1.61,9,1242.947346
1.14,4,1242.959174
-0.28,13,1242.996213
-0.62,9,1243.025759
1.63,10,1243.054506
-0.59,12,1243.091436
-0.41,10,1243.126071
1.14,4,1243.13847
-0.56,10,1243.170622
1.14,4,1243.181075
-0.37,11,1243.214015
1.14,4,1243.222143
1.66,10,1243.317109
1.5,10,1243.34811
-0.43,12,1243.385322
-0.66,7,1243.408234
-0.58,11,1243.444654
-0.43,11,1243.478976
-0.81,6,1243.495404
1.14,4,1243.506468
1.14,4,1243.518097
1.45,9,1243.545362
1.14,4,1243.552898
1.53,9,1243.579973
1.51,9,1243.60904
1.14,4,1243.618433
1.14,4,1243.630625
1.31,10,1243.660495
1.14,4,1243.671877
1.55,11,1243.704205
1.14,4,1243.715017
1.14,4,1243.729391
1.14,4,1243.7413
1.14,4,1243.753778
-0.76,6,1243.770883
1.46,8,1243.794388
1.71,11,1243.8295
1.35,9,1243.853573
-0.59,14,1243.891175
1.14,4,1243.904223
1.19,5,1243.92006
1.14,4,1243.93233
1.54,11,1243.965287
-0.8,7,1243.984968
1.58,10,1244.016921
1.57,12,1244.054085
1.14,4,1244.065376
-0.66,7,1244.088098
1.14,4,1244.100111
1.14,4,1244.111566
-0.54,11,1244.144016
1.14,4,1244.154854
-0.4,14,1244.19556
-0.61,8,1244.221425
1.14,4,1244.232946
1.14,4,1244.244725
1.14,4,1244.254323
-0.75,11,1244.286026
1.14,4,1244.297535
1.14,4,1244.309138
1.51,10,1244.340084
1.19,5,1244.353617
-0.82,7,1244.376442
1.14,4,1244.387726
1.14,4,1244.400003
1.14,4,1244.411129
-0.77,7,1244.432089
-0.57,9,1244.461147
-0.52,10,1244.488928
-0.49,12,1244.524321
-0.7,8,1244.549286
-0.65,14,1244.59046
1.14,4,1244.602238
-0.8,9,1244.628499
1.14,4,1244.637764
1.14,4,1244.649543
1.49,8,1244.671315
1.14,4,1244.682672
1.14,4,1244.693769
-0.74,9,1244.719557
-0.72,10,1244.75063
-0.34,11,1244.787102
1.14,4,1244.798133
-0.64,11,1244.829095
1.14,4,1245.563386
-0.69,10,1245.588265
1.54,11,1245.620002
1.14,4,1245.632834
1.14,4,1245.644129
1.14,4,1245.654696
1.14,4,1245.663707
1.58,9,1245.688517
1.14,4,1245.697541
-0.55,10,1245.730985
1.14,4,1245.741568
0.02,14,1245.777893
-0.5,14,1245.816017
1.14,4,1245.827473
1.14,4,1245.836223
1.14,4,1245.848328
1.57,10,1245.875082
-0.71,7,1245.899773
1.14,4,1245.912647
1.63,10,1245.943173
1.5,10,1245.972991
-0.73,9,1245.998761
1.14,4,1246.009438
-0.25,13,1246.045982
1.46,8,1246.068394
1.14,4,1246.081034
1.33,8,1246.102801
-0.72,8,1246.125792
1.49,11,1246.158697
1.14,4,1246.166938
1.53,10,1246.197114
-0.45,11,1246.235092
1.14,4,1246.248384
-0.64,11,1246.27519
-0.76,9,1246.303694
1.14,4,1246.316162
1.14,4,1246.329101
1.19,5,1246.345138
1.14,4,1246.35723
1.74,12,1246.390788
1.14,4,1246.398989
1.63,10,1246.428731
-0.73,9,1246.449285
1.14,4,1246.460073
-0.71,7,1246.483598
-0.41,9,1246.511929
1.14,4,1246.522892
-0.77,10,1246.555279
1.14,4,1246.567314
1.14,4,1246.579819
1.14,4,1246.591661
1.14,4,1246.603265
1.14,4,1246.615467
1.59,9,1246.644489
-0.5,11,1246.674651
-0.71,9,1246.696326
-0.65,9,1246.718684
-0.76,6,1246.739111
-0.5,14,1246.776636
1.14,4,1246.788049
-0.46,13,1246.827801
1.14,4,1246.836542
-0.57,10,1246.870786
1.14,4,1246.880224
1.61,11,1246.913582
1.4,12,1246.944667
1.14,4,1246.957134
1.19,6,1246.975382
1.58,10,1247.002882
-0.76,6,1247.017167
-0.65,12,1247.053373
1.14,4,1247.065105
1.14,4,1247.076623
1.14,4,1247.088217
1.14,4,1247.097269
1.61,10,1247.126385
-0.2,14,1247.165022
-0.4,11,1247.196547
-0.54,8,1247.223763
1.14,4,1247.235447
-0.45,15,1247.279742
1.57,11,1247.311104
1.78,11,1247.343351
1.14,4,1247.355054
1.14,4,1247.367168
-0.47,13,1247.407199
1.14,4,1247.415479
1.14,4,1247.426641
1.14,4,1247.435471
1.66,11,1247.470064
1.14,4,1247.481774
1.14,4,1247.49264
1.14,4,1247.50326
1.47,11,1247.536591
1.71,11,1247.570037
1.14,4,1247.5822
-0.54,8,1247.609078
-0.78,8,1247.634708
-0.84,8,1247.662592
1.14,4,1247.67468
-0.66,7,1247.696794
1.14,4,1247.707601
1.14,4,1247.719074
-0.87,5,1247.734046
1.4,9,1247.761455
-0.47,13,1247.798074
1.14,4,1247.810353
1.14,4,1247.822335
-0.52,10,1247.85359
1.14,4,1247.865755
1.68,10,1247.896555
1.14,4,1247.907881
1.18,6,1247.924534
1.14,4,1247.93506
1.43,9,1247.962435
1.44,11,1247.998332
-0.65,9,1248.028951
1.14,4,1248.040701
1.14,4,1248.052171
1.51,12,1248.083079
1.14,4,1248.09445
1.14,4,1248.105335
1.14,4,1248.113624
-0.59,8,1248.139415
-0.77,7,1248.158761
1.14,4,1248.169802
-0.66,8,1248.196665
1.14,4,1248.208365
1.14,4,1248.21995
1.14,4,1248.229584
1.71,10,1248.261686
1.14,4,1248.274245
1.14,4,1248.285882
1.66,10,1248.312595
1.4,10,1248.34165
-0.33,13,1248.37728
-0.72,8,1248.400705
1.46,8,1248.420495
1.14,4,1248.432168
1.14,4,1248.444675
1.14,4,1248.455204
-0.82,6,1248.468746
1.7,14,1248.511637
1.14,4,1248.523957
1.28,7,1248.54505
-0.71,10,1248.575093
-0.55,9,1248.599743
1.14,4,1248.612005
-0.28,14,1248.655835
-0.55,9,1248.683038
1.14,4,1248.695988
1.66,10,1248.724235
1.45,10,1248.748376
-0.42,11,1248.784193
1.14,4,1248.849353
1.14,4,1248.862508
1.14,4,1248.873648
-0.77,10,1248.900537
-0.49,14,1248.945901
-0.68,13,1248.980297
-0.48,12,1249.016397
1.14,4,1249.028564
-0.81,5,1249.045526
1.14,4,1249.056257
1.14,4,1249.06541
1.39,8,1249.084281
1.57,12,1249.115604
1.57,11,1249.148619
1.35,9,1249.176463
1.14,4,1249.187158
-0.64,8,1249.214748
-0.72,8,1249.241171
-0.83,8,1249.264459
1.14,4,1249.276361
-0.3,13,1249.308577
1.59,9,1249.330199
-0.51,11,1249.358895
-0.62,12,1249.394947
-0.67,8,1249.415937
1.53,10,1249.442717
-0.67,10,1249.474296
1.14,4,1249.482801
1.14,4,1249.495019
1.14,4,1249.507231
-0.78,8,1249.525554
1.14,4,1249.536321
1.56,12,1249.570657
1.14,4,1249.579436
1.14,4,1249.591507
1.14,4,1249.603393
1.57,11,1249.631587
1.14,4,1249.643332
-0.55,13,1249.681285
1.14,4,1249.691312
-0.4,11,1249.722721
-0.99,6,1249.742761
1.14,4,1249.753713
-0.68,10,1249.78583
1.14,4,1249.798594
1.53,10,1249.825996
1.64,10,1249.855161
-0.5,10,1249.883336
-0.42,13,1249.919943
-0.71,6,1249.940255
-1.02,9,1249.964113
-0.79,7,1249.983076
1.68,12,1250.022526
1.14,4,1250.03453
1.14,4,1250.047246
1.64,10,1250.080013
1.14,4,1250.090727
1.14,4,1250.100929
1.56,9,1250.126601
-0.6,15,1250.166068
0.02,14,1250.211958
-0.83,7,1250.236703
1.14,4,1250.248757
-0.49,9,1250.276318
1.19,5,1250.289353
-0.4,11,1250.322228
1.14,4,1250.330144
-0.76,8,1250.356202
-0.52,16,1250.394944
1.19,5,1250.407489
-0.54,8,1250.429523
1.14,4,1250.441005
-0.81,6,1250.458308
-0.52,8,1250.483717
-0.77,7,1250.501265
1.59,9,1250.529351
-0.76,6,1250.546995
1.14,4,1250.558568
-0.62,10,1250.584423
1.14,4,1250.596763
-0.53,12,1250.633509
-0.61,8,1250.659449
1.14,4,1250.671631
1.14,4,1250.682733
1.14,4,1250.694141
1.61,9,1250.721174
1.14,4,1250.729877
1.69,11,1250.759562
1.44,10,1250.792234
1.14,4,1250.803913
1.14,4,1250.814957
1.14,4,1250.827472
1.14,4,1250.840336
1.14,4,1250.851385
-0.79,9,1250.877909
1.14,4,1250.89016
-0.55,9,1250.919075
-0.74,7,1250.942019
-0.65,8,1250.974471
1.56,10,1251.008173
1.78,11,1251.037352
1.14,4,1251.047967
1.14,4,1251.060443
-0.91,7,1251.079929
-0.55,9,1251.10455
1.6,10,1251.134224
-0.55,10,1251.170839
1.53,9,1251.19974
1.38,9,1251.226733
-0.55,10,1251.258648
1.14,4,1251.269034
1.14,4,1251.280789
1.69,11,1251.314884
1.14,4,1251.327854
1.14,4,1251.341016
1.14,4,1251.350075
-0.77,7,1251.373327
1.47,11,1251.405797
-0.5,12,1251.441452
1.4,9,1251.467142
1.66,10,1251.497996
1.14,4,1251.510218
-0.81,5,1251.523873
-0.65,12,1251.561141
1.14,4,1251.573095
-0.61,8,1252.268394
1.52,10,1252.29932
-0.73,8,1252.320282
1.64,10,1252.346116
1.14,4,1252.358675
1.34,7,1252.380588
-0.62,9,1252.410491
-0.6,10,1252.443113
1.14,4,1252.45409
1.64,10,1252.482097
1.14,4,1252.494221
-0.34,14,1252.534684
-0.47,12,1252.566781
1.4,9,1252.595888
-0.76,6,1252.617105
-0.47,10,1252.701816
1.14,4,1252.721129
-0.33,14,1252.769067
1.14,4,1252.779487
1.46,8,1252.804248
1.38,9,1252.831307
1.47,11,1252.86145
1.14,4,1252.87316
-0.65,9,1252.902431
1.58,9,1252.927535
1.39,8,1252.946708
1.41,10,1252.978517
1.14,4,1252.989304
-0.4,11,1253.020118
-0.56,8,1253.043443
1.34,10,1253.071997
-0.44,10,1253.103301
1.14,4,1253.113716
-0.72,7,1253.137181
1.14,4,1253.14784
-0.13,16,1253.195155
-0.26,12,1253.227268
-0.83,7,1253.251513
1.46,9,1253.275706
1.14,4,1253.287196
-0.77,9,1253.309594
1.41,10,1253.340995
1.14,4,1253.352985
1.14,4,1253.363037
-0.62,9,1253.392622
1.66,10,1253.426266
-0.47,11,1253.45881
-0.71,12,1253.496064
1.14,4,1253.508606
1.14,4,1253.520846
-0.68,9,1253.547435
-0.76,6,1253.565182
1.14,4,1253.57736
-0.63,14,1253.616464
1.14,4,1253.628616
-0.83,7,1253.647783
-0.72,8,1253.669488
1.14,4,1253.680733
1.48,9,1253.702226
-0.62,9,1253.729502
-0.45,11,1253.763811
1.75,12,1253.799094
-0.76,6,1253.812674
1.14,4,1253.825179
1.66,10,1253.852515
1.35,8,1253.875577
1.25,7,1253.897748
1.14,4,1253.91041
-0.56,9,1253.935416
-0.43,11,1253.96834
-0.8,6,1253.988757
1.54,10,1254.018302
1.14,4,1254.029658
1.5,10,1254.061939
1.14,4,1254.074432
-0.56,8,1254.099627
1.14,4,1254.111602
-0.87,6,1254.128643
1.14,4,1254.140377
1.58,9,1254.167836
1.79,12,1254.203934
1.14,4,1254.215435
-0.4,11,1254.24348
1.66,10,1254.27756
1.14,4,1254.290381
1.14,4,1254.301363
-0.27,13,1254.337946
-0.41,10,1254.368651
-0.57,11,1254.400369
1.43,9,1254.427863
-0.54,8,1254.453692
1.14,4,1254.464401
-0.71,7,1254.485287
-0.68,10,1254.514995
-0.7,8,1254.536834
-0.86,5,1254.554535
-0.51,12,1254.59066
1.71,10,1254.621192
-1.0,7,1254.63796
1.14,4,1254.647847
1.14,4,1254.65965
1.14,4,1254.671055
1.14,4,1254.682968
1.14,4,1254.693565
1.14,4,1254.704772
1.14,4,1254.71704
1.14,4,1254.727635
-0.66,9,1254.758709
-0.52,12,1254.797588
1.44,12,1254.825844
-0.45,11,1254.860788
-0.32,14,1254.906772
1.14,4,1254.917835
1.64,10,1254.940622
1.66,10,1254.969583
-0.78,8,1254.990613
-0.46,10,1255.017427
1.14,4,1255.026217
1.49,11,1255.059537
1.14,4,1255.071604
-0.8,6,1255.090023
-0.75,8,1255.112543
-0.55,9,1255.138516
-0.81,6,1255.159033
-0.54,13,1255.193967
1.14,4,1255.206071
1.14,4,1255.21718
1.14,4,1255.22808
1.14,4,1255.23965
-0.72,7,1255.261848
-0.71,9,1255.289
1.14,4,1255.298385
1.14,4,1255.306914
1.14,4,1255.31767
1.14,4,1255.326974
1.33,9,1255.353622
1.71,10,1255.377388
1.14,4,1255.389275
1.19,5,1255.40449
1.49,11,1255.436439
-0.64,7,1255.455685
1.14,4,1255.466604
1.14,4,1255.477108
1.36,13,1255.516899
1.14,4,1255.525305
-0.52,13,1255.565349
1.32,9,1255.58603
1.14,4,1255.597911
1.14,4,1255.608799
1.14,4,1255.620491
1.19,5,1255.633226
-0.5,11,1255.66355
1.53,9,1255.68736
1.14,4,1255.700183
-0.76,6,1255.717228
1.14,4,1255.728461
-0.62,9,1255.751405
-0.66,7,1255.772788
1.14,4,1255.784388
-0.64,11,1255.818252
1.14,4,1255.829989
-0.36,17,1255.877354
1.14,4,1255.89007
1.14,4,1255.902705
-0.54,13,1255.953671
1.34,7,1255.988897
-0.55,10,1256.018771
-0.5,13,1256.05339
-0.7,11,1256.084246
1.52,13,1256.121858
1.14,4,1256.134238
1.14,4,1256.145184
-0.83,7,1256.168791
1.58,9,1256.193281
1.14,4,1256.205701
1.14,4,1256.217035
-0.45,11,1256.25117
1.14,4,1256.26009
-0.51,9,1256.288299
1.14,4,1256.298787
1.47,10,1256.325592
-0.51,11,1256.359527
1.5,10,1256.38673
1.35,9,1256.416595
-0.39,13,1256.452819
1.14,4,1256.461606
1.14,4,1256.471103
-0.32,17,1256.52108
-0.66,7,1256.540491
1.14,4,1256.551855
1.19,5,1256.567204
1.71,10,1256.599723
-0.61,10,1256.626351
1.32,9,1256.654635
1.14,4,1256.667712
1.14,4,1256.676959
1.56,9,1256.706163
1.14,4,1256.71931
1.61,10,1256.811499
1.14,4,1256.82225
1.14,4,1256.835687
-0.89,8,1256.861245
-0.38,15,1256.908122
1.14,4,1256.92024
1.14,4,1256.932206
1.77,14,1256.966627
1.14,4,1256.97517
1.5,11,1257.006692
1.14,4,1257.017319
1.38,9,1257.040056
-0.71,6,1257.059773
1.49,11,1257.093964
1.14,4,1257.103642
1.49,8,1257.126863
1.23,9,1257.148005
1.14,4,1257.156792
1.48,10,1257.186982
-0.37,13,1257.230217
1.14,4,1257.240474
-0.4,12,1257.275865
1.14,4,1257.28727
1.14,4,1257.298652
1.14,4,1257.309455
1.19,5,1257.32443
1.62,13,1257.362427
-0.63,12,1257.406862
1.14,4,1257.420491
1.14,4,1257.435389
1.68,11,1257.482457
1.47,9,1257.514315
1.14,4,1257.527591
1.14,4,1257.540784
1.14,4,1257.554631
1.14,4,1257.568798
-0.46,15,1257.618366
1.14,4,1257.631397
1.14,4,1257.64439
1.55,12,1257.688896
-0.65,12,1257.7362
-0.88,7,1257.766829
1.14,4,1257.780468
-0.14,15,1257.8467
-0.52,9,1257.884761
1.66,10,1257.921566
1.14,4,1257.935622
1.14,4,1257.949087
1.14,4,1257.963296
1.43,9,1257.991107
1.14,4,1258.003125
1.14,4,1258.018775
1.57,11,1258.052945
1.49,11,1258.091489
-0.76,6,1258.116424
1.66,10,1258.152759
-0.44,11,1258.186157
-0.51,9,1258.221746
1.61,11,1258.266348
-0.76,9,1258.30577
1.14,4,1258.320979
1.14,4,1258.335392
1.44,11,1258.370766
-0.42,12,1258.427682
1.14,4,1258.440183
-0.57,8,1258.473867
1.46,12,1258.511238
-0.39,12,1258.547451
1.14,4,1258.558452
-0.65,8,1258.588349
-0.96,6,1258.607799
1.49,8,1259.388642
1.54,9,1259.419042
1.61,9,1259.44383
1.14,4,1259.453144
-0.45,10,1259.485215
-0.7,8,1259.512475
1.19,5,1259.527933
-0.37,12,1259.561602
1.14,4,1259.574519
1.14,4,1259.588752
1.14,4,1259.600784
-0.41,13,1259.639802
1.14,4,1259.650499
-0.3,13,1259.693281
1.78,13,1259.734673
1.75,12,1259.769869
1.14,4,1259.781738
1.36,9,1259.811074
-0.63,15,1259.861346
1.14,4,1259.869963
-0.76,6,1259.889407
1.71,11,1259.921951
1.14,4,1259.933523
1.19,5,1259.948196
-0.39,10,1259.978081
1.58,10,1260.012621
-0.97,7,1260.034102
1.14,4,1260.046563
-0.68,10,1260.081741
1.14,4,1260.09482
1.26,7,1260.116652
1.14,4,1260.128955
-0.47,11,1260.157919
1.14,4,1260.169619
1.14,4,1260.185121
1.13,5,1260.209274
-0.62,9,1260.29855
1.14,4,1260.313959
1.6,11,1260.346989
-0.47,10,1260.381008
-0.77,7,1260.404897
1.14,4,1260.417352
1.14,4,1260.430295
1.14,4,1260.440215
1.14,4,1260.452212
1.14,4,1260.463858
1.14,4,1260.474627
-0.57,8,1260.496963
1.14,4,1260.508941
1.39,8,1260.532206
-0.54,14,1260.578278
1.44,8,1260.599647
1.5,9,1260.623636
1.61,9,1260.651251
1.19,5,1260.665135
1.48,10,1260.689188
1.14,4,1260.700243
1.58,9,1260.727173
1.14,4,1260.739726
1.49,9,1260.765216
1.52,11,1260.800291
-0.7,10,1260.826541
1.64,10,1260.856336
1.64,10,1260.895489
1.14,4,1260.90641
1.44,9,1260.937129
1.5,11,1260.973378
-0.56,13,1261.014018
1.55,10,1261.041028
1.14,4,1261.052177
1.47,10,1261.078358
1.14,4,1261.089033
1.51,12,1261.127854
-0.72,8,1261.154207
1.43,9,1261.183682
1.14,4,1261.195366
-0.77,7,1261.217319
1.14,4,1261.229958
1.14,4,1261.242313
-0.62,11,1261.273604
1.14,4,1261.28528
-0.76,6,1261.304963
1.25,11,1261.338294
1.14,4,1261.350537
-0.45,11,1261.380749
1.55,10,1261.410992
1.68,10,1261.43587
-0.64,11,1261.469353
-0.81,11,1261.502892
-0.51,10,1261.534887
1.66,10,1261.563834
1.14,4,1261.574779
1.6,13,1261.610956
-0.79,9,1261.631159
-0.59,12,1261.666923
-0.64,11,1261.697215
1.14,4,1261.708575
-0.49,12,1261.742227
-0.75,7,1261.759587
1.14,4,1261.769146
-0.67,12,1261.804819
1.14,4,1261.817235
1.61,10,1261.847369
1.14,4,1261.857892
1.75,12,1261.89422
1.14,4,1261.903777
1.14,4,1261.916023
-0.71,7,1261.935874
-0.17,13,1261.971759
1.45,10,1262.001575
1.14,4,1262.014764
1.49,11,1262.044772
1.14,4,1262.057113
1.33,11,1262.094995
1.74,12,1262.132859
1.51,11,1262.16264
-0.45,11,1262.191692
1.38,9,1262.234606
1.14,4,1262.246629
-0.38,13,1262.289106
-0.51,12,1262.333313
-0.61,11,1262.37335
-0.63,12,1262.415297
-0.38,11,1262.457275
1.14,4,1262.470685
-0.54,8,1262.498183
1.56,9,1262.530669
-0.76,6,1262.551364
1.14,4,1262.565241
1.14,4,1262.579857
-0.32,12,1262.628685
1.6,12,1262.666964
1.46,8,1262.699955
1.14,4,1262.714225
-0.81,5,1262.733617
-0.81,5,1262.750088
-0.65,9,1262.779667
-0.18,15,1262.825887
-0.44,13,1262.868261
1.6,11,1262.903188
-0.6,12,1262.940784
1.56,9,1262.96439
1.66,10,1262.997641
-0.31,15,1263.045225
1.52,11,1263.089441
1.14,4,1263.102382
-0.63,10,1263.136096
-0.57,9,1263.166173
-0.49,11,1263.197374
1.47,10,1263.2272
-0.69,10,1263.253172
-0.83,7,1263.278104
-0.77,7,1263.301439
1.14,4,1263.313578
1.41,8,1263.336225
1.61,10,1263.367441
1.35,9,1263.395573
1.14,4,1263.406718
1.14,4,1263.416188
1.64,12,1263.449133
1.14,4,1263.461333
-0.52,10,1263.48689
1.66,10,1263.51296
1.14,4,1263.522942
-0.2,13,1263.563513
1.14,4,1263.574845
1.14,4,1263.583793
-0.52,10,1263.61484
1.14,4,1263.626442
-0.84,8,1263.647354
1.14,4,1263.659547
1.68,11,1263.691491
1.5,10,1263.71611
1.63,10,1263.747966
1.52,11,1263.780916
1.14,4,1263.793102
1.14,4,1263.804294
1.51,9,1263.827597
1.14,4,1263.838458
1.14,4,1263.847275
1.14,4,1263.859342
1.14,4,1263.870798
-0.76,6,1263.886121
1.64,10,1263.919551
1.47,10,1263.949343
1.14,4,1263.962602
-0.68,9,1263.986002
-0.3,14,1264.030469
1.14,4,1264.041599
-0.37,10,1264.071433
1.61,10,1264.09814
1.14,4,1264.162948
-0.75,11,1264.195482
1.14,4,1264.205625
1.14,4,1264.215448
1.14,4,1264.226598
-0.55,10,1264.256784
1.14,4,1264.269063
-0.49,9,1264.298341
-0.76,6,1264.315302
-0.55,10,1264.342489
-0.36,12,1264.372655
1.14,4,1264.380802
-0.69,10,1264.409179
1.14,4,1264.41997
-0.76,6,1264.440216
1.54,11,1264.474306
1.43,10,1264.50398
-0.66,13,1264.532216
1.55,10,1264.563038
1.6,12,1264.595081
-0.57,14,1264.6321
1.44,8,1264.655037
1.14,4,1264.667227
1.14,4,1264.676915
1.59,10,1264.704129
1.14,4,1264.715995
1.14,4,1264.728985
-0.6,10,1264.757079
-0.73,8,1264.784236
1.14,4,1264.79702
-0.41,10,1264.826103
1.14,4,1264.835206
-0.34,11,1264.871231
-0.5,11,1264.899811
1.14,4,1264.910802
1.66,10,1264.941833
1.14,4,1264.949754
-0.53,10,1264.97614
1.14,4,1264.987109
1.19,5,1265.001585
-0.47,13,1265.034891
1.53,9,1265.060469
1.14,4,1265.069861
1.48,10,1265.094648
1.14,4,1265.104518
1.64,10,1265.134526
1.14,4,1265.14663
-0.67,8,1265.167615
1.14,4,1265.180269
1.14,4,1265.191384
1.14,4,1265.201828
1.14,4,1265.213866
-0.77,7,1265.237336
1.14,4,1265.246024
1.58,9,1265.274036
-0.39,14,1265.310254
1.14,4,1265.318354
1.14,4,1265.331687
1.14,4,1265.345038
1.68,14,1265.38476
-0.77,7,1265.407233
-0.71,6,1265.424827
1.5,10,1265.451227
-0.54,10,1265.482499
1.14,4,1265.494459
-0.62,9,1265.523509
1.14,4,1265.533944
1.55,10,1265.560907
-0.71,10,1265.59171
1.14,4,1265.601462
-0.44,10,1265.633196
1.14,4,1265.644745
1.46,8,1266.339203
1.14,4,1266.348787
1.46,8,1266.370268
1.14,4,1266.379073
1.66,10,1266.407587
-0.52,10,1266.436969
1.53,9,1266.460813
-0.44,9,1266.484419
-0.67,12,1266.521448
-0.87,6,1266.535357
-0.4,11,1266.568058
-0.54,8,1266.595556
1.14,4,1266.60734
1.66,10,1266.639437
-0.39,10,1266.662245
1.66,10,1266.695202
-0.46,9,1266.723178
-0.57,9,1266.74576
-0.71,7,1266.766133
1.33,8,1266.794091
1.14,4,1266.807035
1.14,4,1266.818962
1.14,4,1266.831576
1.14,4,1266.842271
-0.66,7,1266.864664
-0.58,11,1266.897756
1.14,4,1266.908511
-0.47,10,1266.940827
1.51,9,1266.967056
1.14,4,1266.977334
1.61,10,1267.007001
-0.54,9,1267.030699
-0.6,9,1267.062832
-0.59,9,1267.094046
1.14,4,1267.105462
-0.54,10,1267.137812
1.14,4,1267.147877
1.54,10,1267.177221
1.25,8,1267.20393
1.14,4,1267.213319
1.43,9,1267.242483
1.14,4,1267.251407
1.14,4,1267.26125
1.14,4,1267.27297
1.68,10,1267.304594
-0.7,9,1267.333603
-0.5,10,1267.36461
1.14,4,1267.376817
1.68,10,1267.408154
1.33,8,1267.430788
1.14,4,1267.442232
1.61,10,1267.47107
1.4,9,1267.499269
1.14,4,1267.512337
1.14,4,1267.525118
1.49,9,1267.555688
1.14,4,1267.564603
1.48,9,1267.593486
1.51,10,1267.622018
-0.68,10,1267.655416
1.48,9,1267.676685
1.48,10,1267.704843
1.14,4,1267.712959
-0.32,13,1267.754295
1.14,4,1267.763182
1.53,9,1267.791189
-0.72,8,1267.810964
1.47,10,1267.891917
-0.76,6,1267.912331
-0.67,10,1267.940168
1.14,4,1267.951713
1.46,9,1267.979127
1.14,4,1267.990884
-0.6,9,1268.018749
1.14,4,1268.027334
-0.32,14,1268.068161
-0.65,10,1268.099643
1.14,4,1268.111718
1.66,10,1268.144119
-0.63,10,1268.170516
1.14,4,1268.181629
1.14,4,1268.190961
-0.38,11,1268.222375
1.14,4,1268.233697
1.14,4,1268.24805
1.14,4,1268.261158
1.38,12,1268.301251
-0.61,11,1268.330871
-0.66,7,1268.355514
-0.63,11,1268.393279
1.14,4,1268.405802
1.14,4,1268.417504
-0.76,9,1268.447238
1.14,4,1268.458908
1.14,4,1268.471432
1.14,4,1268.482798
1.14,4,1268.492621
-0.62,9,1268.521169
1.38,9,1268.544057
1.62,11,1268.577517
-0.81,8,1268.604417
1.14,4,1268.616209
1.76,11,1268.648643
1.14,4,1268.661115
-0.8,7,1268.679618
1.48,9,1268.705925
-0.59,12,1268.741582
1.5,10,1268.774287
-0.63,11,1268.807119
1.14,4,1268.817776
-0.63,10,1268.850654
1.59,9,1268.876726
1.69,10,1268.906334
-0.5,11,1268.938658
-0.67,10,1268.965037
1.53,10,1268.996536
1.34,7,1269.018843
1.14,4,1269.030792
1.55,12,1269.069782
1.14,4,1269.081816
-0.49,10,1269.114903
1.14,4,1269.126288
1.14,4,1269.1383
1.14,4,1269.149031
1.66,10,1269.180027
1.75,12,1269.216373
1.14,4,1269.228541
1.14,4,1269.241707
1.55,10,1269.274831
1.14,4,1269.285823
1.14,4,1269.296536
1.14,4,1269.309169
-0.5,10,1269.348693
1.14,4,1269.364796
-0.72,8,1269.396558
-0.66,7,1269.421923
1.14,4,1269.430163
1.48,10,1269.459342
1.14,4,1269.47091
1.14,4,1269.482055
1.47,11,1269.514974
1.5,10,1269.544818
-0.83,7,1269.566567
1.33,9,1269.592475
-0.68,12,1269.626679
1.83,12,1269.658272
1.49,11,1269.691419
1.68,12,1269.729635
1.47,11,1269.828207
-0.45,13,1269.854995
-0.57,10,1269.880687
-0.74,6,1269.896616
-0.62,9,1269.92607
1.14,4,1269.938385
-0.68,9,1269.965558
-0.56,8,1269.983699
1.14,4,1269.993963
-0.5,10,1270.025252
-0.53,12,1270.06497
-0.71,12,1270.100089
1.14,4,1270.109503
1.14,4,1270.120857
-0.56,9,1270.150273
1.14,4,1270.160283
1.14,4,1270.173357
-0.56,10,1270.205528
-0.53,11,1270.241645
-0.54,14,1270.291537
1.14,4,1270.305987
-0.77,7,1270.330142
-0.59,11,1270.366276
-0.69,8,1270.393928
1.14,4,1270.408184
1.14,4,1270.420271
1.14,4,1270.431197
1.14,4,1270.443619
1.14,4,1270.457712
-0.51,12,1270.494648
-0.55,11,1270.52805
1.14,4,1270.539612
-0.68,9,1270.566448
1.14,4,1270.57695
1.14,4,1270.590621
1.14,4,1270.603292
1.14,4,1270.61501
1.51,11,1270.64648
1.14,4,1270.658187
-0.69,13,1270.692614
-0.62,9,1270.717832
-0.56,11,1270.749545
1.4,9,1270.777039
1.14,4,1270.786808
1.52,11,1270.817995
1.69,10,1270.845268
1.59,12,1270.882014
-0.77,10,1270.904912
1.53,11,1270.935926
-0.77,7,1270.959758
-0.84,9,1270.989274
-0.71,7,1271.011555
1.14,4,1271.023552
-0.81,7,1271.043598
1.14,4,1271.055846
-0.48,11,1271.090321
1.14,4,1271.102691
1.48,9,1271.130759
1.14,4,1271.141379
1.14,4,1271.151604
1.14,4,1271.162774
1.59,13,1271.204723
-0.45,13,1271.243371
-0.68,12,1271.278955
1.14,4,1271.289885
1.14,4,1271.301285
-0.78,8,1271.323419
-0.77,7,1271.345029
-0.35,11,1271.448205
-0.35,11,1271.501598
1.7,11,1271.537551
1.14,4,1271.547756
-0.37,10,1271.579448
1.48,9,1271.608859
1.63,11,1271.644712
1.14,4,1271.656365
1.63,10,1271.68678
1.68,10,1271.718712
1.68,11,1271.751888
1.68,11,1271.784919
1.14,4,1271.795238
1.14,4,1271.808437
1.14,4,1271.821002
-0.74,6,1271.839762
1.54,11,1271.86756
1.14,4,1271.879148
1.45,12,1271.920009
-0.26,13,1271.96138
1.14,4,1271.975239
1.14,4,1271.989624
1.14,4,1272.000969
-0.56,8,1272.023537
-0.91,4,1272.036893
1.76,11,1272.068312
-0.56,9,1272.092397
-0.44,10,1272.125271
-0.6,12,1272.159109
1.7,12,1272.195828
1.71,10,1272.224439
-0.71,7,1272.244902
1.76,11,1272.27456
-0.37,10,1272.306447
1.52,12,1272.33575
-0.91,4,1272.348427
1.14,4,1272.361295
-0.6,9,1272.391041
-0.77,10,1272.424465
-0.77,7,1272.44683
1.58,10,1272.472588
-0.58,10,1272.504532
1.39,10,1272.529412
1.14,4,1272.541208
1.14,4,1272.554623
-0.54,8,1272.5823
1.67,13,1272.61526
1.14,4,1272.624366
1.14,4,1272.634968
-0.61,10,1272.661934
1.71,11,1273.38873
1.14,4,1273.399506
1.14,4,1273.411381
1.73,11,1273.443453
1.14,4,1273.454945
-0.82,6,1273.473526
-0.64,8,1273.497155
-0.68,9,1273.530197
1.14,4,1273.541167
1.66,10,1273.571813
-0.69,8,1273.597603
-0.76,6,1273.617558
-0.52,12,1273.656349
1.63,14,1273.697358
1.14,4,1273.709632
1.14,4,1273.720808
1.14,4,1273.734555
1.14,4,1273.745695
-0.78,11,1273.776145
-0.8,6,1273.797581
1.4,10,1273.827293
1.14,4,1273.840461
1.14,4,1273.852619
1.14,4,1273.864248
-0.72,8,1273.891528
-0.61,11,1273.92583
1.61,9,1273.952276
1.14,4,1273.9634
-0.58,10,1273.998231
1.14,4,1274.010885
-0.68,10,1274.040771
1.65,12,1274.073702
1.39,10,1274.100637
1.14,4,1274.112803
1.14,4,1274.122625
-0.66,10,1274.155209
1.59,9,1274.179305
1.14,4,1274.192228
1.56,9,1274.220956
1.14,4,1274.232774
-0.44,13,1274.272115
1.14,4,1274.284406
1.49,9,1274.310524
-0.79,8,1274.335567
-0.65,8,1274.358496
1.14,4,1274.370627
1.55,12,1274.405342
1.14,4,1274.41799
1.14,4,1274.427779
1.61,10,1274.459437
1.14,4,1274.47217
1.64,10,1274.503849
1.14,4,1274.51615
1.66,10,1274.544503
1.14,4,1274.55747
1.64,10,1274.588471
1.14,4,1274.599896
1.14,4,1274.608304
1.14,4,1274.619904
1.14,4,1274.630566
-0.81,5,1274.646011
1.14,4,1274.655962
1.69,14,1274.695602
-0.77,9,1274.718913
1.14,4,1274.72912
-0.52,9,1274.754269
1.14,4,1274.765033
-0.59,9,1274.792561
1.71,11,1274.827909
-0.71,7,1274.847932
-0.55,11,1274.878288
1.14,4,1274.890154
1.44,10,1274.923295
1.14,4,1274.934221
1.14,4,1274.945318
1.44,11,1274.97876
-0.43,12,1275.01247
1.55,12,1275.045434
1.61,10,1275.067775
1.45,9,1275.095882
1.62,12,1275.130034
1.41,11,1275.161769
1.14,4,1275.1742
1.14,4,1275.186841
-0.58,11,1275.224799
1.14,4,1275.237831
1.76,11,1275.270772
1.14,4,1275.279911
-0.5,10,1275.306837
1.14,4,1275.318971
1.46,8,1275.341039
-0.63,9,1275.37038
1.66,10,1275.400762
1.14,4,1275.410889
1.14,4,1275.419876
1.14,4,1275.432259
1.14,4,1275.443691
-0.86,5,1275.459389
1.14,4,1275.470495
-0.65,8,1275.496306
1.68,10,1275.5275
1.14,4,1275.536931
1.14,4,1275.548017
1.14,4,1275.558541
1.14,4,1275.568634
1.14,4,1275.579544
1.14,4,1275.591985
1.66,10,1275.620826
1.14,4,1275.633181
-0.46,10,1275.660325
1.78,11,1275.687116
1.14,4,1275.698299
1.14,4,1275.7096
1.49,11,1275.738048
1.39,8,1275.764709
1.14,4,1275.776276
1.14,4,1275.787984
-0.49,12,1275.821914
-0.9,9,1275.849535
1.14,4,1275.861376
1.14,4,1275.873636
-0.41,9,1275.902331
-0.67,8,1275.928209
1.19,5,1275.943339
1.14,4,1275.95227
1.14,4,1275.963319
1.14,4,1275.974215
1.14,4,1275.984094
1.42,10,1276.011767
-0.43,12,1276.09681
1.44,10,1276.129696
1.14,4,1276.141585
1.14,4,1276.153997
-0.86,8,1276.176896
1.14,4,1276.189007
-0.78,8,1276.214696
-0.29,11,1276.249597
1.14,4,1276.258008
1.14,4,1276.269877
1.14,4,1276.281724
1.14,4,1276.290639
1.14,4,1276.303343
1.14,4,1276.315424
1.14,4,1276.326997
-0.53,14,1276.363833
-0.58,10,1276.398402
1.56,10,1276.428355
1.14,4,1276.437988
1.14,4,1276.450122
-0.71,7,1276.469316
1.14,4,1276.480807
1.64,10,1276.512223
1.14,4,1276.521066
-0.73,9,1276.55198
1.57,13,1276.592069
-0.69,11,1276.625825
1.14,4,1276.635894
1.52,10,1276.666263
1.68,10,1276.697268
1.14,4,1276.706259
1.14,4,1276.71826
-0.6,10,1276.750779
-0.5,11,1276.785572
1.45,9,1276.816688
-0.59,11,1276.851441
1.14,4,1276.863247
-0.79,9,1276.888098
1.53,11,1276.918351
1.14,4,1276.928133
-0.47,12,1276.962149
-0.54,9,1276.986253
1.39,10,1277.017337
1.14,4,1277.025756
1.53,10,1277.054959
1.14,4,1277.067172
-0.47,13,1277.10912
1.56,10,1277.137378
1.14,4,1277.148992
-0.28,13,1277.188956
1.14,4,1277.20129
-0.68,9,1277.226535
-0.87,5,1277.243858
1.14,4,1277.255358
1.61,10,1277.284728
-0.6,10,1277.31398
1.5,10,1277.336788
1.14,4,1277.349409
1.14,4,1277.362314
-0.44,13,1277.401682
1.14,4,1277.412224
-0.72,8,1277.434711
-0.8,6,1277.451102
1.51,9,1277.48025
-0.93,6,1277.495857
-0.54,8,1277.518322
-0.77,9,1277.544371
1.33,8,1277.564029
1.14,4,1277.574584
-0.76,6,1277.595643
-0.67,8,1277.619916
1.56,10,1277.650746
1.14,4,1277.662691
1.14,4,1277.671435
1.65,12,1277.711133
1.64,10,1277.741117
-0.78,8,1277.766019
1.29,7,1277.7835
1.53,10,1277.811646
-0.59,9,1277.839653
1.55,10,1277.869283
1.14,4,1277.881359
1.14,4,1277.892552
-0.68,9,1277.917894
1.14,4,1277.930356
1.24,8,1277.954339
1.14,4,1277.966423
-0.72,8,1277.99139
-0.4,11,1278.018011
1.14,4,1278.028725
1.14,4,1278.040378
1.14,4,1278.052251
1.47,10,1278.083055
-0.56,11,1278.112793
-0.63,11,1278.149506
1.14,4,1278.162353
1.14,4,1278.17337
1.14,4,1278.183064
1.75,12,1278.220247
1.14,4,1278.232547
1.14,4,1278.24545
1.49,11,1278.27606
1.14,4,1278.284401
-0.85,6,1278.303577
1.41,11,1278.338447
1.14,4,1278.348876
-0.25,12,1278.385849
1.53,10,1278.414532
1.74,12,1278.446038
1.14,4,1278.454694
1.57,12,1278.489299
1.7,12,1278.520711
-0.67,8,1278.544134
1.14,4,1278.555728
-0.82,9,1278.586507
1.71,10,1278.617372
1.33,8,1278.637781
-0.72,7,1278.662162
-0.67,9,1278.684929
-0.71,9,1278.714968
1.55,10,1278.744877
1.14,4,1278.756415
1.14,4,1278.76633
1.49,9,1278.788367
-0.61,10,1278.81616
1.14,4,1278.827787
1.14,4,1278.838979
1.53,10,1278.866488
1.35,9,1278.894412
-0.62,11,1278.930665
1.18,9,1278.956651
1.57,12,1278.998207
1.14,4,1279.008373
-0.65,9,1279.037772
1.14,4,1279.049638
1.14,4,1279.06215
1.14,4,1279.0737
1.61,10,1279.104018
1.61,10,1279.132276
1.68,10,1279.161045
-0.66,7,1279.184398
1.57,12,1279.221659
-0.62,9,1279.250364
-0.28,15,1279.343773
1.13,9,1279.368885
1.14,4,1279.380798
-0.82,6,1279.398061
1.14,4,1279.408219
1.14,4,1279.419516
-0.47,10,1279.44919
1.66,10,1279.477245
1.14,4,1279.487106
-0.51,9,1280.212617
-0.76,6,1280.234001
1.14,4,1280.247577
1.14,4,1280.260808
1.78,13,1280.303057
1.44,9,1280.335684
-0.45,14,1280.3851
1.14,4,1280.399748
-0.58,10,1280.434405
-0.64,11,1280.467243
1.78,11,1280.502362
1.14,4,1280.513921
1.14,4,1280.529279
1.62,12,1280.578984
1.14,4,1280.588887
1.66,10,1280.618176
-0.74,12,1280.65124
1.14,4,1280.663145
1.68,10,1280.693939
1.14,4,1280.703741
1.5,10,1280.738959
-0.88,9,1280.762161
1.49,10,1280.789494
-0.59,14,1280.839768
-0.62,9,1280.868908
1.14,4,1280.881338
1.66,10,1280.918167
1.66,10,1280.953737
1.53,9,1280.986336
-0.6,9,1281.018169
-0.67,8,1281.048368
1.58,9,1281.083962
1.14,4,1281.094518
1.68,10,1281.126883
1.14,4,1281.134995
1.66,10,1281.16641
1.14,4,1281.177895
-0.76,6,1281.198067
1.14,4,1281.210164
1.49,15,1281.248962
1.14,4,1281.260121
1.52,10,1281.291878
-0.8,10,1281.322661
1.14,4,1281.336896
1.38,9,1281.369123
1.14,4,1281.380545
1.14,4,1281.393367
1.14,4,1281.407332
1.41,8,1281.435716
-0.74,6,1281.452465
-0.65,11,1281.494033
1.14,4,1281.506983
1.14,4,1281.517755
1.14,4,1281.529736
-0.76,6,1281.54996
-0.86,10,1281.583052
-0.67,8,1281.606032
-0.62,11,1281.64228
-0.54,13,1281.676522
1.49,11,1281.707416
1.14,4,1281.718629
1.6,11,1281.749447
-0.63,9,1281.77138
1.14,4,1281.784066
-0.75,7,1281.803569
1.66,10,1281.836338
-0.49,16,1281.885965
-0.76,6,1281.906782
1.59,9,1281.935688
1.46,8,1281.962194
1.51,9,1281.982104
-0.47,10,1282.00895
-0.54,9,1282.034109
1.41,8,1282.058034
-0.69,10,1282.086575
1.14,4,1282.098068
-0.66,7,1282.120857
-0.43,11,1282.149909
1.14,4,1282.16251
1.55,10,1282.192255
-0.67,14,1282.238183
-0.83,7,1282.260573
1.58,11,1282.289182
1.66,11,1282.318576
1.14,4,1282.331064
1.14,4,1282.343143
1.14,4,1282.352078
1.66,10,1282.384427
-0.82,6,1282.403488
1.14,4,1282.415183
1.14,4,1282.425171
1.14,4,1282.436669
-0.56,14,1282.479316
-0.71,9,1282.512627
1.56,9,1282.545307
1.14,4,1282.55508
1.14,4,1282.567797
-0.65,9,1282.593913
-0.67,8,1282.614731
1.14,4,1282.62673
1.59,12,1282.662283
1.14,4,1282.673295
1.56,9,1282.700834
-0.51,14,1282.741669
1.56,12,1282.772896
-0.82,6,1282.79327
-0.62,9,1282.82071
1.14,4,1282.831875
1.64,10,1282.861704
-0.76,6,1282.880746
1.45,9,1282.908567
-0.66,7,1282.930044
1.14,4,1282.94061
-0.52,11,1282.968924
1.62,11,1283.002648
-0.5,11,1283.034587
1.66,10,1283.062606
1.14,4,1283.074397
-0.32,13,1283.112258
1.55,10,1283.144341
1.8,11,1283.175954
1.14,4,1283.187647
-0.42,11,1283.222589
-0.79,11,1283.373194
1.52,11,1283.406388
1.62,11,1283.438376
-0.61,11,1283.466921
1.14,4,1283.479539
-0.76,6,1283.499527
-0.35,11,1283.534376
-0.64,11,1283.569308
1.53,10,1283.601186
1.44,9,1283.630575
-0.81,8,1283.653959
1.43,10,1283.679059
1.14,4,1283.69099
1.34,7,1283.715307
1.14,4,1283.726001
1.14,4,1283.73805
1.66,10,1283.767512
-0.57,9,1283.796612
1.14,4,1283.805861
1.14,4,1283.815754
1.14,4,1283.828125
-0.67,8,1283.854166
-0.36,10,1283.885457
-0.76,6,1283.902383
1.14,4,1283.914117
1.14,4,1283.925653
1.14,4,1283.937849
1.14,4,1283.946732
1.14,4,1283.958634
1.14,4,1283.969969
1.14,4,1283.980648
-0.46,12,1284.018547
1.51,12,1284.062048
1.14,4,1284.075947
1.14,4,1284.087355
-0.54,9,1284.113518
1.14,4,1284.126143
-0.71,9,1284.154712
1.14,4,1284.16375
-0.45,10,1284.193598
-0.53,9,1284.222355
1.14,4,1284.233975
1.14,4,1284.248183
-0.86,5,1284.264911
1.14,4,1284.278913
-0.75,9,1284.306376
1.56,9,1284.332274
-0.87,9,1284.362843
-0.45,15,1284.408985
1.66,13,1284.439872
1.14,4,1284.451227
1.44,8,1284.477896
1.14,4,1284.491804
1.14,4,1284.50203
-0.77,9,1284.53274
-0.61,8,1284.558605
1.84,12,1284.595495
1.14,4,1284.608497
1.14,4,1284.621779
1.14,4,1284.633719
1.6,11,1284.668094
-0.49,12,1284.71249
1.44,11,1284.748252
1.59,9,1284.777764
1.61,10,1284.813626
-0.82,6,1284.831702
1.66,10,1284.858761
-0.42,11,1284.890287
1.14,4,1284.898397
-0.79,14,1284.943233
1.14,4,1284.952447
1.73,12,1284.990034
-0.34,14,1285.027255
1.59,10,1285.063734
1.44,8,1285.092387
1.14,4,1285.105369
1.14,4,1285.117084
-0.65,9,1285.147712
-0.61,8,1285.175642
1.14,4,1285.187803
1.46,8,1285.211315
-0.86,5,1285.227801
1.62,11,1285.27503
1.14,4,1285.2885
1.14,4,1285.307117
1.63,10,1285.349193
1.47,10,1285.468117
-0.62,11,1285.524618
1.14,4,1285.541224
1.14,4,1285.558318
-0.65,10,1285.59677
1.14,4,1285.612621
1.14,4,1285.626106
1.66,10,1285.66334
-0.63,12,1285.716206
-0.55,9,1285.756849
1.14,4,1285.771204
1.14,4,1285.785621
-0.6,15,1285.83694
1.14,4,1285.84915
-0.62,9,1285.880164
1.56,9,1285.908777
-0.57,9,1285.937777
1.14,4,1285.946509
1.14,4,1285.958782
-0.6,11,1285.994116
-0.62,9,1286.018842
-0.55,11,1286.056638
1.14,4,1286.067965
-0.66,7,1286.091849
-0.3,12,1286.127642
-0.61,10,1286.159636
1.71,11,1286.192964
1.19,5,1286.208066
1.6,12,1286.322065
1.55,10,1286.365281
1.7,10,1286.392692
-0.76,6,1286.412741
1.75,12,1286.44917
1.14,4,1286.462325
1.14,4,1286.474046
1.43,9,1286.503311
1.14,4,1286.515405
-0.75,8,1286.542908
1.55,10,1286.577796
-0.62,12,1286.61402
1.14,4,1286.627472
-0.71,7,1286.64948
-0.7,9,1286.678262
-0.72,11,1286.713738
1.14,4,1286.728411
-0.78,8,1286.756919
1.14,4,1286.765624
1.48,9,1286.795691
1.14,4,1286.810477
1.14,4,1286.822918
1.14,4,1286.838854
1.14,4,1286.909178
-0.63,10,1286.94346
1.14,4,1286.955614
-0.65,12,1286.994264
-0.87,8,1287.750263
1.14,4,1287.759676
1.78,11,1287.79656
1.52,11,1287.843681
1.14,4,1287.857101
1.39,11,1287.89512
1.14,4,1287.906459
-0.65,8,1287.930148
1.14,4,1287.942542
1.49,11,1287.971495
-0.15,17,1288.014355
1.14,4,1288.026002
1.14,4,1288.036723
1.14,4,1288.048699
-0.61,11,1288.079237
-0.49,13,1288.115515
1.14,4,1288.127101
1.58,9,1288.153459
-0.42,10,1288.181075
1.47,11,1288.215881
1.14,4,1288.2269
-0.59,10,1288.257077
1.14,4,1288.270358
1.57,10,1288.301538
1.52,11,1288.333461
1.49,11,1288.369677
1.14,4,1288.381128
1.46,9,1288.407204
1.19,5,1288.422137
1.14,4,1288.431823
1.14,4,1288.443556
-0.64,8,1288.467838
1.14,4,1288.47958
1.62,12,1288.512366
1.14,4,1288.522382
-0.46,13,1288.561711
1.14,4,1288.573743
1.55,10,1288.6022
1.14,4,1288.61409
1.14,4,1288.624835
1.14,4,1288.636547
1.47,10,1288.667093
1.14,4,1288.677977
1.61,10,1288.703393
1.14,4,1288.714814
1.66,10,1288.746814
-0.68,10,1288.775778
-0.51,11,1288.802336
1.71,10,1288.832844
1.14,4,1288.844727
-0.56,13,1288.883023
1.14,4,1288.89292
-0.71,10,1288.922422
1.14,4,1288.934543
-0.73,8,1288.959238
1.14,4,1288.969528
1.14,4,1288.978404
1.14,4,1288.989649
-0.58,10,1289.017732
1.14,4,1289.026053
-0.3,16,1289.077691
1.58,11,1289.111136
1.14,4,1289.122567
1.66,10,1289.1548
-0.41,12,1289.185125
1.14,4,1289.194166
1.14,4,1289.206554
-0.66,7,1289.229004
-0.59,8,1289.253139
1.57,11,1289.284953
-0.7,8,1289.30794
1.14,4,1289.318908
1.14,4,1289.331002
-0.71,7,1289.350268
1.43,10,1289.381214
1.54,10,1289.410385
1.14,4,1289.421318
-0.61,10,1289.453395
-0.56,8,1289.479402
1.14,4,1289.490206
1.14,4,1289.5021
1.14,4,1289.513603
1.14,4,1289.523315
-0.4,13,1289.554033
1.31,10,1289.584258
1.14,4,1289.593403
1.55,10,1289.623566
-0.69,8,1289.644625
-0.5,14,1289.680269
1.14,4,1289.692142
-0.45,10,1289.724221
1.14,4,1289.735999
-0.31,14,1289.781073
1.14,4,1289.792842
1.63,10,1289.823123
1.52,13,1289.860952
-0.32,11,1289.897021
1.31,7,1289.91393
1.14,4,1289.925331
1.73,11,1289.954728
-0.55,10,1289.98725
1.14,4,1289.996782
-0.77,8,1290.022482
1.14,4,1290.034018
1.44,9,1290.061654
1.14,4,1290.073893
-0.64,14,1290.117179
1.14,4,1290.128404
1.14,4,1290.140565
1.14,4,1290.152332
-0.55,9,1290.178505
1.27,9,1290.206802
1.14,4,1290.218292
-0.76,6,1290.237566
1.14,4,1290.24719
-0.36,12,1290.283137
1.38,9,1290.302467
1.14,4,1290.313664
-0.77,7,1290.336128
1.59,9,1290.362645
1.14,4,1290.374329
1.55,11,1290.410721
1.59,11,1290.440418
1.44,9,1290.465723
1.49,12,1290.501757
-0.53,11,1290.532729
1.14,4,1290.54146
1.35,9,1290.57095
1.52,11,1290.60595
1.14,4,1290.617931
1.14,4,1290.628374
1.14,4,1290.640682
1.14,4,1290.650786
1.51,9,1290.674314
-0.75,7,1290.694049
1.64,10,1290.724626
1.61,10,1290.755234
-0.59,8,1290.774404
1.63,10,1290.798869
1.14,4,1290.810863
1.56,9,1290.836751
1.14,4,1290.847909
1.66,10,1290.877809
1.39,11,1290.961161
-0.6,9,1290.989515
1.14,4,1291.000687
-0.88,7,1291.022582
1.14,4,1291.034028
1.14,4,1291.044876
1.14,4,1291.056892
-0.47,11,1291.087391
-0.66,7,1291.108615
-0.54,12,1291.143826
1.64,10,1291.176584
1.64,10,1291.209489
1.14,4,1291.221842
-0.54,8,1291.245994
1.14,4,1291.255459
-0.28,15,1291.296277
-0.78,8,1291.319381
1.33,8,1291.342638
-0.64,11,1291.370157
1.32,9,1291.391351
-0.78,8,1291.416142
1.14,4,1291.425627
-0.63,12,1291.461519
1.14,4,1291.470874
-0.23,16,1291.515201
1.14,4,1291.526519
1.19,5,1291.541765
1.14,4,1291.55341
1.14,4,1291.565083
-0.76,6,1291.584253
1.14,4,1291.595409
1.14,4,1291.603959
-0.79,9,1291.628916
-0.68,10,1291.657298
1.14,4,1291.66947
1.23,7,1291.689911
1.14,4,1291.701389
-0.35,12,1291.73683
1.54,13,1291.772382
1.46,10,1291.803056
1.48,10,1291.834593
1.63,10,1291.859917
-0.74,10,1291.885673
1.14,4,1291.896882
-0.64,7,1291.920306
1.14,4,1291.931039
-0.72,10,1291.958469
-0.26,11,1291.993678
1.14,4,1292.003249
1.14,4,1292.012213
-0.68,9,1292.03725
1.14,4,1292.04741
1.46,9,1292.072338
1.58,9,1292.100734
1.14,4,1292.11145
1.33,8,1292.135101
1.71,10,1292.165695
-0.46,10,1292.19398
1.54,9,1292.224307
-0.51,9,1292.255112
-0.72,10,1292.282236
1.61,10,1292.307068
-0.56,8,1292.334982
-0.76,6,1292.353324
1.14,4,1292.365688
1.14,4,1292.376351
-0.66,7,1292.400476
1.53,14,1292.434266
-0.76,6,1292.451797
1.46,8,1292.47471
1.43,9,1292.500305
1.14,4,1292.508847
-0.5,11,1292.538835
-0.76,8,1292.557476
1.5,10,1292.584766
-0.72,8,1292.605673
1.14,4,1292.616257
1.35,8,1292.640997
1.61,10,1292.672104
-0.87,6,1292.68951
1.14,4,1292.700876
1.14,4,1292.71223
1.14,4,1292.724572
1.14,4,1292.737101
-0.4,14,1292.782153
-0.55,9,1292.806916
-0.5,10,1292.840309
1.14,4,1292.852684
1.14,4,1292.863701
-0.83,7,1292.888026
1.14,4,1292.899708
1.14,4,1292.910351
1.39,10,1292.941459
1.62,11,1292.976387
-0.72,8,1293.001326
-0.78,8,1293.020214
-0.07,15,1293.060189
1.14,4,1293.071759
1.14,4,1293.082988
-0.46,11,1293.113331
1.14,4,1293.124165
-0.66,7,1293.146679
1.14,4,1293.156314
1.14,4,1293.167293
1.14,4,1293.177599
1.38,9,1293.205926
-0.87,5,1293.219981
1.14,4,1293.23188
-0.5,11,1293.2611
-0.47,11,1293.292577
1.14,4,1293.303286
1.56,9,1293.330516
1.14,4,1293.341884
1.22,8,1293.366087
1.14,4,1293.374791
1.14,4,1293.387321
1.66,10,1293.416977
-0.71,9,1293.442035
-0.54,10,1293.469463
1.14,4,1293.47946
-0.51,8,1293.502509
-0.57,9,1293.531166
-0.71,7,1293.552362
-0.51,9,1293.575387
1.14,4,1293.588768
1.4,10,1293.615998
-0.64,14,1293.66087
-0.55,10,1293.688865
1.14,4,1293.701322
1.55,10,1293.724966
-0.47,10,1294.389597
-0.64,8,1294.41399
1.66,10,1294.443496
-0.27,14,1294.484754
1.14,4,1294.497423
1.14,4,1294.508671
1.14,4,1294.52007
1.61,10,1294.552117
-0.85,7,1294.573948
1.14,4,1294.586892
1.61,10,1294.613305
1.14,4,1294.621876
-0.7,8,1294.644116
-0.5,10,1294.672606
1.55,10,1294.704526
1.39,11,1294.735834
1.55,10,1294.767277
-0.45,12,1294.865031
1.71,10,1294.90055
1.75,12,1294.938123
1.14,4,1294.950996
1.14,4,1294.963687
1.56,9,1294.989053
-0.75,11,1295.020965
-0.3,15,1295.056606
1.42,10,1295.082541
1.14,4,1295.091814
-0.59,12,1295.13038
1.14,4,1295.141989
-0.84,8,1295.168734
-0.78,8,1295.189989
-0.75,7,1295.210295
1.14,4,1295.222492
-0.76,6,1295.24071
1.14,4,1295.252964
1.14,4,1295.26475
-0.6,12,1295.354288
1.43,9,1295.40044
-0.7,8,1295.423287
1.79,12,1295.463303
-0.6,13,1295.499869
1.64,10,1295.531895
-0.82,7,1295.555593
-0.76,6,1295.577426
1.14,4,1295.588349
-0.66,11,1295.623669
1.14,4,1295.636441
1.14,4,1295.648392
-0.77,7,1295.672014
-0.84,9,1295.703807
1.51,9,1295.728624
1.14,4,1295.739092
1.14,4,1295.750928
1.14,4,1295.762848
1.57,11,1295.798365
-0.73,9,1295.824458
1.14,4,1295.836553
1.14,4,1295.84877
1.71,10,1295.880565
-0.43,12,1295.914351
1.14,4,1295.925867
1.14,4,1295.936331
1.35,8,1295.962401
-0.54,9,1295.993924
-0.76,6,1296.011256
-0.57,14,1296.05419
-0.33,13,1296.103561
-0.61,10,1296.137884
-0.71,9,1296.164278
1.61,10,1296.194312
-0.66,7,1296.217383
-0.7,11,1296.248531
1.14,4,1296.260236
1.14,4,1296.269969
-0.71,7,1296.287362
-0.56,9,1296.316311
1.14,4,1296.329428
1.5,10,1296.362373
-0.68,9,1296.393575
1.14,4,1296.405651
1.14,4,1296.418213
-0.83,9,1296.445705
1.14,4,1296.457098
-0.45,12,1296.493839
1.14,4,1296.501974
1.14,4,1296.511803
1.27,11,1296.543284
-0.59,8,1296.57031
1.71,10,1296.599223
1.16,8,1296.623982
-0.87,5,1296.639505
-0.56,10,1296.672723
1.49,10,1296.703855
1.14,4,1296.716022
1.61,9,1296.745538
1.54,9,1296.770604
1.14,4,1296.781889
1.52,11,1296.814923
-0.42,11,1296.848928
-0.57,9,1296.880522
1.14,4,1296.890604
1.14,4,1296.901573
-0.68,12,1296.938975
1.14,4,1296.949523
1.14,4,1296.96086
-0.24,14,1297.001286
1.18,6,1297.018846
1.14,4,1297.029037
1.14,4,1297.039981
1.14,4,1297.052373
-0.42,12,1297.091136
1.14,4,1297.103897
-0.34,12,1297.146405
-0.46,14,1297.185174
-0.56,11,1297.218359
1.14,4,1297.229989
1.14,4,1297.242434
-0.6,10,1297.278037
1.14,4,1297.289936
1.14,4,1297.302785
1.14,4,1297.315561
-0.42,12,1297.352338
-0.67,8,1297.37996
1.14,4,1297.392275
1.64,10,1297.423847
-0.92,5,1297.437713
1.46,9,1297.468993
1.52,11,1297.505842
1.45,10,1297.543216
1.14,4,1297.554953
1.64,10,1297.588693
1.4,10,1297.620317
1.14,4,1297.631741
-0.73,10,1297.663328
1.44,10,1297.696847
1.71,11,1297.736514
1.14,4,1297.751967
-0.73,9,1297.786755
1.14,4,1297.799445
-0.66,7,1297.824039
1.14,4,1297.84329
1.33,9,1297.884388
-0.73,8,1297.915967
1.65,12,1297.961845
1.44,9,1297.990452
1.14,4,1298.004239
1.14,4,1298.018416
-0.44,13,1298.063376
-0.56,10,1298.087065
-0.58,10,1298.117531
1.14,4,1298.130914
1.66,10,1298.167421
-0.62,9,1298.234531
1.14,4,1298.358796
-0.43,14,1298.432392
1.14,4,1298.444493
-0.67,8,1298.471942
-0.44,10,1298.512002
1.14,4,1298.524151
1.14,4,1298.536924
-0.6,10,1298.570996
1.14,4,1298.583937
1.67,11,1298.612617
1.14,4,1298.620455
-0.78,8,1298.642407
1.14,4,1298.653858
-0.68,9,1298.684125
1.14,4,1298.696113
1.14,4,1298.708039
-0.45,11,1298.744248
1.59,9,1298.769308
-0.81,8,1298.796644
1.61,9,1298.827605
1.64,11,1298.866394
1.58,9,1298.898086
1.71,10,1298.93104
-0.56,12,1298.967319
-0.67,10,1299.00271
-0.62,9,1299.032587
-0.6,10,1299.062906
1.58,10,1299.096856
1.14,4,1299.109833
1.14,4,1299.121231
1.14,4,1299.13389
1.14,4,1299.148155
1.14,4,1299.162004
1.14,4,1299.176569
-0.57,10,1299.21268
-0.74,10,1299.246687
-0.18,14,1299.294232
1.44,10,1299.320446
1.14,4,1299.33371
-0.75,7,1299.358081
1.14,4,1299.370362
1.14,4,1299.383654
-0.63,10,1299.418754
1.56,9,1299.447327
-0.66,7,1299.469266
1.78,13,1299.51306
1.49,9,1299.537796
1.14,4,1299.551236
1.14,4,1299.563831
1.44,8,1299.588561
1.55,11,1299.624187
1.14,4,1299.636806
1.14,4,1299.64744
1.14,4,1299.659008
1.52,11,1299.686773
-0.49,12,1299.727912
-0.64,8,1299.750515
-0.46,9,1299.782079
1.64,10,1299.815127
1.32,12,1299.848104
1.14,4,1299.858327
1.44,11,1299.885486
1.14,4,1299.89703
1.14,4,1299.909167
1.14,4,1299.920618
-0.43,11,1299.959416
1.58,10,1299.988271
1.14,4,1300.001424
1.14,4,1300.013268
1.51,9,1300.042077
1.64,10,1300.07155
1.14,4,1300.084064
-0.76,6,1300.100529
1.14,4,1300.113111
-0.62,13,1300.148078
1.56,9,1300.174399
1.14,4,1300.185087
1.19,5,1300.200368
-0.78,8,1300.224113
1.52,11,1300.250721
-0.32,10,1300.281861
-0.51,9,1300.309358
1.14,4,1300.318511
-0.53,13,1300.349676
1.4,12,1300.3838
-0.77,7,1300.404944
1.56,9,1300.43099
1.14,4,1300.441643
-0.64,10,1300.469026
1.14,4,1300.481769
-0.92,8,1300.509757
-0.46,9,1300.540077
-0.8,7,1300.563447
-0.63,13,1300.595109
-0.66,7,1300.618688
1.14,4,1300.629533
1.14,4,1300.641717
1.41,8,1300.667331
1.6,11,1300.696296
1.33,8,1300.716781
-0.82,6,1300.735998
1.51,9,1300.76483
1.14,4,1300.776024
1.14,4,1300.785722
1.69,10,1300.817065
-0.63,10,1300.847398
1.52,11,1300.876499
1.14,4,1300.887419
1.14,4,1300.898685
1.56,9,1300.927202
1.14,4,1300.939103
1.14,4,1300.948289
-0.03,16,1300.992848
1.14,4,1301.003896
1.14,4,1301.015342
