#{"t_start": 1762595201.5390818, "env_id": "None"}
r,l,t
-1.0,13,2.171541
-1.0,6,2.189901
-1.0,11,2.216921
-1.0,8,2.236561
-1.0,14,2.281129
1.0,6,2.291451
-1.0,9,2.316964
-1.0,9,2.353218
1.0,8,2.394958
-1.0,9,2.420667
1.0,14,2.451894
1.0,8,2.470078
-1.0,11,2.504571
-1.0,12,2.541944
-1.0,8,2.571239
1.0,17,2.626169
-1.0,11,2.652705
1.0,14,2.692333
-1.0,5,2.703835
1.0,13,2.73433
-1.0,9,2.771927
-1.0,14,2.825111
1.0,11,2.862641
-1.0,12,2.898262
-1.0,11,2.930586
-1.0,6,2.962034
-1.0,16,3.034808
1.0,6,3.06448
-1.0,17,3.125538
-1.0,8,3.151341
-1.0,13,3.180081
-1.0,10,3.209607
1.0,9,3.239027
1.0,11,3.260943
-1.0,14,3.291931
-1.0,13,3.325106
-1.0,5,3.3385
-1.0,10,3.36647
1.0,9,3.393743
-1.0,5,3.418738
-1.0,16,3.4872
-1.0,12,3.525891
1.0,13,3.566882
-1.0,13,3.622192
1.0,6,3.660411
1.0,14,3.730481
-1.0,11,3.76995
-1.0,10,3.825038
-1.0,14,3.898697
-1.0,8,3.929883
-1.0,5,3.949374
1.0,9,3.985048
-1.0,11,4.027257
1.0,12,4.053247
-1.0,10,4.097156
1.0,5,4.117127
-1.0,9,4.150924
1.0,8,4.182393
-1.0,12,4.212413
1.0,11,4.236088
1.0,8,4.256226
1.0,7,4.270687
-1.0,5,4.282436
1.0,8,4.303109
1.0,11,4.34832
-1.0,10,4.382133
1.0,7,4.418149
-1.0,9,4.451729
-1.0,9,4.476521
1.0,14,4.506257
1.0,8,4.522455
-1.0,7,4.54144
1.0,7,4.564286
1.0,11,4.596657
-1.0,17,4.632378
-1.0,16,4.68005
1.0,7,4.700659
-1.0,16,4.775666
1.0,12,4.798686
1.0,10,4.818796
1.0,13,4.858368
-1.0,9,4.896564
-1.0,10,4.931527
1.0,10,4.95628
-1.0,9,4.983679
-1.0,12,5.017521
-1.0,14,5.065023
1.0,7,5.077545
1.0,9,5.110157
1.0,12,5.148718
1.0,12,5.19089
-1.0,11,5.225656
1.0,11,5.254754
-1.0,16,5.286324
-1.0,8,5.3021
1.0,10,5.325083
-1.0,8,5.347312
-1.0,6,5.425213
-1.0,6,5.44282
1.0,6,5.460664
1.0,8,5.487519
1.0,14,5.529909
1.0,11,5.561759
-1.0,15,5.605188
-1.0,6,5.630014
-1.0,9,5.664435
1.0,9,5.690438
-1.0,14,5.726732
-1.0,11,5.764068
1.0,5,5.777416
1.0,9,5.805677
1.0,6,5.821853
-1.0,10,5.854041
1.0,10,5.878131
-1.0,11,5.905689
1.0,8,5.926291
-1.0,10,5.961504
1.0,12,5.997251
-1.0,13,6.038035
-1.0,13,6.075957
1.0,7,6.231046
-1.0,13,6.268435
1.0,9,6.293541
-1.0,15,6.341597
1.0,8,6.367677
-1.0,15,6.408108
-1.0,16,6.468235
1.0,15,6.523126
1.0,8,6.555034
1.0,5,6.574239
1.0,14,6.622488
1.0,11,6.670545
1.0,6,6.691664
1.0,8,6.721303
-1.0,12,6.762634
-1.0,9,6.799369
1.0,15,6.858959
1.0,11,6.900047
-1.0,7,6.926728
-1.0,13,6.96648
1.0,11,7.011166
1.0,13,7.055309
-1.0,4,7.07009
1.0,10,7.106144
1.0,15,7.153683
1.0,8,7.178691
1.0,8,7.208303
1.0,14,7.25434
1.0,8,7.287333
-1.0,5,7.305313
1.0,8,7.337625
1.0,7,7.364648
-1.0,12,7.419722
-1.0,11,7.499695
1.0,13,7.561813
1.0,13,7.611599
1.0,11,7.659846
1.0,12,7.704011
1.0,9,7.733903
-1.0,11,7.781157
-1.0,5,7.80186
1.0,16,7.860188
-1.0,10,7.960917
1.0,11,8.018378
1.0,9,8.07139
1.0,12,8.122351
1.0,11,8.16563
-1.0,9,8.206401
1.0,6,8.233302
-1.0,11,8.283403
1.0,13,8.340652
1.0,12,8.384657
-1.0,10,8.458294
-1.0,10,8.503697
1.0,8,8.535598
1.0,6,8.559738
-1.0,8,8.595918
-1.0,15,8.647223
1.0,9,8.680406
1.0,8,8.722987
1.0,14,8.787621
-1.0,9,8.821367
1.0,10,8.858648
-1.0,11,8.901768
-1.0,15,8.955171
-1.0,18,9.024896
-1.0,9,9.061572
1.0,16,9.11848
1.0,13,9.168448
1.0,6,9.192958
1.0,7,9.216921
1.0,12,9.261873
-1.0,6,9.28412
1.0,6,9.308362
1.0,10,9.342563
1.0,6,9.364312
-1.0,13,9.417407
-1.0,10,9.45283
1.0,10,9.487357
1.0,10,9.522078
-1.0,5,9.550269
1.0,7,9.578299
-1.0,9,9.613516
1.0,10,9.650465
-1.0,6,9.681683
-1.0,17,9.743668
1.0,12,9.784284
1.0,4,9.800728
-1.0,8,9.830838
-1.0,14,9.875646
-1.0,11,9.914685
-1.0,9,9.943724
-1.0,10,9.991435
1.0,13,10.036712
-1.0,14,10.081704
1.0,13,10.127741
1.0,12,10.169046
1.0,10,10.196953
1.0,5,10.215938
1.0,7,10.237521
-1.0,12,10.287489
1.0,12,10.331765
-1.0,8,10.358892
-1.0,12,10.440766
-1.0,12,10.505579
1.0,8,10.545172
-1.0,10,10.590233
-1.0,10,10.624064
1.0,7,10.653031
1.0,13,10.695302
1.0,13,10.757266
1.0,10,10.796533
-1.0,11,10.834921
1.0,16,10.89007
-1.0,8,10.916922
1.0,12,10.954599
-1.0,12,11.000389
-1.0,17,11.048527
1.0,7,11.066753
-1.0,17,11.113702
-1.0,8,11.138436
1.0,12,11.171094
-1.0,10,11.208893
-1.0,12,11.247225
-1.0,15,11.295718
-1.0,14,11.335835
1.0,5,11.349533
-1.0,8,11.374326
-1.0,12,11.418009
1.0,4,11.429677
-1.0,10,11.465972
-1.0,8,11.48654
1.0,5,11.504737
-1.0,12,11.548321
-1.0,12,11.591841
1.0,6,11.605993
-1.0,16,11.657298
-1.0,4,11.670122
1.0,10,11.705411
-1.0,16,11.747548
1.0,6,11.765469
1.0,8,11.789759
-1.0,13,11.82912
-1.0,12,11.866154
-1.0,11,11.908744
-1.0,8,11.93417
-1.0,15,11.985883
1.0,7,12.012391
-1.0,9,12.05153
1.0,12,12.095239
-1.0,12,12.136199
1.0,8,12.165617
-1.0,11,12.214051
1.0,13,12.263479
1.0,6,12.282833
-1.0,11,12.319522
-1.0,9,12.371014
-1.0,16,12.445959
-1.0,11,12.487624
-1.0,10,12.531786
-1.0,9,12.567099
-1.0,5,12.585321
-1.0,15,12.643626
-1.0,9,12.675502
1.0,8,12.748648
-1.0,14,12.789302
1.0,11,12.832261
1.0,7,12.851144
-1.0,16,12.904488
-1.0,7,12.93208
-1.0,4,12.947651
1.0,7,12.968624
-1.0,13,13.014233
1.0,13,13.049411
-1.0,16,13.096115
1.0,10,13.131736
-1.0,10,13.168482
1.0,10,13.203729
-1.0,11,13.241316
-1.0,9,13.277807
-1.0,14,13.327806
1.0,6,13.346798
1.0,7,13.3716
-1.0,7,13.393767
1.0,7,13.421087
-1.0,13,13.459475
-1.0,13,13.507102
-1.0,8,13.544656
1.0,4,13.559279
-1.0,12,13.592495
1.0,9,13.620179
1.0,13,13.656091
1.0,7,13.677383
-1.0,7,13.701139
1.0,12,13.733516
-1.0,10,13.761179
1.0,9,13.803957
-1.0,7,13.83158
-1.0,5,13.850044
-1.0,12,13.887354
1.0,11,13.924612
1.0,4,13.935791
-1.0,7,13.956963
1.0,11,13.990742
-1.0,5,14.009163
-1.0,8,14.031013
-1.0,10,14.064865
1.0,6,14.081184
1.0,10,14.116839
-1.0,7,14.140822
-1.0,9,14.167609
-1.0,14,14.219326
1.0,11,14.259342
-1.0,16,14.311651
-1.0,11,14.344142
-1.0,14,14.383155
-1.0,10,14.417615
-1.0,13,14.458819
1.0,7,14.476614
-1.0,5,14.494662
1.0,10,14.525199
1.0,8,14.546046
1.0,6,14.564445
1.0,13,14.598862
-1.0,14,14.639932
-1.0,13,14.675114
1.0,11,14.698913
-1.0,6,14.71878
-1.0,13,14.756734
1.0,9,14.780018
-1.0,13,14.811845
1.0,14,14.847572
-1.0,15,14.892417
1.0,4,14.899623
1.0,8,14.919463
1.0,6,14.934949
-1.0,9,14.967458
1.0,9,14.993888
-1.0,13,15.029601
-1.0,8,15.05645
-1.0,11,15.093461
1.0,14,15.128032
-1.0,10,15.159237
1.0,15,15.198605
-1.0,12,15.233102
1.0,6,15.247407
1.0,5,15.259987
-1.0,10,15.294103
-1.0,14,15.329632
-1.0,14,15.366685
-1.0,12,15.399697
1.0,6,15.412168
1.0,11,15.447995
1.0,10,15.509022
-1.0,12,15.553817
-1.0,11,15.586345
1.0,5,15.606671
-1.0,9,15.630619
-1.0,10,15.656058
-1.0,8,15.680129
1.0,7,15.7034
-1.0,12,15.733479
-1.0,13,15.77676
-1.0,8,15.799253
1.0,9,15.828496
-1.0,15,15.868887
1.0,12,15.899331
1.0,11,15.935618
-1.0,6,15.95942
-1.0,12,15.989661
1.0,6,16.003129
1.0,6,16.019045
1.0,10,16.045837
-1.0,11,16.079182
-1.0,8,16.100589
-1.0,13,16.130173
-1.0,15,16.170989
-1.0,12,16.201633
-1.0,7,16.228731
-1.0,10,16.26258
-1.0,9,16.29322
-1.0,10,16.325247
-1.0,9,16.352963
-1.0,8,16.380202
1.0,11,16.421481
1.0,12,16.458926
1.0,6,16.476915
-1.0,11,16.513461
1.0,11,16.546581
1.0,10,16.576252
1.0,8,16.597082
-1.0,13,16.634694
-1.0,16,16.680205
1.0,13,16.716927
-1.0,14,16.757443
-1.0,13,16.796988
-1.0,13,16.838497
1.0,9,16.864542
-1.0,9,16.889075
1.0,6,16.907079
-1.0,12,16.943493
1.0,7,16.963365
1.0,9,16.985168
1.0,4,16.994574
-1.0,11,17.025414
1.0,12,17.062826
1.0,14,17.097859
1.0,10,17.127193
-1.0,12,17.161454
-1.0,8,17.183722
1.0,6,17.196115
-1.0,14,17.235175
-1.0,13,17.273652
-1.0,14,17.308437
-1.0,13,17.344711
-1.0,14,17.382169
1.0,4,17.394861
1.0,6,17.413845
-1.0,8,17.435509
1.0,8,17.461306
-1.0,12,17.499553
-1.0,10,17.531117
-1.0,16,17.578403
-1.0,10,17.606189
1.0,13,17.647831
-1.0,8,17.666773
1.0,8,17.687172
-1.0,19,17.730702
-1.0,16,17.777791
1.0,8,17.796931
1.0,11,17.826344
-1.0,9,17.856984
-1.0,6,17.877111
-1.0,10,17.909323
1.0,13,17.944563
1.0,5,17.959823
1.0,10,17.993115
-1.0,16,18.039303
1.0,9,18.066905
-1.0,10,18.098008
1.0,4,18.114667
1.0,14,18.162386
-1.0,10,18.18936
-1.0,16,18.237356
1.0,7,18.310588
-1.0,8,18.334717
1.0,9,18.359669
1.0,7,18.382967
1.0,16,18.4278
1.0,12,18.4602
1.0,12,18.542338
1.0,12,18.622095
-1.0,8,18.66598
1.0,5,18.681355
-1.0,9,18.713733
1.0,5,18.728073
-1.0,14,18.773725
-1.0,10,18.803684
-1.0,7,18.829632
1.0,10,18.864559
-1.0,13,18.916154
1.0,11,18.986154
-1.0,10,19.061307
1.0,9,19.092456
-1.0,11,19.131209
1.0,9,19.160102
-1.0,10,19.192597
-1.0,12,19.231187
-1.0,11,19.275982
-1.0,8,19.309742
-1.0,18,19.380221
-1.0,14,19.425835
1.0,11,19.471406
1.0,6,19.488858
-1.0,11,19.532641
1.0,4,19.54638
-1.0,12,19.594903
-1.0,13,19.645898
-1.0,15,19.703022
1.0,8,19.730139
-1.0,9,19.776081
-1.0,8,20.048235
-1.0,14,20.2079
-1.0,14,20.266108
1.0,15,20.344076
1.0,10,20.379949
1.0,14,20.426118
1.0,11,20.472279
1.0,10,20.516334
1.0,10,20.580132
-1.0,11,20.627633
-1.0,11,20.667224
-1.0,10,20.710994
-1.0,5,20.742033
-1.0,11,20.814443
1.0,12,20.864384
-1.0,10,20.905563
-1.0,8,20.934525
-1.0,9,20.993608
-1.0,6,21.014836
1.0,6,21.094541
-1.0,10,21.133425
1.0,9,21.166016
-1.0,12,21.232019
1.0,10,21.281643
1.0,13,21.338466
1.0,10,21.391011
1.0,14,21.451825
-1.0,7,21.480409
-1.0,15,21.535275
1.0,6,21.557374
1.0,5,21.577939
-1.0,13,21.652838
-1.0,14,21.700507
-1.0,11,21.742687
1.0,13,21.801632
-1.0,11,21.859551
-1.0,11,21.924393
1.0,6,21.946128
1.0,8,21.976314
-1.0,5,22.0477
-1.0,12,22.102849
1.0,5,22.119872
-1.0,10,22.150468
-1.0,15,22.202627
-1.0,16,22.24684
-1.0,6,22.267975
-1.0,15,22.318317
-1.0,10,22.357484
1.0,9,22.384865
1.0,7,22.404567
1.0,11,22.43704
1.0,12,22.477709
1.0,6,22.498858
-1.0,10,22.527037
-1.0,11,22.563757
1.0,9,22.592859
-1.0,17,22.643331
-1.0,13,22.686627
1.0,13,22.73134
1.0,6,22.752944
-1.0,9,22.780467
1.0,6,22.795149
1.0,4,22.807908
1.0,8,22.835863
1.0,8,22.862793
-1.0,14,22.910814
-1.0,10,22.933939
-1.0,9,22.972036
-1.0,9,23.003132
1.0,7,23.031159
-1.0,15,23.070227
-1.0,5,23.096718
1.0,11,23.129783
1.0,12,23.160345
-1.0,8,23.186613
-1.0,9,23.216758
1.0,9,23.250454
-1.0,16,23.308087
1.0,11,23.347904
-1.0,12,23.40089
1.0,10,23.43597
1.0,5,23.451319
1.0,14,23.501074
1.0,6,23.522483
-1.0,16,23.574488
-1.0,13,23.61886
-1.0,7,23.638756
-1.0,11,23.677393
-1.0,16,23.73362
1.0,6,23.752458
-1.0,17,23.796342
-1.0,20,23.850235
-1.0,13,23.886576
1.0,7,23.906378
-1.0,11,23.935409
-1.0,13,23.979256
-1.0,16,24.030635
1.0,8,24.057045
1.0,12,24.097555
1.0,16,24.153949
-1.0,10,24.178993
-1.0,10,24.20931
-1.0,5,24.220665
-1.0,7,24.24996
-1.0,8,24.274891
-1.0,17,24.323412
-1.0,10,24.359585
-1.0,12,24.398516
1.0,6,24.415121
1.0,5,24.431504
-1.0,12,24.466762
-1.0,10,24.505031
-1.0,13,24.544692
-1.0,6,24.56057
1.0,15,24.60302
-1.0,7,24.634335
-1.0,10,24.672081
-1.0,9,24.707319
-1.0,10,24.743934
-1.0,12,24.787666
-1.0,18,24.850954
-1.0,12,24.884351
-1.0,8,24.910804
-1.0,10,24.943054
1.0,11,24.977031
-1.0,9,25.00528
1.0,15,25.091146
-1.0,9,25.123755
1.0,14,25.167633
-1.0,12,25.203458
-1.0,11,25.234734
1.0,10,25.264527
-1.0,13,25.301845
1.0,7,25.322762
-1.0,10,25.359298
1.0,11,25.395562
-1.0,13,25.436984
-1.0,4,25.450023
-1.0,10,25.47698
-1.0,11,25.526587
-1.0,10,25.557607
-1.0,14,25.599308
-1.0,8,25.619752
1.0,13,25.664891
-1.0,8,25.690035
-1.0,8,25.717427
-1.0,10,25.753483
-1.0,14,25.797981
1.0,13,25.836057
1.0,11,25.868081
-1.0,14,25.912594
-1.0,10,25.946761
-1.0,6,25.972358
-1.0,17,26.031176
1.0,12,26.075052
1.0,13,26.114081
-1.0,13,26.153371
1.0,4,26.165794
-1.0,7,26.186031
1.0,15,26.235203
1.0,10,26.271204
-1.0,10,26.312668
-1.0,10,26.350592
1.0,16,26.404527
-1.0,10,26.43687
-1.0,8,26.463821
-1.0,10,26.491837
-1.0,12,26.531748
-1.0,13,26.569437
-1.0,13,26.607421
1.0,12,26.639592
-1.0,12,26.682516
-1.0,9,26.708567
-1.0,7,26.731445
-1.0,13,26.765631
-1.0,7,26.789945
-1.0,11,26.819065
1.0,11,26.859359
1.0,8,26.887303
-1.0,14,26.947156
1.0,5,26.960925
1.0,9,26.985439
-1.0,9,27.013741
-1.0,13,27.055735
-1.0,10,27.079546
-1.0,7,27.103645
-1.0,7,27.131768
-1.0,6,27.157411
-1.0,10,27.197933
-1.0,7,27.233766
1.0,10,27.269664
1.0,7,27.297282
-1.0,15,27.344366
1.0,9,27.372813
1.0,9,27.406171
-1.0,15,27.458453
1.0,10,27.486798
-1.0,17,27.541759
-1.0,7,27.564874
-1.0,18,27.634613
1.0,4,27.646058
1.0,10,27.677465
-1.0,9,27.713677
1.0,9,27.756555
-1.0,12,27.799451
-1.0,6,27.819026
1.0,11,27.860188
-1.0,9,27.891329
-1.0,7,27.916209
1.0,7,27.978299
-1.0,9,28.01639
-1.0,4,28.034577
1.0,9,28.067961
1.0,9,28.103755
-1.0,11,28.139244
-1.0,12,28.182841
1.0,6,28.202719
1.0,8,28.226602
-1.0,12,28.270883
-1.0,7,28.299295
1.0,8,28.329586
-1.0,9,28.357844
-1.0,11,28.402019
1.0,7,28.431102
1.0,7,28.450888
1.0,6,28.470597
-1.0,11,28.503889
1.0,10,28.546176
1.0,7,28.56938
-1.0,13,28.629178
-1.0,12,28.679404
1.0,9,28.718985
-1.0,10,28.772089
-1.0,8,28.803949
-1.0,12,28.859571
1.0,10,28.907695
1.0,4,28.925527
-1.0,7,28.959363
-1.0,12,29.018409
-1.0,13,29.079517
-1.0,9,29.1438
-1.0,9,29.187882
1.0,7,29.212184
1.0,12,29.266332
1.0,6,29.292276
-1.0,14,29.367693
-1.0,11,29.415382
-1.0,12,29.466111
1.0,14,29.523957
-1.0,13,29.579168
1.0,9,29.615102
-1.0,10,29.658946
1.0,12,29.704572
-1.0,13,29.751604
1.0,12,29.797818
-1.0,9,29.842814
-1.0,7,29.876318
-1.0,14,29.934882
1.0,14,29.995103
-1.0,13,30.053466
1.0,10,30.09501
-1.0,12,30.13892
-1.0,12,30.180473
1.0,12,30.23648
1.0,6,30.254901
-1.0,15,30.310568
-1.0,13,30.355049
-1.0,13,30.399743
1.0,10,30.431996
-1.0,12,30.470347
1.0,9,30.501558
-1.0,10,30.542404
1.0,11,30.582071
-1.0,11,30.622083
1.0,10,30.6591
1.0,5,30.679426
-1.0,14,30.720116
-1.0,7,30.747365
1.0,6,30.771323
1.0,12,30.816455
-1.0,9,30.893236
-1.0,13,30.936483
1.0,8,30.970163
-1.0,11,31.018042
1.0,6,31.041919
-1.0,15,31.092781
1.0,10,31.12789
-1.0,13,31.174276
-1.0,16,31.224115
1.0,7,31.248868
-1.0,12,31.290992
-1.0,6,31.314316
-1.0,16,31.368702
-1.0,8,31.397138
-1.0,14,31.4465
-1.0,14,31.492051
-1.0,9,31.523488
1.0,10,31.560954
-1.0,9,31.592708
1.0,11,31.634137
-1.0,14,31.673119
-1.0,15,31.725333
1.0,7,31.749234
1.0,6,31.774069
-1.0,8,31.800737
-1.0,8,31.835202
-1.0,9,31.866907
1.0,12,31.914571
1.0,9,31.950749
-1.0,15,31.997627
1.0,10,32.02926
-1.0,8,32.057634
-1.0,15,32.107098
1.0,7,32.13128
1.0,14,32.177218
-1.0,10,32.245431
1.0,7,32.274733
-1.0,11,32.323536
-1.0,14,32.389813
1.0,7,32.419367
1.0,13,32.48086
-1.0,12,32.53212
1.0,15,32.588575
1.0,9,32.638254
-1.0,13,32.690817
-1.0,12,32.732977
1.0,13,32.784593
1.0,11,32.828652
1.0,7,32.858536
1.0,12,32.90471
-1.0,7,32.92614
-1.0,16,32.989915
1.0,11,33.02841
-1.0,10,33.071429
-1.0,11,33.107715
-1.0,8,33.141224
-1.0,14,33.198682
1.0,11,33.248053
-1.0,9,33.281527
-1.0,12,33.330342
-1.0,15,33.406124
-1.0,8,33.446566
1.0,7,33.476647
-1.0,9,33.519862
1.0,8,33.550583
1.0,13,33.604419
1.0,10,33.637109
-1.0,9,33.681188
-1.0,11,33.716614
-1.0,10,33.760025
-1.0,9,33.797963
1.0,13,33.850233
-1.0,13,33.897206
-1.0,12,33.981673
-1.0,12,34.028423
1.0,10,34.064755
-1.0,9,34.100015
-1.0,13,34.139736
-1.0,14,34.182081
-1.0,5,34.204525
1.0,16,34.261975
1.0,6,34.280735
-1.0,12,34.320734
-1.0,11,34.365345
1.0,14,34.412529
1.0,8,34.43991
1.0,4,34.451298
1.0,13,34.510579
1.0,6,34.536231
-1.0,9,34.574217
1.0,12,34.62646
-1.0,7,34.659754
-1.0,7,34.690997
1.0,6,34.709466
1.0,8,34.74251
-1.0,7,34.772614
-1.0,11,34.818934
-1.0,10,34.857263
-1.0,10,34.896967
-1.0,11,34.946316
-1.0,11,34.986409
-1.0,9,35.020128
-1.0,13,35.071303
1.0,11,35.111154
-1.0,14,35.163769
-1.0,12,35.211253
-1.0,4,35.227595
-1.0,15,35.284677
-1.0,12,35.329056
1.0,10,35.368293
-1.0,11,35.409886
-1.0,12,35.458864
-1.0,9,35.493985
1.0,8,35.524202
-1.0,13,35.565418
1.0,11,35.615921
1.0,13,35.656549
-1.0,6,35.680701
-1.0,12,35.725726
-1.0,13,35.781864
-1.0,8,35.812622
1.0,9,35.847911
-1.0,8,35.876331
-1.0,8,35.913693
1.0,10,35.950361
-1.0,16,36.006526
1.0,14,36.049037
-1.0,16,36.114698
-1.0,4,36.13229
1.0,10,36.173933
-1.0,13,36.224427
1.0,10,36.26839
-1.0,9,36.31371
-1.0,13,36.379646
-1.0,9,36.419269
1.0,14,36.49092
-1.0,12,36.55554
-1.0,11,36.622501
1.0,6,36.645477
-1.0,6,36.680147
-1.0,10,36.732794
-1.0,13,36.800158
-1.0,13,36.871349
1.0,7,36.907289
1.0,14,36.991321
1.0,8,37.036709
-1.0,16,37.123049
1.0,13,37.191333
-1.0,11,37.309905
1.0,11,37.431809
-1.0,10,37.52232
1.0,15,37.700491
-1.0,13,37.823774
1.0,14,38.0155
-1.0,10,38.129251
1.0,7,38.214305
1.0,12,38.333185
-1.0,8,38.403553
1.0,6,38.453638
1.0,14,38.58995
-1.0,14,38.718508
-1.0,11,38.834361
-1.0,15,38.97621
-1.0,12,39.092603
-1.0,8,39.183861
1.0,16,39.331463
1.0,10,39.413274
1.0,15,39.565982
1.0,13,39.685559
1.0,10,39.781915
-1.0,12,39.894385
-1.0,13,40.015239
1.0,8,40.093696
-1.0,9,40.170257
-1.0,6,40.231789
-1.0,11,40.362205
1.0,13,40.481525
-1.0,11,40.594386
1.0,7,40.652784
-1.0,11,40.776322
-1.0,13,40.880388
1.0,9,40.971552
1.0,10,41.057583
1.0,10,41.159289
-1.0,15,41.291416
-1.0,12,41.412312
-1.0,8,41.491916
-1.0,12,41.614632
-1.0,13,41.733325
-1.0,13,41.832519
-1.0,10,41.905039
-1.0,10,42.015504
1.0,14,42.136328
1.0,8,42.20853
-1.0,14,42.32912
-1.0,11,42.442486
1.0,10,42.52632
1.0,7,42.589055
-1.0,9,42.67393
1.0,10,42.780638
-1.0,12,42.893035
1.0,15,43.023164
1.0,10,43.116621
-1.0,8,43.20328
1.0,12,43.310733
1.0,16,43.439374
1.0,10,43.531091
1.0,10,43.636292
-1.0,8,43.701763
-1.0,11,43.79661
-1.0,13,43.917594
-1.0,12,44.093342
1.0,9,44.173837
-1.0,5,44.219841
-1.0,14,44.356624
-1.0,11,44.465513
-1.0,11,44.572107
1.0,11,44.674963
1.0,4,44.71138
-1.0,13,44.83573
-1.0,8,44.911908
-1.0,15,45.068749
-1.0,15,45.219957
1.0,13,45.372152
1.0,5,45.411335
-1.0,8,45.493873
-1.0,13,45.65222
-1.0,11,45.810225
1.0,11,45.92135
-1.0,9,46.020302
1.0,8,46.100091
-1.0,9,46.221972
-1.0,11,46.313142
-1.0,10,46.416951
-1.0,12,46.519703
-1.0,9,46.607947
-1.0,10,46.70493
1.0,10,46.791533
1.0,10,46.881854
1.0,9,46.975657
-1.0,8,47.058662
-1.0,11,47.177621
1.0,10,47.267679
1.0,10,47.36906
-1.0,12,47.476103
1.0,11,47.567055
-1.0,8,47.64476
-1.0,12,47.758974
1.0,6,47.812069
1.0,11,47.915818
-1.0,15,48.052125
1.0,5,48.114355
1.0,11,48.21164
-1.0,11,48.326779
1.0,7,48.389865
1.0,9,48.479413
-1.0,12,48.593078
1.0,9,48.673249
1.0,7,48.742944
-1.0,13,48.873918
-1.0,12,48.995553
1.0,8,49.073096
1.0,15,49.223963
-1.0,14,49.364468
-1.0,14,49.485164
-1.0,12,49.583254
-1.0,11,49.687172
-1.0,10,49.791477
1.0,7,49.859082
-1.0,9,50.006104
-1.0,14,50.133376
-1.0,9,50.232148
-1.0,17,50.386262
-1.0,10,50.484951
-1.0,14,50.608297
-1.0,14,50.748213
-1.0,10,50.840394
1.0,14,50.964093
1.0,10,51.051328
-1.0,13,51.178923
-1.0,11,51.262197
-1.0,12,51.363966
-1.0,11,51.464346
-1.0,11,51.575868
-1.0,11,51.681935
-1.0,14,51.79619
1.0,9,51.880506
-1.0,17,52.06754
1.0,10,52.161013
1.0,10,52.265717
1.0,10,52.356855
-1.0,11,52.466392
-1.0,17,52.61024
1.0,14,52.748233
-1.0,15,52.873083
-1.0,11,53.001415
1.0,10,53.084659
1.0,16,53.213155
1.0,14,53.33201
-1.0,8,53.40093
-1.0,13,53.514134
1.0,11,53.601698
-1.0,10,53.680988
1.0,4,53.715805
-1.0,8,53.768743
-1.0,15,53.846445
1.0,6,53.898238
1.0,8,53.971132
-1.0,7,54.033601
-1.0,12,54.15309
-1.0,12,54.256859
1.0,13,54.363771
1.0,7,54.422772
1.0,9,54.491297
-1.0,13,54.596696
-1.0,10,54.690477
-1.0,12,54.78349
-1.0,10,54.857858
-1.0,13,54.956611
1.0,11,55.063723
-1.0,17,55.206304
-1.0,8,55.281554
1.0,5,55.332599
-1.0,13,55.441289
1.0,10,55.524048
1.0,11,55.621963
-1.0,11,55.721117
1.0,11,55.887057
-1.0,16,56.018185
1.0,9,56.093791
1.0,5,56.136829
-1.0,16,56.277981
-1.0,7,56.333476
1.0,13,56.426466
1.0,11,56.52892
1.0,8,56.611589
-1.0,13,56.695546
1.0,5,56.72431
-1.0,10,56.798775
1.0,12,56.866839
-1.0,12,56.951051
-1.0,10,57.033113
-1.0,12,57.120837
-1.0,11,57.229351
-1.0,18,57.36053
1.0,7,57.397308
-1.0,14,57.484782
-1.0,10,57.558918
1.0,12,57.625245
-1.0,11,57.696144
-1.0,16,57.822107
-1.0,15,57.928651
-1.0,4,57.960561
1.0,9,58.028238
1.0,12,58.137642
1.0,13,58.216131
1.0,8,58.279822
-1.0,10,58.343834
-1.0,14,58.4348
-1.0,16,58.576112
-1.0,12,58.684294
1.0,8,58.763367
-1.0,9,58.839397
-1.0,9,58.944923
1.0,9,59.026288
-1.0,16,59.157548
-1.0,11,59.236106
-1.0,16,59.342931
1.0,11,59.421356
1.0,13,59.538065
-1.0,5,59.582494
-1.0,14,59.705354
1.0,9,59.792128
1.0,5,59.833957
-1.0,10,59.932935
1.0,15,60.065111
1.0,10,60.138702
-1.0,6,60.185998
-1.0,13,60.288372
1.0,9,60.352319
1.0,12,60.40312
1.0,9,60.439703
-1.0,9,60.500432
1.0,9,60.567571
1.0,8,60.639794
-1.0,11,60.70721
-1.0,16,60.806387
-1.0,16,60.948512
-1.0,11,61.107707
1.0,11,61.193175
1.0,4,61.221596
1.0,13,61.312929
1.0,7,61.359187
-1.0,10,61.432595
1.0,12,61.511981
1.0,12,61.585844
-1.0,4,61.614785
-1.0,14,61.691925
-1.0,8,61.756777
1.0,8,61.809535
-1.0,11,61.893924
-1.0,11,61.996689
-1.0,12,62.081195
1.0,13,62.174485
-1.0,7,62.219359
-1.0,7,62.268577
-1.0,9,62.331316
-1.0,5,62.384244
-1.0,14,62.49061
1.0,7,62.530675
1.0,15,62.651191
1.0,11,62.731433
-1.0,13,62.822162
1.0,13,62.939752
1.0,15,63.057035
-1.0,17,63.215404
1.0,9,63.293796
-1.0,11,63.408307
-1.0,15,63.550411
1.0,7,63.608738
1.0,15,63.750759
1.0,7,63.823018
-1.0,11,63.937619
1.0,7,64.007334
-1.0,7,64.076329
1.0,13,64.20034
-1.0,12,64.324106
1.0,13,64.459326
1.0,12,64.570134
1.0,11,64.665342
-1.0,12,64.777995
1.0,11,64.90168
-1.0,15,65.041322
1.0,8,65.089394
-1.0,14,65.189101
-1.0,9,65.268265
1.0,14,65.396379
-1.0,8,65.465826
1.0,14,65.594753
-1.0,14,65.736737
-1.0,14,65.871687
-1.0,5,65.916108
-1.0,10,66.002141
1.0,18,66.16432
1.0,10,66.255045
-1.0,6,66.320715
1.0,11,66.418146
1.0,10,66.592583
-1.0,12,66.708163
1.0,14,66.859487
-1.0,18,67.01045
-1.0,12,67.128515
-1.0,10,67.226304
-1.0,10,67.320009
-1.0,9,67.394317
-1.0,14,67.495585
-1.0,12,67.582575
-1.0,9,67.647374
1.0,12,67.748596
1.0,8,67.830584
1.0,12,67.943418
-1.0,10,68.056751
1.0,9,68.150129
-1.0,16,68.31624
-1.0,12,68.421978
-1.0,13,68.550067
-1.0,13,68.665429
1.0,8,68.7502
-1.0,13,68.85657
-1.0,12,68.973401
1.0,9,69.053273
1.0,15,69.210604
-1.0,12,69.333188
-1.0,15,69.459244
-1.0,9,69.555049
-1.0,9,69.647195
1.0,13,69.758261
-1.0,10,69.847856
-1.0,16,69.987612
1.0,16,70.13113
-1.0,13,70.24441
-1.0,13,70.349896
-1.0,14,70.44616
1.0,10,70.542877
-1.0,12,70.632381
-1.0,5,70.684081
1.0,5,70.736461
1.0,15,70.883552
-1.0,7,70.953479
-1.0,13,71.083452
-1.0,16,71.218014
1.0,12,71.331795
-1.0,5,71.381589
1.0,9,71.471721
-1.0,11,71.583138
-1.0,6,71.652906
-1.0,10,71.745832
-1.0,6,71.800334
1.0,13,71.922248
1.0,6,71.997869
1.0,11,72.117473
-1.0,12,72.236308
1.0,10,72.322832
1.0,7,72.406683
1.0,17,72.546139
1.0,8,72.621545
-1.0,12,72.727092
-1.0,11,72.844658
1.0,12,72.950576
-1.0,9,73.058478
-1.0,9,73.189438
1.0,8,73.277755
-1.0,14,73.407536
-1.0,11,73.507525
-1.0,5,73.564636
-1.0,15,73.711329
-1.0,11,73.804131
1.0,10,73.935617
1.0,8,74.035205
-1.0,9,74.152122
-1.0,17,74.31291
-1.0,8,74.380575
1.0,11,74.505401
-1.0,10,74.609016
1.0,17,74.773356
-1.0,8,74.855972
1.0,6,74.91252
-1.0,6,74.983372
1.0,10,75.08725
1.0,5,75.145807
1.0,12,75.262952
-1.0,12,75.377227
-1.0,6,75.42959
1.0,12,75.54165
-1.0,14,75.683576
1.0,8,75.776217
1.0,8,75.84455
1.0,11,75.936728
-1.0,12,76.04209
1.0,10,76.146499
-1.0,15,76.287451
1.0,8,76.362174
1.0,9,76.441567
-1.0,10,76.545784
-1.0,13,76.671976
-1.0,8,76.746133
-1.0,14,76.860628
-1.0,8,76.952443
-1.0,7,77.018407
-1.0,12,77.13592
-1.0,12,77.22361
-1.0,11,77.329344
-1.0,8,77.399339
-1.0,11,77.499755
-1.0,15,77.633998
-1.0,10,77.743942
1.0,10,77.83691
-1.0,14,77.961843
1.0,9,78.060261
-1.0,13,78.188956
1.0,7,78.267339
-1.0,12,78.38018
-1.0,15,78.573377
-1.0,11,78.679818
1.0,14,78.818858
-1.0,13,78.957575
1.0,9,79.031162
-1.0,7,79.109405
1.0,10,79.217129
1.0,9,79.307203
-1.0,12,79.409296
1.0,12,79.532374
1.0,9,79.616031
-1.0,15,79.747339
-1.0,13,79.851643
1.0,9,79.935765
1.0,10,80.030095
1.0,9,80.11335
1.0,10,80.208072
-1.0,10,80.30626
1.0,10,80.408455
-1.0,11,80.503266
-1.0,9,80.582496
-1.0,11,80.685717
-1.0,13,80.815098
1.0,12,80.923446
1.0,13,81.042509
1.0,7,81.123709
1.0,12,81.235643
1.0,13,81.352643
1.0,15,81.481441
-1.0,12,81.599283
-1.0,7,81.655888
-1.0,10,81.759045
-1.0,12,81.875815
-1.0,13,81.992616
1.0,15,82.136852
1.0,9,82.212203
1.0,11,82.311104
-1.0,14,82.444674
-1.0,15,82.598823
1.0,11,82.706047
-1.0,7,82.773553
-1.0,14,82.908831
1.0,11,83.015369
-1.0,10,83.104993
1.0,5,83.149331
1.0,9,83.179567
-1.0,10,83.205577
-1.0,15,83.250044
-1.0,8,83.274794
-1.0,11,83.310256
1.0,10,83.333845
1.0,10,83.359943
1.0,9,83.38383
-1.0,6,83.40845
1.0,13,83.444656
-1.0,10,83.467631
-1.0,15,83.508122
-1.0,8,83.534747
-1.0,11,83.563091
-1.0,15,83.600602
-1.0,9,83.628855
1.0,16,83.673427
1.0,11,83.704135
1.0,13,83.788541
1.0,9,83.819972
-1.0,9,83.857307
-1.0,9,83.885518
1.0,11,83.917235
1.0,11,83.951703
-1.0,13,83.990621
1.0,6,84.012096
-1.0,11,84.053311
-1.0,6,84.073696
-1.0,4,84.092758
-1.0,7,84.114628
-1.0,10,84.142738
-1.0,9,84.17065
-1.0,10,84.198749
-1.0,5,84.211545
-1.0,11,84.245872
1.0,9,84.269813
-1.0,4,84.286948
-1.0,12,84.322606
1.0,10,84.35447
-1.0,15,84.396755
-1.0,5,84.413742
1.0,12,84.445347
-1.0,9,84.466105
-1.0,6,84.484576
1.0,5,84.501907
-1.0,5,84.516288
-1.0,6,84.538149
1.0,4,84.548682
-1.0,7,84.570811
-1.0,10,84.609957
-1.0,11,84.645083
-1.0,18,84.700976
-1.0,15,84.748453
1.0,9,84.777719
1.0,17,84.829647
-1.0,8,84.853995
-1.0,8,84.88274
1.0,7,84.904492
1.0,12,84.935578
-1.0,8,84.964942
1.0,16,85.019873
-1.0,10,85.046791
1.0,18,85.099814
-1.0,13,85.134366
-1.0,10,85.175673
-1.0,13,85.212001
-1.0,17,85.257154
1.0,12,85.296395
1.0,12,85.332886
1.0,10,85.364679
-1.0,8,85.391474
-1.0,8,85.417662
-1.0,12,85.450036
-1.0,14,85.485049
1.0,8,85.511697
-1.0,14,85.56565
1.0,14,85.623166
-1.0,18,85.676899
-1.0,17,85.726062
1.0,5,85.739554
1.0,12,85.781115
1.0,11,85.815471
1.0,8,85.843893
-1.0,13,85.882879
-1.0,14,85.930573
1.0,12,85.964066
-1.0,12,86.006061
-1.0,12,86.037781
-1.0,11,86.081044
-1.0,8,86.109128
1.0,12,86.149114
-1.0,13,86.187194
-1.0,9,86.221097
-1.0,12,86.257072
1.0,13,86.29543
1.0,9,86.324367
-1.0,10,86.360663
1.0,8,86.382086
1.0,11,86.416215
-1.0,14,86.458357
-1.0,8,86.489866
1.0,7,86.51331
1.0,13,86.551739
1.0,14,86.596548
1.0,11,86.671598
-1.0,11,86.698795
-1.0,17,86.752903
1.0,9,86.777677
-1.0,13,86.821065
1.0,10,86.85062
1.0,8,86.877349
1.0,12,86.916814
1.0,14,86.968503
-1.0,13,87.016606
1.0,8,87.051186
-1.0,12,87.111515
1.0,13,87.175993
-1.0,14,87.236576
1.0,10,87.280087
-1.0,13,87.326451
-1.0,14,87.370032
-1.0,12,87.410474
1.0,12,87.447337
-1.0,13,87.494936
-1.0,13,87.54579
-1.0,6,87.563804
-1.0,5,87.582819
1.0,12,87.61423
-1.0,17,87.665281
-1.0,11,87.697491
1.0,12,87.730565
-1.0,9,87.762433
1.0,14,87.810099
-1.0,12,87.849461
-1.0,10,87.879202
1.0,9,87.903007
-1.0,16,87.945793
-1.0,16,87.986676
1.0,12,88.020751
-1.0,14,88.066442
1.0,10,88.102956
-1.0,5,88.118856
-1.0,13,88.160768
-1.0,12,88.205792
-1.0,11,88.240435
1.0,14,88.282843
1.0,11,88.311429
1.0,7,88.329125
-1.0,10,88.36744
-1.0,12,88.405027
-1.0,15,88.446245
1.0,7,88.47072
-1.0,5,88.492284
1.0,6,88.510771
1.0,9,88.540647
1.0,12,88.57381
-1.0,13,88.622129
-1.0,15,88.670088
-1.0,8,88.695687
1.0,13,88.731029
-1.0,12,88.769523
-1.0,12,88.807867
-1.0,11,88.845537
-1.0,12,88.890045
-1.0,6,88.91383
1.0,11,88.946018
1.0,8,88.96773
-1.0,11,88.999508
1.0,5,89.021754
-1.0,8,89.047463
1.0,9,89.068547
1.0,6,89.082317
-1.0,19,89.142467
-1.0,14,89.18565
-1.0,14,89.229869
-1.0,7,89.253165
1.0,8,89.278941
1.0,7,89.301135
-1.0,9,89.333217
1.0,11,89.364613
1.0,7,89.387754
-1.0,11,89.419491
-1.0,14,89.457878
-1.0,15,89.501436
-1.0,9,89.538249
1.0,14,89.577716
1.0,10,89.610377
-1.0,12,89.688733
-1.0,9,89.724168
1.0,11,89.75497
1.0,7,89.770991
-1.0,10,89.802087
-1.0,7,89.829046
-1.0,11,89.866614
1.0,9,89.896255
1.0,9,89.927803
-1.0,6,89.951747
1.0,10,89.98546
1.0,14,90.028728
1.0,9,90.054601
-1.0,11,90.086174
1.0,8,90.110918
1.0,9,90.137024
-1.0,15,90.180537
-1.0,11,90.216087
-1.0,6,90.235161
-1.0,10,90.263998
1.0,6,90.283548
-1.0,8,90.30899
1.0,8,90.333335
-1.0,8,90.352122
-1.0,10,90.38056
1.0,10,90.422426
1.0,10,90.44611
1.0,12,90.482243
-1.0,9,90.504241
1.0,15,90.57228
1.0,17,90.724911
-1.0,13,90.852338
1.0,13,90.974343
-1.0,10,91.070604
1.0,10,91.162505
-1.0,10,91.254206
-1.0,4,91.288332
-1.0,13,91.434621
-1.0,9,91.5188
1.0,9,91.603006
1.0,9,91.688656
-1.0,8,91.773476
1.0,9,91.871876
1.0,13,91.981054
1.0,15,92.118479
1.0,9,92.212137
-1.0,10,92.304487
1.0,10,92.416156
1.0,15,92.569501
1.0,6,92.643026
1.0,8,92.726123
1.0,10,92.828217
1.0,13,92.960564
-1.0,5,93.009188
-1.0,13,93.144948
1.0,12,93.235837
1.0,8,93.299942
1.0,10,93.420244
-1.0,13,93.540128
1.0,7,93.597573
1.0,12,93.700148
-1.0,9,93.775779
-1.0,12,93.871356
1.0,11,93.950047
1.0,9,94.029609
-1.0,7,94.081032
1.0,9,94.1564
-1.0,13,94.269133
1.0,7,94.32141
-1.0,12,94.47972
1.0,9,94.552772
1.0,13,94.655171
-1.0,6,94.701167
-1.0,15,94.837502
1.0,13,94.945199
-1.0,15,95.07472
-1.0,6,95.124852
1.0,5,95.192409
1.0,12,95.312891
1.0,9,95.398744
-1.0,9,95.480773
-1.0,15,95.643972
-1.0,7,95.726494
1.0,5,95.768221
1.0,4,95.807593
-1.0,8,95.894196
1.0,7,95.957851
1.0,7,96.022951
-1.0,9,96.108926
-1.0,9,96.203112
1.0,12,96.309082
-1.0,5,96.349188
-1.0,13,96.45856
1.0,14,96.603076
1.0,8,96.680154
-1.0,14,96.806644
1.0,12,96.916047
-1.0,15,97.052949
1.0,10,97.121624
1.0,15,97.230308
1.0,12,97.326359
1.0,9,97.405759
-1.0,4,97.430592
1.0,8,97.492557
1.0,17,97.60721
1.0,14,97.725858
1.0,12,97.789775
-1.0,12,97.889409
1.0,11,97.978305
1.0,8,98.055051
1.0,8,98.111391
1.0,11,98.176149
-1.0,15,98.301822
-1.0,10,98.385502
-1.0,16,98.482082
-1.0,11,98.593126
-1.0,14,98.712684
-1.0,9,98.804092
1.0,5,98.842458
-1.0,10,98.937892
-1.0,12,99.072886
1.0,7,99.15921
-1.0,13,99.286985
-1.0,8,99.350834
-1.0,11,99.452691
-1.0,11,99.55409
1.0,16,99.704247
1.0,11,99.807573
1.0,14,99.924388
1.0,12,100.051169
1.0,11,100.159654
-1.0,11,100.306028
-1.0,11,100.419542
-1.0,8,100.515471
1.0,9,100.615503
1.0,11,100.728296
-1.0,19,100.907949
-1.0,8,101.003771
-1.0,13,101.125356
1.0,13,101.228872
1.0,5,101.272869
1.0,7,101.347803
-1.0,7,101.414716
-1.0,12,101.537731
-1.0,6,101.585216
-1.0,11,101.687647
1.0,15,101.80746
1.0,8,101.869331
1.0,11,101.949345
1.0,8,102.016074
1.0,8,102.067055
-1.0,8,102.1295
1.0,8,102.200258
1.0,10,102.284954
1.0,10,102.371167
-1.0,12,102.47578
1.0,12,102.580808
-1.0,10,102.670201
1.0,14,102.77853
-1.0,7,102.836215
-1.0,10,102.908176
-1.0,5,102.968518
1.0,12,103.089009
1.0,13,103.186395
1.0,14,103.280014
1.0,11,103.375358
1.0,7,103.436339
1.0,14,103.555492
-1.0,10,103.658469
1.0,7,103.730669
-1.0,10,103.826623
-1.0,10,103.930714
1.0,11,104.01968
1.0,14,104.159581
1.0,16,104.297505
-1.0,17,104.43349
1.0,6,104.493783
1.0,13,104.612449
-1.0,13,104.720958
1.0,7,104.787806
1.0,12,104.917712
1.0,6,104.964547
-1.0,11,105.055471
1.0,11,105.163707
-1.0,10,105.261837
1.0,6,105.330846
-1.0,10,105.425394
1.0,9,105.51392
-1.0,8,105.585226
-1.0,14,105.709711
1.0,11,105.813502
-1.0,12,105.972713
1.0,17,106.119447
1.0,7,106.198449
1.0,10,106.288417
1.0,9,106.37306
1.0,9,106.454152
-1.0,9,106.547551
-1.0,15,106.685505
1.0,16,106.821884
1.0,6,106.87685
-1.0,15,107.029866
1.0,11,107.133319
-1.0,7,107.207395
-1.0,6,107.260119
-1.0,6,107.332739
-1.0,11,107.427104
1.0,6,107.481704
-1.0,9,107.563249
1.0,11,107.662861
-1.0,14,107.777031
-1.0,9,107.866066
1.0,12,107.973349
1.0,14,108.108556
1.0,8,108.191116
-1.0,15,108.326808
-1.0,11,108.435782
-1.0,9,108.5321
-1.0,10,108.629778
-1.0,14,108.784868
-1.0,8,108.8733
1.0,15,109.022044
1.0,9,109.103127
-1.0,11,109.205687
1.0,10,109.308367
1.0,12,109.43771
-1.0,8,109.513231
1.0,8,109.5885
1.0,16,109.730222
-1.0,8,109.812862
1.0,11,109.910369
-1.0,13,110.032952
1.0,11,110.136173
1.0,7,110.210386
-1.0,17,110.357478
1.0,13,110.477976
1.0,10,110.585312
-1.0,10,110.685061
1.0,14,110.812394
-1.0,12,110.900583
1.0,10,110.982858
-1.0,8,111.064271
-1.0,11,111.1798
-1.0,11,111.285371
-1.0,13,111.402721
-1.0,14,111.533303
-1.0,16,111.671722
-1.0,9,111.768727
1.0,5,111.81355
1.0,14,111.951041
-1.0,12,112.069926
-1.0,18,112.289946
-1.0,13,112.397896
-1.0,16,112.556615
-1.0,8,112.643474
1.0,9,112.724092
1.0,11,112.829431
-1.0,14,112.983942
1.0,7,113.0473
1.0,10,113.143723
-1.0,13,113.254839
-1.0,13,113.368441
1.0,9,113.453393
-1.0,13,113.567968
1.0,8,113.646214
1.0,8,113.726989
-1.0,10,113.823451
-1.0,9,113.901758
1.0,9,113.980636
-1.0,16,114.133609
1.0,11,114.236137
1.0,6,114.290592
1.0,12,114.406342
1.0,9,114.501745
1.0,11,114.605178
-1.0,10,114.692607
-1.0,10,114.775843
-1.0,11,114.872621
-1.0,11,114.975262
-1.0,15,115.101267
-1.0,12,115.21137
-1.0,11,115.327251
1.0,13,115.446384
1.0,18,115.601031
1.0,7,115.665775
1.0,17,115.822398
1.0,10,115.912945
1.0,9,116.001878
1.0,11,116.102658
-1.0,8,116.19658
1.0,6,116.258849
1.0,6,116.31376
-1.0,14,116.457678
-1.0,17,116.622255
1.0,15,116.77761
-1.0,12,116.89056
1.0,10,116.985225
1.0,15,117.148445
1.0,10,117.25841
-1.0,8,117.348208
1.0,6,117.407265
-1.0,10,117.534571
-1.0,10,117.65505
1.0,11,117.774193
-1.0,11,117.882759
-1.0,14,118.025042
1.0,10,118.127397
1.0,7,118.202601
1.0,10,118.345454
1.0,11,118.463796
1.0,9,118.546665
1.0,7,118.620452
1.0,7,118.688879
-1.0,13,118.836687
-1.0,9,118.923588
-1.0,10,119.019747
1.0,9,119.110926
-1.0,10,119.203178
1.0,7,119.266785
-1.0,13,119.383484
-1.0,7,119.449557
1.0,16,119.61167
1.0,10,119.698849
-1.0,5,119.754043
-1.0,7,119.820654
-1.0,6,119.898503
-1.0,11,120.007905
1.0,11,120.108443
-1.0,12,120.234981
-1.0,12,120.378519
1.0,11,120.492261
-1.0,6,120.560407
1.0,12,120.678077
-1.0,13,120.809558
-1.0,11,120.914214
1.0,8,120.990129
1.0,14,121.119664
1.0,9,121.217724
-1.0,6,121.285331
1.0,16,121.421251
-1.0,11,121.52221
-1.0,11,121.635372
1.0,9,121.725328
1.0,8,121.799994
1.0,6,121.852866
-1.0,14,121.986586
1.0,8,122.067672
1.0,13,122.182849
1.0,5,122.234581
-1.0,11,122.340375
-1.0,8,122.423621
1.0,8,122.512392
1.0,5,122.559131
1.0,11,122.681657
1.0,10,122.775213
-1.0,14,122.906574
1.0,7,122.980892
-1.0,16,123.134014
1.0,11,123.231632
1.0,6,123.374212
1.0,10,123.472839
1.0,9,123.585949
1.0,6,123.640714
1.0,13,123.729164
-1.0,11,123.810818
1.0,9,123.886273
-1.0,10,123.990969
1.0,11,124.10595
-1.0,7,124.175541
1.0,9,124.338977
1.0,12,124.475356
1.0,15,124.642084
1.0,6,124.723001
-1.0,7,124.797676
1.0,12,124.880584
-1.0,6,124.91422
-1.0,11,125.017066
1.0,10,125.113934
1.0,6,125.168555
1.0,10,125.260324
-1.0,12,125.408771
1.0,9,125.493059
1.0,13,125.617734
-1.0,18,125.788762
-1.0,13,125.93498
1.0,12,126.068541
1.0,13,126.196124
-1.0,6,126.251969
-1.0,10,126.366444
1.0,6,126.439832
1.0,14,126.598472
1.0,15,126.762105
1.0,13,126.907949
-1.0,13,127.055593
-1.0,11,127.169451
1.0,6,127.223751
1.0,16,127.381001
1.0,11,127.512005
1.0,13,127.631982
-1.0,6,127.695889
1.0,13,127.803539
-1.0,12,127.918293
1.0,12,128.040381
1.0,9,128.141332
1.0,9,128.237178
-1.0,13,128.391116
1.0,12,128.521344
1.0,8,128.602619
1.0,9,128.699978
-1.0,8,128.774737
-1.0,10,128.875142
1.0,11,128.978527
1.0,11,129.093824
-1.0,5,129.12599
1.0,11,129.242345
-1.0,13,129.384201
-1.0,13,129.537416
-1.0,13,129.69436
-1.0,7,129.778429
-1.0,14,129.903673
-1.0,14,130.017212
-1.0,5,130.066821
1.0,14,130.173081
-1.0,11,130.268305
1.0,11,130.347339
1.0,8,130.423909
1.0,12,130.502097
1.0,10,130.588949
1.0,10,130.663509
1.0,12,130.760467
1.0,12,130.850297
1.0,10,130.920271
-1.0,15,131.079196
1.0,10,131.183034
-1.0,11,131.249981
1.0,10,131.316532
-1.0,12,131.408821
1.0,10,131.489735
1.0,11,131.579207
1.0,13,131.689594
-1.0,5,131.739228
1.0,13,131.853603
-1.0,15,131.969226
-1.0,10,132.040858
1.0,9,132.107877
1.0,10,132.218001
1.0,11,132.325555
1.0,4,132.368456
1.0,11,132.479636
1.0,6,132.555947
-1.0,14,132.68327
-1.0,16,132.813396
1.0,8,132.875364
-1.0,12,132.996765
1.0,7,133.067808
-1.0,9,133.145477
1.0,7,133.209039
1.0,13,133.348277
1.0,8,133.421795
-1.0,10,133.492837
1.0,13,133.600183
1.0,14,133.758917
-1.0,5,133.811206
-1.0,9,133.904744
1.0,11,134.022441
-1.0,9,134.130136
-1.0,11,134.247279
-1.0,7,134.332604
-1.0,18,134.489807
-1.0,17,134.64764
-1.0,14,134.788074
-1.0,7,134.862337
-1.0,14,135.008245
1.0,12,135.145357
1.0,12,135.280429
-1.0,14,135.440721
1.0,8,135.519048
1.0,12,135.657019
1.0,6,135.707739
1.0,6,135.769514
1.0,10,135.865372
-1.0,12,135.931187
-1.0,10,135.970045
-1.0,9,136.00652
1.0,10,136.044502
1.0,9,136.082523
-1.0,12,136.116816
1.0,8,136.139678
1.0,6,136.154854
1.0,8,136.181089
1.0,6,136.198056
-1.0,13,136.234625
-1.0,11,136.267956
-1.0,5,136.286028
1.0,11,136.316879
1.0,8,136.340602
-1.0,13,136.379414
-1.0,6,136.40048
1.0,12,136.502166
1.0,11,136.631007
1.0,9,136.702594
1.0,11,136.807044
1.0,10,136.906723
-1.0,8,136.995714
1.0,9,137.080802
-1.0,9,137.180073
1.0,9,137.263847
-1.0,14,137.396471
1.0,10,137.498685
-1.0,10,137.613787
-1.0,14,137.756783
-1.0,17,137.908983
1.0,11,138.013609
-1.0,13,138.156768
1.0,12,138.279533
-1.0,8,138.369467
-1.0,13,138.497362
1.0,12,138.625676
-1.0,6,138.68329
-1.0,14,138.821655
1.0,16,138.956475
-1.0,10,139.058947
-1.0,12,139.175748
1.0,8,139.255172
1.0,7,139.325696
1.0,7,139.406496
-1.0,12,139.537555
1.0,8,139.617841
1.0,11,139.722725
-1.0,10,139.821133
-1.0,9,139.910001
1.0,10,140.036517
1.0,6,140.08961
1.0,4,140.132626
1.0,10,140.238374
1.0,8,140.313998
-1.0,12,140.42526
-1.0,12,140.545376
-1.0,16,140.626827
-1.0,12,140.664455
1.0,10,140.712142
-1.0,9,140.750114
-1.0,9,140.774796
1.0,11,140.847838
-1.0,9,140.87781
1.0,5,140.893716
1.0,12,140.927253
1.0,7,140.94713
1.0,11,140.982409
1.0,10,141.010909
1.0,10,141.040422
1.0,7,141.057611
1.0,7,141.080313
-1.0,5,141.096691
1.0,9,141.128979
-1.0,15,141.167307
-1.0,13,141.205719
1.0,11,141.244276
-1.0,11,141.294196
1.0,12,141.341918
1.0,10,141.373174
-1.0,7,141.397747
1.0,7,141.422255
-1.0,11,141.455698
1.0,10,141.502021
1.0,12,141.565902
-1.0,11,141.615807
1.0,10,141.663555
-1.0,11,141.705716
-1.0,9,141.73875
1.0,14,141.775795
-1.0,15,141.818184
1.0,10,141.851743
1.0,12,141.890016
-1.0,12,141.930735
1.0,8,141.953048
-1.0,6,141.977935
-1.0,17,142.033614
1.0,12,142.095696
1.0,9,142.121292
1.0,12,142.159991
1.0,13,142.203125
1.0,11,142.234815
1.0,10,142.265595
-1.0,12,142.299518
-1.0,7,142.325486
-1.0,14,142.365833
1.0,12,142.399768
-1.0,9,142.429666
1.0,11,142.485828
-1.0,10,142.518944
1.0,7,142.535136
-1.0,14,142.573676
1.0,10,142.605013
1.0,15,142.650817
1.0,9,142.675891
1.0,8,142.699713
-1.0,14,142.777286
1.0,12,142.828743
-1.0,10,142.860271
-1.0,13,142.905495
-1.0,11,142.950927
1.0,9,142.987761
-1.0,11,143.019988
1.0,8,143.043668
1.0,6,143.072345
-1.0,17,143.115322
1.0,7,143.133325
1.0,8,143.162934
1.0,9,143.205315
-1.0,11,143.251276
-1.0,13,143.287403
-1.0,13,143.335873
-1.0,10,143.379561
1.0,10,143.411935
-1.0,7,143.440342
-1.0,9,143.470171
-1.0,13,143.514511
-1.0,14,143.557932
-1.0,16,143.616451
-1.0,17,143.661689
-1.0,11,143.697641
1.0,7,143.722648
-1.0,5,143.73857
1.0,15,143.777544
1.0,13,143.813401
1.0,14,143.896664
-1.0,11,143.921739
-1.0,11,143.956595
1.0,9,143.991452
1.0,5,144.006449
-1.0,15,144.053616
1.0,8,144.078903
-1.0,7,144.106064
-1.0,14,144.146322
1.0,13,144.187646
-1.0,10,144.219197
-1.0,11,144.257196
1.0,11,144.290012
1.0,13,144.336571
1.0,7,144.359097
-1.0,14,144.404423
-1.0,12,144.439547
-1.0,8,144.465273
-1.0,13,144.500817
1.0,9,144.52724
1.0,6,144.544174
-1.0,8,144.568534
-1.0,14,144.60972
1.0,7,144.637111
-1.0,16,144.701935
-1.0,10,144.727095
1.0,8,144.753645
1.0,16,144.807499
1.0,9,144.835667
-1.0,16,144.88781
-1.0,10,144.921132
1.0,9,144.951638
1.0,9,144.991043
1.0,11,145.030043
1.0,5,145.04661
1.0,9,145.08536
1.0,14,145.12549
1.0,8,145.149759
-1.0,12,145.180754
1.0,7,145.206326
1.0,11,145.237105
1.0,10,145.26268
1.0,8,145.287845
1.0,15,145.34665
-1.0,8,145.391318
-1.0,9,145.449747
1.0,7,145.473314
1.0,9,145.514977
1.0,11,145.55111
-1.0,13,145.586788
-1.0,12,145.622776
-1.0,9,145.653731
-1.0,13,145.700983
1.0,5,145.714796
1.0,17,145.766113
-1.0,12,145.821234
1.0,12,145.861082
1.0,13,145.903158
-1.0,12,145.938921
-1.0,10,145.97288
1.0,9,146.002566
1.0,9,146.031589
1.0,12,146.067134
1.0,7,146.094867
1.0,6,146.113364
1.0,11,146.14516
1.0,10,146.175916
-1.0,10,146.207589
1.0,6,146.226714
-1.0,10,146.258271
-1.0,19,146.307987
-1.0,10,146.343503
-1.0,12,146.380039
-1.0,8,146.407653
1.0,7,146.432502
1.0,5,146.460498
1.0,9,146.491711
1.0,14,146.540844
1.0,5,146.560173
1.0,8,146.590757
1.0,6,146.610125
-1.0,15,146.665025
1.0,8,146.693242
-1.0,10,146.73526
-1.0,14,146.776513
1.0,9,146.80721
-1.0,12,146.843114
1.0,8,146.87042
1.0,13,146.910372
1.0,10,146.943385
1.0,4,146.958681
-1.0,10,146.995913
-1.0,15,147.044681
1.0,14,147.20354
1.0,10,147.253384
1.0,12,147.314809
-1.0,10,147.381525
-1.0,9,147.421259
1.0,12,147.474912
-1.0,9,147.507427
1.0,9,147.542728
-1.0,9,147.581787
1.0,7,147.603113
-1.0,10,147.648104
1.0,11,147.691544
1.0,10,147.725487
-1.0,11,147.775339
1.0,6,147.802866
1.0,12,147.855352
1.0,6,147.881051
1.0,7,147.909163
1.0,10,147.946839
-1.0,13,147.996686
1.0,6,148.021589
1.0,8,148.05404
-1.0,11,148.10652
1.0,8,148.134156
1.0,9,148.164072
1.0,10,148.199258
1.0,8,148.233469
1.0,10,148.270427
1.0,7,148.293975
-1.0,9,148.32028
1.0,9,148.352528
1.0,13,148.397686
1.0,6,148.420193
1.0,8,148.447838
1.0,9,148.486007
-1.0,8,148.516526
-1.0,11,148.555002
1.0,8,148.580216
-1.0,13,148.624451
1.0,11,148.66219
1.0,10,148.694298
1.0,11,148.729636
-1.0,10,148.765468
1.0,12,148.808118
1.0,9,148.83828
1.0,10,148.869478
1.0,8,148.897886
-1.0,8,148.92173
1.0,8,148.943824
1.0,11,148.976642
1.0,13,149.021852
1.0,9,149.045245
-1.0,7,149.063582
-1.0,7,149.083922
-1.0,12,149.11694
1.0,10,149.146698
1.0,10,149.173157
-1.0,7,149.195491
-1.0,8,149.224149
1.0,12,149.251541
-1.0,17,149.294395
1.0,12,149.330502
1.0,5,149.350639
-1.0,10,149.383935
1.0,14,149.422213
-1.0,8,149.448397
-1.0,15,149.498609
1.0,12,149.537957
1.0,16,149.593535
-1.0,7,149.618267
-1.0,10,149.65469
1.0,9,149.683949
1.0,10,149.713455
1.0,11,149.746445
-1.0,8,149.778024
-1.0,13,149.812882
1.0,8,149.8326
1.0,11,149.864717
1.0,11,149.895428
1.0,13,149.930051
-1.0,12,149.961489
1.0,12,149.989148
-1.0,11,150.024405
1.0,10,150.055753
1.0,10,150.080575
1.0,9,150.101418
-1.0,15,150.148357
-1.0,8,150.169616
-1.0,9,150.19566
-1.0,13,150.220505
-1.0,9,150.245418
1.0,9,150.271736
1.0,9,150.293659
1.0,5,150.306046
1.0,9,150.329601
1.0,15,150.366673
-1.0,10,150.391594
1.0,10,150.416846
1.0,9,150.446159
-1.0,9,150.473512
-1.0,11,150.498488
1.0,13,150.53039
1.0,10,150.561576
-1.0,12,150.597102
1.0,7,150.616499
1.0,6,150.630586
1.0,8,150.652316
1.0,12,150.684052
-1.0,11,150.712159
-1.0,8,150.734908
1.0,10,150.767766
-1.0,9,150.792356
1.0,11,150.825771
-1.0,14,150.860282
-1.0,14,150.906314
1.0,10,150.929879
1.0,9,150.957138
-1.0,7,150.975952
-1.0,8,151.004137
1.0,9,151.029857
1.0,15,151.069067
1.0,10,151.098095
1.0,11,151.131745
1.0,14,151.166514
1.0,13,151.199923
-1.0,12,151.228555
1.0,7,151.250466
1.0,11,151.27995
1.0,13,151.312697
-1.0,10,151.335961
-1.0,10,151.371459
1.0,8,151.389639
-1.0,10,151.413062
1.0,5,151.426766
-1.0,12,151.465531
-1.0,8,151.486259
-1.0,12,151.521519
1.0,12,151.5567
1.0,15,151.595886
1.0,14,151.633656
1.0,6,151.648515
1.0,11,151.683958
1.0,13,151.721987
-1.0,13,151.763659
1.0,12,151.793706
1.0,14,151.825803
-1.0,7,151.850362
-1.0,12,151.88326
1.0,10,151.905592
-1.0,13,151.941723
-1.0,9,151.969416
-1.0,10,151.996747
1.0,9,152.017469
-1.0,12,152.049273
1.0,6,152.067893
1.0,11,152.099319
1.0,15,152.137669
1.0,11,152.159489
1.0,8,152.183133
-1.0,14,152.226907
-1.0,10,152.256758
-1.0,11,152.286316
1.0,9,152.322633
-1.0,14,152.381816
-1.0,8,152.40046
-1.0,16,152.445112
1.0,10,152.472625
1.0,14,152.507918
-1.0,9,152.53204
1.0,14,152.609361
-1.0,9,152.639891
1.0,10,152.664351
1.0,13,152.699666
1.0,9,152.724411
-1.0,11,152.752538
-1.0,14,152.789333
1.0,6,152.805201
-1.0,10,152.830315
1.0,14,152.867977
1.0,11,152.896719
-1.0,8,152.919453
-1.0,12,152.949251
-1.0,14,152.988715
1.0,11,153.019348
1.0,15,153.059856
-1.0,13,153.095168
1.0,8,153.124264
1.0,11,153.153899
1.0,5,153.170352
1.0,8,153.193356
-1.0,7,153.21682
-1.0,5,153.234051
1.0,11,153.262444
1.0,10,153.287373
-1.0,6,153.308522
1.0,13,153.350724
-1.0,12,153.381093
1.0,8,153.403403
1.0,13,153.435676
-1.0,16,153.478857
-1.0,12,153.512345
-1.0,15,153.552646
-1.0,14,153.590215
1.0,8,153.613856
1.0,14,153.651467
-1.0,15,153.684143
-1.0,11,153.716801
-1.0,14,153.747246
1.0,10,153.779685
1.0,13,153.810356
-1.0,13,153.853057
-1.0,11,153.876599
1.0,12,153.904517
1.0,15,153.936835
-1.0,14,153.981255
-1.0,7,153.996945
1.0,16,154.039632
-1.0,13,154.077896
-1.0,14,154.116119
-1.0,9,154.136152
1.0,10,154.161512
1.0,12,154.189632
1.0,9,154.21597
-1.0,5,154.229923
1.0,10,154.258588
-1.0,16,154.302788
-1.0,10,154.329518
-1.0,7,154.347147
1.0,11,154.378468
-1.0,8,154.400169
1.0,10,154.428591
1.0,14,154.469185
-1.0,11,154.502989
-1.0,8,154.526053
1.0,14,154.56628
1.0,11,154.594038
-1.0,13,154.626367
-1.0,8,154.645998
1.0,13,154.684346
1.0,14,154.723477
1.0,13,154.757789
-1.0,6,154.773604
1.0,7,154.793094
-1.0,8,154.812814
1.0,15,154.856557
-1.0,9,154.8809
1.0,8,154.903182
-1.0,4,154.914918
1.0,11,154.946841
1.0,10,154.973018
1.0,11,155.005244
-1.0,13,155.040568
-1.0,13,155.11124
-1.0,12,155.144036
1.0,9,155.174001
-1.0,12,155.207121
-1.0,7,155.230894
1.0,12,155.272261
-1.0,4,155.288339
1.0,7,155.30525
1.0,10,155.328951
-1.0,11,155.360445
-1.0,7,155.382664
1.0,9,155.407822
1.0,13,155.442878
1.0,8,155.460973
1.0,12,155.499765
1.0,8,155.522587
-1.0,15,155.560108
1.0,9,155.580634
-1.0,14,155.62129
-1.0,14,155.653765
-1.0,12,155.685564
1.0,12,155.718599
-1.0,8,155.745977
1.0,10,155.776571
-1.0,12,155.806457
1.0,7,155.822025
1.0,9,155.849242
1.0,10,155.875516
1.0,10,155.903811
1.0,11,155.931274
1.0,12,155.966016
-1.0,10,155.995102
1.0,9,156.014855
-1.0,12,156.049073
-1.0,13,156.081009
1.0,14,156.122811
1.0,13,156.160508
1.0,12,156.194829
1.0,8,156.220661
1.0,11,156.251299
1.0,8,156.273992
1.0,11,156.308478
-1.0,7,156.329525
1.0,11,156.361686
-1.0,17,156.405924
-1.0,12,156.440738
1.0,19,156.48879
-1.0,11,156.521764
-1.0,9,156.548431
-1.0,14,156.587493
-1.0,11,156.619503
1.0,9,156.646945
1.0,7,156.66452
1.0,10,156.693359
-1.0,10,156.724651
1.0,13,156.765403
1.0,10,156.785995
1.0,10,156.818362
-1.0,10,156.849783
-1.0,5,156.86257
1.0,10,156.894525
-1.0,7,156.919917
1.0,11,156.96045
-1.0,11,156.994958
1.0,13,157.02825
-1.0,16,157.072258
-1.0,5,157.091681
-1.0,14,157.127191
1.0,7,157.14375
1.0,9,157.167419
1.0,10,157.197003
1.0,13,157.23458
-1.0,16,157.275597
-1.0,7,157.295359
-1.0,12,157.333199
1.0,14,157.363631
-1.0,14,157.400402
1.0,10,157.423638
-1.0,8,157.446438
-1.0,15,157.485551
-1.0,10,157.509925
-1.0,16,157.553827
1.0,7,157.576348
-1.0,19,157.624795
-1.0,12,157.656247
1.0,5,157.670641
-1.0,15,157.718173
-1.0,10,157.747798
1.0,11,157.779979
1.0,16,157.824719
1.0,11,157.860944
-1.0,13,157.892514
-1.0,16,157.961237
1.0,11,157.993783
1.0,10,158.023487
1.0,11,158.049978
-1.0,10,158.07774
1.0,12,158.11188
-1.0,10,158.139941
1.0,11,158.17024
-1.0,9,158.197596
-1.0,5,158.216929
-1.0,12,158.257331
-1.0,8,158.276911
-1.0,11,158.306416
1.0,7,158.325661
1.0,17,158.38175
-1.0,10,158.409698
1.0,10,158.439432
-1.0,8,158.460033
1.0,15,158.502421
-1.0,11,158.529944
-1.0,9,158.551549
1.0,9,158.575288
1.0,12,158.608881
1.0,13,158.641303
1.0,17,158.688443
1.0,17,158.72724
1.0,10,158.758196
1.0,14,158.794733
1.0,12,158.821154
-1.0,13,158.854226
1.0,8,158.880197
1.0,6,158.89643
-1.0,9,158.921054
-1.0,12,158.952703
-1.0,6,158.972392
1.0,14,159.003904
1.0,10,159.029368
1.0,7,159.049203
1.0,9,159.076586
1.0,11,159.113528
1.0,13,159.152486
-1.0,13,159.198117
-1.0,10,159.229958
1.0,9,159.256961
1.0,5,159.273304
1.0,8,159.296786
1.0,11,159.326978
1.0,7,159.341133
1.0,8,159.359442
1.0,6,159.375782
1.0,11,159.408712
-1.0,10,159.440151
1.0,13,159.479461
-1.0,11,159.506492
-1.0,8,159.535117
1.0,13,159.571267
1.0,7,159.589548
1.0,9,159.61187
1.0,13,159.650784
1.0,14,159.688034
1.0,8,159.711234
1.0,10,159.733916
1.0,6,159.750835
-1.0,13,159.788539
1.0,12,159.820013
1.0,5,159.833313
1.0,7,159.856041
-1.0,7,159.874086
-1.0,12,159.909879
-1.0,10,159.939772
1.0,8,159.961334
-1.0,9,159.989594
1.0,14,160.026448
1.0,14,160.066714
-1.0,9,160.098451
1.0,12,160.135522
1.0,10,160.167687
1.0,11,160.197721
1.0,9,160.22307
1.0,12,160.258941
-1.0,13,160.300946
-1.0,18,160.350666
1.0,10,160.383926
1.0,13,160.420267
-1.0,13,160.458049
1.0,14,160.495096
-1.0,7,160.558246
-1.0,9,160.592672
-1.0,5,160.609675
-1.0,16,160.656893
-1.0,13,160.699744
-1.0,7,160.722449
-1.0,10,160.754394
1.0,16,160.802408
1.0,8,160.829744
1.0,13,160.86656
1.0,10,160.890761
-1.0,14,160.933432
1.0,9,160.962118
1.0,15,161.00517
1.0,8,161.028956
1.0,12,161.065278
1.0,11,161.098497
-1.0,12,161.133431
-1.0,10,161.167099
-1.0,14,161.207958
1.0,9,161.23972
1.0,11,161.271914
-1.0,8,161.300335
1.0,14,161.348831
-1.0,12,161.395286
1.0,12,161.447246
1.0,11,161.485685
1.0,9,161.516023
1.0,14,161.559139
1.0,20,161.61184
1.0,5,161.624205
1.0,9,161.648369
-1.0,4,161.66391
1.0,14,161.703772
1.0,13,161.740464
-1.0,15,161.781467
1.0,10,161.811785
1.0,12,161.843187
1.0,14,161.881583
-1.0,5,161.896852
1.0,7,161.918528
-1.0,13,161.950269
-1.0,11,161.977866
1.0,13,162.011096
-1.0,10,162.04201
1.0,8,162.065184
1.0,10,162.093753
1.0,9,162.119251
1.0,10,162.152484
-1.0,8,162.18034
-1.0,11,162.215887
-1.0,13,162.248417
-1.0,7,162.274831
-1.0,8,162.296409
-1.0,10,162.330292
-1.0,11,162.364656
1.0,13,162.403631
-1.0,10,162.429622
1.0,14,162.473755
1.0,12,162.505442
1.0,7,162.527261
-1.0,13,162.561402
-1.0,8,162.581878
1.0,11,162.615788
1.0,7,162.635781
1.0,4,162.644802
1.0,4,162.65433
-1.0,13,162.687253
1.0,11,162.736464
1.0,9,162.76733
1.0,13,162.804378
1.0,11,162.836465
-1.0,8,162.862825
-1.0,15,162.898392
-1.0,8,162.922584
-1.0,9,162.948244
1.0,9,162.978534
1.0,10,163.00553
-1.0,5,163.021055
1.0,9,163.046471
-1.0,9,163.073963
-1.0,13,163.117855
1.0,10,163.14134
-1.0,10,163.167312
1.0,10,163.210968
1.0,10,163.240573
1.0,8,163.270982
-1.0,13,163.306003
1.0,9,163.349435
1.0,8,163.385802
-1.0,15,163.444424
1.0,11,163.477055
-1.0,9,163.505234
1.0,9,163.533011
1.0,8,163.556339
-1.0,13,163.617438
-1.0,9,163.650224
1.0,8,163.671273
-1.0,9,163.698519
-1.0,13,163.745817
-1.0,11,163.791637
1.0,16,163.844508
-1.0,8,163.868577
1.0,8,163.890233
1.0,12,163.932626
-1.0,10,163.96491
1.0,11,163.997418
-1.0,13,164.030573
1.0,13,164.068528
-1.0,14,164.105631
-1.0,11,164.133921
-1.0,18,164.177608
1.0,13,164.211311
-1.0,13,164.245471
-1.0,8,164.27229
1.0,10,164.301599
1.0,11,164.334467
1.0,13,164.373376
1.0,7,164.390713
1.0,13,164.42823
-1.0,10,164.461441
1.0,9,164.491731
1.0,14,164.52915
1.0,8,164.568747
1.0,10,164.611192
1.0,11,164.646148
1.0,11,164.689688
-1.0,14,164.742494
-1.0,8,164.771756
1.0,13,164.802435
1.0,12,164.83374
-1.0,10,164.867144
1.0,8,164.897976
-1.0,11,164.937804
-1.0,12,164.977644
1.0,6,164.995238
-1.0,13,165.029153
-1.0,12,165.063272
1.0,10,165.100459
1.0,9,165.13301
-1.0,10,165.170597
1.0,10,165.202395
1.0,9,165.22759
1.0,13,165.261973
1.0,12,165.308916
1.0,10,165.343062
-1.0,8,165.371574
-1.0,8,165.399545
-1.0,17,165.468265
-1.0,15,165.530793
1.0,9,165.579169
1.0,11,165.613918
-1.0,9,165.640712
-1.0,14,165.681059
-1.0,7,165.704719
-1.0,11,165.745128
-1.0,9,165.774773
1.0,12,165.805412
1.0,8,165.831339
-1.0,5,165.847824
1.0,7,165.873305
1.0,13,165.912714
1.0,10,165.946923
1.0,16,165.998545
1.0,13,166.081345
1.0,9,166.106036
1.0,11,166.142227
1.0,9,166.171659
1.0,9,166.205459
1.0,11,166.238657
-1.0,17,166.286551
1.0,9,166.312168
-1.0,9,166.347544
1.0,10,166.422364
1.0,14,166.473091
1.0,5,166.487347
-1.0,11,166.527023
1.0,5,166.54056
1.0,12,166.568229
1.0,11,166.597434
-1.0,14,166.65136
1.0,9,166.679703
1.0,11,166.733778
1.0,14,166.797227
1.0,8,166.837654
1.0,9,166.875705
1.0,8,166.898886
1.0,10,166.928354
-1.0,10,166.958845
1.0,11,166.987278
-1.0,16,167.02803
1.0,11,167.060901
1.0,14,167.098882
-1.0,9,167.130454
-1.0,17,167.18615
-1.0,8,167.214568
1.0,10,167.242174
1.0,7,167.268188
-1.0,10,167.300218
1.0,13,167.337541
1.0,14,167.375593
-1.0,14,167.417622
-1.0,7,167.442171
1.0,10,167.466576
-1.0,12,167.501414
1.0,11,167.538683
-1.0,11,167.578077
-1.0,10,167.605121
1.0,11,167.643817
1.0,6,167.659518
1.0,11,167.701072
1.0,5,167.723081
1.0,15,167.789582
-1.0,5,167.800334
1.0,9,167.824131
1.0,8,167.847702
1.0,9,167.87686
1.0,9,167.918441
-1.0,13,167.972683
1.0,12,168.005841
1.0,9,168.034693
1.0,7,168.05149
1.0,6,168.06661
1.0,11,168.097198
1.0,6,168.116084
1.0,11,168.147415
1.0,9,168.169338
1.0,13,168.208946
1.0,10,168.24736
1.0,11,168.281121
-1.0,10,168.306107
-1.0,12,168.341354
1.0,10,168.37624
1.0,8,168.399074
-1.0,4,168.411341
1.0,10,168.452517
1.0,11,168.495727
-1.0,11,168.530002
-1.0,10,168.553683
1.0,11,168.582474
1.0,11,168.614796
1.0,8,168.632916
1.0,13,168.665238
1.0,9,168.688672
1.0,13,168.726551
1.0,10,168.75935
-1.0,11,168.795148
-1.0,11,168.825034
1.0,11,168.870013
-1.0,13,168.910851
-1.0,12,168.951748
-1.0,9,168.980136
1.0,13,169.016848
1.0,11,169.047405
-1.0,11,169.078625
1.0,9,169.110901
1.0,9,169.140906
1.0,12,169.178336
1.0,13,169.210441
-1.0,16,169.256866
1.0,13,169.290162
1.0,9,169.313629
-1.0,8,169.341626
-1.0,12,169.391463
-1.0,14,169.482103
-1.0,8,169.502861
1.0,10,169.542517
1.0,11,169.582806
-1.0,14,169.631896
1.0,11,169.684269
1.0,11,169.746278
1.0,12,169.785138
1.0,10,169.83542
1.0,10,169.86629
1.0,11,169.91071
1.0,10,169.935511
1.0,12,169.992484
-1.0,12,170.039443
1.0,9,170.065135
-1.0,17,170.108751
1.0,13,170.153908
1.0,14,170.199813
1.0,10,170.223298
1.0,12,170.261086
1.0,13,170.302684
1.0,11,170.333049
-1.0,15,170.382458
-1.0,7,170.40264
1.0,10,170.447792
1.0,10,170.475014
1.0,8,170.500333
1.0,15,170.571177
-1.0,15,170.643397
1.0,10,170.677142
1.0,9,170.698512
1.0,9,170.719417
1.0,7,170.742857
1.0,10,170.770735
1.0,12,170.80279
1.0,10,170.827206
1.0,8,170.854131
1.0,11,170.900143
1.0,10,170.933031
-1.0,13,170.970686
1.0,13,171.01171
1.0,8,171.031461
1.0,13,171.068023
-1.0,12,171.104944
-1.0,9,171.13348
-1.0,10,171.165064
1.0,8,171.183069
-1.0,11,171.215007
-1.0,10,171.251523
1.0,6,171.270454
1.0,13,171.308361
1.0,4,171.319015
1.0,10,171.352389
1.0,8,171.375984
1.0,14,171.413357
1.0,11,171.449827
1.0,13,171.493243
-1.0,11,171.527033
1.0,11,171.55511
-1.0,6,171.574085
-1.0,15,171.616806
-1.0,11,171.649295
-1.0,8,171.672997
-1.0,16,171.73313
-1.0,11,171.766462
-1.0,13,171.80143
1.0,10,171.8284
-1.0,7,171.858327
1.0,14,171.919132
-1.0,7,171.943234
1.0,6,171.960664
1.0,13,172.000979
-1.0,9,172.038223
-1.0,11,172.073549
-1.0,16,172.173001
-1.0,8,172.198246
-1.0,10,172.240642
1.0,6,172.266246
1.0,6,172.289074
-1.0,11,172.367149
1.0,7,172.400079
1.0,9,172.432949
1.0,11,172.475387
1.0,7,172.50938
-1.0,10,172.606714
1.0,15,172.665237
1.0,8,172.699354
-1.0,12,172.740566
-1.0,11,172.777901
-1.0,15,172.82206
1.0,8,172.843687
1.0,14,172.887666
1.0,11,172.916478
-1.0,8,172.940844
1.0,9,172.978177
1.0,13,173.019094
1.0,12,173.08798
1.0,13,173.196997
1.0,8,173.236704
-1.0,12,173.279574
-1.0,15,173.348498
1.0,10,173.413338
-1.0,15,173.484852
1.0,9,173.51202
1.0,10,173.548379
1.0,10,173.577739
1.0,10,173.609903
1.0,10,173.636662
-1.0,5,173.657148
1.0,10,173.684628
1.0,9,173.70782
1.0,5,173.723221
1.0,4,173.737348
1.0,10,173.779545
1.0,4,173.793147
-1.0,14,173.840905
1.0,10,173.885913
1.0,11,173.918139
1.0,8,173.95076
1.0,7,173.980428
-1.0,9,174.013354
-1.0,9,174.040313
-1.0,15,174.089932
1.0,13,174.11974
1.0,10,174.155226
1.0,14,174.191197
1.0,13,174.262189
1.0,13,174.33741
1.0,9,174.364891
1.0,8,174.404707
1.0,16,174.488523
1.0,14,174.521721
1.0,7,174.542516
1.0,11,174.576672
-1.0,17,174.652617
1.0,13,174.731973
1.0,10,174.761261
-1.0,9,174.786286
-1.0,10,174.811558
1.0,8,174.835658
1.0,17,174.886994
1.0,8,174.907094
1.0,12,174.939083
1.0,7,174.965869
-1.0,11,175.007679
-1.0,9,175.030328
1.0,5,175.046079
1.0,5,175.059713
-1.0,9,175.088992
1.0,9,175.127713
1.0,8,175.16019
-1.0,13,175.200747
-1.0,10,175.239894
1.0,13,175.291394
1.0,8,175.315078
1.0,9,175.35108
-1.0,16,175.407705
-1.0,15,175.463922
1.0,8,175.490788
-1.0,10,175.522108
-1.0,10,175.570387
-1.0,4,175.584112
1.0,12,175.619518
-1.0,18,175.668555
-1.0,5,175.687071
1.0,12,175.722162
1.0,11,175.771346
1.0,10,175.835507
-1.0,6,175.880125
1.0,9,175.925
-1.0,15,175.988741
1.0,7,176.022929
-1.0,10,176.059585
1.0,7,176.081878
1.0,14,176.133067
-1.0,19,176.19576
-1.0,10,176.241611
1.0,7,176.278854
1.0,8,176.340894
-1.0,9,176.386599
1.0,10,176.432395
-1.0,17,176.503247
-1.0,11,176.548035
1.0,13,176.608824
-1.0,8,176.635499
1.0,13,176.667562
-1.0,10,176.692037
1.0,10,176.72155
1.0,13,176.757336
-1.0,17,176.805377
1.0,10,176.835504
-1.0,10,176.861948
-1.0,11,176.898122
1.0,16,176.94539
1.0,11,176.973708
-1.0,6,176.989476
1.0,10,177.019547
-1.0,8,177.040404
1.0,7,177.058526
1.0,6,177.074721
1.0,11,177.106847
-1.0,13,177.145769
-1.0,7,177.166089
1.0,14,177.200522
1.0,15,177.241924
-1.0,12,177.275402
1.0,9,177.298551
1.0,12,177.334257
1.0,13,177.416578
1.0,15,177.455642
1.0,17,177.499923
1.0,8,177.522807
1.0,13,177.564746
1.0,11,177.598361
1.0,14,177.632578
1.0,9,177.658569
1.0,6,177.683216
1.0,8,177.705827
1.0,13,177.741226
1.0,10,177.773849
1.0,9,177.808475
1.0,14,177.854467
-1.0,8,177.876171
-1.0,11,177.908861
1.0,9,177.936339
-1.0,13,177.977776
-1.0,8,178.00263
1.0,10,178.025665
1.0,17,178.075512
1.0,9,178.098895
1.0,11,178.126867
1.0,10,178.151084
1.0,9,178.175395
1.0,7,178.197146
1.0,6,178.211429
1.0,12,178.238908
-1.0,5,178.257138
1.0,6,178.271269
1.0,8,178.293761
-1.0,7,178.315683
-1.0,15,178.359522
1.0,12,178.39684
1.0,12,178.432233
1.0,10,178.458853
-1.0,11,178.493762
1.0,7,178.514326
1.0,13,178.549277
-1.0,15,178.591864
1.0,10,178.626471
1.0,8,178.649583
1.0,11,178.676483
-1.0,8,178.698625
1.0,10,178.724033
1.0,10,178.750147
1.0,7,178.769842
1.0,11,178.796277
1.0,16,178.84169
-1.0,17,178.888436
1.0,11,178.915239
-1.0,5,178.928748
-1.0,7,178.9474
-1.0,9,178.97454
1.0,8,179.000612
-1.0,9,179.026685
1.0,11,179.060736
1.0,12,179.093001
1.0,9,179.115016
1.0,8,179.134292
-1.0,13,179.174856
-1.0,6,179.192064
-1.0,9,179.216995
1.0,9,179.240102
1.0,13,179.275942
-1.0,13,179.311533
1.0,5,179.325394
1.0,14,179.363566
1.0,6,179.384435
1.0,9,179.413022
-1.0,10,179.441123
1.0,7,179.459523
-1.0,12,179.501374
-1.0,13,179.540343
1.0,8,179.561779
-1.0,11,179.635239
1.0,10,179.671766
-1.0,7,179.691784
-1.0,10,179.721611
-1.0,14,179.758769
1.0,12,179.795728
1.0,12,179.827601
1.0,11,179.862223
1.0,10,179.89356
-1.0,11,179.930107
-1.0,14,179.96849
1.0,9,179.993279
-1.0,17,180.049416
1.0,12,180.093297
1.0,14,180.136665
1.0,13,180.177422
-1.0,17,180.265985
-1.0,8,180.295224
-1.0,13,180.337094
-1.0,11,180.370756
1.0,4,180.383105
1.0,11,180.420588
1.0,12,180.459013
1.0,13,180.502022
1.0,9,180.53529
1.0,10,180.565782
1.0,14,180.601836
1.0,12,180.637122
1.0,4,180.647978
1.0,7,180.676122
1.0,14,180.717688
1.0,11,180.75362
1.0,13,180.793998
1.0,10,180.827811
-1.0,13,180.864335
-1.0,15,180.918599
1.0,8,180.943567
1.0,10,180.978349
1.0,10,181.005587
1.0,9,181.029361
1.0,9,181.057414
1.0,11,181.093327
-1.0,15,181.155569
1.0,5,181.176674
-1.0,7,181.206485
-1.0,7,181.236108
1.0,4,181.250154
1.0,6,181.272818
-1.0,14,181.319137
-1.0,13,181.364908
-1.0,11,181.396943
1.0,9,181.429797
1.0,7,181.45163
1.0,11,181.493326
1.0,12,181.526594
1.0,8,181.550886
1.0,6,181.570254
-1.0,15,181.613151
1.0,12,181.647868
-1.0,6,181.670479
1.0,8,181.698304
-1.0,14,181.779147
-1.0,11,181.817193
1.0,10,181.850492
1.0,10,181.87406
1.0,10,181.907484
1.0,10,181.934526
1.0,7,181.955924
-1.0,13,181.992513
-1.0,12,182.030916
1.0,14,182.079927
1.0,8,182.106222
1.0,7,182.125035
1.0,9,182.158126
1.0,8,182.183773
-1.0,14,182.222746
-1.0,9,182.250525
1.0,5,182.269889
-1.0,14,182.316746
1.0,7,182.339876
1.0,11,182.375006
1.0,10,182.408091
-1.0,10,182.440366
-1.0,9,182.467385
1.0,7,182.491086
-1.0,18,182.542018
1.0,12,182.575436
1.0,11,182.607137
1.0,5,182.622745
-1.0,14,182.667825
-1.0,10,182.700383
1.0,11,182.730299
1.0,12,182.766323
1.0,7,182.794307
1.0,11,182.830051
-1.0,19,182.885478
1.0,9,182.91074
1.0,11,182.944392
1.0,8,182.965472
1.0,14,183.006988
1.0,7,183.026219
1.0,10,183.060107
1.0,7,183.084556
1.0,14,183.124929
1.0,5,183.1372
-1.0,16,183.191453
1.0,12,183.226323
1.0,7,183.25114
1.0,9,183.280712
-1.0,8,183.305826
1.0,8,183.333184
-1.0,9,183.361717
1.0,6,183.379125
1.0,15,183.423694
1.0,6,183.442542
1.0,16,183.487747
-1.0,12,183.521515
1.0,11,183.557998
1.0,14,183.602906
1.0,8,183.624581
1.0,9,183.652012
1.0,13,183.690978
-1.0,13,183.729154
1.0,12,183.767443
-1.0,4,183.77892
1.0,9,183.807348
-1.0,12,183.847587
-1.0,17,183.891463
1.0,10,183.921551
1.0,14,183.970819
1.0,6,183.986373
1.0,12,184.018821
-1.0,10,184.05002
-1.0,4,184.066764
1.0,12,184.099648
1.0,11,184.138297
1.0,9,184.166655
1.0,11,184.241532
1.0,9,184.288909
-1.0,10,184.329541
-1.0,6,184.350925
1.0,11,184.386899
1.0,12,184.425014
1.0,13,184.459884
1.0,10,184.488925
1.0,8,184.518336
-1.0,5,184.535438
-1.0,12,184.579058
1.0,14,184.621809
1.0,9,184.652232
1.0,8,184.67812
1.0,13,184.720673
1.0,9,184.748548
1.0,6,184.770065
1.0,14,184.817658
1.0,8,184.843901
-1.0,15,184.889424
-1.0,10,184.922476
1.0,10,184.953964
1.0,13,184.999466
1.0,13,185.043881
1.0,15,185.098856
1.0,4,185.113714
1.0,9,185.148209
1.0,15,185.198021
1.0,7,185.225529
1.0,10,185.270406
1.0,6,185.296468
-1.0,7,185.3238
1.0,8,185.362738
1.0,10,185.406997
1.0,9,185.444624
1.0,17,185.506539
1.0,12,185.552851
-1.0,6,185.578367
1.0,6,185.598179
1.0,11,185.638478
1.0,7,185.669703
1.0,15,185.718682
1.0,7,185.739397
1.0,8,185.766804
-1.0,11,185.814886
1.0,12,185.859474
1.0,11,185.89979
1.0,8,185.932674
1.0,9,185.969535
1.0,10,186.010475
1.0,9,186.038322
1.0,10,186.073686
1.0,8,186.109227
-1.0,6,186.132811
1.0,7,186.160293
1.0,6,186.205064
1.0,12,186.315392
-1.0,6,186.35726
1.0,13,186.42177
1.0,15,186.501036
1.0,15,186.572832
1.0,5,186.595569
-1.0,16,186.735802
1.0,11,186.795784
-1.0,12,186.872087
1.0,10,186.922789
-1.0,12,186.975711
-1.0,13,187.030046
1.0,6,187.063628
-1.0,15,187.112978
1.0,12,187.168813
-1.0,17,187.25613
1.0,8,187.300325
-1.0,11,187.365195
1.0,12,187.430095
1.0,8,187.472365
1.0,14,187.554945
-1.0,11,187.616854
1.0,10,187.656893
1.0,12,187.706275
1.0,14,187.768939
1.0,8,187.80195
-1.0,9,187.84389
1.0,5,187.863644
1.0,5,187.888706
1.0,12,187.939165
1.0,11,187.985526
1.0,11,188.03316
1.0,8,188.068599
-1.0,9,188.102787
1.0,8,188.131475
1.0,4,188.147767
1.0,7,188.18169
1.0,5,188.200239
1.0,15,188.268085
1.0,13,188.327355
-1.0,12,188.382187
-1.0,16,188.439916
-1.0,8,188.469756
1.0,5,188.48734
1.0,10,188.535058
-1.0,7,188.566514
1.0,12,188.617226
1.0,11,188.666677
-1.0,13,188.728452
1.0,8,188.763781
1.0,7,188.790238
1.0,15,188.866052
1.0,8,188.903658
-1.0,10,188.950769
1.0,7,188.977437
1.0,8,189.010839
-1.0,11,189.064062
-1.0,12,189.1157
-1.0,6,189.140959
1.0,11,189.18607
1.0,12,189.245215
-1.0,8,189.283278
1.0,15,189.345215
1.0,7,189.374616
1.0,8,189.412477
-1.0,11,189.464648
1.0,11,189.514018
-1.0,11,189.574279
1.0,14,189.649366
1.0,11,189.729354
-1.0,9,189.798554
1.0,10,189.851248
-1.0,9,189.907362
1.0,9,189.962069
1.0,10,190.015883
1.0,10,190.068489
-1.0,9,190.118936
1.0,4,190.136562
1.0,5,190.159741
1.0,10,190.218011
-1.0,10,190.272571
1.0,16,190.351175
-1.0,14,190.417266
1.0,6,190.447365
-1.0,14,190.533995
1.0,12,190.593644
1.0,12,190.652503
1.0,12,190.71492
-1.0,9,190.761539
1.0,9,190.804643
-1.0,17,190.883365
-1.0,7,190.919941
1.0,4,190.944599
1.0,10,190.992661
1.0,4,191.01046
1.0,10,191.056299
-1.0,4,191.084194
-1.0,16,191.157163
-1.0,7,191.233641
-1.0,6,191.294359
-1.0,11,191.424025
-1.0,7,191.50179
1.0,8,191.58744
1.0,11,191.696756
1.0,11,191.796128
-1.0,14,191.930584
1.0,6,191.985966
1.0,9,192.078555
1.0,9,192.177183
1.0,14,192.305551
1.0,16,192.458723
1.0,6,192.520576
1.0,10,192.633896
-1.0,8,192.716169
-1.0,15,192.852693
-1.0,7,192.920318
-1.0,4,192.96854
1.0,11,193.077649
1.0,12,193.192576
-1.0,12,193.297796
1.0,9,193.464017
-1.0,5,193.523601
-1.0,13,193.667222
-1.0,11,193.779106
1.0,11,193.874999
1.0,8,193.955997
1.0,13,194.087214
-1.0,8,194.166219
1.0,4,194.217746
-1.0,18,194.397743
1.0,8,194.48474
-1.0,10,194.568952
1.0,4,194.616209
-1.0,7,194.684202
1.0,11,194.795635
1.0,7,194.850383
1.0,6,194.923418
-1.0,14,195.049357
1.0,10,195.148271
-1.0,13,195.267216
1.0,7,195.351916
1.0,11,195.466347
1.0,12,195.593966
1.0,6,195.653002
1.0,14,195.806064
1.0,9,195.895746
1.0,9,195.980752
1.0,12,196.084171
1.0,8,196.177035
1.0,4,196.215862
1.0,9,196.298892
1.0,15,196.433528
1.0,4,196.482126
-1.0,5,196.531108
1.0,5,196.586743
-1.0,11,196.693981
-1.0,9,196.796425
1.0,10,196.890591
1.0,11,196.992506
1.0,12,197.112825
-1.0,10,197.228636
1.0,12,197.395167
-1.0,8,197.486022
1.0,7,197.551144
-1.0,15,197.719575
1.0,13,197.842983
1.0,10,197.939852
1.0,8,198.025857
1.0,11,198.146022
1.0,9,198.241525
1.0,8,198.31761
1.0,7,198.379428
1.0,4,198.42838
1.0,15,198.58416
1.0,6,198.6454
1.0,10,198.734926
1.0,9,198.832006
1.0,4,198.870822
1.0,7,198.938071
1.0,9,199.017826
1.0,8,199.108532
1.0,9,199.198279
1.0,14,199.327685
-1.0,10,199.436821
1.0,11,199.561005
1.0,9,199.674332
-1.0,11,199.7796
1.0,6,199.834363
1.0,9,199.931125
-1.0,9,200.017133
1.0,16,200.1692
-1.0,13,200.29354
1.0,4,200.343377
1.0,11,200.446619
1.0,9,200.542039
1.0,8,200.618556
1.0,12,200.729339
-1.0,9,200.818732
1.0,17,200.96566
1.0,5,201.014797
1.0,15,201.169343
1.0,8,201.248105
-1.0,11,201.356994
1.0,12,201.4615
-1.0,9,201.559978
1.0,10,201.662308
-1.0,10,201.757856
1.0,10,201.871172
1.0,5,202.003614
1.0,11,202.097135
1.0,11,202.197258
-1.0,8,202.280388
-1.0,17,202.439437
1.0,6,202.501124
1.0,11,202.613938
1.0,9,202.690882
1.0,11,202.804098
1.0,7,202.874683
1.0,7,202.933896
-1.0,11,203.057893
-1.0,11,203.183393
1.0,15,203.327095
-1.0,7,203.401231
-1.0,19,203.569257
1.0,10,203.684324
1.0,8,203.763994
1.0,11,203.86595
1.0,10,203.965319
1.0,12,204.086927
-1.0,12,204.196062
-1.0,19,204.361581
1.0,18,204.518172
1.0,10,204.621686
1.0,7,204.685972
1.0,13,204.821009
-1.0,16,204.971149
1.0,12,205.09498
1.0,14,205.227185
1.0,10,205.331561
1.0,11,205.429464
1.0,13,205.575395
-1.0,6,205.634095
-1.0,12,205.745554
1.0,9,205.826571
-1.0,12,205.944907
1.0,12,206.062182
-1.0,7,206.135709
-1.0,11,206.260216
1.0,12,206.449784
1.0,16,206.592503
1.0,14,206.729686
-1.0,11,206.840275
1.0,10,206.958602
-1.0,10,207.048617
-1.0,10,207.158798
1.0,4,207.198921
1.0,8,207.301133
1.0,7,207.364862
1.0,13,207.506336
1.0,13,207.651539
1.0,10,207.742954
1.0,14,207.860906
1.0,12,207.97284
-1.0,12,208.09518
1.0,7,208.174121
1.0,8,208.254144
1.0,5,208.294341
-1.0,11,208.409956
-1.0,7,208.491915
1.0,16,208.645669
-1.0,12,208.755057
-1.0,10,208.861152
1.0,10,208.967564
1.0,7,209.040165
1.0,11,209.140196
1.0,5,209.185439
-1.0,10,209.296969
1.0,5,209.336758
-1.0,11,209.442657
-1.0,8,209.516842
1.0,5,209.574448
1.0,6,209.630161
1.0,7,209.700553
1.0,6,209.759355
1.0,8,209.841595
1.0,11,209.941401
1.0,10,210.031821
1.0,9,210.125103
1.0,9,210.218025
1.0,17,210.400875
1.0,12,210.594182
-1.0,7,210.656732
1.0,13,210.800121
-1.0,10,210.887085
1.0,14,211.016042
1.0,7,211.075612
-1.0,7,211.163224
1.0,8,211.24877
-1.0,4,211.290792
1.0,8,211.365359
-1.0,13,211.506132
-1.0,13,211.631098
-1.0,11,211.732017
1.0,6,211.7911
1.0,10,211.896089
-1.0,8,211.974974
-1.0,9,212.067804
-1.0,15,212.201698
1.0,8,212.286111
-1.0,14,212.428028
1.0,12,212.517938
1.0,10,212.545865
1.0,6,212.574095
1.0,7,212.596452
-1.0,12,212.630964
-1.0,13,212.669374
1.0,10,212.697623
1.0,16,212.739426
-1.0,8,212.763812
1.0,14,212.807601
1.0,13,212.847456
1.0,7,212.872922
1.0,10,212.909537
-1.0,11,212.949968
-1.0,16,213.001401
1.0,10,213.031327
1.0,10,213.061489
1.0,9,213.090496
-1.0,9,213.127925
1.0,12,213.171902
-1.0,12,213.207992
-1.0,10,213.240361
1.0,10,213.275447
-1.0,13,213.309135
1.0,8,213.338326
-1.0,6,213.355553
1.0,9,213.402045
1.0,10,213.441682
1.0,6,213.46146
1.0,10,213.492522
-1.0,11,213.536967
1.0,5,213.55369
1.0,11,213.591592
-1.0,10,213.677167
1.0,8,213.709778
-1.0,14,213.757269
-1.0,10,213.786864
1.0,11,213.820931
1.0,6,213.846221
1.0,7,213.865518
1.0,11,213.90094
-1.0,16,213.948654
-1.0,15,214.001647
-1.0,11,214.035419
1.0,9,214.063197
-1.0,11,214.094667
1.0,6,214.116721
1.0,11,214.152007
1.0,9,214.175892
1.0,9,214.202913
-1.0,16,214.249794
-1.0,12,214.283098
1.0,8,214.307256
1.0,10,214.336841
1.0,9,214.3662
1.0,5,214.382035
1.0,12,214.425206
-1.0,8,214.450016
-1.0,15,214.497393
-1.0,6,214.517746
1.0,9,214.542161
1.0,8,214.566759
1.0,15,214.619913
-1.0,10,214.650791
-1.0,6,214.673665
1.0,13,214.714811
1.0,15,214.761898
-1.0,4,214.774372
1.0,12,214.808573
1.0,14,214.851293
1.0,9,214.883276
1.0,15,214.929641
-1.0,13,214.970526
-1.0,11,215.005695
-1.0,12,215.04671
1.0,11,215.079936
1.0,6,215.09765
1.0,10,215.128643
1.0,12,215.169178
1.0,14,215.208485
1.0,8,215.234795
1.0,10,215.269207
-1.0,12,215.303153
1.0,5,215.316454
1.0,10,215.349078
1.0,10,215.379046
-1.0,15,215.426085
1.0,6,215.444278
1.0,12,215.483193
1.0,7,215.50711
1.0,7,215.536346
1.0,11,215.569596
-1.0,8,215.592882
1.0,16,215.639922
1.0,9,215.666193
1.0,7,215.687563
-1.0,10,215.717509
1.0,10,215.748198
1.0,13,215.79156
1.0,12,215.828808
-1.0,10,215.858957
1.0,10,215.890382
-1.0,15,215.981226
1.0,10,216.016267
1.0,17,216.067916
1.0,11,216.103086
-1.0,12,216.145559
1.0,13,216.182099
1.0,5,216.194739
-1.0,12,216.23213
1.0,9,216.26623
1.0,8,216.291625
1.0,11,216.329186
-1.0,12,216.367084
-1.0,12,216.402
-1.0,17,216.451356
1.0,7,216.473819
1.0,10,216.505
1.0,9,216.535192
-1.0,11,216.566495
1.0,8,216.591796
1.0,13,216.635315
1.0,12,216.674694
1.0,6,216.695168
1.0,11,216.730187
1.0,5,216.742516
1.0,13,216.781642
-1.0,10,216.8184
1.0,12,216.851837
1.0,7,216.869252
1.0,4,216.885904
1.0,10,216.916415
1.0,4,216.926078
-1.0,9,216.951517
1.0,9,216.979446
1.0,11,217.014552
1.0,10,217.051531
1.0,7,217.075368
1.0,9,217.117736
1.0,7,217.13993
-1.0,9,217.173305
1.0,10,217.203853
1.0,11,217.243419
1.0,11,217.279205
-1.0,10,217.308764
-1.0,17,217.361811
1.0,12,217.410472
1.0,8,217.435321
-1.0,7,217.457603
-1.0,14,217.499394
1.0,10,217.529895
1.0,9,217.558129
1.0,16,217.610453
1.0,12,217.645593
-1.0,10,217.686893
1.0,13,217.72436
1.0,10,217.754703
1.0,7,217.771936
1.0,16,217.831841
1.0,12,217.871983
1.0,5,217.889938
1.0,16,217.946706
1.0,8,217.975298
1.0,9,218.008976
1.0,6,218.026588
1.0,13,218.077124
-1.0,6,218.106153
1.0,9,218.144391
1.0,7,218.16801
1.0,11,218.204171
1.0,9,218.239068
1.0,8,218.268445
-1.0,13,218.308113
-1.0,8,218.331482
1.0,12,218.370864
1.0,14,218.416801
-1.0,9,218.444166
1.0,11,218.482266
1.0,15,218.531557
1.0,11,218.562541
1.0,8,218.585071
1.0,12,218.623719
1.0,12,218.663003
1.0,7,218.685102
1.0,12,218.720369
1.0,7,218.74118
1.0,15,218.792751
1.0,8,218.819714
1.0,9,218.848214
1.0,11,218.881687
1.0,6,218.902855
1.0,9,218.925231
1.0,10,218.954457
1.0,6,218.972207
1.0,5,218.992059
-1.0,8,219.017299
1.0,9,219.045499
-1.0,11,219.080718
1.0,10,219.118419
1.0,5,219.133123
1.0,5,219.150018
1.0,10,219.18101
1.0,8,219.211529
1.0,8,219.239983
-1.0,7,219.266068
-1.0,11,219.300105
1.0,7,219.326599
-1.0,8,219.353228
-1.0,4,219.367039
1.0,7,219.392829
1.0,9,219.423352
1.0,8,219.447574
-1.0,7,219.471157
1.0,12,219.508596
1.0,16,219.557285
-1.0,12,219.593818
1.0,8,219.61817
1.0,12,219.655301
1.0,7,219.683429
-1.0,9,219.711722
1.0,11,219.743537
-1.0,14,219.783697
1.0,17,219.839067
1.0,9,219.864008
1.0,10,219.892589
1.0,9,219.920274
-1.0,14,219.963385
-1.0,10,219.993131
1.0,8,220.019195
-1.0,13,220.064556
1.0,8,220.092228
-1.0,7,220.118397
1.0,10,220.15167
1.0,10,220.184926
-1.0,8,220.217012
1.0,8,220.245239
1.0,11,220.276239
1.0,14,220.322915
1.0,9,220.354133
-1.0,7,220.380792
-1.0,4,220.396583
1.0,8,220.425373
1.0,9,220.460212
-1.0,7,220.484538
1.0,10,220.514729
1.0,11,220.546145
1.0,11,220.58331
-1.0,9,220.60716
1.0,12,220.644257
1.0,9,220.67103
-1.0,12,220.711649
1.0,7,220.732809
1.0,14,220.777966
1.0,6,220.792554
1.0,10,220.823343
1.0,7,220.842146
-1.0,18,220.900816
1.0,7,220.924313
1.0,10,220.957099
1.0,13,220.997973
1.0,12,221.030089
1.0,14,221.070868
-1.0,9,221.099483
1.0,12,221.137539
-1.0,13,221.172053
-1.0,9,221.199727
1.0,6,221.222191
1.0,13,221.260447
1.0,7,221.281735
1.0,9,221.305828
1.0,8,221.335761
1.0,9,221.362623
1.0,9,221.38812
-1.0,17,221.436486
1.0,11,221.476053
-1.0,11,221.513525
1.0,12,221.552453
1.0,12,221.587862
1.0,12,221.626302
1.0,6,221.641614
1.0,13,221.679971
-1.0,8,221.705428
-1.0,10,221.738817
1.0,9,221.767455
1.0,12,221.801479
-1.0,5,221.816911
1.0,12,221.855553
-1.0,10,221.88983
-1.0,5,221.91099
1.0,7,221.997075
1.0,7,222.030979
-1.0,8,222.053157
1.0,8,222.075365
-1.0,9,222.105474
1.0,15,222.156601
1.0,10,222.180479
1.0,8,222.204324
1.0,16,222.251629
1.0,9,222.282721
1.0,6,222.304437
1.0,11,222.352846
1.0,13,222.411394
-1.0,13,222.467165
1.0,10,222.497806
1.0,7,222.51671
1.0,10,222.551942
1.0,11,222.592654
-1.0,14,222.631212
1.0,9,222.671463
1.0,6,222.713688
-1.0,6,222.75016
1.0,15,222.795282
1.0,8,222.828421
1.0,9,222.877859
1.0,7,222.933951
-1.0,7,222.978039
1.0,12,223.029369
1.0,10,223.060344
-1.0,9,223.107644
-1.0,11,223.142798
1.0,5,223.161398
-1.0,19,223.210326
1.0,10,223.240778
1.0,14,223.281729
-1.0,11,223.3128
-1.0,8,223.333565
-1.0,5,223.349437
1.0,16,223.397836
-1.0,9,223.433145
1.0,15,223.470542
1.0,12,223.511818
1.0,5,223.532814
1.0,11,223.583101
1.0,15,223.663661
-1.0,8,223.728672
1.0,12,223.76977
1.0,10,223.805164
1.0,18,223.862545
1.0,11,223.907573
-1.0,10,223.967887
1.0,11,224.025531
-1.0,16,224.100081
1.0,14,224.192159
1.0,8,224.229623
1.0,11,224.273277
1.0,16,224.336756
-1.0,6,224.359655
1.0,5,224.372547
1.0,6,224.389892
1.0,10,224.419967
1.0,13,224.461689
-1.0,11,224.505701
1.0,9,224.532641
-1.0,7,224.600216
1.0,15,224.643206
1.0,11,224.676399
-1.0,10,224.70323
1.0,12,224.743851
1.0,8,224.766854
-1.0,12,224.807654
1.0,15,224.856751
1.0,7,224.877839
-1.0,12,224.922643
1.0,8,224.945853
1.0,9,224.969426
1.0,11,225.002879
-1.0,9,225.03422
1.0,13,225.06913
1.0,13,225.120654
1.0,10,225.152362
1.0,13,225.198619
1.0,10,225.239877
1.0,15,225.280051
-1.0,11,225.316456
1.0,10,225.348033
-1.0,9,225.373898
-1.0,11,225.410747
1.0,9,225.450119
1.0,8,225.482716
-1.0,4,225.498664
1.0,8,225.526659
1.0,8,225.552366
-1.0,19,225.608543
-1.0,6,225.625825
1.0,11,225.659599
1.0,8,225.689767
1.0,6,225.712569
1.0,10,225.751377
-1.0,14,225.814563
-1.0,20,225.883276
1.0,9,225.93511
1.0,11,225.981978
-1.0,7,226.00719
-1.0,7,226.02878
1.0,6,226.053526
1.0,9,226.09266
1.0,10,226.126721
1.0,12,226.180615
-1.0,9,226.227978
1.0,12,226.263978
-1.0,9,226.294832
-1.0,13,226.332376
1.0,6,226.354366
1.0,12,226.404103
1.0,13,226.451051
1.0,8,226.504174
-1.0,12,226.554843
1.0,9,226.59041
1.0,10,226.626253
-1.0,7,226.649749
-1.0,14,226.710427
-1.0,13,226.766046
1.0,13,226.817475
1.0,7,226.838756
1.0,8,226.866238
1.0,8,226.89254
-1.0,15,226.941678
-1.0,5,226.954547
1.0,5,226.973921
1.0,6,226.998885
1.0,17,227.04702
1.0,10,227.073362
1.0,9,227.104188
1.0,7,227.125385
1.0,14,227.176219
-1.0,8,227.201361
1.0,9,227.27301
-1.0,8,227.302489
-1.0,7,227.322309
1.0,8,227.345095
1.0,10,227.382388
-1.0,11,227.427227
-1.0,8,227.450486
1.0,9,227.480716
-1.0,8,227.530712
1.0,11,227.605165
1.0,10,227.671137
1.0,11,227.708317
-1.0,10,227.743797
-1.0,14,227.80177
1.0,15,227.879468
1.0,7,227.897257
1.0,7,227.925135
1.0,9,227.960422
1.0,4,227.980847
1.0,9,228.046772
-1.0,14,228.145428
1.0,13,228.202698
-1.0,18,228.277311
-1.0,11,228.311499
1.0,12,228.352584
1.0,11,228.389863
1.0,14,228.439208
-1.0,14,228.488759
1.0,10,228.525841
-1.0,12,228.560232
-1.0,9,228.588889
1.0,9,228.663091
1.0,7,228.688715
-1.0,12,228.727121
1.0,10,228.757179
-1.0,15,228.800344
1.0,9,228.829916
-1.0,9,228.858434
-1.0,7,228.880759
1.0,8,228.907865
-1.0,15,228.961207
1.0,7,228.987307
1.0,5,229.007449
1.0,18,229.071339
1.0,13,229.113766
1.0,10,229.143211
1.0,8,229.165758
-1.0,13,229.206146
1.0,10,229.241199
1.0,12,229.280416
1.0,5,229.302715
-1.0,12,229.348225
1.0,9,229.38188
1.0,7,229.405896
1.0,12,229.442677
1.0,11,229.475231
1.0,5,229.493061
1.0,14,229.530911
-1.0,18,229.591515
-1.0,10,229.62357
1.0,8,229.649099
-1.0,11,229.681479
-1.0,7,229.709832
1.0,11,229.744861
-1.0,16,229.804986
-1.0,10,229.847979
1.0,6,229.865248
1.0,12,229.921211
-1.0,9,229.988147
1.0,8,230.038458
1.0,7,230.071284
1.0,14,230.116778
1.0,9,230.166821
-1.0,9,230.208652
-1.0,6,230.228938
-1.0,14,230.311781
-1.0,8,230.381014
1.0,15,230.429799
1.0,8,230.455359
1.0,10,230.485311
-1.0,16,230.539134
1.0,11,230.572602
1.0,11,230.607254
1.0,6,230.623945
-1.0,10,230.659836
1.0,7,230.676075
-1.0,18,230.724028
1.0,7,230.743683
1.0,14,230.789643
1.0,8,230.816397
1.0,16,230.861788
1.0,13,230.900321
1.0,6,230.925716
-1.0,7,230.950956
1.0,11,230.986073
1.0,12,231.021193
1.0,10,231.059515
-1.0,6,231.07619
1.0,12,231.109716
1.0,4,231.122322
1.0,7,231.148376
1.0,7,231.222456
1.0,14,231.265507
1.0,7,231.289083
1.0,14,231.337892
-1.0,15,231.385518
1.0,8,231.406953
1.0,10,231.438349
-1.0,8,231.466989
1.0,7,231.488869
1.0,10,231.520056
1.0,12,231.556573
1.0,7,231.580451
-1.0,10,231.60854
1.0,8,231.633898
1.0,7,231.658228
1.0,14,231.697356
1.0,8,231.718095
1.0,6,231.73418
1.0,8,231.757595
1.0,16,231.807755
1.0,9,231.834342
1.0,10,231.866933
1.0,15,231.908129
1.0,8,231.93754
-1.0,15,231.976989
-1.0,15,232.017804
1.0,8,232.042537
1.0,11,232.080737
1.0,13,232.120373
-1.0,11,232.150587
1.0,9,232.174396
1.0,12,232.215254
-1.0,10,232.242429
-1.0,10,232.271644
1.0,17,232.316192
1.0,16,232.366402
-1.0,14,232.409564
1.0,7,232.434169
-1.0,11,232.466394
1.0,13,232.511385
1.0,9,232.54072
1.0,12,232.577953
1.0,12,232.613664
-1.0,11,232.649226
1.0,7,232.668972
-1.0,15,232.713426
1.0,10,232.739949
1.0,16,232.785105
-1.0,11,232.814691
1.0,8,232.837451
1.0,12,232.877013
1.0,14,232.925529
1.0,14,232.965714
-1.0,9,232.994822
1.0,10,233.018745
1.0,8,233.047817
-1.0,5,233.062261
1.0,7,233.080966
-1.0,10,233.111976
1.0,8,233.142767
1.0,13,233.181877
1.0,10,233.211419
1.0,12,233.242507
-1.0,17,233.295242
1.0,11,233.325135
-1.0,9,233.352968
1.0,10,233.381104
1.0,12,233.421712
-1.0,12,233.455805
-1.0,12,233.491735
-1.0,7,233.515734
-1.0,17,233.566064
1.0,10,233.599618
1.0,12,233.639395
-1.0,9,233.667524
-1.0,16,233.715358
1.0,6,233.734312
1.0,14,233.776545
-1.0,11,233.811594
-1.0,5,233.831803
1.0,6,233.848556
1.0,10,233.920751
-1.0,4,233.931552
-1.0,10,233.965949
-1.0,10,233.998682
1.0,9,234.025763
-1.0,8,234.048875
1.0,9,234.077839
-1.0,9,234.105814
-1.0,12,234.141764
-1.0,12,234.185112
1.0,12,234.224549
1.0,8,234.244308
-1.0,12,234.277605
-1.0,10,234.305075
1.0,9,234.335747
1.0,8,234.359291
1.0,8,234.384566
-1.0,5,234.404082
1.0,16,234.452224
1.0,13,234.48864
-1.0,13,234.524941
-1.0,10,234.557925
1.0,12,234.591478
-1.0,10,234.619818
1.0,11,234.649369
1.0,9,234.674388
-1.0,11,234.710792
1.0,14,234.742661
-1.0,7,234.766064
1.0,10,234.799967
1.0,9,234.829782
1.0,9,234.855459
1.0,11,234.890788
-1.0,16,234.936828
1.0,8,234.965344
-1.0,13,235.000378
1.0,6,235.019439
-1.0,10,235.050528
1.0,6,235.070699
1.0,9,235.095535
1.0,7,235.114821
1.0,11,235.141749
-1.0,12,235.184276
-1.0,9,235.212938
1.0,10,235.240431
-1.0,18,235.287584
1.0,11,235.321275
1.0,16,235.36566
-1.0,15,235.405804
1.0,8,235.427246
-1.0,15,235.475236
1.0,11,235.50423
1.0,7,235.522721
1.0,13,235.557135
1.0,8,235.581797
1.0,9,235.605707
1.0,15,235.6472
1.0,5,235.660144
-1.0,12,235.700917
1.0,12,235.733252
1.0,13,235.771018
1.0,10,235.799314
-1.0,17,235.852488
1.0,9,235.879543
1.0,11,235.908063
1.0,8,235.932995
1.0,12,235.971424
1.0,9,235.997661
-1.0,12,236.032774
1.0,9,236.058731
1.0,10,236.094439
1.0,8,236.12449
-1.0,21,236.179986
1.0,11,236.215684
1.0,8,236.251496
1.0,7,236.279733
-1.0,13,236.318558
-1.0,16,236.365517
1.0,15,236.414116
1.0,9,236.435972
1.0,5,236.449018
-1.0,11,236.516211
1.0,8,236.546944
1.0,12,236.58269
1.0,9,236.605601
1.0,7,236.628844
-1.0,12,236.67011
1.0,6,236.687132
1.0,12,236.721716
1.0,11,236.756539
1.0,14,236.807363
1.0,10,236.838851
-1.0,4,236.852394
-1.0,12,236.888039
1.0,5,236.90545
1.0,6,236.928119
1.0,9,236.958756
1.0,12,237.001147
1.0,5,237.021306
1.0,9,237.0506
-1.0,5,237.06693
-1.0,6,237.086114
1.0,13,237.137674
-1.0,17,237.186672
1.0,12,237.218755
-1.0,10,237.246652
1.0,10,237.282267
1.0,11,237.315793
1.0,11,237.343731
-1.0,15,237.380985
1.0,5,237.398868
1.0,8,237.423018
-1.0,14,237.461867
1.0,12,237.497841
1.0,17,237.550706
-1.0,6,237.571227
1.0,16,237.614295
-1.0,13,237.651776
-1.0,14,237.69023
-1.0,11,237.722394
1.0,10,237.751212
1.0,4,237.762122
1.0,16,237.814876
-1.0,9,237.843426
1.0,8,237.867969
1.0,13,237.904424
1.0,7,237.930446
-1.0,17,237.979563
1.0,10,238.014867
-1.0,13,238.059758
-1.0,13,238.102516
1.0,16,238.141974
1.0,13,238.179438
1.0,11,238.210407
1.0,9,238.241019
1.0,11,238.279777
1.0,6,238.301697
-1.0,9,238.330369
1.0,11,238.373546
1.0,13,238.413612
-1.0,13,238.454708
-1.0,12,238.495878
1.0,11,238.536351
1.0,10,238.568902
-1.0,10,238.602651
1.0,11,238.63834
1.0,8,238.668596
1.0,9,238.699421
-1.0,8,238.724185
1.0,10,238.754334
-1.0,9,238.791693
1.0,15,238.838481
1.0,11,238.920755
-1.0,13,238.957678
-1.0,10,238.996235
1.0,11,239.038281
-1.0,13,239.085774
1.0,10,239.116101
1.0,11,239.157129
1.0,7,239.180946
1.0,7,239.201685
1.0,12,239.241891
1.0,12,239.282952
1.0,9,239.305398
1.0,8,239.331628
-1.0,17,239.374248
1.0,11,239.411163
1.0,11,239.448018
1.0,10,239.476263
1.0,7,239.496205
-1.0,10,239.529087
-1.0,15,239.575468
1.0,13,239.61043
1.0,14,239.654027
-1.0,16,239.710983
-1.0,8,239.740772
1.0,11,239.769305
-1.0,8,239.789362
-1.0,7,239.815038
1.0,8,239.841551
1.0,13,239.881747
1.0,11,239.91012
1.0,10,239.945061
1.0,15,239.9889
1.0,12,240.038544
1.0,11,240.064748
1.0,13,240.10314
-1.0,7,240.119305
1.0,10,240.14507
-1.0,12,240.180821
1.0,9,240.207665
1.0,11,240.238981
1.0,15,240.278785
1.0,4,240.288879
1.0,13,240.322882
1.0,12,240.352865
1.0,8,240.375019
1.0,8,240.396926
1.0,13,240.439399
1.0,12,240.479426
1.0,11,240.511913
1.0,10,240.542251
1.0,8,240.568219
1.0,12,240.604317
1.0,11,240.634935
1.0,7,240.653017
1.0,9,240.68566
-1.0,7,240.709351
1.0,7,240.726866
1.0,10,240.762178
1.0,13,240.803607
1.0,11,240.842188
1.0,12,240.873904
1.0,13,240.916662
-1.0,12,240.95522
1.0,12,240.984931
1.0,12,241.013902
1.0,17,241.057229
1.0,8,241.080721
-1.0,9,241.106049
1.0,8,241.128259
-1.0,7,241.149632
-1.0,15,241.200591
-1.0,5,241.215767
-1.0,5,241.22806
1.0,6,241.242283
1.0,15,241.285052
1.0,10,241.310845
1.0,6,241.32513
-1.0,9,241.350118
1.0,13,241.397352
1.0,9,241.419991
1.0,10,241.443293
1.0,6,241.457732
1.0,5,241.471892
1.0,9,241.498308
-1.0,9,241.522128
-1.0,13,241.551307
1.0,6,241.569786
1.0,9,241.595062
1.0,12,241.625069
1.0,13,241.656291
1.0,8,241.678571
1.0,8,241.696299
1.0,7,241.71479
-1.0,12,241.75127
1.0,11,241.810887
-1.0,7,241.858224
1.0,5,241.875237
1.0,8,241.903888
1.0,10,241.942341
1.0,9,241.969598
1.0,10,241.998474
1.0,14,242.035251
1.0,12,242.073589
1.0,7,242.091599
-1.0,5,242.105092
1.0,8,242.129509
1.0,6,242.149699
1.0,10,242.174442
1.0,17,242.216243
1.0,14,242.258914
1.0,13,242.292728
-1.0,5,242.309815
1.0,13,242.345683
1.0,12,242.380497
1.0,7,242.404007
1.0,14,242.447542
1.0,7,242.469191
1.0,11,242.49558
1.0,9,242.523559
1.0,8,242.547043
1.0,9,242.567756
1.0,9,242.588511
1.0,11,242.626614
1.0,15,242.669534
1.0,19,242.708894
1.0,11,242.736161
1.0,9,242.771927
1.0,6,242.790993
1.0,10,242.823684
1.0,12,242.864298
1.0,11,242.910477
-1.0,11,242.966007
-1.0,7,242.989427
-1.0,13,243.029886
1.0,10,243.065137
1.0,9,243.09902
1.0,10,243.125703
-1.0,12,243.16454
-1.0,8,243.197467
1.0,8,243.222417
1.0,8,243.251575
1.0,13,243.294067
1.0,10,243.332484
1.0,12,243.373528
-1.0,9,243.404185
-1.0,8,243.432913
1.0,15,243.479987
1.0,6,243.49336
1.0,8,243.514141
1.0,10,243.547947
-1.0,12,243.582805
1.0,9,243.605965
1.0,10,243.645159
1.0,11,243.67251
1.0,10,243.701189
1.0,8,243.725957
1.0,10,243.753824
1.0,14,243.797997
-1.0,9,243.833646
1.0,15,243.891806
1.0,10,243.925288
-1.0,10,243.959452
1.0,13,243.996651
-1.0,10,244.022861
1.0,14,244.054609
1.0,14,244.092279
-1.0,6,244.111007
1.0,11,244.142879
1.0,10,244.171183
1.0,8,244.190232
-1.0,10,244.223703
1.0,7,244.249758
1.0,15,244.297226
-1.0,8,244.317929
-1.0,17,244.367844
1.0,12,244.399752
1.0,11,244.431293
1.0,10,244.465077
1.0,10,244.497121
1.0,9,244.527228
1.0,10,244.55424
1.0,8,244.572988
1.0,12,244.61102
1.0,6,244.636497
1.0,11,244.672326
-1.0,15,244.746933
1.0,11,244.86069
-1.0,11,244.973041
1.0,14,245.122532
-1.0,17,245.321563
-1.0,14,245.455952
1.0,5,245.497602
-1.0,16,245.620124
1.0,12,245.73294
1.0,8,245.832089
1.0,7,245.911015
-1.0,8,245.970604
1.0,7,246.037701
1.0,10,246.122659
1.0,8,246.202058
1.0,13,246.327059
1.0,16,246.455739
-1.0,10,246.56107
-1.0,12,246.683897
1.0,11,246.777928
1.0,7,246.82221
1.0,14,246.973364
-1.0,10,247.068543
-1.0,10,247.184654
1.0,9,247.266386
1.0,7,247.341791
-1.0,14,247.465412
-1.0,6,247.523054
1.0,11,247.626747
-1.0,13,247.780998
1.0,6,247.840423
-1.0,10,247.933467
1.0,6,247.98541
1.0,7,248.059067
-1.0,9,248.127728
1.0,8,248.211497
-1.0,14,248.355345
1.0,11,248.507226
1.0,7,248.544886
1.0,11,248.623829
-1.0,9,248.672206
1.0,4,248.704823
-1.0,14,248.811186
-1.0,9,248.875124
1.0,14,248.97083
1.0,13,249.073066
1.0,7,249.133762
1.0,10,249.218103
1.0,11,249.544583
1.0,10,249.712654
1.0,7,249.768911
1.0,16,249.906137
-1.0,14,250.041443
1.0,8,250.119775
1.0,12,250.199808
-1.0,11,250.292295
-1.0,9,250.377969
1.0,8,250.431199
-1.0,7,250.489178
1.0,6,250.526402
1.0,8,250.586252
1.0,13,250.678582
1.0,16,250.812515
1.0,13,250.915368
-1.0,12,251.009315
-1.0,12,251.104218
1.0,7,251.160453
1.0,12,251.253012
1.0,7,251.326026
-1.0,15,251.468295
1.0,7,251.529902
1.0,10,251.626827
-1.0,11,251.721678
1.0,4,251.766734
1.0,11,251.852448
1.0,5,251.891924
-1.0,16,252.004969
1.0,6,252.053488
1.0,11,252.163038
1.0,10,252.239555
1.0,15,252.384418
1.0,9,252.467781
-1.0,13,252.600339
1.0,12,252.714746
1.0,8,252.791492
1.0,5,252.843865
1.0,7,252.910049
1.0,4,252.943862
1.0,9,253.026601
1.0,6,253.087333
1.0,11,253.19397
-1.0,9,253.273002
1.0,6,253.335938
1.0,8,253.426802
1.0,11,253.543509
1.0,9,253.613891
-1.0,13,253.735234
-1.0,11,253.855842
1.0,14,253.976885
-1.0,14,254.100996
1.0,7,254.157482
-1.0,7,254.23016
1.0,10,254.308547
1.0,11,254.393269
1.0,14,254.498171
-1.0,9,254.571695
1.0,12,254.650114
1.0,10,254.732086
1.0,11,254.817055
1.0,9,254.886824
1.0,7,254.940275
1.0,8,254.99675
-1.0,7,255.052468
-1.0,12,255.157305
1.0,7,255.223067
1.0,5,255.258974
1.0,13,255.373958
-1.0,10,255.471958
1.0,15,255.605327
1.0,9,255.69296
1.0,8,255.769099
-1.0,7,255.844326
1.0,9,255.935216
1.0,10,256.042581
1.0,11,256.139895
-1.0,7,256.22367
1.0,8,256.29537
1.0,8,256.365399
1.0,8,256.444928
1.0,15,256.58707
1.0,11,256.691948
-1.0,16,256.834591
1.0,10,256.925864
1.0,10,257.043794
-1.0,11,257.154261
1.0,5,257.211005
1.0,12,257.330043
-1.0,10,257.437617
-1.0,8,257.51568
1.0,16,257.655419
1.0,8,257.728055
1.0,10,257.817442
-1.0,7,257.878201
1.0,6,257.925819
-1.0,9,258.014398
1.0,12,258.141566
-1.0,15,258.284124
-1.0,14,258.410537
1.0,8,258.483662
1.0,4,258.527636
1.0,16,258.666368
-1.0,17,258.817351
-1.0,10,258.91713
1.0,12,259.035165
1.0,14,259.162754
-1.0,12,259.266806
1.0,9,259.341089
1.0,10,259.424904
-1.0,9,259.51809
1.0,14,259.641537
1.0,10,259.734708
1.0,10,259.836313
-1.0,13,259.950041
1.0,10,260.038127
1.0,8,260.113675
-1.0,12,260.229254
1.0,7,260.294772
-1.0,17,260.441334
1.0,7,260.512162
1.0,12,260.640432
1.0,9,260.718882
1.0,9,260.796521
1.0,8,260.869551
1.0,8,260.95961
1.0,6,261.018071
1.0,11,261.109283
1.0,11,261.217697
1.0,11,261.335583
1.0,11,261.442595
1.0,13,261.584835
-1.0,16,261.732642
1.0,8,261.825691
1.0,7,261.895499
1.0,11,261.992954
-1.0,14,262.138099
-1.0,7,262.216717
1.0,11,262.315028
1.0,9,262.405725
1.0,16,262.549608
1.0,15,262.678916
1.0,9,262.756432
1.0,5,262.795884
1.0,6,262.845906
1.0,11,262.954806
1.0,10,263.047375
1.0,6,263.105826
1.0,9,263.183708
1.0,12,263.299473
1.0,12,263.403082
1.0,6,263.467067
1.0,11,263.568991
-1.0,13,263.705486
1.0,8,263.77844
-1.0,5,263.825346
1.0,12,263.927483
1.0,14,264.07133
-1.0,9,264.157931
-1.0,8,264.24791
-1.0,5,264.299948
1.0,11,264.403486
-1.0,11,264.515651
1.0,12,264.623564
1.0,12,264.720239
1.0,13,264.848378
1.0,9,264.928486
1.0,7,264.995433
1.0,7,265.065007
-1.0,10,265.163909
1.0,7,265.23293
1.0,8,265.29864
1.0,14,265.422256
1.0,6,265.493268
-1.0,10,265.587883
-1.0,11,265.704374
1.0,12,265.812951
-1.0,17,265.976154
1.0,12,266.083727
1.0,9,266.16404
-1.0,13,266.281509
1.0,7,266.351114
1.0,12,266.46891
-1.0,19,266.633578
-1.0,15,266.777444
1.0,12,266.887123
1.0,10,266.987235
-1.0,6,267.035707
1.0,11,267.125041
1.0,10,267.218127
-1.0,13,267.349488
-1.0,13,267.462248
-1.0,7,267.52754
1.0,16,267.679439
1.0,8,267.742205
1.0,10,267.833245
1.0,9,267.922754
1.0,12,268.034937
-1.0,8,268.108823
1.0,14,268.241683
1.0,7,268.308024
-1.0,9,268.398218
-1.0,16,268.555994
1.0,5,268.5989
1.0,7,268.668337
-1.0,13,268.792998
1.0,10,268.891563
1.0,9,268.966471
1.0,8,269.041223
1.0,8,269.126466
1.0,6,269.177631
1.0,14,269.290904
-1.0,15,269.413594
-1.0,5,269.469389
1.0,15,269.615107
-1.0,14,269.748982
1.0,9,269.831162
1.0,11,269.956028
-1.0,7,270.036347
1.0,8,270.124179
1.0,6,270.18166
1.0,6,270.257036
1.0,10,270.355782
-1.0,11,270.455524
1.0,9,270.54765
-1.0,15,270.702851
-1.0,9,270.780874
-1.0,16,270.915762
-1.0,9,271.026091
1.0,10,271.143231
1.0,8,271.234385
1.0,9,271.320498
1.0,5,271.375451
1.0,10,271.480144
-1.0,11,271.609476
1.0,14,271.729602
1.0,15,271.858223
1.0,11,271.972119
1.0,9,272.047661
-1.0,12,272.152467
1.0,8,272.236024
-1.0,9,272.339905
1.0,9,272.435317
1.0,12,272.558347
1.0,9,272.633953
1.0,12,272.761798
-1.0,17,272.903107
-1.0,17,273.059893
-1.0,12,273.172303
1.0,5,273.23082
1.0,10,273.33741
1.0,10,273.438854
1.0,9,273.52471
-1.0,18,273.676695
1.0,14,273.789361
1.0,17,273.922081
1.0,6,273.976269
1.0,9,274.072397
-1.0,7,274.145736
-1.0,12,274.270777
-1.0,11,274.376587
1.0,12,274.490385
1.0,12,274.592259
1.0,13,274.714803
1.0,6,274.762218
1.0,14,274.904929
1.0,10,275.002453
-1.0,13,275.121355
-1.0,13,275.257938
1.0,9,275.347874
-1.0,12,275.467875
1.0,16,275.608771
-1.0,10,275.702501
1.0,13,275.838219
1.0,8,275.909126
1.0,13,276.049432
-1.0,9,276.132248
1.0,10,276.243289
-1.0,16,276.390376
1.0,12,276.497694
1.0,12,276.622376
1.0,12,276.744184
1.0,7,276.800291
-1.0,16,276.949418
1.0,12,277.052747
1.0,7,277.132761
-1.0,13,277.256001
1.0,15,277.383357
1.0,11,277.490846
1.0,14,277.628328
1.0,11,277.722051
1.0,11,277.803227
-1.0,14,277.933371
-1.0,13,278.081636
1.0,6,278.137147
1.0,11,278.248633
-1.0,18,278.410013
1.0,7,278.489997
1.0,7,278.552305
1.0,7,278.621433
1.0,13,278.738708
1.0,11,278.855697
1.0,13,278.982819
1.0,13,279.101798
1.0,13,279.225011
-1.0,11,279.34904
1.0,11,279.444314
1.0,11,279.560849
1.0,13,279.69174
1.0,12,279.821521
-1.0,10,279.914305
1.0,12,280.017236
1.0,14,280.152246
1.0,15,280.290687
1.0,12,280.40894
1.0,9,280.496354
1.0,8,280.56842
-1.0,8,280.645383
1.0,11,280.746071
1.0,14,280.877169
1.0,9,280.961736
1.0,8,281.056765
-1.0,10,281.169763
1.0,6,281.220152
1.0,11,281.322
-1.0,10,281.441063
1.0,11,281.547226
-1.0,9,281.646605
1.0,11,281.74683
1.0,11,281.853357
-1.0,21,282.048904
1.0,8,282.122173
-1.0,14,282.243997
1.0,8,282.323014
1.0,7,282.39008
1.0,12,282.501132
-1.0,9,282.585643
1.0,7,282.673656
1.0,12,282.773928
-1.0,15,282.897939
1.0,11,283.012123
1.0,10,283.117347
1.0,16,283.257973
1.0,9,283.337948
-1.0,13,283.464511
1.0,8,283.555936
1.0,10,283.639904
-1.0,11,283.737131
-1.0,8,283.822175
1.0,12,283.945001
1.0,9,284.03965
1.0,11,284.150225
-1.0,14,284.293188
1.0,10,284.393421
1.0,7,284.460057
1.0,11,284.562841
1.0,8,284.63888
1.0,7,284.723273
1.0,8,284.796441
1.0,13,284.905272
1.0,11,285.007413
1.0,11,285.10996
1.0,8,285.18893
-1.0,18,285.354189
1.0,12,285.458976
1.0,7,285.537501
1.0,6,285.588488
-1.0,11,285.697011
-1.0,6,285.752635
-1.0,4,285.802483
1.0,7,285.874635
1.0,12,285.982846
-1.0,10,286.067004
-1.0,17,286.247962
1.0,7,286.32226
1.0,15,286.45631
1.0,5,286.518087
1.0,9,286.622146
-1.0,9,286.710663
0.5,21,286.903074
1.0,13,287.025804
1.0,5,287.080844
-1.0,13,287.194482
1.0,6,287.253723
1.0,15,287.386418
-1.0,15,287.530955
1.0,5,287.576831
-1.0,14,287.689225
1.0,12,287.793426
1.0,9,287.876696
1.0,8,287.955046
1.0,10,288.057254
1.0,13,288.192094
1.0,10,288.298217
-1.0,8,288.381719
1.0,6,288.438292
1.0,8,288.515185
1.0,6,288.579664
1.0,15,288.718229
1.0,7,288.78322
1.0,6,288.835752
1.0,13,288.970098
1.0,6,289.024172
1.0,9,289.108274
-1.0,9,289.194476
1.0,9,289.269607
1.0,9,289.339999
-1.0,18,289.490332
-1.0,15,289.624307
1.0,12,289.754058
-1.0,8,289.83678
-1.0,12,289.957394
1.0,12,290.062919
-1.0,13,290.202651
1.0,7,290.26478
-1.0,15,290.405458
1.0,6,290.462551
1.0,10,290.57176
-1.0,8,290.653801
-1.0,13,290.770007
1.0,7,290.836772
1.0,10,290.938433
1.0,15,291.074547
-1.0,16,291.211508
-1.0,7,291.279541
-1.0,12,291.406006
1.0,7,291.467465
-1.0,7,291.546344
-1.0,11,291.658956
-1.0,10,291.759647
1.0,6,291.813823
1.0,10,291.903332
1.0,5,291.94308
1.0,10,292.046968
1.0,10,292.141661
1.0,15,292.267033
1.0,7,292.331196
1.0,9,292.412666
-1.0,11,292.515283
-1.0,16,292.6559
-1.0,11,292.751871
-1.0,9,292.856828
1.0,11,292.943596
1.0,7,293.005888
1.0,13,293.137475
1.0,14,293.282691
1.0,9,293.366705
1.0,9,293.445713
-1.0,12,293.558057
-1.0,16,293.733806
1.0,10,293.832529
1.0,10,293.917926
-1.0,5,293.971391
-1.0,9,294.065384
1.0,9,294.150064
-1.0,12,294.255093
1.0,11,294.355802
1.0,8,294.432378
1.0,14,294.556828
1.0,12,294.657736
1.0,11,294.760424
1.0,11,294.877238
1.0,11,294.96797
-1.0,6,295.022404
1.0,14,295.159037
1.0,11,295.255798
1.0,10,295.350029
1.0,16,295.49312
-1.0,11,295.60094
1.0,8,295.687474
1.0,8,295.760612
-1.0,12,295.879118
-1.0,6,295.929463
1.0,12,296.055452
-1.0,16,296.190397
1.0,8,296.266351
1.0,12,296.38792
-1.0,12,296.515822
1.0,13,296.62439
1.0,11,296.722079
-1.0,13,296.834778
1.0,11,296.961771
-1.0,12,297.085176
1.0,8,297.162015
1.0,12,297.265788
1.0,10,297.366662
1.0,8,297.440054
1.0,13,297.55537
-1.0,13,297.677018
-1.0,12,297.803997
-1.0,12,297.912086
1.0,13,298.035813
1.0,14,298.159916
1.0,10,298.267973
1.0,7,298.336725
1.0,8,298.401836
1.0,14,298.52662
-1.0,15,298.658282
1.0,8,298.737322
-1.0,9,298.820088
1.0,10,298.909715
-1.0,9,298.999206
1.0,6,299.066388
-1.0,11,299.162437
-1.0,7,299.22599
-1.0,16,299.388727
1.0,8,299.457975
1.0,11,299.566928
-1.0,14,299.699295
1.0,10,299.796412
-1.0,6,299.858474
1.0,8,299.930153
1.0,6,299.98281
1.0,13,300.109749
-1.0,17,300.273362
1.0,10,300.350441
1.0,10,300.45076
1.0,8,300.539131
1.0,10,300.629246
1.0,12,300.73939
1.0,10,300.842283
1.0,5,300.897527
1.0,10,300.99769
-1.0,10,301.10489
1.0,9,301.194489
1.0,9,301.293981
1.0,11,301.386013
1.0,12,301.488538
1.0,14,301.593469
1.0,7,301.669323
1.0,14,301.788081
-1.0,13,301.902524
-1.0,16,302.025786
1.0,9,302.11372
-1.0,8,302.195719
-1.0,11,302.302034
-1.0,13,302.417996
-1.0,9,302.522608
1.0,8,302.590703
1.0,18,302.733404
1.0,11,302.827496
1.0,12,302.942778
-1.0,10,303.027297
1.0,17,303.167779
1.0,15,303.293983
-1.0,10,303.396482
1.0,11,303.493695
1.0,7,303.550323
1.0,9,303.63425
1.0,11,303.748659
-1.0,12,303.88832
1.0,14,304.025783
1.0,12,304.142679
1.0,9,304.226447
1.0,10,304.324291
1.0,5,304.36569
1.0,15,304.507421
1.0,17,304.654747
-1.0,16,304.80074
1.0,10,304.89265
-1.0,15,305.027844
1.0,12,305.14547
1.0,7,305.213802
1.0,15,305.362468
1.0,9,305.444701
1.0,11,305.555504
1.0,11,305.653509
-1.0,7,305.726421
1.0,12,305.839626
1.0,13,305.964482
-1.0,14,306.095222
1.0,10,306.168071
1.0,6,306.228988
1.0,13,306.353855
1.0,19,306.531703
-1.0,4,306.570491
1.0,7,306.642107
-1.0,10,306.743081
1.0,12,306.85692
1.0,10,306.949266
-1.0,14,307.07857
1.0,10,307.181691
-1.0,12,307.290319
-1.0,7,307.353318
1.0,8,307.429107
-1.0,14,307.577112
1.0,8,307.654636
-1.0,10,307.745019
1.0,11,307.843341
1.0,9,307.928538
1.0,10,308.020689
1.0,14,308.128736
1.0,7,308.188561
1.0,11,308.30446
-1.0,11,308.40939
1.0,10,308.501767
-1.0,10,308.603495
-1.0,10,308.705432
1.0,10,308.800059
-1.0,12,308.921817
1.0,16,309.057479
1.0,14,309.184022
1.0,9,309.259626
1.0,11,309.36675
1.0,12,309.471655
1.0,12,309.580216
1.0,15,309.707967
1.0,13,309.818409
1.0,10,309.904439
1.0,10,310.007041
1.0,8,310.086036
-1.0,13,310.204026
-1.0,6,310.276843
1.0,12,310.389379
1.0,10,310.481323
-1.0,17,310.645583
-1.0,10,310.741884
1.0,12,310.852817
1.0,13,310.971767
1.0,14,311.102205
1.0,13,311.211184
1.0,10,311.305351
-1.0,16,311.439839
-1.0,11,311.528842
1.0,8,311.598917
-1.0,7,311.675134
1.0,7,311.738884
1.0,8,311.815866
-1.0,15,311.948393
1.0,7,312.017833
1.0,8,312.086554
1.0,12,312.200842
1.0,9,312.296546
1.0,16,312.43498
1.0,6,312.487848
1.0,10,312.585559
1.0,10,312.675787
-1.0,8,312.757367
1.0,11,312.868706
1.0,18,313.005543
-1.0,10,313.094373
-1.0,16,313.251537
-1.0,8,313.328531
1.0,7,313.397568
1.0,14,313.526546
1.0,10,313.638578
-1.0,9,313.728974
-1.0,9,313.815551
1.0,8,313.889092
-1.0,9,313.991103
1.0,16,314.138521
1.0,12,314.2414
1.0,8,314.316508
1.0,6,314.383538
1.0,13,314.508453
-1.0,14,314.631907
1.0,16,314.77188
1.0,14,314.912777
-1.0,9,314.99722
1.0,12,315.088217
1.0,6,315.151286
1.0,12,315.251676
1.0,13,315.346782
1.0,12,315.440558
1.0,6,315.485822
1.0,6,315.542567
-1.0,12,315.641557
1.0,15,315.772402
1.0,11,315.873547
-1.0,11,315.980622
1.0,7,316.058621
-1.0,7,316.128802
1.0,8,316.208879
-1.0,10,316.317543
1.0,11,316.417692
1.0,9,316.499909
1.0,8,316.574076
1.0,7,316.654909
1.0,11,316.744208
1.0,9,316.820308
1.0,8,316.893119
1.0,10,317.004437
-1.0,14,317.125511
1.0,10,317.219389
-1.0,14,317.340516
-1.0,21,317.526888
-1.0,8,317.599239
-1.0,13,317.728254
-1.0,10,317.81981
1.0,15,317.964352
-1.0,7,318.01981
1.0,10,318.100711
1.0,10,318.207478
1.0,11,318.313654
1.0,13,318.438051
1.0,10,318.524662
-1.0,7,318.598348
1.0,13,318.726124
1.0,8,318.788397
-1.0,9,318.856844
1.0,10,318.944091
1.0,9,319.024525
1.0,6,319.082916
-1.0,21,319.264218
1.0,10,319.351424
1.0,9,319.456717
1.0,7,319.520964
1.0,8,319.596268
1.0,7,319.667412
1.0,16,319.828061
1.0,6,319.884478
1.0,13,319.989668
1.0,11,320.092121
1.0,7,320.162663
1.0,14,320.303111
1.0,9,320.386065
1.0,10,320.479444
1.0,5,320.536243
1.0,10,320.626491
1.0,4,320.663141
1.0,7,320.733625
-1.0,9,320.823027
1.0,7,320.885108
-1.0,10,320.979371
1.0,11,321.066224
-1.0,12,321.189776
1.0,10,321.290002
1.0,14,321.418512
1.0,8,321.494431
1.0,11,321.610584
1.0,14,321.733576
1.0,11,321.818659
1.0,9,321.907931
1.0,11,322.00942
-1.0,10,322.113422
1.0,8,322.195217
1.0,14,322.353026
1.0,6,322.422881
1.0,6,322.479754
1.0,6,322.536312
-1.0,10,322.631213
1.0,11,322.743986
1.0,15,322.882706
-1.0,11,322.981577
1.0,6,323.03066
1.0,8,323.120813
1.0,7,323.184602
1.0,9,323.272297
1.0,10,323.368289
1.0,7,323.441918
-1.0,11,323.555835
-1.0,11,323.666748
1.0,5,323.710445
1.0,8,323.795306
1.0,7,323.85855
1.0,12,323.965381
1.0,12,324.073431
1.0,8,324.162308
1.0,8,324.244616
1.0,7,324.310781
1.0,7,324.363711
1.0,10,324.460755
1.0,14,324.578494
1.0,14,324.710974
1.0,12,324.825199
-1.0,13,324.972809
1.0,10,325.075941
1.0,12,325.192075
1.0,6,325.243272
1.0,9,325.334048
-1.0,8,325.419062
-1.0,14,325.553057
1.0,12,325.663934
-1.0,15,325.814594
1.0,10,325.89868
1.0,11,326.008238
-1.0,9,326.09796
1.0,10,326.211245
1.0,7,326.261838
1.0,9,326.355514
1.0,13,326.481282
1.0,12,326.603813
1.0,4,326.640852
1.0,8,326.712102
1.0,5,326.753756
1.0,10,326.859697
1.0,9,326.942589
1.0,9,327.022869
1.0,9,327.112932
1.0,13,327.245806
-1.0,14,327.382179
-1.0,17,327.534599
1.0,9,327.619408
1.0,10,327.711747
1.0,8,327.785941
1.0,19,327.936483
1.0,6,327.987984
1.0,9,328.089275
1.0,6,328.137287
1.0,9,328.218429
1.0,6,328.278269
1.0,15,328.40582
1.0,9,328.47362
1.0,6,328.530116
-1.0,11,328.636343
1.0,6,328.708934
-1.0,12,328.82718
-1.0,10,328.9261
-1.0,7,328.974891
-1.0,10,329.064242
-1.0,6,329.123439
-1.0,8,329.214413
1.0,11,329.318593
1.0,7,329.385456
1.0,13,329.525527
-1.0,13,329.647873
-1.0,8,329.72884
-1.0,18,329.90691
1.0,10,329.993565
1.0,8,330.065104
-1.0,7,330.137688
1.0,9,330.233617
1.0,6,330.28164
1.0,7,330.342696
-1.0,13,330.471383
1.0,11,330.58714
1.0,11,330.680542
1.0,11,330.782178
-1.0,8,330.857745
-1.0,9,330.942683
-1.0,15,331.072537
1.0,10,331.148514
1.0,14,331.274216
1.0,10,331.37174
1.0,10,331.471543
1.0,5,331.515707
-1.0,11,331.625541
1.0,8,331.709568
1.0,17,331.875854
-1.0,14,331.998284
1.0,15,332.140826
1.0,6,332.212077
1.0,8,332.295073
-1.0,12,332.397311
1.0,13,332.523289
-1.0,14,332.683588
1.0,18,332.82614
1.0,14,332.959644
1.0,9,333.048769
1.0,11,333.162722
1.0,8,333.225
-1.0,6,333.286165
1.0,17,333.433711
-1.0,16,333.604247
1.0,13,333.711191
1.0,8,333.777974
1.0,7,333.845009
1.0,4,333.891866
1.0,17,334.034265
-1.0,11,334.128847
1.0,11,334.227264
-1.0,14,334.364544
1.0,10,334.46738
-1.0,18,334.623064
1.0,10,334.710241
1.0,16,334.874297
1.0,14,334.982173
1.0,9,335.073789
-1.0,9,335.161256
1.0,8,335.238617
1.0,9,335.323661
-1.0,8,335.400733
-1.0,12,335.516186
1.0,8,335.601752
-1.0,9,335.681444
-1.0,13,335.803719
1.0,9,335.885947
-1.0,10,335.980207
1.0,10,336.084099
1.0,10,336.178283
1.0,12,336.288561
-1.0,14,336.430213
1.0,9,336.503095
-1.0,8,336.590378
-1.0,7,336.660589
-1.0,11,336.764621
1.0,10,336.854367
1.0,6,336.916731
1.0,14,337.035718
1.0,10,337.136011
1.0,10,337.210113
1.0,12,337.320238
1.0,16,337.460845
1.0,11,337.569973
1.0,8,337.652019
1.0,7,337.716912
1.0,12,337.822045
1.0,11,337.924334
1.0,13,338.048119
-1.0,10,338.137624
1.0,15,338.274667
1.0,18,338.440305
1.0,15,338.587832
-1.0,9,338.66958
-1.0,15,338.818949
1.0,12,338.932843
-1.0,11,339.037908
1.0,11,339.146814
-1.0,5,339.195444
-1.0,5,339.254579
-1.0,12,339.358799
1.0,11,339.459064
1.0,13,339.576139
1.0,9,339.65598
1.0,7,339.719207
1.0,11,339.821696
-1.0,8,339.907678
1.0,14,340.039941
-1.0,14,340.177293
1.0,13,340.295449
1.0,6,340.349069
1.0,11,340.449064
-1.0,11,340.55588
1.0,11,340.653486
-1.0,4,340.68768
1.0,7,340.762833
1.0,10,340.846487
-1.0,15,340.990582
1.0,6,341.038929
1.0,8,341.116204
1.0,7,341.178819
1.0,7,341.243376
1.0,11,341.351135
1.0,11,341.462701
-1.0,17,341.621061
1.0,9,341.704264
1.0,8,341.779474
1.0,7,341.857266
1.0,10,341.943174
1.0,13,342.057223
1.0,10,342.164047
1.0,8,342.246165
-1.0,13,342.365306
1.0,17,342.516964
-1.0,14,342.648666
-1.0,6,342.718063
1.0,14,342.845274
-1.0,7,342.915094
1.0,13,343.025875
1.0,11,343.133776
1.0,9,343.216364
1.0,13,343.337718
1.0,14,343.462014
1.0,8,343.548716
-1.0,8,343.624841
1.0,6,343.675996
1.0,7,343.74001
1.0,9,343.831627
1.0,13,343.941363
1.0,11,344.041469
1.0,17,344.183605
1.0,11,344.288414
-1.0,14,344.418115
1.0,10,344.50233
1.0,9,344.581195
-1.0,13,344.719238
-1.0,11,344.811219
1.0,9,344.902215
1.0,12,345.016892
-1.0,15,345.158036
-1.0,14,345.290006
1.0,9,345.375332
-1.0,14,345.512673
1.0,8,345.599586
-1.0,11,345.691093
1.0,14,345.830291
1.0,7,345.89576
-1.0,8,345.990671
1.0,11,346.088627
1.0,12,346.19254
-1.0,9,346.286489
1.0,13,346.3859
1.0,8,346.45205
-1.0,11,346.546566
1.0,13,346.630479
1.0,8,346.712593
-1.0,15,346.825353
1.0,11,346.910604
1.0,8,346.988175
-1.0,6,347.058699
1.0,9,347.138269
-1.0,14,347.283015
1.0,14,347.423938
1.0,12,347.534499
1.0,5,347.571723
1.0,9,347.659653
-1.0,16,347.789428
-1.0,7,347.860229
1.0,7,347.920291
1.0,12,348.019556
1.0,12,348.123953
1.0,11,348.23193
1.0,11,348.317234
1.0,13,348.428449
-1.0,10,348.512726
-1.0,10,348.625703
1.0,11,348.729139
-1.0,14,348.849338
1.0,8,348.921168
1.0,12,349.040004
1.0,12,349.149904
1.0,4,349.179742
-1.0,5,349.226772
1.0,12,349.355387
1.0,8,349.43336
1.0,9,349.512254
1.0,6,349.567794
-1.0,13,349.694078
1.0,11,349.809587
1.0,10,349.904213
-1.0,10,350.004134
1.0,17,350.16728
1.0,8,350.241353
-1.0,10,350.336349
1.0,9,350.416648
1.0,7,350.490848
1.0,9,350.574015
1.0,5,350.617942
-1.0,4,350.657343
1.0,13,350.799216
1.0,13,350.913221
1.0,12,351.02372
1.0,6,351.068392
-1.0,13,351.208872
1.0,11,351.30729
1.0,8,351.373465
-1.0,15,351.498542
1.0,7,351.58095
-1.0,8,351.665472
1.0,9,351.74985
1.0,6,351.813562
-1.0,18,351.976198
1.0,15,352.113299
1.0,10,352.205085
1.0,10,352.310934
-1.0,6,352.371279
1.0,11,352.466396
1.0,14,352.587739
-1.0,18,352.751669
-1.0,11,352.846162
1.0,13,352.951505
1.0,8,353.022185
1.0,13,353.141012
-1.0,9,353.251697
1.0,10,353.345703
-1.0,13,353.468644
1.0,11,353.581517
1.0,7,353.659305
1.0,10,353.749986
1.0,9,353.83807
1.0,13,353.956621
1.0,12,354.073159
-1.0,8,354.153927
1.0,7,354.214579
1.0,16,354.356438
1.0,10,354.442768
1.0,9,354.516061
1.0,8,354.595113
1.0,11,354.712057
1.0,8,354.790551
1.0,8,354.870188
1.0,9,354.947081
-1.0,9,355.024946
1.0,9,355.127467
1.0,12,355.229278
1.0,9,355.317712
-1.0,13,355.442609
1.0,9,355.531634
1.0,8,355.603764
1.0,5,355.650631
1.0,8,355.722421
1.0,14,355.869468
-1.0,10,355.963533
1.0,8,356.041595
-1.0,16,356.189482
1.0,9,356.273492
1.0,13,356.398606
1.0,15,356.538337
1.0,9,356.629036
-1.0,11,356.744493
1.0,8,356.810675
1.0,7,356.876493
1.0,12,356.997692
-1.0,11,357.110497
1.0,10,357.199826
1.0,10,357.302116
1.0,11,357.392283
1.0,10,357.4873
-1.0,9,357.563395
1.0,10,357.657899
1.0,14,357.76842
1.0,9,357.861075
-1.0,13,357.976956
1.0,7,358.031887
1.0,5,358.087088
1.0,9,358.174952
1.0,13,358.281668
1.0,8,358.355134
-1.0,7,358.415144
1.0,11,358.51556
1.0,10,358.609448
-1.0,9,358.697523
-1.0,10,358.804916
1.0,11,358.913496
1.0,7,358.960329
1.0,12,359.065601
1.0,8,359.12847
1.0,7,359.202947
1.0,15,359.338531
-1.0,5,359.389293
1.0,10,359.477495
1.0,9,359.564749
1.0,10,359.656175
1.0,10,359.754756
1.0,7,359.827198
1.0,10,359.922013
1.0,8,359.996983
1.0,9,360.069283
1.0,10,360.171476
1.0,10,360.273786
-1.0,10,360.376679
1.0,8,360.454441
-1.0,15,360.583267
1.0,12,360.697788
1.0,10,360.791312
1.0,9,360.87746
1.0,14,361.009942
1.0,10,361.110047
-1.0,7,361.180614
1.0,14,361.303906
-1.0,10,361.398849
1.0,10,361.535739
1.0,6,361.594195
1.0,5,361.641048
1.0,15,361.791208
1.0,6,361.862279
1.0,10,361.956407
1.0,7,362.028292
-1.0,9,362.111246
-1.0,8,362.19697
1.0,12,362.312496
-1.0,10,362.406889
1.0,13,362.515182
-1.0,12,362.635465
1.0,9,362.713517
1.0,9,362.796458
-1.0,9,362.889644
1.0,12,363.014358
-1.0,14,363.136024
1.0,9,363.223034
-1.0,9,363.31389
-1.0,9,363.405738
1.0,9,363.486469
-1.0,16,363.621858
-1.0,12,363.735712
1.0,11,363.852891
1.0,11,363.953587
1.0,10,364.031031
-1.0,13,364.156697
-1.0,11,364.28194
-1.0,14,364.423234
1.0,11,364.518883
1.0,9,364.606838
1.0,6,364.674964
-1.0,11,364.791703
-1.0,16,364.931571
1.0,12,365.03266
1.0,12,365.160252
-1.0,11,365.267909
1.0,13,365.382178
-1.0,13,365.508344
1.0,10,365.612226
-1.0,16,365.756194
1.0,14,365.900383
-1.0,10,365.999168
1.0,7,366.066025
1.0,9,366.163386
1.0,12,366.281288
1.0,6,366.333168
1.0,10,366.450337
1.0,8,366.519111
-1.0,15,366.650479
1.0,6,366.712276
1.0,11,366.825162
1.0,15,366.940328
-1.0,12,367.041128
-1.0,10,367.142271
1.0,10,367.243524
-1.0,12,367.356904
-1.0,9,367.446845
1.0,15,367.580984
1.0,11,367.700924
1.0,13,367.831519
1.0,10,367.929147
1.0,9,368.001066
1.0,7,368.070947
1.0,7,368.139081
1.0,8,368.222096
1.0,9,368.301992
1.0,9,368.394859
1.0,8,368.453274
1.0,12,368.533038
1.0,8,368.595117
1.0,14,368.737984
1.0,11,368.828984
1.0,14,368.959284
-1.0,8,369.044077
1.0,11,369.149837
1.0,7,369.216154
1.0,9,369.31618
1.0,9,369.402589
1.0,12,369.517968
1.0,8,369.606409
-1.0,15,369.752931
-1.0,15,369.890628
-1.0,8,369.982817
-1.0,6,370.036796
1.0,13,370.149528
1.0,18,370.311168
1.0,5,370.365756
1.0,11,370.475977
-1.0,7,370.534254
1.0,15,370.671534
1.0,9,370.75359
-1.0,9,370.845683
1.0,10,370.949594
-1.0,6,371.006761
1.0,10,371.109357
-1.0,10,371.20815
1.0,6,371.260685
1.0,11,371.365253
-1.0,9,371.460297
1.0,5,371.510231
1.0,11,371.619368
1.0,17,371.767239
1.0,10,371.916037
-1.0,8,371.986941
1.0,7,372.054501
1.0,6,372.108147
1.0,14,372.241661
1.0,9,372.32029
1.0,11,372.419778
-1.0,15,372.549466
1.0,6,372.616022
1.0,8,372.689379
1.0,9,372.779531
1.0,8,372.85961
1.0,9,372.953548
1.0,16,373.094642
1.0,6,373.154492
1.0,5,373.195189
1.0,11,373.30308
1.0,16,373.450318
-1.0,9,373.527302
1.0,9,373.608713
1.0,7,373.688756
1.0,14,373.816959
1.0,13,373.941726
-1.0,10,374.03101
1.0,9,374.131574
1.0,8,374.205854
-1.0,8,374.274786
1.0,18,374.414359
-1.0,10,374.525679
1.0,14,374.647811
1.0,10,374.744714
1.0,12,374.872692
-1.0,7,374.948596
1.0,11,375.039608
1.0,11,375.143742
1.0,7,375.20993
-1.0,16,375.376548
1.0,8,375.455037
-1.0,8,375.533259
1.0,8,375.592336
1.0,12,375.712327
1.0,10,375.80791
1.0,7,375.87285
1.0,13,375.983726
1.0,13,376.119443
-1.0,13,376.239776
1.0,13,376.348877
1.0,7,376.418092
1.0,7,376.49166
-1.0,8,376.57764
1.0,8,376.660105
1.0,8,376.744111
-1.0,6,376.816308
1.0,12,376.909313
-1.0,14,377.039122
1.0,11,377.134817
1.0,11,377.26
1.0,11,377.367842
1.0,10,377.459661
1.0,11,377.564836
-1.0,11,377.676112
1.0,8,377.752405
-1.0,12,377.861967
1.0,14,377.96805
-1.0,10,378.071559
1.0,12,378.180088
1.0,6,378.233608
1.0,9,378.31011
1.0,9,378.415402
-1.0,14,378.541414
1.0,7,378.60908
-1.0,8,378.687898
1.0,9,378.774409
-1.0,6,378.835562
1.0,5,378.880486
1.0,7,378.945737
1.0,7,379.01196
-1.0,16,379.157396
1.0,8,379.228648
1.0,7,379.286131
-1.0,9,379.38464
-1.0,13,379.519917
1.0,5,379.564691
1.0,17,379.716314
1.0,8,379.80308
1.0,8,379.879307
1.0,9,379.954153
1.0,9,380.045016
1.0,10,380.156126
-1.0,16,380.310066
1.0,12,380.423491
1.0,7,380.488577
1.0,17,380.624641
-1.0,11,380.747177
-1.0,7,380.807783
1.0,9,380.888651
1.0,9,380.973531
1.0,11,381.068104
1.0,7,381.137435
1.0,14,381.271978
1.0,10,381.377197
1.0,5,381.421466
1.0,17,381.568239
-1.0,13,381.68361
-1.0,6,381.766328
1.0,11,381.886287
-1.0,9,381.966446
-1.0,8,382.050889
1.0,10,382.145096
-1.0,10,382.239121
1.0,6,382.29126
1.0,5,382.34443
-1.0,13,382.48459
1.0,4,382.524323
1.0,4,382.562911
1.0,4,382.603067
-1.0,10,382.704501
1.0,13,382.831666
1.0,9,382.925855
-1.0,10,383.024117
1.0,9,383.12615
1.0,8,383.199076
-1.0,11,383.299802
-1.0,17,383.453495
-1.0,13,383.58271
1.0,8,383.661266
1.0,8,383.741532
1.0,7,383.809433
1.0,6,383.873765
-1.0,18,384.022788
1.0,5,384.06376
-1.0,11,384.169819
-1.0,6,384.23962
1.0,10,384.335638
1.0,5,384.381108
-1.0,9,384.469446
1.0,10,384.581734
-1.0,8,384.660922
-1.0,11,384.759228
1.0,11,384.854468
1.0,9,384.949267
1.0,14,385.078103
1.0,17,385.239564
-1.0,11,385.341939
1.0,8,385.426227
1.0,12,385.550997
1.0,14,385.670781
1.0,7,385.739632
-1.0,9,385.833394
-1.0,9,385.931037
1.0,12,386.045588
1.0,15,386.183711
1.0,11,386.298696
1.0,13,386.416378
1.0,10,386.517992
-1.0,11,386.618863
1.0,5,386.670586
1.0,13,386.795362
1.0,8,386.868726
1.0,14,386.991834
1.0,9,387.086084
1.0,7,387.155247
1.0,13,387.278073
-1.0,15,387.401565
-1.0,12,387.525453
1.0,9,387.604397
-1.0,9,387.689244
1.0,13,387.805092
1.0,8,387.887019
1.0,7,387.9572
1.0,9,388.038457
1.0,11,388.135784
1.0,11,388.254634
-1.0,15,388.396966
-1.0,10,388.492779
-1.0,10,388.594446
1.0,14,388.730641
1.0,11,388.841151
1.0,14,388.978012
1.0,16,389.113338
1.0,9,389.213017
1.0,7,389.263375
1.0,15,389.408216
-1.0,11,389.516057
-1.0,9,389.607589
-1.0,14,389.741539
1.0,5,389.783738
1.0,16,389.932963
1.0,5,389.983472
1.0,8,390.060331
1.0,6,390.124281
-1.0,17,390.272561
1.0,8,390.352917
-1.0,13,390.464168
1.0,5,390.507503
1.0,7,390.571945
1.0,6,390.640617
1.0,8,390.709013
-1.0,11,390.812313
1.0,11,390.924148
1.0,8,391.013688
-1.0,6,391.078959
-1.0,15,391.221696
1.0,11,391.329536
1.0,16,391.485236
1.0,8,391.561289
-1.0,9,391.648712
1.0,16,391.790827
1.0,12,391.922646
1.0,7,391.980034
-1.0,11,392.091448
1.0,7,392.16398
1.0,10,392.261577
1.0,6,392.325358
-1.0,8,392.40271
1.0,5,392.446548
1.0,11,392.559383
1.0,6,392.613345
1.0,7,392.675778
1.0,15,392.81449
-1.0,11,392.920578
1.0,15,393.058053
-1.0,8,393.118503
1.0,9,393.197419
-1.0,17,393.368755
1.0,9,393.445134
-1.0,9,393.53223
1.0,10,393.632564
1.0,16,393.769633
1.0,9,393.851448
1.0,11,393.947407
1.0,12,394.064195
1.0,11,394.176143
1.0,10,394.27912
-1.0,10,394.368556
1.0,5,394.419523
1.0,13,394.547842
1.0,8,394.625148
1.0,10,394.713449
1.0,11,394.816305
1.0,6,394.882124
1.0,8,394.95742
1.0,6,395.009291
1.0,16,395.147968
1.0,8,395.232798
1.0,6,395.291187
1.0,12,395.40222
1.0,14,395.52509
-1.0,10,395.637877
-1.0,9,395.72044
-1.0,9,395.796942
-1.0,9,395.88691
1.0,8,395.969441
-1.0,13,396.091057
1.0,8,396.168407
1.0,14,396.289716
1.0,7,396.369256
1.0,16,396.512127
1.0,9,396.597842
1.0,7,396.665646
-1.0,9,396.762392
1.0,9,396.844274
1.0,10,396.948917
-1.0,15,397.093076
1.0,8,397.176883
-1.0,10,397.271315
1.0,10,397.370744
1.0,12,397.487879
1.0,6,397.551134
1.0,10,397.643925
1.0,12,397.74987
1.0,11,397.842098
1.0,8,397.93129
-1.0,4,397.976349
1.0,9,398.063391
1.0,6,398.113411
1.0,12,398.234169
1.0,12,398.351104
1.0,11,398.459855
-1.0,4,398.498043
1.0,12,398.626915
1.0,10,398.714593
1.0,9,398.80874
-1.0,7,398.87478
1.0,9,398.988319
1.0,9,399.062893
-1.0,9,399.154153
-1.0,5,399.204732
1.0,14,399.356004
1.0,11,399.459627
1.0,5,399.498784
1.0,5,399.540581
-1.0,11,399.65111
1.0,6,399.70338
1.0,8,399.775361
-1.0,7,399.846001
1.0,10,399.957736
1.0,13,400.082444
1.0,7,400.160731
1.0,5,400.208254
1.0,12,400.320705
-1.0,13,400.443658
1.0,12,400.552557
-1.0,13,400.681108
1.0,8,400.767703
1.0,14,400.895535
1.0,13,400.994004
1.0,15,401.118629
1.0,12,401.23941
1.0,5,401.285302
1.0,11,401.392137
1.0,9,401.468084
-1.0,16,401.614532
-1.0,12,401.734217
1.0,10,401.828511
1.0,9,401.91225
-1.0,8,401.996642
1.0,6,402.048668
1.0,8,402.1217
1.0,14,402.262067
1.0,6,402.33978
1.0,18,402.505837
1.0,9,402.571461
1.0,9,402.649246
-1.0,17,402.791253
1.0,8,402.861009
1.0,10,402.951869
1.0,17,403.082687
1.0,6,403.153199
1.0,14,403.276943
1.0,12,403.386689
1.0,11,403.481849
-1.0,14,403.625562
1.0,13,403.737046
1.0,14,403.857555
1.0,10,403.955249
1.0,7,404.031935
1.0,10,404.122463
-1.0,8,404.194965
1.0,14,404.42813
1.0,10,404.502981
1.0,11,404.594467
1.0,12,404.697239
1.0,10,404.77119
1.0,12,404.865901
-1.0,11,404.966348
-1.0,13,405.077309
1.0,10,405.179289
-1.0,4,405.227911
-1.0,11,405.337394
1.0,10,405.436189
1.0,8,405.510142
1.0,11,405.551347
1.0,7,405.572112
1.0,12,405.650224
-1.0,6,405.691275
1.0,13,405.805153
-1.0,14,405.914184
-1.0,18,406.079971
1.0,11,406.176726
1.0,17,406.379583
1.0,7,406.473915
1.0,13,406.598615
-1.0,16,406.76423
1.0,8,406.864843
1.0,10,406.967942
-1.0,12,407.101183
1.0,9,407.186651
1.0,8,407.272146
1.0,11,407.392128
1.0,10,407.493157
1.0,12,407.613822
1.0,13,407.752381
1.0,12,407.863676
1.0,9,407.953666
1.0,12,408.081716
1.0,7,408.162733
-1.0,7,408.230816
1.0,9,408.329175
1.0,11,408.425753
1.0,12,408.55209
1.0,5,408.613544
1.0,8,408.696158
1.0,7,408.758625
1.0,12,408.892638
-1.0,17,409.05331
1.0,10,409.146775
-1.0,6,409.209573
1.0,12,409.338398
1.0,12,409.450401
1.0,16,409.605116
-1.0,7,409.677647
1.0,5,409.739626
1.0,5,409.787133
-1.0,8,409.876906
1.0,10,409.969644
1.0,12,410.105878
1.0,6,410.170658
1.0,8,410.254494
1.0,9,410.345343
1.0,8,410.441121
-1.0,13,410.573577
-1.0,17,410.72794
1.0,11,410.845185
1.0,6,410.927633
1.0,10,411.026541
-1.0,13,411.158252
1.0,12,411.315287
1.0,9,411.444088
1.0,5,411.493349
1.0,9,411.586189
1.0,9,411.690277
-1.0,17,411.859879
-1.0,11,411.971732
1.0,15,412.12551
1.0,8,412.205181
-1.0,7,412.287298
1.0,10,412.396045
1.0,14,412.52595
1.0,7,412.598294
-1.0,15,412.742306
1.0,8,412.818185
1.0,9,412.903988
1.0,6,412.961215
1.0,5,413.027581
1.0,5,413.079979
1.0,8,413.17133
-1.0,16,413.344037
1.0,7,413.454177
1.0,13,413.570861
1.0,16,413.723452
1.0,11,413.843544
1.0,9,413.936185
1.0,15,414.075727
1.0,13,414.201995
1.0,15,414.352666
1.0,8,414.443247
-1.0,9,414.516126
-1.0,11,414.631783
1.0,15,414.772258
1.0,8,414.863979
-1.0,8,414.945657
1.0,9,415.039278
1.0,12,415.162198
1.0,13,415.294683
1.0,8,415.368807
1.0,6,415.430018
1.0,7,415.507472
1.0,12,415.636465
1.0,8,415.728029
1.0,5,415.779377
-1.0,7,415.862161
1.0,11,415.983413
1.0,7,416.054547
1.0,10,416.151216
-1.0,15,416.298276
1.0,7,416.375506
1.0,6,416.432255
-1.0,12,416.560828
-1.0,19,416.740013
-1.0,12,416.864294
1.0,12,416.989623
1.0,5,417.038268
1.0,5,417.08179
1.0,13,417.232432
1.0,11,417.337725
1.0,9,417.43849
-1.0,8,417.528183
-1.0,11,417.645546
-1.0,8,417.722095
1.0,14,417.869578
1.0,14,417.996505
-1.0,16,418.149844
-1.0,17,418.310663
1.0,10,418.401626
1.0,10,418.499191
-1.0,15,418.637421
-1.0,11,418.754361
1.0,14,418.876539
1.0,15,419.013686
1.0,11,419.141123
1.0,8,419.21849
-1.0,14,419.375715
1.0,12,419.497806
1.0,8,419.583663
1.0,6,419.636688
1.0,9,419.719262
-1.0,6,419.785726
-1.0,9,419.891474
-1.0,12,420.012076
1.0,12,420.128202
1.0,6,420.190115
-1.0,13,420.329898
1.0,9,420.413924
-1.0,16,420.567112
1.0,12,420.683126
1.0,9,420.781161
1.0,10,420.875246
-1.0,4,420.913395
1.0,10,421.004158
-1.0,13,421.129478
1.0,8,421.200972
1.0,9,421.285636
1.0,9,421.360674
-1.0,9,421.45843
1.0,13,421.583769
1.0,10,421.675025
1.0,9,421.759495
1.0,8,421.848518
1.0,12,421.949477
-1.0,13,422.079204
1.0,7,422.139027
1.0,10,422.247047
1.0,9,422.323121
1.0,9,422.409447
1.0,8,422.485021
1.0,9,422.583099
-1.0,7,422.649605
1.0,12,422.760604
1.0,9,422.849395
1.0,10,422.9533
1.0,13,423.066498
1.0,11,423.160607
1.0,14,423.294645
-1.0,9,423.395792
1.0,14,423.527056
-1.0,5,423.576545
1.0,9,423.656631
1.0,6,423.715094
-1.0,9,423.809889
1.0,13,423.921651
1.0,13,424.046771
1.0,6,424.111549
1.0,5,424.153257
-1.0,9,424.231282
1.0,10,424.327359
1.0,9,424.417344
1.0,8,424.492305
1.0,9,424.572946
1.0,10,424.693045
1.0,12,424.820937
-1.0,11,424.924855
1.0,10,425.019202
1.0,14,425.126673
1.0,13,425.270786
-1.0,7,425.339422
1.0,9,425.43566
-1.0,12,425.549612
1.0,6,425.615054
1.0,6,425.674341
-1.0,8,425.748264
1.0,8,425.815834
1.0,8,425.899491
1.0,10,425.99018
1.0,6,426.055153
-1.0,12,426.166743
-1.0,13,426.307603
1.0,7,426.377396
1.0,7,426.437749
-1.0,9,426.530672
1.0,6,426.59819
1.0,13,426.714663
1.0,9,426.804902
1.0,11,426.891043
1.0,8,426.977442
1.0,12,427.088948
1.0,10,427.18381
1.0,15,427.316668
-1.0,8,427.398504
1.0,9,427.469818
-1.0,10,427.569966
1.0,8,427.63799
1.0,9,427.730964
1.0,14,427.840348
1.0,9,427.921907
-1.0,6,427.983413
-1.0,8,428.056662
1.0,18,428.203646
1.0,8,428.28164
-1.0,10,428.37721
1.0,6,428.438117
1.0,6,428.490138
1.0,12,428.602214
1.0,9,428.687314
1.0,9,428.797009
1.0,13,428.957972
-1.0,7,429.017441
-1.0,10,429.114663
1.0,8,429.190973
1.0,6,429.246302
1.0,11,429.354745
1.0,5,429.395312
-1.0,15,429.54374
-1.0,18,429.711823
1.0,9,429.79613
-1.0,14,429.916007
-1.0,6,429.986253
1.0,12,430.101254
1.0,14,430.209532
1.0,9,430.290864
-1.0,9,430.377884
-1.0,14,430.485795
1.0,4,430.518461
-1.0,12,430.633281
1.0,11,430.748741
1.0,8,430.829178
1.0,10,430.917414
1.0,11,431.010713
-1.0,6,431.084953
1.0,13,431.202048
1.0,11,431.321164
-1.0,8,431.395535
1.0,7,431.479138
1.0,15,431.61241
1.0,11,431.727129
-1.0,13,431.85784
1.0,5,431.917259
1.0,9,432.002376
-1.0,11,432.109043
1.0,13,432.218767
1.0,6,432.281183
1.0,20,432.443438
1.0,8,432.520469
1.0,8,432.600354
-1.0,13,432.742374
1.0,11,432.840501
1.0,10,432.934994
1.0,6,432.981038
1.0,10,433.081903
-1.0,11,433.180168
-1.0,10,433.268842
1.0,7,433.333159
1.0,14,433.469256
1.0,12,433.582151
1.0,9,433.676264
1.0,6,433.725198
-1.0,11,433.841775
-1.0,9,433.940327
1.0,12,434.057003
-1.0,15,434.20095
-1.0,11,434.326729
-1.0,13,434.451484
-1.0,10,434.531549
1.0,6,434.596091
1.0,6,434.666338
1.0,13,434.795956
1.0,14,434.926153
1.0,12,435.039465
-1.0,8,435.129171
1.0,5,435.173436
1.0,6,435.229635
1.0,6,435.282223
1.0,7,435.356249
1.0,5,435.40151
1.0,7,435.459785
1.0,8,435.542819
1.0,7,435.617332
1.0,6,435.673244
-1.0,10,435.772789
1.0,10,435.855782
1.0,7,435.927236
1.0,15,436.060172
-1.0,4,436.097177
-1.0,13,436.216934
1.0,15,436.364278
1.0,11,436.462658
1.0,13,436.581065
1.0,8,436.657382
-1.0,10,436.750578
1.0,7,436.822338
1.0,13,436.942487
1.0,13,437.070887
-1.0,10,437.173821
1.0,15,437.313881
-1.0,10,437.392219
1.0,9,437.483434
-1.0,15,437.634264
1.0,10,437.729159
1.0,15,437.860701
-1.0,10,437.958449
-1.0,14,438.089486
-1.0,9,438.165457
1.0,7,438.237891
1.0,8,438.3122
1.0,8,438.395546
1.0,12,438.515479
1.0,10,438.61027
1.0,6,438.669477
-1.0,9,438.777715
1.0,11,438.877295
-1.0,10,438.973233
1.0,11,439.091267
-1.0,12,439.221698
1.0,11,439.327434
1.0,13,439.438693
1.0,12,439.544494
1.0,14,439.673976
-1.0,13,439.814058
1.0,13,439.930887
-1.0,12,440.046405
-1.0,5,440.107754
1.0,12,440.216998
1.0,9,440.307411
1.0,9,440.404346
1.0,9,440.493145
1.0,5,440.532881
1.0,8,440.598657
1.0,7,440.659938
1.0,6,440.720428
-1.0,16,440.86577
-1.0,7,440.939461
1.0,11,441.043926
1.0,8,441.126986
-1.0,6,441.187389
1.0,6,441.248378
1.0,8,441.324274
-1.0,15,441.45896
1.0,9,441.534816
1.0,16,441.684243
1.0,8,441.757886
1.0,12,441.878968
1.0,8,441.959334
1.0,7,442.022008
1.0,10,442.123689
-1.0,15,442.268635
1.0,16,442.409314
1.0,11,442.512303
1.0,11,442.607635
1.0,5,442.667985
-1.0,11,442.767398
1.0,11,442.872388
-1.0,15,443.019969
1.0,7,443.099932
1.0,9,443.182492
-1.0,17,443.340189
-1.0,16,443.487573
1.0,8,443.56764
1.0,5,443.606275
1.0,13,443.728791
1.0,12,443.837537
-1.0,17,443.977509
-1.0,13,444.101808
1.0,13,444.218742
1.0,7,444.283204
1.0,8,444.363582
1.0,12,444.479256
-1.0,8,444.562558
1.0,7,444.636546
-1.0,10,444.734178
1.0,18,444.881881
-1.0,12,444.99401
1.0,12,445.09569
-1.0,8,445.167407
1.0,8,445.237082
1.0,9,445.319471
1.0,7,445.387567
1.0,7,445.464334
1.0,11,445.555759
1.0,10,445.655384
1.0,10,445.745455
-1.0,14,445.883074
1.0,14,446.010078
1.0,13,446.149719
-1.0,17,446.281062
1.0,9,446.371473
1.0,7,446.433823
1.0,7,446.496378
-1.0,12,446.604255
1.0,10,446.704414
1.0,9,446.791941
1.0,7,446.859256
-1.0,16,447.000521
1.0,15,447.144479
-1.0,9,447.223639
-1.0,11,447.31914
-1.0,12,447.420017
-1.0,16,447.575224
1.0,13,447.697394
1.0,6,447.762135
-1.0,10,447.847532
1.0,13,447.970591
1.0,10,448.060002
1.0,11,448.162553
-1.0,10,448.259825
1.0,12,448.382083
1.0,13,448.498106
1.0,8,448.56814
1.0,9,448.654503
1.0,6,448.716731
1.0,7,448.786857
-1.0,6,448.838683
1.0,12,448.947109
-1.0,8,449.038421
1.0,10,449.136662
1.0,13,449.239777
1.0,8,449.316609
1.0,13,449.454392
1.0,6,449.51176
-1.0,12,449.62247
1.0,6,449.671484
1.0,8,449.763951
1.0,12,449.87167
1.0,13,450.003873
1.0,7,450.053278
1.0,8,450.137813
-1.0,16,450.269547
-1.0,12,450.381971
1.0,10,450.469405
-1.0,8,450.551688
1.0,13,450.677259
1.0,11,450.764737
1.0,13,450.880339
1.0,5,450.927402
1.0,13,451.040668
1.0,16,451.204966
1.0,6,451.271222
1.0,9,451.375665
1.0,7,451.464695
-1.0,10,451.589262
-1.0,12,451.705542
-1.0,17,451.840878
1.0,6,451.882833
1.0,12,451.972924
-1.0,14,452.099923
1.0,8,452.174598
1.0,11,452.281313
-1.0,9,452.374479
1.0,9,452.478853
1.0,12,452.598789
1.0,6,452.669951
-1.0,10,452.767228
1.0,7,452.840647
1.0,13,452.979478
1.0,9,453.06532
1.0,8,453.158994
1.0,5,453.210848
1.0,10,453.314539
1.0,8,453.396802
-1.0,19,453.586606
-1.0,6,453.654324
1.0,11,453.782062
1.0,13,453.912239
1.0,7,453.975864
1.0,14,454.089994
1.0,9,454.191547
1.0,9,454.269753
1.0,9,454.349458
1.0,7,454.414526
1.0,6,454.480793
1.0,7,454.538757
1.0,7,454.610109
1.0,9,454.69351
1.0,9,454.803408
-1.0,14,454.921311
1.0,13,455.032077
1.0,9,455.12744
1.0,11,455.24398
1.0,13,455.362497
1.0,8,455.434751
1.0,10,455.506593
-1.0,10,455.629012
1.0,8,455.699721
1.0,9,455.782948
1.0,10,455.87312
1.0,9,455.9774
-1.0,11,456.079206
1.0,10,456.181041
1.0,14,456.297947
1.0,5,456.37133
1.0,8,456.456433
1.0,14,456.588345
-1.0,9,456.668486
-1.0,7,456.747714
1.0,12,456.873873
1.0,15,457.021828
1.0,11,457.1222
-1.0,6,457.195185
-1.0,7,457.266592
-1.0,9,457.351806
-1.0,13,457.458342
1.0,18,457.636755
1.0,16,457.776712
1.0,10,457.863671
1.0,11,457.974303
1.0,9,458.064749
1.0,14,458.197968
-1.0,7,458.27137
1.0,6,458.32198
1.0,8,458.416263
-1.0,11,458.535415
1.0,11,458.64078
1.0,6,458.694333
1.0,11,458.78997
-1.0,9,458.856153
1.0,5,458.903766
-1.0,8,458.995121
1.0,8,459.073873
-1.0,14,459.231326
1.0,10,459.321319
1.0,7,459.39411
-1.0,8,459.488349
1.0,11,459.612454
-1.0,10,459.705473
1.0,6,459.766048
1.0,12,459.897275
-1.0,15,460.04619
1.0,11,460.162932
1.0,5,460.217672
1.0,8,460.301046
-1.0,11,460.402838
-1.0,16,460.5825
1.0,15,460.734391
1.0,5,460.787786
1.0,11,460.887121
-1.0,11,460.992701
1.0,6,461.046662
-1.0,12,461.180638
1.0,10,461.273339
1.0,11,461.369632
1.0,9,461.45725
1.0,8,461.541409
-1.0,13,461.661881
1.0,7,461.734164
-1.0,6,461.782764
1.0,10,461.88896
1.0,8,461.97001
1.0,10,462.063663
1.0,9,462.158946
-1.0,6,462.226917
-1.0,11,462.334352
1.0,10,462.424292
1.0,11,462.525403
1.0,13,462.657137
-1.0,9,462.751116
1.0,11,462.859728
1.0,7,462.930042
1.0,9,463.027515
-1.0,11,463.133024
1.0,5,463.179738
-1.0,11,463.286358
1.0,16,463.427616
1.0,8,463.508311
1.0,10,463.601044
-1.0,11,463.686973
-1.0,10,463.799292
1.0,10,463.885827
1.0,9,463.977744
1.0,11,464.072257
1.0,17,464.221018
1.0,4,464.246759
1.0,7,464.307823
1.0,7,464.371102
1.0,7,464.459363
-1.0,17,464.61519
1.0,8,464.695045
1.0,6,464.753999
1.0,10,464.848673
1.0,4,464.883752
1.0,15,465.020114
-1.0,9,465.108368
1.0,6,465.179281
1.0,8,465.24439
1.0,8,465.318232
-1.0,4,465.357365
1.0,10,465.464739
1.0,11,465.57666
1.0,9,465.6643
-1.0,11,465.752726
-1.0,14,465.881011
1.0,9,465.965686
1.0,6,466.020579
-1.0,8,466.089798
1.0,15,466.231112
-1.0,11,466.348105
1.0,8,466.423846
-1.0,8,466.504522
1.0,15,466.640678
-1.0,6,466.696759
1.0,9,466.759803
1.0,11,466.871675
1.0,8,466.960397
-1.0,12,467.082873
1.0,9,467.16522
1.0,10,467.265946
-1.0,10,467.382155
1.0,7,467.449489
1.0,6,467.50356
1.0,10,467.59315
1.0,9,467.68893
1.0,5,467.731041
1.0,6,467.793711
1.0,12,467.90579
1.0,11,468.013287
1.0,10,468.113133
1.0,11,468.218046
1.0,10,468.315826
1.0,10,468.414436
-1.0,14,468.54452
1.0,11,468.63968
1.0,7,468.712964
1.0,10,468.816584
-1.0,13,468.926424
1.0,5,468.97043
1.0,10,469.053602
1.0,5,469.115396
1.0,5,469.160952
1.0,8,469.22857
1.0,6,469.282899
1.0,7,469.356661
-1.0,13,469.478182
-1.0,8,469.55787
1.0,8,469.636299
1.0,9,469.739072
-1.0,17,469.890785
1.0,10,469.983709
1.0,5,470.036509
1.0,7,470.104362
1.0,12,470.223071
1.0,14,470.351342
1.0,16,470.506424
1.0,12,470.642611
-1.0,14,470.77167
1.0,11,470.869237
1.0,10,470.962021
1.0,14,471.087769
-1.0,7,471.166844
-1.0,8,471.251859
1.0,9,471.339107
1.0,9,471.435486
1.0,7,471.500684
-1.0,12,471.617821
1.0,6,471.677522
1.0,12,471.790932
-1.0,5,471.840043
-1.0,9,471.92535
1.0,7,471.999341
1.0,12,472.119417
1.0,8,472.199545
-1.0,9,472.283638
1.0,14,472.424732
-1.0,7,472.501588
1.0,13,472.619838
1.0,8,472.694783
1.0,7,472.758578
-1.0,9,472.873455
1.0,6,472.93395
1.0,15,473.059837
1.0,6,473.115272
1.0,8,473.203045
1.0,5,473.254479
-1.0,5,473.301211
1.0,11,473.415133
1.0,9,473.51463
-1.0,15,473.649344
-1.0,10,473.734631
1.0,15,473.874464
-1.0,8,473.955776
1.0,12,474.058635
1.0,6,474.110849
1.0,17,474.269564
-1.0,10,474.357376
1.0,6,474.407825
1.0,10,474.497247
1.0,9,474.574136
1.0,10,474.675872
1.0,9,474.75675
1.0,9,474.842061
1.0,12,474.950026
1.0,18,475.113943
1.0,10,475.21113
1.0,10,475.30552
1.0,13,475.416236
1.0,8,475.498275
1.0,4,475.533771
1.0,12,475.644553
1.0,6,475.706743
1.0,15,475.834568
1.0,7,475.90222
-1.0,17,476.043822
1.0,15,476.178514
1.0,8,476.259898
1.0,5,476.302279
1.0,8,476.372302
1.0,9,476.469479
1.0,5,476.520901
-1.0,17,476.682395
-1.0,10,476.774019
1.0,8,476.854427
-1.0,7,476.934849
-1.0,15,477.071602
1.0,10,477.170453
1.0,9,477.253843
1.0,15,477.401025
-1.0,11,477.503225
-1.0,11,477.610049
1.0,6,477.670666
1.0,5,477.723189
1.0,10,477.823781
1.0,16,477.971971
1.0,12,478.082404
1.0,10,478.178472
1.0,12,478.287381
-1.0,11,478.39788
-1.0,14,478.515265
1.0,10,478.630785
1.0,8,478.71686
1.0,7,478.781784
1.0,6,478.847465
-1.0,12,478.966496
1.0,11,479.067132
1.0,11,479.168654
1.0,14,479.299434
1.0,10,479.39392
1.0,6,479.460789
1.0,6,479.522935
1.0,6,479.587222
1.0,9,479.6759
1.0,8,479.756703
1.0,8,479.826993
1.0,10,479.907562
1.0,7,479.969148
1.0,6,480.011995
1.0,8,480.088663
1.0,11,480.192907
1.0,5,480.247985
-1.0,14,480.37212
1.0,16,480.507582
1.0,7,480.578493
1.0,7,480.663305
-1.0,8,480.740356
1.0,11,480.842968
-1.0,9,480.919751
-1.0,12,481.034532
1.0,8,481.09842
1.0,8,481.146349
-1.0,13,481.248726
1.0,6,481.316464
1.0,4,481.356478
1.0,4,481.3887
1.0,9,481.505626
1.0,7,481.556635
-1.0,12,481.67196
1.0,9,481.740463
1.0,6,481.79064
-1.0,10,481.891541
1.0,7,481.962436
1.0,5,482.000948
1.0,10,482.084217
1.0,8,482.168489
1.0,11,482.256567
1.0,7,482.323907
-1.0,15,482.465772
-1.0,10,482.57838
1.0,9,482.660866
-1.0,7,482.729882
-1.0,14,482.87475
1.0,9,482.95953
1.0,15,483.08253
1.0,4,483.120739
-1.0,12,483.23585
1.0,9,483.328972
-1.0,15,483.48027
1.0,7,483.544989
-1.0,16,483.694902
1.0,12,483.822816
-1.0,15,483.969533
1.0,9,484.047335
1.0,5,484.101582
1.0,5,484.161458
1.0,11,484.268125
1.0,7,484.331423
-1.0,11,484.442841
1.0,5,484.490296
-1.0,18,484.64338
1.0,4,484.682661
1.0,9,484.767588
1.0,17,484.93755
1.0,10,485.040126
1.0,14,485.158718
1.0,10,485.247558
1.0,12,485.363495
1.0,9,485.429122
1.0,5,485.474256
1.0,16,485.630987
1.0,7,485.713464
-1.0,16,485.844509
-1.0,11,485.917453
1.0,9,485.939093
1.0,6,485.959478
-1.0,7,485.981005
-1.0,16,486.0277
1.0,8,486.052968
1.0,4,486.088876
1.0,9,486.146047
1.0,9,486.210759
1.0,10,486.276954
1.0,7,486.33964
1.0,8,486.385644
-1.0,7,486.419537
-1.0,6,486.438074
-1.0,14,486.495028
1.0,7,486.515821
1.0,8,486.541552
1.0,5,486.560843
1.0,7,486.594262
1.0,10,486.711325
1.0,15,486.76405
1.0,6,486.783004
1.0,12,486.830603
1.0,8,486.866169
1.0,7,486.912258
1.0,7,486.946934
-1.0,13,487.014802
-1.0,8,487.067755
1.0,10,487.140125
-1.0,10,487.180655
1.0,9,487.219759
1.0,4,487.232104
-1.0,12,487.266325
-1.0,11,487.301062
-1.0,7,487.323841
-1.0,5,487.337816
-1.0,5,487.354712
1.0,11,487.396506
1.0,7,487.422346
1.0,14,487.466912
1.0,4,487.480149
1.0,5,487.497383
1.0,16,487.538678
1.0,7,487.561049
1.0,10,487.614367
-1.0,19,487.673448
1.0,14,487.722756
1.0,12,487.754647
1.0,8,487.776724
-1.0,11,487.80689
1.0,13,487.848048
1.0,9,487.871859
1.0,8,487.891084
-1.0,8,487.921086
1.0,10,487.955025
-1.0,11,488.018045
1.0,11,488.090453
1.0,11,488.127075
1.0,12,488.161218
-1.0,10,488.195529
1.0,12,488.227427
1.0,7,488.24738
1.0,5,488.267229
-1.0,16,488.307175
1.0,15,488.34664
1.0,9,488.377204
-1.0,20,488.431353
1.0,7,488.449435
1.0,9,488.483849
1.0,14,488.530079
1.0,7,488.560766
1.0,6,488.580353
1.0,5,488.599916
1.0,8,488.628011
1.0,13,488.680013
1.0,14,488.728519
-1.0,18,488.780043
1.0,5,488.794818
1.0,7,488.82563
1.0,12,488.857928
1.0,10,488.884357
1.0,6,488.902909
-1.0,10,488.939708
-1.0,10,488.977673
1.0,5,488.992419
1.0,14,489.034974
1.0,9,489.065637
1.0,7,489.087045
1.0,6,489.10354
1.0,5,489.119294
1.0,11,489.156351
1.0,9,489.185466
1.0,6,489.206059
-1.0,11,489.233334
1.0,10,489.264218
1.0,9,489.286036
-1.0,12,489.317987
1.0,10,489.343857
-1.0,15,489.388748
1.0,6,489.40307
-1.0,10,489.432349
1.0,5,489.443544
1.0,10,489.47636
1.0,4,489.485765
1.0,8,489.509937
1.0,11,489.537451
1.0,5,489.55468
-1.0,12,489.588756
-1.0,8,489.612046
-1.0,11,489.643517
1.0,9,489.672667
1.0,6,489.690871
1.0,13,489.729907
1.0,5,489.743403
1.0,4,489.75864
1.0,7,489.778319
1.0,15,489.816791
1.0,6,489.830895
1.0,9,489.862499
-1.0,17,489.903742
1.0,11,489.935867
-1.0,11,489.965412
1.0,5,489.987062
1.0,9,490.013695
1.0,11,490.046799
-1.0,9,490.067829
1.0,10,490.09693
1.0,14,490.136235
-1.0,10,490.163068
-1.0,8,490.184044
1.0,5,490.206411
1.0,6,490.225703
1.0,13,490.274065
1.0,5,490.297976
1.0,6,490.323023
1.0,9,490.355251
-1.0,12,490.401569
-1.0,13,490.454788
1.0,7,490.487761
1.0,7,490.514563
-1.0,7,490.540432
1.0,6,490.562674
1.0,4,490.580179
1.0,6,490.600348
1.0,4,490.614246
1.0,8,490.639978
1.0,7,490.667752
1.0,13,490.71341
1.0,11,490.810935
1.0,9,490.846183
1.0,4,490.86116
-1.0,14,490.90625
1.0,4,490.918137
1.0,14,490.960891
1.0,11,490.993736
1.0,4,491.006812
1.0,10,491.036164
-1.0,15,491.08543
1.0,9,491.120621
-1.0,11,491.161062
-1.0,14,491.217559
-1.0,15,491.276731
1.0,7,491.299712
1.0,5,491.312573
1.0,4,491.322645
1.0,7,491.347868
1.0,4,491.368027
1.0,4,491.379252
1.0,5,491.39179
1.0,5,491.407279
1.0,10,491.445527
1.0,10,491.480469
1.0,6,491.501268
1.0,7,491.529117
1.0,7,491.549282
-1.0,10,491.582267
-1.0,8,491.607765
1.0,9,491.636411
1.0,12,491.680567
1.0,6,491.69778
1.0,6,491.71527
1.0,11,491.752046
-1.0,15,491.803888
1.0,11,491.837661
1.0,7,491.863946
1.0,14,491.920159
1.0,9,491.95578
1.0,5,491.970821
-1.0,18,492.076674
1.0,12,492.111987
1.0,6,492.137218
1.0,6,492.165911
1.0,12,492.215945
1.0,5,492.240896
1.0,8,492.276406
1.0,13,492.332584
1.0,4,492.343412
1.0,9,492.378113
1.0,8,492.409223
1.0,5,492.428056
1.0,4,492.441291
1.0,7,492.46614
-1.0,11,492.515006
1.0,6,492.538195
-1.0,13,492.581786
1.0,4,492.593385
1.0,9,492.629107
1.0,12,492.67198
1.0,12,492.713183
1.0,7,492.738271
1.0,4,492.755338
1.0,4,492.767539
1.0,12,492.806671
1.0,13,492.842804
1.0,5,492.861112
-1.0,11,492.897999
1.0,4,492.913262
1.0,6,492.93575
1.0,4,492.953266
-1.0,10,492.98732
1.0,4,493.002579
1.0,13,493.050576
-1.0,7,493.087605
1.0,4,493.101599
1.0,5,493.117983
1.0,4,493.130886
1.0,10,493.16765
1.0,4,493.179078
1.0,5,493.197379
1.0,4,493.210636
1.0,5,493.231099
1.0,4,493.244442
1.0,6,493.263322
-1.0,12,493.301555
1.0,5,493.322335
1.0,5,493.336386
1.0,10,493.36964
1.0,5,493.385572
1.0,9,493.420879
1.0,6,493.442814
1.0,13,493.484442
1.0,10,493.580841
1.0,9,493.612217
-1.0,13,493.648341
1.0,9,493.675719
1.0,4,493.688626
1.0,6,493.713695
-1.0,19,493.767292
1.0,10,493.797755
1.0,9,493.823183
1.0,9,493.856321
1.0,7,493.877843
-1.0,8,493.903768
-1.0,4,493.917713
1.0,9,493.958808
-1.0,14,494.000004
1.0,4,494.012036
1.0,4,494.024896
1.0,4,494.042473
1.0,12,494.084736
1.0,4,494.09618
1.0,18,494.149431
1.0,7,494.17241
1.0,9,494.202446
1.0,8,494.228691
1.0,9,494.259168
1.0,6,494.279901
1.0,12,494.323755
1.0,9,494.405197
1.0,6,494.434302
1.0,9,494.466136
1.0,4,494.478158
-1.0,11,494.510084
1.0,4,494.521681
1.0,6,494.544558
1.0,4,494.555619
1.0,6,494.571907
1.0,12,494.608118
1.0,15,494.659855
1.0,8,494.680746
1.0,4,494.692423
1.0,6,494.708419
1.0,12,494.74893
1.0,4,494.760922
1.0,9,494.795703
1.0,8,494.817029
-1.0,15,494.866727
1.0,4,494.877614
-1.0,9,494.899659
-1.0,14,494.943279
-1.0,9,494.988067
-1.0,11,495.038871
1.0,10,495.090075
1.0,12,495.128203
1.0,4,495.145531
1.0,12,495.175751
-1.0,12,495.214052
1.0,9,495.250953
-1.0,5,495.286785
1.0,9,495.33014
-1.0,9,495.373203
1.0,4,495.387201
1.0,8,495.426615
1.0,9,495.458143
1.0,10,495.484092
1.0,10,495.509824
1.0,5,495.524344
-1.0,12,495.589113
1.0,7,495.620656
1.0,4,495.632743
1.0,12,495.675994
1.0,5,495.69902
1.0,5,495.721939
1.0,6,495.765729
1.0,4,495.79364
1.0,4,495.813819
1.0,5,495.85538
-1.0,8,495.908941
1.0,11,495.980529
1.0,5,496.003843
1.0,4,496.019758
1.0,5,496.032695
1.0,5,496.066416
1.0,9,496.111884
1.0,7,496.129621
1.0,5,496.143275
1.0,8,496.182091
1.0,4,496.201744
1.0,5,496.217896
1.0,12,496.252823
1.0,14,496.289251
-1.0,17,496.35064
1.0,9,496.381587
1.0,13,496.428799
1.0,10,496.467462
1.0,13,496.512622
1.0,7,496.529914
1.0,8,496.552881
1.0,13,496.592471
-1.0,8,496.620608
1.0,7,496.64991
1.0,10,496.682272
1.0,13,496.739933
-1.0,7,496.759668
1.0,7,496.779353
1.0,11,496.808312
1.0,6,496.830116
1.0,8,496.851637
1.0,8,496.874551
1.0,8,496.899105
1.0,10,496.935172
-1.0,8,496.959386
1.0,10,496.988941
1.0,4,496.999373
1.0,4,497.014287
1.0,4,497.025913
1.0,8,497.0513
-1.0,13,497.087916
-1.0,13,497.127753
1.0,12,497.157673
1.0,5,497.174793
1.0,7,497.203592
1.0,6,497.228023
1.0,11,497.260182
1.0,4,497.272456
1.0,12,497.310096
1.0,4,497.332006
1.0,8,497.363241
1.0,6,497.381906
1.0,10,497.434458
1.0,8,497.481291
1.0,8,497.52778
1.0,11,497.589413
-1.0,7,497.612448
-1.0,5,497.628352
-1.0,7,497.648367
1.0,13,497.679287
1.0,4,497.69251
-1.0,7,497.740421
1.0,5,497.756108
1.0,8,497.77936
1.0,8,497.800035
1.0,5,497.820935
-1.0,11,497.857594
1.0,5,497.872545
1.0,10,497.901488
1.0,8,497.931991
1.0,6,497.949144
1.0,8,497.974913
1.0,14,498.010004
1.0,9,498.037032
1.0,8,498.056012
1.0,9,498.080705
1.0,6,498.098886
1.0,8,498.123407
1.0,7,498.138957
1.0,7,498.156507
1.0,4,498.167224
1.0,4,498.182633
1.0,8,498.210803
-1.0,9,498.237681
1.0,4,498.249022
1.0,8,498.277204
-1.0,11,498.311738
1.0,12,498.342306
-1.0,12,498.377985
1.0,12,498.423326
1.0,7,498.447446
-1.0,9,498.480943
-1.0,13,498.520776
-1.0,7,498.547014
1.0,8,498.569405
-1.0,4,498.582937
1.0,15,498.629806
1.0,10,498.656401
1.0,8,498.683335
1.0,9,498.71229
1.0,6,498.729122
-1.0,16,498.775829
1.0,4,498.78762
1.0,4,498.795768
1.0,8,498.818262
1.0,11,498.853329
1.0,11,498.903832
1.0,4,498.920213
-1.0,9,498.9532
1.0,10,498.986742
1.0,6,499.004418
1.0,8,499.023912
-1.0,9,499.048516
1.0,8,499.075092
-1.0,8,499.092617
1.0,4,499.101956
-1.0,12,499.129175
1.0,6,499.150719
1.0,5,499.166653
1.0,9,499.193159
1.0,6,499.210155
1.0,8,499.237365
1.0,12,499.273891
1.0,11,499.307499
1.0,9,499.336435
1.0,7,499.364867
1.0,5,499.389341
1.0,6,499.417472
-1.0,13,499.460834
-1.0,12,499.501241
1.0,12,499.541851
-1.0,11,499.580434
1.0,6,499.640761
1.0,9,499.679068
1.0,13,499.755201
1.0,6,499.793286
1.0,11,499.838907
1.0,9,499.875416
-1.0,14,499.924825
1.0,5,499.938881
1.0,9,499.967889
-1.0,8,499.991565
1.0,9,500.021964
1.0,9,500.050743
-1.0,14,500.100903
1.0,6,500.125861
1.0,7,500.15142
1.0,13,500.188218
-1.0,15,500.23421
-1.0,7,500.265029
1.0,14,500.316494
-1.0,12,500.357977
-1.0,8,500.383356
1.0,11,500.421515
-1.0,12,500.460428
1.0,12,500.493518
1.0,6,500.5133
1.0,6,500.537494
1.0,7,500.559439
1.0,8,500.588464
-1.0,13,500.6286
1.0,11,500.681894
1.0,13,500.720067
1.0,10,500.778112
1.0,8,500.810992
1.0,5,500.838087
1.0,6,500.856821
-1.0,7,500.876618
1.0,10,500.907465
1.0,9,500.934495
1.0,6,500.953496
1.0,7,500.972945
1.0,9,501.001751
-1.0,7,501.023826
1.0,4,501.036687
1.0,14,501.095052
1.0,5,501.117035
1.0,15,501.172076
1.0,17,501.226041
1.0,4,501.234575
1.0,4,501.2448
-1.0,14,501.280261
-1.0,11,501.309389
1.0,9,501.332848
1.0,15,501.395163
1.0,15,501.474332
1.0,7,501.51022
1.0,8,501.535364
1.0,6,501.555682
1.0,8,501.583701
1.0,9,501.611873
1.0,10,501.63818
1.0,14,501.674285
1.0,9,501.714728
1.0,8,501.743248
1.0,5,501.761178
1.0,6,501.775312
1.0,7,501.800802
1.0,11,501.83366
1.0,14,501.868513
1.0,10,501.892983
-1.0,9,501.922876
1.0,9,501.948966
1.0,10,501.975424
1.0,7,501.991026
1.0,11,502.078196
1.0,8,502.110321
1.0,6,502.132221
1.0,13,502.180968
1.0,8,502.20902
1.0,6,502.231465
-1.0,10,502.271165
1.0,9,502.300755
1.0,12,502.339938
-1.0,9,502.370525
1.0,12,502.403677
-1.0,6,502.426424
1.0,7,502.452332
1.0,4,502.463748
1.0,9,502.489606
1.0,6,502.505189
-1.0,8,502.529068
1.0,5,502.54242
1.0,8,502.563432
1.0,6,502.578224
1.0,5,502.593814
1.0,7,502.613449
1.0,5,502.626837
1.0,4,502.642142
1.0,8,502.672214
-1.0,14,502.750499
1.0,5,502.770117
1.0,9,502.793586
-1.0,12,502.834155
1.0,4,502.844409
1.0,8,502.863973
1.0,12,502.909504
1.0,8,502.950796
1.0,8,502.988177
-1.0,11,503.039522
1.0,10,503.08388
1.0,12,503.124328
-1.0,15,503.171487
1.0,12,503.235989
1.0,12,503.31289
-1.0,9,503.352171
1.0,7,503.383388
1.0,7,503.409184
-1.0,11,503.438715
1.0,11,503.472373
1.0,11,503.501955
-1.0,12,503.53286
1.0,9,503.558734
1.0,6,503.575049
1.0,15,503.612849
1.0,8,503.63226
-1.0,10,503.659991
-1.0,17,503.710433
1.0,15,503.753605
1.0,11,503.779546
1.0,11,503.811885
1.0,12,503.861674
1.0,10,503.890684
1.0,11,503.922379
1.0,9,503.949783
1.0,6,503.972313
1.0,13,504.004588
-1.0,14,504.050283
1.0,12,504.081021
1.0,5,504.094885
-1.0,15,504.131714
1.0,13,504.16226
1.0,10,504.186005
1.0,7,504.204477
1.0,7,504.228482
1.0,8,504.25532
1.0,7,504.282364
1.0,7,504.305257
1.0,6,504.32073
1.0,6,504.33834
1.0,14,504.404797
1.0,8,504.431732
1.0,7,504.453295
1.0,5,504.473548
1.0,12,504.541611
1.0,4,504.55955
-1.0,10,504.60222
1.0,13,504.643937
-1.0,16,504.682564
1.0,12,504.711778
1.0,5,504.72533
-1.0,9,504.749051
1.0,9,504.771845
-1.0,5,504.793221
1.0,13,504.841576
-1.0,18,504.88358
1.0,5,504.898115
-1.0,7,504.927266
1.0,6,504.966727
1.0,9,505.018688
1.0,9,505.067214
1.0,9,505.099197
-1.0,11,505.126872
1.0,6,505.142886
1.0,10,505.170372
1.0,8,505.207184
1.0,4,505.22244
1.0,6,505.240468
1.0,9,505.272094
-1.0,9,505.309735
1.0,6,505.334296
1.0,7,505.357172
-1.0,7,505.377611
1.0,6,505.396486
1.0,6,505.408457
1.0,12,505.437101
1.0,10,505.471992
-1.0,18,505.518976
-1.0,16,505.563292
1.0,7,505.588799
1.0,4,505.604609
1.0,7,505.65296
1.0,6,505.675623
1.0,6,505.696092
1.0,9,505.729669
-1.0,11,505.841237
1.0,8,505.871578
1.0,7,505.892442
-1.0,12,505.926914
1.0,6,505.945598
-1.0,15,506.001218
1.0,9,506.027316
-1.0,11,506.062208
-1.0,9,506.095201
1.0,11,506.127484
1.0,9,506.160384
1.0,4,506.172061
1.0,8,506.208417
1.0,7,506.232633
1.0,6,506.246493
1.0,6,506.265659
1.0,14,506.30896
1.0,7,506.340391
1.0,7,506.364218
-1.0,9,506.395064
1.0,13,506.443035
1.0,11,506.476868
1.0,8,506.501456
1.0,8,506.532428
-1.0,8,506.573961
-1.0,12,506.60888
1.0,12,506.641214
1.0,9,506.667797
1.0,9,506.696068
-1.0,7,506.725297
1.0,9,506.767236
1.0,9,506.814589
1.0,6,506.835922
1.0,8,506.855015
1.0,4,506.8674
1.0,5,506.883435
1.0,4,506.900479
1.0,5,506.916627
1.0,4,506.931442
1.0,4,506.94404
1.0,15,506.99843
1.0,4,507.011319
1.0,6,507.0299
1.0,10,507.064208
-1.0,13,507.103233
1.0,5,507.120692
-1.0,9,507.150953
-1.0,11,507.194566
-1.0,5,507.216208
1.0,13,507.269827
-1.0,6,507.290042
1.0,4,507.301073
1.0,9,507.328053
1.0,4,507.340333
1.0,10,507.370267
1.0,6,507.388081
1.0,6,507.415396
1.0,7,507.433805
-1.0,12,507.469627
1.0,4,507.480721
1.0,5,507.498339
-1.0,14,507.53295
-1.0,17,507.581124
1.0,4,507.591878
-1.0,9,507.624194
1.0,12,507.680041
1.0,4,507.698246
1.0,14,507.749186
1.0,4,507.809045
1.0,15,507.849117
1.0,6,507.867286
1.0,10,507.904147
1.0,4,507.924984
1.0,6,507.945568
1.0,12,507.978106
1.0,13,508.013979
1.0,6,508.043287
1.0,5,508.062035
-1.0,16,508.104441
1.0,4,508.11422
1.0,4,508.131455
1.0,13,508.167872
1.0,4,508.192417
1.0,5,508.217974
1.0,8,508.251278
1.0,9,508.276362
1.0,9,508.300025
1.0,11,508.329379
-1.0,10,508.366296
1.0,7,508.385065
-1.0,16,508.430408
1.0,4,508.441997
1.0,6,508.460959
1.0,6,508.487504
-1.0,12,508.538068
1.0,15,508.593196
1.0,6,508.621228
1.0,4,508.632339
1.0,5,508.645633
1.0,8,508.662595
-1.0,10,508.688812
1.0,8,508.70972
1.0,9,508.736325
1.0,6,508.752493
1.0,5,508.77239
1.0,8,508.794935
1.0,5,508.807584
-1.0,10,508.832116
1.0,8,508.859447
1.0,7,508.877893
-1.0,10,508.910323
-1.0,16,508.956415
-1.0,19,509.025293
1.0,7,509.054492
1.0,8,509.103513
1.0,12,509.166384
1.0,10,509.201416
1.0,9,509.232168
1.0,13,509.293629
-1.0,10,509.334054
1.0,4,509.349558
1.0,11,509.380717
-1.0,12,509.429934
1.0,9,509.46597
-1.0,15,509.508158
1.0,7,509.530006
1.0,4,509.542972
-1.0,17,509.598048
1.0,9,509.645995
-1.0,13,509.692521
-1.0,8,509.717851
1.0,5,509.734099
1.0,4,509.749681
1.0,9,509.770803
-1.0,13,509.815785
1.0,6,509.839458
-1.0,7,509.870136
1.0,8,509.897886
1.0,5,509.91523
1.0,6,509.934949
-1.0,11,509.972217
-1.0,6,509.989648
1.0,10,510.015703
1.0,7,510.040057
1.0,6,510.065246
-1.0,10,510.09439
-1.0,11,510.130274
1.0,7,510.152702
1.0,12,510.192357
1.0,7,510.210611
-1.0,18,510.25945
1.0,12,510.294498
1.0,11,510.33278
1.0,12,510.365536
1.0,13,510.400862
-1.0,9,510.426768
1.0,13,510.467515
1.0,4,510.478037
1.0,5,510.49362
1.0,7,510.513097
1.0,4,510.531331
1.0,5,510.54987
1.0,9,510.576884
1.0,9,510.603464
1.0,7,510.636397
1.0,6,510.658359
1.0,10,510.690773
-1.0,8,510.712757
1.0,6,510.735075
1.0,6,510.755791
-1.0,14,510.790144
1.0,5,510.804228
1.0,5,510.822109
1.0,14,510.856906
1.0,9,510.88211
1.0,7,510.898666
1.0,11,510.935961
1.0,9,510.966732
1.0,7,510.992632
1.0,8,511.021008
1.0,10,511.063586
1.0,12,511.096166
1.0,5,511.112134
1.0,14,511.152191
1.0,4,511.171754
-1.0,11,511.208984
-1.0,7,511.228837
1.0,4,511.238526
1.0,10,511.266347
1.0,6,511.281899
-1.0,19,511.321652
1.0,4,511.33188
-1.0,8,511.353652
1.0,16,511.398618
1.0,7,511.415678
1.0,14,511.449284
1.0,10,511.478544
-1.0,12,511.50801
1.0,9,511.531359
1.0,5,511.54482
-1.0,6,511.562208
1.0,6,511.576926
-1.0,15,511.621155
1.0,7,511.654839
1.0,6,511.690829
-1.0,6,511.715381
1.0,7,511.733288
1.0,4,511.743774
-1.0,12,511.777902
1.0,4,511.792702
1.0,4,511.809593
1.0,5,511.829393
1.0,8,511.862088
-1.0,10,511.895741
-1.0,10,511.92268
1.0,9,511.951929
-1.0,14,511.996796
1.0,7,512.020027
-1.0,5,512.037836
-1.0,12,512.071174
1.0,6,512.092067
1.0,8,512.116312
-1.0,9,512.141111
1.0,6,512.155632
1.0,8,512.185514
1.0,7,512.203566
1.0,13,512.238635
1.0,6,512.25637
1.0,14,512.295045
1.0,5,512.31499
-1.0,8,512.345181
1.0,10,512.381504
1.0,4,512.400409
1.0,14,512.455454
1.0,4,512.465344
1.0,5,512.478822
1.0,4,512.493235
1.0,9,512.516386
1.0,4,512.52799
1.0,9,512.553037
1.0,12,512.588119
1.0,8,512.611823
1.0,6,512.631543
1.0,6,512.650162
1.0,6,512.67166
1.0,6,512.690432
-1.0,6,512.714582
1.0,6,512.732495
1.0,8,512.759175
1.0,5,512.775992
-1.0,12,512.8048
1.0,7,512.820389
1.0,11,512.871769
1.0,5,512.891315
1.0,14,512.997254
1.0,5,513.015313
-1.0,14,513.078124
1.0,12,513.155177
1.0,9,513.180384
1.0,10,513.216827
1.0,6,513.244074
1.0,14,513.287414
1.0,6,513.306204
1.0,6,513.324319
1.0,10,513.354702
-1.0,7,513.374497
1.0,10,513.403481
1.0,7,513.425838
-1.0,12,513.469275
1.0,5,513.480066
-1.0,14,513.522762
1.0,5,513.534338
1.0,4,513.548518
1.0,10,513.586368
1.0,4,513.6036
-1.0,6,513.633477
1.0,7,513.666981
1.0,5,513.68554
1.0,11,513.725795
1.0,9,513.754242
1.0,5,513.774341
1.0,4,513.786217
1.0,8,513.807724
1.0,7,513.825802
1.0,11,513.859294
-1.0,7,513.889838
-1.0,7,513.929694
1.0,10,513.975525
1.0,4,513.993132
-1.0,8,514.02622
1.0,13,514.093316
1.0,5,514.111474
1.0,5,514.131071
1.0,10,514.159402
1.0,7,514.177328
1.0,12,514.204675
1.0,5,514.222389
1.0,14,514.262976
1.0,7,514.28369
1.0,5,514.29564
1.0,10,514.329169
1.0,10,514.358196
-1.0,11,514.390852
1.0,9,514.412704
1.0,5,514.43421
1.0,13,514.477389
1.0,11,514.521394
1.0,14,514.563417
1.0,13,514.598372
1.0,7,514.618464
1.0,5,514.631433
1.0,8,514.655571
1.0,7,514.685226
1.0,10,514.732925
1.0,16,514.785824
1.0,7,514.803015
1.0,9,514.832497
1.0,10,514.856533
1.0,5,514.867564
1.0,8,514.887625
1.0,6,514.907519
1.0,9,514.946096
1.0,6,514.974178
1.0,6,514.990972
1.0,10,515.026164
-1.0,12,515.058189
-1.0,14,515.093011
1.0,12,515.119336
1.0,8,515.143348
-1.0,9,515.166193
1.0,8,515.191144
1.0,8,515.223887
1.0,7,515.252898
-1.0,9,515.277302
-1.0,8,515.301043
1.0,5,515.317564
1.0,9,515.34609
1.0,5,515.357121
1.0,11,515.387841
1.0,11,515.420615
-1.0,6,515.438444
1.0,8,515.460091
1.0,11,515.493896
1.0,10,515.520871
1.0,8,515.551591
-1.0,9,515.578154
1.0,9,515.603714
1.0,8,515.62347
1.0,7,515.646301
1.0,8,515.664763
1.0,10,515.693344
-1.0,4,515.704405
1.0,10,515.737429
1.0,5,515.749136
1.0,8,515.7704
1.0,7,515.791395
1.0,8,515.815483
1.0,6,515.829387
1.0,8,515.848686
1.0,11,515.87827
1.0,6,515.897544
-1.0,14,515.935306
1.0,5,515.947089
1.0,4,515.956853
-1.0,17,516.011967
-1.0,5,516.02719
1.0,4,516.036435
1.0,4,516.047431
1.0,10,516.087302
1.0,9,516.112144
1.0,18,516.152904
-1.0,7,516.174549
1.0,4,516.192058
-1.0,9,516.243218
1.0,6,516.279045
-1.0,12,516.324401
1.0,4,516.344977
1.0,4,516.36156
1.0,4,516.37346
1.0,5,516.388077
1.0,10,516.417019
1.0,4,516.429447
1.0,14,516.469267
1.0,5,516.484524
-1.0,8,516.515336
1.0,5,516.531441
1.0,10,516.562271
1.0,14,516.594091
1.0,9,516.616921
-1.0,13,516.656823
1.0,10,516.68572
1.0,8,516.705841
-1.0,9,516.728955
1.0,6,516.74894
1.0,5,516.768154
1.0,8,516.790181
1.0,9,516.812477
-1.0,5,516.827892
1.0,11,516.853624
1.0,14,516.891025
1.0,9,516.917582
-1.0,14,516.960245
-1.0,8,517.001985
1.0,10,517.03257
1.0,10,517.069932
1.0,7,517.096621
1.0,8,517.120646
1.0,13,517.156794
-1.0,15,517.193843
1.0,4,517.2036
1.0,5,517.217158
1.0,9,517.240915
1.0,6,517.267523
1.0,6,517.285588
1.0,14,517.329017
1.0,6,517.344775
-1.0,8,517.370533
1.0,13,517.405173
1.0,7,517.423584
1.0,7,517.441931
1.0,15,517.484459
1.0,13,517.520601
-1.0,17,517.563769
1.0,5,517.57778
1.0,12,517.610976
-1.0,7,517.628457
1.0,12,517.673103
-1.0,11,517.702672
1.0,6,517.720499
1.0,10,517.745888
1.0,5,517.757891
-1.0,6,517.771542
1.0,9,517.797063
1.0,10,517.816718
1.0,9,517.839954
1.0,6,517.859729
1.0,11,517.898067
-1.0,13,517.931409
1.0,5,517.944209
1.0,9,517.964497
1.0,4,517.978971
1.0,6,517.995535
1.0,10,518.020049
1.0,7,518.037063
1.0,10,518.070178
1.0,14,518.139971
1.0,10,518.180395
-1.0,14,518.215125
-1.0,18,518.254526
-1.0,11,518.294234
1.0,8,518.325473
-1.0,12,518.362757
1.0,11,518.401271
-1.0,5,518.418637
-1.0,11,518.453321
-1.0,13,518.490604
1.0,6,518.511554
1.0,8,518.534821
1.0,6,518.550308
1.0,12,518.583969
1.0,11,518.618225
1.0,6,518.633753
-1.0,8,518.657632
1.0,5,518.670444
1.0,8,518.702564
-1.0,10,518.759178
1.0,7,518.78741
1.0,11,518.82461
1.0,4,518.836488
1.0,13,518.864017
1.0,10,518.888232
1.0,9,518.910258
1.0,5,518.925914
1.0,4,518.936398
1.0,18,518.98979
1.0,7,519.015245
1.0,4,519.036679
1.0,7,519.060614
1.0,9,519.136013
1.0,15,519.176852
1.0,16,519.24053
1.0,5,519.257373
1.0,11,519.296005
-1.0,5,519.313813
1.0,11,519.354692
1.0,10,519.378418
1.0,10,519.404619
1.0,6,519.421776
-1.0,13,519.461982
-1.0,12,519.499993
1.0,12,519.536599
1.0,9,519.563618
-1.0,10,519.598098
1.0,8,519.621367
1.0,5,519.636464
1.0,7,519.659613
1.0,10,519.687587
1.0,5,519.701876
1.0,9,519.73144
1.0,7,519.749201
1.0,8,519.775074
1.0,13,519.813917
1.0,4,519.824211
1.0,4,519.835254
-1.0,12,519.871688
-1.0,14,519.901599
1.0,5,519.913772
-1.0,8,519.941266
-1.0,14,519.988617
1.0,12,520.020991
1.0,8,520.043016
1.0,5,520.062652
1.0,5,520.078839
1.0,9,520.105343
1.0,9,520.13167
1.0,12,520.164513
1.0,7,520.189578
-1.0,11,520.222142
1.0,8,520.244263
1.0,4,520.258006
1.0,4,520.274731
1.0,4,520.285398
1.0,5,520.301415
-1.0,6,520.318726
-1.0,8,520.344424
-1.0,11,520.380513
1.0,4,520.394559
1.0,4,520.406202
1.0,9,520.432797
1.0,4,520.442972
-1.0,6,520.460943
1.0,7,520.479428
1.0,8,520.502206
1.0,9,520.523325
1.0,8,520.547397
1.0,9,520.575511
1.0,12,520.619597
-1.0,13,520.681675
1.0,13,520.734221
-1.0,13,520.788382
-1.0,16,520.84091
1.0,7,520.860132
1.0,6,520.881665
1.0,6,520.897022
1.0,11,520.932746
1.0,11,520.966678
1.0,10,520.993962
1.0,6,521.012167
1.0,13,521.054746
1.0,5,521.073699
-1.0,13,521.117372
1.0,9,521.138613
1.0,8,521.166492
1.0,4,521.183261
1.0,4,521.201442
1.0,4,521.215321
1.0,4,521.234079
1.0,9,521.265281
1.0,4,521.27713
1.0,4,521.287603
1.0,11,521.322533
-1.0,12,521.356524
1.0,11,521.390198
-1.0,17,521.438413
1.0,11,521.471416
1.0,5,521.484869
-1.0,16,521.524266
1.0,5,521.535257
-1.0,15,521.572103
1.0,7,521.593164
1.0,9,521.619409
1.0,4,521.632322
1.0,7,521.655644
1.0,7,521.67334
1.0,4,521.68254
1.0,7,521.700294
1.0,5,521.714414
1.0,4,521.722623
1.0,11,521.751447
1.0,7,521.768869
1.0,8,521.796939
1.0,6,521.810262
-1.0,8,521.835217
1.0,17,521.895286
-1.0,14,521.932681
1.0,12,521.958412
1.0,11,521.984042
1.0,13,522.013997
1.0,7,522.035815
1.0,8,522.063791
1.0,7,522.082806
1.0,8,522.106038
1.0,10,522.131411
1.0,8,522.152357
-1.0,15,522.192124
1.0,9,522.221821
1.0,9,522.244679
1.0,7,522.263373
1.0,12,522.295187
1.0,12,522.335924
1.0,6,522.357769
1.0,8,522.383427
1.0,12,522.410359
1.0,4,522.422091
1.0,4,522.438757
1.0,4,522.450489
-1.0,11,522.487398
1.0,4,522.498824
1.0,13,522.535861
1.0,5,522.547884
1.0,6,522.562039
1.0,5,522.581782
1.0,5,522.603443
1.0,6,522.619964
1.0,8,522.63928
1.0,6,522.658991
1.0,8,522.682587
-1.0,10,522.711589
1.0,15,522.765352
1.0,4,522.815341
1.0,7,522.864878
1.0,5,522.879251
1.0,6,522.899262
1.0,5,522.912661
-1.0,11,522.950296
1.0,7,522.968154
1.0,10,523.000553
1.0,5,523.017272
-1.0,16,523.077474
1.0,6,523.098454
1.0,5,523.112164
1.0,6,523.128913
-1.0,13,523.179041
1.0,5,523.193232
1.0,14,523.230928
-1.0,10,523.26242
1.0,13,523.310325
1.0,5,523.322336
1.0,4,523.335414
1.0,4,523.347611
1.0,6,523.370754
1.0,4,523.380766
1.0,6,523.396491
1.0,4,523.408328
1.0,4,523.424206
1.0,9,523.450696
1.0,4,523.462852
1.0,4,523.476114
1.0,8,523.510095
1.0,10,523.541731
1.0,7,523.565513
1.0,7,523.589512
1.0,7,523.614072
1.0,14,523.662506
1.0,11,523.694079
1.0,11,523.721832
1.0,13,523.76594
-1.0,12,523.799654
1.0,10,523.830996
1.0,9,523.861043
-1.0,10,523.91394
1.0,6,523.938062
1.0,5,523.95379
1.0,5,523.96701
1.0,8,523.993939
1.0,5,524.007816
-1.0,10,524.035442
-1.0,5,524.049919
-1.0,6,524.069321
1.0,10,524.10067
1.0,4,524.114198
1.0,11,524.151171
1.0,6,524.170846
1.0,4,524.182554
1.0,12,524.212855
1.0,7,524.235008
1.0,10,524.26738
1.0,4,524.277609
1.0,7,524.294651
1.0,4,524.306537
1.0,12,524.342556
1.0,4,524.353145
1.0,8,524.373084
1.0,4,524.384187
1.0,5,524.399845
1.0,4,524.411436
-1.0,12,524.458782
1.0,14,524.499162
-1.0,13,524.530519
1.0,4,524.540877
1.0,4,524.549681
1.0,4,524.56041
1.0,5,524.579815
1.0,4,524.599384
1.0,4,524.617343
1.0,4,524.633654
1.0,4,524.650171
1.0,9,524.681836
-1.0,7,524.702601
1.0,7,524.73322
-1.0,13,524.790828
1.0,4,524.802378
1.0,4,524.813944
-1.0,13,524.859472
1.0,4,524.876125
-1.0,10,524.899864
1.0,4,524.91232
1.0,9,524.932348
1.0,6,524.95584
1.0,12,524.986659
-1.0,14,525.025964
1.0,15,525.061662
-1.0,14,525.095291
-1.0,8,525.123319
-1.0,9,525.14632
1.0,4,525.157621
1.0,5,525.183847
1.0,12,525.231675
1.0,7,525.254334
1.0,10,525.283812
1.0,6,525.304396
-1.0,10,525.327463
1.0,6,525.34729
1.0,10,525.375283
1.0,14,525.41652
1.0,5,525.433733
1.0,6,525.455843
1.0,8,525.477238
1.0,5,525.495298
1.0,4,525.505822
1.0,4,525.515581
1.0,10,525.5443
1.0,5,525.562759
1.0,4,525.571784
1.0,7,525.590989
1.0,4,525.603995
1.0,7,525.629637
1.0,9,525.660673
1.0,9,525.70429
1.0,8,525.737842
1.0,9,525.768548
1.0,6,525.785889
1.0,12,525.827506
1.0,12,525.856437
-1.0,14,525.893904
1.0,9,525.913622
1.0,5,525.925532
1.0,6,525.945717
1.0,8,525.969928
1.0,8,525.995843
-1.0,14,526.037497
1.0,13,526.086605
1.0,11,526.120352
1.0,9,526.147116
1.0,7,526.188446
-1.0,9,526.230501
1.0,8,526.258919
1.0,9,526.291187
1.0,10,526.347618
1.0,16,526.495558
-1.0,10,526.526184
-1.0,10,526.550087
-1.0,7,526.574714
1.0,13,526.611923
1.0,13,526.683532
1.0,6,526.711506
1.0,6,526.730081
1.0,6,526.744578
1.0,5,526.762516
-1.0,8,526.783025
1.0,9,526.808018
1.0,4,526.817352
1.0,10,526.859138
1.0,5,526.879941
1.0,9,526.903725
-1.0,8,526.92938
1.0,5,526.951255
-1.0,9,526.975856
1.0,10,527.006826
1.0,7,527.026539
-1.0,17,527.071514
1.0,5,527.084144
-1.0,11,527.112495
1.0,7,527.128931
1.0,4,527.144862
-1.0,12,527.199296
1.0,5,527.21592
1.0,8,527.241605
-1.0,10,527.271602
1.0,8,527.290641
-1.0,14,527.325515
1.0,11,527.364867
1.0,7,527.389857
1.0,8,527.429709
1.0,4,527.452914
1.0,9,527.494428
1.0,8,527.549465
1.0,16,527.592313
1.0,8,527.615455
1.0,7,527.634313
-1.0,13,527.703208
1.0,7,527.744504
1.0,7,527.779707
1.0,8,527.808256
1.0,4,527.826924
1.0,4,527.840353
-1.0,4,527.854708
1.0,7,527.877954
1.0,4,527.892945
1.0,11,527.921785
-1.0,10,527.949458
1.0,11,527.981298
1.0,4,528.002907
-1.0,8,528.043232
1.0,7,528.068954
1.0,12,528.100788
-1.0,9,528.132355
1.0,11,528.156811
1.0,8,528.189452
-1.0,7,528.223117
-1.0,13,528.271117
1.0,5,528.293372
-1.0,6,528.314062
1.0,5,528.328781
1.0,7,528.35243
1.0,4,528.361181
1.0,5,528.374134
1.0,4,528.383217
1.0,5,528.401057
-1.0,17,528.440044
1.0,8,528.461865
1.0,8,528.484071
1.0,10,528.536575
1.0,4,528.554606
1.0,6,528.583011
1.0,7,528.626098
1.0,5,528.648412
1.0,13,528.687744
-1.0,6,528.706564
1.0,4,528.717746
1.0,4,528.737899
-1.0,10,528.769822
1.0,4,528.78261
1.0,4,528.796714
1.0,12,528.840556
1.0,4,528.849535
1.0,6,528.871512
1.0,6,528.891993
1.0,7,528.917236
1.0,9,528.948681
1.0,4,528.963575
1.0,5,528.978873
1.0,4,528.994231
1.0,6,529.009252
1.0,5,529.019899
-1.0,10,529.048362
1.0,7,529.066648
1.0,6,529.080184
-1.0,6,529.096127
1.0,4,529.106918
1.0,5,529.125565
1.0,5,529.143226
1.0,4,529.161432
1.0,9,529.193344
1.0,4,529.205755
1.0,4,529.220683
1.0,4,529.23491
1.0,8,529.259078
-1.0,6,529.279994
1.0,9,529.308556
1.0,8,529.37358
1.0,4,529.392903
-1.0,7,529.419185
1.0,9,529.444949
1.0,5,529.46089
1.0,7,529.484739
1.0,8,529.509688
-1.0,12,529.543579
1.0,5,529.55646
1.0,9,529.577992
1.0,11,529.613622
1.0,4,529.624782
-1.0,14,529.678288
1.0,7,529.695042
1.0,5,529.712643
1.0,7,529.72974
1.0,7,529.750993
1.0,4,529.762041
1.0,13,529.804302
1.0,4,529.816376
-1.0,10,529.844792
1.0,11,529.877208
1.0,12,529.916984
-1.0,8,529.941529
1.0,8,529.964373
1.0,5,529.979045
1.0,11,530.019845
1.0,6,530.034981
1.0,11,530.073915
-1.0,18,530.123987
1.0,15,530.177135
1.0,11,530.204863
1.0,11,530.238973
1.0,6,530.260984
1.0,6,530.28324
1.0,9,530.303616
1.0,6,530.319283
-1.0,16,530.368308
1.0,8,530.394453
1.0,6,530.410946
1.0,6,530.429859
1.0,12,530.459764
1.0,5,530.481209
1.0,6,530.495244
1.0,6,530.512635
1.0,9,530.538185
1.0,8,530.564422
-1.0,6,530.585429
1.0,6,530.604159
1.0,4,530.61499
1.0,8,530.643112
1.0,9,530.670419
1.0,4,530.684452
-1.0,13,530.723783
1.0,5,530.746454
1.0,15,530.785935
-1.0,11,530.823628
1.0,11,530.860116
-1.0,10,530.896971
1.0,8,530.933997
-1.0,16,530.977558
1.0,10,531.011345
-1.0,7,531.03161
1.0,9,531.065587
1.0,7,531.09411
1.0,5,531.106438
1.0,6,531.126393
1.0,6,531.172608
1.0,5,531.203766
1.0,7,531.234219
1.0,10,531.277107
1.0,6,531.296798
1.0,11,531.325094
1.0,4,531.336833
1.0,10,531.369859
1.0,4,531.382669
-1.0,14,531.420696
1.0,6,531.440758
1.0,9,531.482418
1.0,8,531.507997
1.0,6,531.529661
1.0,7,531.55093
1.0,4,531.570866
1.0,7,531.598552
-1.0,14,531.63979
1.0,9,531.661698
1.0,8,531.684336
1.0,6,531.701539
1.0,6,531.724541
1.0,7,531.751776
-1.0,12,531.797004
-1.0,10,531.834837
1.0,8,531.865153
1.0,15,531.906476
1.0,8,531.930416
-1.0,12,531.976194
1.0,4,531.990881
1.0,11,532.031905
1.0,7,532.073479
1.0,9,532.108192
1.0,7,532.136127
-1.0,13,532.171322
1.0,7,532.193838
1.0,5,532.206255
1.0,10,532.230999
-1.0,7,532.262861
1.0,8,532.297852
1.0,6,532.322484
-1.0,14,532.360566
1.0,5,532.373784
1.0,7,532.393917
1.0,10,532.422608
1.0,9,532.456007
-1.0,5,532.482276
1.0,7,532.535401
1.0,12,532.586011
1.0,10,532.609702
1.0,8,532.629771
1.0,12,532.672228
1.0,9,532.716618
1.0,14,532.79974
1.0,7,532.834567
1.0,9,532.873217
1.0,7,532.900413
1.0,11,532.930318
1.0,12,532.956631
1.0,5,532.974878
1.0,5,532.993125
1.0,5,533.013875
1.0,5,533.045171
1.0,5,533.081318
1.0,6,533.115813
1.0,6,533.143048
1.0,7,533.171288
1.0,5,533.190303
1.0,7,533.22572
-1.0,16,533.279523
1.0,5,533.295733
1.0,9,533.331368
-1.0,12,533.372733
1.0,8,533.399598
1.0,5,533.415478
1.0,9,533.455971
1.0,9,533.517035
1.0,4,533.548514
1.0,6,533.576378
1.0,5,533.606046
1.0,10,533.662996
1.0,7,533.695954
-1.0,14,533.736923
1.0,8,533.758952
-1.0,6,533.776434
1.0,4,533.785774
-1.0,5,533.797885
1.0,16,533.843521
1.0,10,533.870777
-1.0,11,533.901559
-1.0,6,533.921819
-1.0,15,534.01996
-1.0,16,534.081407
-1.0,5,534.111184
-1.0,15,534.201392
1.0,12,534.25987
-1.0,9,534.295189
1.0,8,534.332548
1.0,8,534.363769
1.0,5,534.380991
1.0,5,534.393528
1.0,7,534.416533
1.0,9,534.442647
1.0,8,534.464823
1.0,5,534.477911
1.0,8,534.499308
-1.0,13,534.56292
-1.0,7,534.600875
1.0,11,534.649637
1.0,7,534.676148
-1.0,9,534.702047
-1.0,12,534.740436
1.0,12,534.773024
-1.0,11,534.807253
1.0,9,534.83276
-1.0,11,534.871551
1.0,6,534.889273
-1.0,16,534.92917
1.0,4,534.94106
1.0,15,534.982735
1.0,7,534.999241
1.0,11,535.028297
1.0,8,535.048059
1.0,8,535.074991
1.0,5,535.087739
1.0,5,535.10201
1.0,4,535.111766
1.0,6,535.133945
1.0,15,535.173472
1.0,14,535.210832
1.0,4,535.222787
1.0,6,535.242447
-1.0,7,535.263251
1.0,8,535.283401
1.0,12,535.318667
1.0,8,535.347033
-1.0,9,535.374053
1.0,10,535.398385
1.0,17,535.43938
-1.0,11,535.472664
-1.0,15,535.520416
1.0,7,535.542176
1.0,8,535.56689
-1.0,18,535.614961
1.0,5,535.629831
1.0,8,535.654317
1.0,7,535.673728
1.0,5,535.69223
-1.0,12,535.735264
1.0,4,535.746923
-1.0,12,535.780309
1.0,5,535.799899
1.0,14,535.831184
1.0,5,535.846901
1.0,5,535.866343
1.0,7,535.889792
1.0,6,535.908284
1.0,4,535.919986
1.0,5,535.93583
1.0,4,535.949501
1.0,4,535.961217
1.0,13,535.993707
1.0,4,536.004744
1.0,6,536.027286
1.0,5,536.040319
-1.0,14,536.078593
1.0,11,536.100636
-1.0,14,536.14494
1.0,4,536.156525
1.0,8,536.180286
-1.0,8,536.202084
1.0,9,536.284335
-1.0,10,536.31531
1.0,7,536.332624
1.0,11,536.371291
1.0,17,536.415764
-1.0,10,536.442799
1.0,9,536.467139
1.0,5,536.481509
1.0,5,536.501406
1.0,7,536.521988
1.0,4,536.532935
1.0,9,536.562131
1.0,5,536.576838
1.0,14,536.609727
1.0,4,536.619209
-1.0,13,536.660736
1.0,10,536.692081
1.0,6,536.708079
1.0,4,536.718095
-1.0,4,536.730528
1.0,15,536.776443
1.0,10,536.808039
-1.0,9,536.837042
1.0,7,536.860169
1.0,13,536.900082
1.0,12,536.930906
1.0,6,536.950758
1.0,7,536.96929
1.0,11,537.004284
1.0,4,537.014934
1.0,8,537.035702
1.0,10,537.064969
1.0,4,537.078498
1.0,10,537.107078
1.0,4,537.118953
1.0,13,537.152251
1.0,9,537.179866
1.0,8,537.200811
1.0,7,537.219905
-1.0,11,537.252494
1.0,10,537.283161
1.0,15,537.320061
1.0,11,537.347741
-1.0,13,537.382233
1.0,9,537.412904
-1.0,8,537.440261
-1.0,9,537.464641
1.0,5,537.477886
-1.0,12,537.511372
1.0,8,537.533018
1.0,6,537.55186
-1.0,8,537.577379
1.0,6,537.598091
1.0,8,537.617952
1.0,10,537.651528
1.0,11,537.67921
1.0,7,537.705258
-1.0,11,537.736319
-1.0,12,537.76956
1.0,12,537.804498
1.0,8,537.83358
1.0,8,537.85786
-1.0,7,537.879519
1.0,11,537.909723
-1.0,10,537.943338
1.0,5,537.958001
1.0,9,537.984952
-1.0,12,538.019667
1.0,4,538.036908
1.0,9,538.064889
-1.0,12,538.094483
1.0,13,538.128061
1.0,9,538.157637
1.0,7,538.178432
1.0,7,538.202335
1.0,12,538.238335
-1.0,13,538.272036
-1.0,9,538.297678
1.0,8,538.320854
1.0,6,538.339532
1.0,9,538.367461
1.0,8,538.388719
1.0,9,538.415261
1.0,7,538.437617
1.0,14,538.478643
1.0,4,538.489424
1.0,8,538.507858
1.0,14,538.554141
1.0,9,538.582882
1.0,9,538.610261
1.0,5,538.625452
1.0,13,538.659785
1.0,4,538.673254
1.0,5,538.685947
1.0,4,538.697304
1.0,9,538.718177
1.0,12,538.754965
1.0,4,538.766447
1.0,6,538.786877
1.0,4,538.798728
1.0,14,538.836217
1.0,7,538.854004
-1.0,14,538.889542
-1.0,13,538.928443
1.0,8,538.957508
1.0,6,538.973356
1.0,7,538.992491
1.0,10,539.024039
1.0,12,539.058254
1.0,14,539.095226
1.0,13,539.131998
1.0,4,539.14343
1.0,10,539.177844
1.0,4,539.189134
1.0,9,539.213864
1.0,5,539.226969
1.0,8,539.251578
-1.0,9,539.276888
-1.0,12,539.307832
1.0,11,539.331781
-1.0,11,539.363541
1.0,11,539.397132
1.0,11,539.426621
-1.0,6,539.443579
1.0,8,539.470238
1.0,13,539.506989
1.0,7,539.527045
-1.0,13,539.567627
-1.0,11,539.603589
-1.0,12,539.634525
1.0,4,539.64636
1.0,6,539.665366
-1.0,8,539.693788
1.0,10,539.724653
1.0,4,539.740836
1.0,10,539.77438
1.0,4,539.791652
1.0,4,539.805216
1.0,8,539.82935
1.0,9,539.858132
-1.0,11,539.893694
-1.0,10,539.922917
1.0,4,539.933794
1.0,7,539.954623
1.0,4,539.970101
1.0,5,539.983691
1.0,4,539.99689
-1.0,7,540.017064
1.0,8,540.045886
1.0,4,540.057032
1.0,5,540.070291
1.0,4,540.082603
-1.0,9,540.109631
1.0,6,540.127003
1.0,11,540.156631
1.0,8,540.17777
-1.0,11,540.209066
1.0,9,540.234689
1.0,5,540.250923
1.0,4,540.264396
1.0,4,540.282879
1.0,13,540.323429
1.0,9,540.349995
1.0,7,540.372294
1.0,13,540.413642
1.0,12,540.447144
1.0,13,540.481695
1.0,7,540.498304
1.0,12,540.535075
1.0,8,540.555721
-1.0,8,540.580388
1.0,12,540.609741
1.0,10,540.641963
1.0,8,540.663461
1.0,4,540.67486
1.0,6,540.689173
1.0,5,540.708509
1.0,8,540.732267
1.0,4,540.747679
1.0,7,540.767851
1.0,13,540.807752
1.0,5,540.822485
1.0,12,540.855445
1.0,8,540.877305
1.0,10,540.909425
1.0,12,540.947479
-1.0,12,540.983905
-1.0,7,541.009809
1.0,8,541.040843
1.0,8,541.080883
-1.0,13,541.11711
1.0,6,541.134992
-1.0,8,541.161702
-1.0,8,541.181672
1.0,9,541.207191
1.0,14,541.250115
1.0,16,541.317624
1.0,6,541.336796
1.0,7,541.366968
1.0,8,541.392965
1.0,12,541.43952
1.0,13,541.483911
-1.0,9,541.508766
1.0,15,541.547041
1.0,5,541.566394
-1.0,8,541.590172
1.0,9,541.616064
1.0,7,541.63573
1.0,9,541.672037
-1.0,11,541.704756
1.0,14,541.748975
1.0,7,541.772701
-1.0,11,541.814227
1.0,9,541.840432
1.0,10,541.867861
1.0,11,541.900022
1.0,6,541.921894
1.0,10,541.947438
1.0,4,541.958161
1.0,4,541.969188
1.0,14,542.002604
1.0,7,542.024776
1.0,4,542.0346
1.0,5,542.046631
1.0,14,542.099674
1.0,8,542.137768
1.0,10,542.181813
-1.0,12,542.235544
1.0,12,542.284519
1.0,8,542.308799
1.0,9,542.375018
-1.0,11,542.418708
1.0,12,542.461138
-1.0,8,542.482386
1.0,9,542.511058
1.0,8,542.534384
1.0,11,542.566921
-1.0,14,542.606107
-1.0,12,542.645042
-1.0,8,542.67674
1.0,6,542.701072
1.0,7,542.720838
1.0,6,542.738395
1.0,6,542.752074
-1.0,7,542.785809
-1.0,11,542.843169
-1.0,7,542.88396
-1.0,9,542.918246
1.0,11,542.968998
-1.0,13,543.029181
-1.0,7,543.050093
1.0,8,543.07128
-1.0,8,543.09869
1.0,10,543.132908
1.0,8,543.15574
1.0,10,543.183991
1.0,9,543.225966
-1.0,17,543.283544
1.0,8,543.310536
-1.0,5,543.322016
1.0,6,543.345999
1.0,10,543.382405
-1.0,10,543.425257
1.0,6,543.448021
1.0,10,543.488239
1.0,6,543.506521
1.0,9,543.535688
1.0,4,543.547602
1.0,11,543.586519
1.0,6,543.606427
1.0,12,543.638433
1.0,10,543.665793
-1.0,12,543.705097
1.0,5,543.719689
1.0,5,543.737576
1.0,4,543.750533
1.0,11,543.787039
1.0,11,543.823527
1.0,10,543.849509
-1.0,9,543.874628
1.0,5,543.891035
1.0,5,543.904103
-1.0,9,543.933827
1.0,7,543.952228
1.0,11,543.987272
1.0,6,544.011316
1.0,9,544.063859
1.0,9,544.155226
1.0,7,544.180033
-1.0,10,544.209819
-1.0,13,544.249176
1.0,9,544.273892
1.0,8,544.30257
1.0,9,544.328715
1.0,6,544.350415
1.0,9,544.375389
1.0,12,544.420603
1.0,10,544.457463
1.0,7,544.484478
-1.0,12,544.519404
1.0,13,544.565914
-1.0,9,544.608106
1.0,4,544.624564
-1.0,15,544.682245
-1.0,10,544.721917
1.0,13,544.812074
1.0,9,544.837523
1.0,7,544.859213
-1.0,8,544.884262
1.0,7,544.904707
-1.0,9,544.928251
1.0,7,544.949678
-1.0,14,544.992157
1.0,4,545.000941
1.0,6,545.019691
-1.0,5,545.035499
1.0,12,545.070426
1.0,7,545.089665
1.0,6,545.105946
1.0,11,545.13834
-1.0,7,545.165967
1.0,4,545.177045
1.0,4,545.186362
1.0,8,545.212832
-1.0,15,545.258118
1.0,13,545.296951
1.0,5,545.310188
1.0,7,545.328927
1.0,6,545.34814
1.0,4,545.358163
1.0,8,545.380007
1.0,12,545.409286
1.0,14,545.460564
1.0,4,545.47812
-1.0,11,545.524577
1.0,4,545.55178
1.0,8,545.610015
1.0,8,545.642949
1.0,5,545.657712
1.0,4,545.671343
1.0,5,545.701012
1.0,10,545.741009
1.0,12,545.773044
1.0,10,545.798752
1.0,5,545.817894
1.0,8,545.849164
1.0,10,545.884593
-1.0,12,545.927688
1.0,7,545.967299
-1.0,14,546.021407
1.0,8,546.042158
1.0,10,546.072675
1.0,10,546.100937
-1.0,15,546.143406
1.0,9,546.168815
1.0,8,546.193375
1.0,9,546.223143
1.0,9,546.252295
1.0,12,546.288558
1.0,12,546.325534
1.0,4,546.340219
1.0,12,546.370417
-1.0,11,546.401411
-1.0,4,546.41439
1.0,4,546.427435
1.0,4,546.43777
1.0,4,546.451032
1.0,4,546.462138
1.0,10,546.496457
1.0,4,546.509908
1.0,8,546.533003
1.0,7,546.557167
1.0,7,546.582512
1.0,11,546.614126
1.0,9,546.638763
1.0,7,546.659847
1.0,10,546.691055
1.0,9,546.715001
-1.0,13,546.749553
1.0,10,546.779611
1.0,6,546.797113
1.0,13,546.835898
1.0,13,546.873283
-1.0,6,546.89082
1.0,8,546.916625
-1.0,11,546.961461
1.0,5,546.990382
1.0,10,547.020643
1.0,11,547.05068
-1.0,16,547.09763
1.0,10,547.129211
1.0,10,547.155602
1.0,7,547.179867
1.0,10,547.211979
1.0,13,547.247674
1.0,16,547.286308
1.0,12,547.343142
1.0,7,547.377133
1.0,12,547.425424
1.0,8,547.465759
1.0,7,547.498839
1.0,8,547.52227
1.0,6,547.541268
1.0,8,547.567882
1.0,7,547.588019
1.0,14,547.622137
1.0,10,547.651323
-1.0,10,547.674495
1.0,8,547.700231
-1.0,12,547.733072
-1.0,10,547.768271
1.0,6,547.783416
-1.0,5,547.804929
1.0,5,547.820267
1.0,10,547.849308
1.0,8,547.87235
1.0,14,547.914063
1.0,12,547.968194
1.0,7,548.000952
1.0,10,548.03245
1.0,5,548.04661
1.0,7,548.071664
1.0,6,548.089886
1.0,11,548.122989
1.0,4,548.138814
1.0,4,548.156727
1.0,4,548.174398
1.0,4,548.187346
-1.0,14,548.238386
1.0,12,548.268976
1.0,11,548.29454
1.0,9,548.317656
1.0,5,548.334004
1.0,13,548.365643
1.0,8,548.392028
1.0,6,548.406255
1.0,7,548.42415
1.0,7,548.44282
-1.0,17,548.485205
1.0,10,548.512156
1.0,10,548.542366
-1.0,9,548.584702
-1.0,10,548.628308
1.0,8,548.664915
1.0,13,548.721314
1.0,11,548.751956
1.0,4,548.764086
1.0,7,548.783838
1.0,11,548.819653
1.0,4,548.829109
1.0,9,548.85316
1.0,4,548.862023
1.0,8,548.880984
1.0,6,548.896707
1.0,4,548.913939
1.0,14,548.943372
-1.0,13,548.986713
1.0,16,549.040587
-1.0,9,549.085318
-1.0,10,549.141212
1.0,5,549.157366
1.0,4,549.167163
1.0,10,549.208821
1.0,4,549.225212
1.0,4,549.248259
1.0,9,549.28085
1.0,5,549.297208
1.0,4,549.315533
-1.0,8,549.34943
1.0,7,549.375912
1.0,7,549.3991
1.0,7,549.418438
1.0,7,549.446335
1.0,6,549.462812
-1.0,8,549.486104
1.0,5,549.500565
1.0,6,549.521971
1.0,7,549.543015
-1.0,13,549.579341
1.0,5,549.593717
1.0,6,549.611969
1.0,5,549.627996
1.0,8,549.650974
1.0,8,549.674794
-1.0,10,549.710527
1.0,7,549.735062
-1.0,16,549.779155
1.0,15,549.823635
1.0,6,549.844797
1.0,9,549.872045
1.0,7,549.892238
1.0,15,549.938818
1.0,5,549.956885
1.0,14,550.000919
-1.0,9,550.025331
-1.0,10,550.05491
1.0,7,550.078066
1.0,10,550.102506
1.0,12,550.135442
1.0,14,550.17271
1.0,8,550.201683
1.0,4,550.212478
-1.0,13,550.247619
-1.0,12,550.274765
1.0,4,550.29068
-1.0,12,550.323837
1.0,8,550.340908
1.0,8,550.360041
1.0,7,550.385731
-1.0,8,550.405779
1.0,9,550.426087
1.0,11,550.455736
1.0,13,550.499235
1.0,8,550.523469
1.0,13,550.570367
1.0,4,550.580989
1.0,10,550.61132
1.0,5,550.623137
-1.0,7,550.64319
1.0,4,550.655271
1.0,8,550.67921
-1.0,12,550.734651
1.0,5,550.754691
1.0,5,550.770687
1.0,5,550.792001
1.0,5,550.809493
1.0,7,550.840853
1.0,4,550.850459
1.0,9,550.890607
1.0,8,550.917267
1.0,8,550.94232
1.0,8,550.967519
1.0,4,550.982528
-1.0,9,551.008611
-1.0,9,551.03157
1.0,11,551.062013
1.0,6,551.084933
-1.0,17,551.131365
1.0,9,551.153615
1.0,4,551.163482
1.0,4,551.177412
-1.0,14,551.215859
1.0,4,551.227378
1.0,15,551.262985
-1.0,6,551.286337
-1.0,14,551.322067
1.0,8,551.344307
-1.0,15,551.384796
1.0,11,551.426233
1.0,7,551.446268
1.0,11,551.471138
1.0,6,551.486166
1.0,6,551.5048
1.0,6,551.52578
1.0,7,551.545179
1.0,14,551.5848
1.0,10,551.619572
1.0,4,551.63998
1.0,11,551.691842
-1.0,12,551.723078
1.0,4,551.73755
-1.0,9,551.76745
1.0,4,551.78342
1.0,9,551.807305
1.0,12,551.868907
1.0,9,551.901154
1.0,9,551.925088
1.0,10,551.953306
1.0,6,551.969749
1.0,7,551.992259
1.0,8,552.01526
1.0,4,552.026757
1.0,4,552.040868
1.0,5,552.051996
1.0,4,552.060291
1.0,4,552.070166
1.0,10,552.107527
1.0,13,552.167148
-1.0,10,552.2083
-1.0,9,552.237914
1.0,7,552.260025
-1.0,14,552.288853
1.0,10,552.311094
-1.0,14,552.344507
1.0,10,552.373003
1.0,5,552.3847
1.0,13,552.416506
1.0,11,552.443329
1.0,8,552.469131
1.0,11,552.496026
1.0,7,552.513507
1.0,5,552.527936
1.0,11,552.563406
1.0,6,552.581473
-1.0,12,552.61182
1.0,9,552.648372
-1.0,8,552.69877
1.0,5,552.717083
1.0,4,552.729141
-1.0,16,552.794298
1.0,7,552.83955
1.0,5,552.87241
1.0,8,552.911378
1.0,8,552.939729
1.0,8,552.969943
1.0,8,552.989009
-1.0,14,553.024487
1.0,4,553.034706
1.0,8,553.080133
1.0,14,553.138801
-1.0,11,553.197869
1.0,7,553.244526
1.0,9,553.316369
1.0,7,553.372454
1.0,9,553.408733
-1.0,8,553.429735
1.0,6,553.457444
1.0,6,553.47834
1.0,11,553.548839
1.0,6,553.574647
1.0,5,553.604822
1.0,11,553.631479
1.0,9,553.659132
1.0,6,553.678537
1.0,10,553.719388
-1.0,12,553.78585
1.0,13,553.842463
1.0,8,553.866119
1.0,8,553.899292
1.0,5,553.912489
1.0,5,553.926293
1.0,8,553.951232
1.0,7,553.98241
1.0,9,554.009566
1.0,15,554.060228
1.0,4,554.075849
1.0,10,554.128465
1.0,11,554.163128
1.0,10,554.19256
1.0,15,554.232909
1.0,11,554.269086
1.0,9,554.301747
1.0,8,554.324163
1.0,10,554.353768
1.0,15,554.403013
-1.0,7,554.42303
-1.0,9,554.450965
-1.0,12,554.48591
1.0,6,554.507678
1.0,7,554.529313
1.0,7,554.548621
1.0,9,554.572132
1.0,9,554.600803
1.0,7,554.622856
1.0,8,554.646743
1.0,4,554.658016
1.0,6,554.682067
1.0,5,554.694772
1.0,10,554.72505
1.0,4,554.737868
1.0,6,554.758646
1.0,4,554.770664
1.0,7,554.792583
1.0,6,554.810084
1.0,4,554.829786
1.0,7,554.849157
1.0,4,554.860247
1.0,8,554.887896
1.0,7,554.912666
1.0,4,554.924214
1.0,4,554.937973
1.0,5,554.952905
1.0,4,554.967393
1.0,9,554.988796
1.0,6,555.007816
1.0,16,555.053178
1.0,4,555.069608
1.0,4,555.084268
1.0,9,555.124058
1.0,7,555.149698
1.0,7,555.174827
1.0,4,555.186574
1.0,4,555.199136
-1.0,11,555.233193
1.0,4,555.249905
1.0,4,555.259888
1.0,4,555.270426
1.0,4,555.280568
1.0,4,555.296698
1.0,9,555.316657
1.0,8,555.343415
-1.0,14,555.395078
1.0,10,555.438717
1.0,8,555.461018
1.0,11,555.491291
1.0,11,555.51892
1.0,9,555.569267
-1.0,16,555.626476
1.0,8,555.647706
1.0,6,555.666707
1.0,13,555.704096
1.0,10,555.726259
1.0,6,555.746677
1.0,4,555.757195
1.0,6,555.785433
1.0,7,555.820885
1.0,14,555.863055
1.0,9,555.887464
-1.0,9,555.918013
1.0,5,555.932192
1.0,5,555.948693
1.0,10,555.978582
1.0,10,556.013781
1.0,4,556.024951
1.0,6,556.039579
1.0,10,556.070063
1.0,6,556.088354
1.0,10,556.116541
1.0,14,556.162211
1.0,12,556.195524
1.0,8,556.222093
-1.0,9,556.245382
1.0,7,556.27021
-1.0,9,556.298928
1.0,11,556.328758
-1.0,9,556.352798
1.0,11,556.379567
1.0,8,556.399884
1.0,9,556.421205
1.0,6,556.437096
1.0,10,556.460342
1.0,4,556.472504
1.0,12,556.516283
1.0,9,556.553443
1.0,13,556.597348
1.0,8,556.620321
1.0,4,556.633022
1.0,4,556.650238
1.0,7,556.691051
1.0,4,556.70733
1.0,5,556.734142
1.0,5,556.754412
1.0,6,556.784055
1.0,4,556.799933
1.0,4,556.817676
1.0,12,556.84513
1.0,4,556.854856
1.0,7,556.874587
1.0,13,556.936961
1.0,5,556.952807
1.0,10,557.005485
-1.0,9,557.044414
1.0,7,557.068499
1.0,7,557.092218
1.0,8,557.134786
1.0,7,557.153381
1.0,6,557.191151
1.0,6,557.231185
1.0,5,557.248641
1.0,5,557.265908
1.0,10,557.299328
1.0,6,557.313724
1.0,11,557.342229
1.0,12,557.407258
-1.0,5,557.447392
1.0,6,557.482213
1.0,8,557.515725
1.0,6,557.543364
1.0,8,557.593545
-1.0,8,557.630428
-1.0,11,557.680176
1.0,6,557.701651
1.0,6,557.721293
1.0,6,557.73769
1.0,6,557.753075
1.0,7,557.772671
-1.0,16,557.819192
1.0,5,557.829138
1.0,9,557.84985
1.0,7,557.866831
1.0,6,557.89486
1.0,4,557.910363
-1.0,9,557.94039
1.0,4,557.95078
1.0,6,557.981445
1.0,5,558.004965
-1.0,9,558.03855
1.0,5,558.049791
1.0,9,558.091118
1.0,6,558.114752
-1.0,12,558.14773
1.0,7,558.175798
-1.0,5,558.197501
1.0,9,558.226344
1.0,9,558.273916
1.0,11,558.326961
1.0,4,558.347759
1.0,8,558.405056
1.0,11,558.485883
1.0,10,558.52261
-1.0,11,558.566615
1.0,8,558.618238
1.0,4,558.635314
-1.0,14,558.687666
1.0,7,558.719924
1.0,12,558.788807
1.0,7,558.8298
1.0,5,558.851998
1.0,7,558.887405
1.0,4,558.903832
1.0,13,558.9509
1.0,8,558.972795
1.0,13,559.017014
1.0,5,559.031641
1.0,9,559.070175
-1.0,11,559.12429
1.0,6,559.171632
1.0,14,559.250181
1.0,5,559.271691
1.0,4,559.289434
1.0,6,559.313832
1.0,8,559.340339
-1.0,7,559.361493
1.0,4,559.373282
1.0,9,559.401568
1.0,4,559.413711
1.0,4,559.422748
1.0,4,559.434713
1.0,4,559.449838
1.0,4,559.459833
1.0,7,559.477698
1.0,5,559.491592
1.0,4,559.505094
1.0,4,559.514274
1.0,7,559.531353
1.0,8,559.551994
1.0,4,559.565427
1.0,8,559.593919
1.0,9,559.636005
1.0,4,559.653452
1.0,4,559.67059
-1.0,12,559.716953
1.0,6,559.735151
1.0,10,559.765463
-1.0,9,559.801
1.0,12,559.840307
1.0,7,559.862165
1.0,5,559.876603
1.0,6,559.898449
1.0,4,559.909672
1.0,4,559.92356
1.0,4,559.93775
1.0,8,559.96825
1.0,11,559.998705
-1.0,13,560.03324
1.0,5,560.048621
1.0,4,560.065991
1.0,4,560.08179
1.0,5,560.096194
1.0,10,560.124772
1.0,13,560.170678
-1.0,11,560.203731
1.0,10,560.247216
-1.0,13,560.316517
1.0,12,560.359259
1.0,7,560.394105
1.0,8,560.44082
1.0,7,560.496294
1.0,8,560.539772
1.0,11,560.568685
-1.0,8,560.596725
1.0,8,560.631642
-1.0,11,560.664281
1.0,4,560.675774
1.0,5,560.68851
1.0,10,560.719581
1.0,5,560.738533
1.0,4,560.751026
1.0,9,560.777807
1.0,4,560.790784
-1.0,5,560.814285
1.0,7,560.83349
1.0,12,560.865043
1.0,5,560.887133
1.0,8,560.920197
1.0,5,560.938764
1.0,10,560.969096
1.0,4,560.982153
1.0,4,561.005158
-1.0,9,561.038536
1.0,4,561.047939
1.0,7,561.068294
1.0,4,561.086966
1.0,4,561.099397
1.0,14,561.161064
1.0,5,561.174669
1.0,6,561.198371
1.0,14,561.234515
-1.0,11,561.264175
1.0,7,561.286766
1.0,4,561.305688
1.0,9,561.338575
1.0,8,561.366374
1.0,5,561.382887
1.0,5,561.403447
1.0,7,561.426232
1.0,5,561.442452
1.0,4,561.455302
1.0,6,561.482881
1.0,6,561.500822
-1.0,4,561.51629
1.0,8,561.541227
1.0,9,561.578107
1.0,7,561.598722
-1.0,16,561.638237
-1.0,5,561.656771
1.0,4,561.682011
1.0,16,561.735781
1.0,9,561.762273
1.0,9,561.787862
1.0,8,561.816349
1.0,10,561.8481
1.0,10,561.88012
1.0,12,561.925613
1.0,4,561.943268
1.0,8,561.961908
1.0,7,561.983813
1.0,4,561.99749
1.0,4,562.013707
1.0,5,562.02355
-1.0,9,562.04356
1.0,6,562.059911
1.0,8,562.092879
1.0,4,562.112173
1.0,11,562.153595
1.0,12,562.180551
1.0,5,562.196755
1.0,8,562.239701
1.0,6,562.271506
1.0,9,562.308576
1.0,4,562.327385
-1.0,9,562.361034
1.0,8,562.379634
-1.0,6,562.39464
1.0,10,562.432966
1.0,7,562.452844
-1.0,9,562.479317
1.0,6,562.494983
1.0,8,562.521667
1.0,4,562.534602
1.0,4,562.554564
-1.0,8,562.588207
1.0,9,562.623742
1.0,10,562.649905
1.0,8,562.672181
1.0,9,562.704995
1.0,4,562.72494
1.0,5,562.74513
1.0,4,562.761173
1.0,5,562.780208
1.0,5,562.798034
1.0,4,562.809884
1.0,11,562.845389
1.0,4,562.860532
1.0,9,562.895725
1.0,5,562.913708
1.0,4,562.925978
1.0,12,562.970632
1.0,9,563.049235
1.0,5,563.074984
1.0,16,563.119715
1.0,9,563.145792
1.0,5,563.162981
1.0,15,563.206647
1.0,10,563.241798
-1.0,11,563.276049
1.0,7,563.303171
1.0,9,563.331766
1.0,7,563.35257
1.0,9,563.379177
1.0,6,563.406548
1.0,6,563.422673
1.0,8,563.44523
-1.0,9,563.471429
1.0,4,563.482699
1.0,6,563.509474
1.0,7,563.540996
1.0,15,563.603587
1.0,6,563.632443
1.0,9,563.668251
1.0,4,563.687065
-1.0,9,563.724445
1.0,15,563.771828
-1.0,4,563.787978
1.0,10,563.836996
1.0,6,563.853633
1.0,6,563.878504
1.0,7,563.917682
-1.0,10,563.956708
1.0,7,563.985269
1.0,7,564.017351
1.0,10,564.0463
1.0,5,564.058427
1.0,6,564.077045
-1.0,9,564.107992
1.0,10,564.137208
1.0,8,564.158151
1.0,11,564.18954
1.0,8,564.215157
-1.0,12,564.24638
1.0,7,564.272663
-1.0,12,564.328746
1.0,7,564.365064
1.0,4,564.376798
1.0,4,564.394942
1.0,4,564.414838
1.0,7,564.449979
1.0,8,564.473722
1.0,11,564.509541
1.0,4,564.52064
1.0,6,564.54466
1.0,14,564.586411
1.0,4,564.600598
-1.0,10,564.634302
-1.0,13,564.675104
-1.0,8,564.697067
1.0,12,564.732494
1.0,4,564.746532
-1.0,12,564.782441
-1.0,6,564.798201
1.0,4,564.808143
1.0,4,564.821667
1.0,12,564.859836
-1.0,8,564.885465
1.0,5,564.898978
1.0,10,564.925299
1.0,4,564.941595
1.0,4,564.955586
1.0,4,564.967765
1.0,4,564.979682
1.0,4,564.996773
1.0,4,565.008804
1.0,4,565.020519
1.0,5,565.03774
1.0,7,565.062065
1.0,11,565.10043
1.0,7,565.123143
1.0,6,565.139603
1.0,9,565.17226
1.0,5,565.18421
1.0,5,565.197793
1.0,4,565.208969
1.0,4,565.2242
1.0,5,565.236515
1.0,4,565.248569
1.0,4,565.259879
1.0,5,565.285273
1.0,4,565.300815
1.0,4,565.321364
1.0,7,565.360684
1.0,4,565.388827
1.0,4,565.403848
1.0,4,565.419375
1.0,4,565.431507
1.0,4,565.451163
1.0,4,565.466815
1.0,13,565.506729
1.0,7,565.528436
1.0,6,565.553325
1.0,7,565.576635
1.0,9,565.602217
1.0,4,565.614935
1.0,8,565.639498
1.0,7,565.663342
1.0,8,565.685436
1.0,4,565.699168
1.0,10,565.73156
-1.0,11,565.767608
-1.0,18,565.824332
1.0,5,565.843776
1.0,6,565.865943
-1.0,10,565.896749
1.0,7,565.915473
1.0,7,565.937188
1.0,4,565.954338
1.0,5,565.96895
-1.0,9,565.999873
1.0,5,566.015721
1.0,5,566.033366
1.0,10,566.06333
1.0,5,566.079036
1.0,10,566.102805
1.0,6,566.127508
1.0,10,566.162611
1.0,11,566.211725
1.0,4,566.230651
1.0,9,566.261177
1.0,6,566.280735
1.0,8,566.303282
1.0,4,566.315521
1.0,8,566.343787
1.0,6,566.359157
1.0,4,566.371447
1.0,6,566.393048
1.0,5,566.408265
1.0,7,566.428165
1.0,4,566.437764
1.0,6,566.453027
1.0,6,566.475483
1.0,8,566.503535
1.0,6,566.520286
-1.0,9,566.549298
1.0,5,566.565609
1.0,9,566.583808
-1.0,15,566.621013
1.0,7,566.641821
-1.0,10,566.670303
1.0,6,566.687715
1.0,9,566.727983
1.0,4,566.746591
1.0,12,566.793345
-1.0,8,566.819531
1.0,4,566.829846
-1.0,18,566.899714
1.0,4,566.917283
-1.0,13,566.963738
1.0,8,566.984634
1.0,4,566.993154
1.0,4,567.007786
-1.0,5,567.022086
1.0,8,567.039403
1.0,4,567.056293
1.0,6,567.085446
1.0,4,567.100294
1.0,6,567.125185
1.0,5,567.141591
1.0,4,567.159874
-1.0,10,567.187852
1.0,6,567.205108
1.0,4,567.217606
1.0,5,567.232949
-1.0,14,567.27213
1.0,9,567.301154
1.0,7,567.330693
1.0,4,567.346776
1.0,6,567.363284
-1.0,13,567.401182
1.0,8,567.423692
1.0,11,567.463796
-1.0,4,567.477354
1.0,4,567.489993
1.0,9,567.519438
1.0,6,567.540647
1.0,6,567.559075
-1.0,9,567.583399
1.0,7,567.609372
1.0,10,567.655714
1.0,6,567.674936
1.0,14,567.705132
1.0,7,567.725759
1.0,6,567.745417
1.0,6,567.767693
1.0,7,567.787932
1.0,4,567.799179
1.0,8,567.867419
1.0,4,567.885106
-1.0,7,567.903101
1.0,5,567.918519
1.0,16,567.966378
1.0,4,567.975659
1.0,4,567.985907
1.0,9,568.011052
1.0,4,568.023695
1.0,9,568.060868
-1.0,12,568.090662
1.0,5,568.10411
1.0,13,568.140682
1.0,8,568.162209
1.0,13,568.194716
1.0,7,568.212023
1.0,6,568.228997
1.0,6,568.243988
1.0,6,568.258214
1.0,5,568.271004
1.0,8,568.299722
1.0,6,568.322838
1.0,4,568.335535
1.0,4,568.344833
1.0,6,568.361795
1.0,4,568.371329
1.0,4,568.380922
-1.0,4,568.391375
1.0,7,568.414888
1.0,4,568.425575
1.0,4,568.43668
1.0,7,568.463549
1.0,4,568.477074
1.0,4,568.486218
1.0,13,568.523458
1.0,11,568.554958
1.0,8,568.586439
1.0,7,568.612879
1.0,7,568.640845
1.0,14,568.683443
1.0,10,568.711378
1.0,4,568.722605
1.0,8,568.747773
1.0,4,568.75959
1.0,11,568.80434
1.0,11,568.844462
1.0,7,568.872715
1.0,4,568.885208
1.0,5,568.90223
1.0,5,568.91434
-1.0,16,568.957867
1.0,4,568.968259
-1.0,10,569.00055
1.0,5,569.012181
1.0,5,569.027546
1.0,7,569.048569
1.0,13,569.087207
1.0,4,569.100553
-1.0,11,569.126469
1.0,11,569.155971
1.0,6,569.173163
-1.0,7,569.191091
-1.0,13,569.23756
1.0,5,569.250558
1.0,7,569.277693
-1.0,11,569.307869
1.0,8,569.331209
1.0,11,569.3593
1.0,7,569.389908
1.0,4,569.406368
1.0,13,569.4573
-1.0,6,569.475312
1.0,4,569.490073
1.0,7,569.521448
1.0,7,569.545951
1.0,9,569.569459
1.0,4,569.582179
1.0,9,569.606955
1.0,7,569.625348
1.0,7,569.646111
1.0,7,569.664527
1.0,10,569.68991
1.0,11,569.721624
1.0,17,569.763129
1.0,5,569.782434
1.0,8,569.800376
1.0,6,569.816967
1.0,6,569.83146
1.0,6,569.852974
1.0,5,569.867043
-1.0,10,569.894508
-1.0,7,569.914527
1.0,4,569.928718
1.0,4,569.940805
1.0,5,569.955276
1.0,7,569.984304
1.0,4,569.999724
1.0,4,570.012711
-1.0,16,570.065903
-1.0,7,570.097861
-1.0,6,570.124635
1.0,5,570.141323
1.0,7,570.160014
1.0,4,570.172829
1.0,6,570.199483
1.0,6,570.213499
-1.0,13,570.252211
1.0,7,570.271731
1.0,4,570.291859
1.0,4,570.306488
1.0,11,570.343986
1.0,4,570.357409
1.0,4,570.373442
1.0,4,570.387582
-1.0,12,570.426535
1.0,7,570.448751
1.0,4,570.465435
1.0,5,570.478758
1.0,4,570.488468
1.0,12,570.516605
1.0,7,570.541301
-1.0,9,570.569068
1.0,7,570.598415
1.0,15,570.644719
1.0,4,570.661103
1.0,13,570.69109
1.0,6,570.70523
1.0,4,570.714323
1.0,5,570.734733
1.0,7,570.750627
-1.0,10,570.779639
1.0,7,570.802573
1.0,8,570.827544
1.0,4,570.840464
1.0,8,570.8748
1.0,4,570.88583
1.0,11,570.918009
-1.0,14,570.958
1.0,4,570.967331
1.0,5,570.980607
1.0,4,570.99447
-1.0,9,571.047061
1.0,8,571.09324
1.0,5,571.13262
-1.0,6,571.170814
1.0,7,571.193737
1.0,12,571.271262
1.0,7,571.290222
-1.0,18,571.333094
1.0,9,571.358801
1.0,8,571.378952
1.0,14,571.447803
1.0,4,571.467601
1.0,6,571.48605
-1.0,13,571.525268
-1.0,13,571.565722
1.0,12,571.607083
1.0,6,571.624169
1.0,6,571.645557
1.0,8,571.669126
1.0,7,571.699317
1.0,9,571.725838
1.0,10,571.756617
1.0,8,571.780871
1.0,10,571.815021
1.0,12,571.846227
1.0,4,571.858509
-1.0,16,571.902762
1.0,13,571.942841
1.0,7,571.967074
1.0,10,571.996734
1.0,5,572.010049
