#{"t_start": 1762627056.5974896, "env_id": "None"}
r,l,t
1.18,6,0.062029
1.14,4,0.072269
-0.82,6,0.090915
1.14,4,0.102058
-0.93,6,0.121638
-0.87,6,0.138696
1.19,5,0.152075
-0.71,6,0.170645
-0.86,4,0.182064
1.24,5,0.196039
1.24,5,0.208513
1.19,5,0.223218
1.29,6,0.241476
-0.97,4,0.252115
1.13,5,0.266648
1.19,5,0.284995
-0.66,7,0.307738
1.14,4,0.322772
-0.81,5,0.338392
1.19,5,0.354823
1.19,5,0.371435
1.18,6,0.39083
1.14,4,0.402742
-0.89,7,0.422816
-0.92,5,0.437738
1.13,5,0.45271
-0.91,4,0.465802
-0.71,7,0.487594
1.14,4,0.499759
1.14,4,0.51209
-0.91,4,0.525588
-0.76,6,0.548147
-0.81,6,0.56529
-0.81,5,0.580985
1.18,6,0.599077
-0.87,6,0.617904
1.13,5,0.632326
-0.83,7,0.651483
1.13,5,0.665653
-0.91,4,0.677451
1.14,4,0.688713
1.14,4,0.699193
-0.81,5,0.711978
1.32,9,0.74085
-0.81,5,0.755903
1.18,6,0.77109
-0.91,4,0.784948
1.18,6,0.803316
-0.76,6,0.822281
1.14,4,0.833954
-0.86,5,0.85059
-0.93,6,0.874233
-0.91,4,0.890293
-0.81,6,0.911073
-0.97,4,0.924853
-0.71,6,0.944154
-0.86,4,0.958366
-0.91,4,0.970925
1.14,4,0.984082
1.14,4,0.995959
1.14,4,1.006762
1.19,5,1.021545
1.29,6,1.040167
1.14,4,1.051932
1.28,7,1.07377
1.14,4,1.08633
-0.81,5,1.10344
1.14,4,1.114586
-0.86,4,1.126279
-0.72,7,1.147403
1.14,4,1.158709
1.29,6,1.178042
1.14,4,1.189291
1.14,4,1.201353
1.19,5,1.216772
-0.82,7,1.237742
-0.94,7,1.261141
-0.67,8,1.286365
1.14,4,1.297295
-0.66,7,1.319211
-0.97,4,1.330708
-0.86,5,1.345197
1.19,5,1.360402
-0.97,4,1.375129
-0.91,4,1.386666
1.19,5,1.400005
-0.81,5,1.41657
-0.81,5,1.4353
1.13,5,1.451174
-0.87,5,1.46519
1.14,4,1.476489
1.24,6,1.491195
-0.82,6,1.51009
1.14,4,1.520676
1.13,5,1.535407
1.13,5,1.551288
-0.81,5,1.567982
1.19,5,1.583596
1.18,6,1.602563
1.14,4,1.615433
-0.82,6,1.634664
-0.97,4,1.648028
-0.91,4,1.660454
1.19,5,1.675379
-0.87,5,1.691836
-0.86,5,1.706059
-0.86,4,1.718921
-0.91,4,1.731916
1.18,6,1.751149
1.19,5,1.765625
-0.71,6,1.783986
1.13,5,1.798161
-0.86,5,1.814273
-0.91,4,1.826138
1.14,4,1.83538
-0.81,5,1.84893
1.29,6,1.865872
1.14,4,1.877602
1.29,6,1.896312
-0.81,5,1.909687
1.19,5,1.924148
1.14,4,1.934901
-0.81,5,1.94913
1.22,8,1.973023
1.14,4,1.985003
-0.88,6,2.000501
1.14,4,2.010816
1.34,9,2.041189
1.37,10,2.07244
-0.81,5,2.088678
1.14,4,2.1011
1.13,5,2.115629
1.14,4,2.125954
1.14,4,2.137502
1.14,4,2.148394
1.14,4,2.158833
-0.71,6,2.1744
-0.75,10,2.203983
1.14,4,2.21405
-0.86,4,2.223142
-0.97,4,2.236668
1.21,5,2.251293
1.14,4,2.261471
1.41,7,2.283703
1.19,5,2.299213
1.18,6,2.314358
-0.92,5,2.32736
1.14,4,2.339458
-0.93,6,2.357483
-0.86,4,2.370405
1.14,4,2.382262
-0.86,4,2.395554
-0.81,5,2.410044
1.24,6,2.428934
1.14,4,2.440849
-0.77,7,2.463578
1.14,4,2.472133
1.24,6,2.488782
1.19,5,2.507374
-0.76,6,2.530312
-0.86,4,2.542873
-0.78,8,2.569016
1.19,5,2.584323
-0.67,8,2.608937
1.34,7,2.632821
1.19,5,2.648191
1.14,4,2.659013
-0.97,4,2.670018
-0.86,4,2.682795
1.14,4,2.693698
1.23,7,2.721114
-0.88,7,2.803448
1.19,5,2.857682
1.19,5,2.886469
1.19,5,2.902477
1.14,4,2.914186
-0.81,5,2.930414
-0.86,7,2.954252
1.19,5,2.96955
-0.97,4,2.982637
-0.87,6,3.000422
1.14,4,3.008832
1.28,8,3.072623
-0.82,7,3.108973
-0.81,5,3.127841
1.14,4,3.138803
1.19,5,3.155036
1.19,5,3.168491
-0.81,5,3.184808
1.14,4,3.197147
1.19,5,3.213596
-0.67,8,3.237808
-0.78,8,3.265818
-0.76,6,3.286644
1.14,4,3.299227
-0.91,4,3.313528
-0.81,5,3.329986
1.14,4,3.340605
1.18,6,3.358462
1.14,4,3.371488
-0.91,4,3.384551
1.18,6,3.403009
1.29,6,3.419647
1.19,5,3.435163
1.14,4,3.446534
1.14,4,3.457194
-0.83,7,3.480844
1.14,4,3.489807
-0.86,4,3.501805
-0.78,8,3.526909
1.14,4,3.538329
-0.86,4,3.549862
-0.83,7,3.570368
1.14,4,3.581694
-0.81,5,3.597487
-0.82,6,3.617629
1.23,7,3.639631
1.29,6,3.65708
1.18,6,3.671853
-0.81,5,3.687255
1.14,4,3.698938
1.28,8,3.721075
1.28,7,3.740179
-0.76,6,3.756525
-0.82,6,3.775621
1.13,5,3.790351
-0.89,8,3.813155
-0.86,4,3.82669
-0.91,4,3.841144
1.19,5,3.858618
-0.93,6,3.878796
1.29,6,3.89733
-0.87,6,3.916219
-0.76,5,3.931563
-0.93,6,3.950806
1.19,5,3.965082
1.19,5,3.976841
1.14,4,3.987736
-0.89,8,4.011741
1.19,5,4.022503
-0.95,8,4.047891
1.19,5,4.063061
-0.88,7,4.083397
1.14,4,4.097328
1.23,7,4.118755
-0.83,7,4.142031
1.14,4,4.154127
1.14,4,4.165692
1.12,6,4.183975
-0.66,7,4.204115
1.12,6,4.218217
1.19,5,4.230533
-0.91,4,4.242264
1.19,5,4.257344
1.14,4,4.267244
-0.83,7,4.283012
1.14,4,4.293759
1.19,5,4.304644
1.14,4,4.314908
-0.86,4,4.325869
1.14,4,4.334026
1.18,6,4.353237
1.23,7,4.374676
-0.86,4,4.383738
1.13,5,4.398014
1.38,8,4.419414
1.13,5,4.4334
1.19,5,4.449975
1.17,7,4.466272
-0.81,5,4.479747
1.24,6,4.497465
1.19,5,4.510233
1.14,4,4.521991
1.14,4,4.532791
-0.86,4,4.544895
-0.78,8,4.570251
1.14,4,4.58232
1.14,4,4.591889
-0.81,5,4.60405
-0.91,4,4.617042
-0.81,5,4.631968
1.14,4,4.641606
1.14,4,4.649754
-0.72,7,4.668796
1.14,4,4.679934
1.14,4,4.691516
-0.88,6,4.711436
1.19,5,4.72691
1.14,4,4.735414
1.29,6,4.751143
1.34,7,4.768622
-0.81,5,4.783994
-0.76,6,4.803368
1.14,4,4.816121
-0.81,5,4.831683
-0.86,5,4.846383
1.24,6,4.863928
-0.82,6,4.883904
-0.87,5,4.90073
-0.81,5,4.916827
-0.83,8,4.938122
1.14,4,4.950644
1.14,4,4.965586
1.19,5,4.983554
1.18,6,5.000134
-0.81,5,5.013444
1.24,6,5.031458
-0.68,9,5.058614
-0.91,4,5.067492
-0.83,7,5.089309
1.19,5,5.105386
-0.86,4,5.119789
-0.66,7,5.142393
-0.91,4,5.155388
-0.86,4,5.166206
1.19,5,5.180095
-0.82,6,5.198539
-0.79,9,5.222851
1.14,4,5.234662
1.14,4,5.245148
1.29,6,5.262122
-0.82,6,5.281135
1.19,5,5.295469
1.14,4,5.30656
1.19,5,5.320328
1.19,5,5.335073
-0.91,4,5.347102
1.22,8,5.371342
-0.66,7,5.391532
-0.77,7,5.415818
1.33,8,5.441747
1.14,4,5.450582
1.18,6,5.465671
1.14,4,5.476318
1.14,4,5.48727
-0.86,4,5.497458
1.33,8,5.518439
-0.73,9,5.544796
1.14,4,5.556855
-0.8,6,5.571525
1.19,5,5.584306
1.13,5,5.598407
1.33,7,5.617167
1.19,5,5.62963
-0.81,6,5.64721
-0.92,5,5.663327
-0.86,4,5.673829
-0.86,4,5.686329
-0.93,6,5.703292
1.14,4,5.713553
-0.59,8,5.737521
1.19,5,5.753275
1.36,10,5.783234
1.14,4,5.792645
1.33,8,5.812675
1.14,4,5.822082
1.13,5,5.85491
1.13,5,5.895337
1.29,6,5.913068
1.14,4,5.925296
-0.66,7,5.948924
1.18,6,5.969901
-0.86,4,5.985872
1.21,5,6.002169
-0.61,8,6.028937
-0.81,5,6.04491
-0.71,7,6.066957
-0.77,7,6.087032
1.14,4,6.097572
-0.91,4,6.108563
-0.91,4,6.120838
1.14,4,6.132339
1.19,5,6.146964
1.28,7,6.167933
1.19,5,6.18132
1.14,4,6.192323
-0.81,5,6.209143
1.21,9,6.238406
1.14,4,6.249364
1.14,4,6.262227
1.29,6,6.281739
-0.77,7,6.303503
1.14,4,6.315568
1.18,6,6.334917
1.19,5,6.348378
1.13,5,6.363494
1.19,5,6.37824
1.19,5,6.389788
1.14,4,6.402293
-0.83,7,6.427253
1.18,6,6.445213
1.19,5,6.461819
-0.81,5,6.478119
1.24,6,6.496361
1.13,5,6.5093
1.19,5,6.52211
-0.86,5,6.539686
-0.81,5,6.561199
1.14,4,6.574717
1.14,4,6.589792
1.19,5,6.608061
1.19,5,6.622947
1.23,7,6.64039
-0.89,8,6.66748
1.19,5,6.68525
-0.88,6,6.705102
-0.91,4,6.717799
1.3,7,6.740045
-0.98,5,6.75892
1.14,4,6.770629
1.19,5,6.787163
-0.91,4,6.800147
1.29,6,6.817553
-0.91,4,6.831164
-0.92,5,6.846337
-0.97,4,6.857857
1.14,4,6.869451
-0.82,6,6.886083
1.14,4,6.898133
1.14,4,6.910789
1.24,6,6.931831
-0.68,9,6.964678
1.13,5,6.97991
-0.91,4,6.992543
1.14,4,7.002223
1.14,4,7.012205
-0.83,7,7.034471
-0.89,7,7.053146
1.14,4,7.066194
1.14,4,7.079097
1.14,4,7.088758
-0.76,6,7.105198
1.14,4,7.11687
1.14,4,7.129136
-0.97,4,7.143915
-0.86,4,7.153918
1.14,4,7.165553
1.14,4,7.176073
-0.81,6,7.195646
1.14,4,7.207461
1.14,4,7.215697
1.18,6,7.230222
1.14,4,7.242105
1.14,4,7.25024
1.34,7,7.269153
1.14,4,7.281448
-0.68,8,7.310083
-0.82,6,7.330337
-0.81,5,7.34693
-0.93,6,7.366865
1.14,4,7.378698
1.12,6,7.396675
1.13,5,7.412284
1.14,4,7.421388
1.14,4,7.43363
-0.81,5,7.449123
-0.91,4,7.462545
1.24,6,7.481792
1.14,4,7.49493
1.14,4,7.503272
1.14,4,7.515664
1.14,4,7.527605
1.18,6,7.545646
-0.81,5,7.584294
-0.93,6,7.63468
1.14,4,7.659285
-0.87,5,7.676858
-0.87,5,7.692986
1.14,4,7.703568
1.14,4,7.714355
1.14,4,7.725653
1.18,6,7.742334
1.29,6,7.760242
1.14,4,7.771293
1.14,4,7.783678
1.14,4,7.79633
1.19,5,7.809649
1.14,4,7.820373
1.18,6,7.834868
1.13,5,7.850095
1.18,6,7.868356
1.12,6,7.884304
1.34,8,7.90956
-0.76,6,7.929388
-0.92,5,7.946038
1.14,4,7.957457
1.13,5,7.969293
-0.81,5,7.983926
-0.75,8,8.008999
1.14,4,8.020538
1.32,7,8.045775
1.14,4,8.060167
1.18,6,8.082941
1.14,4,8.097044
-0.71,7,8.124364
1.24,6,8.15054
-0.81,5,8.168304
1.17,7,8.196835
-0.86,4,8.212518
1.18,6,8.235008
1.19,5,8.252465
1.19,5,8.267654
1.14,4,8.281755
-0.83,7,8.308652
-0.81,5,8.326529
-0.86,4,8.341521
1.29,6,8.362762
-0.78,8,8.396196
1.14,4,8.410421
1.19,5,8.427985
1.32,9,8.46068
1.13,5,8.478902
-0.72,7,8.502194
1.34,7,8.529937
-0.81,5,8.54565
1.14,4,8.558989
1.19,5,8.577078
1.14,4,8.590892
1.14,4,8.602428
1.14,4,8.615845
1.14,4,8.62897
1.29,6,8.713903
1.4,9,8.760168
-0.99,6,8.781257
1.13,5,8.797773
1.37,9,8.828839
1.19,5,8.844993
-0.98,5,8.864734
-0.81,6,8.887305
-0.91,4,8.900969
1.19,5,8.916525
1.14,4,8.928466
1.19,5,8.945322
1.14,4,8.958648
-0.72,7,8.983187
1.14,4,8.996229
1.35,8,9.026421
-0.76,8,9.054675
-0.77,7,9.081768
1.14,4,9.095909
1.18,6,9.114676
-0.81,5,9.132687
-0.81,5,9.151172
1.14,4,9.165347
1.14,4,9.178361
-0.91,4,9.19333
-0.67,8,9.222925
1.13,5,9.240409
1.14,4,9.25216
-0.81,5,9.269113
1.19,5,9.286067
1.14,4,9.299655
-0.97,4,9.314121
1.29,6,9.333623
1.14,4,9.347673
1.14,4,9.360166
-0.91,4,9.372999
1.19,5,9.390461
-0.81,5,9.405801
-0.87,5,9.419601
-0.78,8,9.449634
-0.81,5,9.464312
-0.81,5,9.480566
-0.98,5,9.495858
-0.66,7,9.519783
-0.81,5,9.538818
-0.81,5,9.561574
-0.72,8,9.590494
1.28,7,9.609176
-0.86,4,9.620791
1.14,4,9.633229
1.14,4,9.647364
-0.79,9,9.679209
1.34,7,9.702273
1.19,5,9.717463
1.19,5,9.73241
1.18,6,9.750827
-0.97,4,9.765107
1.19,5,9.781832
1.34,7,9.800978
-0.72,7,9.826706
-0.71,6,9.847672
1.19,5,9.862214
-0.86,4,9.875365
1.29,6,9.892562
-0.97,4,9.90514
1.14,4,9.916936
1.19,5,9.932565
1.14,4,9.944576
1.19,5,9.960858
1.14,4,9.973841
-0.91,4,9.986573
1.28,7,10.009545
-0.86,4,10.019022
1.19,5,10.032322
-0.91,4,10.046627
-0.86,4,10.059968
1.19,5,10.075126
1.14,4,10.084477
1.14,4,10.096524
1.34,8,10.123071
1.25,7,10.144489
1.18,6,10.163655
-0.87,6,10.184125
-0.72,7,10.208936
-0.87,5,10.22407
1.19,5,10.238983
1.19,5,10.253057
1.19,5,10.26812
1.13,5,10.28481
-0.87,6,10.306224
1.14,4,10.315888
1.18,6,10.334075
-0.85,16,10.386394
1.13,5,10.399986
-0.91,4,10.413304
1.14,4,10.426057
-0.99,6,10.444558
1.19,5,10.46125
-0.77,7,10.482098
-0.81,5,10.499195
-0.81,5,10.5131
1.29,6,10.531428
1.34,7,10.551327
-0.92,5,10.567167
1.14,4,10.577349
-0.81,5,10.59029
-0.82,6,10.610112
-0.69,6,10.629942
1.14,4,10.641253
1.34,7,10.662092
1.14,4,10.674196
-0.82,6,10.694389
1.14,4,10.707019
1.31,10,10.741297
-0.95,5,10.756573
1.29,6,10.775415
1.14,4,10.787636
-0.91,4,10.799113
1.13,5,10.817044
-0.76,6,10.836794
1.14,4,10.851028
1.14,4,10.864872
-0.71,6,10.885767
-0.76,6,10.905327
1.14,4,10.917496
1.22,8,10.943898
1.14,4,10.95342
1.14,4,10.965302
1.33,8,10.985744
1.19,5,10.998208
1.19,5,11.01419
-0.77,6,11.0312
-0.81,5,11.047005
-0.86,4,11.060224
1.34,7,11.082617
1.14,4,11.095184
1.29,6,11.112097
1.19,5,11.125851
1.19,5,11.139894
1.13,5,11.154591
1.23,7,11.177515
1.14,4,11.18985
1.19,5,11.204527
-0.72,7,11.226761
-0.87,6,11.245532
1.19,5,11.260763
1.32,9,11.287917
1.14,4,11.297141
1.19,5,11.312686
1.19,5,11.328288
-0.77,7,11.35048
-0.87,6,11.370337
-0.86,5,11.387345
-0.92,5,11.405256
-0.71,6,11.424549
1.29,6,11.442772
1.24,6,11.461072
-0.91,4,11.47503
1.19,5,11.489913
-0.91,4,11.502229
-0.86,5,11.519683
1.43,9,11.546062
-0.81,5,11.5643
1.19,5,11.57868
-0.89,7,11.657816
1.14,4,11.671208
1.29,6,11.690609
1.29,6,11.708458
-0.82,6,11.725825
1.14,4,11.735197
-0.91,4,11.748122
-0.83,8,11.775398
-0.86,4,11.788767
1.14,4,11.799665
-0.79,9,11.827522
1.13,5,11.842631
1.13,5,11.858346
-0.66,7,11.881453
1.14,4,11.894028
1.18,6,11.912573
1.14,4,11.924678
-0.92,5,11.940207
-0.71,6,11.957057
1.14,4,11.966906
-0.83,7,11.991245
1.14,4,12.004121
1.14,4,12.016402
1.29,6,12.036596
1.29,7,12.060412
1.14,4,12.074124
-0.77,7,12.100286
-0.71,6,12.126532
-0.97,4,12.142099
1.13,5,12.161584
1.14,4,12.175124
-0.93,6,12.196825
-0.82,6,12.216995
-0.78,9,12.256827
1.14,4,12.283512
-0.78,8,12.326834
-0.86,5,12.343164
1.14,4,12.355462
-0.78,8,12.380772
-0.92,5,12.396768
1.12,6,12.412178
1.18,6,12.428559
-0.76,6,12.448684
1.14,4,12.458447
1.13,5,12.47223
-0.76,6,12.490523
1.14,4,12.502076
1.14,4,12.51334
-0.92,5,12.526806
1.19,5,12.540044
-0.81,5,12.556792
1.24,6,12.576256
1.28,8,12.604214
1.14,4,12.612606
1.14,4,12.625031
-0.97,4,12.637362
1.13,5,12.648951
1.14,4,12.660068
1.34,7,12.681726
-0.76,6,12.702295
1.14,4,12.714824
1.14,4,12.726984
1.28,8,12.747786
1.18,6,12.765667
1.14,4,12.778505
1.17,7,12.798831
1.14,4,12.812128
1.14,4,12.823842
-0.81,5,12.840212
1.13,5,12.851157
1.14,4,12.861089
-0.81,5,12.875264
-0.97,4,12.889004
1.14,4,12.900577
-0.71,7,12.924434
-0.78,8,12.95009
1.19,5,12.964817
-0.84,8,12.986807
-0.82,6,13.003714
-0.88,7,13.026264
-0.86,4,13.039682
1.14,4,13.053123
-0.77,7,13.076808
1.24,6,13.092911
-0.77,7,13.113353
1.24,6,13.132784
1.14,4,13.14543
1.14,4,13.744826
-0.91,4,13.760356
1.19,5,13.77768
1.34,7,13.800613
1.14,4,13.812009
-0.82,6,13.831333
1.14,4,13.843712
1.29,6,13.862069
-0.64,7,13.88662
1.14,4,13.896928
1.18,6,13.912972
1.29,6,13.93056
-0.79,5,13.948258
1.19,5,13.96614
1.14,4,13.980397
1.29,6,14.00493
-0.77,7,14.032197
-0.72,10,14.072792
1.14,4,14.158841
-0.91,4,14.178788
1.14,4,14.209136
1.14,4,14.224071
-0.86,4,14.238578
1.19,5,14.255064
-0.72,8,14.279713
1.29,7,14.304903
1.14,4,14.317884
-0.82,6,14.342715
-0.87,5,14.361888
1.29,6,14.383047
-0.76,6,14.404871
1.14,4,14.417176
1.14,4,14.43088
1.14,4,14.443992
-0.81,5,14.462953
1.14,4,14.476165
1.14,4,14.488849
1.14,4,14.502374
1.19,5,14.516952
-0.82,6,14.540027
1.14,4,14.553738
1.14,4,14.5642
1.14,4,14.577581
-0.77,7,14.602946
-0.82,6,14.622584
1.14,4,14.637171
1.14,4,14.650739
1.13,5,14.668928
-0.77,7,14.692438
1.13,5,14.708106
1.14,4,14.719685
-0.91,4,14.732907
-0.91,4,14.745391
-0.97,4,14.759807
1.14,4,14.772985
1.14,4,14.783252
-0.81,5,14.800708
1.14,4,14.812617
1.13,5,14.829334
-0.68,9,14.860703
1.19,5,14.877457
1.14,4,14.891277
-0.93,6,14.912846
1.24,6,14.930641
1.19,5,14.948886
-0.82,6,15.030197
1.19,5,15.047297
1.19,5,15.061126
-0.86,4,15.073506
1.3,7,15.096187
-0.86,4,15.110665
1.14,4,15.122114
1.34,7,15.143691
1.14,4,15.156695
1.24,6,15.173986
-0.91,4,15.186093
-0.98,5,15.203368
1.14,4,15.215034
1.14,4,15.225089
1.14,4,15.236368
1.19,5,15.251721
1.19,5,15.265962
1.28,7,15.29047
1.19,5,15.305613
1.19,5,15.319715
1.13,5,15.332002
-0.83,7,15.3568
1.14,4,15.369155
1.28,7,15.389229
-0.86,4,15.402391
-0.86,4,15.411673
1.14,4,15.423269
-0.87,6,15.442837
-0.83,7,15.463422
1.19,5,15.478951
1.14,4,15.49239
-0.79,9,15.520317
1.19,5,15.533466
1.24,6,15.551327
1.14,4,15.562483
1.14,4,15.574202
-0.94,7,15.59252
1.21,5,15.606989
1.14,4,15.619022
-0.72,8,15.645365
-0.68,10,15.679005
-0.76,6,15.695899
1.14,4,15.707249
-0.89,7,15.730217
-0.73,9,15.76167
-0.82,6,15.778906
1.14,4,15.792515
1.29,6,15.810707
-0.92,5,15.827553
-0.82,6,15.848744
-0.86,4,15.859598
1.18,6,15.878133
-0.67,8,15.904219
-0.95,8,15.927197
1.19,5,15.940207
1.27,8,15.965944
1.24,6,15.980551
-0.77,7,16.003169
1.19,5,16.016182
-0.76,6,16.033053
1.24,5,16.048316
1.14,4,16.059735
-0.76,6,16.076369
-0.81,5,16.092532
1.14,4,16.104855
1.24,6,16.121753
-0.82,6,16.140668
-0.91,4,16.152726
1.13,5,16.167747
1.14,4,16.178418
1.13,5,16.190514
1.14,4,16.20006
1.14,4,16.208892
1.12,6,16.223813
1.14,4,16.235138
-0.74,9,16.259621
1.16,8,16.2844
1.19,5,16.299079
-0.76,6,16.315557
1.19,5,16.327194
1.23,6,16.344868
1.24,6,16.363427
1.19,5,16.374949
-0.94,7,16.39566
1.14,4,16.405428
-0.7,8,16.426111
-0.93,6,16.443204
1.19,5,16.456845
1.19,5,16.471074
1.14,4,16.482134
1.22,8,16.504149
1.14,4,16.513444
1.39,8,16.539405
1.18,6,16.557457
-0.82,6,16.577622
-0.85,7,16.602563
1.29,6,16.619934
-0.67,8,16.644174
1.19,5,16.658207
-0.86,5,16.671259
1.29,6,16.687846
1.29,6,16.70559
1.19,5,16.721023
1.14,4,16.733325
1.14,4,16.745287
1.14,4,16.755625
1.18,6,16.774226
1.14,4,16.78643
1.14,4,16.79753
1.14,4,16.80896
1.14,4,16.820792
1.29,6,16.839243
-0.81,5,16.855815
-0.86,5,16.869039
-0.81,5,16.885555
1.19,5,16.900839
1.19,5,16.91572
-0.76,6,16.934938
1.34,7,16.955206
1.18,6,16.972574
1.29,6,16.990182
1.14,4,17.001346
-0.81,5,17.017071
-0.81,5,17.032176
-0.97,4,17.044291
1.14,4,17.056723
1.29,6,17.07245
-0.86,4,17.084767
1.29,6,17.103616
-0.92,5,17.117923
1.14,4,17.129292
1.19,5,17.143509
-0.71,7,17.163059
1.13,5,17.175619
-0.67,8,17.203297
1.24,6,17.222526
1.14,4,17.234346
-0.81,5,17.247989
-0.86,5,17.263797
1.19,5,17.279401
-0.72,8,17.302644
-0.81,5,17.319325
1.14,4,17.331068
-0.86,4,17.344382
1.14,4,17.357112
1.24,6,17.37633
1.14,4,17.386712
1.14,4,17.398065
1.14,4,17.409359
-0.76,5,17.423822
1.19,5,17.438812
-0.86,5,17.454797
1.14,4,17.467077
1.28,8,17.487292
1.34,7,17.504543
1.28,7,17.524824
1.33,8,17.55262
-0.76,7,17.576718
-0.87,6,17.600097
-0.83,7,17.623902
-0.91,4,17.640287
-0.78,8,17.668625
-0.81,5,17.682101
1.14,4,17.695871
-0.91,4,17.711633
-0.82,6,17.734081
-0.82,6,17.757607
1.38,9,17.792267
-0.97,4,17.808318
-0.81,5,17.827064
1.13,5,17.844373
1.14,4,17.860294
1.14,4,17.875223
-0.86,5,17.891706
1.19,5,17.908395
1.14,4,17.921208
1.19,5,17.93727
1.14,4,17.950557
1.34,7,17.974834
1.14,4,17.987929
1.21,6,18.008361
-0.82,6,18.096989
-0.86,4,18.11372
1.14,4,18.127477
1.29,6,18.145759
1.14,4,18.158909
1.14,4,18.172054
1.19,5,18.188076
-0.86,4,18.202556
1.24,6,18.223093
-0.97,4,18.239505
1.14,4,18.253038
-0.81,5,18.27038
1.29,6,18.291407
-0.78,8,18.322697
1.14,4,18.336532
-0.92,5,18.355485
-0.92,5,18.374739
-0.98,5,18.39462
1.13,5,18.412823
1.19,5,18.429829
-0.81,5,18.447883
-0.81,5,18.464538
-0.71,7,18.572716
1.14,4,18.586586
-0.64,7,18.613454
-0.86,4,18.628574
-0.91,4,18.64197
-0.81,5,18.662339
-0.78,8,18.689949
1.12,6,18.710584
1.19,5,18.727063
1.14,4,18.741019
-0.61,8,18.771447
1.28,7,18.79434
-0.86,4,18.809231
1.14,4,18.823374
-0.83,7,18.84888
1.19,5,18.869343
1.14,4,18.884954
-0.86,4,18.900747
1.14,4,18.912159
1.14,4,18.923039
1.28,7,18.947642
1.14,4,18.957748
-0.98,5,18.975342
1.14,4,18.989694
1.14,4,19.002469
1.14,4,19.013228
1.14,4,19.027003
1.18,6,19.047118
-0.87,6,19.067869
1.14,4,19.082856
-0.86,5,19.100172
1.19,5,19.116052
-0.97,4,19.128982
1.19,5,19.144665
1.19,5,19.155875
1.29,7,19.175992
-0.77,7,19.196168
1.34,7,19.217588
-0.91,4,19.229729
1.18,6,19.244205
1.19,5,19.257954
1.14,4,19.26724
-0.81,5,19.284044
1.14,4,19.295295
1.14,4,19.307175
-0.91,4,19.320079
-0.79,9,19.343909
1.14,4,19.35565
1.14,4,19.367804
-0.71,7,19.391151
1.14,4,19.405806
1.19,5,19.421874
1.19,5,19.436227
1.14,4,19.44861
-0.81,5,19.462338
-0.82,6,19.483619
-0.71,6,19.502796
1.19,5,19.519404
1.14,4,19.531566
1.14,4,19.541787
-0.91,4,19.554985
1.14,4,19.566139
1.29,6,19.583347
-0.76,6,19.6009
1.46,8,19.623374
1.18,6,19.643623
1.34,7,19.662427
-0.82,6,19.681499
-0.86,4,19.693536
1.14,4,19.705676
-0.91,4,19.720419
1.14,4,19.732638
-0.91,4,19.744759
1.19,5,19.761835
1.18,6,19.782112
-0.92,5,19.800035
1.44,8,19.824001
1.14,4,19.836967
1.14,4,19.84909
1.14,4,19.858303
-0.86,4,19.870939
1.19,5,19.886119
-0.91,4,19.900285
1.24,6,19.91995
1.18,6,19.938564
-0.86,4,19.952032
-0.86,4,19.965818
1.22,8,19.99118
-0.88,7,20.0144
1.14,4,20.025725
1.14,4,20.03828
-0.86,5,20.054893
-0.91,4,20.068607
1.14,4,20.081128
1.14,4,20.092527
-0.76,6,20.108516
-0.78,8,20.136178
1.19,5,20.151555
1.14,4,20.164367
1.14,4,20.17576
1.19,5,20.189111
-0.71,6,20.209595
-0.76,6,20.230096
1.14,4,20.24219
1.14,4,20.253502
1.14,4,20.26507
1.19,5,20.279943
-0.82,6,20.296926
-0.83,7,20.317801
1.19,5,20.332264
1.19,5,20.347272
-0.92,5,20.36325
1.29,6,20.382077
-0.66,8,20.408738
-0.86,4,20.422218
1.14,4,20.434673
1.14,4,20.447333
1.14,4,20.458779
-0.77,7,20.483288
-0.86,4,20.495994
1.19,5,20.510566
1.14,4,20.522717
1.14,4,20.535384
-0.91,4,20.548743
1.14,4,20.559749
1.13,5,20.57159
1.14,4,20.583594
1.19,5,20.598327
1.34,7,20.622173
1.14,4,20.634053
-0.92,5,20.651175
-0.61,10,20.691637
1.14,4,20.706978
1.19,5,20.724777
1.18,6,20.744344
-0.71,6,20.765963
1.14,4,20.777862
1.14,4,20.791719
-0.82,7,20.820103
1.31,6,20.841067
1.29,6,20.861643
-0.71,6,20.885804
-0.86,4,20.901352
-0.89,7,20.92571
1.13,5,20.941863
1.14,4,20.955419
1.12,6,20.975859
1.14,4,20.990966
-0.81,5,21.011736
-0.84,8,21.038018
1.14,4,21.051505
1.17,7,21.072239
1.14,4,21.134339
1.19,5,21.165163
-0.98,5,21.185129
1.14,4,21.197947
1.14,4,21.209352
-0.91,4,21.224471
1.14,4,21.238608
-0.9,9,21.27116
-0.81,5,21.28842
1.24,6,21.310133
-0.66,7,21.337019
-0.82,6,21.36076
1.14,4,21.372596
1.14,4,21.385629
-0.92,5,21.403894
-0.81,5,21.423822
1.19,5,21.440808
-0.87,5,21.459595
1.14,4,21.470652
1.24,6,21.490425
-0.88,7,21.512208
1.14,4,21.525318
-0.83,8,21.561965
1.32,9,21.597446
-0.79,6,21.622851
1.14,4,21.638602
1.29,6,21.660445
1.14,4,21.673039
1.14,4,21.685424
-0.92,5,21.701393
-0.82,6,21.721651
1.28,7,21.740047
-0.93,6,21.761984
-0.83,7,21.784029
1.34,7,21.805144
1.14,4,21.816891
-0.81,5,21.832807
1.19,5,21.848475
-0.97,4,21.85814
-0.75,7,21.882071
-0.92,5,21.897867
1.14,4,21.910396
-0.79,5,21.924544
1.13,5,21.940206
-0.93,6,21.954237
1.14,4,21.964764
1.33,8,21.985861
-0.79,6,22.002789
1.14,4,22.0144
1.14,4,22.02416
1.39,8,22.049579
1.14,4,22.06089
1.14,4,22.072197
1.28,7,22.093561
1.14,4,22.10603
1.24,6,22.126118
-0.72,7,22.149964
1.14,4,22.160574
-0.97,4,22.173183
1.14,4,22.184137
-0.84,8,22.207729
1.14,4,22.21734
1.14,4,22.228513
1.14,4,22.239764
-0.76,6,22.259575
1.13,5,22.274916
-0.99,6,22.290566
-0.81,5,22.30652
-0.92,5,22.320199
-0.81,5,22.335667
1.14,4,22.348936
-0.73,10,22.378548
-0.82,6,22.394406
1.19,5,22.407322
-0.64,11,22.446908
-0.81,5,22.46319
-0.71,7,22.48686
1.14,4,22.498622
1.29,6,22.516792
1.14,4,22.529078
1.13,5,22.544007
-0.92,5,22.559298
-0.91,4,22.569229
1.29,6,22.584559
1.18,6,22.600448
1.14,4,22.612377
1.14,4,22.624214
-0.91,4,22.637235
1.14,4,22.647882
1.14,4,22.659026
1.14,4,22.670901
1.19,5,22.683963
-0.81,5,22.700883
1.14,4,22.713098
-0.91,4,22.7233
1.19,5,22.738479
1.14,4,22.751152
-0.86,5,22.767688
-0.93,6,22.786438
-0.87,6,22.805801
1.14,4,22.818828
-0.67,10,22.84855
1.13,5,22.861828
1.18,6,22.878533
1.19,5,22.893238
-0.91,4,22.90359
-0.86,4,22.916209
-0.81,5,22.931693
1.14,4,22.941629
1.14,4,22.953122
1.14,4,22.965209
1.14,4,22.975408
1.19,5,22.986392
1.14,4,22.998156
1.19,5,23.012239
1.39,8,23.034227
-0.82,6,23.054672
-0.81,5,23.07103
1.23,7,23.093866
1.18,6,23.111732
1.19,5,23.125667
1.13,5,23.139611
-0.72,10,23.167079
-0.86,4,23.179731
1.14,4,23.190929
1.13,5,23.205544
1.14,4,23.217513
1.14,4,23.227529
1.14,4,23.238319
-0.72,7,23.26277
1.14,4,23.273306
1.14,4,23.284518
-0.81,5,23.300252
-0.73,9,23.325969
1.14,4,23.334938
1.19,5,23.349846
1.14,4,23.361469
-0.82,6,23.377307
1.14,4,23.388179
-0.66,7,23.412022
-0.76,6,23.430944
-0.91,4,23.444035
1.14,4,23.455127
-0.71,7,23.47949
1.24,6,23.499043
1.39,8,23.52419
-0.61,8,23.547086
1.14,4,23.558709
1.14,4,23.570988
-0.87,6,23.588089
1.14,4,23.598372
1.19,5,23.609884
-0.76,6,23.629803
-0.91,4,23.640092
-0.71,6,23.655542
-0.91,4,23.669256
-0.72,8,23.69499
-0.91,4,23.707702
1.14,4,23.719447
1.13,5,23.732671
-0.76,6,23.752651
1.29,6,23.771306
-0.89,7,23.796214
1.14,4,23.808307
1.14,4,23.820681
1.14,4,23.832715
1.19,5,23.847572
1.12,6,23.86471
1.14,4,23.875987
1.13,5,23.892027
1.19,5,23.907971
1.24,6,23.923513
1.13,5,23.938969
1.14,4,23.950089
-0.86,4,23.963222
1.36,7,23.984543
1.14,4,23.994014
1.14,4,24.004417
-0.81,5,24.020695
1.14,4,24.030447
-0.71,7,24.051934
-0.81,5,24.066368
-0.93,6,24.082567
1.14,4,24.092793
-0.86,5,24.109443
-0.86,4,24.122599
-0.91,4,24.132964
1.14,4,24.144356
-0.76,6,24.162938
1.14,4,24.173809
1.29,7,24.239671
-0.76,6,24.267926
1.22,8,24.293728
1.14,4,24.305045
1.13,5,24.320322
-0.92,5,24.336552
1.13,5,24.352096
-0.98,5,24.368563
1.19,5,24.38423
-0.79,5,24.401687
1.14,4,24.412582
-0.81,5,24.427758
1.14,4,24.438864
1.14,4,24.450601
1.19,5,24.465034
1.19,5,24.480934
-0.78,8,24.506086
1.13,5,24.517344
1.17,7,24.536349
-0.77,7,24.558836
1.13,5,24.573742
1.14,4,24.586074
-0.81,5,24.600751
1.14,4,24.612183
1.19,5,24.626721
1.19,5,24.640818
1.14,4,24.652172
1.32,9,24.681141
1.14,4,24.692551
1.13,5,24.707462
1.29,6,24.72185
-0.66,7,24.737229
-0.91,4,24.747074
-0.81,5,24.761871
-0.71,7,24.779831
1.13,5,24.793767
1.14,4,24.805035
1.24,6,24.822356
1.14,4,24.833688
-0.93,6,24.854398
1.14,4,24.866739
-0.86,5,24.883843
-0.86,5,24.900038
1.29,6,24.915831
-0.86,5,24.929496
1.14,4,24.939636
-0.91,4,24.952265
1.19,5,24.968086
1.19,5,24.984352
-0.97,4,24.996816
1.14,4,25.008129
1.14,4,25.019596
1.19,5,25.034953
1.24,6,25.053274
-0.93,6,25.070678
-0.71,7,25.09176
1.18,6,25.110116
1.19,5,25.125444
1.14,4,25.136536
-0.81,5,25.150292
1.14,4,25.161112
-0.81,5,25.177204
1.14,4,25.188385
1.19,5,25.202334
1.29,7,25.225957
1.24,6,25.244763
-0.91,4,25.25707
1.14,4,25.269289
1.23,7,25.292835
1.14,4,25.304441
1.24,5,25.319704
-0.91,4,25.335299
1.14,4,25.348622
1.14,4,25.361795
1.14,4,25.372101
1.14,4,25.384629
1.14,4,25.396699
1.14,4,25.410681
1.14,4,25.427244
1.19,5,25.447242
1.19,5,25.463353
1.29,6,25.483071
1.14,4,25.494426
-0.66,7,25.517393
1.14,4,25.530381
-0.66,7,25.555713
1.19,5,25.571668
1.13,5,25.588347
1.19,5,25.603685
-0.61,8,25.628565
-0.91,4,25.64028
1.19,5,25.654655
-0.72,8,25.679996
1.19,5,25.693272
-0.81,5,25.706138
1.14,4,25.717982
-0.81,5,25.73295
1.14,4,25.744216
1.14,4,25.755886
1.14,4,25.767833
1.13,5,25.783218
1.14,4,25.795645
1.13,5,25.811076
1.18,6,25.830192
1.27,8,25.852528
1.14,4,25.863205
1.33,8,25.889089
-0.92,5,25.905655
-0.91,4,25.919387
1.19,5,25.932674
1.14,4,25.944701
1.19,5,25.959088
1.14,4,25.970383
1.19,5,25.986219
1.19,5,26.001877
1.19,5,26.018614
1.14,4,26.03085
1.14,4,26.044414
-0.72,7,26.065923
1.14,4,26.077746
1.28,7,26.098289
-0.91,4,26.111313
1.13,5,26.129955
1.14,4,26.143142
-0.93,6,26.240153
-0.76,6,26.280497
1.14,4,26.296347
1.18,6,26.317608
1.19,5,26.33605
1.19,5,26.354673
-0.83,7,26.385435
-0.81,5,26.409396
-0.91,4,26.426417
-0.87,5,26.447807
1.14,4,26.461728
-0.56,9,26.499336
1.14,4,26.516403
-0.91,4,26.530852
1.19,5,26.550953
-0.81,5,26.569542
1.29,6,26.595287
-0.93,6,26.615003
1.14,4,26.628206
1.14,4,26.642388
1.14,4,26.653615
1.14,4,26.664596
1.24,6,26.685079
-0.97,4,26.699108
-0.87,5,26.716375
1.14,4,26.728364
1.18,6,26.74765
1.14,4,26.760291
1.13,5,26.773714
1.14,4,26.785401
1.19,5,26.798939
-0.76,6,26.818123
1.14,4,26.828699
1.13,5,26.843627
-0.81,5,26.860373
-0.81,5,26.87694
1.14,4,26.887579
-0.91,4,26.901148
1.14,4,26.91228
1.19,5,26.925992
-0.86,4,26.939914
1.14,4,26.951428
1.14,4,26.964634
1.14,4,26.978293
1.19,5,26.994049
1.14,4,27.00588
1.14,4,27.015377
1.14,4,27.067761
1.19,5,27.089355
1.14,4,27.102633
1.18,6,27.119945
1.14,4,27.13004
1.14,4,27.141362
1.14,4,27.15224
-0.82,6,27.1684
1.14,4,27.178479
1.19,5,27.193803
1.14,4,27.647375
-0.91,4,27.660277
1.14,4,27.67218
1.24,6,27.690413
1.14,4,27.701836
-0.81,5,27.717787
-0.86,4,27.729758
1.14,4,27.741219
1.13,5,27.756351
1.14,4,27.767881
-0.81,5,27.785398
1.14,4,27.798304
1.14,4,27.810773
1.14,4,27.82344
1.14,4,27.83393
1.14,4,27.846483
1.14,4,27.858483
1.14,4,27.870424
1.14,4,27.883025
-0.76,6,27.902766
1.18,6,27.923122
1.19,5,27.936226
1.14,4,27.948115
-0.81,5,27.965183
-0.77,7,27.987715
1.14,4,27.996868
1.14,4,28.009267
1.14,4,28.020447
1.14,4,28.031375
1.14,4,28.044133
1.29,6,28.064119
1.14,4,28.076113
-0.81,5,28.091884
1.14,4,28.104054
1.14,4,28.116616
1.19,5,28.131823
-0.81,5,28.147976
1.17,7,28.170203
1.29,6,28.190603
1.14,4,28.202398
-0.86,4,28.213135
-0.76,6,28.229005
1.18,6,28.246322
-0.67,8,28.266758
1.16,5,28.281689
-0.71,6,28.301263
1.14,4,28.313662
1.19,5,28.330282
1.14,4,28.343363
-0.93,6,28.361316
1.14,4,28.373704
1.14,4,28.385608
-0.84,8,28.410542
1.23,7,28.433247
1.34,7,28.455562
-0.72,7,28.474057
-0.92,5,28.489078
1.19,5,28.502794
1.23,7,28.524332
1.14,4,28.535936
1.18,6,28.554707
1.14,4,28.563833
1.23,7,28.583008
1.14,4,28.594843
1.14,4,28.607023
-0.93,6,28.626176
1.19,5,28.639779
-0.93,6,28.657233
1.19,5,28.671606
1.14,4,28.683309
1.23,7,28.705334
1.14,4,28.717003
-0.83,7,28.739
-0.94,7,28.76123
1.14,4,28.772928
1.14,4,28.78337
-0.81,5,28.799064
1.14,4,28.810851
1.14,4,28.821424
1.14,4,28.832388
1.14,4,28.843638
1.22,8,28.864051
-0.92,5,28.880599
1.13,5,28.897406
1.14,4,28.909938
-0.81,5,28.925059
-0.95,8,28.945736
1.14,4,28.957082
-0.76,6,28.974972
-0.67,9,29.004435
-0.88,7,29.027428
-0.67,10,29.060894
-0.82,6,29.080682
1.27,8,29.103004
1.33,8,29.122967
-0.86,4,29.132778
1.19,5,29.144729
-0.87,6,29.160278
1.14,4,29.172554
-0.77,7,29.19484
1.14,4,29.206307
-0.86,4,29.218393
1.19,5,29.230406
1.19,5,29.246526
1.14,4,29.259239
1.14,4,29.27067
1.13,5,29.285591
1.14,4,29.297426
1.14,4,29.309616
1.14,4,29.321466
1.13,5,29.332002
1.14,4,29.34332
-0.47,11,29.375049
1.14,4,29.387328
1.14,4,29.397581
1.14,4,29.40979
1.14,4,29.421858
1.14,4,29.433195
-0.73,9,29.460243
-0.97,4,29.472921
1.19,5,29.48653
1.14,4,29.498837
1.14,4,29.511512
-0.87,5,29.526605
1.18,6,29.54454
1.29,6,29.563827
1.14,4,29.57628
1.14,4,29.587906
1.18,6,29.606264
1.34,7,29.627715
1.14,4,29.639251
-0.77,7,29.659672
-0.76,6,29.678873
1.14,4,29.688956
-0.81,5,29.703635
1.14,4,29.716134
1.14,4,29.727694
1.19,5,29.74199
-0.81,5,29.75829
1.14,4,29.769536
1.18,6,29.784732
-0.88,6,29.803148
1.34,7,29.825218
1.19,5,29.84384
1.18,6,29.864014
1.19,5,29.881451
1.14,4,29.895123
-0.77,7,29.923604
-0.76,6,29.947072
1.14,4,29.963624
1.19,5,29.979704
1.14,4,29.993244
1.19,5,30.011148
1.34,7,30.036013
1.19,5,30.05882
-0.75,11,30.157186
1.14,4,30.174937
-0.91,4,30.188292
-0.82,6,30.209138
1.14,4,30.223478
1.14,4,30.234925
1.14,4,30.245366
1.14,4,30.256003
1.14,4,30.267199
1.14,4,30.279127
1.14,4,30.291638
-0.88,6,30.309925
1.14,4,30.322412
1.14,4,30.333882
1.18,6,30.352681
1.14,4,30.362308
1.17,7,30.384872
1.14,4,30.396345
-0.98,5,30.409538
1.24,6,30.427961
1.34,7,30.447513
-0.57,9,30.473219
-0.76,6,30.490519
1.34,7,30.512151
-0.86,5,30.528394
-0.91,4,30.540119
1.14,4,30.548711
-0.59,7,30.567477
1.14,4,30.579668
-0.71,7,30.601641
1.23,7,30.625127
-0.86,4,30.638346
1.19,5,30.652865
-0.81,5,30.668014
1.19,5,30.683097
1.14,4,30.694515
-0.71,7,30.717378
-0.76,6,30.731822
1.38,8,30.758361
-0.91,4,30.769473
1.19,5,30.784206
1.19,5,30.796186
1.19,5,30.808928
1.19,5,30.823278
-0.82,7,30.843962
1.29,6,30.862269
-0.81,5,30.876502
1.29,6,30.894378
1.19,5,30.90878
1.14,4,30.919503
1.14,4,30.929085
1.14,4,30.941187
1.14,4,30.95314
1.36,7,30.970976
1.19,5,30.98718
-0.81,5,31.003734
-0.99,6,31.021283
1.14,4,31.031737
1.14,4,31.042422
1.14,4,31.05451
1.14,4,31.066035
1.14,4,31.078114
1.14,4,31.090483
-0.86,4,31.102682
1.19,5,31.1132
1.19,5,31.128316
1.14,4,31.139933
1.14,4,31.151694
1.19,5,31.166261
-0.81,5,31.182746
-0.81,5,31.198822
1.14,4,31.209636
-0.81,5,31.224453
1.19,5,31.237851
1.14,4,31.248797
1.2,6,31.267948
1.19,5,31.28044
-0.91,4,31.292543
1.14,4,31.303869
1.19,5,31.317525
1.14,4,31.329165
-0.87,5,31.342998
1.14,4,31.354039
-0.76,6,31.375238
-0.87,5,31.391826
-0.93,6,31.407587
-0.92,5,31.423368
1.14,4,31.435101
-0.76,6,31.452032
1.19,5,31.465409
1.38,9,31.490502
1.14,4,31.500444
-0.81,6,31.516792
1.24,6,31.532214
1.14,4,31.54439
1.14,4,31.55555
1.14,4,31.565954
1.14,4,31.575903
-0.82,6,31.595053
1.14,4,31.607157
1.14,4,31.61872
1.14,4,31.630512
-0.91,4,31.64405
-0.76,9,31.670844
1.14,4,31.679604
1.14,4,31.691862
-0.91,4,31.702548
1.29,6,31.717256
1.34,7,31.736773
1.14,4,31.748532
1.19,5,31.762993
-0.71,7,31.785005
-0.91,4,31.795124
1.14,4,31.805755
1.19,5,31.820241
-0.66,7,31.840274
1.14,4,31.850107
-0.92,5,31.862613
1.29,6,31.878128
1.14,4,31.889575
1.14,4,31.901359
1.19,5,31.915281
-0.81,5,31.927751
-0.68,9,31.954713
-0.87,5,31.96712
1.14,4,31.978413
1.13,5,31.992762
1.14,4,32.003427
1.34,7,32.020357
1.14,4,32.029316
1.14,4,32.040474
1.19,5,32.0557
1.14,4,32.066435
1.14,4,32.076725
-0.76,6,32.091929
1.28,7,32.109954
-0.79,9,32.139984
-0.87,5,32.157477
-0.78,8,32.181612
-0.91,4,32.19184
1.14,4,32.203021
1.14,4,32.211937
-0.86,4,32.223157
1.29,6,32.24223
1.28,7,32.264271
-0.87,6,32.280876
-0.92,5,32.295868
1.14,4,32.30565
1.14,4,32.315541
-0.82,6,32.332417
-0.98,5,32.349456
1.14,4,32.360099
1.14,4,32.372227
-0.97,4,32.384961
-0.64,7,32.407634
1.14,4,32.420361
-0.92,5,32.436802
1.14,4,32.447789
1.13,5,32.459533
-0.83,7,32.47817
1.14,4,32.490095
1.34,7,32.511409
-0.81,5,32.527336
-0.81,5,32.541513
-0.71,6,32.560547
-0.86,4,32.574109
1.19,5,32.589944
-0.81,5,32.607352
-0.81,5,32.624803
-0.71,7,32.648034
-0.78,8,32.675001
1.19,5,32.689772
-0.91,4,32.702461
1.23,7,32.72051
-0.95,8,32.744164
1.14,4,32.755279
-0.81,5,32.771661
-0.67,8,32.798403
1.14,4,32.808258
-0.76,6,32.824258
-0.81,5,32.840695
-0.87,6,32.860208
1.28,7,32.882363
1.14,4,32.891096
1.14,4,32.90205
-0.91,4,32.913434
1.14,4,32.926582
1.14,4,32.938285
-0.82,6,32.955895
1.24,6,32.973119
1.33,8,32.996261
1.34,7,33.018819
1.14,4,33.030759
1.34,7,33.052671
1.14,4,33.061486
1.13,5,33.076742
-0.81,5,33.094983
-0.76,6,33.11479
1.19,5,33.125421
-0.56,8,33.206064
-0.92,5,33.221484
1.19,5,33.23776
1.14,4,33.249259
-0.61,8,33.273041
1.17,7,33.2931
1.14,4,33.305832
1.14,4,33.317044
-0.81,5,33.333077
-0.81,5,33.34992
1.14,4,33.361959
1.29,6,33.379824
1.13,5,33.392936
1.14,4,33.405082
-0.92,5,33.42159
-0.81,5,33.438132
1.14,4,33.450723
1.19,5,33.466062
1.28,7,33.489081
1.19,5,33.503546
-0.81,5,33.517214
-0.57,9,33.542711
1.14,4,33.554034
-0.77,7,33.573908
-0.82,6,33.592334
-0.86,4,33.605535
1.14,4,33.618342
-0.81,5,33.633907
-0.92,5,33.648165
1.14,4,33.65806
1.34,7,33.679486
-0.81,5,33.693564
-0.86,4,33.706363
-0.81,5,33.721168
1.13,5,33.734838
1.14,4,33.74646
-0.68,10,33.781403
-0.91,4,33.7928
-0.77,7,33.812186
1.19,5,33.824407
-0.82,6,33.840914
-0.86,4,33.852451
-0.77,7,33.872691
1.19,5,33.886204
1.18,6,33.902107
1.14,4,33.911076
1.19,5,33.924962
-0.87,5,33.942498
1.14,4,33.953787
-0.97,4,33.965915
1.14,4,33.978264
-0.67,8,33.998398
1.19,5,34.01024
1.29,7,34.032684
1.14,4,34.042151
1.19,5,34.058075
1.14,4,34.070193
1.19,5,34.085
1.19,5,34.100535
1.14,4,34.11222
1.19,5,34.124781
-0.81,6,34.141482
-0.86,5,34.155705
-0.81,5,34.172459
-0.75,7,34.191302
1.18,6,34.207797
1.24,6,34.226209
1.14,4,34.238406
1.14,4,34.252117
1.19,5,34.268597
1.14,4,34.279883
1.18,6,34.300247
1.14,4,34.310708
-0.66,7,34.334304
-0.83,7,34.35799
1.14,4,34.371509
1.19,5,34.384782
1.38,8,34.411453
1.36,7,34.429491
-0.93,6,34.448003
1.18,6,34.467566
-0.81,5,34.481489
1.14,4,34.490106
1.14,4,34.501875
-0.92,5,34.518273
1.13,5,34.53332
1.14,4,34.545923
1.24,6,34.56495
1.29,6,34.581032
1.14,4,34.593408
-0.76,6,34.611045
-0.91,4,34.624158
1.14,4,34.636351
-0.86,5,34.651735
1.14,4,34.66348
1.14,4,34.674212
-0.77,7,34.697572
1.14,4,34.709875
1.24,6,34.728033
1.14,4,34.740792
-0.86,4,34.753159
1.24,6,34.771703
1.18,6,34.790664
-0.91,4,34.80374
1.14,4,34.815705
1.14,4,34.82698
1.29,6,34.847344
1.24,6,34.866899
1.14,4,34.877471
-0.77,7,34.8986
1.14,4,34.911103
1.19,5,34.928473
1.14,4,34.938748
1.19,5,34.95575
-0.93,6,34.977437
1.14,4,34.990429
1.19,5,35.007314
1.13,5,35.022515
1.23,7,35.044561
1.24,6,35.06211
1.19,5,35.074866
1.28,7,35.097612
1.14,4,35.10941
1.14,4,35.123099
-0.81,5,35.142367
-0.88,6,35.167509
1.19,5,35.183993
1.14,4,35.196903
-0.82,6,35.22188
1.19,5,35.237547
1.14,4,35.250514
1.13,5,35.320383
-0.84,8,35.35712
-0.76,6,35.37695
1.14,4,35.388669
-0.71,6,35.405012
1.13,5,35.418498
1.14,4,35.429864
1.39,8,35.455624
-0.86,4,35.470196
1.19,5,35.484368
-0.71,7,35.504301
1.14,4,35.516249
-0.91,4,35.5257
-0.76,6,35.544446
1.19,5,35.557856
-0.81,5,35.574786
1.14,4,35.587683
1.18,6,35.60547
1.14,4,35.617695
-0.76,6,35.637805
1.14,4,35.649836
1.14,4,35.661457
1.14,4,35.671127
-0.81,5,35.6863
1.14,4,35.698169
1.14,4,35.709737
1.29,6,35.728261
-0.73,9,35.758228
1.14,4,35.770167
-0.76,6,35.791192
-0.86,5,35.808357
1.14,4,35.821249
1.14,4,35.857038
1.14,4,35.896317
1.14,4,35.908898
-0.86,4,35.922222
-0.71,7,35.942824
1.13,5,35.956386
-0.59,8,35.982578
-0.91,4,35.995294
1.28,8,36.020154
1.18,6,36.03819
1.14,4,36.050043
1.18,6,36.069681
-0.76,6,36.087131
-0.77,7,36.111015
-0.81,5,36.127593
1.14,4,36.140582
1.14,4,36.15312
1.14,4,36.166311
1.14,4,36.176942
1.14,4,36.189255
1.14,4,36.199587
-0.86,4,36.209534
1.14,4,36.221931
-0.86,4,36.234433
-0.79,9,36.263741
1.14,4,36.275128
-0.79,6,36.292762
-0.87,6,36.31272
1.29,6,36.331627
1.14,4,36.342817
-0.93,6,36.365073
-0.81,5,36.379454
1.13,5,36.394586
-0.91,4,36.4053
1.14,4,36.416769
1.19,5,36.431584
1.13,5,36.44573
1.14,4,36.457246
-0.98,5,36.471288
-0.71,6,36.490422
-0.71,7,36.514222
1.13,5,36.529905
1.19,5,36.545816
1.14,4,36.558702
1.14,4,36.570476
-0.81,5,36.587348
1.14,4,36.600016
1.19,5,36.618202
1.14,4,36.627533
1.14,4,36.63943
1.39,8,36.664761
1.14,4,36.676547
-0.66,7,36.701596
1.29,6,36.721272
1.34,7,36.743097
1.19,5,36.758897
-0.73,9,36.79315
1.19,5,36.809501
1.13,5,36.825925
1.33,6,36.844639
1.14,4,36.859192
1.18,6,36.882523
1.14,4,36.900692
1.14,4,36.914809
-0.93,6,36.941628
-0.87,6,36.964194
-0.83,7,36.991381
1.14,4,37.003325
1.19,5,37.019017
1.18,6,37.039643
-0.86,4,37.053824
1.14,4,37.066809
-0.86,4,37.079608
1.19,5,37.095298
1.14,4,37.10745
-0.81,6,37.131845
1.14,4,37.142698
1.14,4,37.154873
-0.94,7,37.173838
1.18,6,37.19306
1.44,8,37.216177
1.14,4,37.229157
1.14,4,37.241707
1.28,7,37.266142
1.14,4,37.277341
-0.92,5,37.294375
1.14,4,37.307189
1.14,4,37.320139
1.14,4,37.333499
1.23,7,37.35476
-0.71,6,37.375735
1.19,5,37.390588
1.22,8,37.415396
-0.76,6,37.432966
1.14,4,37.445467
1.14,4,37.458192
1.18,6,37.4775
1.14,4,37.48924
1.14,4,37.501393
1.13,5,37.517524
1.13,5,37.531827
1.14,4,37.543173
1.14,4,37.556141
-0.88,7,37.577606
-0.87,5,37.593354
1.14,4,37.605136
1.34,7,37.628663
-0.71,7,37.656753
1.13,5,37.670887
1.19,5,37.685373
1.14,4,37.696505
1.19,5,37.712228
-0.81,5,37.729379
1.14,4,37.742604
-0.81,5,37.759481
1.14,4,37.771657
1.19,5,37.786857
1.19,5,37.801703
-0.67,8,37.829775
1.19,5,37.844404
1.49,9,37.873997
1.14,4,37.886375
-0.91,4,37.899486
1.14,4,37.908361
1.14,4,37.918279
1.14,4,37.929592
1.19,5,37.94461
-0.82,6,37.965382
1.14,4,37.979348
1.14,4,37.994876
-0.81,5,38.017218
1.14,4,38.039457
1.19,5,38.060449
-0.86,4,38.085352
1.14,4,38.104585
1.14,4,38.123388
1.19,5,38.151169
1.14,4,38.169341
1.24,5,38.194371
1.2,6,38.225689
1.14,4,38.252371
1.14,4,38.272412
1.21,5,38.305342
-0.87,5,38.324656
1.22,8,38.349445
1.19,5,38.364673
-0.81,5,38.379956
1.14,4,38.391001
1.19,5,38.406424
1.14,4,38.419491
1.14,4,38.433167
1.19,5,38.447606
1.14,4,38.456957
-0.87,5,38.470738
1.19,5,38.487221
-0.91,4,38.502129
1.14,4,38.513046
-0.81,5,38.529337
-0.86,5,38.608315
-0.82,7,38.634569
1.14,4,38.646631
1.14,4,38.657999
1.14,4,38.670002
-0.79,9,38.700902
1.18,6,38.719741
-0.91,4,38.733611
1.14,4,38.745167
1.14,4,38.756228
1.49,8,38.780666
1.14,4,38.79336
1.14,4,38.805198
1.14,4,38.817905
1.14,4,38.829782
1.14,4,38.840604
1.19,5,38.853218
1.19,5,38.86735
1.14,4,38.876731
1.14,4,38.886198
1.14,4,38.89745
1.13,5,38.913071
1.19,5,38.929853
1.14,4,38.941117
1.14,4,38.953067
-0.91,4,38.966442
1.14,4,38.979438
-0.82,7,39.001869
1.19,5,39.017278
1.14,4,39.028532
1.18,6,39.046289
1.34,7,39.068515
1.19,5,39.084913
1.14,4,39.096972
1.14,4,39.109174
1.14,4,39.122278
1.19,5,39.138933
1.14,4,39.151602
1.14,4,39.164074
1.14,4,39.175584
-0.81,5,39.194554
1.14,4,39.207596
-0.72,8,39.238563
-0.84,8,39.26423
1.14,4,39.276363
1.14,4,39.288956
1.19,5,39.305425
1.28,7,39.329184
1.19,5,39.340153
-0.91,4,39.351523
-0.91,4,39.365181
1.14,4,39.377467
1.29,6,39.396943
-0.76,6,39.414313
1.19,5,39.42637
1.14,4,39.438926
-0.76,6,39.462865
-0.81,5,39.481772
1.19,5,39.499601
1.18,6,39.52094
-0.84,8,39.553214
1.14,4,39.5665
-0.76,6,39.586854
1.19,5,39.602507
1.13,5,39.618572
-0.76,6,39.63796
1.19,5,39.651729
1.14,4,39.666127
1.24,6,39.686135
1.14,4,39.698254
1.19,5,39.714665
1.14,4,39.727594
1.19,5,39.744589
1.14,4,39.758027
1.19,5,39.772813
1.14,4,39.785632
-0.88,7,39.808731
1.14,4,39.818197
-0.84,8,39.848235
-0.66,7,39.872983
-0.77,7,39.89763
-0.72,8,39.923225
-0.83,7,39.948922
1.19,5,39.964853
-0.77,7,39.987897
1.19,5,40.002721
1.19,5,40.019305
-0.92,5,40.036115
-0.76,6,40.057104
1.19,5,40.07301
1.14,4,40.08575
1.24,6,40.103444
-0.87,5,40.12
1.19,5,40.135767
1.14,4,40.148517
1.28,7,40.169373
-0.8,7,40.193751
1.14,4,40.206664
-0.98,5,40.223238
1.19,5,40.236472
1.19,5,40.251611
1.19,5,40.266131
-0.92,5,40.28074
-0.91,4,40.293447
1.14,4,40.30299
1.14,4,40.314422
-0.81,6,40.33217
-0.77,7,40.351839
1.23,7,40.36977
1.18,6,40.389821
1.19,5,40.402781
1.18,6,40.421184
1.13,5,40.437099
-0.71,6,40.458178
1.14,4,40.470568
1.18,6,40.489702
-0.81,5,40.506703
1.14,4,40.519548
1.14,4,40.532368
1.24,6,40.551584
1.14,4,40.563247
1.14,4,40.574335
1.14,4,40.583985
1.19,5,41.111416
1.19,5,41.129906
1.14,4,41.147412
1.14,4,41.163163
1.13,5,41.183463
-0.76,6,41.206667
1.19,5,41.227602
1.19,5,41.244196
1.19,5,41.262232
1.24,6,41.282272
1.14,4,41.297162
1.14,4,41.309932
-0.81,5,41.329955
1.18,6,41.442776
1.19,5,41.458582
1.27,8,41.480635
1.14,4,41.493234
1.18,6,41.515371
-0.82,6,41.536057
-0.86,4,41.554701
1.14,4,41.572949
1.14,4,41.588524
-0.76,6,41.615275
1.18,6,41.63557
1.14,4,41.649214
1.14,4,41.663004
1.19,5,41.680607
1.19,5,41.698356
1.49,9,41.787117
1.24,6,41.819294
-0.91,4,41.833488
-0.71,7,41.857064
1.13,5,41.871345
-0.91,4,41.885043
1.14,4,41.897452
1.19,5,41.912294
1.24,6,41.928108
1.14,4,41.93991
-0.81,5,41.957073
1.29,6,41.980887
1.34,7,42.006312
1.14,4,42.020826
1.13,5,42.037188
-0.82,6,42.06135
1.24,6,42.082421
-0.67,9,42.114
-0.76,6,42.132706
1.14,4,42.144469
1.14,4,42.156929
1.14,4,42.16887
1.14,4,42.181142
1.14,4,42.192865
-0.98,5,42.205854
1.14,4,42.217541
-0.77,7,42.237342
1.14,4,42.249113
-0.71,6,42.267632
1.14,4,42.280591
1.14,4,42.290687
-0.67,8,42.315171
1.14,4,42.327256
1.14,4,42.339123
1.29,6,42.358288
1.29,6,42.373667
1.19,5,42.388087
1.14,4,42.400337
1.14,4,42.412952
1.14,4,42.424004
-0.81,5,42.43974
1.14,4,42.451444
-0.86,5,42.467558
1.14,4,42.479275
1.14,4,42.490872
-0.66,7,42.511189
-0.93,6,42.525994
-0.87,5,42.542544
1.14,4,42.553828
1.24,6,42.571827
1.14,4,42.583883
1.33,8,42.611035
1.19,5,42.627146
1.19,5,42.643596
1.14,4,42.653649
1.14,4,42.664386
1.24,6,42.683164
1.29,6,42.702013
-0.82,7,42.727636
1.14,4,42.737486
1.14,4,42.74949
-0.76,6,42.768202
1.33,8,42.793672
1.19,5,42.805032
1.18,6,42.819592
1.14,4,42.831581
1.14,4,42.843938
1.14,4,42.855933
-0.71,7,42.87259
1.14,4,42.884406
1.14,4,42.895625
-0.82,6,42.913065
1.13,5,42.928625
-0.91,4,42.941765
1.14,4,42.952444
1.14,4,42.963792
1.14,4,42.974545
-0.97,4,42.987352
1.14,4,42.997925
1.34,7,43.019065
1.13,5,43.035568
1.14,4,43.049181
1.28,7,43.072104
1.19,5,43.086152
1.29,6,43.108699
1.19,5,43.12702
-0.99,6,43.146877
1.34,7,43.172081
1.14,4,43.18799
1.14,4,43.202066
-0.91,4,43.216798
-0.97,4,43.232121
1.34,7,43.254196
-0.77,7,43.278517
1.14,4,43.289721
1.19,5,43.304698
1.14,4,43.314789
1.14,4,43.326029
1.18,6,43.344508
1.14,4,43.356015
1.14,4,43.365989
1.14,4,43.376342
1.14,4,43.3852
1.14,4,43.396752
1.14,4,43.40752
1.13,5,43.422375
-0.66,8,43.448263
-0.77,7,43.467875
1.14,4,43.479264
1.14,4,43.491497
1.14,4,43.501193
-0.99,6,43.517571
1.19,5,43.532923
-0.63,10,43.567057
1.14,4,43.57924
1.14,4,43.591636
1.14,4,43.60242
1.19,5,43.616917
1.29,6,43.636381
1.14,4,43.649797
1.19,5,43.665319
1.31,7,43.685617
1.14,4,43.698109
1.19,5,43.712653
1.14,4,43.725311
1.18,6,43.745188
1.14,4,43.757122
1.14,4,43.767884
1.34,7,43.790172
1.24,6,43.809929
1.14,4,43.821313
-0.99,6,43.835873
-0.71,7,43.859458
-0.66,7,43.880978
-0.76,6,43.899493
1.19,5,43.9146
1.14,4,43.926101
1.23,7,43.946837
1.18,6,43.966523
1.13,5,43.982483
1.13,5,43.996618
1.14,4,44.008865
1.14,4,44.019492
-0.82,6,44.034426
1.14,4,44.044879
1.18,6,44.060495
-0.82,6,44.079095
1.19,5,44.095391
-0.67,8,44.122888
1.14,4,44.135664
-0.97,4,44.150506
1.14,4,44.162825
1.14,4,44.175663
-0.76,6,44.193431
1.28,7,44.214343
1.14,4,44.225288
-0.71,6,44.243349
-0.81,5,44.256499
1.14,4,44.266459
-0.88,6,44.283247
1.14,4,44.293989
-0.92,5,44.306538
1.19,5,44.322215
-0.66,7,44.343203
1.34,7,44.363521
-0.81,5,44.378153
1.14,4,44.390085
1.14,4,44.40177
1.19,5,44.41724
1.34,7,44.437286
1.14,4,44.448837
1.19,5,44.463281
1.14,4,44.475611
1.14,4,44.487252
-0.72,8,44.513098
1.14,4,44.52543
-0.68,9,44.551451
1.14,4,44.563523
1.14,4,44.576199
1.14,4,44.588764
-0.65,8,44.675008
1.29,6,44.692265
-0.86,4,44.705096
1.14,4,44.718246
-0.87,5,44.733112
1.14,4,44.744816
1.29,6,44.762641
-0.91,4,44.77527
1.14,4,44.786778
1.14,4,44.799224
1.13,5,44.813308
1.24,6,44.829627
-0.82,6,44.849248
1.14,4,44.860189
-0.97,4,44.872656
1.14,4,44.885051
1.14,4,44.897487
1.14,4,44.90862
1.37,9,44.933731
1.14,4,44.945564
1.14,4,44.95807
1.19,5,44.97497
1.14,4,44.985477
-0.71,6,45.004505
1.14,4,45.016211
1.24,6,45.033885
1.19,5,45.047171
1.14,4,45.059515
1.14,4,45.070634
-0.81,5,45.086743
-0.82,6,45.107079
1.14,4,45.119048
-0.86,5,45.136433
1.14,4,45.15012
1.29,6,45.170175
1.14,4,45.182844
1.14,4,45.19493
1.19,5,45.209382
1.34,7,45.232779
1.28,7,45.252295
1.19,5,45.268957
1.29,6,45.288316
-0.71,6,45.308427
1.13,5,45.319373
1.19,5,45.334541
1.19,5,45.350401
-0.76,8,45.379447
1.14,4,45.392099
1.14,4,45.401223
1.14,4,45.41213
1.28,7,45.431882
-0.77,7,45.451363
1.13,5,45.466978
1.14,4,45.479054
1.28,7,45.502922
1.13,5,45.515438
1.18,6,45.531594
1.14,4,45.541252
1.15,9,45.566378
1.19,5,45.583148
1.14,4,45.595635
1.17,7,45.615297
-0.81,5,45.631232
1.14,4,45.643334
1.44,8,45.669628
1.19,5,45.686043
1.14,4,45.698397
-0.84,8,45.726226
-0.67,8,45.748427
1.29,6,45.764139
1.14,4,45.777
1.14,4,45.787597
1.14,4,45.797724
1.14,4,45.808344
1.14,4,45.81922
1.14,4,45.832108
1.13,5,45.848075
1.14,4,45.86015
1.14,4,45.869576
1.14,4,45.881156
-0.86,4,45.895224
-0.66,7,45.918574
-0.81,5,45.935879
-0.91,4,45.948693
1.14,4,45.960747
-0.71,6,45.978724
1.14,4,45.990816
1.14,4,45.999826
1.34,7,46.02108
1.39,8,46.046809
1.14,4,46.059779
1.19,5,46.074901
1.14,4,46.086006
1.14,4,46.097512
1.29,6,46.11189
1.14,4,46.122885
1.2,6,46.138391
1.14,4,46.150653
1.14,4,46.161023
1.14,4,46.172953
1.14,4,46.182532
1.24,6,46.199014
-0.91,4,46.212727
1.14,4,46.225899
-0.81,5,46.241399
-0.71,7,46.263889
1.14,4,46.274729
1.19,5,46.287326
1.28,7,46.310365
-0.81,5,46.325965
1.14,4,46.33686
-0.77,7,46.36008
1.14,4,46.370701
1.13,5,46.385241
1.14,4,46.394392
1.14,4,46.406272
1.19,5,46.421554
-0.91,4,46.434738
1.14,4,46.446783
1.19,5,46.461762
1.14,4,46.473571
1.14,4,46.485567
-0.86,5,46.500992
-0.81,6,46.516754
-0.66,7,46.539296
1.29,6,46.557642
1.14,4,46.568398
1.14,4,46.578907
1.2,6,46.597334
-0.98,5,46.613392
-0.86,4,46.625352
1.18,6,46.643508
1.14,4,46.655786
1.23,7,46.676283
1.29,6,46.695771
1.18,6,46.713806
1.19,5,46.727266
-0.76,6,46.747296
1.14,4,46.760536
1.19,5,46.77532
-0.78,8,46.796885
1.14,4,46.80999
1.18,6,46.827093
1.19,5,46.840276
1.14,4,46.851901
1.14,4,46.861409
1.14,4,46.872673
1.19,5,46.886172
1.19,5,46.90103
1.24,6,46.919824
1.14,4,46.930737
1.14,4,46.942488
1.14,4,46.954026
-0.81,5,46.967184
-0.81,5,46.983476
1.14,4,46.995484
-0.77,7,47.019369
1.19,5,47.032307
-0.83,7,47.057262
-0.88,7,47.078142
1.34,7,47.098332
-0.81,5,47.113049
1.18,6,47.128373
1.14,4,47.140106
1.34,7,47.160194
1.14,4,47.173261
1.36,7,47.197151
1.14,4,47.209118
1.19,5,47.222698
1.14,4,47.233649
-0.77,8,47.256473
-0.91,4,47.26897
1.14,4,47.281087
-0.78,8,47.306729
1.14,4,47.318443
1.14,4,47.328348
1.14,4,47.339473
1.14,4,47.350805
1.33,8,47.371491
-0.91,4,47.383572
1.14,4,47.394399
1.14,4,47.405228
1.14,4,47.416415
1.18,6,47.430782
-0.97,4,47.443964
1.14,4,47.455744
-0.86,4,47.511808
-0.73,9,47.546871
1.14,4,47.558634
1.14,4,47.5704
1.29,6,47.589117
-0.71,6,47.609129
1.19,5,47.625439
1.19,5,47.63863
1.14,4,47.649895
1.14,4,47.662335
-0.78,8,47.689156
1.14,4,47.6981
1.19,5,47.711349
1.24,6,47.728144
-0.79,5,47.742388
1.14,4,47.753963
1.14,4,47.763481
1.28,7,47.782583
1.14,4,47.795954
1.14,4,47.807388
1.19,5,47.822384
-0.91,4,47.834643
1.14,4,47.846489
-0.86,4,47.858026
1.19,5,47.87234
1.14,4,47.884309
1.19,5,47.895158
1.14,4,47.905581
-0.91,4,47.918207
1.14,4,47.930187
-0.73,8,47.957638
1.14,4,47.966012
1.14,4,47.978136
1.14,4,47.989702
1.34,7,48.010015
-0.82,6,48.029734
1.14,4,48.042091
1.14,4,48.054264
1.14,4,48.063674
1.19,5,48.07979
1.14,4,48.091026
1.19,5,48.106748
-0.82,6,48.127373
-0.76,6,48.147583
-0.81,6,48.168463
1.24,6,48.188833
1.34,7,48.211404
1.18,6,48.230141
-0.87,5,48.246277
1.14,4,48.258519
1.19,5,48.273545
1.14,4,48.285131
1.17,7,48.30854
-0.87,6,48.327134
1.14,4,48.339581
1.14,4,48.351111
1.14,4,48.361279
1.14,4,48.371889
1.13,5,48.386275
-0.56,8,48.407904
1.14,4,48.416467
-0.76,6,48.431962
1.28,7,48.456343
1.14,4,48.46611
-0.98,5,48.48272
1.14,4,48.49257
1.29,6,48.50743
1.19,5,48.522158
-0.67,8,48.546253
1.14,4,48.5598
1.14,4,48.573015
-0.91,4,48.586183
-0.82,6,48.605373
1.14,4,48.617192
1.24,6,48.63075
1.14,4,48.642829
1.19,5,48.657479
-0.86,5,48.674032
1.29,6,48.693375
-0.99,6,48.712372
1.14,4,48.724607
-0.75,7,48.746377
1.14,4,48.759207
-0.72,7,48.783281
1.19,5,48.797802
-0.86,5,48.813593
-0.92,5,48.826421
-0.91,4,48.838983
1.19,5,48.8542
-0.77,7,48.876608
-0.77,7,48.899661
-0.87,6,48.923012
1.14,4,48.933101
1.14,4,48.944624
1.29,6,48.96112
1.34,7,48.983772
-0.81,5,49.000427
1.29,6,49.021293
-0.92,5,49.038653
1.14,4,49.049598
1.14,4,49.059617
1.24,6,49.077532
1.19,5,49.092271
1.14,4,49.104498
1.14,4,49.116844
-0.86,4,49.1268
1.14,4,49.137792
1.13,5,49.151643
-0.67,8,49.176918
1.14,4,49.188977
1.19,5,49.204932
1.21,5,49.221234
-0.77,7,49.244465
1.14,4,49.257042
-0.81,5,49.270813
1.19,5,49.284545
1.19,5,49.300575
1.14,4,49.31082
1.29,6,49.32887
1.19,5,49.342489
-0.81,5,49.358657
1.14,4,49.370396
1.14,4,49.380419
1.14,4,49.392508
1.14,4,49.405093
1.18,6,49.424091
1.14,4,49.435575
1.14,4,49.444708
1.39,8,49.471063
1.14,4,49.479436
1.14,4,49.491392
1.14,4,49.503707
1.14,4,49.514987
-0.92,5,49.531711
1.14,4,49.543979
1.19,5,49.558306
-0.82,6,49.57623
1.14,4,49.588839
1.14,4,49.601873
1.14,4,49.612864
1.13,5,49.626396
-0.81,5,49.641429
-0.86,5,49.657357
1.14,4,49.670036
1.14,4,49.681304
1.19,5,49.69698
1.13,5,49.713799
1.14,4,49.728492
1.18,6,49.752419
1.18,6,49.775859
1.14,4,49.789283
1.3,8,49.815831
1.14,4,49.827669
-0.72,7,49.848718
1.14,4,49.861667
-0.92,5,49.877118
1.14,4,49.890587
1.14,4,49.904672
1.14,4,49.921161
1.14,4,49.937998
1.14,4,49.954124
1.19,5,49.973858
-0.91,4,49.991174
-0.72,8,50.020238
1.14,4,50.033905
-0.86,4,50.050301
1.14,4,50.065296
-0.81,5,50.08275
1.29,6,50.103891
1.14,4,50.114185
1.46,9,50.144372
1.19,5,50.158072
-0.76,6,50.17735
-0.82,6,50.196871
1.14,4,50.206465
1.14,4,50.215508
1.39,8,50.236413
-0.82,6,50.258308
-0.97,4,50.27266
1.14,4,50.283205
1.14,4,50.293333
-0.92,5,50.30959
1.19,5,50.322786
1.28,7,50.341464
-0.86,4,50.353826
1.29,6,50.37036
-0.76,6,50.389871
-0.79,6,50.409904
1.34,7,50.433566
-0.81,5,50.450033
1.14,4,50.462822
1.14,4,50.52019
1.14,4,50.535407
-0.91,4,50.551624
1.14,4,50.56408
1.18,6,50.579985
1.14,4,50.591008
1.19,5,50.674113
-0.81,5,50.690265
1.14,4,50.702784
-0.91,4,50.714917
-0.89,7,50.734871
1.24,6,50.749984
1.24,6,50.769333
1.19,5,50.785075
1.19,5,50.799671
-0.97,4,50.812904
1.14,4,50.82424
1.13,5,50.838912
1.14,4,50.849975
1.14,4,50.86179
1.14,4,50.873246
-0.97,4,50.886865
-0.56,10,50.919747
1.14,4,50.92866
1.24,6,50.946404
1.14,4,50.957792
-0.76,6,50.978263
1.29,6,50.994087
-0.62,11,51.02828
1.14,4,51.040894
1.14,4,51.052578
1.14,4,51.063637
1.19,5,51.075665
1.27,8,51.094807
1.14,4,51.10608
-0.93,6,51.12502
1.14,4,51.13651
1.14,4,51.148889
1.14,4,51.160298
1.14,4,51.172961
1.14,4,51.183862
1.14,4,51.191826
1.13,5,51.206094
-0.81,5,51.220639
1.19,5,51.236918
-0.76,6,51.257681
-0.91,4,51.271119
-0.92,5,51.287496
1.13,5,51.302331
1.13,5,51.317749
1.21,6,51.335736
1.16,8,51.359201
1.14,4,51.370684
1.29,6,51.388467
1.14,4,51.400705
1.19,5,51.416803
1.14,4,51.427665
1.14,4,51.439688
-0.91,4,51.452246
1.19,5,51.468449
1.14,4,51.480035
-0.81,5,51.495569
1.29,6,51.51635
-0.98,5,51.53042
1.14,4,51.540145
-0.83,7,51.561146
1.19,5,51.577023
1.14,4,51.588291
1.14,4,51.600082
-0.84,8,51.626255
-0.77,7,51.650211
1.14,4,51.661608
1.14,4,51.673359
1.19,5,51.688918
-0.76,6,51.709388
1.18,6,51.725139
-0.88,7,51.74304
1.14,4,51.754858
-0.63,10,51.788921
1.19,5,51.805112
1.14,4,51.818092
-0.83,7,51.837928
1.14,4,51.848845
1.19,5,51.863833
1.34,7,51.887375
-0.77,8,51.914067
1.14,4,51.925483
1.14,4,51.937571
1.14,4,51.949749
-0.84,8,51.976728
1.23,6,51.995711
1.29,7,52.018134
1.18,6,52.035959
-0.86,10,52.062391
1.14,4,52.072353
-0.71,8,52.098954
1.14,4,52.107953
-0.86,4,52.120426
-0.92,5,52.13621
1.14,4,52.144305
-0.83,7,52.167638
-0.86,4,52.178942
1.14,4,52.191066
-0.93,6,52.209399
-0.93,6,52.229697
1.14,4,52.239643
-0.81,5,52.255595
1.14,4,52.267607
1.14,4,52.277446
1.14,4,52.289499
1.19,5,52.305485
-0.87,6,52.324355
1.14,4,52.336273
1.14,4,52.348141
1.18,6,52.365591
1.23,7,52.387309
1.24,5,52.403148
-0.76,5,52.419941
1.24,6,52.439152
1.19,5,52.45357
1.14,4,52.46548
1.14,4,52.476137
-0.66,7,52.500161
-0.86,4,52.509613
1.14,4,52.52109
1.14,4,52.533459
-0.77,7,52.556271
1.14,4,52.569294
1.29,6,52.587089
1.14,4,52.598839
-0.84,8,52.622733
-0.81,5,52.639167
1.14,4,52.651218
1.14,4,52.662434
1.25,7,52.685574
1.14,4,52.696375
1.14,4,52.707914
1.14,4,52.720665
-0.76,6,52.741613
1.14,4,52.754455
-0.76,6,52.773629
-0.81,5,52.790919
1.14,4,52.803397
1.28,7,52.825408
1.14,4,52.837434
1.14,4,52.848953
-0.69,6,52.870064
1.14,4,52.880601
1.19,5,52.895717
1.13,5,52.908392
1.14,4,52.920447
1.14,4,52.93339
1.18,6,52.952043
1.14,4,52.964177
1.34,7,52.987741
-0.81,5,53.003636
-0.86,4,53.016244
1.14,4,53.02595
1.14,4,53.038441
1.18,6,53.057458
1.14,4,53.070526
1.19,5,53.087065
1.14,4,53.099107
1.14,4,53.110659
1.38,9,53.19536
1.14,4,53.206113
1.14,4,53.218853
1.14,4,53.230982
1.14,4,53.241271
1.14,4,53.25281
1.18,6,53.271072
1.14,4,53.28395
1.28,7,53.302697
1.14,4,53.31406
-0.97,4,53.324674
-0.81,5,53.341949
-0.77,7,53.362306
1.18,6,53.378698
1.14,4,53.390832
-0.86,4,53.404723
1.13,5,53.419875
1.19,5,53.435419
1.14,4,53.447494
-0.93,6,53.467525
1.19,5,53.48359
-0.98,5,53.49947
1.31,6,53.516437
1.19,5,53.531207
-0.81,5,53.544271
1.24,6,53.563249
1.14,4,53.575208
-0.86,4,53.589034
1.14,4,53.602116
1.13,5,53.617226
1.14,4,53.629623
1.19,5,53.644844
1.13,5,53.660099
1.14,4,53.671918
1.34,7,53.692322
1.14,4,53.702285
1.29,6,53.716885
1.14,4,53.728359
1.14,4,53.738699
1.14,4,53.751228
1.19,5,53.766382
-0.83,7,53.788423
1.14,4,53.800377
1.18,6,53.816985
1.14,4,53.827551
1.14,4,53.837532
1.36,7,53.856154
-0.86,5,53.872097
1.14,4,53.8854
1.14,4,53.897628
-0.91,4,53.910283
1.14,4,53.920709
-0.97,4,53.932832
1.14,4,53.944273
1.14,4,53.956683
1.19,5,53.972441
1.14,4,53.984955
1.14,4,53.996222
-0.83,7,54.020575
1.14,4,54.033137
1.14,4,54.042482
1.14,4,54.528755
1.14,4,54.53868
1.14,4,54.553162
1.24,6,54.571723
1.14,4,54.584212
-0.82,7,54.604754
-0.81,6,54.623815
-0.93,6,54.643476
1.14,4,54.656345
1.19,5,54.672261
-0.86,4,54.68638
1.14,4,54.698963
1.13,5,54.715509
1.14,4,54.725963
1.14,4,54.735976
1.14,4,54.747689
1.23,7,54.770035
1.14,4,54.781743
-0.76,6,54.799314
1.14,4,54.810928
1.14,4,54.822667
1.19,5,54.837713
-0.71,6,54.856732
1.24,6,54.875641
-0.61,8,54.901384
1.19,5,54.918549
1.14,4,54.931804
-0.86,4,54.944152
1.14,4,54.955825
1.14,4,54.968138
1.19,5,54.982038
-0.87,6,55.00248
1.5,10,55.035058
1.14,4,55.044492
1.17,7,55.065411
-0.92,5,55.081164
-0.86,4,55.094411
-0.82,6,55.111795
1.19,5,55.127669
1.14,4,55.139429
1.14,4,55.150236
-0.52,10,55.178983
-0.77,6,55.192312
1.14,4,55.203224
1.18,6,55.221859
1.14,4,55.234901
1.19,5,55.248345
1.14,4,55.259287
1.14,4,55.271209
1.23,7,55.289734
1.14,4,55.302008
-0.92,5,55.317465
1.19,5,55.331557
1.14,4,55.341933
1.14,4,55.35311
1.23,7,55.37348
1.14,4,55.384997
1.14,4,55.394585
1.13,5,55.408772
1.28,7,55.426161
1.14,4,55.436055
-0.86,4,55.448671
-0.91,4,55.46097
1.14,4,55.473163
1.19,5,55.487091
1.14,4,55.498447
-0.82,6,55.515833
1.18,6,55.534218
1.33,8,55.556437
-0.91,4,55.567662
-0.91,4,55.579544
1.19,5,55.592824
1.14,4,55.604399
1.19,5,55.617668
1.14,4,55.628701
1.19,5,55.64401
1.19,5,55.656764
1.14,4,55.668786
1.14,4,55.679273
1.24,6,55.698265
1.19,5,55.714456
1.34,7,55.733446
1.14,4,55.745286
1.14,4,55.757347
1.14,4,55.768371
1.14,4,55.778656
1.17,7,55.802917
1.28,7,55.824921
-0.73,9,55.855346
1.14,4,55.86769
1.24,6,55.88524
1.24,6,55.902727
-0.74,10,55.931953
1.14,4,55.940605
1.14,4,55.952333
-0.72,7,55.975244
1.14,4,55.98812
1.14,4,56.00216
-0.81,5,56.019307
-0.76,6,56.037065
-0.71,6,56.057233
-0.92,5,56.074355
1.14,4,56.086933
-0.81,5,56.102417
-0.82,7,56.124918
-0.87,5,56.142845
-0.86,4,56.153749
1.35,8,56.17631
1.14,4,56.185536
1.14,4,56.197437
1.19,5,56.208644
1.14,4,56.218954
-0.88,6,56.238256
1.14,4,56.251621
1.14,4,56.262397
1.14,4,56.272422
1.14,4,56.284885
1.29,6,56.304782
-0.86,4,56.318834
1.14,4,56.330649
1.14,4,56.342178
-1.06,7,56.358113
-0.84,8,56.382359
1.21,6,56.401242
-0.78,8,56.426678
1.29,6,56.445959
1.13,5,56.458409
1.14,4,56.471223
1.24,6,56.490782
1.14,4,56.501869
1.24,6,56.518684
1.14,4,56.574229
1.14,4,56.598814
1.14,4,56.61163
1.14,4,56.624479
1.24,6,56.640959
1.14,4,56.652592
-0.86,5,56.668748
1.14,4,56.680345
1.14,4,56.691602
1.14,4,56.701926
-0.77,7,56.724935
1.14,4,56.735027
1.14,4,56.746642
-0.86,4,56.758053
1.14,4,56.769372
1.14,4,56.780623
-0.81,5,56.795356
1.44,8,56.819459
-0.81,5,56.835922
1.14,4,56.846722
1.14,4,56.857774
1.14,4,56.868187
1.29,7,56.888156
1.29,6,56.904299
1.14,4,56.916067
1.19,5,56.931287
1.19,5,56.946709
1.19,5,56.961631
1.14,4,56.973043
-0.86,4,56.98647
1.14,4,56.997572
1.19,5,57.011256
1.14,4,57.020339
-0.76,6,57.036697
1.24,5,57.051538
1.14,4,57.063674
1.14,4,57.074858
-0.76,6,57.089902
1.14,4,57.102672
1.14,4,57.113808
1.14,4,57.123032
1.13,5,57.138935
1.14,4,57.151677
1.19,5,57.165614
1.14,4,57.176541
1.18,6,57.194582
1.24,6,57.213158
1.14,4,57.224556
1.14,4,57.237085
-0.89,8,57.262478
1.19,5,57.277453
-0.76,6,57.297718
1.14,4,57.308335
-0.86,4,57.320741
-0.71,6,57.340902
1.19,5,57.353758
1.14,4,57.364547
1.14,4,57.374967
1.29,6,57.392453
-0.91,4,57.40462
1.14,4,57.415017
1.29,6,57.433031
1.14,4,57.44449
1.14,4,57.453821
1.14,4,57.465076
-0.87,5,57.478242
1.14,4,57.489818
-0.81,5,57.506196
1.29,6,57.5244
1.14,4,57.536078
1.13,5,57.549477
1.14,4,57.558727
-0.94,7,57.577468
1.19,5,57.593613
1.13,5,57.609284
1.14,4,57.621685
1.28,7,57.642471
1.14,4,57.654522
1.14,4,57.667892
1.19,5,57.684455
1.19,5,57.698709
1.14,4,57.709727
1.14,4,57.720431
1.13,5,57.736073
1.14,4,57.747386
1.14,4,57.759333
1.19,5,57.774917
1.14,4,57.787408
1.29,6,57.803056
1.14,4,57.813577
1.14,4,57.824336
1.19,5,57.840074
1.29,6,57.859929
1.14,4,57.873172
1.13,5,57.887832
1.29,6,57.903827
1.19,5,57.918936
1.31,7,57.938709
1.2,6,57.956333
-0.86,4,57.969969
1.14,4,57.981366
-0.92,5,57.997324
1.14,4,58.008721
1.14,4,58.020523
-0.77,7,58.042141
1.14,4,58.053545
1.19,5,58.069353
1.14,4,58.082784
-0.66,9,58.108463
-0.86,4,58.122009
1.14,4,58.135203
1.14,4,58.148534
1.14,4,58.160602
1.14,4,58.173246
-0.67,9,58.202186
1.14,4,58.21466
1.13,5,58.227901
1.14,4,58.2385
1.14,4,58.24982
1.14,4,58.259993
1.14,4,58.270798
1.14,4,58.283081
1.14,4,58.294685
1.14,4,58.306489
1.19,5,58.31985
1.24,6,58.336859
1.14,4,58.348391
1.19,5,58.362827
1.24,5,58.378528
1.18,6,58.397375
1.13,5,58.412837
1.18,6,58.429262
1.14,4,58.438844
1.14,4,58.449651
-0.67,8,58.472113
1.14,4,58.484565
1.14,4,58.496518
-0.57,10,58.530304
1.13,5,58.546021
1.14,4,58.555652
1.24,6,58.575061
1.14,4,58.587562
1.13,5,58.601642
-0.62,9,58.631887
1.14,4,58.645115
1.14,4,58.654901
-0.81,5,58.669523
1.14,4,58.681671
1.14,4,58.694059
1.19,5,58.70467
-0.82,6,58.722889
1.14,4,58.734852
1.13,5,58.74829
1.29,6,58.765418
1.29,6,58.784365
1.29,6,58.803065
1.14,4,58.815271
1.14,4,58.827534
-0.81,5,58.8436
1.14,4,58.856318
1.14,4,58.86894
1.14,4,58.881515
-0.91,4,58.894091
1.14,4,58.906186
-0.97,4,58.920002
-0.91,4,58.93349
1.14,4,58.946052
1.14,4,58.955713
1.14,4,58.968678
-0.86,4,58.98217
1.13,5,58.997629
-0.76,6,59.0171
1.14,4,59.02919
1.14,4,59.040713
1.34,7,59.063578
1.14,4,59.072682
-0.76,6,59.094278
1.33,8,59.115271
1.14,4,59.126544
1.14,4,59.138687
1.14,4,59.151066
1.18,6,59.167411
1.14,4,59.178518
1.14,4,59.190153
1.34,7,59.212928
-0.68,10,59.242787
1.14,4,59.254229
1.14,4,59.266897
1.14,4,59.277928
1.14,4,59.287019
1.14,4,59.35548
1.23,7,59.389858
1.14,4,59.402058
1.14,4,59.413748
1.14,4,59.424137
-0.98,5,59.43778
1.14,4,59.449547
1.19,5,59.466074
1.14,4,59.47922
1.14,4,59.490828
1.29,7,59.511508
1.14,4,59.576732
1.29,6,59.601077
1.13,5,59.617925
-0.81,5,59.634039
1.14,4,59.646094
1.14,4,59.658052
1.14,4,59.668183
1.14,4,59.679147
1.14,4,59.68996
-0.76,6,59.706189
1.19,5,59.719718
1.14,4,59.730634
1.14,4,59.741679
1.14,4,59.754044
1.14,4,59.766824
1.14,4,59.778333
1.14,4,59.789563
1.14,4,59.801958
-0.97,4,59.815832
1.14,4,59.827306
-0.91,4,59.840007
1.14,4,59.852038
-0.77,7,59.875363
-0.66,7,59.898804
1.14,4,59.910607
1.19,5,59.925602
-0.92,5,59.942217
1.12,6,59.9584
1.29,6,59.977708
-0.93,6,59.996995
1.19,5,60.01007
1.14,4,60.022181
-0.97,4,60.035728
1.14,4,60.048581
1.14,4,60.061486
1.14,4,60.073734
-0.87,5,60.089247
1.14,4,60.101094
1.29,6,60.120215
1.14,4,60.131202
1.14,4,60.140301
-0.76,6,60.161051
1.14,4,60.173897
1.19,5,60.190516
1.14,4,60.201225
1.19,5,60.216385
1.19,5,60.231781
1.14,4,60.244191
1.14,4,60.257002
1.14,4,60.26906
-0.68,9,60.297398
1.29,6,60.318801
1.16,5,60.331531
1.14,4,60.343123
1.14,4,60.354569
-0.87,6,60.376472
1.14,4,60.388572
1.14,4,60.398759
-0.86,5,60.414956
1.14,4,60.427277
1.19,5,60.44189
1.14,4,60.454049
1.14,4,60.466038
-0.81,5,60.482955
1.19,5,60.495402
1.14,4,60.506835
1.14,4,60.519027
1.14,4,60.531133
-0.87,5,60.546696
1.2,6,60.565694
1.29,6,60.584221
1.24,6,60.602588
1.14,4,60.615294
1.14,4,60.627255
1.14,4,60.63849
1.14,4,60.650619
1.51,9,60.679736
-0.86,5,60.694715
1.14,4,60.703369
1.14,4,60.716308
1.14,4,60.72783
1.13,5,60.743516
1.14,4,60.755396
1.14,4,60.767374
1.24,6,60.782641
-0.71,7,60.803588
-0.91,4,60.816673
1.14,4,60.829159
-0.97,4,60.842608
1.14,4,60.854201
-0.86,5,60.87096
1.14,4,60.88328
1.24,6,60.901169
1.14,4,60.912848
1.14,4,60.923472
1.14,4,60.932853
1.14,4,60.943846
-0.73,9,60.971272
1.14,4,60.981617
-0.91,4,60.993314
1.14,4,61.003286
-0.83,7,61.023583
1.14,4,61.035332
-0.87,6,61.055592
1.14,4,61.067749
1.14,4,61.079578
1.14,4,61.091861
1.14,4,61.101087
1.29,6,61.118398
1.13,5,61.133206
1.14,4,61.143375
1.39,7,61.164724
1.14,4,61.176578
1.19,5,61.192177
1.14,4,61.203519
1.19,5,61.219126
1.14,4,61.231618
1.14,4,61.244216
1.19,5,61.256874
1.14,4,61.269168
1.14,4,61.280656
1.14,4,61.292985
1.14,4,61.302782
1.14,4,61.314201
-0.97,4,61.326365
-0.71,6,61.346693
-0.86,4,61.357942
-0.76,6,61.371527
1.14,4,61.382998
1.28,7,61.404757
1.14,4,61.414504
1.14,4,61.426708
1.29,6,61.446072
-0.88,6,61.461451
1.14,4,61.472345
1.46,8,61.499702
1.14,4,61.511388
1.14,4,61.523421
-0.77,7,61.541876
1.28,7,61.559496
1.13,5,61.575466
-0.81,5,61.591854
1.14,4,61.604463
1.14,4,61.617059
1.18,6,61.635742
1.19,5,61.651691
1.19,5,61.667595
1.14,4,61.679386
1.14,4,61.691915
1.14,4,61.701305
1.14,4,61.711925
-0.62,9,61.737406
1.14,4,61.749347
1.14,4,61.760334
1.14,4,61.770815
-1.0,7,61.789239
1.14,4,61.798492
-0.76,6,61.814531
1.24,6,61.829641
-0.68,9,61.859266
1.14,4,61.868785
1.14,4,61.881125
1.34,7,61.899869
1.14,4,61.911864
1.13,5,61.92579
1.24,5,61.939298
1.14,4,61.951593
-0.97,4,61.965662
-0.91,4,61.97894
1.14,4,61.990522
1.29,6,62.008936
1.14,4,62.020602
1.14,4,62.032918
1.14,4,62.044734
1.14,4,62.055928
1.14,4,62.06799
-0.97,4,62.081976
1.19,5,62.094471
1.14,4,62.103595
-0.81,5,62.115606
-0.87,5,62.128519
1.14,4,62.139017
1.14,4,62.151416
-0.86,4,62.162951
1.19,5,62.179223
1.14,4,62.192092
1.19,5,62.208761
1.14,4,62.220634
-0.81,5,62.236194
1.14,4,62.299863
-0.86,5,62.325446
1.19,5,62.340532
1.24,5,62.355214
1.19,5,62.367286
1.14,4,62.377966
1.19,5,62.392644
1.19,5,62.404611
1.34,7,62.422205
1.14,4,62.431849
1.14,4,62.443379
1.14,4,62.452
1.14,4,62.463121
1.14,4,62.47659
1.14,4,62.485641
1.19,5,62.49852
1.14,4,62.510474
1.19,5,62.524837
1.14,4,62.536287
-0.93,6,62.54948
1.14,4,62.560969
1.14,4,62.572324
1.14,4,62.583071
1.14,4,62.593376
1.14,4,62.604795
1.34,7,62.62683
1.14,4,62.637775
1.14,4,62.649839
-0.92,5,62.663252
1.14,4,62.675071
-0.76,6,62.693409
1.14,4,62.701586
-0.76,6,62.723864
-0.76,6,62.742059
-0.83,7,62.764689
1.14,4,62.777085
-0.81,5,62.794091
1.14,4,62.805893
1.14,4,62.815671
1.39,8,62.841729
1.13,5,62.853416
1.14,4,62.863179
1.29,6,62.8815
-0.92,5,62.896587
-0.99,6,62.911869
1.24,5,62.925841
1.14,4,62.934538
-0.81,5,62.950279
1.14,4,62.962186
1.14,4,62.975339
1.14,4,62.986973
1.14,4,62.999462
1.19,5,63.014229
1.19,5,63.029022
1.14,4,63.041509
-0.61,8,63.063457
1.24,6,63.079515
1.14,4,63.091128
1.14,4,63.099949
1.11,7,63.121284
-0.5,10,63.14942
1.14,4,63.160357
-0.76,6,63.18033
1.14,4,63.193513
1.14,4,63.204632
1.14,4,63.216768
-0.69,11,63.248585
1.19,5,63.261667
1.41,8,63.283301
1.14,4,63.29482
1.18,6,63.311666
1.19,5,63.327417
-0.87,5,63.342533
1.13,5,63.357385
-0.77,7,63.38055
1.14,4,63.391638
1.14,4,63.402133
1.14,4,63.413301
-0.78,8,63.433811
1.14,4,63.446366
1.19,5,63.460204
1.14,4,63.472268
-0.79,6,63.490146
1.14,4,63.501214
1.14,4,63.513513
1.14,4,63.52455
1.29,6,63.541615
1.29,6,63.558999
-0.71,6,63.578624
1.19,5,63.59377
1.34,7,63.615599
1.19,5,63.629194
1.14,4,63.64031
1.14,4,63.652055
-0.91,4,63.664996
1.14,4,63.677434
1.14,4,63.689058
-0.86,4,63.701534
1.14,4,63.713206
1.19,5,63.728508
1.14,4,63.741007
1.14,4,63.752955
1.14,4,63.764951
1.19,5,63.779215
1.14,4,63.789923
1.19,5,63.80316
1.19,5,63.815553
1.14,4,63.827615
-0.92,5,63.842225
1.19,5,63.853914
1.14,4,63.863238
1.14,4,63.875484
1.14,4,63.886531
1.14,4,63.898116
1.14,4,63.908866
1.14,4,63.920071
1.24,6,63.932902
-0.86,4,63.945251
1.14,4,63.95552
1.14,4,63.965564
1.14,4,63.9773
1.14,4,63.989836
-0.78,8,64.011286
1.18,6,64.027428
1.19,5,64.041755
1.19,7,64.063185
1.19,5,64.077556
1.14,4,64.08973
1.13,5,64.103154
1.19,5,64.118138
1.14,4,64.127886
-0.81,5,64.144673
-0.81,5,64.162198
1.14,4,64.173735
1.19,5,64.18535
-0.82,6,64.206162
-0.79,9,64.236176
1.29,6,64.249687
1.14,4,64.261031
-0.82,6,64.27703
1.14,4,64.289271
1.19,5,64.304199
1.14,4,64.314437
-0.76,6,64.334533
1.14,4,64.346532
1.14,4,64.360011
1.14,4,64.373218
-0.83,8,64.402211
-0.91,4,64.411962
-0.91,4,64.424881
1.14,4,64.435121
1.28,7,64.453563
-0.76,6,64.47249
1.14,4,64.484391
1.14,4,64.496024
-0.81,5,64.512185
1.34,7,64.530914
1.14,4,64.542992
1.13,5,64.558806
1.14,4,64.56972
1.14,4,64.581659
1.14,4,64.592478
1.19,5,64.605267
-0.86,4,64.616816
1.14,4,64.629756
1.14,4,64.642083
1.14,4,64.65379
1.19,5,64.665948
1.14,4,64.676878
1.24,6,64.693738
1.14,4,64.704592
1.14,4,64.713344
1.14,4,64.724255
-0.71,6,64.744157
1.19,5,64.7606
-0.88,6,64.781028
-0.76,6,64.801317
1.14,4,64.810743
1.14,4,64.822245
1.24,5,64.838974
1.34,7,64.858316
1.14,4,64.867185
1.34,7,64.888013
1.14,4,64.899553
-0.92,5,64.916799
1.14,4,64.928334
1.14,4,64.939523
1.29,6,64.955094
1.18,6,64.972763
1.14,4,64.982472
1.14,4,64.995184
1.14,4,65.008516
-0.83,7,65.029152
1.14,4,65.041658
1.14,4,65.053934
-0.93,6,65.074196
1.18,6,65.091382
1.24,6,65.108735
-0.84,8,65.132334
1.14,4,65.143138
1.14,4,65.155084
1.19,5,65.169611
1.14,4,65.179298
1.14,4,65.19005
1.14,4,65.20107
1.14,4,65.210002
-0.77,7,65.229555
1.29,6,65.248259
1.13,5,65.263903
1.13,5,65.325015
1.14,4,65.340367
1.14,4,65.353192
1.19,5,65.370253
1.14,4,65.380559
1.14,4,65.391291
1.14,4,65.402255
-0.91,4,65.414542
1.14,4,65.425922
-0.92,5,65.439647
-0.81,6,65.458281
-0.81,5,65.476631
1.13,5,65.491893
1.14,4,65.503616
1.14,4,65.513536
-0.66,7,65.532455
1.14,4,65.5436
-0.86,5,65.558961
-0.8,10,65.591114
1.28,7,65.611303
1.14,4,65.623014
1.14,4,65.633875
1.14,4,65.644931
1.14,4,65.655924
1.14,4,65.665059
1.14,4,65.676684
-0.71,6,65.695917
-0.91,4,65.70947
1.12,6,65.724347
1.14,4,65.732563
1.24,6,65.751392
1.14,4,65.761262
1.14,4,65.772174
1.14,4,65.782893
1.29,6,65.801705
-0.91,4,65.814996
1.14,4,65.828939
-0.71,7,65.85339
1.14,4,65.864931
1.14,4,65.878289
1.14,4,65.891584
1.13,5,65.905901
-0.81,5,65.92121
1.14,4,65.932452
1.29,6,65.951962
1.14,4,65.961318
1.14,4,65.974897
-0.87,5,65.98959
1.14,4,65.99913
1.14,4,66.009081
-0.86,4,66.018636
1.14,4,66.030828
1.19,5,66.046101
1.14,4,66.058222
1.19,5,66.074232
1.19,5,66.0902
-0.86,4,66.099872
1.14,4,66.110955
1.16,8,66.135298
1.14,4,66.146849
1.19,5,66.162282
1.14,4,66.174738
1.14,4,66.186909
1.14,4,66.197712
1.14,4,66.209285
1.14,4,66.221443
-0.88,7,66.245756
-0.76,6,66.265131
-0.98,5,66.280425
-0.86,4,66.292698
1.14,4,66.303278
-0.81,5,66.318065
1.14,4,66.32773
1.14,4,66.339209
1.14,4,66.350531
1.14,4,66.362505
1.14,4,66.374985
-0.81,5,66.390967
1.14,4,66.402255
1.14,4,66.411036
-0.93,6,66.430298
1.14,4,66.441869
1.14,4,66.453358
1.14,4,66.461661
1.19,5,66.477567
1.14,4,66.490298
1.29,6,66.507891
1.14,4,66.520549
1.14,4,66.53196
1.14,4,66.543717
-0.97,4,66.556839
1.14,4,66.568444
1.14,4,66.578466
1.19,5,66.592159
-0.91,4,66.605811
-0.91,4,66.620323
-0.78,8,66.642984
1.34,7,66.660784
1.14,4,66.672664
-0.86,5,66.688568
-0.64,7,66.707324
1.34,7,66.726843
-0.69,6,66.747329
1.14,4,66.757705
1.14,4,66.769528
1.14,4,66.7804
1.18,6,66.794807
1.14,4,66.805897
-0.71,6,66.824101
1.14,4,66.834007
-0.78,8,66.85784
1.29,6,66.875993
1.14,4,67.348295
1.14,4,67.358292
1.14,4,67.371411
1.14,4,67.380629
1.34,7,67.401953
1.19,5,67.414896
-0.92,5,67.431262
1.13,5,67.444596
1.14,4,67.456316
1.29,6,67.473354
-0.97,4,67.486974
1.14,4,67.499072
-0.91,4,67.509466
1.14,4,67.521094
1.14,4,67.532191
1.14,4,67.54209
-0.71,7,67.562966
1.14,4,67.572849
1.19,5,67.587397
-0.81,5,67.599847
1.14,4,67.612106
1.24,6,67.630363
1.24,6,67.644472
1.19,5,67.6596
1.19,5,67.674698
-0.76,6,67.694407
-0.97,4,67.7082
1.14,4,67.718898
1.19,5,67.734129
-0.7,7,67.758121
-0.93,6,67.778027
1.14,4,67.790808
-0.82,6,67.807248
1.38,8,67.83169
-0.91,4,67.844696
1.24,6,67.862427
1.14,4,67.874607
1.19,5,67.890375
1.14,4,67.902492
1.14,4,67.913686
1.14,4,67.926443
1.14,4,67.940351
1.13,5,67.956475
-0.86,4,67.966966
1.14,4,67.978617
1.14,4,67.989205
1.14,4,68.000804
-0.87,6,68.017513
1.14,4,68.026848
1.14,4,68.039148
-0.86,4,68.049229
1.14,4,68.058607
-0.88,7,68.079476
-0.76,6,68.099426
1.19,5,68.115842
-0.81,5,68.132001
-0.83,7,68.152686
-0.82,6,68.168459
1.14,4,68.179414
-0.86,4,68.190469
-0.86,5,68.20417
1.14,4,68.21506
1.14,4,68.227078
1.14,4,68.239099
1.14,4,68.248839
-0.8,9,68.27702
1.19,5,68.289993
1.14,4,68.302439
1.14,4,68.313728
1.34,7,68.329764
-0.77,7,68.353745
1.14,4,68.365577
-0.63,10,68.3961
1.14,4,68.406507
1.19,5,68.420669
1.14,4,68.431609
1.19,5,68.443996
-0.98,5,68.457268
1.24,5,68.472999
1.14,4,68.484068
-0.72,8,68.507465
1.29,6,68.525103
-0.81,5,68.541223
1.14,4,68.551455
1.14,4,68.561699
1.18,6,68.579154
-0.76,6,68.59934
1.14,4,68.611389
1.14,4,68.621817
-0.81,6,68.639046
1.14,4,68.694513
-0.92,5,68.719534
-0.66,7,68.744218
1.14,4,68.756089
-0.72,8,68.780302
-0.88,7,68.800924
1.33,8,68.821074
1.14,4,68.832174
-0.76,6,68.852993
1.14,4,68.864917
1.29,6,68.881163
1.14,4,68.892756
-0.91,4,68.906573
-0.81,6,68.926678
1.19,5,68.940448
1.14,4,68.952235
1.14,4,68.963745
1.14,4,68.974306
1.14,4,68.985888
1.14,4,68.995659
1.14,4,69.007546
1.18,6,69.022466
1.14,4,69.034801
1.19,5,69.050833
1.14,4,69.060399
-0.81,5,69.076247
1.14,4,69.088884
-0.84,8,69.114144
1.14,4,69.123573
-0.87,6,69.142692
1.19,5,69.155776
-0.81,5,69.171966
-0.77,7,69.195999
1.14,4,69.208041
1.14,4,69.218982
1.14,4,69.228372
1.19,5,69.244253
1.14,4,69.255188
1.14,4,69.264495
1.14,4,69.275259
-0.92,5,69.291309
1.14,4,69.303626
1.19,5,69.319152
-0.62,8,69.343203
-0.72,8,69.363635
-0.76,6,69.383732
-0.57,8,69.407398
1.13,5,69.4215
1.19,5,69.436323
1.14,4,69.445686
1.14,4,69.457732
1.14,4,69.473777
-0.77,7,69.559669
-0.81,5,69.57504
1.14,4,69.58581
-0.91,4,69.597569
-0.66,7,69.619781
1.14,4,69.6308
-0.79,5,69.644708
1.14,4,69.655447
1.14,4,69.667192
1.24,6,69.685106
1.14,4,69.696283
1.14,4,69.708306
-0.76,6,69.727135
1.19,5,69.740628
-0.84,8,69.766759
-0.86,4,69.778616
1.18,6,69.798574
1.19,5,69.814237
-0.91,4,69.824888
1.19,5,69.84035
1.14,4,69.852437
1.14,4,69.862715
-0.86,5,69.876667
1.14,4,69.886257
1.14,4,69.896757
1.14,4,69.905226
-0.81,5,69.920431
-0.88,6,69.939198
1.14,4,69.950809
1.18,6,69.967608
-0.91,4,69.980173
1.14,4,69.992407
-0.81,5,70.008698
-0.76,11,70.037175
1.14,4,70.046078
-0.71,7,70.071556
1.14,4,70.084725
1.44,8,70.108881
-0.87,5,70.123122
-0.65,8,70.148992
1.14,4,70.15926
1.14,4,70.171159
1.39,8,70.196845
-0.91,4,70.207147
1.14,4,70.219676
-0.93,6,70.234885
1.14,4,70.243541
1.14,4,70.254156
1.19,5,70.267701
1.14,4,70.278353
1.14,4,70.289842
-0.76,6,70.308912
1.14,4,70.319116
1.14,4,70.33051
1.19,5,70.343129
-0.91,4,70.356046
-0.86,5,70.371636
-0.82,6,70.391699
1.14,4,70.40439
1.3,7,70.423671
1.28,7,70.443583
1.29,6,70.459245
-0.86,4,70.472355
1.18,6,70.490799
1.29,6,70.509815
-0.81,5,70.528011
1.14,4,70.539148
-0.76,6,70.55599
1.14,4,70.567141
1.14,4,70.578121
1.14,4,70.590253
-0.71,6,70.611117
1.14,4,70.62384
1.14,4,70.636277
-0.86,5,70.652323
1.14,4,70.664255
1.19,5,70.68154
-1.0,7,70.69921
1.29,6,70.721964
-0.81,5,70.741974
1.14,4,70.760515
-0.82,7,70.789709
1.14,4,70.804276
1.19,5,70.822413
1.14,4,70.837195
1.19,5,70.85628
1.14,4,70.873684
1.14,4,70.888471
-0.91,4,70.903869
1.14,4,70.918904
1.14,4,70.935135
1.34,7,70.959563
1.14,4,70.974915
1.14,4,70.99048
1.14,4,71.004298
1.44,8,71.032928
1.34,7,71.057683
1.19,5,71.074256
1.14,4,71.086646
1.14,4,71.099049
1.14,4,71.107776
1.14,4,71.120155
1.29,6,71.13733
-0.81,5,71.154724
1.14,4,71.16713
1.12,6,71.186088
-0.77,6,71.210303
1.14,4,71.224372
-0.76,6,71.249401
1.29,6,71.271594
1.14,4,71.287277
-0.67,8,71.32158
-0.92,5,71.336659
-0.81,5,71.354789
-0.91,4,71.36685
1.18,6,71.386902
1.14,4,71.3998
1.14,4,71.413478
1.19,5,71.43148
-0.76,6,71.453137
-0.67,8,71.480554
-0.91,4,71.493455
1.14,4,71.508804
1.14,4,71.523497
1.14,4,71.536868
-0.93,6,71.560035
1.34,7,71.587008
1.14,4,71.5996
1.23,7,71.625997
-0.86,5,71.644107
1.14,4,71.659139
1.14,4,71.672997
1.14,4,71.685434
1.14,4,71.696856
1.19,5,71.712923
1.19,5,71.726636
1.18,6,71.746936
1.19,5,71.762568
1.13,5,71.780067
-0.76,6,71.801105
1.29,6,71.826012
1.14,4,71.885913
1.14,4,71.899992
1.14,4,71.912247
1.14,4,71.923919
1.14,4,71.936942
1.14,4,71.947807
1.14,4,71.959461
1.18,6,71.980157
-0.86,4,71.990756
1.14,4,72.003515
-0.66,7,72.024974
1.14,4,72.036656
-0.86,4,72.048838
-0.72,7,72.07192
1.14,4,72.08453
1.14,4,72.09719
1.14,4,72.107717
1.19,5,72.122579
-0.81,5,72.139234
1.29,6,72.157138
1.29,7,72.176984
1.34,7,72.198072
1.19,5,72.217166
1.14,4,72.230139
1.14,4,72.239856
1.14,4,72.252396
1.13,5,72.267956
1.14,4,72.279731
1.19,5,72.291386
1.14,4,72.303211
1.14,4,72.314648
-0.91,4,72.324326
-0.93,6,72.340337
1.19,5,72.355201
1.49,8,72.3821
1.14,4,72.39202
1.27,8,72.418826
1.18,6,72.434612
1.14,4,72.447214
-0.68,9,72.474903
-0.91,4,72.486792
1.29,6,72.50636
-0.61,8,72.530073
1.14,4,72.540852
1.14,4,72.553241
1.14,4,72.56401
1.14,4,72.575732
-0.81,5,72.590135
1.14,4,72.601763
1.14,4,72.612923
1.24,6,72.632525
1.14,4,72.644617
-0.83,8,72.669168
1.19,5,72.682948
1.14,4,72.692437
1.14,4,72.705812
-0.81,5,72.722641
-0.81,5,72.738132
1.14,4,72.749563
1.14,4,72.758363
1.24,6,72.77622
1.14,4,72.786321
-0.87,6,72.807123
-0.71,7,72.832603
1.14,4,72.845423
-0.91,4,72.857569
1.19,5,72.873637
-0.82,6,72.894467
1.14,4,72.906722
1.24,6,72.922415
1.14,4,72.934868
1.14,4,72.946251
-0.77,7,72.968299
-0.76,5,72.981604
1.14,4,72.993087
1.14,4,73.005387
-0.76,6,73.02648
1.14,4,73.039709
1.14,4,73.051702
1.14,4,73.063574
1.14,4,73.072514
1.14,4,73.084417
-0.81,5,73.100734
-0.81,5,73.116861
1.23,7,73.139987
1.19,5,73.155557
1.14,4,73.168606
-0.81,6,73.18973
1.14,4,73.202193
1.14,4,73.215316
1.29,6,73.242518
1.14,4,73.264862
1.14,4,73.285276
1.34,7,73.319433
1.24,6,73.349936
-0.64,8,73.38601
1.14,4,73.399848
1.18,6,73.418128
1.14,4,73.430887
1.33,8,73.454689
1.14,4,73.469365
1.19,5,73.483449
1.14,4,73.494403
1.34,7,73.517887
1.13,5,73.532458
1.14,4,73.545155
1.14,4,73.557139
1.34,7,73.580188
-0.78,8,73.60725
1.14,4,73.6183
-0.66,7,73.642007
1.14,4,73.654919
1.14,4,73.668914
-0.87,6,73.685413
1.14,4,73.69556
1.14,4,73.705386
1.29,6,73.72394
1.19,5,73.739814
1.14,4,73.752986
1.13,5,73.772825
1.13,5,73.788679
1.14,4,73.800962
1.14,4,73.81554
1.19,5,73.831487
1.14,4,73.842288
-0.99,6,73.861378
1.14,4,73.876137
1.29,6,73.897526
1.29,6,73.917695
1.14,4,73.931317
1.14,4,73.94365
-0.86,4,73.957026
-0.88,7,73.976319
-0.92,5,73.992931
-0.71,7,74.016625
1.14,4,74.026899
-0.76,6,74.043609
-0.72,8,74.067567
1.14,4,74.080651
1.19,5,74.096444
1.14,4,74.107561
1.14,4,74.118081
1.14,4,74.130797
-0.82,7,74.15158
1.19,5,74.166873
1.14,4,74.17772
1.29,6,74.192861
1.14,4,74.205401
-0.81,5,74.220433
1.14,4,74.233114
-0.86,4,74.246545
1.14,4,74.258207
-0.97,4,74.272133
1.43,9,74.302866
1.14,4,74.313702
1.23,7,74.336286
-0.82,6,74.356492
1.14,4,74.369575
1.18,6,74.387385
1.14,4,74.398588
1.14,4,74.409272
1.14,4,74.417957
-0.86,5,74.432843
1.19,5,74.447869
1.14,4,74.459414
1.19,5,74.474354
1.19,5,74.488611
1.34,7,74.507908
1.14,4,74.520215
-0.72,8,74.546959
-0.84,8,74.575895
1.14,4,74.586266
1.14,4,74.598246
1.14,4,74.608835
1.14,4,74.620549
1.14,4,74.632624
1.14,4,74.641473
1.14,4,74.653946
1.19,5,74.669963
1.14,4,74.681134
1.18,6,74.699317
-0.73,9,74.722871
1.14,4,74.735344
-0.76,6,74.752654
1.14,4,74.764262
1.14,4,74.775995
1.14,4,74.787599
1.31,6,74.807203
1.18,6,74.823387
1.19,5,74.840521
1.14,4,74.852035
1.14,4,74.863779
1.14,4,74.875456
1.14,4,74.888041
1.29,6,74.907666
-0.76,6,74.926548
1.29,6,74.946147
1.14,4,74.957969
1.28,8,74.986306
1.19,5,74.999621
-0.93,6,75.018373
1.22,8,75.04022
1.14,4,75.051608
1.19,5,75.067008
1.14,4,75.07964
1.14,4,75.139256
1.14,4,75.159622
1.14,4,75.173433
-0.81,5,75.190335
-0.99,6,75.206906
1.14,4,75.217556
1.14,4,75.229421
1.23,7,75.251854
1.14,4,75.265069
-0.81,5,75.279498
1.24,6,75.295419
1.14,4,75.306126
1.14,4,75.31713
1.14,4,75.329612
1.14,4,75.341519
1.14,4,75.355165
1.14,4,75.367655
-0.97,4,75.381666
-0.97,4,75.395151
1.14,4,75.407181
1.14,4,75.417526
1.14,4,75.429517
1.14,4,75.44083
1.14,4,75.451634
-0.86,4,75.464409
1.14,4,75.474084
-0.86,4,75.486381
1.14,4,75.49849
1.29,6,75.51584
1.29,6,75.534319
1.34,7,75.559161
1.34,7,75.581359
1.14,4,75.592301
1.19,5,75.606379
1.14,4,75.619348
1.34,7,75.640825
1.14,4,75.653386
1.19,5,75.667932
-0.79,5,75.684985
1.14,4,75.697422
1.14,4,75.709408
1.24,6,75.724621
1.29,6,75.742914
1.14,4,75.753568
1.34,7,75.775173
1.14,4,75.78713
1.24,6,75.806798
1.19,5,75.8213
-0.81,5,75.837507
1.14,4,75.849946
-0.87,6,75.871026
1.14,4,75.883448
1.14,4,75.89719
1.14,4,75.909909
1.14,4,75.92017
1.14,4,75.932683
1.13,5,75.948223
-0.81,5,75.967069
1.13,5,75.982048
-0.76,9,76.010459
1.14,4,76.022611
1.14,4,76.033818
1.19,5,76.049015
1.14,4,76.061125
-0.93,6,76.078571
1.14,4,76.088503
-0.81,5,76.103316
-0.86,4,76.116723
1.14,4,76.129259
1.19,5,76.144339
1.24,6,76.162028
1.14,4,76.170872
1.14,4,76.183375
1.14,4,76.1953
-0.71,7,76.217753
-0.66,6,76.23737
1.28,7,76.262519
1.14,4,76.274125
1.29,6,76.293358
1.14,4,76.305858
1.14,4,76.317638
1.14,4,76.329731
1.34,7,76.353999
1.14,4,76.366851
-0.76,6,76.387314
1.19,5,76.403041
1.23,7,76.427467
1.22,8,76.454272
1.19,5,76.469698
1.48,9,76.501443
1.14,4,76.514835
-0.81,5,76.532399
1.14,4,76.546478
1.14,4,76.561162
1.14,4,76.572428
1.14,4,76.587763
-0.87,6,76.612236
1.29,6,76.638386
1.14,4,76.655832
1.14,4,76.67163
1.14,4,76.686737
1.14,4,76.703064
1.14,4,76.718447
1.14,4,76.731768
1.19,5,76.750148
1.19,5,76.7673
1.34,7,76.794381
1.14,4,76.805571
1.14,4,76.819076
1.19,5,76.837044
1.14,4,76.852156
1.14,4,76.865905
1.13,5,76.886832
1.13,5,76.905753
1.14,4,76.921012
1.19,5,76.937673
1.14,4,76.95048
-0.72,8,76.98262
1.13,5,77.001285
1.14,4,77.014585
1.14,4,77.02519
1.13,5,77.041915
-0.76,6,77.063293
-0.66,7,77.087485
1.14,4,77.101921
1.14,4,77.114568
1.14,4,77.127713
1.34,7,77.149531
1.14,4,77.161106
-0.81,5,77.175801
-0.81,6,77.192854
1.19,5,77.20869
-0.76,6,77.229859
1.14,4,77.241499
1.14,4,77.250963
1.14,4,77.261991
-0.76,6,77.282766
1.14,4,77.29486
1.14,4,77.306356
1.29,7,77.322044
1.14,4,77.33397
1.13,5,77.348157
-0.88,6,77.368754
-0.92,5,77.383438
1.13,5,77.400781
1.14,4,77.412994
1.14,4,77.422639
1.19,5,77.438204
1.19,5,77.454604
1.14,4,77.468446
-0.92,5,77.483439
1.14,4,77.495624
1.14,4,77.507689
-0.62,9,77.532509
1.14,4,77.544655
1.29,6,77.56422
1.18,6,77.58427
1.14,4,77.5958
1.14,4,77.605135
1.14,4,77.616845
1.34,7,77.636181
1.31,7,77.654901
1.14,4,77.66512
1.19,5,77.681116
-0.76,6,77.698419
1.19,5,77.713814
1.14,4,77.724529
1.19,5,77.74011
1.14,4,77.75156
1.14,4,77.7624
1.19,5,77.777589
-0.76,6,77.794681
1.19,5,77.8072
1.29,6,77.826537
-0.91,4,77.839736
1.14,4,77.848726
-0.93,6,77.863979
-0.76,6,77.881866
1.36,8,77.903516
-0.91,4,77.915729
1.14,4,77.926711
1.14,4,77.938014
1.24,5,77.950869
1.14,4,77.963977
1.29,6,77.982296
1.29,6,77.999283
1.29,6,78.018786
-0.91,4,78.029836
1.14,4,78.040682
1.19,5,78.054945
-0.77,7,78.076572
-0.77,7,78.094114
-0.76,6,78.111523
1.14,4,78.123182
1.14,4,78.13538
-0.71,7,78.159959
-0.81,5,78.224471
1.19,5,78.237433
1.14,4,78.250494
1.18,6,78.269911
1.24,6,78.289214
-0.81,5,78.306244
1.14,4,78.318539
-0.77,7,78.338985
-0.68,9,78.367527
-0.91,4,78.38105
1.29,6,78.398697
1.24,6,78.415533
1.14,4,78.426447
1.28,7,78.447223
1.14,4,78.457418
-0.81,5,78.474884
1.14,4,78.484906
1.19,5,78.498027
-0.82,6,78.516791
1.14,4,78.528709
-0.67,8,78.553008
1.29,6,78.572683
1.14,4,78.581547
1.14,4,78.592843
1.14,4,78.603705
1.19,5,78.616442
1.14,4,78.626699
1.29,6,78.645724
1.14,4,78.659556
1.19,5,78.674115
1.14,4,78.683774
1.14,4,78.695249
-0.91,9,78.717859
1.14,4,78.729809
1.14,4,78.743243
-0.62,9,78.768492
1.29,7,78.786421
1.14,4,78.798986
1.19,5,78.812885
1.14,4,78.823974
1.14,4,78.834819
-0.82,6,78.853394
1.14,4,78.865101
-0.64,8,78.888979
-0.81,6,78.911445
1.14,4,78.957386
1.19,5,79.000973
1.34,7,79.033143
1.14,4,79.046624
1.14,4,79.059556
1.36,8,79.082155
1.14,4,79.094186
1.14,4,79.105537
1.14,4,79.116024
-0.81,5,79.133268
1.14,4,79.145094
1.14,4,79.158701
1.14,4,79.169048
1.14,4,79.179697
1.14,4,79.191801
1.29,6,79.207603
1.14,4,79.216981
1.14,4,79.230132
1.14,4,79.242984
-0.76,5,79.261267
1.14,4,79.2744
1.14,4,79.285623
1.14,4,79.298113
-0.8,6,79.317744
1.14,4,79.330514
1.14,4,79.344769
1.13,5,79.360175
1.14,4,79.372072
1.14,4,79.385684
-0.99,6,79.400705
1.14,4,79.414278
1.14,4,79.429055
1.19,5,79.445359
1.14,4,79.458446
1.14,4,79.469884
-0.77,7,79.494626
1.14,4,79.504721
1.14,4,79.518324
1.19,5,79.535158
1.14,4,79.548528
1.14,4,79.561391
1.14,4,79.574908
1.14,4,79.58582
1.19,5,79.60224
1.14,4,79.615145
-0.86,5,79.632383
1.29,6,79.652334
1.14,4,79.664222
1.14,4,79.674407
1.14,4,79.682721
1.14,4,79.695388
1.14,4,79.708791
1.14,4,79.720194
1.14,4,79.732575
1.14,4,79.743873
1.14,4,79.753394
-0.86,4,79.76493
-0.81,5,79.782038
1.14,4,79.795107
1.12,6,79.81536
1.34,7,79.838559
-0.84,8,79.877497
1.19,5,79.896077
1.14,4,79.909083
1.14,4,79.918564
-0.91,4,79.933389
1.14,4,79.945007
-0.76,6,79.96562
1.14,4,79.977788
1.14,4,79.990068
-0.72,7,80.014898
1.14,4,80.027231
1.14,4,80.042115
1.19,5,80.054224
-0.71,7,80.084205
1.14,4,80.100258
1.29,6,80.131814
1.14,4,80.145914
1.14,4,80.162121
1.29,6,80.183834
-0.94,7,80.20986
-0.78,8,80.23401
1.14,4,80.247969
1.14,4,80.261438
1.14,4,80.274293
-0.97,4,80.284389
1.29,6,80.305173
1.24,6,80.318379
1.19,5,80.330754
1.19,5,80.345179
1.14,4,80.357711
-0.81,5,80.375968
-0.92,5,80.393241
1.29,6,80.412892
1.14,4,80.933254
1.34,7,80.954295
1.14,4,80.964845
1.14,4,80.977598
1.14,4,80.988281
1.19,5,81.001545
-0.92,5,81.015697
1.29,7,81.036077
1.14,4,81.048892
1.14,4,81.061626
-0.81,5,81.076952
1.24,6,81.094771
1.14,4,81.108146
1.14,4,81.120491
1.14,4,81.132507
1.14,4,81.14463
1.14,4,81.156936
1.14,4,81.167033
1.14,4,81.179291
1.14,4,81.190947
1.14,4,81.202419
1.14,4,81.212147
1.14,4,81.224142
1.13,5,81.238148
1.14,4,81.251781
1.14,4,81.264382
1.14,4,81.277709
1.14,4,81.290078
1.19,5,81.305582
1.14,4,81.31663
-0.81,5,81.332769
1.29,6,81.351985
1.14,4,81.364058
1.14,4,81.376995
-0.76,6,81.396459
-0.81,6,81.415663
1.14,4,81.427852
1.14,4,81.440277
1.19,5,81.456518
1.28,7,81.474732
-0.66,7,81.499876
-0.72,8,81.526725
1.14,4,81.538408
1.24,5,81.558812
1.29,6,81.579946
1.14,4,81.593409
1.19,5,81.608504
1.19,5,81.627113
1.14,4,81.641382
1.14,4,81.657088
1.14,4,81.673711
1.19,5,81.692487
1.19,5,81.711279
1.19,5,81.728443
1.14,4,81.743761
1.14,4,81.759113
-0.76,6,81.780252
-0.76,6,81.804057
-0.86,4,81.81947
1.14,4,81.834629
1.24,6,81.853821
1.14,4,81.868087
1.21,5,81.886901
1.29,6,81.909089
1.14,4,81.925649
1.29,6,81.947889
1.14,4,81.96243
1.14,4,81.978429
1.14,4,82.042407
1.29,7,82.088791
1.14,4,82.108146
1.14,4,82.126058
1.14,4,82.140883
1.14,4,82.157228
1.19,5,82.177406
-0.81,5,82.196101
1.13,5,82.214977
1.14,4,82.230215
-0.67,8,82.256588
1.14,4,82.27124
1.34,7,82.297373
-0.81,5,82.322963
1.19,5,82.345934
-0.82,6,82.374773
1.14,4,82.39142
1.29,6,82.415091
1.14,4,82.428952
1.31,6,82.456829
-0.91,4,82.478482
1.14,4,82.49745
1.14,4,82.513902
1.14,4,82.529093
1.14,4,82.545343
1.19,5,82.563377
1.14,4,82.577972
-0.86,4,82.592865
-0.92,5,82.619336
1.14,4,82.638332
1.14,4,82.656726
1.14,4,82.6706
1.14,4,82.683405
1.13,5,82.70238
1.28,7,82.734603
-0.86,4,82.755752
1.29,6,82.786176
1.14,4,82.808894
1.14,4,82.828034
-0.81,5,82.852713
-0.76,6,82.887496
1.14,4,82.90686
1.44,8,82.947264
-0.81,5,82.971965
-0.92,5,82.993763
1.14,4,83.010471
1.14,4,83.027684
1.14,4,83.043699
1.14,4,83.057541
1.14,4,83.072799
1.34,7,83.101876
1.18,6,83.122081
1.14,4,83.132037
-0.76,5,83.148993
1.34,7,83.172153
1.13,5,83.186226
1.14,4,83.197276
1.14,4,83.209672
1.29,6,83.227026
-0.86,4,83.242943
1.24,6,83.264099
1.19,5,83.281312
1.14,4,83.29399
1.13,5,83.309017
1.14,4,83.324333
-0.86,4,83.33813
1.14,4,83.350644
1.14,4,83.361241
1.14,4,83.373761
1.18,6,83.392398
1.12,6,83.409597
1.14,4,83.423964
1.23,7,83.447526
1.14,4,83.461231
1.14,4,83.47636
1.19,5,83.494773
1.29,6,83.521192
1.14,4,83.534473
1.14,4,83.546899
-0.86,4,83.561915
-0.83,7,83.586499
-0.76,6,83.607577
1.14,4,83.61818
1.19,5,83.631448
1.19,5,83.651033
1.19,5,83.665107
-0.84,8,83.689949
1.14,4,83.702947
1.14,4,83.714841
1.14,4,83.727668
1.14,4,83.740616
-0.92,5,83.759637
-0.81,5,83.77593
1.14,4,83.788331
-0.81,5,83.806027
-0.97,4,83.819914
1.19,5,83.836324
-0.76,6,83.855791
1.14,4,83.867961
1.29,6,83.885106
1.19,5,83.901748
1.14,4,83.919208
1.14,4,83.935411
1.19,5,83.956528
-0.81,5,83.972563
-0.86,4,83.985344
-0.76,6,84.002927
1.14,4,84.014821
-0.87,5,84.029734
1.14,4,84.043241
1.33,8,84.07761
-0.83,7,84.101985
1.24,6,84.121237
-0.97,4,84.137542
1.14,4,84.149203
1.14,4,84.160907
1.14,4,84.172648
1.39,8,84.199476
1.14,4,84.215023
1.19,5,84.231991
1.14,4,84.245475
1.14,4,84.258106
1.19,5,84.272794
1.19,5,84.289468
1.14,4,84.30495
1.14,4,84.323911
1.19,5,84.345265
1.14,4,84.359839
1.14,4,84.372877
1.14,4,84.381826
1.29,6,84.397761
-0.92,5,84.414298
1.14,4,84.430023
1.14,4,84.443815
1.14,4,84.455141
1.14,4,84.466416
-0.67,8,84.486211
-0.76,6,84.501663
1.14,4,84.514445
1.12,6,84.534164
-0.84,5,84.551426
1.14,4,84.563734
1.14,4,84.575431
-0.87,6,84.593908
1.14,4,84.606661
1.13,5,84.622818
1.14,4,84.638214
1.14,4,84.649873
1.13,5,84.663419
1.14,4,84.67595
1.14,4,84.689191
1.14,4,84.701515
1.14,4,84.714977
1.14,4,84.726181
1.19,5,84.741918
1.14,4,84.754883
1.14,4,84.77082
1.29,7,84.796193
-0.62,9,84.827816
-0.87,5,84.842768
1.14,4,84.854281
1.35,8,84.877797
1.3,7,84.908929
1.14,4,84.924128
1.19,5,84.944447
-0.86,4,84.959887
1.18,6,84.978716
-0.81,5,84.996562
1.18,6,85.016294
1.14,4,85.029075
1.14,4,85.041863
1.19,5,85.058437
1.14,4,85.071656
1.14,4,85.085596
-0.81,6,85.107411
1.14,4,85.137659
1.19,5,85.174974
1.14,4,85.18888
-0.66,7,85.226858
1.12,6,85.267927
1.14,4,85.285402
1.14,4,85.297875
1.19,5,85.313555
1.14,4,85.330658
1.14,4,85.3434
-0.68,10,85.374821
-0.77,7,85.396012
1.14,4,85.407456
-0.71,6,85.424919
1.19,5,85.442867
-0.71,7,85.468052
-0.91,4,85.483919
1.13,5,85.498639
1.14,4,85.511525
1.14,4,85.524077
-0.81,5,85.540067
-0.91,4,85.555195
1.14,4,85.568481
1.33,6,85.588381
1.14,4,85.599879
1.14,4,85.61193
1.13,5,85.627482
1.14,4,85.639056
1.14,4,85.652125
1.14,4,85.665526
1.14,4,85.67574
1.14,4,85.687918
1.13,5,85.704003
-0.81,5,85.720114
-0.82,6,85.736599
1.29,6,85.754866
1.14,4,85.766141
1.14,4,85.778008
-0.87,6,85.798036
1.14,4,85.810377
1.14,4,85.822341
-0.86,5,85.837528
1.14,4,85.849794
1.14,4,85.859961
1.18,6,85.877764
1.14,4,85.892241
-0.72,7,85.914576
-0.66,7,85.944324
1.19,5,85.959186
1.14,4,85.972571
1.14,4,85.987767
1.24,6,86.004797
-0.86,4,86.021671
-0.76,6,86.047892
1.14,4,86.058197
1.14,4,86.069629
1.14,4,86.080993
1.14,4,86.097442
1.13,5,86.114005
1.14,4,86.125812
1.14,4,86.139949
-0.76,6,86.158499
1.29,6,86.175536
-0.82,6,86.195693
-0.81,5,86.219181
1.19,5,86.23271
1.14,4,86.244355
1.14,4,86.25867
1.19,5,86.27517
1.14,4,86.289937
-0.81,5,86.319279
1.14,4,86.329842
1.14,4,86.342908
1.14,4,86.355692
1.18,6,86.379524
1.24,6,86.40342
1.29,6,86.425274
1.19,5,86.444952
1.14,4,86.45945
1.14,4,86.473728
1.14,4,86.487391
1.19,5,86.507694
1.14,4,86.523067
1.14,4,86.538425
1.14,4,86.553781
-0.81,5,86.577548
1.14,4,86.593953
1.14,4,86.610829
1.14,4,86.626208
-0.92,5,86.647971
1.14,4,86.664443
1.14,4,86.68292
-0.76,6,86.70957
1.14,4,86.724506
1.13,5,86.74512
1.14,4,86.759003
-0.92,5,86.78021
-0.71,7,86.806477
1.34,7,86.831875
1.34,7,86.855675
1.14,4,86.871262
-0.86,4,86.885679
-0.82,7,86.912347
1.14,4,86.927207
1.14,4,86.942405
1.14,4,86.957707
1.14,4,86.973876
1.14,4,86.989813
1.29,7,87.012791
1.14,4,87.02884
1.14,4,87.040837
1.14,4,87.054693
1.14,4,87.068911
1.19,5,87.091504
1.14,4,87.107308
-0.82,6,87.13343
1.19,5,87.153829
1.14,4,87.170202
1.14,4,87.183832
1.14,4,87.19635
1.39,8,87.225547
1.14,4,87.238325
1.14,4,87.254975
1.14,4,87.269681
1.14,4,87.281856
1.14,4,87.295902
1.19,5,87.310811
1.14,4,87.322775
1.19,5,87.338737
1.14,4,87.349767
1.14,4,87.3612
-0.81,5,87.377516
1.14,4,87.392757
1.13,5,87.408192
1.14,4,87.419867
1.14,4,87.430492
1.14,4,87.443662
1.19,5,87.460351
1.13,5,87.475947
1.18,6,87.505372
1.13,5,87.528481
-0.76,6,87.554328
1.14,4,87.565805
1.14,4,87.580773
1.14,4,87.591985
1.14,4,87.604089
1.14,4,87.616004
1.14,4,87.628859
1.14,4,87.643066
-0.61,8,87.66518
1.14,4,87.677409
-0.92,5,87.696705
1.14,4,87.70926
1.14,4,87.721408
1.29,6,87.746023
1.14,4,87.763654
1.14,4,87.780231
1.34,7,87.809012
-0.82,6,87.831469
1.34,7,87.856193
1.14,4,87.871999
1.14,4,87.885915
1.14,4,87.898139
1.14,4,87.911678
1.19,5,87.931252
1.14,4,87.945032
1.14,4,87.95851
1.28,7,87.988043
1.14,4,88.010521
1.39,8,88.055532
1.19,5,88.078682
1.14,4,88.094942
1.14,4,88.110216
1.14,4,88.124346
1.14,4,88.137493
1.28,7,88.161528
1.14,4,88.176407
1.14,4,88.194393
1.14,4,88.211795
-0.76,6,88.23702
-0.93,6,88.26649
1.13,5,88.298667
1.14,4,88.33928
1.14,4,88.360851
1.29,6,88.386005
-0.98,5,88.407444
-0.91,4,88.423623
1.24,6,88.446916
1.14,4,88.460602
1.14,4,88.475241
-0.71,7,88.504015
1.14,4,88.520792
-0.78,8,88.552658
-0.92,5,88.572561
1.12,6,88.594112
-0.71,7,88.620935
1.14,4,88.634241
1.14,4,88.653511
1.19,5,88.677769
1.14,4,88.694707
1.14,4,88.708389
1.14,4,88.72476
1.34,7,88.755335
-0.86,4,88.772542
1.14,4,88.789197
1.14,4,88.803147
1.14,4,88.819964
-0.82,6,88.842082
1.14,4,88.855492
1.23,7,88.874379
1.13,5,88.888603
1.14,4,88.901122
1.19,5,88.918671
1.29,6,88.94029
1.29,6,88.959166
1.33,8,88.986109
1.14,4,88.996833
-0.82,6,89.018271
1.14,4,89.031073
-0.71,6,89.058395
-0.76,6,89.108606
1.13,5,89.149986
-0.97,4,89.173189
1.14,4,89.186677
1.13,5,89.205944
1.14,4,89.220746
-0.81,8,89.25097
1.13,5,89.271387
1.14,4,89.287161
1.14,4,89.304528
1.19,5,89.32243
1.29,6,89.341131
1.14,4,89.353523
1.29,6,89.373636
-0.86,4,89.403353
-0.81,5,89.438506
-0.86,4,89.459859
1.19,5,89.48126
-0.65,8,89.509923
1.14,4,89.522051
-0.94,7,89.543629
1.14,4,89.555831
1.14,4,89.567069
-0.77,7,89.588869
-0.81,5,89.605281
-0.81,8,89.650472
1.14,4,89.672498
1.14,4,89.688833
1.28,7,89.712153
1.14,4,89.72414
1.14,4,89.73604
-0.81,5,89.751767
-0.63,10,89.784736
-0.66,7,89.807191
1.14,4,89.819826
1.14,4,89.836055
1.14,4,89.846856
1.14,4,89.85949
1.14,4,89.872009
1.14,4,89.88343
1.19,5,89.902923
1.14,4,89.916506
1.14,4,89.928547
1.14,4,89.942297
1.14,4,89.954219
1.24,6,89.973971
1.19,5,89.988811
1.28,8,90.030824
1.14,4,90.047017
1.14,4,90.061862
1.18,6,90.082118
1.14,4,90.093669
-0.93,6,90.113358
1.34,7,90.135919
1.14,4,90.149318
1.14,4,90.161304
-0.81,6,90.18146
-0.76,6,90.200908
1.14,4,90.213206
1.38,8,90.244964
-0.86,5,90.263976
1.14,4,90.277947
-0.71,7,90.301533
1.18,6,90.320345
1.14,4,90.336219
1.34,7,90.356877
1.14,4,90.369531
1.14,4,90.381071
1.13,5,90.396329
1.34,7,90.416851
1.19,5,90.430454
1.14,4,90.44251
1.19,5,90.457262
1.14,4,90.469401
1.14,4,90.482802
1.31,6,90.503823
1.33,8,90.530947
1.14,4,90.542917
1.14,4,90.55525
1.33,8,90.578759
1.14,4,90.590177
1.14,4,90.601611
1.19,5,90.616196
1.19,5,90.632424
1.14,4,90.644338
1.29,6,90.660673
-0.68,9,90.687579
-0.76,6,90.718628
1.38,9,90.755431
1.14,4,90.780096
1.14,4,90.8028
1.28,7,90.848562
1.18,6,90.869149
1.14,4,90.882513
1.14,4,90.894275
-0.86,4,90.90921
1.14,4,90.920894
1.14,4,90.933055
1.14,4,90.945713
1.14,4,90.957558
1.14,4,90.97419
1.29,6,90.995951
1.13,5,91.008474
1.14,4,91.023044
1.14,4,91.038794
1.14,4,91.05692
1.18,6,91.076123
1.14,4,91.088936
1.24,6,91.107933
1.14,4,91.127223
1.18,6,91.176432
1.14,4,91.198362
1.14,4,91.21401
1.14,4,91.22962
1.14,4,91.246073
1.14,4,91.263193
1.14,4,91.275955
1.14,4,91.289041
-0.87,6,91.310499
1.14,4,91.3412
1.14,4,91.372929
1.14,4,91.387488
-0.91,4,91.400533
1.14,4,91.411595
1.14,4,91.423047
1.14,4,91.434293
1.14,4,91.445424
1.14,4,91.456209
1.14,4,91.468579
1.13,5,91.485655
1.18,6,91.503206
-0.81,5,91.519138
1.14,4,91.529946
1.14,4,91.541075
1.14,4,91.552576
1.34,7,91.57504
1.19,5,91.590215
-0.81,5,91.610914
1.29,7,91.638831
1.34,7,91.667491
1.14,4,91.681346
-0.76,6,91.704945
1.14,4,91.717364
1.14,4,91.728798
1.14,4,91.738053
1.14,4,91.754088
1.14,4,91.773051
1.14,4,91.788773
1.29,6,91.806922
-0.93,6,91.82756
1.14,4,91.841248
1.34,7,91.867991
1.29,6,91.884933
1.14,4,91.899775
1.14,4,91.914877
1.34,7,91.937086
1.14,4,91.949354
1.14,4,91.962695
1.14,4,91.977363
1.14,4,91.989413
1.14,4,92.008233
1.13,5,92.036065
1.14,4,92.050888
1.14,4,92.063495
1.14,4,92.077297
-0.76,6,92.097403
1.14,4,92.108835
1.14,4,92.120933
1.14,4,92.144062
1.14,4,92.166043
1.14,4,92.183643
-0.81,5,92.203159
1.41,7,92.245243
1.13,5,92.281246
1.14,4,92.311084
1.19,5,92.347468
1.14,4,92.362717
1.14,4,92.374605
1.14,4,92.388972
1.14,4,92.401248
1.14,4,92.413653
1.14,4,92.427053
1.14,4,92.439118
1.19,5,92.453925
1.14,4,92.46799
-0.76,6,92.488391
1.18,6,92.520248
1.13,5,92.54138
1.34,7,92.566622
1.14,4,92.578719
-0.78,8,92.605508
1.14,4,92.61755
1.14,4,92.62893
1.14,4,92.640824
1.14,4,92.652263
-0.87,6,92.672154
1.14,4,92.68227
1.14,4,92.692725
-0.8,7,92.717383
1.14,4,92.72925
-0.81,5,92.746181
1.14,4,92.757989
-0.76,6,92.779145
1.14,4,92.792471
1.14,4,92.806376
1.19,5,92.825029
1.14,4,92.841855
1.14,4,92.854608
1.29,6,92.874445
-0.81,5,92.892455
1.14,4,92.904264
1.14,4,92.924808
1.14,4,92.950898
-0.66,7,93.000985
1.14,4,93.020446
-0.82,6,93.040706
1.14,4,93.052877
1.39,8,93.079504
1.19,5,93.093847
1.19,5,93.108771
1.14,4,93.119893
1.14,4,93.131311
-0.62,9,93.186201
1.14,4,93.209645
1.14,4,93.237211
1.19,5,93.276649
1.14,4,93.29562
1.14,4,93.320515
1.14,4,93.343171
1.28,7,93.373735
1.14,4,93.389069
1.14,4,93.401952
-0.76,6,93.42386
1.14,4,93.43551
1.29,6,93.452904
1.19,5,93.470453
1.14,4,93.487332
1.18,6,93.511739
-0.82,6,93.54338
1.18,6,93.578925
1.34,7,93.621012
1.14,4,93.639911
1.14,4,93.653389
1.14,4,93.669005
-0.69,6,93.690223
-0.93,6,93.712062
1.13,5,93.726837
1.14,4,93.739573
1.39,8,93.768277
1.14,4,93.781603
1.14,4,93.793697
1.19,5,93.81259
1.14,4,93.82416
1.14,4,93.836826
1.14,4,93.852372
1.14,4,93.864536
1.14,4,93.874951
1.14,4,93.886865
-0.8,10,93.934706
1.14,4,93.95581
1.24,6,93.994632
1.14,4,94.017858
1.19,5,94.059499
1.14,4,94.092683
1.14,4,94.122087
-0.87,5,94.157816
1.14,4,94.189433
1.14,4,94.219621
-0.81,5,94.24997
-0.71,6,94.287757
1.18,6,94.311342
1.34,7,94.332855
1.14,4,94.348032
1.14,4,94.362689
1.14,4,94.37358
1.19,5,94.390536
1.14,4,94.405682
1.14,4,94.42207
-0.76,6,94.441482
1.14,4,94.453297
1.14,4,94.468039
1.14,4,94.508908
1.18,6,94.544982
1.29,6,94.565736
1.14,4,94.577966
1.14,4,94.589693
1.14,4,94.603373
1.18,6,94.621355
1.24,6,94.639852
-0.86,5,94.655552
1.24,6,94.673735
1.14,4,94.689281
1.14,4,94.702401
1.14,4,94.714725
1.14,4,94.72685
-0.89,7,94.749526
1.19,5,94.767625
-0.86,4,94.780004
1.24,6,94.79848
-0.81,5,94.815279
1.14,4,94.826751
1.14,4,94.838582
1.14,4,94.850614
1.29,6,94.86978
1.29,6,94.88788
1.14,4,94.900552
-0.69,6,94.926965
1.13,5,94.941865
1.14,4,94.956454
1.14,4,94.968684
1.14,4,94.983678
-0.87,6,95.007188
1.19,5,95.023913
1.19,5,95.038881
-0.91,4,95.053476
1.14,4,95.065139
1.19,5,95.083166
1.14,4,95.095801
-0.79,6,95.11744
1.14,4,95.133774
1.14,4,95.147409
1.14,4,95.163431
1.19,5,95.185061
1.29,6,95.205586
1.24,6,95.225952
1.19,5,95.244532
1.14,4,95.255518
1.14,4,95.269005
-0.86,5,95.286458
1.33,8,95.3135
1.19,5,95.33421
-0.81,5,95.354305
1.19,5,95.368871
-0.82,6,95.3923
1.14,4,95.40381
1.14,4,95.41847
1.14,4,95.431434
1.14,4,95.443065
1.19,5,95.461839
1.28,7,95.484323
1.14,4,95.496149
1.24,6,95.517262
1.14,4,95.529356
1.19,5,95.544547
1.14,4,95.560096
1.14,4,95.572098
-0.82,6,95.593307
1.14,4,95.605299
1.14,4,95.617705
-0.77,7,95.639899
1.24,6,95.682462
1.14,4,95.70595
1.14,4,95.723485
-0.86,5,95.738574
1.14,4,95.750456
1.14,4,95.762275
1.19,5,95.776594
1.14,4,95.788191
1.14,4,95.800469
1.14,4,95.81218
-0.86,5,95.830159
-0.86,5,95.847596
1.14,4,95.859708
-0.81,6,95.881298
-0.81,5,95.898251
1.19,5,95.913203
1.14,4,95.92494
1.14,4,95.939833
1.14,4,95.954126
-0.81,5,95.971084
1.14,4,95.983194
1.14,4,95.995712
1.18,6,96.013905
1.14,4,96.025703
1.14,4,96.040604
-0.81,6,96.062888
1.34,7,96.08638
1.14,4,96.09881
1.14,4,96.116303
1.19,5,96.145241
-0.86,5,96.181013
1.14,4,96.204652
1.14,4,96.223383
1.14,4,96.872183
1.29,6,96.89428
1.14,4,96.906051
1.14,4,96.92063
1.14,4,96.935971
1.14,4,96.955143
1.14,4,96.981176
1.19,5,97.012499
1.14,4,97.030457
1.19,5,97.055808
1.29,6,97.099319
-0.83,7,97.154568
1.14,4,97.172134
-0.86,4,97.187835
1.19,5,97.20637
-0.86,5,97.223371
-0.77,7,97.247319
1.24,6,97.264648
1.14,4,97.276982
1.34,7,97.296749
-0.47,13,97.334464
1.14,4,97.351575
1.14,4,97.370267
-0.82,6,97.410419
1.14,4,97.42957
1.14,4,97.442874
1.13,5,97.459276
1.14,4,97.482789
-0.92,5,97.504632
1.14,4,97.525319
1.24,8,97.559038
1.14,4,97.570172
-0.81,5,97.586909
1.14,4,97.603653
1.19,5,97.624909
1.14,4,97.641306
1.14,4,97.654279
1.14,4,97.671335
1.19,5,97.690753
1.14,4,97.702579
1.14,4,97.71721
-0.86,4,97.741071
1.14,4,97.76895
1.17,7,97.817755
1.19,5,97.835802
1.14,4,97.848162
1.14,4,97.861365
-0.71,7,97.886126
1.14,4,97.902667
-0.91,4,97.919338
1.14,4,97.932583
1.39,8,97.975878
1.28,7,98.01218
1.29,6,98.036815
1.14,4,98.048255
1.14,4,98.060073
1.19,5,98.074783
-0.86,4,98.087081
1.18,6,98.111168
1.14,4,98.136178
-0.86,5,98.163333
1.14,4,98.175614
1.14,4,98.186321
1.14,4,98.197163
1.14,4,98.208574
-0.81,5,98.227182
-0.86,5,98.242314
1.13,5,98.267357
1.14,4,98.289683
1.14,4,98.316755
-0.67,8,98.384048
-0.86,4,98.416773
1.14,4,98.433301
-0.91,4,98.447077
-0.88,7,98.470266
1.19,5,98.504896
1.13,5,98.525058
-0.76,6,98.551859
1.14,4,98.564194
1.14,4,98.575054
-0.83,7,98.598087
1.14,4,98.620209
1.14,4,98.644472
1.14,4,98.663766
-0.86,4,98.681156
1.14,4,98.696372
-0.69,7,98.721766
1.14,4,98.735893
1.14,4,98.747291
1.18,6,98.767603
-0.86,5,98.784613
1.14,4,98.800252
1.14,4,98.81475
1.14,4,98.827034
1.14,4,98.838847
1.19,5,98.853607
1.14,4,98.865811
-0.88,7,98.913921
-0.87,5,98.956054
1.14,4,98.975253
1.14,4,98.990325
-0.98,5,99.005056
1.14,4,99.020525
1.14,4,99.043411
1.14,4,99.062089
1.29,6,99.083387
1.23,7,99.104075
-0.9,5,99.122044
1.34,7,99.147863
1.29,6,99.167876
-0.71,9,99.196314
1.14,4,99.212411
1.14,4,99.225169
1.14,4,99.236778
1.14,4,99.249291
1.19,5,99.264905
1.14,4,99.276651
1.14,4,99.291508
1.14,4,99.307962
1.14,4,99.325206
1.24,6,99.345923
1.14,4,99.356899
1.14,4,99.369351
1.14,4,99.384121
1.14,4,99.398305
1.13,5,99.415325
1.14,4,99.428397
1.14,4,99.440545
1.14,4,99.451875
1.14,4,99.464094
-0.87,6,99.483956
1.14,4,99.495003
1.14,4,99.507355
1.14,4,99.518608
-0.67,8,99.569628
-0.92,5,99.598459
1.14,4,99.615201
1.14,4,99.628597
1.19,5,99.655448
1.14,4,99.671329
-0.76,6,99.697732
1.28,7,99.735623
1.14,4,99.76507
-0.77,8,99.80423
-0.87,6,99.826446
1.14,4,99.842598
1.14,4,99.869022
1.14,4,99.899831
1.14,4,99.921535
1.14,4,99.948243
-0.86,5,99.980472
1.14,4,99.996652
1.14,4,100.010314
1.14,4,100.024786
1.13,5,100.042243
1.34,7,100.060835
1.14,4,100.072109
1.14,4,100.083743
1.14,4,100.096215
-0.91,4,100.110339
-0.76,6,100.129849
1.14,4,100.141629
1.14,4,100.155137
1.13,5,100.174524
1.14,4,100.186556
1.14,4,100.204797
1.14,4,100.216726
1.19,5,100.232545
1.14,4,100.24441
-0.76,6,100.263476
1.18,6,100.282111
-0.92,5,100.302592
1.14,4,100.313499
1.14,4,100.324865
1.14,4,100.338195
1.13,5,100.352875
1.14,4,100.3682
1.14,4,100.380213
1.14,4,100.390843
-0.81,6,100.411074
1.14,4,100.423862
1.14,4,100.435748
-0.77,7,100.458037
1.14,4,100.469639
1.19,5,100.485902
1.14,4,100.497582
1.14,4,100.510464
1.14,4,100.524238
-0.88,7,100.554106
1.14,4,100.5815
-0.91,4,100.601922
-0.81,5,100.621213
1.14,4,100.6329
-0.71,6,100.652558
1.14,4,100.664485
1.14,4,100.677242
1.19,5,100.69207
-0.97,4,100.70725
1.14,4,100.719392
1.14,4,100.733767
1.14,4,100.749598
1.19,5,100.781214
1.14,4,100.808461
1.14,4,100.832031
-0.74,7,100.857325
1.14,4,100.869179
1.29,6,100.887567
1.14,4,100.9017
1.14,4,100.913713
1.34,7,100.936411
1.14,4,100.950794
1.14,4,100.973129
1.19,5,101.008867
1.14,4,101.035853
1.14,4,101.06227
1.14,4,101.079204
1.19,5,101.096263
1.19,5,101.112876
1.14,4,101.124169
-0.81,5,101.14182
-0.81,6,101.160017
-0.76,6,101.194324
1.14,4,101.220112
-0.81,5,101.261131
-1.0,7,101.307539
1.14,4,101.328222
1.18,6,101.359676
1.14,4,101.381418
1.14,4,101.412297
1.14,4,101.436696
1.14,4,101.466762
1.14,4,101.493156
1.14,4,101.518694
1.18,6,101.540656
1.19,5,101.554272
-0.76,6,101.574148
1.14,4,101.585775
-0.83,7,101.627602
1.19,5,101.684457
1.14,4,101.698705
1.14,4,101.712846
1.14,4,101.725345
1.19,5,101.743059
1.29,6,101.771747
1.18,6,101.79282
1.14,4,101.806639
1.14,4,101.818383
1.14,4,101.829852
1.14,4,101.84206
1.14,4,101.855867
-0.91,4,101.872188
-0.91,4,101.886991
1.13,5,101.902769
1.13,5,101.917408
1.19,5,101.932872
1.13,5,101.947886
1.18,6,101.965422
1.14,4,101.976077
1.14,4,101.987855
1.14,4,101.999232
-0.86,4,102.014797
1.14,4,102.027373
1.13,5,102.042265
1.14,4,102.058783
1.24,6,102.082564
1.14,4,102.094106
1.14,4,102.113601
-0.81,5,102.150161
1.14,4,102.169608
1.14,4,102.191041
1.19,5,102.206076
1.14,4,102.219785
1.14,4,102.233883
1.14,4,102.246225
1.14,4,102.271094
1.14,4,102.299905
1.14,4,102.326022
1.13,5,102.349102
1.14,4,102.360961
1.14,4,102.372849
1.14,4,102.384679
1.14,4,102.396195
1.14,4,102.408743
1.14,4,102.423532
1.14,4,102.437253
1.14,4,102.449346
1.14,4,102.461729
1.14,4,102.473437
1.14,4,102.482518
1.14,4,102.494461
1.14,4,102.507421
-0.76,6,102.527153
1.14,4,102.539285
1.14,4,102.551291
1.14,4,102.563138
1.14,4,102.57538
-0.83,7,102.595665
1.14,4,102.608075
1.14,4,102.620214
1.14,4,102.630895
1.19,5,102.645779
1.14,4,102.660597
1.14,4,102.675279
1.29,6,102.701328
1.14,4,102.72931
1.14,4,102.75173
1.14,4,102.77087
1.14,4,102.784874
-0.7,7,102.810565
1.28,7,102.840544
1.14,4,102.853681
1.19,5,102.869452
1.14,4,102.880624
1.14,4,102.899296
1.14,4,102.916151
1.14,4,102.943644
1.14,4,102.964844
1.14,4,102.98023
1.14,4,102.994184
1.14,4,103.006268
-0.81,5,103.022584
1.19,5,103.038324
-0.76,6,103.056502
-0.81,5,103.07273
1.13,5,103.086192
1.14,4,103.097725
1.24,6,103.116349
1.29,6,103.134058
1.14,4,103.146238
1.14,4,103.157981
1.13,5,103.17812
-0.81,5,103.200852
1.14,4,103.21476
1.14,4,103.227268
1.14,4,103.239613
-0.86,4,103.252565
-0.67,8,103.279663
1.14,4,103.292777
-0.88,6,103.309638
1.14,4,103.32005
1.14,4,103.331787
1.14,4,103.356112
1.14,4,103.379813
1.34,7,103.408575
1.19,5,103.426324
-0.81,5,103.442817
1.14,4,103.453694
1.19,5,103.468859
1.14,4,103.480269
1.14,4,103.492556
-0.87,5,103.508665
1.14,4,103.520473
1.29,6,103.538355
-0.76,6,103.556934
-0.81,5,103.572551
1.14,4,103.583735
-0.61,8,103.609533
1.19,5,103.628379
1.14,4,103.64183
1.14,4,103.656932
1.14,4,103.675182
1.14,4,103.689652
1.14,4,103.704297
1.14,4,103.719867
1.27,8,103.744339
-0.98,5,103.762773
1.14,4,103.775757
-0.83,7,103.798881
1.14,4,103.811729
1.14,4,103.82408
1.14,4,103.836174
1.14,4,103.88827
1.14,4,103.913836
1.14,4,103.935624
-0.81,5,103.95233
1.13,5,103.966726
-0.69,7,103.989145
1.14,4,103.999789
1.13,5,104.014115
1.14,4,104.02563
1.19,5,104.05164
1.14,4,104.077879
1.34,7,104.128181
1.14,4,104.143587
1.33,8,104.172323
1.14,4,104.18437
1.13,5,104.203287
1.14,4,104.215156
1.14,4,104.227114
1.14,4,104.239548
1.14,4,104.2511
1.13,5,104.266365
1.29,6,104.284511
1.23,7,104.304126
1.14,4,104.316173
1.14,4,104.329156
1.14,4,104.341498
1.28,8,104.381148
-0.82,6,104.417244
1.14,4,104.435733
1.14,4,104.450303
1.14,4,104.466906
1.14,4,104.485402
1.14,4,104.498062
1.14,4,104.509871
1.14,4,104.520432
1.14,4,104.532662
1.14,4,104.552063
1.14,4,104.571476
1.19,5,104.586971
1.38,9,104.616403
1.14,4,104.628296
1.14,4,104.640158
1.14,4,104.660197
1.14,4,104.696871
1.14,4,104.715053
-0.81,5,104.735692
1.14,4,104.74694
1.14,4,104.759444
1.14,4,104.770975
1.14,4,104.782172
1.29,6,104.810057
1.14,4,104.839473
1.13,5,104.867111
1.14,4,104.882111
-0.81,5,104.89891
1.14,4,104.911212
1.14,4,104.925726
1.14,4,104.938497
1.14,4,104.953875
1.14,4,104.967427
1.14,4,104.977077
1.14,4,104.991508
-0.76,6,105.021645
-0.68,9,105.084893
1.14,4,105.114161
-0.76,6,105.159448
1.13,5,105.199952
1.14,4,105.227471
-0.76,6,105.282114
1.14,4,105.314412
1.14,4,105.337954
-0.81,5,105.357346
1.14,4,105.372817
1.14,4,105.384413
1.34,7,105.406689
1.14,4,105.418641
1.14,4,105.43428
1.14,4,105.449897
-0.86,4,105.465227
1.2,6,105.4841
1.14,4,105.49558
1.14,4,105.509149
1.19,5,105.524292
-0.72,8,105.547331
1.14,4,105.560307
1.34,7,105.581571
1.44,8,105.608238
1.14,4,105.626127
1.14,4,105.651626
1.14,4,105.670829
1.14,4,105.694239
1.14,4,105.715552
-0.81,5,105.735902
1.14,4,105.748365
1.14,4,105.759941
1.29,6,105.778894
1.14,4,105.794168
1.29,6,105.812646
1.14,4,105.824232
1.14,4,105.840065
1.29,6,105.87307
1.14,4,105.885825
1.14,4,105.9088
1.24,6,105.946117
1.14,4,105.975284
-0.86,4,106.006195
1.34,7,106.039445
-0.81,5,106.05647
-0.61,8,106.082121
1.24,6,106.101851
1.19,5,106.120045
1.14,4,106.13368
1.14,4,106.145349
1.14,4,106.157184
1.18,6,106.175274
1.14,4,106.18795
1.14,4,106.200104
1.14,4,106.211966
1.14,4,106.224333
1.38,9,106.257753
1.14,4,106.271688
-0.86,4,106.286572
1.14,4,106.298268
1.14,4,106.31156
1.14,4,106.323497
1.24,6,106.342617
1.14,4,106.355066
-0.91,4,106.368036
1.24,6,106.387022
1.14,4,106.401498
1.19,5,106.416552
1.14,4,106.429074
1.14,4,106.440898
1.14,4,106.453659
1.14,4,106.466994
1.14,4,106.479022
1.14,4,106.490713
1.14,4,106.502572
1.14,4,106.514156
1.18,6,106.532333
-0.93,6,106.555693
1.19,5,106.570896
1.14,4,106.581304
1.14,4,106.592654
1.14,4,106.604307
-0.81,5,106.626758
1.19,5,106.64232
1.14,4,106.654996
1.3,8,106.682799
1.14,4,106.694085
1.14,4,106.706139
1.14,4,106.717893
1.14,4,106.734213
1.14,4,106.744581
1.19,5,106.761176
-0.76,6,106.780752
-0.79,5,106.802518
1.14,4,106.816489
1.14,4,106.828243
1.14,4,106.841332
-0.81,5,106.857017
1.14,4,106.869367
1.14,4,106.8823
1.14,4,106.896414
1.14,4,106.910935
1.14,4,106.92198
-0.77,7,106.944645
1.14,4,106.956873
1.14,4,106.968611
1.14,4,106.98059
1.14,4,106.990744
1.14,4,107.001906
1.14,4,107.017339
1.14,4,107.031045
1.19,5,107.048417
-0.83,8,107.07471
1.23,7,107.100244
-0.77,7,107.121615
1.29,6,107.139925
1.19,5,107.15472
1.14,4,107.16594
-0.82,6,107.185622
-0.81,5,107.201429
1.19,5,107.223924
1.14,4,107.252483
1.34,7,107.290638
1.14,4,107.304471
1.14,4,107.317451
1.13,5,107.333934
1.14,4,107.345661
1.34,7,107.367627
1.19,5,107.382867
1.14,4,107.394263
1.14,4,107.406658
1.14,4,107.418669
1.14,4,107.434115
1.14,4,107.445769
1.14,4,107.460544
1.14,4,107.482212
-0.92,5,107.515826
1.14,4,107.539067
1.14,4,107.558445
1.14,4,107.574693
-0.86,4,107.591091
-0.91,4,107.60861
1.19,5,107.624003
1.14,4,107.635952
-0.86,5,107.650866
1.14,4,107.66514
1.13,5,107.682621
-0.71,6,107.707254
1.14,4,107.718681
-0.82,6,107.739118
1.14,4,107.750408
1.14,4,107.76178
1.14,4,107.774148
1.19,5,107.827165
-0.76,6,107.852275
-0.66,7,107.875122
1.14,4,107.887093
1.14,4,107.900851
1.14,4,107.911179
-0.77,7,107.933796
1.19,5,107.950744
1.24,6,107.970645
1.14,4,107.982864
1.19,5,107.997486
1.18,6,108.020903
1.14,4,108.033966
-0.81,5,108.051122
1.14,4,108.06224
1.14,4,108.073391
-0.66,7,108.09528
-0.94,7,108.115532
1.14,4,108.130104
1.14,4,108.145504
1.14,4,108.170478
1.19,5,108.195511
-0.71,7,108.230616
-0.87,5,108.245538
-0.91,4,108.257946
-0.76,6,108.276704
1.14,4,108.289733
-0.76,6,108.309664
-0.71,7,108.33326
-0.92,5,108.350926
1.14,4,108.362411
1.14,4,108.373885
-0.78,8,108.401546
1.14,4,108.412779
-0.76,6,108.437469
1.14,4,108.450408
1.14,4,108.461441
1.29,6,108.479876
1.14,4,108.506038
1.14,4,108.530344
-0.76,6,108.560487
1.14,4,108.572631
-0.81,5,108.588039
1.28,7,108.610865
-0.89,8,108.636517
1.14,4,108.649933
-0.66,7,108.692523
-0.86,5,108.722246
1.14,4,108.74348
1.19,5,108.7624
1.14,4,108.774172
1.13,5,108.789519
-0.81,5,108.805315
1.14,4,108.817259
1.14,4,108.831827
-0.91,4,108.844944
1.14,4,108.856214
1.14,4,108.866993
1.14,4,108.878241
1.14,4,108.891533
1.14,4,108.903307
1.13,5,108.918681
1.14,4,108.929974
1.14,4,108.941398
-0.67,8,108.970718
1.14,4,108.983987
1.14,4,108.995733
1.14,4,109.012084
-0.77,7,109.03595
1.14,4,109.049112
1.14,4,109.062135
1.19,5,109.077873
1.14,4,109.089921
1.14,4,109.101429
1.28,7,109.124826
1.34,7,109.14653
-0.71,6,109.163663
1.14,4,109.175777
1.19,5,109.190662
1.14,4,109.202823
1.14,4,109.21437
-0.87,6,109.233908
1.14,4,109.243079
1.18,6,109.261241
1.14,4,109.272735
1.14,4,109.288365
1.14,4,109.299659
1.14,4,109.317717
-0.76,6,109.338869
1.14,4,109.350553
1.29,6,109.369828
1.19,5,109.388854
1.14,4,109.399333
1.14,4,109.410511
1.14,4,109.424277
1.14,4,109.438829
1.13,5,109.453876
1.14,4,109.468762
1.14,4,109.480902
-0.81,5,109.497239
1.34,7,109.518379
1.19,5,109.536273
1.14,4,109.54868
1.14,4,109.560773
1.14,4,109.572741
1.14,4,109.585024
1.13,5,109.599953
1.14,4,109.612679
1.19,5,109.628287
1.14,4,109.639974
1.14,4,109.652423
1.14,4,109.664833
1.19,5,109.683316
1.29,7,109.704746
1.14,4,109.718548
1.14,4,109.73315
1.14,4,109.745414
-0.76,6,109.765621
1.14,4,109.778963
1.13,5,109.795488
-0.81,5,109.815441
1.14,4,109.827389
1.14,4,109.839188
1.14,4,109.850739
-0.86,5,109.866453
1.19,5,109.881625
1.14,4,109.896382
1.14,4,109.908978
1.14,4,109.920739
1.14,4,109.93462
1.14,4,109.950902
1.14,4,109.962994
-0.86,4,109.980044
1.14,4,109.992633
1.14,4,110.006009
1.14,4,110.018562
1.14,4,110.030236
-0.81,5,110.045789
1.14,4,110.058975
1.14,4,110.071267
-0.91,4,110.084049
1.14,4,110.093715
-0.76,6,110.115482
1.14,4,110.130561
1.14,4,110.145825
1.14,4,110.162438
1.14,4,110.174586
1.14,4,110.189939
1.14,4,110.202363
-0.79,5,110.221375
1.14,4,110.240062
-0.91,4,110.270123
1.14,4,110.298799
1.14,4,110.328321
1.14,4,110.355603
1.34,7,110.381999
-0.76,6,110.401739
-0.72,8,110.42748
1.19,5,110.43974
1.18,6,110.457698
1.29,7,110.478713
1.14,4,110.492871
1.14,4,110.504068
1.18,6,110.522093
1.14,4,110.536473
-0.73,9,110.56287
1.14,4,110.576154
-0.76,6,110.595694
1.14,4,110.607757
-0.71,7,110.631773
1.14,4,110.643124
-0.82,6,110.66225
-0.79,5,110.685778
-0.7,11,110.725324
1.14,4,110.74808
1.14,4,110.768998
1.19,5,110.795705
1.19,5,110.812221
1.14,4,110.823543
1.14,4,110.835758
1.14,4,110.861502
1.14,4,110.90035
1.14,4,110.915109
1.17,7,110.940536
-0.85,9,110.969329
-0.66,7,110.993933
1.14,4,111.020805
1.29,7,111.062217
1.14,4,111.080089
1.38,9,111.108857
1.14,4,111.120717
1.14,4,111.135617
1.13,5,111.152097
-0.86,4,111.164585
1.14,4,111.187944
1.14,4,111.215704
1.14,4,111.24448
1.19,5,111.273737
1.14,4,111.295504
1.14,4,111.322719
1.14,4,111.341616
1.14,4,111.352194
1.14,4,111.365514
1.14,4,111.377829
1.14,4,111.393571
1.14,4,111.407112
1.14,4,111.418864
1.14,4,111.431103
1.14,4,111.442744
1.14,4,111.454534
-0.86,4,111.466421
1.14,4,111.477802
1.34,7,111.500195
1.19,5,111.518043
-0.77,7,111.569711
1.14,4,111.587411
1.14,4,111.600348
1.14,4,111.612948
1.14,4,111.624796
-0.81,5,111.641538
1.14,4,111.65353
1.13,5,111.670689
1.14,4,111.680561
1.14,4,111.692196
-0.91,4,111.710876
1.14,4,111.723706
1.14,4,111.739879
1.14,4,111.75179
1.14,4,111.769437
1.14,4,111.792003
1.34,7,111.841691
-0.67,8,111.905322
1.14,4,111.934849
1.34,7,111.981916
1.28,7,112.021684
1.14,4,112.041957
1.14,4,112.054532
-0.79,5,112.072804
-0.86,4,112.087326
1.14,4,112.098957
1.14,4,112.10899
1.39,8,112.13373
-0.81,5,112.149789
1.14,4,112.161167
1.14,4,112.173748
1.14,4,112.18528
1.14,4,112.198922
1.14,4,112.209704
-0.79,9,112.23654
1.18,6,112.255641
1.14,4,112.269684
1.14,4,112.281075
-0.98,5,112.295347
1.19,5,112.310177
1.19,5,112.325526
-0.82,6,112.363259
1.14,4,112.384997
1.19,5,112.406973
1.28,7,112.436426
1.34,7,112.456129
1.14,4,112.468619
1.13,5,112.485019
1.14,4,112.499205
1.14,4,112.515255
1.14,4,112.52715
1.14,4,112.539021
1.14,4,112.55075
-0.92,5,112.570214
-0.76,6,112.594741
1.14,4,112.608004
-0.76,6,112.632482
1.19,5,112.647513
1.13,5,112.662992
1.14,4,112.675854
1.14,4,112.684329
1.14,4,112.70163
1.14,4,112.714276
1.14,4,113.341508
1.14,4,113.353082
1.14,4,113.367444
1.14,4,113.381634
1.14,4,113.394608
1.14,4,113.409057
1.34,7,113.431544
1.13,5,113.447803
1.14,4,113.46312
-0.78,8,113.485162
1.14,4,113.500824
1.14,4,113.517204
1.14,4,113.534571
-0.86,4,113.548826
1.29,6,113.569987
-0.71,7,113.606498
1.14,4,113.625418
-0.82,6,113.669249
1.14,4,113.689862
1.19,5,113.707505
1.14,4,113.719041
1.27,8,113.743453
1.14,4,113.756873
1.14,4,113.768931
1.14,4,113.781675
1.14,4,113.79765
-0.76,6,113.816423
-0.76,6,113.855324
1.14,4,113.878114
1.14,4,113.895624
-0.83,7,113.917945
-0.82,6,113.939676
1.36,7,113.964408
1.14,4,113.980443
-0.81,5,113.996555
1.19,5,114.013207
1.14,4,114.024903
1.19,5,114.040113
1.14,4,114.051579
1.14,4,114.063725
-0.6,9,114.092862
-0.67,8,114.155659
1.19,5,114.173335
1.18,6,114.196199
1.24,6,114.219513
1.19,5,114.236414
1.14,4,114.249013
1.14,4,114.261529
1.13,5,114.2776
1.19,5,114.293537
1.14,4,114.304216
1.14,4,114.317199
-0.73,8,114.344525
1.29,6,114.363062
-0.92,5,114.378351
1.19,5,114.392364
1.14,4,114.404319
1.44,9,114.43731
1.14,4,114.450228
-0.93,6,114.481844
1.14,4,114.497391
-0.72,8,114.534643
1.39,8,114.566807
-0.82,6,114.602492
-0.81,5,114.623164
1.24,6,114.656901
1.19,5,114.680655
1.34,7,114.708974
1.24,5,114.720187
1.14,4,114.731162
1.14,4,114.744743
1.14,4,114.754556
-0.93,6,114.772294
1.14,4,114.798379
1.14,4,114.827909
1.14,4,114.85709
1.14,4,114.87641
1.14,4,114.888921
1.14,4,114.89954
1.14,4,114.917882
1.14,4,114.931334
1.14,4,114.950021
-0.87,6,114.976875
1.33,8,115.016575
1.14,4,115.031846
1.13,5,115.052263
-0.71,7,115.077476
1.14,4,115.089289
1.14,4,115.103132
-0.81,5,115.11656
1.14,4,115.128957
1.14,4,115.143577
1.14,4,115.155813
1.14,4,115.168147
1.34,7,115.193783
-0.83,7,115.222629
1.39,8,115.251623
-0.88,6,115.279988
1.19,5,115.299641
1.14,4,115.312968
1.29,6,115.332146
1.14,4,115.347247
-0.76,6,115.38348
1.14,4,115.408201
1.14,4,115.426696
1.14,4,115.436536
1.13,5,115.450911
1.19,5,115.466256
1.14,4,115.477362
1.14,4,115.488744
1.14,4,115.498417
1.14,4,115.509472
1.14,4,115.523206
1.14,4,115.535698
1.14,4,115.547702
1.14,4,115.560028
1.14,4,115.572513
1.14,4,115.584728
1.14,4,115.596905
1.14,4,115.607402
1.14,4,115.619092
1.14,4,115.634491
1.14,4,115.646671
-0.71,6,115.666104
1.14,4,115.684852
1.14,4,115.706588
1.14,4,115.724282
1.14,4,115.737851
1.14,4,115.749562
-0.76,6,115.76898
1.14,4,115.784349
1.14,4,115.79706
-0.88,7,115.822008
1.14,4,115.834212
-0.77,7,115.882234
1.14,4,115.913133
1.14,4,115.944542
1.14,4,115.966226
1.14,4,115.978497
1.14,4,115.992992
1.14,4,116.007692
1.14,4,116.023356
1.24,6,116.045181
1.14,4,116.057133
1.14,4,116.073497
1.14,4,116.086904
1.14,4,116.100023
-0.74,9,116.12739
1.14,4,116.143192
1.14,4,116.15505
1.14,4,116.167463
1.19,5,116.182542
1.14,4,116.194549
1.14,4,116.20811
1.14,4,116.219714
1.14,4,116.23465
-0.91,4,116.248006
1.14,4,116.259372
1.14,4,116.271502
1.19,5,116.289375
1.19,5,116.309257
-0.87,6,116.334038
1.14,4,116.347275
-0.76,6,116.379719
1.14,4,116.405696
1.13,5,116.43215
1.14,4,116.458148
1.14,4,116.491529
1.14,4,116.523319
1.14,4,116.553198
1.14,4,116.586379
1.44,8,116.616686
1.14,4,116.630827
-0.8,6,116.650766
-0.81,5,116.667942
1.14,4,116.68047
1.14,4,116.692086
1.14,4,116.704848
-0.73,9,116.738538
1.14,4,116.766695
-0.84,8,116.828042
1.14,4,116.851528
1.14,4,116.882327
-0.91,4,116.913042
1.24,6,116.939374
1.34,7,116.963813
-0.88,7,116.984509
1.14,4,116.996745
-0.81,5,117.012906
1.14,4,117.023877
1.24,6,117.041479
1.14,4,117.052141
1.14,4,117.064718
1.14,4,117.079121
-0.86,5,117.098585
1.14,4,117.111714
1.14,4,117.12284
1.14,4,117.135151
1.14,4,117.144908
1.14,4,117.156761
1.14,4,117.169361
1.14,4,117.182175
1.14,4,117.193724
1.19,5,117.208451
1.14,4,117.219499
1.19,5,117.235164
1.14,4,117.247867
1.14,4,117.260985
1.14,4,117.271072
1.14,4,117.282374
1.14,4,117.294827
1.14,4,117.307493
1.14,4,117.319387
1.14,4,117.331163
1.14,4,117.343735
1.14,4,117.355131
1.14,4,117.367865
-0.99,6,117.392728
1.19,5,117.407794
1.14,4,117.419855
1.18,6,117.464741
1.19,5,117.497679
1.14,4,117.521956
1.14,4,117.545977
1.14,4,117.575842
1.14,4,117.603156
1.14,4,117.621174
-0.67,8,117.648273
-0.86,4,117.660283
1.13,5,117.67891
1.14,4,117.690373
1.14,4,117.702415
1.14,4,117.714538
1.19,5,117.736206
1.14,4,117.762676
1.19,5,117.800794
1.14,4,117.820591
1.33,8,117.848027
1.14,4,117.860634
1.14,4,117.87216
-0.92,5,117.890871
-0.81,5,117.907843
1.14,4,117.91925
1.19,5,117.934637
1.14,4,117.947432
-0.76,6,117.966847
1.14,4,117.97739
1.14,4,117.989896
1.14,4,118.001647
1.19,5,118.018637
1.14,4,118.02956
1.34,7,118.053702
1.23,7,118.076291
1.14,4,118.08753
1.14,4,118.100047
1.14,4,118.111516
-0.66,7,118.133462
1.14,4,118.145742
-0.62,9,118.175289
-0.76,6,118.192415
1.14,4,118.203867
1.34,7,118.235896
1.14,4,118.276001
1.13,5,118.296296
1.19,5,118.311597
1.14,4,118.324138
1.19,5,118.339551
1.14,4,118.35025
1.14,4,118.361865
-0.79,9,118.38777
1.33,9,118.415378
-0.76,6,118.434465
1.14,4,118.445131
1.14,4,118.457105
1.14,4,118.473934
1.14,4,118.488185
1.14,4,118.500991
1.18,6,118.519441
1.14,4,118.53143
1.14,4,118.544351
1.14,4,118.558206
1.14,4,118.573831
1.13,5,118.590759
1.16,5,118.607508
1.14,4,118.623214
1.14,4,118.639035
1.34,7,118.663336
1.14,4,118.677602
1.19,5,118.692928
1.19,5,118.708861
1.14,4,118.720445
1.14,4,118.732012
-0.66,7,118.755523
1.14,4,118.773946
1.14,4,118.789439
1.19,5,118.812099
1.14,4,118.826798
1.14,4,118.842003
1.19,5,118.859954
1.14,4,118.874498
1.14,4,118.886237
1.14,4,118.899812
-0.91,4,118.915615
1.14,4,118.929849
1.14,4,118.947004
1.14,4,118.961847
1.14,4,118.973969
1.14,4,118.985757
1.14,4,119.006885
-0.87,6,119.030136
1.14,4,119.042867
1.14,4,119.05559
1.14,4,119.067443
1.24,6,119.087763
1.14,4,119.100898
-0.81,5,119.116668
-0.76,6,119.13615
1.19,5,119.151232
1.14,4,119.164093
-0.86,5,119.180514
1.14,4,119.193033
1.28,7,119.218941
1.14,4,119.239038
-0.75,8,119.288198
1.14,4,119.317477
-0.83,7,119.356784
1.14,4,119.371875
1.29,6,119.392591
1.14,4,119.417123
1.14,4,119.454997
-0.98,5,119.47846
1.14,4,119.495438
1.14,4,119.507222
1.14,4,119.519696
1.14,4,119.534612
1.14,4,119.548319
1.14,4,119.5685
1.14,4,119.591018
1.14,4,119.614999
1.14,4,119.642374
1.14,4,119.667093
1.18,6,119.694158
1.14,4,119.705948
1.14,4,119.719917
1.14,4,119.731979
1.14,4,119.744057
-0.87,6,119.764294
1.18,6,119.782412
1.14,4,119.794176
1.14,4,119.805626
1.14,4,119.816803
1.19,5,119.83127
1.14,4,119.842379
1.14,4,119.852276
1.29,6,119.870624
1.14,4,119.88223
1.14,4,119.893949
1.14,4,119.905792
1.14,4,119.917618
1.14,4,119.93378
1.14,4,119.945502
-0.81,5,119.961051
1.13,5,119.979725
-0.92,5,119.995593
1.14,4,120.007254
1.14,4,120.022881
1.29,6,120.042122
1.14,4,120.056005
1.29,6,120.078908
1.14,4,120.092563
1.14,4,120.104973
-0.87,6,120.125578
-0.87,5,120.142341
1.14,4,120.154706
1.14,4,120.168404
-0.81,5,120.185732
1.14,4,120.199523
1.19,5,120.214466
1.14,4,120.227804
1.14,4,120.239233
1.14,4,120.250213
1.24,6,120.268903
1.14,4,120.28547
-0.88,6,120.311523
1.18,6,120.332668
1.14,4,120.344223
1.14,4,120.356214
-0.6,9,120.389769
1.14,4,120.403521
1.14,4,120.415261
1.14,4,120.427609
1.14,4,120.439869
1.14,4,120.451507
-0.72,7,120.476011
1.14,4,120.488739
1.14,4,120.500797
1.14,4,120.516288
1.14,4,120.528446
1.14,4,120.543213
1.14,4,120.555212
1.14,4,120.567069
1.14,4,120.579616
1.14,4,120.592263
1.14,4,120.604622
1.19,5,120.619352
1.19,5,120.633778
1.29,6,120.651926
1.14,4,120.663405
1.14,4,120.676536
1.29,6,120.695758
1.33,8,120.72087
-0.76,6,120.740166
1.14,4,120.751751
1.14,4,120.763773
1.29,6,120.784802
1.14,4,120.797317
1.14,4,120.811261
1.19,5,120.82981
1.14,4,120.84199
1.19,5,120.861092
1.14,4,120.874777
1.14,4,120.891886
1.14,4,120.905363
1.14,4,120.916487
1.14,4,120.92839
1.14,4,120.949896
1.14,4,120.966766
1.14,4,120.980733
-0.76,6,121.007254
1.14,4,121.026454
1.14,4,121.039872
1.14,4,121.054283
1.14,4,121.067752
1.14,4,121.081357
1.14,4,121.096509
1.14,4,121.109688
1.14,4,121.124061
1.14,4,121.141284
1.14,4,121.155097
1.14,4,121.167394
1.14,4,121.181135
1.14,4,121.193875
1.14,4,121.204738
1.14,4,121.216229
-0.87,5,121.232444
1.14,4,121.244953
1.14,4,121.261304
1.13,5,121.297497
1.18,6,121.331104
1.14,4,121.34341
1.14,4,121.354572
1.14,4,121.377382
-0.87,6,121.418224
1.14,4,121.434698
1.14,4,121.448733
1.14,4,121.470295
1.14,4,121.488039
1.14,4,121.500113
-0.71,6,121.520593
-0.76,6,121.539772
1.14,4,121.554296
1.14,4,121.564619
1.14,4,121.575852
-0.86,4,121.58935
1.14,4,121.60122
1.14,4,121.613594
-0.86,5,121.629118
1.14,4,121.642124
1.14,4,121.654718
-0.76,6,121.676843
1.14,4,121.688491
1.14,4,121.703195
1.14,4,121.714625
1.14,4,121.726851
1.14,4,121.743951
1.14,4,121.76457
1.14,4,121.786736
1.18,6,121.814358
1.14,4,121.827786
1.14,4,121.839939
1.14,4,121.852164
1.14,4,121.864913
1.14,4,121.876665
1.34,7,121.903623
1.13,5,121.920437
1.19,5,121.938696
1.19,5,121.965364
1.14,4,121.985838
1.14,4,122.001632
-0.67,8,122.03125
1.14,4,122.043499
1.19,5,122.062221
1.19,5,122.090566
1.14,4,122.112351
1.14,4,122.13412
1.14,4,122.145456
1.18,6,122.165135
1.14,4,122.17791
1.14,4,122.190757
1.14,4,122.203714
-0.86,5,122.219477
1.14,4,122.230109
1.18,6,122.255431
1.24,5,122.271763
1.13,5,122.288143
1.14,4,122.302658
1.14,4,122.320052
1.19,5,122.340236
1.19,5,122.360678
1.14,4,122.374118
1.13,5,122.392085
1.14,4,122.403973
1.14,4,122.416312
1.14,4,122.427925
-0.71,6,122.44758
1.14,4,122.459697
1.18,6,122.47776
1.14,4,122.496753
1.14,4,122.51943
1.14,4,122.547068
1.14,4,122.568979
1.14,4,122.585603
1.14,4,122.598236
1.14,4,122.609779
1.33,8,122.657069
1.14,4,122.680836
-0.91,4,122.701481
1.14,4,122.722123
1.13,5,122.739143
-0.71,6,122.760767
1.14,4,122.77474
1.19,5,122.790436
1.14,4,122.802348
1.14,4,122.816913
-0.86,5,122.833328
1.14,4,122.845876
1.14,4,122.857905
1.14,4,122.870775
-0.67,8,122.897497
1.14,4,122.926659
1.14,4,122.948937
1.14,4,122.969598
1.14,4,122.993297
1.14,4,123.014006
1.14,4,123.028772
-0.82,6,123.048872
-0.81,5,123.064396
1.14,4,123.077015
-0.92,5,123.096943
1.14,4,123.124806
1.24,6,123.162539
1.14,4,123.181923
-0.71,6,123.201807
-0.78,8,123.24275
1.19,5,123.269717
1.14,4,123.285748
1.14,4,123.301042
1.14,4,123.312611
1.14,4,123.323763
1.14,4,123.33637
1.14,4,123.349524
1.14,4,123.362383
1.14,4,123.374866
-0.78,8,123.401175
1.19,5,123.416619
-0.49,9,123.448248
1.16,5,123.463889
1.14,4,123.478128
1.14,4,123.490325
1.14,4,123.505168
1.14,4,123.527323
1.18,6,123.57385
1.14,4,123.602663
-0.91,4,123.627727
1.14,4,123.64467
1.29,6,123.663337
1.14,4,123.676608
1.14,4,123.69152
1.14,4,123.706252
1.14,4,123.719949
1.14,4,123.732849
-0.76,6,123.755041
1.14,4,123.766692
1.34,7,123.788825
1.24,6,123.808951
1.34,7,123.82998
1.14,4,123.842507
-0.81,5,123.857795
-0.92,5,123.873144
1.14,4,123.885055
1.14,4,123.897736
1.14,4,123.909912
1.19,5,123.925261
-0.86,4,123.939831
-0.86,4,123.953868
1.18,6,123.972996
-0.71,6,123.99433
1.18,6,124.030128
1.14,4,124.046558
1.14,4,124.061961
1.14,4,124.079473
1.14,4,124.092147
-0.66,7,124.124152
-0.76,6,124.152331
1.14,4,124.164731
1.14,4,124.184777
1.14,4,124.21336
1.14,4,124.240972
1.19,5,124.260046
1.14,4,124.27222
1.14,4,124.285727
1.13,5,124.307089
1.14,4,124.32829
-0.79,5,124.363114
1.24,6,124.399212
-0.66,7,124.454338
-0.81,5,124.483724
1.14,4,124.496171
1.18,6,124.51974
1.14,4,124.531575
1.14,4,124.542355
-0.86,5,124.558319
1.19,5,124.577468
-0.86,4,124.591211
1.14,4,124.602746
1.19,5,124.618119
1.14,4,124.63032
1.19,5,124.644687
-0.76,6,124.666286
-0.91,4,124.678609
1.14,4,124.691375
-0.84,8,124.712655
1.14,4,124.727991
-0.71,7,124.75017
1.14,4,124.760766
1.19,5,124.776318
1.14,4,124.790529
1.29,6,124.815743
1.14,4,124.826756
1.14,4,124.839745
-0.82,6,124.862935
-0.76,6,124.881424
1.14,4,124.8928
1.14,4,124.908879
1.14,4,124.922737
1.14,4,124.937479
1.19,5,124.953094
1.14,4,124.965743
1.14,4,124.976976
1.14,4,124.988692
1.28,7,125.023199
1.14,4,125.045045
1.14,4,125.060402
1.14,4,125.080036
1.14,4,125.095654
1.14,4,125.109538
1.14,4,125.121583
1.14,4,125.132411
1.19,5,125.148018
1.14,4,125.159954
-0.86,4,125.172355
1.14,4,125.184618
1.14,4,125.196624
1.14,4,125.208895
1.28,7,125.232198
1.14,4,125.244071
1.14,4,125.255992
1.14,4,125.268111
1.14,4,125.279924
1.14,4,125.291034
-0.81,7,125.3147
1.14,4,125.327001
1.14,4,125.338851
1.14,4,125.351315
1.14,4,125.362306
-0.91,4,125.37904
1.19,5,125.397915
-0.97,4,125.414581
1.34,7,125.437918
1.14,4,125.453327
1.14,4,125.468807
1.3,7,125.494293
1.19,5,125.509722
1.14,4,125.52194
1.28,7,125.54304
-0.71,7,125.566762
1.19,5,125.581834
1.14,4,125.592427
1.14,4,125.606975
1.14,4,125.61864
1.31,6,125.634893
1.14,4,125.646462
-0.92,5,125.670912
1.19,5,125.70348
-0.77,7,125.738367
-0.86,4,125.751864
1.34,7,125.774406
-0.86,4,125.787986
1.14,4,125.802101
1.19,5,125.817602
1.14,4,125.829335
1.14,4,125.840574
-0.91,4,125.853955
1.14,4,125.865709
1.14,4,125.874831
-0.76,6,125.893779
1.14,4,125.905288
1.14,4,125.916599
1.14,4,125.927425
1.14,4,125.941635
1.14,4,125.967516
1.13,5,126.002563
1.14,4,126.021009
1.14,4,126.041828
1.14,4,126.056265
1.14,4,126.068931
1.14,4,126.081747
1.14,4,126.093401
1.14,4,126.105002
1.29,6,126.124509
1.14,4,126.137737
1.14,4,126.15081
1.14,4,126.162454
-0.94,7,126.191576
-0.76,6,126.227135
1.19,5,126.26403
1.29,6,126.300511
-0.92,5,126.332153
-0.72,8,126.370715
-0.77,7,126.396024
1.14,4,126.407249
-0.71,6,126.427244
-0.77,8,126.458587
1.14,4,126.471559
1.14,4,126.488871
-0.82,6,126.516871
1.14,4,126.533414
-0.81,5,126.549043
1.19,5,126.568651
1.14,4,126.58784
1.14,4,126.605844
1.19,5,126.623916
1.18,6,126.645892
1.14,4,126.663624
1.14,4,126.681261
-0.76,6,126.705726
1.14,4,126.71907
1.14,4,126.740382
-0.71,7,126.77399
1.14,4,126.787106
1.19,5,126.807019
1.14,4,126.818632
1.14,4,126.831184
1.14,4,126.848681
1.14,4,126.868792
1.14,4,126.894334
1.14,4,126.917234
1.14,4,126.936414
1.29,6,126.958397
1.14,4,126.969536
1.14,4,126.983563
1.14,4,127.000283
-0.81,5,127.016351
1.14,4,127.028091
1.14,4,127.039623
-0.91,4,127.05646
1.38,8,127.117146
1.14,4,127.134367
1.14,4,127.146406
-0.81,5,127.158288
-0.81,5,127.173618
1.14,4,127.185857
1.19,5,127.201767
1.14,4,127.21379
1.14,4,127.225001
1.27,8,127.24972
1.14,4,127.261126
-0.72,6,127.281718
1.14,4,127.294019
1.14,4,127.306046
1.14,4,127.321316
1.14,4,127.334824
1.33,8,127.359654
1.14,4,127.372247
1.14,4,127.383891
-0.76,6,127.402659
1.14,4,127.416266
1.14,4,127.424981
1.14,4,127.435922
-0.87,6,127.456582
-0.66,7,127.481085
1.19,5,127.497067
1.14,4,127.508906
1.14,4,127.522901
1.14,4,127.536662
1.14,4,127.549236
1.14,4,127.57522
1.29,6,127.613686
1.19,5,127.631867
1.14,4,127.648304
1.14,4,127.659082
1.14,4,127.672239
1.14,4,127.684032
1.14,4,127.696829
-0.67,8,127.730948
1.14,4,127.746987
1.14,4,127.760055
1.14,4,127.772896
1.19,5,127.79068
1.14,4,127.807413
1.14,4,127.850101
1.19,5,127.888796
1.14,4,127.904006
1.14,4,127.916714
1.14,4,127.926269
1.14,4,127.938654
1.14,4,127.949758
-0.81,6,127.969077
-0.51,9,128.000356
-0.76,6,128.027273
1.14,4,128.052051
1.14,4,128.069333
1.14,4,128.081203
1.14,4,128.095907
1.18,6,128.113462
1.14,4,128.136403
-0.91,4,128.158129
1.14,4,128.174751
-0.81,5,128.196186
-0.72,7,128.216779
-0.62,8,128.251792
1.14,4,128.267351
1.14,4,128.280689
-0.81,5,128.301711
-0.89,7,128.323993
1.14,4,128.336755
1.14,4,128.3491
1.14,4,128.364974
1.14,4,128.377284
1.34,7,128.398672
1.14,4,128.412845
1.14,4,128.428932
1.14,4,128.443201
1.14,4,128.45633
1.34,7,128.473658
1.14,4,128.484242
1.14,4,128.495528
1.18,6,128.513286
1.29,6,128.532775
1.14,4,128.546792
1.14,4,128.559833
1.14,4,128.573135
1.14,4,128.594543
1.14,4,128.613291
1.14,4,128.637036
1.33,8,128.677009
1.14,4,128.689536
1.14,4,128.701666
1.14,4,128.714507
1.14,4,128.733872
1.14,4,128.747577
1.14,4,128.757954
1.18,6,128.776672
1.14,4,128.788859
-0.67,8,128.818223
1.24,6,128.834124
1.14,4,128.84554
1.36,7,128.869866
-0.91,4,128.884005
1.14,4,128.897647
1.14,4,129.562704
1.14,4,129.574664
1.14,4,129.587169
1.14,4,129.599411
1.14,4,129.612263
1.18,6,129.633369
1.14,4,129.647845
-0.86,4,129.662569
1.14,4,129.673458
1.14,4,129.686234
1.14,4,129.699203
1.14,4,129.712102
-0.82,6,129.734461
1.34,7,129.75663
1.14,4,129.780864
1.14,4,129.805959
1.14,4,129.822449
-0.66,7,129.849262
1.14,4,129.860411
1.14,4,129.874538
1.14,4,129.889334
1.14,4,129.901958
1.34,7,129.926283
-0.76,6,129.946968
1.14,4,129.957621
1.14,4,129.96971
1.14,4,129.987278
-0.87,5,130.00234
1.14,4,130.013422
1.14,4,130.024195
1.14,4,130.038954
1.14,4,130.052103
-0.98,5,130.06803
1.14,4,130.085699
1.34,7,130.118499
1.14,4,130.131587
1.14,4,130.144035
-0.62,9,130.169321
1.14,4,130.179746
1.19,5,130.195169
1.14,4,130.20647
1.14,4,130.216072
1.14,4,130.226658
1.19,5,130.243414
1.34,7,130.268612
-0.78,8,130.293009
1.14,4,130.303643
1.14,4,130.319831
1.14,4,130.334129
1.14,4,130.344005
-0.94,7,130.365948
1.18,6,130.391753
1.13,5,130.412245
-0.82,6,130.433714
1.14,4,130.44597
1.14,4,130.457303
1.14,4,130.4728
1.14,4,130.484301
1.34,7,130.505407
1.14,4,130.516607
1.14,4,130.529611
1.14,4,130.541099
1.14,4,130.556328
1.14,4,130.568097
1.14,4,130.58684
1.14,4,130.606976
1.14,4,130.626383
1.14,4,130.638858
-0.73,9,130.665059
-0.86,4,130.678115
-0.89,8,130.703708
-0.97,4,130.720907
1.14,4,130.732824
-0.92,5,130.750203
1.14,4,130.76292
1.14,4,130.77437
1.14,4,130.787038
1.29,6,130.815028
1.14,4,130.826564
1.14,4,130.838172
1.14,4,130.852153
-0.87,5,130.870473
1.34,7,130.893511
1.14,4,130.90894
1.34,7,130.967473
1.14,4,130.984015
1.14,4,130.995762
1.14,4,131.00723
1.14,4,131.019277
1.14,4,131.031419
1.13,5,131.047925
1.14,4,131.05912
-0.77,7,131.082417
1.14,4,131.093489
1.14,4,131.108202
1.14,4,131.119954
1.14,4,131.134975
1.14,4,131.149817
-0.77,7,131.175864
1.28,7,131.200449
1.14,4,131.218427
-0.86,5,131.243284
1.13,5,131.263966
1.19,5,131.281418
1.14,4,131.295851
1.14,4,131.308429
1.14,4,131.319799
1.14,4,131.33066
1.19,5,131.344548
1.14,4,131.355783
1.34,7,131.379588
1.14,4,131.390881
1.29,6,131.409828
1.13,5,131.4251
1.34,7,131.445783
1.14,4,131.457874
1.14,4,131.471182
1.14,4,131.491619
-0.76,6,131.530254
1.14,4,131.553789
1.14,4,131.572488
1.14,4,131.58844
1.14,4,131.599925
1.14,4,131.611801
1.14,4,131.623708
-0.86,4,131.635257
1.14,4,131.646803
1.14,4,131.660899
1.14,4,131.671961
1.14,4,131.685011
1.14,4,131.69734
1.14,4,131.709947
1.33,8,131.732593
1.14,4,131.746979
1.14,4,131.762626
1.14,4,131.775567
1.39,8,131.803487
1.14,4,131.815014
1.14,4,131.827497
1.14,4,131.839059
1.14,4,131.851321
-0.81,5,131.867839
-0.72,7,131.892057
-0.86,5,131.905873
1.29,6,131.926736
1.14,4,131.941742
-0.76,6,131.967377
1.14,4,131.995566
1.19,5,132.028337
1.14,4,132.042269
1.14,4,132.055242
1.14,4,132.072739
1.14,4,132.086814
1.29,6,132.117722
1.14,4,132.147774
1.14,4,132.179673
1.14,4,132.202898
1.14,4,132.226623
1.13,5,132.244947
1.19,5,132.259136
1.14,4,132.270771
-0.87,6,132.2963
1.38,7,132.331892
1.19,5,132.352988
1.19,5,132.379603
1.14,4,132.393269
1.29,6,132.416557
1.14,4,132.428976
1.14,4,132.441714
1.44,8,132.463954
1.19,5,132.478999
1.14,4,132.491049
1.14,4,132.508738
1.14,4,132.520419
1.14,4,132.537984
1.14,4,132.558004
1.14,4,132.565972
1.14,4,132.577469
-0.62,9,132.604627
1.14,4,132.614013
1.14,4,132.624794
1.29,6,132.642158
1.14,4,132.650438
1.31,7,132.666622
1.18,6,132.681202
1.39,8,132.702995
1.34,7,132.723604
1.14,4,132.734633
-0.81,5,132.748887
1.14,4,132.760115
1.28,7,132.7813
1.14,4,132.791554
-0.91,4,132.803289
1.14,4,132.814576
1.14,4,132.825445
1.14,4,132.835436
1.14,4,132.846779
1.14,4,132.857515
1.14,4,132.868261
1.19,5,132.88366
-0.86,4,132.896053
1.14,4,132.905533
1.18,6,132.924689
1.19,5,132.939797
1.14,4,132.948894
-0.8,10,132.977495
-0.76,6,132.996538
1.14,4,133.008035
1.14,4,133.016812
1.14,4,133.02667
1.14,4,133.036845
-0.81,5,133.052271
1.14,4,133.064591
1.19,5,133.080631
1.14,4,133.09126
1.14,4,133.099676
1.36,7,133.120814
1.14,4,133.130461
1.19,5,133.145541
1.14,4,133.157422
1.14,4,133.168752
-0.91,4,133.181943
-0.87,5,133.197999
1.14,4,133.208959
1.14,4,133.217152
1.14,4,133.228128
1.14,4,133.240319
1.14,4,133.251208
1.34,7,133.274372
1.14,4,133.285387
1.14,4,133.296952
1.34,7,133.315031
1.14,4,133.326421
1.14,4,133.335238
-0.86,4,133.347845
1.14,4,133.359606
1.14,4,133.371052
-1.0,7,133.391744
-0.99,6,133.408064
-0.71,6,133.427331
-0.91,4,133.44135
1.44,8,133.462507
1.14,4,133.474121
1.14,4,133.482209
-0.86,4,133.49281
1.19,5,133.504686
1.14,4,133.517423
1.14,4,133.530084
1.14,4,133.542703
1.18,6,133.560667
1.14,4,133.572347
1.14,4,133.581562
1.14,4,133.593333
1.41,9,133.619506
1.14,4,133.629469
-0.68,9,133.654217
1.14,4,133.666061
1.14,4,133.677283
1.24,5,133.69118
1.19,5,133.706749
1.14,4,133.716499
1.14,4,133.72725
1.14,4,133.737929
1.14,4,133.749297
1.14,4,133.760111
1.14,4,133.771792
-0.86,4,133.785063
1.14,4,133.795542
1.14,4,133.806426
1.34,7,133.827465
1.14,4,133.837155
1.14,4,133.846434
1.14,4,133.857688
1.14,4,133.868848
1.14,4,133.881031
1.19,5,133.89486
1.14,4,133.90842
1.14,4,133.96663
1.39,8,133.991109
-0.86,5,134.006942
1.14,4,134.018549
1.14,4,134.031185
1.14,4,134.041824
1.14,4,134.05265
1.14,4,134.062511
1.14,4,134.074057
-0.91,4,134.083844
1.14,4,134.095113
1.18,6,134.113796
1.14,4,134.125943
1.14,4,134.136916
1.14,4,134.148349
1.14,4,134.159443
1.19,5,134.174091
1.14,4,134.18527
-0.83,7,134.207269
1.19,5,134.219074
1.38,8,134.24083
-0.76,6,134.259923
1.14,4,134.268695
1.14,4,134.278777
1.19,5,134.326856
1.13,5,134.371368
1.14,4,134.387695
1.19,5,134.407781
1.19,5,134.425155
1.14,4,134.437508
1.14,4,134.449743
1.31,7,134.475983
1.14,4,134.488687
1.14,4,134.50261
1.39,9,134.533007
1.14,4,134.546043
1.19,5,134.562432
-0.82,6,134.58344
1.14,4,134.595863
1.14,4,134.608559
-0.66,7,134.630737
1.14,4,134.643239
1.14,4,134.654662
1.14,4,134.666716
1.13,5,134.682316
1.14,4,134.696249
1.19,5,134.713562
-0.76,6,134.732315
1.19,5,134.751186
1.19,5,134.77058
1.19,5,134.786396
-0.91,4,134.796781
1.14,4,134.80728
1.14,4,134.81723
1.14,4,134.827403
1.14,4,134.839467
1.34,7,134.861946
1.19,5,134.877407
1.14,4,134.890946
-0.82,6,134.917512
-0.77,10,134.956018
1.14,4,134.968394
1.14,4,134.982581
1.14,4,134.995955
1.29,6,135.016949
1.33,8,135.042816
1.14,4,135.056674
1.14,4,135.066821
1.27,8,135.094245
-0.81,5,135.110889
1.19,5,135.126579
1.14,4,135.140039
1.29,7,135.159753
-0.88,7,135.183275
-0.81,5,135.198874
1.14,4,135.211626
1.14,4,135.22342
1.14,4,135.233827
1.14,4,135.244132
1.14,4,135.256132
-0.88,6,135.273906
1.19,5,135.28991
-0.81,6,135.310081
1.19,5,135.324086
-0.83,7,135.34445
1.29,6,135.360922
1.14,4,135.373087
1.29,6,135.389846
1.14,4,135.399861
1.14,4,135.411182
1.14,4,135.423425
1.39,8,135.445321
1.14,4,135.456667
-0.76,5,135.472216
1.14,4,135.483002
1.14,4,135.492553
-0.86,5,135.50532
-0.87,6,135.52474
-0.92,5,135.540441
-0.66,8,135.563677
1.14,4,135.575935
-0.94,7,135.595824
-0.71,7,135.615852
1.14,4,135.627385
1.14,4,135.640133
1.14,4,135.651811
-0.78,8,135.67641
1.14,4,135.687646
1.14,4,135.698885
-0.82,6,135.715733
1.14,4,135.727502
1.13,5,135.741649
1.14,4,135.752942
1.14,4,135.762447
1.14,4,135.774144
1.24,6,135.791818
1.14,4,135.801904
1.14,4,135.812041
-0.76,6,135.828151
1.14,4,135.839456
-0.82,6,135.856713
-0.86,4,135.867371
1.28,7,135.885082
1.14,4,135.897277
1.14,4,135.909974
-0.97,4,135.923004
1.19,5,135.9379
1.14,4,135.950219
1.14,4,135.96285
-0.66,7,135.989116
1.14,4,135.998524
1.14,4,136.010244
1.19,5,136.023839
1.14,4,136.035032
1.14,4,136.046881
1.14,4,136.059149
1.14,4,136.072386
1.19,5,136.087525
1.14,4,136.099084
1.14,4,136.110508
1.14,4,136.122615
1.14,4,136.132298
1.19,5,136.146496
1.14,4,136.157171
-0.76,6,136.172662
1.19,5,136.187879
1.14,4,136.196956
1.19,5,136.212078
1.14,4,136.223398
1.14,4,136.232352
1.29,6,136.250866
1.14,4,136.259918
1.14,4,136.272794
-0.91,4,136.285416
1.14,4,136.295569
1.14,4,136.305547
1.14,4,136.313823
1.14,4,136.325449
1.14,4,136.336419
1.14,4,136.345721
1.14,4,136.355417
1.14,4,136.366816
1.14,4,136.379273
1.14,4,136.392615
-0.86,4,136.402624
1.29,6,136.417324
-0.83,7,136.440201
1.14,4,136.449752
-0.97,4,136.461162
1.14,4,136.472941
1.14,4,136.483842
1.14,4,136.49604
-0.76,5,136.511399
1.14,4,136.52288
1.14,4,136.531729
1.14,4,136.54265
1.14,4,136.554629
1.17,7,136.576329
1.14,4,136.586656
1.14,4,136.598735
1.14,4,136.611246
1.14,4,136.623045
1.14,4,136.634869
1.14,4,136.647558
1.14,4,136.658855
1.14,4,136.670866
1.29,6,136.68894
-0.66,7,136.710706
1.14,4,136.722876
1.14,4,136.734038
-0.81,5,136.750025
1.14,4,136.761617
1.14,4,136.772785
1.19,5,136.786793
1.14,4,136.798536
1.14,4,136.810742
1.29,6,136.826663
1.14,4,136.838457
1.14,4,136.84962
1.14,4,136.861173
1.14,4,136.872775
-0.88,6,136.891072
-0.76,6,136.90829
1.14,4,136.918688
1.14,4,136.930471
1.14,4,136.941659
1.14,4,136.95303
1.19,5,137.007117
-0.81,5,137.029732
1.19,5,137.04378
1.21,5,137.057356
1.14,4,137.068281
1.14,4,137.08015
1.14,4,137.091031
-0.81,5,137.105213
1.14,4,137.11641
1.18,6,137.134381
-0.81,5,137.149964
1.13,5,137.165097
1.14,4,137.175971
1.14,4,137.188003
1.14,4,137.199223
1.14,4,137.209248
1.14,4,137.22029
1.14,4,137.228574
1.14,4,137.238857
1.14,4,137.249463
1.14,4,137.26113
1.14,4,137.271793
1.14,4,137.283058
1.34,7,137.305029
1.14,4,137.316067
1.14,4,137.325499
1.14,4,137.337306
-0.86,5,137.351928
1.19,5,137.363841
1.14,4,137.374452
1.14,4,137.385942
1.14,4,137.395061
1.14,4,137.406413
1.14,4,137.418031
1.14,4,137.430187
1.14,4,137.440554
1.29,6,137.458425
-0.86,4,137.469185
1.14,4,137.47954
1.29,6,137.494181
-0.87,6,137.51349
-0.81,5,137.53041
1.14,4,137.541849
1.14,4,137.55439
1.14,4,137.565935
1.14,4,137.580616
1.14,4,137.592963
1.34,7,137.61519
-0.77,7,137.639294
1.14,4,137.65191
1.14,4,137.661575
-0.71,7,137.683291
1.14,4,137.69509
1.14,4,137.707177
1.29,6,137.726418
1.18,6,137.745434
1.29,6,137.763926
-0.86,4,137.775599
1.14,4,137.786445
1.14,4,137.797222
1.14,4,137.807886
1.14,4,137.818823
1.14,4,137.829939
1.14,4,137.840257
-0.76,6,137.857893
1.14,4,137.868769
1.24,6,137.881715
1.19,5,137.896071
1.19,5,137.908962
1.14,4,137.920361
1.14,4,137.931579
1.14,4,137.941573
1.14,4,137.95342
1.14,4,137.964645
1.19,5,137.979652
1.14,4,137.990499
-0.6,9,138.014591
1.14,4,138.025562
-0.91,4,138.037197
-0.71,7,138.057394
1.14,4,138.068922
1.14,4,138.080847
1.19,5,138.093344
1.19,5,138.106541
1.14,4,138.118865
1.14,4,138.127452
1.14,4,138.1393
1.14,4,138.148301
1.14,4,138.157726
1.14,4,138.169339
1.14,4,138.181586
1.14,4,138.193743
1.19,5,138.208298
1.14,4,138.219877
1.19,5,138.235061
1.14,4,138.244709
-0.88,9,138.266256
-0.77,7,138.285231
-0.76,6,138.301385
1.14,4,138.311275
1.14,4,138.32095
1.14,4,138.331986
-0.76,6,138.348394
1.19,5,138.360759
1.14,4,138.372598
1.14,4,138.382942
1.14,4,138.39256
1.14,4,138.403964
1.29,6,138.422453
1.14,4,138.433512
1.19,5,138.445616
1.34,7,138.462476
-0.81,5,138.478117
1.14,4,138.489983
1.14,4,138.502378
-0.93,6,138.520448
1.14,4,138.530945
1.14,4,138.540839
1.19,5,138.552697
1.14,4,138.563577
-0.72,7,138.625692
1.14,4,138.665422
1.14,4,138.676618
1.14,4,138.690193
-0.77,7,138.709224
1.14,4,138.720392
1.14,4,138.730906
1.14,4,138.742836
1.14,4,138.754046
1.24,6,138.771129
1.14,4,138.78213
1.34,7,138.803539
1.33,8,138.825958
1.14,4,138.836274
1.14,4,138.846541
-0.71,6,138.86497
1.14,4,138.876863
1.14,4,138.887207
1.14,4,138.897599
1.14,4,138.907574
1.14,4,138.919657
1.14,4,138.929985
-0.61,8,138.95399
-0.81,5,138.96966
1.18,6,138.986871
1.14,4,138.998498
1.14,4,139.010019
1.14,4,139.020669
1.14,4,139.03051
-0.76,6,139.045727
1.33,8,139.070358
-0.86,5,139.084674
-0.86,5,139.099339
1.14,4,139.110911
1.14,4,139.123115
1.14,4,139.132662
1.14,4,139.141779
1.14,4,139.152914
1.14,4,139.163933
1.19,5,139.178989
1.24,6,139.194
1.14,4,139.205191
1.14,4,139.217104
-0.61,8,139.244193
1.19,5,139.259321
1.14,4,139.2713
-0.86,5,139.285564
1.14,4,139.295155
1.14,4,139.30464
1.21,5,139.320072
1.14,4,139.329036
-0.76,6,139.344527
1.14,4,139.35622
1.24,6,139.37358
1.14,4,139.385395
1.14,4,139.396016
1.19,5,139.407933
1.19,5,139.422128
1.19,5,139.4362
1.14,4,139.447147
-0.91,4,139.458227
1.14,4,139.467811
1.14,4,139.478597
1.19,5,139.493506
1.29,6,139.509674
1.34,7,139.530705
1.14,4,139.542192
1.14,4,139.55309
1.29,6,139.569087
1.14,4,139.578284
1.14,4,139.588901
1.14,4,139.599839
1.14,4,139.611762
1.14,4,139.623742
-0.78,8,139.647459
-0.81,5,139.66065
1.14,4,139.672123
-0.77,7,139.694111
-0.86,4,139.705293
1.14,4,139.715796
1.14,4,139.727537
1.14,4,139.740055
-0.77,7,139.759262
1.14,4,139.769723
1.14,4,139.780198
1.34,7,139.801837
1.14,4,139.811088
-0.91,4,139.822263
-0.78,8,139.846661
1.19,5,139.858582
1.29,6,139.873873
1.14,4,139.884402
1.14,4,139.894356
1.14,4,139.905693
1.14,4,139.917257
1.14,4,139.928835
-0.87,6,139.948606
-0.71,6,139.963735
1.14,4,139.975101
1.39,8,139.995933
1.14,4,140.008204
-0.77,7,140.027315
1.27,9,140.100223
1.14,4,140.121893
1.14,4,140.134893
1.14,4,140.145952
1.14,4,140.158034
1.14,4,140.169368
1.14,4,140.180182
1.14,4,140.191871
1.14,4,140.202466
1.14,4,140.213182
-0.76,6,140.232829
1.14,4,140.242425
1.23,7,140.264039
1.19,5,140.276025
1.19,5,140.291867
1.14,4,140.304404
1.14,4,140.315099
1.14,4,140.326239
1.29,6,140.343853
-0.81,5,140.357938
1.14,4,140.369675
1.14,4,140.38257
1.14,4,140.39516
-0.91,4,140.412001
1.14,4,140.427287
1.29,6,140.443306
1.14,4,140.455026
1.18,6,140.470851
1.14,4,140.482346
1.24,5,140.497112
1.14,4,140.508889
1.14,4,140.519458
1.14,4,140.530043
1.14,4,140.541391
1.14,4,140.552353
1.14,4,140.56332
1.14,4,140.575201
-0.72,7,140.599504
1.14,4,140.611618
1.14,4,140.624642
-0.91,4,140.636159
1.14,4,140.647526
1.18,6,140.666263
-0.72,8,140.692621
1.14,4,140.70468
1.31,6,140.720696
1.14,4,140.7295
-0.77,7,140.749085
1.14,4,140.760704
1.14,4,140.77284
1.14,4,140.784892
1.14,4,140.795928
1.14,4,140.807706
1.23,7,140.828184
1.14,4,140.840679
1.18,6,140.8564
1.14,4,140.867988
-0.86,5,140.883169
-0.92,5,140.899435
1.14,4,140.908679
1.14,4,140.919275
1.14,4,140.928951
1.14,4,140.940381
1.14,4,140.951875
1.14,4,140.962184
1.13,5,140.977386
1.14,4,140.988206
1.14,4,140.998559
1.14,4,141.010239
1.14,4,141.019864
1.14,4,141.027926
1.28,8,141.053993
1.29,6,141.068468
1.14,4,141.079632
1.19,5,141.092191
1.14,4,141.102782
1.34,7,141.122251
1.14,4,141.133049
1.14,4,141.143925
1.14,4,141.154214
1.19,5,141.167676
-0.81,5,141.183024
1.14,4,141.194726
1.14,4,141.20706
1.19,5,141.220628
-0.81,5,141.23562
1.14,4,141.246336
1.14,4,141.25853
1.19,5,141.272018
-0.79,5,141.288639
1.14,4,141.300762
-0.76,6,141.315775
1.14,4,141.326861
-0.72,8,141.347437
1.34,7,141.371058
-0.75,7,141.39731
1.14,4,141.410473
-0.73,8,141.433659
1.14,4,141.444321
1.19,5,141.457424
1.14,4,141.467399
1.14,4,141.478143
1.19,5,141.494403
1.14,4,141.506645
1.14,4,141.517348
1.14,4,141.526109
1.34,7,141.546679
1.14,4,141.557797
1.34,7,141.580432
1.14,4,141.593732
1.14,4,141.606494
1.14,4,141.620794
1.14,4,141.634814
1.14,4,141.649399
1.14,4,141.66175
1.14,4,141.676878
1.14,4,141.690851
1.14,4,141.70337
1.34,7,141.725537
1.19,5,141.740613
-0.82,6,141.76007
1.14,4,141.772778
1.19,5,141.788122
1.14,4,141.800309
-0.76,6,141.819975
1.14,4,141.831534
1.14,4,141.841345
1.21,5,141.854959
1.13,5,141.869684
1.14,4,141.879882
1.14,4,141.888993
-0.81,5,141.903248
-0.86,5,141.918687
1.14,4,141.928836
1.14,4,141.938349
1.14,4,141.948619
1.14,4,141.960659
1.13,5,141.981825
1.14,4,141.993675
1.18,6,142.012785
-0.81,5,142.032976
1.14,4,142.049093
1.14,4,142.068747
-0.83,7,142.102262
1.19,5,142.123653
1.14,4,142.139957
1.12,6,142.160919
-0.66,7,142.18857
-0.81,6,142.211927
-0.87,6,142.238479
1.14,4,142.254577
1.19,5,142.269611
-0.76,6,142.29377
1.34,7,142.319355
1.29,6,142.33956
-0.86,5,142.358777
1.19,5,142.944044
1.14,4,142.955934
1.14,4,142.968488
1.19,5,142.983633
1.14,4,142.995188
1.19,5,143.009836
1.14,4,143.021303
1.14,4,143.03135
1.14,4,143.040998
1.14,4,143.055983
1.14,4,143.069398
1.14,4,143.082235
1.14,4,143.090556
1.14,4,143.10283
1.14,4,143.114245
1.14,4,143.126108
1.14,4,143.138267
-0.92,5,143.154699
1.14,4,143.166211
1.14,4,143.176956
1.14,4,143.186885
1.14,4,143.198895
1.14,4,143.207655
1.14,4,143.217145
-0.93,6,143.23609
-0.72,7,143.259107
1.14,4,143.271367
1.44,8,143.297447
1.14,4,143.306652
-0.86,4,143.317521
1.14,4,143.327433
1.14,4,143.337057
-0.86,5,143.350978
1.14,4,143.363508
1.13,5,143.376236
1.14,4,143.3881
1.14,4,143.399157
1.14,4,143.410712
1.14,4,143.422644
1.13,5,143.437395
1.24,6,143.454963
1.14,4,143.467189
1.14,4,143.480452
1.14,4,143.491556
1.14,4,143.504732
-0.81,6,143.523323
1.14,4,143.53603
1.14,4,143.546406
1.19,5,143.559569
1.24,6,143.573859
-0.71,7,143.59275
1.14,4,143.603011
1.14,4,143.614314
-0.71,6,143.639416
1.19,5,143.696749
-0.86,4,143.709932
1.14,4,143.722117
1.14,4,143.732758
1.14,4,143.743341
1.34,7,143.759187
1.19,5,143.774186
1.34,7,143.792394
1.14,4,143.802737
-0.66,7,143.824215
1.19,5,143.837184
1.34,7,143.853259
-0.76,6,143.87221
1.14,4,143.883924
1.14,4,143.895788
1.14,4,143.908197
1.14,4,143.91849
1.14,4,143.929383
-0.83,7,143.946519
1.35,8,143.968197
1.19,5,143.98341
1.14,4,143.995781
1.14,4,144.006039
-0.57,9,144.036242
1.19,5,144.050681
-0.81,5,144.066838
1.14,4,144.078727
1.14,4,144.09028
1.14,4,144.102325
1.19,5,144.117276
1.14,4,144.127245
1.13,5,144.140794
1.14,4,144.151857
1.19,5,144.165321
1.14,4,144.17686
-0.86,5,144.192319
1.28,7,144.216345
1.14,4,144.22828
1.14,4,144.238093
1.14,4,144.248996
1.19,5,144.26326
1.14,4,144.273602
1.24,6,144.291783
1.24,6,144.311826
1.14,4,144.321882
1.13,5,144.336013
1.14,4,144.348284
1.14,4,144.356948
1.19,5,144.37212
1.34,7,144.394368
1.14,4,144.406279
-0.76,6,144.424501
-0.91,4,144.436488
1.19,5,144.451578
1.14,4,144.460827
1.14,4,144.470403
1.46,8,144.492355
1.19,5,144.508453
1.34,7,144.530636
1.14,4,144.542835
-0.88,7,144.564083
1.14,4,144.573471
1.14,4,144.58441
1.14,4,144.594233
-0.81,5,144.61033
-0.81,6,144.627823
1.14,4,144.639599
1.14,4,144.651269
-0.76,6,144.669433
-0.76,6,144.687487
-0.81,5,144.703495
1.14,4,144.715
1.18,6,144.732651
1.14,4,144.741611
1.19,5,144.75634
1.14,4,144.76738
1.14,4,144.77838
1.34,7,144.800707
1.13,5,144.815192
1.29,6,144.832444
-0.88,7,144.85328
-0.72,7,144.872913
1.14,4,144.884288
1.14,4,144.897038
1.24,5,144.91171
1.54,9,144.93716
1.14,4,144.947928
-0.92,5,144.963447
1.14,4,144.973092
1.14,4,144.983429
1.14,4,144.991743
-0.67,8,145.014753
1.14,4,145.026218
1.14,4,145.035445
1.14,4,145.044914
-0.81,5,145.060592
1.14,4,145.072596
1.14,4,145.084713
-0.86,4,145.096586
1.14,4,145.106031
-0.76,6,145.124813
1.14,4,145.137436
1.14,4,145.149233
-0.76,6,145.166107
1.14,4,145.176138
-0.82,6,145.194707
1.14,4,145.203947
1.14,4,145.214846
1.14,4,145.225014
1.14,4,145.235206
1.14,4,145.24741
1.14,4,145.258615
1.14,4,145.268687
1.14,4,145.280479
1.14,4,145.292463
1.14,4,145.302177
1.14,4,145.314128
1.14,4,145.324906
1.14,4,145.335348
1.29,6,145.353294
-0.88,7,145.370458
1.24,6,145.385703
1.14,4,145.396395
1.29,6,145.414002
1.14,4,145.42575
-0.81,5,145.442882
1.14,4,145.454619
-0.76,6,145.471688
-0.69,10,145.49872
1.14,4,145.509564
1.24,6,145.527268
1.14,4,145.538656
-0.76,6,145.555827
1.14,4,145.568053
1.14,4,145.580912
1.19,5,145.592985
1.18,6,145.610959
1.19,5,145.621291
1.14,4,145.631261
1.14,4,145.640403
1.14,4,145.651244
1.14,4,145.662577
1.14,4,145.670386
1.14,4,145.680603
1.14,4,145.691561
1.14,4,145.701924
-0.66,8,145.727474
1.14,4,145.73768
1.14,4,145.749441
1.14,4,145.761529
1.14,4,145.774175
1.14,4,145.787003
1.39,8,145.810567
1.19,5,145.820798
1.14,4,145.832214
1.14,4,145.843914
1.24,6,145.863081
1.14,4,145.874085
-0.91,4,145.887503
1.31,6,145.904476
1.14,4,145.915797
-0.86,4,145.925994
1.28,7,145.942255
1.29,6,145.959461
1.14,4,145.970528
1.34,7,145.991218
1.14,4,146.000983
1.14,4,146.012186
1.37,9,146.037668
1.14,4,146.048571
-0.81,5,146.064222
1.14,4,146.07585
1.14,4,146.087388
1.14,4,146.099911
1.14,4,146.112945
-0.76,6,146.133454
1.14,4,146.143405
1.14,4,146.152948
1.38,8,146.177598
1.14,4,146.187936
1.14,4,146.199917
1.14,4,146.210968
1.14,4,146.221732
1.14,4,146.232184
1.18,6,146.249182
1.14,4,146.258191
-0.67,8,146.284013
1.14,4,146.296876
1.14,4,146.304984
1.14,4,146.315143
1.14,4,146.325984
1.14,4,146.338196
1.19,5,146.353964
1.23,7,146.37514
1.14,4,146.387429
1.14,4,146.400376
1.14,4,146.460645
1.14,4,146.480451
1.14,4,146.492836
1.14,4,146.506415
1.29,7,146.527776
1.14,4,146.53724
1.14,4,146.549439
1.14,4,146.560619
1.14,4,146.569948
1.18,6,146.587043
1.14,4,146.599428
1.14,4,146.608698
1.14,4,146.619863
1.14,4,146.631222
1.14,4,146.642387
1.18,6,146.662778
-0.94,7,146.683922
1.14,4,146.695315
1.14,4,146.705972
1.19,5,146.719064
1.14,4,146.731728
1.14,4,146.743144
1.14,4,146.754936
-0.91,4,146.767569
1.14,4,146.778827
1.14,4,146.789696
1.14,4,146.801588
-0.92,5,146.816005
1.14,4,146.827088
-0.76,6,146.843559
1.14,4,146.856462
1.14,4,146.869141
1.14,4,146.881524
1.14,4,146.893395
1.13,5,146.908043
1.14,4,146.920085
1.19,5,146.93553
1.14,4,146.947999
1.19,5,146.963107
-0.81,5,146.979419
1.34,7,146.998267
1.14,4,147.009449
1.39,8,147.034833
1.34,7,147.052032
1.24,6,147.069202
1.14,4,147.080375
1.29,6,147.09904
1.14,4,147.108939
1.14,4,147.121118
1.14,4,147.132104
1.14,4,147.144735
1.14,4,147.156065
1.14,4,147.167665
1.14,4,147.17917
1.36,7,147.202905
1.14,4,147.215371
1.14,4,147.225762
1.22,8,147.247774
1.14,4,147.25921
1.14,4,147.271308
1.14,4,147.284347
1.19,5,147.299776
1.33,8,147.320449
1.14,4,147.332361
1.19,5,147.348817
1.14,4,147.361029
1.14,4,147.373993
1.23,7,147.399385
1.19,5,147.415402
1.14,4,147.42635
-0.71,6,147.446777
1.14,4,147.459652
1.41,8,147.486618
-0.68,9,147.515213
1.14,4,147.527749
1.14,4,147.536934
1.19,5,147.554744
1.14,4,147.569108
1.14,4,147.582285
1.14,4,147.594492
1.14,4,147.604021
1.14,4,147.617776
-0.86,4,147.630689
1.14,4,147.642493
1.14,4,147.654053
-0.76,6,147.672212
1.14,4,147.682276
1.14,4,147.693379
1.14,4,147.704521
1.19,5,147.71803
1.14,4,147.729943
1.23,7,147.747811
1.14,4,147.758814
1.14,4,147.769047
1.14,4,147.779009
-0.87,5,147.792303
1.14,4,147.802304
-0.82,6,147.820641
1.14,4,147.832361
1.14,4,147.844028
1.14,4,147.854873
1.14,4,147.864863
1.14,4,147.876017
1.24,6,147.895127
1.14,4,147.90582
1.14,4,147.918359
1.14,4,147.930512
1.14,4,147.94038
1.14,4,147.952117
1.13,5,147.964825
1.14,4,147.97533
1.14,4,147.986575
1.14,4,147.997291
-0.92,5,148.012279
1.19,5,148.027311
1.14,4,148.038605
-0.98,5,148.052237
1.14,4,148.063933
-0.81,5,148.08042
1.19,5,148.09422
1.19,5,148.108131
1.19,5,148.122052
1.14,4,148.134737
1.14,4,148.146707
1.14,4,148.156951
-0.87,6,148.176287
1.14,4,148.18835
1.14,4,148.2011
1.19,5,148.218934
1.14,4,148.231832
-0.86,4,148.244958
-0.78,8,148.269998
1.14,4,148.282709
1.14,4,148.295631
1.14,4,148.306324
-0.86,5,148.322491
1.14,4,148.335293
1.14,4,148.347694
-0.74,6,148.368645
1.14,4,148.381006
-0.91,4,148.394274
1.14,4,148.40461
1.14,4,148.419205
1.14,4,148.431061
1.14,4,148.443602
-0.74,6,148.466704
1.14,4,148.47962
1.14,4,148.492108
1.34,7,148.515365
1.35,8,148.544558
1.14,4,148.554833
1.14,4,148.567053
-0.79,5,148.585017
1.19,5,148.601181
1.14,4,148.613964
1.13,5,148.630327
1.14,4,148.643523
1.29,6,148.663472
1.19,5,148.680093
1.14,4,148.69237
1.19,5,148.703953
1.14,4,148.71707
1.14,4,148.72983
1.15,6,148.748285
1.14,4,148.758924
1.14,4,148.770174
1.14,4,148.783038
-0.82,6,148.800816
1.14,4,148.814225
-0.86,5,148.906386
1.34,7,148.941332
-0.86,5,148.954615
1.14,4,148.967493
1.14,4,148.980231
1.14,4,148.993404
1.14,4,149.00486
1.14,4,149.018672
1.14,4,149.032426
-0.81,5,149.055068
1.14,4,149.079639
-0.92,5,149.100739
-0.76,5,149.121388
1.14,4,149.135049
-0.81,5,149.152877
1.14,4,149.165679
1.14,4,149.180115
1.19,5,149.195959
1.29,6,149.216012
1.13,5,149.233367
1.19,5,149.250472
1.14,4,149.263152
1.14,4,149.273639
1.14,4,149.285347
1.14,4,149.297829
1.28,7,149.319579
1.14,4,149.331731
1.14,4,149.343547
-0.81,5,149.356915
1.14,4,149.369066
1.14,4,149.379885
1.14,4,149.391652
-0.77,7,149.411131
-0.77,7,149.432886
1.14,4,149.448126
1.14,4,149.464576
1.19,5,149.485318
-0.86,4,149.499962
1.18,6,149.52369
1.14,4,149.541285
1.14,4,149.558874
1.19,5,149.629406
-0.87,6,149.672711
-0.86,4,149.69313
1.14,4,149.710188
1.14,4,149.727216
1.14,4,149.743158
1.14,4,149.758278
1.14,4,149.771263
1.14,4,149.782097
1.14,4,149.794718
-0.77,7,149.819735
1.14,4,149.830706
-0.76,6,149.849778
-0.91,4,149.861776
1.14,4,149.872841
1.14,4,149.884593
1.14,4,149.895271
1.34,7,149.915602
1.14,4,149.926565
1.14,4,149.938356
1.14,4,149.95054
-0.91,4,149.963409
1.14,4,149.97579
1.34,7,149.997663
1.18,6,150.013428
1.14,4,150.023615
1.24,6,150.03739
1.14,4,150.04759
-0.84,5,150.063831
1.19,5,150.079189
1.14,4,150.092093
1.14,4,150.104588
1.14,4,150.11446
1.19,5,150.12665
1.14,4,150.136582
1.14,4,150.149341
1.14,4,150.160742
1.14,4,150.173126
1.14,4,150.185876
1.14,4,150.196559
1.19,5,150.20997
1.14,4,150.218283
1.14,4,150.230006
1.23,7,150.251798
1.14,4,150.264089
1.14,4,150.277097
1.14,4,150.287886
1.34,7,150.309566
1.14,4,150.320941
1.14,4,150.330301
-0.76,6,150.347212
1.14,4,150.358271
1.14,4,150.369754
-0.72,8,150.395145
-0.67,8,150.41933
-0.77,7,150.443029
1.14,4,150.452637
-0.66,7,150.476079
1.14,4,150.486415
1.24,6,150.503311
1.29,6,150.520096
1.14,4,150.532268
1.18,6,150.552908
-0.73,9,150.580769
1.29,6,150.596901
1.14,4,150.608614
1.14,4,150.617389
1.14,4,150.628536
1.14,4,150.640842
1.14,4,150.648839
1.28,7,150.66704
1.14,4,150.680214
1.14,4,150.692748
1.14,4,150.703526
-0.74,9,150.732469
1.28,7,150.754555
1.14,4,150.766155
1.14,4,150.780271
1.14,4,150.793859
1.14,4,150.805502
1.14,4,150.815378
-0.76,6,150.834898
1.19,5,150.850515
-0.66,7,150.869188
1.13,5,150.881763
1.14,4,150.893491
1.14,4,150.904738
1.14,4,150.917159
1.14,4,150.929363
1.14,4,150.941751
1.14,4,150.951257
1.14,4,150.962135
1.14,4,150.974634
1.14,4,150.985984
1.14,4,150.998206
1.14,4,151.009896
1.14,4,151.020859
1.14,4,151.031236
-0.67,9,151.057585
1.14,4,151.068592
1.14,4,151.081303
1.14,4,151.093648
-0.82,6,151.111536
-0.86,5,151.127275
1.14,4,151.139462
1.14,4,151.149575
1.14,4,151.160295
1.24,6,151.177163
1.19,5,151.191803
-0.91,4,151.202153
1.14,4,151.212855
1.14,4,151.224424
1.14,4,151.236358
1.19,5,151.248805
-0.74,7,151.272577
1.14,4,151.282982
1.14,4,151.294528
1.14,4,151.305769
1.14,4,151.317396
1.14,4,151.329877
1.18,6,151.346532
1.14,4,151.357273
1.14,4,151.367805
-0.78,8,151.386521
1.14,4,151.395959
1.14,4,151.407593
1.13,5,151.42124
1.14,4,151.432589
-0.77,7,151.455112
1.14,4,151.467416
1.19,5,151.482251
1.14,4,151.493914
1.14,4,151.505741
1.14,4,151.515275
1.14,4,151.526859
1.14,4,151.538361
1.29,6,151.557774
1.58,9,151.581375
1.14,4,151.592562
1.14,4,151.603701
1.14,4,151.616517
1.29,6,151.6355
1.14,4,151.647672
-0.81,5,151.664516
1.14,4,151.675618
1.34,7,151.695496
1.19,5,151.711073
1.14,4,151.724334
1.23,7,151.747265
1.14,4,151.759533
-0.81,5,151.774337
-0.86,4,151.785521
1.14,4,151.796085
1.14,4,151.807153
-0.91,4,151.819465
-0.83,7,151.835516
1.19,5,151.85112
1.14,4,151.864259
1.14,4,151.877111
1.19,5,151.893151
1.18,6,151.911706
1.14,4,151.92487
-0.91,4,151.936376
1.14,4,151.948321
1.13,5,151.963807
1.14,4,151.974435
1.14,4,151.98525
1.14,4,151.996589
1.14,4,152.008631
-0.68,9,152.033328
1.23,7,152.056418
1.14,4,152.065979
1.19,5,152.079086
1.14,4,152.091478
1.14,4,152.103507
1.14,4,152.115343
1.14,4,152.12641
1.14,4,152.137594
1.29,6,152.156979
1.2,6,152.17636
1.14,4,152.18847
1.14,4,152.197619
1.14,4,152.209569
1.14,4,152.220203
1.14,4,152.229199
1.14,4,152.240428
1.14,4,152.249785
1.14,4,152.259745
1.14,4,152.27072
-0.68,9,152.299092
-0.91,4,152.311277
1.14,4,152.321353
-0.93,6,152.337141
1.14,4,152.349792
1.14,4,152.36208
1.14,4,152.37394
1.34,7,152.39264
1.14,4,152.403734
-0.82,6,152.42455
1.14,4,152.435806
1.14,4,152.447554
1.14,4,152.459063
1.14,4,152.470252
1.14,4,152.482274
1.14,4,152.494024
1.14,4,152.503524
1.14,4,152.513693
1.14,4,152.525066
1.14,4,152.535703
1.14,4,152.546956
1.14,4,152.558328
1.29,6,152.574137
-0.79,6,152.59062
1.18,6,152.610595
-0.87,6,152.68515
-0.81,5,152.699281
1.36,7,152.718389
1.14,4,152.730633
1.13,5,152.745957
1.14,4,152.758301
1.14,4,152.767838
1.34,7,152.789979
1.19,5,152.805479
1.14,4,152.814446
1.14,4,152.825328
1.14,4,152.834435
-0.67,8,152.862185
1.18,6,152.880845
1.14,4,152.893511
1.14,4,152.905072
1.39,8,152.925786
1.31,7,152.945563
1.14,4,152.956913
1.14,4,152.968683
1.14,4,152.978642
1.14,4,152.990219
1.24,6,153.005314
-0.76,6,153.024121
-0.79,5,153.037954
1.14,4,153.049964
1.14,4,153.059165
1.14,4,153.069907
1.13,5,153.082652
-0.81,5,153.099521
1.29,6,153.117
1.34,7,153.14
1.39,8,153.165126
1.14,4,153.175522
1.19,5,153.190196
-0.77,7,153.209219
1.14,4,153.221039
1.14,4,153.233242
1.14,4,153.245712
1.14,4,153.258126
1.14,4,153.267895
1.34,7,153.286215
1.14,4,153.29813
-0.86,4,153.311766
1.14,4,153.324694
1.14,4,153.33693
1.29,6,153.357512
1.14,4,153.36879
1.14,4,153.380901
1.14,4,153.39353
1.14,4,153.404555
1.14,4,153.416379
1.14,4,153.428694
1.14,4,153.440907
1.14,4,153.452386
1.13,5,153.466938
1.14,4,153.479159
1.14,4,153.490314
1.29,6,153.506222
-0.76,6,153.526
1.14,4,153.538888
1.14,4,153.556767
1.14,4,153.590016
-0.65,8,153.627061
-0.87,6,153.648437
1.14,4,153.662307
1.14,4,153.67458
1.14,4,153.686038
1.14,4,153.697987
1.19,5,153.714103
1.14,4,153.72652
-0.82,6,153.742621
1.14,4,153.75346
1.41,8,153.776438
1.14,4,153.788595
1.19,5,153.804212
1.14,4,153.816813
1.19,5,153.834107
-0.86,4,153.846109
1.14,4,153.859864
1.28,7,153.882737
1.14,4,153.8966
1.14,4,153.909541
1.14,4,153.921189
1.14,4,153.931928
1.14,4,153.944069
1.19,5,153.958779
1.14,4,153.970539
-0.78,8,153.991588
1.14,4,154.001476
1.14,4,154.012712
1.14,4,154.023802
-0.67,8,154.050354
1.14,4,154.062743
1.14,4,154.076232
1.24,6,154.095119
1.14,4,154.108099
1.14,4,154.120018
1.19,5,154.13504
1.14,4,154.146991
-0.81,5,154.164117
1.19,5,154.179468
1.14,4,154.192453
1.29,6,154.21252
1.14,4,154.226128
1.49,9,154.253805
1.14,4,154.267027
1.14,4,154.281612
1.34,7,154.307283
1.13,5,154.31992
1.19,5,154.338613
-0.86,4,154.35186
1.14,4,154.365498
-0.81,5,154.380486
1.14,4,154.392485
1.14,4,154.402797
1.18,6,154.423683
1.14,4,154.43632
-0.83,7,154.459698
1.48,10,154.491189
-1.03,4,154.505281
1.14,4,154.516857
-0.81,5,154.531663
1.14,4,154.543541
1.14,4,154.555802
1.19,5,154.570067
1.13,5,154.587608
-0.87,5,154.605339
1.14,4,154.616932
-0.82,6,154.638788
1.34,7,154.661858
1.14,4,154.675091
1.14,4,154.687511
-0.77,7,154.711249
1.14,4,154.725624
-0.76,5,154.741641
1.14,4,154.754855
1.19,5,154.770856
-0.81,5,154.787901
1.14,4,154.797684
-0.91,4,154.810126
1.14,4,154.82288
1.33,8,154.846702
1.14,4,154.859385
1.14,4,154.870693
1.14,4,154.881493
-0.86,4,154.895586
-0.93,6,154.917714
1.14,4,154.936502
-0.81,5,154.96955
1.14,4,155.087301
1.14,4,155.117595
1.14,4,155.158434
1.29,6,155.216823
1.14,4,155.252631
1.23,7,155.292999
1.14,4,155.310621
1.14,4,155.326193
1.34,7,155.355207
1.14,4,155.367568
1.14,4,155.380397
1.19,5,155.397136
1.14,4,155.410814
1.19,5,155.428113
1.14,4,155.442322
-0.82,6,155.464646
1.14,4,155.479135
-0.76,6,155.502022
1.19,5,155.520939
-0.86,4,155.535128
-0.91,4,155.55092
1.14,4,155.565188
1.14,4,155.580137
1.14,4,155.593985
1.14,4,155.608056
-0.86,4,155.622966
1.14,4,155.63239
1.14,4,155.646141
1.18,6,155.668488
-0.73,8,155.691737
1.14,4,155.699633
1.14,4,155.713175
1.19,5,155.728595
1.14,4,155.741062
1.14,4,155.754236
1.13,5,155.769806
-0.69,7,156.377846
1.14,4,156.388958
1.14,4,156.40011
1.14,4,156.412829
1.14,4,156.426137
1.14,4,156.438695
1.14,4,156.448032
1.14,4,156.45885
1.14,4,156.471439
1.19,5,156.487237
1.14,4,156.496478
1.14,4,156.509339
1.18,6,156.527869
-0.78,8,156.551413
-0.92,5,156.567539
1.14,4,156.580537
-0.81,5,156.598439
1.19,5,156.613255
-0.71,6,156.634807
1.14,4,156.647802
1.19,5,156.663684
1.13,5,156.680729
1.14,4,156.692931
1.14,4,156.704027
1.34,7,156.72684
-0.76,6,156.747411
1.14,4,156.758866
-0.78,8,156.782603
-0.91,4,156.794214
1.34,7,156.814159
-0.77,7,156.834231
1.14,4,156.843539
1.18,6,156.861952
1.14,4,156.872533
1.14,4,156.88323
1.29,6,156.898839
1.14,4,156.910876
1.14,4,156.92326
1.14,4,156.933186
-0.89,8,156.956559
-0.94,7,156.97855
1.24,6,156.996274
1.14,4,157.007569
1.19,5,157.02255
1.13,5,157.041549
1.14,4,157.057574
1.19,5,157.074635
1.18,6,157.094739
1.14,4,157.109586
1.14,4,157.12217
1.14,4,157.133461
-0.86,4,157.146243
-0.82,7,157.171073
-0.91,4,157.180774
1.14,4,157.19316
1.14,4,157.205096
1.14,4,157.216058
1.19,5,157.227322
1.14,4,157.23862
-0.86,4,157.252168
1.14,4,157.263197
1.14,4,157.276527
1.14,4,157.288625
1.14,4,157.298912
-0.81,5,157.313455
1.14,4,157.324842
1.14,4,157.336441
-0.72,8,157.359724
1.14,4,157.371078
1.14,4,157.379803
1.14,4,157.390855
1.14,4,157.402479
1.14,4,157.413394
1.16,5,157.428411
-0.87,5,157.445339
-0.81,5,157.458813
1.14,4,157.470392
1.14,4,157.479714
1.14,4,157.491887
1.29,6,157.510717
1.14,4,157.522356
-0.86,5,157.537188
1.14,4,157.548491
1.14,4,157.560309
1.14,4,157.571859
-0.62,9,157.597016
1.34,7,157.620039
1.19,5,157.634584
-0.75,8,157.661165
1.34,7,157.684447
1.19,5,157.700947
1.14,4,157.711243
1.29,6,157.729643
1.14,4,157.741691
1.14,4,157.75662
1.14,4,157.773156
1.14,4,157.788095
-0.88,7,157.822507
1.14,4,157.840186
-0.86,4,157.857791
1.19,5,157.878944
1.14,4,157.894814
1.14,4,157.911047
1.14,4,157.926077
1.24,5,157.943572
1.39,8,157.979885
1.14,4,157.99818
1.14,4,158.015885
1.14,4,158.03604
1.24,6,158.066689
1.14,4,158.083317
-0.71,6,158.10778
1.14,4,158.12464
1.14,4,158.142413
1.14,4,158.159284
1.14,4,158.176179
1.14,4,158.192777
1.14,4,158.208663
1.14,4,158.225228
1.14,4,158.241218
1.14,4,158.336912
-1.01,8,158.375376
1.14,4,158.391778
1.14,4,158.408752
1.14,4,158.425079
1.14,4,158.442054
1.14,4,158.457355
1.19,5,158.477571
1.14,4,158.493782
1.19,5,158.516134
1.39,8,158.552181
1.14,4,158.567812
1.14,4,158.58267
1.14,4,158.599816
1.14,4,158.61464
1.14,4,158.627934
-0.71,6,158.651911
1.14,4,158.661361
1.14,4,158.675945
-0.76,6,158.697865
-0.77,7,158.724374
1.19,5,158.739306
1.49,9,158.767543
-0.76,6,158.784567
1.19,5,158.797085
1.14,4,158.808514
-0.76,6,158.8287
1.14,4,158.841165
-0.86,4,158.854344
1.14,4,158.866455
1.14,4,158.878265
1.19,5,158.89457
1.14,4,158.906909
1.19,5,158.921809
1.14,4,158.933402
1.14,4,158.945685
1.14,4,158.95968
-0.85,6,158.97911
1.14,4,158.990764
1.14,4,159.005713
1.14,4,159.018257
-0.62,8,159.04881
1.14,4,159.060962
1.19,5,159.07757
1.24,6,159.098778
1.14,4,159.110325
1.13,5,159.126647
1.14,4,159.139807
1.14,4,159.152811
-0.98,5,159.167843
1.19,5,159.184224
1.14,4,159.195451
1.14,4,159.208297
-0.86,4,159.220634
1.14,4,159.233659
1.14,4,159.243593
1.14,4,159.256626
1.14,4,159.269374
1.14,4,159.27881
1.14,4,159.289882
1.14,4,159.302213
1.19,5,159.317286
1.19,5,159.331796
-0.66,8,159.360684
-0.99,6,159.3798
1.14,4,159.391604
1.14,4,159.405466
1.14,4,159.418538
1.14,4,159.431288
1.14,4,159.441162
1.14,4,159.453636
1.14,4,159.465765
1.14,4,159.477909
1.14,4,159.490497
1.14,4,159.503321
1.14,4,159.51507
1.19,5,159.531631
1.14,4,159.543808
-0.76,6,159.560302
1.14,4,159.571661
1.14,4,159.582321
1.14,4,159.591714
1.14,4,159.603756
1.19,5,159.619393
1.14,4,159.632338
1.13,5,159.647821
1.14,4,159.65938
1.14,4,159.670648
-0.76,6,159.688239
1.14,4,159.699291
-0.83,7,159.721907
1.19,5,159.802371
-0.67,8,159.824965
1.14,4,159.837654
1.14,4,159.84996
1.14,4,159.861908
1.19,5,159.878115
1.19,5,159.894599
1.14,4,159.906916
1.14,4,159.919719
1.14,4,159.932029
1.14,4,159.944423
1.14,4,159.956614
1.14,4,159.969587
1.33,8,159.99428
-0.76,6,160.016153
1.14,4,160.027093
1.14,4,160.039445
1.18,6,160.058929
-0.86,5,160.077063
1.34,8,160.105192
1.14,4,160.117533
1.14,4,160.126168
1.14,4,160.138354
1.19,5,160.153628
1.14,4,160.164797
1.14,4,160.177799
1.14,4,160.19111
-0.76,6,160.210734
1.14,4,160.224002
1.14,4,160.237857
1.14,4,160.250261
1.14,4,160.261995
-0.92,5,160.277305
1.14,4,160.289606
1.14,4,160.301805
1.34,7,160.324164
1.14,4,160.336321
1.14,4,160.347733
1.14,4,160.358387
1.14,4,160.370048
1.19,5,160.386025
1.34,7,160.407765
1.35,9,160.441105
1.14,4,160.452236
1.29,6,160.471537
-0.86,4,160.48354
1.14,4,160.494387
1.14,4,160.508325
1.14,4,160.520396
1.14,4,160.532345
1.14,4,160.542224
1.14,4,160.554341
1.12,6,160.57155
1.14,4,160.585412
1.14,4,160.597294
1.14,4,160.607728
1.14,4,160.618897
1.44,8,160.642544
1.14,4,160.65362
1.24,6,160.671079
1.14,4,160.68328
1.14,4,160.695151
-0.86,4,160.707877
1.14,4,160.722205
-0.81,6,160.744186
1.14,4,160.757035
1.14,4,160.768367
1.14,4,160.780258
1.14,4,160.793771
-0.95,8,160.81923
1.14,4,160.830995
1.14,4,160.842827
1.14,4,160.855908
1.29,6,160.875095
1.14,4,160.888239
1.14,4,160.904083
1.14,4,160.918198
1.14,4,160.932892
1.14,4,160.945289
1.14,4,160.958539
-0.86,4,160.973168
1.33,8,161.001647
-0.81,5,161.017803
1.14,4,161.031347
1.13,5,161.048476
1.14,4,161.060358
1.14,4,161.07213
1.14,4,161.08416
1.14,4,161.096746
1.14,4,161.108481
1.14,4,161.119652
1.14,4,161.130164
1.14,4,161.139839
1.18,6,161.157288
1.19,5,161.171329
1.14,4,161.18267
1.14,4,161.191531
1.28,7,161.213898
1.14,4,161.225886
1.14,4,161.238708
1.18,6,161.256256
1.14,4,161.269515
1.24,6,161.286262
-0.76,6,161.30376
1.34,7,161.325425
1.19,5,161.341513
1.14,4,161.356773
1.13,5,161.374207
1.29,6,161.394704
1.14,4,161.408087
1.19,5,161.421474
1.14,4,161.433333
1.14,4,161.444735
1.14,4,161.457162
1.14,4,161.469504
1.19,5,161.484575
-0.86,5,161.498339
1.14,4,161.509828
1.24,6,161.52585
1.14,4,161.538754
-0.7,7,161.561005
-0.86,4,161.571458
1.14,4,161.583297
1.14,4,161.594812
1.14,4,161.607116
-0.66,9,161.633373
1.14,4,161.645631
1.14,4,161.65621
1.14,4,161.66843
1.14,4,161.680648
1.14,4,161.692929
1.14,4,161.705128
1.14,4,161.718289
1.14,4,161.730362
-0.87,5,161.744778
1.34,7,161.768429
-0.76,6,161.789634
-0.78,8,161.812666
1.29,6,161.825832
1.14,4,161.839368
1.14,4,161.853793
1.19,5,161.87281
1.14,4,161.887878
1.14,4,161.902176
1.14,4,161.915834
-0.81,5,161.934628
1.14,4,161.947083
-0.81,5,161.963584
1.19,5,161.974791
-0.76,6,161.994518
1.14,4,162.00703
-0.81,5,162.024801
1.14,4,162.037587
-0.86,4,162.049463
1.14,4,162.060711
1.14,4,162.070777
1.14,4,162.081875
1.14,4,162.091228
1.28,7,162.11159
1.14,4,162.123476
1.14,4,162.134819
1.14,4,162.145915
1.24,6,162.166478
1.19,5,162.181882
1.14,4,162.19306
1.14,4,162.202435
1.14,4,162.214135
1.14,4,162.225662
1.14,4,162.238192
-0.81,5,162.25434
-0.74,9,162.277192
1.39,8,162.304758
1.14,4,162.318893
1.14,4,162.331418
1.14,4,162.34277
-0.81,5,162.35876
1.14,4,162.370617
-0.81,5,162.387976
1.34,7,162.410408
1.14,4,162.423116
1.19,5,162.438414
1.14,4,162.450952
1.14,4,162.463098
1.14,4,162.475296
1.14,4,162.488695
1.14,4,162.501654
1.14,4,162.515834
1.14,4,162.527524
1.14,4,162.538333
1.34,7,162.561426
1.14,4,162.572479
1.14,4,162.585195
1.14,4,162.599093
1.14,4,162.611075
1.14,4,162.623833
-0.82,6,162.646234
1.14,4,162.659066
1.33,8,162.685493
1.14,4,162.695445
1.14,4,162.709142
1.14,4,162.723714
1.14,4,162.738136
1.18,6,162.755861
1.14,4,162.769399
1.29,6,162.788236
1.29,6,162.809181
1.14,4,162.822304
1.14,4,162.834797
1.14,4,162.900458
1.14,4,162.921913
1.19,5,162.936846
1.18,6,162.953674
1.34,7,162.972869
1.19,5,162.988336
1.14,4,163.001024
1.14,4,163.013237
1.14,4,163.025733
1.19,5,163.039222
1.14,4,163.051992
1.13,5,163.067879
-0.92,5,163.083696
1.14,4,163.09466
1.14,4,163.106509
1.19,5,163.122642
1.14,4,163.135586
1.14,4,163.148513
1.14,4,163.16118
1.14,4,163.173979
1.19,5,163.188384
1.14,4,163.202127
-0.76,6,163.222233
1.34,7,163.241016
1.14,4,163.251009
1.19,5,163.26536
1.13,5,163.28055
1.14,4,163.292464
1.14,4,163.305721
1.14,4,163.318419
-0.81,5,163.335747
1.14,4,163.347562
1.14,4,163.358501
1.14,4,163.372397
-0.76,6,163.39408
1.14,4,163.404452
1.14,4,163.417202
1.14,4,163.426672
1.14,4,163.438992
1.19,5,163.4532
1.19,5,163.467188
1.14,4,163.479358
-0.92,5,163.496039
1.14,4,163.508053
1.14,4,163.521445
1.19,5,163.537698
1.14,4,163.549348
1.14,4,163.560844
1.14,4,163.57288
1.44,8,163.59757
1.14,4,163.609224
1.14,4,163.621021
1.19,5,163.635382
-0.76,6,163.651576
1.14,4,163.66109
1.14,4,163.672332
1.24,5,163.687558
1.14,4,163.699056
1.14,4,163.710381
1.14,4,163.72238
1.19,5,163.737743
-0.86,4,163.751393
1.18,6,163.770504
1.14,4,163.781395
1.14,4,163.791974
1.14,4,163.803775
1.14,4,163.815772
1.14,4,163.827259
1.19,5,163.842392
1.14,4,163.853807
1.14,4,163.865038
1.14,4,163.875613
1.14,4,163.884757
1.14,4,163.896559
1.14,4,163.908113
1.14,4,163.920305
1.34,7,163.943153
-0.86,5,163.960351
-0.81,5,163.973423
1.14,4,163.98616
1.14,4,163.998155
1.19,5,164.01352
1.14,4,164.025311
1.14,4,164.036573
-0.77,7,164.055199
1.19,5,164.071179
1.14,4,164.082433
1.14,4,164.094546
1.14,4,164.104552
1.14,4,164.116542
1.29,6,164.136084
1.41,8,164.16242
-0.81,5,164.179527
1.14,4,164.189092
1.44,8,164.211299
1.19,5,164.225773
1.14,4,164.235656
1.14,4,164.247177
1.14,4,164.257862
1.18,6,164.27457
1.14,4,164.28616
1.14,4,164.299019
1.14,4,164.309636
-0.78,8,164.334973
1.14,4,164.34602
1.14,4,164.355566
1.14,4,164.366995
1.14,4,164.376527
1.19,5,164.392138
1.14,4,164.404817
1.29,6,164.420892
-0.72,7,164.439917
1.14,4,164.451205
1.14,4,164.462641
1.14,4,164.474196
1.14,4,164.485882
1.14,4,164.496639
1.19,5,164.512497
1.14,4,164.523807
1.14,4,164.534472
-0.77,7,164.558393
1.19,5,164.573665
1.14,4,164.586332
1.14,4,164.597533
1.19,5,164.612533
1.14,4,164.624622
1.14,4,164.636397
1.34,7,164.658457
1.14,4,164.668673
1.14,4,164.679096
1.14,4,164.687778
1.14,4,164.697775
1.14,4,164.709231
1.14,4,164.721714
1.14,4,164.734063
1.14,4,164.746391
-0.81,5,164.763546
1.29,6,164.782589
-0.86,4,164.793216
1.14,4,164.805797
1.14,4,164.818449
1.28,7,164.836442
1.14,4,164.845976
1.2,6,164.86328
-0.81,5,164.878515
1.14,4,164.890139
1.14,4,164.900046
-0.81,5,164.913618
-0.81,5,164.929876
-0.76,6,164.94967
1.14,4,164.961885
1.14,4,164.971706
-0.94,7,164.991875
1.14,4,165.002125
1.14,4,165.013344
1.14,4,165.024347
1.14,4,165.033782
-0.66,7,165.052048
-0.98,5,165.064709
1.14,4,165.076084
1.14,4,165.08824
1.14,4,165.101415
1.19,5,165.115293
1.14,4,165.125907
-0.82,6,165.140025
1.14,4,165.151548
1.43,9,165.176458
-0.76,6,165.190116
1.14,4,165.201972
1.14,4,165.21444
1.18,6,165.23364
1.14,4,165.246323
1.14,4,165.25613
-0.84,8,165.280075
1.14,4,165.291435
1.14,4,165.302933
-0.87,6,165.323312
1.34,7,165.346631
-0.83,7,165.366733
1.14,4,165.378537
1.33,8,165.403262
1.14,4,165.415704
1.14,4,165.426479
1.39,8,165.447049
1.14,4,165.458345
-0.66,8,165.486487
1.13,5,165.502495
1.29,6,165.521321
1.14,4,165.533149
1.14,4,165.5446
1.14,4,165.554457
1.14,4,165.565966
1.19,5,165.580678
1.14,4,165.591725
1.19,5,165.60385
1.34,7,165.627001
1.14,4,165.636298
1.14,4,165.647754
1.14,4,165.658237
1.36,8,165.678385
1.13,5,165.741167
1.19,5,165.762539
1.14,4,165.772659
1.14,4,165.785283
-0.77,7,165.808888
1.14,4,165.81889
1.14,4,165.829838
-0.84,8,165.850155
1.14,4,165.862226
1.14,4,165.871178
1.14,4,165.882765
1.14,4,165.892888
1.14,4,165.90377
1.14,4,165.915714
1.14,4,165.92492
1.14,4,165.936985
1.14,4,165.947515
1.14,4,165.958262
1.14,4,165.97015
1.14,4,165.98104
1.14,4,165.992267
1.14,4,166.00171
1.14,4,166.013745
1.14,4,166.025083
1.29,6,166.043836
1.14,4,166.054429
1.39,7,166.0773
1.14,4,166.086454
1.14,4,166.098509
1.14,4,166.110425
1.14,4,166.119361
1.14,4,166.13117
1.13,5,166.144218
1.14,4,166.153424
1.14,4,166.163531
1.14,4,166.175864
1.14,4,166.187651
1.34,7,166.210049
1.14,4,166.221987
1.14,4,166.234672
1.14,4,166.247107
1.14,4,166.258107
1.14,4,166.267849
1.14,4,166.277922
1.19,5,166.292104
-0.87,6,166.311382
1.14,4,166.320565
1.14,4,166.331429
1.18,6,166.347927
1.28,7,166.367258
1.14,4,166.378673
1.19,5,166.393712
1.14,4,166.402617
1.14,4,166.413955
1.14,4,166.425431
1.19,5,166.440195
1.18,6,166.454456
1.14,4,166.46651
1.14,4,166.477216
-0.83,7,166.497352
1.14,4,166.508144
1.14,4,166.519081
1.14,4,166.530902
1.14,4,166.543138
1.14,4,166.555083
1.24,6,166.573836
1.13,5,166.587817
1.14,4,166.600276
1.19,5,166.613381
-0.66,7,166.635434
-0.86,4,166.648951
1.14,4,166.66139
1.14,4,166.672526
1.14,4,166.684303
1.14,4,166.695533
1.14,4,166.706583
1.14,4,166.716833
1.14,4,166.727825
1.14,4,166.739725
1.14,4,166.752259
1.14,4,166.763028
1.14,4,166.773325
1.14,4,166.781982
1.23,7,166.802526
1.19,5,166.817605
1.34,7,166.840742
-0.82,7,166.860382
1.14,4,166.871684
1.19,5,166.883717
1.14,4,166.894223
1.13,5,166.908402
1.14,4,166.918392
1.14,4,166.930397
1.14,4,166.943708
1.13,5,166.957885
1.28,7,166.973072
1.14,4,166.983215
1.19,5,166.998853
-0.91,4,167.011764
1.14,4,167.021043
1.14,4,167.031542
1.14,4,167.043794
1.14,4,167.053653
1.14,4,167.066306
1.18,6,167.081872
1.14,4,167.092847
1.14,4,167.103818
-0.93,6,167.124123
1.14,4,167.133373
-0.87,6,167.153391
1.14,4,167.165564
1.14,4,167.176907
1.14,4,167.184994
1.14,4,167.194772
1.14,4,167.204933
1.14,4,167.216562
1.14,4,167.227289
1.14,4,167.237748
1.14,4,167.250248
1.14,4,167.26301
1.24,5,167.277266
1.14,4,167.288028
1.14,4,167.298359
1.14,4,167.308604
1.14,4,167.317984
1.38,9,167.345866
1.14,4,167.357439
1.18,6,167.439576
-0.91,4,167.46139
1.14,4,167.473612
1.19,5,167.489198
1.24,6,167.507114
-0.92,5,167.520371
1.14,4,167.532076
1.14,4,167.542933
1.14,4,167.552566
1.19,5,167.56684
1.14,4,167.579746
1.14,4,167.591955
1.34,7,167.614421
-0.82,6,167.632661
1.14,4,167.643702
1.19,5,167.655344
1.14,4,167.667104
1.14,4,167.677209
1.18,6,167.691959
1.14,4,167.701285
1.14,4,167.712627
1.14,4,167.724029
1.14,4,167.736698
1.14,4,167.748912
1.14,4,167.761133
1.14,4,167.772224
1.14,4,167.784351
1.19,5,167.799676
1.14,4,167.8125
1.14,4,167.823175
1.19,5,167.837797
1.14,4,167.849092
1.29,6,167.865187
1.14,4,167.876841
1.13,5,167.888965
1.14,4,167.898366
1.14,4,167.909548
1.14,4,167.921293
1.14,4,167.931268
1.18,6,167.948159
1.28,7,167.968075
1.29,6,167.987227
1.14,4,167.999815
1.33,8,168.022964
1.14,4,168.031803
1.14,4,168.043822
1.34,7,168.064743
1.14,4,168.07709
1.14,4,168.089178
-0.82,6,168.102496
1.14,4,168.114634
1.14,4,168.126086
1.14,4,168.137732
1.14,4,168.147404
1.14,4,168.159229
1.14,4,168.17095
1.14,4,168.183143
1.14,4,168.194754
-0.91,4,168.206695
1.14,4,168.219098
1.14,4,168.231467
1.14,4,168.24349
1.14,4,168.254256
1.14,4,168.263868
1.14,4,168.274232
1.14,4,168.285834
1.14,4,168.298352
1.14,4,168.309948
1.13,5,168.321922
1.13,5,168.333248
1.14,4,168.345538
1.29,6,168.364278
1.14,4,168.376513
1.14,4,168.386308
1.14,4,168.39837
1.19,5,168.413347
1.14,4,168.425267
1.18,6,168.442937
-0.77,7,168.466939
1.14,4,168.478239
1.14,4,168.489758
1.19,5,168.504849
1.14,4,168.516764
1.19,5,168.53218
1.14,4,168.545578
-0.71,7,168.56842
1.14,4,168.578932
1.34,7,168.597114
-0.73,8,168.620303
1.14,4,168.632746
1.14,4,168.646074
1.14,4,168.658698
1.14,4,168.670685
1.14,4,168.683676
-0.92,5,168.698333
1.14,4,168.710438
1.14,4,168.721619
1.14,4,168.733315
1.14,4,168.744609
1.14,4,168.753393
-0.92,5,168.771131
1.14,4,168.781734
1.14,4,168.793541
1.14,4,168.802098
1.14,4,168.910944
1.14,4,168.934878
1.14,4,168.94889
1.14,4,168.960964
1.14,4,168.970049
1.28,7,168.987404
1.19,5,169.003236
1.14,4,169.015784
1.14,4,169.029305
1.14,4,169.042493
1.14,4,169.053478
1.19,5,169.068259
1.14,4,169.078676
1.14,4,169.091374
1.14,4,169.103112
1.14,4,169.115729
1.14,4,169.128717
-0.99,6,169.146548
1.14,4,169.157032
-0.83,7,169.18046
1.14,4,169.193108
1.18,6,169.21314
-0.76,6,169.232852
1.14,4,169.245866
1.28,7,169.267897
1.19,5,169.796878
1.29,6,169.813183
1.14,4,169.826475
1.39,8,169.852946
1.14,4,169.864319
1.14,4,169.877281
1.33,8,169.899809
1.13,5,169.913301
1.14,4,169.924024
1.14,4,169.933854
1.14,4,169.945993
1.14,4,169.958113
1.14,4,169.969293
1.14,4,169.981387
-0.52,10,170.012377
1.28,7,170.033521
1.14,4,170.046619
1.14,4,170.058989
1.14,4,170.070222
1.14,4,170.07964
1.14,4,170.089815
1.14,4,170.1007
-0.71,6,170.116494
1.14,4,170.129045
1.28,7,170.149207
1.14,4,170.162207
1.14,4,170.173074
1.14,4,170.184316
1.14,4,170.194858
-0.67,8,170.222332
-0.87,6,170.239461
-0.77,7,170.260874
1.29,6,170.279106
1.34,7,170.29729
1.14,4,170.308703
1.28,7,170.326725
1.14,4,170.339721
1.19,5,170.355465
1.14,4,170.367332
-0.86,4,170.381552
1.14,4,170.394838
1.14,4,170.407073
1.14,4,170.418651
1.14,4,170.431399
1.14,4,170.443434
1.19,5,170.459405
1.29,6,170.480021
1.23,7,170.504531
1.18,6,170.523907
1.14,4,170.541609
1.14,4,170.556236
1.14,4,170.56817
1.14,4,170.578906
1.14,4,170.592668
1.14,4,170.605964
1.19,5,170.625418
1.14,4,170.639677
1.13,5,170.733879
1.14,4,170.748111
1.19,5,170.766129
1.14,4,170.779533
1.14,4,170.792877
-0.84,8,170.820634
1.14,4,170.849623
1.14,4,170.864403
-0.93,6,170.887716
1.19,5,170.911508
1.14,4,170.929188
1.19,5,170.948905
1.14,4,170.965064
1.14,4,170.979424
1.19,5,171.00142
1.14,4,171.01879
-0.7,8,171.055469
1.14,4,171.071347
1.24,6,171.09594
1.54,10,171.133915
1.14,4,171.14932
1.14,4,171.16304
1.14,4,171.175941
1.14,4,171.189241
-0.76,6,171.210032
1.19,5,171.225726
-0.92,5,171.242413
-0.76,6,171.262463
1.14,4,171.274449
1.14,4,171.286618
1.28,8,171.314121
1.13,5,171.331208
1.19,5,171.348391
-0.71,6,171.369074
1.14,4,171.381567
1.14,4,171.393851
1.39,8,171.416042
-0.87,6,171.434305
1.14,4,171.445228
1.14,4,171.456638
1.46,8,171.479265
1.14,4,171.489945
1.14,4,171.500597
1.14,4,171.512346
-0.88,7,171.533133
1.14,4,171.543205
-0.76,6,171.56134
1.14,4,171.573788
1.17,7,171.594382
-0.82,6,171.614559
1.13,5,171.630293
1.14,4,171.643117
1.13,5,171.657864
1.14,4,171.668907
1.14,4,171.678441
1.14,4,171.689622
1.14,4,171.697867
1.29,6,171.716272
1.28,7,171.739358
-0.87,5,171.75691
1.14,4,171.769178
1.14,4,171.778009
1.19,5,171.791701
1.14,4,171.802944
1.14,4,171.814548
1.14,4,171.826905
1.14,4,171.837781
-0.86,4,171.846543
1.19,5,171.859762
-0.67,8,171.887304
1.14,4,171.899506
-0.76,6,171.922636
1.14,4,171.938175
-0.81,5,171.959723
-0.76,6,171.980881
1.14,4,171.992743
1.14,4,172.006832
1.14,4,172.018782
1.19,5,172.036669
1.14,4,172.049566
1.19,5,172.067084
1.13,5,172.085274
1.28,7,172.109005
1.24,5,172.129546
1.14,4,172.14295
1.29,6,172.161697
1.14,4,172.176897
1.18,6,172.194052
1.35,8,172.220625
1.14,4,172.236615
1.49,8,172.263715
1.14,4,172.278425
1.14,4,172.293304
1.14,4,172.306579
1.19,5,172.323253
1.14,4,172.335924
1.19,5,172.352327
1.29,6,172.372183
1.13,5,172.386859
1.14,4,172.398755
1.19,5,172.414464
-0.8,7,172.439864
1.14,4,172.453843
1.29,6,172.474818
1.14,4,172.488491
-0.78,8,172.585538
-0.92,5,172.598836
1.14,4,172.612191
1.14,4,172.626782
1.19,5,172.646521
1.33,8,172.675529
1.34,7,172.700035
1.14,4,172.714651
1.29,6,172.737271
1.14,4,172.750928
1.14,4,172.766885
1.14,4,172.780221
1.14,4,172.793262
1.14,4,172.805759
1.14,4,172.819795
1.14,4,172.83127
1.14,4,172.844802
1.13,5,172.862341
1.14,4,172.876381
1.14,4,172.889884
1.14,4,172.901996
1.14,4,172.91906
1.14,4,172.932552
1.14,4,172.945527
1.19,5,172.962729
-0.81,5,172.980573
-0.82,6,173.002517
1.14,4,173.015124
1.14,4,173.029689
-0.76,6,173.055328
-0.86,5,173.075575
1.14,4,173.090192
-0.86,4,173.107821
1.19,5,173.125756
1.18,6,173.146379
1.14,4,173.159352
1.14,4,173.174046
1.14,4,173.187782
1.14,4,173.203475
1.14,4,173.216308
-0.66,7,173.237047
1.14,4,173.250223
1.14,4,173.262972
1.29,6,173.288139
1.14,4,173.303624
1.14,4,173.316424
1.14,4,173.326365
1.14,4,173.337913
1.14,4,173.349854
1.19,5,173.369436
1.14,4,173.380741
1.13,5,173.397122
1.14,4,173.407622
1.14,4,173.419113
1.19,5,173.434695
1.14,4,173.450957
1.14,4,173.465488
1.14,4,173.481735
1.29,6,173.500388
1.14,4,173.511011
1.14,4,173.524129
1.19,5,173.540376
1.14,4,173.554314
1.14,4,173.569685
1.14,4,173.584493
-0.86,5,173.603491
1.14,4,173.616125
-0.76,6,173.642281
1.19,5,173.658747
-0.81,5,173.677327
-0.81,5,173.696097
-0.86,5,173.71319
1.14,4,173.726886
1.37,9,173.764259
1.14,4,173.778588
1.14,4,173.79214
1.29,6,173.811585
1.14,4,173.826408
1.14,4,173.839309
1.14,4,173.850684
1.14,4,173.865027
1.14,4,173.879706
1.14,4,173.894519
1.14,4,173.909256
1.14,4,173.922281
1.14,4,173.934557
-0.86,4,173.948387
-0.76,6,173.971564
1.14,4,173.984867
1.14,4,173.998201
-0.81,5,174.016951
1.14,4,174.03023
1.29,6,174.053294
-0.81,5,174.072969
-0.77,7,174.098089
1.29,7,174.124084
1.14,4,174.137282
1.14,4,174.1487
1.14,4,174.16131
1.14,4,174.175307
1.14,4,174.188155
1.14,4,174.19946
1.14,4,174.212636
1.14,4,174.225871
1.14,4,174.242012
1.14,4,174.257478
1.13,5,174.274558
-0.66,7,174.305305
1.33,8,174.335904
1.14,4,174.347278
1.14,4,174.359775
-0.76,6,174.378284
1.14,4,174.392098
-0.81,5,174.407586
1.14,4,174.421067
-0.76,6,174.441955
-0.87,6,174.469175
1.14,4,174.487063
1.14,4,174.498658
1.14,4,174.509815
1.14,4,174.524173
1.23,7,174.548504
1.14,4,174.56146
1.18,6,174.584053
-0.81,6,174.610966
1.14,4,174.626328
1.14,4,174.643315
1.14,4,174.659242
1.14,4,174.674201
1.14,4,174.691724
-0.86,5,174.71262
1.14,4,174.727416
1.14,4,174.743284
1.14,4,174.758744
1.19,5,174.778907
-0.87,6,174.801108
-0.77,7,174.827878
1.19,5,174.847307
1.14,4,174.864796
1.19,5,174.882874
1.14,4,174.901536
1.14,4,174.916848
1.14,4,174.932229
1.14,4,174.947343
1.14,4,174.963629
1.14,4,174.978563
1.14,4,174.995046
1.14,4,175.010728
-0.91,4,175.027805
1.14,4,175.041821
1.18,6,175.062249
-0.82,6,175.08915
1.14,4,175.104978
-0.76,6,175.126998
-0.99,6,175.146738
1.14,4,175.160301
-0.81,5,175.181342
1.14,4,175.196226
1.14,4,175.209925
1.19,5,175.229356
1.13,5,175.2461
-0.81,5,175.311047
1.14,4,175.336818
1.14,4,175.348807
1.14,4,175.360831
-0.71,7,175.387886
-0.83,7,175.417175
-0.76,6,175.444381
1.34,7,175.470004
1.14,4,175.48388
1.13,5,175.503145
1.14,4,175.516834
1.14,4,175.530303
1.14,4,175.546981
1.18,6,175.575635
1.54,10,175.613432
1.14,4,175.629042
1.14,4,175.645485
1.14,4,175.661241
1.14,4,175.675887
-0.78,8,175.709427
1.14,4,175.724157
1.33,8,175.754586
1.14,4,175.770499
1.36,7,175.796798
-0.76,6,175.823034
1.34,7,175.845829
-0.61,8,175.875799
1.14,4,175.891012
1.14,4,175.90718
-0.79,9,175.947449
1.14,4,175.963293
1.14,4,175.977916
1.14,4,175.994283
1.14,4,176.010022
1.14,4,176.025035
1.14,4,176.041133
1.14,4,176.056404
1.14,4,176.069717
1.19,5,176.088633
1.14,4,176.103361
1.19,5,176.123842
1.14,4,176.136372
1.14,4,176.150402
1.19,5,176.168648
-0.86,5,176.185097
1.14,4,176.196591
1.14,4,176.210162
1.14,4,176.227367
1.14,4,176.241233
-0.76,6,176.262946
1.14,4,176.276283
1.19,5,176.292551
-0.81,5,176.309152
1.13,5,176.325515
-0.81,5,176.342179
1.14,4,176.356167
-0.76,6,176.382501
1.14,4,176.402429
1.14,4,176.416466
1.19,5,176.437118
1.13,5,176.45366
1.14,4,176.46609
1.27,8,176.497303
1.29,6,176.51689
-0.71,6,176.540468
1.14,4,176.557024
-0.86,4,176.574531
1.14,4,176.591918
1.14,4,176.606285
1.14,4,176.620144
1.19,5,176.637473
1.14,4,176.651055
1.14,4,176.668125
1.34,7,176.694
1.34,7,176.720385
-0.56,8,176.752603
1.14,4,176.765239
1.14,4,176.781422
1.14,4,176.794198
1.14,4,176.811096
1.13,5,176.828584
1.14,4,176.840858
1.14,4,176.853534
1.14,4,176.866428
1.14,4,176.87842
1.14,4,176.89146
1.34,7,176.915965
1.14,4,176.927889
1.14,4,176.94171
1.14,4,176.955892
1.14,4,176.970206
1.14,4,176.988663
-0.62,9,177.021082
1.14,4,177.039082
1.14,4,177.05154
1.14,4,177.06369
1.14,4,177.076033
1.24,6,177.095577
1.14,4,177.108233
-0.77,7,177.136612
1.14,4,177.151541
1.14,4,177.165794
1.14,4,177.183657
1.14,4,177.197435
1.14,4,177.209005
1.14,4,177.222769
1.14,4,177.23501
1.19,5,177.250786
1.14,4,177.263336
1.14,4,177.277067
-0.77,7,177.304119
1.14,4,177.317762
-0.94,7,177.34505
-0.81,5,177.369641
1.18,6,177.396493
1.14,4,177.410006
1.19,5,177.426415
-0.92,5,177.444601
1.14,4,177.460588
1.14,4,177.475004
-0.82,6,177.499008
-0.76,6,177.515452
1.14,4,177.527864
1.34,7,177.553843
1.14,4,177.568234
1.14,4,177.577971
-0.62,9,177.614201
-0.67,8,177.643476
-0.66,7,177.670166
1.34,7,177.69575
-0.66,7,177.725787
1.18,6,177.750409
1.19,5,177.768105
1.14,4,177.778043
1.14,4,177.789385
1.33,8,177.817272
1.14,4,177.835679
1.14,4,177.850432
-0.92,5,177.869617
-0.76,6,177.889479
1.14,4,177.902911
1.14,4,177.914359
-0.81,5,177.934213
1.14,4,177.95086
1.14,4,178.004001
1.14,4,178.049366
1.14,4,178.065228
1.14,4,178.07899
-0.81,5,178.094162
1.14,4,178.10691
-0.81,5,178.125686
-0.81,5,178.144104
-0.93,6,178.162301
-0.87,5,178.181278
1.14,4,178.193105
1.14,4,178.206762
-0.67,8,178.235772
1.14,4,178.248383
1.14,4,178.25832
1.18,6,178.277953
1.29,6,178.30081
1.19,5,178.318956
1.14,4,178.335067
1.14,4,178.346875
1.14,4,178.3573
1.14,4,178.370186
1.14,4,178.384641
-0.99,6,178.402835
1.44,8,178.434246
1.14,4,178.453401
1.14,4,178.467942
1.18,6,178.487937
1.19,5,178.503794
1.14,4,178.542047
1.14,4,178.586211
1.14,4,178.600574
1.14,4,178.614902
1.14,4,178.632349
1.14,4,178.642864
1.14,4,178.656138
1.14,4,178.667451
1.28,7,178.690509
1.14,4,178.701991
1.14,4,178.715373
1.14,4,178.726574
1.14,4,178.738232
1.14,4,178.749697
1.19,5,178.764454
-0.81,5,178.781085
1.14,4,178.795166
1.14,4,178.807074
1.14,4,178.817269
1.19,5,178.831601
-0.86,4,178.845177
1.14,4,178.857283
1.24,6,178.875844
1.19,5,178.891151
-0.87,6,178.910668
1.19,5,178.923186
1.14,4,178.935483
1.14,4,178.950197
1.14,4,178.965706
1.19,5,178.981542
1.14,4,178.993778
1.14,4,179.010017
1.14,4,179.03775
1.14,4,179.060247
1.14,4,179.074065
1.14,4,179.086897
1.34,7,179.110069
1.14,4,179.127985
1.14,4,179.144126
1.34,7,179.162881
1.14,4,179.186946
1.14,4,179.211939
-0.67,8,179.244926
-0.79,6,179.26484
1.14,4,179.278742
1.14,4,179.293409
1.19,5,179.306889
1.14,4,179.31746
1.14,4,179.329069
1.14,4,179.341305
-0.81,6,179.364056
1.14,4,179.376664
1.19,5,179.392193
1.14,4,179.415697
1.14,4,179.44253
-0.81,5,179.478234
1.19,5,179.512195
1.14,4,179.54155
1.14,4,179.571244
1.14,4,179.591081
1.14,4,179.606947
1.14,4,179.621327
-0.76,6,179.642708
1.38,8,179.672266
-0.87,5,179.687712
-0.81,5,179.703282
1.14,4,179.721432
-0.76,6,179.748642
1.14,4,179.759561
1.14,4,179.772258
1.21,6,179.792818
1.14,4,179.807662
1.13,5,179.837324
1.28,7,179.895271
1.14,4,179.919985
1.14,4,179.939685
-0.78,8,179.968296
1.14,4,179.984702
1.14,4,179.997636
1.14,4,180.009221
1.34,7,180.035116
1.14,4,180.046278
1.29,6,180.066561
1.14,4,180.081213
1.14,4,180.098766
1.14,4,180.1116
1.14,4,180.130048
1.14,4,180.150705
1.14,4,180.168034
-0.77,7,180.205991
1.14,4,180.223397
1.19,5,180.238985
1.14,4,180.250522
1.18,6,180.272436
1.14,4,180.286905
1.18,6,180.307849
1.14,4,180.321913
1.14,4,180.333673
-0.91,4,180.346335
-0.87,6,180.36716
1.14,4,180.383256
1.13,5,180.401643
1.14,4,180.416911
1.14,4,180.428845
1.14,4,180.450541
1.14,4,180.477216
-0.66,7,180.512261
1.14,4,180.525008
1.14,4,180.538283
1.14,4,180.553138
1.19,5,180.584864
1.14,4,180.601205
1.34,7,180.626787
1.14,4,180.640365
-0.81,5,180.666002
1.14,4,180.678059
1.14,4,180.689737
1.14,4,180.701055
1.14,4,180.72144
1.14,4,180.743136
1.14,4,180.758562
1.14,4,180.774332
1.14,4,180.787638
1.14,4,180.797707
1.14,4,180.821073
1.14,4,180.838707
1.14,4,180.854698
1.14,4,180.869135
1.14,4,180.881176
1.24,6,180.898733
1.19,5,180.919969
-0.87,6,180.957156
1.14,4,180.96998
1.14,4,180.98217
1.34,7,181.00764
-0.81,5,181.0275
1.29,7,181.049819
1.14,4,181.060938
-0.77,7,181.093107
1.19,5,181.107829
1.14,4,181.122555
1.13,5,181.14016
1.14,4,181.152029
1.14,4,181.165144
1.14,4,181.176321
1.14,4,181.188375
1.14,4,181.199374
1.14,4,181.209631
-0.76,6,181.240252
1.14,4,181.251037
1.14,4,181.261622
1.14,4,181.272743
1.14,4,181.288744
-0.81,5,181.313171
1.14,4,181.330574
1.14,4,181.357164
1.14,4,181.376818
1.14,4,181.38998
1.14,4,181.401954
1.29,7,181.433287
1.14,4,181.457431
1.14,4,181.47469
-0.81,5,181.490157
1.14,4,181.500786
1.14,4,181.510875
1.14,4,181.521793
-0.76,6,181.546386
-0.76,6,181.570904
-0.87,5,181.590962
1.14,4,181.602332
1.14,4,181.610741
1.14,4,181.625742
1.29,7,181.651719
1.34,7,181.675797
1.14,4,181.688324
1.14,4,181.700445
-0.94,7,181.722472
1.19,5,181.736068
-0.93,6,181.754523
1.14,4,181.771052
1.14,4,181.784389
1.19,5,181.801532
1.14,4,181.831017
-0.76,6,181.879946
-0.81,6,181.908895
1.14,4,181.923418
-0.82,7,181.956763
1.14,4,181.975955
1.34,7,182.002509
1.14,4,182.015958
-0.71,6,182.040069
1.14,4,182.054634
1.29,7,182.085264
1.14,4,182.099467
1.14,4,182.109507
1.29,6,182.146973
1.14,4,182.169699
1.29,6,182.198462
1.14,4,182.207266
1.14,4,182.219079
1.14,4,182.244781
-0.66,7,182.300431
1.19,5,182.318089
1.14,4,182.336099
1.34,7,182.362286
1.14,4,182.377213
1.14,4,182.389536
1.14,4,182.40494
1.14,4,182.41982
1.14,4,182.431548
1.14,4,182.440412
1.14,4,182.452793
-0.82,6,182.469117
1.14,4,182.483202
1.19,5,182.500058
1.14,4,182.511733
1.14,4,182.523749
1.14,4,182.536508
1.19,5,182.551487
-0.93,6,182.578996
1.14,4,182.59079
-0.86,4,182.60327
1.34,7,182.626392
1.14,4,182.639667
1.14,4,182.65227
1.14,4,182.664065
1.14,4,182.678962
1.14,4,182.694554
1.14,4,182.705904
-0.86,4,182.721538
1.14,4,182.7386
-0.86,4,182.753775
1.29,7,182.775957
-0.81,5,182.790867
1.14,4,182.802701
1.19,5,182.815859
1.19,5,182.831275
1.14,4,182.842691
1.14,4,182.854058
1.14,4,182.870879
1.14,4,182.884213
1.19,5,182.900603
1.14,4,182.918009
1.14,4,182.931189
1.18,6,182.949731
1.34,7,182.970308
1.14,4,182.987689
1.14,4,183.011837
1.14,4,183.032362
1.14,4,183.049966
-0.92,5,183.068003
1.19,5,183.084557
1.23,7,183.10652
1.14,4,183.124697
1.14,4,183.15249
1.18,6,183.187113
-0.77,7,183.223778
1.14,4,183.23617
1.14,4,183.24998
-0.66,7,183.281644
-0.81,5,183.301827
1.14,4,183.316335
1.18,6,183.337995
1.18,6,183.361535
-0.81,5,183.379534
1.19,5,183.391844
1.14,4,183.406472
1.14,4,183.42116
-0.81,5,183.437742
1.29,6,183.468377
-0.77,7,183.516207
1.14,4,183.540166
1.14,4,183.558752
1.14,4,183.575516
-0.86,4,183.587972
1.14,4,183.601949
1.14,4,183.613896
1.14,4,183.62435
1.14,4,183.638348
1.14,4,183.64955
1.41,8,183.675552
1.14,4,183.687071
1.19,5,183.704306
1.14,4,183.717338
-0.76,6,183.742937
1.14,4,183.759389
1.14,4,183.775559
1.34,7,183.794607
1.24,6,183.812927
1.29,6,183.832215
-0.98,5,183.844924
1.24,6,183.866498
1.14,4,183.878695
-0.78,8,183.908578
1.34,7,183.938278
1.14,4,183.960316
1.14,4,183.986668
1.14,4,184.006698
1.14,4,184.028111
1.14,4,184.046119
1.19,5,184.061253
1.14,4,184.071009
1.14,4,184.082811
-0.86,4,184.096933
1.14,4,184.111989
1.14,4,184.123617
1.14,4,184.140615
1.18,6,184.1585
1.13,5,184.172324
-0.71,7,184.196254
1.14,4,184.207855
1.14,4,184.220059
1.19,5,184.244977
-0.86,4,184.270216
1.14,4,184.29219
1.14,4,184.312837
1.14,4,184.335632
1.14,4,184.354433
-0.91,4,184.371565
1.19,5,184.391724
1.14,4,184.406844
-0.91,4,184.421832
-0.91,4,184.434958
1.21,5,184.450854
1.14,4,184.466252
1.13,5,184.482718
-0.99,6,184.501036
1.18,6,184.519152
1.14,4,184.529642
1.19,5,184.545291
1.34,7,184.5706
1.14,4,184.590937
1.14,4,184.612318
-0.81,5,184.633033
1.19,5,184.656546
1.24,6,184.679983
1.14,4,184.696959
1.14,4,184.712028
1.19,5,184.728379
1.14,4,184.739819
1.14,4,184.750829
1.19,5,184.766778
-0.76,5,184.791602
-0.87,6,184.846226
1.14,4,184.87513
1.14,4,184.894409
1.14,4,184.907332
1.14,4,184.921129
1.24,6,184.942549
1.19,5,184.95867
1.14,4,184.970162
1.14,4,184.994739
-0.76,6,185.033062
1.14,4,185.049309
-0.76,6,185.087114
1.19,5,185.11437
1.14,4,185.146365
1.14,4,185.169552
1.14,4,185.983143
1.34,7,186.001736
1.19,5,186.020431
1.14,4,186.043783
1.14,4,186.069011
1.14,4,186.097393
1.14,4,186.122325
1.14,4,186.140586
1.14,4,186.154737
-0.66,7,186.178397
1.14,4,186.190903
1.14,4,186.205343
1.14,4,186.21929
1.14,4,186.234716
-0.76,6,186.342011
1.14,4,186.360111
1.19,5,186.394923
1.34,7,186.421926
1.14,4,186.440539
1.14,4,186.458535
1.14,4,186.475194
1.14,4,186.494697
1.14,4,186.512407
1.14,4,186.530724
1.14,4,186.548032
1.14,4,186.568897
1.14,4,186.584781
1.14,4,186.600405
1.14,4,186.61577
1.14,4,186.632469
1.13,5,186.649822
1.14,4,186.662879
1.14,4,186.678392
1.13,5,186.700023
1.14,4,186.715767
1.14,4,186.732338
1.14,4,186.747186
1.14,4,186.763357
1.29,6,186.787557
1.34,7,186.814356
1.29,6,186.838363
1.14,4,186.850425
1.14,4,186.864394
1.14,4,186.876991
1.14,4,186.890354
1.34,7,186.9147
-0.67,9,186.947874
1.14,4,186.963206
1.29,6,186.988094
-0.82,6,187.0181
-0.91,4,187.033982
-0.71,7,187.061941
1.14,4,187.080411
1.19,5,187.096926
1.14,4,187.112278
1.14,4,187.128987
1.13,5,187.146852
1.14,4,187.161263
1.14,4,187.177104
1.14,4,187.190244
1.14,4,187.203706
1.24,6,187.2313
1.19,5,187.248199
1.14,4,187.263461
1.14,4,187.280235
1.14,4,187.29761
1.14,4,187.313119
1.29,6,187.341118
1.14,4,187.358473
1.39,8,187.395875
1.18,6,187.418769
-0.86,5,187.439003
1.14,4,187.450548
1.14,4,187.467095
1.14,4,187.485652
1.14,4,187.497852
1.19,5,187.51744
1.14,4,187.532514
1.13,5,187.554684
1.14,4,187.567707
1.14,4,187.585004
1.14,4,187.598553
1.18,6,187.62756
1.19,5,187.65695
1.14,4,187.678434
1.14,4,187.695708
1.14,4,187.7124
1.14,4,187.728425
1.14,4,187.743634
-0.98,5,187.76364
1.14,4,187.782354
-0.8,7,187.817018
1.14,4,187.831068
1.14,4,187.847809
1.14,4,187.864937
1.14,4,187.891319
-0.66,7,187.932688
1.14,4,187.949952
1.14,4,187.964584
1.14,4,187.981683
1.19,5,187.99996
1.14,4,188.01258
1.14,4,188.029423
1.14,4,188.0436
1.14,4,188.064298
1.14,4,188.086299
1.14,4,188.106805
1.14,4,188.122372
1.14,4,188.145869
1.19,5,188.171076
1.14,4,188.196284
1.14,4,188.216297
1.14,4,188.241767
1.33,8,188.279005
-0.81,5,188.297424
1.14,4,188.311431
1.14,4,188.323704
1.14,4,188.334591
1.14,4,188.350087
1.14,4,188.366757
1.14,4,188.383268
1.14,4,188.398578
1.14,4,188.410662
1.14,4,188.426136
1.14,4,188.441683
1.14,4,188.453804
1.14,4,188.46767
-0.81,5,188.498111
1.14,4,188.513943
-0.94,7,188.553426
1.14,4,188.572582
1.14,4,188.584752
1.19,5,188.620306
-0.71,6,188.666836
1.19,5,188.696583
1.14,4,188.712172
1.14,4,188.722846
1.14,4,188.735427
1.14,4,188.747717
1.14,4,188.763232
1.14,4,188.783468
1.14,4,188.796964
1.14,4,188.819829
1.44,8,188.857041
1.14,4,188.869433
1.14,4,188.882588
1.14,4,188.895575
1.24,6,188.92507
1.14,4,188.944062
1.14,4,188.961777
1.14,4,188.979753
-0.81,5,188.999547
1.19,5,189.020261
1.19,5,189.076295
1.14,4,189.09875
1.14,4,189.112185
1.18,6,189.130198
1.14,4,189.141751
-0.88,6,189.163027
1.14,4,189.180273
-0.81,5,189.197503
1.14,4,189.211015
1.29,6,189.230054
1.14,4,189.244453
1.14,4,189.260313
1.14,4,189.274529
1.14,4,189.287369
-0.81,5,189.305744
1.19,5,189.324994
1.14,4,189.343689
1.14,4,189.362299
1.14,4,189.378073
-0.76,6,189.40216
1.19,5,189.428673
1.14,4,189.455834
1.14,4,189.475012
1.14,4,189.495963
1.14,4,189.510733
-0.86,5,189.5283
1.14,4,189.540715
1.14,4,189.558363
1.14,4,189.5758
1.14,4,189.589929
1.14,4,189.624238
1.26,7,189.699406
1.14,4,189.71522
1.14,4,189.728654
1.14,4,189.744134
1.14,4,189.756779
1.14,4,189.769481
1.19,5,189.787823
1.14,4,189.804352
1.14,4,189.827604
1.43,9,189.868354
-0.81,5,189.880797
-0.92,5,189.904048
1.14,4,189.921739
1.14,4,189.941973
1.14,4,189.968034
1.24,6,189.99263
1.14,4,190.007529
1.14,4,190.0223
1.14,4,190.036956
1.14,4,190.055493
1.14,4,190.07476
1.29,6,190.100844
1.14,4,190.124748
1.14,4,190.144006
-0.92,5,190.176302
1.14,4,190.200646
1.19,5,190.227506
1.14,4,190.248796
-0.82,6,190.284882
1.14,4,190.305073
1.34,7,190.339655
1.19,5,190.365165
1.14,4,190.392488
1.34,7,190.421041
-0.66,7,190.448324
-0.83,7,190.469788
1.14,4,190.482323
1.14,4,190.500175
1.19,5,190.523644
1.34,7,190.564362
1.14,4,190.58436
1.14,4,190.604636
1.14,4,190.622844
1.14,4,190.638812
1.56,9,190.680455
1.14,4,190.694246
1.14,4,190.706587
1.14,4,190.722368
1.14,4,190.740352
1.14,4,190.757277
1.19,5,190.780107
1.13,5,190.797126
1.14,4,190.813425
1.19,5,190.838866
1.14,4,190.860578
1.14,4,190.876873
1.14,4,190.891386
1.14,4,190.9148
1.14,4,190.933802
-0.81,6,190.960685
1.14,4,190.978484
1.14,4,190.995442
-0.76,6,191.027374
1.14,4,191.046733
1.14,4,191.071199
1.14,4,191.091041
1.19,5,191.112765
1.14,4,191.126189
1.14,4,191.14151
1.24,6,191.160856
1.14,4,191.173573
1.14,4,191.185422
1.14,4,191.199871
1.14,4,191.213091
1.14,4,191.224295
1.14,4,191.238987
1.14,4,191.253734
1.14,4,191.267533
1.14,4,191.277576
1.14,4,191.29019
1.14,4,191.303535
1.14,4,191.318821
1.14,4,191.336521
-0.73,9,191.382061
1.14,4,191.395917
-0.71,7,191.417608
1.19,5,191.434049
1.14,4,191.449471
1.14,4,191.464257
1.14,4,191.479689
1.14,4,191.493379
1.19,5,191.512984
1.14,4,191.524902
1.19,5,191.543547
1.14,4,191.562341
1.19,5,191.581261
1.14,4,191.594318
1.13,5,191.608611
1.14,4,191.620793
1.16,5,191.640329
1.14,4,191.654738
1.14,4,191.675566
1.19,5,191.711008
1.14,4,191.733994
1.14,4,191.747056
1.19,5,191.768738
1.14,4,191.786263
-0.71,6,191.811594
1.14,4,191.82408
-0.81,5,191.850867
1.14,4,191.87197
1.14,4,191.895103
1.14,4,191.908661
1.14,4,191.924981
1.14,4,191.946611
1.13,5,191.962151
1.14,4,191.974406
-0.62,9,192.001595
1.14,4,192.013873
1.14,4,192.028119
1.14,4,192.039412
1.24,6,192.058982
-0.86,4,192.077148
-0.92,5,192.094716
1.34,7,192.119635
1.14,4,192.138622
-0.98,5,192.164317
-0.82,6,192.188047
-0.82,6,192.245604
-0.86,4,192.291378
1.14,4,192.307837
1.14,4,192.322882
1.14,4,192.334624
1.19,5,192.347797
1.14,4,192.362855
-0.91,4,192.386676
1.14,4,192.399337
1.14,4,192.414335
1.14,4,192.42665
1.19,5,192.44173
1.14,4,192.454334
1.14,4,192.470238
1.14,4,192.484536
1.14,4,192.496309
1.14,4,192.508887
1.19,5,192.527611
1.14,4,192.549764
1.14,4,192.569721
-0.76,6,192.599888
1.14,4,192.614874
1.14,4,192.628824
1.14,4,192.640831
1.14,4,192.661063
1.14,4,192.679646
1.14,4,192.701054
-0.88,6,192.724112
1.14,4,192.735933
1.14,4,192.752345
1.14,4,192.770198
1.14,4,192.786067
1.14,4,192.803492
1.14,4,192.813864
-0.92,5,192.838243
1.14,4,192.858564
1.14,4,192.876456
1.14,4,192.893694
1.14,4,192.913557
-0.98,5,192.92753
-0.86,4,192.952924
1.14,4,192.981596
1.18,6,193.009542
1.14,4,193.027359
1.14,4,193.042231
1.14,4,193.05626
1.14,4,193.074419
1.14,4,193.09797
1.34,7,193.134313
1.14,4,193.152564
1.14,4,193.169908
1.14,4,193.181141
1.19,5,193.209958
1.19,5,193.226185
1.14,4,193.238891
1.14,4,193.257056
1.14,4,193.271202
-0.76,6,193.29867
-0.67,8,193.339991
1.44,8,193.370948
1.14,4,193.381895
1.14,4,193.404983
1.14,4,193.417705
1.13,5,193.437149
-0.76,6,193.460209
1.14,4,193.474908
1.19,5,193.491108
1.14,4,193.503857
1.14,4,193.515162
1.14,4,193.528541
1.14,4,193.546097
1.19,5,193.56202
1.14,4,193.574876
1.14,4,193.592829
1.19,5,193.61206
1.14,4,193.629624
1.14,4,193.650303
1.14,4,193.671163
1.14,4,193.689265
1.14,4,193.707379
1.14,4,193.721623
1.14,4,193.734729
1.14,4,193.751444
1.14,4,193.765712
1.14,4,193.778898
-0.77,7,193.81567
1.14,4,193.834625
1.19,5,193.855332
1.18,6,193.877611
1.14,4,193.892005
1.29,6,193.914992
1.14,4,193.941055
1.14,4,193.967762
1.14,4,193.990198
1.14,4,194.008474
1.14,4,194.030701
-0.99,6,194.059751
1.14,4,194.071488
-0.71,7,194.094804
1.14,4,194.107192
1.14,4,194.118714
1.14,4,194.133693
1.14,4,194.148262
1.14,4,194.167193
1.14,4,194.180666
1.19,5,194.197819
1.14,4,194.216535
1.14,4,194.239612
1.14,4,194.261009
1.14,4,194.278945
1.14,4,194.290871
1.28,7,194.312159
1.14,4,194.325957
1.14,4,194.34836
1.14,4,194.365595
1.14,4,194.381445
-0.86,4,194.393598
1.43,9,194.431167
-0.81,5,194.454345
1.14,4,194.470942
1.14,4,194.49515
1.14,4,194.518689
1.14,4,194.541754
1.14,4,194.558764
1.14,4,194.569772
-0.77,7,194.592764
1.14,4,194.607132
1.14,4,194.620679
1.14,4,194.635056
1.14,4,194.646383
1.35,8,194.672748
1.14,4,194.684097
1.14,4,194.696209
1.29,6,194.715704
1.13,5,194.731498
1.19,5,194.744984
1.14,4,194.758783
1.29,6,194.776942
1.34,7,194.80434
1.19,5,194.819477
1.14,4,194.830525
1.14,4,194.84292
1.14,4,194.855462
1.19,5,194.869285
1.14,4,194.88006
-0.77,7,194.902344
1.14,4,194.914334
1.14,4,194.925969
1.19,5,194.940445
1.34,7,194.965055
1.14,4,194.976773
1.14,4,194.997003
1.14,4,195.02239
1.14,4,195.044854
1.29,6,195.069997
1.14,4,195.087548
1.14,4,195.103659
1.25,7,195.126916
1.14,4,195.139709
1.14,4,195.151953
1.34,7,195.174115
1.14,4,195.185792
1.14,4,195.19684
1.14,4,195.207717
-0.91,4,195.220194
1.14,4,195.231672
1.14,4,195.244556
-0.86,5,195.274684
1.14,4,195.28925
1.14,4,195.304698
1.14,4,195.319497
1.14,4,195.332358
1.14,4,195.351742
1.19,5,195.370996
1.19,5,195.399721
1.14,4,195.417404
1.14,4,195.432719
1.14,4,195.463129
1.14,4,195.494867
1.21,6,195.526541
1.14,4,195.539006
1.14,4,195.551566
1.14,4,195.567193
1.14,4,195.58254
1.14,4,195.600009
-0.71,7,195.630788
1.14,4,195.642045
1.14,4,195.653603
1.14,4,195.66565
1.14,4,195.677612
1.14,4,195.690488
1.19,5,195.705216
-0.66,7,195.727723
1.19,5,195.751267
1.14,4,195.7685
1.14,4,195.779051
-0.92,5,195.796423
1.14,4,195.819475
1.14,4,195.842511
1.14,4,195.861525
1.24,6,195.887015
1.14,4,195.899816
-0.82,6,195.919349
1.14,4,195.930717
1.14,4,195.942027
1.14,4,195.956515
1.14,4,195.969043
1.14,4,195.980079
1.14,4,195.992908
1.14,4,196.005798
1.19,5,196.022105
1.14,4,196.0402
1.14,4,196.053467
1.14,4,196.065892
-0.91,4,196.077484
1.24,6,196.092802
1.19,5,196.10764
1.19,5,196.12589
1.13,5,196.142176
-0.81,5,196.159222
1.14,4,196.171517
1.14,4,196.182978
1.19,5,196.196711
-0.71,6,196.218093
-0.87,6,196.238748
1.27,8,196.262692
1.14,4,196.276066
1.14,4,196.287972
1.14,4,196.299152
-0.82,6,196.316738
1.14,4,196.326962
-1.0,7,196.348805
1.14,4,196.360372
1.14,4,196.373941
1.14,4,196.387057
1.14,4,196.402666
1.14,4,196.415939
1.14,4,196.427942
1.14,4,196.440527
-0.66,7,196.464223
1.14,4,196.476851
1.14,4,196.491333
1.14,4,196.50855
1.14,4,196.522202
1.14,4,196.545688
1.14,4,196.567953
-0.71,7,196.59459
1.14,4,196.618928
1.14,4,196.645332
-0.71,7,196.695184
1.14,4,196.712598
1.14,4,196.725395
1.14,4,196.740112
1.14,4,196.753541
1.14,4,196.76662
1.14,4,196.782294
1.14,4,196.793854
1.19,5,196.809995
1.34,7,196.836667
-0.81,5,196.857239
1.14,4,196.868965
1.14,4,196.882373
1.14,4,196.893925
1.14,4,196.905215
-0.81,5,196.919345
1.18,6,196.938033
1.19,5,196.95371
1.14,4,196.966753
1.14,4,196.99186
1.14,4,197.012048
-0.77,7,197.037047
1.19,5,197.053309
1.14,4,197.065048
-0.91,4,197.078038
1.14,4,197.090747
1.14,4,197.103802
-0.81,5,197.121765
1.14,4,197.134122
1.14,4,197.147437
1.34,7,197.16957
1.14,4,197.179471
1.14,4,197.192639
1.19,5,197.219282
1.19,5,197.238198
1.14,4,197.251931
1.14,4,197.27191
1.14,4,197.287539
-0.91,4,197.304039
1.29,6,197.324049
1.14,4,197.340712
1.14,4,197.353881
1.14,4,197.36712
1.14,4,197.378825
1.14,4,197.391783
1.14,4,197.404034
1.29,7,197.427498
1.14,4,197.441519
1.14,4,197.453734
1.14,4,197.466206
1.14,4,197.478253
-0.71,7,197.52442
1.14,4,197.553743
1.19,5,197.594857
1.14,4,197.623387
1.34,7,197.674475
1.14,4,197.700456
1.18,6,197.728195
1.14,4,197.741629
1.14,4,197.754583
1.14,4,197.7667
1.18,6,197.786418
-0.77,7,197.812355
1.29,6,197.835475
1.14,4,197.850883
1.14,4,197.869372
1.14,4,197.89085
1.14,4,197.90933
1.34,7,197.934842
1.2,6,197.955732
1.19,5,197.971827
1.19,5,197.987218
1.14,4,198.004426
1.14,4,198.017517
-0.77,7,198.048639
1.14,4,198.062872
1.14,4,198.083455
1.14,4,198.09804
1.18,6,198.116414
-0.81,5,198.133646
1.14,4,198.1461
1.13,5,198.160544
1.29,6,198.184024
1.24,6,198.203153
1.2,6,198.222117
1.19,5,198.237308
1.14,4,198.251969
1.14,4,198.264377
1.14,4,198.275713
1.14,4,198.28748
1.14,4,198.300185
1.14,4,198.311745
-0.87,6,198.344902
1.14,4,198.359563
-0.92,5,198.374997
-0.87,6,198.401195
1.14,4,198.412012
1.14,4,198.423672
1.14,4,198.436062
-0.66,7,198.473323
1.14,4,198.504733
1.19,5,198.522653
1.14,4,198.537981
1.14,4,198.552611
1.14,4,198.565945
1.29,6,198.58565
1.34,7,198.606617
1.14,4,198.620508
1.14,4,198.633237
1.13,5,198.650781
1.14,4,198.666235
1.14,4,198.678409
1.14,4,198.691926
1.14,4,198.709988
1.14,4,198.724864
1.14,4,198.749878
1.14,4,198.776273
1.13,5,198.806177
1.14,4,198.823916
-0.86,4,198.836942
1.14,4,198.869595
1.14,4,198.883499
1.14,4,198.896702
1.14,4,198.911523
1.14,4,198.924018
1.18,6,198.942533
1.14,4,198.955244
1.14,4,198.967041
1.14,4,198.978728
1.14,4,198.991362
1.14,4,199.002063
1.14,4,199.013466
1.14,4,199.024073
-0.76,6,199.045395
1.14,4,199.057755
1.14,4,199.069411
1.14,4,199.08077
1.19,5,199.095577
1.19,5,199.107332
1.14,4,199.118742
1.13,5,199.134273
1.18,6,199.155565
1.14,4,199.169907
1.14,4,199.181962
1.14,4,199.193344
1.14,4,199.205598
1.14,4,199.21768
1.14,4,199.229779
1.14,4,199.2412
1.14,4,199.255427
1.34,7,199.281189
1.14,4,199.294829
1.14,4,199.306999
1.14,4,199.320436
1.14,4,199.333941
1.14,4,199.348364
-0.72,8,199.387038
1.14,4,199.407434
1.24,6,199.427632
1.19,5,199.449761
1.14,4,199.46542
1.14,4,199.477891
1.19,5,199.505918
1.14,4,199.524282
1.14,4,199.540569
1.14,4,199.569423
1.14,4,199.594599
1.19,5,199.617279
1.19,5,199.634136
-0.61,8,199.661121
1.14,4,199.673572
1.14,4,199.687183
1.14,4,199.700884
-0.87,5,199.727498
1.41,7,199.759913
-0.83,7,199.782436
1.14,4,199.794126
1.13,5,199.810008
1.29,8,199.837847
1.28,7,199.856862
1.14,4,199.870938
-0.62,9,199.901745
1.19,5,199.922501
1.14,4,199.936191
1.28,7,199.958205
1.14,4,199.970815
1.14,4,199.983385
1.14,4,199.995757
1.14,4,200.0092
1.14,4,200.020929
1.14,4,200.032716
1.14,4,200.043577
1.29,6,200.061662
1.14,4,200.074831
1.33,8,200.10041
1.14,4,200.111662
1.14,4,200.125699
1.34,8,200.152429
1.14,4,200.16412
1.14,4,200.175786
1.19,5,200.191263
1.14,4,200.20346
1.14,4,200.214878
1.14,4,200.226169
1.14,4,200.237647
1.19,5,200.252487
1.14,4,200.263738
1.19,5,200.27784
1.14,4,200.28675
1.14,4,200.301079
-0.81,5,200.317511
-0.82,6,200.334087
1.14,4,200.34745
1.14,4,200.360122
1.14,4,200.372722
-0.99,6,200.389974
1.14,4,200.404325
1.14,4,200.416272
1.29,6,200.433197
1.14,4,200.445426
1.14,4,200.456987
1.14,4,200.468766
1.14,4,200.48131
1.14,4,200.492938
1.19,5,200.508457
1.44,8,200.550153
1.14,4,200.577569
1.14,4,200.603947
1.14,4,200.620926
1.14,4,200.635873
-0.78,8,200.68214
1.19,5,200.709617
1.39,8,200.759032
1.14,4,200.787651
1.14,4,200.81837
1.14,4,200.85268
1.14,4,200.885511
1.14,4,200.914798
1.14,4,200.93637
1.44,9,200.967294
1.14,4,200.980788
1.13,5,200.999453
1.14,4,201.015159
1.29,6,201.033902
1.14,4,201.0462
1.14,4,201.058488
1.14,4,201.07522
1.29,7,201.124236
1.13,5,201.150524
1.14,4,201.168996
1.14,4,201.181704
1.14,4,201.192335
1.14,4,201.206288
1.14,4,201.219852
1.53,10,201.254067
1.19,5,201.271217
1.14,4,201.282979
1.14,4,201.295368
1.29,7,201.318694
1.28,8,201.344584
1.14,4,201.35598
1.14,4,201.36916
-0.92,5,201.383749
1.19,5,201.398664
1.39,8,201.422407
1.19,5,201.437018
1.19,5,201.455415
-0.73,9,201.489082
1.19,5,201.511164
1.14,4,201.527077
1.28,7,201.563291
1.14,4,201.582024
1.14,4,201.598416
1.14,4,201.611275
1.14,4,201.619992
1.14,4,201.633504
1.14,4,201.655554
1.14,4,201.716668
1.14,4,201.738236
-0.87,6,201.767628
1.14,4,201.781159
1.14,4,201.794814
1.14,4,201.833891
1.14,4,201.868705
1.14,4,201.884291
1.14,4,201.897368
-0.81,6,201.920683
1.14,4,201.93311
1.14,4,201.945948
1.14,4,201.957876
-0.76,6,201.972819
1.14,4,201.985601
1.14,4,201.999431
1.14,4,202.012054
1.14,4,202.023595
1.19,5,202.037448
1.19,5,202.051352
1.14,4,202.067702
1.14,4,202.085433
1.36,8,202.112824
1.14,4,202.130047
1.14,4,202.153784
1.14,4,202.171763
1.29,6,202.208539
1.14,4,202.23058
1.43,9,202.283393
1.14,4,202.296879
1.14,4,202.315713
1.14,4,202.340255
1.14,4,202.36361
-0.87,6,202.406389
1.14,4,202.427096
1.14,4,202.449553
1.14,4,202.470205
-0.83,8,202.504106
1.14,4,202.517321
1.19,5,202.535458
1.14,4,202.553174
-0.76,6,202.577953
1.14,4,202.594744
1.14,4,202.606635
1.14,4,202.61748
-0.76,6,202.639139
1.14,4,202.65227
1.14,4,203.312627
1.14,4,203.326094
1.14,4,203.344364
1.14,4,203.35939
1.14,4,203.374635
1.19,5,203.392819
1.14,4,203.4106
-0.61,8,203.458157
1.18,6,203.478056
1.33,8,203.507358
1.14,4,203.519276
1.14,4,203.536665
-0.77,7,203.565763
1.14,4,203.580861
1.29,6,203.607115
1.14,4,203.624726
-0.72,8,203.653654
1.14,4,203.669347
1.14,4,203.69018
1.14,4,203.751018
1.14,4,203.767442
1.14,4,203.785183
1.19,5,203.807516
-0.76,6,203.828104
1.34,7,203.857688
-0.6,9,203.898158
1.14,4,203.912698
1.14,4,203.932085
1.14,4,203.946425
1.14,4,203.959325
-0.79,6,203.980891
1.44,8,204.009903
-0.76,6,204.031303
1.14,4,204.047294
1.14,4,204.062898
1.19,5,204.07955
1.14,4,204.091517
1.29,6,204.113106
1.14,4,204.127272
1.14,4,204.141129
1.14,4,204.153097
1.14,4,204.165494
1.29,6,204.184829
1.46,8,204.214526
1.14,4,204.225276
1.14,4,204.236863
1.14,4,204.249623
1.14,4,204.262824
1.14,4,204.275465
1.14,4,204.285626
1.14,4,204.297309
-0.83,7,204.317991
1.14,4,204.329962
-0.76,6,204.350982
1.2,6,204.369437
1.14,4,204.383133
1.39,8,204.410872
1.24,6,204.429258
1.14,4,204.44191
-0.91,4,204.45504
1.14,4,204.466898
1.14,4,204.479828
1.14,4,204.492539
1.14,4,204.504008
-0.81,5,204.522024
1.14,4,204.53516
1.14,4,204.548492
1.14,4,204.560445
-0.92,5,204.577602
1.14,4,204.589178
-0.66,7,204.618309
1.14,4,204.631444
1.14,4,204.648909
1.14,4,204.670831
1.44,9,204.727902
1.14,4,204.751722
1.14,4,204.772329
1.14,4,204.787181
1.14,4,204.799538
1.14,4,204.813006
1.14,4,204.828676
1.14,4,204.842267
1.14,4,204.852875
1.19,5,204.86916
-0.68,9,204.900488
1.34,7,204.925622
1.19,5,204.940927
1.14,4,204.952026
1.14,4,204.963411
1.14,4,204.979458
1.29,6,204.998245
1.19,5,205.014105
-0.81,5,205.032164
1.14,4,205.044213
1.14,4,205.056322
1.14,4,205.068558
-0.86,4,205.082458
1.19,5,205.098424
1.14,4,205.109229
1.14,4,205.123544
1.14,4,205.135803
1.19,5,205.149655
1.14,4,205.161298
1.29,6,205.181505
1.14,4,205.193455
1.34,7,205.215761
1.14,4,205.228741
1.14,4,205.240797
1.14,4,205.253556
1.14,4,205.270422
1.14,4,205.285733
-0.82,6,205.308619
1.14,4,205.320709
1.14,4,205.332661
1.14,4,205.348681
1.18,6,205.368296
1.14,4,205.380745
1.13,5,205.399046
1.14,4,205.411294
1.18,6,205.432074
-0.76,6,205.451272
1.34,9,205.485446
1.14,4,205.499289
1.14,4,205.512444
1.14,4,205.525692
1.14,4,205.537242
1.14,4,205.551938
1.14,4,205.565161
1.14,4,205.5774
1.14,4,205.590478
1.14,4,205.602434
1.13,5,205.616006
1.14,4,205.627932
1.14,4,205.641115
-0.66,7,205.664395
1.24,6,205.686566
1.13,5,205.702686
-0.91,4,205.717332
1.14,4,205.729477
-0.91,4,205.743101
1.14,4,205.751861
-0.76,6,205.773725
1.14,4,205.785436
-0.86,4,205.802958
1.14,4,205.827857
1.14,4,205.853416
1.19,5,205.88117
1.14,4,205.89886
1.18,6,205.93368
1.14,4,205.966485
1.14,4,205.986423
1.14,4,206.000485
1.34,7,206.038874
1.14,4,206.058553
1.14,4,206.075137
1.14,4,206.097876
1.14,4,206.114736
1.34,7,206.141749
1.14,4,206.152953
-0.76,6,206.169788
1.14,4,206.182488
1.14,4,206.195313
1.14,4,206.208755
1.14,4,206.22746
1.14,4,206.245247
1.19,5,206.268377
1.14,4,206.286259
1.14,4,206.302485
1.14,4,206.314406
1.14,4,206.329704
1.14,4,206.34556
1.29,6,206.367707
1.19,5,206.387157
1.14,4,206.40077
1.13,5,206.419796
1.14,4,206.433219
1.14,4,206.447773
1.14,4,206.463568
1.14,4,206.481815
1.14,4,206.50328
1.44,8,206.54502
1.14,4,206.569532
1.14,4,206.598617
1.34,7,206.643894
1.14,4,206.657779
1.14,4,206.681169
-0.93,6,206.714701
1.13,5,206.739304
1.14,4,206.758092
1.14,4,206.771344
1.14,4,206.783549
1.29,6,206.803629
1.19,5,206.817639
1.14,4,206.83291
1.14,4,206.855434
1.14,4,206.875347
1.14,4,206.891645
1.14,4,206.909082
1.19,5,206.932749
1.14,4,206.945265
1.14,4,206.963066
1.14,4,206.976579
1.14,4,206.992498
1.14,4,207.008113
1.14,4,207.021571
-0.98,5,207.036162
1.19,5,207.055278
1.14,4,207.070718
1.14,4,207.083879
1.19,5,207.103049
1.14,4,207.116329
1.18,6,207.136647
-0.86,4,207.156526
-0.76,6,207.184114
1.18,6,207.204632
1.14,4,207.225829
1.14,4,207.246788
-0.98,5,207.262527
-0.86,4,207.278774
1.14,4,207.301331
1.14,4,207.315429
-0.87,6,207.34947
1.13,5,207.379712
1.18,6,207.409732
1.14,4,207.432568
1.14,4,207.450423
1.14,4,207.465755
1.14,4,207.481337
1.14,4,207.495378
1.14,4,207.507037
1.29,6,207.52758
1.14,4,207.537773
1.14,4,207.553043
1.24,6,207.583716
1.14,4,207.602398
1.13,5,207.625925
1.14,4,207.643003
1.19,5,207.660106
1.14,4,207.673877
1.14,4,207.686215
1.38,9,207.724749
-0.93,6,207.751562
1.14,4,207.764558
1.14,4,207.780026
1.29,6,207.806759
1.29,6,207.829017
1.34,7,207.860311
1.19,5,207.87847
1.14,4,207.8937
1.14,4,207.909827
1.34,7,207.9401
1.14,4,207.952386
1.14,4,207.965662
-0.58,10,208.008337
1.14,4,208.026677
1.13,5,208.051774
1.14,4,208.068655
1.29,6,208.09376
1.13,5,208.110862
1.14,4,208.124208
1.24,6,208.143007
-0.78,8,208.171955
1.14,4,208.185805
1.14,4,208.201035
1.19,5,208.222569
1.14,4,208.237167
1.14,4,208.246593
1.14,4,208.258209
-0.91,4,208.269859
1.14,4,208.28227
1.14,4,208.293599
1.14,4,208.305663
1.14,4,208.321764
1.34,7,208.352523
1.14,4,208.383283
1.14,4,208.413536
1.14,4,208.434757
1.14,4,208.457874
1.14,4,208.475874
1.14,4,208.491108
1.14,4,208.502833
1.24,6,208.523734
1.14,4,208.541235
1.14,4,208.551628
1.14,4,208.563258
1.14,4,208.576557
-0.76,6,208.595808
1.14,4,208.608328
1.14,4,208.624187
1.14,4,208.640046
-0.91,4,208.652444
1.14,4,208.665052
1.14,4,208.676861
1.14,4,208.689091
1.18,6,208.713326
1.14,4,208.724886
1.14,4,208.736851
1.14,4,208.749796
1.29,7,208.771955
1.14,4,208.783705
1.14,4,208.797237
1.14,4,208.814071
1.14,4,208.830938
1.34,7,208.873417
1.19,5,208.89698
1.14,4,208.910235
1.14,4,208.922686
1.14,4,208.935123
1.14,4,208.946597
-0.9,8,208.972935
1.14,4,208.982287
-0.77,7,209.007614
1.34,7,209.029322
1.14,4,209.045048
1.14,4,209.060295
-0.86,4,209.074563
1.14,4,209.089593
1.14,4,209.099995
-0.76,6,209.135331
1.14,4,209.182111
-0.84,8,209.217146
-0.76,6,209.238314
1.19,5,209.253752
1.14,4,209.268019
-0.81,5,209.285111
1.14,4,209.299999
1.14,4,209.313104
1.34,7,209.333745
1.14,4,209.346601
1.14,4,209.360104
-0.82,6,209.380647
1.14,4,209.403341
-0.91,4,209.424711
1.14,4,209.441368
1.19,5,209.459001
-0.76,6,209.481739
1.14,4,209.496171
-0.98,5,209.510799
1.14,4,209.526621
-0.81,5,209.544205
1.34,7,209.571747
1.14,4,209.587114
-0.81,5,209.613242
1.14,4,209.625841
-0.73,8,209.651685
1.13,5,209.666273
1.14,4,209.678795
1.32,9,209.70697
1.14,4,209.719566
1.14,4,209.732618
1.14,4,209.746495
1.14,4,209.760364
1.29,6,209.779897
1.14,4,209.792034
-0.66,7,209.816457
1.14,4,209.840612
1.14,4,209.864562
1.14,4,209.887556
1.13,5,209.90668
1.14,4,209.918346
1.13,5,209.936388
1.14,4,209.949178
1.14,4,209.964428
-0.81,6,209.983653
1.19,5,210.000079
1.14,4,210.019587
1.14,4,210.035673
1.14,4,210.047748
-0.76,6,210.067457
1.14,4,210.081829
-0.91,4,210.103064
-0.77,7,210.153745
-0.86,4,210.172046
1.14,4,210.189574
-0.71,7,210.213215
1.34,7,210.237278
1.14,4,210.247351
1.14,4,210.260205
1.14,4,210.273569
1.28,7,210.295539
1.14,4,210.306668
1.14,4,210.318788
-0.83,7,210.347392
-0.86,4,210.365632
1.44,8,210.427458
1.14,4,210.441973
-0.76,6,210.460262
1.14,4,210.474662
-0.76,6,210.496144
1.14,4,210.508865
1.14,4,210.522627
1.19,5,210.540369
1.14,4,210.555757
1.14,4,210.571108
1.34,7,210.600962
1.18,6,210.633206
1.14,4,210.652331
1.14,4,210.671346
1.14,4,210.689947
1.14,4,210.702851
1.23,7,210.725197
1.14,4,210.737274
1.14,4,210.747602
1.14,4,210.760979
1.14,4,210.775615
1.14,4,210.789171
1.14,4,210.799249
-0.76,6,210.821773
1.14,4,210.833617
1.14,4,210.846639
1.14,4,210.859174
1.14,4,210.872653
1.14,4,210.884974
1.14,4,210.896751
1.14,4,210.909501
1.14,4,210.926436
1.14,4,210.938612
1.14,4,210.949218
1.14,4,210.960047
-0.76,6,210.979288
1.19,5,210.994014
1.19,5,211.009626
1.19,5,211.037908
-0.92,5,211.079816
1.14,4,211.110118
1.14,4,211.139421
1.19,5,211.169345
-0.82,6,211.194356
1.14,4,211.207338
1.18,6,211.227193
1.14,4,211.245188
1.21,9,211.281895
1.14,4,211.297645
-0.86,4,211.312191
1.14,4,211.324741
1.28,7,211.347808
-0.92,5,211.366015
1.14,4,211.378534
1.14,4,211.39148
1.14,4,211.403453
1.14,4,211.414471
1.14,4,211.428165
1.34,7,211.450859
1.34,7,211.474194
1.14,4,211.48643
1.14,4,211.501814
1.14,4,211.516469
1.14,4,211.527633
1.14,4,211.540205
1.14,4,211.552543
1.14,4,211.562762
1.24,6,211.580739
1.14,4,211.593035
1.14,4,211.606575
1.19,5,211.622139
1.14,4,211.633365
-0.93,6,211.65298
1.14,4,211.664824
-0.67,8,211.707741
1.14,4,211.723217
1.14,4,211.741786
1.19,5,211.76128
-0.82,6,211.784844
1.14,4,211.79991
1.19,5,211.822289
1.24,6,211.844272
1.14,4,211.858695
1.14,4,211.873328
1.14,4,211.88407
1.14,4,211.898189
1.14,4,211.911458
1.14,4,211.923667
1.14,4,211.93935
1.34,7,211.974299
1.14,4,211.989857
1.14,4,212.010084
1.14,4,212.027832
1.19,5,212.044419
1.14,4,212.056916
1.14,4,212.06998
1.14,4,212.082743
-0.93,6,212.104288
1.14,4,212.116019
1.14,4,212.130175
1.14,4,212.14766
-0.81,5,212.171825
-0.83,7,212.193268
1.14,4,212.208236
1.14,4,212.23344
-0.77,7,212.273294
-0.98,5,212.294696
1.34,7,212.324183
1.14,4,212.336557
1.24,6,212.362518
1.14,4,212.37765
1.14,4,212.389916
1.14,4,212.403559
1.13,5,212.417331
1.14,4,212.429144
1.14,4,212.443252
1.14,4,212.460481
1.14,4,212.488961
1.18,6,212.526614
1.14,4,212.541725
1.14,4,212.565874
1.14,4,212.605244
1.18,6,212.626461
1.29,6,212.644501
1.14,4,212.656248
1.14,4,212.667745
1.14,4,212.679544
1.14,4,212.691325
1.29,6,212.70904
1.14,4,212.720462
1.14,4,212.735341
-0.77,7,212.757355
1.24,6,212.775716
1.14,4,212.787344
1.14,4,212.797829
1.14,4,212.808027
1.14,4,212.825003
1.14,4,212.837072
1.14,4,212.84858
1.14,4,212.861549
1.29,7,212.883062
1.19,5,212.9049
1.14,4,212.918788
-0.91,4,212.933507
1.14,4,212.945175
1.14,4,212.957996
1.14,4,212.969373
1.14,4,212.980936
1.14,4,212.999682
1.14,4,213.014157
1.14,4,213.035055
1.14,4,213.052172
1.14,4,213.065747
1.14,4,213.074389
1.14,4,213.08567
1.14,4,213.101458
1.14,4,213.110993
1.14,4,213.123843
1.14,4,213.136034
1.14,4,213.148266
1.14,4,213.160136
-0.82,6,213.178839
1.19,5,213.194431
1.14,4,213.207895
-0.98,5,213.224956
1.14,4,213.237871
1.14,4,213.251229
1.14,4,213.262564
1.14,4,213.274948
1.14,4,213.287068
1.14,4,213.298388
1.14,4,213.310358
1.14,4,213.32285
1.13,5,213.348991
1.14,4,213.365633
1.14,4,213.388171
1.34,7,213.410865
1.14,4,213.423393
1.13,5,213.441969
1.14,4,213.457403
1.14,4,213.470725
1.14,4,213.482759
1.19,5,213.499085
1.14,4,213.515176
1.34,7,213.552599
1.14,4,213.568237
1.14,4,213.580527
1.14,4,213.592788
1.14,4,213.605163
1.14,4,213.617035
1.14,4,213.629015
1.18,6,213.652421
1.14,4,213.665018
1.14,4,213.679796
1.14,4,213.690875
-0.81,6,213.711559
1.14,4,213.723129
-0.81,5,213.738911
1.19,5,213.760248
1.14,4,213.782515
1.14,4,213.802051
1.14,4,213.816946
-0.93,6,213.838413
1.19,5,213.855414
1.19,5,213.879796
1.13,5,213.895287
-0.93,6,213.91942
1.19,5,213.935303
1.19,5,213.950296
1.46,8,213.984225
1.14,4,213.997913
1.14,4,214.012386
-0.81,5,214.028958
1.13,5,214.045587
1.14,4,214.056385
1.34,7,214.084659
1.14,4,214.097059
1.14,4,214.108825
1.14,4,214.120878
1.19,5,214.137744
1.14,4,214.150441
1.14,4,214.162457
1.14,4,214.174887
1.14,4,214.186655
1.14,4,214.198856
1.14,4,214.210012
1.14,4,214.222287
1.14,4,214.234668
-0.77,7,214.25491
-0.84,8,214.275266
1.14,4,214.287473
1.14,4,214.299631
1.14,4,214.311753
1.14,4,214.323779
1.19,5,214.343641
1.14,4,214.358051
1.14,4,214.373669
1.14,4,214.385999
1.14,4,214.398669
1.34,7,214.419496
-0.87,5,214.437871
1.14,4,214.450129
1.29,6,214.4702
-0.71,6,214.487934
1.14,4,214.500041
1.14,4,214.511984
1.14,4,214.522877
1.14,4,214.536074
1.14,4,214.550315
1.14,4,214.563349
1.13,5,214.592306
-0.78,8,214.627377
1.14,4,214.639658
1.14,4,214.654532
1.14,4,214.668328
1.14,4,214.692153
-0.92,5,214.71823
1.14,4,214.735791
-0.57,9,214.769777
-0.86,4,214.785866
1.14,4,214.801389
1.14,4,214.81686
1.14,4,214.832532
-0.77,7,214.858578
1.14,4,214.873032
1.29,6,214.894478
1.19,5,214.960956
1.14,4,214.987023
1.14,4,215.012638
1.14,4,215.027208
1.46,8,215.055794
1.14,4,215.070125
1.14,4,215.081657
1.14,4,215.096873
1.14,4,215.109738
1.24,5,215.131483
1.14,4,215.14641
1.14,4,215.161174
-0.91,4,215.175324
1.14,4,215.189974
1.13,5,215.206833
1.14,4,215.220458
1.34,7,215.242456
1.14,4,215.254847
-0.81,5,215.271316
1.29,6,215.291496
1.14,4,215.303962
-0.86,4,215.318729
1.14,4,215.335409
1.14,4,215.34966
1.14,4,215.362946
1.14,4,215.377165
-0.79,6,215.400251
1.14,4,215.412244
-0.87,5,215.434511
1.14,4,215.448831
1.14,4,215.490769
1.14,4,215.519402
1.24,6,215.542678
1.14,4,215.557711
-0.91,4,215.574264
1.14,4,215.589181
1.14,4,215.601959
1.14,4,215.614133
1.14,4,215.631324
1.14,4,215.65082
1.19,5,215.67305
1.14,4,215.687104
1.14,4,215.698869
1.13,5,215.714335
1.14,4,215.724849
1.19,5,215.747224
1.14,4,215.76974
1.14,4,215.78681
1.14,4,215.803912
1.33,8,215.868859
1.14,4,215.879716
1.14,4,215.891301
1.14,4,215.907137
1.14,4,215.922793
-0.76,6,215.947524
1.14,4,215.958754
1.14,4,215.972035
1.14,4,215.984803
-0.77,7,216.005569
1.14,4,216.017406
1.34,7,216.036936
1.39,8,216.060403
1.14,4,216.072809
1.14,4,216.085023
1.14,4,216.094669
1.43,9,216.136221
1.14,4,216.148817
1.34,7,216.172282
1.14,4,216.189366
1.14,4,216.210278
1.14,4,216.227706
-0.86,4,216.241247
1.39,8,216.274306
1.14,4,216.291177
1.14,4,216.305279
1.19,5,216.321939
-0.81,5,216.339316
1.14,4,216.351822
1.14,4,216.362583
1.13,5,216.378747
1.29,7,216.403684
1.14,4,216.415409
1.14,4,216.431792
1.14,4,216.444401
-0.76,6,216.460959
1.14,4,216.472946
-0.81,5,216.489275
1.14,4,216.501284
1.14,4,216.513371
1.14,4,216.525789
1.14,4,216.53639
-0.86,4,216.55318
1.14,4,216.571565
1.19,5,216.587855
1.29,6,216.606285
1.14,4,216.619478
1.18,6,216.642527
1.14,4,216.654366
1.19,5,216.672107
1.14,4,216.684953
1.18,6,216.708114
-0.67,8,216.733255
1.14,4,216.748188
1.14,4,216.759447
1.14,4,216.775653
1.14,4,216.788206
1.14,4,216.803791
-0.71,7,216.826815
1.14,4,216.841898
-0.94,7,216.873236
1.14,4,216.901412
1.13,5,216.929082
1.14,4,216.951329
1.14,4,216.966106
1.14,4,216.979211
1.19,5,216.994085
1.14,4,217.0057
1.26,7,217.030112
1.14,4,217.042397
1.14,4,217.054399
1.14,4,217.06956
-0.81,5,217.090181
1.14,4,217.110365
1.14,4,217.127213
1.14,4,217.142621
1.14,4,217.154268
1.14,4,217.168091
1.14,4,217.181942
1.14,4,217.196277
1.14,4,217.21022
1.14,4,217.22198
1.14,4,217.241147
1.14,4,217.267731
1.14,4,217.292958
1.14,4,217.307881
-0.7,8,217.333745
1.14,4,217.345844
1.14,4,217.358303
1.19,5,217.373791
-0.86,5,217.389411
1.14,4,217.401021
1.14,4,217.413389
1.34,7,217.433823
-0.78,8,217.461556
1.34,7,217.484054
1.14,4,217.494529
1.14,4,217.512046
1.14,4,217.528447
1.29,6,217.552217
1.28,7,217.57438
1.19,5,217.589975
1.14,4,217.602357
1.14,4,217.614197
-0.86,4,217.626904
1.14,4,217.641327
1.14,4,217.653333
1.14,4,217.66458
1.14,4,217.675709
1.18,6,217.694236
1.14,4,217.71497
1.14,4,217.726959
1.14,4,217.742076
1.14,4,217.752756
1.14,4,217.764404
1.14,4,217.776189
-0.86,4,217.789264
1.19,5,217.804097
-0.76,6,217.823431
-0.76,6,217.842764
1.14,4,217.8558
1.14,4,217.867458
1.14,4,217.880761
1.34,7,217.900769
1.14,4,217.91284
1.14,4,217.927527
1.14,4,217.941243
1.14,4,217.961599
1.14,4,217.98085
1.14,4,217.99477
1.33,8,218.021794
1.29,6,218.059904
1.29,6,218.092267
1.14,4,218.107528
1.19,5,218.124044
1.14,4,218.143101
1.14,4,218.1558
1.14,4,218.169106
1.29,6,218.188204
1.19,5,218.202114
1.14,4,218.213544
1.14,4,218.22503
-0.79,5,218.243868
1.19,5,218.261675
1.14,4,218.281784
1.19,5,218.299607
-0.69,7,218.324755
1.14,4,218.337959
-0.72,7,218.365935
-0.88,6,218.399051
1.29,6,218.4249
1.14,4,218.445672
1.14,4,218.464923
1.14,4,218.487989
1.34,7,218.520163
-0.77,7,218.555275
-0.71,7,218.59991
1.14,4,218.631738
1.14,4,218.67946
1.14,4,218.704713
1.14,4,218.721567
1.44,8,218.753493
1.14,4,218.767441
1.37,10,218.801629
1.14,4,218.815679
1.14,4,218.829831
1.14,4,218.846327
1.14,4,218.867485
1.24,5,218.889392
-0.76,6,218.92249
1.14,4,218.935961
-0.6,9,219.595589
-0.86,5,219.638963
1.19,5,219.664649
1.14,4,219.677155
1.14,4,219.690053
1.14,4,219.702801
1.13,5,219.720533
1.29,6,219.738986
1.14,4,219.752156
1.14,4,219.764279
1.14,4,219.779806
1.14,4,219.792431
1.14,4,219.804518
1.14,4,219.814874
1.34,7,219.835094
1.14,4,219.84799
1.14,4,219.859983
1.14,4,219.874191
1.14,4,219.884205
1.14,4,219.895955
1.14,4,219.912789
1.14,4,219.925598
1.14,4,219.937248
1.14,4,219.948954
1.14,4,219.959748
1.14,4,219.972008
1.14,4,219.990155
1.14,4,220.008586
1.14,4,220.026388
1.19,5,220.039023
1.29,6,220.057932
1.14,4,220.067174
1.14,4,220.077268
1.14,4,220.088843
1.14,4,220.101196
1.14,4,220.116601
1.34,7,220.141476
1.19,5,220.17397
1.14,4,220.199257
1.19,5,220.230231
-0.82,6,220.275786
1.14,4,220.306512
1.14,4,220.33281
1.14,4,220.358487
1.38,9,220.388589
1.14,4,220.402812
-0.99,6,220.418496
1.19,5,220.436928
1.14,4,220.449437
1.14,4,220.462192
1.14,4,220.47362
1.34,7,220.49775
1.29,6,220.516982
1.14,4,220.533535
1.14,4,220.547137
-0.81,5,220.565627
1.19,5,220.581535
1.14,4,220.598102
1.14,4,220.611272
1.14,4,220.623257
1.14,4,220.635493
1.14,4,220.647717
-0.81,5,220.666414
-0.8,7,220.691339
1.14,4,220.704319
1.19,5,220.720861
1.14,4,220.733227
1.14,4,220.748516
1.14,4,220.761037
1.14,4,220.774465
1.13,5,220.790639
1.13,5,220.805168
1.14,4,220.819416
1.14,4,220.833269
1.14,4,220.849268
1.31,7,220.891713
1.14,4,220.918169
-0.67,8,220.967138
-0.86,4,220.999993
-0.91,4,221.028675
1.34,7,221.063571
1.14,4,221.077893
1.14,4,221.091986
1.14,4,221.104952
1.14,4,221.117331
1.14,4,221.131617
1.14,4,221.143337
1.29,6,221.163875
-0.97,4,221.181746
1.14,4,221.198096
1.14,4,221.212275
1.14,4,221.227006
1.14,4,221.239283
1.34,7,221.265129
1.19,5,221.289668
-0.76,6,221.314177
1.14,4,221.330292
1.14,4,221.346392
1.19,5,221.362343
1.29,6,221.381242
-0.86,5,221.397686
1.14,4,221.411829
1.14,4,221.423263
1.29,6,221.441805
1.14,4,221.452964
-0.81,5,221.47192
1.14,4,221.494852
1.14,4,221.516906
-0.67,8,221.556353
1.14,4,221.568159
1.14,4,221.58028
1.18,6,221.602568
1.19,5,221.62813
1.14,4,221.646399
1.14,4,221.659159
1.14,4,221.670884
1.14,4,221.683341
1.19,5,221.702272
1.14,4,221.717745
1.14,4,221.731685
1.14,4,221.744266
1.14,4,221.757159
1.14,4,221.775778
1.14,4,221.788632
-0.77,7,221.819149
1.14,4,221.833242
1.14,4,221.846028
1.14,4,221.860597
-0.92,5,221.878747
1.14,4,221.891407
1.29,6,221.910901
1.14,4,221.926319
1.14,4,221.937033
1.19,5,221.952733
1.14,4,221.968463
1.14,4,221.980363
1.14,4,221.992561
1.38,9,222.02447
1.14,4,222.048518
1.13,5,222.069199
-0.82,7,222.099191
1.33,8,222.15706
1.18,6,222.189883
1.29,6,222.210669
1.14,4,222.222965
1.14,4,222.235278
1.19,5,222.250908
-0.76,6,222.278799
1.29,6,222.314745
1.14,4,222.329996
1.14,4,222.350154
1.14,4,222.370562
1.14,4,222.38713
1.34,7,222.419602
1.14,4,222.434712
-0.98,5,222.46472
1.14,4,222.492079
1.14,4,222.517825
1.19,5,222.542053
1.14,4,222.559351
1.14,4,222.576755
1.14,4,222.596465
1.19,5,222.620088
1.14,4,222.645159
1.28,7,222.688101
1.14,4,222.704455
1.19,5,222.721939
1.14,4,222.738677
1.14,4,222.751869
1.14,4,222.764488
1.34,7,222.782761
1.14,4,222.793393
-0.85,9,222.839179
1.19,5,222.863965
1.14,4,222.877072
1.14,4,222.887978
1.14,4,222.912975
1.19,5,222.953945
-0.85,9,223.016129
-0.81,5,223.041918
-0.86,5,223.058703
1.14,4,223.070196
-0.92,8,223.09655
1.14,4,223.112067
1.28,7,223.131914
1.14,4,223.143101
1.14,4,223.154519
1.14,4,223.167436
1.14,4,223.182419
-0.81,6,223.207435
1.18,6,223.238442
-0.82,6,223.268208
1.14,4,223.282812
1.49,9,223.310313
1.14,4,223.322052
1.14,4,223.336284
1.14,4,223.348746
1.14,4,223.358563
1.14,4,223.369656
1.23,7,223.392592
1.19,5,223.407717
1.14,4,223.419224
1.14,4,223.433941
-0.8,6,223.453245
1.14,4,223.467206
1.14,4,223.479379
1.14,4,223.495039
1.14,4,223.507002
1.14,4,223.519055
1.14,4,223.532612
1.41,8,223.557472
1.14,4,223.568704
-0.81,5,223.585145
1.14,4,223.597727
1.13,5,223.613376
1.14,4,223.625803
1.14,4,223.640427
1.24,6,223.657997
1.13,5,223.672445
1.14,4,223.692419
1.14,4,223.705588
1.14,4,223.71857
1.14,4,223.731051
1.34,7,223.752369
1.44,8,223.77748
1.14,4,223.789586
1.18,6,223.807671
1.14,4,223.819522
1.14,4,223.84435
1.19,5,223.878429
1.14,4,223.894287
-0.92,5,223.917188
1.24,6,223.956584
1.14,4,223.973025
1.14,4,223.98547
1.14,4,223.996702
1.14,4,224.008751
1.14,4,224.019802
1.14,4,224.041582
1.14,4,224.0709
-0.76,6,224.11639
1.14,4,224.14616
1.14,4,224.171567
1.14,4,224.192446
-0.91,4,224.212335
1.14,4,224.226288
-0.82,6,224.246559
-0.81,5,224.264376
1.13,5,224.283974
1.34,7,224.30757
1.14,4,224.333144
1.14,4,224.359286
1.14,4,224.373269
1.14,4,224.385656
-0.66,7,224.409944
1.14,4,224.421111
1.13,5,224.435654
1.14,4,224.446966
1.14,4,224.458135
-0.86,4,224.470566
1.14,4,224.482919
-0.81,5,224.504189
1.14,4,224.516056
-0.76,6,224.535703
1.19,5,224.549066
1.19,5,224.564443
-0.86,4,224.578581
1.14,4,224.591414
1.14,4,224.603639
1.14,4,224.614831
1.14,4,224.629526
1.14,4,224.648567
-0.77,7,224.702585
1.28,8,224.759753
1.14,4,224.791051
1.14,4,224.812033
1.14,4,224.829282
1.14,4,224.843696
-0.91,4,224.856591
1.14,4,224.870807
1.14,4,224.882734
1.14,4,224.895048
1.14,4,224.90704
1.14,4,224.91858
-0.76,6,224.937402
1.14,4,224.948843
-0.81,5,224.96505
-0.91,4,224.978792
1.14,4,224.994224
-0.91,4,225.008005
1.14,4,225.019632
-0.82,7,225.042171
1.14,4,225.053437
1.14,4,225.066078
1.33,8,225.098076
1.14,4,225.113388
1.14,4,225.127445
1.14,4,225.149349
1.14,4,225.165305
1.14,4,225.17917
1.14,4,225.195898
1.14,4,225.213003
-0.81,5,225.23078
1.14,4,225.24422
1.14,4,225.25536
1.14,4,225.267012
1.14,4,225.279071
1.34,8,225.306347
1.14,4,225.319269
-0.81,5,225.334131
1.41,8,225.387053
1.24,6,225.417943
1.14,4,225.431137
1.19,5,225.446777
1.24,6,225.464949
1.14,4,225.479133
-0.76,6,225.501184
1.14,4,225.513143
1.14,4,225.525342
1.34,7,225.546742
1.14,4,225.559026
1.19,5,225.573176
-0.82,6,225.589798
-0.71,6,225.612345
1.14,4,225.627856
1.14,4,225.670112
-0.86,4,225.702122
1.14,4,225.722968
1.14,4,225.735448
1.14,4,225.748285
1.24,6,225.768818
1.14,4,225.779783
-0.81,5,225.798669
-0.77,7,225.82334
-0.88,7,225.852404
1.14,4,225.86661
1.19,5,225.894979
1.14,4,225.921383
1.14,4,225.948746
1.14,4,225.96837
1.14,4,225.980743
-0.98,5,225.997008
1.14,4,226.009465
1.19,5,226.023825
1.14,4,226.03523
1.14,4,226.045942
1.14,4,226.057706
1.19,5,226.074701
1.14,4,226.086761
1.14,4,226.100689
1.14,4,226.112513
1.14,4,226.125265
-0.81,5,226.143608
1.18,6,226.163777
-0.74,10,226.197618
1.14,4,226.211812
1.18,6,226.231638
1.14,4,226.243985
1.14,4,226.255575
1.19,5,226.270296
-0.66,7,226.293175
1.14,4,226.305829
1.14,4,226.317408
1.14,4,226.329026
1.18,6,226.346554
1.14,4,226.36141
1.14,4,226.378761
1.14,4,226.401331
1.14,4,226.424587
1.14,4,226.455701
1.14,4,226.476899
1.34,7,226.526282
1.14,4,226.548108
1.18,6,226.584597
1.14,4,226.59827
1.14,4,226.610735
1.14,4,226.623524
-0.69,7,226.650949
1.14,4,226.663997
1.14,4,226.680323
1.29,7,226.702965
1.14,4,226.714815
1.14,4,226.72672
1.14,4,226.739022
1.14,4,226.752026
1.14,4,226.767288
1.14,4,226.778508
-0.73,8,226.804139
1.29,6,226.824002
1.14,4,226.836387
1.14,4,226.850675
1.34,7,226.875448
1.14,4,226.888491
1.14,4,226.904969
1.14,4,226.921479
1.14,4,226.932924
-0.81,5,226.949018
1.14,4,226.961091
1.14,4,226.971972
1.14,4,226.983266
-0.68,9,227.011166
1.14,4,227.024713
1.14,4,227.037822
1.19,5,227.054787
1.14,4,227.06784
1.19,5,227.087119
1.14,4,227.102106
1.14,4,227.117969
1.14,4,227.135565
1.13,5,227.15479
1.14,4,227.170976
1.18,6,227.195587
1.14,4,227.216046
1.14,4,227.236489
1.19,5,227.259896
1.14,4,227.272647
1.14,4,227.287249
1.14,4,227.29925
1.14,4,227.311511
1.14,4,227.323162
1.19,5,227.33914
1.14,4,227.351121
1.14,4,227.363384
1.46,8,227.39408
1.14,4,227.406735
-0.89,7,227.439801
1.34,7,227.461863
1.36,8,227.519506
-0.77,7,227.5429
1.24,6,227.564409
1.34,7,227.588689
1.14,4,227.60458
1.14,4,227.620235
1.29,7,227.647858
1.14,4,227.661449
1.14,4,227.680531
1.14,4,227.696634
1.14,4,227.708599
1.14,4,227.724428
-0.71,6,227.743354
1.14,4,227.757774
1.14,4,227.768927
1.29,6,227.787448
1.44,8,227.812281
1.14,4,227.825258
-0.77,7,227.853089
1.14,4,227.869713
1.14,4,227.881938
1.14,4,227.898162
1.14,4,227.913852
1.23,7,227.951438
1.14,4,227.972946
1.14,4,227.988516
1.39,8,228.013763
1.13,5,228.029209
1.14,4,228.043815
1.14,4,228.06032
1.14,4,228.078973
1.14,4,228.093944
1.14,4,228.10736
1.14,4,228.118721
1.18,6,228.140084
1.29,6,228.15871
1.14,4,228.170705
-0.72,8,228.200028
1.14,4,228.211408
-0.71,7,228.235356
1.14,4,228.250849
1.18,6,228.283067
1.14,4,228.298379
1.14,4,228.310444
1.14,4,228.324596
1.14,4,228.337646
1.14,4,228.349753
1.14,4,228.361042
1.14,4,228.374139
-0.76,6,228.39361
1.14,4,228.411932
1.14,4,228.431602
1.14,4,228.451298
1.14,4,228.464843
1.14,4,228.477357
1.14,4,228.487943
1.34,7,228.509773
1.13,5,228.525069
1.29,6,228.541824
1.14,4,228.554825
1.14,4,228.566918
1.14,4,228.576992
1.14,4,228.587243
1.14,4,228.603716
1.14,4,228.616468
1.14,4,228.629591
1.14,4,228.645439
-0.71,7,228.671003
1.14,4,228.684373
1.29,7,228.711189
1.14,4,228.724307
1.14,4,228.736163
1.14,4,228.749001
1.14,4,228.761086
1.21,5,228.776746
1.38,9,228.803786
-0.74,6,228.825577
1.14,4,228.840917
1.3,8,228.864357
1.14,4,228.877998
1.23,7,228.906324
1.34,7,228.959035
1.14,4,228.995945
1.14,4,229.015223
1.14,4,229.029124
1.14,4,229.042449
-0.88,6,229.067199
1.14,4,229.106788
1.29,6,229.152151
1.14,4,229.166164
-0.81,5,229.182948
1.14,4,229.195445
1.14,4,229.20812
1.18,6,229.22553
-0.81,5,229.255815
-0.77,7,229.299294
1.34,7,229.31936
1.14,4,229.330591
-0.77,7,229.358816
1.19,5,229.39994
1.14,4,229.417968
1.14,4,229.428859
1.19,5,229.448437
1.14,4,229.463436
-0.83,7,229.489468
1.14,4,229.502591
1.14,4,229.514442
1.14,4,229.528306
1.14,4,229.541615
1.14,4,229.553967
-0.87,5,229.57146
1.14,4,229.583544
1.14,4,229.595717
1.14,4,229.608945
1.29,6,229.628995
1.14,4,229.641716
1.14,4,229.655906
1.14,4,229.672613
1.14,4,229.682839
1.19,5,229.704587
1.13,5,229.723019
1.14,4,229.73749
1.14,4,229.748722
1.14,4,229.762128
1.14,4,229.774025
1.14,4,229.786333
1.14,4,229.79921
1.14,4,229.812614
1.13,5,229.832103
1.13,5,229.850734
1.14,4,229.863704
-1.0,7,229.884465
1.14,4,229.895502
1.14,4,229.907973
1.14,4,229.919326
1.14,4,229.938786
1.14,4,229.960473
1.19,5,229.991699
1.14,4,230.018521
1.14,4,230.037113
1.14,4,230.054646
-0.77,7,230.09043
1.14,4,230.104938
1.14,4,230.11872
1.14,4,230.130631
1.14,4,230.14223
1.14,4,230.155889
1.14,4,230.16902
1.14,4,230.18244
1.18,6,230.207116
1.14,4,230.220532
1.14,4,230.235762
-0.82,6,230.255942
-0.76,6,230.276536
1.14,4,230.288601
1.14,4,230.303065
1.14,4,230.314094
-0.66,7,230.337755
1.14,4,230.349407
1.14,4,230.362745
1.14,4,230.375269
1.14,4,230.387173
1.18,6,230.405432
1.14,4,230.416728
1.14,4,230.428926
1.14,4,230.441549
1.14,4,230.454883
1.14,4,230.466979
1.14,4,230.47742
1.14,4,230.489393
-0.76,6,230.509434
1.14,4,230.523317
1.14,4,230.537351
-0.73,8,230.566459
1.14,4,230.574749
1.19,5,230.589903
-0.71,7,230.613599
1.14,4,230.627388
1.19,5,230.651554
1.14,4,230.671388
1.14,4,230.690528
1.14,4,230.707149
1.29,7,230.740791
-0.86,5,230.757315
1.14,4,230.773643
1.14,4,230.792587
1.14,4,230.81755
1.14,4,230.833105
1.14,4,230.849846
1.14,4,230.861406
1.14,4,230.872446
1.14,4,230.882927
1.14,4,230.895041
1.14,4,230.907904
1.14,4,230.923009
-0.66,7,230.945019
1.14,4,230.957869
-0.76,6,230.977686
1.19,5,230.994021
1.14,4,231.006116
-0.67,8,231.026608
1.14,4,231.038683
1.24,6,231.069466
-0.81,5,231.106845
1.14,4,231.133784
1.14,4,231.157783
1.14,4,231.184501
1.14,4,231.210762
1.14,4,231.225988
1.19,5,231.243632
1.14,4,231.264661
1.14,4,231.291406
1.14,4,231.316351
-0.76,6,231.357632
1.14,4,231.384871
1.14,4,231.413233
1.14,4,231.444392
1.14,4,231.47555
1.14,4,231.506455
1.14,4,231.535051
1.14,4,231.56268
1.14,4,231.577346
1.39,8,231.603483
1.14,4,231.61902
1.29,7,231.644477
1.14,4,231.658044
1.14,4,231.672014
1.14,4,231.687553
1.14,4,231.698165
1.14,4,231.709693
1.14,4,231.722178
1.14,4,231.735054
1.29,6,231.756521
1.19,5,231.774915
1.14,4,231.787445
-0.82,6,231.811027
1.14,4,231.825855
1.14,4,231.840516
1.14,4,231.855418
-0.71,6,231.883048
1.14,4,231.895759
1.14,4,231.906378
-0.88,6,231.930044
1.29,6,231.952688
1.14,4,231.96781
1.14,4,231.979581
1.14,4,231.992375
-0.76,6,232.01454
1.2,6,232.036443
1.19,5,232.060664
1.14,4,232.078165
-0.92,5,232.093019
-0.86,4,232.106285
1.29,6,232.167518
1.14,4,232.195867
-0.74,6,232.217362
1.14,4,232.231157
1.14,4,232.244084
-0.73,9,232.281511
1.14,4,232.297745
1.14,4,232.315614
1.14,4,232.329683
1.14,4,232.339478
1.14,4,232.357905
1.14,4,232.37196
-0.66,8,232.402095
1.14,4,232.416329
1.14,4,232.427661
-0.76,6,232.446185
1.14,4,232.457886
-0.87,6,232.478226
1.14,4,232.49427
1.14,4,232.506237
1.29,6,232.529289
1.14,4,232.541783
-0.61,8,232.570247
1.14,4,232.584018
1.19,5,232.603234
1.34,7,232.627122
1.14,4,232.640754
1.14,4,232.653868
1.14,4,232.670371
1.14,4,232.683767
1.34,7,232.709971
1.14,4,232.731422
1.14,4,232.746771
1.19,5,232.76985
-0.87,6,232.804608
1.14,4,232.823466
1.14,4,232.83794
1.14,4,232.849374
-0.81,6,232.868583
1.14,4,232.879137
1.14,4,232.890583
-0.73,8,232.913701
1.14,4,232.924825
1.14,4,232.939248
1.13,5,232.954565
-0.79,5,232.970768
1.14,4,232.98338
1.14,4,232.995299
-0.98,5,233.011944
1.13,5,233.026052
-0.92,5,233.050517
1.14,4,233.064378
1.14,4,233.07572
-0.86,4,233.08893
1.14,4,233.102805
1.14,4,233.116147
1.14,4,233.128718
1.14,4,233.142191
1.14,4,233.154287
1.14,4,233.171062
1.19,5,233.188322
1.19,5,233.203198
1.14,4,233.221963
1.14,4,233.238175
1.14,4,233.260078
1.14,4,233.275737
1.13,5,233.296316
1.14,4,233.30996
-0.81,5,233.335251
1.34,7,233.360882
1.14,4,233.373098
1.14,4,233.385443
1.14,4,233.398577
1.14,4,233.410262
1.14,4,233.42266
1.19,5,233.44103
1.14,4,233.453129
-0.71,6,233.474131
1.14,4,233.486192
1.14,4,233.496514
1.14,4,233.509933
1.14,4,233.522799
1.14,4,233.537354
1.14,4,233.552285
1.14,4,233.568707
1.14,4,233.583935
1.14,4,233.598875
1.19,5,233.616679
1.14,4,233.629973
1.14,4,233.644593
1.14,4,233.658538
1.14,4,233.670978
1.14,4,233.683854
1.4,9,233.709672
1.29,6,233.729217
1.14,4,233.741732
1.29,6,233.760898
1.14,4,233.774074
1.19,5,233.790569
1.14,4,233.803489
1.19,5,233.822579
1.14,4,233.83523
1.14,4,233.844486
1.21,5,233.858083
1.14,4,233.871719
1.14,4,233.885704
1.14,4,233.899516
1.14,4,233.912633
-0.76,6,233.936393
-0.82,6,233.957507
1.34,7,233.979964
1.19,5,233.996861
1.14,4,234.013602
1.14,4,234.026991
1.14,4,234.040275
1.14,4,234.053464
1.14,4,234.067774
1.14,4,234.08172
-0.78,8,234.110948
1.14,4,234.125239
1.14,4,234.137412
1.14,4,234.175773
1.14,4,234.195091
1.14,4,234.21005
1.14,4,234.224298
1.2,6,234.246189
1.19,5,234.263002
-0.76,6,234.284212
1.19,5,234.299577
1.14,4,234.312052
1.19,5,234.325271
1.14,4,234.338581
1.14,4,234.355391
1.14,4,234.36891
1.14,4,234.382637
1.14,4,234.39618
1.24,6,234.418427
1.14,4,234.433177
1.19,5,234.453785
1.14,4,234.468078
1.14,4,234.481607
1.14,4,234.492891
1.14,4,234.505213
1.19,5,234.52161
-0.88,6,234.542881
1.14,4,234.560983
1.14,4,234.57911
1.14,4,234.596542
1.34,7,234.62521
1.28,7,234.650941
1.14,4,234.662527
1.14,4,234.676414
1.14,4,234.687921
1.14,4,234.701486
1.24,6,234.720624
1.14,4,234.73464
-0.91,4,234.751512
1.14,4,234.765777
1.14,4,234.780646
-0.86,4,234.796156
1.14,4,234.809188
-0.93,6,234.827494
1.14,4,234.838298
1.14,4,234.853402
1.14,4,234.869857
1.14,4,234.884954
1.14,4,234.89925
1.14,4,234.916406
1.14,4,234.931943
-0.87,6,234.955866
1.14,4,234.972178
1.14,4,234.986097
1.14,4,235.001346
1.14,4,235.015289
1.14,4,235.032004
1.14,4,235.046001
1.14,4,235.060932
-0.86,4,235.074067
1.19,5,235.09355
1.14,4,235.112878
1.14,4,235.127202
1.14,4,235.140831
1.14,4,235.154667
1.34,7,235.178512
1.14,4,235.190564
1.34,7,235.213942
1.14,4,235.225659
1.28,7,235.249257
1.14,4,235.261061
-0.62,9,235.28853
1.14,4,235.300438
1.14,4,236.106255
1.33,8,236.144817
1.14,4,236.164018
-0.76,6,236.193979
1.14,4,236.20594
1.14,4,236.218394
1.14,4,236.230989
1.14,4,236.247317
1.14,4,236.258456
1.14,4,236.270945
1.19,5,236.287699
1.14,4,236.301131
1.14,4,236.313764
1.14,4,236.328526
1.14,4,236.339789
1.14,4,236.352414
1.14,4,236.364477
1.14,4,236.375684
1.14,4,236.388331
1.43,9,236.415816
1.14,4,236.429516
1.14,4,236.441275
1.14,4,236.453241
1.18,6,236.471764
1.14,4,236.483787
-0.7,7,236.508296
1.14,4,236.520624
1.14,4,236.532048
1.18,6,236.554698
1.14,4,236.567502
-0.76,6,236.596017
1.14,4,236.614479
1.14,4,236.627213
1.14,4,236.644621
1.14,4,236.662243
1.14,4,236.67434
1.14,4,236.685717
1.14,4,236.698925
1.14,4,236.712977
1.14,4,236.725059
1.13,5,236.741764
1.29,6,236.764316
1.49,8,236.794042
1.14,4,236.809225
1.14,4,236.827337
1.14,4,236.84402
1.14,4,236.856618
1.23,7,236.882386
1.14,4,236.895607
1.14,4,236.905354
1.14,4,236.91803
1.14,4,236.930611
1.14,4,236.946688
1.14,4,236.962354
1.14,4,236.978816
1.14,4,236.990921
1.14,4,237.004019
-0.98,5,237.019967
1.14,4,237.036268
-0.87,5,237.051799
1.14,4,237.064894
1.14,4,237.078541
1.19,5,237.097327
1.14,4,237.111255
-0.76,6,237.134304
1.14,4,237.149208
1.14,4,237.162637
1.14,4,237.175545
1.19,5,237.193754
1.14,4,237.210107
1.14,4,237.224309
1.24,6,237.245144
1.19,5,237.261862
1.14,4,237.275395
1.14,4,237.287913
1.14,4,237.299032
1.29,6,237.319457
-0.81,5,237.337889
1.19,5,237.359424
1.14,4,237.372606
1.14,4,237.384393
1.14,4,237.395882
1.14,4,237.407454
-0.94,7,237.429421
1.14,4,237.441641
1.14,4,237.454829
1.14,4,237.468424
1.14,4,237.482157
1.14,4,237.49506
1.14,4,237.510221
1.14,4,237.521785
1.19,5,237.542369
1.14,4,237.553699
1.14,4,237.576147
1.14,4,237.595221
1.14,4,237.615541
1.14,4,237.638061
1.19,5,237.666092
1.14,4,237.684864
1.14,4,237.699833
1.14,4,237.717558
1.14,4,237.732792
1.14,4,237.749932
1.23,7,237.777725
1.33,8,237.801199
1.14,4,237.815608
1.29,6,237.835276
1.14,4,237.850204
1.14,4,237.862375
1.34,7,237.884474
1.14,4,237.89735
1.14,4,237.910942
1.14,4,237.9235
1.14,4,237.934771
1.14,4,237.947381
1.14,4,237.959537
1.14,4,237.970629
1.14,4,237.984606
1.14,4,238.001347
1.14,4,238.015177
1.14,4,238.029225
1.14,4,238.041409
1.14,4,238.055176
1.14,4,238.065852
1.14,4,238.076601
-0.76,6,238.095515
1.14,4,238.105623
-0.77,7,238.129416
1.14,4,238.142339
1.14,4,238.15426
1.14,4,238.168231
1.14,4,238.182872
1.14,4,238.194349
1.18,6,238.212613
1.18,6,238.230667
-0.76,6,238.251834
1.19,5,238.267793
1.14,4,238.281092
-0.86,5,238.301348
1.14,4,238.314715
1.23,7,238.344341
1.14,4,238.356137
-0.77,7,238.380648
1.14,4,238.397301
1.14,4,238.412185
1.14,4,238.425663
1.14,4,238.439041
-0.76,6,238.462322
1.14,4,238.477427
1.14,4,238.513126
1.14,4,238.530395
1.14,4,238.547388
1.14,4,238.567015
1.14,4,238.583508
1.14,4,238.595947
1.14,4,238.607375
1.14,4,238.619077
1.14,4,238.631648
1.14,4,238.645539
1.14,4,238.657297
1.14,4,238.672814
1.14,4,238.684983
1.19,5,238.702476
1.14,4,238.717154
1.14,4,238.737656
1.14,4,238.760288
1.14,4,238.778187
1.14,4,238.793658
1.14,4,238.805063
1.14,4,238.817286
1.14,4,238.829889
1.14,4,238.851342
1.14,4,238.897689
1.14,4,238.923836
-0.86,5,238.945689
-0.67,8,238.972619
1.14,4,238.985469
1.19,5,239.006168
1.34,7,239.035691
1.14,4,239.048317
1.14,4,239.060286
1.29,6,239.078259
1.24,5,239.095498
1.14,4,239.107377
1.14,4,239.118149
1.14,4,239.130186
1.14,4,239.143606
1.14,4,239.156973
1.14,4,239.168318
-0.77,7,239.192737
1.14,4,239.204808
1.14,4,239.218556
1.14,4,239.230608
1.14,4,239.243482
-0.69,6,239.264364
1.14,4,239.278976
1.14,4,239.292741
1.14,4,239.303413
1.14,4,239.316731
1.19,5,239.33307
1.19,5,239.349333
1.14,4,239.364651
1.14,4,239.38516
1.14,4,239.405033
1.14,4,239.420156
1.14,4,239.435173
1.14,4,239.449092
1.14,4,239.463322
1.14,4,239.488762
-0.76,6,239.520843
1.14,4,239.535188
1.14,4,239.550173
1.14,4,239.562188
1.14,4,239.573868
1.14,4,239.589355
1.14,4,239.603227
1.14,4,239.615693
1.13,5,239.630838
1.14,4,239.644069
1.14,4,239.656155
1.14,4,239.66909
1.14,4,239.680764
1.14,4,239.692295
1.14,4,239.71123
1.14,4,239.72274
-0.76,6,239.743971
1.14,4,239.759404
1.19,5,239.778191
1.14,4,239.79595
1.18,6,239.829347
1.14,4,239.850218
1.33,7,239.879504
-0.82,7,239.898289
1.14,4,239.912492
1.18,6,239.931974
1.14,4,239.944005
1.19,5,239.959043
1.14,4,239.97084
1.24,6,239.992458
1.34,7,240.014507
1.14,4,240.026546
1.14,4,240.037477
1.14,4,240.083571
1.14,4,240.133305
1.14,4,240.159679
1.14,4,240.174663
-0.78,8,240.20853
1.14,4,240.227596
1.14,4,240.245433
1.14,4,240.268294
1.28,8,240.317039
1.14,4,240.339768
1.14,4,240.362604
1.14,4,240.38309
1.14,4,240.400719
1.14,4,240.422052
1.13,5,240.43906
1.14,4,240.45066
1.14,4,240.463516
1.14,4,240.479888
1.14,4,240.490757
-0.79,5,240.51058
1.24,6,240.529168
1.14,4,240.548193
1.14,4,240.571592
-0.78,8,240.604464
1.14,4,240.616121
1.14,4,240.629192
1.14,4,240.640734
-0.76,6,240.661732
1.14,4,240.676488
1.14,4,240.688029
1.19,5,240.704287
1.14,4,240.716606
1.14,4,240.727303
-0.69,7,240.750481
1.14,4,240.762907
1.14,4,240.776755
1.19,5,240.793605
1.19,5,240.808982
1.14,4,240.819699
1.14,4,240.843348
1.14,4,240.859189
1.14,4,240.873363
1.14,4,240.885685
1.14,4,240.900784
1.14,4,240.914011
1.14,4,240.925905
1.14,4,240.937802
1.14,4,240.949029
1.19,5,240.968089
1.19,5,240.988504
1.14,4,240.999148
1.14,4,241.013446
-0.82,6,241.032255
-0.76,6,241.055637
1.14,4,241.07198
1.14,4,241.08714
1.19,5,241.10215
1.14,4,241.117143
1.14,4,241.138064
1.14,4,241.162488
1.14,4,241.180411
1.14,4,241.197142
1.14,4,241.233587
1.14,4,241.255118
-0.61,8,241.290894
1.14,4,241.30368
1.14,4,241.315868
1.14,4,241.335041
1.14,4,241.350481
1.14,4,241.36707
-0.71,6,241.391721
1.14,4,241.405475
1.14,4,241.414948
-0.71,6,241.434713
1.14,4,241.449299
1.14,4,241.463833
1.14,4,241.475229
1.14,4,241.486137
1.14,4,241.497515
1.14,4,241.508154
-0.71,7,241.530777
1.14,4,241.543703
1.29,6,241.565239
1.19,5,241.581376
1.19,5,241.599873
1.14,4,241.615504
1.14,4,241.644056
1.14,4,241.684345
1.14,4,241.705679
1.14,4,241.717635
1.14,4,241.73137
1.14,4,241.743963
1.14,4,241.754864
1.19,5,241.772156
-0.89,8,241.796828
1.14,4,241.811208
1.14,4,241.824513
1.29,6,241.850666
1.14,4,241.868171
1.34,7,241.896447
-0.87,5,241.914091
1.14,4,241.928866
1.14,4,241.944609
1.14,4,241.958174
1.14,4,241.969767
1.14,4,241.982188
1.29,6,242.000349
1.14,4,242.013533
-0.86,4,242.026252
1.14,4,242.037316
-0.76,6,242.065574
1.14,4,242.084101
1.14,4,242.108461
1.19,5,242.127637
1.19,5,242.147312
1.14,4,242.161307
1.14,4,242.173094
1.19,5,242.193207
1.14,4,242.208449
1.14,4,242.222914
-0.71,7,242.25884
1.14,4,242.273931
1.14,4,242.285956
1.14,4,242.299763
-0.66,7,242.324638
1.24,6,242.344618
1.14,4,242.358415
-0.81,5,242.377148
1.14,4,242.390712
1.14,4,242.40201
-0.76,6,242.424248
1.14,4,242.435575
1.14,4,242.44885
1.14,4,242.46279
1.14,4,242.47601
1.14,4,242.488149
1.14,4,242.503798
1.13,5,242.525307
1.14,4,242.537971
1.14,4,242.550581
1.14,4,242.566954
1.14,4,242.585386
1.14,4,242.605015
1.14,4,242.622892
1.14,4,242.635489
1.14,4,242.647903
1.14,4,242.660254
-0.86,4,242.672301
1.19,5,242.686708
1.14,4,242.700895
1.14,4,242.712992
-0.86,4,242.732887
1.14,4,242.752441
1.14,4,242.780675
1.14,4,242.806442
1.14,4,242.901194
1.14,4,242.930051
1.14,4,242.948347
1.14,4,242.962885
1.14,4,242.977766
1.24,6,242.998939
1.13,5,243.017277
1.14,4,243.032387
1.19,5,243.055994
1.14,4,243.070704
1.19,5,243.092767
1.14,4,243.104813
1.14,4,243.116943
-0.66,7,243.137409
1.14,4,243.251157
1.14,4,243.280798
1.14,4,243.29474
1.14,4,243.307492
1.14,4,243.319188
1.14,4,243.330346
1.19,5,243.347977
1.19,5,243.367931
1.14,4,243.381858
1.14,4,243.39489
1.14,4,243.408261
1.14,4,243.423395
1.14,4,243.435632
1.29,6,243.460026
1.14,4,243.474949
1.34,7,243.501348
1.14,4,243.512887
-0.76,6,243.53624
1.14,4,243.548928
1.34,7,243.573863
1.14,4,243.586554
1.14,4,243.597604
1.14,4,243.610752
1.14,4,243.626835
1.14,4,243.64355
1.14,4,243.658727
1.14,4,243.671424
1.19,5,243.694151
1.19,5,243.713258
1.14,4,243.812261
1.14,4,243.82763
1.14,4,243.861469
1.14,4,243.875478
1.19,5,243.89821
1.29,6,243.921767
1.39,8,243.951418
1.14,4,243.966129
1.14,4,243.980718
1.14,4,243.994454
1.14,4,244.007797
1.14,4,244.024732
-0.89,8,244.146875
1.14,4,244.161698
1.19,5,244.181143
1.14,4,244.193685
1.14,4,244.206853
1.14,4,244.221308
1.14,4,244.233516
1.14,4,244.245197
1.14,4,244.259111
1.14,4,244.275103
1.14,4,244.289403
1.14,4,244.30568
1.14,4,244.325205
1.14,4,244.339337
-0.71,7,244.365689
1.14,4,244.384413
1.11,7,244.41517
1.14,4,244.433473
1.14,4,244.453712
1.14,4,244.479209
1.43,9,244.52339
1.14,4,244.536614
1.14,4,244.546594
1.14,4,244.559503
1.14,4,244.572434
1.14,4,244.58654
1.14,4,244.605411
-0.62,9,244.645068
-0.83,7,244.668907
1.14,4,244.680782
1.14,4,244.692117
1.14,4,244.704061
1.14,4,244.714604
1.14,4,244.735928
1.14,4,244.755388
1.14,4,244.770987
1.14,4,244.785181
1.19,5,244.805543
1.19,5,244.826348
1.14,4,244.84269
1.14,4,244.860604
1.14,4,244.883213
1.14,4,244.939415
1.14,4,244.965357
1.14,4,244.981459
1.18,6,245.004685
1.14,4,245.01861
1.14,4,245.032139
1.14,4,245.047615
1.14,4,245.060923
1.14,4,245.076358
-0.69,10,245.107689
1.14,4,245.123008
1.19,5,245.139642
1.14,4,245.152893
1.19,5,245.176376
1.14,4,245.189976
1.19,5,245.206676
1.14,4,245.222524
1.14,4,245.239856
1.14,4,245.263809
1.14,4,245.279245
1.14,4,245.290606
1.26,6,245.315251
1.14,4,245.330727
1.29,6,245.355052
1.14,4,245.370074
1.14,4,245.383459
1.14,4,245.403159
1.34,7,245.502858
1.14,4,245.517423
1.14,4,245.531551
1.14,4,245.546896
1.14,4,245.565457
1.14,4,245.583238
1.14,4,245.596582
1.24,6,245.61692
1.14,4,245.63002
1.14,4,245.647676
1.14,4,245.666106
1.14,4,245.679094
1.14,4,245.691442
1.24,6,245.804108
1.19,5,245.826878
-0.83,7,245.871661
1.24,6,245.896373
1.14,4,245.910493
1.14,4,245.923648
-0.91,4,245.938766
1.14,4,245.954497
-0.82,6,245.985201
1.19,5,246.005457
1.14,4,246.018991
-0.86,5,246.040272
1.14,4,246.06007
1.28,7,246.081606
-0.77,7,246.102765
1.19,5,246.123915
-0.91,4,246.149219
1.19,5,246.178959
1.14,4,246.190749
-0.81,6,246.212717
1.14,4,246.227023
1.14,4,246.242102
1.24,6,246.260664
1.14,4,246.272831
1.14,4,246.285763
-0.81,5,246.303495
1.19,5,246.317316
1.18,6,246.339574
1.13,5,246.358518
1.34,7,246.379755
1.19,5,246.395727
-0.76,6,246.414368
1.14,4,246.427696
1.14,4,246.439815
1.14,4,246.453012
1.14,4,246.46385
1.14,4,246.475876
1.14,4,246.488813
1.14,4,246.499818
1.14,4,246.512858
1.14,4,246.527207
1.14,4,246.540307
1.14,4,246.554322
1.14,4,246.567037
1.14,4,246.580537
1.14,4,246.592782
1.14,4,246.604882
-0.76,6,246.625936
1.29,6,246.647789
1.14,4,246.662303
1.14,4,246.676658
1.19,5,246.694029
1.14,4,246.709449
1.14,4,246.803743
1.14,4,246.828127
1.18,6,246.856393
1.14,4,246.889644
1.14,4,246.90721
1.14,4,246.921837
1.19,5,246.943564
1.14,4,246.961021
1.34,7,246.983979
-0.81,5,247.000628
1.14,4,247.108037
-0.91,4,247.143543
1.14,4,247.156647
1.14,4,247.170864
1.14,4,247.183823
1.19,5,247.201507
1.14,4,247.212962
1.14,4,247.225261
1.14,4,247.239461
1.14,4,247.252721
1.14,4,247.266822
1.14,4,247.27987
1.19,5,247.295554
1.14,4,247.309633
1.14,4,247.323691
1.13,5,247.340759
1.14,4,247.355832
1.14,4,247.370083
1.14,4,247.38638
-0.82,6,247.40755
1.14,4,247.420856
1.14,4,247.434348
1.14,4,247.447026
1.14,4,247.458882
1.14,4,247.471843
-0.76,6,247.493532
-0.77,7,247.518188
1.14,4,247.529691
1.14,4,247.543221
1.34,7,247.573834
1.14,4,247.588039
1.14,4,247.602995
1.22,8,247.636851
1.14,4,247.654265
1.14,4,247.67012
1.14,4,247.683122
1.14,4,247.697881
1.19,5,247.718862
1.34,7,247.74613
1.19,5,247.771194
-0.98,5,247.789746
-0.73,8,247.820923
1.14,4,247.837816
1.14,4,247.854497
1.18,6,247.874583
1.14,4,247.888422
1.34,7,247.911899
1.29,6,247.934933
1.14,4,247.945706
1.14,4,247.959901
1.34,7,247.986034
1.14,4,247.997394
1.14,4,248.01036
1.14,4,248.02382
1.29,7,248.115911
1.14,4,248.133865
1.14,4,248.147465
-0.86,4,248.159765
1.14,4,248.171889
-0.71,7,248.193729
1.14,4,248.206134
1.14,4,248.218618
1.14,4,248.232773
1.43,9,248.26698
1.14,4,248.281205
1.19,5,248.301637
1.14,4,248.316331
1.14,4,248.32763
1.14,4,248.341502
1.14,4,248.355779
1.28,7,248.384653
1.14,4,248.393515
1.14,4,248.40647
-0.86,4,248.466332
1.14,4,248.536788
1.28,7,248.568221
1.14,4,248.579739
1.14,4,248.595012
1.14,4,248.610448
1.14,4,248.635313
1.14,4,248.652189
1.14,4,248.667057
1.19,5,248.688111
1.14,4,248.702385
-0.86,10,248.736159
1.34,7,248.758457
1.14,4,248.7724
-0.71,6,248.793616
1.18,6,248.815988
1.14,4,248.82974
1.14,4,248.855235
1.14,4,248.876971
-0.86,4,248.8962
1.14,4,248.912346
-0.82,6,248.934054
1.19,5,248.949918
1.14,4,248.962256
1.44,9,248.988099
-0.76,6,249.007955
1.19,5,249.023316
1.24,6,249.043501
1.14,4,249.055785
1.14,4,249.069641
1.14,4,249.079946
1.14,4,249.093994
1.14,4,249.107263
1.13,5,249.123734
1.14,4,249.136455
1.14,4,249.149567
-0.91,4,249.159736
-0.72,8,249.186215
1.14,4,249.199733
1.14,4,249.212782
1.14,4,249.226197
1.14,4,249.236883
1.14,4,249.248961
-0.83,7,249.269686
1.14,4,249.282796
1.14,4,249.293692
1.14,4,249.304184
-0.66,7,249.327441
-0.87,6,249.349685
1.18,6,249.372396
1.19,5,249.394922
1.14,4,249.409724
1.14,4,249.423757
1.14,4,249.437178
1.34,7,249.460155
-0.76,6,249.48251
1.14,4,249.494428
1.19,5,249.509947
1.19,5,249.523312
1.14,4,249.534208
1.14,4,249.546191
1.29,6,249.565112
1.19,5,249.582087
1.14,4,249.593939
1.29,6,249.611843
1.14,4,249.622259
1.14,4,249.634593
1.19,5,249.64964
1.14,4,249.661103
1.19,5,249.676241
1.14,4,249.688954
1.29,6,249.708158
1.14,4,249.719964
1.14,4,249.730943
-0.77,7,249.753612
-0.91,4,249.766183
1.19,5,249.781664
1.14,4,249.79129
1.14,4,249.804452
1.18,6,249.825112
1.19,5,249.839724
-0.86,5,249.8578
1.14,4,249.871886
1.14,4,249.88487
1.19,5,249.900625
1.14,4,249.911085
1.14,4,249.923209
1.14,4,249.935993
-0.91,4,249.950234
1.14,4,249.963757
1.14,4,249.975677
1.19,5,249.990674
1.14,4,250.002945
1.14,4,250.014827
1.14,4,250.025893
-0.69,7,250.044191
1.14,4,250.065377
1.14,4,250.082232
1.14,4,250.10004
1.14,4,250.120698
1.14,4,250.139596
1.29,6,250.16875
1.14,4,250.18612
1.14,4,250.203325
1.33,8,250.238965
1.14,4,250.250942
1.14,4,250.26376
1.14,4,250.275135
1.14,4,250.286914
1.34,7,250.309084
1.14,4,250.323515
1.14,4,250.337508
1.34,7,250.356348
1.14,4,250.367662
1.19,5,250.383041
-0.71,7,250.406241
-0.86,4,250.418583
1.14,4,250.430644
1.14,4,250.441525
-0.82,7,250.467177
1.14,4,250.480719
-0.86,5,250.496678
1.14,4,250.508479
-0.86,5,250.52544
1.14,4,250.538221
-0.76,6,250.564393
1.14,4,250.582129
1.14,4,250.603091
1.19,5,250.634109
-0.61,8,250.682523
1.19,5,250.701082
1.33,8,250.795242
1.28,7,250.830722
-0.81,5,250.85126
1.19,5,250.869179
1.14,4,250.882248
1.14,4,250.894013
1.34,7,250.917308
1.14,4,250.929538
1.14,4,250.94176
1.14,4,250.955668
1.34,7,250.975989
1.14,4,250.988976
1.14,4,251.000206
1.14,4,251.011445
1.14,4,251.023825
1.14,4,251.037316
1.19,5,251.0531
1.14,4,251.066872
1.14,4,251.079742
1.14,4,251.101023
-0.72,7,251.135307
1.19,5,251.159045
1.19,5,251.185671
1.19,5,251.205916
1.14,4,251.222553
-0.86,4,251.243024
-0.66,8,251.278217
-0.87,6,251.299284
1.14,4,251.310394
1.14,4,251.321675
1.18,6,251.338397
1.14,4,251.349832
1.14,4,251.361319
1.14,4,251.373287
1.14,4,251.385115
1.18,6,251.404313
1.19,5,251.420063
1.14,4,251.432253
1.23,7,251.450766
1.14,4,251.461326
1.14,4,251.473024
1.14,4,251.485338
1.14,4,251.497392
1.23,7,251.519181
1.14,4,251.531258
1.14,4,251.542832
1.14,4,251.556975
1.14,4,251.570261
1.14,4,251.650968
1.39,8,251.689032
1.14,4,251.701653
1.14,4,251.714739
-0.81,5,251.730686
1.19,5,251.745161
1.14,4,251.754787
1.14,4,251.767118
-0.91,4,251.78091
1.18,6,251.802376
1.14,4,251.816975
1.14,4,251.829175
1.14,4,251.840142
1.14,4,251.852988
1.14,4,251.86407
-0.57,10,251.89462
1.14,4,251.907163
1.14,4,251.918858
1.14,4,251.931245
1.18,6,251.949349
1.14,4,251.961395
-0.72,7,251.984993
1.14,4,251.997597
1.14,4,252.009715
1.14,4,252.02208
-0.88,6,252.039221
1.19,5,252.052465
-0.77,7,252.074256
-0.84,8,252.102456
1.29,7,252.126568
1.14,4,252.137285
1.18,6,252.156361
1.14,4,252.169174
1.14,4,252.18114
1.14,4,252.192441
1.29,6,252.211863
1.14,4,252.822726
1.14,4,252.835449
1.14,4,252.84818
1.14,4,252.858364
1.14,4,252.868807
1.29,6,252.884812
1.14,4,252.897129
-0.76,6,252.913234
1.19,5,252.928165
1.14,4,252.93861
-0.81,6,252.957482
1.19,5,252.97046
1.14,4,252.980966
1.19,5,252.996423
-0.86,5,253.012363
1.14,4,253.032125
1.14,4,253.051476
1.14,4,253.073417
1.14,4,253.095769
1.14,4,253.11909
1.24,6,253.14994
-0.98,5,253.166533
1.14,4,253.183087
1.14,4,253.19646
-0.92,5,253.212983
1.14,4,253.223443
1.14,4,253.235893
1.14,4,253.246728
1.14,4,253.265714
1.14,4,253.28878
1.14,4,253.309748
1.14,4,253.330489
1.24,6,253.36406
1.14,4,253.386035
1.14,4,253.401552
1.14,4,253.420366
-0.77,7,253.446498
-0.77,7,253.468203
1.14,4,253.479548
1.14,4,253.490473
1.14,4,253.502858
1.14,4,253.513595
1.14,4,253.522547
1.29,6,253.541057
1.14,4,253.554014
1.14,4,253.566102
1.29,6,253.584759
1.14,4,253.596259
1.14,4,253.608307
1.14,4,253.619568
1.14,4,253.632774
1.14,4,253.651871
1.14,4,253.671453
1.14,4,253.695434
1.14,4,253.716643
1.18,6,253.74898
1.14,4,253.76901
1.14,4,253.784161
1.14,4,253.804379
1.19,5,253.819201
-0.76,6,253.836672
1.14,4,253.848649
1.18,6,253.86362
1.14,4,253.87359
1.19,5,253.889007
1.14,4,253.899328
1.14,4,253.911738
-0.68,9,253.941603
1.14,4,253.954152
1.14,4,253.965961
1.14,4,253.97648
1.14,4,253.9892
1.13,5,254.007278
1.33,8,254.054078
1.14,4,254.07468
1.14,4,254.094866
1.14,4,254.11611
1.14,4,254.133339
1.14,4,254.150254
1.14,4,254.169708
1.13,5,254.186189
1.14,4,254.198754
1.34,7,254.226261
1.14,4,254.30985
1.14,4,254.331015
-0.86,5,254.358072
-0.81,5,254.383749
1.14,4,254.403792
1.14,4,254.418383
1.14,4,254.437162
-0.87,5,254.455367
1.14,4,254.466616
1.14,4,254.478537
1.14,4,254.489393
1.14,4,254.499656
1.14,4,254.510459
1.14,4,254.522084
1.42,11,254.558717
1.14,4,254.576835
1.14,4,254.597584
1.14,4,254.621315
1.14,4,254.645841
1.14,4,254.667733
1.14,4,254.684418
1.14,4,254.69754
1.34,7,254.725801
1.14,4,254.737974
1.14,4,254.749413
1.14,4,254.763018
1.14,4,254.774191
1.13,5,254.794929
1.19,5,254.811455
1.14,4,254.823559
1.19,5,254.838625
1.14,4,254.850662
1.34,7,254.871253
1.28,7,254.893701
1.24,6,254.909915
-0.67,8,254.933494
1.14,4,254.945497
1.14,4,254.956642
1.14,4,254.966335
1.29,6,254.983537
1.2,6,254.999971
1.24,6,255.017156
1.14,4,255.028368
1.14,4,255.039836
1.14,4,255.050482
1.14,4,255.061951
1.23,7,255.08283
1.14,4,255.093907
1.19,5,255.109893
1.34,7,255.131321
1.14,4,255.142802
1.14,4,255.152978
-0.81,6,255.170619
1.14,4,255.181854
-0.71,8,255.208487
1.14,4,255.218277
1.14,4,255.230835
1.14,4,255.242109
1.14,4,255.254188
-0.81,5,255.271268
1.13,5,255.286833
1.19,5,255.30335
1.14,4,255.315975
1.14,4,255.328257
1.14,4,255.339369
1.14,4,255.349171
1.14,4,255.358845
1.14,4,255.370801
1.14,4,255.382221
1.34,7,255.411206
1.14,4,255.430767
-0.79,9,255.483925
-0.66,7,255.526684
1.14,4,255.541066
1.19,5,255.561504
1.14,4,255.582566
1.14,4,255.600182
1.14,4,255.615532
1.14,4,255.628106
1.14,4,255.639288
1.36,7,255.661997
1.14,4,255.674152
1.14,4,255.686297
-0.77,7,255.70773
1.14,4,255.718481
1.14,4,255.731501
1.19,5,255.748284
1.14,4,255.760444
-0.76,8,255.783994
1.14,4,255.795009
1.28,7,255.818269
1.14,4,255.831155
-0.82,6,255.849886
-0.76,5,255.864949
1.14,4,255.875992
1.14,4,255.88681
1.14,4,255.896724
1.14,4,255.907722
-0.81,5,255.924403
1.14,4,255.934769
-0.87,6,255.953891
1.39,8,255.980386
-0.76,6,255.999565
1.14,4,256.011787
-0.92,5,256.02619
1.14,4,256.038774
1.14,4,256.051059
1.41,8,256.076255
1.14,4,256.085493
1.14,4,256.096482
1.14,4,256.107055
1.24,6,256.123367
-0.82,6,256.143033
1.14,4,256.153935
1.14,4,256.165738
1.29,6,256.190909
1.14,4,256.210637
1.14,4,256.23183
1.14,4,256.253292
1.14,4,256.274375
1.14,4,256.294768
1.14,4,256.311856
1.14,4,256.32894
1.14,4,256.34555
1.14,4,256.359033
1.19,5,256.374357
1.14,4,256.386306
1.14,4,256.39894
1.14,4,256.411206
1.14,4,256.42128
1.29,6,256.439468
1.14,4,256.451151
1.14,4,256.466141
-0.98,5,256.485529
-0.62,7,256.519791
1.14,4,256.542743
1.14,4,256.56454
-0.77,7,256.599936
1.14,4,256.615132
1.14,4,256.638951
1.14,4,256.652405
1.14,4,256.66716
1.14,4,256.678895
1.14,4,256.691672
1.19,5,256.707489
1.14,4,256.720328
1.14,4,256.732004
1.14,4,256.745846
1.14,4,256.759337
1.14,4,256.77184
1.14,4,256.784191
-0.82,7,256.809534
1.14,4,256.819384
1.19,5,256.833496
1.13,5,256.849029
1.14,4,256.861327
1.14,4,256.873304
1.14,4,256.885603
1.14,4,256.897973
1.14,4,256.909697
-0.68,10,256.935961
1.14,4,256.948829
-0.81,5,256.972629
1.14,4,256.995027
1.14,4,257.015626
1.19,5,257.043033
1.23,7,257.083752
1.14,4,257.099677
-0.81,5,257.124276
1.14,4,257.135262
1.14,4,257.149079
1.14,4,257.161219
1.14,4,257.171591
1.14,4,257.180459
-0.69,10,257.210178
1.14,4,257.221341
1.19,5,257.232828
1.14,4,257.244264
1.19,5,257.256707
1.14,4,257.268323
1.14,4,257.28115
1.14,4,257.29382
1.13,5,257.308798
1.14,4,257.320196
-0.81,5,257.334175
1.14,4,257.345712
1.14,4,257.361368
1.14,4,257.37774
1.14,4,257.396507
1.14,4,257.468549
1.29,6,257.511721
1.14,4,257.536216
1.14,4,257.551277
1.14,4,257.571841
1.14,4,257.591649
1.13,5,257.611019
-0.89,8,257.635034
1.14,4,257.65043
1.14,4,257.665691
1.18,6,257.686319
-0.76,6,257.70788
-0.68,10,257.745885
1.19,5,257.764816
1.14,4,257.787267
-0.77,7,257.834867
1.14,4,257.861271
1.14,4,257.883034
1.18,6,257.915199
1.14,4,257.934736
1.14,4,257.954041
1.28,7,257.97722
1.14,4,257.991644
1.34,7,258.015422
-0.72,8,258.045021
-0.82,6,258.063966
1.28,7,258.084555
1.14,4,258.096315
1.14,4,258.109164
1.14,4,258.125735
1.14,4,258.142738
1.14,4,258.160077
1.14,4,258.182321
1.14,4,258.204087
1.14,4,258.226361
1.14,4,258.240991
1.19,5,258.2625
1.14,4,258.280596
1.14,4,258.292392
1.14,4,258.303965
1.14,4,258.31556
1.14,4,258.325769
1.19,5,258.338771
1.14,4,258.348501
1.14,4,258.360616
1.14,4,258.372919
1.14,4,258.383822
-0.79,9,258.410502
1.14,4,258.421061
1.14,4,258.4328
-0.71,6,258.458305
1.29,6,258.484528
1.14,4,258.50128
1.14,4,258.52072
1.14,4,258.539848
1.28,7,258.575508
1.29,6,258.60107
1.14,4,258.61817
1.14,4,258.632123
-0.81,5,258.651235
1.14,4,258.663521
1.14,4,258.675864
-0.76,6,258.696628
1.43,9,258.727189
1.14,4,258.735089
1.14,4,258.747195
1.14,4,258.759252
1.19,5,258.772644
-0.72,8,258.795269
1.14,4,258.807194
1.14,4,258.816346
1.14,4,258.827869
1.14,4,258.840806
1.18,6,258.867225
1.19,5,258.892436
1.19,5,258.914953
1.19,5,258.938892
1.14,4,258.962067
-0.86,4,258.977347
1.14,4,258.994184
1.14,4,259.009637
1.14,4,259.021348
-0.82,7,259.044431
1.14,4,259.053734
1.14,4,259.062726
1.14,4,259.0741
1.14,4,259.085499
1.33,8,259.108957
1.14,4,259.120793
1.14,4,259.133411
1.14,4,259.145777
1.14,4,259.157826
1.14,4,259.169412
1.33,8,259.193969
1.14,4,259.203802
1.14,4,259.213878
1.14,4,259.226563
1.14,4,259.238531
1.14,4,259.250766
1.14,4,259.260273
-0.76,6,259.278379
1.14,4,259.290167
1.14,4,259.300942
1.14,4,259.312195
1.14,4,259.324365
1.14,4,259.335526
-0.83,7,259.354981
1.19,5,259.36744
1.54,9,259.397729
1.14,4,259.410587
1.14,4,259.422843
1.14,4,259.433123
1.18,6,259.451241
1.14,4,259.463335
1.24,5,259.477369
1.14,4,259.4891
-0.76,6,259.506893
1.14,4,259.518315
1.19,5,259.532206
1.29,6,259.560766
1.14,4,259.581859
1.14,4,259.598686
1.14,4,259.618112
1.14,4,259.638539
1.14,4,259.659561
1.14,4,259.678523
1.14,4,259.696103
1.14,4,259.718372
1.14,4,259.733493
1.23,7,259.758049
1.19,5,259.773646
-0.86,5,259.790172
1.19,5,259.80599
1.14,4,259.817568
1.14,4,259.830044
1.14,4,259.843226
1.14,4,259.856437
1.14,4,259.868752
1.14,4,259.880114
1.29,6,259.896257
1.19,5,259.909189
1.14,4,259.921265
1.34,8,259.9466
1.14,4,259.957458
1.19,5,259.970843
1.14,4,259.982199
1.14,4,259.994591
-0.76,6,260.013697
1.14,4,260.02598
1.14,4,260.039919
1.14,4,260.051538
1.13,5,260.06767
1.14,4,260.078825
1.19,5,260.094588
1.14,4,260.107083
1.14,4,260.118046
1.14,4,260.128278
1.14,4,260.139021
1.14,4,260.14902
-1.0,7,260.168909
1.14,4,260.178491
-0.81,6,260.199212
1.14,4,260.2111
-0.92,5,260.226203
1.14,4,260.23974
1.14,4,260.251413
1.14,4,260.263755
1.14,4,260.276804
1.14,4,260.339787
1.14,4,260.355784
1.14,4,260.373424
1.14,4,260.385984
1.23,7,260.405647
1.14,4,260.416915
1.14,4,260.429431
1.14,4,260.44036
1.14,4,260.450494
1.14,4,260.462083
-0.81,6,260.479761
-0.72,8,260.503501
1.19,5,260.518055
1.19,5,260.530866
1.14,4,260.543863
1.14,4,260.556151
1.14,4,260.565784
1.14,4,260.578095
-0.81,6,260.596174
1.14,4,260.607733
1.14,4,260.619498
1.14,4,260.629911
1.19,5,260.644535
1.19,5,260.659848
1.14,4,260.673248
1.14,4,260.68518
1.14,4,260.695164
1.14,4,260.706448
1.13,5,260.72081
1.14,4,260.730106
1.14,4,260.740661
1.29,6,260.757763
1.19,5,260.77415
1.14,4,260.783595
-0.81,5,260.797374
1.19,5,260.813455
1.14,4,260.830366
-0.82,6,260.855036
-0.81,5,260.873107
1.24,6,260.889575
1.43,9,260.916542
1.19,5,260.933672
1.14,4,260.946522
1.19,5,260.962939
1.14,4,260.975888
1.14,4,260.98889
-0.62,9,261.014292
1.14,4,261.02759
1.14,4,261.041054
1.14,4,261.065443
1.14,4,261.082339
-0.76,6,261.111934
-0.75,7,261.139951
1.19,5,261.159687
1.14,4,261.17384
1.19,5,261.189073
1.14,4,261.199325
1.14,4,261.211929
1.14,4,261.223725
1.14,4,261.232973
1.13,5,261.249884
1.14,4,261.264337
1.14,4,261.278845
1.29,6,261.299597
1.19,5,261.322559
1.14,4,261.334302
1.31,7,261.360617
1.14,4,261.376211
-0.66,7,261.398002
1.14,4,261.412559
1.14,4,261.426489
1.14,4,261.439714
1.14,4,261.451584
-0.81,6,261.478336
1.14,4,261.49174
1.14,4,261.506185
1.14,4,261.523736
-0.83,7,261.54765
1.14,4,261.565834
1.14,4,261.582735
1.14,4,261.598981
1.14,4,261.614682
1.14,4,261.628821
1.14,4,261.645353
1.14,4,261.659195
1.14,4,261.675763
1.14,4,261.691
1.35,8,261.829124
1.14,4,261.84493
1.14,4,261.859523
1.14,4,261.87153
1.14,4,261.883023
1.29,6,261.899695
1.14,4,261.911669
1.14,4,261.924367
1.14,4,261.93567
1.14,4,261.945095
1.14,4,261.954953
1.14,4,261.965827
1.14,4,261.97596
1.19,5,261.991853
1.14,4,262.002435
1.14,4,262.014528
-0.81,5,262.027828
1.14,4,262.038452
1.14,4,262.049006
1.13,5,262.06161
1.14,4,262.073186
1.14,4,262.082405
1.34,7,262.099246
1.14,4,262.11164
1.14,4,262.124553
1.14,4,262.137936
-0.82,6,262.160672
1.14,4,262.173365
-0.83,7,262.194207
1.14,4,262.205741
1.14,4,262.216826
1.14,4,262.226426
1.24,6,262.243384
-0.99,6,262.260013
1.14,4,262.271206
1.19,5,262.285276
1.14,4,262.29814
1.14,4,262.30969
1.14,4,262.32106
1.14,4,262.332849
1.14,4,262.345356
1.14,4,262.356992
1.14,4,262.367745
-0.76,6,262.386966
1.14,4,262.398814
1.19,5,262.414428
1.24,6,262.433074
1.14,4,262.445703
1.14,4,262.45863
1.14,4,262.469594
1.14,4,262.482079
1.14,4,262.494178
1.14,4,262.506683
1.14,4,262.519415
1.14,4,262.531788
-0.88,7,262.557271
1.14,4,262.570384
1.14,4,262.580383
1.14,4,262.593447
1.29,6,262.613195
1.18,6,262.632752
1.14,4,262.644212
1.13,5,262.658597
1.14,4,262.671912
1.14,4,262.683889
1.14,4,262.69607
1.14,4,262.709227
1.14,4,262.721588
-0.86,4,262.734153
1.14,4,262.747167
1.14,4,262.761013
1.14,4,262.774587
1.14,4,262.785965
1.14,4,262.796968
1.14,4,262.810371
1.19,5,262.825868
1.14,4,262.838037
1.14,4,262.849552
-0.78,8,262.872939
1.14,4,262.88451
1.14,4,262.894577
1.14,4,262.905481
1.14,4,262.917017
1.19,5,262.928931
1.14,4,262.939871
-0.64,7,262.961207
1.34,7,262.980636
1.14,4,262.991825
1.14,4,263.003505
1.14,4,263.013737
1.14,4,263.026058
1.34,7,263.047205
1.14,4,263.059744
1.14,4,263.071649
1.14,4,263.084179
1.14,4,263.094572
1.23,7,263.115742
1.14,4,263.125766
1.14,4,263.137713
1.14,4,263.146773
1.14,4,263.158679
1.14,4,263.170835
1.14,4,263.181871
1.19,5,263.198249
1.14,4,263.21152
1.14,4,263.225594
1.14,4,263.238302
1.14,4,263.248538
1.14,4,263.261161
1.14,4,263.274825
1.14,4,263.285911
-0.82,6,263.305948
1.14,4,263.364033
1.14,4,263.386211
1.19,5,263.397927
-0.82,6,263.413613
1.14,4,263.427074
1.14,4,263.439181
1.14,4,263.451869
1.14,4,263.462338
-0.81,5,263.479087
1.14,4,263.491819
1.14,4,263.504869
1.14,4,263.521932
1.14,4,263.534867
1.14,4,263.547158
1.14,4,263.559088
1.14,4,263.570905
1.14,4,263.582308
1.14,4,263.593581
1.14,4,263.607475
1.14,4,263.618386
1.14,4,263.627903
1.14,4,263.638615
1.14,4,263.649945
1.14,4,263.660882
1.19,5,263.67672
1.14,4,263.690364
1.14,4,263.701874
1.14,4,263.715205
-0.71,6,263.73945
1.14,4,263.75072
1.14,4,263.765865
1.14,4,263.77862
1.14,4,263.791827
1.14,4,263.805297
1.14,4,263.817703
1.14,4,263.831728
1.14,4,263.844948
1.14,4,263.858425
-0.91,4,263.874621
1.14,4,263.887336
1.14,4,263.899742
1.14,4,263.912664
1.14,4,263.925705
1.14,4,263.93716
-0.91,4,263.949795
1.14,4,263.960354
1.14,4,263.973141
1.14,4,263.983383
1.14,4,263.994097
1.14,4,264.006203
1.14,4,264.015747
1.14,4,264.02608
1.14,4,264.038152
1.14,4,264.046949
1.14,4,264.05968
1.33,8,264.086751
1.14,4,264.098661
1.14,4,264.109298
1.19,5,264.123555
1.14,4,264.135041
1.14,4,264.146898
-0.81,6,264.164329
1.14,4,264.176882
1.14,4,264.188148
-0.92,5,264.203094
1.14,4,264.215126
1.14,4,264.225516
1.14,4,264.23672
1.14,4,264.248708
1.14,4,264.258878
1.14,4,264.269061
1.14,4,264.279752
1.14,4,264.291165
1.14,4,264.302188
1.14,4,264.312846
1.14,4,264.324252
1.14,4,264.336338
1.14,4,264.348428
1.14,4,264.360924
1.14,4,264.373963
1.14,4,264.387012
1.18,6,264.407098
1.14,4,264.418628
1.19,5,264.431784
1.14,4,264.476024
1.14,4,264.526028
1.14,4,264.540119
1.14,4,264.550061
1.14,4,264.563012
-0.9,9,264.590606
1.18,6,264.609196
1.19,5,264.62307
1.14,4,264.632501
1.14,4,264.644507
1.29,6,264.664703
1.14,4,264.676512
1.14,4,264.690066
-0.87,6,264.710676
1.19,5,264.728713
1.14,4,264.741246
1.33,8,264.764366
1.14,4,264.777936
1.34,7,264.803282
1.14,4,264.816353
1.19,5,264.829785
1.14,4,264.843786
1.14,4,264.855174
-0.86,4,264.867479
1.34,7,264.891506
1.17,7,264.914287
1.14,4,264.924218
1.14,4,264.93598
1.14,4,264.947093
-0.62,9,264.976411
1.24,6,264.99706
-0.81,6,265.016314
1.14,4,265.029143
1.14,4,265.042745
1.14,4,265.054183
1.14,4,265.066231
1.34,7,265.087921
1.13,5,265.105044
1.14,4,265.119312
1.14,4,265.132725
1.34,7,265.15413
1.23,7,265.175715
1.14,4,265.187638
1.14,4,265.200493
1.14,4,265.213228
1.14,4,265.223096
1.14,4,265.235434
1.14,4,265.247295
1.14,4,265.257307
-0.71,6,265.276525
1.14,4,265.288188
1.19,5,265.30341
1.18,6,265.320762
1.14,4,265.333892
-0.82,6,265.352958
1.14,4,265.363764
1.14,4,265.37698
-0.81,5,265.393452
1.14,4,265.405837
1.14,4,265.417663
1.14,4,265.428493
1.14,4,265.439371
1.14,4,265.449519
1.14,4,265.462501
1.14,4,265.476464
1.39,8,265.505449
-0.86,5,265.522535
1.14,4,265.537787
-0.71,7,265.562909
1.14,4,265.574921
1.14,4,265.587092
1.14,4,265.598376
-0.81,5,265.613341
1.14,4,265.626223
1.14,4,265.638178
1.14,4,265.648583
1.14,4,265.659425
-0.87,6,265.676493
1.14,4,265.689453
1.14,4,265.702083
1.14,4,265.712627
1.14,4,265.725998
1.14,4,265.738042
1.19,5,265.756542
1.14,4,265.769053
1.14,4,265.780358
1.14,4,265.792954
1.14,4,265.806912
-0.81,6,265.830236
1.14,4,265.845927
1.29,6,265.870313
1.14,4,265.883703
1.14,4,265.895439
1.14,4,265.908227
1.14,4,265.924747
1.14,4,265.939438
1.14,4,265.95381
1.14,4,265.968934
1.29,6,265.989716
1.19,5,266.008137
1.34,7,266.035226
1.14,4,266.048968
1.19,5,266.069515
-0.82,6,266.094483
1.14,4,266.111167
1.14,4,266.149128
1.14,4,266.190498
1.14,4,266.213864
1.14,4,266.229999
1.14,4,266.244978
1.14,4,266.259987
1.19,5,266.277275
1.14,4,266.291147
1.14,4,266.307376
1.34,7,266.328667
1.14,4,266.340483
1.14,4,266.35698
1.14,4,266.37013
1.18,6,266.38875
-0.81,5,266.403483
1.14,4,266.416005
1.14,4,266.431311
1.14,4,266.448019
1.19,5,266.464689
-0.81,5,266.484721
1.18,6,266.515474
1.19,5,266.529589
1.14,4,266.541757
1.14,4,266.55594
1.14,4,266.57587
1.14,4,266.588584
1.14,4,266.602943
-0.93,6,266.626781
1.14,4,266.641823
-0.82,6,266.662525
1.14,4,266.674158
1.14,4,266.687697
1.14,4,266.70019
1.14,4,266.712161
1.14,4,266.725
1.14,4,266.738819
1.19,5,266.755358
1.14,4,266.767942
1.34,7,266.793061
1.14,4,266.806018
1.14,4,266.821654
1.14,4,266.8366
1.19,5,266.854962
1.14,4,266.869699
1.14,4,266.883249
1.14,4,266.898981
-0.81,6,266.920966
-0.84,9,266.948366
1.14,4,266.965699
1.14,4,266.982013
1.14,4,266.994972
1.14,4,267.010042
1.14,4,267.022696
-0.81,5,267.039786
-0.81,5,267.058438
1.14,4,267.071809
1.14,4,267.088331
1.19,5,267.111614
-0.81,5,267.98263
1.39,8,268.018669
1.14,4,268.038885
1.13,5,268.061989
1.14,4,268.087753
-0.98,5,268.112708
1.14,4,268.133776
1.14,4,268.154925
1.29,7,268.178774
-0.79,9,268.211481
1.14,4,268.22442
-0.66,7,268.243531
1.14,4,268.255992
1.14,4,268.267631
1.23,7,268.293004
1.14,4,268.303881
1.14,4,268.316615
1.14,4,268.328411
1.14,4,268.340674
1.14,4,268.353987
1.29,6,268.373343
1.14,4,268.38496
1.14,4,268.400255
1.19,5,268.416868
-0.71,6,268.438656
1.14,4,268.454032
-0.94,7,268.47489
1.14,4,268.488844
1.14,4,268.504999
1.14,4,268.517811
1.14,4,268.531197
1.14,4,268.544073
1.14,4,268.55877
1.14,4,268.575757
1.18,6,268.597123
1.14,4,268.609255
-0.81,5,268.626395
1.34,7,268.655137
1.14,4,268.669003
1.14,4,268.679497
1.13,5,268.693361
1.14,4,268.706501
1.14,4,268.719802
1.14,4,268.735312
1.14,4,268.746499
1.14,4,268.758622
-0.68,9,268.790962
1.14,4,268.802244
1.14,4,268.816403
1.14,4,268.834812
1.14,4,268.851198
1.14,4,268.870131
1.19,5,268.894612
1.14,4,268.915593
1.14,4,268.938893
1.14,4,268.96196
1.19,5,268.99033
1.14,4,269.005744
1.14,4,269.023463
-0.75,7,269.053302
1.14,4,269.067504
1.14,4,269.081024
1.14,4,269.094875
1.14,4,269.106513
-0.81,6,269.12526
1.29,6,269.147451
1.14,4,269.175085
1.14,4,269.198971
1.14,4,269.217582
1.24,6,269.237257
1.14,4,269.249492
1.32,9,269.275792
1.14,4,269.28916
1.14,4,269.301248
1.14,4,269.317227
1.14,4,269.333204
1.14,4,269.348116
1.19,5,269.36733
1.14,4,269.376166
1.19,5,269.393442
1.14,4,269.408579
1.14,4,269.421774
1.14,4,269.434542
1.14,4,269.445573
1.14,4,269.458823
1.14,4,269.47146
-0.78,8,269.494332
-0.66,7,269.521496
-0.82,7,269.545157
-0.66,7,269.568887
1.14,4,269.58139
-0.81,5,269.59658
1.14,4,269.614119
1.14,4,269.627816
1.14,4,269.643812
1.14,4,269.665511
1.14,4,269.685447
1.14,4,269.709208
1.14,4,269.73827
1.14,4,269.776031
-0.76,6,269.807839
1.14,4,269.819897
1.14,4,269.841261
1.19,5,269.871589
-0.91,4,269.894715
1.14,4,269.910734
1.14,4,269.926443
1.14,4,269.938425
1.14,4,269.950204
-0.86,5,269.969005
1.14,4,269.980054
1.19,5,269.998767
1.14,4,270.010182
1.14,4,270.02787
1.24,6,270.051493
-0.81,6,270.072342
1.14,4,270.084616
1.14,4,270.096204
1.14,4,270.107802
1.14,4,270.130768
1.14,4,270.149511
1.19,5,270.169048
1.14,4,270.182193
1.14,4,270.199919
-0.66,7,270.228565
1.14,4,270.249017
1.14,4,270.273166
1.14,4,270.291997
1.14,4,270.31491
1.19,5,270.340394
1.14,4,270.360293
1.14,4,270.378345
1.14,4,270.405638
1.24,6,270.446557
1.14,4,270.47487
1.14,4,270.489908
1.29,6,270.514049
-0.86,4,270.528523
1.29,6,270.547815
1.14,4,270.558669
-0.82,6,270.579262
1.14,4,270.595105
1.19,5,270.610325
1.14,4,270.622194
1.14,4,270.64012
1.14,4,270.651721
1.14,4,270.665561
1.14,4,270.677442
1.14,4,270.688309
1.14,4,270.703109
1.14,4,270.718284
1.19,5,270.734295
1.29,7,270.754943
1.14,4,270.767036
1.14,4,270.778396
1.14,4,270.790174
1.14,4,270.805661
1.14,4,270.83034
1.14,4,270.848527
1.34,7,270.876852
-0.86,5,270.894684
1.29,6,270.92616
1.32,9,270.995106
1.14,4,271.024338
1.14,4,271.052647
1.14,4,271.079107
-0.87,6,271.110542
1.34,7,271.146707
1.14,4,271.16407
-0.87,6,271.204719
1.14,4,271.229481
1.34,7,271.258246
1.14,4,271.269982
1.19,5,271.296103
1.14,4,271.313972
1.14,4,271.328431
1.14,4,271.341052
1.28,7,271.365994
1.14,4,271.38412
1.14,4,271.398726
1.14,4,271.412672
-0.92,5,271.431733
1.14,4,271.444581
-0.83,7,271.469779
1.14,4,271.482722
1.13,5,271.499673
1.29,6,271.522626
1.23,6,271.539261
1.14,4,271.551729
1.14,4,271.564304
1.14,4,271.576623
1.19,5,271.593126
1.14,4,271.606369
1.14,4,271.624338
1.14,4,271.637015
-0.76,6,271.658446
1.19,5,271.676123
1.14,4,271.689463
1.14,4,271.714748
1.14,4,271.738578
1.14,4,271.760995
1.14,4,271.784677
-0.81,5,271.80987
1.14,4,271.82255
1.19,5,271.845057
1.14,4,271.859015
1.14,4,271.871181
1.14,4,271.882219
1.14,4,271.894416
1.14,4,271.906043
1.14,4,271.924377
1.14,4,271.950097
1.14,4,271.970778
1.14,4,271.989229
1.14,4,272.002163
1.14,4,272.020912
1.19,5,272.041719
1.14,4,272.053555
1.24,6,272.073797
1.14,4,272.0872
1.14,4,272.104611
1.14,4,272.119251
1.28,7,272.141899
1.14,4,272.151819
1.14,4,272.165436
1.14,4,272.177485
1.14,4,272.189167
1.14,4,272.202777
1.14,4,272.215487
1.14,4,272.231487
1.19,5,272.249677
1.14,4,272.261214
1.14,4,272.273109
-0.92,5,272.295501
-0.86,4,272.310053
1.14,4,272.322585
1.14,4,272.340396
1.14,4,272.35636
1.14,4,272.375834
1.19,5,272.398616
1.14,4,272.411193
1.14,4,272.423292
1.14,4,272.435475
1.14,4,272.44699
1.19,5,272.462538
1.14,4,272.474496
1.19,5,272.508896
1.14,4,272.530788
1.14,4,272.546009
-0.72,8,272.586014
1.28,7,272.621765
1.14,4,272.636155
-0.77,7,272.693403
1.19,5,272.721123
1.13,5,272.738738
1.14,4,272.754497
1.19,5,272.769338
1.28,7,272.793532
1.14,4,272.808941
1.14,4,272.821699
1.14,4,272.834658
1.19,5,272.848946
1.14,4,272.861614
1.14,4,272.87312
1.14,4,272.884927
1.14,4,272.896776
1.34,7,272.919287
1.14,4,272.9332
-0.86,5,272.951504
1.19,5,272.969737
1.14,4,272.982668
1.19,5,272.997077
1.29,6,273.015385
1.14,4,273.026786
1.14,4,273.039505
1.14,4,273.051673
-0.98,5,273.069626
1.14,4,273.084834
1.19,5,273.104432
1.14,4,273.122676
1.19,5,273.155577
1.14,4,273.182576
1.14,4,273.199176
1.14,4,273.211098
1.14,4,273.222372
1.14,4,273.234764
1.23,7,273.255552
1.14,4,273.273069
1.14,4,273.298528
1.19,5,273.325125
-0.83,7,273.383605
1.14,4,273.410565
1.14,4,273.430711
-0.86,4,273.45998
-0.51,8,273.498433
1.13,5,273.529516
1.14,4,273.553032
1.14,4,273.570712
1.14,4,273.586775
1.14,4,273.60521
1.14,4,273.625353
1.19,5,273.656496
1.14,4,273.680392
1.14,4,273.699621
1.14,4,273.713467
-0.53,11,273.764106
1.14,4,273.780877
1.14,4,273.79354
1.14,4,273.807078
1.14,4,273.822827
1.14,4,273.850906
1.14,4,273.873415
1.14,4,273.892473
1.19,5,273.911324
1.19,5,273.926424
1.14,4,273.94851
1.14,4,273.963941
-0.82,6,273.987192
-0.62,9,274.022571
1.14,4,274.031896
1.19,5,274.048043
1.14,4,274.059395
1.19,5,274.073689
1.18,6,274.093762
1.14,4,274.10797
1.14,4,274.127424
-0.81,5,274.158672
1.14,4,274.186297
1.13,5,274.212636
1.4,12,274.29193
1.14,4,274.319749
1.14,4,274.332253
1.14,4,274.356972
1.14,4,274.374946
1.14,4,274.391603
1.14,4,274.407882
1.14,4,274.422134
1.14,4,274.436873
1.14,4,274.450384
1.26,6,274.487973
1.14,4,274.507097
1.14,4,274.526424
1.14,4,274.544091
-0.68,9,274.580466
1.14,4,274.594501
1.29,6,274.616257
1.14,4,274.629493
-0.87,6,274.657372
1.14,4,274.67043
1.14,4,274.683108
1.14,4,274.700682
1.14,4,274.714486
1.14,4,274.728624
1.14,4,274.74287
1.14,4,274.755719
1.14,4,274.767541
1.14,4,274.780194
1.14,4,274.792602
1.14,4,274.804464
1.14,4,274.816775
1.14,4,274.829808
-0.81,6,274.850556
1.14,4,274.863493
-0.86,4,274.878608
1.14,4,274.890856
1.14,4,274.903513
1.14,4,274.916091
1.14,4,274.929704
1.18,6,274.955087
1.34,7,274.989492
1.14,4,275.001782
1.14,4,275.014577
1.14,4,275.02933
1.19,5,275.04748
1.14,4,275.062955
1.19,5,275.078994
1.14,4,275.091896
1.19,5,275.10608
1.14,4,275.11809
1.14,4,275.131963
1.14,4,275.145275
-0.81,5,275.163741
1.14,4,275.177114
1.14,4,275.189046
1.14,4,275.208286
1.14,4,275.225464
1.13,5,275.246793
1.19,5,275.264198
1.14,4,275.279822
1.14,4,275.291983
1.34,8,275.317046
1.14,4,275.331016
1.14,4,275.344959
1.14,4,275.357359
1.14,4,275.370458
-0.81,6,275.400208
1.14,4,275.418447
1.14,4,275.437484
1.28,7,275.461777
1.14,4,275.474861
1.29,6,275.497622
1.44,8,275.523794
1.14,4,275.542678
1.14,4,275.562869
1.14,4,275.58656
1.14,4,275.609071
1.14,4,275.627718
1.14,4,275.644053
1.14,4,275.656223
-0.86,5,275.668857
1.24,6,275.685939
1.19,5,275.701023
-0.76,6,275.721085
1.14,4,275.735488
-0.76,6,275.75481
1.14,4,275.785913
1.14,4,275.821454
1.14,4,275.844272
1.14,4,275.858942
1.14,4,275.869445
1.14,4,275.88217
1.14,4,275.894186
-0.76,6,275.914951
1.14,4,275.930853
1.43,9,275.959145
1.34,7,275.981884
1.14,4,275.993073
1.14,4,276.004438
1.14,4,276.016839
1.14,4,276.028283
1.14,4,276.039612
1.14,4,276.051017
-0.81,5,276.073247
-0.76,6,276.104886
1.34,7,276.13358
1.14,4,276.153081
1.14,4,276.178935
1.28,8,276.214166
1.14,4,276.228113
1.19,5,276.27326
1.14,4,276.309178
1.34,7,276.347292
1.14,4,276.36204
1.18,6,276.388518
-0.89,8,276.421547
-0.91,4,276.432083
1.14,4,276.444702
1.14,4,276.456175
1.14,4,276.476973
1.14,4,276.498528
1.14,4,276.521693
1.14,4,276.543701
1.14,4,276.56373
1.14,4,276.584272
1.14,4,276.598411
-0.81,5,276.624774
1.14,4,276.645025
1.34,7,276.683627
1.14,4,276.70052
1.14,4,276.714178
-0.81,5,276.729612
1.14,4,276.74182
1.14,4,276.761595
1.14,4,276.776653
1.14,4,276.789616
1.19,5,276.807364
1.14,4,276.819478
1.14,4,276.836938
1.14,4,276.846141
-0.87,6,276.866991
1.14,4,276.878451
1.19,5,276.89223
1.29,6,276.91242
1.29,6,276.928832
1.14,4,276.939684
1.24,6,276.959001
1.19,5,276.976422
1.24,6,277.002654
1.13,5,277.021805
1.29,6,277.045571
1.14,4,277.063071
1.14,4,277.074915
1.14,4,277.088937
1.14,4,277.106341
1.14,4,277.118499
-0.73,9,277.15835
1.14,4,277.178167
1.14,4,277.203354
1.14,4,277.227876
1.14,4,277.245398
1.29,6,277.269861
1.24,5,277.290054
1.14,4,277.302786
1.14,4,277.318579
1.24,6,277.338173
1.14,4,277.352597
1.14,4,277.365306
1.14,4,277.382307
1.14,4,277.393386
1.34,7,277.418404
1.14,4,277.432799
-0.92,5,277.453526
1.14,4,277.470633
-0.91,4,277.486886
1.14,4,277.499801
1.14,4,277.514178
1.18,6,277.53181
1.19,5,277.551514
1.14,4,277.563736
1.14,4,277.575371
1.14,4,277.5877
-0.82,6,277.607099
1.14,4,277.622214
1.14,4,277.642283
1.14,4,277.658843
1.14,4,277.670193
1.29,6,277.689897
1.14,4,277.704825
1.19,5,277.724818
1.14,4,277.740541
1.14,4,277.752691
1.14,4,277.764591
1.14,4,277.778262
1.14,4,277.791115
1.14,4,277.802442
1.14,4,277.815744
-0.86,4,277.828696
1.34,7,277.855034
1.14,4,277.873339
1.14,4,277.888745
1.48,10,277.922337
-0.76,6,277.94675
-0.77,7,277.970765
1.14,4,277.985226
1.14,4,277.99747
1.14,4,278.011616
1.14,4,278.024104
1.14,4,278.035707
1.13,5,278.054431
1.14,4,278.067439
-0.86,5,278.084238
1.14,4,278.097576
1.14,4,278.109751
1.28,7,278.130754
1.14,4,278.143955
1.14,4,278.154791
-0.81,5,278.170979
1.14,4,278.18594
-0.78,8,278.214576
1.14,4,278.227501
1.14,4,278.241227
1.14,4,278.252604
1.14,4,278.264992
-0.81,5,278.294003
1.34,7,278.34024
1.14,4,278.355814
1.14,4,278.367674
1.14,4,278.38109
-0.86,5,278.396406
1.19,5,278.413758
1.14,4,278.42652
1.14,4,278.437842
-0.83,7,278.464075
1.14,4,278.477747
1.31,7,278.497597
1.14,4,278.508949
1.14,4,278.526381
1.14,4,278.542434
1.14,4,278.556834
-0.62,9,278.587011
1.29,6,278.606805
1.14,4,278.618251
1.14,4,278.633325
-0.81,5,278.65249
1.23,7,278.673404
1.14,4,278.684907
1.14,4,278.696452
1.14,4,278.709245
1.19,5,278.726429
1.14,4,278.740693
1.14,4,278.753275
1.14,4,278.769032
1.14,4,278.780872
1.14,4,278.792971
-0.61,8,278.824499
1.14,4,278.843709
1.14,4,278.861274
1.24,6,278.885814
1.14,4,278.897917
1.14,4,278.940243
1.14,4,278.97277
1.19,5,278.993304
1.14,4,279.006874
1.39,7,279.03336
1.14,4,279.049481
1.14,4,279.07121
1.28,7,279.111156
1.34,7,279.148542
1.14,4,279.173733
1.14,4,279.200997
1.14,4,279.232086
1.14,4,279.262724
1.19,5,279.29896
1.14,4,279.323604
1.14,4,279.350199
1.49,8,279.376841
1.14,4,279.391642
1.19,5,279.407131
1.29,7,279.428755
1.14,4,279.443933
1.14,4,279.459893
1.24,6,279.479593
1.14,4,279.489985
1.14,4,279.500404
1.14,4,279.517949
1.19,5,279.55121
1.14,4,279.571002
-0.77,7,279.59696
1.14,4,279.610985
1.34,7,279.632041
-0.92,5,279.647289
1.33,8,279.681594
1.14,4,279.694751
-0.76,6,279.720201
1.31,6,279.755874
1.34,7,279.779039
1.14,4,279.796969
1.19,5,279.81262
1.19,5,279.828406
1.14,4,279.840536
1.14,4,279.852502
1.14,4,279.869527
1.14,4,279.880047
1.14,4,279.892748
1.14,4,279.908843
1.14,4,279.925085
1.14,4,279.942627
1.14,4,279.957403
1.14,4,279.971268
-0.82,7,280.019097
1.28,7,280.055463
1.14,4,280.079689
1.14,4,280.097407
1.14,4,280.114303
1.14,4,280.126557
1.14,4,280.138434
1.14,4,280.153495
1.29,6,280.172971
1.39,8,280.197823
1.14,4,280.209235
-0.67,8,280.23806
1.14,4,280.251353
1.19,5,280.268352
1.14,4,280.281158
1.14,4,280.293954
1.13,5,280.309005
1.14,4,280.321503
1.14,4,280.333675
-0.74,7,280.357556
1.14,4,280.369565
1.14,4,280.381696
1.14,4,280.39304
1.14,4,280.405629
1.14,4,280.417714
1.19,5,280.433661
1.14,4,280.453738
-0.81,5,280.473327
1.14,4,280.48436
-0.72,8,280.514331
1.14,4,280.526535
1.14,4,280.538317
1.14,4,280.553516
1.14,4,280.564157
1.14,4,280.574277
1.39,8,280.59948
1.19,5,280.617107
1.14,4,280.629675
1.14,4,280.644827
1.14,4,280.658811
1.34,7,280.69106
1.14,4,280.713084
1.19,5,280.732867
1.44,8,280.78639
-0.77,8,280.815414
1.19,5,280.842427
1.14,4,280.860736
-0.66,7,280.896943
1.13,5,280.91841
1.14,4,280.933798
1.14,4,280.950442
1.14,4,280.967537
1.14,4,280.983915
-0.97,4,281.000342
1.14,4,281.015514
1.14,4,281.031255
1.14,4,281.042994
1.14,4,281.054785
1.19,5,281.070685
1.14,4,281.084213
-0.71,6,281.101747
1.14,4,281.116689
-0.81,5,281.132014
1.14,4,281.143342
1.19,5,281.158469
1.14,4,281.1716
1.14,4,281.182785
1.14,4,281.199059
1.14,4,281.213837
1.39,8,281.253186
1.14,4,281.27031
1.19,5,281.29371
1.14,4,281.308814
1.14,4,281.329928
1.14,4,281.351198
1.14,4,281.372986
1.19,5,281.390225
1.19,5,281.407634
1.14,4,281.432722
1.14,4,281.452487
1.14,4,281.471313
-0.81,5,281.491355
1.14,4,281.51442
1.14,4,281.535514
-0.72,8,281.577057
1.14,4,281.58851
1.18,6,281.610528
1.14,4,281.624747
1.14,4,281.64036
1.14,4,281.655724
1.14,4,281.668498
1.14,4,281.68079
1.34,7,281.711058
-1.0,7,281.738151
1.14,4,281.755169
1.14,4,281.775232
1.14,4,281.788885
-0.83,7,281.810103
1.34,7,281.833689
1.14,4,281.849159
1.14,4,281.861393
1.14,4,281.877637
1.34,7,281.9032
1.14,4,281.921381
1.19,5,281.950147
1.14,4,281.970106
1.14,4,281.986195
1.14,4,281.998775
1.14,4,282.009912
1.14,4,282.02345
1.19,5,282.041522
1.19,5,282.067046
1.14,4,282.084927
1.14,4,282.096401
1.14,4,282.108096
1.14,4,282.12026
1.14,4,282.138406
-0.83,7,282.15911
1.14,4,282.169979
1.14,4,282.190978
1.14,4,282.250158
1.14,4,282.273981
1.28,7,282.303996
1.14,4,282.317302
-0.76,6,282.339994
1.14,4,282.356165
1.14,4,282.367858
-0.91,4,282.379761
1.14,4,282.396761
1.14,4,282.415209
1.34,7,282.443463
1.14,4,282.45898
1.14,4,282.47441
1.14,4,282.486678
1.14,4,282.499221
1.34,7,282.526859
1.14,4,282.540666
1.13,5,282.561179
1.14,4,282.576508
1.14,4,282.595097
-0.88,7,282.625448
1.19,5,282.648406
1.14,4,282.66416
1.14,4,282.678272
1.19,5,282.69382
1.14,4,282.714944
1.14,4,282.738586
1.19,5,282.760589
1.14,4,282.781659
-0.77,7,282.82297
1.14,4,282.835478
1.14,4,282.847128
1.14,4,282.858349
-0.66,7,282.879891
-0.86,4,282.89081
1.14,4,282.902897
1.24,6,282.925102
1.13,5,282.941069
1.14,4,282.955814
-0.67,8,282.979419
1.14,4,282.992073
1.34,7,283.01295
-0.57,9,283.048688
1.14,4,283.06286
1.14,4,283.076204
1.14,4,283.09
1.14,4,283.105104
-0.76,6,283.12604
-0.76,6,283.159162
1.14,4,283.180963
1.14,4,283.197473
1.14,4,283.211435
1.54,9,283.237835
1.14,4,283.25177
1.14,4,283.267153
1.14,4,283.282769
1.29,6,283.300909
1.14,4,283.311753
-0.71,7,283.332716
1.14,4,283.345373
1.14,4,283.357745
1.19,5,283.374991
1.14,4,283.39558
1.14,4,283.418254
1.14,4,283.437527
1.18,6,283.460043
1.14,4,283.471674
1.14,4,283.486632
1.14,4,283.498326
-0.94,7,283.522527
1.14,4,283.534024
1.19,5,283.550227
1.19,5,283.568284
-0.81,5,283.584291
1.14,4,283.598015
-0.82,7,283.626168
1.14,4,283.638441
1.34,7,283.661904
1.28,7,283.685907
1.14,4,283.696743
-0.66,7,283.720421
1.14,4,283.734789
-0.98,5,283.75348
1.14,4,283.765206
1.14,4,283.779015
-0.76,6,283.800624
1.14,4,283.815684
1.14,4,283.826962
1.14,4,283.840951
1.14,4,283.85808
1.24,6,283.877343
-0.81,5,283.894866
1.29,6,283.923357
1.14,4,283.941521
1.14,4,283.954348
1.14,4,283.974373
1.14,4,283.989882
1.14,4,284.001604
-0.81,5,284.017677
1.14,4,284.03415
1.19,5,284.052765
1.14,4,284.064195
1.14,4,284.075803
1.14,4,284.088077
1.14,4,284.103947
1.14,4,284.115992
1.14,4,284.131434
1.18,6,284.149287
1.14,4,284.161657
-0.66,7,284.187774
-0.76,6,285.11504
1.14,4,285.126554
1.14,4,285.143568
1.14,4,285.153865
1.14,4,285.168685
1.14,4,285.182971
1.14,4,285.202344
1.13,5,285.237541
1.14,4,285.261425
1.14,4,285.27784
1.14,4,285.294322
1.14,4,285.307718
1.14,4,285.319982
1.28,7,285.352495
1.19,5,285.385153
-0.82,6,285.420436
1.14,4,285.43417
1.14,4,285.446521
1.14,4,285.458353
1.14,4,285.468946
1.14,4,285.479602
1.14,4,285.492488
-0.71,7,285.512368
1.14,4,285.524209
1.44,8,285.549633
1.14,4,285.561772
1.14,4,285.584924
1.14,4,285.606431
1.19,5,285.634619
-0.71,7,285.686393
1.14,4,285.716344
1.14,4,285.735971
1.29,6,285.761792
1.19,5,285.777646
1.14,4,285.788266
1.49,10,285.820688
1.14,4,285.839665
1.14,4,285.863847
1.14,4,285.893276
1.14,4,285.924434
1.19,5,285.964885
1.19,5,286.005428
-0.76,6,286.057715
1.14,4,286.083034
1.14,4,286.107599
1.14,4,286.157614
1.14,4,286.195849
1.14,4,286.215568
1.18,6,286.233485
1.14,4,286.244842
1.14,4,286.256667
1.13,5,286.272681
1.14,4,286.283771
1.19,5,286.29842
1.34,7,286.319834
1.14,4,286.332265
1.19,5,286.352808
1.14,4,286.367719
1.14,4,286.382753
1.14,4,286.395988
1.36,7,286.420201
1.14,4,286.433843
1.36,7,286.455634
1.14,4,286.469584
1.14,4,286.481297
1.14,4,286.495085
1.14,4,286.505418
1.14,4,286.516524
-0.93,6,286.542077
1.14,4,286.561953
1.14,4,286.587801
1.18,6,286.613585
1.14,4,286.62505
1.18,6,286.642688
-0.68,9,286.670776
-0.76,6,286.691306
-0.81,5,286.712045
1.14,4,286.724981
1.14,4,286.739915
1.14,4,286.752233
1.14,4,286.765601
-0.88,6,286.782959
1.14,4,286.798179
1.14,4,286.811763
-0.71,7,286.836571
1.14,4,286.847328
1.14,4,286.859195
1.14,4,286.873449
1.14,4,286.886143
1.24,6,286.905478
1.19,5,286.920492
1.14,4,286.932331
1.14,4,286.943726
1.14,4,286.955493
1.14,4,286.967217
1.14,4,286.979048
-0.81,5,286.996836
-0.86,4,287.009037
1.13,5,287.021975
1.19,5,287.044691
1.14,4,287.065104
1.14,4,287.095697
1.14,4,287.118918
1.14,4,287.136168
1.14,4,287.154061
1.19,5,287.175182
1.19,5,287.197858
-0.82,6,287.218597
1.14,4,287.23117
1.14,4,287.243374
1.14,4,287.257859
1.14,4,287.269367
-0.86,5,287.284711
1.14,4,287.296103
-0.71,7,287.318883
1.14,4,287.329688
1.14,4,287.341605
1.14,4,287.357345
1.14,4,287.369341
1.14,4,287.389889
1.14,4,287.404001
1.14,4,287.42023
1.14,4,287.433549
1.14,4,287.445504
1.14,4,287.458789
1.14,4,287.470783
1.14,4,287.483328
1.14,4,287.496875
1.14,4,287.509428
1.14,4,287.521067
1.14,4,287.533299
1.14,4,287.54525
1.14,4,287.557946
1.14,4,287.569591
1.44,8,287.590565
1.14,4,287.601862
1.19,5,287.615938
1.14,4,287.627879
1.14,4,287.639342
1.19,5,287.65579
-0.83,7,287.677133
1.14,4,287.686417
1.14,4,287.696087
1.14,4,287.70801
1.23,7,287.732601
-0.71,6,287.772952
1.34,7,287.804995
1.19,5,287.819709
1.14,4,287.832282
-0.66,7,287.855085
1.34,7,287.883378
1.14,4,287.897654
1.16,5,287.913901
1.14,4,287.927012
1.14,4,287.938861
1.14,4,287.950831
-0.87,6,287.971041
1.14,4,287.983553
1.19,5,287.999056
1.24,6,288.019696
1.29,6,288.046863
1.14,4,288.062775
1.14,4,288.073942
1.14,4,288.084201
1.14,4,288.09488
1.14,4,288.106533
-0.78,8,288.129158
-0.79,9,288.156463
1.39,8,288.181401
1.3,7,288.204708
1.19,5,288.219254
1.14,4,288.236001
-0.72,7,288.286683
1.14,4,288.302541
1.14,4,288.315968
1.14,4,288.328729
1.19,5,288.342631
1.14,4,288.35396
1.14,4,288.366743
1.14,4,288.378389
1.14,4,288.407017
1.18,6,288.439089
1.14,4,288.4637
1.14,4,288.490481
1.14,4,288.514999
-0.71,6,288.540251
1.14,4,288.55339
1.29,6,288.57164
1.14,4,288.585446
1.34,7,288.607452
1.14,4,288.61991
1.14,4,288.631921
1.14,4,288.64461
1.19,5,288.669301
1.19,5,288.685189
1.14,4,288.697108
1.14,4,288.708122
1.14,4,288.720582
1.14,4,288.732132
1.18,6,288.750387
1.34,7,288.775612
1.14,4,288.792788
1.14,4,288.811223
1.14,4,288.832284
1.14,4,288.847791
1.33,8,288.876776
1.14,4,288.892522
1.28,7,288.91776
1.18,6,288.938766
-0.76,6,288.958342
1.14,4,288.974284
1.14,4,288.98618
1.14,4,288.997681
1.14,4,289.013594
1.19,5,289.028396
1.14,4,289.043346
1.14,4,289.055512
1.14,4,289.067535
1.14,4,289.078938
1.14,4,289.090641
1.14,4,289.101954
1.14,4,289.113918
1.28,7,289.138855
1.14,4,289.151495
1.13,5,289.183465
1.14,4,289.216315
1.14,4,289.230601
1.14,4,289.24035
1.13,5,289.25411
1.14,4,289.2668
1.14,4,289.278751
1.14,4,289.293659
-0.87,6,289.31282
1.14,4,289.327315
1.34,7,289.351182
1.14,4,289.36581
-0.82,6,289.385791
1.14,4,289.402407
1.14,4,289.414151
1.14,4,289.426436
1.14,4,289.442282
1.14,4,289.458743
1.14,4,289.471695
1.34,7,289.49723
1.14,4,289.509011
1.14,4,289.520456
-0.84,8,289.546582
1.14,4,289.556551
1.14,4,289.572669
1.14,4,289.583806
1.14,4,289.595089
1.14,4,289.608504
-0.94,7,289.62845
1.14,4,289.639572
1.14,4,289.655213
1.19,5,289.686683
1.14,4,289.712068
1.14,4,289.728851
1.14,4,289.740867
1.14,4,289.752625
1.14,4,289.765643
-0.77,7,289.79478
1.14,4,289.82139
1.14,4,289.85229
1.33,8,289.888141
1.29,6,289.90907
1.14,4,289.934633
-0.81,5,289.965329
1.28,8,289.996976
-0.91,4,290.011829
1.23,7,290.033257
1.14,4,290.043912
1.14,4,290.058089
1.19,5,290.076385
1.19,5,290.099476
1.36,7,290.120571
1.14,4,290.135171
1.23,7,290.157506
1.19,5,290.173802
-0.81,5,290.190644
1.14,4,290.201854
1.14,4,290.214394
1.19,5,290.230482
1.14,4,290.242155
-0.76,6,290.26213
1.14,4,290.27661
1.14,4,290.289577
1.14,4,290.30348
1.14,4,290.315797
1.13,5,290.33246
1.14,4,290.345065
1.39,8,290.369847
1.14,4,290.380313
1.14,4,290.391477
1.14,4,290.404215
1.14,4,290.416738
1.19,5,290.431809
-0.81,6,290.450433
1.14,4,290.461804
1.14,4,290.473379
1.14,4,290.485328
1.14,4,290.496085
1.14,4,290.50758
1.14,4,290.519335
1.14,4,290.530929
1.19,5,290.546127
1.14,4,290.559205
1.14,4,290.571387
1.19,5,290.587233
-0.69,7,290.618037
1.14,4,290.633821
1.14,4,290.645677
-0.86,5,290.663135
1.18,6,290.679727
1.19,5,290.692067
1.14,4,290.702936
1.19,5,290.721431
-0.81,5,290.74636
1.14,4,290.762423
1.14,4,290.774156
1.14,4,290.789392
1.14,4,290.808156
1.29,6,290.848705
1.14,4,290.874043
1.14,4,290.903068
-0.82,6,290.953346
1.29,7,291.010935
1.19,5,291.052122
1.14,4,291.074911
1.14,4,291.088435
1.14,4,291.101233
-0.77,7,291.121994
1.28,7,291.145815
1.14,4,291.162288
-0.71,6,291.184624
1.36,7,291.209004
1.14,4,291.22247
1.14,4,291.236465
1.14,4,291.250062
1.14,4,291.262723
1.14,4,291.276212
1.14,4,291.29266
1.14,4,291.30569
1.14,4,291.318289
-0.83,7,291.338987
1.14,4,291.352481
1.14,4,291.366359
1.14,4,291.379894
1.14,4,291.39583
1.14,4,291.408237
1.14,4,291.423308
1.19,5,291.439662
1.14,4,291.45404
1.14,4,291.469594
1.14,4,291.482891
1.14,4,291.496644
1.19,5,291.511977
1.14,4,291.527896
1.14,4,291.539162
1.19,5,291.554558
1.14,4,291.568615
1.14,4,291.582478
1.29,7,291.616001
-0.87,6,291.643326
1.34,7,291.675686
1.19,5,291.694038
1.14,4,291.705973
1.14,4,291.718653
1.14,4,291.728786
1.14,4,291.737869
1.14,4,291.753
-0.71,6,291.77273
1.14,4,291.78547
1.19,5,291.80132
1.14,4,291.812759
1.14,4,291.823754
-0.62,9,291.851868
1.14,4,291.863375
1.14,4,291.874866
1.14,4,291.88831
1.14,4,291.900306
-0.61,8,291.927531
1.19,5,291.947198
1.14,4,291.958808
1.19,5,291.975514
1.19,5,291.992102
1.44,8,292.016555
-0.72,8,292.050083
1.14,4,292.065044
1.14,4,292.079641
1.14,4,292.09428
1.14,4,292.111893
-0.76,6,292.192439
1.14,4,292.211549
1.14,4,292.224329
1.14,4,292.236776
1.14,4,292.266362
1.14,4,292.307652
1.14,4,292.327444
1.14,4,292.340188
1.14,4,292.352392
1.14,4,292.364962
1.24,5,292.378829
-0.81,6,292.40211
1.14,4,292.414209
1.19,5,292.429049
1.14,4,292.439164
1.14,4,292.451797
1.14,4,292.469483
-0.78,8,292.499435
1.14,4,292.509749
1.14,4,292.520155
-0.81,5,292.537776
1.29,6,292.561969
1.14,4,292.580432
1.14,4,292.594338
1.14,4,292.608569
1.14,4,292.621431
1.14,4,292.633982
1.39,8,292.661097
1.14,4,292.674154
-0.76,6,292.692756
1.14,4,292.707206
1.14,4,292.717057
1.34,7,292.739682
1.14,4,292.753744
-0.82,7,292.789782
1.14,4,292.804359
1.14,4,292.820159
1.14,4,292.83267
1.14,4,292.850257
1.14,4,292.877158
1.14,4,292.903605
1.14,4,292.922778
1.14,4,292.935745
1.14,4,292.951141
1.14,4,292.963551
1.14,4,292.979012
1.14,4,292.991853
1.14,4,293.003851
1.14,4,293.022437
1.34,7,293.047107
1.18,6,293.064134
1.29,6,293.089537
1.14,4,293.109998
1.14,4,293.132513
1.14,4,293.148075
1.14,4,293.161926
1.14,4,293.173209
1.14,4,293.189459
1.14,4,293.207612
1.14,4,293.23279
1.14,4,293.254802
1.14,4,293.268363
1.14,4,293.291078
1.14,4,293.320345
1.14,4,293.350108
1.14,4,293.38131
-0.76,6,293.433923
1.14,4,293.466073
1.14,4,293.495779
1.19,5,293.531173
1.14,4,293.546631
1.28,7,293.568014
1.14,4,293.585128
1.19,5,293.598383
1.35,8,293.635944
1.14,4,293.654104
1.14,4,293.670089
1.14,4,293.68579
1.29,6,293.703582
1.14,4,293.718374
1.24,6,293.736369
1.14,4,293.749598
1.43,10,293.782305
1.19,5,293.798136
1.14,4,293.809194
1.14,4,293.823828
1.14,4,293.836303
1.34,7,293.858514
1.14,4,293.870221
1.23,7,293.898524
1.34,7,293.922114
1.19,5,293.938597
1.14,4,293.950183
1.14,4,293.962371
1.19,5,293.978708
1.14,4,293.991746
1.34,7,294.014526
-0.77,7,294.046155
1.14,4,294.060119
1.19,5,294.078088
1.14,4,294.091134
1.14,4,294.102467
1.19,5,294.117023
1.14,4,294.129215
-0.72,8,294.169363
1.29,7,294.195945
-0.76,6,294.219166
1.14,4,294.234133
1.14,4,294.247457
1.18,6,294.269003
-0.86,4,294.285909
1.14,4,294.301987
1.14,4,294.314776
1.14,4,294.328264
-0.71,7,294.351496
1.14,4,294.365125
1.34,7,294.389279
1.14,4,294.401984
1.14,4,294.416137
1.14,4,294.428322
1.19,5,294.445617
1.14,4,294.457737
1.14,4,294.468759
1.14,4,294.480545
1.24,6,294.496911
1.14,4,294.50798
1.18,6,294.520865
1.14,4,294.536936
1.14,4,294.556071
-0.86,5,294.58274
1.24,6,294.602702
1.14,4,294.614826
1.14,4,294.62848
1.14,4,294.639435
1.14,4,294.653761
-0.76,6,294.676592
-0.81,5,294.692302
1.14,4,294.708141
1.19,5,294.723309
1.14,4,294.735495
1.14,4,294.748206
1.19,5,294.762503
1.14,4,294.774661
-0.86,5,294.789289
-0.76,6,294.809324
1.14,4,294.824824
1.19,5,294.839632
1.14,4,294.849589
1.14,4,294.863818
1.14,4,294.875776
1.14,4,294.887359
1.14,4,294.899741
1.14,4,294.911812
1.14,4,294.923093
1.28,7,294.945538
1.14,4,294.957129
1.14,4,294.967297
1.14,4,294.979914
1.14,4,294.992676
1.14,4,295.003773
1.14,4,295.021202
1.34,7,295.044439
1.14,4,295.055972
-0.86,4,295.068549
1.14,4,295.082345
1.14,4,295.095448
1.34,7,295.115087
1.14,4,295.125812
-0.94,7,295.144945
1.14,4,295.156632
1.14,4,295.168932
1.19,5,295.184145
1.29,6,295.20352
1.44,9,295.230194
1.14,4,295.253676
1.14,4,295.293489
1.14,4,295.316229
1.14,4,295.33206
1.14,4,295.345937
1.14,4,295.359821
1.14,4,295.368384
1.14,4,295.384509
1.14,4,295.404066
1.14,4,295.418575
1.14,4,295.441753
1.19,5,295.46598
1.14,4,295.486218
1.14,4,295.509794
1.29,6,295.551004
1.14,4,295.570819
1.14,4,295.59836
1.14,4,295.621023
1.14,4,295.641529
1.14,4,295.655301
1.14,4,295.669587
-0.87,6,295.690971
-0.71,7,295.720825
1.14,4,295.733872
1.24,6,295.753061
1.19,5,295.775452
-0.86,5,295.793039
1.14,4,295.809374
1.14,4,295.821575
1.14,4,295.836823
1.34,7,295.85472
1.14,4,295.866196
1.14,4,295.876368
1.14,4,295.887136
1.14,4,295.912563
1.14,4,295.936133
1.14,4,295.95768
1.31,7,295.991956
1.14,4,296.004219
1.14,4,296.016065
1.14,4,296.030338
1.14,4,296.042335
1.34,7,296.064018
1.14,4,296.07892
1.14,4,296.091499
-0.61,8,296.115881
1.14,4,296.12821
1.19,5,296.146432
1.14,4,296.161386
1.14,4,296.173397
1.14,4,296.187374
1.14,4,296.202213
1.14,4,296.21346
1.14,4,296.225607
1.14,4,296.238516
1.14,4,296.257875
1.14,4,296.275057
1.34,7,296.296722
-0.76,6,296.315019
1.39,8,296.340118
1.26,6,296.359162
1.14,4,296.370152
1.18,6,296.388388
1.14,4,296.400045
1.14,4,296.409805
1.14,4,296.42189
1.14,4,296.433478
1.2,6,296.451705
1.14,4,296.46737
1.14,4,296.479989
1.13,5,296.496821
1.14,4,296.518966
-0.92,5,296.552968
-0.71,7,296.591301
1.14,4,296.60621
1.14,4,296.618108
1.14,4,296.633635
1.33,8,296.658281
1.13,5,296.673977
1.14,4,296.686877
1.14,4,296.697693
1.14,4,296.716204
1.14,4,296.738982
-0.86,4,296.766288
-0.72,7,296.819834
1.14,4,296.851023
1.14,4,296.868004
-0.92,5,296.888048
1.14,4,296.907357
1.13,5,296.92659
1.34,7,296.947286
1.14,4,296.96053
1.14,4,296.973051
1.14,4,296.984841
1.14,4,296.997187
-0.77,7,297.019754
1.14,4,297.031861
1.19,5,297.048004
1.14,4,297.058222
1.14,4,297.074564
1.14,4,297.087117
1.14,4,297.099535
1.14,4,297.110401
1.29,6,297.128511
-0.91,4,297.143613
1.14,4,297.15641
1.14,4,297.168323
1.14,4,297.180177
1.14,4,297.192569
1.14,4,297.204445
1.39,8,297.228953
1.18,6,297.247855
1.14,4,297.260443
-0.82,6,297.281571
1.14,4,297.294136
1.13,5,297.309117
1.14,4,297.320879
1.14,4,297.332807
1.38,9,297.360693
1.14,4,297.372204
1.29,6,297.391414
1.34,7,297.412697
1.14,4,297.425676
1.14,4,297.436877
1.14,4,297.449037
1.14,4,297.461153
1.14,4,297.473243
1.14,4,297.484885
1.14,4,297.4969
1.14,4,297.509101
1.14,4,297.520525
-0.81,5,297.537149
1.14,4,297.5487
1.14,4,297.560635
-0.59,8,297.58752
1.14,4,297.598911
1.14,4,297.610869
1.14,4,297.632104
1.14,4,297.656986
1.14,4,297.685103
1.29,7,297.73754
1.14,4,297.769747
1.14,4,297.796878
1.19,5,297.825882
1.14,4,297.841441
1.14,4,297.85314
1.23,7,297.879767
1.14,4,297.892339
1.19,5,297.906959
1.19,5,297.922688
1.14,4,297.934708
1.14,4,297.948856
1.14,4,297.961003
1.14,4,297.974856
1.19,5,297.989607
1.14,4,298.006968
1.19,5,298.026424
1.29,7,298.046959
1.14,4,298.059855
1.14,4,298.072284
1.14,4,298.085845
1.14,4,298.097977
1.14,4,298.110574
1.14,4,298.121507
1.14,4,298.134311
1.14,4,298.147146
-0.99,6,298.163989
1.19,5,298.185079
1.14,4,298.212258
1.14,4,298.236544
1.14,4,298.258271
1.14,4,298.270532
1.29,6,298.293905
1.14,4,298.306553
1.19,5,298.321617
1.14,4,298.334943
1.14,4,298.353838
1.14,4,298.365906
1.18,6,298.386315
1.14,4,298.397978
1.14,4,298.412382
1.14,4,298.42513
1.19,5,298.440353
1.14,4,298.454824
1.14,4,298.469328
1.14,4,298.484599
1.14,4,298.495907
-0.71,7,298.518032
1.14,4,298.53069
1.14,4,298.542919
1.14,4,298.556129
1.14,4,298.571424
1.14,4,298.583009
1.14,4,298.595737
1.28,8,298.624532
1.14,4,298.637233
1.14,4,298.646451
1.14,4,298.656884
1.14,4,298.66929
1.14,4,298.681908
1.14,4,298.693798
1.14,4,298.706962
1.19,5,298.724728
1.14,4,298.737203
1.14,4,298.748438
1.14,4,298.760314
1.14,4,298.773389
1.14,4,298.873271
1.14,4,298.887488
1.14,4,298.900375
-0.92,5,298.916341
1.14,4,298.928282
1.14,4,298.942402
-0.81,5,298.966753
1.18,6,298.988571
1.14,4,298.999438
1.14,4,299.01364
1.14,4,299.025408
1.14,4,299.04002
1.14,4,299.057283
-0.91,4,299.083919
1.14,4,299.106745
1.19,5,299.135877
1.14,4,299.151803
-0.9,5,299.175774
1.14,4,299.193166
1.14,4,299.211156
1.14,4,299.227908
1.14,4,299.239301
1.19,5,299.254078
1.28,7,299.273261
1.14,4,299.285719
1.14,4,299.296004
1.14,4,299.305826
1.14,4,299.316013
1.14,4,299.328877
1.14,4,299.341628
1.17,7,299.361799
1.14,4,299.373798
1.14,4,299.387944
1.18,6,299.416569
1.14,4,299.443727
1.14,4,299.466787
1.29,6,299.492462
1.14,4,299.505659
1.14,4,299.524561
1.14,4,299.538244
1.23,7,299.575899
1.14,4,299.601079
1.14,4,299.619234
1.29,6,299.652226
1.14,4,299.671948
1.14,4,299.685384
1.29,6,299.70486
1.14,4,299.716826
-0.81,5,299.738921
1.14,4,299.750074
1.14,4,299.763307
1.14,4,299.77384
1.19,5,299.789333
1.14,4,299.800681
1.14,4,299.815345
1.14,4,299.82654
1.14,4,299.838405
1.14,4,299.849484
1.14,4,299.868416
1.14,4,299.893888
-0.83,7,299.941314
1.14,4,299.969637
-0.86,5,300.013904
1.14,4,300.044436
1.19,5,300.085616
-0.71,7,300.116585
1.14,4,300.136991
1.14,4,300.158915
1.14,4,300.180322
1.14,4,300.195173
1.28,7,300.216147
-0.76,6,300.230697
1.14,4,300.243027
1.24,6,300.261891
1.23,7,300.283214
1.34,7,300.306507
1.14,4,300.318989
1.13,5,300.335926
1.28,7,300.357723
1.14,4,300.370901
1.34,7,300.394987
1.14,4,300.407721
1.14,4,300.419775
1.14,4,300.43143
1.19,5,300.446537
1.14,4,300.460693
1.14,4,300.474215
1.14,4,300.487277
1.14,4,300.500675
1.14,4,300.515866
1.14,4,300.542791
-0.86,5,300.576666
1.13,5,300.609665
1.19,5,300.63852
1.34,7,300.673858
1.14,4,300.692622
1.14,4,300.705745
1.14,4,300.717705
-0.87,5,300.733283
1.14,4,300.744289
1.14,4,300.756667
1.18,6,301.526443
1.19,5,301.539803
-0.86,4,301.553076
1.14,4,301.566823
1.14,4,301.579766
1.24,6,301.598144
-0.76,6,301.622369
1.29,6,301.64034
1.14,4,301.653541
1.14,4,301.665264
-0.81,5,301.68166
1.14,4,301.694106
1.34,7,301.718764
-0.83,7,301.740641
1.14,4,301.753055
1.14,4,301.764398
1.14,4,301.776006
1.14,4,301.78882
1.14,4,301.799254
1.14,4,301.810601
1.19,5,301.836838
1.14,4,301.850413
1.14,4,301.863318
1.14,4,301.889267
1.29,6,301.930142
1.14,4,301.944859
1.19,5,301.960645
1.14,4,301.973987
1.14,4,301.985127
1.14,4,302.002663
1.14,4,302.014255
1.14,4,302.025682
1.29,7,302.047873
1.14,4,302.060363
1.14,4,302.0726
1.19,5,302.088781
-0.77,7,302.111262
1.14,4,302.122952
1.14,4,302.136485
1.14,4,302.148929
1.14,4,302.160996
1.14,4,302.173355
1.29,6,302.192165
1.14,4,302.205128
1.14,4,302.216353
1.34,7,302.238497
1.18,6,302.255344
1.14,4,302.265684
1.14,4,302.2762
1.14,4,302.288881
1.14,4,302.304344
1.14,4,302.31574
1.19,5,302.338374
1.14,4,302.351891
1.14,4,302.363681
1.14,4,302.375381
1.14,4,302.388586
1.34,7,302.412486
1.14,4,302.427356
1.14,4,302.439879
1.14,4,302.452948
1.14,4,302.465631
1.14,4,302.479117
1.14,4,302.499986
1.14,4,302.520439
1.14,4,302.537536
1.14,4,302.554581
1.14,4,302.568153
1.14,4,302.584507
1.14,4,302.599715
1.14,4,302.618211
1.19,5,302.636237
1.14,4,302.651653
1.14,4,302.666428
1.34,7,302.688633
1.14,4,302.702651
-0.76,6,302.72488
1.19,5,302.749871
-0.81,6,302.794401
1.14,4,302.815988
1.14,4,302.830687
1.14,4,302.843955
1.14,4,302.85621
-0.86,4,302.874311
1.14,4,302.890846
-0.66,7,302.918803
1.14,4,302.930547
1.14,4,302.942498
1.13,5,302.9568
1.14,4,302.967456
1.14,4,302.979594
1.19,5,303.006098
1.14,4,303.033299
1.14,4,303.057064
1.14,4,303.08233
1.14,4,303.113598
1.14,4,303.141182
-0.88,7,303.191863
1.14,4,303.224311
1.33,8,303.27589
1.14,4,303.295404
1.14,4,303.308493
1.14,4,303.320824
1.14,4,303.333088
1.14,4,303.344512
-0.97,4,303.363051
1.14,4,303.376539
1.34,7,303.39678
1.14,4,303.408991
1.14,4,303.423093
1.14,4,303.435266
1.14,4,303.448374
1.14,4,303.460575
1.19,5,303.475893
1.14,4,303.492685
1.14,4,303.508132
1.14,4,303.523828
1.14,4,303.53691
1.14,4,303.554397
1.14,4,303.5811
1.14,4,303.602276
1.14,4,303.62835
1.34,7,303.654493
1.14,4,303.666326
-0.67,8,303.697932
1.19,5,303.728873
1.14,4,303.747844
1.24,6,303.772674
1.14,4,303.790646
1.14,4,303.811015
1.14,4,303.83062
1.14,4,303.845368
1.14,4,303.857529
1.18,6,303.875437
1.14,4,303.888106
1.14,4,303.900056
1.13,5,303.915182
-0.92,5,303.931266
1.14,4,303.942882
1.14,4,303.956833
1.14,4,303.97929
1.14,4,304.000425
1.14,4,304.016304
1.14,4,304.028435
-0.77,7,304.051821
1.14,4,304.063107
1.19,5,304.079782
1.14,4,304.092142
1.33,8,304.120436
-0.93,6,304.137487
-0.87,6,304.163372
1.14,4,304.187557
1.14,4,304.218055
1.14,4,304.235183
1.14,4,304.250901
1.24,6,304.283558
1.14,4,304.299732
-0.88,7,304.327146
1.14,4,304.339851
-0.81,6,304.359484
1.14,4,304.371856
1.33,8,304.396195
1.14,4,304.418425
1.14,4,304.443862
1.14,4,304.461965
1.14,4,304.474377
1.14,4,304.49729
1.14,4,304.527912
1.14,4,304.556824
1.14,4,304.585203
1.14,4,304.613147
1.14,4,304.629211
1.14,4,304.645367
1.14,4,304.657353
-0.76,6,304.676774
1.14,4,304.688949
1.19,5,304.707343
1.14,4,304.719933
1.14,4,304.73258
1.14,4,304.744366
1.14,4,304.75592
1.14,4,304.767807
1.14,4,304.780295
1.14,4,304.839844
-0.86,4,304.859257
1.18,6,304.876795
1.14,4,304.888012
1.14,4,304.903404
-0.78,8,304.935033
1.14,4,304.946951
1.14,4,304.959191
1.28,8,304.984121
1.14,4,304.998122
1.14,4,305.01335
1.14,4,305.025314
1.14,4,305.038125
1.18,6,305.057059
1.14,4,305.069776
-0.76,6,305.090252
1.14,4,305.102943
1.14,4,305.118359
1.14,4,305.131456
1.14,4,305.143598
1.14,4,305.157888
1.14,4,305.170102
1.19,5,305.185228
1.14,4,305.205049
1.14,4,305.227767
1.2,6,305.26075
1.34,7,305.283565
1.34,7,305.316096
1.14,4,305.34332
1.14,4,305.369757
1.14,4,305.397778
1.14,4,305.414427
1.24,6,305.439605
1.14,4,305.451149
1.19,5,305.473032
1.14,4,305.496193
1.14,4,305.516804
1.19,5,305.542341
1.14,4,305.556549
1.14,4,305.573023
1.14,4,305.593717
1.14,4,305.615543
1.14,4,305.634007
1.14,4,305.647037
1.14,4,305.658689
1.14,4,305.670512
1.13,5,305.685671
1.19,5,305.708306
1.19,5,305.73894
1.19,5,305.758854
-0.93,6,305.783948
1.19,5,305.810492
-0.76,6,305.834527
1.14,4,305.85544
1.14,4,305.873662
1.14,4,305.897878
1.14,4,305.924891
1.14,4,305.949229
1.14,4,305.969863
1.14,4,305.988079
1.14,4,306.011024
1.14,4,306.042353
1.14,4,306.060137
1.19,5,306.07902
1.14,4,306.090345
1.14,4,306.11283
1.14,4,306.134071
1.14,4,306.165087
1.14,4,306.192148
1.14,4,306.209974
1.14,4,306.219281
1.14,4,306.231446
1.14,4,306.24269
1.14,4,306.254674
1.28,7,306.293666
1.14,4,306.320745
1.14,4,306.349756
1.14,4,306.382454
1.14,4,306.404357
1.33,8,306.43105
1.19,5,306.447027
1.14,4,306.458785
1.14,4,306.472773
1.14,4,306.496301
-0.66,7,306.534839
1.14,4,306.55262
1.19,5,306.569202
1.34,7,306.589183
1.18,6,306.613353
1.14,4,306.627916
1.14,4,306.654024
1.34,7,306.689544
1.14,4,306.704088
1.14,4,306.7174
1.14,4,306.728362
1.14,4,306.739154
-0.71,7,306.762858
1.14,4,306.774673
1.14,4,306.786458
1.34,7,306.810748
1.14,4,306.825174
1.14,4,306.862425
-0.92,5,306.903219
1.14,4,306.92246
1.14,4,306.933355
1.14,4,306.94539
1.14,4,306.959342
1.19,5,306.978573
-0.86,5,306.996426
1.14,4,307.00878
1.14,4,307.020301
1.14,4,307.030402
1.3,8,307.058226
1.14,4,307.073758
-0.76,6,307.093033
1.14,4,307.104951
1.13,5,307.121024
1.19,5,307.135988
1.14,4,307.152432
1.14,4,307.165023
1.14,4,307.183157
-0.91,4,307.21146
1.14,4,307.240762
1.14,4,307.264537
1.19,5,307.294116
1.14,4,307.308253
1.14,4,307.319942
1.14,4,307.334366
1.14,4,307.352658
1.14,4,307.371668
1.14,4,307.388961
-0.77,7,307.414868
1.14,4,307.426565
-0.51,9,307.457256
1.14,4,307.483501
1.14,4,307.507982
-0.83,7,307.536031
1.14,4,307.546959
1.14,4,307.55899
1.24,6,307.584471
1.14,4,307.595782
1.14,4,307.606747
1.18,6,307.624603
1.19,5,307.647877
-0.86,5,307.675631
1.14,4,307.691006
-0.81,5,307.708317
1.14,4,307.721969
1.14,4,307.740654
-0.76,6,307.7848
1.14,4,307.807904
1.14,4,307.82333
1.14,4,307.835652
1.14,4,307.847904
1.14,4,307.86008
1.14,4,307.872421
1.14,4,307.884851
1.18,6,307.903015
1.14,4,307.92034
1.14,4,307.965772
1.14,4,307.980586
1.14,4,307.996721
1.14,4,308.008402
1.14,4,308.02378
1.18,6,308.042366
1.14,4,308.053697
1.14,4,308.065835
1.14,4,308.077494
1.14,4,308.089264
1.14,4,308.100828
1.14,4,308.113639
1.14,4,308.131772
1.14,4,308.146775
1.14,4,308.159606
1.14,4,308.17149
1.14,4,308.182877
1.14,4,308.195843
1.14,4,308.207099
1.14,4,308.218808
-0.77,7,308.241415
1.14,4,308.253645
1.18,6,308.272983
-0.66,8,308.299924
1.14,4,308.311013
1.19,5,308.32577
1.14,4,308.337061
1.19,5,308.352
1.14,4,308.364268
1.14,4,308.376646
1.24,6,308.391668
-0.72,7,308.420996
1.14,4,308.434226
1.14,4,308.446481
1.14,4,308.458816
1.14,4,308.470698
1.29,6,308.492473
1.14,4,308.508061
1.34,7,308.55261
1.19,5,308.583584
1.14,4,308.598716
1.14,4,308.618205
1.14,4,308.632438
1.14,4,308.64659
1.34,7,308.667834
1.14,4,308.680262
1.19,5,308.695518
1.14,4,308.707043
-0.81,6,308.727766
-0.76,6,308.75058
-0.83,7,308.771536
1.19,5,308.789654
1.14,4,308.804325
-0.71,6,308.823756
-0.91,4,308.837687
1.29,6,308.857255
1.14,4,308.87009
1.14,4,308.882732
1.14,4,308.895191
-0.42,11,308.925979
1.14,4,308.940424
1.24,6,308.961928
1.14,4,308.978658
1.18,6,308.996742
1.14,4,309.008324
1.14,4,309.017728
1.14,4,309.030997
1.28,7,309.053483
1.14,4,309.065656
1.24,6,309.082738
1.14,4,309.095567
1.14,4,309.107434
1.28,7,309.131864
1.14,4,309.14355
1.14,4,309.158248
1.14,4,309.172822
1.14,4,309.188097
-0.88,7,309.210087
1.14,4,309.224871
-0.81,5,309.244417
1.14,4,309.255664
1.19,5,309.270057
1.29,6,309.294258
1.14,4,309.308057
1.14,4,309.320932
1.14,4,309.333125
1.14,4,309.345456
1.14,4,309.357061
1.14,4,309.369178
-0.66,7,309.390079
-0.92,5,309.407568
1.14,4,309.420397
1.14,4,309.439537
1.14,4,309.45748
1.14,4,309.472986
1.14,4,309.484549
-0.76,6,309.504035
1.49,8,309.532455
1.14,4,309.54652
1.14,4,309.56118
1.19,5,309.581767
1.16,5,309.598577
1.14,4,309.61435
1.14,4,309.636019
1.14,4,309.652381
1.34,7,309.705316
1.14,4,309.734456
1.14,4,309.75696
1.19,5,309.773631
1.14,4,309.786012
1.14,4,309.798429
1.14,4,309.812546
1.14,4,309.828659
1.14,4,309.838949
1.14,4,309.852298
1.14,4,309.864881
1.24,6,309.881728
1.14,4,309.893188
1.14,4,309.905784
1.14,4,309.918425
1.21,5,309.934478
1.19,5,309.952197
1.14,4,309.966007
1.14,4,309.978391
-0.87,6,309.997657
1.34,7,310.020317
1.14,4,310.04114
1.14,4,310.068239
1.14,4,310.092974
1.14,4,310.117923
1.2,6,310.161312
1.14,4,310.192589
-0.78,9,310.251331
-0.86,4,310.284623
-0.81,5,310.328114
1.14,4,310.349041
1.14,4,310.366099
1.14,4,310.380555
1.36,7,310.402602
1.14,4,310.417484
1.14,4,310.432328
1.34,7,310.453587
1.14,4,310.466717
1.14,4,310.478453
1.14,4,310.493202
1.34,7,310.51728
1.14,4,310.529017
1.14,4,310.541378
1.14,4,310.553533
1.14,4,310.565329
1.14,4,310.577215
1.14,4,310.58636
1.14,4,310.59806
1.14,4,310.610178
1.19,5,310.624526
1.14,4,310.636606
1.14,4,310.648113
1.41,8,310.673064
1.14,4,310.688859
1.14,4,310.704384
-0.77,7,310.762611
1.14,4,310.783824
1.19,5,310.824067
1.14,4,310.854843
-0.86,4,310.888666
1.14,4,310.918957
1.14,4,310.962099
1.14,4,311.003977
-0.82,6,311.027793
1.14,4,311.040238
1.14,4,311.05441
1.14,4,311.067523
1.14,4,311.091131
1.14,4,311.110321
1.14,4,311.130934
1.14,4,311.150567
1.19,5,311.172283
1.14,4,311.185298
-0.81,5,311.201385
1.28,7,311.224607
1.14,4,311.235959
1.14,4,311.247876
1.14,4,311.261352
1.14,4,311.274474
1.28,7,311.297635
1.14,4,311.312085
1.19,5,311.334574
1.14,4,311.349586
1.19,5,311.368014
1.14,4,311.380622
1.14,4,311.394325
1.14,4,311.40397
-0.86,4,311.416249
1.14,4,311.430456
1.14,4,311.443047
1.14,4,311.459735
1.14,4,311.468791
1.14,4,311.480769
1.14,4,311.494624
1.14,4,311.505785
1.14,4,311.518128
1.19,5,311.532206
1.14,4,311.544026
1.14,4,311.554835
1.29,6,311.577598
1.19,5,311.604959
1.14,4,311.624142
-0.67,8,311.651192
-0.78,8,311.675366
1.14,4,311.687146
-0.81,5,311.703453
1.19,5,311.720364
1.14,4,311.732261
1.14,4,311.744091
1.14,4,311.757937
1.14,4,311.769429
1.14,4,311.783294
1.19,5,311.801102
-0.71,7,311.825701
1.29,6,311.84806
1.14,4,311.861217
1.14,4,311.876033
1.14,4,311.885121
1.19,5,311.900695
1.14,4,311.912102
-0.84,8,311.935161
1.14,4,311.947963
1.44,8,311.972937
1.14,4,311.98383
1.19,5,312.005477
-0.87,6,312.028394
1.14,4,312.040516
1.14,4,312.055734
1.14,4,312.067322
1.14,4,312.078706
1.14,4,312.091604
1.14,4,312.103772
1.14,4,312.114776
1.44,8,312.13896
1.19,5,312.157734
-0.76,6,312.183546
1.14,4,312.199054
-0.81,5,312.229742
1.43,9,312.286114
-0.71,7,312.318573
1.14,4,312.337651
1.19,5,312.356181
-0.83,7,312.378612
1.14,4,312.395483
1.14,4,312.40784
1.14,4,312.418015
1.14,4,312.436881
-0.68,10,312.499062
1.46,8,312.53868
1.14,4,312.549878
1.14,4,312.564937
1.14,4,312.577223
1.14,4,312.592408
1.14,4,312.603179
1.14,4,312.614204
1.14,4,312.627672
1.14,4,312.644088
1.14,4,312.660115
1.14,4,312.683005
1.14,4,312.703341
1.14,4,312.717993
1.14,4,312.736028
1.34,7,312.758363
1.14,4,312.769111
1.34,7,312.790436
1.14,4,312.803375
1.14,4,312.820055
1.14,4,312.839422
-0.81,5,312.865457
-0.61,8,312.894566
-0.71,7,312.916129
-0.82,6,312.934795
1.29,6,312.953081
1.14,4,312.963531
1.19,5,312.978542
1.14,4,312.989774
1.19,5,313.00277
1.14,4,313.013124
1.14,4,313.024594
1.14,4,313.036033
1.14,4,313.04764
1.14,4,313.059472
-0.77,7,313.080054
1.19,5,313.093406
1.14,4,313.10527
1.14,4,313.121802
1.14,4,313.138256
1.14,4,313.149515
-0.74,7,313.172313
1.14,4,313.18377
1.14,4,313.195545
1.14,4,313.211135
1.14,4,313.22317
1.14,4,313.234675
-0.81,5,313.260908
1.14,4,313.280096
1.14,4,313.294343
1.34,7,313.317048
1.14,4,313.328657
1.14,4,313.340913
1.14,4,313.351816
1.14,4,313.362686
1.34,7,313.387492
-0.76,6,313.409584
1.14,4,313.421539
1.14,4,313.432678
1.14,4,313.445282
1.14,4,313.460147
1.14,4,313.479597
1.13,5,313.501453
1.14,4,313.51419
1.14,4,313.527781
1.14,4,313.540148
-0.67,8,313.562832
1.14,4,313.575491
1.14,4,313.588183
1.14,4,313.599431
1.14,4,313.611141
1.14,4,313.625738
1.14,4,313.637802
1.14,4,313.64872
1.24,6,313.667118
1.14,4,313.693434
1.14,4,313.732122
-0.86,4,313.752333
1.19,5,313.769346
1.14,4,313.783361
1.14,4,313.795655
-0.71,6,313.82289
1.14,4,313.837888
1.14,4,313.849318
1.14,4,313.863993
1.14,4,313.875304
1.13,5,313.890532
1.14,4,313.90208
1.14,4,313.91325
1.14,4,313.924766
1.14,4,313.937534
-0.66,7,313.965164
1.19,5,313.979993
1.14,4,313.991611
1.19,5,314.006724
1.14,4,314.016619
1.14,4,314.029258
1.14,4,314.040922
-0.71,7,314.06187
1.19,5,314.075788
1.44,8,314.10129
1.14,4,314.112537
1.14,4,314.124243
1.13,5,314.138983
1.14,4,314.150056
-0.82,7,314.173646
1.19,5,314.19039
1.14,4,314.209812
1.14,4,314.231236
1.14,4,314.246375
1.14,4,314.261873
1.19,5,314.289639
1.14,4,314.309223
1.14,4,314.328272
1.14,4,314.346305
1.14,4,314.361437
-0.78,8,314.385131
-0.92,5,314.406464
1.14,4,314.424757
1.14,4,314.43948
1.14,4,314.450614
1.14,4,314.46388
-0.76,6,314.486912
1.14,4,314.499512
1.23,7,314.538004
1.14,4,314.564073
1.14,4,314.588368
1.19,5,314.609813
1.14,4,314.62432
1.19,5,314.640042
1.14,4,314.651661
1.14,4,314.664123
1.14,4,314.676542
1.14,4,314.688571
1.14,4,314.70383
1.14,4,314.715886
1.14,4,314.728006
1.49,8,314.75596
1.14,4,314.767787
1.14,4,314.780258
1.14,4,314.79197
1.24,6,314.810535
1.14,4,314.823699
1.14,4,314.839147
1.14,4,314.850519
-0.81,5,314.863307
1.14,4,314.872868
1.19,5,314.887441
1.14,4,314.904275
-0.82,6,314.931882
1.14,4,314.944154
1.14,4,314.954434
1.14,4,314.965741
1.19,5,314.98232
1.14,4,314.994136
1.14,4,315.006451
1.14,4,315.017746
1.14,4,315.029765
1.14,4,315.041152
1.14,4,315.053599
1.14,4,315.065477
1.14,4,315.078211
1.14,4,315.090902
1.14,4,315.103018
1.14,4,315.112946
1.14,4,315.128423
1.14,4,315.140479
1.14,4,315.15297
1.14,4,315.162135
1.14,4,315.17525
1.14,4,315.187712
1.14,4,315.199131
-0.81,5,315.215406
1.14,4,315.228491
1.14,4,315.240059
1.18,6,315.258452
1.14,4,315.269579
1.14,4,315.280056
1.14,4,315.293458
1.14,4,315.307025
1.14,4,315.319829
-0.71,6,315.339905
1.14,4,315.349726
1.14,4,315.362795
1.14,4,315.380921
1.14,4,315.394349
1.14,4,315.405595
1.14,4,315.417164
1.14,4,315.427027
1.14,4,315.438124
1.14,4,315.449073
1.14,4,315.461329
1.24,6,315.481558
1.14,4,315.49463
1.14,4,315.507118
1.29,6,315.524374
1.14,4,315.537009
1.14,4,315.548438
1.14,4,315.572928
1.14,4,315.588443
1.14,4,315.600945
1.14,4,315.614008
1.33,8,315.644365
1.14,4,315.656649
1.14,4,315.672709
1.14,4,315.686529
1.16,5,315.700421
1.14,4,315.713177
1.14,4,315.728099
1.14,4,315.74095
1.14,4,315.75397
1.14,4,315.765157
1.14,4,315.780507
1.24,6,315.815917
1.14,4,315.830931
1.14,4,315.846796
1.14,4,315.885819
1.14,4,315.933443
1.14,4,315.957834
1.14,4,315.971991
1.14,4,315.985468
-0.86,4,315.997873
1.13,5,316.014477
1.44,8,316.043487
1.14,4,316.057415
1.14,4,316.071781
1.34,7,316.097877
1.14,4,316.110669
-0.66,7,316.135839
1.14,4,316.153458
1.14,4,316.179237
1.14,4,316.200099
1.14,4,316.213987
1.14,4,316.227058
1.19,5,316.244791
1.19,5,316.261401
1.14,4,316.275163
1.19,5,316.291328
1.24,6,316.31478
-0.83,7,316.340198
1.14,4,316.352442
1.14,4,316.364879
1.29,6,316.382014
1.18,6,316.40273
1.14,4,316.414488
1.19,5,316.430828
1.14,4,316.461292
1.14,4,316.504282
-0.81,5,316.530231
1.33,8,316.557223
1.14,4,316.570652
1.14,4,316.582763
1.14,4,316.596275
1.29,6,316.617456
1.34,7,316.639997
-0.81,5,316.65527
1.14,4,316.668827
1.14,4,316.681641
1.14,4,316.6982
1.14,4,316.709707
1.14,4,316.722026
1.19,5,316.741147
1.14,4,316.753617
1.14,4,316.769428
1.14,4,316.786113
1.14,4,316.803234
1.14,4,316.82088
1.14,4,316.832094
-0.79,5,316.848841
1.34,7,316.878762
1.19,5,316.89764
1.19,5,316.912408
1.18,6,316.932488
1.14,4,316.945261
1.14,4,316.957914
1.19,5,316.973838
1.14,4,316.986994
1.14,4,316.998605
-0.71,7,317.022797
1.14,4,317.034544
1.14,4,317.045114
1.14,4,317.057855
1.14,4,317.070722
1.14,4,317.082238
1.14,4,317.097525
1.14,4,317.111255
-0.77,7,317.139217
1.14,4,317.154073
1.14,4,317.168811
1.14,4,317.187883
1.14,4,317.202525
1.14,4,317.221652
-0.87,5,317.24383
1.14,4,317.258809
1.14,4,317.867298
1.14,4,317.875087
1.14,4,317.888577
-0.56,8,317.91251
1.14,4,317.925676
1.14,4,317.938605
-0.92,5,317.954608
1.14,4,317.966337
1.29,6,317.986403
1.14,4,317.997547
1.28,7,318.020778
1.14,4,318.032805
1.14,4,318.04515
1.14,4,318.057898
1.14,4,318.069998
1.14,4,318.081261
1.14,4,318.091646
1.28,7,318.112281
-0.78,8,318.136789
1.14,4,318.14879
-0.81,5,318.16684
1.14,4,318.179554
1.14,4,318.192188
-0.77,7,318.214565
1.14,4,318.226996
1.14,4,318.239395
1.19,5,318.255166
1.34,7,318.276436
1.14,4,318.289083
1.14,4,318.301631
1.14,4,318.311867
1.14,4,318.322957
1.14,4,318.335629
1.14,4,318.344862
1.14,4,318.357008
1.14,4,318.366673
1.14,4,318.378802
1.14,4,318.391422
1.14,4,318.403646
1.14,4,318.415012
1.34,7,318.430667
1.13,5,318.44132
1.14,4,318.452516
1.14,4,318.460849
1.14,4,318.472376
1.14,4,318.484497
1.14,4,318.497888
1.14,4,318.511972
1.14,4,318.528475
1.14,4,318.541421
1.14,4,318.552816
1.14,4,318.596286
1.14,4,318.642159
1.14,4,318.655853
1.14,4,318.668643
1.14,4,318.677861
-0.78,8,318.701474
1.14,4,318.711774
1.14,4,318.72255
1.14,4,318.735632
1.14,4,318.745007
1.14,4,318.75638
1.19,5,318.770675
1.14,4,318.781836
1.14,4,318.79336
1.14,4,318.804439
1.14,4,318.816876
1.14,4,318.829115
1.14,4,318.841188
1.19,5,318.856295
1.14,4,318.868784
1.28,7,318.889849
1.14,4,318.899594
1.14,4,318.910843
1.14,4,318.921349
1.14,4,318.932676
1.14,4,318.944677
1.19,5,318.958411
1.14,4,318.968216
1.14,4,318.978292
1.14,4,318.988696
1.14,4,318.999681
1.14,4,319.011985
1.14,4,319.024811
1.14,4,319.035773
1.14,4,319.046357
1.24,6,319.065331
1.14,4,319.073824
1.14,4,319.084156
1.14,4,319.094998
1.14,4,319.107223
1.14,4,319.119686
-0.76,6,319.137086
1.14,4,319.147362
1.14,4,319.159554
-0.77,7,319.183031
1.14,4,319.194257
1.14,4,319.20457
1.14,4,319.215547
1.14,4,319.227206
-0.71,7,319.252035
1.14,4,319.263132
1.19,5,319.277275
1.14,4,319.288788
1.14,4,319.300736
1.14,4,319.311801
1.24,6,319.327999
1.14,4,319.339599
1.14,4,319.351167
1.14,4,319.362527
1.14,4,319.374164
1.14,4,319.385706
1.14,4,319.395437
1.34,7,319.413968
1.14,4,319.422995
1.14,4,319.434095
1.28,7,319.454186
1.19,5,319.467582
1.18,6,319.484332
1.14,4,319.493556
1.13,5,319.50702
1.14,4,319.518024
1.14,4,319.528923
1.14,4,319.540938
1.14,4,319.553903
1.14,4,319.565413
1.14,4,319.576742
1.14,4,319.588971
1.14,4,319.600721
1.14,4,319.609455
1.14,4,319.622076
1.14,4,319.637349
1.14,4,319.653225
1.29,6,319.678328
1.14,4,319.695674
1.14,4,319.713176
1.14,4,319.731912
1.29,6,319.756258
1.14,4,319.770074
1.14,4,319.782317
1.14,4,319.794122
-0.81,5,319.809638
1.14,4,319.821128
-0.81,6,319.839969
1.19,5,319.853634
1.14,4,319.862962
1.14,4,319.874956
1.19,5,319.88746
1.14,4,319.898442
1.14,4,319.909278
1.24,6,319.926303
1.14,4,319.938123
1.14,4,319.94956
1.14,4,319.960707
1.14,4,319.972382
-0.76,6,319.989842
1.14,4,320.001757
1.14,4,320.012627
1.14,4,320.024183
1.14,4,320.036766
1.14,4,320.04796
1.14,4,320.059534
1.14,4,320.071217
1.44,8,320.093561
1.14,4,320.106017
1.29,6,320.123484
1.19,5,320.136594
-0.87,6,320.155393
1.14,4,320.167808
1.14,4,320.179204
1.14,4,320.190819
1.14,4,320.203239
1.14,4,320.215238
1.14,4,320.228603
1.14,4,320.241959
1.14,4,320.253086
-0.79,9,320.278982
1.14,4,320.292108
1.14,4,320.305073
1.14,4,320.316984
1.14,4,320.375879
1.14,4,320.401239
1.29,6,320.417217
1.14,4,320.426938
1.14,4,320.439935
1.14,4,320.452569
1.14,4,320.464117
1.14,4,320.476971
-0.76,6,320.499691
1.14,4,320.511975
1.14,4,320.523238
1.14,4,320.534894
1.14,4,320.547466
1.34,7,320.570998
1.18,6,320.588887
-0.78,8,320.608575
1.14,4,320.620817
1.14,4,320.633075
1.14,4,320.644413
-0.81,5,320.660795
1.14,4,320.674654
1.14,4,320.688329
1.14,4,320.700474
1.14,4,320.712374
1.18,6,320.733696
1.14,4,320.74368
1.19,5,320.756056
1.19,5,320.771624
1.19,5,320.784825
1.14,4,320.796546
1.14,4,320.807225
1.14,4,320.820685
1.14,4,320.833064
1.34,7,320.851976
1.14,4,320.864637
-0.82,6,320.884809
1.14,4,320.898839
1.14,4,320.91102
1.14,4,320.925756
1.14,4,320.940076
1.14,4,320.951833
1.14,4,320.963684
-0.81,5,320.979475
-0.71,7,321.000535
1.14,4,321.010274
1.14,4,321.022245
1.13,5,321.037778
1.14,4,321.049662
1.19,5,321.065878
1.14,4,321.077188
1.18,6,321.092745
1.19,5,321.10635
1.14,4,321.117599
1.39,8,321.141927
-0.87,5,321.157128
1.14,4,321.170276
1.14,4,321.182619
1.14,4,321.193506
1.19,5,321.208317
1.19,5,321.224278
1.14,4,321.236702
1.14,4,321.250762
1.14,4,321.26224
1.24,6,321.277001
1.14,4,321.288243
1.14,4,321.300489
1.34,7,321.322125
1.14,4,321.33361
1.14,4,321.342467
1.14,4,321.352686
1.14,4,321.364816
1.14,4,321.375179
1.14,4,321.387107
1.14,4,321.398374
1.29,6,321.415369
1.14,4,321.425773
1.14,4,321.437077
1.14,4,321.449003
1.14,4,321.458544
1.14,4,321.471416
1.14,4,321.483128
1.14,4,321.494035
1.14,4,321.506109
1.14,4,321.518091
1.14,4,321.526687
-0.76,6,321.54626
1.14,4,321.558589
1.14,4,321.570879
1.14,4,321.584479
1.14,4,321.595925
1.14,4,321.606187
1.34,7,321.626579
1.14,4,321.639037
1.14,4,321.651059
1.14,4,321.662201
1.14,4,321.67088
1.14,4,321.680333
1.14,4,321.692736
1.14,4,321.705467
-0.82,6,321.722713
1.14,4,321.733208
1.14,4,321.743135
1.14,4,321.755573
1.14,4,321.766033
1.14,4,321.776599
1.14,4,321.788155
1.14,4,321.799489
1.14,4,321.81103
1.14,4,321.823328
1.14,4,321.836149
1.14,4,321.848727
1.14,4,321.860224
1.14,4,321.870193
1.34,7,321.891641
1.14,4,321.902723
1.14,4,321.914747
1.14,4,321.925814
1.14,4,321.937918
1.19,5,321.953774
1.14,4,321.965761
1.14,4,321.976203
1.44,8,321.998941
1.14,4,322.011049
1.14,4,322.021528
1.14,4,322.034148
1.14,4,322.045351
1.14,4,322.057607
1.14,4,322.069664
1.14,4,322.078502
1.14,4,322.092134
1.14,4,322.10266
1.14,4,322.114124
-0.76,6,322.128388
1.14,4,322.137867
1.19,5,322.151086
-0.81,5,322.165922
1.14,4,322.176913
1.14,4,322.188499
1.14,4,322.199368
1.14,4,322.210591
1.14,4,322.22299
1.14,4,322.236338
1.14,4,322.247931
1.14,4,322.25956
1.14,4,322.272398
1.14,4,322.284182
1.14,4,322.294448
1.23,7,322.318682
1.14,4,322.33071
-0.62,9,322.364919
1.14,4,322.379756
-0.92,5,322.401264
1.29,6,322.425916
1.14,4,322.440836
1.14,4,322.455421
1.14,4,322.470937
1.14,4,322.484539
1.19,5,322.505064
-0.76,6,322.529025
1.14,4,322.541964
1.13,5,322.557947
1.14,4,322.571359
1.14,4,322.58259
1.24,6,322.60109
-0.86,5,322.617441
1.14,4,322.629576
1.14,4,322.641817
1.14,4,322.654315
1.14,4,322.665669
1.13,5,322.679711
1.14,4,322.691377
1.14,4,322.703167
1.14,4,322.714599
1.14,4,322.725698
1.14,4,322.737615
1.34,7,322.757972
-0.66,10,322.787821
1.14,4,322.799639
1.14,4,322.810839
1.14,4,322.822717
1.19,5,322.836461
1.14,4,322.848625
-0.76,6,322.870904
1.14,4,322.884989
1.14,4,322.899338
1.14,4,322.915455
1.14,4,322.931062
-0.71,6,322.956802
1.19,5,322.975567
1.19,5,322.997481
1.14,4,323.01053
-0.76,6,323.033973
1.14,4,323.046686
1.14,4,323.058742
1.14,4,323.070686
1.14,4,323.082918
1.14,4,323.094657
1.19,5,323.110005
1.14,4,323.121053
1.14,4,323.132248
1.19,5,323.147413
1.14,4,323.158713
1.13,5,323.172988
1.24,6,323.191383
-0.71,6,323.208225
1.14,4,323.220881
1.14,4,323.280827
-0.76,6,323.305952
1.14,4,323.318832
1.14,4,323.331248
1.14,4,323.341977
1.14,4,323.352232
1.14,4,323.364365
1.19,5,323.377189
1.14,4,323.386997
1.14,4,323.399373
1.14,4,323.413118
-0.68,9,323.44488
1.38,8,323.467668
1.14,4,323.480695
1.19,5,323.496528
1.14,4,323.507892
1.14,4,323.520545
1.14,4,323.533638
1.14,4,323.544974
1.19,5,323.55948
1.14,4,323.571406
1.14,4,323.583234
1.19,5,323.597944
1.19,5,323.613685
1.14,4,323.625184
1.14,4,323.637862
1.14,4,323.649472
1.14,4,323.658188
1.14,4,323.669284
1.14,4,323.680826
1.14,4,323.691696
1.14,4,323.70416
1.14,4,323.7161
1.14,4,323.727758
1.24,6,323.747549
1.14,4,323.759224
1.14,4,323.768531
-0.81,6,323.785403
1.14,4,323.797073
1.19,5,323.810884
1.19,5,323.826015
1.14,4,323.83666
1.14,4,323.847917
-0.88,7,323.869055
1.14,4,323.880904
1.14,4,323.892568
1.14,4,323.902847
1.14,4,323.913703
1.14,4,323.924873
-0.91,4,323.937397
1.14,4,323.950081
1.19,5,323.967606
1.14,4,323.980049
1.14,4,323.989135
1.14,4,324.001024
-0.71,6,324.020372
1.14,4,324.031912
1.14,4,324.042926
1.13,5,324.057561
-0.61,8,324.080855
1.14,4,324.091436
-0.71,7,324.114025
1.19,5,324.130999
1.14,4,324.143392
1.36,10,324.173791
1.14,4,324.184937
1.14,4,324.195792
1.14,4,324.205343
1.14,4,324.217171
1.14,4,324.229499
1.14,4,324.241496
1.14,4,324.253112
1.14,4,324.263814
1.14,4,324.274735
1.14,4,324.287136
1.34,7,324.307869
1.14,4,324.318651
-0.82,6,324.337015
1.18,6,324.355026
1.14,4,324.367708
1.34,7,324.389237
1.34,7,324.412554
1.14,4,324.423499
1.14,4,324.436067
1.14,4,324.448926
-0.71,6,324.468565
1.14,4,324.48186
1.34,7,324.502084
1.14,4,324.514876
-0.77,7,324.536462
1.14,4,324.548742
1.19,5,324.563806
-0.91,4,324.57592
1.14,4,324.588165
-0.9,9,324.615124
1.14,4,324.623871
1.19,5,324.638875
1.14,4,324.65035
1.21,5,324.666356
-0.82,6,324.686978
1.24,6,324.703261
1.14,4,324.715618
1.14,4,324.728351
1.19,5,324.742799
1.14,4,324.755538
1.14,4,324.768295
1.14,4,324.780212
1.14,4,324.790792
1.14,4,324.80264
-0.76,6,324.822938
1.19,5,324.835464
1.14,4,324.847467
1.14,4,324.859142
1.34,7,324.879474
1.14,4,324.890852
1.14,4,324.902151
1.14,4,324.914623
1.14,4,324.926573
1.24,6,324.942751
1.14,4,324.95474
-0.87,6,324.975074
1.14,4,324.985083
1.14,4,324.995511
1.14,4,325.006602
1.14,4,325.017437
1.14,4,325.028733
1.14,4,325.039814
1.14,4,325.052053
1.14,4,325.064517
1.19,5,325.078855
1.14,4,325.089804
1.14,4,325.101441
1.19,5,325.115446
1.19,5,325.132002
1.14,4,325.141471
-0.76,6,325.156551
1.14,4,325.166974
1.14,4,325.17886
1.29,6,325.192597
1.34,7,325.212389
1.14,4,325.220487
1.19,5,325.233989
1.14,4,325.245542
1.34,7,325.268734
1.19,5,325.284341
1.14,4,325.295833
1.14,4,325.307066
1.14,4,325.3191
1.14,4,325.330642
1.18,6,325.349167
1.14,4,325.361211
1.19,5,325.372136
1.14,4,325.381766
1.14,4,325.393193
1.34,7,325.414477
1.14,4,325.423582
1.14,4,325.435591
1.14,4,325.447384
1.14,4,325.459513
-0.76,6,325.482229
1.34,7,325.500328
1.22,8,325.522858
1.14,4,325.533582
-0.79,9,325.56131
1.14,4,325.569895
1.14,4,325.582989
1.14,4,325.657701
1.19,5,325.68822
1.14,4,325.699728
1.14,4,325.714507
1.14,4,325.723309
1.14,4,325.735
1.19,5,325.747493
-0.81,5,325.763154
1.14,4,325.773794
1.14,4,325.785013
1.14,4,325.795636
1.14,4,325.806461
1.14,4,325.816332
1.14,4,325.827451
1.14,4,325.838851
1.14,4,325.851614
1.14,4,325.863264
1.13,5,325.875377
-0.72,8,325.89858
1.29,6,325.916665
1.14,4,325.928751
1.14,4,325.939216
1.14,4,325.951463
1.14,4,325.963025
1.14,4,325.973887
-0.68,9,325.99817
-0.92,5,326.01302
1.14,4,326.024474
1.29,6,326.041344
1.14,4,326.053516
1.13,5,326.068941
1.14,4,326.080663
1.14,4,326.089549
-0.81,5,326.106831
1.14,4,326.119306
1.14,4,326.130638
1.18,6,326.147836
1.14,4,326.158923
1.14,4,326.168245
1.19,5,326.182164
1.14,4,326.193942
1.14,4,326.205456
1.14,4,326.215779
-0.81,5,326.231996
1.14,4,326.244069
-0.86,5,326.260163
1.14,4,326.272046
1.19,5,326.287389
1.14,4,326.299044
1.14,4,326.309088
-0.86,5,326.324044
1.19,5,326.335725
1.14,4,326.346994
-0.81,5,326.362907
-0.76,6,326.37877
1.14,4,326.390492
1.14,4,326.39993
1.14,4,326.411667
1.14,4,326.42243
1.14,4,326.434143
-0.71,6,326.506119
1.14,4,326.518944
1.19,5,326.532708
1.14,4,326.544402
1.14,4,326.555864
1.14,4,326.565966
1.14,4,326.575756
1.14,4,326.58707
1.18,6,326.605449
1.14,4,326.61632
-0.81,5,326.631921
1.14,4,326.643401
1.14,4,326.654734
1.14,4,326.667005
-0.87,5,326.681107
1.14,4,326.692888
-0.81,5,326.710292
-0.77,7,326.732037
1.34,7,326.748439
1.14,4,326.759258
1.14,4,326.771445
1.14,4,326.783335
1.14,4,326.794753
1.33,8,326.818282
-0.62,9,326.846763
1.14,4,326.85789
1.34,7,326.876582
-0.76,6,326.893739
1.14,4,326.90432
1.14,4,326.915838
-0.76,6,326.932813
1.14,4,326.944641
1.29,6,326.968984
1.14,4,326.981916
-0.66,8,327.005038
1.14,4,327.017454
-0.87,6,327.037874
1.19,5,327.053983
1.14,4,327.064537
1.14,4,327.076105
1.14,4,327.087284
1.14,4,327.097527
-0.72,8,327.119028
-0.87,6,327.138921
1.14,4,327.14868
1.19,5,327.163893
1.14,4,327.174535
1.14,4,327.185617
-0.76,6,327.205125
1.14,4,327.217601
1.14,4,327.228855
1.39,8,327.250581
1.14,4,327.262266
1.14,4,327.273587
1.19,5,327.285789
1.19,5,327.300537
1.14,4,327.317335
1.14,4,327.329015
1.14,4,327.340095
-0.71,6,327.359971
-0.76,6,327.378339
1.14,4,327.390516
1.34,7,327.412585
1.34,7,327.430563
1.14,4,327.441933
-0.66,7,327.465428
1.13,5,327.480986
1.14,4,327.493053
-0.76,6,327.511638
1.14,4,327.52379
1.14,4,327.536285
1.19,5,327.549878
1.14,4,327.562773
1.14,4,327.573626
1.34,7,327.595809
1.14,4,327.606914
1.14,4,327.616768
1.14,4,327.627087
1.14,4,327.638349
1.14,4,327.648211
1.14,4,327.659793
-0.71,6,327.678213
1.14,4,327.687845
1.14,4,327.698037
1.34,7,327.715901
-0.85,9,327.73798
1.33,8,327.76603
-0.71,6,327.784539
1.14,4,327.79701
1.14,4,327.809744
1.19,5,327.823716
1.19,5,327.83921
1.14,4,327.84924
1.14,4,327.860948
1.14,4,327.870856
1.14,4,327.883069
1.14,4,327.894514
-0.78,8,327.916019
1.14,4,327.927014
1.19,5,327.942575
1.14,4,327.955109
1.14,4,327.967171
1.14,4,327.980368
-0.81,5,327.99577
-0.85,9,328.02343
-0.81,5,328.041376
1.14,4,328.054377
-0.98,5,328.071661
1.14,4,328.083952
1.14,4,328.097173
1.14,4,328.108435
1.14,4,328.11956
1.14,4,328.131462
1.14,4,328.143235
1.19,5,328.157638
1.34,7,328.176222
1.14,4,328.187272
1.14,4,328.19915
1.29,7,328.220117
1.14,4,328.233316
1.18,6,328.248351
1.21,6,328.267009
1.14,4,328.279002
1.34,7,328.301175
1.13,5,328.318324
1.14,4,328.33067
-0.61,8,328.355024
1.29,6,328.375004
1.14,4,328.384778
1.19,5,328.400123
1.14,4,328.411585
1.14,4,328.422914
1.14,4,328.433341
1.14,4,328.444304
1.34,7,328.463968
1.18,6,328.482794
1.14,4,328.494951
1.14,4,328.505996
1.14,4,328.51824
1.19,5,328.534205
1.14,4,328.546648
1.14,4,328.558667
1.14,4,328.570012
1.14,4,328.581011
1.14,4,328.590583
1.14,4,328.599244
1.19,5,328.613798
1.27,8,328.638361
1.14,4,328.648471
1.14,4,328.660436
1.14,4,328.671818
1.14,4,328.683003
1.14,4,328.693862
1.14,4,328.705483
1.34,7,328.724376
-0.82,6,328.743559
1.14,4,328.754989
1.14,4,328.767487
1.34,7,328.785779
-0.67,8,328.808876
1.14,4,328.820338
1.19,5,328.835087
1.14,4,328.844372
1.14,4,328.854744
1.14,4,328.86388
1.14,4,328.875972
1.14,4,328.886669
1.14,4,328.897252
1.14,4,328.906489
1.14,4,328.915687
1.19,5,328.928794
1.14,4,328.940788
1.14,4,328.949237
1.14,4,328.96088
1.14,4,328.972403
1.14,4,328.982109
1.19,5,328.999652
1.14,4,329.011507
1.14,4,329.020033
1.19,5,329.034503
1.14,4,329.04496
1.14,4,329.054114
1.14,4,329.064938
1.14,4,329.076413
1.19,5,329.090528
1.14,4,329.101503
-0.76,6,329.119696
1.14,4,329.130549
-0.76,6,329.149415
1.14,4,329.160797
-0.86,5,329.178162
1.14,4,329.193172
1.14,4,329.208454
1.14,4,329.219758
1.14,4,329.236229
1.14,4,329.252762
1.14,4,329.268856
1.14,4,329.282925
1.19,5,329.300705
1.14,4,329.315124
1.14,4,329.327573
1.19,5,329.343478
1.14,4,329.356772
1.14,4,329.370618
1.14,4,329.384873
1.14,4,329.399965
1.39,7,329.423288
1.34,7,329.446683
1.13,5,329.462344
1.14,4,329.475559
1.18,6,329.495901
1.14,4,329.508717
1.14,4,329.519478
1.14,4,329.582457
1.14,4,329.602125
1.14,4,329.615636
1.14,4,329.628281
1.17,7,329.650355
1.23,7,329.671616
1.19,5,329.687312
1.14,4,329.697646
1.34,7,329.72034
1.14,4,329.732061
1.14,4,329.743498
1.14,4,329.754626
-0.71,7,329.776984
1.14,4,329.78845
1.14,4,329.799851
1.14,4,329.81065
-0.66,7,329.830013
1.14,4,329.84199
1.14,4,329.854096
-0.88,6,329.870889
1.14,4,329.880571
-0.81,5,329.894612
1.14,4,329.905745
1.14,4,329.915481
1.14,4,329.927598
1.19,5,329.941837
1.39,8,329.967492
1.34,7,329.98506
1.14,4,329.99578
1.14,4,330.005491
1.14,4,330.016962
1.14,4,330.028514
1.14,4,330.038232
1.14,4,330.047266
-0.66,7,330.068351
1.19,5,330.08342
1.19,5,330.096637
1.14,4,330.10716
1.14,4,330.118346
1.14,4,330.128525
1.14,4,330.139518
1.14,4,330.15099
1.14,4,330.161722
-0.76,6,330.179513
1.14,4,330.191564
1.14,4,330.202613
1.19,5,330.217446
1.14,4,330.229744
1.14,4,330.241138
1.23,7,330.259824
1.14,4,330.270732
1.34,7,330.288705
1.14,4,330.298146
1.18,6,330.316354
1.14,4,330.327923
1.14,4,330.339473
1.14,4,330.350289
1.14,4,330.814006
1.14,4,330.824407
1.14,4,330.83644
1.14,4,330.845598
1.14,4,330.85774
1.14,4,330.870052
1.14,4,330.879856
1.14,4,330.890854
-0.71,7,330.913539
1.14,4,330.92483
1.14,4,330.936281
1.19,5,330.948813
1.14,4,330.959505
1.14,4,330.968193
1.19,5,330.979997
1.14,4,330.992002
1.14,4,331.00323
1.14,4,331.012566
1.14,4,331.02215
-0.83,8,331.045348
1.14,4,331.055265
1.14,4,331.06539
1.14,4,331.076195
1.14,4,331.087746
1.14,4,331.097998
1.14,4,331.109003
1.14,4,331.119796
-0.77,7,331.142338
1.14,4,331.154464
1.14,4,331.166701
1.14,4,331.186671
1.19,5,331.276891
1.29,6,331.29501
-0.67,8,331.316988
1.19,5,331.333373
1.18,6,331.353399
1.19,5,331.366433
1.14,4,331.378713
1.2,6,331.401052
1.29,6,331.42251
1.14,4,331.434025
1.19,5,331.449473
1.14,4,331.461896
1.14,4,331.474133
1.14,4,331.483925
1.14,4,331.496531
1.19,5,331.510608
1.14,4,331.523093
1.14,4,331.534856
1.14,4,331.548134
1.14,4,331.562356
1.14,4,331.574395
1.14,4,331.585704
1.14,4,331.597285
1.14,4,331.610247
1.14,4,331.622764
1.14,4,331.632395
1.14,4,331.64675
1.14,4,331.660012
-0.87,6,331.67902
1.19,5,331.695104
1.14,4,331.70866
1.14,4,331.721206
1.14,4,331.734173
1.14,4,331.747508
1.14,4,331.760583
1.14,4,331.773867
1.14,4,331.784568
1.14,4,331.797119
1.27,8,331.819934
1.14,4,331.833104
-0.85,9,331.862778
1.14,4,331.87419
1.14,4,331.887078
1.14,4,331.903226
1.14,4,331.91572
1.19,5,331.931465
1.14,4,331.943405
1.28,7,331.962937
1.2,6,331.980641
1.14,4,331.992622
1.14,4,332.002276
-0.81,5,332.019307
1.14,4,332.032323
-0.81,5,332.049102
-0.87,6,332.067141
1.14,4,332.079452
1.14,4,332.091907
1.14,4,332.103545
1.14,4,332.11556
1.14,4,332.130651
1.14,4,332.145392
-0.76,6,332.166121
1.14,4,332.182948
1.14,4,332.197407
1.14,4,332.210637
1.14,4,332.223437
1.14,4,332.235557
1.14,4,332.245619
1.34,7,332.26633
1.14,4,332.278728
1.14,4,332.292089
1.14,4,332.305875
1.14,4,332.318233
1.14,4,332.332625
1.14,4,332.348289
1.14,4,332.36303
1.14,4,332.377604
1.14,4,332.390751
1.14,4,332.406041
1.14,4,332.418265
1.14,4,332.432858
1.14,4,332.448034
1.19,5,332.468396
1.14,4,332.483746
1.14,4,332.500009
1.14,4,332.514426
1.18,6,332.533449
1.44,8,332.560729
1.34,7,332.584733
1.19,5,332.600648
1.14,4,332.615242
1.18,6,332.63538
1.41,11,332.666609
1.14,4,332.679694
-0.92,5,332.69603
1.14,4,332.708336
1.14,4,332.719533
1.14,4,332.732216
-0.79,5,332.749977
1.14,4,332.761916
1.14,4,332.774633
1.14,4,332.787142
1.18,6,332.800454
1.14,4,332.812488
1.14,4,332.824487
1.19,5,332.838694
1.14,4,332.850747
1.14,4,332.861695
1.14,4,332.873833
1.14,4,332.885108
1.29,6,332.905197
1.18,6,332.92463
1.14,4,332.937334
1.14,4,332.947373
1.29,7,332.966044
1.14,4,332.979322
1.14,4,332.991506
1.29,6,333.010584
1.14,4,333.023652
-0.76,6,333.040872
1.14,4,333.053017
1.14,4,333.065257
1.14,4,333.130023
1.14,4,333.146503
1.14,4,333.158571
1.18,6,333.176405
1.14,4,333.187537
1.14,4,333.199038
1.14,4,333.211586
1.34,7,333.231553
1.14,4,333.244423
1.19,5,333.261491
1.14,4,333.274525
1.14,4,333.286701
1.39,8,333.310251
1.14,4,333.321917
1.19,5,333.334246
1.14,4,333.343688
1.19,5,333.35737
1.19,5,333.369138
1.14,4,333.380653
1.14,4,333.392547
1.14,4,333.404489
1.19,5,333.418595
1.14,4,333.427651
1.14,4,333.439409
1.14,4,333.45088
1.18,6,333.469003
1.14,4,333.481128
1.14,4,333.493509
1.19,5,333.509901
-0.82,6,333.529906
1.14,4,333.540238
1.19,5,333.55403
1.14,4,333.564186
1.14,4,333.574469
1.14,4,333.586469
1.14,4,333.597339
1.14,4,333.609846
1.14,4,333.621385
1.14,4,333.632725
1.14,4,333.644714
1.29,6,333.663051
1.39,8,333.687058
1.14,4,333.698402
1.14,4,333.711396
1.14,4,333.7222
1.14,4,333.733461
1.39,8,333.757339
-0.76,6,333.77566
1.51,9,333.803859
1.34,7,333.822456
1.14,4,333.831425
1.14,4,333.843752
1.14,4,333.854821
1.14,4,333.866325
1.14,4,333.877903
1.29,6,333.895423
1.14,4,333.907968
1.14,4,333.921135
1.14,4,333.930701
1.14,4,333.942427
-0.77,7,333.963076
1.14,4,333.976064
1.14,4,333.988163
1.14,4,334.002304
1.14,4,334.016476
1.14,4,334.02885
1.34,7,334.045653
1.14,4,334.056436
1.14,4,334.067524
1.14,4,334.079419
-0.83,7,334.102723
1.14,4,334.112392
1.14,4,334.125011
1.14,4,334.13765
1.14,4,334.147051
1.14,4,334.158443
1.14,4,334.170659
1.14,4,334.181373
1.14,4,334.19497
1.14,4,334.206693
1.14,4,334.218074
1.29,6,334.237869
-0.77,7,334.259175
1.14,4,334.270882
1.14,4,334.281813
-0.82,6,334.300573
-0.66,7,334.319337
1.14,4,334.330244
1.14,4,334.340341
1.14,4,334.350478
1.14,4,334.362063
1.14,4,334.373022
1.14,4,334.38465
1.14,4,334.393933
1.14,4,334.404265
1.14,4,334.41551
1.14,4,334.427768
1.14,4,334.439243
-0.76,6,334.456635
1.14,4,334.467553
1.14,4,334.477193
1.14,4,334.488782
1.14,4,334.500639
-0.81,5,334.514281
1.14,4,334.527419
1.14,4,334.541048
1.14,4,334.551475
-0.83,7,334.57081
1.14,4,334.581883
1.19,5,334.595708
1.14,4,334.606087
1.14,4,334.615125
1.29,6,334.629822
1.19,5,334.645324
1.14,4,334.656526
1.14,4,334.668634
-0.81,5,334.685772
-0.76,6,334.706605
1.14,4,334.719001
1.14,4,334.730492
1.14,4,334.740211
1.14,4,334.751484
1.33,9,334.778296
1.14,4,334.789865
1.34,7,334.811721
-0.74,6,334.835106
-0.81,5,334.852217
1.14,4,334.865259
1.24,6,334.888336
1.18,6,334.910362
1.14,4,334.924375
1.23,7,334.949518
-0.92,5,334.969741
1.14,4,334.98503
-0.94,7,335.088367
-0.66,7,335.150084
1.14,4,335.171775
1.14,4,335.193641
1.29,6,335.227859
1.14,4,335.246567
1.14,4,335.266973
1.14,4,335.282821
1.14,4,335.298897
1.34,7,335.32489
1.18,6,335.345876
-0.78,8,335.376817
1.14,4,335.390078
1.14,4,335.401466
1.14,4,335.414498
1.14,4,335.429935
1.14,4,335.443237
1.19,5,335.460388
1.14,4,335.473889
1.14,4,335.486577
1.14,4,335.499349
1.14,4,335.512992
-0.71,6,335.534265
1.14,4,335.545211
1.14,4,335.557762
1.14,4,335.573721
1.14,4,335.589436
-0.77,7,335.619462
1.14,4,335.630043
1.14,4,335.644482
1.14,4,335.657749
1.14,4,335.673346
1.14,4,335.68746
1.14,4,335.697667
1.14,4,335.711397
1.14,4,335.723496
1.14,4,335.735828
1.14,4,335.74749
1.14,4,335.75999
1.14,4,335.772999
1.14,4,335.785653
1.14,4,335.796836
-0.82,6,335.817844
1.14,4,335.829916
1.14,4,335.839768
1.14,4,335.851398
1.14,4,335.861899
1.14,4,335.873023
1.19,5,335.888686
1.14,4,335.902689
1.14,4,335.91419
1.14,4,335.926283
1.14,4,335.937542
1.14,4,335.949
1.19,5,335.964378
1.14,4,335.976056
1.14,4,335.988751
-0.81,5,336.004508
-0.81,5,336.019984
1.14,4,336.030872
-0.77,7,336.05235
1.14,4,336.063602
1.14,4,336.07561
1.24,6,336.091417
1.14,4,336.102407
-0.76,6,336.121666
1.14,4,336.133135
1.14,4,336.145361
1.14,4,336.157148
1.14,4,336.169466
1.14,4,336.213264
1.14,4,336.246372
1.14,4,336.260148
1.28,7,336.281302
1.14,4,336.293442
-0.77,7,336.312174
1.14,4,336.324719
1.14,4,336.336183
1.14,4,336.346861
-0.66,7,336.37083
1.2,6,336.389398
1.14,4,336.401806
1.14,4,336.413082
1.23,7,336.431564
1.34,7,336.45451
1.14,4,336.466209
1.14,4,336.475219
1.39,8,336.500508
1.14,4,336.511723
1.14,4,336.522468
1.14,4,336.534253
1.19,5,336.545619
1.14,4,336.556104
1.14,4,336.56617
1.14,4,336.575489
1.24,6,336.593126
1.14,4,336.606286
1.14,4,336.618257
1.13,5,336.633128
-0.55,10,336.664901
1.14,4,336.674731
1.14,4,336.685003
1.14,4,336.695964
1.14,4,336.706529
1.14,4,336.718614
1.14,4,336.730263
1.14,4,336.739682
1.19,5,336.753593
1.14,4,336.765463
1.14,4,336.77705
1.19,5,336.791581
1.19,5,336.807175
1.14,4,336.819417
1.14,4,336.831019
1.14,4,336.842918
1.19,5,336.858597
1.14,4,336.870099
1.19,5,336.883659
1.14,4,336.894316
-0.83,7,336.912581
-0.47,11,336.944846
1.14,4,336.957031
1.19,5,336.972604
1.14,4,336.985457
1.14,4,336.997145
-0.88,6,337.017761
1.14,4,337.027498
-0.76,6,337.046988
1.14,4,337.059614
1.14,4,337.07034
1.14,4,337.082123
1.39,8,337.102531
1.14,4,337.114113
1.19,5,337.130556
1.14,4,337.142944
1.29,6,337.161455
1.14,4,337.172318
1.14,4,337.185094
-0.86,5,337.201118
1.14,4,337.210289
1.14,4,337.221732
1.14,4,337.232438
-0.83,7,337.255612
1.14,4,337.268594
1.14,4,337.280336
1.19,5,337.295424
1.14,4,337.305657
-0.83,7,337.3257
1.14,4,337.336876
1.14,4,337.346904
1.14,4,337.359397
1.14,4,337.372026
-0.87,6,337.391961
1.19,5,337.407252
1.44,9,337.43377
1.14,4,337.442641
1.14,4,337.452807
-0.82,6,337.47011
1.19,5,337.484908
1.34,7,337.506637
1.14,4,337.518456
1.14,4,337.529832
1.14,4,337.54223
1.14,4,337.556261
1.26,9,337.580542
1.14,4,337.590631
1.14,4,337.602627
1.14,4,337.614564
1.14,4,337.624666
1.28,7,337.645874
1.14,4,337.655396
1.14,4,337.666561
1.14,4,337.675261
1.29,6,337.689631
1.14,4,337.700002
1.14,4,337.708637
1.14,4,337.720069
1.14,4,337.729127
1.14,4,337.741703
1.14,4,337.752352
1.14,4,337.763629
1.14,4,337.775412
1.14,4,337.786803
1.14,4,337.797349
1.14,4,337.809308
1.14,4,337.820972
1.14,4,337.832365
1.14,4,337.843324
1.14,4,337.856448
1.14,4,337.867291
1.14,4,337.878067
1.34,7,337.900079
1.14,4,337.910564
1.28,7,337.93205
1.23,7,337.949693
1.19,5,337.963733
1.14,4,337.975715
1.14,4,337.986037
1.19,5,338.000563
1.14,4,338.012417
1.19,5,338.027699
1.14,4,338.040384
1.14,4,338.052135
1.14,4,338.062586
-0.86,4,338.071537
-0.81,6,338.086869
-0.69,9,338.109688
1.14,4,338.119992
1.14,4,338.13084
1.14,4,338.140339
1.14,4,338.150064
1.14,4,338.16188
1.14,4,338.174587
1.14,4,338.187429
1.34,7,338.207319
1.14,4,338.219239
1.14,4,338.228719
1.14,4,338.238724
1.14,4,338.25007
1.14,4,338.261364
1.29,7,338.282983
-0.82,6,338.299528
1.14,4,338.308741
1.14,4,338.32024
1.14,4,338.332394
1.14,4,338.343971
1.14,4,338.357056
1.13,5,338.372103
1.14,4,338.384161
1.14,4,338.393514
1.14,4,338.404624
1.34,7,338.42588
-0.98,5,338.440579
1.29,6,338.456543
1.14,4,338.466888
1.14,4,338.477555
-0.82,6,338.492548
1.14,4,338.504653
1.14,4,338.515755
1.14,4,338.52508
1.38,9,338.549418
1.14,4,338.562457
1.14,4,338.575562
1.14,4,338.587288
1.14,4,338.599796
1.19,5,338.613583
1.14,4,338.625471
1.19,5,338.640149
1.34,7,338.659973
1.14,4,338.671537
1.14,4,338.683181
1.14,4,338.69446
-0.76,6,338.714121
1.14,4,338.726787
1.14,4,338.737515
-0.76,6,338.756534
1.14,4,338.767659
1.14,4,338.778341
-0.93,6,338.797292
1.14,4,338.805882
-0.76,7,338.82861
1.14,4,338.840874
1.14,4,338.852298
1.14,4,338.864203
1.19,5,338.878755
1.19,5,338.889627
1.14,4,338.900745
1.14,4,338.909208
1.14,4,338.920104
1.14,4,338.932245
1.19,5,338.943205
1.14,4,338.953383
1.29,6,338.969669
1.14,4,338.981102
1.14,4,338.990732
1.14,4,339.001582
1.14,4,339.013409
1.14,4,339.023896
1.14,4,339.036135
1.14,4,339.093383
1.14,4,339.112124
1.24,6,339.129965
1.29,7,339.154824
1.14,4,339.165537
1.14,4,339.177581
1.14,4,339.191404
-0.77,7,339.219202
1.19,5,339.239573
1.14,4,339.255151
1.14,4,339.267373
-0.76,6,339.286437
1.14,4,339.296569
1.19,5,339.311033
1.14,4,339.320475
1.14,4,339.333179
1.14,4,339.34477
1.19,5,339.357449
1.14,4,339.370367
1.14,4,339.382958
1.14,4,339.394917
1.29,6,339.414996
1.14,4,339.425663
1.14,4,339.436058
1.14,4,339.447517
1.14,4,339.457651
-0.76,6,339.476455
1.14,4,339.487204
1.14,4,339.50044
1.14,4,339.510762
1.14,4,339.523181
1.14,4,339.53297
1.14,4,339.543456
1.14,4,339.55604
1.19,5,339.571675
1.34,7,339.591007
1.14,4,339.603588
1.14,4,339.616127
1.14,4,339.628454
1.14,4,339.643666
1.14,4,339.65908
1.14,4,339.673407
1.14,4,339.691455
1.14,4,339.705496
1.14,4,339.719053
1.19,5,339.735279
1.19,5,339.754707
1.14,4,339.768925
1.14,4,339.779436
1.14,4,339.794392
1.14,4,339.809662
-0.87,6,339.834278
1.14,4,339.847906
1.19,5,339.865087
1.14,4,339.87822
-0.92,5,339.897158
1.14,4,339.910541
1.14,4,339.925144
-0.66,7,339.953083
1.18,6,339.970454
1.14,4,339.982368
1.14,4,339.999416
1.14,4,340.013871
1.14,4,340.028678
-0.82,6,340.049718
1.14,4,340.065495
1.14,4,340.079727
1.14,4,340.092574
1.14,4,340.106499
1.14,4,340.120432
1.14,4,340.134709
1.14,4,340.149935
1.14,4,340.164495
1.14,4,340.177136
1.19,5,340.198188
1.14,4,340.214473
1.14,4,340.228165
1.14,4,340.242765
1.14,4,340.258365
1.14,4,340.274544
1.14,4,340.291451
1.14,4,340.307963
1.14,4,340.324566
1.14,4,340.340647
1.14,4,340.356177
1.14,4,340.370578
1.14,4,340.386794
1.29,6,340.479401
1.14,4,340.502628
1.14,4,340.533818
1.14,4,340.550591
1.14,4,340.563319
1.14,4,340.575277
1.14,4,340.587749
1.14,4,340.602998
1.14,4,340.617803
1.14,4,340.630216
1.14,4,340.643853
1.14,4,340.65723
1.14,4,340.672305
-0.86,4,340.687978
1.14,4,340.701283
1.14,4,340.715691
1.13,5,340.73604
1.19,5,340.754598
1.14,4,340.769317
1.24,6,340.789991
1.14,4,340.804874
1.19,5,340.824461
1.14,4,340.839125
1.14,4,340.854625
1.14,4,340.868103
1.24,6,340.88994
1.14,4,340.903159
1.14,4,340.915691
1.24,6,340.936033
-0.66,7,340.965996
1.34,7,340.992772
1.18,6,341.014648
1.14,4,341.030004
1.14,4,341.041739
1.14,4,341.055352
1.14,4,341.068792
1.14,4,341.079793
1.14,4,341.092623
-0.87,6,341.114842
1.14,4,341.128336
1.14,4,341.141081
1.19,5,341.158417
1.24,6,341.178596
1.38,9,341.208672
-0.71,7,341.234164
1.14,4,341.249105
1.14,4,341.264518
1.14,4,341.280408
1.14,4,341.293266
1.14,4,341.306075
1.14,4,341.319505
1.14,4,341.333505
1.14,4,341.345154
1.14,4,341.357378
1.14,4,341.369663
1.19,5,341.386696
1.14,4,341.401388
1.14,4,341.415372
1.14,4,341.430059
1.29,6,341.450311
1.14,4,341.462729
1.14,4,341.474495
1.19,5,341.49248
1.14,4,341.507163
1.14,4,341.520663
1.14,4,341.536936
1.14,4,341.550967
1.14,4,341.564739
1.14,4,341.578473
1.21,5,341.596697
1.14,4,341.607422
1.34,7,341.627645
1.18,6,341.647481
-0.86,5,341.664483
1.29,7,341.687013
1.14,4,341.698562
1.14,4,341.709724
1.14,4,341.721652
1.14,4,341.733233
1.19,5,341.747634
1.14,4,341.758784
1.34,7,341.777406
1.14,4,341.78997
1.14,4,341.803306
1.14,4,341.813404
1.14,4,341.823616
1.14,4,341.834611
-0.86,5,341.850388
-0.87,6,341.867812
1.14,4,341.879914
1.14,4,341.890946
1.14,4,341.903725
1.19,5,341.920064
1.14,4,341.933275
1.14,4,341.943851
1.14,4,341.956437
1.14,4,341.968716
1.14,4,341.98057
1.14,4,341.992367
1.19,5,342.007718
1.14,4,342.019651
1.14,4,342.030893
1.14,4,342.041696
1.14,4,342.053519
1.19,5,342.069271
1.14,4,342.080047
1.14,4,342.089559
1.19,5,342.105606
1.14,4,342.117938
1.14,4,342.131269
1.14,4,342.143621
1.14,4,342.154772
1.14,4,342.220439
1.14,4,342.235705
1.14,4,342.253974
1.14,4,342.266578
-0.87,6,342.286587
1.14,4,342.297903
1.14,4,342.307823
1.14,4,342.320658
1.28,7,342.342397
1.14,4,342.355345
1.14,4,342.368572
1.19,5,342.383267
1.14,4,342.396502
1.14,4,342.409279
1.14,4,342.422724
1.14,4,342.434567
1.14,4,342.447195
1.14,4,342.45981
1.19,5,342.476354
1.19,5,342.492554
1.19,5,342.509482
1.14,4,342.522735
-0.76,6,342.543833
1.14,4,342.557097
1.14,4,342.571819
1.14,4,342.585423
1.14,4,342.598143
1.14,4,342.611896
1.14,4,342.624034
1.34,7,342.647294
1.14,4,342.655435
1.14,4,342.667253
1.14,4,342.678182
1.14,4,342.690288
1.34,7,342.71538
-0.76,6,342.736978
1.14,4,342.750584
-0.61,8,342.771997
1.14,4,342.783354
-0.82,6,342.802299
1.14,4,342.814269
1.34,7,342.836109
1.14,4,342.847389
1.14,4,342.858647
1.14,4,342.871821
1.14,4,342.883576
1.19,5,342.898858
1.14,4,342.911386
1.14,4,342.923255
1.19,5,342.93695
1.14,4,342.948725
1.19,5,342.965131
1.14,4,342.978192
1.14,4,342.989437
1.14,4,343.000196
1.14,4,343.012051
1.14,4,343.02147
1.14,4,343.032699
1.19,5,343.047558
1.29,6,343.065264
1.14,4,343.074064
1.14,4,343.085638
1.24,6,343.104644
1.13,5,343.11991
1.14,4,343.132233
1.14,4,343.14512
1.13,5,343.157512
1.34,7,343.180849
1.14,4,343.193931
1.14,4,343.206447
-0.71,7,343.228863
1.14,4,343.242136
1.14,4,343.254781
1.19,5,343.268498
1.14,4,343.280432
1.14,4,343.292472
1.14,4,343.30156
1.24,6,343.317594
1.14,4,343.327959
1.14,4,343.338275
1.19,5,343.351401
-0.86,4,343.364629
1.14,4,343.374975
1.14,4,343.388005
1.14,4,343.40111
1.14,4,343.414326
1.18,6,343.432453
1.14,4,343.442205
1.14,4,343.454159
1.14,4,343.465981
1.14,4,343.478708
1.14,4,343.491236
1.14,4,343.50345
1.14,4,343.516598
1.13,5,343.532481
1.14,4,343.545421
1.34,7,343.565018
1.14,4,343.574618
1.14,4,343.585925
1.14,4,343.597342
1.14,4,343.609366
1.14,4,343.62098
1.14,4,343.63189
1.14,4,343.643539
1.24,6,343.661174
1.19,5,343.675863
1.14,4,343.684516
1.19,5,343.697347
1.14,4,343.705581
1.24,6,343.725096
1.14,4,343.737031
1.14,4,343.750132
1.14,4,343.762461
1.14,4,343.773523
1.14,4,343.785497
1.14,4,343.798227
-0.87,5,343.816098
1.31,6,343.833374
1.14,4,343.845284
1.19,5,343.859814
1.14,4,343.87277
-0.82,7,343.896291
1.14,4,343.906858
1.14,4,343.917687
1.19,5,343.933034
1.14,4,343.943422
1.14,4,343.953965
1.14,4,344.452227
1.14,4,344.465811
1.14,4,344.477593
1.14,4,344.490069
-0.92,5,344.50732
1.14,4,344.519215
1.14,4,344.531837
1.14,4,344.545489
1.14,4,344.55671
1.34,7,344.58088
1.14,4,344.592465
1.14,4,344.605577
1.14,4,344.617904
1.14,4,344.630445
1.34,7,344.654318
1.14,4,344.667889
1.14,4,344.680224
1.13,5,344.696462
1.14,4,344.705871
1.14,4,344.716177
1.14,4,344.728015
-0.76,6,344.748533
-0.77,7,344.768396
1.14,4,344.781418
1.14,4,344.79415
1.14,4,344.805346
1.19,5,344.819944
1.14,4,344.832654
1.19,5,344.847859
-0.76,6,344.866925
1.18,6,344.883941
1.14,4,344.895191
1.14,4,344.906638
1.19,5,344.922075
1.34,7,344.939746
1.14,4,344.952724
1.14,4,344.965369
1.14,4,344.977356
1.14,4,344.987818
1.14,4,345.000306
1.18,6,345.020833
1.19,5,345.037615
1.36,7,345.067102
1.14,4,345.079725
1.14,4,345.092075
-0.78,8,345.118097
1.14,4,345.130079
1.14,4,345.139933
1.14,4,345.15241
1.19,5,345.167753
1.14,4,345.179811
1.26,6,345.197206
1.14,4,345.207276
1.14,4,345.21797
1.14,4,345.229689
1.14,4,345.241331
1.14,4,345.250757
1.34,7,345.272272
1.14,4,345.285496
1.39,8,345.31112
1.14,4,345.322977
-0.87,6,345.345943
1.14,4,345.358251
1.14,4,345.368925
1.14,4,345.380431
1.14,4,345.393501
1.19,5,345.409259
1.14,4,345.42101
1.34,7,345.439896
1.14,4,345.449774
1.19,5,345.463412
1.14,4,345.522943
-0.77,7,345.55271
1.14,4,345.567038
-0.81,5,345.58499
1.13,5,345.603078
1.14,4,345.615248
1.14,4,345.627741
1.14,4,345.640028
1.14,4,345.653286
1.19,5,345.669038
1.14,4,345.681219
1.14,4,345.694092
-0.76,6,345.71104
1.14,4,345.721679
1.19,5,345.737291
1.14,4,345.75045
1.14,4,345.763176
1.14,4,345.772957
1.14,4,345.784286
1.14,4,345.797369
1.14,4,345.810618
1.14,4,345.82234
1.14,4,345.832655
1.14,4,345.843799
1.14,4,345.855279
1.14,4,345.868229
1.19,5,345.884668
-0.76,6,345.904246
1.14,4,345.91453
1.14,4,345.927032
1.14,4,345.937701
-0.71,7,345.9619
-0.66,7,345.988392
1.14,4,345.999599
1.34,7,346.019842
1.14,4,346.032804
1.18,6,346.050637
1.14,4,346.062557
1.19,5,346.077141
1.19,5,346.08937
-0.83,7,346.113578
-0.81,5,346.131394
1.36,7,346.150316
1.19,5,346.166086
1.14,4,346.179142
1.34,7,346.201313
1.14,4,346.21278
1.14,4,346.225593
1.24,6,346.244831
1.19,5,346.259224
1.14,4,346.269239
1.14,4,346.283443
1.14,4,346.298582
1.14,4,346.313395
1.14,4,346.327159
-0.61,8,346.353897
1.13,5,346.368224
1.14,4,346.381218
1.14,4,346.394016
1.14,4,346.406525
1.14,4,346.422202
1.14,4,346.438429
-0.81,6,346.467263
1.19,5,346.486536
1.14,4,346.581186
1.14,4,346.596864
1.33,8,346.645608
1.14,4,346.661885
1.14,4,346.677801
1.14,4,346.69078
1.14,4,346.704235
1.14,4,346.71804
1.34,7,346.744197
1.14,4,346.759969
1.14,4,346.772796
1.14,4,346.78692
1.14,4,346.798371
1.19,5,346.814506
1.14,4,346.829026
1.14,4,346.843476
1.14,4,346.857844
1.14,4,346.872246
1.14,4,346.884124
1.14,4,346.89575
1.14,4,346.906578
1.19,5,346.925871
-0.86,5,346.944528
1.14,4,346.957612
1.14,4,346.972373
1.19,5,347.025533
-0.71,7,347.11455
1.19,5,347.133948
1.14,4,347.148613
1.14,4,347.16453
1.14,4,347.179879
1.14,4,347.195808
1.24,6,347.219667
1.14,4,347.23632
1.14,4,347.252671
1.14,4,347.270102
1.14,4,347.284385
1.14,4,347.299273
1.14,4,347.315492
-0.76,6,347.339852
1.29,6,347.364568
-0.91,4,347.381104
1.14,4,347.395152
1.19,5,347.410483
1.14,4,347.422949
1.14,4,347.438244
1.14,4,347.454019
1.14,4,347.46779
1.14,4,347.480799
1.14,4,347.494499
-0.82,6,347.515157
1.14,4,347.528208
1.14,4,347.538412
1.14,4,347.552622
1.14,4,347.566872
1.14,4,347.581645
1.14,4,347.596804
1.14,4,347.609982
1.14,4,347.621934
1.24,6,347.642441
1.19,5,347.659364
1.29,6,347.679418
1.14,4,347.692229
1.14,4,347.704661
1.14,4,347.715543
1.14,4,347.727401
1.14,4,347.739245
1.14,4,347.749071
-0.81,5,347.765772
1.14,4,347.778329
1.14,4,347.794439
1.14,4,347.809307
-0.81,5,347.826077
1.14,4,347.838878
-0.78,8,347.867433
1.14,4,347.879966
1.14,4,347.893058
1.14,4,347.904252
1.14,4,347.916931
1.14,4,347.929235
-0.66,7,347.952177
1.14,4,347.964272
1.14,4,347.977442
1.14,4,347.987292
1.14,4,347.999674
1.14,4,348.011119
1.14,4,348.020226
1.14,4,348.032495
1.14,4,348.045388
-0.81,5,348.061244
1.39,8,348.083958
1.14,4,348.097658
1.14,4,348.111005
1.14,4,348.12359
1.14,4,348.133312
1.19,5,348.147989
1.14,4,348.160967
1.14,4,348.170936
1.14,4,348.183291
-0.81,5,348.201696
1.14,4,348.214743
1.14,4,348.22721
1.34,7,348.249616
1.28,8,348.326792
1.14,4,348.33973
1.14,4,348.349828
-0.87,6,348.367454
1.14,4,348.378856
1.14,4,348.39129
1.14,4,348.402145
-0.76,6,348.416914
1.14,4,348.429115
1.14,4,348.442385
1.14,4,348.45471
1.14,4,348.468311
1.14,4,348.481297
1.14,4,348.492421
1.14,4,348.500506
1.14,4,348.510913
1.14,4,348.520257
1.14,4,348.532909
1.14,4,348.546001
1.14,4,348.558911
-0.67,8,348.581393
1.18,6,348.600546
-0.56,8,348.627431
1.14,4,348.636267
1.14,4,348.651896
1.14,4,348.663292
1.44,8,348.685166
1.14,4,348.69597
1.33,8,348.719345
1.14,4,348.730923
1.19,5,348.744839
1.14,4,348.756691
1.14,4,348.767677
1.14,4,348.779875
1.14,4,348.792527
1.14,4,348.805186
1.19,5,348.820139
-0.76,6,348.839636
1.29,6,348.858759
1.41,8,348.883801
1.14,4,348.895871
1.14,4,348.907952
1.14,4,348.91958
1.14,4,348.930995
1.14,4,348.941999
1.14,4,348.952607
1.14,4,348.964234
1.13,5,348.975986
1.5,10,349.005996
1.14,4,349.017729
1.14,4,349.030871
1.19,5,349.046235
1.14,4,349.058014
1.19,5,349.075523
1.14,4,349.089721
1.34,7,349.108656
1.14,4,349.120199
1.14,4,349.132541
1.14,4,349.14496
1.14,4,349.155109
1.14,4,349.165654
1.14,4,349.179282
1.14,4,349.191699
1.14,4,349.204153
1.14,4,349.217767
-0.93,6,349.235893
1.14,4,349.248406
1.14,4,349.260516
1.19,5,349.276409
1.14,4,349.287694
1.14,4,349.29945
1.14,4,349.313927
1.14,4,349.328626
1.19,5,349.34644
-0.98,5,349.359476
1.14,4,349.369588
1.14,4,349.382924
-0.92,5,349.400937
1.14,4,349.413766
-0.76,6,349.434201
1.14,4,349.446638
1.19,5,349.461471
1.14,4,349.473996
1.14,4,349.486063
1.14,4,349.496076
1.14,4,349.507172
1.19,5,349.521179
1.14,4,349.533412
1.14,4,349.544178
-0.78,8,349.565721
1.14,4,349.576789
1.19,5,349.59004
1.14,4,349.599495
1.14,4,349.610832
1.14,4,349.623327
1.14,4,349.634892
1.14,4,349.646314
1.14,4,349.657234
1.19,5,349.67183
1.13,5,349.686372
1.14,4,349.698265
-0.76,6,349.715157
1.29,6,349.733464
1.23,7,349.750826
1.29,7,349.772551
-0.76,6,349.788649
1.14,4,349.800075
1.14,4,349.811648
1.14,4,349.82274
-0.92,5,349.837891
1.29,6,349.856424
1.14,4,349.870265
1.14,4,349.882128
1.14,4,349.952123
1.19,5,349.982257
1.14,4,349.995497
1.14,4,350.007773
1.14,4,350.019392
1.19,5,350.034365
1.14,4,350.043841
1.19,5,350.058423
1.28,7,350.076959
1.14,4,350.089058
1.14,4,350.099934
1.19,5,350.115157
1.14,4,350.127605
1.14,4,350.139762
1.14,4,350.152019
1.14,4,350.163958
-0.71,6,350.185123
1.14,4,350.195879
-0.76,7,350.223443
1.14,4,350.235028
1.19,5,350.24914
-0.68,10,350.279254
1.14,4,350.288941
1.14,4,350.301037
1.24,6,350.319321
1.14,4,350.33101
1.14,4,350.343173
1.19,5,350.357213
1.14,4,350.368338
1.14,4,350.377156
1.14,4,350.389535
1.14,4,350.400555
1.19,5,350.415178
1.14,4,350.427046
-0.78,8,350.446632
1.14,4,350.457621
1.14,4,350.469363
1.14,4,350.479499
1.14,4,350.492326
1.14,4,350.506044
1.14,4,350.523406
1.34,7,350.550933
1.14,4,350.567507
1.29,6,350.59081
1.14,4,350.606769
1.14,4,350.620953
1.24,6,350.64459
1.14,4,350.657727
1.24,6,350.683994
1.19,5,350.706172
1.14,4,350.722228
1.14,4,350.734029
1.14,4,350.747232
-0.91,4,350.762562
-0.66,7,350.790483
1.14,4,350.806196
1.14,4,350.822113
1.14,4,350.836199
-0.81,5,350.853836
1.19,5,350.868302
1.19,5,350.883084
1.19,5,350.898242
1.19,5,350.917919
1.14,4,350.931534
1.14,4,350.949079
1.14,4,350.968445
1.14,4,351.039509
1.14,4,351.061411
1.14,4,351.076376
1.14,4,351.090159
1.19,5,351.106048
1.19,5,351.122666
1.14,4,351.1353
1.14,4,351.148184
-0.79,9,351.182985
1.14,4,351.194494
1.14,4,351.208123
1.14,4,351.221122
1.14,4,351.232499
1.14,4,351.245204
1.14,4,351.258527
1.14,4,351.267204
1.14,4,351.279629
-0.61,8,351.30672
1.14,4,351.3194
1.34,7,351.34474
1.14,4,351.356493
1.14,4,351.367229
1.14,4,351.377657
1.14,4,351.389617
1.14,4,351.398571
1.14,4,351.409516
1.14,4,351.421943
1.14,4,351.434052
1.14,4,351.444461
1.14,4,351.455873
1.14,4,351.466571
1.14,4,351.47911
-0.8,7,351.504366
1.14,4,351.513736
1.18,6,351.530249
1.14,4,351.541281
1.14,4,351.553586
1.24,6,351.573897
1.14,4,351.587369
1.14,4,351.599228
1.34,7,351.621408
1.14,4,351.630918
1.14,4,351.643263
1.14,4,351.655296
1.14,4,351.666703
1.19,5,351.679535
1.19,5,351.694492
1.19,5,351.707606
1.19,5,351.722821
1.14,4,351.735477
1.34,7,351.754585
1.14,4,351.765713
1.14,4,351.779906
1.29,6,351.797932
1.14,4,351.809795
1.19,5,351.826426
1.14,4,351.839105
1.14,4,351.851579
-0.72,8,351.875407
-0.63,10,351.906749
-0.99,6,351.929654
1.14,4,351.943321
1.14,4,351.959089
1.14,4,351.972526
1.29,6,351.98981
-0.77,7,352.013568
1.28,7,352.030398
1.14,4,352.041478
1.14,4,352.055499
1.14,4,352.064453
1.14,4,352.077928
1.14,4,352.092502
-0.76,6,352.110429
-0.98,5,352.124037
1.29,6,352.139651
1.14,4,352.150482
1.14,4,352.162864
1.14,4,352.175278
1.14,4,352.18768
1.14,4,352.199745
1.18,6,352.218002
1.14,4,352.230102
-0.87,5,352.24383
1.14,4,352.255647
-0.82,6,352.276617
-0.76,6,352.29947
1.38,9,352.327759
1.14,4,352.342274
1.14,4,352.356286
1.14,4,352.368499
1.14,4,352.380272
1.14,4,352.390631
1.14,4,352.400727
1.29,6,352.414871
1.14,4,352.425201
1.14,4,352.437215
1.14,4,352.446561
1.14,4,352.456752
1.14,4,352.467798
1.14,4,352.479183
1.19,5,352.492042
1.14,4,352.503527
1.19,5,352.519021
1.14,4,352.530469
1.14,4,352.540006
1.14,4,352.54921
1.14,4,352.563158
1.14,4,352.575707
1.14,4,352.589486
1.14,4,352.603791
1.14,4,352.61424
1.14,4,352.626137
1.14,4,352.638684
1.14,4,352.651136
1.14,4,352.663627
1.14,4,352.676344
1.14,4,352.688021
1.14,4,352.699813
1.24,6,352.718753
1.14,4,352.730976
1.14,4,352.743385
-0.92,5,352.760207
1.34,7,352.787662
1.14,4,352.800434
-0.89,8,352.832813
1.29,6,352.858832
1.14,4,352.873259
1.14,4,352.886245
1.14,4,352.900645
1.14,4,352.912842
1.14,4,352.926496
1.14,4,352.941206
1.14,4,352.954861
1.14,4,352.968797
1.14,4,352.981183
1.14,4,352.99316
1.14,4,353.005999
1.34,7,353.032029
1.14,4,353.044978
1.14,4,353.057523
1.14,4,353.070595
1.29,6,353.092079
1.13,5,353.11006
1.27,8,353.136115
1.14,4,353.149561
1.14,4,353.162321
-0.66,7,353.18933
1.14,4,353.20396
1.19,5,353.221031
1.14,4,353.235096
1.14,4,353.247702
1.14,4,353.261579
1.14,4,353.276158
1.14,4,353.291039
-0.71,7,353.315245
1.14,4,353.328595
1.14,4,353.341602
1.46,8,353.366816
1.14,4,353.3815
1.19,5,353.401807
-0.65,8,353.430315
1.14,4,353.442437
1.14,4,353.453537
1.14,4,353.462721
-0.81,5,353.47615
1.14,4,353.489347
1.14,4,353.504452
1.14,4,353.517788
1.14,4,353.533296
1.34,7,353.559613
1.14,4,353.570476
1.29,6,353.590079
1.14,4,353.602382
1.14,4,353.614135
1.14,4,353.625048
1.14,4,353.638109
1.14,4,353.648011
1.19,5,353.723276
1.14,4,353.738104
1.14,4,353.753157
1.14,4,353.766914
1.19,5,353.786475
1.14,4,353.797387
1.14,4,353.810915
1.18,6,353.8349
1.14,4,353.84533
1.14,4,353.859539
-0.81,5,353.878441
1.14,4,353.891325
1.14,4,353.903433
1.14,4,353.914072
1.14,4,353.927582
1.14,4,353.941411
1.14,4,353.954615
1.14,4,353.966256
1.14,4,353.976976
1.14,4,353.989797
1.14,4,354.002298
1.14,4,354.014258
1.19,5,354.031104
1.14,4,354.042548
1.14,4,354.055171
1.14,4,354.069458
-0.78,8,354.097997
1.14,4,354.111546
1.14,4,354.123683
1.14,4,354.136939
1.14,4,354.147142
1.14,4,354.158242
1.14,4,354.172266
1.14,4,354.186091
1.14,4,354.198061
1.19,5,354.210811
1.14,4,354.222489
1.14,4,354.23492
1.34,7,354.255969
1.14,4,354.268209
-0.81,5,354.282528
1.19,5,354.295738
1.14,4,354.306717
1.34,7,354.32832
1.14,4,354.338174
1.14,4,354.34777
1.29,6,354.362731
1.14,4,354.375024
1.14,4,354.387388
1.14,4,354.399416
1.14,4,354.412076
1.14,4,354.423128
1.29,6,354.440636
-0.81,5,354.454966
1.19,5,354.469836
1.14,4,354.481865
-0.84,8,354.507111
1.14,4,354.520274
1.14,4,354.530577
1.14,4,354.542552
1.19,5,354.556707
1.14,4,354.568967
1.14,4,354.581074
1.14,4,354.590439
1.14,4,354.601635
1.19,5,354.612763
-0.67,8,354.637347
1.14,4,354.648516
1.14,4,354.661197
1.14,4,354.67368
1.14,4,354.686587
1.33,8,354.712669
1.14,4,354.725625
1.14,4,354.739186
1.19,5,354.753606
1.14,4,354.765459
1.14,4,354.777742
1.19,5,354.793545
1.14,4,354.807022
1.14,4,354.819443
1.14,4,354.830937
1.14,4,354.843235
1.19,5,354.857251
-0.83,7,354.874756
1.14,4,354.886962
1.19,5,354.901095
1.14,4,354.912315
1.14,4,354.92506
1.24,6,354.943393
1.14,4,354.955433
1.36,7,354.977468
1.14,4,354.990456
1.14,4,355.002859
1.19,5,355.01769
1.14,4,355.028315
1.14,4,355.039641
1.14,4,355.049645
1.14,4,355.061377
1.14,4,355.073624
1.14,4,355.084841
1.19,5,355.099586
1.14,4,355.108869
-0.81,5,355.12553
1.14,4,355.139134
1.14,4,355.151283
-0.83,7,355.167763
1.14,4,355.18038
1.14,4,355.19315
1.14,4,355.206088
1.14,4,355.217729
1.14,4,355.228656
1.14,4,355.241492
1.14,4,355.253824
1.19,5,355.339611
1.14,4,355.367913
1.14,4,355.383241
1.13,5,355.401029
1.14,4,355.410425
1.19,5,355.423636
1.14,4,355.437057
1.14,4,355.450289
1.23,7,355.470877
1.14,4,355.482609
1.14,4,355.495027
1.19,5,355.511012
1.14,4,355.522434
1.14,4,355.534464
1.14,4,355.545595
1.14,4,355.556858
1.14,4,355.567473
1.14,4,355.578312
1.29,6,355.596641
-0.92,5,355.613853
1.14,4,355.626135
1.24,6,355.646071
1.14,4,355.659237
1.14,4,355.671765
1.14,4,355.685521
1.19,5,355.702165
1.34,7,355.723118
-0.87,6,355.743439
1.14,4,355.75543
1.14,4,355.770612
1.33,8,355.805011
1.14,4,355.819235
1.14,4,355.832618
1.19,5,355.851434
1.14,4,355.866303
1.14,4,355.878712
1.14,4,355.892863
-0.81,5,355.917733
1.14,4,355.9421
1.14,4,355.962309
1.36,7,355.992823
-0.83,8,356.038131
1.14,4,356.056569
1.13,5,356.075865
1.14,4,356.088315
1.19,5,356.103586
1.14,4,356.119096
1.14,4,356.136325
1.15,9,356.185109
1.14,4,356.206831
1.14,4,356.223156
1.14,4,356.23912
1.14,4,356.256555
1.14,4,356.272776
1.14,4,356.292878
1.14,4,356.313709
-0.86,5,356.336291
1.14,4,356.352052
1.14,4,356.366766
1.14,4,356.384909
1.14,4,356.401522
1.19,5,356.421219
1.14,4,356.438371
1.14,4,356.452818
-0.61,9,356.483895
1.14,4,356.495837
1.14,4,356.508105
1.14,4,356.521067
1.14,4,356.534263
1.14,4,356.547705
1.14,4,356.56564
1.14,4,356.583574
1.14,4,356.599046
1.14,4,356.614347
1.14,4,356.629099
-0.86,5,356.651554
1.14,4,356.668389
-0.66,7,356.760568
1.19,5,356.781102
1.14,4,356.794209
1.14,4,356.807824
1.14,4,356.821993
1.14,4,356.835388
-0.67,8,356.860088
1.14,4,356.874179
1.14,4,356.888651
-0.72,8,356.918788
1.14,4,356.932877
1.14,4,356.944665
1.14,4,356.958822
1.29,6,356.982675
-0.76,6,357.002077
1.14,4,357.015663
1.14,4,357.027953
1.14,4,357.04354
1.14,4,357.056264
1.19,5,357.07417
1.14,4,357.089399
-0.82,6,357.112781
1.14,4,357.124717
1.14,4,357.13943
1.14,4,357.154064
1.14,4,357.16794
1.14,4,357.18332
1.14,4,357.197233
1.14,4,357.207667
1.14,4,357.222396
1.14,4,357.236622
1.24,6,357.256977
1.2,6,357.278166
1.19,5,357.295425
1.14,4,357.30834
1.14,4,357.320893
1.14,4,357.334899
1.14,4,357.347562
-0.76,6,357.366904
1.14,4,357.377178
1.14,4,357.388978
1.18,6,357.407559
1.14,4,357.420707
-0.77,7,357.449227
1.19,5,357.471166
1.14,4,357.487115
1.14,4,357.505776
1.14,4,357.522458
1.14,4,357.536525
1.14,4,357.554219
1.14,4,357.574778
1.14,4,357.603397
1.14,4,357.62367
1.14,4,357.641179
1.14,4,357.658673
1.14,4,357.674222
1.14,4,357.689501
1.19,5,357.708508
1.14,4,357.723509
1.14,4,357.737971
1.19,5,357.757133
1.14,4,357.775271
1.14,4,357.867359
-0.99,6,357.910371
1.14,4,357.934695
1.14,4,357.95685
1.14,4,357.975184
1.14,4,357.992013
-0.81,5,358.015405
1.24,6,358.041047
1.14,4,358.054154
1.14,4,358.07185
1.14,4,358.088685
-0.81,5,358.107501
1.14,4,358.119504
1.14,4,358.13309
1.19,5,358.149468
1.14,4,358.164852
1.14,4,358.181174
1.14,4,358.199796
1.14,4,358.217988
1.14,4,358.236325
1.19,5,358.260832
1.14,4,358.281343
-0.92,5,358.305039
1.14,4,358.321418
1.14,4,358.338232
1.14,4,358.356072
1.29,6,358.381825
1.14,4,358.393617
1.14,4,358.405373
-1.0,7,358.430278
1.18,6,358.449328
1.14,4,358.462855
1.19,5,358.47826
1.29,7,358.506572
1.14,4,358.525014
1.14,4,358.540047
1.14,4,358.554461
1.19,5,358.574502
-0.92,5,358.595659
1.14,4,358.610174
1.14,4,358.6239
1.14,4,359.245128
1.14,4,359.258379
1.14,4,359.271468
1.14,4,359.285094
1.18,6,359.304226
1.14,4,359.317468
1.14,4,359.328229
1.14,4,359.343941
1.14,4,359.358784
1.14,4,359.373603
1.14,4,359.385545
1.18,6,359.406044
1.14,4,359.420291
1.14,4,359.434987
1.14,4,359.449591
1.14,4,359.463437
1.14,4,359.477051
1.14,4,359.492326
1.14,4,359.505009
1.14,4,359.52271
1.33,8,359.553786
1.14,4,359.572997
1.14,4,359.594836
1.14,4,359.622356
1.46,9,359.669801
1.14,4,359.698705
1.14,4,359.718819
1.19,5,359.746317
1.14,4,359.764196
1.14,4,359.78006
1.14,4,359.792804
-0.78,8,359.824489
1.14,4,359.836287
-0.67,8,359.864115
1.14,4,359.876782
1.19,5,359.889012
1.14,4,359.903569
1.29,6,359.92368
-0.73,8,359.951848
-0.84,8,359.973465
1.14,4,359.987504
1.14,4,360.001488
1.14,4,360.015337
1.14,4,360.027214
1.34,7,360.050034
-0.83,8,360.078852
1.41,8,360.104954
1.14,4,360.120976
1.24,6,360.148328
1.14,4,360.16855
1.14,4,360.188606
1.14,4,360.20839
1.19,5,360.231507
1.14,4,360.24652
1.14,4,360.258024
1.14,4,360.271549
1.14,4,360.285123
1.14,4,360.29793
1.14,4,360.313832
1.14,4,360.327243
1.14,4,360.339785
-0.76,6,360.365485
1.34,7,360.451407
1.14,4,360.467375
1.14,4,360.481776
1.14,4,360.491997
1.14,4,360.504952
1.14,4,360.516744
1.14,4,360.526887
1.14,4,360.538654
1.14,4,360.550501
1.13,5,360.566428
1.14,4,360.577665
1.14,4,360.588958
-0.88,7,360.605412
1.14,4,360.61729
1.14,4,360.62944
1.14,4,360.640654
1.14,4,360.652903
1.14,4,360.66484
1.14,4,360.67503
1.14,4,360.685902
1.14,4,360.700001
1.13,5,360.717912
-0.81,5,360.738352
1.14,4,360.75264
1.14,4,360.76412
1.14,4,360.774951
1.14,4,360.784756
1.18,6,360.80284
1.14,4,360.816485
1.14,4,360.83086
1.14,4,360.84342
1.14,4,360.856365
1.14,4,360.869722
1.14,4,360.882296
1.14,4,360.89422
1.14,4,360.903906
1.14,4,360.915556
1.14,4,360.927838
-0.81,5,360.944179
1.19,5,360.959594
1.18,6,360.972806
1.14,4,360.984831
1.14,4,360.995805
1.14,4,361.006536
1.24,6,361.024754
1.14,4,361.034089
1.14,4,361.045766
1.14,4,361.057276
1.19,5,361.069497
1.18,6,361.089127
1.14,4,361.099754
1.14,4,361.112226
1.14,4,361.121526
1.19,5,361.133578
-0.52,10,361.162619
1.14,4,361.174788
1.14,4,361.186831
1.19,5,361.20224
1.14,4,361.215304
1.14,4,361.256152
1.19,5,361.310802
1.24,6,361.331866
1.14,4,361.343625
1.14,4,361.35474
1.14,4,361.365984
1.14,4,361.376303
1.34,7,361.398006
1.14,4,361.409511
1.14,4,361.419256
1.14,4,361.431904
1.19,5,361.4475
1.14,4,361.460299
1.14,4,361.471345
1.14,4,361.48224
1.14,4,361.49461
1.14,4,361.506748
-0.76,6,361.527619
1.14,4,361.539594
1.14,4,361.552632
1.19,5,361.568954
-0.77,8,361.595743
1.14,4,361.607209
1.14,4,361.620536
-0.66,7,361.645221
-0.88,7,361.665046
1.14,4,361.676636
1.14,4,361.688173
1.14,4,361.700284
1.14,4,361.712629
1.2,6,361.735993
1.29,6,361.764899
-0.86,4,361.785709
1.14,4,361.798732
1.14,4,361.812366
1.34,7,361.834147
1.19,5,361.849268
1.14,4,361.8625
1.14,4,361.872134
1.14,4,361.884501
1.14,4,361.897035
-0.75,7,361.922441
1.19,5,361.939803
1.14,4,361.953699
-0.91,4,361.969216
1.14,4,361.98244
1.14,4,361.994915
1.38,9,362.027147
-0.8,6,362.049493
1.19,5,362.065681
1.14,4,362.07844
1.14,4,362.089773
1.14,4,362.099431
1.19,5,362.115146
1.14,4,362.126959
1.14,4,362.138447
1.14,4,362.151571
1.14,4,362.164822
1.14,4,362.178323
1.14,4,362.190706
1.18,6,362.210966
1.14,4,362.222286
1.14,4,362.234035
1.14,4,362.244622
1.14,4,362.255358
1.14,4,362.267159
1.14,4,362.279101
1.14,4,362.289959
1.14,4,362.300268
-0.76,6,362.318228
1.18,6,362.335373
-0.76,6,362.35887
1.24,6,362.380085
1.14,4,362.392555
1.19,5,362.408204
1.14,4,362.421223
1.14,4,362.433667
1.19,5,362.449471
1.14,4,362.461416
1.14,4,362.471226
1.14,4,362.481889
1.14,4,362.492483
-0.76,6,362.517115
1.14,4,362.540241
1.14,4,362.563471
1.14,4,362.583905
1.14,4,362.599368
1.14,4,362.614039
1.14,4,362.630807
1.19,5,362.654098
1.29,6,362.678592
1.13,5,362.693555
1.14,4,362.708319
1.14,4,362.720465
-0.86,4,362.733068
1.14,4,362.745958
1.14,4,362.758696
1.14,4,362.771699
1.14,4,362.785639
1.14,4,362.799953
1.14,4,362.814794
1.14,4,362.828692
1.14,4,362.844474
1.14,4,362.85585
1.14,4,362.869719
1.14,4,362.883531
1.14,4,362.897201
1.14,4,362.909854
1.14,4,362.921679
1.14,4,362.933581
1.14,4,362.947562
1.14,4,362.961854
1.14,4,362.976952
1.14,4,362.990028
1.19,5,363.007494
1.13,5,363.026075
1.14,4,363.037461
1.14,4,363.051819
1.14,4,363.06497
1.13,5,363.082457
1.19,5,363.098996
1.14,4,363.112391
1.19,5,363.128497
1.24,6,363.146886
1.14,4,363.162195
-0.76,6,363.185624
1.14,4,363.198996
1.19,5,363.215839
1.14,4,363.230739
1.14,4,363.244951
1.14,4,363.258605
1.29,6,363.280307
1.14,4,363.295017
1.14,4,363.356034
1.18,6,363.390495
1.18,6,363.413239
-0.81,6,363.432582
1.14,4,363.444999
1.14,4,363.457637
1.14,4,363.474344
1.14,4,363.487918
1.14,4,363.501682
1.14,4,363.515292
1.14,4,363.529599
1.14,4,363.544214
1.19,5,363.560181
1.19,5,363.57649
1.19,5,363.593517
1.14,4,363.606962
1.14,4,363.618875
1.14,4,363.635683
1.24,6,363.658829
1.14,4,363.66984
1.14,4,363.683416
1.34,7,363.707665
-0.73,9,363.735401
1.14,4,363.747983
1.14,4,363.760442
1.14,4,363.773089
1.14,4,363.786677
1.14,4,363.800735
1.14,4,363.813814
1.14,4,363.826666
1.14,4,363.838445
1.14,4,363.850455
1.19,5,363.867069
1.14,4,363.88055
1.14,4,363.89502
1.14,4,363.908856
1.14,4,363.922545
-0.77,7,363.947451
1.14,4,363.960563
1.14,4,363.972547
1.34,7,363.995553
1.14,4,364.008921
1.14,4,364.022635
-0.78,8,364.048525
1.34,7,364.070746
1.14,4,364.08262
-0.86,4,364.097292
1.14,4,364.111518
1.14,4,364.124375
1.14,4,364.137977
1.14,4,364.150385
1.34,7,364.173102
1.14,4,364.186793
1.19,5,364.204468
1.14,4,364.216889
1.14,4,364.230499
1.19,5,364.246549
1.29,6,364.26641
1.14,4,364.280536
1.14,4,364.297569
1.14,4,364.313527
1.19,5,364.332257
1.14,4,364.348459
1.14,4,364.363021
-0.93,6,364.385024
1.14,4,364.400838
1.19,5,364.41794
1.14,4,364.431674
1.14,4,364.445233
1.14,4,364.458978
1.14,4,364.4706
1.14,4,364.483826
1.14,4,364.49757
1.34,7,364.518527
1.14,4,364.533442
1.14,4,364.547755
1.14,4,364.562492
1.14,4,364.577041
-0.89,7,364.600092
1.14,4,364.612613
1.14,4,364.624833
1.14,4,364.636966
1.14,4,364.648561
1.14,4,364.66334
1.14,4,364.677295
1.14,4,364.690586
-0.87,6,364.713668
1.19,5,364.729627
1.14,4,364.743122
1.19,5,364.759611
-0.92,5,364.777528
1.14,4,364.791111
1.19,5,364.80928
1.14,4,364.821939
1.14,4,364.836638
1.14,4,364.848736
1.14,4,364.862454
1.19,5,364.879598
1.14,4,364.89429
-0.81,5,364.912143
1.18,6,364.931459
1.19,5,364.947982
1.18,6,364.967516
1.14,4,364.979368
1.14,4,364.990444
1.14,4,365.003194
1.14,4,365.015438
1.14,4,365.031121
1.14,4,365.046851
1.28,7,365.071675
1.14,4,365.085732
1.34,7,365.106883
1.14,4,365.117704
1.14,4,365.130606
1.19,5,365.145891
1.19,5,365.163012
1.14,4,365.177521
1.14,4,365.192972
1.14,4,365.206571
1.13,5,365.221325
1.18,6,365.238017
1.14,4,365.249897
1.14,4,365.263485
-0.86,4,365.276841
1.14,4,365.290355
1.14,4,365.303203
1.24,6,365.324592
1.14,4,365.338026
1.19,5,365.355966
1.14,4,365.369281
1.14,4,365.382976
1.14,4,365.399976
-0.78,8,365.427214
1.14,4,365.441264
1.14,4,365.457961
-0.71,6,365.480276
1.24,6,365.502893
-0.71,6,365.525222
1.18,6,365.546311
1.19,5,365.562824
1.14,4,365.576052
1.14,4,365.589068
1.14,4,365.603526
1.29,7,365.628984
1.14,4,365.642012
1.14,4,365.653578
1.14,4,365.663974
1.14,4,365.676356
1.14,4,365.689287
1.14,4,365.699955
1.14,4,365.717764
1.14,4,365.733038
1.14,4,365.745402
1.19,5,365.763349
1.14,4,365.777554
1.14,4,365.788887
1.14,4,365.802538
1.14,4,365.815641
1.19,5,365.833468
1.18,6,365.857759
1.19,5,365.870485
1.14,4,365.883535
1.14,4,365.89696
-0.91,4,365.911128
1.14,4,365.924191
1.14,4,365.936842
1.29,6,365.956005
-0.92,5,365.971616
1.14,4,365.983788
1.14,4,365.997734
1.14,4,366.012211
1.14,4,366.025017
1.14,4,366.037318
1.19,5,366.050771
1.14,4,366.06432
1.14,4,366.078109
1.14,4,366.090458
1.14,4,366.102781
1.24,6,366.123915
1.14,4,366.135424
1.14,4,366.148305
1.14,4,366.163074
1.14,4,366.176384
1.14,4,366.190666
1.14,4,366.202868
1.14,4,366.215671
1.14,4,366.229553
1.19,5,366.246572
-0.72,8,366.274024
1.14,4,366.289058
1.14,4,366.302384
-0.81,5,366.319618
1.14,4,366.391142
1.14,4,366.402923
1.14,4,366.415097
1.14,4,366.429512
1.14,4,366.443469
1.14,4,366.458395
1.14,4,366.471417
1.19,5,366.488692
1.14,4,366.502626
1.14,4,366.516572
1.19,5,366.532343
1.14,4,366.545213
-0.91,4,366.56018
1.19,5,366.577473
1.14,4,366.591107
1.14,4,366.603908
1.14,4,366.616821
1.14,4,366.630602
1.14,4,366.64375
1.14,4,366.657307
1.14,4,366.670351
1.14,4,366.683482
1.14,4,366.698023
1.29,6,366.716884
1.14,4,366.730758
1.14,4,366.743929
1.14,4,366.755286
1.14,4,366.767986
1.14,4,366.780087
1.14,4,366.793108
1.14,4,366.807045
1.19,5,366.823017
-0.81,5,366.83889
1.14,4,366.851828
1.14,4,366.865092
1.14,4,366.880354
-0.87,6,366.90479
1.14,4,366.921652
1.14,4,366.934143
1.14,4,366.94808
-0.94,7,366.974372
1.34,7,367.002043
1.14,4,367.013894
1.24,6,367.034715
1.18,6,367.053238
1.19,5,367.066771
1.14,4,367.082607
-0.72,8,367.112043
1.14,4,367.124603
1.14,4,367.135734
-0.76,6,367.161525
1.14,4,367.174567
1.34,7,367.196297
1.14,4,367.208303
1.39,8,367.239641
-0.93,6,367.260461
1.14,4,367.275865
1.14,4,367.289074
1.14,4,367.302544
1.14,4,367.314685
-0.91,4,367.330291
1.14,4,367.34479
1.14,4,367.359463
1.14,4,367.373978
1.14,4,367.38585
1.29,6,367.408052
1.18,6,367.42769
1.14,4,367.439728
1.14,4,367.452689
1.14,4,367.467183
1.14,4,367.482069
1.34,7,367.510108
1.14,4,367.525095
1.14,4,367.539083
1.14,4,367.549945
-0.76,6,367.573064
1.14,4,367.586633
1.14,4,367.600515
1.14,4,367.612685
1.14,4,367.626714
1.14,4,367.640725
1.14,4,367.653799
1.14,4,367.668571
1.14,4,367.68319
1.14,4,367.696094
1.14,4,367.711266
1.14,4,367.72632
1.14,4,367.74028
1.14,4,367.751901
1.14,4,367.763499
-0.68,9,367.790553
1.14,4,367.804908
1.14,4,367.818485
1.14,4,367.830597
1.14,4,367.842799
1.14,4,367.855654
1.14,4,367.865328
-0.76,6,367.891694
1.14,4,367.907038
1.19,5,367.925934
1.14,4,367.9401
1.14,4,367.952734
1.14,4,367.965814
1.14,4,367.979284
1.14,4,367.992314
1.14,4,368.006243
1.29,6,368.02772
1.14,4,368.040504
1.14,4,368.052771
1.14,4,368.064368
1.14,4,368.077843
1.14,4,368.092364
1.28,7,368.113138
1.14,4,368.125788
1.19,5,368.143661
1.34,7,368.167326
1.14,4,368.180837
1.14,4,368.194052
1.14,4,368.208574
1.22,8,368.234037
1.28,8,368.263237
1.14,4,368.276834
1.14,4,368.290056
1.14,4,368.303809
-0.76,6,368.326489
1.14,4,368.33955
1.19,5,368.356591
1.14,4,368.369431
1.39,8,368.395052
1.34,7,368.416918
1.14,4,368.430848
1.14,4,368.444055
1.14,4,368.457989
1.34,7,368.484443
1.14,4,368.502917
-0.71,6,368.524502
1.14,4,368.53654
1.34,7,368.560001
1.14,4,368.574291
1.14,4,368.58706
1.14,4,368.599978
1.14,4,368.6138
1.14,4,368.626735
1.14,4,368.63963
1.19,5,368.656924
-0.76,6,368.676775
1.19,5,368.692919
1.14,4,368.706095
-0.81,5,368.723181
1.34,7,368.749104
1.14,4,368.764372
1.14,4,368.77774
1.14,4,368.79167
1.14,4,368.806161
1.14,4,368.81981
1.19,5,368.835061
1.19,5,368.849864
1.14,4,368.864069
1.14,4,368.882232
1.14,4,368.899508
-0.81,5,368.91917
1.14,4,368.933137
1.14,4,368.945374
1.14,4,368.959735
1.14,4,368.97412
1.14,4,368.984423
1.14,4,368.995216
1.14,4,369.009453
1.19,5,369.026185
1.19,5,369.044167
-0.87,6,369.06615
1.14,4,369.079921
1.14,4,369.093803
1.29,6,369.11534
-0.81,6,369.136718
1.14,4,369.148741
1.14,4,369.162611
1.14,4,369.175639
1.14,4,369.189407
1.14,4,369.202575
1.14,4,369.214922
1.14,4,369.227001
1.14,4,369.240541
1.14,4,369.255143
1.14,4,369.266081
1.34,7,369.288328
1.14,4,369.301531
1.39,8,369.329662
1.14,4,369.342158
-0.81,5,369.360032
-0.67,8,369.387952
1.14,4,369.402782
1.14,4,369.416955
1.14,4,369.431149
1.14,4,369.493735
1.24,6,369.518111
1.34,7,369.541151
1.14,4,369.554079
1.14,4,369.563478
1.29,6,369.580953
1.19,5,369.59636
-0.81,5,369.608742
1.14,4,369.619268
1.14,4,369.628457
1.14,4,369.640243
1.14,4,369.651885
1.14,4,369.661765
1.14,4,369.674465
1.14,4,369.684993
1.14,4,369.695059
-0.76,6,369.712309
1.14,4,369.724875
1.14,4,369.736905
1.14,4,369.748768
1.14,4,369.761636
1.14,4,369.77378
1.14,4,369.786674
1.14,4,369.796244
1.24,6,369.816344
1.14,4,369.82889
1.29,6,369.847248
1.14,4,369.860601
1.14,4,369.872635
-0.76,6,369.890635
1.14,4,369.900412
1.19,5,369.91674
1.14,4,369.927764
1.14,4,369.940623
1.19,5,369.957737
1.14,4,369.974243
1.14,4,369.991657
1.14,4,370.006358
-0.77,7,370.039628
1.14,4,370.055568
1.14,4,370.072076
1.14,4,370.085571
1.14,4,370.103602
1.14,4,370.176281
-0.82,6,370.20525
1.14,4,370.217632
-0.71,7,370.241598
-0.81,5,370.257342
1.14,4,370.269967
-0.81,6,370.288607
1.14,4,370.300848
1.14,4,370.312146
1.14,4,370.323994
1.14,4,370.336689
1.14,4,370.348047
1.14,4,370.36004
1.14,4,370.37131
1.14,4,370.382964
1.14,4,370.395007
1.19,5,370.411139
1.14,4,370.424167
1.14,4,370.439048
1.34,7,370.46766
1.14,4,370.479862
-0.76,6,370.506333
1.14,4,370.522156
1.14,4,370.536891
1.14,4,370.549267
1.14,4,370.5621
1.34,7,370.587758
-0.66,7,370.611239
1.14,4,370.6244
1.14,4,370.637121
-0.82,6,370.654759
1.14,4,370.665566
1.14,4,370.676186
-0.67,8,370.69628
1.14,4,370.708461
1.14,4,370.720673
-0.83,7,370.743678
-0.77,7,370.767831
1.19,5,370.780576
1.14,4,370.793142
-0.91,4,370.805499
1.14,4,370.816653
1.19,5,370.831682
1.14,4,370.84165
1.14,4,370.8526
1.14,4,370.863961
1.14,4,370.876628
1.14,4,370.887069
-0.87,6,370.905544
1.14,4,370.916497
1.14,4,370.928583
1.19,5,370.940885
1.14,4,370.953425
1.14,4,370.964805
1.14,4,370.976252
1.14,4,370.987495
1.29,6,371.006389
-0.67,8,371.031506
1.14,4,371.043164
1.14,4,371.056149
-0.86,4,371.068419
1.34,7,371.090224
1.14,4,371.10276
1.14,4,371.113617
1.14,4,371.126244
1.19,5,371.141622
1.14,4,371.154922
-0.88,7,371.179137
1.24,6,371.198405
1.14,4,371.208553
1.14,4,371.219901
1.14,4,371.229219
1.14,4,371.239937
1.23,7,371.261405
1.14,4,371.274832
1.14,4,371.286264
1.14,4,371.29787
1.28,7,371.319764
1.14,4,371.331518
1.19,5,371.34711
1.14,4,371.360046
1.19,5,371.376467
-0.77,7,371.397297
1.14,4,371.407335
1.14,4,371.416834
1.23,7,371.439512
1.14,4,371.45068
1.19,5,371.465559
1.14,4,371.476541
1.14,4,371.487581
-0.77,7,371.50973
1.14,4,371.522096
1.14,4,371.534001
1.18,6,371.54694
1.14,4,371.5593
1.14,4,371.571721
1.14,4,371.583324
1.14,4,371.595598
1.14,4,371.609014
-0.86,4,371.621593
1.19,5,371.635663
1.14,4,371.646425
1.14,4,371.659228
1.14,4,371.670503
1.14,4,371.682473
1.19,5,371.694904
1.14,4,371.707
1.28,7,371.727109
-0.71,6,371.74326
1.14,4,371.755266
1.14,4,371.767439
1.14,4,371.780084
1.14,4,371.790287
1.29,6,371.809724
1.14,4,371.821767
1.14,4,371.833193
-0.93,6,371.846636
1.34,7,371.86845
1.13,5,371.882087
1.14,4,371.895112
-0.86,5,371.911737
1.14,4,371.924242
1.14,4,371.935955
1.34,7,371.956728
1.19,5,371.972767
1.34,7,371.994667
1.14,4,372.006006
1.14,4,372.016153
1.14,4,372.027411
1.13,5,372.042254
1.14,4,372.053543
1.14,4,372.064466
1.14,4,372.074282
1.14,4,372.086688
1.14,4,372.097106
1.14,4,372.108761
-0.76,6,372.124736
1.14,4,372.136017
1.14,4,372.147161
1.14,4,372.158967
1.14,4,372.171426
1.14,4,372.183686
1.14,4,372.193635
1.14,4,372.205127
1.19,5,372.220106
1.34,7,372.238041
1.14,4,372.249088
1.14,4,372.26086
1.14,4,372.271119
1.14,4,372.28168
1.18,6,372.29986
1.14,4,372.313209
1.14,4,372.327184
1.34,7,372.353951
1.14,4,372.366568
1.29,6,372.385787
1.14,4,372.39498
1.14,4,372.405774
-0.78,8,372.428281
1.14,4,372.48637
1.14,4,372.508378
1.14,4,372.522567
1.14,4,372.535637
1.29,6,372.553274
1.14,4,372.562422
1.14,4,372.573878
1.14,4,372.586208
1.19,5,372.600766
-0.81,6,372.619576
1.19,5,372.635342
1.19,5,372.651897
1.14,4,372.664388
1.14,4,372.676078
1.14,4,372.688394
1.14,4,372.700826
1.14,4,372.71253
1.14,4,372.723118
1.14,4,372.733067
1.14,4,372.743737
1.14,4,372.755827
1.14,4,372.766693
1.14,4,372.777453
1.14,4,372.78931
1.19,5,372.806434
1.14,4,372.816961
1.19,5,372.831802
1.14,4,372.842033
1.14,4,372.853602
1.14,4,372.864787
1.19,5,372.876793
1.14,4,372.887261
1.14,4,372.89862
1.14,4,372.910879
-0.81,5,372.925376
-0.72,8,372.944934
1.14,4,372.95753
1.29,6,372.975259
1.14,4,372.986417
1.39,8,373.010535
1.14,4,373.022937
1.23,7,373.045159
1.14,4,373.05794
1.34,7,373.081326
1.19,5,373.095995
1.34,7,373.118273
1.14,4,373.60927
1.14,4,373.619757
1.19,5,373.633721
-0.79,9,373.659868
1.14,4,373.670414
1.14,4,373.682508
1.14,4,373.69186
1.14,4,373.703905
1.19,5,373.71874
1.14,4,373.73005
1.14,4,373.739109
1.14,4,373.74983
1.14,4,373.76099
1.19,5,373.772972
1.14,4,373.784545
-0.76,6,373.804898
1.14,4,373.818019
1.14,4,373.830678
1.34,7,373.853228
1.14,4,373.865193
1.14,4,373.873609
1.14,4,373.88398
1.14,4,373.895508
1.19,5,373.911752
1.18,6,373.9318
1.19,5,373.948638
1.14,4,373.960941
1.14,4,373.9714
1.14,4,373.980716
1.14,4,373.991946
1.14,4,374.003524
1.14,4,374.015396
1.14,4,374.026786
1.19,5,374.041999
1.14,4,374.052802
1.14,4,374.064724
1.14,4,374.077081
1.14,4,374.087601
1.14,4,374.09893
1.14,4,374.108998
1.19,5,374.121559
1.14,4,374.134015
-0.91,4,374.144301
-0.71,6,374.163975
1.14,4,374.17545
1.14,4,374.186674
1.19,5,374.200603
1.14,4,374.212231
1.14,4,374.223926
1.14,4,374.236382
1.14,4,374.244828
1.14,4,374.256157
1.14,4,374.26751
1.14,4,374.279494
1.14,4,374.291584
1.19,5,374.307045
1.14,4,374.319673
1.14,4,374.33297
1.14,4,374.345
1.14,4,374.357384
1.14,4,374.370073
-0.76,6,374.388294
1.14,4,374.40042
-0.76,6,374.417817
1.14,4,374.429108
1.14,4,374.441032
1.34,7,374.461978
1.19,5,374.476567
1.14,4,374.488082
-0.81,6,374.506483
1.18,6,374.525783
1.14,4,374.539536
1.14,4,374.551961
-0.88,7,374.572634
1.14,4,374.585472
1.14,4,374.597498
1.14,4,374.609426
1.19,5,374.625486
1.14,4,374.637064
1.14,4,374.647132
1.14,4,374.658841
1.14,4,374.670223
1.14,4,374.681312
1.46,9,374.706494
1.14,4,374.719554
1.14,4,374.730519
1.14,4,374.742501
1.14,4,374.754024
1.14,4,374.764644
1.14,4,374.776233
1.14,4,374.788609
1.14,4,374.800678
1.19,5,374.815856
1.19,5,374.830912
1.14,4,374.842546
1.14,4,374.852929
1.14,4,374.861856
1.34,7,374.877846
1.19,5,374.892744
1.14,4,374.906208
1.14,4,374.917378
1.23,6,374.936209
1.14,4,374.948806
1.19,5,374.963521
-0.86,5,374.979533
1.19,5,374.995372
-0.76,6,375.011153
-0.86,5,375.027023
1.14,4,375.041014
-0.81,5,375.057691
-0.82,6,375.075701
1.14,4,375.086236
1.14,4,375.098205
1.14,4,375.108244
1.14,4,375.120608
1.14,4,375.133793
1.14,4,375.145526
1.14,4,375.157697
1.19,5,375.170942
1.34,7,375.19287
1.14,4,375.205554
-0.56,8,375.234083
1.19,5,375.245589
1.14,4,375.255112
1.14,4,375.265827
1.14,4,375.277103
1.14,4,375.2891
1.14,4,375.301002
1.14,4,375.311867
1.14,4,375.323369
1.34,7,375.345405
1.14,4,375.354867
1.14,4,375.365781
1.14,4,375.37661
1.14,4,375.388562
1.14,4,375.399624
1.29,6,375.417264
1.19,5,375.432338
-0.81,6,375.450306
1.14,4,375.461214
1.29,6,375.475361
1.14,4,375.487936
1.14,4,375.49938
1.14,4,375.508469
1.28,7,375.530918
1.14,4,375.542737
1.18,6,375.559175
1.14,4,375.571974
1.14,4,375.584707
1.19,5,375.60125
1.14,4,375.611752
1.19,5,375.625216
1.14,4,375.638575
1.14,4,375.651526
1.13,5,375.667111
1.22,8,375.69387
-0.86,4,375.704846
1.14,4,375.716256
1.14,4,375.728021
-0.78,8,375.755661
1.19,5,375.771015
1.14,4,375.783253
-0.82,6,375.800773
1.14,4,375.845897
-0.86,4,375.881278
1.14,4,375.894283
1.29,7,375.914748
1.14,4,375.924919
1.14,4,375.934621
1.14,4,375.945483
1.14,4,375.957343
1.14,4,375.969527
1.14,4,375.981892
1.19,5,375.994085
1.14,4,376.006006
1.14,4,376.017667
1.14,4,376.028326
1.23,7,376.049099
-0.71,7,376.070382
1.24,6,376.089993
1.14,4,376.102736
1.14,4,376.115547
1.14,4,376.127394
1.14,4,376.137023
1.13,5,376.152236
1.14,4,376.164816
1.14,4,376.176893
1.14,4,376.188693
1.19,5,376.202732
1.14,4,376.214945
1.14,4,376.226745
1.14,4,376.236858
1.14,4,376.24866
1.14,4,376.260535
1.14,4,376.272615
1.29,6,376.29186
1.14,4,376.303918
1.14,4,376.314478
1.14,4,376.322712
1.14,4,376.332756
1.14,4,376.344213
1.14,4,376.35442
1.14,4,376.366298
1.14,4,376.377544
1.14,4,376.386844
1.14,4,376.397984
-0.76,6,376.415802
1.14,4,376.42738
1.19,5,376.443087
1.19,5,376.45871
1.14,4,376.471441
-0.76,6,376.487296
1.14,4,376.497703
1.14,4,376.506551
1.39,8,376.526953
1.14,4,376.539212
-0.76,6,376.556692
1.19,5,376.572525
1.29,6,376.592431
-0.81,5,376.608239
1.14,4,376.621225
1.14,4,376.631763
1.19,5,376.645604
1.14,4,376.654605
1.34,7,376.67222
1.19,5,376.684666
-0.67,8,376.706109
1.19,5,376.721411
1.19,5,376.737259
1.14,4,376.748398
1.14,4,376.759854
1.14,4,376.768475
1.34,7,376.789689
1.14,4,376.800434
1.14,4,376.81031
1.14,4,376.822579
1.14,4,376.833908
1.14,4,376.846035
1.14,4,376.858283
1.34,7,376.880874
1.14,4,376.891677
1.14,4,376.901783
-0.81,5,376.916743
1.14,4,376.929143
1.14,4,376.938076
-0.61,8,376.962714
1.14,4,376.974701
1.19,5,376.990542
1.14,4,377.002236
1.24,6,377.020868
1.14,4,377.031705
-0.81,5,377.047434
-0.84,8,377.070228
1.14,4,377.082041
1.19,5,377.094997
1.14,4,377.105631
1.14,4,377.118023
1.14,4,377.130762
1.14,4,377.141992
1.14,4,377.152406
1.14,4,377.164711
1.19,5,377.181127
1.29,6,377.198743
-0.84,8,377.219029
-0.81,5,377.233049
1.14,4,377.243804
1.14,4,377.254506
1.34,7,377.272021
1.14,4,377.284502
1.19,5,377.30101
1.28,7,377.322296
1.14,4,377.335043
1.19,5,377.351367
1.14,4,377.364395
1.14,4,377.373885
1.14,4,377.384159
1.19,5,377.397229
1.14,4,377.40839
1.14,4,377.420268
1.14,4,377.431103
1.14,4,377.443119
1.14,4,377.452539
1.14,4,377.463742
1.14,4,377.474054
1.14,4,377.486368
1.14,4,377.499085
1.14,4,377.511476
1.14,4,377.524057
1.14,4,377.536993
1.19,5,377.552217
1.14,4,377.56395
1.14,4,377.574639
1.31,6,377.59302
1.14,4,377.602527
1.14,4,377.613317
1.24,6,377.631714
1.19,5,377.647378
1.34,7,377.66938
1.14,4,377.682219
1.14,4,377.692051
1.19,5,377.703629
1.14,4,377.715952
1.14,4,377.727102
1.14,4,377.73892
1.14,4,377.75044
1.14,4,377.760465
1.13,5,377.776389
1.14,4,377.785642
1.19,5,377.800663
1.19,5,377.815381
1.14,4,377.826821
1.14,4,377.839176
1.14,4,377.850922
1.14,4,377.862998
1.14,4,377.873573
1.14,4,377.884955
1.14,4,377.896498
1.14,4,377.905387
1.14,4,377.91541
1.19,5,377.930346
1.14,4,377.938859
1.29,6,377.956843
1.14,4,377.969101
1.14,4,377.980464
1.14,4,377.989574
1.14,4,378.001916
1.14,4,378.013159
1.14,4,378.024656
1.18,6,378.044603
1.14,4,378.054438
1.14,4,378.066603
1.14,4,378.078713
1.14,4,378.089609
1.14,4,378.101889
1.19,5,378.117391
1.14,4,378.130092
1.14,4,378.141752
1.14,4,378.153509
1.14,4,378.16392
1.14,4,378.174742
1.14,4,378.185925
1.14,4,378.198261
1.14,4,378.210168
1.14,4,378.222477
1.14,4,378.233541
1.14,4,378.244956
1.14,4,378.254211
-0.76,6,378.269463
1.19,5,378.284421
1.14,4,378.297153
1.14,4,378.306945
1.14,4,378.318138
1.14,4,378.329575
1.24,6,378.347527
1.19,5,378.36314
1.14,4,378.374651
1.18,6,378.39255
1.14,4,378.404187
1.14,4,378.416677
1.14,4,378.429526
1.19,5,378.444353
1.14,4,378.455859
1.14,4,378.466012
-0.77,7,378.484606
1.14,4,378.496448
1.14,4,378.507783
1.14,4,378.519065
1.14,4,378.530509
1.14,4,378.542015
1.14,4,378.554184
1.14,4,378.565431
1.18,6,378.581217
-0.86,4,378.593076
1.14,4,378.604948
1.14,4,378.614434
1.14,4,378.625333
1.19,5,378.636755
1.14,4,378.701996
1.14,4,378.722109
1.14,4,378.733948
1.14,4,378.744741
1.14,4,378.754342
1.14,4,378.765787
1.14,4,378.777345
1.14,4,378.787149
1.14,4,378.798213
1.19,5,378.812815
1.14,4,378.824577
1.14,4,378.834355
1.14,4,378.845755
1.18,6,378.860479
1.14,4,378.870206
1.19,5,378.884895
1.14,4,378.895429
1.14,4,378.904603
1.14,4,378.914685
1.14,4,378.926186
1.14,4,378.936321
1.14,4,378.950035
1.18,6,378.969426
1.19,5,378.982813
1.14,4,378.99548
1.19,5,379.011446
1.14,4,379.021124
-0.72,8,379.045415
1.14,4,379.054804
1.14,4,379.067076
1.14,4,379.078394
1.19,5,379.092836
1.14,4,379.104401
1.19,5,379.119153
1.13,5,379.133531
-0.82,6,379.153222
1.14,4,379.165413
1.14,4,379.177118
1.14,4,379.189126
-0.66,7,379.207369
1.39,8,379.228885
1.19,5,379.24435
1.14,4,379.256636
1.14,4,379.269374
1.14,4,379.281071
1.14,4,379.291087
1.14,4,379.303454
1.14,4,379.314265
1.14,4,379.325628
1.14,4,379.335252
-0.81,6,379.353238
1.14,4,379.364571
1.34,7,379.382992
1.13,5,379.398349
1.14,4,379.409245
-0.86,5,379.42503
1.19,5,379.440784
1.19,5,379.456383
1.14,4,379.467076
1.14,4,379.478915
-0.81,5,379.495722
1.14,4,379.507151
1.14,4,379.518954
1.14,4,379.531333
1.14,4,379.541192
1.14,4,379.551176
-0.75,7,379.573271
1.14,4,379.585277
1.14,4,379.596622
1.18,6,379.614696
1.14,4,379.627202
1.14,4,379.636266
1.14,4,379.647818
1.14,4,379.65739
1.19,5,379.67241
-0.71,6,379.688484
1.14,4,379.700989
1.14,4,379.712984
1.14,4,379.724234
1.34,7,379.74194
1.14,4,379.751817
1.14,4,379.762059
1.19,5,379.776758
-0.57,9,379.80733
1.14,4,379.817769
-0.68,10,379.849759
1.14,4,379.860128
1.14,4,379.870172
1.14,4,379.880896
1.14,4,379.892152
1.14,4,379.904585
1.14,4,379.917587
1.14,4,379.930768
1.14,4,379.942842
1.14,4,379.954257
1.14,4,379.965666
1.14,4,379.976443
1.14,4,379.987221
1.14,4,379.996787
1.14,4,380.007206
1.14,4,380.016216
1.14,4,380.027604
1.14,4,380.039362
1.14,4,380.051863
1.14,4,380.063516
1.19,5,380.07858
1.14,4,380.089709
1.14,4,380.101301
1.14,4,380.112836
1.14,4,380.124745
1.14,4,380.136832
1.14,4,380.149246
1.14,4,380.161329
1.14,4,380.172705
1.14,4,380.185052
1.14,4,380.197896
1.19,5,380.212652
1.14,4,380.223797
-0.66,7,380.241972
1.14,4,380.25298
1.14,4,380.264977
1.19,5,380.278634
1.14,4,380.288753
1.29,7,380.306941
1.14,4,380.318689
1.14,4,380.33155
1.24,6,380.349303
1.14,4,380.361502
1.14,4,380.373767
1.14,4,380.383683
1.14,4,380.394618
1.19,5,380.407739
1.14,4,380.419704
1.14,4,380.430266
1.19,5,380.44493
1.18,6,380.462904
1.14,4,380.474331
1.14,4,380.484301
1.14,4,380.495932
1.19,5,380.51105
1.14,4,380.522403
-0.86,5,380.538089
1.14,4,380.549387
1.19,5,380.563184
1.14,4,380.573308
1.14,4,380.58486
1.14,4,380.596448
-0.73,9,380.624952
1.14,4,380.634869
1.14,4,380.645998
1.29,7,380.667141
1.14,4,380.679673
1.14,4,380.691415
1.14,4,380.703018
1.14,4,380.714576
1.14,4,380.725226
1.14,4,380.733664
1.14,4,380.74525
1.14,4,380.75605
1.14,4,380.76574
1.33,8,380.785156
1.19,5,380.80178
1.14,4,380.814174
-0.76,6,380.835817
1.14,4,380.848513
1.14,4,380.861022
1.14,4,380.869853
1.14,4,380.879944
-0.87,5,380.893412
1.14,4,380.904978
-0.83,7,380.925963
1.14,4,380.938139
1.14,4,380.951168
1.14,4,380.963608
1.14,4,380.975057
1.29,6,380.994082
-1.0,7,381.011942
1.14,4,381.024266
1.19,5,381.040978
1.36,7,381.061141
1.14,4,381.072468
1.14,4,381.081794
1.14,4,381.090965
1.14,4,381.10263
1.23,7,381.120501
1.14,4,381.130208
1.19,5,381.144092
1.14,4,381.153206
1.29,7,381.175426
1.14,4,381.184655
1.14,4,381.197612
1.14,4,381.209825
1.14,4,381.219037
1.14,4,381.229935
1.19,5,381.244005
-0.81,5,381.260659
1.14,4,381.271955
1.39,8,381.295152
1.14,4,381.305972
1.14,4,381.318313
1.28,7,381.336485
1.29,7,381.35911
1.19,5,381.374746
1.14,4,381.383392
1.14,4,381.394189
1.19,5,381.409097
-0.86,5,381.425561
1.14,4,381.437425
1.19,5,381.450837
1.14,4,381.463513
1.14,4,381.472455
1.14,4,381.484532
1.14,4,381.497125
1.14,4,381.510176
1.14,4,381.520089
1.14,4,381.532902
1.14,4,381.545933
1.14,4,381.601372
1.14,4,381.621624
1.14,4,381.63263
-0.64,7,381.653187
-0.81,5,381.670234
1.14,4,381.741971
1.14,4,381.763506
1.14,4,381.776676
1.19,5,381.792764
1.14,4,381.804332
1.14,4,381.814465
1.23,7,381.836045
-0.81,5,381.852851
1.34,7,381.872919
-0.76,6,381.88696
1.14,4,381.898313
1.14,4,381.909416
1.28,7,381.929075
1.14,4,381.941825
-0.86,5,381.959266
-0.99,6,381.974821
1.14,4,381.986709
1.14,4,381.998722
1.14,4,382.009847
1.14,4,382.020633
1.14,4,382.030342
1.14,4,382.04259
1.34,7,382.062011
1.14,4,382.071065
1.14,4,382.082216
1.14,4,382.093163
1.14,4,382.104508
1.14,4,382.116949
1.19,5,382.133654
1.13,5,382.147689
1.14,4,382.159776
1.14,4,382.171859
1.18,6,382.184983
1.14,4,382.196425
1.19,5,382.209389
1.14,4,382.220056
1.14,4,382.231873
1.14,4,382.244009
-0.83,7,382.265804
1.14,4,382.277634
1.14,4,382.289583
1.14,4,382.300316
1.14,4,382.312382
1.19,5,382.326202
1.14,4,382.337665
1.34,7,382.358138
1.19,5,382.369666
1.14,4,382.379081
1.14,4,382.389968
1.14,4,382.399931
1.14,4,382.412226
-0.82,6,382.432997
1.14,4,382.445502
1.14,4,382.455904
1.14,4,382.468653
1.14,4,382.481015
1.14,4,382.492861
1.19,5,382.507747
1.29,6,382.524969
1.14,4,382.536457
1.14,4,382.546757
1.18,6,382.565042
1.14,4,382.576375
1.14,4,382.587779
1.14,4,382.5996
1.14,4,382.610122
1.14,4,382.621256
1.14,4,382.633726
1.14,4,382.644466
1.14,4,382.655391
1.14,4,382.667618
1.14,4,382.678404
1.14,4,382.689228
1.14,4,382.701221
1.14,4,382.713908
1.34,7,382.731799
1.14,4,382.743153
1.14,4,382.754658
1.19,5,382.77
1.14,4,382.781939
1.19,5,382.794478
1.34,7,382.812968
1.14,4,382.824985
1.18,6,382.842851
1.14,4,382.852239
-0.71,6,382.872922
1.14,4,382.88419
1.14,4,382.894825
1.14,4,382.905612
1.19,5,382.916738
1.14,4,382.927502
-0.83,7,382.947463
1.14,4,382.959641
-0.81,5,382.977139
1.14,4,382.990035
1.14,4,383.002664
1.14,4,383.014823
1.34,7,383.036188
1.34,7,383.057888
1.14,4,383.067526
1.14,4,383.079857
1.14,4,383.092021
1.14,4,383.103574
1.14,4,383.113462
1.14,4,383.124929
1.14,4,383.135718
1.14,4,383.147877
1.14,4,383.158318
1.14,4,383.168867
1.14,4,383.181195
1.19,5,383.194732
1.14,4,383.206249
1.14,4,383.214924
1.14,4,383.226527
1.14,4,383.238238
1.14,4,383.250175
1.14,4,383.261021
1.14,4,383.273084
-0.88,7,383.294734
1.14,4,383.307483
1.19,5,383.321397
-0.92,5,383.337711
1.19,5,383.352233
1.14,4,383.363997
1.14,4,383.374512
-0.63,10,383.406017
1.14,4,383.418229
1.14,4,383.431376
1.14,4,383.445134
1.14,4,383.45786
1.14,4,383.469769
1.19,5,383.484947
-0.72,7,383.502467
1.14,4,383.514481
1.14,4,383.52517
1.14,4,383.533993
1.14,4,383.544927
1.14,4,383.556423
1.14,4,383.568104
1.14,4,383.579502
1.29,6,383.59546
1.14,4,383.607868
1.14,4,383.617766
1.14,4,383.630678
1.14,4,383.644391
1.14,4,383.655114
1.14,4,383.667462
-0.67,8,383.692317
1.19,5,383.705449
1.14,4,383.718647
1.14,4,383.729301
-0.76,6,383.745018
1.19,5,383.758481
1.19,5,383.773604
1.14,4,383.782293
1.19,5,383.796824
1.14,4,383.809026
1.14,4,383.820838
1.29,6,383.84048
1.14,4,383.85221
1.14,4,383.864337
1.19,5,383.880116
-0.66,7,383.90118
-0.78,8,383.925282
1.14,4,383.937606
1.14,4,383.950615
1.14,4,383.963692
1.14,4,383.976224
1.14,4,383.986816
1.14,4,383.996459
1.19,5,384.009878
1.18,6,384.023989
-0.76,6,384.041817
1.14,4,384.053561
1.14,4,384.063508
1.13,5,384.076793
1.14,4,384.087916
1.14,4,384.09842
1.14,4,384.110863
1.14,4,384.123488
1.14,4,384.134698
1.14,4,384.146951
1.14,4,384.157713
1.29,6,384.175743
1.14,4,384.184857
1.14,4,384.197269
1.14,4,384.209596
1.19,5,384.225634
1.14,4,384.237347
1.14,4,384.246501
1.29,6,384.263364
1.18,6,384.279272
1.14,4,384.291218
1.14,4,384.303314
1.34,7,384.322198
1.14,4,384.334406
1.19,5,384.349583
-0.71,7,384.373713
1.14,4,384.385728
1.14,4,384.396308
1.14,4,384.408436
1.14,4,384.420511
1.14,4,384.433111
1.14,4,384.444476
1.19,5,384.459639
1.14,4,384.469155
1.14,4,384.480694
1.14,4,384.493358
1.14,4,384.504699
1.14,4,384.51433
1.14,4,384.524881
1.14,4,384.537137
1.24,6,384.55656
1.23,7,384.579575
1.14,4,384.633124
1.14,4,384.649677
1.14,4,384.663825
1.14,4,384.676063
1.14,4,384.687396
1.14,4,384.699273
1.19,5,384.713559
1.14,4,384.724758
1.19,5,384.740528
1.19,5,384.757313
1.14,4,384.768867
1.14,4,384.777722
1.19,5,384.790899
1.19,5,384.804436
1.14,4,384.816578
1.14,4,384.829515
1.19,5,384.844641
1.39,8,384.868274
1.14,4,384.880598
1.14,4,384.894019
1.19,5,384.910154
1.14,4,384.923901
-0.9,5,384.942979
1.14,4,384.955809
1.14,4,384.96772
1.14,4,384.980302
1.14,4,384.993544
1.19,5,385.007182
1.14,4,385.019293
1.14,4,385.031106
1.14,4,385.042833
1.19,5,385.056953
1.14,4,385.067982
1.19,5,385.08277
1.33,8,385.108654
1.14,4,385.118279
1.14,4,385.128361
-0.71,6,385.147193
1.13,5,385.162892
-0.76,6,385.184554
1.14,4,385.19883
1.29,6,385.21832
1.19,5,385.230995
1.14,4,385.243266
1.14,4,385.256261
1.14,4,385.265839
1.14,4,385.277529
1.34,7,385.297352
1.14,4,385.310105
1.14,4,385.322966
1.14,4,385.334156
1.14,4,385.346144
1.18,6,385.362354
1.14,4,385.372495
1.14,4,385.381528
1.14,4,385.392651
1.14,4,385.404129
1.14,4,385.415973
1.19,5,385.428899
1.14,4,385.440586
1.14,4,385.452146
1.29,6,385.471895
1.14,4,385.481347
1.29,6,385.495735
-0.73,9,385.521362
1.14,4,385.533576
1.14,4,385.546793
1.14,4,385.558049
1.14,4,385.568836
1.19,5,385.580703
1.14,4,385.592756
1.14,4,385.603754
1.14,4,385.613278
1.14,4,385.626029
1.14,4,385.637201
1.14,4,385.648907
1.18,6,385.666939
1.14,4,385.679533
1.2,6,385.698686
1.14,4,385.71096
1.44,8,385.735154
-0.71,6,386.221356
1.14,4,386.233634
1.14,4,386.245946
1.14,4,386.257423
1.14,4,386.268981
1.18,6,386.287883
1.14,4,386.299109
1.14,4,386.308528
1.18,6,386.325106
1.14,4,386.336996
1.14,4,386.349602
1.14,4,386.360667
1.14,4,386.371937
1.14,4,386.383335
1.14,4,386.39363
1.29,6,386.411312
1.14,4,386.42295
1.14,4,386.433759
1.14,4,386.443417
1.14,4,386.455849
1.19,5,386.472456
1.14,4,386.483906
1.14,4,386.495522
1.14,4,386.507452
1.14,4,386.518397
1.14,4,386.528105
1.14,4,386.538965
1.14,4,386.54788
1.14,4,386.557829
-0.76,6,386.576843
1.14,4,386.58865
1.14,4,386.600185
1.14,4,386.612357
1.14,4,386.62553
1.14,4,386.638133
1.44,9,386.664363
1.14,4,386.673832
1.14,4,386.682826
1.13,5,386.696208
1.19,5,386.711211
1.14,4,386.723642
1.23,7,386.74396
1.19,5,386.758596
1.14,4,386.770568
1.34,8,386.794885
1.14,4,386.807917
1.14,4,386.817251
1.14,4,386.827409
1.14,4,386.837599
1.14,4,386.846992
1.14,4,386.85708
1.14,4,386.868537
1.14,4,386.880951
1.14,4,386.892384
1.14,4,386.905067
1.19,5,386.921169
1.38,9,386.948783
1.14,4,386.961572
1.14,4,386.974678
1.14,4,386.988683
1.34,7,387.010776
1.14,4,387.02331
1.14,4,387.035807
1.14,4,387.048548
1.36,7,387.067355
1.14,4,387.077933
1.14,4,387.088614
1.14,4,387.099556
1.19,5,387.115178
1.14,4,387.12711
1.14,4,387.138361
1.14,4,387.148415
1.18,6,387.166934
1.34,7,387.187916
1.19,5,387.201978
1.14,4,387.214054
1.14,4,387.225863
1.14,4,387.237634
1.14,4,387.248066
1.18,6,387.263851
1.19,5,387.277106
1.14,4,387.289564
1.14,4,387.301635
1.18,6,387.316017
1.14,4,387.328251
1.19,5,387.341812
1.29,6,387.358178
-0.76,6,387.376686
1.29,6,387.394573
1.14,4,387.407245
1.34,7,387.426378
1.14,4,387.435649
1.14,4,387.444107
1.14,4,387.454812
1.14,4,387.466239
1.14,4,387.476672
1.14,4,387.489977
1.34,7,387.513074
1.19,5,387.527475
1.19,5,387.540066
1.19,5,387.55445
1.19,5,387.569812
1.19,5,387.580154
1.14,4,387.589909
1.14,4,387.599387
1.29,6,387.618047
1.34,7,387.64356
1.14,4,387.65746
1.14,4,387.670371
-0.82,6,387.688961
1.14,4,387.700724
1.14,4,387.715119
1.14,4,387.731744
1.14,4,387.744769
1.14,4,387.759145
1.14,4,387.772634
1.19,5,387.788449
1.14,4,387.798797
1.14,4,387.810062
1.19,5,387.82472
1.14,4,387.834831
1.14,4,387.844126
1.14,4,387.858546
1.14,4,387.872489
1.19,5,387.886981
1.19,5,387.900849
1.14,4,387.910748
1.14,4,387.920683
1.14,4,387.931583
1.14,4,387.940862
-0.92,5,388.005202
1.19,5,388.033537
1.14,4,388.044891
1.14,4,388.05733
1.14,4,388.067194
1.34,7,388.089478
1.24,6,388.1065
1.39,8,388.130812
1.14,4,388.143341
1.14,4,388.154645
1.29,6,388.172205
1.14,4,388.182406
1.14,4,388.194493
1.14,4,388.207068
1.14,4,388.219362
1.14,4,388.230827
1.14,4,388.241745
1.14,4,388.253765
1.22,8,388.276692
1.14,4,388.288469
1.13,5,388.304622
1.14,4,388.315418
1.14,4,388.325217
1.29,7,388.34789
1.14,4,388.358712
1.14,4,388.373544
1.19,5,388.389724
1.14,4,388.403211
1.14,4,388.414553
1.14,4,388.42626
1.14,4,388.437753
-0.51,9,388.46331
1.24,6,388.483445
1.14,4,388.493196
1.14,4,388.503776
1.29,6,388.520881
1.14,4,388.531953
-0.92,5,388.547415
-0.86,5,388.56316
1.14,4,388.574207
1.29,6,388.59142
-0.87,6,388.609343
1.14,4,388.61999
1.18,6,388.636457
-0.76,6,388.650273
1.24,6,388.669114
-0.93,6,388.689869
1.24,6,388.709727
1.19,5,388.724128
1.14,4,388.736789
1.14,4,388.748616
1.29,6,388.767257
1.29,6,388.781874
1.14,4,388.793379
1.19,5,388.807375
1.19,5,388.821862
1.44,8,388.844353
1.14,4,388.856335
1.14,4,388.868606
1.14,4,388.87797
1.19,5,388.892848
1.14,4,388.904711
1.14,4,388.916709
1.14,4,388.926534
-0.67,10,388.960228
1.14,4,388.971898
1.14,4,388.983317
1.24,5,388.995468
1.14,4,389.007499
1.14,4,389.019619
1.34,7,389.039473
1.14,4,389.051711
1.14,4,389.063643
1.14,4,389.074668
-0.66,7,389.092511
-0.76,6,389.108318
1.14,4,389.119676
1.14,4,389.130938
1.14,4,389.142912
1.14,4,389.154304
1.14,4,389.1638
1.14,4,389.173952
1.28,7,389.195563
1.14,4,389.20926
1.24,6,389.229474
1.14,4,389.2418
1.14,4,389.25308
1.14,4,389.265406
1.14,4,389.275646
1.14,4,389.288251
1.14,4,389.299485
1.14,4,389.309235
1.14,4,389.319073
1.14,4,389.329899
1.14,4,389.340457
-0.83,7,389.363557
1.14,4,389.376548
1.14,4,389.389637
1.14,4,389.401351
1.18,6,389.419615
1.14,4,389.430433
1.14,4,389.442817
1.24,6,389.463171
1.14,4,389.473767
1.19,5,389.48945
1.18,6,389.509338
1.24,6,389.526258
1.14,4,389.538418
1.14,4,389.547428
1.24,6,389.565375
1.14,4,389.577257
1.14,4,389.588048
1.29,6,389.604991
1.14,4,389.616383
1.14,4,389.628453
1.14,4,389.641153
1.14,4,389.652843
1.19,5,389.668777
1.19,5,389.682721
1.19,5,389.694197
1.14,4,389.704782
1.14,4,389.715403
1.19,5,389.731149
1.14,4,389.741947
1.19,5,389.756871
1.14,4,389.768898
1.29,6,389.787765
1.14,4,389.797784
1.14,4,389.808193
1.14,4,389.818998
1.14,4,389.828012
1.14,4,389.839826
1.14,4,389.850469
1.14,4,389.858664
1.14,4,389.869615
1.14,4,389.88082
1.34,7,389.897965
1.34,7,389.916973
1.14,4,389.929942
1.14,4,389.942009
1.14,4,389.952451
1.14,4,389.962817
1.14,4,389.974831
1.19,5,389.988543
1.19,5,390.003778
1.14,4,390.01377
1.14,4,390.025608
1.14,4,390.03834
1.24,6,390.054299
-0.92,5,390.069313
1.14,4,390.081218
1.24,6,390.099473
1.14,4,390.10738
1.14,4,390.11781
1.14,4,390.129048
1.14,4,390.141758
1.14,4,390.154733
-0.94,7,390.17705
1.14,4,390.189624
1.14,4,390.20159
1.14,4,390.212869
1.14,4,390.223012
1.14,4,390.234466
1.14,4,390.245317
1.18,6,390.263217
1.14,4,390.272929
1.14,4,390.283613
1.13,5,390.297654
1.14,4,390.307321
1.14,4,390.319197
1.14,4,390.328328
1.14,4,390.337967
1.14,4,390.348655
1.14,4,390.360358
1.14,4,390.372515
1.14,4,390.383209
1.14,4,390.393794
1.14,4,390.404158
-0.82,6,390.422944
1.14,4,390.434837
1.19,5,390.451101
1.14,4,390.463545
1.14,4,390.475623
1.13,5,390.492567
1.14,4,390.505498
1.14,4,390.515552
1.14,4,390.527971
1.14,4,390.540494
1.34,7,390.562316
1.14,4,390.574718
1.14,4,390.586584
1.14,4,390.597991
1.14,4,390.606904
1.14,4,390.617725
1.14,4,390.626784
1.28,7,390.647801
1.14,4,390.658121
1.14,4,390.670877
1.14,4,390.68312
1.14,4,390.693285
-0.61,7,390.712481
1.14,4,390.723172
1.14,4,390.735405
1.14,4,390.74655
1.14,4,390.758542
1.19,5,390.772813
1.14,4,390.784664
1.14,4,390.795885
1.19,5,390.811818
1.34,7,390.834858
-0.76,6,390.855679
-0.92,5,390.873443
1.19,5,390.944278
1.29,6,390.965332
1.14,4,390.975379
1.14,4,390.987629
1.14,4,390.998611
1.14,4,391.010404
-0.81,5,391.02546
1.19,5,391.040821
1.14,4,391.052982
1.14,4,391.06219
1.14,4,391.074327
1.14,4,391.085023
1.14,4,391.096087
-0.93,6,391.111763
1.14,4,391.122872
1.14,4,391.134873
1.14,4,391.143806
1.14,4,391.153817
1.14,4,391.162449
-0.99,6,391.176763
1.14,4,391.187839
1.14,4,391.198466
1.19,5,391.214092
-0.77,7,391.235186
1.14,4,391.247217
1.13,5,391.262744
1.14,4,391.274908
1.14,4,391.286833
1.34,7,391.309232
1.14,4,391.321634
1.14,4,391.333189
1.18,6,391.351881
1.34,7,391.370538
1.14,4,391.38245
1.19,5,391.396272
1.14,4,391.407988
1.19,5,391.423566
1.19,5,391.437247
1.19,5,391.451239
1.14,4,391.460028
1.14,4,391.469858
1.19,5,391.484239
1.14,4,391.495121
1.14,4,391.504904
1.19,5,391.519228
1.14,4,391.531055
1.14,4,391.541042
1.14,4,391.551464
1.39,8,391.576906
-0.76,6,391.597487
1.14,4,391.610629
-0.57,9,391.641765
1.19,5,391.657709
1.14,4,391.669042
1.14,4,391.677958
1.14,4,391.687828
1.14,4,391.698828
-0.93,6,391.711182
1.14,4,391.723523
1.14,4,391.735912
1.14,4,391.747935
1.14,4,391.760301
1.13,5,391.776464
1.14,4,391.789452
1.14,4,391.801311
1.34,7,391.82231
1.14,4,391.833267
1.14,4,391.842489
1.14,4,391.853396
1.14,4,391.865189
1.34,7,391.887501
1.14,4,391.898258
-0.86,5,391.913897
1.14,4,391.923427
1.14,4,391.934403
1.14,4,391.944848
1.34,7,391.961319
-0.77,7,391.985302
1.14,4,391.998122
1.14,4,392.010398
1.18,6,392.02866
1.14,4,392.04061
1.14,4,392.053171
1.14,4,392.062526
1.14,4,392.074227
1.29,7,392.096405
1.14,4,392.105944
1.19,5,392.119627
1.14,4,392.130366
1.14,4,392.141861
1.14,4,392.153498
-0.81,6,392.174441
1.14,4,392.187229
1.14,4,392.200046
1.18,6,392.215968
1.14,4,392.227356
1.14,4,392.237323
1.14,4,392.247865
1.28,7,392.26772
1.14,4,392.279452
1.21,5,392.295141
1.14,4,392.305611
1.14,4,392.317588
1.19,5,392.332284
-0.81,5,392.347648
1.19,5,392.363379
1.14,4,392.373444
1.14,4,392.415348
1.14,4,392.44656
1.24,6,392.474075
1.14,4,392.485465
1.14,4,392.4973
1.14,4,392.509556
1.24,6,392.524161
1.14,4,392.535504
1.14,4,392.548024
1.14,4,392.558521
1.14,4,392.568538
1.14,4,392.579693
1.14,4,392.591668
1.14,4,392.602442
1.14,4,392.613909
1.14,4,392.626376
1.14,4,392.639881
1.14,4,392.653055
1.14,4,392.665447
1.14,4,392.677322
1.14,4,392.687744
1.14,4,392.699457
-0.82,6,392.719141
1.14,4,392.731589
1.14,4,392.743764
1.14,4,392.754622
1.19,5,392.770153
1.19,5,392.78288
1.14,4,392.791895
1.14,4,392.802821
1.34,7,392.82508
1.14,4,392.837929
1.19,5,392.852204
1.14,4,392.863407
1.14,4,392.875258
1.14,4,392.885515
1.28,7,392.905755
1.29,6,392.922671
1.14,4,392.93453
1.19,5,392.947002
1.14,4,392.956852
1.14,4,392.968886
1.14,4,392.980518
-0.87,6,393.000894
1.14,4,393.012262
1.19,5,393.027223
1.14,4,393.039033
1.14,4,393.051104
1.13,5,393.064035
-0.94,7,393.081239
1.14,4,393.090791
1.14,4,393.10459
1.14,4,393.11639
1.14,4,393.127373
1.14,4,393.137355
1.14,4,393.14886
1.14,4,393.160161
1.14,4,393.172563
1.14,4,393.185763
-0.92,5,393.202447
1.29,6,393.221652
1.14,4,393.233827
1.14,4,393.245355
-0.71,7,393.26705
1.14,4,393.278095
1.14,4,393.289577
1.14,4,393.299707
1.14,4,393.310281
1.14,4,393.321654
1.14,4,393.332845
1.14,4,393.344526
1.23,7,393.36401
1.14,4,393.375818
1.13,5,393.389356
1.14,4,393.400577
1.14,4,393.411647
-0.76,6,393.431758
1.29,7,393.453587
1.14,4,393.465724
1.14,4,393.47689
1.14,4,393.488976
1.14,4,393.500182
1.14,4,393.511653
1.19,5,393.523727
1.19,5,393.538254
1.14,4,393.548502
-0.86,5,393.563914
1.14,4,393.575423
1.14,4,393.586418
1.14,4,393.599137
1.19,5,393.611989
1.19,5,393.627108
1.19,5,393.642761
1.14,4,393.655327
1.19,5,393.671955
1.14,4,393.68452
1.14,4,393.696494
-0.72,8,393.722964
1.19,5,393.738614
1.24,6,393.75661
1.34,7,393.778746
1.14,4,393.787611
1.14,4,393.799455
1.14,4,393.810315
1.14,4,393.820036
1.14,4,393.831852
1.24,6,393.847616
-0.82,6,393.918295
1.14,4,393.932664
1.19,5,393.94894
1.14,4,393.958235
1.14,4,393.969814
1.14,4,393.98045
1.24,6,393.999074
1.14,4,394.010709
1.14,4,394.019936
1.14,4,394.03221
1.34,7,394.054097
1.19,5,394.067437
1.14,4,394.077969
1.14,4,394.090229
1.14,4,394.102357
1.14,4,394.114821
1.19,5,394.129927
1.14,4,394.142098
1.14,4,394.155088
1.14,4,394.165944
1.19,5,394.180165
1.14,4,394.189225
1.14,4,394.19943
1.19,5,394.211775
1.14,4,394.2235
1.14,4,394.234838
1.14,4,394.246523
1.19,5,394.258767
1.14,4,394.271447
1.14,4,394.283969
1.14,4,394.295706
1.14,4,394.307478
1.19,5,394.322983
1.14,4,394.335685
1.14,4,394.347869
1.14,4,394.359592
1.14,4,394.371921
1.14,4,394.384878
-0.76,6,394.403162
1.19,5,394.417773
1.14,4,394.42716
1.14,4,394.439204
-0.86,5,394.454592
1.24,6,394.470669
1.14,4,394.482628
1.14,4,394.4948
1.29,6,394.515074
1.14,4,394.526839
1.14,4,394.53677
1.14,4,394.548332
1.14,4,394.557046
1.14,4,394.566355
1.14,4,394.57711
1.14,4,394.588619
1.14,4,394.599987
1.14,4,394.611398
1.14,4,394.620488
1.4,8,394.643124
1.14,4,394.653567
1.14,4,394.666205
1.14,4,394.674995
1.14,4,394.68699
1.14,4,394.698041
1.14,4,394.709613
1.14,4,394.720021
1.24,6,394.738838
1.14,4,394.751609
1.29,6,394.770996
1.14,4,394.782009
1.14,4,394.790771
1.19,5,394.803467
1.18,6,394.822118
1.14,4,394.833943
1.19,5,394.848336
-0.62,9,394.876207
-0.76,6,394.890524
1.14,4,394.902669
1.14,4,394.915072
1.14,4,394.927288
1.14,4,394.939707
1.14,4,394.950556
1.14,4,394.961763
1.14,4,394.972146
1.14,4,394.983802
1.14,4,394.994155
1.14,4,395.006179
-0.76,6,395.023028
1.14,4,395.03465
1.14,4,395.047826
1.19,5,395.064414
1.14,4,395.075455
1.14,4,395.085401
1.29,6,395.10396
1.14,4,395.116488
-0.72,8,395.142206
1.14,4,395.154092
1.19,5,395.168628
1.14,4,395.180837
1.14,4,395.193202
1.28,7,395.213876
1.19,5,395.225112
1.14,4,395.236856
1.14,4,395.248331
1.14,4,395.260439
1.14,4,395.270556
1.14,4,395.282478
-0.81,5,395.2978
1.14,4,395.308751
1.14,4,395.318538
1.14,4,395.330559
1.14,4,395.341577
1.14,4,395.35128
1.14,4,395.36032
1.34,7,395.380445
1.14,4,395.391976
1.14,4,395.40361
1.14,4,395.414351
1.14,4,395.425399
1.14,4,395.437603
1.14,4,395.449755
1.14,4,395.46132
1.19,5,395.477541
1.19,5,395.491731
1.14,4,395.501864
-0.87,5,395.518666
1.19,5,395.534456
1.14,4,395.546554
1.29,6,395.564077
1.14,4,395.575931
1.14,4,395.58513
1.14,4,395.594095
1.19,5,395.609229
1.14,4,395.620872
1.14,4,395.632648
1.14,4,395.641611
1.19,5,395.657238
1.24,6,395.676901
1.14,4,395.689714
1.34,7,395.711387
1.19,5,395.722379
1.14,4,395.734228
1.14,4,395.744842
1.19,5,395.75925
1.14,4,395.770937
1.19,5,395.785494
1.19,5,395.800917
1.29,6,395.817751
1.14,4,395.828105
1.14,4,395.840281
1.34,7,395.862331
1.14,4,395.873688
-0.81,5,395.89045
1.14,4,395.902813
1.14,4,395.914737
1.14,4,395.926785
-0.78,8,395.95028
1.14,4,395.961329
1.19,5,395.975311
1.14,4,395.987164
1.14,4,395.9979
1.14,4,396.008838
1.14,4,396.020162
1.14,4,396.032511
1.14,4,396.042921
1.19,5,396.05467
1.14,4,396.066273
1.14,4,396.076619
1.14,4,396.08912
1.14,4,396.099215
1.14,4,396.11096
-0.76,6,396.129567
1.14,4,396.140054
1.14,4,396.151459
1.14,4,396.162341
1.29,6,396.180648
1.14,4,396.191826
1.14,4,396.203286
-0.72,8,396.230656
-0.86,5,396.247976
1.14,4,396.260487
1.14,4,396.270272
1.14,4,396.281233
1.19,5,396.294995
1.14,4,396.306723
1.14,4,396.319354
-0.71,6,396.337328
1.14,4,396.348673
1.14,4,396.359346
-0.87,6,396.380668
1.14,4,396.392554
1.14,4,396.404168
1.14,4,396.416078
1.14,4,396.428405
-0.83,7,396.446732
1.14,4,396.457539
1.14,4,396.469293
1.14,4,396.482999
1.19,5,396.495923
1.14,4,396.505646
1.19,5,396.519822
1.14,4,396.531436
1.18,6,396.547717
1.14,4,396.559516
1.29,6,396.574531
-0.76,6,396.593728
1.14,4,396.605708
1.14,4,396.618085
1.14,4,396.630221
1.14,4,396.641888
1.19,5,396.654048
1.14,4,396.665209
1.14,4,396.676299
1.14,4,396.686688
1.14,4,396.699444
1.14,4,396.711304
1.29,7,396.732691
1.14,4,396.743918
1.19,5,396.759263
1.19,5,396.771648
1.14,4,396.827449
1.14,4,396.849084
1.14,4,396.862865
1.14,4,396.871984
1.14,4,396.881728
1.14,4,396.892623
-0.81,5,396.907956
1.14,4,396.919784
-0.81,6,396.940714
1.18,6,396.959159
1.14,4,396.96962
1.19,5,396.984696
1.19,5,397.000116
1.14,4,397.010354
1.34,7,397.026738
1.29,7,397.047944
1.19,5,397.063323
1.14,4,397.07269
1.14,4,397.08481
1.18,6,397.100935
1.19,5,397.113853
1.33,8,397.134435
1.14,4,397.146128
1.14,4,397.158257
1.14,4,397.167242
1.14,4,397.177152
1.14,4,397.187895
1.14,4,397.197819
1.14,4,397.209192
1.18,6,397.22237
-0.76,6,397.243468
1.14,4,397.25294
1.14,4,397.264055
1.14,4,397.275276
1.14,4,397.287196
1.34,7,397.30538
1.28,7,397.326824
1.14,4,397.337037
-0.7,7,397.361683
1.14,4,397.373767
1.19,5,397.389399
1.19,5,397.404394
1.34,7,397.423779
1.14,4,397.432732
1.19,5,397.447838
1.14,4,397.45991
1.14,4,397.47249
1.34,7,397.492159
1.14,4,397.502633
1.14,4,397.513427
1.18,6,397.531897
1.14,4,397.542542
1.14,4,397.554259
1.14,4,397.565588
1.14,4,397.577498
1.14,4,397.587128
1.14,4,397.598004
1.14,4,397.609788
1.14,4,397.622268
1.14,4,397.635299
1.14,4,397.647092
1.14,4,397.656856
1.34,7,397.673313
1.14,4,397.684688
1.14,4,397.695516
-0.87,6,397.71507
1.14,4,397.725968
1.14,4,397.737017
1.19,5,397.749858
1.14,4,397.759109
1.24,6,397.77262
1.54,10,397.801042
-0.76,6,397.822258
1.14,4,397.833308
1.14,4,397.844687
1.14,4,397.856173
1.19,5,397.8709
1.14,4,397.883506
1.14,4,397.895271
1.14,4,397.907057
1.14,4,397.918747
1.34,7,397.938491
1.14,4,397.949287
1.34,7,397.967349
1.14,4,397.97853
1.14,4,397.990606
1.14,4,398.002977
1.28,7,398.024578
1.14,4,398.035873
1.14,4,398.047876
1.14,4,398.056982
1.14,4,398.068961
1.19,5,398.084918
1.14,4,398.098481
1.14,4,398.11162
1.14,4,398.123308
1.14,4,398.135592
1.14,4,398.146318
1.14,4,398.158062
1.14,4,398.170542
1.14,4,398.181528
1.14,4,398.194247
1.29,6,398.213369
1.14,4,398.225416
1.14,4,398.237435
1.34,7,398.259828
1.14,4,398.268919
1.14,4,398.279591
1.14,4,398.288438
1.14,4,398.300942
1.14,4,398.313812
1.19,5,398.793638
-0.81,6,398.810121
1.14,4,398.821908
1.34,7,398.840134
1.14,4,398.852813
1.19,5,398.868596
1.19,5,398.884268
1.16,5,398.901119
1.14,4,398.912803
1.14,4,398.924635
1.29,6,398.939793
1.14,4,398.950745
1.14,4,398.962566
1.14,4,398.973786
1.14,4,398.98612
1.14,4,398.996791
1.14,4,399.009342
-0.82,6,399.02833
1.14,4,399.040001
1.14,4,399.053204
1.14,4,399.066278
1.14,4,399.079607
1.14,4,399.092103
1.14,4,399.104216
-0.86,4,399.117894
1.14,4,399.130444
1.14,4,399.143148
1.14,4,399.152401
1.14,4,399.16426
1.19,5,399.178278
1.14,4,399.189429
1.26,7,399.212316
1.14,4,399.22505
1.14,4,399.234723
1.29,6,399.252937
-0.83,8,399.275531
1.14,4,399.284254
1.14,4,399.295647
1.14,4,399.30775
1.14,4,399.319466
1.18,6,399.339214
1.14,4,399.349086
1.14,4,399.361729
-0.81,5,399.377953
-0.87,6,399.397509
1.44,8,399.423474
1.14,4,399.433736
1.14,4,399.445773
1.14,4,399.457345
-0.92,5,399.473487
1.14,4,399.485358
1.29,6,399.503096
1.14,4,399.513674
1.14,4,399.524717
-0.76,6,399.543525
1.14,4,399.554666
1.14,4,399.564435
1.13,5,399.577727
1.19,5,399.592479
1.14,4,399.603803
1.14,4,399.616303
1.14,4,399.629078
1.13,5,399.645679
1.14,4,399.655559
1.14,4,399.668711
1.14,4,399.680897
1.14,4,399.69304
1.14,4,399.705061
1.24,6,399.72583
1.14,4,399.735753
1.14,4,399.745522
1.14,4,399.756906
1.14,4,399.768202
1.14,4,399.77994
1.34,7,399.799575
1.14,4,399.812621
1.14,4,399.824946
1.14,4,399.837182
1.14,4,399.847662
1.34,7,399.867983
1.14,4,399.879458
1.14,4,399.891407
1.14,4,399.900173
1.13,5,399.915148
1.18,6,399.93477
-0.76,6,399.95628
1.14,4,399.96899
1.14,4,399.979921
1.14,4,399.99278
1.14,4,400.004824
1.14,4,400.017907
1.34,7,400.041711
1.14,4,400.050877
1.18,6,400.067519
1.14,4,400.079277
1.14,4,400.091853
1.14,4,400.140953
1.14,4,400.163488
1.14,4,400.17651
1.14,4,400.188979
1.14,4,400.201496
1.14,4,400.211944
1.14,4,400.222472
1.14,4,400.232147
1.14,4,400.242654
1.14,4,400.254221
1.14,4,400.266214
1.14,4,400.278223
-0.77,8,400.302958
1.29,6,400.320416
1.19,5,400.335474
1.23,7,400.352851
1.14,4,400.36555
1.19,5,400.37935
-0.83,7,400.399024
1.14,4,400.411293
1.14,4,400.423011
1.29,6,400.437284
1.14,4,400.450202
1.14,4,400.461498
1.19,5,400.476463
1.23,7,400.499141
-0.82,6,400.519166
1.14,4,400.531437
1.14,4,400.542815
1.19,5,400.558491
-0.73,8,400.576626
1.14,4,400.58768
1.14,4,400.59946
1.34,7,400.620356
1.19,5,400.635949
1.14,4,400.647341
1.14,4,400.659483
1.14,4,400.671695
1.14,4,400.682002
1.14,4,400.695008
1.14,4,400.707744
1.14,4,400.719344
1.14,4,400.729499
-0.76,6,400.749499
1.14,4,400.761712
-0.76,6,400.780068
1.14,4,400.791386
1.14,4,400.801964
1.14,4,400.814199
1.14,4,400.82541
1.19,5,400.840894
1.14,4,400.85263
1.14,4,400.862921
1.14,4,400.872735
1.34,7,400.894223
1.18,6,400.911894
1.14,4,400.921804
1.14,4,400.930848
1.19,5,400.94618
-0.82,6,400.963424
1.14,4,400.974304
1.14,4,400.985124
1.14,4,400.997857
1.14,4,401.010354
1.14,4,401.022393
1.19,5,401.033642
1.14,4,401.045426
1.14,4,401.057494
-0.68,9,401.084469
1.14,4,401.096878
1.14,4,401.109402
1.14,4,401.118994
1.14,4,401.131185
1.39,7,401.148989
1.14,4,401.159337
1.14,4,401.168068
1.13,5,401.180775
1.19,5,401.195275
1.41,8,401.215101
1.14,4,401.227947
1.19,5,401.243014
1.14,4,401.254423
1.14,4,401.264362
-0.91,4,401.276821
1.19,5,401.29166
-0.77,7,401.315824
1.14,4,401.328684
1.14,4,401.340178
1.14,4,401.35182
1.14,4,401.362435
1.14,4,401.374392
1.14,4,401.386061
1.14,4,401.397859
1.14,4,401.408675
1.14,4,401.419986
1.19,5,401.435353
1.14,4,401.445381
1.19,5,401.458731
1.14,4,401.470233
1.23,7,401.494198
1.14,4,401.504828
1.19,5,401.517187
1.14,4,401.529577
1.14,4,401.540256
1.14,4,401.550505
1.14,4,401.56295
1.14,4,401.573678
1.14,4,401.584643
1.14,4,401.595342
1.14,4,401.607118
1.29,6,401.622942
1.14,4,401.634172
-0.86,4,401.64556
1.14,4,401.657168
1.14,4,401.667911
1.14,4,401.679763
1.14,4,401.690517
1.14,4,401.70157
1.14,4,401.712349
-0.82,6,401.732127
-0.66,7,401.751765
1.14,4,401.764427
1.14,4,401.776695
1.14,4,401.788058
1.14,4,401.797419
1.14,4,401.807396
1.34,7,401.827277
1.14,4,401.839633
1.14,4,401.851867
1.14,4,401.862278
1.14,4,401.873306
1.14,4,401.882221
1.34,7,401.903331
1.14,4,401.912698
1.14,4,401.923814
1.14,4,401.935629
1.14,4,401.948424
-0.76,6,401.970015
1.14,4,401.979992
1.14,4,401.991356
1.19,5,402.006418
1.14,4,402.017345
1.14,4,402.029934
1.14,4,402.041515
1.14,4,402.05408
1.14,4,402.066784
-0.56,8,402.093459
1.19,5,402.105457
1.14,4,402.117202
1.14,4,402.128641
1.29,6,402.1453
1.19,5,402.159001
1.14,4,402.170261
1.14,4,402.179691
1.14,4,402.190017
1.14,4,402.200883
1.14,4,402.213076
1.44,8,402.238494
-0.67,8,402.259412
1.14,4,402.271886
1.19,5,402.287314
1.19,5,402.301757
1.14,4,402.311453
1.14,4,402.323525
1.14,4,402.335016
1.34,7,402.356679
1.14,4,402.36816
1.14,4,402.378193
1.14,4,402.389314
1.14,4,402.401077
-0.81,5,402.416879
-0.82,7,402.441011
1.14,4,402.451873
1.14,4,402.461397
1.14,4,402.473347
1.14,4,402.484774
1.14,4,402.495076
-0.75,7,402.517411
1.14,4,402.528248
1.19,5,402.542574
1.14,4,402.553376
1.14,4,402.565488
1.14,4,402.57545
1.19,5,402.589959
1.19,5,402.604421
1.18,6,402.623235
1.14,4,402.632482
1.19,5,402.646219
1.24,6,402.666165
1.19,5,402.682911
1.14,4,402.694727
1.14,4,402.705339
1.24,6,402.724014
1.14,4,402.735791
1.14,4,402.747486
1.14,4,402.758733
1.14,4,402.770595
1.19,5,402.787348
1.14,4,402.800138
1.14,4,402.812709
1.14,4,402.825907
1.14,4,402.838654
1.14,4,402.849955
1.14,4,402.860443
1.14,4,402.872648
1.19,5,402.887373
1.14,4,402.896807
1.13,5,402.91207
1.14,4,402.923622
1.18,6,402.940645
1.14,4,402.950971
-0.81,6,402.97078
-0.86,4,402.983754
1.14,4,402.994017
1.14,4,403.00532
1.14,4,403.019763
1.14,4,403.086747
1.14,4,403.098493
1.19,5,403.113072
1.14,4,403.125125
1.14,4,403.136523
1.19,5,403.149414
1.19,5,403.162065
1.14,4,403.172963
1.14,4,403.184084
1.14,4,403.196212
1.29,6,403.213182
1.14,4,403.225241
1.14,4,403.236792
1.14,4,403.247752
1.19,5,403.262334
-0.61,8,403.288176
1.14,4,403.297528
1.14,4,403.309419
1.14,4,403.32011
1.14,4,403.329939
-0.76,6,403.344728
1.14,4,403.355981
1.19,5,403.3701
1.34,7,403.389774
1.14,4,403.401937
1.14,4,403.411776
1.28,7,403.43273
1.14,4,403.444067
1.14,4,403.45613
-0.82,6,403.475159
1.29,6,403.493047
1.14,4,403.504633
1.14,4,403.515392
-0.76,6,403.531625
1.14,4,403.541483
1.14,4,403.553015
1.24,6,403.572877
1.19,5,403.588981
1.14,4,403.600713
1.18,6,403.619741
1.14,4,403.629062
1.19,5,403.642694
1.19,5,403.656486
1.14,4,403.665669
1.14,4,403.676937
1.14,4,403.689193
1.14,4,403.699647
-0.66,7,403.719622
1.14,4,403.73222
1.13,5,403.748046
1.14,4,403.759019
1.14,4,403.770529
1.34,7,403.789137
-0.81,5,403.804562
1.14,4,403.815856
1.14,4,403.825713
1.14,4,403.837346
1.14,4,403.847592
1.14,4,403.859732
-0.81,6,403.879545
1.19,5,403.895613
1.14,4,403.907085
1.14,4,403.91662
1.14,4,403.92625
1.36,7,403.945264
1.14,4,403.956847
1.14,4,403.966491
1.14,4,403.978239
1.19,5,403.993697
1.14,4,404.005633
1.14,4,404.016506
1.14,4,404.026373
1.19,5,404.041038
-0.75,7,404.063825
1.14,4,404.074658
1.14,4,404.083889
1.14,4,404.096395
1.14,4,404.107082
-0.79,5,404.123432
1.14,4,404.13497
1.14,4,404.143798
1.14,4,404.155728
1.14,4,404.167602
1.14,4,404.17994
1.14,4,404.192227
1.19,5,404.207789
1.14,4,404.218892
1.13,5,404.230907
-0.77,7,404.253161
1.14,4,404.264779
1.14,4,404.276815
1.14,4,404.289072
1.38,8,404.315023
-0.78,8,404.342863
1.14,4,404.355305
1.14,4,404.366841
1.29,6,404.384767
1.14,4,404.396595
1.14,4,404.408136
1.14,4,404.419742
1.14,4,404.432527
1.19,5,404.447753
1.19,5,404.462148
1.19,5,404.475406
1.14,4,404.486293
-0.81,5,404.501331
1.14,4,404.513798
1.14,4,404.526817
-0.57,9,404.558457
1.14,4,404.56863
1.34,7,404.591036
1.14,4,404.602442
1.14,4,404.614371
1.14,4,404.626657
1.14,4,404.639407
1.18,6,404.657641
1.33,8,404.682666
-0.73,8,404.709935
1.14,4,404.722167
1.14,4,404.734105
1.29,6,404.752903
1.29,6,404.771412
1.14,4,404.782445
1.14,4,404.794645
1.14,4,404.805759
1.14,4,404.816861
1.14,4,404.82852
1.19,5,404.844618
1.34,7,404.866533
1.14,4,404.879119
1.14,4,404.892444
1.19,5,404.905251
1.14,4,404.916647
1.14,4,404.926327
-0.84,8,404.945732
1.14,4,404.956771
1.14,4,404.965859
1.14,4,404.97761
1.29,6,404.996436
1.33,8,405.024034
1.14,4,405.036186
1.14,4,405.04538
1.14,4,405.056836
1.14,4,405.067727
1.29,6,405.086335
1.14,4,405.09763
1.14,4,405.109558
1.14,4,405.119256
1.14,4,405.130935
1.14,4,405.143711
-0.86,5,405.160699
1.14,4,405.172624
-0.92,5,405.187114
1.14,4,405.197332
1.29,6,405.214261
1.19,5,405.229808
1.14,4,405.240592
1.14,4,405.252247
1.14,4,405.26422
1.14,4,405.276234
1.14,4,405.288886
1.33,8,405.314411
1.14,4,405.327197
1.14,4,405.338366
1.24,6,405.357681
1.19,5,405.371243
1.14,4,405.382089
1.14,4,405.393957
1.14,4,405.405379
-0.68,9,405.426181
1.14,4,405.438346
1.19,5,405.452049
1.14,4,405.464128
1.14,4,405.476024
1.14,4,405.487924
1.14,4,405.499532
1.14,4,405.511432
-0.66,7,405.535053
1.34,7,405.553197
1.14,4,405.564118
1.14,4,405.57414
1.14,4,405.585487
1.14,4,405.595233
1.14,4,405.606835
1.14,4,405.618263
1.14,4,405.630633
1.14,4,405.643535
1.18,6,405.659188
1.18,6,405.676012
1.14,4,405.686799
1.14,4,405.696103
1.14,4,405.707957
1.19,5,405.722879
1.14,4,405.734408
1.14,4,405.743783
-0.66,7,405.767204
1.19,5,405.782694
1.14,4,405.79263
1.14,4,405.803526
1.34,7,405.824806
1.19,5,405.839007
1.14,4,405.848122
1.14,4,405.860824
1.14,4,405.873139
1.14,4,405.884459
1.14,4,405.893386
1.14,4,405.904482
1.14,4,405.915849
1.29,7,405.940201
1.19,5,405.955556
1.14,4,405.966736
1.14,4,405.978606
1.14,4,405.990615
-0.87,6,406.017687
1.14,4,406.06058
1.14,4,406.073419
1.14,4,406.084971
1.14,4,406.094895
1.24,6,406.113543
1.14,4,406.124637
1.14,4,406.136731
1.14,4,406.148087
-0.81,5,406.164084
1.14,4,406.177026
1.14,4,406.189427
1.14,4,406.201181
1.14,4,406.214094
-0.87,5,406.228941
1.39,8,406.254483
1.14,4,406.263623
1.19,5,406.276227
1.14,4,406.287846
1.14,4,406.296543
1.14,4,406.305944
1.19,5,406.320042
1.14,4,406.331004
1.14,4,406.341243
1.44,8,406.366838
-0.92,5,406.383024
1.14,4,406.395147
1.19,5,406.41093
1.14,4,406.423553
1.14,4,406.435193
1.14,4,406.447003
1.14,4,406.456969
1.14,4,406.467915
1.13,5,406.482477
1.14,4,406.492039
1.29,6,406.509661
1.34,8,406.530899
1.14,4,406.542672
1.14,4,406.554265
1.14,4,406.565525
1.14,4,406.577084
1.14,4,406.588269
1.19,5,406.603821
1.14,4,406.61553
-0.66,7,406.638697
1.14,4,406.647697
1.14,4,406.659212
1.14,4,406.670782
1.14,4,406.681867
1.24,6,406.695643
1.19,5,406.7104
1.14,4,406.723205
1.14,4,406.73591
1.14,4,406.747496
1.14,4,406.759978
1.14,4,406.771634
1.14,4,406.782759
1.14,4,406.794436
-0.71,6,406.813676
1.19,5,406.828725
1.44,9,406.857311
1.14,4,406.870089
1.14,4,406.879135
-0.92,5,406.894949
1.14,4,406.90755
-0.81,5,406.924186
1.14,4,406.936916
-0.66,7,406.958115
1.14,4,406.972415
1.34,7,406.994227
1.14,4,407.006207
-0.76,6,407.024626
1.14,4,407.036075
1.14,4,407.045059
1.14,4,407.05477
1.19,5,407.069327
1.14,4,407.081165
1.14,4,407.092944
1.14,4,407.103302
1.18,6,407.186944
1.19,5,407.20401
1.14,4,407.216187
1.14,4,407.225164
1.14,4,407.235634
1.33,8,407.259164
-0.72,8,407.28357
-0.93,6,407.298873
1.14,4,407.308928
1.14,4,407.320675
1.14,4,407.331181
1.14,4,407.342614
1.14,4,407.353873
1.14,4,407.364322
1.14,4,407.374269
1.14,4,407.385852
1.14,4,407.395036
1.14,4,407.406513
1.14,4,407.419001
1.19,5,407.435445
1.14,4,407.447386
1.19,5,407.460136
1.14,4,407.472047
1.18,6,407.491452
-0.87,5,407.503951
1.14,4,407.514835
1.14,4,407.523901
-0.77,7,407.542113
1.14,4,407.555228
1.14,4,407.565113
1.14,4,407.577753
1.14,4,407.588959
1.14,4,407.599939
1.14,4,407.611164
1.14,4,407.623818
1.14,4,407.63513
1.19,5,407.649992
1.14,4,407.661498
1.29,6,407.680432
1.34,7,407.702156
-0.75,7,407.723653
1.14,4,407.736382
1.19,5,407.752058
1.19,5,407.767627
1.14,4,407.779829
1.34,7,407.799666
-0.91,4,407.809262
1.14,4,407.82136
1.14,4,407.832766
1.14,4,407.84422
1.19,5,407.857096
1.14,4,407.868111
1.14,4,407.877295
1.14,4,407.888882
1.24,6,407.90469
1.14,4,407.916682
-0.81,5,407.933085
1.14,4,407.943173
1.14,4,407.953743
1.28,7,407.974798
1.19,5,407.987615
1.14,4,407.998354
1.14,4,408.009639
-0.76,6,408.028833
1.19,5,408.04448
1.14,4,408.057528
1.19,5,408.072956
1.14,4,408.085598
1.14,4,408.097818
1.14,4,408.110369
-0.76,6,408.126864
1.14,4,408.139427
1.13,5,408.15402
1.14,4,408.166199
1.19,5,408.179644
1.14,4,408.189298
1.14,4,408.199841
1.14,4,408.208614
1.13,5,408.22114
1.28,7,408.243392
1.19,5,408.259137
1.27,8,408.280588
1.14,4,408.292675
1.19,5,408.308623
1.14,4,408.320081
-0.91,4,408.332817
1.14,4,408.34434
1.14,4,408.355372
1.14,4,408.367282
-0.73,8,408.390441
1.19,5,408.405846
1.29,6,408.424651
1.29,6,408.440457
1.19,5,408.454658
1.14,4,408.467303
1.14,4,408.476588
-0.93,6,408.49705
1.19,5,408.512956
1.14,4,408.525417
1.19,5,408.541104
1.19,5,408.555339
1.33,8,408.578604
1.14,4,408.591142
1.29,6,408.607989
1.14,4,408.619937
1.14,4,408.632794
-0.96,6,408.65157
1.19,5,408.667356
1.14,4,408.679373
1.14,4,408.691713
-0.81,5,408.708109
1.14,4,408.719867
1.14,4,408.731508
1.44,8,408.756692
-0.71,7,408.776675
1.14,4,408.788371
-0.68,9,408.816133
1.14,4,408.824563
-0.76,6,408.840386
1.19,5,408.852546
-0.76,6,408.870143
-0.64,8,408.89303
1.14,4,408.904921
1.14,4,408.915616
1.14,4,408.928054
1.14,4,408.985664
1.14,4,409.005339
1.36,7,409.026903
1.14,4,409.037307
1.14,4,409.048843
1.14,4,409.059808
1.14,4,409.069773
1.14,4,409.081056
1.14,4,409.093448
-0.91,4,409.105365
1.14,4,409.114887
1.14,4,409.124572
1.14,4,409.135706
1.14,4,409.147341
1.19,5,409.163555
-0.71,7,409.188918
1.14,4,409.200996
1.14,4,409.212769
-0.66,8,409.235183
1.14,4,409.244285
1.14,4,409.257014
1.19,5,409.270849
1.14,4,409.28172
1.14,4,409.291184
1.14,4,409.302934
1.14,4,409.31429
1.14,4,409.324607
-0.76,6,409.343207
1.14,4,409.354511
1.14,4,409.366914
1.19,5,409.381518
1.14,4,409.393616
1.14,4,409.405364
1.14,4,409.417179
1.14,4,409.428048
1.34,9,409.451154
1.14,4,409.459872
1.14,4,409.470289
1.14,4,409.48116
1.19,5,409.49227
1.14,4,409.504135
1.13,5,409.519149
1.14,4,409.530333
1.14,4,409.543375
1.14,4,409.557142
1.19,5,409.57024
1.19,5,409.585363
1.14,4,409.596594
1.14,4,409.608261
1.14,4,409.620823
1.14,4,409.632799
1.19,5,409.646155
-0.92,5,409.661574
1.19,5,409.67726
1.14,4,409.687827
-0.99,6,409.708559
-0.87,6,409.729087
1.14,4,409.74046
1.14,4,409.75306
1.14,4,409.764373
1.14,4,409.77562
1.14,4,409.787432
1.29,6,409.805385
1.14,4,409.816701
1.24,6,409.834718
1.14,4,409.845836
1.14,4,409.857648
1.18,6,409.873307
1.14,4,409.885198
1.14,4,409.896561
1.19,5,409.912169
1.29,6,409.928612
1.14,4,409.941764
1.14,4,409.954841
-0.76,6,409.971962
1.19,5,409.986774
-0.72,8,410.012548
1.14,4,410.023946
1.14,4,410.035769
1.19,5,410.050107
1.14,4,410.060971
1.14,4,410.073311
-0.82,6,410.089972
1.14,4,410.101972
1.14,4,410.114146
1.14,4,410.122999
1.14,4,410.134001
1.14,4,410.14512
1.14,4,410.155138
1.14,4,410.166081
-0.88,7,410.188849
1.14,4,410.199604
1.14,4,410.211035
1.19,5,410.226675
1.19,5,410.239173
-0.76,6,410.257107
1.14,4,410.26946
1.14,4,410.281463
1.14,4,410.293234
1.14,4,410.3058
1.14,4,410.318054
1.14,4,410.32832
-0.76,6,410.348498
-0.92,5,410.364193
1.19,5,410.378881
1.34,7,410.397157
1.14,4,410.406858
1.14,4,410.418365
-0.84,8,410.438767
1.44,8,410.461342
1.14,4,410.47295
1.14,4,410.485567
1.19,5,410.501417
1.14,4,410.510384
1.14,4,410.522205
1.14,4,410.533723
1.14,4,410.544959
1.24,6,410.56415
1.13,5,410.57629
1.14,4,410.58779
1.14,4,410.599535
1.14,4,410.608591
-0.83,8,410.630466
1.19,5,410.643059
1.14,4,410.655445
1.14,4,410.666542
1.14,4,410.677261
1.19,5,410.692726
-0.61,8,410.719697
-0.82,6,410.738906
1.18,6,410.757595
1.14,4,410.76975
1.14,4,410.782318
1.14,4,410.79408
1.14,4,410.805614
1.19,5,410.818279
1.14,4,410.828138
1.14,4,410.839876
1.14,4,410.852803
1.14,4,410.864704
1.14,4,410.876426
1.14,4,410.886315
1.19,5,410.899192
1.14,4,410.910323
1.14,4,410.921915
1.19,5,410.936877
1.14,4,410.949245
1.24,5,411.436121
1.14,4,411.44616
1.14,4,411.454932
1.14,4,411.466737
1.28,7,411.488655
1.14,4,411.4991
1.14,4,411.510668
1.14,4,411.520536
1.14,4,411.531681
-0.76,6,411.550681
-0.77,7,411.570092
-0.98,5,411.584898
1.14,4,411.593672
1.14,4,411.604259
1.14,4,411.615769
1.14,4,411.627495
1.14,4,411.637513
1.14,4,411.649041
-0.57,9,411.674249
1.14,4,411.684
1.14,4,411.693241
1.14,4,411.70309
1.14,4,411.715261
1.19,5,411.727335
1.14,4,411.73932
1.28,7,411.758818
1.14,4,411.77079
1.14,4,411.782211
1.19,5,411.796921
1.14,4,411.808107
-0.77,7,411.831596
1.14,4,411.84095
1.14,4,411.8554
1.14,4,411.868176
1.14,4,411.880491
1.14,4,411.891744
1.14,4,411.903634
1.14,4,411.915137
1.19,5,411.927318
1.14,4,411.937665
1.19,5,411.953135
1.19,5,411.968235
1.14,4,411.980655
1.14,4,411.991754
1.14,4,412.001806
1.14,4,412.014208
1.19,5,412.028115
1.19,5,412.040407
1.29,6,412.055388
1.14,4,412.067542
1.14,4,412.079129
1.14,4,412.090822
1.19,5,412.107094
1.14,4,412.119743
1.14,4,412.132099
1.29,7,412.154179
1.14,4,412.164948
1.14,4,412.175875
1.14,4,412.187633
1.14,4,412.19851
1.14,4,412.209034
1.14,4,412.218822
1.18,6,412.237443
1.14,4,412.249873
1.28,7,412.273077
1.29,6,412.334354
1.19,5,412.359082
1.14,4,412.369741
1.14,4,412.380956
1.29,6,412.396119
1.14,4,412.405076
1.14,4,412.415813
-0.84,8,412.442574
1.14,4,412.452862
1.14,4,412.465251
1.19,5,412.480817
1.14,4,412.489936
1.14,4,412.500597
1.14,4,412.508787
1.14,4,412.518232
1.14,4,412.52944
1.19,5,412.544214
-0.91,4,412.557717
1.14,4,412.570896
1.14,4,412.582941
1.19,5,412.595773
1.14,4,412.607147
1.14,4,412.61965
1.14,4,412.631618
1.14,4,412.643216
1.14,4,412.652683
1.19,5,412.667472
1.14,4,412.680043
1.14,4,412.689672
1.19,5,412.704359
1.34,7,412.727373
1.14,4,412.737269
1.19,5,412.752883
1.34,7,412.773227
-0.81,6,412.792823
1.14,4,412.802919
1.14,4,412.815267
1.14,4,412.826417
1.14,4,412.837926
1.14,4,412.850402
1.14,4,412.859914
1.29,6,412.875043
1.14,4,412.8851
1.14,4,412.897463
1.14,4,412.908936
1.43,9,412.932084
1.14,4,412.941234
1.14,4,412.953475
1.14,4,412.964612
1.14,4,412.975705
1.14,4,412.985359
1.14,4,412.99719
-0.71,12,413.027219
1.19,5,413.039338
-0.62,9,413.068471
-0.76,6,413.089878
1.14,4,413.1028
-0.71,7,413.122285
1.14,4,413.133158
1.19,5,413.147758
1.14,4,413.157151
1.14,4,413.168974
1.14,4,413.18034
1.14,4,413.191601
1.14,4,413.201607
1.14,4,413.213761
1.19,5,413.229332
1.14,4,413.240542
1.14,4,413.250268
1.24,6,413.268419
-0.71,6,413.285859
1.14,4,413.297735
-0.66,7,413.320408
1.34,7,413.336546
1.12,6,413.354339
1.14,4,413.365068
1.31,6,413.381838
1.14,4,413.394341
1.19,5,413.410454
1.18,6,413.430588
1.14,4,413.442676
1.19,5,413.458322
1.14,4,413.469779
1.14,4,413.481013
1.14,4,413.490438
1.14,4,413.502769
-0.87,6,413.522651
1.24,6,413.542483
1.14,4,413.554927
1.14,4,413.5669
1.14,4,413.580258
1.2,6,413.597833
1.29,6,413.615822
1.14,4,413.624736
1.14,4,413.634066
1.14,4,413.646119
1.14,4,413.657855
-0.81,5,413.674022
1.14,4,413.686209
1.14,4,413.697711
1.14,4,413.708592
1.14,4,413.718131
1.14,4,413.729628
1.14,4,413.741138
1.14,4,413.753543
1.14,4,413.764987
1.14,4,413.774158
1.34,7,413.794039
1.14,4,413.803944
1.14,4,413.815487
1.14,4,413.825368
1.14,4,413.837486
1.19,5,413.853256
1.29,7,413.872395
1.14,4,413.884053
1.14,4,413.896286
1.14,4,413.908219
1.34,7,413.93062
1.19,5,413.94378
1.14,4,413.954173
1.19,5,413.969374
1.14,4,413.982559
1.14,4,413.994128
1.14,4,414.003828
1.14,4,414.015271
1.19,5,414.029275
1.14,4,414.038256
1.14,4,414.048755
1.14,4,414.06028
1.14,4,414.072697
1.14,4,414.082306
1.14,4,414.092249
1.14,4,414.1037
1.14,4,414.113605
1.14,4,414.121829
1.14,4,414.13297
1.19,5,414.148316
1.14,4,414.159823
1.14,4,414.1694
1.19,5,414.182393
1.19,5,414.197231
1.34,7,414.217478
1.14,4,414.229145
1.14,4,414.240034
1.14,4,414.253271
1.14,4,414.265425
1.14,4,414.276474
-0.76,6,414.297607
1.14,4,414.309534
1.14,4,414.32192
1.33,8,414.347553
1.14,4,414.35903
1.24,6,414.377532
1.19,5,414.392184
1.14,4,414.40168
1.14,4,414.412717
1.14,4,414.422903
1.14,4,414.433127
1.14,4,414.441307
1.14,4,414.453924
1.28,7,414.475777
1.19,5,414.491549
1.14,4,414.503841
1.14,4,414.516417
1.29,6,414.535278
1.19,5,414.549078
1.14,4,414.560644
1.14,4,414.57037
1.14,4,414.581803
1.14,4,414.593496
1.14,4,414.605906
1.14,4,414.617483
-0.81,6,414.63531
1.19,5,414.648832
1.14,4,414.661348
1.14,4,414.67323
1.19,5,414.686662
1.55,10,414.71384
1.14,4,414.723239
1.14,4,414.735966
1.14,4,414.749329
-0.77,7,414.772615
-0.82,6,414.793153
1.14,4,414.805705
1.14,4,414.81904
1.14,4,414.832245
1.14,4,414.844562
1.3,8,414.870246
1.14,4,414.882794
1.14,4,414.894876
1.14,4,414.906545
1.34,7,414.928119
1.14,4,414.939447
1.14,4,414.954028
1.14,4,414.966876
1.14,4,414.97969
1.14,4,414.993447
1.14,4,415.012602
1.14,4,415.025843
1.14,4,415.038536
1.14,4,415.051162
-0.83,7,415.071936
1.14,4,415.086233
1.19,5,415.102142
1.14,4,415.116122
1.14,4,415.129143
1.14,4,415.143763
1.14,4,415.156391
1.14,4,415.169406
1.14,4,415.181874
1.19,5,415.197913
1.14,4,415.210576
1.14,4,415.221593
1.14,4,415.232339
1.14,4,415.246408
1.14,4,415.26014
1.14,4,415.272645
-0.76,6,415.296346
-0.81,5,415.313858
1.14,4,415.32731
1.14,4,415.345329
1.14,4,415.417213
1.19,5,415.442012
1.34,7,415.466434
1.19,5,415.482455
1.14,4,415.495992
1.14,4,415.50941
1.14,4,415.526357
1.14,4,415.537305
1.14,4,415.553315
-0.82,6,415.571457
1.14,4,415.586173
-0.67,8,415.612472
-0.83,7,415.638049
1.14,4,415.654317
-0.84,8,415.68136
-0.71,7,415.70443
1.14,4,415.715961
1.14,4,415.728242
1.14,4,415.737932
1.14,4,415.752307
1.14,4,415.766535
1.14,4,415.778854
-0.76,6,415.798428
1.19,5,415.812326
1.19,5,415.827528
-0.82,6,415.846287
-0.77,7,415.871951
1.14,4,415.885037
1.14,4,415.897941
1.14,4,415.911051
1.14,4,415.922306
1.14,4,415.934737
1.14,4,415.948782
1.14,4,415.960471
1.14,4,415.972135
1.19,5,415.984981
1.14,4,415.995719
1.19,5,416.011128
1.19,5,416.027647
1.14,4,416.043251
1.34,7,416.071926
1.14,4,416.08678
1.19,5,416.111048
1.14,4,416.129021
1.14,4,416.147129
1.29,6,416.207658
-0.83,8,416.267216
1.14,4,416.280288
1.14,4,416.289966
1.14,4,416.302324
1.18,6,416.318971
1.14,4,416.330615
-0.86,5,416.345885
1.14,4,416.355716
-0.76,6,416.377788
1.14,4,416.389309
1.19,5,416.401682
1.18,6,416.420878
1.14,4,416.433753
1.14,4,416.44686
1.13,5,416.464023
1.14,4,416.476066
1.14,4,416.486707
1.14,4,416.499135
1.14,4,416.513371
1.14,4,416.524681
1.14,4,416.539412
1.14,4,416.550943
1.29,6,416.572264
1.14,4,416.58631
1.14,4,416.597127
1.14,4,416.609577
1.14,4,416.621766
1.19,5,416.635893
1.14,4,416.648454
1.14,4,416.657178
1.14,4,416.66853
-0.78,8,416.691654
1.14,4,416.702749
-0.72,7,416.725381
1.14,4,416.734673
1.14,4,416.745336
1.14,4,416.756381
1.34,7,416.778164
1.29,6,416.797612
1.14,4,416.809052
1.14,4,416.82053
1.19,5,416.833219
1.14,4,416.844827
1.14,4,416.854023
1.14,4,416.865985
1.14,4,416.878326
-0.76,6,416.898749
1.14,4,416.911855
1.14,4,416.924871
1.14,4,416.936671
1.18,6,416.952044
1.14,4,416.966713
1.14,4,416.980544
-0.94,7,417.001751
1.14,4,417.014303
1.14,4,417.027144
1.19,5,417.041631
1.14,4,417.053304
1.14,4,417.066178
1.14,4,417.077609
1.14,4,417.089163
1.14,4,417.100583
1.14,4,417.112425
1.19,5,417.128108
1.24,6,417.144003
1.34,7,417.16621
1.14,4,417.177787
1.14,4,417.189222
-0.93,6,417.208119
1.14,4,417.217479
1.14,4,417.2291
1.14,4,417.240688
1.14,4,417.252634
1.14,4,417.264039
1.14,4,417.276081
1.14,4,417.287666
1.14,4,417.297491
1.19,5,417.312312
1.49,9,417.336024
1.14,4,417.348606
1.14,4,417.361061
1.14,4,417.373293
1.19,5,417.385418
1.14,4,417.39715
1.19,5,417.412327
1.14,4,417.42361
1.14,4,417.433438
1.19,5,417.448299
1.14,4,417.459723
1.14,4,417.471302
-0.71,6,417.491243
1.19,5,417.507409
1.14,4,417.520582
1.14,4,417.533417
1.14,4,417.545986
1.19,5,417.560542
1.19,5,417.572888
1.14,4,417.584974
1.19,5,417.600441
1.14,4,417.612809
1.14,4,417.624358
1.34,7,417.64515
1.14,4,417.65664
1.34,7,417.679008
-0.72,8,417.705763
1.14,4,417.716207
1.14,4,417.72669
1.14,4,417.735593
1.14,4,417.746586
1.34,7,417.764825
1.19,5,417.78043
1.14,4,417.792804
1.18,6,417.810278
1.14,4,417.822747
1.14,4,417.832896
1.14,4,417.843056
1.14,4,417.855553
1.14,4,417.867553
1.14,4,417.879766
1.19,5,417.89419
1.14,4,417.904571
-0.88,7,417.922556
1.14,4,417.93523
1.14,4,417.945882
1.19,5,417.960892
1.28,7,417.979723
1.19,5,417.995017
1.14,4,418.005728
1.14,4,418.01792
1.14,4,418.030367
1.19,5,418.04373
1.14,4,418.054732
1.14,4,418.066491
1.14,4,418.077803
-0.61,8,418.103038
1.14,4,418.113111
-0.9,9,418.139147
-0.81,5,418.15273
1.14,4,418.165849
1.14,4,418.178773
-0.74,10,418.204412
1.14,4,418.215432
1.19,5,418.231012
1.14,4,418.242551
1.19,5,418.259732
1.14,4,418.326167
1.14,4,418.335999
1.14,4,418.34757
-0.81,5,418.364465
1.14,4,418.375206
1.14,4,418.383657
1.34,7,418.400054
1.19,5,418.412726
1.14,4,418.424876
1.14,4,418.436942
1.14,4,418.449058
1.14,4,418.459272
1.14,4,418.471047
1.14,4,418.480727
1.14,4,418.492097
1.14,4,418.502599
1.14,4,418.515231
1.14,4,418.525284
-0.66,7,418.547214
1.14,4,418.559237
1.14,4,418.569032
1.14,4,418.581949
1.13,5,418.597636
1.14,4,418.610187
1.14,4,418.618342
1.14,4,418.62938
1.34,7,418.649473
1.29,6,418.664588
1.19,5,418.677458
1.14,4,418.688661
1.29,6,418.708675
1.14,4,418.719689
1.14,4,418.73156
1.14,4,418.743623
1.14,4,418.755404
1.14,4,418.764672
1.14,4,418.776171
1.14,4,418.787619
1.14,4,418.796903
1.14,4,418.807999
1.14,4,418.818647
-0.71,7,418.840875
-0.72,8,418.864133
1.14,4,418.876305
1.14,4,418.885412
-0.76,6,418.901527
1.14,4,418.915184
1.14,4,418.927687
1.19,5,418.942379
1.19,5,418.956344
1.14,4,418.966735
1.14,4,418.978826
1.14,4,418.990807
1.14,4,419.002083
1.14,4,419.012195
1.14,4,419.022781
-0.72,7,419.045089
1.14,4,419.057011
1.14,4,419.06671
1.19,5,419.081353
1.29,6,419.099519
1.19,5,419.11313
1.14,4,419.124887
1.14,4,419.13397
1.14,4,419.145005
1.19,5,419.159663
1.14,4,419.168597
1.14,4,419.178861
1.14,4,419.190634
1.14,4,419.201858
1.19,5,419.21674
1.14,4,419.228685
1.19,5,419.242522
1.19,5,419.257858
1.14,4,419.267602
1.14,4,419.277834
1.14,4,419.289975
1.28,7,419.310871
1.14,4,419.32275
1.14,4,419.334094
1.14,4,419.34606
-0.87,6,419.365189
1.14,4,419.377009
1.14,4,419.388615
1.17,7,419.408148
1.14,4,419.420057
1.31,7,419.441632
1.19,5,419.457503
1.14,4,419.469677
1.14,4,419.479364
1.34,7,419.498226
1.14,4,419.508054
1.19,5,419.522233
1.14,4,419.531778
1.14,4,419.543581
1.36,7,419.565207
1.29,6,419.584167
1.14,4,419.596391
1.29,6,419.612676
1.14,4,419.622428
1.14,4,419.634453
1.13,5,419.64981
1.14,4,419.662014
1.14,4,419.672495
1.19,5,419.684479
1.19,5,419.69951
1.14,4,419.711379
1.12,6,419.727992
1.14,4,419.740084
1.14,4,419.749678
1.28,7,419.771652
1.14,4,419.783073
1.14,4,419.794823
1.19,5,419.810339
1.19,5,419.824844
1.14,4,419.835895
1.14,4,419.847828
1.19,5,419.860857
1.14,4,419.870552
1.33,8,419.893267
1.14,4,419.905612
1.14,4,419.915581
1.14,4,419.925382
1.14,4,419.936557
1.14,4,419.946483
1.14,4,419.959253
1.14,4,419.968554
1.14,4,419.979738
1.14,4,419.990758
1.14,4,420.001755
1.14,4,420.012085
1.29,6,420.029053
1.19,5,420.044002
1.13,5,420.059251
1.14,4,420.070362
1.14,4,420.082242
1.14,4,420.093267
1.14,4,420.105644
1.14,4,420.115736
1.14,4,420.12767
1.14,4,420.140308
1.19,5,420.151999
1.14,4,420.164308
1.14,4,420.17726
1.14,4,420.188504
1.14,4,420.200382
1.14,4,420.213675
1.14,4,420.225333
1.14,4,420.237478
1.29,6,420.254713
1.14,4,420.264032
1.14,4,420.275132
1.19,5,420.287125
1.14,4,420.296722
1.18,6,420.312026
-0.81,6,420.331231
1.14,4,420.343806
1.14,4,420.354966
1.14,4,420.363576
1.14,4,420.375303
1.14,4,420.386538
1.14,4,420.396549
1.19,5,420.412939
1.19,5,420.427857
1.19,5,420.443707
1.19,5,420.459812
1.14,4,420.47013
1.14,4,420.482365
1.14,4,420.49457
1.14,4,420.506594
1.14,4,420.517559
1.14,4,420.530499
-0.71,6,420.547918
1.14,4,420.559765
1.14,4,420.571123
1.14,4,420.581762
1.39,8,420.606881
1.14,4,420.618736
1.14,4,420.630139
1.14,4,420.641662
1.14,4,420.652374
-0.71,6,420.668552
1.14,4,420.679889
1.14,4,420.691488
1.14,4,420.702525
1.14,4,420.714174
1.14,4,420.725824
1.14,4,420.737569
1.14,4,420.749645
1.24,5,420.763838
1.14,4,420.776096
1.14,4,420.785311
1.14,4,420.796796
1.14,4,420.807743
1.29,6,420.825003
1.14,4,420.835876
-0.91,4,420.846377
1.24,6,420.863184
1.19,5,420.877727
1.34,7,420.898258
1.14,4,420.908934
1.29,6,420.926449
1.14,4,420.939409
1.14,4,420.951918
-0.76,6,420.972298
1.14,4,420.984754
1.14,4,420.994394
1.23,7,421.015217
1.14,4,421.025602
1.19,5,421.036642
1.14,4,421.049048
1.19,5,421.063736
1.14,4,421.075192
1.29,6,421.092963
-0.76,6,421.112425
1.14,4,421.123944
1.19,5,421.137921
1.14,4,421.149057
1.34,7,421.174538
1.19,5,421.235126
-0.81,5,421.253978
1.14,4,421.262852
1.24,6,421.280149
1.34,7,421.301671
1.14,4,421.310604
1.24,6,421.325837
1.14,4,421.336822
1.34,7,421.354911
-0.81,5,421.370831
1.14,4,421.380651
1.19,5,421.394799
-0.76,6,421.414186
1.14,4,421.424886
1.14,4,421.436071
1.14,4,421.448476
1.14,4,421.461102
1.14,4,421.473335
1.14,4,421.485559
1.14,4,421.497756
-0.81,5,421.515468
1.19,5,421.528313
1.14,4,421.539145
1.14,4,421.55057
-0.77,7,421.573881
1.34,7,421.595295
1.14,4,421.6063
1.14,4,421.617683
1.14,4,421.63009
1.39,8,421.648332
1.14,4,421.659598
1.14,4,421.671589
-0.76,5,421.688202
1.14,4,421.700518
1.34,7,421.723403
-0.81,5,421.740685
1.14,4,421.75219
1.19,5,421.767722
1.14,4,421.779821
1.14,4,421.791615
1.14,4,421.802936
-0.71,7,421.824641
1.14,4,421.835533
1.29,6,421.849596
1.14,4,421.860888
-0.81,5,421.875785
1.14,4,421.886976
1.14,4,421.898861
1.14,4,421.909712
1.14,4,421.922055
-0.86,5,421.93778
1.14,4,421.947348
1.14,4,421.958636
-0.86,4,421.973239
1.14,4,421.983373
1.14,4,421.993677
1.14,4,422.005607
1.14,4,422.016542
-0.76,6,422.032494
1.14,4,422.044361
1.14,4,422.055709
1.19,5,422.071464
1.14,4,422.082821
1.14,4,422.092511
1.14,4,422.10555
1.19,5,422.117846
1.19,5,422.129041
1.14,4,422.139199
1.14,4,422.150105
-0.67,8,422.169811
1.14,4,422.181453
1.14,4,422.193228
-0.61,11,422.226385
1.39,8,422.24903
1.14,4,422.260787
1.14,4,422.271049
1.19,5,422.283446
1.19,5,422.301203
1.14,4,422.313734
1.14,4,422.326128
1.34,7,422.344404
-0.93,6,422.360904
1.14,4,422.372773
1.14,4,422.384312
1.43,9,422.414433
1.14,4,422.427492
1.14,4,422.438727
1.14,4,422.447721
1.14,4,422.458997
1.14,4,422.470322
1.14,4,422.481979
1.39,8,422.502065
1.14,4,422.511695
1.19,5,422.525841
1.14,4,422.537103
1.14,4,422.548283
1.14,4,422.560053
1.14,4,422.571198
1.14,4,422.581988
1.14,4,422.591945
1.14,4,422.60253
1.14,4,422.614295
1.44,8,422.639286
1.14,4,422.650991
-0.76,6,422.665394
1.14,4,422.677332
1.14,4,422.688451
1.14,4,422.700126
1.14,4,422.710077
1.14,4,422.721545
1.19,5,422.734076
-0.71,7,422.757373
-0.76,6,422.776956
1.14,4,422.788369
-0.77,7,422.813018
1.14,4,422.824576
1.14,4,422.836094
1.14,4,422.845641
1.14,4,422.856162
1.14,4,422.868199
1.14,4,422.878314
1.14,4,422.890359
1.14,4,422.901843
-0.76,6,422.916826
1.24,6,422.932635
1.14,4,422.945238
1.14,4,422.957934
1.14,4,422.969793
1.14,4,422.981054
1.14,4,422.990727
1.14,4,423.001431
1.19,5,423.013361
1.14,4,423.025285
1.14,4,423.037167
1.34,7,423.056445
-0.78,8,423.081158
1.13,5,423.096744
1.14,4,423.109025
1.14,4,423.121497
1.24,6,423.138218
1.46,8,423.162388
1.14,4,423.174222
1.14,4,423.185829
1.14,4,423.19797
1.14,4,423.210817
1.29,6,423.228125
1.14,4,423.239119
1.14,4,423.248078
1.14,4,423.258098
1.14,4,423.269224
1.14,4,423.281036
1.19,5,423.29701
1.14,4,423.307682
1.14,4,423.319909
1.19,5,423.333934
1.19,5,423.348851
1.34,7,423.370816
1.34,7,423.388962
1.14,4,423.400364
1.19,5,423.414897
1.14,4,423.425073
1.14,4,423.434807
1.14,4,423.446428
1.19,5,423.460684
1.14,4,423.471757
1.14,4,423.480521
1.14,4,423.491842
1.34,7,423.513441
1.14,4,423.52646
-0.76,6,423.546397
1.19,5,423.562123
1.14,4,423.573368
1.14,4,423.583068
1.14,4,423.592362
1.13,5,423.607232
1.19,5,423.62361
1.14,4,423.63561
1.19,5,423.64786
1.14,4,423.66052
-0.81,5,423.677227
1.29,6,423.69738
1.14,4,424.166083
1.19,5,424.178941
1.14,4,424.192888
1.14,4,424.204272
1.19,5,424.217927
1.14,4,424.229026
-0.72,8,424.250093
1.19,5,424.265671
1.14,4,424.275551
1.14,4,424.287266
1.14,4,424.29652
1.18,6,424.31096
1.19,5,424.325417
1.19,5,424.33983
1.14,4,424.352592
1.29,6,424.36713
1.14,4,424.378592
1.14,4,424.390213
-0.81,5,424.406392
1.14,4,424.420273
1.14,4,424.432574
1.14,4,424.442445
-0.73,8,424.462458
1.14,4,424.473949
1.19,5,424.489669
1.13,5,424.504398
1.29,6,424.519695
1.14,4,424.528906
1.14,4,424.539388
1.14,4,424.550914
1.14,4,424.562854
1.14,4,424.575353
-0.77,7,424.591748
1.19,5,424.604043
1.34,7,424.624047
1.28,7,424.647052
1.14,4,424.658227
1.14,4,424.671232
1.14,4,424.683547
1.14,4,424.696454
1.14,4,424.709201
1.14,4,424.721117
1.14,4,424.730603
1.14,4,424.742678
1.14,4,424.754036
1.14,4,424.765217
1.19,5,424.777887
1.14,4,424.789367
1.18,6,424.807371
1.14,4,424.8199
-0.79,6,424.837522
1.19,5,424.850557
1.14,4,424.862919
1.14,4,424.876197
1.14,4,424.88842
-0.79,6,424.95984
1.14,4,424.970143
1.14,4,424.984729
-0.66,8,425.011521
1.34,7,425.029808
1.14,4,425.040588
1.14,4,425.052453
1.14,4,425.061946
1.14,4,425.073575
1.24,6,425.090644
1.14,4,425.102396
1.14,4,425.113262
1.19,5,425.126044
1.19,5,425.141156
1.14,4,425.153035
1.14,4,425.162225
1.23,7,425.180011
1.14,4,425.191091
1.14,4,425.203886
1.19,5,425.219549
1.14,4,425.231653
1.14,4,425.240503
1.14,4,425.252391
1.14,4,425.263274
1.14,4,425.274903
1.14,4,425.286165
1.14,4,425.29811
1.19,5,425.310579
1.14,4,425.322963
1.3,7,425.341972
1.13,5,425.357422
1.28,7,425.376006
1.14,4,425.387695
1.14,4,425.399377
1.14,4,425.41169
1.14,4,425.421982
1.14,4,425.433453
-0.83,7,425.450956
1.19,5,425.466221
1.14,4,425.476341
1.13,5,425.491173
1.14,4,425.502112
-0.76,6,425.51715
1.14,4,425.528251
1.14,4,425.54256
-0.86,4,425.557134
1.14,4,425.569729
1.14,4,425.579692
1.14,4,425.591085
1.34,7,425.610015
1.14,4,425.622298
1.19,5,425.635302
1.14,4,425.64668
1.14,4,425.656825
1.14,4,425.668706
1.18,6,425.686837
1.14,4,425.697532
1.14,4,425.709136
1.14,4,425.721382
1.24,6,425.740157
1.14,4,425.752264
1.14,4,425.761613
1.14,4,425.772924
1.14,4,425.782322
1.14,4,425.794314
1.34,7,425.815638
1.14,4,425.825528
-0.82,6,425.841791
1.29,6,425.856679
1.14,4,425.867826
1.19,5,425.883306
1.34,7,425.900444
-0.71,7,425.921006
1.14,4,425.933621
1.19,5,425.950252
1.29,6,425.968483
1.14,4,425.980702
1.14,4,425.990755
1.14,4,426.001186
1.14,4,426.010626
1.14,4,426.021351
1.28,8,426.047863
1.14,4,426.057019
-0.65,8,426.076571
1.14,4,426.087671
1.14,4,426.099804
1.19,5,426.114275
1.14,4,426.123967
1.19,5,426.139431
1.14,4,426.151668
-0.86,4,426.161676
1.14,4,426.17421
1.14,4,426.187718
1.14,4,426.200343
1.14,4,426.212448
1.34,7,426.234734
1.14,4,426.243782
1.14,4,426.254709
-0.71,7,426.272883
1.14,4,426.284519
1.14,4,426.296306
1.14,4,426.30677
1.19,5,426.322181
1.14,4,426.334605
1.14,4,426.346105
1.14,4,426.355894
1.34,7,426.376396
1.14,4,426.389256
1.18,6,426.408921
1.14,4,426.420539
1.14,4,426.43232
1.14,4,426.442129
1.14,4,426.452887
1.14,4,426.465047
1.14,4,426.477739
1.14,4,426.490811
1.14,4,426.504432
1.14,4,426.513888
1.14,4,426.522718
1.14,4,426.534608
1.14,4,426.545345
1.14,4,426.557308
1.14,4,426.56891
1.14,4,426.580067
1.24,6,426.598362
1.29,6,426.618748
1.29,6,426.638179
1.19,5,426.653777
1.14,4,426.665537
1.14,4,426.677621
1.14,4,426.6884
1.14,4,426.70099
1.18,6,426.718369
-0.83,7,426.740899
1.14,4,426.751845
1.14,4,426.762763
1.14,4,426.772604
1.14,4,426.78403
1.14,4,426.794791
1.14,4,426.807679
1.14,4,426.817718
1.14,4,426.828444
1.23,7,426.85075
1.19,5,426.866049
1.14,4,426.87572
1.14,4,426.887532
1.19,5,426.900465
1.14,4,426.91079
1.14,4,426.920667
1.14,4,426.931825
1.14,4,426.944033
1.34,7,426.968069
1.14,4,426.978281
1.14,4,426.991785
1.14,4,427.058026
1.14,4,427.083877
1.14,4,427.096079
1.14,4,427.106472
1.14,4,427.118027
1.14,4,427.126453
1.19,5,427.139897
1.14,4,427.150643
1.14,4,427.16187
1.14,4,427.174519
1.14,4,427.185839
1.14,4,427.197552
1.14,4,427.207004
1.14,4,427.216682
1.14,4,427.227575
1.14,4,427.239711
1.14,4,427.250885
-0.69,7,427.275197
1.14,4,427.28749
1.14,4,427.299911
1.14,4,427.311285
1.13,5,427.324106
1.14,4,427.336314
1.19,5,427.34985
-0.91,4,427.362682
1.19,5,427.377507
1.14,4,427.38957
1.14,4,427.400131
1.24,6,427.418333
1.14,4,427.429678
1.14,4,427.442325
1.14,4,427.455635
1.19,5,427.470838
1.14,4,427.483545
1.14,4,427.495097
1.19,5,427.510706
1.14,4,427.523112
1.19,5,427.539982
1.14,4,427.553375
1.14,4,427.56604
1.14,4,427.577215
1.14,4,427.589392
-0.77,7,427.607794
1.13,5,427.622472
-0.76,6,427.642194
1.14,4,427.655272
1.14,4,427.66769
1.14,4,427.678855
1.14,4,427.687831
1.14,4,427.699589
1.14,4,427.709762
1.34,7,427.72653
1.14,4,427.738457
1.34,7,427.759363
-0.76,6,427.778243
1.14,4,427.840234
1.19,5,427.865993
1.14,4,427.878314
-0.76,6,427.898069
-0.89,8,427.922722
1.14,4,427.936072
1.14,4,427.947179
1.14,4,427.95887
1.14,4,427.968635
1.14,4,427.980153
1.19,5,427.992536
1.14,4,428.004743
1.19,5,428.019711
1.14,4,428.030857
1.14,4,428.042206
1.14,4,428.054149
1.19,5,428.068041
1.14,4,428.077421
1.14,4,428.090588
-0.66,8,428.116382
1.29,6,428.130124
-0.66,9,428.154086
1.19,5,428.168211
1.14,4,428.179034
1.34,7,428.197044
1.14,4,428.205639
1.14,4,428.217695
1.14,4,428.229426
1.14,4,428.241432
1.14,4,428.251882
1.14,4,428.263262
-0.86,5,428.278478
1.14,4,428.287397
1.19,5,428.301525
1.14,4,428.311807
1.14,4,428.323787
1.14,4,428.334703
1.14,4,428.346635
1.14,4,428.359071
1.18,6,428.377167
1.14,4,428.386753
1.14,4,428.398258
1.14,4,428.407062
1.14,4,428.418874
1.14,4,428.430585
1.19,5,428.44206
1.14,4,428.454385
1.14,4,428.466946
1.14,4,428.479272
1.19,5,428.492586
1.34,7,428.515604
1.14,4,428.524017
1.14,4,428.53576
1.19,5,428.55124
1.14,4,428.563432
1.19,5,428.579011
1.29,6,428.593377
1.19,5,428.608721
1.14,4,428.621268
1.14,4,428.633566
1.14,4,428.645766
1.19,5,428.658023
1.14,4,428.668709
1.24,6,428.686814
1.14,4,428.699313
-0.84,8,428.722142
1.19,5,428.737772
1.14,4,428.749937
1.14,4,428.76174
1.14,4,428.773251
1.29,6,428.792053
1.14,4,428.805326
1.14,4,428.817829
1.14,4,428.83026
1.14,4,428.84159
1.34,7,428.864986
1.14,4,428.876824
1.13,5,428.892583
1.19,5,428.905965
1.14,4,428.91832
1.14,4,428.931194
1.14,4,428.942929
-0.83,8,428.966297
-0.9,9,428.99268
1.14,4,429.00497
-0.78,8,429.030012
1.14,4,429.03963
1.14,4,429.050874
1.34,7,429.071977
1.14,4,429.084825
1.14,4,429.09804
1.14,4,429.110908
1.14,4,429.125185
-0.81,5,429.14435
1.19,5,429.165768
1.14,4,429.182455
1.19,5,429.199286
1.19,5,429.215468
1.14,4,429.228159
-0.76,6,429.249857
1.14,4,429.261989
1.14,4,429.271149
1.14,4,429.283123
1.14,4,429.294997
1.14,4,429.307477
1.14,4,429.318602
1.28,7,429.340244
1.14,4,429.35239
1.14,4,429.364669
1.14,4,429.374731
1.13,5,429.390913
1.14,4,429.403327
1.19,5,429.416843
1.14,4,429.427724
1.14,4,429.437665
1.19,5,429.451092
1.14,4,429.46235
1.19,5,429.474229
1.14,4,429.483982
1.14,4,429.492697
1.14,4,429.504115
1.14,4,429.515565
1.14,4,429.527481
1.14,4,429.539292
-0.76,6,429.558393
1.19,5,429.574395
1.14,4,429.586306
1.14,4,429.598637
1.29,6,429.618325
1.14,4,429.629628
1.14,4,429.641592
1.19,5,429.658045
1.14,4,429.670705
1.14,4,429.681867
1.14,4,429.692179
1.14,4,429.703429
1.14,4,429.714252
1.14,4,429.725555
1.14,4,429.738791
-0.89,7,429.762894
1.14,4,429.772133
1.14,4,429.78387
1.14,4,429.795464
1.19,5,429.81037
1.14,4,429.822842
1.14,4,429.834573
1.14,4,429.846545
1.14,4,429.858139
1.14,4,429.868254
1.29,8,429.888937
1.14,4,429.900115
1.14,4,429.911756
1.14,4,429.923821
1.14,4,429.934997
1.14,4,429.944805
-0.77,7,429.965531
1.29,6,429.983895
1.14,4,429.99542
1.14,4,430.007956
1.14,4,430.02009
1.14,4,430.031723
1.14,4,430.041222
1.39,8,430.066454
1.34,7,430.087178
1.14,4,430.100199
1.14,4,430.113141
1.14,4,430.125728
1.14,4,430.138519
1.19,5,430.154229
1.14,4,430.16768
1.14,4,430.180048
-0.74,6,430.200529
1.14,4,430.213504
1.14,4,430.225394
1.18,6,430.244184
-0.71,7,430.270293
1.14,4,430.282179
1.14,4,430.291514
1.14,4,430.301457
1.19,5,430.315446
-0.93,6,430.331738
1.14,4,430.34359
1.14,4,430.355984
1.14,4,430.365916
-0.81,5,430.381408
1.24,6,430.399069
1.14,4,430.408404
1.14,4,430.418608
1.14,4,430.430295
1.14,4,430.442043
1.14,4,430.454612
1.14,4,430.465708
1.14,4,430.474
1.29,6,430.487901
1.29,7,430.506386
1.14,4,430.519651
1.14,4,430.532077
1.14,4,430.544174
1.39,8,430.570638
1.14,4,430.583029
1.14,4,430.594547
1.29,6,430.609472
1.14,4,430.622246
1.29,6,430.638398
1.14,4,430.649046
1.14,4,430.661009
1.14,4,430.670931
1.13,5,430.686516
1.14,4,430.699428
1.14,4,430.711648
1.19,5,430.72688
1.14,4,430.737083
1.14,4,430.747097
1.14,4,430.759208
1.14,4,430.768887
1.14,4,430.78006
1.14,4,430.788664
1.14,4,430.799258
1.14,4,430.811274
1.14,4,430.823706
1.24,6,430.843308
1.14,4,430.853888
1.14,4,430.864874
1.14,4,430.875055
1.14,4,430.886527
1.14,4,430.898004
1.14,4,430.909696
1.14,4,430.922229
1.14,4,430.934367
1.14,4,430.990737
1.19,5,431.013829
1.14,4,431.027402
1.19,5,431.039655
1.14,4,431.051914
1.14,4,431.063346
1.14,4,431.072264
1.14,4,431.083693
1.14,4,431.094912
1.14,4,431.106546
1.14,4,431.118242
1.19,5,431.133869
1.19,5,431.150023
1.14,4,431.162417
1.14,4,431.174361
1.14,4,431.187165
1.13,5,431.20568
1.19,5,431.225818
1.14,4,431.24355
1.14,4,431.263084
-0.82,7,431.29184
1.14,4,431.307626
1.14,4,431.321677
1.18,6,431.339499
1.14,4,431.351907
-0.73,8,431.376179
1.14,4,431.389808
1.14,4,431.402158
1.14,4,431.414277
1.14,4,431.425693
1.14,4,431.437876
1.14,4,431.450122
1.29,6,431.472651
1.14,4,431.487095
1.14,4,431.499899
1.14,4,431.511545
1.19,5,431.530481
1.18,6,431.550317
1.14,4,431.562789
1.14,4,431.574337
1.14,4,431.58714
1.14,4,431.602904
1.14,4,431.615355
1.14,4,431.627969
1.14,4,431.639129
1.19,5,431.656084
1.19,5,431.675059
1.29,6,431.697324
1.14,4,431.712388
1.14,4,431.728575
1.14,4,431.747363
1.14,4,431.761145
1.14,4,431.773346
1.14,4,431.785188
1.14,4,431.799288
1.29,6,431.817839
1.14,4,431.829628
1.29,6,431.847226
1.14,4,431.859652
1.14,4,431.869861
1.14,4,431.884045
1.14,4,431.898067
1.19,5,431.918123
1.14,4,431.934867
1.29,6,431.960138
1.14,4,431.971981
1.34,7,431.998914
1.14,4,432.012626
1.14,4,432.025933
1.13,5,432.046757
1.14,4,432.060763
1.14,4,432.073843
1.14,4,432.090189
1.14,4,432.107042
1.14,4,432.125384
1.14,4,432.147975
1.19,5,432.170755
1.14,4,432.185106
1.14,4,432.198688
1.14,4,432.210565
-0.81,7,432.234401
1.14,4,432.247135
1.14,4,432.260099
1.14,4,432.273462
1.14,4,432.285007
1.14,4,432.297528
1.14,4,432.310041
1.14,4,432.322864
1.14,4,432.334243
1.13,5,432.350037
1.19,5,432.366151
-0.91,4,432.380106
1.19,5,432.395155
1.19,5,432.414629
1.19,5,432.432113
1.14,4,432.445615
1.14,4,432.457638
1.19,5,432.471492
1.14,4,432.48424
1.14,4,432.498629
1.14,4,432.511906
1.14,4,432.523774
1.24,6,432.538898
1.14,4,432.550081
1.14,4,432.562634
1.28,7,432.581295
1.14,4,432.592048
1.13,5,432.60396
1.14,4,432.615446
1.14,4,432.627585
1.19,5,432.642189
1.34,7,432.669041
1.14,4,432.684669
1.14,4,432.697763
1.19,5,432.713966
1.23,7,432.734434
1.14,4,432.746376
1.14,4,432.759082
-0.71,7,432.78379
-0.72,8,432.81402
1.14,4,432.8243
1.14,4,432.835867
1.14,4,432.849881
1.19,5,432.866095
1.14,4,432.87858
1.14,4,432.889612
-0.76,6,432.906033
1.14,4,432.918425
1.14,4,432.931056
1.19,5,432.946627
1.14,4,432.95836
1.19,5,432.974451
1.23,7,432.99889
1.14,4,433.012073
1.14,4,433.023944
-0.86,4,433.034618
1.14,4,433.046803
1.19,5,433.060284
1.14,4,433.072724
1.14,4,433.084368
1.14,4,433.096829
1.14,4,433.108399
1.14,4,433.123772
1.14,4,433.136113
1.14,4,433.149225
1.19,5,433.164735
1.28,7,433.18786
1.34,7,433.215096
1.14,4,433.231184
1.14,4,433.245206
1.14,4,433.259232
1.19,5,433.278511
1.14,4,433.295099
1.14,4,433.312907
1.14,4,433.329862
1.14,4,433.345921
1.24,6,433.368733
1.19,5,433.385025
-0.7,8,433.412524
1.14,4,433.425012
1.34,7,433.45412
1.18,6,433.482888
1.19,5,433.504419
1.14,4,433.521651
1.14,4,433.534889
-0.66,7,433.559674
1.14,4,433.571749
1.14,4,433.585362
-0.87,6,433.60556
1.29,6,433.62302
1.19,5,433.640257
1.14,4,433.656573
1.14,4,433.669071
1.14,4,433.682436
1.34,7,433.705884
1.19,5,433.726759
1.14,4,433.74249
1.14,4,433.761894
-0.76,6,433.789652
1.14,4,433.807706
1.14,4,433.827075
1.14,4,433.846393
1.19,5,433.870939
1.14,4,433.89059
1.29,6,433.918732
1.14,4,433.935754
-0.86,5,433.959438
-0.91,4,433.978249
1.19,5,434.057611
-0.66,7,434.090354
1.14,4,434.105252
1.14,4,434.120695
1.14,4,434.136951
1.19,5,434.157356
-0.68,9,434.195191
1.29,6,434.223213
1.14,4,434.239345
1.14,4,434.257164
1.14,4,434.273205
1.14,4,434.288633
1.14,4,434.304539
1.14,4,434.320937
1.14,4,434.338454
1.14,4,434.359538
1.19,5,434.380905
1.41,8,434.414022
1.14,4,434.428261
1.19,5,434.448125
1.24,6,434.468003
-0.82,6,434.493781
-0.72,8,434.52713
1.14,4,434.545582
1.34,7,434.572858
-0.81,5,434.591413
1.19,5,434.610523
1.14,4,434.62198
1.14,4,434.634872
1.14,4,434.647779
1.14,4,434.661525
1.14,4,434.674475
1.14,4,434.68905
1.14,4,434.699779
1.14,4,434.712795
1.14,4,434.726533
1.19,5,434.740622
1.14,4,434.751015
1.14,4,434.764004
1.14,4,434.777259
1.14,4,434.789244
-0.71,7,434.81381
1.14,4,434.826102
1.29,8,434.849047
1.33,8,434.874062
1.14,4,434.883594
1.14,4,434.894048
1.14,4,434.904795
1.14,4,434.917108
1.14,4,434.929699
-0.66,7,434.952323
1.14,4,434.965599
1.19,5,434.981599
1.14,4,434.993272
1.14,4,435.004222
1.14,4,435.014333
1.14,4,435.026586
1.14,4,435.038684
1.29,6,435.054081
1.14,4,435.065902
1.14,4,435.076793
1.14,4,435.088575
1.14,4,435.100699
1.14,4,435.11381
-0.71,7,435.137396
1.24,6,435.153493
1.14,4,435.165786
1.14,4,435.176705
-0.71,7,435.197831
1.34,7,435.219547
-0.88,7,435.244482
-0.72,7,435.269113
1.13,5,435.284426
1.14,4,435.29554
1.14,4,435.306942
1.14,4,435.319631
1.14,4,435.331752
-0.72,9,435.361548
1.19,5,435.373752
1.34,7,435.393983
1.19,5,435.408604
1.14,4,435.419539
1.19,5,435.433738
1.14,4,435.444666
1.14,4,435.453639
1.13,5,435.469328
1.19,5,435.482991
1.19,5,435.49807
1.19,5,435.513393
1.14,4,435.524327
1.14,4,435.536449
1.14,4,435.547138
1.14,4,435.557975
1.14,4,435.568897
1.14,4,435.578787
1.14,4,435.588501
1.14,4,435.598027
1.14,4,435.610184
1.14,4,435.622888
1.14,4,435.632941
1.14,4,435.645219
1.19,5,435.660077
1.14,4,435.669213
1.14,4,435.681771
-0.87,6,435.702402
1.14,4,435.715046
1.29,6,435.734931
-0.83,7,435.757941
1.19,5,435.771882
1.19,5,435.787767
1.14,4,435.800008
1.14,4,435.81289
1.14,4,435.822331
1.18,6,435.836819
1.14,4,435.849679
1.14,4,435.862861
1.14,4,435.87626
1.14,4,435.886093
1.14,4,435.89904
1.14,4,435.911898
1.29,6,435.92911
1.14,4,435.940982
1.14,4,435.953019
1.14,4,435.966648
-0.71,7,435.99191
1.14,4,436.003866
1.34,7,436.025671
-0.86,4,436.045456
1.14,4,436.060703
1.19,5,436.080885
1.19,5,436.098688
1.14,4,436.111351
1.14,4,436.122941
1.14,4,436.13488
1.16,5,436.149483
1.14,4,436.162746
1.14,4,436.175131
1.14,4,436.186851
1.14,4,436.201478
1.14,4,436.21471
1.14,4,436.228183
1.14,4,436.241874
1.14,4,436.254367
1.14,4,436.268031
1.14,4,436.282666
1.19,5,436.298491
1.14,4,436.312826
1.14,4,436.326686
1.14,4,436.338552
1.19,5,436.351169
1.14,4,436.364037
1.14,4,436.376206
1.14,4,436.388489
1.13,5,436.401507
-0.76,6,436.419947
1.19,5,436.436373
1.14,4,436.44915
1.14,4,436.461396
1.14,4,436.473545
1.14,4,436.48525
1.19,5,436.50054
1.14,4,436.511066
1.13,5,436.525951
1.19,5,436.542068
1.14,4,436.553881
1.14,4,436.567862
1.14,4,436.578752
1.14,4,436.592627
1.29,6,436.612242
1.14,4,436.623168
1.14,4,436.635473
1.14,4,436.648287
1.24,6,436.666067
1.14,4,436.68051
-0.67,8,436.705606
1.31,7,436.727055
1.14,4,436.739475
-0.98,5,436.750847
1.18,6,436.766935
1.14,4,436.779073
-0.76,6,436.79723
1.14,4,436.808572
1.14,4,436.819693
1.14,4,436.830371
1.19,5,436.845858
1.14,4,436.860189
1.14,4,436.873451
1.19,5,436.891046
1.14,4,436.902782
1.14,4,436.917289
1.14,4,436.931597
1.14,4,436.946819
1.14,4,436.959699
1.14,4,436.970189
1.28,7,436.993963
1.14,4,437.004631
1.14,4,437.016894
1.14,4,437.028213
1.29,6,437.04748
1.19,5,437.06239
1.14,4,437.074515
1.14,4,437.085689
1.19,5,437.098745
1.14,4,437.111038
-0.81,6,437.643443
1.14,4,437.652066
1.36,7,437.67262
1.14,4,437.684811
1.14,4,437.697534
-0.79,6,437.719634
1.19,5,437.734343
1.14,4,437.746298
1.19,5,437.760656
1.14,4,437.772515
1.14,4,437.784769
1.14,4,437.797225
1.14,4,437.808103
1.19,5,437.823594
1.14,4,437.831783
1.14,4,437.844113
1.14,4,437.854795
1.29,6,437.873591
-0.73,8,437.900897
1.14,4,437.911853
-0.93,6,437.927874
1.14,4,437.939512
1.14,4,437.950528
1.14,4,437.961297
1.14,4,437.972334
1.19,5,437.987222
1.14,4,437.999481
-0.91,4,438.011469
-0.82,6,438.030444
1.14,4,438.041627
1.29,6,438.060289
1.14,4,438.07158
1.14,4,438.082999
1.14,4,438.094536
1.14,4,438.106622
1.29,6,438.121176
1.14,4,438.130718
1.14,4,438.140883
1.44,9,438.167791
1.19,5,438.185128
1.14,4,438.19899
1.14,4,438.212076
1.14,4,438.224248
1.14,4,438.233854
1.19,5,438.24906
-0.82,7,438.273152
-0.68,10,438.30123
1.14,4,438.313563
1.14,4,438.326382
1.14,4,438.338297
1.14,4,438.35004
1.14,4,438.359696
1.14,4,438.370108
1.14,4,438.382139
1.14,4,438.394392
1.14,4,438.406461
1.14,4,438.417496
1.18,6,438.436328
1.14,4,438.447519
1.14,4,438.459366
1.14,4,438.47189
1.14,4,438.483531
1.14,4,438.496771
1.14,4,438.508697
1.33,8,438.530136
-0.86,5,438.544792
1.14,4,438.556421
1.14,4,438.567777
1.14,4,438.580231
1.14,4,438.593735
1.14,4,438.606319
1.14,4,438.617874
1.28,7,438.639773
1.14,4,438.654032
1.29,6,438.674489
1.19,5,438.690432
1.14,4,438.701961
1.19,5,438.71681
1.14,4,438.728511
-0.76,6,438.743968
1.14,4,438.754694
1.19,5,438.769073
1.14,4,438.778636
1.14,4,438.790101
1.14,4,438.801343
1.14,4,438.813063
1.14,4,438.82575
1.14,4,438.837501
1.14,4,438.849099
1.14,4,438.859324
1.29,8,438.882554
-0.91,4,438.894028
1.14,4,438.905851
1.14,4,438.916959
1.2,6,438.935768
1.14,4,438.948805
1.14,4,438.961687
1.14,4,438.973608
1.24,6,438.992844
1.14,4,439.002548
1.14,4,439.014055
1.18,6,439.029624
1.14,4,439.039354
1.14,4,439.050423
1.14,4,439.062772
1.14,4,439.074511
1.18,6,439.093728
1.28,8,439.114775
-0.71,7,439.137584
1.19,5,439.151968
1.14,4,439.164195
-0.61,8,439.189923
1.14,4,439.20166
1.14,4,439.213486
1.34,7,439.231683
1.29,6,439.248964
1.14,4,439.259403
1.19,5,439.274201
1.14,4,439.285799
1.34,7,439.307773
1.29,6,439.323873
-0.71,6,439.343674
1.14,4,439.3561
-0.66,7,439.379151
1.14,4,439.390213
1.14,4,439.40192
1.34,7,439.42003
1.14,4,439.429906
1.14,4,439.441264
1.13,5,439.453689
1.14,4,439.465453
1.28,7,439.488851
1.14,4,439.50023
1.14,4,439.512118
1.14,4,439.523954
1.19,5,439.535736
1.34,7,439.559074
1.29,6,439.575581
1.19,5,439.590291
1.24,6,439.607969
1.14,4,439.618749
1.14,4,439.630359
1.14,4,439.642437
1.14,4,439.652093
-0.92,5,439.669347
1.14,4,439.682606
1.14,4,439.69552
-0.71,6,439.715637
1.18,6,439.734795
1.14,4,439.745982
1.14,4,439.757059
1.14,4,439.769244
1.14,4,439.782303
1.14,4,439.796159
1.14,4,439.808216
1.19,5,439.82397
1.14,4,439.835309
1.14,4,439.847348
1.36,7,439.867785
1.14,4,439.878885
1.19,5,439.894558
1.14,4,439.905395
1.14,4,439.916678
1.19,5,439.932095
1.19,5,439.948745
1.14,4,439.961863
1.14,4,439.974556
1.14,4,439.986063
1.14,4,439.995961
1.14,4,440.005917
1.14,4,440.016623
1.19,5,440.029781
1.14,4,440.042263
1.14,4,440.055015
1.14,4,440.064188
1.14,4,440.074725
1.14,4,440.086709
1.19,5,440.101957
1.14,4,440.111772
1.14,4,440.122458
1.14,4,440.131035
1.14,4,440.14095
1.14,4,440.150579
1.14,4,440.162622
1.19,5,440.178793
1.14,4,440.192438
1.14,4,440.205761
-0.71,7,440.22628
1.19,5,440.241323
1.19,5,440.254613
1.14,4,440.26339
1.14,4,440.274865
1.14,4,440.286446
1.34,7,440.307763
1.14,4,440.320042
1.14,4,440.332779
-0.86,5,440.349205
1.14,4,440.361488
1.24,6,440.378503
-0.81,5,440.391845
1.14,4,440.402858
1.29,6,440.421874
1.14,4,440.432917
1.14,4,440.445363
1.14,4,440.457518
1.19,5,440.471807
1.29,6,440.490669
1.19,5,440.502967
1.14,4,440.512411
1.24,6,440.529226
1.14,4,440.540674
1.14,4,440.552301
1.14,4,440.562039
1.14,4,440.57376
1.14,4,440.586419
1.18,6,440.606631
1.14,4,440.616973
1.24,6,440.636268
1.14,4,440.648083
1.14,4,440.661771
-0.71,7,440.686657
1.34,7,440.709071
1.14,4,440.720739
-0.76,6,440.741571
1.14,4,440.75148
1.14,4,440.762116
1.14,4,440.773137
1.14,4,440.783797
1.36,7,440.799705
1.14,4,440.809621
1.14,4,440.821274
1.14,4,440.832853
1.14,4,440.844709
1.19,5,440.861995
1.13,5,440.877784
1.14,4,440.889506
1.14,4,440.901068
1.14,4,440.910916
1.19,5,440.924181
1.14,4,440.935392
1.14,4,440.945349
1.14,4,440.957723
1.44,8,440.97803
1.14,4,440.989522
-0.71,7,441.009036
1.14,4,441.021042
1.14,4,441.031993
-0.69,7,441.054738
1.14,4,441.064111
1.14,4,441.076642
1.14,4,441.087945
1.14,4,441.099157
1.14,4,441.11086
1.14,4,441.122139
1.14,4,441.133839
1.14,4,441.143245
1.19,5,441.158528
1.34,7,441.178546
-0.71,6,441.196107
1.19,5,441.211861
1.14,4,441.271197
1.14,4,441.28594
1.14,4,441.301519
1.14,4,441.31151
1.14,4,441.324136
1.14,4,441.33729
1.14,4,441.348852
1.14,4,441.360596
1.14,4,441.371214
1.14,4,441.380512
1.19,5,441.39341
1.19,5,441.408361
1.14,4,441.421266
1.19,5,441.43705
1.19,5,441.452547
1.14,4,441.463592
1.18,6,441.478163
1.14,4,441.489772
1.19,5,441.503819
1.14,4,441.515049
1.14,4,441.525308
-0.78,8,441.551034
1.14,4,441.562679
1.14,4,441.574193
1.19,5,441.588658
1.14,4,441.600096
1.14,4,441.608805
1.14,4,441.621316
-0.81,5,441.637951
1.14,4,441.649578
1.14,4,441.661204
1.29,6,441.680444
1.14,4,441.693244
1.14,4,441.704133
1.14,4,441.713885
1.14,4,441.72436
1.14,4,441.735864
1.14,4,441.74668
1.14,4,441.7591
1.14,4,441.770651
1.14,4,441.782232
1.14,4,441.792253
1.14,4,441.803999
1.14,4,441.814978
1.14,4,441.827139
1.14,4,441.839621
1.14,4,441.849223
-0.82,6,441.868249
1.14,4,441.880576
1.14,4,441.890825
1.14,4,441.901717
1.14,4,441.912378
1.14,4,441.922962
1.14,4,441.934539
1.34,7,441.952557
1.14,4,441.962486
1.14,4,441.973143
1.14,4,441.986522
1.14,4,441.998734
1.14,4,442.011348
-0.65,9,442.040727
1.14,4,442.05026
1.19,5,442.062073
1.14,4,442.073656
1.19,5,442.148297
1.14,4,442.170583
1.14,4,442.182737
1.24,6,442.202632
1.14,4,442.214509
1.14,4,442.22436
1.14,4,442.235808
-0.76,6,442.254559
1.14,4,442.266171
1.13,5,442.279839
1.19,5,442.29579
1.14,4,442.30748
-0.78,13,442.342646
1.14,4,442.35307
1.14,4,442.363837
1.14,4,442.376734
1.14,4,442.390211
1.14,4,442.402718
1.14,4,442.414655
1.14,4,442.427118
1.14,4,442.439271
1.14,4,442.449007
1.34,7,442.465029
1.14,4,442.476478
1.19,5,442.491007
1.14,4,442.502915
1.19,5,442.517649
-0.81,5,442.53375
1.14,4,442.545535
1.14,4,442.555473
1.14,4,442.566634
1.14,4,442.578531
1.14,4,442.588999
1.27,8,442.611038
1.19,5,442.627258
1.19,5,442.644017
1.14,4,442.656671
1.14,4,442.669089
1.14,4,442.680759
1.14,4,442.690657
1.19,5,442.702561
1.14,4,442.713814
1.14,4,442.726589
1.19,5,442.741302
1.14,4,442.754188
1.19,5,442.767607
1.14,4,442.777856
1.14,4,442.789976
1.24,6,442.80694
1.14,4,442.819804
1.14,4,442.831066
1.14,4,442.841198
1.14,4,442.851051
1.14,4,442.863031
1.14,4,442.877873
1.13,5,442.894578
1.14,4,442.907425
1.14,4,442.919637
1.14,4,442.931355
1.19,5,442.947262
1.19,5,442.961561
1.14,4,442.972525
1.14,4,442.981659
1.29,6,442.999914
1.14,4,443.009734
1.14,4,443.019154
1.14,4,443.028188
1.14,4,443.037943
1.14,4,443.049113
1.14,4,443.057642
1.14,4,443.069057
1.14,4,443.077575
1.34,7,443.099317
1.14,4,443.111636
1.14,4,443.124813
1.34,7,443.142934
1.14,4,443.154106
1.19,5,443.169394
1.14,4,443.180515
1.14,4,443.192246
-0.76,6,443.211907
1.14,4,443.223199
1.14,4,443.234676
1.14,4,443.245715
1.13,5,443.260961
-0.81,6,443.28055
1.14,4,443.292465
1.19,5,443.308847
1.14,4,443.319843
1.14,4,443.331023
1.14,4,443.342944
1.14,4,443.354298
1.14,4,443.365072
1.14,4,443.373544
1.14,4,443.384549
1.14,4,443.395623
-0.72,7,443.420326
1.14,4,443.432877
1.19,5,443.448255
1.14,4,443.458929
1.14,4,443.471639
1.14,4,443.482231
1.14,4,443.49401
1.14,4,443.506163
1.34,7,443.526218
1.14,4,443.537467
1.14,4,443.548529
1.19,5,443.561387
1.14,4,443.574209
1.14,4,443.585663
1.14,4,443.597379
1.14,4,443.609799
1.29,6,443.629194
1.14,4,443.643813
1.14,4,443.656843
1.14,4,443.669832
1.14,4,443.679537
1.24,6,443.701118
1.29,6,443.725038
1.14,4,443.74084
1.14,4,443.754051
1.14,4,443.765642
1.19,5,443.785088
1.18,6,443.806734
-0.82,6,443.829502
1.14,4,443.841025
1.14,4,443.854776
1.14,4,443.867245
1.14,4,443.8789
1.39,8,443.907864
-0.76,6,443.928999
1.34,7,443.953771
1.18,6,443.973607
1.14,4,443.986566
1.14,4,443.998653
1.34,8,444.026089
1.43,9,444.056101
1.19,5,444.071107
1.14,4,444.083801
1.19,5,444.096794
1.14,4,444.107899
1.14,4,444.121802
1.14,4,444.135243
1.19,5,444.151996
1.14,4,444.164245
1.19,5,444.17758
1.19,5,444.192963
1.14,4,444.205475
1.14,4,444.218497
1.14,4,444.23049
1.49,9,444.260303
1.14,4,444.270743
1.29,6,444.287479
1.14,4,444.301254
1.14,4,444.375829
1.14,4,444.391193
-0.72,8,444.419306
1.14,4,444.432452
1.14,4,444.443686
-0.66,7,444.469299
1.19,5,444.485672
1.14,4,444.49821
1.14,4,444.510569
1.19,5,444.526346
1.19,5,444.54003
1.14,4,444.553072
1.34,7,444.574487
1.14,4,444.587241
1.14,4,444.600069
1.14,4,444.608601
1.14,4,444.619846
1.14,4,444.630863
1.14,4,444.643406
1.14,4,444.655743
1.14,4,444.668882
1.14,4,444.68058
1.19,5,444.696496
1.14,4,444.708683
1.14,4,444.720903
1.14,4,444.73414
-0.71,6,444.754463
1.14,4,444.767555
1.19,5,444.784586
1.14,4,444.798129
1.14,4,444.810314
1.14,4,444.823443
-0.86,4,444.836749
1.14,4,444.850053
1.14,4,444.861975
1.14,4,444.874777
1.14,4,444.887528
1.14,4,444.900952
1.14,4,444.912338
1.14,4,444.924938
1.14,4,444.938385
1.14,4,444.951658
1.14,4,444.964262
1.14,4,444.977123
1.14,4,444.989544
1.14,4,445.001499
1.14,4,445.014356
1.19,5,445.027651
-0.86,5,445.044501
1.14,4,445.058913
1.29,6,445.079827
1.14,4,445.092329
1.14,4,445.105148
1.14,4,445.118595
1.14,4,445.128191
-0.81,6,445.146435
-0.76,6,445.1686
-0.51,10,445.203735
1.19,5,445.217417
1.34,7,445.236317
1.19,5,445.250764
1.19,5,445.266315
1.14,4,445.278156
1.14,4,445.290498
1.14,4,445.303233
1.14,4,445.315305
1.14,4,445.326491
1.14,4,445.339469
1.19,5,445.35399
1.14,4,445.366989
1.14,4,445.378508
1.24,6,445.397841
1.14,4,445.407909
1.14,4,445.419722
-0.76,6,445.437048
1.14,4,445.450853
1.14,4,445.461494
1.19,5,445.483094
-0.71,7,445.514697
1.14,4,445.533552
1.14,4,445.553602
1.14,4,445.569895
1.18,6,445.661068
1.14,4,445.690883
-0.77,7,445.728643
1.14,4,445.751314
-0.71,6,445.778659
1.19,5,445.80056
1.14,4,445.812273
1.14,4,445.824182
1.14,4,445.835484
1.14,4,445.84751
1.29,6,445.865982
-0.66,7,445.886217
1.14,4,445.899226
1.14,4,445.911424
-0.77,7,445.938071
1.14,4,445.949903
1.13,5,445.965773
1.14,4,445.975598
1.24,6,445.995148
1.14,4,446.008588
-0.76,6,446.029605
1.14,4,446.039183
1.14,4,446.050306
1.19,5,446.066282
1.19,5,446.083647
1.14,4,446.095523
1.14,4,446.10915
1.34,7,446.133151
1.14,4,446.145342
1.14,4,446.156505
1.14,4,446.169872
1.14,4,446.18255
1.14,4,446.195852
1.29,6,446.217718
-0.77,7,446.241629
1.14,4,446.255213
1.14,4,446.268864
1.14,4,446.282341
1.14,4,446.295635
1.14,4,446.310137
1.14,4,446.323879
1.13,5,446.342401
1.14,4,446.355863
1.19,5,446.371553
1.14,4,446.384524
1.19,5,446.40072
1.14,4,446.413309
1.14,4,446.425389
-0.76,6,446.442596
1.19,5,446.456936
1.14,4,446.468784
1.14,4,446.481403
1.14,4,446.493122
1.14,4,446.504646
1.14,4,446.517811
1.14,4,446.531136
1.14,4,446.541643
1.19,5,446.557364
1.14,4,446.571168
1.14,4,446.583567
-0.87,6,446.60058
1.14,4,446.612131
1.14,4,446.624831
1.14,4,446.63701
1.14,4,446.649115
1.14,4,446.660992
1.14,4,446.674483
1.14,4,446.686725
1.14,4,446.699141
1.14,4,446.711841
1.14,4,446.724335
1.14,4,446.736808
1.14,4,446.746792
-0.76,6,446.763073
1.14,4,446.77597
1.14,4,446.788299
1.14,4,446.801373
1.14,4,446.813956
1.14,4,446.823443
1.19,5,446.838624
1.19,5,446.854107
1.14,4,446.865392
-0.65,8,446.892769
1.14,4,446.904525
1.14,4,446.916894
1.14,4,446.927687
1.14,4,446.940167
1.19,5,446.955778
1.19,5,446.969591
1.14,4,446.980731
1.28,8,447.004881
1.14,4,447.017786
1.14,4,447.030255
1.14,4,447.042919
1.13,5,447.05945
1.14,4,447.072439
1.14,4,447.085496
1.14,4,447.09821
1.14,4,447.109864
1.14,4,447.123988
1.14,4,447.137346
1.14,4,447.151347
1.14,4,447.16486
1.14,4,447.179548
1.14,4,447.191144
1.14,4,447.205145
-0.81,5,447.225789
-0.87,6,447.252171
1.19,5,447.27114
1.44,8,447.300086
1.14,4,447.375532
1.14,4,447.394855
1.14,4,447.408303
1.14,4,447.42134
1.19,5,447.439756
1.33,8,447.467017
1.14,4,447.481898
1.14,4,447.494849
1.14,4,447.509101
1.14,4,447.524116
1.14,4,447.539556
1.14,4,447.554332
1.14,4,447.568064
1.14,4,447.580612
1.29,6,447.603732
1.19,5,447.61798
1.14,4,447.630257
1.14,4,447.642536
1.14,4,447.653596
-0.87,6,447.673372
1.19,5,447.687746
1.19,5,447.702232
1.14,4,447.715479
1.19,5,447.727549
1.14,4,447.739372
1.14,4,447.751224
1.14,4,447.760602
1.34,7,447.776916
1.14,4,447.788457
1.14,4,447.801025
1.23,7,447.822501
1.14,4,447.836082
-0.92,5,447.853593
-0.86,5,447.868464
1.14,4,447.880108
1.14,4,447.891898
-0.61,8,447.913403
1.34,7,447.936058
1.29,6,447.95547
-0.71,6,447.973347
1.14,4,447.988
1.24,6,448.010142
1.14,4,448.024083
1.29,6,448.04798
1.14,4,448.062136
1.29,6,448.087597
1.14,4,448.102435
1.34,7,448.128714
1.14,4,448.143085
1.14,4,448.157941
-0.76,6,448.180718
1.14,4,448.193327
1.19,5,448.204906
1.14,4,448.218006
1.19,5,448.233078
1.14,4,448.244866
1.19,5,448.25947
-0.75,7,448.283025
1.19,5,448.299317
1.14,4,448.308265
-0.86,5,448.324788
1.14,4,448.337169
1.19,5,448.352829
1.14,4,448.365562
1.14,4,448.377395
1.14,4,448.388659
1.14,4,448.401151
1.14,4,448.412937
1.14,4,448.425401
-0.66,7,448.450164
1.14,4,448.46298
1.14,4,448.476561
1.14,4,448.491192
1.14,4,448.506667
1.14,4,448.522393
-0.69,7,448.551496
1.14,4,448.563457
1.14,4,448.575
1.14,4,448.588803
1.19,5,448.60408
1.19,5,448.620785
1.14,4,448.634462
1.14,4,448.647114
1.14,4,448.661043
1.14,4,448.674057
1.14,4,448.688582
-0.71,6,448.705926
1.44,8,448.731762
1.14,4,448.744019
1.19,5,448.759181
1.34,7,448.779665
1.14,4,448.788611
1.34,7,448.810221
1.41,8,448.838168
1.14,4,448.850849
1.19,5,448.866741
1.14,4,448.881136
1.14,4,448.896967
1.24,6,448.92201
1.14,4,448.938042
1.14,4,448.952931
1.14,4,448.967067
1.17,7,448.994721
1.34,7,449.017963
1.14,4,449.030928
1.14,4,449.042616
1.14,4,449.055521
1.19,5,449.070861
1.14,4,449.083516
-0.87,6,449.10461
1.14,4,449.116043
1.29,6,449.133302
1.14,4,449.146247
1.14,4,449.158033
1.34,7,449.175848
1.33,8,449.196616
1.19,5,449.210956
1.14,4,449.223099
1.14,4,449.235457
1.14,4,449.247463
1.14,4,449.259125
1.14,4,449.272511
-0.91,4,449.286067
1.13,5,449.299113
1.14,4,449.310258
1.19,5,449.325659
-0.67,8,449.348992
1.14,4,449.360063
1.14,4,449.371954
1.14,4,449.383945
1.14,4,449.396764
1.14,4,449.406213
1.28,7,449.423191
1.14,4,449.435264
1.14,4,449.447274
1.14,4,449.459386
1.14,4,449.468671
1.14,4,449.481097
1.14,4,449.490697
1.14,4,449.501389
1.14,4,449.513204
1.14,4,449.524432
1.14,4,449.53471
1.14,4,449.546683
1.14,4,449.558935
1.19,5,449.57438
1.14,4,449.585866
1.19,5,449.600144
1.14,4,449.610588
1.14,4,449.622012
1.19,5,449.637015
-0.77,7,449.660763
1.34,7,449.683299
1.14,4,449.695539
1.19,5,449.706756
1.14,4,449.717541
1.14,4,449.728936
1.14,4,449.74091
1.14,4,449.753572
1.14,4,449.765964
-0.93,6,449.784673
1.14,4,449.796297
1.14,4,449.808081
1.29,7,449.831329
1.14,4,449.840449
1.19,5,449.857503
1.14,4,449.868525
1.38,8,449.897019
1.19,5,449.915061
1.14,4,449.929338
1.14,4,449.943596
1.3,7,449.966222
1.14,4,449.980351
1.34,7,450.010752
1.14,4,450.080344
1.14,4,450.095888
1.14,4,450.108379
1.14,4,450.123686
1.14,4,450.137784
1.14,4,450.1503
-0.82,7,450.17447
1.14,4,450.189473
1.19,5,450.205881
1.14,4,450.219934
1.34,7,450.246485
1.14,4,450.262272
1.14,4,450.275181
1.14,4,450.288786
1.14,4,450.303072
-0.76,6,450.324678
1.24,6,450.346698
1.14,4,450.358878
1.19,5,450.378431
1.14,4,450.392344
1.14,4,450.405326
1.14,4,450.420626
1.14,4,450.434264
1.14,4,450.446171
1.14,4,450.462588
1.34,7,450.488384
1.13,5,450.508539
-0.81,5,450.526662
1.14,4,450.54068
1.28,7,450.568789
1.29,6,450.588702
-0.71,6,450.613089
1.44,8,450.644087
-0.83,7,451.279169
1.14,4,451.290801
1.19,5,451.308758
1.14,4,451.320259
1.14,4,451.333139
1.14,4,451.346883
1.14,4,451.360189
1.14,4,451.371547
1.24,6,451.461436
1.14,4,451.49359
1.14,4,451.507064
1.14,4,451.51968
1.14,4,451.533228
1.14,4,451.548168
1.19,5,451.564524
1.19,5,451.579853
1.14,4,451.593409
1.14,4,451.606336
1.14,4,451.618705
1.14,4,451.632133
1.14,4,451.645058
1.14,4,451.658969
1.14,4,451.674438
1.19,5,451.68867
1.19,5,451.702557
1.14,4,451.715353
1.14,4,451.726034
-0.76,6,451.7474
1.14,4,451.759798
1.14,4,451.771832
1.14,4,451.7829
1.14,4,451.794695
1.14,4,451.805304
1.14,4,451.818035
1.14,4,451.830278
1.14,4,451.84156
1.14,4,451.853501
1.14,4,451.864306
1.14,4,451.875065
1.14,4,451.887412
-0.67,8,451.910386
-0.82,6,451.931709
1.14,4,451.945113
-0.78,8,451.973613
1.14,4,451.986234
1.14,4,451.997787
1.14,4,452.010514
1.14,4,452.022284
1.29,6,452.041247
1.34,7,452.061014
1.14,4,452.07211
1.19,5,452.083813
1.14,4,452.093901
1.19,5,452.107767
1.14,4,452.119914
1.34,7,452.137098
-0.61,8,452.163858
1.19,5,452.180413
1.14,4,452.193352
1.14,4,452.205154
1.14,4,452.21748
1.19,5,452.232993
1.14,4,452.24514
1.14,4,452.256503
-0.77,7,452.279744
1.19,5,452.293945
1.14,4,452.3065
1.14,4,452.319515
1.14,4,452.331845
1.29,6,452.348986
1.14,4,452.360696
1.14,4,452.372877
1.19,5,452.386708
1.14,4,452.398974
1.14,4,452.411523
1.14,4,452.423872
1.14,4,452.436274
1.19,5,452.452115
1.19,5,452.468882
1.14,4,452.481521
1.14,4,452.494099
1.14,4,452.506464
1.14,4,452.518551
1.19,5,452.53367
-0.86,4,452.545782
1.34,7,452.566743
1.14,4,452.578956
1.14,4,452.589193
1.14,4,452.600804
1.29,7,452.62293
1.19,5,452.639057
1.14,4,452.6497
1.19,5,452.665412
1.19,5,452.680012
1.14,4,452.692006
1.18,6,452.71009
1.14,4,452.722392
1.14,4,452.734847
1.14,4,452.747277
1.19,5,452.762462
1.14,4,452.77269
1.14,4,452.784366
1.19,5,452.800716
1.28,8,452.824224
1.14,4,452.834214
1.27,8,452.856694
1.14,4,452.868656
1.14,4,452.879637
1.19,5,452.894719
1.19,5,452.910671
1.14,4,452.923281
1.14,4,452.936193
1.14,4,452.946721
1.14,4,452.959724
1.14,4,452.971027
1.14,4,452.983606
1.14,4,452.996044
1.14,4,453.008324
1.14,4,453.021346
1.14,4,453.034767
1.14,4,453.045926
1.14,4,453.056403
1.14,4,453.068637
-0.82,7,453.089276
1.14,4,453.101848
1.19,5,453.116678
1.14,4,453.128567
1.14,4,453.140689
1.14,4,453.153957
1.19,5,453.166695
-0.81,6,453.186854
1.14,4,453.199513
1.14,4,453.211233
-0.91,4,453.22548
1.14,4,453.238014
1.19,5,453.255349
1.14,4,453.26781
1.29,6,453.287173
1.23,7,453.306896
1.19,5,453.374959
1.14,4,453.394696
1.13,5,453.412096
1.19,5,453.426736
1.19,5,453.443011
1.19,5,453.459555
1.14,4,453.470957
1.14,4,453.484277
1.14,4,453.497295
1.14,4,453.510702
1.14,4,453.523503
1.14,4,453.533567
1.14,4,453.546369
1.24,6,453.566679
1.14,4,453.580297
1.19,5,453.596109
1.34,7,453.617798
1.14,4,453.631052
1.14,4,453.643436
1.14,4,453.655693
1.14,4,453.66743
1.14,4,453.6805
1.14,4,453.692369
1.14,4,453.703592
1.14,4,453.715533
1.14,4,453.728698
1.14,4,453.742037
1.14,4,453.754202
1.14,4,453.766684
1.19,5,453.782645
1.14,4,453.79619
-0.81,5,453.81344
1.24,6,453.833665
1.19,5,453.850546
1.19,5,453.866749
1.19,5,453.8814
1.14,4,453.895318
1.14,4,453.909496
1.14,4,453.92123
1.14,4,453.934292
1.34,7,453.958966
1.14,4,453.971437
-0.81,5,453.991909
1.18,6,454.015033
-0.92,5,454.032772
1.14,4,454.046497
1.14,4,454.059203
1.14,4,454.069772
1.18,6,454.090426
1.14,4,454.102504
1.14,4,454.11345
1.19,5,454.127485
1.14,4,454.141198
1.14,4,454.155473
1.18,6,454.180447
1.14,4,454.196209
1.14,4,454.211114
1.14,4,454.228455
1.14,4,454.244527
-0.97,4,454.264581
1.14,4,454.281835
1.14,4,454.297158
1.34,7,454.329117
1.14,4,454.343646
1.34,7,454.373768
-0.76,6,454.403321
1.29,6,454.427839
1.14,4,454.445038
1.14,4,454.462065
1.14,4,454.480781
1.19,5,454.501881
1.19,5,454.524114
1.14,4,454.575867
1.14,4,454.644329
1.29,6,454.67082
1.29,6,454.696244
-0.76,6,454.716686
1.14,4,454.728177
-0.99,6,454.745204
1.14,4,454.758113
1.14,4,454.770368
1.14,4,454.779888
1.14,4,454.7915
1.14,4,454.802629
1.14,4,454.815049
1.14,4,454.825658
1.14,4,454.836694
1.14,4,454.849356
1.14,4,454.863159
1.14,4,454.87792
1.14,4,454.888899
1.24,5,454.902103
1.19,5,454.916024
1.14,4,454.928123
1.14,4,454.939711
1.14,4,454.949234
1.14,4,454.959614
-0.82,6,454.979641
1.14,4,454.991201
-0.76,6,455.010365
1.34,7,455.03151
1.14,4,455.043638
1.14,4,455.057443
1.14,4,455.069765
1.14,4,455.080626
1.19,5,455.094767
1.14,4,455.106868
1.19,5,455.122975
1.14,4,455.134794
1.14,4,455.147366
1.19,5,455.162409
1.14,4,455.177053
1.14,4,455.190053
1.19,5,455.207045
1.14,4,455.218294
1.14,4,455.231915
1.14,4,455.245865
1.14,4,455.258898
-0.76,6,455.275961
1.14,4,455.286701
1.19,5,455.303292
1.19,5,455.320589
-0.76,6,455.34325
1.14,4,455.356072
1.18,6,455.374812
1.14,4,455.386179
1.19,5,455.398707
1.14,4,455.411846
1.14,4,455.424475
1.14,4,455.435694
1.14,4,455.448189
1.14,4,455.461672
1.14,4,455.474362
1.14,4,455.486089
1.14,4,455.498525
1.14,4,455.511175
1.14,4,455.520952
1.14,4,455.532808
1.14,4,455.545432
1.14,4,455.558076
1.19,5,455.574153
1.18,6,455.593236
1.14,4,455.605205
1.14,4,455.618086
1.14,4,455.630955
1.14,4,455.643501
1.14,4,455.656237
1.14,4,455.669152
1.19,5,455.686979
1.14,4,455.699662
1.14,4,455.712716
1.14,4,455.724298
1.19,5,455.735907
1.33,8,455.757094
1.14,4,455.767176
1.24,6,455.785837
1.14,4,455.798912
1.14,4,455.811457
1.14,4,455.824602
1.14,4,455.835989
1.19,5,455.851096
-0.76,6,455.866827
1.14,4,455.878648
1.13,5,455.894839
1.14,4,455.906353
1.19,5,455.921389
1.14,4,455.931066
1.14,4,455.94342
1.14,4,455.955385
1.19,5,455.969442
1.14,4,455.978671
1.14,4,455.990816
1.14,4,456.000566
-0.79,9,456.032002
1.14,4,456.044876
1.29,6,456.064054
1.14,4,456.076406
1.14,4,456.088702
1.34,7,456.110384
1.14,4,456.122651
1.14,4,456.134396
1.19,5,456.150432
-0.66,7,456.173866
1.14,4,456.184484
1.14,4,456.196471
1.14,4,456.208348
1.14,4,456.217963
1.14,4,456.230114
1.14,4,456.240745
1.14,4,456.251269
1.39,8,456.32169
1.14,4,456.342685
1.14,4,456.356498
1.28,7,456.373293
1.14,4,456.384515
1.14,4,456.396432
1.19,5,456.409038
1.14,4,456.419586
1.14,4,456.43124
-0.67,8,456.455578
1.14,4,456.467637
1.14,4,456.481025
1.14,4,456.494449
1.29,6,456.511651
1.14,4,456.522912
-0.82,6,456.540509
1.14,4,456.551581
1.18,6,456.570655
1.19,5,456.581009
-0.76,6,456.600003
1.14,4,456.611887
-0.76,6,456.632318
1.14,4,456.644546
1.14,4,456.656717
-0.87,6,456.674929
1.14,4,456.687433
-0.99,6,456.706262
1.14,4,456.717743
1.14,4,456.730059
1.14,4,456.741055
1.13,5,456.756185
1.14,4,456.764904
1.14,4,456.776034
1.14,4,456.788184
1.14,4,456.799845
1.19,5,456.813212
1.14,4,456.824007
1.19,5,456.837132
1.14,4,456.848749
1.14,4,456.85935
1.14,4,456.86868
1.14,4,456.880155
1.14,4,456.893417
1.14,4,456.905496
1.13,5,456.920904
1.14,4,456.93285
1.14,4,456.944832
1.14,4,456.957015
1.14,4,456.968737
1.14,4,456.980347
1.14,4,456.992774
1.14,4,457.003811
1.14,4,457.015989
1.14,4,457.026863
1.14,4,457.039605
1.14,4,457.051913
1.14,4,457.064621
1.14,4,457.077176
1.14,4,457.088972
1.14,4,457.098155
1.14,4,457.10942
1.19,5,457.123951
-0.78,8,457.145621
-0.81,5,457.160745
1.19,5,457.175441
1.14,4,457.188007
1.14,4,457.199693
1.14,4,457.211934
1.14,4,457.223426
1.14,4,457.233336
1.14,4,457.245703
1.14,4,457.256997
1.19,5,457.268699
1.14,4,457.280343
1.14,4,457.290881
1.14,4,457.302157
1.14,4,457.31524
1.13,5,457.330511
1.14,4,457.342154
1.18,6,457.36154
1.14,4,457.372937
1.14,4,457.381772
1.14,4,457.393044
1.14,4,457.405751
1.28,7,457.425374
1.14,4,457.437812
1.33,8,457.461905
1.14,4,457.474253
-0.66,10,457.505746
1.19,5,457.516622
1.14,4,457.52852
1.14,4,457.540267
1.19,5,457.555509
1.19,5,457.568445
1.14,4,457.580811
1.14,4,457.592737
1.14,4,457.604756
1.14,4,457.616196
1.14,4,457.625839
1.14,4,457.638853
1.28,7,457.66258
1.14,4,457.674629
1.14,4,457.683444
1.14,4,457.697484
1.14,4,457.711703
1.14,4,457.725959
1.14,4,457.741063
1.19,5,457.757865
1.14,4,457.770461
1.29,6,457.793522
1.14,4,457.806287
1.18,6,457.825326
1.14,4,457.837224
1.39,8,457.860954
1.14,4,457.87348
1.14,4,457.886351
1.19,5,457.903723
1.19,5,457.919313
1.14,4,457.93081
1.14,4,457.942136
1.14,4,457.956284
1.14,4,457.971444
-1.0,7,457.996537
-0.71,6,458.022682
1.14,4,458.037085
1.14,4,458.054331
1.29,7,458.082051
1.19,5,458.100765
1.14,4,458.11644
1.14,4,458.130229
1.19,5,458.146522
1.14,4,458.161673
1.19,5,458.178372
1.14,4,458.191285
1.14,4,458.200843
1.19,5,458.215459
1.54,9,458.246151
1.14,4,458.258172
1.14,4,458.270305
-0.91,4,458.280553
1.14,4,458.292396
-0.86,4,458.304156
1.14,4,458.313484
1.14,4,458.32562
1.23,7,458.346089
1.14,4,458.357522
1.14,4,458.369768
1.14,4,458.382184
1.14,4,458.392334
1.14,4,458.401764
-0.69,7,458.425202
1.14,4,458.435369
1.19,5,458.45118
-0.79,9,458.476544
1.28,7,458.49617
1.14,4,458.508258
1.14,4,458.520931
1.14,4,458.532903
1.14,4,458.545443
1.14,4,458.558417
-0.81,6,458.579252
1.14,4,458.591948
1.24,6,458.611776
1.34,7,458.630364
1.19,5,458.646114
1.14,4,458.658413
1.14,4,458.67062
1.14,4,458.682167
1.19,5,458.69542
1.24,6,458.715581
1.14,4,458.726954
1.18,6,458.745217
1.14,4,458.757991
1.14,4,458.770738
1.14,4,458.782219
1.14,4,458.792495
1.14,4,458.804878
1.14,4,458.8168
1.14,4,458.828779
1.19,5,458.845209
1.14,4,458.858299
1.14,4,458.870589
1.14,4,458.881458
1.14,4,458.894082
1.14,4,458.905688
1.14,4,458.917637
1.14,4,458.929594
1.14,4,458.941634
1.14,4,458.951778
1.14,4,458.961492
1.14,4,458.972019
1.19,5,458.986034
1.14,4,458.998361
1.14,4,459.011101
1.14,4,459.024206
1.14,4,459.03671
1.14,4,459.048593
1.34,7,459.069654
1.14,4,459.08053
1.14,4,459.092123
1.14,4,459.103278
1.19,5,459.11716
1.34,7,459.138472
1.14,4,459.150052
1.14,4,459.161732
1.14,4,459.172737
1.14,4,459.182979
1.14,4,459.195086
1.14,4,459.206683
1.14,4,459.217983
1.19,5,459.233181
1.14,4,459.242923
1.14,4,459.254982
1.14,4,459.271359
1.14,4,459.324576
1.14,4,459.343409
1.24,6,459.361031
1.14,4,459.37338
1.19,5,459.386771
1.19,5,459.40114
-0.81,6,459.420057
1.14,4,459.430289
1.14,4,459.442971
1.14,4,459.45584
-0.86,5,459.471484
1.14,4,459.483443
1.14,4,459.496913
1.14,4,459.510039
1.14,4,459.521796
1.14,4,459.530985
1.14,4,459.543303
1.14,4,459.554629
1.14,4,459.564797
1.14,4,459.576089
1.34,8,459.601641
1.19,5,459.616969
-0.87,6,459.634266
1.14,4,459.647006
1.14,4,459.660202
-0.91,4,459.673025
1.14,4,459.684675
1.24,6,459.701955
1.14,4,459.712774
1.14,4,459.724923
1.14,4,459.736829
-0.93,6,459.755748
1.14,4,459.766086
1.14,4,459.77921
1.14,4,459.791308
1.14,4,459.802574
1.14,4,459.813513
1.14,4,459.825258
1.14,4,459.836369
1.14,4,459.84764
1.14,4,459.85989
1.14,4,459.871321
1.14,4,459.882837
1.14,4,459.892806
1.34,7,459.915151
1.39,8,459.93717
1.14,4,459.948798
1.14,4,459.957641
1.14,4,459.970337
1.14,4,459.980115
1.18,6,459.996531
1.19,5,460.00902
1.19,5,460.023761
-0.76,6,460.044138
1.14,4,460.057111
1.14,4,460.070201
-0.91,4,460.083417
1.14,4,460.095897
1.34,7,460.112885
1.14,4,460.124689
1.34,7,460.148612
1.14,4,460.15989
-0.81,5,460.178829
1.14,4,460.190863
1.19,5,460.207714
1.14,4,460.220685
1.14,4,460.233165
1.14,4,460.24494
1.14,4,460.257084
-0.66,7,460.276935
1.14,4,460.289177
1.14,4,460.300588
1.29,6,460.321001
1.29,6,460.337841
1.14,4,460.347958
1.34,7,460.370201
1.14,4,460.382641
-0.84,8,460.408986
1.14,4,460.422487
-0.84,9,460.452828
1.14,4,460.464773
1.14,4,460.476931
1.14,4,460.490303
1.14,4,460.503209
1.14,4,460.513307
1.14,4,460.525244
-0.81,6,460.54464
1.14,4,460.557224
1.34,7,460.577047
1.29,6,460.596466
1.14,4,460.609219
1.14,4,460.622263
1.14,4,460.633065
1.36,7,460.650228
-0.71,7,460.66916
1.14,4,460.679341
1.14,4,460.690435
1.14,4,460.701506
1.14,4,460.713036
1.14,4,460.724289
1.14,4,460.73759
1.14,4,460.748706
-0.71,7,460.774104
1.13,5,460.789734
1.14,4,460.805553
1.19,5,460.822372
1.29,6,460.839494
1.14,4,460.852709
1.14,4,460.865693
-0.69,7,460.891487
1.14,4,460.904712
1.14,4,460.917284
1.14,4,460.92887
1.14,4,460.944029
1.14,4,460.958456
1.24,6,460.979781
1.14,4,460.993643
-0.94,7,461.022391
1.19,5,461.03998
1.19,5,461.057366
1.14,4,461.070995
1.14,4,461.086167
1.14,4,461.099585
1.14,4,461.112658
1.14,4,461.125992
1.34,7,461.149805
1.23,7,461.176626
1.14,4,461.191905
1.14,4,461.206439
1.14,4,461.219137
1.18,6,461.239149
-0.81,5,461.254191
1.19,5,461.270497
1.14,4,461.282353
1.34,7,461.301818
1.19,5,461.316981
1.41,8,461.341052
1.19,5,461.354413
1.14,4,461.365692
1.19,5,461.380952
1.14,4,461.393136
1.19,5,461.408612
1.19,5,461.425554
1.14,4,461.439561
1.19,5,461.458598
1.14,4,461.471644
1.14,4,461.48594
1.14,4,461.499243
1.29,6,461.519161
1.19,5,461.535469
1.14,4,461.546513
-0.77,7,461.570463
1.14,4,461.581603
1.14,4,461.593735
1.14,4,461.605562
1.14,4,461.620319
1.14,4,461.721239
1.19,5,461.757468
1.14,4,461.773141
1.14,4,461.788332
-0.71,7,461.82284
1.14,4,461.83822
1.36,7,461.872698
1.14,4,461.888845
1.14,4,461.907713
1.14,4,461.922244
1.14,4,461.937149
1.14,4,461.952391
1.14,4,461.965305
1.14,4,461.97858
1.14,4,461.993466
1.3,7,462.024839
1.14,4,462.040653
1.14,4,462.055947
1.14,4,462.070729
1.14,4,462.085361
1.14,4,462.099277
1.14,4,462.114247
1.14,4,462.126989
1.14,4,462.143024
-0.76,6,462.167653
1.14,4,462.179117
1.23,7,462.212859
1.14,4,462.228432
1.14,4,462.333314
1.14,4,462.348864
1.14,4,462.363195
1.14,4,462.38482
1.14,4,462.401092
1.14,4,462.416557
1.19,5,462.435576
1.13,5,462.455549
1.14,4,462.471876
1.24,6,462.498234
1.14,4,462.51808
-0.86,5,462.542267
1.14,4,462.560613
1.14,4,462.577805
1.14,4,462.593754
1.19,5,462.614258
1.14,4,462.631539
1.14,4,462.651687
1.14,4,462.66747
1.14,4,462.680568
1.14,4,462.695069
1.14,4,462.708641
1.14,4,462.721281
1.14,4,462.733032
1.14,4,462.745317
1.19,5,462.762319
1.14,4,462.773166
1.14,4,462.78554
-0.66,8,462.813389
1.19,5,462.82668
1.14,4,462.839071
1.14,4,462.851922
1.14,4,462.864933
1.14,4,462.877036
1.14,4,462.890249
1.14,4,462.902023
1.14,4,462.914341
1.19,5,462.92751
1.14,4,462.940388
1.28,7,462.959683
1.14,4,462.971722
1.14,4,462.985084
1.14,4,462.997735
1.14,4,463.010532
-0.71,7,463.036305
1.14,4,463.048703
-0.77,7,463.069013
1.14,4,463.080581
1.14,4,463.090713
1.34,7,463.109298
1.19,5,463.124442
1.14,4,463.138317
1.14,4,463.151801
-0.71,7,463.175696
-0.81,6,463.195964
1.28,7,463.217339
1.14,4,463.22892
1.14,4,463.238852
1.14,4,463.250883
1.14,4,463.261442
1.14,4,463.272723
1.13,5,463.287131
1.14,4,463.299904
1.29,6,463.318849
1.14,4,463.330971
1.19,5,463.342483
1.14,4,463.355091
1.19,5,463.370376
1.14,4,463.38332
1.14,4,463.395123
1.14,4,463.407176
1.14,4,463.420135
1.14,4,463.43139
1.14,4,463.441659
1.19,5,463.455838
1.14,4,463.469046
1.14,4,463.482552
1.14,4,463.492652
1.14,4,463.504478
1.14,4,463.517473
1.14,4,463.529984
1.14,4,463.539358
1.14,4,463.551416
1.14,4,463.560864
1.14,4,463.570342
1.28,7,463.589701
1.19,5,463.602707
1.24,6,463.621742
1.19,5,463.638627
1.34,7,463.658767
-0.77,7,463.67991
1.14,4,463.690913
1.14,4,463.703673
1.14,4,463.716653
1.14,4,463.728187
1.14,4,463.740124
1.14,4,463.752857
1.14,4,463.764531
1.19,5,463.779946
1.19,5,463.79295
1.14,4,463.806229
1.29,6,463.826039
1.29,6,463.845123
1.19,5,463.860112
1.14,4,463.870463
1.14,4,463.882645
1.14,4,463.89413
1.14,4,463.906544
1.34,7,463.930405
1.14,4,463.940778
1.14,4,463.953075
1.14,4,463.966196
1.19,5,463.981013
1.19,5,463.99602
-0.92,5,464.011533
1.14,4,464.023851
1.14,4,464.036454
1.14,4,464.05055
1.14,4,464.062685
1.14,4,464.072958
1.14,4,464.085336
-0.66,7,464.106049
1.14,4,464.118495
1.14,4,464.129393
-0.86,4,464.141791
1.14,4,464.15447
1.19,5,464.170307
1.19,5,464.187365
1.14,4,464.200899
1.14,4,464.212594
1.14,4,464.224827
1.14,4,464.236136
1.19,5,464.25163
1.19,5,464.266655
1.14,4,464.281964
1.19,5,464.294842
1.14,4,464.304816
1.14,4,464.31737
1.14,4,464.329293
1.19,5,464.345859
1.14,4,464.358503
1.14,4,464.37212
1.34,7,464.397936
1.14,4,464.40721
-0.67,8,464.435007
1.19,5,464.452879
1.29,7,464.479326
-0.66,8,464.509436
1.19,5,464.528173
1.14,4,464.540832
1.19,5,464.555484
1.14,4,464.569736
1.14,4,464.583292
1.14,4,464.595693
-0.81,5,464.613891
1.14,4,464.625398
1.14,4,464.636278
1.14,4,464.646514
1.19,5,464.659375
1.14,4,464.671481
1.14,4,464.683309
-0.86,4,464.69617
1.14,4,464.711329
1.19,5,465.337846
1.54,9,465.361734
1.19,5,465.379843
1.14,4,465.391896
1.14,4,465.404208
1.14,4,465.417084
1.24,6,465.436686
1.14,4,465.449011
1.14,4,465.461013
1.44,8,465.486009
1.19,5,465.501227
-0.71,7,465.523831
1.14,4,465.535821
1.14,4,465.548615
1.14,4,465.561613
-0.77,7,465.587446
1.14,4,465.599751
-0.67,8,465.623313
1.14,4,465.635589
1.14,4,465.648165
1.14,4,465.660041
1.14,4,465.671093
1.14,4,465.68428
1.14,4,465.696875
1.19,5,465.711362
1.14,4,465.724669
-0.92,5,465.739838
1.14,4,465.752829
1.28,7,465.77498
1.14,4,465.791578
1.14,4,465.805592
1.14,4,465.81957
1.14,4,465.833466
1.14,4,465.846749
1.14,4,465.860935
1.14,4,465.874699
1.14,4,465.890731
1.14,4,465.904049
1.14,4,465.917649
1.19,5,465.93595
1.14,4,465.951074
1.14,4,466.033128
1.14,4,466.058926
1.14,4,466.074356
1.14,4,466.09035
1.14,4,466.10416
1.14,4,466.118382
1.14,4,466.133419
1.14,4,466.148329
1.29,6,466.172313
1.14,4,466.185542
-0.81,6,466.209972
-0.83,7,466.317038
1.19,5,466.342556
1.34,7,466.377217
1.14,4,466.394629
1.19,5,466.415751
1.14,4,466.430101
1.29,6,466.454258
1.14,4,466.46859
1.14,4,466.483209
1.19,5,466.502071
1.34,7,466.530008
1.14,4,466.543654
1.14,4,466.558162
1.43,10,466.597857
1.39,8,466.629983
1.19,5,466.649503
1.14,4,466.66505
1.14,4,466.679516
1.14,4,466.694204
1.14,4,466.713276
1.14,4,466.728629
1.14,4,466.744893
1.14,4,466.758843
1.14,4,466.772867
1.19,5,466.790696
1.19,5,466.8101
1.12,6,466.832477
1.14,4,466.846715
1.14,4,466.86345
1.14,4,466.879598
1.36,7,466.906403
1.14,4,466.923928
1.14,4,466.9399
1.14,4,466.954264
1.14,4,466.968018
1.14,4,466.983062
1.14,4,466.998924
1.19,5,467.019634
1.35,8,467.052501
1.14,4,467.067794
1.13,5,467.087245
1.18,6,467.114295
1.14,4,467.127025
1.14,4,467.141538
1.19,5,467.159357
1.14,4,467.174146
1.14,4,467.188319
1.19,5,467.206872
1.19,5,467.226502
1.14,4,467.24176
1.19,5,467.262459
1.14,4,467.276492
1.14,4,467.289821
1.14,4,467.303762
1.14,4,467.318797
1.19,5,467.336442
1.14,4,467.352527
-0.76,6,467.379861
1.14,4,467.391139
1.14,4,467.406866
1.14,4,467.42366
1.29,6,467.446704
1.14,4,467.45713
1.14,4,467.469987
1.14,4,467.483001
1.29,6,467.502471
1.29,6,467.520498
1.14,4,467.532215
1.14,4,467.545699
1.14,4,467.555331
1.14,4,467.566662
1.29,6,467.583853
1.14,4,467.596742
-0.73,8,467.617728
1.19,5,467.632191
1.19,5,467.647305
1.19,5,467.663076
1.14,4,467.675021
1.24,6,467.694615
1.19,5,467.707673
1.14,4,467.718493
1.14,4,467.729866
1.19,5,467.74451
1.34,7,467.762907
1.14,4,467.774362
1.19,5,467.786675
1.14,4,467.799068
1.14,4,467.811184
1.14,4,467.823697
1.13,5,467.837901
1.29,6,467.855287
1.23,7,467.877581
1.13,5,467.890308
1.18,6,467.909447
1.14,4,467.922123
1.14,4,467.935453
1.14,4,467.951088
1.14,4,467.964583
1.14,4,467.97481
1.14,4,467.98749
1.14,4,468.000612
1.34,7,468.022305
1.14,4,468.034912
1.14,4,468.046698
-0.83,7,468.070278
1.14,4,468.082803
1.14,4,468.094214
1.14,4,468.106348
1.18,6,468.124429
1.37,10,468.1518
-0.78,8,468.172395
1.14,4,468.185366
1.14,4,468.197264
1.14,4,468.208554
1.14,4,468.218179
1.19,5,468.231262
1.14,4,468.240089
1.14,4,468.251784
1.34,7,468.27345
1.14,4,468.286028
1.14,4,468.298743
-0.82,6,468.318171
-0.8,10,468.347278
1.19,5,468.362968
1.14,4,468.375254
1.14,4,468.388239
1.14,4,468.401334
1.14,4,468.413912
1.14,4,468.427182
1.14,4,468.43877
1.19,5,468.454272
-0.91,4,468.467486
1.14,4,468.480072
1.14,4,468.491573
1.14,4,468.501426
1.14,4,468.51301
1.19,5,468.526739
1.14,4,468.539132
-0.92,5,468.552744
1.14,4,468.564963
1.29,7,468.58589
1.14,4,468.597595
1.14,4,468.609686
1.14,4,468.622473
1.14,4,468.636002
1.14,4,468.650179
1.14,4,468.663115
1.14,4,468.674699
1.19,5,468.686368
1.14,4,468.698729
1.14,4,468.71091
1.14,4,468.722719
1.14,4,468.736799
1.14,4,468.749509
1.14,4,468.762453
1.14,4,468.774283
1.14,4,468.783449
1.34,7,468.80536
1.14,4,468.818789
1.14,4,468.831369
1.14,4,468.843285
1.14,4,468.855365
-0.92,5,468.872195
1.14,4,468.885458
1.14,4,468.898667
1.14,4,468.911713
1.19,5,468.927279
-0.62,8,468.955462
1.14,4,468.966738
1.14,4,468.978464
1.14,4,468.990396
1.14,4,469.001433
1.14,4,469.013767
1.14,4,469.024714
1.19,5,469.03998
-0.81,5,469.054833
1.14,4,469.067155
1.14,4,469.078127
1.14,4,469.086998
1.14,4,469.09853
1.14,4,469.111162
1.14,4,469.122382
1.19,5,469.137331
1.38,8,469.161709
1.19,5,469.175641
1.14,4,469.187447
1.14,4,469.199122
1.19,5,469.214023
1.14,4,469.224187
1.23,7,469.24086
1.14,4,469.252848
1.13,5,469.311299
-0.76,6,469.336697
1.14,4,469.348078
1.14,4,469.360691
1.19,5,469.372224
1.14,4,469.384583
1.14,4,469.396332
1.14,4,469.407285
1.14,4,469.418793
1.14,4,469.431093
1.14,4,469.441166
1.19,5,469.455313
1.14,4,469.468953
1.19,5,469.485515
1.14,4,469.498336
1.46,9,469.528651
1.14,4,469.540302
1.19,5,469.555959
-0.66,7,469.580991
1.14,4,469.59383
1.14,4,469.605868
1.14,4,469.615696
1.38,8,469.635305
1.13,5,469.650425
1.24,6,469.669109
1.14,4,469.681772
-0.81,5,469.698032
1.14,4,469.710518
1.19,5,469.725777
1.19,5,469.742018
1.19,5,469.757846
1.14,4,469.767706
1.14,4,469.779836
1.14,4,469.790627
1.14,4,469.799265
1.14,4,469.810747
1.14,4,469.822362
1.19,5,469.838508
1.13,5,469.853616
1.14,4,469.866745
1.14,4,469.880114
1.14,4,469.893543
1.14,4,469.906002
-0.77,7,469.927402
1.14,4,469.939173
-0.98,5,469.951788
1.29,6,469.970978
1.14,4,469.983195
1.19,5,469.997423
1.18,6,470.015907
1.14,4,470.028741
-0.86,4,470.041376
-0.72,7,470.063935
1.14,4,470.074589
1.14,4,470.086466
1.14,4,470.097045
1.14,4,470.107239
1.14,4,470.117775
1.14,4,470.128118
1.24,6,470.147262
1.14,4,470.159585
1.14,4,470.171235
1.14,4,470.181452
1.14,4,470.193799
1.14,4,470.205219
1.14,4,470.215225
1.14,4,470.224742
-0.76,6,470.245048
1.14,4,470.257269
1.14,4,470.269059
-0.87,6,470.288356
1.14,4,470.299855
1.19,5,470.315509
1.14,4,470.326876
1.13,5,470.340241
1.19,5,470.354594
1.14,4,470.364621
1.34,7,470.384249
1.14,4,470.397047
1.14,4,470.408658
1.19,5,470.424602
1.14,4,470.434861
1.19,5,470.450062
1.14,4,470.46116
1.14,4,470.47239
1.14,4,470.481887
1.14,4,470.493399
1.14,4,470.50473
1.14,4,470.516578
1.14,4,470.527873
1.19,5,470.540626
1.14,4,470.550927
1.14,4,470.563382
-0.77,7,470.585491
1.18,6,470.601124
1.19,5,470.613447
1.14,4,470.624924
1.14,4,470.634961
1.19,5,470.650683
-0.82,6,470.671121
-0.76,6,470.68991
1.14,4,470.70193
1.14,4,470.714243
1.19,5,470.729171
1.14,4,470.740593
1.14,4,470.752825
1.14,4,470.766549
1.49,9,470.796497
1.14,4,470.805638
1.14,4,470.815222
1.14,4,470.826992
1.14,4,470.838208
1.19,5,470.850448
1.28,7,470.871948
1.14,4,470.883955
1.14,4,470.896547
1.19,5,470.911632
1.14,4,470.921504
1.19,5,470.936623
1.14,4,470.950149
1.14,4,470.961549
1.14,4,470.973217
1.14,4,470.98333
1.34,7,471.004014
1.14,4,471.014722
1.14,4,471.026772
1.34,7,471.050247
1.14,4,471.063451
1.29,6,471.08076
1.14,4,471.092757
1.14,4,471.103463
1.14,4,471.116018
1.14,4,471.126775
1.14,4,471.138081
1.14,4,471.148506
1.14,4,471.159979
1.14,4,471.169252
1.14,4,471.179036
1.14,4,471.189676
1.14,4,471.201656
1.14,4,471.213699
1.14,4,471.226439
1.19,5,471.242512
1.19,5,471.258921
1.14,4,471.270565
1.19,5,471.283762
1.14,4,471.29636
1.14,4,471.309032
1.14,4,471.318349
1.14,4,471.328431
1.14,4,471.339715
1.14,4,471.349755
1.36,7,471.372383
1.14,4,471.384521
1.13,5,471.401112
1.13,5,471.416698
1.14,4,471.429755
1.14,4,471.443066
1.14,4,471.455614
1.14,4,471.468375
1.14,4,471.479334
1.14,4,471.488651
1.14,4,471.497683
1.14,4,471.508892
1.14,4,471.517944
1.14,4,471.530654
1.14,4,471.543537
1.14,4,471.553138
1.14,4,471.565767
1.14,4,471.577752
1.14,4,471.591556
-0.77,7,471.616131
-0.81,6,471.636835
1.14,4,471.650028
1.24,6,471.671318
1.14,4,471.68396
1.14,4,471.695419
1.14,4,471.706602
1.14,4,471.718722
1.19,5,471.733258
1.14,4,471.747195
1.14,4,471.760024
1.14,4,471.772465
1.14,4,471.783321
1.19,5,471.800344
1.14,4,471.813196
1.14,4,471.826133
1.14,4,471.838237
1.14,4,471.849065
1.14,4,471.861853
1.14,4,471.874701
1.14,4,471.886411
-0.66,7,471.910099
1.14,4,471.922109
-0.85,9,472.002314
1.14,4,472.026389
1.14,4,472.039979
1.19,5,472.05618
1.14,4,472.07337
1.14,4,472.130635
1.14,4,472.146701
1.19,5,472.163043
1.14,4,472.175346
1.14,4,472.184704
1.19,5,472.199265
1.14,4,472.211581
1.14,4,472.22294
1.14,4,472.234261
1.14,4,472.246054
1.34,7,472.266812
1.14,4,472.277974
1.14,4,472.289937
-0.71,6,472.308239
1.14,4,472.320135
1.13,5,472.332387
1.24,6,472.350207
1.14,4,472.36265
1.14,4,472.374036
1.14,4,472.384776
1.14,4,472.394677
1.14,4,472.405766
1.14,4,472.417429
1.14,4,472.429286
1.14,4,472.442346
1.14,4,472.454759
1.14,4,472.466787
1.14,4,472.479268
1.14,4,472.491191
1.14,4,472.502266
-0.93,6,472.520592
-0.72,8,472.545387
1.14,4,472.557223
1.14,4,472.568356
1.14,4,472.581539
1.29,6,472.601232
1.19,5,472.617934
1.14,4,472.631748
1.25,8,472.658935
1.14,4,472.668982
1.32,9,472.697115
1.34,7,472.717556
1.19,5,472.734442
1.14,4,472.747927
1.14,4,472.761424
1.14,4,472.773438
1.14,4,472.784189
1.19,5,472.800426
1.14,4,472.811096
1.14,4,472.822538
1.14,4,472.833441
1.14,4,472.845289
-0.82,6,472.861612
1.14,4,472.870208
1.14,4,472.882694
1.14,4,472.895287
1.14,4,472.908292
1.14,4,472.9201
1.14,4,472.928857
1.14,4,472.94101
1.14,4,472.952621
1.19,5,472.96973
1.34,7,472.991853
1.14,4,473.003782
-0.81,5,473.017732
1.14,4,473.030416
1.14,4,473.042331
1.14,4,473.054263
1.14,4,473.067161
-0.76,6,473.087729
1.14,4,473.10085
1.19,5,473.115812
1.14,4,473.129179
-0.92,5,473.146084
1.14,4,473.159032
1.14,4,473.170912
1.14,4,473.183549
1.14,4,473.196039
1.14,4,473.209033
1.14,4,473.221582
1.14,4,473.234202
1.14,4,473.247388
1.14,4,473.259932
1.14,4,473.270656
-0.71,6,473.292414
-0.82,6,473.310394
1.14,4,473.32187
1.14,4,473.333448
1.19,5,473.3486
1.19,5,473.362901
-0.66,9,473.394463
-0.79,5,473.412317
1.14,4,473.424888
1.19,5,473.440946
-0.81,5,473.455686
1.19,5,473.46865
-0.71,7,473.492704
1.14,4,473.50321
1.13,5,473.516269
1.34,7,473.536114
1.14,4,473.546634
1.19,5,473.561618
1.14,4,473.572944
1.14,4,473.583199
1.14,4,473.593653
1.19,5,473.607154
1.14,4,473.616649
1.14,4,473.629992
1.14,4,473.644267
1.14,4,473.657382
1.19,5,473.671961
1.14,4,473.684758
-0.76,6,473.707821
-0.76,6,473.724633
1.14,4,473.736388
1.14,4,473.74597
1.14,4,473.758096
1.14,4,473.768025
1.13,5,473.784559
1.14,4,473.79753
1.14,4,473.810267
1.14,4,473.82024
1.14,4,473.832112
1.14,4,473.843789
1.14,4,473.853794
1.14,4,473.86536
1.14,4,473.876742
-0.66,8,473.903475
1.14,4,473.916052
1.14,4,473.927928
1.29,6,473.947654
1.19,5,473.963906
1.19,5,473.978487
1.14,4,473.989796
1.19,5,474.001344
1.14,4,474.01362
1.19,5,474.030097
1.14,4,474.0421
1.14,4,474.051619
-0.88,6,474.072803
1.14,4,474.085444
-0.84,8,474.112281
1.14,4,474.123927
1.14,4,474.136528
1.14,4,474.14804
1.14,4,474.160482
1.14,4,474.172442
1.14,4,474.181574
1.14,4,474.195522
1.19,5,474.210635
1.14,4,474.22463
1.18,6,474.242982
1.19,5,474.254904
-0.56,9,474.281328
1.14,4,474.292703
1.14,4,474.303129
1.14,4,474.315794
1.14,4,474.328606
1.27,8,474.353468
1.14,4,474.365086
1.14,4,474.378247
1.14,4,474.390474
-0.76,6,474.409094
1.2,6,474.428604
1.14,4,474.442378
1.24,6,474.462133
1.14,4,474.474669
1.14,4,474.484999
1.14,4,474.497683
1.14,4,474.511348
1.14,4,474.523652
1.19,5,474.539831
1.14,4,474.552564
1.14,4,474.56555
1.43,9,474.593968
1.14,4,474.608697
1.14,4,474.621724
1.34,7,474.645294
1.14,4,474.658205
1.14,4,474.671259
1.18,6,474.691892
1.14,4,474.7051
1.14,4,474.717226
1.14,4,474.730774
1.19,5,474.749238
-0.86,8,474.774889
1.14,4,474.784147
1.14,4,474.797471
1.14,4,474.810956
1.14,4,474.821977
1.14,4,474.83047
1.14,4,474.842998
1.14,4,474.855303
1.14,4,474.867733
1.14,4,474.878314
1.14,4,474.890079
1.14,4,474.901386
1.14,4,474.91433
1.14,4,474.927958
1.14,4,474.993279
1.14,4,475.017521
1.14,4,475.030156
1.14,4,475.042507
1.14,4,475.052858
1.14,4,475.065764
1.29,6,475.084258
1.14,4,475.096792
1.14,4,475.108042
1.14,4,475.119112
1.14,4,475.128995
1.34,7,475.148284
1.14,4,475.161582
1.14,4,475.175042
1.14,4,475.184316
1.14,4,475.197509
1.14,4,475.210445
1.14,4,475.223154
1.14,4,475.235338
1.14,4,475.248992
-0.81,6,475.270696
1.14,4,475.283166
1.14,4,475.29688
1.14,4,475.310242
1.29,6,475.327368
1.14,4,475.339106
1.14,4,475.347799
1.14,4,475.35984
1.14,4,475.37229
1.14,4,475.381383
1.14,4,475.392638
1.14,4,475.402893
1.19,5,475.417891
1.14,4,475.430333
1.14,4,475.441968
1.14,4,475.452904
1.14,4,475.464502
1.14,4,475.476169
1.14,4,475.488853
1.14,4,475.499635
1.14,4,475.509034
1.19,5,475.52478
-0.68,10,475.55747
1.19,5,475.57341
1.29,6,475.59272
1.14,4,475.605696
-0.92,5,475.619796
1.14,4,475.62886
1.14,4,475.639796
1.24,6,475.657361
-0.81,5,475.674426
1.13,5,475.689141
1.14,4,475.700442
1.14,4,475.71231
1.14,4,475.723312
1.14,4,475.73441
1.24,6,475.752614
1.19,5,475.768153
1.14,4,475.78044
1.14,4,475.793297
1.14,4,475.806468
1.14,4,475.81868
-0.82,7,475.83859
1.19,5,475.853138
1.14,4,475.86191
1.14,4,475.873306
-0.78,9,475.900657
1.14,4,475.910013
1.19,5,475.925479
1.14,4,475.939506
1.19,5,475.956411
1.14,4,475.96853
1.14,4,475.981616
1.29,6,476.003356
-0.82,7,476.031054
1.14,4,476.04427
1.14,4,476.058262
1.14,4,476.072108
1.14,4,476.083868
1.14,4,476.096915
1.34,7,476.12197
1.14,4,476.131259
-0.87,6,476.153231
1.14,4,476.165413
1.29,6,476.183226
1.13,5,476.198915
1.18,6,476.218611
1.19,5,476.236451
1.34,7,476.261666
-0.81,5,476.277293
1.19,5,476.291382
1.14,4,476.30462
1.13,5,476.319877
1.14,4,476.333053
1.2,6,476.351796
1.14,4,476.363217
1.14,4,476.374669
1.19,5,476.389647
1.14,4,476.402168
1.14,4,476.413739
1.19,5,476.428397
1.14,4,476.442897
1.18,6,476.462729
1.14,4,476.476956
1.14,4,476.489482
1.14,4,476.501657
1.14,4,476.51362
1.14,4,476.527946
-0.91,4,476.54001
1.14,4,476.553319
1.19,5,476.568994
1.36,7,476.588788
1.14,4,476.601657
1.14,4,476.614315
1.19,5,476.62968
1.14,4,476.64367
1.14,4,476.657567
1.14,4,476.671543
1.14,4,476.683851
-0.57,10,476.71286
1.23,8,476.739877
1.27,8,476.762078
1.19,5,476.779669
1.14,4,476.792303
-0.77,7,476.82111
1.14,4,476.83495
1.14,4,476.847763
1.14,4,476.861704
1.19,5,476.878372
1.19,5,476.895225
1.14,4,476.908157
1.14,4,476.921223
1.14,4,476.936757
1.14,4,476.955748
1.14,4,476.978333
1.19,5,477.003083
1.19,5,477.027282
1.14,4,477.046438
1.14,4,477.070423
1.19,5,477.15574
1.14,4,477.184494
1.14,4,477.203347
1.14,4,477.216326
1.14,4,477.229903
1.14,4,477.242157
1.14,4,477.254225
1.14,4,477.266217
1.14,4,477.280653
1.14,4,477.291663
1.29,6,477.310448
1.14,4,477.323085
-0.72,8,477.351113
1.14,4,477.361608
-0.68,9,477.385428
1.14,4,477.396841
1.14,4,477.409175
1.14,4,477.421713
1.14,4,477.434146
1.19,5,477.44644
1.14,4,477.459235
1.14,4,477.471345
1.14,4,477.481931
1.19,5,477.496768
1.14,4,477.510323
1.24,6,477.530947
1.41,8,477.560541
1.14,4,477.57331
1.14,4,477.585999
1.14,4,477.595606
1.14,4,477.608478
1.14,4,477.620933
1.14,4,477.632649
1.19,5,477.646078
1.19,5,477.659149
1.14,4,477.671377
1.14,4,477.680311
1.14,4,477.693495
1.14,4,477.705985
1.14,4,477.718858
1.19,5,477.736018
1.14,4,477.746307
1.14,4,477.760078
1.14,4,477.773083
1.14,4,477.785954
1.14,4,477.79574
1.14,4,477.807232
1.14,4,477.817317
1.14,4,477.829538
1.14,4,477.843411
1.14,4,477.856204
1.14,4,477.867503
1.14,4,477.879032
-0.99,6,477.894757
1.34,7,477.919192
1.14,4,477.928231
1.14,4,477.942833
1.29,6,477.963024
1.14,4,477.976538
1.14,4,477.988272
1.14,4,477.999604
1.14,4,478.012557
1.14,4,478.02423
1.19,5,478.040222
1.19,5,478.102163
1.14,4,478.123227
1.14,4,478.135406
1.14,4,478.14608
-0.81,5,478.160156
1.14,4,478.172008
-0.98,5,478.187166
1.14,4,478.198582
1.14,4,478.210946
1.14,4,478.224264
1.14,4,478.238211
1.14,4,478.252094
1.14,4,478.264921
1.14,4,478.27897
1.14,4,478.293401
1.14,4,478.30753
1.14,4,478.320707
1.14,4,478.332927
1.14,4,478.345328
1.14,4,478.357237
1.14,4,478.370128
-0.74,10,478.401662
-0.77,7,478.421287
1.14,4,478.432796
1.14,4,478.445249
1.14,4,478.457805
1.13,5,478.474347
1.14,4,478.488768
1.14,4,478.503791
-0.75,11,478.545752
1.14,4,478.559708
-0.76,6,478.583242
1.14,4,478.597015
1.19,5,478.618709
1.14,4,478.635746
1.14,4,478.653805
1.14,4,478.671316
1.14,4,478.689212
1.14,4,478.707758
1.14,4,478.726188
1.14,4,478.743603
1.14,4,479.524596
1.14,4,479.535953
1.19,5,479.556576
1.14,4,479.571888
1.14,4,479.588223
1.14,4,479.605683
1.14,4,479.623073
1.14,4,479.642639
1.14,4,479.658968
1.18,6,479.686686
1.14,4,479.701067
1.29,6,479.72521
1.14,4,479.739031
1.14,4,479.753695
1.14,4,479.766726
1.14,4,479.778414
1.14,4,479.792117
1.14,4,479.806399
1.14,4,479.818905
1.34,7,479.840385
1.14,4,479.852889
1.14,4,479.865133
1.14,4,479.877939
1.14,4,479.889195
1.14,4,479.901517
1.14,4,479.913513
1.14,4,479.923519
-0.71,7,479.948095
-0.82,6,479.969544
1.19,5,479.98591
1.14,4,479.997908
1.19,5,480.012344
1.14,4,480.02531
1.13,5,480.042945
-0.81,6,480.063143
1.14,4,480.078905
1.14,4,480.092672
1.19,5,480.109036
1.34,7,480.134303
1.19,5,480.151509
1.19,5,480.170039
1.14,4,480.181392
1.34,7,480.211446
1.14,4,480.226735
1.33,8,480.257655
1.14,4,480.269202
1.14,4,480.282068
1.14,4,480.294026
1.14,4,480.309872
1.14,4,480.322987
1.14,4,480.336195
1.19,5,480.352927
1.14,4,480.365191
1.19,5,480.378745
1.33,8,480.407986
1.14,4,480.421653
1.14,4,480.435349
1.19,5,480.452963
1.14,4,480.467665
1.34,7,480.492017
1.14,4,480.506461
1.14,4,480.51918
1.14,4,480.529062
1.14,4,480.542144
1.14,4,480.555587
1.14,4,480.568139
1.14,4,480.580976
1.14,4,480.594987
1.14,4,480.610303
-0.83,7,480.640388
1.14,4,480.657498
1.14,4,480.675623
-0.71,7,480.707708
-0.87,6,480.737008
1.14,4,480.753584
1.19,5,480.772261
1.14,4,480.785111
1.24,6,480.81244
1.14,4,480.830975
1.14,4,480.847872
1.14,4,480.864017
1.14,4,480.879879
1.14,4,480.895643
1.14,4,480.914912
1.14,4,480.929573
1.14,4,480.944573
1.14,4,480.96185
-0.66,7,480.987983
1.34,7,481.013924
1.14,4,481.027508
1.14,4,481.04404
1.14,4,481.061069
1.14,4,481.074943
1.34,7,481.100426
1.14,4,481.112936
-0.91,4,481.123292
1.19,5,481.138302
1.14,4,481.150948
1.14,4,481.163014
1.14,4,481.175825
1.14,4,481.188088
1.14,4,481.200628
-0.99,6,481.216866
1.14,4,481.228203
1.14,4,481.240421
1.19,5,481.254893
1.14,4,481.267392
1.34,7,481.290262
1.33,8,481.324132
1.17,7,481.350563
1.19,5,481.368435
1.14,4,481.381772
1.19,5,481.399708
-0.76,6,481.418064
1.14,4,481.433024
1.14,4,481.445718
-0.82,6,481.468245
1.14,4,481.482807
1.19,5,481.499927
1.14,4,481.512352
1.49,9,481.546338
1.29,6,481.570204
1.19,5,481.588299
-0.73,9,481.622363
1.14,4,481.634667
1.14,4,481.647051
1.19,5,481.665985
1.14,4,481.678621
1.14,4,481.693905
1.19,5,481.713928
1.24,6,481.736053
1.18,6,481.759445
1.19,5,481.778291
1.19,5,481.797889
1.14,4,481.812905
1.14,4,481.826703
1.14,4,481.84219
1.14,4,481.857224
1.19,5,481.938295
1.34,7,481.965723
1.14,4,481.975333
1.19,5,481.991913
1.14,4,482.005941
1.14,4,482.020794
1.14,4,482.037053
1.14,4,482.053611
1.34,7,482.077394
1.14,4,482.09154
1.14,4,482.10483
1.14,4,482.117608
1.19,5,482.134359
1.14,4,482.143533
-0.86,5,482.157231
1.14,4,482.16942
1.14,4,482.18079
1.14,4,482.192407
1.14,4,482.204838
1.14,4,482.217249
1.29,6,482.236456
1.14,4,482.247981
1.13,5,482.263505
-0.86,4,482.277016
-0.76,6,482.29749
1.14,4,482.310093
1.29,6,482.328406
1.19,5,482.344521
1.14,4,482.360959
1.14,4,482.376304
1.29,7,482.408597
1.14,4,482.423333
1.14,4,482.437675
1.14,4,482.453863
1.14,4,482.470435
1.19,5,482.489931
1.14,4,482.506289
1.14,4,482.522062
1.14,4,482.536024
1.14,4,482.550663
1.19,5,482.571357
1.14,4,482.586696
1.14,4,482.601155
1.14,4,482.615108
1.14,4,482.627621
1.14,4,482.640942
1.14,4,482.655306
1.19,5,482.6732
1.39,8,482.704203
1.14,4,482.717814
1.14,4,482.730918
1.14,4,482.744258
1.14,4,482.757261
-0.76,6,482.778734
1.29,6,482.794027
1.14,4,482.807203
1.14,4,482.820552
1.14,4,482.833184
1.19,5,482.849903
1.14,4,482.8623
1.14,4,482.875484
1.14,4,482.889553
1.14,4,482.902211
1.14,4,482.911406
-0.78,8,482.935957
1.14,4,482.949563
1.14,4,482.961953
1.19,5,482.978417
1.14,4,482.991503
1.14,4,483.003778
-0.71,7,483.024657
1.19,5,483.041154
1.14,4,483.054998
1.14,4,483.069869
1.38,8,483.103573
1.14,4,483.120742
1.19,5,483.149512
1.14,4,483.240078
1.14,4,483.267231
1.14,4,483.282994
1.14,4,483.295383
1.14,4,483.310349
1.14,4,483.332174
1.36,7,483.369407
1.14,4,483.387264
1.14,4,483.406754
1.19,5,483.429217
1.14,4,483.444742
1.29,6,483.471939
1.14,4,483.48947
1.19,5,483.50883
-0.88,6,483.535319
1.14,4,483.55015
1.19,5,483.567943
1.14,4,483.581853
1.24,6,483.600071
1.14,4,483.610014
1.14,4,483.623731
1.14,4,483.636861
-0.91,4,483.651887
1.14,4,483.665007
1.14,4,483.67733
1.34,7,483.703371
1.14,4,483.718435
1.14,4,483.734141
1.14,4,483.749781
1.44,8,483.778152
1.14,4,483.793459
1.14,4,483.8079
1.14,4,483.825021
1.34,7,483.853468
1.29,6,483.877204
1.14,4,483.890784
1.14,4,483.904659
1.14,4,483.918098
1.14,4,483.933274
1.14,4,483.947342
1.14,4,483.959809
1.14,4,483.974087
1.14,4,483.987114
1.14,4,484.000467
1.14,4,484.013377
1.14,4,484.02547
1.14,4,484.039121
1.14,4,484.05195
1.14,4,484.066215
1.14,4,484.07881
1.14,4,484.090266
1.14,4,484.103539
1.14,4,484.117322
1.14,4,484.129618
1.19,5,484.146672
1.18,6,484.166742
-0.66,7,484.188572
1.14,4,484.201336
1.24,6,484.219691
1.14,4,484.233261
1.14,4,484.246342
1.14,4,484.258903
1.14,4,484.271998
1.14,4,484.285459
1.14,4,484.298881
-0.81,6,484.319528
1.14,4,484.334126
1.14,4,484.348988
1.14,4,484.365136
1.14,4,484.382735
1.14,4,484.413611
1.14,4,484.428116
1.19,5,484.447523
1.14,4,484.460412
1.14,4,484.470238
1.14,4,484.480677
1.14,4,484.492408
1.14,4,484.504914
1.14,4,484.516526
1.14,4,484.528666
1.14,4,484.538483
1.14,4,484.550243
1.14,4,484.561684
1.29,6,484.580433
1.14,4,484.591986
1.14,4,484.602818
1.29,6,484.618033
1.14,4,484.630376
1.19,5,484.641484
1.14,4,484.653588
1.14,4,484.666356
1.14,4,484.676285
1.14,4,484.68943
1.14,4,484.70246
1.29,6,484.776429
1.14,4,484.789619
1.14,4,484.803022
1.34,7,484.824661
1.14,4,484.834964
1.19,5,484.848902
1.14,4,484.860306
1.14,4,484.871968
1.14,4,484.88224
-0.66,7,484.905813
1.14,4,484.918883
1.14,4,484.930957
1.29,6,484.949438
1.19,5,484.964678
1.14,4,484.97612
1.14,4,484.988616
1.14,4,484.999268
1.14,4,485.007449
1.19,5,485.022332
1.19,5,485.037395
1.14,4,485.049368
1.14,4,485.061657
1.14,4,485.073731
1.13,5,485.089144
1.14,4,485.102001
1.14,4,485.113763
1.14,4,485.125381
1.14,4,485.137646
1.19,5,485.152488
1.14,4,485.16471
1.3,7,485.185579
1.14,4,485.19761
1.14,4,485.209908
1.14,4,485.219621
1.14,4,485.232437
1.29,6,485.252073
1.14,4,485.265435
1.19,5,485.283748
1.14,4,485.299784
1.29,6,485.324129
1.14,4,485.340935
1.14,4,485.357806
1.14,4,485.369607
1.14,4,485.386451
1.14,4,485.404443
1.14,4,485.422198
1.19,5,485.441698
1.19,5,485.465259
1.13,5,485.488171
1.14,4,485.504312
1.14,4,485.518996
1.14,4,485.534594
1.14,4,485.550923
1.14,4,485.568267
1.14,4,485.584161
1.14,4,485.600612
1.14,4,485.618433
1.13,5,485.63637
1.19,5,485.655656
-0.86,5,485.671562
-0.71,7,485.700366
1.14,4,485.711973
1.14,4,485.726988
1.34,7,485.757459
1.14,4,485.775521
1.14,4,485.79295
-0.76,6,485.819594
1.19,5,485.841231
1.14,4,485.855998
-0.76,6,485.8832
1.14,4,485.898148
1.14,4,485.912957
1.14,4,485.925472
1.14,4,485.93968
-0.77,7,485.966813
1.14,4,485.980956
1.19,5,485.999624
1.14,4,486.01271
1.14,4,486.022947
1.19,5,486.045323
1.14,4,486.058393
1.14,4,486.072601
1.14,4,486.085642
1.14,4,486.098814
1.14,4,486.112617
1.14,4,486.125739
1.14,4,486.138598
1.34,7,486.16413
1.14,4,486.179651
1.14,4,486.195305
1.14,4,486.212814
1.14,4,486.229294
1.14,4,486.245585
1.19,5,486.263613
1.14,4,486.279122
1.14,4,486.291685
1.16,5,486.312017
1.14,4,486.324108
1.24,6,486.344414
1.14,4,486.356782
1.14,4,486.369285
-0.76,6,486.38538
1.24,6,486.400714
1.14,4,486.413007
1.14,4,486.424716
1.14,4,486.436477
1.14,4,486.446187
1.14,4,486.455621
1.19,5,486.471128
1.14,4,486.483656
1.19,5,486.499972
1.14,4,486.512274
1.14,4,486.522207
-0.82,6,486.538232
1.14,4,486.551328
1.14,4,486.564186
1.14,4,486.575693
1.14,4,486.587953
1.14,4,486.600883
1.19,5,486.615383
1.14,4,486.627608
1.14,4,486.638676
1.14,4,486.649346
1.14,4,486.663119
1.14,4,486.673897
1.14,4,486.687082
1.14,4,486.700389
1.14,4,486.713306
1.18,6,486.73049
1.19,5,486.747758
1.19,5,486.768164
1.14,4,486.781505
1.14,4,486.794068
1.14,4,486.805342
1.14,4,486.817687
1.14,4,486.829191
1.19,5,486.841059
1.14,4,486.853575
1.14,4,486.864621
1.14,4,486.875286
1.14,4,486.887266
1.14,4,486.89897
1.14,4,486.908392
1.14,4,486.918984
1.14,4,486.929895
1.14,4,486.941338
1.14,4,486.951574
1.19,5,486.968238
1.14,4,486.980703
-0.69,7,487.005598
1.14,4,487.018965
1.19,5,487.036629
1.12,7,487.057892
1.14,4,487.067665
1.14,4,487.079267
1.14,4,487.090259
1.14,4,487.100366
1.19,5,487.115607
1.29,7,487.139422
1.14,4,487.151956
1.14,4,487.163455
1.14,4,487.173975
1.14,4,487.185497
1.14,4,487.197898
1.14,4,487.208806
1.14,4,487.220686
1.14,4,487.234139
1.29,6,487.254771
1.14,4,487.269218
1.14,4,487.283163
1.19,5,487.300568
1.14,4,487.314234
1.19,5,487.330722
1.14,4,487.344125
1.14,4,487.355431
1.14,4,487.36774
1.14,4,487.379651
1.14,4,487.392268
1.14,4,487.405066
1.29,6,487.427104
1.14,4,487.439219
1.14,4,487.45208
1.34,7,487.470501
-0.54,8,487.500086
-0.81,6,487.521477
1.14,4,487.534531
1.29,6,487.553035
1.14,4,487.566172
-0.87,6,487.586312
1.23,7,487.610516
-0.81,5,487.628723
1.14,4,487.643187
1.14,4,487.709393
1.34,7,487.738562
1.14,4,487.752061
1.14,4,487.765787
1.29,7,487.786505
1.14,4,487.797793
1.19,5,487.81304
1.14,4,487.825427
1.14,4,487.836567
1.14,4,487.850025
1.19,5,487.863501
1.13,5,487.877281
1.14,4,487.888847
1.14,4,487.9011
1.14,4,487.913306
1.14,4,487.926707
1.19,5,487.942129
1.19,5,487.958379
-0.67,8,487.983179
1.14,4,487.995413
1.14,4,488.00778
1.14,4,488.018308
1.14,4,488.030983
1.14,4,488.043738
1.14,4,488.056457
1.18,6,488.077301
1.14,4,488.087533
1.14,4,488.10009
1.14,4,488.111069
1.14,4,488.120737
1.14,4,488.132539
1.14,4,488.145274
1.29,6,488.165008
1.14,4,488.176552
1.29,6,488.195166
1.14,4,488.209881
1.14,4,488.22325
1.14,4,488.236651
1.13,5,488.252613
1.34,7,488.275563
1.14,4,488.285716
1.14,4,488.298271
1.14,4,488.310065
1.19,5,488.324964
1.14,4,488.337208
-0.76,6,488.357926
1.29,6,488.379233
1.14,4,488.397289
1.29,6,488.419003
1.19,5,488.436407
1.14,4,488.450464
1.14,4,488.464908
1.14,4,488.479796
1.14,4,488.495218
-0.79,9,488.52675
1.14,4,488.539057
-0.57,9,488.576606
1.14,4,488.587455
1.24,6,488.611598
1.14,4,488.624953
1.14,4,488.638254
1.34,7,488.661447
1.14,4,488.744832
1.14,4,488.770885
1.14,4,488.784963
1.14,4,488.797684
1.19,5,488.813991
-0.77,8,488.843593
1.14,4,488.854475
1.14,4,488.86714
1.29,6,488.885804
1.14,4,488.89756
1.14,4,488.909065
1.14,4,488.921579
1.14,4,488.933764
1.14,4,488.945624
1.34,7,488.96611
1.14,4,488.978558
1.14,4,488.990514
1.19,5,489.004783
1.14,4,489.017635
1.14,4,489.02933
1.14,4,489.041264
1.14,4,489.052867
1.14,4,489.06509
1.14,4,489.075528
1.14,4,489.087157
1.14,4,489.09987
1.14,4,489.111981
1.14,4,489.123806
1.14,4,489.135795
1.19,5,489.147858
1.14,4,489.159864
-0.77,7,489.180432
1.14,4,489.193266
1.14,4,489.204738
1.14,4,489.216844
-0.81,6,489.233763
1.14,4,489.244877
1.29,6,489.264292
1.14,4,489.27691
1.14,4,489.289736
1.28,7,489.309665
1.19,5,489.32437
-0.88,7,489.346487
1.14,4,489.358375
1.14,4,489.369459
1.19,5,489.384495
1.14,4,489.395449
1.14,4,489.407052
1.14,4,489.417494
1.14,4,489.429101
1.19,5,489.443439
1.14,4,489.455446
1.14,4,489.467461
1.14,4,489.478868
1.14,4,489.490646
1.14,4,489.503297
1.14,4,489.513706
1.24,6,489.530144
1.14,4,489.541512
1.19,5,489.554571
1.14,4,489.563988
1.14,4,489.575552
1.14,4,489.587391
1.14,4,489.597632
1.34,7,489.618851
1.19,5,489.635561
1.14,4,489.649398
1.14,4,489.661208
1.14,4,489.672199
-0.88,7,489.696153
1.14,4,489.708445
1.14,4,489.719056
1.36,7,489.741931
1.14,4,489.754678
1.14,4,489.767054
1.14,4,489.779008
-0.82,6,489.7977
1.14,4,489.809517
1.14,4,489.821086
1.14,4,489.83069
1.34,7,489.85243
1.14,4,489.865243
1.14,4,489.878113
1.14,4,489.890343
1.14,4,489.902729
1.14,4,489.916094
1.19,5,489.930905
1.14,4,489.942909
1.19,5,489.959084
1.14,4,489.968847
1.14,4,489.979786
1.14,4,489.991828
1.19,5,490.005869
1.24,6,490.025655
1.14,4,490.037961
1.14,4,490.048368
1.19,5,490.063538
1.14,4,490.075821
1.14,4,490.087806
-0.67,8,490.112675
-0.92,5,490.127937
1.24,6,490.147091
1.14,4,490.162085
1.19,5,490.178903
1.14,4,490.193147
1.14,4,490.207105
1.24,6,490.228387
1.14,4,490.242216
1.14,4,490.255279
1.14,4,490.268566
-0.76,6,490.2902
1.14,4,490.302835
1.14,4,490.315881
1.14,4,490.32869
1.14,4,490.341877
1.14,4,490.354392
1.14,4,490.367052
1.19,5,490.380996
1.14,4,490.392815
1.14,4,490.40468
1.24,6,490.424714
1.14,4,490.437319
1.14,4,490.449741
1.14,4,490.461064
1.29,6,490.477298
1.14,4,490.488134
1.14,4,490.50039
1.14,4,490.511844
1.14,4,490.523007
1.14,4,490.532955
1.14,4,490.544819
1.14,4,490.555509
1.14,4,490.56652
1.14,4,490.578041
-0.83,7,490.601303
1.19,5,490.61671
1.14,4,490.628601
1.14,4,490.641187
1.14,4,490.650887
1.14,4,490.664142
1.19,5,490.680285
1.14,4,490.693727
1.14,4,490.707132
1.19,5,490.724477
1.13,5,490.738538
1.14,4,490.74952
1.14,4,490.762684
1.14,4,490.774894
1.19,5,490.785962
1.14,4,490.797441
1.18,6,490.814746
-0.86,5,490.889086
1.14,4,490.905009
1.14,4,490.918037
1.14,4,490.931355
1.14,4,490.942545
1.14,4,490.952393
1.14,4,490.964768
1.14,4,490.976778
1.13,5,490.991991
1.14,4,491.004245
1.14,4,491.019031
1.14,4,491.032468
1.14,4,491.043601
-0.87,6,491.06364
1.14,4,491.076385
1.14,4,491.089041
1.19,5,491.102983
1.14,4,491.116039
1.14,4,491.128952
-0.77,7,491.153678
-0.72,7,491.182836
1.14,4,491.196717
1.14,4,491.210763
1.14,4,491.219238
1.14,4,491.23233
1.14,4,491.247799
1.13,5,491.264677
1.14,4,491.277001
1.14,4,491.290631
1.14,4,491.302571
1.14,4,491.316004
1.29,6,491.338276
1.14,4,491.349452
1.14,4,491.360829
1.14,4,491.374361
1.14,4,491.384261
1.14,4,491.398184
1.14,4,491.410533
1.14,4,491.420676
1.14,4,491.43311
1.19,5,491.447107
1.14,4,491.458855
1.14,4,491.471655
1.19,5,491.483471
1.14,4,491.494708
1.14,4,491.507087
1.14,4,491.518956
1.14,4,491.53221
1.14,4,491.546959
1.14,4,491.560592
1.14,4,491.572153
1.14,4,491.584526
1.14,4,491.597097
1.14,4,491.609511
1.14,4,491.622047
1.14,4,491.633191
1.14,4,491.646594
1.14,4,491.66015
1.14,4,491.675487
1.14,4,491.698619
1.14,4,491.715839
1.14,4,491.733557
1.14,4,491.752047
1.14,4,491.767568
1.14,4,491.780728
1.19,5,491.796547
1.13,5,491.813287
1.14,4,491.828468
1.14,4,491.841143
1.14,4,491.853108
-0.81,6,491.876051
1.14,4,491.890513
1.14,4,491.902055
1.19,5,491.918723
1.14,4,491.933429
1.14,4,491.948495
1.14,4,491.962471
1.14,4,491.976147
1.14,4,491.988501
1.19,5,492.005564
1.14,4,492.017809
1.14,4,492.031766
1.14,4,492.045719
1.24,6,492.067397
-0.76,6,492.089785
1.14,4,492.102758
1.24,6,492.124866
1.14,4,492.135039
1.34,7,492.159669
1.14,4,492.173287
1.14,4,492.192065
-0.76,6,492.224494
1.19,5,492.251604
1.14,4,492.275839
-0.76,6,492.308456
1.14,4,492.330417
1.19,5,492.357046
1.14,4,492.377761
1.14,4,492.393445
1.14,4,492.407415
1.14,4,492.420358
1.14,4,492.432506
1.14,4,492.445455
1.14,4,492.45797
1.14,4,492.468697
1.14,4,492.484357
1.14,4,492.496224
1.14,4,492.511307
1.13,5,492.529731
1.14,4,492.545504
1.19,5,492.564762
1.14,4,492.579258
1.14,4,492.592866
1.14,4,492.60808
1.14,4,492.62184
1.14,4,492.633834
1.14,4,492.648055
1.14,4,492.66234
1.24,6,492.681353
1.14,4,492.695794
1.19,5,492.714921
1.14,4,492.728744
1.14,4,492.743458
1.14,4,492.756223
1.14,4,492.768024
1.14,4,492.781466
1.14,4,492.794708
1.18,6,492.814668
1.14,4,492.828209
1.14,4,492.842048
1.14,4,492.855225
1.14,4,492.866899
1.14,4,492.881396
1.14,4,492.895725
1.14,4,492.975946
1.14,4,493.004043
1.14,4,493.018144
1.14,4,493.031737
-0.61,8,493.061153
1.14,4,493.073369
1.14,4,493.085449
1.14,4,493.097139
1.14,4,493.108892
-0.76,7,493.128291
1.14,4,493.139465
1.14,4,493.150459
1.14,4,493.162192
1.14,4,493.17334
1.14,4,493.183328
1.14,4,493.194039
1.14,4,493.205871
1.14,4,493.217643
1.14,4,493.230299
1.14,4,493.243194
1.14,4,493.25643
1.14,4,493.268115
1.19,5,493.28213
1.14,4,493.296684
1.14,4,493.309974
1.19,5,493.32643
1.14,4,493.336831
1.19,5,493.34831
1.14,4,493.360857
1.19,5,493.376032
1.14,4,493.390529
1.29,6,493.407562
1.14,4,493.419186
1.29,7,493.44368
1.14,4,493.456826
1.19,5,493.475617
1.14,4,493.49071
-0.72,8,493.516292
1.14,4,493.527967
1.14,4,493.539687
1.14,4,493.553873
1.14,4,493.564691
1.14,4,493.577793
1.14,4,493.591727
1.14,4,493.608937
-0.77,7,493.640633
1.14,4,493.656368
1.18,6,493.68023
1.14,4,493.696557
1.14,4,493.714748
1.19,5,493.736588
1.14,4,493.753452
1.14,4,493.842899
1.14,4,494.38187
1.14,4,494.392141
1.14,4,494.404481
1.14,4,494.415948
1.14,4,494.425734
1.14,4,494.437198
1.24,6,494.455396
1.19,5,494.466652
1.14,4,494.480248
-0.71,6,494.503721
1.19,5,494.516662
1.14,4,494.527319
1.14,4,494.539251
1.14,4,494.549949
1.19,5,494.560508
1.14,4,494.571545
-0.92,5,494.588428
1.21,6,494.607632
1.14,4,494.618164
-0.81,11,494.653494
1.14,4,494.665515
1.14,4,494.678753
1.14,4,494.690564
1.14,4,494.70221
1.19,5,494.718247
1.19,5,494.732192
1.14,4,494.744514
1.19,5,494.760518
1.14,4,494.772737
1.19,5,494.788579
1.14,4,494.798203
-0.99,6,494.816988
1.14,4,494.830138
1.19,5,494.843959
1.14,4,494.855514
1.19,5,494.871891
-0.82,6,494.891125
1.19,5,494.907533
1.14,4,494.919457
1.14,4,494.931518
1.34,7,494.955525
1.14,4,494.966907
1.41,8,494.994302
-0.72,7,495.021581
1.14,4,495.034778
1.14,4,495.047105
1.14,4,495.059861
1.14,4,495.073434
1.19,5,495.088937
1.19,5,495.104692
1.28,7,495.128149
1.14,4,495.141856
-0.81,5,495.162314
1.14,4,495.17864
1.19,5,495.197728
1.14,4,495.211349
1.14,4,495.223627
1.14,4,495.238084
-0.91,4,495.254292
1.14,4,495.270379
1.14,4,495.286453
1.14,4,495.304061
1.14,4,495.320449
1.14,4,495.336873
1.14,4,495.350299
1.14,4,495.366725
1.14,4,495.383809
1.14,4,495.399571
1.14,4,495.414459
1.29,6,495.439306
1.14,4,495.451706
1.19,5,495.468362
1.14,4,495.480716
1.14,4,495.492202
1.14,4,495.503946
1.29,6,495.522579
1.14,4,495.535189
1.18,6,495.555885
1.14,4,495.56666
1.14,4,495.579936
1.19,5,495.594184
1.14,4,495.605972
1.14,4,495.617572
1.14,4,495.630147
1.14,4,495.642314
1.14,4,495.653053
1.14,4,495.663903
1.14,4,495.676455
1.14,4,495.688248
1.14,4,495.701349
1.19,5,495.717417
1.14,4,495.730563
1.14,4,495.744614
1.14,4,495.761666
1.14,4,495.775141
1.19,5,495.791527
1.18,6,495.811964
1.14,4,495.827401
1.14,4,495.839905
1.19,5,495.855124
1.14,4,495.866374
1.14,4,495.878484
1.14,4,495.89079
1.34,7,495.913867
1.14,4,495.92646
1.14,4,495.939347
1.14,4,495.951387
1.14,4,495.963576
1.14,4,495.975632
-0.76,6,495.993533
-0.76,6,496.01528
1.14,4,496.028019
1.14,4,496.040287
-0.76,6,496.062337
1.34,7,496.084893
1.14,4,496.097581
1.14,4,496.11042
1.14,4,496.123536
1.14,4,496.136078
1.23,7,496.160501
1.14,4,496.173377
1.14,4,496.186649
-0.67,8,496.21422
1.14,4,496.226651
1.14,4,496.239028
1.14,4,496.249846
1.29,6,496.267809
1.44,8,496.290319
1.14,4,496.304131
1.14,4,496.313128
1.19,5,496.328406
1.19,5,496.344393
1.14,4,496.357384
1.34,7,496.380136
1.19,5,496.394544
1.14,4,496.407651
1.18,6,496.42539
1.14,4,496.437384
1.14,4,496.446815
1.14,4,496.457626
1.14,4,496.46937
1.14,4,496.481107
1.14,4,496.491091
1.19,5,496.505965
1.14,4,496.518195
1.14,4,496.527241
-0.91,4,496.540801
1.14,4,496.553735
1.14,4,496.566253
1.14,4,496.576874
1.29,6,496.592798
1.14,4,496.604213
1.19,5,496.620081
1.14,4,496.632842
1.14,4,496.644846
-0.77,7,496.669785
1.13,5,496.686338
-0.76,6,496.712173
1.14,4,496.729182
1.14,4,496.742793
1.24,6,496.76325
1.14,4,496.776357
1.14,4,496.789038
1.14,4,496.802933
1.14,4,496.815616
1.14,4,496.825621
1.34,7,496.848797
1.14,4,496.859163
1.14,4,496.87193
1.14,4,496.880778
1.14,4,496.893478
1.14,4,496.908082
1.14,4,496.921332
1.14,4,496.935223
1.14,4,496.94534
1.14,4,496.957981
1.14,4,496.971925
1.29,6,496.993764
1.34,7,497.021053
1.14,4,497.031544
1.14,4,497.044633
1.14,4,497.058748
1.14,4,497.071401
1.14,4,497.08432
1.19,5,497.099789
1.14,4,497.10992
1.18,6,497.132292
1.14,4,497.145342
1.14,4,497.159477
1.14,4,497.171492
1.14,4,497.183717
1.34,7,497.205373
1.14,4,497.219626
1.14,4,497.233767
1.14,4,497.24645
1.14,4,497.2598
1.19,5,497.274966
1.14,4,497.287882
-0.76,6,497.308264
-0.81,5,497.324775
1.14,4,497.338237
1.14,4,497.351661
1.14,4,497.413215
1.14,4,497.437535
1.14,4,497.451173
1.14,4,497.463399
1.14,4,497.473945
1.14,4,497.485319
1.14,4,497.496138
-0.67,8,497.525638
1.14,4,497.538157
1.29,6,497.559786
1.24,6,497.582168
1.14,4,497.59371
1.14,4,497.606208
1.14,4,497.61931
1.14,4,497.629074
1.13,5,497.642927
1.14,4,497.654119
1.19,5,497.670686
1.14,4,497.683209
1.19,5,497.694239
1.14,4,497.708325
1.14,4,497.723607
1.14,4,497.81112
1.14,4,497.838515
1.14,4,497.852224
1.19,5,497.86934
1.14,4,497.881437
1.14,4,497.8927
1.34,7,497.915658
1.19,5,497.93322
1.14,4,497.946826
1.14,4,497.961091
1.14,4,497.97454
1.14,4,497.987813
1.14,4,498.001545
1.19,5,498.014615
-0.92,5,498.034953
1.14,4,498.051357
1.29,6,498.07411
1.14,4,498.092349
1.14,4,498.112939
-0.82,6,498.145244
1.14,4,498.165979
1.14,4,498.186145
1.14,4,498.205358
1.14,4,498.224425
1.14,4,498.243477
1.14,4,498.258466
1.14,4,498.272119
1.14,4,498.287313
1.14,4,498.300804
-0.66,8,498.326902
1.14,4,498.340181
1.19,5,498.35621
1.14,4,498.368464
1.18,6,498.388879
1.14,4,498.40092
1.14,4,498.413508
1.14,4,498.427128
1.14,4,498.440396
1.14,4,498.453341
1.14,4,498.466669
1.14,4,498.476285
1.14,4,498.490248
1.14,4,498.503814
1.14,4,498.516903
1.19,5,498.533746
1.14,4,498.546007
1.14,4,498.55982
-0.79,5,498.577241
1.19,5,498.592619
1.19,5,498.609519
1.14,4,498.624025
1.14,4,498.642332
1.14,4,498.668537
1.14,4,498.68677
1.14,4,498.705322
1.14,4,498.721153
1.14,4,498.742218
1.14,4,498.760169
1.18,6,498.783519
1.14,4,498.792778
1.14,4,498.804814
1.14,4,498.81808
1.14,4,498.830538
1.14,4,498.843913
1.19,5,498.87052
1.14,4,498.893395
1.14,4,498.918658
1.14,4,498.941714
1.14,4,498.959052
1.14,4,498.976441
1.14,4,498.993461
1.14,4,499.009021
1.19,5,499.027723
1.14,4,499.043219
1.14,4,499.057265
1.14,4,499.071731
1.14,4,499.088101
1.14,4,499.102528
1.13,5,499.121245
1.14,4,499.136074
1.14,4,499.150265
1.19,5,499.169996
1.18,6,499.190661
1.14,4,499.203474
1.14,4,499.217659
1.14,4,499.230244
1.14,4,499.244475
1.14,4,499.259082
1.14,4,499.273295
-0.83,7,499.297381
1.14,4,499.311124
1.14,4,499.324723
-0.81,5,499.340698
1.14,4,499.353871
1.19,5,499.37177
1.18,6,499.391782
1.19,5,499.408434
1.34,7,499.42954
1.14,4,499.439453
1.14,4,499.451371
1.14,4,499.464272
1.14,4,499.474922
1.14,4,499.487836
1.14,4,499.501688
1.19,5,499.517966
1.14,4,499.530673
1.14,4,499.544164
1.14,4,499.55834
1.14,4,499.571291
1.19,5,499.586477
1.14,4,499.601046
1.14,4,499.616827
1.28,7,499.638787
1.14,4,499.656213
1.14,4,499.677451
1.14,4,499.699689
1.19,5,499.720088
1.14,4,499.736169
1.24,6,499.75895
1.14,4,499.771122
1.14,4,499.783857
1.14,4,499.795672
1.14,4,499.806513
1.14,4,499.818409
1.14,4,499.833609
1.14,4,499.850118
1.14,4,499.863174
1.19,5,499.878482
1.14,4,499.889578
1.14,4,499.901996
-0.81,6,499.923292
1.14,4,499.936379
1.14,4,499.95007
-0.76,6,499.971318
1.14,4,499.983618
1.14,4,499.996032
1.14,4,500.009266
1.14,4,500.022805
1.14,4,500.035409
1.14,4,500.047368
1.14,4,500.05986
1.14,4,500.073374
1.14,4,500.085778
1.19,5,500.101893
1.14,4,500.114585
1.14,4,500.126795
1.14,4,500.139518
1.14,4,500.151671
1.14,4,500.164312
1.14,4,500.177028
1.14,4,500.190827
1.14,4,500.204494
1.34,7,500.229191
1.24,6,500.248762
1.19,5,500.264419
1.14,4,500.27687
-0.87,6,500.300029
1.14,4,500.318609
1.14,4,500.338389
1.14,4,500.353368
1.14,4,500.370304
1.14,4,500.4684
1.14,4,500.496971
-0.86,4,500.516202
1.14,4,500.534686
1.14,4,500.548295
1.14,4,500.560016
1.14,4,500.572884
1.14,4,500.586666
-0.92,5,500.607384
1.14,4,500.678354
-0.69,7,500.72666
1.14,4,500.740787
1.14,4,500.75427
1.19,5,500.770593
1.14,4,500.782859
1.14,4,500.79507
1.19,5,500.808742
1.19,5,500.826712
1.14,4,500.839132
1.14,4,500.851975
1.14,4,500.865467
1.19,5,500.883415
1.14,4,500.893466
1.34,7,500.919228
1.14,4,500.931119
1.14,4,500.944175
1.14,4,500.957662
1.14,4,500.968924
1.14,4,500.983406
1.14,4,500.995721
1.19,5,501.011446
1.14,4,501.024272
-0.77,7,501.058739
1.19,5,501.149719
1.14,4,501.159746
1.14,4,501.17328
1.14,4,501.185283
1.14,4,501.195186
1.22,8,501.222484
1.39,8,501.248418
1.14,4,501.260031
-0.87,6,501.282178
1.19,5,501.298905
1.19,5,501.315979
1.14,4,501.325237
1.14,4,501.339448
1.14,4,501.351038
1.14,4,501.363819
1.14,4,501.376143
1.14,4,501.38941
1.14,4,501.401799
1.14,4,501.415085
1.14,4,501.426912
1.19,5,501.443063
1.34,7,501.467276
1.14,4,501.478065
1.24,6,501.498353
1.29,6,501.519122
1.14,4,501.53391
1.14,4,501.551611
1.19,5,501.570196
1.19,5,501.585412
1.23,7,501.609208
1.14,4,501.622382
1.19,5,501.639049
1.14,4,501.652158
1.14,4,501.665611
1.14,4,501.678954
1.14,4,501.691278
1.14,4,501.704571
1.14,4,501.717469
1.14,4,501.73089
1.19,5,501.745245
1.14,4,501.756045
1.14,4,501.770413
-0.81,6,501.79063
1.14,4,501.803854
1.14,4,501.817736
1.14,4,501.830373
1.14,4,501.842234
-0.79,5,501.85913
1.19,5,501.874386
1.19,5,501.890022
1.19,5,501.906004
1.19,5,501.922927
1.14,4,501.93679
1.14,4,501.950953
-0.92,5,501.968223
1.14,4,501.980666
1.14,4,501.992255
1.14,4,502.006492
-0.81,5,502.024468
1.14,4,502.036328
1.14,4,502.050292
1.29,6,502.069044
1.14,4,502.079152
1.14,4,502.091573
1.14,4,502.104315
1.14,4,502.117366
1.19,5,502.133589
1.14,4,502.14541
1.14,4,502.156406
1.14,4,502.168292
1.14,4,502.179625
1.14,4,502.191589
-0.76,6,502.206701
1.14,4,502.216819
-0.86,4,502.228811
1.29,6,502.243505
1.14,4,502.252578
1.14,4,502.264302
1.14,4,502.275869
1.14,4,502.288142
1.14,4,502.300109
1.14,4,502.313629
1.14,4,502.326148
1.13,5,502.34282
1.39,8,502.364069
1.14,4,502.375268
1.14,4,502.387145
1.14,4,502.399479
1.19,5,502.415207
1.34,7,502.437403
1.14,4,502.449348
1.14,4,502.459523
1.14,4,502.469091
1.18,6,502.487227
1.14,4,502.499529
-0.81,5,502.515011
1.19,5,502.532624
1.16,8,502.556508
1.23,7,502.580353
1.17,7,502.604065
1.14,4,502.617569
1.29,6,502.634921
1.14,4,502.647051
1.14,4,502.658338
1.29,6,502.673194
1.14,4,502.685279
1.14,4,502.698227
1.19,5,502.714843
1.14,4,502.725506
1.14,4,502.738542
1.14,4,502.751282
1.14,4,502.764463
-0.85,7,502.788888
1.14,4,502.802406
1.14,4,502.814577
1.14,4,502.825384
1.19,5,502.840652
1.14,4,502.851089
1.14,4,502.863861
1.14,4,502.876136
-0.71,7,502.90138
1.14,4,502.914577
1.14,4,502.92656
-0.69,7,502.947262
1.14,4,502.959884
1.14,4,502.970023
1.14,4,502.984984
1.29,6,503.005096
1.14,4,503.017738
1.14,4,503.030177
1.34,7,503.048696
1.14,4,503.063072
1.14,4,503.075644
1.14,4,503.08809
1.14,4,503.100782
1.14,4,503.113705
1.14,4,503.125396
1.14,4,503.137173
1.24,6,503.156405
1.14,4,503.16882
1.19,5,503.18326
1.14,4,503.195876
1.14,4,503.208063
1.14,4,503.221019
1.14,4,503.232006
1.14,4,503.241952
1.14,4,503.250865
1.14,4,503.260949
1.14,4,503.272578
1.14,4,503.284816
1.14,4,503.297078
1.19,5,503.313547
1.14,4,503.326015
1.29,6,503.34117
1.14,4,503.352478
1.14,4,503.363571
1.34,7,503.382829
1.34,7,503.401572
1.14,4,503.415082
1.14,4,503.480308
1.19,5,503.504674
-0.76,6,503.528189
1.19,5,503.541599
1.19,5,503.558637
1.14,4,503.571864
1.14,4,503.583709
1.14,4,503.596058
1.14,4,503.607467
1.19,5,503.618751
1.19,5,503.633122
1.14,4,503.642931
1.14,4,503.655303
1.14,4,503.666024
1.14,4,503.679033
-0.88,6,503.696478
1.19,5,503.712489
1.19,5,503.729325
1.14,4,503.741699
1.14,4,503.755943
1.14,4,503.771734
1.14,4,503.788145
1.14,4,503.802037
1.14,4,503.815868
1.14,4,503.82828
-0.94,7,503.84954
1.34,7,503.868877
1.19,5,503.884857
1.34,7,503.905202
1.14,4,503.917045
1.19,5,503.933025
-0.69,10,503.9638
1.14,4,503.97301
1.19,5,503.989425
1.13,5,504.003192
1.14,4,504.015604
1.14,4,504.027995
1.14,4,504.039544
-0.81,5,504.056492
1.14,4,504.069063
1.14,4,504.082366
1.14,4,504.095645
1.14,4,504.105584
1.14,4,504.118101
-0.51,9,504.143344
1.14,4,504.156111
1.14,4,504.167234
1.14,4,504.178753
1.14,4,504.190257
1.14,4,504.202263
1.19,5,504.217476
-0.77,7,504.237571
1.14,4,504.249591
1.34,7,504.268514
1.14,4,504.280537
1.14,4,504.292025
1.13,5,504.307884
1.14,4,504.317369
1.14,4,504.329641
1.14,4,504.341883
1.14,4,504.351991
-0.72,8,504.376903
-0.66,7,504.398647
1.14,4,504.412859
1.28,7,504.436829
1.14,4,504.4494
1.14,4,504.461075
1.29,6,504.480466
1.14,4,504.495714
1.19,5,504.512366
1.14,4,504.524621
1.14,4,504.537153
1.14,4,504.549878
1.14,4,504.561535
1.14,4,504.571348
1.14,4,504.582377
-0.71,7,504.607716
1.14,4,504.621772
1.14,4,504.633322
1.14,4,504.646349
1.14,4,504.659232
1.19,5,504.67221
1.14,4,504.685008
-0.87,5,504.700466
1.24,6,504.71903
1.14,4,504.730502
1.29,6,504.749813
1.14,4,504.76153
1.19,5,504.777352
1.14,4,504.78852
1.14,4,504.800882
1.34,7,504.822657
1.19,5,504.838683
1.19,5,504.855656
-0.76,6,504.875606
1.19,5,504.888071
1.14,4,504.900516
-0.83,7,504.918707
1.14,4,504.931004
1.14,4,504.940706
1.14,4,504.950772
1.14,4,504.961323
1.14,4,504.971014
1.14,4,504.983945
1.14,4,504.997336
1.14,4,505.008811
1.14,4,505.0208
1.14,4,505.032334
1.14,4,505.045517
1.14,4,505.056625
1.14,4,505.066319
1.14,4,505.077906
1.39,8,505.10045
1.14,4,505.112565
1.36,7,505.140315
1.14,4,505.154937
1.14,4,505.169657
1.14,4,505.185917
1.14,4,505.198399
1.14,4,505.211792
1.18,6,505.234881
1.14,4,505.249229
1.14,4,505.263494
1.14,4,505.275863
1.14,4,505.286678
1.14,4,505.299665
1.14,4,505.312767
1.14,4,505.325536
1.14,4,505.341139
1.14,4,505.354975
1.14,4,505.369078
1.14,4,505.383711
1.19,5,505.401254
1.14,4,505.416323
1.14,4,505.43089
1.14,4,505.445356
-0.92,5,505.461929
1.14,4,505.474753
1.19,5,505.493059
1.29,6,505.514194
1.14,4,505.527295
1.14,4,505.540602
1.14,4,505.555805
1.39,8,505.584849
1.14,4,505.597803
1.14,4,505.611401
1.14,4,505.623197
1.14,4,505.635609
1.14,4,505.650206
1.24,6,505.672848
1.14,4,505.685437
1.29,6,505.7071
1.14,4,505.720926
1.14,4,505.734476
1.14,4,505.751038
1.19,5,505.768147
1.14,4,505.781838
1.14,4,505.795144
1.14,4,505.80954
1.14,4,505.82195
1.14,4,505.833805
1.14,4,505.848289
1.14,4,505.863522
1.14,4,505.877603
1.19,5,505.895047
1.18,6,505.915237
1.14,4,505.928288
1.14,4,505.941289
1.14,4,505.954157
1.14,4,505.968997
1.14,4,505.982907
1.14,4,505.997203
1.29,6,506.018944
-0.71,6,506.038139
1.14,4,506.050864
1.14,4,506.066602
1.14,4,506.079216
1.14,4,506.090923
1.14,4,506.10193
1.14,4,506.1176
1.14,4,506.132596
1.14,4,506.146512
1.14,4,506.161329
1.14,4,506.173453
1.14,4,506.189787
1.14,4,506.205391
1.14,4,506.221445
1.14,4,506.234831
1.14,4,506.249254
1.19,5,506.267749
1.14,4,506.332073
1.14,4,506.358056
1.14,4,506.369659
1.23,7,506.393383
1.14,4,506.403299
-0.76,6,506.424052
1.28,7,506.447481
1.14,4,506.462036
1.14,4,506.47497
1.14,4,506.488437
1.14,4,506.500714
1.14,4,506.515401
1.14,4,506.530943
1.14,4,506.544145
1.19,5,506.562585
1.14,4,506.576644
1.14,4,506.59041
1.14,4,506.602248
1.29,6,506.62406
1.14,4,506.635517
1.14,4,506.648149
1.14,4,506.66117
1.28,7,506.686197
1.14,4,506.700558
1.14,4,506.716372
-0.67,8,506.75066
1.14,4,506.765598
1.19,5,506.783906
1.14,4,506.798174
1.34,7,506.82226
1.14,4,506.840678
1.19,5,506.864651
1.14,4,506.878275
1.14,4,506.891126
1.14,4,506.904046
1.14,4,506.917562
1.14,4,506.935075
1.14,4,506.947849
1.14,4,506.962256
-0.69,10,506.999947
1.14,4,507.014116
1.14,4,507.028165
1.19,5,507.044621
1.14,4,507.059251
1.14,4,507.073606
1.14,4,507.087707
1.19,5,507.104573
1.29,6,507.124709
1.2,6,507.146453
1.14,4,507.16016
1.28,7,507.184236
1.14,4,507.198022
1.14,4,507.212939
1.14,4,507.226625
-0.77,7,507.251466
1.28,7,507.27812
1.14,4,507.291496
1.14,4,507.303153
1.19,5,507.320903
1.14,4,507.333201
1.19,5,507.351414
1.14,4,507.366113
1.14,4,507.379348
1.34,7,507.401453
1.14,4,507.41651
1.14,4,507.429543
1.14,4,507.442968
1.44,8,507.470028
1.14,4,507.484828
1.19,5,507.501818
1.14,4,507.515158
1.19,5,507.533461
1.19,5,507.54948
1.14,4,507.562791
-0.72,7,507.584893
1.14,4,507.598483
1.14,4,507.613278
1.14,4,507.626003
1.14,4,507.638998
1.14,4,507.650076
1.14,4,507.664061
1.19,5,507.680579
1.19,5,507.697515
1.14,4,507.712366
1.14,4,507.726213
1.14,4,507.739162
1.14,4,507.75002
1.24,6,507.770608
1.19,5,507.786975
1.14,4,507.802485
1.14,4,507.818249
1.19,5,507.836488
1.14,4,507.848603
1.14,4,507.862001
1.19,5,507.879262
1.14,4,507.89247
1.14,4,507.90601
1.19,5,507.921685
1.14,4,507.932204
1.19,5,507.94823
1.14,4,507.963986
1.14,4,507.976563
1.14,4,507.989698
1.14,4,508.002287
1.14,4,508.015844
1.14,4,508.028509
1.19,5,508.045825
-0.66,7,508.072499
1.59,10,508.107161
1.29,6,508.129231
1.49,9,508.161805
1.14,4,508.176088
1.19,5,508.192274
1.34,7,508.214816
1.33,8,508.244575
1.19,5,508.262956
1.14,4,508.278514
1.59,12,508.314668
1.14,4,508.325725
1.14,4,508.338277
-0.73,9,508.372378
-0.76,6,508.390857
-0.92,5,508.404901
1.34,7,508.42852
1.14,4,508.441763
1.14,4,509.023177
-0.91,4,509.037489
1.14,4,509.051395
1.14,4,509.063479
1.14,4,509.076532
1.14,4,509.089596
1.14,4,509.100314
1.14,4,509.111457
1.14,4,509.122901
1.24,6,509.141482
1.19,5,509.160289
1.14,4,509.172959
1.14,4,509.185927
1.24,6,509.207953
1.14,4,509.220515
1.14,4,509.23368
1.14,4,509.248105
1.14,4,509.262081
-0.61,8,509.294531
1.14,4,509.309632
1.14,4,509.32251
1.14,4,509.335385
1.14,4,509.347396
1.49,8,509.373468
1.34,7,509.396118
1.14,4,509.410702
-0.84,8,509.434377
1.14,4,509.447333
-0.66,7,509.475961
1.14,4,509.490853
1.14,4,509.504177
-0.75,11,509.542757
1.14,4,509.557415
1.14,4,509.571256
1.14,4,509.585656
1.19,5,509.600371
1.29,6,509.616847
1.18,6,509.63618
1.19,5,509.650919
1.14,4,509.663977
1.14,4,509.677584
1.19,5,509.695282
1.14,4,509.708819
1.14,4,509.722119
1.29,6,509.744964
1.14,4,509.758076
1.19,5,509.775016
1.14,4,509.790961
1.14,4,509.802125
1.14,4,509.81617
1.14,4,509.83078
1.29,6,509.849229
1.29,6,509.867038
1.14,4,509.879178
1.14,4,509.893314
1.19,5,509.911213
1.14,4,509.925908
1.14,4,509.940084
1.14,4,509.952714
1.19,5,509.966697
1.14,4,509.978964
-0.61,8,510.009438
1.14,4,510.021453
1.13,5,510.03744
1.14,4,510.049564
1.14,4,510.062832
1.14,4,510.124023
-0.77,7,510.156547
1.18,6,510.178138
1.14,4,510.193273
1.14,4,510.207744
1.24,6,510.22851
1.14,4,510.241252
1.14,4,510.254398
1.14,4,510.268077
1.19,5,510.281897
-0.92,5,510.300554
1.14,4,510.314821
1.14,4,510.328535
1.14,4,510.342319
1.14,4,510.354773
1.14,4,510.368087
-0.93,6,510.390109
1.14,4,510.40286
1.34,7,510.429972
1.14,4,510.441847
1.19,5,510.462175
-0.77,7,510.484328
1.14,4,510.495446
1.34,7,510.51687
1.14,4,510.531076
1.14,4,510.545263
1.14,4,510.559853
1.14,4,510.572824
1.14,4,510.585721
1.14,4,510.599036
1.14,4,510.612363
1.14,4,510.62473
1.19,5,510.641128
1.14,4,510.654883
1.24,6,510.677209
1.14,4,510.691455
1.14,4,510.70668
1.14,4,510.720181
1.19,5,510.734753
1.14,4,510.747636
1.14,4,510.760322
1.14,4,510.773868
1.14,4,510.787445
1.38,9,510.819593
-0.73,9,510.846843
1.14,4,510.859713
1.14,4,510.873245
1.14,4,510.888647
1.14,4,510.899455
1.19,5,510.913233
1.14,4,510.926436
1.14,4,510.939511
1.14,4,510.951264
1.14,4,510.964463
1.14,4,510.977805
1.14,4,510.991015
1.14,4,511.00436
1.14,4,511.018266
1.14,4,511.032108
1.18,6,511.05399
1.14,4,511.06533
1.14,4,511.078375
1.14,4,511.091448
1.19,5,511.107707
1.14,4,511.122223
-0.72,8,511.153064
1.14,4,511.164873
1.24,6,511.187932
1.14,4,511.198522
1.14,4,511.211894
1.14,4,511.282917
1.14,4,511.321702
1.14,4,511.336062
1.14,4,511.348241
-0.57,9,511.379454
1.19,5,511.395134
1.14,4,511.406981
1.14,4,511.42042
1.14,4,511.433464
1.19,5,511.448052
1.14,4,511.462107
1.14,4,511.475672
1.34,7,511.500529
1.14,4,511.513965
1.14,4,511.528766
1.16,5,511.546046
1.14,4,511.560354
1.14,4,511.575948
1.14,4,511.588442
1.14,4,511.600823
-0.82,6,511.621384
1.14,4,511.635205
1.14,4,511.648404
1.38,9,511.680708
1.19,5,511.699333
1.14,4,511.713931
1.19,5,511.730859
1.14,4,511.743831
1.14,4,511.75766
1.14,4,511.772002
1.14,4,511.785566
1.14,4,511.796874
1.14,4,511.811353
1.14,4,511.824663
1.14,4,511.83771
1.19,5,511.854188
-0.87,5,511.867743
1.14,4,511.87942
1.14,4,511.891701
1.14,4,511.904707
1.14,4,511.916371
1.14,4,511.926222
1.14,4,511.938395
-0.81,6,511.956385
1.14,4,511.968941
1.14,4,511.97939
1.14,4,511.991625
1.18,6,512.010455
1.14,4,512.021431
1.14,4,512.030898
1.14,4,512.040495
1.14,4,512.052482
1.14,4,512.065003
1.19,5,512.078284
1.19,5,512.094001
1.14,4,512.106915
1.19,5,512.12258
1.14,4,512.134792
-0.76,6,512.154579
1.19,5,512.168428
1.14,4,512.180792
1.14,4,512.193553
1.14,4,512.204975
1.29,6,512.223179
1.14,4,512.235165
1.14,4,512.24722
1.19,5,512.262909
-0.88,6,512.281461
1.14,4,512.291924
1.14,4,512.302416
1.14,4,512.314981
1.14,4,512.330597
1.14,4,512.346761
1.14,4,512.362743
1.14,4,512.380331
1.14,4,512.399163
1.14,4,512.417533
1.14,4,512.438582
1.14,4,512.454723
1.19,5,512.473287
1.14,4,512.486099
1.14,4,512.497755
1.14,4,512.510031
-0.62,9,512.534334
1.14,4,512.544502
1.14,4,512.55707
1.14,4,512.571368
1.14,4,512.581171
1.14,4,512.591697
1.24,6,512.608395
1.14,4,512.620625
1.14,4,512.633699
1.29,6,512.652687
1.29,6,512.671388
1.14,4,512.681166
1.29,6,512.69957
1.14,4,512.710509
1.14,4,512.722742
-0.99,6,512.740544
1.14,4,512.752468
-0.51,8,512.775197
1.19,5,512.79125
1.14,4,512.804463
1.14,4,512.81767
1.18,6,512.833835
1.19,5,512.855708
1.29,7,512.881923
1.14,4,512.892841
1.19,5,512.905275
-0.76,6,512.926048
1.14,4,512.937823
1.14,4,512.94974
1.14,4,512.96256
1.14,4,512.974564
1.19,5,512.988537
1.34,7,513.009568
1.29,6,513.026645
1.14,4,513.038728
1.14,4,513.048294
1.14,4,513.061772
1.14,4,513.07523
1.29,6,513.095195
1.14,4,513.10632
1.14,4,513.122317
1.14,4,513.181716
1.14,4,513.196537
1.14,4,513.209544
-0.71,7,513.232546
1.14,4,513.241762
-0.66,7,513.264163
1.14,4,513.275466
1.14,4,513.288482
1.14,4,513.300888
1.14,4,513.313323
1.19,5,513.329364
1.14,4,513.341497
1.14,4,513.353786
1.34,7,513.374919
1.19,5,513.389259
1.14,4,513.400498
1.19,5,513.413438
1.14,4,513.425457
1.14,4,513.437569
1.14,4,513.449243
1.14,4,513.46146
-0.66,7,513.480379
1.14,4,513.491893
1.14,4,513.503824
1.14,4,513.515553
1.14,4,513.527654
1.14,4,513.540222
-0.81,5,513.557558
1.19,5,513.572685
1.14,4,513.584395
1.19,5,513.597032
1.14,4,513.609287
1.14,4,513.621184
1.14,4,513.632665
1.14,4,513.64456
1.14,4,513.656795
1.14,4,513.669589
1.28,7,513.691496
1.5,9,513.721291
1.14,4,513.729754
1.14,4,513.74162
1.14,4,513.754076
1.19,5,513.770305
1.19,5,513.783032
1.14,4,513.79278
1.28,7,513.811046
1.14,4,513.822189
1.14,4,513.834595
1.14,4,513.847378
-0.92,5,513.861052
1.14,4,513.872103
-0.67,8,513.893359
1.34,7,513.910513
1.19,5,513.925801
1.14,4,513.93754
1.14,4,513.949472
-0.77,7,513.972016
1.14,4,513.983832
1.19,5,513.99896
1.14,4,514.010292
1.19,5,514.025311
1.19,5,514.040589
1.14,4,514.052755
1.14,4,514.061821
1.14,4,514.071981
1.14,4,514.080488
1.14,4,514.090395
1.14,4,514.099964
1.14,4,514.110047
1.14,4,514.121959
1.14,4,514.132844
1.34,7,514.156164
1.14,4,514.169827
1.34,7,514.192446
1.14,4,514.203788
1.14,4,514.215561
1.19,5,514.23072
1.19,5,514.243186
1.34,7,514.261607
1.14,4,514.273468
1.14,4,514.285015
-0.76,6,514.304333
1.19,5,514.317433
1.14,4,514.329414
1.14,4,514.33989
1.14,4,514.350876
1.14,4,514.361921
1.24,6,514.380976
-0.92,5,514.395953
1.34,7,514.415417
1.14,4,514.425139
1.14,4,514.436126
1.34,7,514.455615
1.14,4,514.466995
1.14,4,514.476879
1.14,4,514.487604
1.14,4,514.498552
1.14,4,514.510168
1.19,5,514.523001
1.19,5,514.537908
1.14,4,514.549168
-0.79,9,514.57572
1.14,4,514.585879
1.14,4,514.596637
1.14,4,514.607199
1.14,4,514.618864
-0.78,8,514.643839
1.14,4,514.656465
1.14,4,514.668359
1.19,5,514.683416
1.14,4,514.694687
1.14,4,514.706484
1.19,5,514.722128
1.14,4,514.734072
1.14,4,514.746143
1.14,4,514.758991
1.14,4,514.772054
-0.76,6,514.789528
1.14,4,514.801533
1.14,4,514.812758
1.14,4,514.825339
1.14,4,514.838556
1.14,4,514.850132
1.14,4,514.861321
1.14,4,514.871929
1.14,4,514.884888
1.14,4,514.896715
1.14,4,514.909033
1.14,4,514.921383
1.14,4,514.933259
1.14,4,514.945165
1.14,4,514.957572
1.19,5,514.973144
1.14,4,514.985049
1.18,6,515.004343
1.29,6,515.021471
1.19,5,515.036497
1.19,5,515.051531
1.14,4,515.062547
1.14,4,515.072922
-0.78,8,515.09646
1.14,4,515.10616
1.14,4,515.117596
1.14,4,515.128858
1.14,4,515.142029
1.14,4,515.155382
1.14,4,515.168644
1.14,4,515.178202
1.14,4,515.190155
1.14,4,515.202617
1.14,4,515.214277
1.14,4,515.226039
1.14,4,515.23803
1.14,4,515.247677
1.19,5,515.26357
1.19,5,515.276132
1.14,4,515.288615
1.14,4,515.299714
1.14,4,515.311939
1.14,4,515.323987
1.14,4,515.335583
1.19,5,515.351162
1.14,4,515.363147
1.14,4,515.3749
-0.83,7,515.394875
1.29,6,515.415351
1.14,4,515.428116
1.14,4,515.441873
1.14,4,515.456636
1.14,4,515.468317
1.34,7,515.489566
-0.76,6,515.507966
1.14,4,515.519243
1.19,5,515.534347
1.19,5,515.550026
1.34,7,515.571584
1.18,6,515.589274
1.14,4,515.60149
1.14,4,515.613012
1.23,7,515.633213
1.14,4,515.646363
1.14,4,515.657374
1.14,4,515.668463
1.19,5,515.682625
1.14,4,515.693939
1.14,4,515.704177
1.14,4,515.715796
1.19,5,515.731589
1.14,4,515.741351
1.14,4,515.753343
1.14,4,515.765121
1.14,4,515.777763
-0.83,7,515.797895
1.14,4,515.809721
1.14,4,515.820397
1.19,5,515.834411
1.34,7,515.854862
1.14,4,515.867837
1.14,4,515.88057
1.14,4,515.892656
1.14,4,515.905543
1.14,4,515.917892
1.24,6,515.936252
-0.59,8,515.962641
1.14,4,515.972275
1.14,4,515.98386
-0.58,9,516.009074
-0.91,4,516.020545
1.14,4,516.030268
1.14,4,516.040471
1.14,4,516.05192
1.29,6,516.068752
1.14,4,516.080497
1.18,6,516.096042
1.14,4,516.108466
1.34,7,516.131014
-0.76,6,516.14765
1.14,4,516.160134
1.14,4,516.17223
1.16,8,516.196777
1.34,7,516.273788
1.14,4,516.284947
1.14,4,516.295058
-0.86,5,516.310102
1.19,5,516.323276
1.14,4,516.335389
1.14,4,516.347403
1.34,7,516.366612
1.14,4,516.378108
1.14,4,516.390786
1.19,5,516.406929
1.24,6,516.425633
1.14,4,516.43725
1.14,4,516.447085
-0.76,6,516.467125
-0.71,6,516.485843
1.14,4,516.49522
1.14,4,516.507574
1.19,5,516.521352
1.19,5,516.537754
1.14,4,516.550623
1.14,4,516.5628
1.14,4,516.575275
1.14,4,516.587312
1.18,6,516.604551
1.14,4,516.615846
1.14,4,516.627557
1.19,5,516.644159
1.19,5,516.659009
1.14,4,516.669677
1.19,5,516.684968
1.14,4,516.694722
1.14,4,516.707231
1.29,6,516.725459
1.14,4,516.738808
1.14,4,516.750723
1.29,6,516.769361
1.19,5,516.784687
1.14,4,516.796052
1.14,4,516.805374
1.14,4,516.81673
1.14,4,516.827643
1.14,4,516.838246
1.34,7,516.858786
1.19,5,516.874359
1.13,5,516.889549
1.14,4,516.900609
1.14,4,516.911585
1.19,5,516.927006
1.19,5,516.942976
1.19,5,516.95937
1.14,4,516.970145
1.14,4,516.982052
1.14,4,516.994459
1.14,4,517.004951
1.14,4,517.016863
1.34,7,517.037841
1.14,4,517.049467
1.14,4,517.060342
1.14,4,517.071945
1.14,4,517.084592
1.14,4,517.094798
1.14,4,517.10474
1.14,4,517.116006
1.34,7,517.137165
1.19,5,517.150025
1.19,5,517.161936
1.14,4,517.171385
1.14,4,517.183363
1.19,5,517.199609
1.14,4,517.211149
1.14,4,517.221165
1.14,4,517.233011
1.14,4,517.245387
1.14,4,517.257568
1.14,4,517.270914
1.14,4,517.283604
1.14,4,517.293326
1.14,4,517.306214
-0.59,8,517.335176
1.14,4,517.347215
1.14,4,517.356096
1.14,4,517.366965
1.14,4,517.37842
1.14,4,517.390131
1.14,4,517.402222
1.14,4,517.413423
-0.91,4,517.426009
1.14,4,517.438534
1.14,4,517.450892
1.24,6,517.471817
1.29,6,517.492365
1.14,4,517.505036
1.14,4,517.519161
1.19,5,517.534323
1.24,6,517.55291
1.14,4,517.566067
1.14,4,517.575454
1.14,4,517.587038
1.14,4,517.59985
1.14,4,517.609215
1.14,4,517.619896
1.19,5,517.634331
1.28,7,517.655398
1.14,4,517.666964
1.14,4,517.678426
1.14,4,517.687657
1.14,4,517.699211
1.14,4,517.710633
1.14,4,517.72311
1.17,7,517.746829
1.14,4,517.75556
1.14,4,517.766085
1.14,4,517.777424
1.14,4,517.787641
1.19,5,517.800695
1.14,4,517.810524
1.29,6,517.828209
1.14,4,517.840191
1.19,5,517.853559
1.14,4,517.866107
1.14,4,517.877376
1.14,4,517.889621
1.14,4,517.901112
1.14,4,517.912987
1.14,4,517.92215
1.19,5,517.936173
1.14,4,517.946303
1.19,5,517.959018
1.14,4,517.970297
1.19,5,517.984943
1.14,4,517.995399
-0.76,6,518.015118
1.14,4,518.026563
1.14,4,518.039481
1.16,5,518.056442
-0.81,5,518.074388
1.14,4,518.087101
1.14,4,518.100298
1.14,4,518.112583
1.18,6,518.132241
1.14,4,518.143951
1.14,4,518.155661
1.14,4,518.168174
1.14,4,518.17978
1.14,4,518.189649
1.19,5,518.205124
1.14,4,518.216705
1.14,4,518.225893
1.14,4,518.238573
1.14,4,518.250808
1.14,4,518.261166
1.34,7,518.279818
1.14,4,518.289374
1.14,4,518.300175
1.19,5,518.315546
1.14,4,518.326977
1.29,6,518.346214
1.14,4,518.358731
1.34,8,518.383602
-0.66,7,518.407652
1.14,4,518.418764
1.14,4,518.430463
1.19,5,518.446259
1.14,4,518.458355
1.14,4,518.471476
1.14,4,518.482727
1.14,4,518.494055
1.14,4,518.505924
1.14,4,518.518283
1.14,4,518.530278
1.14,4,518.54262
1.14,4,518.555562
1.34,7,518.57277
1.14,4,518.583528
-0.76,6,518.602563
1.14,4,518.612974
1.19,5,518.629451
-0.82,6,518.651288
1.14,4,518.664482
1.14,4,518.676197
1.14,4,518.686703
1.19,5,518.701761
1.14,4,518.714067
1.14,4,518.725609
1.14,4,518.738163
1.14,4,518.748382
1.14,4,518.757221
1.14,4,518.767237
1.19,5,518.781927
1.14,4,518.794327
1.14,4,518.806463
1.14,4,518.819458
1.19,5,518.836033
1.14,4,518.848891
1.14,4,518.860734
1.14,4,518.869886
1.14,4,518.880525
1.14,4,518.891378
-0.64,7,518.915577
1.14,4,518.927961
1.29,6,518.949022
1.14,4,518.961741
1.14,4,518.97451
-0.76,6,518.994493
-0.82,7,519.018502
1.14,4,519.030287
-0.86,4,519.042778
1.14,4,519.055293
1.14,4,519.06832
1.46,8,519.094914
1.14,4,519.108123
1.14,4,519.118706
1.14,4,519.130899
1.14,4,519.184847
1.28,7,519.214737
1.19,5,519.226499
1.14,4,519.236683
1.14,4,519.249173
1.18,6,519.266851
1.14,4,519.277874
-0.48,11,519.310259
1.14,4,519.321183
1.14,4,519.332618
1.14,4,519.344082
1.14,4,519.353242
1.14,4,519.36418
1.34,7,519.385672
1.14,4,519.39748
1.14,4,519.409027
1.14,4,519.421167
1.14,4,519.433102
1.13,5,519.448892
1.14,4,519.458722
1.14,4,519.471054
1.14,4,519.484914
1.14,4,519.50027
1.14,4,519.515354
1.14,4,519.530416
1.14,4,519.542786
1.19,5,519.556325
1.14,4,519.568153
1.14,4,519.579638
1.19,5,519.593279
1.33,8,519.614105
1.29,6,519.631636
1.14,4,519.643
1.14,4,519.655135
1.33,8,519.681103
1.14,4,519.690487
1.14,4,519.702065
1.14,4,519.714644
1.14,4,519.726276
1.14,4,519.735376
1.14,4,519.746481
1.14,4,519.757921
1.14,4,519.770396
1.19,5,519.78364
1.19,5,519.796721
1.14,4,519.805418
1.14,4,519.817099
1.14,4,519.828532
1.14,4,519.840966
1.19,5,519.85772
1.14,4,519.870651
-0.92,5,519.884685
1.14,4,519.896877
1.29,6,519.914246
-0.77,7,519.938485
1.14,4,519.950184
1.14,4,519.961494
1.29,6,519.976619
1.14,4,519.986461
1.14,4,519.999088
-0.71,7,520.017659
1.19,5,520.031787
1.14,4,520.042593
1.14,4,520.054126
1.14,4,520.065749
1.14,4,520.075014
1.19,5,520.090395
1.19,5,520.106624
1.39,8,520.129631
-0.71,7,520.151696
1.14,4,520.164665
1.14,4,520.176011
1.14,4,520.187482
-0.71,7,520.208814
1.24,6,520.224518
1.14,4,520.238332
1.29,6,520.258506
1.14,4,520.269459
1.29,6,520.289229
1.14,4,520.299886
1.14,4,520.311293
1.19,5,520.326771
1.14,4,520.339116
1.19,5,520.354253
1.14,4,520.367418
1.14,4,520.378938
1.14,4,520.390559
1.14,4,520.403438
1.14,4,520.416074
1.14,4,520.426992
1.29,6,520.441502
1.19,5,520.456529
1.14,4,520.469862
1.14,4,520.482606
1.14,4,520.497383
1.19,5,520.513917
1.14,4,520.529649
1.14,4,520.54565
1.14,4,520.5638
1.14,4,520.57656
1.14,4,520.592328
1.19,5,520.617672
1.14,4,520.636853
1.14,4,520.656339
1.14,4,520.673377
1.29,6,520.695933
1.14,4,520.70806
-0.67,8,520.737128
1.34,7,520.758245
1.14,4,520.768585
-0.82,6,520.78604
-0.77,7,520.807422
1.14,4,520.818979
1.19,5,520.83388
1.14,4,520.846812
1.14,4,520.859572
1.14,4,520.872179
1.14,4,520.885799
1.19,5,520.901171
1.14,4,520.913082
1.19,5,520.925544
1.14,4,520.935368
1.14,4,520.946418
1.19,5,520.960672
1.19,5,520.972821
1.14,4,520.984946
-0.76,7,521.010298
1.14,4,521.023699
1.18,6,521.043308
1.14,4,521.053102
1.19,5,521.069436
1.14,4,521.081351
1.14,4,521.090748
1.19,5,521.10725
1.14,4,521.120133
1.14,4,521.131684
1.19,5,521.146046
1.18,6,521.164596
1.14,4,521.176233
1.14,4,521.187821
1.14,4,521.198415
1.14,4,521.207852
1.14,4,521.219296
1.14,4,521.231665
1.14,4,521.243839
1.14,4,521.256382
1.19,5,521.27754
1.34,7,521.302366
1.14,4,521.319626
1.14,4,521.333657
1.14,4,521.35053
1.14,4,521.364265
1.14,4,521.378334
1.14,4,521.39111
1.19,5,521.403177
1.19,5,521.417956
1.14,4,521.429085
1.14,4,521.440032
1.19,5,521.455763
1.14,4,521.468713
1.34,7,521.486778
1.14,4,521.498652
1.14,4,521.512117
1.18,6,521.53062
1.14,4,521.543002
1.14,4,521.556447
1.14,4,521.569244
1.14,4,521.581095
1.14,4,521.593408
1.14,4,521.604003
1.14,4,521.619043
1.18,6,521.638522
1.14,4,521.650637
1.14,4,521.66492
1.14,4,521.67706
1.14,4,521.689576
1.14,4,521.704942
1.14,4,521.719271
1.14,4,521.733546
1.43,9,521.762929
1.14,4,521.771703
1.14,4,521.784469
1.14,4,521.796379
1.14,4,521.807598
1.14,4,521.8184
1.14,4,521.830658
1.14,4,521.842744
1.14,4,521.855797
1.19,5,521.87398
1.14,4,521.890044
1.14,4,521.903121
1.14,4,522.53222
1.14,4,522.54114
1.14,4,522.553891
1.14,4,522.565579
1.14,4,522.578135
1.14,4,522.589813
1.19,5,522.601487
1.19,5,522.617394
1.14,4,522.629093
1.14,4,522.641006
1.14,4,522.653075
1.14,4,522.664168
1.14,4,522.675449
1.14,4,522.687419
-0.76,6,522.70676
1.14,4,522.719096
1.34,7,522.738615
1.49,8,522.760467
1.14,4,522.770176
1.14,4,522.781868
1.18,6,522.797956
-0.65,8,522.820759
1.14,4,522.832555
1.14,4,522.844311
1.14,4,522.855546
1.14,4,522.866894
1.38,8,522.891296
1.14,4,522.899882
1.19,5,522.913086
1.29,6,522.928003
1.14,4,522.938547
1.14,4,522.950979
-0.82,6,522.971123
1.14,4,522.982486
1.14,4,522.995334
1.19,5,523.011557
1.14,4,523.023883
1.14,4,523.033885
1.29,6,523.049628
1.34,7,523.070318
1.14,4,523.082748
-0.66,7,523.104806
1.18,6,523.125641
1.14,4,523.136671
1.14,4,523.1487
1.14,4,523.163544
1.14,4,523.175927
1.14,4,523.188425
1.14,4,523.201788
1.14,4,523.213649
1.14,4,523.224977
1.14,4,523.237738
1.14,4,523.251063
1.14,4,523.264266
1.14,4,523.277162
1.14,4,523.289363
1.14,4,523.301738
1.14,4,523.314431
1.19,5,523.330219
1.14,4,523.341295
1.13,5,523.353065
1.14,4,523.365312
1.14,4,523.379165
1.14,4,523.391162
1.19,5,523.40275
1.23,7,523.424903
1.14,4,523.434741
1.14,4,523.447569
1.19,5,523.463204
1.14,4,523.475765
1.14,4,523.487791
1.14,4,523.50117
1.34,7,523.526859
1.29,6,523.545049
1.14,4,523.555496
1.14,4,523.568369
1.14,4,523.581695
1.14,4,523.59379
-0.82,6,523.615664
1.19,5,523.630068
1.14,4,523.639549
1.14,4,523.651546
1.14,4,523.663881
1.14,4,523.676775
1.14,4,523.688206
1.14,4,523.702492
1.14,4,523.716045
-0.76,6,523.734064
1.19,5,523.748919
1.14,4,523.760917
1.34,7,523.782059
1.14,4,523.794121
1.14,4,523.80577
1.14,4,523.817727
1.19,5,523.830809
1.14,4,523.841533
-0.86,5,523.853383
1.14,4,523.864093
1.19,5,523.878968
1.14,4,523.889795
1.29,7,523.911418
1.14,4,523.920559
-0.56,8,523.946823
1.14,4,523.955407
1.14,4,523.968549
1.19,5,523.982002
1.14,4,523.993113
1.14,4,524.00401
1.14,4,524.013397
1.14,4,524.023932
1.14,4,524.035795
1.14,4,524.046083
1.34,7,524.066825
1.14,4,524.079955
1.19,5,524.095716
1.14,4,524.106652
1.24,6,524.126404
1.19,5,524.138171
1.14,4,524.150552
1.14,4,524.162707
1.14,4,524.174922
1.19,5,524.190558
1.14,4,524.200834
1.24,6,524.220472
1.14,4,524.23348
1.14,4,524.245545
1.14,4,524.253943
1.14,4,524.266593
1.14,4,524.279153
1.14,4,524.290888
1.14,4,524.303071
1.14,4,524.314988
1.19,5,524.331599
1.14,4,524.34458
1.14,4,524.355443
1.14,4,524.364115
1.14,4,524.375546
1.14,4,524.386675
1.14,4,524.398995
1.14,4,524.411491
1.3,7,524.430088
1.19,5,524.444378
1.29,6,524.46338
1.14,4,524.473329
1.14,4,524.48506
1.14,4,524.497099
1.19,5,524.511566
1.19,5,524.527068
1.19,5,524.542951
1.19,5,524.557071
1.13,5,524.572293
1.19,5,524.584116
1.14,4,524.595282
1.19,5,524.609218
1.14,4,524.620591
1.23,7,524.643251
1.14,4,524.655285
1.34,7,524.678055
-0.77,7,524.700617
1.14,4,524.712685
1.14,4,524.722031
1.14,4,524.733923
1.14,4,524.744658
1.14,4,524.755923
1.14,4,524.765825
1.34,7,524.785231
1.14,4,524.797191
1.14,4,524.809851
1.19,5,524.826276
1.14,4,524.838644
1.19,5,524.850966
1.34,7,524.872448
1.14,4,524.88405
1.23,7,524.906726
1.27,8,524.928883
1.34,7,524.948113
1.14,4,524.959605
1.14,4,524.971207
-0.81,6,524.98656
1.14,4,524.999064
1.14,4,525.010487
1.18,6,525.02896
1.19,5,525.042737
1.14,4,525.055169
1.14,4,525.067014
1.14,4,525.077371
1.14,4,525.088378
1.14,4,525.101116
1.14,4,525.113988
-0.81,5,525.129941
1.14,4,525.139686
1.14,4,525.149253
1.14,4,525.159436
1.14,4,525.169267
1.24,6,525.188913
1.36,7,525.211932
1.14,4,525.224339
1.14,4,525.236503
1.14,4,525.248615
1.14,4,525.26246
1.14,4,525.278051
-0.76,6,525.301339
-0.82,6,525.322566
1.14,4,525.335276
1.19,5,525.352736
1.14,4,525.367052
1.34,7,525.385149
1.14,4,525.398592
1.14,4,525.41299
1.14,4,525.424131
1.14,4,525.436369
1.24,6,525.455536
1.34,7,525.483835
1.14,4,525.536913
1.19,5,525.553135
1.14,4,525.566547
1.14,4,525.57914
1.34,7,525.600174
1.14,4,525.611367
1.14,4,525.622977
1.14,4,525.636043
-0.83,7,525.658899
-0.74,9,525.691184
1.14,4,525.702554
1.14,4,525.715471
-0.93,6,525.735049
1.14,4,525.748038
1.14,4,525.760892
1.19,5,525.77583
-0.76,6,525.794845
1.14,4,525.805505
1.18,6,525.819763
1.19,5,525.832351
-0.91,4,525.844716
1.14,4,525.854612
1.19,5,525.871236
1.14,4,525.883364
-0.82,6,525.90373
1.14,4,525.91595
1.14,4,525.928102
1.14,4,525.940126
1.14,4,525.95075
1.28,7,525.97441
1.14,4,525.985425
-0.87,6,526.006376
1.14,4,526.015708
1.14,4,526.027953
1.14,4,526.039244
1.14,4,526.051024
1.19,5,526.066097
-0.78,8,526.09584
1.14,4,526.109015
1.19,5,526.123513
1.14,4,526.134203
1.14,4,526.144661
1.14,4,526.157761
1.14,4,526.168502
-0.86,5,526.184683
-0.86,5,526.201543
1.24,6,526.220341
1.34,7,526.237838
1.14,4,526.249771
1.14,4,526.262614
1.19,5,526.278205
1.14,4,526.289156
1.14,4,526.299101
1.14,4,526.309974
1.16,5,526.32513
1.14,4,526.336677
1.14,4,526.34878
1.14,4,526.361179
1.14,4,526.372877
1.14,4,526.384083
1.14,4,526.395275
1.29,6,526.411922
1.19,5,526.426405
1.19,5,526.44156
1.14,4,526.453844
1.34,7,526.473009
1.14,4,526.48287
1.14,4,526.494809
1.14,4,526.503408
1.14,4,526.515582
1.14,4,526.52689
-0.76,6,526.543988
1.14,4,526.558668
1.14,4,526.570965
1.14,4,526.580912
1.14,4,526.592493
1.14,4,526.604982
1.14,4,526.614922
1.13,5,526.628866
1.14,4,526.640928
1.14,4,526.650765
1.14,4,526.662954
-0.88,7,526.68331
-0.91,4,526.694431
1.14,4,526.70579
1.14,4,526.716724
-0.61,8,526.743712
1.14,4,526.755634
1.14,4,526.767916
1.14,4,526.780804
1.14,4,526.792845
1.14,4,526.803792
1.14,4,526.816317
1.14,4,526.828671
1.14,4,526.841341
-0.71,7,526.862926
1.19,5,526.87626
1.14,4,526.887558
-0.76,6,526.908642
1.19,5,526.921583
1.14,4,526.931338
1.34,7,526.947822
1.19,5,526.963205
1.14,4,526.973928
1.14,4,526.983968
1.14,4,526.996828
1.19,5,527.012082
1.14,4,527.02452
1.14,4,527.036224
-0.77,7,527.055697
1.14,4,527.068037
1.14,4,527.080307
1.14,4,527.091631
1.14,4,527.102671
1.14,4,527.112238
1.14,4,527.123893
1.19,5,527.139203
1.14,4,527.152524
-0.61,8,527.180752
1.14,4,527.191718
1.19,5,527.206641
1.14,4,527.215796
1.19,5,527.231647
1.14,4,527.24358
1.14,4,527.255569
1.14,4,527.267583
1.14,4,527.280491
1.14,4,527.294085
1.14,4,527.304855
1.29,6,527.321028
1.14,4,527.331495
1.14,4,527.343931
1.14,4,527.356767
1.19,5,527.368746
1.19,5,527.383717
1.33,8,527.40649
1.14,4,527.41801
1.14,4,527.429772
1.14,4,527.441679
1.12,6,527.459804
1.14,4,527.472007
1.29,6,527.487765
1.19,5,527.503589
1.14,4,527.513454
1.19,5,527.528408
1.14,4,527.541204
1.14,4,527.551562
1.14,4,527.56538
1.29,6,527.584509
1.14,4,527.597198
1.34,7,527.619765
1.14,4,527.629826
1.14,4,527.642519
1.14,4,527.653155
1.14,4,527.663412
1.14,4,527.674948
1.14,4,527.685935
1.19,5,527.69846
1.14,4,527.709874
1.14,4,527.722314
1.19,5,527.737616
1.14,4,527.74757
-0.83,7,527.765722
1.34,7,527.788319
1.14,4,527.80059
1.29,6,527.816697
1.14,4,527.827657
1.14,4,527.839186
1.19,5,527.85205
1.14,4,527.862304
1.14,4,527.873817
1.14,4,527.885419
1.14,4,527.895459
1.14,4,527.906291
1.14,4,527.91741
1.14,4,527.929236
1.29,6,527.947232
1.14,4,527.960927
1.19,5,527.976069
1.19,5,527.991878
1.14,4,528.004238
1.14,4,528.016479
1.19,5,528.03058
1.14,4,528.04116
1.14,4,528.052943
1.14,4,528.065275
1.14,4,528.076092
1.14,4,528.087028
1.14,4,528.099688
1.14,4,528.109953
1.14,4,528.122198
1.14,4,528.133859
1.14,4,528.14618
1.14,4,528.156476
1.14,4,528.167348
-0.76,6,528.188683
1.14,4,528.201404
1.14,4,528.213276
1.14,4,528.2258
1.14,4,528.236539
1.14,4,528.245755
1.14,4,528.257228
1.14,4,528.269956
1.14,4,528.280561
1.14,4,528.29164
1.19,5,528.306444
1.14,4,528.317513
1.14,4,528.329365
1.19,5,528.34506
1.23,7,528.36803
1.14,4,528.37782
1.14,4,528.389566
-0.91,4,528.401192
1.14,4,528.410778
1.19,5,528.424822
1.14,4,528.487372
1.19,5,528.508679
1.14,4,528.522909
1.34,7,528.542531
1.14,4,528.554655
1.29,6,528.573979
1.19,5,528.589851
1.14,4,528.601803
1.19,5,528.61674
1.19,5,528.632173
1.14,4,528.646383
1.14,4,528.659587
1.14,4,528.672069
1.14,4,528.683131
1.14,4,528.695555
-0.77,7,528.718059
1.14,4,528.729647
1.19,5,528.745911
1.18,6,528.762506
1.14,4,528.774878
1.34,7,528.796184
1.14,4,528.808001
1.14,4,528.817987
1.14,4,528.830246
1.14,4,528.842397
1.14,4,528.855429
1.34,7,528.877522
1.14,4,528.889861
1.24,6,528.906112
1.14,4,528.917561
1.14,4,528.929191
1.19,5,528.944734
1.14,4,528.956438
-0.71,7,528.976167
1.14,4,528.988228
1.14,4,528.997623
1.14,4,529.008172
1.19,5,529.023657
1.14,4,529.036106
1.19,5,529.047862
1.14,4,529.058985
1.14,4,529.070558
1.14,4,529.082232
1.14,4,529.094855
1.29,6,529.111309
-0.77,7,529.13322
1.14,4,529.143025
1.19,5,529.158896
1.14,4,529.171344
1.23,7,529.193011
1.14,4,529.204403
1.14,4,529.214987
1.13,5,529.227697
1.14,4,529.23855
1.14,4,529.24743
1.14,4,529.25899
1.14,4,529.270406
-0.71,6,529.290764
1.14,4,529.300756
1.14,4,529.312344
1.14,4,529.323285
1.14,4,529.332642
-0.61,8,529.355703
1.14,4,529.36423
1.14,4,529.375882
1.14,4,529.385328
1.19,5,529.396845
1.14,4,529.408779
1.14,4,529.421699
-0.56,8,529.449808
1.14,4,529.462896
1.14,4,529.476187
1.19,5,529.492522
1.14,4,529.505165
1.14,4,529.514734
-0.82,7,529.538065
1.14,4,529.550356
1.19,5,529.56416
1.19,5,529.578175
-0.72,7,529.60131
1.14,4,529.613943
1.14,4,529.624781
1.14,4,529.636676
1.14,4,529.648145
1.14,4,529.661232
1.14,4,529.674648
1.14,4,529.686253
1.14,4,529.697752
-0.71,7,529.71617
1.14,4,529.728506
1.14,4,529.741054
1.14,4,529.75233
1.14,4,529.764339
1.14,4,529.776482
1.14,4,529.788873
1.14,4,529.800137
1.19,5,529.814487
1.14,4,529.824935
-0.84,8,529.847484
1.14,4,529.86029
1.14,4,529.873056
1.14,4,529.882686
1.19,5,529.894861
-0.82,6,529.913765
-0.66,7,529.938312
1.14,4,529.950807
1.19,5,529.966807
1.14,4,529.977136
1.14,4,529.989356
1.14,4,530.001161
1.14,4,530.015193
1.34,7,530.034318
1.19,5,530.047416
-0.62,8,530.074443
1.14,4,530.088695
1.14,4,530.103781
1.14,4,530.11456
1.14,4,530.127948
1.14,4,530.140145
1.34,7,530.159688
1.14,4,530.170657
1.14,4,530.181744
1.14,4,530.192558
1.14,4,530.204771
1.14,4,530.21587
1.14,4,530.226872
1.19,5,530.24294
1.14,4,530.256443
1.14,4,530.2691
1.28,7,530.295603
1.14,4,530.309858
1.14,4,530.321718
1.14,4,530.333482
1.24,6,530.348616
1.14,4,530.361107
1.14,4,530.373332
1.14,4,530.384937
1.14,4,530.396906
1.14,4,530.408696
1.14,4,530.421408
1.14,4,530.432563
1.14,4,530.441921
1.14,4,530.45115
1.14,4,530.461016
1.19,5,530.473806
1.19,5,530.487638
-0.82,6,530.506777
1.14,4,530.5183
1.14,4,530.530837
1.14,4,530.543439
1.14,4,530.554995
1.14,4,530.566127
1.19,5,530.581379
1.14,4,530.59422
-0.8,10,530.626551
1.14,4,530.638705
1.14,4,530.648014
1.14,4,530.660211
1.14,4,530.670747
1.14,4,530.68136
1.14,4,530.692318
1.14,4,530.702646
1.14,4,530.715001
1.14,4,530.727976
1.14,4,530.741281
1.14,4,530.754293
1.14,4,530.765923
1.13,5,530.777162
1.14,4,530.787454
1.14,4,530.798054
1.14,4,530.810356
1.19,5,530.82581
1.14,4,530.838556
1.14,4,530.850705
1.14,4,530.860806
1.14,4,530.872078
1.14,4,530.882643
1.19,5,530.897548
1.14,4,530.910298
1.14,4,530.924381
1.14,4,530.937679
1.14,4,530.951199
1.14,4,530.965583
1.14,4,530.978463
1.14,4,530.989771
1.14,4,531.001119
1.14,4,531.011485
1.14,4,531.024495
1.14,4,531.038004
1.14,4,531.050138
1.34,7,531.072357
1.14,4,531.08512
1.14,4,531.09715
1.19,5,531.111144
1.14,4,531.124547
1.14,4,531.137441
1.14,4,531.148771
1.14,4,531.159938
1.19,5,531.176542
1.19,5,531.198035
1.14,4,531.210466
1.14,4,531.223519
1.14,4,531.234603
1.14,4,531.246831
1.19,5,531.263018
1.14,4,531.333582
1.14,4,531.346093
1.33,8,531.372493
1.19,5,531.386357
1.14,4,531.39739
1.34,7,531.415556
1.14,4,531.427481
1.14,4,531.439161
1.14,4,531.451043
1.14,4,531.463193
1.19,5,531.478681
1.14,4,531.488862
1.14,4,531.499693
1.14,4,531.511525
1.14,4,531.523396
1.14,4,531.535651
1.14,4,531.547364
1.14,4,531.557453
1.34,7,531.575753
1.14,4,531.587956
1.19,5,531.603673
1.14,4,531.616417
1.49,8,531.643788
1.14,4,531.655334
1.19,5,531.667647
1.14,4,531.679451
1.14,4,531.691175
1.14,4,531.703472
1.14,4,531.716044
1.14,4,531.728937
1.14,4,531.741147
1.14,4,531.753602
1.14,4,531.765077
1.14,4,531.776743
1.14,4,531.788893
1.34,7,531.809289
1.19,5,531.822392
1.14,4,531.833138
1.14,4,531.845454
1.14,4,531.857841
1.14,4,531.870623
1.14,4,531.883597
1.14,4,531.893966
1.14,4,531.905016
1.14,4,531.915991
1.14,4,531.927629
1.14,4,531.938416
1.14,4,531.947233
1.14,4,531.958918
1.14,4,531.970776
1.14,4,531.980217
1.14,4,531.990803
1.34,7,532.010806
1.19,5,532.028403
1.14,4,532.039584
1.14,4,532.052691
1.19,5,532.068703
1.14,4,532.080677
1.14,4,532.092643
1.14,4,532.10508
1.29,6,532.122202
1.14,4,532.13462
1.13,5,532.14974
1.14,4,532.161308
1.14,4,532.171599
1.19,5,532.186076
1.14,4,532.195258
1.14,4,532.205851
1.14,4,532.216636
1.14,4,532.228883
-0.81,5,532.246364
1.14,4,532.258972
1.14,4,532.271054
1.19,5,532.28732
1.14,4,532.297753
1.14,4,532.307924
1.14,4,532.319522
1.14,4,532.3304
-0.81,5,532.34355
1.14,4,532.354748
1.14,4,532.365904
1.19,5,532.381533
1.19,5,532.392813
1.14,4,532.404581
1.14,4,532.415722
1.14,4,532.427426
1.14,4,532.440025
1.14,4,532.450361
1.14,4,532.462848
1.14,4,532.47538
1.29,6,532.491855
1.19,5,532.505284
1.29,6,532.523639
1.19,5,532.540737
-0.76,6,532.558336
1.14,4,532.568789
1.14,4,532.58004
-0.67,8,532.603809
1.14,4,532.613301
1.28,7,532.629709
-0.81,5,532.646086
1.14,4,532.659043
-0.87,6,532.679953
1.14,4,532.692679
1.14,4,532.705552
1.19,5,532.720411
1.14,4,532.729228
1.14,4,532.739052
1.14,4,532.749272
1.14,4,532.759227
1.14,4,532.771053
1.14,4,532.782899
1.19,5,532.798907
1.19,5,532.815573
1.14,4,532.827595
1.14,4,532.839368
1.14,4,532.85185
-0.82,6,532.869607
1.14,4,532.878531
1.14,4,532.888752
1.19,5,532.90252
1.14,4,532.913043
1.29,6,532.928182
1.14,4,532.940808
1.24,6,532.958181
1.14,4,532.971102
1.14,4,532.982549
1.38,9,533.01052
1.14,4,533.02337
1.29,7,533.045906
1.14,4,533.056504
1.24,6,533.07601
1.14,4,533.088542
1.19,5,533.102857
1.14,4,533.114596
1.29,6,533.13487
1.14,4,533.147332
1.14,4,533.157532
1.14,4,533.170449
1.14,4,533.179327
1.14,4,533.189069
1.14,4,533.20111
1.19,5,533.213341
1.14,4,533.225969
1.29,6,533.245968
1.19,5,533.257768
1.34,7,533.277529
1.14,4,533.289334
1.14,4,533.301741
1.14,4,533.313139
1.19,5,533.325964
1.14,4,533.337769
1.14,4,533.349025
1.14,4,533.358338
1.39,8,533.383506
1.14,4,533.391345
1.34,7,533.407688
1.14,4,533.41827
1.14,4,533.430662
1.14,4,533.441357
1.19,5,533.4561
1.14,4,533.46882
1.19,5,533.481276
1.14,4,533.494087
1.14,4,533.506766
1.24,6,533.522933
1.14,4,533.533994
1.19,5,533.54935
1.13,5,533.565892
1.19,5,533.581653
1.14,4,533.593708
1.14,4,533.605778
1.14,4,533.617995
1.29,6,533.634759
1.14,4,533.646311
1.14,4,533.655542
1.14,4,533.66589
1.19,5,533.677121
1.14,4,533.689201
1.14,4,533.70077
-0.56,8,533.721462
-0.81,5,533.738512
1.14,4,533.751067
1.14,4,533.76245
1.14,4,533.775283
1.14,4,533.788663
1.19,5,533.803271
1.34,8,533.82808
1.19,5,533.84454
1.24,6,533.863834
1.14,4,533.873039
1.14,4,533.884732
1.14,4,533.895557
1.14,4,533.908029
1.3,7,533.93056
1.14,4,533.940699
1.14,4,533.95183
1.19,5,533.964804
1.14,4,533.973265
1.14,4,533.982475
1.14,4,533.99099
1.14,4,534.002696
1.14,4,534.014291
1.14,4,534.02427
1.14,4,534.036118
-0.67,8,534.057984
1.14,4,534.069154
1.19,5,534.084579
1.18,6,534.104285
1.14,4,534.114195
-0.93,6,534.133428
1.14,4,534.145915
1.14,4,534.158802
1.14,4,534.170628
1.19,5,534.186837
1.14,4,534.199599
1.14,4,534.2115
1.14,4,534.224211
1.14,4,534.235619
1.29,6,534.254519
1.14,4,534.267483
1.14,4,534.279959
1.14,4,534.289984
1.14,4,534.344294
1.14,4,534.360143
1.14,4,534.372281
1.14,4,534.384829
1.14,4,534.397245
1.14,4,534.407747
1.14,4,534.420306
1.14,4,534.433246
1.14,4,534.44248
1.14,4,534.453038
1.14,4,534.482919
1.14,4,534.526822
1.36,7,534.551018
1.14,4,534.560981
1.14,4,534.572935
1.14,4,534.584054
1.34,7,534.60538
1.14,4,534.618207
1.14,4,534.629586
1.14,4,534.639798
1.14,4,534.652625
1.14,4,534.665341
1.19,5,534.679141
1.29,6,534.696643
1.19,5,534.70904
1.14,4,534.721164
1.14,4,534.734525
1.14,4,534.746991
1.14,4,534.756575
1.19,5,534.769088
1.14,4,534.780174
1.29,6,534.799446
1.14,4,534.811618
1.24,6,534.829607
-0.98,5,534.844861
1.19,5,534.856506
