#{"t_start": 1762613392.5732462, "env_id": "None"}
r,l,t
-0.67,13,0.044382
-0.79,6,0.06144
-0.73,11,0.088201
-0.76,8,0.109588
-0.6,14,0.153017
1.29,6,0.168682
-0.65,9,0.231999
-0.9,9,0.298218
1.35,8,0.322152
-0.96,9,0.344568
1.56,14,0.373699
1.33,8,0.394999
-0.75,11,0.417125
-0.51,12,0.446736
-0.95,8,0.468875
1.54,17,0.516553
-0.61,11,0.562847
1.3,14,0.642325
-0.92,5,0.655306
1.17,13,0.678731
-0.82,9,0.696477
-0.48,14,0.727787
1.36,11,0.747994
-0.85,12,0.771278
-0.81,11,0.79372
-0.99,6,0.808072
-0.49,16,0.848838
1.18,6,0.859941
-0.52,17,0.890347
-0.89,8,0.903349
-0.72,13,0.932039
-0.68,10,0.959147
1.26,9,0.976887
1.46,11,0.993508
-0.69,14,1.014762
-0.68,13,1.032171
-0.98,5,1.042128
-0.6,10,1.057188
1.46,9,1.070009
-0.87,5,1.079789
-0.49,16,1.110661
-0.78,12,1.130552
1.39,13,1.152847
-0.55,13,1.167963
1.26,6,1.179934
1.41,14,1.198779
-0.78,11,1.216903
-0.88,10,1.232116
-0.51,14,1.254484
-0.81,8,1.265103
-0.87,5,1.273368
1.18,9,1.286408
-0.57,11,1.308622
1.14,12,1.333111
-0.59,10,1.356265
1.13,5,1.363808
-0.94,9,1.379446
1.16,8,1.390683
-0.54,12,1.406695
1.31,11,1.425193
1.38,8,1.442435
1.23,7,1.456973
-0.98,5,1.467076
1.22,8,1.479536
1.54,11,1.500019
-0.74,10,1.516979
1.23,7,1.526981
-0.82,9,1.541637
-0.63,9,1.556301
1.41,14,1.575742
1.24,8,1.587601
-0.94,7,1.598185
1.13,7,1.610916
1.27,11,1.627248
-0.39,17,1.648388
-0.68,16,1.674814
1.17,7,1.685872
-0.62,16,1.705185
1.37,12,1.721021
1.2,10,1.734714
1.33,13,1.754404
-0.96,9,1.766606
-0.79,10,1.783222
1.3,10,1.799261
-0.65,9,1.811986
-0.5,12,1.827597
-0.72,14,1.845302
1.3,7,1.854443
1.27,9,1.868207
1.17,12,1.886955
1.41,12,1.90409
-0.67,11,1.919289
1.33,11,1.937047
-0.6,16,1.958235
-0.78,8,1.969742
1.44,10,1.985704
-0.75,8,2.003956
-0.93,6,2.020401
-0.82,6,2.036271
1.29,6,2.059269
1.28,8,2.082721
-0.78,10,2.107427
1.37,9,2.131737
1.65,17,2.175939
1.1,9,2.199148
1.7,13,2.236001
-0.7,8,2.257248
-0.43,16,2.298313
-0.35,18,2.351638
-0.47,13,2.386647
1.18,6,2.407989
-0.73,15,2.445053
1.51,13,2.48428
-0.81,8,2.509607
1.4,12,2.547557
1.21,5,2.561883
-0.58,10,2.592823
1.41,11,2.62653
-0.75,11,2.654429
1.53,13,2.694635
1.16,8,2.718967
1.28,13,2.755921
-0.76,13,2.795069
-0.59,11,2.825867
-0.77,17,2.873369
1.18,9,2.896769
1.34,11,2.931522
-0.64,13,2.963356
1.23,13,3.002661
-0.67,9,3.026441
1.14,4,3.038803
-0.76,11,3.076993
-0.41,13,3.121725
1.11,7,3.159055
1.44,11,3.198637
-0.88,7,3.2246
-0.77,13,3.261966
1.46,11,3.300011
1.19,10,3.32688
-0.83,7,3.352757
1.37,14,3.455635
1.13,5,3.474654
1.39,10,3.505582
1.14,7,3.525135
1.15,9,3.553984
-0.59,11,3.589807
1.2,10,3.614071
-0.45,12,3.655367
-0.67,15,3.716674
-0.8,11,3.75836
1.46,12,3.793328
1.38,12,3.830612
-0.5,14,3.871738
1.44,10,3.903185
1.34,13,3.940616
-0.89,8,3.960357
-0.66,10,3.991767
1.14,4,4.001497
-0.52,13,4.0385
-0.87,12,4.144837
-0.64,10,4.174895
-0.75,11,4.208108
1.47,13,4.244572
1.27,10,4.272355
1.2,10,4.303905
-0.19,19,4.392534
1.29,12,4.443587
-0.59,13,4.496377
1.23,13,4.551513
1.14,4,4.564715
-0.95,8,4.594335
-0.76,12,4.637138
1.3,9,4.683448
1.14,7,4.725669
1.37,13,4.780156
-0.94,10,4.820611
1.65,16,5.043837
1.52,14,5.151304
-0.75,7,5.197839
-0.91,13,5.261322
-0.98,8,5.384104
1.46,12,5.432297
-0.7,14,5.470398
1.55,13,5.511258
1.15,12,5.553285
-0.74,10,5.577115
-0.75,10,5.619928
-0.98,5,5.637385
1.27,11,5.676308
1.29,11,5.707931
-0.49,13,5.751634
1.22,10,5.778556
1.14,6,5.798274
1.38,11,5.823392
1.21,9,5.853479
-0.97,7,5.873924
-0.76,10,5.913682
-0.91,10,5.946883
-0.37,14,5.99532
-0.86,11,6.029311
-0.53,17,6.075725
-0.92,11,6.108404
-0.75,9,6.137836
-0.77,9,6.158411
-0.22,17,6.205034
-0.7,11,6.237473
1.22,8,6.26104
1.15,6,6.280931
-0.86,8,6.304538
-0.94,7,6.321475
1.13,5,6.338285
-0.68,9,6.361151
-0.64,11,6.393821
-0.65,15,6.430183
-0.84,11,6.461802
1.17,7,6.477735
-0.49,14,6.516083
1.35,9,6.53951
1.49,11,6.570699
1.38,9,6.598404
-0.83,7,6.615597
-0.36,13,6.657786
1.19,11,6.684475
-0.78,8,6.703161
-0.87,12,6.734155
-0.92,5,6.748739
1.24,9,6.773243
-0.71,9,6.795935
1.22,8,6.823595
-0.94,12,6.856004
-0.9,13,6.892599
-0.54,12,6.92489
-0.99,6,6.944062
-0.85,9,6.970713
1.19,11,7.005009
1.17,5,7.018427
-0.56,15,7.057945
-0.88,9,7.079048
-0.81,12,7.114213
1.09,6,7.130622
1.26,10,7.155342
-0.88,10,7.184027
1.14,4,7.192065
-0.31,15,7.22757
1.41,11,7.260709
-0.47,17,7.310021
-0.67,12,7.350803
1.18,9,7.383867
-0.99,9,7.412473
-0.63,13,7.450201
1.19,8,7.471296
1.25,11,7.508433
-1.03,10,7.539077
-0.82,12,7.576573
-0.92,11,7.606013
-0.65,9,7.634163
1.15,9,7.664286
1.29,9,7.688019
1.26,6,7.705367
1.12,6,7.725067
1.39,8,7.749533
-0.97,4,7.762691
-0.83,7,7.787735
1.23,7,7.809162
1.4,9,7.845762
1.17,7,7.865419
-0.57,14,7.910269
1.15,6,7.927279
-0.57,12,7.966534
-0.82,10,8.006941
1.14,4,8.032318
-0.56,13,8.15605
-0.76,12,8.194726
-0.59,14,8.238418
-0.7,14,8.278211
1.17,7,8.30765
-0.87,9,8.345958
-0.72,11,8.381794
1.3,8,8.400561
1.41,11,8.436248
-0.92,10,8.463766
1.22,9,8.486355
-0.83,10,8.515121
1.23,7,8.537816
1.75,15,8.579773
1.32,10,8.605711
-0.7,14,8.714477
-0.87,8,8.752005
-0.75,13,8.792481
-0.63,10,8.815645
1.28,12,8.85196
1.27,16,8.893763
1.42,13,8.92781
-0.83,7,8.944932
-0.7,12,8.98451
-0.66,7,9.008058
-0.66,11,9.042711
1.24,5,9.056425
-0.82,16,9.103335
-0.87,8,9.122386
-0.6,11,9.155431
-0.73,9,9.178308
1.28,13,9.207889
-0.73,11,9.238441
1.25,11,9.270269
-0.77,7,9.286894
-0.57,15,9.332957
1.21,9,9.358954
-0.76,6,9.379199
1.12,6,9.395664
1.07,8,9.421851
1.61,18,9.470104
1.32,12,9.506388
-0.81,5,9.52226
-0.84,13,9.560738
-0.8,10,9.591098
-0.68,10,9.623886
1.4,15,9.659565
1.46,15,9.704663
1.31,10,9.741416
-0.73,9,9.789293
1.23,7,9.814599
-0.76,10,9.85552
-0.64,12,9.903081
1.15,6,9.923736
-0.71,11,9.968616
-0.82,6,10.076166
1.2,7,10.098014
-0.63,16,10.144972
-0.41,15,10.188612
-0.53,14,10.225075
1.43,13,10.268637
1.23,7,10.290257
-0.68,12,10.329934
1.24,5,10.34453
-0.87,6,10.362543
-0.47,13,10.410367
1.15,9,10.436361
-0.4,15,10.487685
-0.97,4,10.501609
1.17,10,10.531872
1.33,11,10.561698
-0.65,15,10.608901
-0.77,10,10.635893
-0.8,7,10.662378
1.52,10,10.69409
-0.91,10,10.721189
-0.92,8,10.745749
1.37,9,10.771573
1.18,6,10.787591
-0.65,11,10.818241
-0.62,8,10.843381
-0.79,11,10.875599
-0.8,7,10.894953
-0.62,12,10.928662
1.33,11,10.962082
-0.27,16,11.003826
1.22,14,11.041922
1.2,7,11.068287
-0.68,14,11.106426
-0.6,12,11.148769
-0.89,8,11.174145
1.51,16,11.236433
-0.61,11,11.276914
1.33,8,11.305376
-0.83,10,11.344356
-0.83,7,11.364887
-0.66,14,11.402593
-0.75,8,11.426035
1.14,4,11.437904
1.54,15,11.488327
1.26,11,11.516755
1.24,8,11.53811
-0.77,9,11.563062
-0.91,7,11.582557
-0.76,13,11.630378
-0.88,10,11.653639
1.35,9,11.675052
1.26,9,11.70769
-0.77,13,11.745571
-0.78,7,11.765326
1.31,12,11.799643
1.07,9,11.82282
-0.78,14,11.860214
1.36,11,11.895967
1.41,11,11.927685
-0.76,11,11.958202
-0.45,14,12.001192
1.14,10,12.036115
-0.77,7,12.053762
1.21,6,12.072237
1.52,11,12.107973
1.19,5,12.124103
-0.79,12,12.166108
-0.52,16,12.221444
1.4,13,12.271946
-0.73,15,12.331222
1.49,8,12.351854
1.35,9,12.376027
-0.77,8,12.396665
1.41,12,12.434128
1.49,12,12.468253
1.43,13,12.504864
1.65,14,12.54986
1.21,9,12.5841
1.58,10,12.614662
-0.69,14,12.660482
-0.77,11,12.695433
1.47,11,12.735509
-0.62,14,12.778275
-0.6,12,12.817109
-0.85,9,12.848054
1.31,6,12.868082
1.17,7,12.886899
-0.79,14,12.929539
1.27,8,12.949125
-0.8,16,12.992598
-0.91,10,13.019608
-0.38,14,13.067181
1.33,8,13.092793
1.12,6,13.110156
-0.68,13,13.143956
-0.7,10,13.173501
-0.83,13,13.294967
1.13,5,13.32496
-0.97,4,13.337752
1.24,8,13.371453
-0.65,8,13.397571
-1.02,9,13.430389
-0.7,8,13.462709
1.18,6,13.490113
-0.7,10,13.531789
-0.96,9,13.572922
1.4,12,13.622701
1.31,12,13.671761
-0.69,12,13.710768
1.36,11,13.74549
-0.59,14,13.782988
1.65,14,13.825309
1.38,14,13.87042
1.12,6,13.888458
-0.65,12,13.919664
1.35,8,13.940927
1.29,9,13.970677
-0.75,13,14.017208
-0.89,9,14.052247
-0.68,9,14.086353
1.14,4,14.101125
-0.69,13,14.151958
-0.67,10,14.184899
-0.85,11,14.22504
1.15,8,14.252584
-0.73,12,14.28747
1.18,6,14.306632
-0.91,7,14.332424
-0.43,15,14.384136
1.21,9,14.41237
1.38,9,14.435163
-0.86,13,14.474604
1.76,14,14.517842
-0.69,10,14.547552
-0.91,4,14.56014
1.26,12,14.597232
-0.85,13,14.637391
1.21,5,14.654761
1.32,9,14.682951
1.41,13,14.720578
1.18,9,14.754606
-0.92,11,14.783763
1.43,10,14.81324
-0.75,14,14.85561
-0.65,11,14.890109
-0.68,9,14.915783
1.47,15,14.962752
-0.72,11,14.999805
-0.87,12,15.039697
1.18,12,15.075633
1.3,11,15.11165
1.22,11,15.143652
-0.9,9,15.17032
-0.85,10,15.197972
1.2,7,15.216518
-0.92,12,15.251575
1.37,14,15.284712
-0.67,17,15.335453
1.14,4,15.347407
1.39,8,15.368122
-0.51,13,15.408913
-0.72,8,15.431185
-0.82,9,15.459176
1.28,10,15.492915
-0.62,12,15.527072
-0.62,16,15.572466
1.57,12,15.602242
1.23,10,15.651269
-0.92,7,15.711704
-0.65,11,15.750299
-0.68,12,15.781398
1.29,7,15.800402
-0.69,10,15.835493
-0.73,9,15.86666
-0.81,10,15.902122
-0.81,8,15.93168
1.27,8,15.962865
-0.78,10,16.000501
-0.66,11,16.03602
-0.77,12,16.074118
1.18,6,16.091173
-0.74,9,16.122143
1.3,7,16.137283
1.21,14,16.181734
-0.64,9,16.208721
1.22,7,16.229586
-0.57,17,16.272655
-0.56,15,16.317718
1.32,11,16.35064
-0.57,13,16.383553
1.25,6,16.398742
-0.97,6,16.420917
-0.75,11,16.450593
-0.25,16,16.505474
1.74,17,16.552582
1.26,6,16.568598
-0.81,11,16.603328
-0.37,14,16.648564
1.28,8,16.668982
-0.77,13,16.705707
-0.76,12,16.7377
1.22,10,16.768143
-0.35,16,16.806671
1.18,6,16.825581
1.44,12,16.86106
1.32,7,16.8851
1.51,10,16.914881
1.28,8,16.9403
-0.62,9,16.963696
-0.45,17,17.015356
-0.94,7,17.034842
-0.33,14,17.078164
1.28,7,17.109197
-0.68,9,17.154421
-0.37,16,17.234159
1.35,8,17.266803
-0.93,12,17.320627
1.31,8,17.362263
1.15,6,17.387228
-0.7,15,17.445349
1.45,13,17.492879
1.35,13,17.534378
-0.79,9,17.565337
1.19,5,17.585544
-0.76,9,17.618844
-0.83,11,17.810923
-0.82,8,17.836973
1.22,11,17.873511
-0.63,9,17.895585
1.44,15,17.949107
1.23,7,17.97354
-0.66,14,18.009151
-0.6,12,18.03932
-0.35,11,18.077548
1.24,12,18.111729
-0.88,7,18.133737
1.2,11,18.163254
1.16,8,18.189525
1.26,10,18.215724
1.3,11,18.247051
1.49,12,18.277035
1.19,5,18.293748
-0.95,11,18.339442
1.26,10,18.373393
-0.46,15,18.426758
1.19,5,18.445275
-0.84,12,18.47756
-0.8,12,18.510259
-0.87,6,18.530318
1.5,12,18.563596
1.22,13,18.597221
-0.78,8,18.620414
-0.39,16,18.661319
1.1,9,18.688041
-0.73,8,18.707574
1.29,13,18.748498
1.5,11,18.785071
-0.37,15,18.828881
-0.94,7,18.846545
-0.84,9,18.87
-0.63,18,18.913131
1.29,10,18.944726
-0.75,13,18.983869
1.41,12,19.01507
-0.62,12,19.044228
-0.61,13,19.081458
-0.73,8,19.101497
1.33,8,19.123132
1.16,8,19.145231
-0.83,10,19.174098
-0.61,10,19.199811
1.63,11,19.233743
-0.71,16,19.270651
-0.83,7,19.296772
-0.65,13,19.330009
1.24,12,19.358955
1.13,5,19.37318
1.13,5,19.38978
1.14,10,19.411136
-0.73,9,19.435731
1.19,5,19.449523
1.24,9,19.477
-0.84,11,19.50792
-0.88,9,19.534657
-0.76,9,19.562601
1.45,16,19.604999
1.39,10,19.633941
1.41,11,19.665862
1.46,11,19.696815
1.48,13,19.736721
1.29,10,19.765459
-0.51,13,19.798772
-0.8,12,19.829328
-0.57,15,19.874574
-0.75,8,19.895527
-0.75,10,19.926749
1.22,8,19.949871
1.18,6,19.973801
1.43,13,20.005677
-0.94,9,20.032468
1.12,6,20.052957
-0.71,9,20.083739
1.13,5,20.09467
-0.82,9,20.12269
-0.5,13,20.166796
-1.06,7,20.231031
-0.65,15,20.270635
-0.73,11,20.302011
-0.78,8,20.328984
1.19,8,20.348773
1.2,13,20.383225
1.24,9,20.41028
-0.63,15,20.448731
-0.78,14,20.50203
-0.77,10,20.528513
1.29,11,20.562288
1.25,10,20.584663
1.21,9,20.607622
-0.61,14,20.640234
-0.93,6,20.661406
-0.49,15,20.709096
1.23,10,20.740975
1.05,8,20.762339
-0.77,7,20.784182
-0.59,14,20.826358
-0.73,10,20.858283
1.38,12,20.891891
1.14,4,20.901113
-0.59,14,20.933401
-0.92,11,20.967357
1.38,15,21.003293
1.21,8,21.02484
1.34,7,21.046838
-0.83,8,21.074153
1.23,7,21.092991
-0.78,11,21.124864
1.19,5,21.138631
-0.84,12,21.175861
-0.84,12,21.212196
1.24,10,21.243848
-0.39,13,21.281273
-0.84,8,21.303732
-0.83,7,21.324607
-0.98,5,21.3385
1.29,13,21.373848
1.57,14,21.42134
1.62,12,21.457602
-0.52,10,21.480002
1.49,9,21.504022
1.51,13,21.535318
1.17,7,21.556824
-0.78,8,21.582297
-0.79,12,21.619344
-0.59,9,21.647173
1.25,10,21.751644
-0.65,12,21.783765
-0.72,7,21.800208
-0.5,10,21.83284
-0.69,12,21.862392
-0.85,9,21.885577
1.16,8,21.908538
1.52,14,21.95132
1.14,4,21.96068
1.28,8,21.984162
-0.61,8,22.008293
-0.51,13,22.048352
-0.86,7,22.065569
1.2,10,22.096535
-0.68,9,22.118461
-0.71,15,22.158414
-0.72,10,22.187331
-0.64,13,22.22803
-0.77,9,22.254624
1.37,10,22.284667
1.47,11,22.319968
-0.81,12,22.350494
1.16,8,22.369576
-0.91,13,22.40548
1.29,8,22.428455
1.37,10,22.462586
-0.97,7,22.487166
1.25,10,22.519768
-0.83,10,22.548915
-0.55,13,22.577983
-0.5,13,22.613053
1.36,11,22.642605
1.18,6,22.658538
-0.74,12,22.694779
1.51,15,22.744177
1.22,7,22.763374
1.5,12,22.795129
-0.97,10,22.822814
-0.61,14,22.857706
-0.54,12,22.893789
-0.79,9,22.922321
-0.65,12,22.956648
-0.53,14,22.989748
1.17,7,23.008308
1.6,12,23.041292
1.75,16,23.080729
-0.78,8,23.099658
-0.78,10,23.132969
-0.41,16,23.172009
1.17,7,23.191383
1.19,5,23.203995
-0.85,6,23.221958
-0.58,15,23.259511
1.27,9,23.278803
1.19,5,23.294605
1.24,9,23.321709
1.61,13,23.356097
1.39,11,23.389622
1.51,13,23.425924
1.09,9,23.456728
-1.0,7,23.479328
-0.77,9,23.505219
1.32,10,23.529013
-0.58,9,23.551043
-0.71,10,23.57719
-0.74,12,23.608507
1.34,9,23.634179
-0.62,17,23.678859
1.21,9,23.700074
1.52,12,23.736602
-0.62,14,23.782187
-0.4,12,23.815617
1.26,10,23.837396
-0.92,11,23.865629
1.24,9,23.887083
-0.75,7,23.905835
-0.41,13,23.943933
1.29,11,23.976874
-0.92,10,24.005185
1.15,5,24.017447
1.44,11,24.046129
-0.73,14,24.084355
1.16,8,24.103407
-0.65,9,24.12918
1.25,7,24.150082
1.16,8,24.17307
-0.58,13,24.210106
1.44,14,24.250349
-0.67,14,24.291179
1.48,12,24.327873
1.37,12,24.360651
1.53,9,24.388372
-0.62,11,24.416553
-0.66,11,24.450519
1.18,9,24.478584
1.54,12,24.508147
-0.69,13,24.542425
1.19,5,24.555854
1.24,5,24.572126
1.34,10,24.607467
1.31,12,24.642095
1.13,7,24.660908
-1.0,7,24.680088
1.14,4,24.693474
1.46,13,24.725592
1.35,9,24.751002
-0.83,8,24.774959
-0.59,16,24.826575
1.29,6,24.843434
1.31,12,24.872801
-0.75,8,24.894153
1.29,9,24.917145
-0.89,11,24.941613
-0.99,6,24.962248
1.51,15,25.003751
1.47,11,25.0363
-0.84,12,25.06896
1.31,11,25.104453
-0.7,11,25.13776
-0.68,10,25.165442
1.16,4,25.174627
-0.67,10,25.207101
-0.64,13,25.242409
-0.58,12,25.277094
1.19,5,25.290223
-0.81,14,25.325065
-0.48,16,25.370652
1.24,9,25.394716
-0.66,14,25.428417
-0.48,16,25.475122
-1.02,12,25.503072
1.25,7,25.524598
-0.79,9,25.541848
1.71,14,25.656917
1.22,8,25.681762
1.3,16,25.720267
1.29,7,25.740227
-0.72,10,25.763942
1.31,10,25.799219
-0.77,10,25.832141
1.14,8,25.853355
1.54,13,25.890684
-0.67,14,25.934492
1.28,7,25.957903
1.15,10,25.982861
1.39,8,26.005611
-0.69,10,26.037709
1.14,7,26.058747
-0.41,16,26.102987
1.27,11,26.1401
1.43,12,26.171841
1.63,14,26.211131
1.18,6,26.228975
-0.63,14,26.273171
-0.68,10,26.301581
1.29,6,26.323346
1.32,9,26.345217
1.68,13,26.383055
-0.65,9,26.408259
-0.75,13,26.451018
-0.56,10,26.481285
1.28,11,26.519867
-0.92,8,26.546834
1.29,9,26.5761
-0.75,16,26.621533
1.32,12,26.656194
1.24,6,26.677288
-0.78,8,26.703714
1.43,15,26.745363
-0.71,7,26.766884
1.16,8,26.789994
-0.8,8,26.818376
1.19,5,26.831561
-0.62,12,26.866488
-0.58,12,26.902467
1.16,8,26.929001
1.33,11,26.961967
1.32,9,26.982821
-0.87,9,27.008346
1.08,11,27.037852
1.36,10,27.070793
1.46,12,27.109684
1.17,7,27.129215
-0.72,11,27.163018
-0.55,11,27.194103
-0.85,9,27.216309
1.25,11,27.249999
1.34,7,27.274529
1.13,5,27.287045
1.27,8,27.305492
1.2,7,27.325055
-0.82,6,27.341167
-0.74,12,27.375844
1.29,7,27.399149
1.28,10,27.43287
-0.68,11,27.467648
1.51,11,27.501809
-0.93,6,27.52207
-0.61,14,27.558445
-0.73,17,27.595225
1.18,6,27.611633
-0.94,13,27.647759
-0.48,15,27.691567
1.44,14,27.72685
-0.75,11,27.753041
1.62,13,27.791225
-0.97,10,27.822839
-0.85,9,27.853951
-0.94,9,27.881987
1.28,8,27.904224
-0.67,8,27.927194
1.15,9,27.952643
1.3,8,27.977577
-0.7,13,28.011736
1.05,8,28.034013
-0.62,11,28.071075
1.19,5,28.083696
1.26,12,28.121032
-0.67,10,28.148349
1.18,6,28.169631
-0.66,11,28.204813
-0.53,16,28.249406
1.65,12,28.290651
-0.71,15,28.335917
1.28,7,28.354467
-0.65,11,28.389016
1.46,11,28.419781
1.24,5,28.435295
-0.86,10,28.466641
-0.63,15,28.514357
-0.52,15,28.555609
-0.61,7,28.576644
-0.86,7,28.599267
1.2,7,28.622838
1.29,11,28.66476
1.41,11,28.698423
1.3,9,28.721864
-0.75,11,28.752982
-0.77,10,28.781512
-0.8,14,28.823321
1.56,12,28.862036
1.32,11,28.898297
1.31,16,28.95121
-0.67,14,28.996184
-0.52,14,29.036726
-0.59,13,29.07651
-0.63,10,29.105855
1.27,8,29.131717
-0.26,19,29.189815
1.4,13,29.225827
1.24,6,29.247926
-0.47,14,29.294698
-0.77,10,29.331921
1.11,7,29.352046
-1.0,7,29.375327
-0.77,13,29.494375
1.14,4,29.506339
-0.6,12,29.540437
-0.36,17,29.590792
1.3,12,29.631549
1.43,12,29.668145
-0.83,7,29.688819
-0.8,10,29.718575
-0.62,12,29.758013
-0.89,7,29.777446
1.3,11,29.809476
1.4,14,29.857136
-0.83,12,29.889581
1.17,7,29.906362
-0.72,10,29.936391
1.29,12,29.967605
1.25,7,29.987278
1.47,10,30.016201
-0.38,13,30.054087
1.17,9,30.079941
-0.71,12,30.117937
1.14,4,30.129479
-0.66,11,30.161241
1.34,13,30.19651
1.45,12,30.233952
1.14,4,30.244695
-0.39,15,30.28677
1.47,14,30.320033
-0.79,12,30.367304
-0.55,10,30.401342
-0.72,8,30.426704
-1.02,9,30.453206
1.58,10,30.485368
1.39,10,30.513209
-0.72,8,30.533428
-0.93,6,30.550076
1.28,7,30.571802
-0.77,6,30.588976
1.24,9,30.61379
-0.95,8,30.63826
1.45,12,30.675115
1.28,8,30.698133
-0.61,11,30.73077
-0.74,13,30.773105
-0.57,9,30.800086
-0.77,8,30.825586
1.38,15,30.870562
1.24,6,30.885229
-0.5,12,30.921822
-0.24,14,30.962001
-0.96,9,30.986499
1.32,9,31.01454
1.14,4,31.029095
1.16,8,31.048608
1.2,10,31.080299
-0.83,10,31.107653
-0.39,16,31.154927
1.54,12,31.196007
-0.82,12,31.23198
1.54,15,31.274317
1.45,11,31.304262
-0.79,9,31.332776
1.51,14,31.371195
1.12,6,31.386814
1.24,15,31.429463
1.25,10,31.451009
1.39,12,31.486808
-0.93,9,31.518713
1.11,7,31.539644
1.47,11,31.567136
1.55,11,31.602235
-0.3,15,31.638641
1.39,8,31.657544
-0.82,9,31.687376
-0.87,11,31.777571
1.44,16,31.82387
-0.63,10,31.853416
-0.8,10,31.883273
-0.83,10,31.909216
1.23,7,31.930543
-0.62,8,31.953501
1.46,15,31.996459
-0.98,5,32.011734
-0.84,6,32.025187
1.17,10,32.056428
1.25,10,32.079408
1.46,10,32.110914
1.34,13,32.147683
-0.65,8,32.174483
1.1,8,32.195839
1.13,5,32.208627
-0.61,10,32.240378
1.13,5,32.254112
-0.65,12,32.286781
1.53,13,32.328333
-0.64,12,32.364057
-0.51,12,32.40047
1.35,10,32.431838
1.51,13,32.472455
1.13,5,32.483584
1.25,8,32.513447
1.15,9,32.544197
-0.68,12,32.579866
-0.76,6,32.594148
1.24,5,32.610438
1.2,7,32.631128
1.21,8,32.655113
-0.62,9,32.67754
-0.59,12,32.712571
1.16,8,32.73606
-0.51,15,32.785255
1.31,7,32.808471
1.24,9,32.834291
1.33,8,32.858621
1.13,5,32.873097
-0.51,15,32.926376
1.29,9,32.951463
-0.67,10,32.983032
1.16,8,33.004709
-0.82,6,33.022774
-0.64,14,33.070304
1.17,7,33.092181
1.16,8,33.117993
1.27,12,33.15794
1.24,9,33.186498
-0.52,12,33.224266
-0.58,14,33.264424
-0.69,10,33.296614
1.14,4,33.310869
1.26,12,33.41654
1.24,6,33.434463
-0.36,14,33.48138
1.12,9,33.509051
1.54,13,33.545229
-0.41,17,33.604339
1.32,9,33.628494
1.34,15,33.671633
1.12,6,33.685549
-0.23,14,33.727316
1.28,8,33.747007
1.33,14,33.78359
1.2,9,33.804749
1.17,7,33.821285
-0.91,4,33.831422
-0.92,13,33.868594
-0.92,5,33.888083
1.17,7,33.907785
-0.76,6,33.924936
1.32,11,33.955337
1.43,16,34.011557
-0.68,9,34.053293
-0.64,14,34.102296
-0.95,5,34.123193
-0.66,10,34.152334
1.14,4,34.165535
-0.62,11,34.206615
1.24,6,34.240448
1.43,9,34.284777
-0.68,13,34.333432
1.13,5,34.349535
-0.75,12,34.468711
-0.53,13,34.517068
1.15,9,34.549918
1.3,11,34.58141
-0.54,13,34.62813
1.74,14,34.670461
-0.58,13,34.712833
-0.89,8,34.738973
1.28,12,34.776793
-0.31,14,34.817372
-0.71,10,34.847008
1.14,4,34.859721
-0.78,8,34.888415
1.14,4,34.898531
-0.81,15,34.939483
2.03,18,34.982052
-0.62,10,35.013354
-0.85,7,35.034512
1.55,12,35.065114
1.11,13,35.100679
-0.64,14,35.153341
-0.82,6,35.17091
-0.72,8,35.192263
1.39,14,35.22808
1.24,9,35.251219
-0.38,16,35.290868
-0.86,7,35.310912
1.24,6,35.326419
-0.63,12,35.361455
1.14,7,35.382757
1.56,12,35.41625
1.37,11,35.447582
-0.6,12,35.480143
-0.87,5,35.495616
-0.6,13,35.53146
-0.94,7,35.549347
1.1,8,35.574895
1.27,9,35.601004
-0.85,6,35.623014
1.59,13,35.663575
-0.75,13,35.702196
1.13,5,35.715658
-0.74,10,35.749743
-0.17,16,35.793614
1.16,8,35.822914
1.25,8,35.848524
1.31,11,35.885727
-0.67,8,35.912799
-0.22,16,35.954641
1.53,14,35.990776
-0.85,9,36.019122
-0.6,13,36.063515
1.23,9,36.08882
-0.62,12,36.124046
-0.79,9,36.150841
1.13,5,36.16421
1.17,7,36.190866
-0.5,12,36.228472
1.37,13,36.268879
1.14,4,36.280139
1.31,8,36.305692
-0.82,9,36.333172
-0.54,14,36.372978
1.37,10,36.397555
-0.66,11,36.428695
1.34,13,36.468311
1.27,8,36.494951
-0.8,13,36.534012
1.09,9,36.556645
1.38,9,36.581933
1.19,5,36.597432
1.17,7,36.61618
1.46,9,36.645446
-0.65,15,36.68803
-0.6,13,36.724697
1.23,7,36.74096
-0.87,12,36.777369
1.57,15,36.824114
1.63,15,36.867199
-0.5,17,36.912509
-0.83,7,36.932471
1.19,5,36.947381
1.12,13,36.984508
-0.35,13,37.029966
1.13,5,37.046226
1.11,7,37.067428
1.6,14,37.11055
1.3,8,37.133956
1.5,12,37.167564
-0.54,15,37.209129
-0.76,12,37.246179
1.21,9,37.27222
1.29,6,37.293463
1.34,10,37.320163
-0.64,14,37.369307
1.42,10,37.400036
1.27,9,37.428569
1.31,10,37.458343
-0.73,12,37.491755
1.17,9,37.520789
1.14,4,37.532224
1.18,9,37.55739
1.39,11,37.664715
-0.77,9,37.691674
1.46,14,37.754586
-0.8,11,37.808776
-0.84,8,37.84565
1.18,9,37.885345
1.13,5,37.90817
1.33,10,37.951895
-0.59,17,38.003602
-0.84,9,38.029311
1.06,7,38.051223
1.5,14,38.092887
1.13,5,38.108421
1.14,10,38.134589
1.36,8,38.159949
1.23,7,38.181498
-0.88,7,38.206355
1.25,11,38.236924
-0.52,15,38.277526
1.11,7,38.298051
1.34,10,38.324617
-0.55,13,38.365036
1.36,10,38.393107
1.1,8,38.416107
-0.67,11,38.447433
-0.78,8,38.470409
1.22,10,38.497488
1.27,9,38.526795
1.23,7,38.547235
-0.74,7,38.572531
1.28,9,38.602658
1.43,10,38.637031
1.15,9,38.662396
1.13,5,38.675725
-0.47,13,38.730098
1.14,4,38.742757
1.16,8,38.771854
1.55,16,38.827048
-0.81,9,38.860267
1.66,17,38.916478
-0.63,11,38.958915
-0.6,10,38.994051
1.17,7,39.019674
-0.97,4,39.031119
1.16,9,39.058111
1.43,14,39.106664
-0.65,8,39.137302
1.17,9,39.160644
1.16,8,39.186622
1.5,12,39.223926
-0.87,6,39.247606
-0.8,11,39.277958
-0.55,11,39.308567
1.27,8,39.331585
1.36,13,39.376909
-0.48,16,39.427222
-0.4,12,39.46516
-0.42,16,39.509106
1.13,5,39.528806
-0.76,15,39.562264
1.13,5,39.575832
-0.75,11,39.6082
1.34,12,39.647097
1.27,8,39.673
1.29,6,39.693972
-0.65,11,39.726504
-0.43,12,39.770292
-0.69,13,39.807039
1.25,8,39.829078
1.49,15,39.873375
-0.87,5,39.889935
1.62,15,39.944401
1.55,11,39.973012
1.24,8,39.993813
-0.59,14,40.035157
1.13,8,40.060676
1.29,7,40.081841
-0.61,11,40.112229
1.16,8,40.176794
-0.88,9,40.249546
-0.72,14,40.28974
-0.58,13,40.328056
1.36,13,40.375667
-0.44,13,40.423034
1.35,13,40.458263
1.21,6,40.479907
1.46,8,40.512327
1.45,10,40.543689
1.63,15,40.595227
-0.62,12,40.633445
-0.66,10,40.668862
1.24,5,40.684066
1.21,9,40.711116
1.33,11,40.746038
-0.87,12,40.783031
-0.52,12,40.820967
1.11,7,40.837712
1.07,12,40.874926
-0.8,6,40.897176
1.24,8,40.922778
1.8,17,40.979125
1.29,10,41.007425
1.12,7,41.028092
-0.68,12,41.060552
-0.63,13,41.103555
1.2,7,41.117349
1.23,7,41.140805
-0.96,9,41.166072
-0.78,12,41.201195
-0.5,10,41.230516
1.23,7,41.255103
1.42,11,41.278963
1.49,13,41.323024
1.13,5,41.338263
-0.77,8,41.366191
1.26,7,41.388608
-0.99,6,41.408756
-0.56,11,41.438595
-0.53,11,41.473698
1.14,4,41.488505
-0.52,14,41.528816
1.24,11,41.570898
-0.65,13,41.609446
1.23,7,41.631702
1.43,10,41.656871
-0.82,12,41.696389
-0.46,14,41.738943
1.21,8,41.763937
1.3,12,41.795034
-0.69,13,41.897944
-0.4,14,41.943042
1.14,4,41.953378
1.45,13,41.993011
1.6,12,42.023717
-0.41,16,42.091314
-0.87,5,42.111657
1.17,9,42.150422
1.42,14,42.202795
-0.76,11,42.240518
1.42,11,42.268809
1.57,14,42.310919
-0.75,7,42.334451
-0.56,9,42.367766
1.21,9,42.393568
-0.79,11,42.432884
-0.69,10,42.460445
1.17,10,42.497745
-0.91,10,42.527494
-0.82,9,42.558142
-0.59,10,42.58728
1.43,15,42.630305
1.28,12,42.662568
1.39,13,42.697822
1.5,14,42.740973
-0.54,9,42.769966
1.59,11,42.798546
1.76,19,42.845983
1.38,13,42.883817
-0.61,11,42.915321
1.32,9,42.942371
-0.86,7,42.959217
-0.6,13,42.99953
1.34,10,43.027088
1.22,8,43.051237
-0.88,7,43.072733
-0.67,10,43.102661
1.41,10,43.133139
1.37,12,43.167005
1.11,10,43.194495
1.29,6,43.215192
1.45,10,43.246726
-0.83,10,43.276681
-0.69,13,43.310617
-0.89,7,43.3291
-0.61,11,43.359977
-0.67,14,43.395736
-0.36,12,43.428261
-0.57,11,43.464557
1.12,9,43.487938
1.25,7,43.505229
-0.44,16,43.544114
-0.46,13,43.578867
1.64,11,43.610854
-0.36,15,43.654302
1.26,9,43.680693
1.48,11,43.715588
1.5,13,43.751006
-0.64,13,43.785484
1.39,11,43.821215
-0.54,11,43.849668
1.35,8,43.875235
-0.77,9,43.902877
1.49,11,43.936211
1.43,12,43.966867
-0.89,11,43.997468
1.28,11,44.035651
1.16,8,44.061547
-0.61,11,44.095723
1.3,8,44.115705
-0.45,15,44.156458
-0.77,11,44.1854
1.17,7,44.208684
-0.7,8,44.235883
-0.75,13,44.274266
1.39,14,44.319007
1.16,10,44.341134
1.52,13,44.384543
1.28,11,44.408368
1.14,4,44.418176
1.28,8,44.442468
1.17,10,44.469951
-0.72,11,44.504708
1.46,14,44.545278
1.4,9,44.571291
-0.66,12,44.610738
1.47,14,44.656282
1.29,12,44.69475
1.46,9,44.717211
1.49,12,44.749255
1.2,10,44.779911
1.26,16,44.822679
1.19,5,44.836
-0.93,6,44.852051
1.23,7,44.872907
-0.41,13,44.909347
1.41,11,44.940519
-0.92,5,44.957701
1.19,8,44.980885
-0.73,9,45.012259
-0.7,10,45.042839
-0.66,12,45.077525
1.53,13,45.116643
-0.67,12,45.204189
-0.73,9,45.236754
1.37,16,45.285655
-0.73,9,45.313687
1.19,5,45.328573
-0.64,8,45.352939
1.59,12,45.387903
1.19,5,45.398251
1.19,5,45.413331
1.29,13,45.448837
-0.74,12,45.49043
1.41,9,45.516276
-0.92,5,45.531681
1.24,6,45.550424
1.28,13,45.589286
-0.72,11,45.626427
1.16,10,45.657255
-0.91,10,45.687462
-0.67,14,45.730142
1.24,14,45.769471
1.23,7,45.788731
1.44,11,45.812222
1.7,14,45.862651
-0.68,15,45.959049
-0.56,12,46.001127
1.14,4,46.013818
1.39,10,46.039041
1.13,5,46.052049
1.65,13,46.089947
1.43,12,46.129239
1.28,8,46.15566
1.63,16,46.20074
1.34,10,46.226399
-0.56,13,46.256111
1.15,6,46.276769
-0.72,13,46.307462
1.52,10,46.340017
-0.58,9,46.364918
1.52,11,46.394354
1.14,7,46.413086
1.71,15,46.45645
1.48,12,46.486161
1.24,5,46.502913
1.7,12,46.536268
-0.86,14,46.578005
1.28,8,46.597868
-0.63,9,46.623786
1.62,13,46.65747
1.33,10,46.686451
-0.57,12,46.723075
1.58,11,46.756047
1.14,4,46.767253
-0.5,14,46.80491
1.4,12,46.842656
1.19,5,46.858998
1.28,7,46.876832
1.13,5,46.887438
-0.77,14,46.923399
-0.96,9,46.953137
1.45,10,46.980404
-0.76,11,47.007536
-0.71,17,47.058332
-0.78,11,47.091338
-0.81,5,47.104471
-0.78,11,47.138053
1.23,7,47.160681
1.18,6,47.18141
1.27,8,47.200686
-0.82,9,47.227275
-0.72,8,47.252293
1.67,15,47.297644
1.14,4,47.306279
1.43,13,47.347712
-0.92,8,47.373672
1.25,7,47.395941
1.37,14,47.433637
1.39,13,47.475826
1.16,5,47.48997
-0.1,18,47.544034
-0.51,15,47.581128
1.23,10,47.608247
-0.83,7,47.632218
-0.67,8,47.6568
1.49,11,47.69185
1.26,10,47.71565
-0.58,13,47.754693
1.4,9,47.778826
1.27,11,47.805065
1.43,15,47.837358
-0.87,14,47.880156
1.59,13,47.915364
-0.63,10,47.948063
1.19,8,47.972242
1.36,10,48.00285
1.37,10,48.029193
-0.7,11,48.058123
1.23,10,48.084235
1.63,14,48.121676
-0.69,10,48.158695
1.19,5,48.174273
1.34,10,48.208644
1.34,10,48.234471
1.29,6,48.257029
-0.43,17,48.308522
1.16,8,48.327609
-0.84,9,48.353711
-0.54,11,48.381894
1.24,8,48.400622
1.25,8,48.421883
1.23,9,48.448973
-0.26,13,48.487289
-0.46,11,48.519048
-0.82,9,48.544454
1.49,12,48.578382
1.42,10,48.607108
-0.74,10,48.631514
-0.63,13,48.670037
-0.62,15,48.710681
-0.78,10,48.738274
1.4,12,48.769345
-0.77,10,48.79109
1.34,10,48.81725
-0.97,4,48.830991
-0.82,15,48.868875
1.35,8,48.893772
1.41,10,48.917268
-0.71,12,48.950854
-0.73,10,48.980626
-0.73,14,49.023692
-0.84,12,49.060018
1.6,12,49.0967
-0.73,9,49.124275
-0.65,11,49.154739
1.13,5,49.169128
1.35,13,49.211751
-0.65,13,49.243083
1.51,11,49.27695
1.19,5,49.286996
1.22,7,49.309764
1.2,7,49.322974
-0.97,4,49.335409
1.24,6,49.355043
1.22,8,49.381525
1.42,9,49.405238
-0.75,11,49.433362
-0.48,12,49.46513
1.15,5,49.480686
-0.87,6,49.501039
-0.64,11,49.527644
1.29,10,49.556553
1.22,7,49.580209
1.13,5,49.594806
1.11,7,49.615778
-0.81,8,49.716586
-0.7,11,49.743253
1.2,12,49.77607
-0.52,9,49.805652
1.14,4,49.815346
1.36,11,49.842036
1.35,10,49.872907
1.12,6,49.884651
-0.7,8,49.90344
1.45,11,49.934413
1.38,10,49.962091
1.18,6,49.97473
1.39,11,50.000841
-0.6,10,50.032404
-0.44,12,50.070391
1.12,9,50.098761
-0.67,12,50.128556
-0.99,6,50.145491
-0.81,5,50.159851
-0.82,9,50.187561
1.33,8,50.212492
1.23,6,50.231197
-0.59,15,50.2848
-0.78,8,50.312511
1.1,8,50.33678
-0.88,7,50.360454
1.44,8,50.383601
-0.84,9,50.41114
1.45,11,50.446099
-0.98,5,50.465253
-0.68,10,50.486974
-0.76,15,50.539221
-0.61,12,50.579773
1.19,5,50.599499
1.42,14,50.643697
1.13,5,50.65483
-0.47,16,50.707943
-0.74,10,50.7353
1.51,15,50.77475
1.29,6,50.792737
1.41,11,50.828935
1.41,11,50.865049
-1.0,7,50.895086
-0.65,13,50.95069
-0.56,9,50.990772
1.19,5,51.009427
1.16,5,51.025603
-0.4,16,51.077807
1.19,5,51.092669
-0.63,12,51.135321
-0.8,8,51.160336
1.17,7,51.184795
-0.76,6,51.209674
1.24,6,51.227842
1.44,11,51.263909
1.18,6,51.278083
-0.58,11,51.315764
-0.74,11,51.360813
1.36,13,51.408737
-0.77,12,51.45535
1.13,5,51.471064
-0.78,11,51.513834
-0.55,13,51.567017
-0.43,14,51.620668
1.24,6,51.640319
1.34,10,51.678935
1.23,9,51.707968
-0.94,9,51.738236
-0.72,12,51.777864
1.19,5,51.796661
1.42,14,51.841915
1.52,12,51.8752
-0.46,12,51.922512
-0.97,4,51.940221
1.13,5,51.955227
-0.98,5,51.977731
-0.74,14,52.025994
-0.78,11,52.065516
1.19,8,52.094
-0.83,13,52.131781
-0.62,11,52.164711
-0.23,15,52.216105
-0.77,7,52.237597
-0.76,9,52.270972
-0.84,9,52.297282
-0.6,12,52.336466
1.16,14,52.378673
-0.6,9,52.413352
1.19,5,52.432878
-0.94,7,52.460431
1.14,4,52.472685
-0.88,9,52.497142
1.29,9,52.527254
-0.43,14,52.570332
-0.76,9,52.595777
-0.67,13,52.639788
-0.54,16,52.697883
-0.42,18,52.764786
1.19,11,52.800085
-0.88,9,52.832237
1.34,7,52.85326
-0.59,12,52.90181
1.19,5,52.925394
-0.77,10,52.959185
1.28,7,52.980024
-0.31,13,53.022623
1.27,9,53.050832
-0.6,12,53.086709
1.17,8,53.115924
1.23,7,53.144005
-0.6,13,53.182382
1.22,8,53.210404
1.32,9,53.299332
1.41,10,53.336295
-0.99,9,53.365867
-0.54,13,53.408827
1.43,15,53.46758
1.17,7,53.497987
1.33,7,53.520323
-0.75,11,53.557989
1.37,10,53.589533
-0.76,15,53.632499
1.22,7,53.65701
-0.74,14,53.700287
-0.59,15,53.74877
-0.96,6,53.765393
-0.76,9,53.797976
-0.83,8,53.828308
-0.55,12,53.862254
1.51,12,53.896458
-0.89,8,53.988931
-0.95,8,54.029943
-1.03,10,54.06339
-0.64,16,54.110884
1.4,10,54.141929
1.27,12,54.179074
-0.71,9,54.208552
1.35,9,54.236773
-0.5,10,54.265982
-0.72,14,54.304069
1.31,9,54.332906
1.37,10,54.368907
-0.59,11,54.406059
1.22,8,54.431135
-0.77,14,54.480897
1.55,13,54.535612
1.12,12,54.586079
-0.73,11,54.626064
1.19,5,54.639122
-0.64,11,54.671612
1.29,13,54.712973
1.27,15,54.761125
1.41,12,54.796167
1.42,13,54.838438
-0.62,12,54.867209
1.35,8,54.893924
-0.81,8,54.920344
1.14,4,54.93263
-0.92,8,54.955517
1.14,4,54.967278
1.08,5,54.985675
-0.67,16,55.029312
1.17,7,55.046285
1.49,11,55.080415
-0.89,8,55.108504
1.18,6,55.13194
1.54,12,55.163887
1.42,10,55.188536
-0.44,14,55.234981
1.42,12,55.272679
-0.93,6,55.285537
-0.71,13,55.315988
-0.58,13,55.362657
-0.95,8,55.380288
1.13,5,55.396741
1.14,4,55.407469
-0.95,8,55.426614
-0.91,13,55.466146
1.24,9,55.495889
1.38,9,55.528815
1.06,12,55.563828
-0.98,5,55.583148
-0.56,16,55.631667
-0.62,12,55.672254
-0.69,10,55.700816
1.29,10,55.738968
1.13,5,55.755737
1.34,11,55.796961
-0.88,7,55.829492
1.23,6,55.85656
-0.75,13,55.917506
1.29,9,55.95355
1.47,12,55.998949
1.22,8,56.028625
-0.79,9,56.065875
1.46,14,56.122356
-0.41,15,56.170325
1.53,13,56.213415
1.17,10,56.245337
1.36,8,56.269685
-0.39,14,56.306062
-0.89,7,56.33246
1.4,9,56.358503
1.56,14,56.39819
-0.71,11,56.428582
-0.69,16,56.46747
1.16,11,56.497672
1.2,7,56.52225
-0.61,16,56.574504
-0.6,9,56.600264
-0.78,8,56.623054
-0.96,6,56.643341
1.54,15,56.693385
-0.51,14,56.740661
-0.59,11,56.786407
1.38,9,56.811246
1.53,11,56.841786
1.18,6,56.858899
1.47,15,56.90171
-0.64,11,56.92895
1.24,6,56.945249
1.14,4,56.959645
1.36,14,57.004109
1.34,7,57.02291
-0.84,12,57.057871
-0.64,11,57.092376
1.27,9,57.122481
1.46,12,57.157361
1.46,12,57.191331
-0.61,12,57.23252
1.36,8,57.251639
1.38,11,57.281875
-0.72,12,57.312158
1.46,13,57.351551
1.16,8,57.37519
1.18,6,57.392167
1.17,10,57.422324
1.44,12,57.4523
1.29,8,57.475279
-0.92,5,57.490651
-0.63,12,57.529796
-0.53,15,57.575601
1.18,11,57.605417
-0.41,14,57.644207
-0.96,9,57.672953
1.18,6,57.693647
1.53,14,57.73594
-0.82,6,57.758038
1.46,12,57.796671
-0.84,8,57.82325
1.17,7,57.840211
-0.87,6,57.861312
1.38,10,57.894375
1.23,7,57.920848
1.27,8,57.942136
1.38,9,57.968533
1.25,14,58.01302
1.37,10,58.042896
-0.37,12,58.076172
-0.45,14,58.112709
-0.65,11,58.15291
1.23,7,58.171724
1.2,7,58.194001
-0.66,13,58.233997
1.54,12,58.271334
-0.77,10,58.308019
-0.66,15,58.347599
-0.85,15,58.390443
1.37,12,58.441536
1.38,13,58.549317
-0.6,14,58.587047
-0.67,11,58.622594
1.14,7,58.641077
1.28,9,58.670781
-0.64,14,58.709637
1.54,13,58.748541
-0.57,9,58.775366
-0.57,13,58.808868
-0.58,16,58.855853
1.28,7,58.877301
1.37,9,58.904997
1.18,6,58.924168
1.46,12,58.96045
1.12,6,58.977083
-0.76,11,59.0143
1.1,9,59.044598
-0.63,11,59.078168
1.61,10,59.103126
1.17,10,59.137669
1.49,10,59.163486
-0.61,17,59.211925
-0.79,8,59.232737
1.2,7,59.250009
-0.79,9,59.282435
-0.52,11,59.310346
-0.82,7,59.332946
-0.63,9,59.359748
1.25,10,59.392018
1.47,12,59.428751
1.38,11,59.462319
-0.98,5,59.479096
1.27,11,59.516681
1.55,11,59.548774
1.46,12,59.589487
1.27,8,59.616044
1.57,11,59.653846
-0.72,11,59.687486
-0.48,13,59.719033
-0.57,12,59.751881
-0.73,11,59.784147
-0.92,5,59.800941
-0.78,7,59.822806
1.34,10,59.849361
1.12,13,59.890893
-0.92,5,59.902292
1.21,5,59.915158
-0.87,8,59.939561
1.25,8,59.96327
-0.77,6,59.983987
-0.86,8,60.007131
-0.73,7,60.028297
-0.77,9,60.064147
-0.75,11,60.094189
1.44,15,60.139729
-0.7,12,60.175693
1.28,8,60.203856
1.34,11,60.237912
1.14,4,60.250678
-0.83,11,60.285359
-0.58,9,60.31403
-0.61,11,60.345462
1.4,11,60.371294
1.17,7,60.395237
-0.37,14,60.437975
-0.6,13,60.472095
1.36,7,60.491644
1.14,4,60.503365
-0.92,7,60.521199
1.27,11,60.553937
1.32,9,60.583792
1.8,14,60.633073
-0.62,9,60.660537
-0.94,12,60.697185
1.57,12,60.734272
1.38,8,60.757511
1.42,11,60.791787
1.53,11,60.827383
1.36,8,60.852881
-0.72,13,60.889945
1.23,6,60.907424
-0.76,12,60.941632
1.48,12,60.97349
-0.87,6,60.991949
1.26,7,61.015777
-0.71,10,61.041581
-0.71,9,61.069287
1.33,11,61.104554
-0.86,8,61.134773
1.4,12,61.174104
-0.9,14,61.21439
1.39,13,61.254536
1.28,7,61.279985
1.34,7,61.30035
-0.78,8,61.32803
-0.49,16,61.372407
-0.86,8,61.400942
-0.61,8,61.425912
1.14,4,61.437181
1.37,12,61.472416
1.21,9,61.502039
1.63,15,61.538536
-0.44,11,61.57165
-0.67,12,61.603859
1.29,9,61.632447
-0.91,9,61.668479
-0.79,12,61.708681
-0.95,10,61.741601
1.3,8,61.767599
-0.52,10,61.802087
-0.63,11,61.835334
1.23,7,61.858487
-0.66,13,61.900644
-0.98,8,61.924692
-0.75,8,61.947674
-0.55,14,61.989523
1.59,12,62.022338
-0.83,7,62.04445
1.65,14,62.088012
1.52,15,62.133255
-0.87,6,62.150395
-0.94,7,62.169056
1.3,9,62.195288
1.2,6,62.212282
1.14,4,62.224105
1.14,4,62.236227
-0.86,5,62.250407
1.25,14,62.293908
1.29,12,62.330962
-0.68,14,62.372209
-0.77,7,62.39594
-0.61,7,62.479887
-0.8,8,62.509928
-0.82,6,62.524918
1.49,12,62.562124
1.37,14,62.603332
1.17,7,62.621533
-0.64,12,62.658769
-0.72,7,62.683717
1.13,5,62.699772
-0.75,10,62.732265
1.21,8,62.757122
1.16,8,62.781164
-0.62,12,62.816649
1.5,10,62.84573
-0.5,11,62.879216
1.12,9,62.904368
-0.65,11,62.934897
1.38,12,62.971195
1.39,8,62.994929
1.25,11,63.029391
1.49,15,63.070697
-0.54,13,63.117453
1.19,5,63.132885
-0.33,16,63.181539
1.35,18,63.235462
-0.72,10,63.263597
-0.68,13,63.3009
1.1,8,63.328969
1.47,9,63.41677
1.63,11,63.450522
-0.74,12,63.48877
1.21,12,63.526157
1.21,12,63.560787
1.54,13,63.600021
1.13,5,63.613196
1.78,16,63.663113
1.42,12,63.696903
-0.58,12,63.734673
-0.6,14,63.771744
1.39,10,63.80096
-0.77,8,63.825735
1.18,9,63.856038
1.23,7,63.873214
-1.02,9,63.894789
-0.8,10,63.929212
-0.97,10,63.959174
-0.46,14,63.999608
-0.61,13,64.044908
1.14,4,64.057516
1.22,8,64.087072
-0.58,14,64.123425
1.27,9,64.147983
-0.82,9,64.171075
-0.83,8,64.199849
1.52,13,64.239881
1.33,10,64.271622
-0.86,10,64.301722
1.14,4,64.315916
-0.72,7,64.337958
1.23,7,64.356992
1.34,10,64.382423
1.54,12,64.420332
-0.7,12,64.458494
-0.82,6,64.480435
-0.79,14,64.517753
-0.54,12,64.555224
1.26,10,64.59527
1.75,13,64.634379
-0.82,9,64.658149
-0.69,10,64.688869
1.3,9,64.711814
-0.94,7,64.73654
-0.5,13,64.773172
-0.85,10,64.806107
1.31,7,64.822282
-0.86,13,64.85818
-0.91,6,64.876636
-0.93,6,64.89063
-0.55,12,64.92872
1.19,5,64.946619
1.34,10,64.972227
1.49,10,64.999713
1.18,6,65.014207
1.16,8,65.037667
1.34,10,65.072302
1.14,6,65.09094
1.46,13,65.122958
1.51,10,65.150479
-0.86,8,65.174747
1.49,14,65.220936
-0.8,7,65.242327
-0.34,15,65.293282
1.31,12,65.327593
1.4,15,65.37009
1.21,9,65.397783
1.38,10,65.420638
1.43,13,65.458266
1.27,11,65.493492
-0.55,10,65.526371
-0.85,13,65.559263
1.21,11,65.591787
1.37,9,65.619168
-0.88,9,65.645577
1.3,9,65.670497
-0.71,15,65.710045
-0.97,10,65.745943
-0.68,13,65.781361
1.33,11,65.81886
1.18,6,65.837413
1.12,6,65.862385
1.33,14,65.908791
-0.56,12,65.945906
-0.55,15,65.986019
-0.66,7,66.010701
-0.5,13,66.047903
-0.82,10,66.079738
-0.66,7,66.099437
1.27,8,66.120808
-0.75,8,66.143459
1.44,12,66.174147
1.27,8,66.197394
1.32,9,66.225819
1.43,11,66.250224
1.15,5,66.264695
1.12,6,66.279893
-0.94,7,66.301932
1.38,8,66.326502
1.14,6,66.342894
-0.8,13,66.377918
1.42,9,66.401327
1.18,6,66.418798
1.51,17,66.548172
-0.42,15,66.593108
1.4,9,66.619843
-0.64,12,66.652278
1.24,12,66.689214
1.33,11,66.717919
1.17,7,66.738077
-0.87,9,66.765118
-0.74,12,66.799919
-0.26,14,66.847043
1.51,10,66.875315
1.49,11,66.955346
1.24,8,66.979988
1.1,8,67.004221
1.25,11,67.03365
1.43,14,67.075133
1.27,8,67.102418
-0.61,11,67.14008
-0.81,5,67.162698
1.36,10,67.198847
1.26,10,67.221507
1.44,12,67.2541
1.14,4,67.267884
1.36,10,67.298698
-0.62,9,67.320347
1.62,13,67.35329
1.51,12,67.390337
1.18,7,67.412574
-0.78,8,67.438864
1.26,9,67.466957
1.34,7,67.488811
1.23,10,67.520839
-0.67,12,67.558001
1.18,6,67.574533
-0.85,9,67.599761
1.49,11,67.630426
1.33,8,67.653069
1.13,5,67.670697
1.18,6,67.697176
1.18,6,67.719877
1.6,14,67.76129
1.21,9,67.787052
-0.85,7,67.810269
1.35,10,67.837424
-0.88,13,67.881706
1.17,7,67.900562
1.32,10,67.934017
-0.56,12,67.968753
-0.86,14,68.008702
1.46,11,68.046629
1.26,12,68.083518
-0.82,11,68.112561
1.24,6,68.126244
-0.32,13,68.168617
1.21,9,68.197521
1.48,16,68.243285
-0.75,11,68.278709
1.5,13,68.319797
-0.8,11,68.351311
1.3,8,68.377725
-0.7,7,68.397954
1.43,13,68.441075
-0.98,5,68.455648
-0.46,15,68.492273
1.3,11,68.518107
-0.48,13,68.561131
1.18,6,68.579706
1.42,11,68.614782
1.41,13,68.656972
1.18,6,68.671438
-0.63,12,68.711578
1.78,14,68.75582
-0.65,16,68.796874
-0.74,13,68.830487
1.32,9,68.861455
-0.82,9,68.887922
1.48,11,68.925664
-0.52,14,68.964955
1.24,6,68.987953
-0.97,10,69.01247
1.34,16,69.06328
-0.74,12,69.095106
-0.74,14,69.137006
1.26,7,69.154402
-0.43,12,69.190655
-0.9,9,69.222746
1.26,9,69.250797
1.26,6,69.269373
-0.8,9,69.296486
-0.76,8,69.320654
1.12,6,69.337343
-0.92,5,69.352709
-0.77,7,69.376338
-0.79,12,69.416729
1.17,7,69.4381
-0.7,10,69.460068
1.3,11,69.489317
-0.61,11,69.523848
1.53,11,69.559381
1.15,5,69.571901
1.14,8,69.595636
1.46,11,69.629028
1.23,7,69.651846
-0.71,12,69.688911
1.24,5,69.709026
1.23,10,69.740267
1.19,5,69.755831
-0.69,8,69.784724
-0.85,9,69.817477
-0.72,13,69.859474
-0.71,12,69.897995
-0.64,14,69.937687
1.35,11,69.970717
1.44,11,70.001122
1.35,8,70.026583
-0.81,11,70.059211
1.14,4,70.069113
-0.5,11,70.10463
1.22,8,70.132427
1.26,9,70.16333
1.21,9,70.189774
-0.78,9,70.215183
-0.78,9,70.243551
1.25,12,70.278971
1.19,5,70.296721
-0.37,11,70.331627
-0.14,16,70.376149
-0.51,14,70.412821
1.27,9,70.440579
-0.67,8,70.465829
-0.98,5,70.571223
1.26,9,70.604203
-0.51,12,70.641056
-0.9,9,70.665262
1.14,4,70.679825
-0.87,5,70.69358
1.11,7,70.712739
-0.67,11,70.748966
1.53,11,70.780546
-0.54,12,70.815262
1.18,9,70.843177
1.23,7,70.862076
-0.83,13,70.90172
1.14,13,70.934419
1.65,11,70.965385
-0.88,13,71.004347
-0.66,13,71.041795
1.19,9,71.067461
1.21,9,71.098351
1.18,7,71.118967
1.35,9,71.155694
1.21,6,71.173273
1.19,5,71.187957
-0.65,14,71.226484
1.27,8,71.255286
-0.62,14,71.300126
-0.82,6,71.315502
-0.78,13,71.349968
-0.84,14,71.390763
-0.74,13,71.436434
-0.33,17,71.491018
1.37,10,71.525261
1.3,10,71.555157
1.24,12,71.586509
1.41,15,71.639129
1.12,6,71.651023
1.22,12,71.689015
-0.98,5,71.709158
1.17,10,71.736224
1.3,8,71.763922
-0.96,9,71.794174
1.4,12,71.826009
-0.58,14,71.8666
-0.62,12,71.904195
-0.65,11,71.939065
1.2,7,71.959595
-0.6,13,71.993088
-0.46,11,72.017205
-0.65,10,72.05522
1.28,10,72.090315
1.1,8,72.114568
1.59,12,72.205119
-0.81,11,72.263218
1.47,12,72.303079
-0.61,12,72.342934
1.24,6,72.362102
-0.46,14,72.404167
1.64,14,72.450451
1.13,5,72.463581
1.24,6,72.480863
-0.92,8,72.510718
1.17,7,72.534445
-0.63,14,72.579554
1.27,8,72.606005
1.1,8,72.631417
-0.85,10,72.660619
-0.66,12,72.697182
-0.76,11,72.729152
-0.53,13,72.772254
-0.89,8,72.798054
1.19,5,72.812445
1.34,9,72.844134
-0.64,14,72.887533
-0.8,6,72.905674
1.29,6,72.920768
-0.51,17,72.965089
-0.83,10,72.999278
1.27,11,73.033738
-0.43,11,73.059178
-0.65,11,73.092445
1.11,7,73.114737
1.71,14,73.148353
1.19,7,73.171829
1.17,7,73.197685
1.5,11,73.23836
-0.4,16,73.291953
-0.64,16,73.340252
1.21,11,73.374094
1.29,6,73.394385
-0.64,11,73.423723
1.15,10,73.448112
1.36,10,73.474743
1.47,11,73.505686
1.39,11,73.540122
1.44,11,73.567789
-0.72,10,73.597758
-0.53,13,73.63953
1.53,10,73.670209
1.62,12,73.703927
1.29,10,73.740995
-0.81,10,73.76944
-0.63,12,73.806477
-0.6,9,73.831472
-0.34,12,73.869521
1.3,8,73.895848
1.21,9,73.923132
-0.55,11,73.950048
1.12,9,73.980141
-0.76,9,74.007622
-0.82,12,74.043858
-1.01,8,74.066857
-0.81,11,74.097395
1.27,9,74.128376
1.18,6,74.142055
-0.76,11,74.174361
1.26,9,74.203348
1.39,10,74.233932
1.27,9,74.256789
1.47,14,74.298291
-0.47,10,74.32822
-0.89,8,74.355002
1.36,8,74.381453
-0.85,10,74.420528
1.18,6,74.43538
1.62,11,74.467962
-0.77,10,74.498052
1.14,4,74.508739
-0.95,8,74.532372
-0.63,10,74.568422
1.4,10,74.599375
-0.97,7,74.622838
1.12,9,74.714515
1.34,11,74.754286
-0.86,14,74.80144
1.34,9,74.827527
1.48,12,74.863678
1.41,11,74.901498
1.13,5,74.919806
-0.35,16,74.974977
1.14,4,74.989111
-0.85,10,75.027664
1.34,14,75.070139
-0.6,15,75.12523
1.24,6,75.144073
1.3,10,75.181175
1.52,14,75.219494
1.61,10,75.253471
1.21,16,75.298177
1.49,14,75.335835
-0.75,10,75.365621
-0.74,10,75.390484
-0.7,9,75.413632
-0.69,11,75.448829
-0.59,13,75.486309
-0.99,6,75.503712
1.32,12,75.539173
1.32,12,75.575834
1.27,8,75.603003
-0.95,8,75.629558
-0.8,9,75.661749
1.57,12,75.695194
1.17,7,75.717782
-0.88,7,75.740944
1.33,12,75.779114
1.37,12,75.81538
1.22,10,75.84578
-0.71,12,75.877052
1.47,11,75.911123
1.22,10,75.940526
-0.64,10,75.973406
-0.5,10,76.002929
-0.23,18,76.061417
1.52,11,76.116415
-0.74,12,76.169829
1.14,4,76.188459
-0.18,14,76.302188
1.22,11,76.365513
1.14,4,76.38143
-0.98,5,76.404079
1.58,11,76.445838
-0.88,7,76.480716
-0.6,16,76.554074
-0.75,11,76.589292
-0.76,9,76.624134
-0.84,9,76.657364
1.43,13,76.698798
1.51,16,76.749085
1.58,12,76.789998
-0.82,10,76.825359
1.42,15,76.872327
1.18,6,76.892125
1.27,8,76.922136
-0.95,8,76.951257
-1.0,7,76.975929
1.14,4,76.987952
1.4,10,77.018417
1.13,5,77.031946
1.51,14,77.070062
-0.62,9,77.093879
1.43,10,77.123571
1.16,8,77.147803
-0.72,11,77.174959
-0.7,12,77.208433
1.62,13,77.246053
1.16,8,77.272148
-0.8,15,77.316491
1.05,10,77.351771
-0.58,13,77.392786
-0.69,10,77.42866
-0.41,16,77.479663
1.25,10,77.508829
-0.7,12,77.544763
1.33,13,77.582018
-0.62,13,77.623057
-0.95,8,77.645546
-0.65,11,77.673671
-0.65,11,77.707791
-0.61,11,77.740229
1.05,8,77.76754
1.17,7,77.796787
1.14,7,77.818742
-0.81,10,77.856229
1.33,10,77.887512
1.14,10,77.924313
1.2,12,77.963229
-0.98,5,77.975445
-0.98,11,78.007911
-0.62,15,78.051521
-0.91,7,78.074681
-0.59,11,78.112128
-0.61,13,78.15782
-0.53,14,78.202379
1.19,5,78.218881
-0.76,13,78.255908
1.33,8,78.28014
-0.91,10,78.310822
1.4,10,78.341871
1.48,12,78.378481
1.42,9,78.410059
1.16,5,78.424814
1.13,5,78.442425
-0.76,6,78.463611
-0.45,16,78.509805
1.14,4,78.522239
1.37,13,78.566094
-0.61,10,78.59407
1.38,8,78.622184
-0.87,9,78.65002
1.16,8,78.672517
-0.84,11,78.705104
1.52,12,78.736637
1.19,8,78.758816
-0.93,6,78.785004
-0.92,8,78.81158
-0.98,5,78.829162
1.28,8,78.930822
1.47,13,78.984471
-0.6,13,79.026701
1.33,12,79.065289
-0.81,7,79.082549
-0.64,11,79.116207
1.52,11,79.145979
-0.76,9,79.171616
1.33,11,79.206029
-0.83,14,79.243937
1.12,7,79.26592
-0.77,12,79.300302
-0.58,14,79.34144
-0.69,10,79.372605
-0.83,14,79.420624
1.28,7,79.441748
1.15,6,79.463409
1.24,10,79.492575
1.13,5,79.510492
-0.81,5,79.525926
1.5,11,79.556755
-0.81,11,79.588653
1.33,12,79.622056
1.39,9,79.650926
-0.68,12,79.686816
-0.82,10,79.719186
-0.25,14,79.760124
1.23,9,79.783021
-0.77,9,79.80497
1.68,16,79.857148
-0.68,14,79.899424
1.21,11,79.931518
-0.85,13,79.976539
1.5,10,80.006701
-0.53,13,80.042417
-0.97,10,80.079206
-1.04,5,80.096393
1.37,9,80.12424
1.14,4,80.136181
1.44,10,80.164495
-0.86,7,80.185385
-0.73,9,80.212835
-0.52,11,80.243857
-0.56,12,80.285344
-0.52,16,80.331453
1.19,5,80.349168
1.64,13,80.386458
-0.51,14,80.425351
-0.59,12,80.465292
-1.0,7,80.488515
1.44,8,80.512843
-0.71,7,80.537915
1.28,7,80.558363
-0.85,6,80.57472
1.3,9,80.605348
-0.78,13,80.645559
1.41,15,80.688884
1.29,11,80.722654
-0.78,12,80.753666
1.24,6,80.772622
1.19,5,80.788539
1.55,13,80.828802
1.22,8,80.85494
1.32,13,80.898825
1.46,11,80.927502
1.18,6,80.943851
1.09,10,80.973668
1.14,4,80.984227
-0.67,10,81.019063
-0.61,14,81.05911
-0.73,11,81.083649
-0.45,14,81.125133
-0.65,11,81.156847
1.24,6,81.175386
1.55,14,81.208048
-0.63,9,81.238777
1.34,7,81.260331
1.33,10,81.294568
1.29,12,81.325071
1.18,6,81.341009
-0.78,8,81.3692
1.28,7,81.397988
-0.77,13,81.431208
1.16,4,81.442523
1.3,13,81.487535
-0.73,15,81.5351
1.18,6,81.5543
-1.02,9,81.583279
1.26,9,81.606769
-0.49,12,81.645507
1.44,11,81.674098
-0.81,8,81.702579
1.59,14,81.747324
1.19,5,81.760423
-0.91,13,81.794263
1.32,11,81.829121
-0.66,12,81.861227
1.14,4,81.874002
-0.64,7,81.892688
-0.5,10,81.916671
-0.8,13,81.953605
1.33,8,81.983044
1.35,11,82.020473
-0.73,9,82.057316
1.3,8,82.085809
1.39,14,82.1334
1.24,6,82.152444
-0.39,18,82.19739
-0.76,11,82.224173
-1.0,13,82.256049
1.15,9,82.277946
1.27,11,82.316048
1.33,9,82.34115
1.29,12,82.36937
1.35,9,82.397061
-0.79,11,82.427347
1.29,7,82.450223
-0.38,15,82.489505
-0.61,16,82.535753
1.13,6,82.551997
1.32,9,82.579954
1.34,7,82.601537
-0.72,8,82.629601
-0.79,15,82.666761
1.28,10,82.689566
-0.61,14,82.732628
1.32,9,82.756453
1.39,11,82.797631
-0.83,10,82.828328
-0.89,7,82.975021
1.22,7,83.005497
-0.62,11,83.037365
1.13,5,83.049005
1.17,7,83.071291
-0.72,10,83.103002
1.34,12,83.142742
-0.9,9,83.170861
-0.91,7,83.192811
-0.43,15,83.236353
-0.62,12,83.274249
1.36,10,83.305361
-0.28,13,83.346775
-0.86,7,83.368069
1.32,9,83.398373
1.33,13,83.430443
1.17,7,83.455071
1.42,9,83.479476
1.24,8,83.502406
1.19,5,83.516557
-0.76,9,83.545383
-0.5,13,83.586431
1.14,4,83.598968
1.28,10,83.62285
-0.51,12,83.657016
-0.95,8,83.683495
1.23,10,83.708634
1.19,5,83.723348
1.32,10,83.754259
1.41,13,83.791002
1.6,13,83.826094
-0.7,13,83.864464
1.48,14,83.903166
-0.87,6,83.918925
1.5,17,83.960768
1.2,8,83.983974
-0.57,17,84.037415
1.14,4,84.046557
-0.67,9,84.071994
-0.96,9,84.100408
1.32,8,84.126567
1.19,5,84.140554
-0.75,8,84.163666
1.33,9,84.195148
-0.42,13,84.227091
1.53,11,84.253915
-0.91,10,84.286582
1.34,10,84.327423
1.23,7,84.350023
-1.06,13,84.395747
1.14,4,84.404295
1.49,15,84.447357
-0.94,7,84.472958
1.22,11,84.503905
-0.55,12,84.544278
-0.71,12,84.57873
1.35,10,84.603756
1.44,8,84.627371
-0.87,12,84.666959
-0.75,8,84.69122
-0.42,14,84.737146
1.14,4,84.7472
-0.71,11,84.782428
-0.81,7,84.803277
-0.52,11,84.852957
1.23,12,84.923774
1.17,10,84.971273
-0.45,13,85.031157
-0.8,11,85.079371
-0.62,12,85.1408
-0.42,17,85.190264
1.26,14,85.233084
1.23,7,85.260916
1.34,7,85.280353
-0.67,8,85.303814
-0.55,15,85.353906
-0.8,7,85.372576
1.19,5,85.390641
-0.64,15,85.462709
-0.5,12,85.525439
1.17,7,85.56579
-0.86,4,85.58299
-0.83,8,85.616351
1.32,9,85.646132
1.34,7,85.667456
-0.63,11,85.701342
-0.69,10,85.728033
-0.83,7,85.747758
1.31,10,85.779847
1.27,8,85.803263
1.54,15,85.838676
-1.0,7,85.862789
-0.89,8,85.891764
-1.03,4,85.902667
1.12,6,85.921733
-0.61,13,85.963046
1.19,5,85.978595
-0.58,15,86.024005
1.24,9,86.046347
-0.66,10,86.079904
-0.8,13,86.118568
1.5,11,86.148934
1.63,12,86.183259
-0.84,13,86.218278
1.1,9,86.243483
1.19,11,86.279506
-0.6,12,86.311474
1.18,8,86.336526
-0.81,14,86.367742
1.4,13,86.408513
1.66,14,86.443845
1.6,11,86.480873
-0.5,13,86.52361
1.67,13,86.564538
-0.54,12,86.602021
1.28,7,86.620502
-0.41,17,86.666582
-1.04,5,86.684556
1.22,8,86.70523
1.12,6,86.718429
1.47,11,86.750239
-0.48,14,86.787734
1.35,10,86.816463
1.18,6,86.832388
1.44,11,86.861161
-0.57,11,86.891584
-0.63,12,86.925916
-0.37,12,86.96557
-0.49,13,87.062169
1.2,6,87.088484
-0.86,5,87.10035
-0.65,15,87.146907
-0.77,10,87.180801
-0.74,12,87.219373
-0.68,10,87.251368
1.2,10,87.28145
1.48,11,87.320976
1.53,13,87.362364
1.26,7,87.3827
1.11,7,87.404669
-0.84,11,87.439095
-0.82,12,87.470519
-0.7,12,87.498533
1.2,10,87.53096
-0.79,11,87.568395
-0.9,12,87.59924
-0.82,12,87.632858
1.48,12,87.668612
1.43,12,87.707321
1.28,8,87.727626
1.36,10,87.750823
1.42,12,87.788982
-0.75,7,87.816161
-0.89,8,87.840944
1.47,10,87.86472
1.23,7,87.881976
-0.75,14,87.921802
-0.79,13,87.959002
-0.98,5,87.971664
1.19,5,87.983986
-0.81,5,88.00367
-1.04,8,88.024847
1.17,7,88.042655
1.25,7,88.062983
-0.61,8,88.089663
1.3,10,88.121173
1.18,6,88.138731
1.38,11,88.165626
1.34,11,88.203303
-0.6,12,88.241694
-1.0,10,88.270923
-0.69,16,88.316116
1.13,11,88.352184
1.31,8,88.378017
-0.46,13,88.41765
1.28,10,88.4489
1.13,5,88.462668
1.26,9,88.488814
-0.84,9,88.51792
1.32,9,88.545259
1.21,8,88.573371
1.14,4,88.584304
1.13,5,88.598744
-0.6,16,88.645257
-0.7,8,88.671139
-0.77,9,88.695003
-0.81,10,88.723287
-0.95,8,88.749749
-0.89,5,88.764534
1.21,13,88.807756
-0.95,5,88.82324
1.19,5,88.837329
1.47,11,88.867198
-0.66,10,88.901613
1.31,7,88.921272
-0.65,14,88.95863
-0.82,6,88.982448
1.28,9,89.002154
-0.67,13,89.034926
-0.89,8,89.059843
1.29,8,89.083739
-0.46,10,89.112118
-0.89,11,89.140274
1.47,14,89.180879
-0.83,7,89.206584
1.29,9,89.232882
1.48,12,89.265331
-0.89,8,89.292171
1.33,8,89.318573
1.27,8,89.338834
1.39,13,89.374181
-0.95,11,89.405273
-0.82,6,89.4219
-0.92,8,89.444343
1.17,7,89.465514
1.13,5,89.477767
-0.92,5,89.493987
1.25,11,89.524359
1.42,13,89.559962
-0.69,14,89.600363
-0.83,7,89.62507
-0.55,16,89.669649
-0.62,14,89.706265
1.27,8,89.730583
-0.66,10,89.767622
-0.79,10,89.796917
-0.62,9,89.826246
1.12,6,89.840948
1.07,12,89.879131
1.23,7,89.898011
-0.66,10,89.926097
-0.49,16,89.971896
-0.72,12,90.010192
-0.84,8,90.030346
1.44,8,90.05
-0.58,10,90.081144
1.51,12,90.112673
-0.55,16,90.154856
1.3,11,90.189255
-0.97,4,90.198772
-0.7,9,90.228731
-0.63,10,90.256645
1.33,8,90.280658
-0.76,9,90.311249
1.6,12,90.343453
-0.77,10,90.36467
-0.99,6,90.383461
1.13,5,90.396945
-0.83,7,90.421528
1.41,11,90.452487
-0.49,13,90.491688
1.42,10,90.522999
1.21,9,90.553617
1.24,8,90.574434
-0.65,12,90.611442
1.12,6,90.629553
1.25,8,90.65101
1.55,13,90.682255
1.33,8,90.706927
-0.57,15,90.761179
1.35,12,90.802318
1.27,9,90.859395
1.38,12,90.930639
-0.72,8,90.956279
-0.58,17,90.998641
1.22,10,91.029434
1.74,15,91.075556
1.4,11,91.100742
-0.62,9,91.135275
-0.57,14,91.175998
1.54,20,91.220848
1.31,6,91.239774
-0.76,6,91.253901
-0.37,18,91.301672
1.36,8,91.322821
1.33,8,91.346821
1.8,15,91.387707
-0.71,11,91.421689
1.35,12,91.455484
1.24,6,91.474745
-0.82,7,91.49664
1.18,6,91.511685
-0.88,10,91.536855
-0.73,9,91.565236
-0.71,18,91.616547
-0.8,10,91.643111
-0.41,17,91.689525
-0.87,6,91.702417
-0.77,10,91.734843
1.29,9,91.756177
1.43,15,91.803594
1.24,9,91.830887
1.11,7,91.851451
-0.63,10,91.883325
1.63,13,91.918114
1.31,8,91.938933
1.18,6,91.957205
1.48,11,91.986809
-0.72,11,92.02333
1.54,14,92.062663
-0.98,5,92.079934
1.32,11,92.110403
1.62,12,92.148921
-1.03,7,92.169862
1.56,12,92.212525
1.14,11,92.24792
1.23,7,92.263171
-0.66,11,92.298401
1.13,5,92.311639
1.58,13,92.342828
-0.39,16,92.384409
1.24,6,92.397734
1.44,7,92.422545
-0.69,14,92.452931
1.45,11,92.488328
1.3,11,92.52643
-0.52,13,92.567842
1.72,16,92.613066
-0.91,9,92.636437
1.28,10,92.665739
1.13,5,92.68085
-0.83,11,92.710643
-0.72,8,92.735398
1.49,14,92.772918
1.22,8,92.795566
1.27,12,92.826055
-0.44,13,92.874218
-0.56,13,92.91202
1.27,8,92.939684
-0.63,14,92.980656
-0.58,10,93.017565
-0.71,15,93.056976
1.49,11,93.080291
-0.66,9,93.10829
-0.88,12,93.136344
-0.88,7,93.151637
1.26,10,93.186481
1.27,8,93.208048
-0.76,6,93.225082
1.28,10,93.257334
1.32,11,93.297272
1.31,10,93.327779
1.14,4,93.339224
-0.68,15,93.374968
1.24,6,93.393724
1.59,12,93.432763
1.33,9,93.457793
1.14,4,93.468527
1.58,14,93.507691
1.47,12,93.543134
1.21,6,93.563665
1.18,6,93.578032
-0.87,11,93.60764
-0.74,7,93.628467
1.32,11,93.662672
-0.88,13,93.70092
1.53,13,93.732386
1.59,12,93.767107
1.22,10,93.849652
-0.91,7,93.871003
1.33,8,93.897364
1.6,15,93.941197
-0.83,10,93.963222
-0.56,12,93.995224
-0.85,9,94.029148
-0.78,15,94.069668
-0.6,13,94.112154
-0.72,7,94.133857
1.25,8,94.157516
1.33,12,94.190252
-0.34,17,94.239841
-0.51,12,94.270263
-0.93,6,94.29004
1.19,5,94.303209
1.23,7,94.324392
-0.74,9,94.350882
1.34,12,94.384034
1.23,7,94.406864
1.07,6,94.425048
-0.5,13,94.461293
-0.8,10,94.487959
1.25,7,94.505221
1.29,6,94.523398
1.16,8,94.544346
-0.57,9,94.569089
-0.87,6,94.585929
1.15,9,94.617567
1.19,5,94.62875
-0.76,6,94.644841
1.21,5,94.660975
-0.76,10,94.688606
-0.59,10,94.720142
-0.88,7,94.740073
1.06,7,94.760492
-0.63,10,94.863828
1.18,6,94.881603
1.21,8,94.907085
1.27,8,94.926326
-0.71,11,94.957633
1.42,11,94.99064
1.18,9,95.014959
1.12,6,95.025954
-0.63,10,95.056094
-0.81,12,95.090492
-0.67,14,95.131965
-0.96,9,95.159012
-0.71,12,95.190414
1.32,9,95.217814
1.32,10,95.250654
-0.72,11,95.286084
1.48,9,95.311669
-0.57,12,95.341604
1.48,10,95.37586
1.13,5,95.392345
1.56,14,95.439404
-0.77,10,95.467333
1.62,13,95.502964
-0.51,12,95.536309
-0.63,13,95.577313
1.29,11,95.610806
1.15,12,95.645808
-0.76,9,95.672014
1.36,7,95.690818
1.41,8,95.714432
1.57,15,95.764669
1.16,5,95.778959
-0.87,8,95.807474
1.24,12,95.838448
1.29,10,95.869097
-0.44,11,95.897056
1.34,7,95.915044
-0.67,9,95.942557
-0.64,11,95.972745
1.33,14,96.016321
1.25,7,96.038388
-0.62,9,96.066465
1.45,12,96.10301
1.21,6,96.118491
1.23,7,96.141188
-1.06,10,96.173111
-0.84,14,96.210307
1.33,8,96.234811
1.52,13,96.274746
1.41,9,96.300826
1.17,7,96.318982
1.18,6,96.338788
1.13,5,96.353368
-0.67,13,96.389452
-0.82,7,96.41798
1.27,11,96.453693
1.34,8,96.477155
1.1,12,96.511339
1.35,9,96.540704
-0.47,15,96.585594
-0.78,8,96.610487
-0.64,8,96.636312
-0.35,15,96.680701
1.18,6,96.696432
1.24,6,96.714872
1.41,9,96.738583
-0.61,8,96.765364
-0.69,12,96.801465
1.18,6,96.816515
1.42,9,96.847002
-0.65,12,96.891576
1.32,9,96.921596
-0.98,7,96.946369
1.17,8,96.972748
1.48,13,97.013906
-0.76,9,97.03625
-0.69,15,97.082391
1.4,11,97.115268
1.24,6,97.133867
1.32,9,97.155992
-0.67,9,97.187837
-0.45,11,97.217367
-0.66,7,97.243188
-0.67,8,97.268439
-0.94,9,97.298046
1.31,10,97.328961
1.13,5,97.345982
1.39,7,97.369159
-0.79,12,97.405639
1.26,9,97.432349
-0.62,12,97.464862
-0.73,15,97.501441
1.39,12,97.535976
1.36,7,97.559191
-0.78,11,97.594708
-0.53,11,97.630639
-0.35,15,97.677992
-0.75,10,97.707682
1.15,6,97.731293
-0.79,9,97.752058
-0.79,16,97.792337
-0.74,12,97.829176
1.14,4,97.840375
1.39,11,97.871676
-0.47,14,97.912704
-0.55,9,97.940123
-0.81,8,97.967774
1.42,10,98.001627
1.24,8,98.0277
1.28,9,98.054459
1.26,9,98.085944
1.18,6,98.101938
-0.53,11,98.138057
-0.98,5,98.15164
1.28,10,98.187203
1.22,8,98.218695
-0.5,11,98.25118
-0.75,11,98.280123
-0.88,10,98.308997
1.22,8,98.335092
-0.48,11,98.365903
1.28,8,98.390187
-0.65,9,98.42468
-0.79,12,98.462788
0.96,11,98.49539
-0.61,13,98.532698
1.26,6,98.549682
1.27,12,98.577838
-0.25,16,98.626733
1.18,6,98.656603
-0.82,6,98.681594
1.19,7,98.710395
1.5,14,98.844975
1.18,6,98.87335
1.51,12,99.051578
-0.41,13,99.115441
-0.93,9,99.166629
-0.71,12,99.240674
-0.92,5,99.274033
1.2,6,99.301589
-0.56,11,99.340267
-0.77,8,99.376783
1.17,7,99.41396
1.25,13,99.474381
1.16,5,99.489688
-0.71,12,99.529669
1.28,8,99.56272
-0.95,10,99.602291
-0.56,14,99.669043
1.17,7,99.702659
1.38,12,99.757488
1.22,8,99.785694
1.1,8,99.812143
1.74,15,99.870162
-0.93,6,99.895274
1.61,12,99.937002
-0.58,11,99.98069
1.19,11,100.031813
1.46,12,100.080002
-0.69,11,100.12341
1.51,12,100.169332
1.47,11,100.21669
1.53,12,100.264251
1.34,10,100.307368
1.14,4,100.321988
1.24,9,100.358763
1.45,9,100.400217
-0.22,19,100.470591
-0.75,13,100.511109
1.52,14,100.55782
1.13,5,100.575935
1.21,9,100.601479
1.56,13,100.643795
1.25,10,100.684138
1.12,6,100.708283
1.36,11,100.74319
-0.3,15,100.791034
-0.58,13,100.830775
-0.77,8,100.860851
-0.51,15,100.905781
1.35,11,100.941314
1.45,11,100.977647
1.17,7,101.006732
1.24,6,101.027602
1.53,13,101.066921
-0.82,6,101.084974
1.27,7,101.112957
-0.77,11,101.154349
1.25,8,101.183969
-0.55,13,101.219577
1.38,11,101.259224
-0.45,12,101.29421
-0.88,7,101.316983
-0.6,13,101.35464
-0.84,9,101.387977
1.49,14,101.440497
-0.51,12,101.470697
-0.66,8,101.500189
-0.36,17,101.556309
1.41,9,101.587374
-0.8,7,101.61284
-0.82,10,101.643265
1.14,4,101.656624
1.37,11,101.703871
1.67,13,101.760247
-0.7,11,101.809512
1.18,6,101.906007
-0.85,9,101.971104
-0.65,9,102.015102
1.31,13,102.063978
1.18,6,102.085683
1.2,8,102.108336
-0.64,10,102.135857
1.23,7,102.156947
-0.78,14,102.201477
-0.93,6,102.22131
-0.76,15,102.287029
1.71,12,102.326491
1.61,15,102.372458
-0.82,9,102.401349
-0.84,8,102.432824
-0.59,15,102.50024
1.24,11,102.543323
-0.65,8,102.570369
1.62,12,102.611365
-0.55,11,102.648948
-0.91,10,102.68858
-0.77,7,102.713906
1.19,12,102.755305
1.33,10,102.79007
1.16,8,102.81706
1.14,4,102.83809
-0.82,9,102.882172
-0.9,9,102.928438
-0.79,9,102.991689
-0.74,12,103.034878
-0.43,14,103.074785
-0.78,8,103.102977
-0.78,8,103.135178
-0.77,7,103.162697
1.46,11,103.199795
-0.71,8,103.226724
1.53,12,103.268643
-0.69,10,103.298204
-0.22,18,103.354187
-0.55,10,103.384899
1.51,12,103.423613
1.14,4,103.436532
1.22,10,103.470868
-0.6,12,103.506988
-0.85,10,103.537622
1.23,9,103.564293
1.28,7,103.583199
1.57,12,103.617907
-0.67,11,103.658166
-0.97,7,103.681939
1.33,8,103.709554
1.14,4,103.788762
1.46,12,103.841903
-0.63,10,103.871651
1.39,13,103.911738
-0.44,16,103.959956
1.31,10,103.992519
-0.67,16,104.037813
1.43,13,104.081851
1.68,14,104.143436
1.18,6,104.16898
1.15,6,104.202267
-0.73,10,104.234607
1.3,8,104.254509
1.46,14,104.30019
1.33,7,104.320095
1.5,11,104.35329
1.24,8,104.378599
1.37,9,104.408913
-0.36,16,104.455677
1.42,11,104.492287
-0.86,7,104.52291
-0.76,12,104.568527
-0.85,9,104.597228
1.47,16,104.649681
1.14,10,104.683151
-0.6,13,104.722995
-0.98,5,104.738618
-0.55,13,104.778872
1.29,9,104.81235
1.45,16,104.864953
1.3,8,104.886573
-0.94,7,104.90559
1.23,7,104.931471
1.22,8,104.962653
-0.98,5,104.981046
1.18,6,105.000876
1.27,9,105.040161
1.33,10,105.084383
-0.83,12,105.118132
1.34,11,105.149553
1.45,9,105.175587
1.27,11,105.204868
-0.89,7,105.22752
1.4,11,105.26566
-0.5,12,105.301956
1.32,9,105.332376
1.19,5,105.347577
-0.68,12,105.383332
1.26,9,105.412492
1.19,8,105.435286
-0.7,11,105.464076
-0.89,11,105.495608
1.32,8,105.520107
-0.63,11,105.555458
1.16,8,105.578936
-0.94,7,105.598813
-0.65,9,105.626533
-0.73,11,105.667268
1.43,9,105.698363
-0.68,10,105.729146
1.24,6,105.745245
1.29,9,105.774956
1.55,11,105.810671
-0.72,8,105.83447
1.25,10,105.866686
1.66,15,105.911544
1.25,10,105.944923
1.18,6,105.960545
1.31,11,105.993802
1.18,6,106.013156
1.31,11,106.047962
-0.78,7,106.07287
1.41,12,106.108416
-0.66,10,106.137996
-0.62,12,106.164431
-0.66,11,106.198217
1.27,9,106.225418
1.64,16,106.267494
1.38,11,106.294867
1.21,9,106.324126
-0.58,15,106.374311
1.19,7,106.397481
1.36,11,106.424825
1.14,4,106.432179
-0.61,12,106.466466
-0.37,16,106.510841
-0.96,9,106.541233
1.23,9,106.571065
1.14,4,106.58324
1.23,9,106.611924
1.2,10,106.645972
1.2,6,106.663498
1.64,14,106.703027
-0.62,11,106.741982
1.72,12,106.776489
-0.91,7,106.795428
1.23,9,106.827055
-0.75,8,106.850523
1.34,9,106.874995
1.18,6,106.889968
-0.66,13,106.933614
-0.9,9,106.965466
1.4,13,107.01103
1.64,13,107.052851
-0.73,9,107.081374
1.34,11,107.110851
1.14,10,107.143254
-0.94,7,107.163252
1.43,12,107.199871
-0.73,11,107.232923
-0.58,13,107.271904
-0.64,12,107.304151
1.29,6,107.319379
-0.49,10,107.358463
1.29,7,107.375215
1.36,11,107.405272
-0.92,8,107.426621
1.48,15,107.467372
1.19,8,107.488257
1.37,12,107.523139
1.21,10,107.551915
1.2,6,107.576803
-0.74,10,107.607053
1.26,10,107.643971
1.43,15,107.694976
1.27,9,107.723264
1.51,12,107.759372
-0.43,13,107.798479
1.48,10,107.838177
1.12,6,107.858507
-0.57,13,107.893859
1.26,11,107.93036
1.33,8,108.023672
1.43,9,108.067577
-0.57,12,108.101553
-0.7,17,108.157231
1.28,7,108.176338
1.33,9,108.20662
1.73,14,108.24338
-0.34,12,108.284069
-0.34,14,108.330599
1.38,10,108.357776
-0.89,8,108.380512
-0.36,16,108.429474
1.19,5,108.444863
1.28,7,108.466223
1.46,12,108.502515
-0.69,7,108.52611
1.3,8,108.549142
1.19,5,108.566282
1.14,10,108.600924
-0.62,12,108.639779
1.23,7,108.658467
-0.8,8,108.6844
-0.76,8,108.708124
1.34,14,108.752454
-0.88,9,108.781486
-0.47,14,108.828444
-0.77,6,108.844039
1.53,13,108.88375
1.34,14,108.922263
1.21,9,108.945711
1.59,12,108.975891
1.3,8,108.996503
-0.88,10,109.025828
-0.69,11,109.057291
-0.12,16,109.10554
1.47,10,109.139488
-0.78,8,109.164184
-0.65,13,109.203738
-0.68,11,109.242654
-0.77,10,109.264096
-0.67,11,109.300471
-0.68,9,109.329901
1.65,14,109.370686
1.45,11,109.406157
1.37,9,109.431768
-0.8,7,109.456461
-0.7,11,109.485419
-0.55,16,109.526797
1.12,9,109.552383
1.41,7,109.573726
1.18,6,109.590697
1.17,7,109.609267
1.38,9,109.630752
1.29,9,109.661139
1.3,12,109.698703
-0.97,4,109.71017
1.14,4,109.721982
1.28,7,109.746231
-0.7,12,109.77894
-0.73,8,109.797748
1.14,4,109.809647
-0.55,13,109.855565
1.33,12,109.893784
1.65,15,109.943084
-0.87,6,109.958821
-0.7,13,109.998386
-0.2,15,110.041826
-0.37,18,110.093223
1.39,10,110.121336
1.36,10,110.153883
1.11,7,110.176294
-0.8,13,110.212723
-0.67,11,110.250401
-0.31,15,110.288389
1.26,9,110.312735
1.39,12,110.350062
1.4,12,110.389206
-0.75,13,110.426098
-0.57,12,110.458147
-0.72,9,110.482352
-0.9,9,110.508435
-0.61,11,110.607119
1.22,8,110.631499
1.25,8,110.650262
-0.93,12,110.688902
1.29,6,110.708447
1.34,9,110.733137
-0.68,10,110.76325
1.41,11,110.798544
1.29,6,110.814753
1.23,7,110.831431
-0.58,13,110.871386
-0.91,7,110.892631
1.13,8,110.919802
-0.64,10,110.955178
1.24,6,110.969159
1.12,6,110.992485
-0.37,13,111.031622
1.43,9,111.061769
-0.95,5,111.080302
1.44,11,111.113456
1.21,12,111.154945
-0.62,9,111.18545
-0.75,16,111.23635
-0.45,13,111.27692
1.17,7,111.303727
1.33,8,111.331026
1.15,9,111.362243
1.22,8,111.390397
-0.27,13,111.438195
1.18,6,111.458516
-0.78,9,111.485618
-0.67,9,111.510226
1.22,8,111.537156
1.14,4,111.546286
-0.8,13,111.590216
1.19,5,111.609158
1.47,11,111.639096
1.49,11,111.669997
1.26,13,111.70124
1.29,8,111.727022
1.12,7,111.748469
1.25,10,111.780456
1.51,12,111.813333
-0.55,10,111.84603
1.41,14,111.896645
-0.91,8,111.922914
-0.46,9,111.950791
1.32,12,111.989199
1.31,9,112.013296
1.33,8,112.03742
1.4,8,112.142008
1.29,6,112.159138
-0.59,11,112.19046
1.3,7,112.208336
-0.62,14,112.255092
1.6,11,112.288017
1.72,13,112.329717
-1.03,10,112.358141
-0.81,13,112.411758
1.24,6,112.438404
1.21,11,112.485475
-0.81,11,112.528962
1.24,6,112.551718
1.19,5,112.567186
1.52,14,112.624602
1.14,7,112.660532
1.4,12,112.713941
-0.49,13,112.76688
-0.44,13,112.805918
1.47,11,112.843226
-0.95,11,112.878379
-0.59,11,112.918303
1.25,7,112.944006
1.2,7,112.970246
1.36,11,113.007936
1.24,10,113.043703
1.29,10,113.077563
-0.83,14,113.12464
-0.71,6,113.141742
1.13,5,113.161663
1.09,6,113.178448
1.04,6,113.195663
1.16,8,113.224903
1.19,5,113.241805
1.29,6,113.262181
1.19,7,113.341354
1.47,13,113.393629
1.19,5,113.413498
-0.63,9,113.441207
-0.71,9,113.472751
1.18,6,113.493523
-0.4,13,113.534797
1.14,4,113.549964
1.37,12,113.591488
1.47,11,113.626584
-0.71,6,113.646128
-0.97,4,113.660471
-0.74,10,113.690879
1.2,10,113.719686
1.26,13,113.758482
1.19,5,113.782822
1.23,9,113.808012
-0.74,7,113.829968
-0.68,12,113.868362
1.29,10,113.902837
1.28,7,113.924789
1.29,8,113.952092
1.14,4,113.962926
1.33,10,113.996636
-0.93,9,114.031471
1.33,10,114.062191
1.13,5,114.075149
1.56,13,114.12113
1.23,10,114.156889
1.22,8,114.18195
1.15,6,114.203653
-0.26,14,114.244864
1.51,12,114.278028
1.16,8,114.301147
1.22,10,114.329597
1.33,11,114.36102
1.41,11,114.397338
1.43,12,114.436714
1.26,10,114.470507
-0.84,9,114.499084
-0.7,15,114.537205
-0.86,10,114.5666
1.41,9,114.590741
1.18,6,114.611058
-0.58,14,114.644946
1.17,7,114.662496
1.27,9,114.690471
1.12,7,114.717071
1.45,12,114.753238
-0.75,10,114.782483
1.16,8,114.808553
-0.54,16,114.856822
1.34,12,114.896874
1.28,7,114.919196
-0.76,10,114.952612
1.32,10,114.983696
1.14,4,114.99691
-0.93,9,115.022811
1.19,8,115.045246
-0.67,11,115.077854
1.4,12,115.119082
-0.6,10,115.154387
1.34,8,115.182571
1.31,10,115.208953
1.45,10,115.236939
1.31,7,115.260835
-0.59,12,115.300996
-0.83,10,115.332286
-0.67,9,115.35824
1.36,10,115.392275
-0.93,6,115.409011
-0.64,13,115.456114
1.36,11,115.485259
-0.86,7,115.510956
1.18,6,115.534214
1.34,9,115.568565
-0.52,15,115.616199
-0.8,9,115.639943
-0.72,9,115.670091
1.27,8,115.702486
1.22,10,115.733596
-0.57,10,115.767322
1.39,8,115.792647
-0.87,11,115.824373
1.29,10,115.856653
1.49,15,115.905538
1.18,6,115.927231
1.25,8,115.957259
-0.72,8,115.986435
-0.71,9,116.012958
-0.81,8,116.034701
1.41,9,116.063018
1.21,9,116.084739
-0.49,13,116.118366
1.36,10,116.14605
-0.98,8,116.170521
-0.39,14,116.216425
-0.57,10,116.242829
-0.66,7,116.266777
1.63,13,116.305705
-0.52,12,116.425364
-0.94,7,116.44292
1.33,12,116.481981
1.46,12,116.520596
1.32,12,116.557698
1.35,8,116.583328
1.18,6,116.600904
1.14,4,116.61448
1.36,12,116.649782
-0.68,13,116.693863
1.27,9,116.719132
1.34,7,116.742961
1.37,13,116.781899
1.14,4,116.794069
-0.52,16,116.837673
1.27,8,116.859635
1.26,10,116.892429
1.26,10,116.924628
1.45,10,116.954918
1.38,9,116.986538
1.24,9,117.006759
1.56,13,117.044569
1.19,8,117.067479
1.13,5,117.080025
-0.44,14,117.119099
-0.76,10,117.144339
-0.41,15,117.187175
-0.73,12,117.227467
-0.82,9,117.255888
-0.69,11,117.287803
1.29,6,117.307173
-0.88,9,117.336005
1.14,4,117.349093
1.17,7,117.372565
1.32,12,117.407594
-0.54,8,117.437368
1.16,8,117.464138
-0.63,10,117.498552
-0.73,14,117.539931
1.38,11,117.570442
1.18,6,117.589958
-0.66,10,117.624845
-0.45,12,117.653008
1.42,10,117.684094
1.29,7,117.706821
1.36,7,117.725889
-0.43,12,117.765943
1.5,10,117.798872
1.14,4,117.807682
1.18,6,117.821381
-0.59,9,117.852355
-0.47,12,117.88889
1.32,11,117.92266
1.42,10,117.950841
-0.71,7,117.973289
-0.47,11,118.003565
1.19,5,118.018498
1.16,8,118.044508
-0.97,13,118.072964
-0.81,12,118.106931
-0.72,13,118.144699
1.28,11,118.179273
1.3,11,118.211312
1.17,10,118.239593
1.43,10,118.268007
1.19,7,118.284865
-0.69,11,118.314069
1.38,9,118.340249
1.13,5,118.3585
1.36,8,118.380491
1.14,4,118.392432
-0.56,14,118.437739
1.23,7,118.458469
-0.91,9,118.487633
1.74,14,118.531346
1.51,11,118.562237
-0.82,11,118.60348
1.16,12,118.658446
1.11,8,118.696163
1.34,7,118.77617
1.43,12,118.845419
-0.74,10,118.891711
1.56,12,118.937517
1.13,5,118.964489
-0.83,11,119.000052
1.74,16,119.05321
1.35,9,119.080338
1.24,11,119.114363
1.33,11,119.158369
1.44,12,119.20229
1.61,13,119.243675
1.34,7,119.271335
-0.57,13,119.319176
-0.63,13,119.366285
-0.59,11,119.399112
1.34,13,119.446021
1.37,12,119.489601
1.29,9,119.519175
-0.57,13,119.56392
-0.65,16,119.607532
1.6,12,119.642408
1.38,12,119.677815
-0.76,5,119.691529
1.26,10,119.7244
1.34,10,119.753642
1.19,5,119.775689
-0.39,14,119.833874
1.23,6,119.853731
-0.97,4,119.866708
1.19,5,119.880552
-0.82,6,119.897792
1.21,10,119.93156
1.27,8,119.95917
1.13,5,119.971649
1.12,10,120.012414
1.34,10,120.040752
1.24,9,120.066274
1.45,11,120.099995
1.59,12,120.132786
1.53,12,120.170998
-0.52,13,120.206106
-0.81,6,120.223211
-0.6,14,120.259775
1.17,7,120.281626
1.16,7,120.306244
1.29,10,120.338567
-0.84,11,120.373737
1.23,9,120.405142
1.2,7,120.429225
-0.49,12,120.465539
-0.98,5,120.481717
-0.92,8,120.512285
1.18,8,120.5358
1.29,6,120.62152
1.58,10,120.666314
-0.74,12,120.705144
-0.45,11,120.738723
1.12,6,120.760658
-0.66,9,120.789485
-0.64,11,120.839226
-0.53,14,120.900254
1.49,11,120.952039
1.37,9,120.991268
1.44,9,121.024832
-0.72,10,121.057014
-0.71,10,121.088804
1.25,7,121.11749
1.27,8,121.145003
1.3,8,121.167518
1.18,9,121.196384
-0.66,10,121.227779
1.14,4,121.242315
1.27,8,121.265922
1.43,12,121.305737
1.28,13,121.34427
1.32,9,121.371432
-0.63,10,121.401747
1.27,8,121.426874
-0.8,10,121.458221
1.41,8,121.488141
-0.59,18,121.539987
1.14,4,121.550623
1.19,5,121.565562
1.35,9,121.595622
-0.71,11,121.634225
1.25,11,121.668402
1.41,11,121.708097
1.28,7,121.727401
1.18,6,121.746531
1.25,8,121.769241
1.46,8,121.796381
1.15,9,121.827641
-0.79,11,121.864263
1.41,10,121.894863
1.21,8,121.918285
-0.53,13,121.96819
-0.82,9,121.998742
-0.85,7,122.02147
1.13,5,122.036032
1.45,13,122.077334
1.36,9,122.103556
1.22,8,122.127847
1.18,6,122.146926
-0.68,12,122.188715
-0.8,7,122.214529
1.14,4,122.22856
-0.34,13,122.269531
1.12,6,122.290849
1.5,12,122.331058
-0.43,16,122.372853
1.23,9,122.399293
-0.45,13,122.440952
-0.06,14,122.477937
1.22,8,122.501848
1.28,7,122.524388
1.23,7,122.548927
1.39,10,122.575912
1.21,6,122.594539
1.14,4,122.605685
1.18,6,122.62103
-0.92,5,122.640408
1.2,7,122.661985
-0.84,11,122.696712
1.12,10,122.730781
-0.84,8,122.756962
1.61,12,122.794848
1.35,8,122.822249
1.19,12,122.862486
1.44,18,122.922004
1.14,4,122.9333
-0.71,10,122.974743
-0.77,7,123.004606
1.34,11,123.052773
-0.64,11,123.096272
-0.52,11,123.138649
-0.78,9,123.178138
-0.92,11,123.227677
1.37,9,123.340579
1.4,14,123.39546
1.33,8,123.418766
1.19,7,123.439869
1.2,10,123.468544
-0.72,8,123.497514
1.45,13,123.538666
1.19,5,123.548922
1.13,11,123.585173
1.4,10,123.617447
-0.38,16,123.664441
1.44,14,123.713334
-0.88,6,123.734159
1.14,4,123.748062
-0.68,10,123.781993
-0.54,11,123.816324
-0.65,10,123.843108
-0.75,7,123.868823
1.14,4,123.884425
1.31,8,123.910469
1.41,10,123.941657
-0.72,10,123.98087
-0.85,9,124.012039
-0.81,11,124.06514
-0.78,10,124.100213
1.3,11,124.141296
1.64,12,124.188246
1.28,10,124.228813
1.27,11,124.268173
-0.69,9,124.299381
1.45,9,124.334188
-0.6,11,124.373244
1.47,11,124.408771
1.43,12,124.452211
-0.79,9,124.494174
1.23,7,124.517764
-0.51,13,124.57509
1.19,7,124.599065
1.23,10,124.638345
1.33,13,124.674349
-0.84,8,124.698883
1.26,10,124.732156
-0.34,12,124.765029
1.22,8,124.792121
1.32,10,124.81437
1.19,8,124.839253
1.48,10,124.956196
-0.81,11,124.988844
-0.71,6,125.010063
1.47,12,125.045228
1.43,9,125.081198
1.19,5,125.097133
1.37,10,125.12997
1.24,8,125.157531
1.24,8,125.182045
1.57,15,125.229843
1.19,5,125.242288
1.3,8,125.26596
1.12,6,125.284764
-0.74,12,125.326277
-0.76,9,125.356006
-0.76,10,125.382222
1.22,8,125.412343
1.34,9,125.441614
1.33,11,125.479316
-0.83,8,125.505976
-0.44,13,125.541726
1.16,8,125.565885
1.53,12,125.612235
1.28,10,125.648556
-0.49,11,125.692815
1.44,13,125.735671
-0.64,8,125.764403
1.37,10,125.796829
1.19,11,125.835539
1.65,12,125.872698
-0.75,12,125.914689
1.18,8,125.937965
1.87,15,125.982146
1.35,9,126.007576
1.22,8,126.032096
-0.78,12,126.069462
-0.76,9,126.103555
1.23,9,126.141296
1.09,9,126.176618
-0.55,12,126.22338
1.45,10,126.264559
-0.66,15,126.327847
1.36,13,126.374513
1.44,8,126.401826
1.17,7,126.428376
1.27,9,126.455376
1.19,5,126.474038
1.5,10,126.499486
1.19,5,126.51174
1.24,9,126.539057
1.25,8,126.558721
1.3,11,126.592225
1.4,13,126.63915
-0.64,12,126.676611
1.27,9,126.69802
1.35,11,126.739165
1.14,4,126.757378
-0.94,7,126.776139
-0.88,10,126.814536
1.47,14,126.860925
1.16,8,126.884426
1.18,9,126.915084
1.19,5,126.928562
1.25,7,126.951766
-0.78,9,126.980755
1.13,5,126.996438
-0.68,13,127.032242
-0.74,9,127.064508
1.45,9,127.088888
1.36,10,127.115935
1.14,4,127.128199
-0.58,16,127.173665
-0.82,6,127.198642
1.14,7,127.220099
1.31,7,127.236553
1.39,9,127.265676
1.26,6,127.287141
1.28,11,127.326977
-0.62,11,127.361283
1.24,8,127.382998
-0.77,9,127.413785
-0.65,12,127.450618
-0.75,9,127.478613
1.41,11,127.5151
-0.58,12,127.549192
-0.61,8,127.576698
1.14,4,127.590155
1.18,6,127.606222
-0.45,19,127.665382
1.18,6,127.685217
1.63,12,127.724195
1.37,10,127.752356
-0.69,10,127.782048
1.5,11,127.813477
1.17,10,127.843987
-0.63,12,127.878939
1.22,8,127.907238
1.3,8,127.930769
1.2,6,127.946537
1.42,10,127.981088
-0.4,14,128.022319
1.19,11,128.054685
1.14,7,128.078218
1.21,9,128.10408
1.33,13,128.142172
1.14,10,128.175453
-0.71,9,128.203555
1.23,8,128.228886
1.15,5,128.245854
-0.91,7,128.267527
1.29,11,128.304267
-0.61,10,128.334897
1.11,8,128.359273
1.35,9,128.390283
1.25,8,128.417564
-0.63,10,128.451109
1.53,16,128.492524
1.42,13,128.527869
-0.64,10,128.564503
1.18,6,128.59044
-0.73,12,128.639395
-0.67,9,128.678678
1.19,5,128.695715
1.23,6,128.713372
1.39,8,128.74344
1.12,6,128.76436
-0.84,9,128.794193
1.19,5,128.809584
-0.52,13,128.902362
-0.73,8,128.937713
1.12,6,128.955071
1.15,12,129.005356
-0.86,10,129.100766
1.49,11,129.135025
-0.17,16,129.203266
1.23,7,129.231974
-0.73,9,129.278968
1.1,8,129.318549
1.45,12,129.371549
1.27,9,129.411017
1.07,6,129.437324
1.28,7,129.460538
-0.73,11,129.511807
1.19,5,129.52939
1.38,12,129.578465
1.2,6,129.59665
1.27,11,129.650743
1.44,11,129.694476
-0.99,6,129.744957
-0.62,15,129.857173
1.41,11,129.917819
-0.86,8,129.966254
1.24,14,130.025401
-0.42,14,130.067809
-0.8,10,130.097208
-0.56,11,130.133854
1.56,11,130.165462
-0.41,15,130.207932
1.4,10,130.234144
1.21,8,130.262305
-0.74,9,130.292893
-0.94,10,130.325062
-0.28,14,130.371628
1.3,12,130.408288
1.54,14,130.458404
1.13,8,130.485756
1.51,10,130.516108
1.35,8,130.539829
1.19,5,130.557958
1.27,8,130.580894
-0.64,13,130.619555
1.6,11,130.657757
1.24,6,130.677151
1.13,5,130.693272
-0.67,12,130.730966
-0.95,8,130.762058
1.29,10,130.803138
1.39,10,130.833904
-0.92,5,130.854499
1.2,7,130.871885
-0.84,8,130.899041
1.37,10,130.926386
-0.88,9,130.956332
-0.68,8,130.982353
1.14,4,130.997803
1.15,5,131.01289
1.29,6,131.03541
1.28,10,131.064435
1.38,9,131.102602
1.19,7,131.118869
-0.93,6,131.139624
1.35,12,131.174462
-0.66,12,131.216227
-0.74,10,131.247197
-0.95,8,131.276753
1.18,9,131.305335
1.36,9,131.335099
1.13,7,131.359189
1.19,8,131.384702
-0.48,14,131.430362
1.69,14,131.479851
-0.88,10,131.512301
-0.65,12,131.544854
1.52,12,131.584104
1.18,11,131.62148
-0.43,12,131.655452
1.67,13,131.693512
-0.44,14,131.73854
-1.03,10,131.764748
1.28,7,131.787302
1.18,6,131.804699
1.32,10,131.83908
-0.7,14,131.878025
1.53,13,131.917718
1.28,12,131.957518
-0.67,9,131.986964
-0.51,13,132.024753
-0.61,8,132.044492
1.3,7,132.066324
-0.57,16,132.118192
-0.88,7,132.139787
-0.59,9,132.165058
1.32,9,132.193013
1.23,7,132.216238
1.15,9,132.241136
1.19,5,132.252766
1.2,10,132.284039
1.38,9,132.311422
-0.54,9,132.340942
-0.81,11,132.37535
-0.43,15,132.42548
1.33,8,132.452216
1.27,8,132.48059
1.34,10,132.509631
-0.95,10,132.549747
1.11,7,132.574275
1.13,5,132.591678
-0.63,11,132.636344
1.46,12,132.674802
-0.83,7,132.695331
1.64,13,132.740334
1.62,12,132.78649
1.57,11,132.824827
1.62,14,132.876958
1.11,7,132.898774
1.3,8,132.923003
1.19,5,132.936527
-0.79,9,132.964543
-0.66,10,132.998977
-0.95,8,133.02222
-0.68,11,133.054056
-0.67,11,133.080007
-0.65,14,133.116365
-0.59,11,133.150011
1.14,4,133.162714
1.4,13,133.200975
1.14,4,133.216009
1.7,15,133.249881
-0.81,12,133.282737
-0.85,10,133.317506
1.44,9,133.349154
1.34,9,133.379641
1.29,7,133.400442
1.13,5,133.415908
-0.7,15,133.46398
-0.51,12,133.534311
1.13,5,133.585426
1.19,5,133.609782
-0.82,9,133.634605
1.19,5,133.648135
-0.76,6,133.668537
-0.67,9,133.697851
1.24,8,133.721751
1.5,14,133.767904
-0.71,13,133.81898
1.35,9,133.843859
-0.55,11,133.874396
1.37,10,133.898394
-0.25,13,133.93897
1.11,7,133.965916
1.28,7,133.994543
-0.74,10,134.036711
1.19,8,134.069107
1.49,13,134.121923
1.12,6,134.139707
-0.87,6,134.160051
-0.82,6,134.180146
1.29,7,134.20451
-0.56,12,134.244381
1.39,8,134.269134
1.17,7,134.291457
-0.41,16,134.341395
1.4,10,134.367681
1.25,8,134.3888
-0.96,11,134.426214
-0.55,13,134.465808
-0.65,14,134.508436
-0.92,5,134.523504
1.32,10,134.553075
-0.86,4,134.565276
1.14,4,134.577531
-0.65,8,134.602432
1.66,11,134.637479
1.55,11,134.673548
-0.84,11,134.713744
1.34,7,134.733571
1.38,10,134.764024
1.32,12,134.803099
-0.68,11,134.84355
-0.55,10,134.872997
1.29,6,134.892853
1.42,11,134.922119
1.49,10,134.951313
1.19,5,134.964316
1.23,7,134.988193
-0.47,13,135.030301
1.28,10,135.065462
1.29,12,135.155505
1.3,8,135.175706
1.29,9,135.203455
-0.9,9,135.234437
-0.81,8,135.259229
-0.49,13,135.29926
1.31,9,135.330002
1.4,14,135.368033
1.13,5,135.383804
1.37,9,135.414859
1.46,8,135.437933
1.43,9,135.463133
-0.45,15,135.514957
-0.59,12,135.559875
1.18,6,135.579222
1.2,7,135.603164
1.14,4,135.615889
-0.29,16,135.657663
-0.93,9,135.685605
1.29,9,135.711208
-0.58,13,135.754833
1.4,9,135.786396
-0.77,10,135.819528
-0.6,14,135.86424
-0.83,7,135.884344
1.29,6,135.900803
-0.85,9,135.927575
1.14,4,135.941625
1.44,11,135.9754
1.27,8,136.001866
-0.61,15,136.047732
-0.77,10,136.080261
1.23,7,136.104565
1.3,8,136.130906
1.17,7,136.153734
1.18,6,136.172801
-0.82,8,136.200127
1.22,8,136.221959
-0.47,13,136.270742
1.2,10,136.302227
-0.76,9,136.33038
1.24,5,136.349684
1.19,7,136.36911
-0.73,11,136.404793
1.32,9,136.430169
1.18,9,136.466506
-0.9,6,136.485881
1.37,9,136.517817
1.29,6,136.538441
1.34,7,136.56346
1.13,5,136.574587
-0.75,10,136.613157
1.21,9,136.648035
1.21,7,136.668546
-0.59,19,136.733188
1.69,13,136.771745
1.64,12,136.806024
-0.36,16,136.852448
1.24,8,136.876705
-0.63,9,136.911862
1.17,7,136.928791
1.29,6,136.947898
-0.49,12,136.984473
-0.43,14,137.03178
1.4,10,137.066163
1.61,12,137.10343
1.35,8,137.123363
1.26,9,137.14614
1.18,6,137.16248
1.38,10,137.193864
1.23,9,137.221353
1.3,8,137.244779
-0.69,7,137.265942
1.44,12,137.303591
-0.83,10,137.338985
1.34,15,137.391125
1.5,12,137.427358
-0.68,16,137.473604
-0.91,9,137.495577
-0.53,16,137.541017
1.23,7,137.555458
1.15,6,137.578842
1.27,9,137.60783
1.42,10,137.635589
1.23,7,137.652415
-0.38,13,137.698298
-0.3,17,137.748402
1.65,13,137.798847
1.1,8,137.827441
-0.98,11,137.947863
1.24,5,137.963624
1.29,13,138.011982
1.14,7,138.03495
-0.87,5,138.051553
1.14,4,138.065647
-0.46,13,138.105064
-0.98,5,138.118168
1.98,15,138.168857
1.19,5,138.183452
-0.61,11,138.224415
-0.56,15,138.270526
1.1,11,138.307584
-0.9,6,138.326601
-0.8,10,138.3522
-0.69,10,138.387039
-0.62,9,138.417093
-0.65,12,138.453501
1.18,9,138.485023
1.18,6,138.502904
1.2,7,138.517878
1.31,10,138.550067
1.24,9,138.5762
1.26,10,138.610139
1.27,11,138.64303
-0.4,19,138.70161
1.48,12,138.749485
1.45,12,138.78216
1.19,5,138.795869
-0.73,11,138.83238
1.26,9,138.864917
-0.81,5,138.886588
1.39,7,138.908266
-0.84,11,138.950948
1.4,12,138.991615
1.19,8,139.020253
-0.54,9,139.056756
-0.73,8,139.083957
1.14,7,139.11161
1.23,7,139.134867
1.13,5,139.150702
1.25,11,139.18759
1.23,7,139.213975
1.21,9,139.243588
1.38,11,139.278362
1.54,11,139.308718
1.61,14,139.351819
1.31,10,139.377897
1.51,11,139.420856
1.25,11,139.454547
1.19,5,139.471977
1.29,6,139.490843
1.19,5,139.506045
1.24,6,139.52457
1.29,6,139.547599
1.19,5,139.562083
1.24,6,139.579559
1.48,10,139.603618
1.49,13,139.644814
-0.7,12,139.677606
-0.82,6,139.697656
-0.62,8,139.71596
-0.5,9,139.742989
1.27,8,139.768171
1.56,12,139.815873
-0.46,10,139.868681
1.21,5,139.89434
1.18,9,139.938049
-0.77,7,139.96864
-0.62,13,140.004822
1.14,4,140.021306
-0.66,14,140.076295
1.38,7,140.10065
1.23,13,140.148399
1.49,11,140.18181
-0.63,9,140.224399
1.35,10,140.260638
1.27,11,140.299024
1.11,9,140.333882
1.55,13,140.376659
1.25,10,140.409966
1.28,8,140.43466
-0.72,8,140.468674
1.24,8,140.499567
-0.8,10,140.536185
1.13,5,140.555757
1.34,9,140.589445
1.16,5,140.603387
-0.97,7,140.630618
1.29,10,140.661268
-0.75,10,140.700374
1.27,9,140.731583
1.12,6,140.75192
-0.86,7,140.839802
1.18,6,140.865236
-0.46,15,140.91781
1.18,6,140.93646
1.18,6,140.958979
1.16,5,140.976099
1.14,4,140.987379
1.29,8,141.013937
1.32,12,141.056695
-0.79,12,141.094722
-0.34,12,141.132483
-0.58,12,141.175401
-0.5,12,141.216155
-0.82,12,141.256523
-0.92,7,141.282987
1.11,7,141.304959
-0.68,10,141.34274
1.44,10,141.373909
1.36,10,141.403009
1.29,9,141.432316
-0.94,6,141.455596
-0.76,6,141.478459
1.22,8,141.502931
-0.91,7,141.528837
-0.66,13,141.567663
-0.69,14,141.613417
1.2,13,141.65333
1.14,4,141.665359
-0.45,11,141.699564
1.27,8,141.728121
-0.82,12,141.766544
1.17,7,141.78712
1.19,5,141.804656
1.2,10,141.838449
-0.6,10,141.871695
1.53,9,141.898592
-0.73,9,141.927657
1.61,10,141.963996
-0.99,6,141.982182
1.3,8,142.007404
-0.88,9,142.03564
-0.62,15,142.08322
1.67,11,142.116289
1.28,8,142.143101
1.22,8,142.166432
1.45,10,142.194219
1.41,11,142.306738
1.19,8,142.337565
-0.56,13,142.376056
-0.97,4,142.390668
1.48,12,142.425874
-0.79,9,142.456312
-0.79,9,142.4832
1.17,7,142.509311
1.23,10,142.540626
1.19,5,142.55351
1.43,12,142.59168
1.35,9,142.624766
1.13,5,142.634713
1.23,7,142.657215
-0.74,10,142.684563
-0.6,12,142.72319
1.52,15,142.767505
1.15,6,142.78441
-0.96,9,142.81651
1.13,5,142.833163
1.17,7,142.851621
1.24,8,142.876092
-0.81,8,142.902605
-0.75,10,142.937132
1.14,4,142.948981
-0.68,13,142.987503
1.39,11,143.020912
-0.6,15,143.065259
-0.64,8,143.09068
1.09,9,143.119922
1.21,9,143.144615
-0.71,8,143.167546
-0.79,9,143.194957
-0.67,11,143.224193
1.13,5,143.241609
1.19,5,143.25683
1.34,13,143.291025
1.42,10,143.324677
1.29,7,143.345124
-0.77,13,143.390931
-0.82,6,143.404068
1.13,5,143.418922
1.17,7,143.442266
1.38,8,143.468945
1.11,7,143.489066
1.13,5,143.502542
1.5,11,143.538825
1.33,8,143.566579
1.27,12,143.603828
-0.52,11,143.633236
-0.46,12,143.673272
-0.71,10,143.705528
-0.81,12,143.740362
1.14,4,143.752568
-0.49,13,143.790463
1.13,5,143.807515
1.69,14,143.847615
-0.7,7,143.873323
1.46,9,143.900536
1.28,7,143.924875
1.29,6,143.942944
1.51,11,143.979428
1.2,10,144.013137
-0.69,10,144.042384
1.19,5,144.057714
1.19,11,144.095265
-0.88,13,144.13669
1.39,10,144.171495
1.19,5,144.185795
-0.6,9,144.216362
1.16,5,144.234087
1.28,9,144.262896
1.32,10,144.291707
1.19,5,144.309029
1.4,11,144.340897
1.23,7,144.362696
1.13,5,144.378694
1.22,8,144.399213
1.38,9,144.427778
-0.89,8,144.453642
1.33,8,144.478371
1.33,8,144.505256
-0.64,8,144.526485
1.37,11,144.54977
1.16,5,144.567222
1.62,12,144.607498
1.76,12,144.647015
1.27,8,144.67786
1.19,7,144.698859
1.36,7,144.724045
1.43,16,144.770963
1.3,9,144.795598
-0.59,11,144.832602
1.27,8,144.85335
1.23,9,144.876312
1.28,7,144.900398
1.3,9,144.927643
1.27,8,144.95409
-0.35,14,144.994495
1.17,7,145.021631
-0.87,11,145.052273
1.31,10,145.082883
1.22,8,145.109837
1.49,12,145.143493
-0.82,8,145.164567
1.14,7,145.188154
1.28,8,145.215005
1.46,12,145.250543
1.15,6,145.26269
1.39,11,145.297792
1.44,11,145.34851
1.19,5,145.368843
1.2,7,145.393788
-0.75,9,145.427137
1.23,7,145.449038
1.49,11,145.481673
1.4,9,145.519987
-0.72,11,145.561133
1.21,5,145.580347
-0.62,11,145.627016
1.29,9,145.669417
-0.54,8,145.703158
-0.88,7,145.723299
-0.78,11,145.759771
-0.73,10,145.791986
1.21,9,145.822546
1.4,9,145.847554
1.41,11,145.880553
1.43,9,145.909889
-0.65,9,145.942592
1.34,7,145.969172
1.28,7,146.064065
1.18,6,146.080164
1.44,8,146.187326
1.43,12,146.22828
-0.3,18,146.288855
-0.73,8,146.31463
1.37,9,146.345582
-0.71,6,146.370071
1.13,5,146.386855
1.18,6,146.404518
1.34,7,146.427027
1.34,7,146.448719
-0.68,12,146.490797
1.27,8,146.512513
1.14,4,146.525642
1.27,8,146.553833
1.12,7,146.576575
-0.81,8,146.599318
1.43,10,146.63007
1.24,11,146.67228
-0.88,7,146.697431
-0.88,7,146.722663
1.24,6,146.743995
-0.89,10,146.777252
-0.76,9,146.810621
-0.68,9,146.832212
1.14,4,146.844804
-0.65,10,146.875726
-0.84,11,146.909044
1.18,6,146.927721
1.41,10,146.960726
1.35,9,146.990044
1.16,8,147.01638
1.14,4,147.02679
1.19,5,147.043835
1.16,8,147.070101
-0.33,13,147.106057
1.18,6,147.122033
1.19,5,147.140532
1.37,9,147.169548
-0.91,4,147.184293
1.22,7,147.207435
1.15,5,147.221658
1.8,16,147.272348
1.17,7,147.293349
1.36,7,147.312626
1.23,7,147.336495
1.28,7,147.357478
-0.83,7,147.382251
1.26,6,147.39619
1.3,11,147.431458
1.29,6,147.447914
-0.91,6,147.467115
1.27,9,147.494514
1.13,5,147.509706
1.39,12,147.544815
-0.95,11,147.585001
-0.62,11,147.621722
1.36,7,147.644851
-0.83,10,147.673119
1.24,6,147.703017
1.19,5,147.720073
1.13,8,147.749619
1.24,6,147.770795
-0.66,13,147.8166
1.37,9,147.843402
1.29,8,147.871182
-0.73,9,147.897989
1.46,11,147.933085
-0.4,11,147.969115
1.1,8,147.992417
-0.38,13,148.034525
1.33,15,148.084317
-0.74,12,148.125515
-0.59,9,148.15159
1.19,5,148.167156
1.13,5,148.182307
1.38,10,148.213454
-0.83,10,148.242611
-0.72,12,148.281644
1.37,11,148.315295
-0.71,9,148.338861
1.23,7,148.362278
1.36,11,148.39573
-0.59,12,148.439421
1.18,6,148.458789
-0.77,12,148.498376
1.19,5,148.516949
1.23,7,148.538311
1.35,8,148.561988
-0.98,5,148.581929
-0.99,6,148.599015
1.35,11,148.642861
1.39,11,148.685629
1.22,8,148.710119
1.18,6,148.728402
1.13,5,148.744372
-0.66,7,148.768873
1.25,8,148.796511
1.44,11,148.83637
1.19,5,148.854563
1.72,13,148.903051
1.18,6,148.928197
1.14,11,148.975851
1.16,5,148.994003
-0.62,13,149.029956
1.18,6,149.051922
-0.05,18,149.109645
1.26,11,149.152547
1.13,8,149.174397
1.37,14,149.220395
1.16,12,149.258012
-0.78,10,149.300121
-0.67,9,149.331537
-0.6,10,149.363662
-0.64,10,149.393203
1.31,10,149.43575
1.19,5,149.449715
1.19,5,149.465841
-0.95,8,149.490244
1.28,7,149.51785
-0.74,10,149.544209
1.38,12,149.585165
1.4,10,149.620348
1.29,6,149.642136
1.45,9,149.67599
1.48,9,149.707841
1.19,5,149.723664
1.28,8,149.750015
1.39,13,149.791047
1.14,4,149.802912
1.14,4,149.816734
1.29,7,149.839378
-0.47,13,149.875319
-0.97,4,149.888925
1.18,6,149.910363
1.15,5,149.926281
1.2,7,149.952199
-0.84,8,149.977086
-0.58,13,150.013981
-0.73,9,150.044868
-0.91,10,150.084463
1.58,14,150.13208
1.37,13,150.172972
1.41,8,150.1981
1.29,10,150.225986
-0.5,12,150.332415
-0.82,7,150.35362
1.28,7,150.37808
1.15,6,150.392168
1.14,4,150.403482
-0.68,13,150.498608
1.17,7,150.525586
1.11,7,150.549277
-0.38,12,150.581634
-0.66,11,150.612911
1.14,4,150.62697
1.12,6,150.642167
1.21,5,150.654757
-0.88,6,150.675857
-0.82,12,150.71516
-0.79,9,150.741146
1.55,13,150.78448
1.25,8,150.807003
-0.42,11,150.839581
1.54,11,150.871356
1.19,5,150.88543
1.36,14,150.930901
1.52,12,150.975698
1.27,8,151.00158
1.45,15,151.043804
1.13,8,151.072423
-0.47,12,151.107744
1.51,10,151.139514
1.39,10,151.168644
1.65,13,151.218775
1.53,14,151.267637
1.23,7,151.290355
1.17,7,151.318756
1.16,8,151.343085
1.28,10,151.370041
-0.88,7,151.389968
1.37,9,151.416427
1.16,5,151.431375
-0.88,6,151.451674
-0.68,9,151.478592
1.32,10,151.508125
-0.78,8,151.533938
1.33,8,151.556239
-0.56,14,151.595116
1.17,8,151.61653
1.28,7,151.638213
-0.97,4,151.654233
1.14,4,151.665008
1.35,9,151.692949
-0.91,10,151.732063
1.34,9,151.759874
1.86,16,151.810802
1.49,11,151.849972
1.28,8,151.875452
1.35,12,151.908936
1.25,8,151.933413
1.14,4,151.94534
1.26,10,151.981398
1.36,11,152.022889
1.38,8,152.051308
1.26,10,152.084167
1.24,8,152.111952
-0.82,9,152.155973
-0.86,10,152.188382
1.26,9,152.220701
1.28,7,152.245231
-0.82,6,152.265464
1.18,6,152.281749
1.13,5,152.29513
1.19,8,152.322543
-0.91,9,152.355422
1.13,5,152.372191
1.13,5,152.387185
1.21,10,152.428826
-0.68,9,152.464631
1.15,5,152.477996
1.23,9,152.508644
1.19,5,152.525422
-0.6,11,152.568131
1.27,8,152.593426
1.17,7,152.617787
-0.77,10,152.654995
-0.87,8,152.684332
1.44,11,152.72641
1.29,9,152.770825
-0.47,14,152.816478
1.41,9,152.845758
-0.83,7,152.865156
1.19,11,152.902205
-0.69,14,152.946152
-0.81,8,152.981395
1.31,6,153.083198
1.54,9,153.124861
-0.86,7,153.155404
-0.53,11,153.18935
1.26,7,153.209997
1.29,7,153.235267
1.17,9,153.265523
1.42,10,153.309527
-0.85,7,153.348842
1.19,5,153.372534
1.23,9,153.417282
1.18,6,153.454014
1.29,11,153.5208
1.22,8,153.571828
1.26,8,153.61804
1.14,4,153.644137
1.4,12,153.684056
1.29,6,153.704086
-0.78,8,153.730229
1.13,5,153.752688
-0.79,9,153.790952
1.19,5,153.812298
1.33,9,153.83919
1.17,7,153.8633
1.16,5,153.878214
-0.65,15,153.928246
-0.76,6,153.948218
-0.83,7,153.969989
1.19,5,153.987976
-1.04,8,154.021218
-0.52,11,154.067826
1.28,7,154.118465
1.33,10,154.167972
1.46,8,154.204901
1.17,7,154.241198
1.21,9,154.274244
-0.75,10,154.30987
1.23,7,154.324765
1.2,10,154.356759
1.13,5,154.373604
1.38,10,154.405266
1.44,9,154.435171
1.14,4,154.448846
1.23,7,154.472625
-0.62,12,154.514215
1.45,10,154.547
1.61,14,154.598778
1.14,10,154.632049
-0.66,9,154.664348
-0.93,6,154.684027
1.44,13,154.7221
1.22,8,154.752413
1.28,11,154.785707
1.14,4,154.79856
1.3,9,154.824652
1.3,11,154.866445
-0.41,14,154.907743
1.15,9,154.933017
1.34,11,154.965129
-0.86,8,155.059583
1.22,8,155.087208
1.22,8,155.110493
-0.49,12,155.14992
1.56,13,155.196568
-0.72,10,155.227411
1.17,7,155.248595
1.14,4,155.260877
-0.6,9,155.287446
-0.58,14,155.334843
1.24,6,155.352896
1.77,14,155.402862
-0.8,10,155.433031
-0.83,11,155.467512
1.47,11,155.502458
1.13,5,155.51962
-0.54,8,155.549413
1.47,13,155.592215
1.36,13,155.637996
1.14,4,155.651163
1.44,12,155.689839
1.45,14,155.735759
-0.67,11,155.77854
1.29,6,155.795957
-0.68,10,155.830406
1.24,6,155.844551
1.23,7,155.867624
1.21,9,155.894497
1.28,9,155.924123
1.45,9,155.960251
-0.66,11,155.991519
1.37,9,156.020473
-0.76,11,156.057279
1.47,13,156.103033
-0.89,8,156.126401
-0.7,12,156.235196
1.38,8,156.257978
1.33,8,156.283298
1.16,8,156.312469
1.38,9,156.344055
1.19,5,156.361548
1.38,11,156.394467
-0.76,6,156.412132
-0.78,14,156.46187
-0.7,15,156.504161
1.31,7,156.521525
-0.64,12,156.560367
1.18,6,156.580498
1.28,8,156.615712
1.31,13,156.65742
1.29,6,156.68069
1.14,4,156.694173
1.28,7,156.715197
1.09,10,156.747436
1.19,5,156.758976
1.19,5,156.773275
-0.26,17,156.81923
1.19,5,156.83549
1.42,13,156.877591
1.27,8,156.903067
1.14,4,156.974535
1.14,4,156.996011
1.38,9,157.033208
1.24,6,157.060534
-0.83,7,157.089045
1.19,5,157.10831
1.11,8,157.139251
1.44,12,157.184084
-0.67,11,157.229698
1.12,6,157.250181
1.23,7,157.281274
1.23,7,157.31086
1.33,8,157.349883
1.17,10,157.389101
-0.62,9,157.421755
1.19,6,157.440331
1.13,5,157.459707
-0.97,4,157.473723
1.39,12,157.506674
-0.93,6,157.529196
1.24,6,157.546107
-0.98,5,157.559326
1.46,10,157.588518
1.25,7,157.61014
1.43,11,157.642975
1.49,11,157.676009
-0.85,9,157.717097
1.14,4,157.732672
1.23,7,157.76225
1.14,4,157.776309
1.14,4,157.78814
-0.52,10,157.828081
1.4,11,157.858179
1.31,7,157.882663
1.32,9,157.913614
1.32,9,157.945064
1.26,9,157.980059
1.16,8,158.017215
1.45,11,158.068247
1.14,4,158.082497
-0.87,9,158.114968
1.36,8,158.139101
1.59,15,158.18415
1.14,4,158.19695
1.34,9,158.231301
1.19,5,158.244323
1.58,9,158.275521
-0.59,12,158.314027
-0.67,10,158.350584
-0.45,11,158.388417
-0.48,15,158.435882
1.29,6,158.454776
1.35,12,158.498203
1.28,7,158.520119
1.16,8,158.548191
1.43,12,158.588656
1.19,8,158.617258
-0.91,7,158.63583
1.19,5,158.652284
1.37,13,158.692023
1.18,8,158.722215
1.32,12,158.768585
1.11,7,158.796861
-0.62,12,158.83921
1.45,10,158.873778
1.14,4,158.883943
1.41,11,158.918505
1.14,4,158.928955
-0.76,9,158.958644
1.14,4,158.971499
1.12,6,158.988526
1.27,9,159.013436
1.38,11,159.051102
1.22,7,159.071904
-0.68,9,159.099684
1.35,14,159.131897
1.14,4,159.145973
1.22,8,159.166386
1.39,10,159.201643
1.2,6,159.216844
-0.43,12,159.26278
-0.77,7,159.285579
1.28,7,159.314486
-0.88,6,159.335308
-0.77,7,159.364531
-0.79,11,159.399515
1.36,13,159.525748
1.38,9,159.54847
1.19,5,159.563459
1.39,11,159.592199
-0.91,4,159.601259
1.61,10,159.634079
1.13,5,159.651037
1.41,8,159.671939
1.26,9,159.696412
1.4,9,159.718443
1.14,4,159.734645
1.18,6,159.756423
1.41,8,159.782302
1.39,8,159.807827
1.13,5,159.826834
1.51,13,159.868424
1.24,9,159.897574
-0.61,11,159.932505
-0.66,7,159.958281
1.12,6,159.978398
-0.48,15,160.023348
1.19,5,160.041752
1.18,6,160.060978
-0.3,16,160.107228
-0.84,8,160.132216
1.16,8,160.158155
1.29,6,160.178571
1.19,5,160.194946
-0.71,11,160.22906
1.36,8,160.256346
1.12,6,160.276165
1.18,10,160.31366
1.33,14,160.357903
1.24,8,160.381187
1.22,8,160.406574
1.12,6,160.428957
1.31,10,160.458501
1.46,10,160.494115
1.12,6,160.51562
1.14,4,160.533421
1.4,8,160.561114
1.18,6,160.580099
1.34,12,160.61779
1.23,7,160.633598
-0.27,16,160.685819
-0.64,10,160.719553
1.43,9,160.748853
1.04,9,160.780469
-0.69,11,160.811637
-0.7,8,160.83356
1.34,7,160.857744
-0.73,10,160.886612
1.12,6,160.908108
1.19,5,160.923325
1.13,5,160.939462
-0.61,14,160.982616
1.16,5,160.998542
1.18,6,161.020957
1.21,9,161.054621
1.18,8,161.077933
-0.83,7,161.101805
1.12,7,161.123678
1.24,6,161.152609
-0.8,13,161.198582
-0.55,13,161.244713
1.33,9,161.280827
1.18,6,161.302072
-0.87,5,161.322333
1.33,8,161.347378
-0.66,8,161.374634
1.13,5,161.396787
1.52,10,161.429455
1.29,6,161.449858
-0.92,8,161.477699
-0.84,8,161.508324
1.21,6,161.526517
1.19,5,161.54458
1.25,8,161.572565
-0.86,5,161.59631
1.33,8,161.624272
1.36,7,161.645493
1.61,10,161.684206
1.33,10,161.717579
1.16,8,161.743845
-0.75,10,161.782821
1.37,12,161.823978
-0.69,10,161.8587
1.36,10,161.890187
1.39,11,161.927553
1.11,7,161.945987
1.21,9,161.979763
1.36,12,162.016393
1.16,8,162.0429
-0.75,17,162.092867
1.4,9,162.125428
1.29,6,162.147085
-0.63,13,162.18825
1.14,4,162.204025
-0.61,13,162.25116
1.52,10,162.354305
1.24,12,162.407772
1.46,15,162.458819
1.39,11,162.498516
1.19,11,162.535481
1.3,7,162.559425
1.31,11,162.597434
1.62,18,162.665328
1.3,7,162.692145
1.16,8,162.727137
1.23,9,162.758124
1.41,14,162.79873
1.39,14,162.843943
1.12,6,162.859615
1.19,5,162.878364
-0.76,12,162.916403
1.35,8,162.943346
1.19,5,162.95858
1.14,4,162.970726
1.32,8,162.996804
1.14,4,163.009262
1.35,12,163.048496
1.24,10,163.088709
1.16,5,163.114494
1.36,10,163.148205
1.14,4,163.160918
1.23,7,163.183172
-0.77,10,163.212799
1.16,8,163.239858
1.29,6,163.259143
-0.76,6,163.277694
1.43,11,163.32943
1.41,12,163.381179
1.18,6,163.411116
-0.61,8,163.445869
-0.8,10,163.480423
1.36,10,163.512648
1.19,5,163.527932
1.24,9,163.558842
-0.84,8,163.596124
1.17,7,163.6187
1.35,9,163.646064
1.32,12,163.687456
1.57,14,163.733507
1.14,4,163.746144
1.22,8,163.77556
1.13,5,163.798743
1.14,4,163.813674
1.2,10,163.903872
1.22,7,163.946622
1.18,6,163.967917
1.12,6,163.987677
1.13,5,164.0035
1.34,9,164.035479
1.13,5,164.050042
-0.65,14,164.09798
1.13,6,164.124733
1.23,6,164.142433
1.69,14,164.191065
1.64,15,164.241925
-0.81,10,164.274747
1.27,8,164.297182
1.19,5,164.312552
1.3,8,164.345132
1.24,8,164.370035
-0.91,16,164.421059
1.17,7,164.444994
1.43,9,164.47923
-0.51,13,164.528704
1.23,7,164.549986
-0.72,7,164.577306
1.22,10,164.622709
1.13,5,164.640215
1.14,4,164.653057
-0.96,6,164.669783
-0.3,18,164.729408
1.43,8,164.756968
-0.62,11,164.802125
-0.48,12,164.852368
1.49,12,164.893389
1.29,8,164.914713
1.13,5,164.932021
-0.69,8,164.958937
1.24,6,164.979892
1.35,8,165.006974
1.19,5,165.023668
1.43,8,165.049872
1.14,4,165.064423
1.19,5,165.079772
1.6,11,165.114415
-0.69,11,165.147952
-0.62,13,165.192894
-0.72,13,165.238909
1.18,6,165.257766
-0.86,8,165.287498
1.46,14,165.343498
1.58,10,165.375128
1.15,9,165.408272
1.41,8,165.437962
-0.67,8,165.474348
-0.61,12,165.509001
-0.78,11,165.543323
1.36,9,165.580106
-0.51,11,165.621593
-0.83,7,165.642653
1.26,9,165.67406
1.6,16,165.728495
1.37,9,165.771625
1.13,5,165.788685
1.24,6,165.809778
1.26,7,165.837005
1.13,5,165.856867
1.34,9,165.892261
1.18,6,165.909654
-0.98,5,165.927049
-1.02,6,165.954602
1.18,6,165.973691
1.12,6,165.994267
1.29,9,166.020967
1.38,14,166.073144
1.14,4,166.086636
-0.52,13,166.120976
1.13,5,166.134659
1.22,7,166.158695
1.32,9,166.189051
-0.92,5,166.204961
-0.61,11,166.245585
1.13,5,166.274287
-0.95,16,166.341425
-0.52,10,166.38291
1.39,8,166.408818
-0.6,11,166.452199
-0.91,7,166.470012
1.21,6,166.49044
1.32,9,166.519677
1.18,6,166.541253
1.28,8,166.565821
1.28,10,166.595993
1.23,7,166.62448
-0.67,11,166.662391
1.19,5,166.684022
1.43,9,166.710367
1.41,12,166.751348
1.12,6,166.776171
1.13,5,166.791834
1.14,4,166.80772
-0.92,7,166.834159
1.12,6,166.855742
1.34,7,166.891666
1.14,4,166.910295
1.19,5,166.927156
1.13,5,166.943213
1.4,11,166.981266
1.13,8,167.006028
1.41,12,167.044538
1.19,5,167.060577
1.4,9,167.097793
-0.69,11,167.140465
1.19,5,167.225048
1.22,8,167.265389
-0.78,11,167.293688
-0.94,7,167.314163
1.45,11,167.354373
1.19,8,167.386237
1.49,12,167.437876
1.45,13,167.486246
1.14,4,167.500141
-0.66,9,167.534414
1.22,8,167.568692
-0.85,12,167.608668
1.29,6,167.628096
1.28,7,167.654915
-0.76,12,167.693227
-0.72,8,167.719349
1.19,5,167.740281
1.23,7,167.76859
1.19,5,167.784562
-0.49,14,167.825043
1.19,5,167.842989
1.58,11,167.88054
1.34,9,167.91053
1.12,6,167.927157
1.34,8,167.955346
1.29,6,167.978544
-0.73,11,168.015779
1.14,4,168.029718
1.21,10,168.064
1.52,12,168.102978
1.34,12,168.14255
-0.65,12,168.180483
1.18,8,168.206292
1.19,8,168.232998
1.14,4,168.251296
1.2,10,168.294486
-0.85,10,168.343507
-0.89,8,168.395145
-0.92,5,168.421396
1.56,11,168.477907
-0.64,12,168.529145
1.27,9,168.569159
1.13,5,168.585283
1.31,8,168.610418
1.31,8,168.639631
1.17,7,168.75187
1.13,5,168.767355
1.44,9,168.802274
1.51,11,168.836847
1.2,7,168.866425
1.35,10,168.901603
1.18,6,168.923392
1.18,6,168.9467
1.31,8,168.974476
1.12,6,168.990528
-0.44,13,169.032235
-0.93,11,169.069949
-0.67,11,169.108918
1.12,6,169.128314
1.45,10,169.16675
1.3,8,169.193961
1.17,7,169.220323
1.35,9,169.246514
-0.85,10,169.280729
1.17,7,169.307066
1.44,8,169.337992
1.19,5,169.354408
1.14,4,169.367262
1.58,11,169.403935
1.12,6,169.42971
1.33,8,169.456137
1.11,11,169.489627
1.14,4,169.5023
-0.67,13,169.548181
1.28,11,169.5844
-0.86,11,169.61816
1.13,5,169.632999
-0.65,10,169.671911
1.4,9,169.701448
-0.56,12,169.738961
-0.83,7,169.764006
1.2,9,169.791628
1.27,9,169.821221
1.16,5,169.837727
1.39,7,169.8564
1.17,7,169.882607
1.36,8,169.909979
-0.84,8,169.937907
1.17,7,169.958489
-0.73,11,170.0022
1.43,10,170.034799
1.24,10,170.069035
-0.75,12,170.107809
1.33,8,170.138376
1.14,7,170.158995
1.17,7,170.18277
1.65,12,170.22324
1.13,5,170.241563
1.28,7,170.263225
-0.77,10,170.300456
-0.29,12,170.334826
1.43,9,170.36454
1.78,13,170.404746
1.19,5,170.419701
1.35,10,170.452276
1.17,7,170.478022
1.26,10,170.507891
1.23,10,170.538405
1.3,8,170.560731
1.27,8,170.587295
1.28,7,170.606938
1.14,4,170.618825
1.4,9,170.645205
1.16,5,170.659147
-0.65,10,170.690444
1.19,5,170.708423
1.24,8,170.733673
1.29,6,170.754167
1.39,8,170.777855
-0.78,8,170.810187
1.28,9,170.84792
1.18,6,170.872688
-0.88,7,170.894713
1.37,13,170.931464
1.46,15,170.981869
1.18,6,171.001387
1.28,8,171.030132
-0.69,8,171.0563
1.18,6,171.148199
-0.79,11,171.185364
1.19,7,171.211627
1.43,12,171.247983
1.26,10,171.285133
1.19,5,171.302398
1.4,10,171.335097
-0.6,9,171.368261
1.32,9,171.393773
-0.76,9,171.422914
1.39,11,171.457374
1.14,4,171.470579
-0.68,12,171.507123
1.19,5,171.531256
1.28,7,171.559834
1.19,5,171.575615
-0.62,8,171.600547
-0.71,10,171.638978
1.49,12,171.682136
1.14,4,171.696149
1.34,7,171.716043
1.33,8,171.744303
1.17,7,171.767651
1.24,6,171.787274
1.38,8,171.815792
1.18,6,171.83636
-0.59,12,171.872806
1.31,7,171.893142
1.21,6,171.911672
-0.97,4,171.933195
1.19,5,171.96376
-0.78,10,172.009971
-0.64,11,172.073159
1.31,8,172.110095
-0.74,6,172.130896
1.27,8,172.16233
1.14,4,172.176456
1.22,7,172.205056
1.19,5,172.223095
1.14,4,172.236758
1.13,5,172.256828
1.69,14,172.309819
1.54,9,172.333967
1.67,13,172.371384
1.19,5,172.385218
-0.59,13,172.422763
-0.95,8,172.451536
-0.56,11,172.493133
1.33,8,172.518943
1.34,7,172.549697
1.26,6,172.569976
1.39,8,172.601533
1.58,12,172.650988
1.14,10,172.696423
-0.63,11,172.742484
1.26,10,172.784129
1.28,7,172.813897
1.61,9,172.854851
1.51,11,172.900683
-0.71,11,172.944277
1.34,9,172.983454
1.13,5,173.000734
1.28,7,173.022629
-0.8,10,173.055691
1.2,11,173.090555
1.28,9,173.118859
1.48,11,173.160577
1.22,10,173.188053
1.13,5,173.203224
1.22,11,173.241875
-0.64,8,173.269154
1.11,7,173.29463
-0.61,13,173.33514
1.43,10,173.37316
1.12,6,173.391199
-0.81,12,173.432444
-0.79,9,173.466667
1.14,4,173.482468
-0.99,12,173.52463
-0.83,7,173.54619
-0.63,11,173.585527
1.11,7,173.681556
1.19,10,173.726794
1.51,10,173.755824
1.19,5,173.773904
1.3,8,173.806407
1.18,6,173.828511
-0.63,11,173.859941
1.25,11,173.892115
1.24,6,173.916385
1.53,11,173.948349
1.33,8,173.971554
1.29,6,173.993457
1.29,6,174.01459
1.12,6,174.035515
-0.76,12,174.0705
-0.72,8,174.099117
1.29,6,174.118894
1.4,9,174.155312
1.26,6,174.172372
-0.36,16,174.226531
1.29,7,174.253141
1.33,8,174.282159
1.34,7,174.309487
1.19,5,174.323914
1.23,7,174.352931
1.26,7,174.374503
1.42,11,174.410618
1.33,8,174.436582
1.46,15,174.498403
1.37,11,174.539684
1.29,9,174.579475
1.56,13,174.638673
1.47,11,174.688171
1.24,6,174.706723
1.15,9,174.738138
1.15,6,174.755307
1.1,8,174.786349
1.18,6,174.810972
1.18,6,174.829594
1.12,8,174.857079
1.34,7,174.888581
1.27,9,174.921143
-0.49,13,174.978959
1.12,6,175.005356
1.27,8,175.041294
1.31,11,175.087815
-0.73,9,175.120093
1.18,6,175.142928
1.19,5,175.166946
1.29,6,175.188093
1.12,6,175.212042
1.34,9,175.246996
1.14,4,175.26651
-0.7,12,175.305841
-0.82,9,175.349739
-0.98,5,175.373953
-0.73,9,175.435191
1.29,10,175.475772
1.27,9,175.511385
1.13,5,175.542861
-0.84,8,175.583336
1.13,5,175.601214
1.14,4,175.616087
1.38,12,175.669831
1.44,11,175.718936
1.16,5,175.735924
1.24,8,175.770193
-0.73,9,175.802064
1.36,7,175.841906
1.38,9,175.881679
1.13,5,175.902438
1.18,6,175.923842
1.19,5,175.949055
1.39,7,175.980917
1.44,11,176.020239
1.29,6,176.043399
1.46,12,176.104746
-1.03,10,176.163537
-0.82,7,176.197231
1.19,5,176.225236
1.14,4,176.246261
1.19,5,176.26961
1.14,4,176.299248
1.16,5,176.32211
1.28,10,176.370258
1.28,8,176.412
1.46,12,176.463856
-0.74,10,176.501284
-0.72,10,176.549296
1.12,6,176.569651
1.69,14,176.629827
1.14,4,176.646106
1.19,5,176.668611
1.28,7,176.700034
1.19,8,176.730915
1.31,10,176.767392
1.13,5,176.792194
1.26,11,176.836092
1.34,7,176.870011
1.23,7,176.900201
1.47,10,176.935025
-0.58,14,176.987218
-0.69,11,177.017241
1.13,5,177.035567
1.19,5,177.052666
1.19,5,177.068195
-0.75,8,177.09501
1.28,7,177.117741
1.24,6,177.136299
1.19,5,177.154329
1.16,8,177.180103
1.23,13,177.225471
-0.89,9,177.265046
1.18,6,177.284343
1.26,9,177.318804
1.5,9,177.354863
1.25,10,177.399272
1.17,7,177.41715
1.27,8,177.443391
1.14,4,177.458192
1.73,14,177.506104
1.13,5,177.52009
1.32,9,177.54563
1.14,4,177.558144
1.21,9,177.593206
1.51,9,177.621911
1.14,7,177.645813
1.13,5,177.662617
1.19,5,177.681535
1.38,9,177.710183
1.39,11,177.746936
1.36,9,177.780065
1.13,5,177.808808
1.34,7,177.834729
1.19,5,177.852778
-0.83,10,177.881758
1.16,8,177.910907
1.5,11,177.946928
1.13,5,177.961006
1.38,9,177.987917
1.15,9,178.027993
-0.52,13,178.080287
1.52,11,178.207531
1.3,8,178.299314
1.32,9,178.331276
1.31,8,178.362082
1.24,6,178.381683
1.34,9,178.427201
1.23,9,178.475464
-0.83,7,178.505152
1.28,7,178.528199
1.33,8,178.558331
-0.81,5,178.592695
1.39,11,178.643625
-0.9,9,178.686235
1.38,9,178.720469
1.27,8,178.748598
1.49,11,178.797327
-1.03,4,178.811613
-0.78,8,178.839505
1.6,11,178.876895
-0.56,12,178.914422
1.13,5,178.93223
1.14,10,178.96539
1.37,8,178.994682
1.16,8,179.023741
1.24,6,179.04413
1.19,5,179.06112
1.11,7,179.099955
1.37,9,179.129159
-0.66,12,179.168829
1.29,10,179.202994
1.23,9,179.240094
1.28,7,179.260083
1.23,7,179.28435
1.64,11,179.324668
1.36,8,179.355562
1.19,5,179.371592
-0.71,12,179.413289
1.31,11,179.446294
1.1,8,179.471191
1.14,4,179.482596
1.21,9,179.51267
-0.63,10,179.54559
1.24,8,179.57407
-0.87,11,179.604091
-0.87,6,179.627383
1.37,10,179.659273
1.34,10,179.700262
1.11,7,179.728049
1.13,5,179.743684
-0.44,10,179.778406
-1.04,5,179.809188
1.38,8,179.842543
1.47,11,179.885694
1.39,8,179.918734
1.34,7,179.948759
-0.51,14,180.000395
1.31,6,180.030497
1.39,8,180.073909
1.38,10,180.122397
-0.76,6,180.143035
1.28,8,180.173575
1.5,13,180.2313
1.39,8,180.266757
1.18,6,180.296619
1.19,5,180.314724
1.46,12,180.362022
1.29,9,180.39513
1.19,5,180.413689
1.38,10,180.461168
1.19,5,180.490515
1.28,7,180.529464
-0.4,15,180.603374
1.42,11,180.64424
1.34,7,180.671525
1.21,9,180.713473
1.18,6,180.736104
1.19,5,180.752616
1.39,11,180.798972
1.51,14,180.853105
1.13,5,180.873595
1.07,9,180.904891
1.28,8,180.934896
1.12,6,180.963945
-0.77,7,180.998572
-0.65,12,181.044811
1.25,7,181.083113
-0.83,7,181.114271
1.26,10,181.148427
1.67,12,181.188408
1.23,7,181.212792
1.28,7,181.241616
-0.98,5,181.258095
1.44,11,181.296012
1.41,11,181.333374
1.47,12,181.378357
1.19,5,181.392862
1.28,13,181.43358
1.11,7,181.454496
1.29,6,181.475342
-0.76,12,181.514911
-0.75,12,181.552486
1.16,5,181.568005
-0.66,13,181.610735
1.14,4,181.623369
1.18,6,181.639651
1.11,7,181.662034
1.31,7,181.693859
1.14,4,181.711189
1.39,12,181.749536
1.28,8,181.776851
1.16,5,181.79396
-0.96,12,181.832254
1.34,9,181.857412
1.3,8,181.880571
1.24,6,181.907304
1.34,8,181.934801
1.25,8,181.960844
-0.73,10,181.994395
1.25,10,182.033957
1.34,7,182.057701
1.19,7,182.076172
1.27,9,182.106791
1.18,6,182.125654
1.16,4,182.139996
1.19,5,182.155759
1.26,6,182.178047
-0.61,11,182.213094
1.19,5,182.227148
-0.66,10,182.268468
1.17,7,182.302676
1.19,5,182.328776
1.17,7,182.364463
-0.35,12,182.419986
1.29,6,182.446111
1.29,7,182.478792
1.48,13,182.527925
1.29,10,182.559337
-0.74,12,182.602552
1.18,6,182.627019
1.2,7,182.647522
-0.87,5,182.826904
1.28,7,182.846742
1.12,6,182.870837
1.14,4,182.883849
1.18,6,182.902729
1.34,7,182.927835
1.25,10,182.968088
1.14,4,182.980833
1.13,5,182.996837
1.14,4,183.0106
1.23,7,183.032712
1.25,9,183.065026
1.24,9,183.094801
1.58,11,183.132737
1.19,5,183.151248
1.14,4,183.163527
1.18,7,183.191679
1.38,12,183.227877
-0.37,12,183.266271
1.2,6,183.285296
1.17,7,183.308398
1.5,9,183.338018
1.41,11,183.375808
1.46,8,183.403987
1.43,9,183.436244
1.08,10,183.468254
1.26,10,183.501709
-0.76,9,183.531179
1.29,6,183.548837
1.27,9,183.574953
1.31,10,183.612959
1.31,7,183.637031
1.36,7,183.657452
1.4,11,183.698126
-0.58,11,183.737925
1.19,8,183.763708
1.58,12,183.805517
1.5,10,183.838511
-0.68,9,183.885907
1.14,4,183.906037
1.32,11,183.940842
1.24,6,183.962934
1.36,11,184.004544
1.14,4,184.018082
1.14,4,184.028954
1.2,7,184.050392
-0.44,16,184.104103
1.17,7,184.128498
1.19,5,184.146359
-0.66,10,184.18387
1.27,7,184.209691
-0.55,11,184.244059
1.33,8,184.266956
1.29,6,184.287745
1.17,7,184.312359
1.24,6,184.328746
1.3,9,184.359033
1.18,9,184.394042
-1.0,7,184.417093
1.13,5,184.43399
1.35,9,184.464401
1.19,5,184.479934
1.16,8,184.508463
1.41,8,184.529177
1.4,10,184.563063
1.14,4,184.575702
1.43,9,184.604599
1.38,9,184.629834
1.51,11,184.665525
1.38,9,184.694985
-0.72,13,184.731284
1.28,7,184.756059
1.39,8,184.777457
1.19,5,184.792072
1.19,5,184.810626
1.18,6,184.825182
1.33,8,184.852783
1.27,8,184.875528
1.14,4,184.891793
1.19,5,184.910142
1.27,8,184.937126
1.18,6,184.956372
1.28,8,184.988677
1.14,4,185.001409
1.42,9,185.029957
1.18,6,185.051719
1.14,4,185.065486
1.24,6,185.083517
1.29,7,185.105293
-0.63,10,185.134132
1.28,7,185.157427
1.29,13,185.199247
-0.84,8,185.225976
1.14,4,185.238338
1.14,4,185.253286
-0.4,11,185.288488
1.14,4,185.30115
1.19,5,185.31682
1.49,9,185.348868
1.42,11,185.385453
1.22,8,185.411944
1.47,13,185.458477
1.24,5,185.475955
1.35,8,185.502372
1.23,7,185.526115
1.24,6,185.543601
1.14,4,185.560421
-0.81,15,185.625142
1.6,11,185.660316
1.41,12,185.698001
1.54,10,185.72851
1.18,6,185.745976
1.19,5,185.758952
1.14,4,185.773022
1.27,9,185.801738
-0.44,12,185.837439
-0.6,9,185.865702
-0.66,7,185.889432
1.29,9,185.924248
1.3,11,185.959727
1.16,5,185.974552
1.34,7,185.996435
1.14,4,186.011425
-0.74,10,186.041921
1.43,9,186.06981
1.16,5,186.084995
1.13,5,186.101996
1.23,7,186.124814
1.18,6,186.147071
1.42,10,186.178594
1.13,5,186.19956
1.13,5,186.217683
1.19,5,186.233562
-0.95,8,186.260338
1.14,4,186.274345
1.14,4,186.288742
1.21,6,186.308352
1.33,10,186.343326
1.24,8,186.373676
1.19,5,186.390985
1.39,9,186.422796
-0.62,12,186.45563
1.17,7,186.481109
1.39,9,186.509759
1.14,4,186.522858
-0.93,6,186.54514
-0.77,9,186.576659
1.35,9,186.60576
1.19,5,186.623359
1.29,7,186.64387
-0.65,10,186.722843
-0.8,13,186.813435
-0.78,14,186.860053
1.28,8,186.886854
1.26,7,186.912116
1.28,8,186.938388
1.18,12,186.976154
1.35,8,187.006891
1.16,8,187.04057
1.28,8,187.073119
1.17,7,187.101862
-0.87,5,187.119554
1.14,4,187.136093
1.18,6,187.158975
1.44,11,187.197422
1.23,9,187.222725
1.31,9,187.256327
1.14,4,187.270845
1.3,8,187.298288
-0.55,12,187.333899
1.29,7,187.359973
1.5,11,187.401827
1.23,7,187.425366
1.11,7,187.455098
1.29,6,187.484287
1.19,5,187.50383
1.12,6,187.530821
1.14,4,187.545874
1.36,9,187.583234
1.18,6,187.602523
1.19,5,187.620363
1.24,5,187.637609
1.14,4,187.654939
1.32,10,187.68962
1.26,9,187.717819
1.29,7,187.741447
1.15,7,187.770711
1.12,6,187.789872
1.14,4,187.803984
1.31,11,187.843083
1.13,8,187.874511
1.19,5,187.89228
1.14,4,187.908447
1.27,8,187.936795
1.45,10,187.978601
-1.03,4,187.990333
1.35,9,188.026108
1.53,10,188.065424
1.19,5,188.087667
1.28,10,188.122983
1.27,8,188.151189
1.19,5,188.17018
1.33,8,188.204659
1.36,8,188.23441
1.17,7,188.255174
1.11,7,188.280396
1.3,8,188.314041
1.23,7,188.335457
-0.83,7,188.356427
1.26,6,188.374305
1.2,7,188.403849
1.28,7,188.430582
1.6,13,188.470243
1.31,10,188.504966
1.19,5,188.530955
-0.58,14,188.576808
-0.7,8,188.604466
1.28,7,188.629288
1.13,5,188.647482
1.24,6,188.669868
1.23,7,188.689951
1.14,4,188.701911
1.31,9,188.734946
1.29,9,188.757246
1.13,5,188.772301
-0.58,12,188.812699
1.37,12,188.852691
-0.91,4,188.865826
1.48,11,188.900777
1.37,10,188.932619
1.19,5,188.955032
1.13,5,188.97221
1.15,9,189.004327
1.4,9,189.031236
1.14,4,189.047795
1.14,4,189.061654
-0.49,13,189.114967
1.19,5,189.132087
1.19,5,189.151815
1.19,8,189.17507
1.12,6,189.197108
1.27,9,189.222809
1.43,10,189.258822
1.18,6,189.275973
1.23,7,189.299825
-0.59,11,189.333201
1.18,6,189.356004
1.63,14,189.399268
1.31,10,189.430898
1.67,14,189.474264
1.44,11,189.511014
1.31,7,189.530047
1.28,7,189.551117
1.29,13,189.597783
1.32,12,189.634663
1.17,7,189.659284
1.19,5,189.67622
1.13,5,189.687792
1.57,11,189.728842
1.34,10,189.838729
1.46,11,189.886348
1.26,9,189.912864
1.14,4,189.925739
1.16,8,189.955249
1.23,7,189.984597
-0.84,11,190.030339
1.25,7,190.065968
1.36,11,190.116019
1.17,7,190.143632
-0.37,15,190.194129
1.14,4,190.20973
-0.38,15,190.257724
1.14,4,190.275048
-0.45,12,190.315528
-0.74,7,190.339578
1.14,4,190.354312
1.26,6,190.37765
-0.74,9,190.409964
1.14,4,190.422276
1.19,11,190.46447
-0.76,10,190.499265
1.29,6,190.527943
-0.46,16,190.582715
1.13,5,190.596356
1.16,8,190.622232
1.34,7,190.650505
1.21,6,190.670387
1.14,4,190.687173
1.16,5,190.704315
1.35,8,190.73177
1.19,5,190.750761
1.34,9,190.863028
1.32,12,190.932429
-0.63,11,190.968732
1.36,10,191.002668
1.24,6,191.022581
1.01,6,191.039261
-0.68,9,191.069628
1.37,9,191.10728
1.23,7,191.138397
1.23,7,191.16683
1.29,6,191.205114
1.23,8,191.243636
1.19,5,191.26251
1.13,6,191.285965
1.24,6,191.302176
-0.78,8,191.330488
-0.78,8,191.354907
1.4,11,191.399153
1.23,7,191.419695
1.28,10,191.453162
-0.75,14,191.500678
1.18,9,191.530789
1.18,6,191.548921
1.13,5,191.57037
1.24,6,191.58843
1.28,7,191.617528
1.19,5,191.632147
1.14,4,191.647809
1.22,8,191.67204
1.34,7,191.702637
1.14,4,191.716471
1.16,8,191.746846
1.4,9,191.776213
1.32,9,191.804499
1.12,6,191.828531
1.64,13,191.871604
1.47,10,191.909409
1.3,8,191.934201
1.13,5,191.948952
1.32,9,191.980937
-0.79,13,192.020484
1.29,7,192.046771
-0.83,7,192.068684
1.19,5,192.086965
-0.93,6,192.109477
1.11,7,192.131746
-0.7,9,192.166209
1.15,6,192.185219
1.17,7,192.212711
1.59,10,192.244118
1.3,9,192.275772
-0.82,12,192.318513
-0.71,13,192.359387
1.7,12,192.397213
1.29,10,192.426041
1.19,5,192.447223
1.12,12,192.483174
1.53,11,192.513253
1.42,10,192.545179
1.24,6,192.56297
1.48,10,192.598878
1.13,5,192.613333
1.24,6,192.634048
1.4,12,192.673452
1.14,4,192.687645
1.32,10,192.723743
1.24,6,192.744367
1.26,7,192.767193
1.18,6,192.790906
1.33,11,192.827025
-0.66,10,192.856934
1.14,4,192.872675
1.17,7,192.895578
1.09,10,192.923814
-0.6,10,192.953951
1.17,7,192.977517
-0.51,11,193.012463
1.22,8,193.037708
1.18,6,193.05602
1.32,9,193.086268
1.14,4,193.098534
1.19,5,193.112908
-0.82,14,193.158739
1.14,4,193.173523
-0.91,4,193.185061
-0.72,10,193.217186
1.26,9,193.253765
1.3,9,193.294353
-0.75,11,193.329828
1.13,5,193.34488
1.24,8,193.370546
1.37,9,193.463492
-0.87,8,193.481977
1.38,8,193.510074
1.38,9,193.540012
1.23,7,193.56819
1.14,4,193.583004
1.34,7,193.606134
1.14,4,193.618403
1.19,5,193.639326
1.25,11,193.668893
1.14,4,193.682882
1.12,6,193.701197
1.14,4,193.715855
1.16,8,193.743317
1.24,6,193.764273
1.34,7,193.797011
-0.97,7,193.826404
1.28,9,193.858388
-0.81,8,193.88399
1.28,7,193.901779
1.14,4,193.919271
1.41,12,193.957201
-0.61,14,194.003205
1.5,11,194.042968
1.13,5,194.062957
-0.96,9,194.093065
1.28,8,194.118727
1.3,11,194.155917
1.24,11,194.194945
1.53,9,194.225249
1.13,5,194.24149
1.24,10,194.275262
-1.03,4,194.294215
1.29,13,194.339768
1.21,9,194.378863
1.37,10,194.430969
-0.87,6,194.461906
1.19,11,194.515693
1.64,12,194.560274
1.14,7,194.584817
1.32,12,194.628442
1.2,9,194.659661
1.39,8,194.690363
-0.64,8,194.715967
1.19,5,194.735725
-0.35,15,194.784018
1.15,6,194.802062
-0.72,10,194.906648
1.19,5,194.931895
1.32,9,194.9581
1.52,11,194.995144
1.27,8,195.020645
1.17,7,195.045772
-0.69,13,195.084215
1.28,8,195.110106
1.23,9,195.140041
1.35,9,195.174326
-0.4,15,195.214058
1.35,9,195.245826
1.22,8,195.271252
1.18,6,195.293842
1.28,10,195.32669
1.23,7,195.347044
1.28,8,195.372444
-0.82,10,195.409504
1.4,10,195.439721
1.14,4,195.451778
1.51,11,195.489348
1.33,8,195.515697
1.35,9,195.544707
-0.61,11,195.576883
1.12,9,195.60137
-0.4,11,195.638734
1.26,9,195.665817
1.32,9,195.693506
1.32,12,195.728715
-0.66,7,195.75249
1.18,6,195.776485
-0.62,13,195.818289
1.19,5,195.833249
1.55,11,195.870265
1.18,6,195.892734
-0.8,6,195.912313
1.19,5,195.92724
-0.84,9,195.964978
1.33,8,195.992535
1.14,4,196.009776
1.23,7,196.03335
-0.83,7,196.073382
1.13,8,196.106186
1.23,7,196.138036
1.17,7,196.167562
1.18,6,196.198319
1.22,8,196.23416
1.45,10,196.279573
1.83,13,196.334636
-0.45,12,196.38753
1.14,4,196.402033
1.28,7,196.426625
1.34,7,196.447355
-0.54,13,196.491677
1.34,11,196.517799
1.13,5,196.537696
1.22,7,196.558869
1.13,5,196.579499
1.36,9,196.60657
1.13,5,196.62203
1.54,12,196.659087
-0.69,10,196.694458
1.32,7,196.714715
1.18,6,196.733739
1.34,7,196.757237
1.27,9,196.789943
1.31,7,196.812448
1.25,7,196.833206
-0.81,5,196.85129
1.19,5,196.868978
1.19,5,196.882392
1.48,10,196.919582
1.19,5,196.932789
1.14,4,196.945647
1.19,5,196.961493
1.19,5,196.977427
1.32,9,197.009079
1.17,7,197.029988
1.28,7,197.054556
1.24,6,197.075546
1.51,13,197.111633
1.28,7,197.136651
1.18,6,197.151185
1.31,9,197.177175
1.19,5,197.195904
1.19,5,197.214331
1.2,10,197.247006
1.19,5,197.26511
1.48,9,197.293941
1.28,7,197.320985
1.24,6,197.337465
1.19,5,197.351569
1.19,5,197.37114
1.59,11,197.408796
1.19,5,197.424789
1.43,12,197.461378
1.57,11,197.493112
-0.66,13,197.533802
1.21,14,197.567724
1.37,9,197.59058
-0.68,11,197.623969
1.27,8,197.651877
1.14,4,197.665033
-0.95,8,197.690571
-0.83,8,197.717273
1.33,8,197.746423
1.14,7,197.771715
-0.54,10,197.805203
1.13,5,197.82045
1.34,7,197.84279
1.39,10,197.874746
1.47,10,197.907544
1.35,9,197.941788
1.18,6,197.961362
1.29,6,197.981997
1.58,10,198.010599
-0.59,13,198.050417
1.22,8,198.079542
1.16,8,198.100892
1.28,7,198.124266
-0.83,7,198.147326
1.33,11,198.188086
-0.65,8,198.210983
1.16,8,198.236474
1.16,7,198.254177
1.46,11,198.293131
-0.89,8,198.31962
1.21,9,198.347638
1.55,12,198.388255
1.14,4,198.407605
1.14,4,198.421396
1.35,9,198.451471
1.18,9,198.47697
1.34,7,198.504347
1.62,12,198.539386
1.24,8,198.560934
1.1,8,198.585751
1.58,11,198.623532
1.37,10,198.657272
1.41,9,198.687373
-0.62,12,198.721346
1.22,8,198.748239
1.19,8,198.779143
1.16,8,198.800483
1.19,7,198.833741
1.3,7,198.926202
1.17,7,198.944791
1.17,7,198.966977
-0.65,12,199.006196
-0.66,10,199.044182
1.13,5,199.059204
1.29,8,199.081143
1.15,6,199.098487
1.46,9,199.131897
-0.85,9,199.159868
1.24,6,199.17798
1.29,6,199.196712
1.17,7,199.221859
1.19,5,199.237297
1.17,7,199.260197
1.43,9,199.286263
1.37,9,199.318148
1.19,5,199.331358
1.42,10,199.364201
1.37,9,199.394607
1.24,6,199.416311
1.17,10,199.449392
1.17,7,199.474913
1.34,7,199.498158
1.19,5,199.516481
1.12,6,199.537343
1.41,8,199.563699
1.14,11,199.599921
1.49,11,199.64017
1.36,7,199.66019
1.38,8,199.686956
1.5,10,199.715846
1.4,10,199.753707
-0.85,9,199.783635
1.35,11,199.818277
-0.91,4,199.830837
1.26,9,199.863182
1.53,11,199.896245
1.38,11,199.926886
-0.88,6,199.944866
1.41,8,199.974019
1.13,5,199.987998
1.06,10,200.021746
1.42,10,200.04961
1.27,8,200.077323
1.5,11,200.107746
1.32,9,200.132751
1.17,7,200.15728
1.16,11,200.194344
1.27,8,200.22151
1.19,5,200.236997
1.22,11,200.270492
1.44,8,200.296268
1.29,8,200.321822
-0.87,8,200.346562
1.19,5,200.363159
-0.58,12,200.402024
1.46,11,200.43647
1.22,8,200.462355
1.34,7,200.48583
1.28,7,200.511444
1.25,8,200.539076
1.11,7,200.561193
1.17,7,200.583296
-0.63,10,200.610995
1.19,5,200.625899
1.35,11,200.657659
1.19,5,200.671649
1.14,4,200.686124
1.28,7,200.708159
1.33,8,200.729673
1.4,16,200.778857
1.18,6,200.803222
1.43,12,200.83886
-0.93,6,200.85658
1.19,5,200.872493
1.4,10,200.912165
1.14,4,200.924373
-0.67,10,200.95628
1.18,6,200.974934
1.39,8,201.005131
1.51,10,201.036569
1.39,11,201.069312
1.39,11,201.106953
1.34,12,201.147144
1.3,12,201.184775
1.19,5,201.196546
1.35,8,201.221301
-0.72,10,201.256629
1.28,9,201.280722
-0.54,16,201.32822
1.14,4,201.339908
1.18,6,201.358541
-0.41,12,201.399421
1.19,5,201.418258
-0.71,9,201.444587
1.14,4,201.458695
1.2,6,201.475734
1.19,5,201.49384
1.19,5,201.511275
1.24,6,201.529154
1.31,9,201.562369
1.3,8,201.589646
1.34,12,201.625783
1.53,12,201.66315
1.3,7,201.682896
1.23,7,201.707098
1.31,10,201.737608
1.43,10,201.770803
-0.59,14,201.815896
1.48,10,201.8443
1.49,15,201.895653
1.36,9,201.924231
-0.89,8,201.950188
1.34,10,201.984779
-0.72,8,202.010179
1.56,11,202.04457
1.24,9,202.073144
1.34,9,202.09904
1.12,6,202.115412
1.23,7,202.141476
1.28,8,202.169202
-0.81,8,202.192728
1.59,12,202.230446
-0.54,12,202.273049
1.22,7,202.295998
1.17,7,202.318905
1.34,10,202.344799
1.34,7,202.367423
1.48,11,202.407878
-0.57,11,202.442993
-0.62,11,202.477101
1.18,6,202.502711
-0.96,6,202.520905
1.22,7,202.54431
1.14,7,202.567904
1.18,6,202.65791
-0.68,9,202.683882
-0.66,10,202.719683
1.13,5,202.734554
1.29,6,202.756875
1.19,5,202.771495
1.41,11,202.807446
1.17,7,202.825863
1.18,6,202.850653
1.3,8,202.875594
1.21,6,202.960606
1.24,5,202.973527
-0.7,12,203.015679
1.51,12,203.052033
1.25,7,203.070615
1.23,7,203.093157
1.23,7,203.121579
1.33,9,203.150488
1.19,5,203.166395
1.63,11,203.200732
1.27,8,203.228683
-0.92,10,203.263799
1.23,9,203.290434
-0.82,6,203.308704
1.23,7,203.336423
1.43,11,203.37132
1.19,5,203.386189
-0.56,14,203.435633
1.23,7,203.456258
1.28,10,203.487734
1.35,9,203.516272
1.3,9,203.54515
1.24,11,203.582905
1.18,6,203.602439
1.26,6,203.617994
1.44,12,203.652198
1.39,8,203.678618
1.21,6,203.69751
-0.67,10,203.725084
1.23,7,203.748935
1.11,7,203.774303
1.38,9,203.80107
-0.74,8,203.827483
-0.65,12,203.863449
1.36,9,203.895394
1.13,5,203.912248
1.34,8,203.938551
1.19,5,203.956355
1.19,5,203.972472
1.21,9,204.004313
-0.72,8,204.030684
1.14,4,204.040633
1.56,15,204.089227
1.25,11,204.117642
1.42,11,204.149303
1.19,5,204.164834
1.19,8,204.19046
1.14,4,204.203032
1.34,7,204.223222
1.14,4,204.235068
-0.65,9,204.26912
1.3,10,204.296828
-0.86,11,204.327795
1.23,7,204.35222
1.18,6,204.37269
1.31,8,204.401661
1.13,5,204.415751
1.35,9,204.443417
1.3,7,204.467165
-0.77,7,204.489275
-0.47,10,204.523283
1.38,11,204.554314
-0.63,10,204.591307
1.14,4,204.604433
-0.78,8,204.629744
1.29,6,204.646976
-0.76,12,204.685589
1.41,8,204.708793
1.46,9,204.736782
1.25,7,204.757115
1.33,8,204.78548
-0.32,18,204.848347
1.19,5,204.863235
1.34,7,204.888294
1.33,10,204.924874
1.28,10,204.956261
-0.97,4,204.976589
1.14,4,204.988117
1.56,9,205.016705
1.19,5,205.029158
-0.99,6,205.051122
1.38,10,205.084017
1.14,4,205.098872
1.25,10,205.133906
1.29,6,205.151348
1.49,12,205.189285
1.21,9,205.219399
1.17,7,205.240772
1.19,5,205.257444
1.18,6,205.275349
1.14,10,205.30767
1.34,7,205.326745
1.48,10,205.359918
1.46,12,205.399649
1.19,5,205.417969
1.34,9,205.444351
1.19,5,205.462294
1.19,5,205.477181
1.34,7,205.502032
1.27,8,205.524971
1.26,9,205.552993
-0.62,11,205.58937
1.15,6,205.60856
1.14,4,205.621107
1.14,4,205.634488
1.13,5,205.652005
1.19,8,205.686782
1.31,6,205.708974
1.3,8,205.737261
1.19,5,205.754686
1.19,5,205.775901
1.29,10,205.806869
1.13,5,205.82247
1.47,11,205.858137
1.28,7,205.885483
1.36,8,205.913731
1.14,4,205.925428
1.33,8,205.950035
1.21,8,205.979754
-0.71,9,206.003414
-0.68,10,206.034414
1.24,12,206.068741
1.39,10,206.104326
1.29,7,206.129176
1.47,13,206.168945
1.14,4,206.181309
-0.64,11,206.221538
1.57,11,206.252935
1.39,8,206.281213
1.28,8,206.306419
1.54,10,206.347507
1.33,8,206.371732
1.22,7,206.397427
1.14,4,206.40694
1.19,5,206.422322
1.14,4,206.435812
1.18,8,206.464087
-0.8,10,206.490959
-0.91,9,206.522892
1.28,7,206.543697
1.13,5,206.557188
1.17,7,206.579828
1.18,6,206.605737
-0.67,11,206.722019
-0.74,13,206.756484
-0.61,10,206.783846
1.18,6,206.803632
1.41,8,206.828855
1.4,9,206.856584
-0.67,8,206.884208
1.23,6,206.907561
1.11,7,206.928008
-0.55,12,206.964634
1.1,9,206.991736
1.15,9,207.019553
1.19,5,207.0362
-0.82,9,207.064612
1.34,7,207.087959
1.14,4,207.104286
1.14,4,207.117191
1.19,5,207.132793
-0.67,8,207.158136
1.2,7,207.18322
-0.82,7,207.205695
1.24,6,207.222943
1.31,10,207.253377
-0.77,8,207.27989
1.73,11,207.311455
1.34,7,207.329521
1.31,7,207.353927
1.13,5,207.371283
1.47,14,207.417838
1.4,9,207.442929
1.19,5,207.454842
1.29,6,207.479563
1.12,6,207.498005
-0.7,11,207.531693
1.2,7,207.554136
1.18,6,207.572248
1.14,4,207.584348
1.42,10,207.616448
-0.62,8,207.64014
1.19,5,207.655089
-0.81,5,207.670619
-0.84,12,207.711447
1.46,12,207.745977
1.18,6,207.769334
0.02,17,207.814487
1.17,7,207.83532
1.33,8,207.855828
1.24,6,207.874316
1.29,6,207.895954
1.26,6,207.913034
1.5,10,207.94826
-0.65,10,207.981273
1.31,10,208.01515
1.39,8,208.040367
1.27,8,208.066873
1.23,7,208.099543
1.28,7,208.120991
1.19,5,208.137502
-0.67,8,208.165059
1.12,6,208.185581
1.14,4,208.199715
1.54,12,208.233134
1.12,6,208.252522
1.14,4,208.268238
1.39,7,208.287966
-0.55,11,208.324092
1.14,4,208.336746
1.14,4,208.351359
1.14,4,208.364803
1.36,9,208.394768
1.18,6,208.412973
1.37,10,208.445317
1.32,8,208.468253
1.24,6,208.487913
1.23,7,208.511168
1.14,4,208.526615
1.18,6,208.544682
1.14,4,208.55422
1.14,4,208.566142
1.14,4,208.579347
1.13,5,208.593417
1.23,9,208.621556
1.18,6,208.637864
-0.83,7,208.660852
1.29,6,208.679204
1.28,7,208.701026
1.24,6,208.719486
1.25,7,208.744656
1.39,8,208.770929
-0.69,10,208.803711
1.29,6,208.822109
1.25,7,208.847886
1.2,6,208.870427
1.38,8,208.895701
1.14,4,208.904576
1.28,7,208.928152
1.35,8,208.952357
1.18,6,208.972345
-0.68,12,209.011957
-0.68,8,209.038394
-0.91,4,209.051096
-0.78,11,209.084101
1.15,6,209.100586
-0.5,11,209.144296
1.11,7,209.168094
1.24,8,209.198717
1.31,8,209.221722
1.24,6,209.243942
1.29,6,209.263345
1.41,8,209.291933
1.48,10,209.322151
1.21,6,209.346804
1.14,4,209.359463
1.19,7,209.382282
1.35,8,209.40553
-0.78,11,209.444053
1.38,9,209.47225
1.35,8,209.496392
1.26,8,209.522212
1.14,4,209.538194
1.55,12,209.575981
1.13,5,209.591738
1.24,6,209.60779
1.24,6,209.62943
1.24,6,209.645241
1.24,6,209.665223
1.11,9,209.695857
1.26,9,209.727546
-0.69,10,209.758438
1.29,6,209.771254
1.12,6,209.793712
1.24,6,209.814777
1.25,8,209.838381
1.19,5,209.852794
-0.82,9,209.881191
1.19,5,209.898293
1.34,7,209.920662
1.33,8,209.946882
1.36,7,209.968585
1.19,5,209.987857
1.12,6,210.005734
1.34,8,210.028744
1.18,6,210.04908
1.18,6,210.06746
1.39,7,210.086351
1.14,4,210.098036
1.39,9,210.124567
1.24,6,210.148581
1.37,10,210.17602
1.46,11,210.204749
1.18,6,210.223066
1.48,10,210.261124
1.49,9,210.288289
1.42,9,210.31384
1.19,5,210.331395
1.14,4,210.346562
1.18,6,210.365169
1.17,7,210.389313
1.27,9,210.417521
1.13,5,210.433651
1.34,7,210.455283
1.19,5,210.470721
1.21,6,210.490604
1.16,8,210.516261
1.19,5,210.61952
1.24,6,210.639897
1.16,5,210.652795
1.14,4,210.66792
1.19,8,210.697217
-0.73,11,210.733189
1.16,8,210.757735
1.21,8,210.786685
1.43,9,210.814125
1.31,9,210.840984
1.14,4,210.853707
1.43,8,210.883487
1.15,6,210.906188
1.19,5,210.921055
1.76,14,210.961797
1.28,7,210.983627
-0.81,11,211.015384
-0.92,5,211.029962
1.22,8,211.052518
1.3,8,211.083772
-0.55,10,211.116721
1.14,4,211.130478
1.67,13,211.167129
1.47,14,211.209701
1.34,7,211.232063
1.39,8,211.256047
-0.66,7,211.280184
1.27,9,211.312295
1.44,8,211.335832
1.3,7,211.359984
1.19,5,211.372461
1.18,6,211.399737
1.17,7,211.418766
-0.59,9,211.451838
1.47,11,211.482509
1.21,5,211.502048
1.22,8,211.526036
-0.74,9,211.550473
1.19,5,211.566736
1.14,4,211.582592
-0.87,5,211.600273
1.23,7,211.624535
1.52,10,211.656296
1.36,8,211.68272
1.28,7,211.70078
-0.47,10,211.729343
1.33,9,211.756334
1.19,5,211.770355
1.23,7,211.792626
1.32,9,211.820585
1.19,5,211.835831
1.36,7,211.857575
1.19,5,211.877571
-0.52,11,211.911568
1.28,7,211.934191
1.19,5,211.951463
1.17,9,211.980265
1.27,9,212.007519
1.49,9,212.033961
1.46,10,212.071565
-0.46,15,212.114645
-0.66,13,212.155948
1.3,11,212.192102
1.37,10,212.228167
-0.6,13,212.268416
1.33,8,212.29411
1.17,7,212.315952
1.19,5,212.333476
-0.91,4,212.348331
-0.94,7,212.37167
1.25,7,212.455282
1.34,7,212.476955
-0.52,12,212.514136
1.28,8,212.538098
1.27,8,212.561978
1.11,7,212.584198
1.22,10,212.619112
1.14,4,212.632294
1.21,5,212.648859
1.19,5,212.664932
1.22,7,212.688323
1.27,8,212.71044
1.18,6,212.72847
1.19,5,212.748956
1.19,5,212.765525
1.38,8,212.78987
1.12,6,212.802664
1.14,4,212.816339
1.17,7,212.837079
1.53,12,212.873028
1.16,8,212.898433
1.22,7,212.924384
1.56,11,212.956091
1.24,6,212.974607
1.18,6,212.996819
-0.81,5,213.015733
1.38,9,213.042261
1.18,6,213.062894
1.19,5,213.07895
1.26,6,213.101164
1.22,8,213.124813
1.4,9,213.152262
1.39,9,213.181215
1.23,7,213.209389
1.23,7,213.228675
1.24,6,213.249357
1.22,8,213.277894
1.31,7,213.304736
1.38,11,213.33691
1.13,5,213.3552
1.43,9,213.384276
1.16,5,213.400844
1.18,6,213.418572
1.13,8,213.442844
1.43,9,213.471279
1.29,6,213.488679
1.18,6,213.511221
1.26,7,213.533789
1.31,8,213.558848
1.16,8,213.58206
1.24,6,213.597542
1.19,5,213.61329
1.6,11,213.647178
1.3,8,213.67837
1.49,11,213.714309
-0.79,5,213.72887
1.22,11,213.765059
1.24,5,213.779461
1.19,7,213.800133
1.38,11,213.836758
1.14,4,213.849345
1.19,8,213.875101
-0.71,9,213.902133
1.29,6,213.916595
1.15,6,213.933692
1.13,5,213.948892
1.19,5,213.963398
-0.76,8,213.991457
1.14,4,214.004833
1.27,9,214.043479
1.35,9,214.073333
1.28,7,214.095822
1.34,7,214.115458
1.34,7,214.140361
1.14,4,214.152601
1.42,11,214.190625
1.19,5,214.205735
1.19,5,214.219752
1.35,8,214.244748
1.14,4,214.258516
1.18,6,214.278989
1.11,7,214.300608
1.46,8,214.324658
1.29,6,214.341156
1.34,9,214.367872
1.38,9,214.403681
1.24,6,214.418861
1.19,5,214.434353
1.35,9,214.466312
1.29,6,214.487513
1.33,8,214.514542
1.21,6,214.535528
1.22,8,214.555971
1.19,8,214.582022
1.14,4,214.596073
1.33,10,214.627652
1.14,4,214.639981
1.34,7,214.6652
1.42,13,214.706818
1.13,5,214.720464
1.19,5,214.738494
1.34,11,214.76745
-0.68,12,214.807932
-0.66,8,214.833703
1.28,7,214.854961
-0.75,13,214.896145
1.13,5,214.976914
1.24,6,215.003632
1.25,7,215.027915
1.13,5,215.045864
1.19,5,215.061261
-0.83,10,215.098144
1.24,6,215.116778
1.24,8,215.145884
1.56,9,215.175637
1.39,8,215.202002
1.23,7,215.222678
-0.62,9,215.2596
1.24,6,215.275419
1.29,6,215.296062
-0.55,11,215.330453
1.32,9,215.364283
1.29,6,215.382478
1.16,11,215.420443
1.13,5,215.435751
1.18,8,215.464348
1.17,7,215.488881
-0.66,8,215.511775
-0.86,8,215.539496
1.48,10,215.571986
1.26,9,215.599584
1.36,8,215.62757
1.13,5,215.644229
1.13,5,215.660866
1.14,4,215.675004
1.13,5,215.691531
1.14,4,215.703444
1.19,5,215.722512
1.27,8,215.746645
1.29,6,215.764989
1.27,9,215.791102
1.42,11,215.828032
1.29,6,215.847993
1.29,9,215.874069
1.29,6,215.892042
1.24,9,215.92237
1.34,9,215.950502
1.39,11,215.981056
1.23,7,216.001113
1.18,6,216.02394
1.11,7,216.046206
-0.92,5,216.062021
1.3,11,216.097642
1.27,9,216.125718
-0.86,4,216.138908
1.26,7,216.159191
1.33,8,216.185237
1.24,6,216.206339
1.33,8,216.229668
1.21,6,216.252128
1.13,5,216.267663
1.14,4,216.282969
1.12,6,216.302333
-0.8,6,216.322119
1.19,8,216.347144
1.47,12,216.386399
1.22,8,216.410938
1.14,4,216.424366
1.13,5,216.43933
1.3,9,216.466641
1.14,4,216.478442
-0.55,9,216.508152
1.23,7,216.525201
-0.69,12,216.560775
1.13,5,216.577945
1.44,8,216.605403
1.13,5,216.619107
1.19,5,216.637918
1.35,9,216.663718
1.14,4,216.675566
1.16,8,216.699136
-0.79,9,216.736014
1.31,8,216.76174
1.24,6,216.779217
1.14,4,216.79237
-0.55,12,216.831882
1.52,11,216.864603
1.18,6,216.883941
-0.74,9,216.92091
1.31,10,216.954728
1.29,6,216.975606
1.29,6,216.994508
1.17,7,217.020263
-0.95,8,217.050458
1.21,9,217.079736
1.23,7,217.099011
1.28,7,217.123304
1.32,9,217.157516
1.13,5,217.173761
1.28,7,217.198002
1.06,7,217.221726
1.27,9,217.252769
1.21,5,217.26904
1.19,5,217.282501
1.14,4,217.294513
1.24,6,217.314814
1.28,8,217.338166
1.51,9,217.362758
1.36,8,217.392878
1.23,7,217.415101
-0.47,13,217.457155
1.18,6,217.476114
1.14,4,217.488447
1.26,6,217.507611
1.28,7,217.530234
1.34,7,217.553258
1.19,5,217.566778
1.51,9,217.600916
1.36,7,217.623839
1.33,10,217.654927
1.17,7,217.678248
1.24,6,217.696821
1.38,11,217.729574
1.18,6,217.747162
1.28,7,217.773009
1.27,8,217.802201
-0.54,9,217.830277
-0.89,8,217.872124
1.19,5,217.901282
-0.6,12,217.965428
1.16,8,218.00389
1.29,6,218.034018
1.14,4,218.054473
1.29,6,218.081904
1.19,5,218.096551
1.19,5,218.115541
1.15,9,218.144489
1.22,8,218.171115
1.52,14,218.212912
1.13,5,218.231123
1.37,12,218.269749
1.38,9,218.304352
1.16,8,218.327172
1.25,10,218.354028
1.34,7,218.376401
1.36,8,218.408108
1.25,7,218.428933
1.14,4,218.441487
1.14,4,218.453292
1.41,9,218.483704
1.14,4,218.49373
1.36,8,218.519628
1.14,4,218.529577
1.24,6,218.554078
1.29,6,218.571302
1.18,6,218.591604
1.14,4,218.604977
1.33,8,218.633422
1.38,8,218.657048
1.19,5,218.673084
1.17,8,218.700105
1.19,5,218.713391
1.14,4,218.727328
-0.6,13,218.837968
-0.67,10,218.869333
1.23,7,218.896495
1.36,8,218.920218
1.19,5,218.93569
1.14,4,218.946984
1.18,6,218.967294
1.34,10,219.002872
1.5,11,219.040365
1.28,7,219.060104
1.19,5,219.082249
1.43,9,219.108355
1.14,4,219.121612
1.33,7,219.141325
1.19,5,219.157801
1.14,4,219.170685
1.19,5,219.184086
1.14,4,219.195885
1.33,8,219.224723
1.19,8,219.251269
-0.66,11,219.284046
1.49,10,219.314398
1.14,4,219.328804
1.14,4,219.340619
1.29,6,219.362631
1.24,6,219.376449
1.14,4,219.391474
1.28,9,219.425422
1.19,5,219.441265
1.15,6,219.45959
1.26,7,219.485955
1.12,6,219.505934
1.19,5,219.520798
1.14,4,219.531112
1.14,4,219.544392
1.13,5,219.5579
1.35,12,219.594462
1.14,4,219.607527
1.19,5,219.622841
1.24,8,219.650327
1.14,4,219.660568
1.31,6,219.681068
1.23,7,219.708005
1.19,5,219.722837
1.18,6,219.740922
1.32,9,219.771327
1.19,5,219.789175
1.19,5,219.804353
1.29,6,219.822092
1.19,5,219.837614
1.17,7,219.863822
1.18,6,219.883051
1.17,7,219.907934
1.14,4,219.921507
-0.7,10,219.951203
1.14,4,219.96162
1.14,4,219.974491
-0.82,6,219.994099
1.24,6,220.014894
1.14,4,220.027425
1.27,8,220.053112
1.14,4,220.066838
1.34,7,220.089028
1.71,11,220.124174
1.29,6,220.139827
1.22,8,220.161295
1.2,6,220.185103
1.21,6,220.20117
1.14,4,220.21141
1.13,5,220.229548
1.14,4,220.242197
1.14,4,220.256747
1.49,9,220.280413
1.14,4,220.293763
1.34,7,220.318708
1.14,4,220.329823
-0.44,14,220.370093
1.38,9,220.396521
1.14,4,220.412002
1.14,4,220.424584
1.55,14,220.469311
1.13,6,220.487696
1.23,7,220.511404
1.24,6,220.529855
1.32,9,220.558499
1.13,5,220.574129
-0.78,8,220.60206
-0.78,11,220.638248
1.1,8,220.666064
1.16,8,220.691997
1.24,6,220.709115
1.34,9,220.740238
-0.78,8,220.768094
1.28,8,220.791974
1.16,5,220.809139
1.24,6,220.828674
1.14,4,220.84219
1.12,9,220.874546
1.2,7,220.898977
-0.43,15,220.944836
1.35,12,220.983326
1.3,7,221.003332
1.33,9,221.036557
1.35,8,221.059091
1.29,6,221.079576
1.52,10,221.107155
1.58,10,221.141022
1.16,8,221.168567
1.38,9,221.190224
1.52,10,221.221742
1.33,8,221.252418
1.14,4,221.264987
1.19,5,221.281995
1.14,4,221.292834
1.17,7,221.311356
1.29,9,221.349408
1.14,4,221.358762
1.27,9,221.388299
1.55,11,221.427047
1.14,4,221.440262
1.19,5,221.456186
-0.8,9,221.485048
1.14,4,221.499408
1.24,5,221.51485
1.32,9,221.542125
1.18,6,221.560159
1.29,6,221.583748
1.21,9,221.611198
-0.71,6,221.628519
1.12,6,221.65087
1.37,10,221.683258
1.19,5,221.70156
1.27,8,221.726964
1.16,5,221.742993
1.27,9,221.772246
-0.83,7,221.798726
1.19,5,221.810212
1.18,6,221.832031
1.23,7,221.855455
1.14,4,221.86856
1.22,8,221.893324
1.13,5,221.909669
1.14,4,221.923348
1.14,4,221.935498
1.19,5,221.950263
1.19,5,221.964979
1.12,6,221.986325
-0.76,6,222.004054
1.19,5,222.018605
1.14,4,222.031656
1.29,6,222.053375
1.19,5,222.068105
-0.7,15,222.11428
1.27,10,222.143276
1.13,5,222.162624
1.28,10,222.194437
-0.45,13,222.320921
1.37,10,222.34556
1.2,10,222.438042
1.25,8,222.47264
-0.67,12,222.511037
1.12,6,222.535196
1.19,5,222.553193
-0.83,7,222.576212
1.19,5,222.592002
1.18,6,222.610132
1.23,7,222.633132
1.63,10,222.664837
1.15,6,222.683415
1.19,5,222.701623
1.29,7,222.722559
1.29,7,222.74633
1.14,4,222.758752
1.14,4,222.771661
-0.9,8,222.800625
1.14,4,222.812121
1.14,11,222.850809
1.17,7,222.87494
1.24,6,222.897087
1.18,6,222.918829
1.17,7,222.938039
1.34,7,222.96197
1.12,6,222.985961
1.33,8,223.009162
1.23,7,223.027481
1.37,10,223.065389
1.23,7,223.087582
1.49,9,223.116906
1.17,7,223.139201
1.29,6,223.156137
1.32,9,223.18529
1.21,8,223.211737
1.37,10,223.244469
1.28,7,223.265948
1.43,13,223.305517
1.33,8,223.334729
1.19,5,223.34953
1.19,5,223.363457
1.18,6,223.389431
1.19,5,223.404153
1.48,10,223.43949
1.53,10,223.465746
1.14,4,223.480176
1.47,11,223.516638
-0.72,11,223.551201
1.32,9,223.575787
1.29,6,223.597946
1.25,8,223.621064
1.39,11,223.655049
1.28,7,223.675038
1.29,6,223.696957
1.29,6,223.716419
-0.64,10,223.745387
1.14,4,223.757373
1.14,4,223.773518
1.22,10,223.802322
-0.58,14,223.837655
1.14,4,223.848265
1.18,6,223.871207
1.16,8,223.901354
1.19,5,223.914315
1.18,6,223.932063
-0.7,11,223.968107
1.23,7,223.988923
1.19,5,224.004482
1.29,6,224.025422
1.33,8,224.05352
1.19,5,224.067701
1.28,7,224.088382
1.56,10,224.11863
1.19,5,224.139333
1.29,6,224.154546
1.29,6,224.172266
1.19,5,224.189181
1.7,15,224.239054
1.18,6,224.256781
-0.52,10,224.28797
1.14,4,224.299246
1.44,13,224.341394
1.14,4,224.352531
1.18,6,224.370014
1.34,7,224.396625
-0.73,14,224.447138
1.3,7,224.464586
1.25,7,224.486265
1.23,7,224.507168
1.18,6,224.528868
1.18,6,224.549982
-0.77,7,224.574179
1.21,9,224.599339
1.13,5,224.617781
1.45,11,224.650772
1.28,7,224.672171
1.23,7,224.689599
1.4,10,224.727006
1.29,6,224.745922
1.51,11,224.784071
1.13,5,224.798832
1.22,9,224.834115
1.23,7,224.855493
1.21,9,224.891428
1.38,9,224.918856
1.16,8,224.949495
1.29,6,224.966409
1.42,11,225.001605
1.42,10,225.031538
-0.28,15,225.077846
1.35,8,225.102326
1.18,6,225.120397
-0.44,14,225.154536
1.19,5,225.175403
1.19,5,225.190206
-0.61,10,225.223893
1.41,12,225.264009
1.24,6,225.286793
-0.67,10,225.313382
-0.84,8,225.335128
1.14,7,225.358969
1.51,10,225.39806
1.49,9,225.425286
1.18,6,225.442269
1.36,9,225.471247
1.29,6,225.492495
1.38,9,225.521853
1.16,8,225.546972
1.19,5,225.56436
1.41,8,225.590576
1.46,12,225.632156
-0.82,13,225.669244
1.19,5,225.68555
1.29,6,225.709089
1.19,5,225.725962
1.27,12,225.766188
1.17,7,225.788325
1.05,8,225.812776
1.29,7,225.832918
1.18,6,225.853325
1.14,4,225.867279
1.31,7,225.892825
1.19,5,225.90947
1.14,4,225.921386
1.44,8,225.94956
1.14,4,225.964472
1.24,6,225.980916
1.13,5,225.998654
-0.65,9,226.026508
1.44,11,226.067213
1.32,11,226.094682
1.23,7,226.117342
1.38,10,226.148578
1.14,4,226.164378
1.3,9,226.194225
1.19,5,226.205915
1.34,7,226.23054
1.14,4,226.246185
1.44,11,226.28083
1.38,8,226.303975
1.28,7,226.321656
1.19,5,226.421685
1.51,9,226.452181
1.24,6,226.470153
1.27,9,226.499356
1.46,9,226.529609
1.23,9,226.559147
1.24,8,226.584759
-0.74,9,226.609734
1.4,8,226.635551
1.39,8,226.659456
-0.73,13,226.701837
1.29,6,226.719054
-0.8,7,226.743218
-0.8,10,226.773463
1.22,8,226.799864
1.23,9,226.831936
1.3,8,226.859936
1.5,12,226.897512
-0.62,11,226.92791
1.18,6,226.950917
1.45,9,226.979425
1.18,6,226.999974
1.29,6,227.018038
1.11,7,227.038003
1.12,6,227.055398
-0.91,4,227.06987
1.14,4,227.081595
-0.77,7,227.104152
1.42,10,227.140253
1.13,5,227.155905
1.18,6,227.173349
1.41,10,227.207928
1.14,4,227.220911
1.37,11,227.257316
1.18,6,227.272586
-0.61,10,227.304448
1.18,6,227.32796
1.29,6,227.347036
1.19,5,227.362287
1.19,5,227.377949
-0.81,7,227.403462
1.21,5,227.41771
1.21,9,227.446285
1.39,9,227.477356
1.41,11,227.510895
1.22,8,227.537316
1.19,8,227.563853
1.22,8,227.587188
1.45,11,227.625931
1.19,5,227.63736
1.19,5,227.655284
1.14,4,227.668635
1.16,5,227.684803
1.35,9,227.712429
-0.92,8,227.738404
1.19,5,227.752787
1.27,9,227.788267
1.28,7,227.810786
1.33,8,227.836465
1.31,7,227.860739
1.19,5,227.879843
1.51,9,227.907725
1.19,5,227.922493
-0.74,10,227.949044
1.14,4,227.96831
1.19,5,227.986242
1.13,5,228.001435
1.14,4,228.01548
1.26,6,228.032265
1.35,8,228.055678
1.4,8,228.081839
1.24,6,228.100786
1.11,8,228.132347
1.4,9,228.158073
1.19,5,228.171246
-0.71,7,228.197242
1.33,8,228.227949
1.12,6,228.248623
1.3,8,228.271966
1.18,6,228.286987
-0.63,9,228.316262
1.27,9,228.351415
-0.69,13,228.393608
1.27,8,228.41816
1.29,8,228.447814
1.13,5,228.46158
1.14,4,228.473673
1.27,8,228.496861
1.14,4,228.512763
1.14,4,228.526549
1.14,4,228.537921
-0.77,7,228.564482
1.23,7,228.587021
1.35,8,228.611667
1.4,9,228.638892
-0.6,9,228.665903
-0.83,14,228.712266
1.38,8,228.734446
1.34,7,228.753584
1.28,7,228.777864
1.12,6,228.800936
1.14,4,228.814792
-0.95,5,228.83154
1.19,5,228.845711
1.14,4,228.860525
1.24,6,228.882387
1.14,4,228.896261
1.14,4,228.908717
1.14,4,228.9243
1.29,6,228.943095
1.26,9,228.971996
1.14,4,228.98456
1.33,10,229.019386
-0.59,9,229.04735
1.14,4,229.05899
1.14,4,229.069159
1.23,7,229.094889
1.29,11,229.131968
1.14,4,229.143519
1.19,5,229.157906
1.16,8,229.188486
-0.73,8,229.216642
1.19,5,229.23148
1.19,5,229.247159
1.4,10,229.285292
1.43,9,229.312412
1.24,6,229.333887
1.28,7,229.35445
1.23,7,229.384118
1.28,7,229.408241
1.18,6,229.426273
1.31,9,229.452492
1.26,10,229.483734
1.49,10,229.513247
1.17,7,229.535113
1.18,6,229.553094
1.18,6,229.573275
1.29,7,229.595806
-0.38,16,229.645055
1.32,9,229.670573
1.18,6,229.694486
1.16,8,229.721725
1.45,10,229.751909
1.13,5,229.765855
1.14,4,229.781204
1.45,12,229.816517
1.13,5,229.831589
1.39,11,229.868771
1.28,7,229.892022
1.2,10,229.92153
-0.52,13,229.960907
-0.87,5,229.976191
1.14,4,229.9901
1.49,10,230.024565
1.39,10,230.053374
1.28,7,230.076414
1.37,15,230.125406
1.14,4,230.13671
-0.86,10,230.241336
1.14,4,230.254603
1.24,6,230.275929
1.15,6,230.293199
1.11,7,230.314204
1.29,6,230.330996
1.46,10,230.36318
1.39,8,230.391537
1.39,8,230.418727
1.11,7,230.440365
1.24,9,230.469228
-0.4,14,230.519987
1.24,6,230.539901
1.68,12,230.579852
1.33,8,230.604594
1.19,5,230.618
1.22,8,230.643561
-0.71,8,230.670935
1.18,6,230.697391
1.31,7,230.716858
1.34,9,230.746292
1.22,8,230.773711
1.37,8,230.799795
1.14,4,230.812185
1.5,10,230.840028
1.68,13,230.885584
1.28,10,230.921965
-0.8,8,230.947211
1.24,6,230.968018
-0.61,10,230.99961
1.17,7,231.028963
1.23,7,231.051844
1.29,7,231.074953
-0.83,7,231.096148
1.24,9,231.127349
1.13,5,231.145252
1.41,9,231.173138
1.27,8,231.197984
1.29,6,231.217506
1.27,9,231.247018
1.13,5,231.261827
1.14,4,231.273509
1.35,10,231.306183
1.23,7,231.33032
1.39,7,231.355681
1.19,5,231.367202
1.19,5,231.386316
1.48,10,231.417014
1.19,5,231.431571
1.14,4,231.444872
1.23,7,231.466624
1.54,13,231.502739
1.14,4,231.514125
1.5,11,231.550641
1.39,8,231.578978
1.18,6,231.59651
1.32,9,231.62892
1.29,6,231.645473
1.14,4,231.661752
1.34,10,231.697649
1.19,8,231.72379
1.22,8,231.750043
1.29,6,231.76752
1.29,6,231.789468
-0.92,11,231.815996
1.28,7,231.835963
1.2,9,231.865519
1.28,11,231.963108
-0.67,8,231.990748
-0.4,12,232.028291
1.23,7,232.050744
1.42,10,232.081066
1.31,10,232.11669
1.14,4,232.129528
1.19,5,232.146421
1.39,10,232.181473
1.29,6,232.196195
-0.48,12,232.22792
1.14,4,232.241767
1.23,7,232.263073
1.14,4,232.276091
1.3,8,232.299077
-0.74,6,232.323474
1.23,7,232.347322
1.17,7,232.370808
1.28,7,232.394561
1.18,6,232.412087
1.19,5,232.426481
1.24,8,232.452668
1.14,4,232.464794
1.19,5,232.483156
-0.74,10,232.514604
-0.65,9,232.538859
1.26,6,232.559229
-0.78,8,232.590148
1.39,10,232.627433
1.34,9,232.657619
-0.02,20,232.717258
1.25,7,232.740314
1.34,7,232.763159
1.22,8,232.789699
1.36,11,232.827786
1.89,15,232.876113
1.29,6,232.892763
1.19,5,232.906763
1.32,11,232.941519
1.23,10,232.977313
1.27,8,233.001457
1.14,4,233.012328
1.11,7,233.031841
-0.72,11,233.070349
1.55,11,233.109293
1.16,8,233.140066
1.18,10,233.172587
1.16,5,233.192711
1.61,11,233.221388
1.13,5,233.23512
1.41,9,233.25896
1.27,8,233.286906
-0.69,10,233.314532
1.19,5,233.331542
1.14,4,233.347504
1.24,8,233.376446
-0.78,11,233.408475
1.49,9,233.432477
1.26,9,233.460201
1.24,8,233.489052
-0.69,9,233.520796
1.28,7,233.543681
1.33,8,233.566968
1.14,4,233.580253
1.15,6,233.598688
1.14,4,233.611813
1.34,7,233.636073
1.37,8,233.663034
-0.78,11,233.699648
1.13,5,233.714086
-0.49,10,233.750718
1.33,8,233.781931
1.4,10,233.813195
-0.71,7,233.837019
1.18,6,233.854066
1.25,7,233.879659
1.28,7,233.902244
1.13,5,233.91809
1.19,5,233.932335
1.35,10,233.9682
-0.68,9,233.999087
1.3,11,234.03464
1.4,10,234.066511
-0.74,7,234.178933
1.19,5,234.195317
1.47,10,234.229119
1.38,15,234.274953
1.16,5,234.291395
1.14,4,234.304081
1.13,5,234.31862
1.35,10,234.34983
1.19,5,234.364123
1.19,5,234.380452
1.28,8,234.407192
1.26,9,234.435605
1.34,7,234.460185
-0.72,11,234.492239
1.29,6,234.507708
1.31,6,234.528212
1.29,9,234.559675
1.38,8,234.588059
1.19,5,234.604494
1.13,5,234.623673
1.29,6,234.643565
1.17,7,234.666242
1.14,4,234.679054
1.18,6,234.697581
-0.57,10,234.734796
1.29,6,234.752937
1.29,6,234.77404
-0.69,10,234.804589
1.22,8,234.832667
1.18,6,234.851424
-0.85,7,234.874589
1.18,6,234.893733
1.17,7,234.919806
-0.67,12,234.958662
-0.3,16,235.007358
1.34,7,235.029195
1.58,14,235.06767
1.34,7,235.087805
1.49,9,235.115441
1.13,5,235.131082
1.38,10,235.167385
1.28,7,235.190816
1.43,10,235.222309
1.36,11,235.256777
1.18,6,235.278075
1.18,6,235.2989
-0.57,8,235.322505
-0.83,7,235.344699
1.13,5,235.360808
1.19,5,235.376833
1.21,6,235.398151
1.18,8,235.422748
1.13,5,235.440186
1.19,5,235.455966
1.14,4,235.468117
1.19,5,235.482242
1.14,4,235.497692
1.31,6,235.520726
1.13,5,235.53651
1.19,5,235.55137
-0.69,7,235.577263
-0.44,13,235.613523
1.31,7,235.637797
1.13,5,235.651948
1.4,9,235.687942
1.43,9,235.713975
1.15,6,235.730935
1.14,4,235.742255
1.14,4,235.755675
1.13,5,235.774367
1.14,4,235.787586
1.2,6,235.806137
1.19,5,235.822824
-0.66,12,235.860866
-0.46,15,235.907743
1.2,7,235.929916
1.29,6,235.949904
1.19,5,235.969788
-0.88,9,235.99859
1.37,10,236.025528
-0.39,13,236.065741
1.5,12,236.099385
1.14,4,236.110374
1.19,5,236.125973
-0.91,10,236.159209
1.41,9,236.1879
1.18,9,236.213391
1.29,6,236.234929
1.53,10,236.271129
1.34,7,236.293224
1.29,6,236.312776
1.27,8,236.341079
1.33,10,236.378915
1.4,8,236.405898
1.5,10,236.437448
1.14,4,236.44967
1.44,11,236.489306
-0.7,8,236.518996
1.3,8,236.544327
1.19,5,236.560359
1.23,7,236.585999
1.17,7,236.608965
-0.73,12,236.645397
-0.48,12,236.68459
1.19,5,236.702836
1.22,8,236.729014
-0.42,15,236.773968
1.16,8,236.798919
1.12,10,236.83352
-0.88,7,236.859574
1.23,7,236.88385
1.13,5,236.899898
1.24,6,236.92173
1.21,5,236.940312
1.34,7,236.96155
1.18,6,236.982599
1.33,8,237.0123
1.36,11,237.045727
1.49,12,237.083679
1.47,11,237.111192
1.14,4,237.12539
1.38,9,237.156578
1.59,16,237.201397
1.33,11,237.227362
1.49,10,237.267062
1.14,4,237.277442
-0.64,7,237.297725
1.39,8,237.318622
1.14,4,237.331274
1.14,4,237.342526
1.13,5,237.358984
1.14,4,237.373791
1.24,6,237.395462
1.14,4,237.40899
1.69,11,237.444959
1.21,9,237.475313
1.54,12,237.515585
1.35,9,237.543904
1.16,8,237.57096
1.19,5,237.585241
1.28,10,237.616471
1.17,7,237.638116
1.32,9,237.664756
1.19,5,237.684378
1.55,11,237.718149
1.14,4,237.728146
1.19,5,237.744188
1.45,10,237.776612
1.19,5,237.794343
1.31,8,237.821506
1.4,9,237.854034
1.19,5,237.868334
1.37,9,237.896347
1.5,11,237.932774
-0.58,14,238.059628
1.23,7,238.083844
1.34,7,238.106304
1.2,6,238.125788
1.64,10,238.163021
1.32,9,238.191926
1.12,6,238.219387
1.18,6,238.239833
1.33,8,238.268475
1.38,10,238.312342
-0.71,6,238.340714
1.24,6,238.367077
1.11,7,238.391449
1.14,4,238.406055
1.37,9,238.452532
1.28,7,238.475553
1.19,5,238.496456
1.49,8,238.524036
1.14,4,238.537817
-0.81,11,238.570848
1.19,5,238.587488
-0.94,7,238.60529
1.18,9,238.636972
1.42,10,238.666118
1.14,4,238.675805
1.41,8,238.700594
1.24,6,238.724546
1.3,7,238.743083
1.24,8,238.7696
1.25,10,238.805138
1.28,8,238.836042
1.19,5,238.851906
1.14,4,238.86489
1.14,4,238.873644
1.49,10,238.909959
1.26,10,238.941752
1.14,4,238.956941
1.29,10,238.99129
1.16,8,239.019494
1.24,6,239.036496
1.23,7,239.059748
1.32,8,239.087749
1.19,5,239.105427
1.29,7,239.127602
1.14,4,239.140406
1.19,5,239.155485
1.34,10,239.189448
-0.73,10,239.221551
1.37,10,239.256872
1.18,6,239.272457
1.14,4,239.285683
1.14,4,239.298765
1.29,6,239.317101
1.29,7,239.338147
-0.64,14,239.38204
1.24,6,239.399721
-0.73,11,239.431994
1.33,8,239.457459
1.14,4,239.473224
1.14,4,239.487451
1.14,4,239.501294
1.19,5,239.516617
1.27,8,239.542889
-0.46,13,239.588947
1.14,4,239.601607
1.14,4,239.615029
1.14,4,239.627877
1.14,4,239.641988
-0.7,11,239.672554
1.14,4,239.684356
1.23,7,239.709101
1.14,4,239.721718
1.17,7,239.745111
1.34,7,239.768175
1.12,6,239.787194
1.19,5,239.802493
-0.38,15,239.848718
1.14,4,239.860656
-0.63,13,239.900875
-0.97,4,239.915765
1.77,13,239.957748
1.14,4,239.969865
1.14,4,239.984035
1.19,5,239.997776
1.14,4,240.008455
-0.47,11,240.042334
1.19,5,240.058625
1.19,5,240.074654
1.14,4,240.088074
1.13,5,240.102927
-0.57,10,240.140583
1.37,8,240.165599
1.25,8,240.18959
1.19,5,240.203982
1.13,5,240.221529
1.56,10,240.253413
-0.59,11,240.286166
1.29,6,240.30293
1.67,11,240.344177
1.13,5,240.357423
1.21,6,240.377359
1.42,10,240.407973
-0.82,9,240.439018
-0.77,11,240.475431
1.55,12,240.508687
-0.69,10,240.541502
-0.71,7,240.566833
1.14,4,240.579061
1.13,5,240.598404
-0.86,4,240.610647
1.24,8,240.639873
1.19,5,240.653858
-0.75,8,240.680703
1.45,11,240.714849
1.28,7,240.736196
1.14,4,240.749981
1.13,5,240.768438
1.14,4,240.779705
1.24,6,240.800005
1.18,6,240.819646
1.19,5,240.833457
1.29,6,240.852792
1.19,5,240.873969
1.36,10,240.907388
1.19,5,240.922632
-0.6,9,240.951956
1.38,12,240.98884
1.38,9,241.016503
1.14,4,241.02878
-0.81,6,241.042616
1.36,8,241.069561
1.17,7,241.089648
1.33,8,241.116277
1.19,5,241.130879
1.22,8,241.158991
1.24,6,241.181011
1.38,10,241.209086
1.64,12,241.245354
1.14,4,241.26028
1.14,4,241.274193
-0.81,5,241.291356
1.14,4,241.304173
1.36,8,241.326086
1.19,5,241.339278
1.26,7,241.364567
-0.79,10,241.394672
-0.4,12,241.434091
1.43,9,241.459743
1.17,7,241.483907
1.28,7,241.505277
1.31,9,241.534937
1.33,7,241.55627
1.17,7,241.582251
1.45,9,241.607689
1.22,8,241.635803
1.25,7,241.660685
-0.7,9,241.688257
1.18,6,241.706234
1.31,7,241.725839
1.17,7,241.751298
1.56,10,241.85453
1.14,4,241.866346
1.29,6,241.890107
1.29,6,241.905902
1.28,7,241.926499
1.16,5,241.938413
1.3,7,241.960346
1.25,7,241.981789
-0.88,6,241.999859
1.19,5,242.018392
1.13,5,242.035843
1.14,4,242.047339
1.44,11,242.08252
1.14,4,242.093899
1.19,5,242.110452
1.48,10,242.1395
1.19,5,242.157708
1.14,4,242.170491
1.14,4,242.186284
1.14,4,242.200499
1.61,13,242.240362
1.29,6,242.255344
1.26,7,242.282123
-0.48,12,242.319216
1.51,9,242.343596
1.38,9,242.376104
1.39,7,242.463005
1.13,5,242.482624
1.29,6,242.500191
1.14,4,242.512857
1.13,5,242.528765
1.14,4,242.541708
1.24,6,242.559078
1.43,8,242.582411
1.24,6,242.602346
1.29,6,242.623854
1.29,6,242.642571
-0.91,10,242.676047
1.19,5,242.694602
1.35,11,242.729087
1.16,8,242.753678
1.12,6,242.77179
1.16,8,242.802057
1.19,5,242.81936
1.18,6,242.837685
1.24,6,242.859283
1.29,6,242.881507
1.14,4,242.89385
1.22,8,242.919508
1.28,8,242.946339
-0.54,11,242.98548
1.19,5,242.999344
1.37,9,243.028852
1.42,10,243.064247
1.24,6,243.083428
1.39,8,243.107415
1.22,8,243.132723
1.14,4,243.146479
1.51,10,243.181452
-0.68,9,243.20993
1.29,6,243.226746
1.34,7,243.246061
1.39,10,243.28505
1.3,9,243.314596
1.44,8,243.340727
1.29,7,243.379692
1.54,12,243.456048
-0.92,5,243.480014
1.12,6,243.505136
1.41,8,243.533691
1.34,7,243.554016
1.19,5,243.570431
1.24,6,243.588818
1.44,12,243.627716
1.6,11,243.665006
1.44,9,243.689158
-0.5,13,243.728251
-0.72,7,243.750505
1.14,4,243.764625
-0.56,10,243.79975
1.14,4,243.810676
1.19,5,243.823294
1.13,5,243.837947
1.49,14,243.885718
-0.81,5,243.902603
1.19,5,243.918218
-0.36,15,243.965277
-0.82,6,243.981643
1.28,10,244.015841
1.18,6,244.032178
1.14,4,244.047564
1.14,4,244.061469
1.12,6,244.0815
1.19,8,244.106002
1.28,7,244.133719
1.54,12,244.168674
1.14,4,244.181808
1.8,12,244.219904
1.18,6,244.237809
1.25,8,244.265424
1.14,4,244.27857
1.19,5,244.294437
1.33,8,244.321147
1.13,5,244.33664
1.17,9,244.366159
1.13,5,244.379922
1.14,4,244.394484
1.14,4,244.407459
1.38,8,244.436153
1.18,6,244.453493
1.19,5,244.471221
1.14,4,244.48527
-0.87,6,244.50497
1.28,7,244.527306
1.36,7,244.553242
1.2,7,244.573172
1.14,4,244.584715
1.19,5,244.599312
1.16,8,244.624735
1.59,13,244.66441
1.27,9,244.694502
1.19,5,244.711592
1.36,7,244.730647
1.44,8,244.755036
1.47,11,244.794697
1.33,8,244.818291
1.32,9,244.850158
1.15,6,244.869491
1.13,5,244.887751
1.17,7,244.913219
1.57,11,244.949017
1.56,14,244.99493
1.33,8,245.021144
1.28,7,245.046777
1.29,6,245.068508
1.13,5,245.087419
1.28,7,245.109774
1.19,5,245.126399
1.16,9,245.155141
1.19,5,245.169283
1.29,6,245.188206
1.36,8,245.217346
-0.89,8,245.247847
1.54,9,245.273651
1.45,9,245.300316
1.36,10,245.332584
1.14,4,245.347214
1.14,4,245.357334
1.14,4,245.369307
1.58,10,245.399141
1.24,6,245.418993
1.14,4,245.431682
1.19,5,245.449648
-0.64,9,245.478895
1.52,12,245.518368
1.36,8,245.544914
1.73,13,245.583671
1.4,10,245.614007
1.28,7,245.63957
1.29,9,245.699403
1.48,10,245.776777
1.53,14,245.819486
1.43,11,245.858755
1.46,12,245.894593
1.32,9,245.922833
1.33,8,245.950383
1.41,12,245.995112
1.29,6,246.01138
1.26,8,246.036595
1.19,5,246.055037
1.46,8,246.083091
1.46,9,246.111247
1.34,9,246.137828
1.33,8,246.166586
1.32,9,246.19942
1.24,6,246.220837
1.43,11,246.259703
1.19,5,246.270504
1.23,7,246.29249
1.24,6,246.309268
1.14,4,246.319562
1.54,10,246.353214
-0.69,7,246.378435
1.24,6,246.401842
1.14,4,246.414934
1.14,4,246.427336
1.19,5,246.443313
1.24,6,246.465161
1.34,7,246.486487
1.21,8,246.512527
-0.74,9,246.544761
1.14,4,246.555079
1.14,4,246.568115
1.14,4,246.582375
1.19,5,246.600054
1.14,4,246.61366
-0.71,7,246.637498
1.14,4,246.650599
1.41,11,246.68376
1.17,7,246.709606
1.21,5,246.722782
1.56,11,246.756885
1.11,7,246.782663
1.18,6,246.79931
1.12,6,246.820163
-0.91,7,246.846443
1.19,5,246.863973
1.58,12,246.902596
1.14,7,246.927984
1.13,5,246.942772
1.2,10,246.979943
1.37,9,247.009965
-0.62,14,247.051388
-0.43,12,247.087282
1.13,5,247.103411
1.31,10,247.137526
1.23,7,247.162839
1.29,6,247.180166
1.59,16,247.232368
1.3,8,247.25871
1.34,7,247.279947
1.28,8,247.305656
-0.87,6,247.328623
1.14,4,247.340916
1.24,6,247.361783
1.24,6,247.379948
1.13,5,247.400321
1.21,5,247.415724
1.3,9,247.446267
1.19,5,247.463718
1.14,4,247.481429
1.19,5,247.501162
-0.24,16,247.551166
1.14,4,247.563608
1.14,4,247.580794
-0.36,14,247.623305
1.34,8,247.650175
1.14,4,247.664248
1.13,5,247.683165
1.19,5,247.702502
1.28,7,247.725389
-0.66,9,247.757842
1.19,5,247.779022
-0.54,8,247.806345
1.35,9,247.837032
1.17,7,247.860597
1.18,6,247.881565
1.22,7,247.903973
1.19,5,247.919257
1.32,9,247.951217
-0.78,10,248.001545
-0.65,10,248.04295
1.24,6,248.065115
1.17,8,248.091502
1.13,5,248.109486
1.25,8,248.143998
1.19,5,248.164826
1.24,6,248.182994
1.5,10,248.226532
-0.63,12,248.27073
1.33,9,248.301166
1.24,6,248.320217
1.14,4,248.335321
-0.72,10,248.369344
1.38,9,248.401235
1.19,5,248.419331
1.39,8,248.449311
1.5,10,248.484153
1.63,11,248.526158
1.19,5,248.541015
1.49,9,248.570162
1.14,4,248.583827
1.29,10,248.617806
1.36,7,248.636815
1.24,6,248.662489
1.41,9,248.694232
1.49,9,248.725026
1.18,6,248.744426
1.19,5,248.761397
1.24,6,248.784493
1.33,8,248.812919
1.38,9,248.844828
1.51,10,248.877856
1.46,12,248.916054
1.66,11,248.952156
1.48,10,248.993384
1.24,6,249.013463
1.18,6,249.038057
1.24,6,249.057661
1.26,10,249.093032
-0.91,4,249.107159
1.29,7,249.129807
1.24,6,249.152489
1.23,7,249.177446
1.19,5,249.196319
-0.52,13,249.241087
1.46,9,249.266386
1.46,9,249.296821
1.19,5,249.314635
1.13,5,249.328903
1.19,5,249.344214
1.41,11,249.380827
1.34,7,249.407095
1.19,5,249.422484
1.27,8,249.447013
1.27,11,249.48143
1.19,5,249.497372
1.29,9,249.523303
1.16,8,249.5456
1.55,11,249.585042
1.39,8,249.612491
1.39,8,249.68683
1.31,6,249.742438
1.24,6,249.758948
1.46,8,249.789885
1.29,6,249.80835
1.24,6,249.825533
1.28,7,249.846582
-0.66,7,249.873705
1.29,6,249.892259
1.46,8,249.915882
1.18,6,249.936864
1.39,8,249.962702
1.4,9,249.993391
1.19,5,250.007468
1.41,9,250.0386
1.19,5,250.059441
1.49,9,250.091327
-0.91,4,250.105155
1.24,6,250.123554
1.54,15,250.175829
1.19,5,250.191264
1.12,6,250.210563
-0.48,11,250.245581
1.34,7,250.266551
1.14,4,250.280137
1.42,13,250.327456
1.28,8,250.3551
1.64,10,250.394421
1.18,6,250.416755
-0.74,10,250.453086
1.29,6,250.47516
1.19,5,250.492686
1.28,8,250.520502
1.23,7,250.545616
1.18,6,250.563346
1.27,9,250.601357
-0.64,11,250.642586
1.26,6,250.663135
1.52,12,250.705379
1.35,9,250.735146
1.47,11,250.77393
-0.82,7,250.797789
1.13,5,250.816844
1.24,6,250.839574
1.38,9,250.869171
1.4,9,250.903799
-0.81,8,250.930263
-0.45,11,250.964799
1.33,11,251.000564
1.24,8,251.028897
1.45,10,251.061643
1.34,7,251.085258
1.44,8,251.112092
1.23,7,251.136729
1.18,6,251.155096
-0.66,10,251.188975
-0.94,7,251.212006
1.24,6,251.231218
1.19,5,251.311412
-0.85,15,251.371535
1.35,9,251.405765
-0.72,7,251.427448
1.17,7,251.451501
-0.6,9,251.485602
1.19,5,251.505296
1.39,8,251.531828
1.28,7,251.551176
-0.72,7,251.57857
1.24,6,251.601212
1.27,9,251.630122
-0.57,12,251.672332
1.36,9,251.707484
1.27,8,251.730996
1.28,8,251.754728
1.23,7,251.778784
1.23,7,251.802476
1.29,6,251.821304
1.14,4,251.833335
1.17,7,251.860042
1.22,7,251.886021
1.55,10,251.929358
1.19,5,251.945829
1.38,8,251.976359
1.37,9,252.014345
1.53,10,252.044626
-0.66,11,252.078459
1.34,7,252.101002
1.39,10,252.137556
1.54,10,252.172608
1.38,9,252.199087
1.18,6,252.216477
1.18,6,252.23937
1.18,6,252.256216
1.15,9,252.287917
1.12,6,252.305356
1.19,5,252.322958
-0.92,5,252.34236
1.18,6,252.359484
1.19,5,252.374566
1.51,13,252.423197
1.25,8,252.448931
-0.31,12,252.482221
1.28,10,252.516417
1.14,4,252.530213
1.61,10,252.560589
1.28,7,252.58482
-0.7,10,252.645737
1.28,7,252.668422
1.39,8,252.691771
1.18,6,252.709774
1.44,8,252.734165
1.19,5,252.755369
1.17,7,252.779386
1.12,6,252.808146
1.22,7,252.829051
1.36,7,252.867276
1.33,8,252.899964
1.47,10,252.939686
1.5,10,252.967432
1.33,8,252.995039
1.2,10,253.032569
1.18,6,253.046485
1.18,6,253.066068
1.24,6,253.091226
-0.66,7,253.118657
1.2,6,253.138738
1.33,10,253.173939
1.19,5,253.191234
1.19,5,253.206747
1.42,11,253.246141
1.18,6,253.270137
1.18,6,253.291001
1.34,7,253.317009
1.36,7,253.340897
1.21,9,253.363919
1.28,7,253.388597
1.28,7,253.408946
1.19,5,253.429828
1.34,7,253.447559
1.19,8,253.482277
1.19,5,253.505148
1.18,6,253.523819
1.19,5,253.539163
-0.65,9,253.572306
-0.51,12,253.61031
1.19,5,253.626874
1.2,9,253.65739
-0.72,11,253.694597
1.33,8,253.721866
1.3,11,253.752541
1.14,4,253.764534
1.34,7,253.789163
1.13,5,253.809034
1.18,6,253.827805
1.19,5,253.843411
1.17,7,253.866968
1.41,9,253.894068
1.19,5,253.913156
1.41,8,253.941789
1.36,9,253.97502
1.38,14,254.034836
1.19,5,254.10148
1.18,6,254.116298
1.38,10,254.152537
1.29,6,254.171357
1.38,9,254.19592
1.33,8,254.222032
1.39,8,254.250971
1.39,8,254.274655
1.43,9,254.321912
-0.81,5,254.338608
1.17,7,254.367182
1.24,6,254.385623
1.28,7,254.408692
1.14,10,254.440541
1.24,6,254.46389
1.24,6,254.484375
1.53,11,254.524482
1.11,8,254.562152
1.32,9,254.691612
1.16,8,254.711329
1.32,9,254.742608
1.21,5,254.757897
1.47,11,254.806345
1.23,7,254.826588
1.23,7,254.85041
1.38,8,254.875947
1.18,6,254.901191
1.32,9,254.932596
1.13,5,254.945472
1.24,9,254.981741
1.53,10,255.022958
1.44,9,255.051203
1.28,8,255.078289
1.32,9,255.109331
1.34,7,255.13924
1.21,6,255.161733
1.34,7,255.194394
1.44,10,255.235736
1.19,5,255.254268
-0.78,8,255.280571
1.24,6,255.307728
-0.72,8,255.336504
1.23,7,255.360381
-0.43,12,255.404324
1.34,7,255.425226
1.67,12,255.477563
1.18,6,255.514844
1.3,7,255.547039
1.34,7,255.588561
1.26,6,255.622721
1.34,8,255.700361
-0.67,8,255.777195
1.23,7,255.828375
1.38,9,255.906974
1.43,11,255.971381
1.21,6,256.006928
1.17,10,256.061389
1.19,5,256.09215
1.14,4,256.107668
1.56,13,256.15965
1.41,8,256.189993
1.19,5,256.213917
1.29,6,256.242972
1.46,12,256.287079
1.26,9,256.32227
1.53,13,256.377823
1.48,11,256.422708
1.19,5,256.44247
-0.89,11,256.48266
1.14,4,256.494342
1.22,8,256.524937
1.17,7,256.553596
1.53,10,256.588176
1.33,8,256.612032
1.14,4,256.628325
1.41,8,256.676169
1.19,5,256.693569
1.38,8,256.723055
1.38,9,256.760087
1.19,5,256.776096
1.39,8,256.80077
1.14,4,256.810658
1.17,7,256.837754
1.34,7,256.863628
1.34,7,256.891334
1.3,10,256.942517
1.49,11,256.995439
1.19,5,257.020899
1.27,8,257.056286
1.75,14,257.098984
1.14,4,257.110061
1.18,6,257.134637
1.24,6,257.156015
1.26,7,257.189008
1.21,8,257.312417
1.19,5,257.326998
1.19,5,257.342685
1.19,5,257.364236
-0.69,11,257.402685
1.41,8,257.435187
1.35,10,257.475094
1.27,8,257.509561
1.28,7,257.549695
1.21,5,257.56447
1.12,6,257.579298
1.23,7,257.600631
1.28,7,257.627128
1.27,9,257.657352
1.46,8,257.686854
1.43,9,257.720259
1.24,6,257.749134
1.14,4,257.763613
1.12,6,257.784383
1.39,8,257.808768
1.43,10,257.852462
1.19,5,257.868159
1.36,11,257.904126
1.49,13,257.942976
1.44,10,257.982724
1.44,9,258.010013
1.51,9,258.041298
1.14,4,258.053775
-0.67,13,258.096848
1.29,6,258.119825
-0.71,12,258.161548
1.18,8,258.187516
-0.84,8,258.221142
1.34,7,258.248569
1.24,6,258.268679
1.14,4,258.282439
1.33,11,258.387026
1.29,6,258.415106
1.23,7,258.442914
1.14,4,258.45603
1.18,6,258.481396
1.53,10,258.512035
1.14,4,258.524526
1.19,5,258.538561
1.28,7,258.566527
1.24,6,258.587394
1.45,9,258.614136
-0.84,8,258.636335
1.19,5,258.653524
1.34,9,258.6832
1.18,6,258.704873
1.19,5,258.720578
1.46,9,258.750441
1.14,4,258.761946
1.34,7,258.78685
1.44,8,258.809913
1.71,14,258.85873
1.19,5,258.872647
1.39,8,258.894459
1.5,12,258.936744
1.27,9,258.969527
1.24,6,258.990988
1.3,7,259.012364
1.14,4,259.022688
1.33,7,259.04601
1.19,8,259.071088
1.19,5,259.087264
-0.49,10,259.119179
1.24,6,259.138844
-0.66,13,259.182425
1.34,7,259.201148
1.19,5,259.221945
1.44,10,259.25688
1.45,10,259.2925
1.18,6,259.308574
1.37,10,259.340758
1.18,6,259.359395
1.34,7,259.383405
1.24,6,259.400498
1.19,5,259.422738
1.2,8,259.467674
1.54,9,259.496969
1.14,4,259.509437
1.62,12,259.549481
1.51,9,259.583697
1.24,6,259.602806
1.23,7,259.622423
1.32,9,259.660817
1.19,5,259.683206
1.49,9,259.723861
1.24,6,259.756469
1.18,6,259.787325
1.38,9,259.836429
1.19,5,259.854165
1.38,8,259.881107
1.14,4,259.890601
1.38,8,259.922062
-0.65,11,259.967799
1.38,8,259.990998
1.19,5,260.007203
1.54,11,260.04412
1.8,15,260.09608
1.19,5,260.113313
1.28,7,260.136127
1.24,6,260.163835
1.29,6,260.18214
-0.61,10,260.218358
1.46,8,260.248525
1.19,5,260.265314
1.38,9,260.295505
1.27,8,260.320769
1.23,9,260.352121
1.38,9,260.387769
-0.71,11,260.421376
1.28,7,260.446476
1.27,11,260.483452
1.37,10,260.52993
1.35,8,260.632087
1.23,6,260.651809
1.39,8,260.677692
1.19,5,260.697187
1.46,9,260.727659
1.19,5,260.748621
1.18,6,260.772466
1.29,6,260.806714
-0.64,8,260.841862
-0.81,5,260.862932
1.32,9,260.890072
1.39,8,260.921864
1.19,5,260.937134
1.36,8,260.964691
1.14,4,260.974637
1.19,5,260.997804
1.34,7,261.02017
1.34,7,261.045801
1.14,4,261.057443
1.27,8,261.091357
1.33,9,261.130439
1.34,7,261.15766
1.28,7,261.183813
1.14,4,261.202296
1.67,12,261.257853
1.24,6,261.281177
1.44,9,261.320489
1.28,8,261.362638
1.14,4,261.381621
1.19,5,261.400387
1.25,8,261.436638
1.45,9,261.474751
1.24,6,261.507042
1.29,8,261.557105
1.45,10,261.597327
1.34,7,261.624737
1.38,9,261.665493
1.38,9,261.700965
1.27,9,261.738299
1.13,5,261.762145
1.19,5,261.7825
1.16,5,261.802747
1.29,6,261.830217
1.22,8,261.868097
1.14,4,261.894739
1.65,12,261.936038
1.18,6,261.956769
1.35,8,261.994524
1.33,8,262.022603
1.29,7,262.05988
1.34,7,262.086638
1.29,6,262.107682
1.28,7,262.14619
1.32,9,262.180786
1.19,5,262.204581
1.19,5,262.228551
1.23,7,262.261909
1.28,7,262.287969
-0.87,11,262.335853
1.46,9,262.369661
1.33,8,262.399766
1.27,9,262.443293
-0.71,7,262.466326
1.24,6,262.494071
1.48,11,262.536015
-0.72,7,262.556924
-0.56,11,262.602588
1.24,6,262.648732
1.14,4,262.678832
1.24,6,262.712147
-0.55,11,262.77947
1.16,5,262.812974
1.46,10,262.856902
1.18,6,262.879301
1.47,10,262.923876
1.62,11,262.96877
1.14,4,262.980505
1.33,8,263.006181
1.36,7,263.033532
1.14,4,263.051567
1.29,6,263.075392
-0.73,9,263.10503
1.49,9,263.142683
1.36,8,263.175511
1.19,5,263.194127
1.29,6,263.213797
1.38,11,263.255486
1.19,5,263.278352
1.18,6,263.2976
1.49,9,263.412535
1.19,5,263.425658
1.46,8,263.453691
1.51,9,263.486279
-0.66,8,263.515949
1.44,10,263.547406
1.45,9,263.580141
1.39,11,263.620378
1.17,7,263.642905
1.14,4,263.654736
-0.61,8,263.68588
1.7,12,263.730937
1.24,6,263.756762
1.35,8,263.795318
1.19,5,263.819723
1.29,6,263.841145
-0.81,5,263.858887
1.56,9,263.894562
-0.5,16,263.953487
1.41,9,263.98404
1.44,11,264.021585
1.31,7,264.045905
1.17,7,264.071831
1.45,10,264.10508
1.29,7,264.130045
1.12,6,264.149508
1.21,9,264.193393
-0.54,9,264.222
1.24,6,264.239747
1.5,10,264.273808
1.27,8,264.302467
-0.42,11,264.33594
1.23,7,264.352355
1.32,9,264.385463
-0.87,6,264.407423
1.24,6,264.429635
1.43,10,264.462637
1.28,8,264.490023
1.44,10,264.53054
-0.65,9,264.563151
1.39,8,264.589784
1.43,9,264.61935
-0.41,12,264.661848
1.45,9,264.688035
1.14,4,264.699068
-0.77,7,264.719904
1.19,5,264.741806
1.14,4,264.753225
1.14,4,264.767462
1.47,11,264.804616
1.17,7,264.908084
1.38,9,264.933852
-0.58,9,264.964445
1.37,13,265.009992
1.35,8,265.041481
1.38,8,265.0655
1.24,9,265.095145
1.33,9,265.12493
1.13,5,265.141599
1.4,8,265.168574
1.24,6,265.18645
1.41,7,265.20703
1.17,7,265.23093
1.29,6,265.250651
1.34,7,265.272047
1.38,11,265.305785
1.24,6,265.332381
1.44,8,265.358282
1.19,5,265.373587
1.49,9,265.403176
1.14,4,265.418874
1.34,7,265.442501
1.14,4,265.454199
1.34,7,265.479739
1.66,10,265.512604
1.24,6,265.532916
1.19,5,265.548163
1.19,5,265.563951
1.19,5,265.5845
1.29,7,265.607579
1.13,5,265.626823
1.28,7,265.647414
1.4,9,265.680664
1.39,11,265.717379
1.13,5,265.733318
1.63,11,265.770571
1.36,8,265.802231
1.19,5,265.824786
1.19,5,265.841148
1.3,7,265.864402
1.22,8,265.895527
1.29,9,265.927821
1.33,8,265.951006
1.35,9,265.979994
1.4,8,266.009378
1.19,5,266.02617
1.29,7,266.055595
1.29,6,266.078655
1.39,8,266.110632
1.25,7,266.128067
1.45,9,266.155382
1.34,10,266.181164
1.3,7,266.208519
1.24,6,266.225322
1.51,9,266.256196
-0.47,11,266.293895
1.14,4,266.308666
1.24,8,266.333642
1.47,10,266.367536
1.34,7,266.391761
1.5,10,266.426575
1.29,6,266.448321
1.28,7,266.465857
1.55,11,266.500383
-0.64,7,266.524887
-0.44,15,266.574675
-0.68,9,266.601838
1.14,4,266.614527
-0.72,8,266.641808
1.35,9,266.669256
1.48,10,266.719052
1.18,6,266.733309
1.14,4,266.748817
1.19,5,266.765655
1.19,5,266.784327
1.14,4,266.799319
1.14,4,266.820628
1.34,7,266.843334
1.18,6,266.864466
1.29,6,266.883223
-0.81,5,266.908521
1.28,7,266.94319
1.19,5,266.962199
-0.69,7,266.983177
1.17,7,267.009882
1.19,5,267.024879
1.19,5,267.044455
1.27,8,267.069482
1.28,7,267.09236
1.27,8,267.114915
1.34,9,267.151934
1.56,10,267.184194
1.34,7,267.214328
1.35,8,267.246422
1.18,6,267.26732
-0.78,11,267.300096
1.18,6,267.324135
1.45,10,267.352955
1.14,4,267.363499
-0.78,11,267.399861
1.64,11,267.453607
1.35,9,267.490541
-0.8,7,267.516402
1.45,11,267.63427
1.24,6,267.657612
1.24,6,267.679531
1.17,7,267.713552
1.24,6,267.734208
1.73,10,267.767947
1.29,6,267.790294
1.19,5,267.805251
-0.71,6,267.825044
1.31,10,267.860801
1.25,7,267.883711
1.34,7,267.910563
1.25,8,267.937532
1.28,8,267.983662
1.18,6,268.011188
1.28,8,268.044959
1.35,8,268.073366
1.28,8,268.100677
1.34,7,268.127996
1.29,6,268.144439
1.52,10,268.186262
-0.37,11,268.223732
1.31,10,268.250677
1.2,7,268.273091
1.28,7,268.293712
1.36,8,268.324923
1.27,8,268.351125
1.8,13,268.397718
1.14,4,268.410034
1.14,4,268.426032
1.18,6,268.445313
1.28,8,268.548128
1.13,5,268.559909
1.35,8,268.59602
1.28,7,268.616252
1.14,4,268.629465
1.14,4,268.643353
1.26,7,268.669147
1.23,7,268.694864
1.19,5,268.711974
1.33,8,268.738437
1.26,6,268.75942
1.31,8,268.786098
1.48,10,268.82508
1.36,7,268.856868
1.58,11,268.895718
1.29,6,268.916221
-0.77,7,268.941134
1.14,4,268.954576
1.47,10,268.995058
1.34,7,269.017975
1.14,4,269.031401
1.54,10,269.062808
1.19,5,269.081638
1.12,6,269.099617
1.2,7,269.125985
1.24,6,269.143884
1.34,13,269.192482
1.26,7,269.21858
1.28,8,269.242876
1.19,5,269.25999
1.24,6,269.279327
1.25,8,269.308179
1.39,8,269.333067
1.34,7,269.358012
1.18,6,269.382287
1.53,11,269.422615
1.44,9,269.450241
1.19,5,269.47072
1.39,8,269.498207
-0.93,6,269.515873
1.19,5,269.529276
1.31,10,269.562693
1.29,6,269.583589
1.28,6,269.611289
-0.84,9,269.640523
1.36,7,269.66197
1.28,7,269.689096
1.14,4,269.699231
1.35,8,269.726834
1.19,5,269.742715
1.51,9,269.773153
1.43,8,269.795501
1.35,9,269.825967
1.47,11,269.858809
1.14,4,269.87407
1.24,6,269.893978
1.14,4,269.907494
1.24,8,269.933434
1.33,8,269.979097
1.25,10,270.029272
1.28,7,270.063079
1.19,5,270.083761
1.38,8,270.121223
1.19,5,270.136764
1.23,7,270.16141
-0.67,9,270.191058
1.19,5,270.211135
1.48,10,270.24252
1.41,8,270.270658
-0.64,8,270.295621
1.33,8,270.321641
1.18,6,270.341231
1.19,5,270.357117
1.41,8,270.381342
1.14,4,270.396709
1.36,8,270.424054
1.14,4,270.436728
1.24,6,270.455935
-0.76,9,270.490032
1.37,10,270.521007
1.24,6,270.541725
1.54,9,270.573311
1.34,10,270.610235
1.3,8,270.637338
-0.54,12,270.675328
1.19,5,270.694088
1.19,5,270.709584
1.36,8,270.739691
1.35,8,270.765591
1.13,5,270.782362
1.14,4,270.797153
1.39,8,270.82281
-0.56,9,270.854274
1.18,6,270.874794
1.41,11,270.912087
1.19,5,270.927546
1.17,7,270.950308
1.27,9,270.978242
1.24,6,270.994921
-0.61,8,271.021885
1.29,6,271.043778
1.19,5,271.059779
1.34,8,271.088698
1.18,6,271.109977
1.24,6,271.12899
1.18,6,271.147235
1.18,6,271.165594
1.19,5,271.179102
1.5,11,271.218262
1.14,4,271.231453
1.16,8,271.258562
1.11,7,271.282808
-0.92,5,271.298994
1.34,7,271.323663
1.18,6,271.343556
1.19,5,271.361475
1.21,5,271.378285
1.37,9,271.490524
1.66,10,271.53174
1.18,6,271.551347
1.19,5,271.567719
1.33,8,271.597599
1.34,7,271.627135
1.24,6,271.655315
1.33,10,271.692375
1.35,8,271.725554
1.33,8,271.75712
-0.85,9,271.792636
1.29,6,271.811728
1.34,7,271.834757
1.65,12,271.877913
1.28,8,271.904318
1.28,7,271.922006
-0.86,5,271.941748
-0.79,6,271.959934
1.37,9,271.988939
1.18,6,272.007745
1.14,4,272.019471
1.14,4,272.031587
1.55,13,272.075747
1.16,8,272.102528
1.14,4,272.113764
1.19,5,272.132513
1.14,4,272.145684
1.41,11,272.18006
1.2,7,272.202682
1.24,6,272.221246
1.14,4,272.23258
-0.51,9,272.260723
1.46,9,272.286978
-0.67,8,272.313534
1.22,7,272.336875
1.45,9,272.364138
1.24,11,272.400779
1.12,6,272.421692
1.41,8,272.444976
1.24,6,272.466456
1.19,5,272.479226
1.19,8,272.509084
1.23,7,272.534326
1.19,5,272.545743
-0.74,10,272.581357
1.19,5,272.603311
1.19,5,272.619353
1.61,10,272.650552
1.53,11,272.680735
1.28,7,272.707217
1.47,11,272.742785
-0.7,12,272.77641
1.29,6,272.79455
1.19,5,272.813111
1.73,12,272.854067
1.56,14,272.902942
1.18,6,272.920668
-0.57,10,272.954447
1.46,8,272.977275
1.14,4,272.990317
1.14,4,273.00315
1.39,8,273.031153
1.14,4,273.042271
1.36,7,273.067183
1.44,8,273.093741
1.14,4,273.109532
1.24,6,273.127622
1.18,6,273.148972
1.33,8,273.175335
1.34,7,273.200001
1.4,11,273.230523
1.29,6,273.252073
1.32,8,273.277514
1.59,10,273.312479
1.42,9,273.341927
-0.4,15,273.387328
1.24,6,273.408348
1.34,7,273.428913
1.17,7,273.451527
1.18,6,273.470222
1.44,8,273.495028
1.45,10,273.533361
1.29,6,273.555842
1.3,7,273.577652
1.2,7,273.603573
1.39,8,273.703601
1.19,5,273.716431
1.54,9,273.745486
-0.82,6,273.761334
1.59,10,273.7993
-0.82,6,273.819215
1.24,6,273.840421
-0.67,8,273.869324
1.24,6,273.888208
1.29,8,273.911321
1.19,5,273.926913
1.28,7,273.949087
1.19,5,273.966855
1.38,8,273.991949
1.14,4,274.00448
1.13,5,274.02194
1.36,7,274.041349
1.45,10,274.07463
1.14,4,274.088148
1.14,4,274.101063
1.24,6,274.123055
-0.45,15,274.168045
1.14,7,274.188253
1.18,6,274.204389
1.13,5,274.225175
1.34,7,274.242291
1.14,4,274.25559
-0.43,15,274.302775
1.2,7,274.328611
1.24,6,274.347332
1.35,9,274.377408
1.24,6,274.396475
1.19,5,274.414957
1.36,9,274.442982
1.12,6,274.461863
1.44,8,274.489917
1.29,6,274.512069
1.24,6,274.527454
1.28,8,274.556786
1.18,6,274.579284
1.29,6,274.601336
1.44,8,274.626361
1.43,9,274.656838
1.29,6,274.674029
1.49,9,274.707699
1.19,5,274.722639
1.24,6,274.743413
1.2,9,274.772679
-0.76,12,274.808474
1.19,5,274.824649
1.24,6,274.84409
1.33,8,274.871261
1.34,7,274.89542
1.55,10,274.924279
1.19,5,274.939013
1.29,6,274.960623
1.32,9,274.988115
1.4,9,275.016188
1.25,10,275.049372
1.12,6,275.06684
1.34,7,275.091616
1.34,7,275.119944
1.22,8,275.142885
1.6,10,275.169829
1.21,8,275.196105
1.29,9,275.289148
1.38,9,275.325458
1.46,11,275.36144
1.34,7,275.384486
1.17,7,275.405472
1.37,9,275.43505
1.39,8,275.458934
1.51,9,275.494831
1.24,6,275.513457
1.28,7,275.536449
1.24,6,275.552303
1.44,8,275.581658
1.32,7,275.608025
1.28,7,275.632074
1.18,6,275.647851
1.19,5,275.668788
1.29,8,275.692312
1.14,4,275.705693
1.29,6,275.720457
1.18,6,275.741741
1.29,6,275.758648
1.28,7,275.782849
1.51,9,275.813401
1.16,8,275.842754
-0.88,7,275.865734
1.28,7,275.884736
1.36,7,275.903715
1.34,7,275.929427
1.33,8,275.955259
1.33,8,275.979418
1.18,6,276.002029
1.29,6,276.023363
1.28,7,276.049113
-0.54,12,276.086449
1.13,5,276.103033
1.19,5,276.12176
1.44,8,276.143748
1.12,6,276.163697
1.29,7,276.187637
-0.57,8,276.213197
1.3,7,276.232909
1.38,9,276.265607
1.14,10,276.294279
1.13,5,276.309199
1.74,12,276.350031
1.47,9,276.379196
1.36,8,276.402635
1.22,8,276.434051
1.34,7,276.452505
-0.57,9,276.481665
1.24,6,276.49747
1.24,6,276.519729
1.29,6,276.536747
1.14,4,276.550058
1.18,6,276.570647
1.19,7,276.592872
1.53,11,276.633997
-0.43,11,276.668206
1.29,6,276.68597
1.24,6,276.7072
1.34,9,276.737739
1.38,9,276.76544
1.54,11,276.802802
1.29,6,276.825939
1.34,7,276.847553
1.19,5,276.867108
1.23,7,276.888499
1.21,6,276.912956
1.43,11,276.951363
-0.52,12,276.987404
1.48,10,277.015735
1.51,9,277.044623
1.19,5,277.059274
1.29,6,277.074571
1.19,5,277.088512
1.19,5,277.108491
1.4,9,277.13946
1.19,5,277.155158
1.19,5,277.170231
-0.68,10,277.206346
1.27,8,277.232504
1.26,6,277.250057
1.46,9,277.27953
1.54,10,277.31448
1.38,8,277.338586
1.2,7,277.362464
1.19,8,277.386353
1.24,6,277.405538
1.39,9,277.437624
-0.75,8,277.466737
1.41,11,277.496654
1.34,12,277.536186
1.29,6,277.557296
-0.76,6,277.576313
1.2,10,277.614971
1.5,11,277.654883
1.19,5,277.670911
1.28,7,277.690392
1.12,7,277.714047
1.13,9,277.744961
1.35,8,277.769238
1.29,6,277.787334
1.19,5,277.80342
-0.82,6,277.825762
1.33,8,277.850673
1.39,10,277.88309
1.2,7,277.902488
-0.79,6,277.927611
-0.59,9,277.957412
1.34,7,277.980463
1.29,6,277.998546
1.13,5,278.015599
1.24,6,278.034234
1.19,5,278.050012
1.43,12,278.089636
-0.82,7,278.117838
1.17,8,278.14453
-0.69,10,278.172609
1.18,6,278.197183
1.13,5,278.216206
1.44,8,278.23903
1.51,10,278.273239
1.24,6,278.291076
1.19,5,278.306129
1.19,5,278.321893
1.25,8,278.348702
1.18,6,278.364385
-0.66,7,278.387851
1.24,6,278.405729
1.18,6,278.423382
1.4,9,278.452672
1.19,5,278.468437
1.21,6,278.487502
1.14,4,278.501116
1.29,6,278.518382
1.29,7,278.545286
1.25,8,278.568683
1.29,6,278.588751
1.29,6,278.605297
1.25,10,278.647745
1.19,5,278.663025
1.46,9,278.692073
1.24,6,278.713322
-0.41,11,278.751248
1.56,9,278.783176
1.19,5,278.797739
1.22,8,278.82158
1.56,10,278.85331
1.46,8,278.880173
1.22,10,278.913754
1.45,10,278.941662
1.33,8,278.968783
1.28,7,278.988115
-0.79,6,279.010766
1.24,6,279.023439
1.14,4,279.038391
1.19,5,279.134358
1.26,7,279.157152
1.14,4,279.168032
1.19,5,279.186945
1.51,10,279.221204
1.28,7,279.243444
1.34,7,279.261393
1.22,8,279.287844
1.34,7,279.312683
1.29,6,279.332736
1.28,7,279.35067
1.18,6,279.371597
1.31,10,279.403882
-0.52,12,279.4388
1.23,7,279.46308
1.32,9,279.496217
1.41,8,279.521966
1.45,9,279.552153
-0.72,10,279.582657
1.24,6,279.605213
1.25,8,279.632843
1.49,8,279.656201
1.37,10,279.689369
1.53,11,279.730282
1.29,6,279.747359
1.14,4,279.761643
1.24,6,279.783126
1.18,6,279.804153
1.24,6,279.82581
1.23,7,279.848235
1.55,11,279.881256
1.37,9,279.915085
1.24,6,279.929739
-0.62,12,279.9685
1.58,11,280.003891
1.24,6,280.025057
1.23,10,280.058292
1.18,6,280.077211
1.29,6,280.097981
1.5,10,280.135455
1.23,7,280.156227
1.21,9,280.186208
1.37,10,280.217016
1.24,6,280.236635
1.18,6,280.25942
1.19,5,280.275188
1.25,7,280.294665
-0.71,7,280.319974
1.16,5,280.336145
1.36,8,280.36379
1.18,6,280.378889
1.13,5,280.398777
1.55,11,280.428796
1.14,4,280.438611
1.28,7,280.462642
1.24,6,280.484038
1.19,5,280.498345
1.23,7,280.518867
1.24,6,280.534453
1.51,9,280.564883
1.2,7,280.585129
1.19,5,280.60107
1.23,7,280.625849
1.24,6,280.646004
1.18,6,280.663625
1.28,7,280.688692
1.29,7,280.710798
1.42,9,280.736541
1.53,11,280.772997
1.33,8,280.800461
1.28,7,280.818897
1.19,5,280.840484
1.29,6,280.858155
1.33,8,280.884123
1.41,12,280.923768
1.4,11,280.963305
1.19,5,280.978384
1.41,10,281.011628
1.43,10,281.037665
1.29,6,281.061746
1.44,10,281.09402
1.45,9,281.118889
1.29,7,281.141156
1.24,6,281.164444
1.28,7,281.185875
1.43,9,281.215058
1.24,6,281.232148
1.29,8,281.261799
1.28,8,281.287759
1.43,9,281.313666
1.26,6,281.332661
1.51,9,281.365485
1.24,6,281.385452
1.19,5,281.40107
1.19,5,281.41729
1.18,6,281.437185
1.29,6,281.453384
1.24,8,281.48096
1.43,9,281.505301
1.24,6,281.529279
1.29,6,281.54649
1.39,8,281.572176
1.46,8,281.597718
1.38,9,281.631578
1.28,9,281.65971
1.22,11,281.699109
1.19,5,281.713054
-0.68,9,281.746818
1.19,5,281.760115
1.14,4,281.772138
1.54,10,281.809971
1.36,8,281.840039
1.41,8,281.862662
1.23,7,281.885779
1.24,8,281.915164
1.22,8,281.944831
1.19,5,281.959799
1.29,6,281.978821
1.63,11,282.013774
1.18,6,282.034017
1.37,9,282.064122
1.14,4,282.07414
1.23,7,282.095718
-0.26,17,282.149017
1.34,7,282.17145
1.23,7,282.191427
-0.82,12,282.227364
1.16,8,282.255978
1.18,6,282.274796
1.19,5,282.286778
1.34,7,282.306139
1.22,8,282.336016
1.18,6,282.351984
1.19,5,282.367214
1.29,6,282.383333
1.18,6,282.40289
-0.74,10,282.435698
1.19,5,282.450609
1.31,9,282.479208
1.14,4,282.493419
-0.51,11,282.524953
-0.51,12,282.560478
1.31,10,282.59025
1.26,6,282.611364
1.12,7,282.63445
1.24,8,282.660933
1.18,6,282.68185
1.28,7,282.707654
1.28,7,282.732124
1.34,7,282.753852
1.34,7,282.777739
1.28,7,282.798971
1.23,7,282.822485
1.39,8,282.848672
1.33,8,282.87622
1.24,6,282.898836
1.34,7,282.916807
1.34,7,282.941852
1.13,5,282.953256
1.47,10,282.989049
1.44,8,283.014826
-0.81,5,283.030156
1.3,7,283.054056
1.25,7,283.078777
1.39,8,283.10735
1.23,7,283.222256
1.18,6,283.24145
1.38,8,283.270268
1.14,4,283.336636
1.29,7,283.369057
1.28,7,283.39119
1.36,7,283.417141
1.51,9,283.448698
1.45,10,283.483604
1.34,7,283.509002
1.17,7,283.534142
1.24,6,283.556674
1.27,9,283.589943
1.34,7,283.615701
1.4,11,283.652398
1.48,9,283.684889
-0.74,6,283.705484
1.25,7,283.732981
-0.76,8,283.763127
1.23,7,283.787085
1.23,7,283.809515
1.14,4,283.820593
1.68,11,283.859694
1.46,8,283.88554
1.19,5,283.905596
1.18,6,283.925609
1.13,5,283.944609
1.34,7,283.969362
1.15,9,283.99998
1.33,8,284.026647
1.41,9,284.061843
1.12,6,284.080521
1.31,8,284.107094
1.45,9,284.135773
-0.82,6,284.164816
-0.28,13,284.206312
1.19,5,284.224396
1.14,4,284.237967
1.59,11,284.277545
1.23,6,284.299385
1.14,4,284.313496
1.19,5,284.328135
1.29,9,284.358432
-0.74,10,284.391701
1.16,5,284.408166
1.65,12,284.447866
1.42,10,284.480986
1.17,7,284.503846
1.31,7,284.52843
1.4,9,284.557011
1.36,8,284.586394
1.52,11,284.626932
1.18,6,284.645285
1.27,8,284.66753
1.19,5,284.691023
1.23,7,284.711901
1.17,7,284.736392
1.23,7,284.761075
1.18,6,284.780462
1.38,9,284.813046
1.35,10,284.842197
1.24,6,284.861049
1.13,6,284.879975
1.55,11,284.91778
1.28,7,284.937117
1.18,6,284.95175
1.67,12,284.990085
1.19,5,285.001369
1.63,12,285.040487
1.63,11,285.070122
1.17,7,285.099937
1.19,8,285.126314
1.67,12,285.165399
1.17,7,285.185515
1.22,8,285.211383
1.31,10,285.241291
1.23,7,285.264499
1.38,11,285.297626
1.22,8,285.323509
1.17,7,285.344589
-0.56,9,285.374296
1.33,8,285.395478
1.24,6,285.415883
1.33,8,285.443162
1.23,7,285.466288
1.21,8,285.492609
1.46,9,285.524136
-0.71,7,285.547013
1.24,6,285.563189
1.59,10,285.5981
1.23,7,285.625465
1.38,8,285.648171
1.3,8,285.675488
1.18,6,285.692427
1.19,5,285.709264
1.2,8,285.734721
1.43,10,285.772759
1.33,8,285.800086
-0.66,7,285.827577
-0.77,7,285.848432
1.14,4,285.860113
1.33,8,285.886643
1.38,9,285.920912
1.47,12,285.950208
1.34,7,285.967947
1.44,8,285.99405
1.13,5,286.013159
1.29,10,286.046103
1.19,5,286.061534
1.62,11,286.097376
1.28,7,286.124839
1.39,9,286.153229
1.31,7,286.177789
1.49,11,286.221923
1.36,8,286.25316
1.43,9,286.279928
1.24,6,286.29718
1.19,5,286.315376
1.29,6,286.333725
1.19,5,286.352884
1.14,4,286.375071
1.29,6,286.401874
-0.82,7,286.443788
1.19,5,286.464998
-0.77,7,286.503798
1.45,12,286.56012
-0.51,9,286.598102
1.46,9,286.631715
1.19,5,286.645999
1.18,8,286.675415
1.66,12,286.727812
1.31,10,286.772402
1.26,10,286.807065
1.55,10,286.852988
-0.74,12,286.905052
1.32,12,286.961455
1.37,10,286.998281
-0.75,7,287.10143
1.29,6,287.128182
1.55,11,287.164656
-0.62,9,287.202041
1.23,7,287.226867
1.35,8,287.268529
1.38,9,287.310268
1.33,7,287.331401
1.19,5,287.350105
1.38,9,287.378978
1.28,7,287.403428
1.24,6,287.421937
1.17,7,287.44535
1.51,9,287.476703
1.3,7,287.496319
1.45,9,287.52605
1.49,9,287.555369
1.51,10,287.587119
1.18,6,287.603777
1.5,10,287.633345
-0.73,8,287.659482
1.23,7,287.690719
1.36,10,287.720331
1.29,7,287.742386
1.24,9,287.771436
1.14,4,287.785176
1.23,7,287.811167
1.43,10,287.841383
1.19,5,287.860141
1.18,6,287.881287
1.45,10,287.916159
1.45,11,287.948793
1.44,8,287.976789
1.51,10,288.013988
1.21,11,288.04853
1.19,5,288.064239
1.48,12,288.104779
1.19,5,288.12105
1.29,6,288.140028
1.31,7,288.161401
1.39,8,288.18835
1.29,7,288.220135
-0.56,14,288.263364
1.19,5,288.278757
1.24,6,288.297539
1.48,10,288.341558
1.38,9,288.370845
1.2,7,288.394017
1.49,9,288.423511
1.49,9,288.459718
1.29,6,288.483358
1.43,9,288.511081
1.13,5,288.525739
1.36,8,288.553959
1.54,10,288.591131
1.33,8,288.613767
1.12,6,288.629278
1.17,7,288.655986
1.39,8,288.683188
1.15,6,288.7071
1.33,8,288.732848
1.36,8,288.758817
-0.86,5,288.774047
1.24,6,288.792255
1.19,5,288.809957
1.45,9,288.839732
-0.58,10,288.871413
1.19,5,288.890556
1.23,7,288.913241
-0.91,4,288.930188
1.19,5,288.948877
1.23,7,288.970821
1.19,5,288.989175
-0.81,5,289.008924
1.21,9,289.035828
1.23,7,289.057209
1.29,6,289.073539
1.56,10,289.108674
1.25,8,289.133904
1.24,6,289.153244
1.19,5,289.170785
1.28,7,289.193777
1.23,6,289.21318
1.17,7,289.238879
1.29,6,289.255776
1.44,8,289.282537
1.18,6,289.302042
1.34,7,289.329434
1.23,7,289.367948
1.59,11,289.488502
1.36,7,289.513303
1.29,7,289.540329
1.28,7,289.563169
1.13,5,289.591276
1.19,5,289.620083
1.37,8,289.666132
1.39,14,289.720959
1.6,11,289.760437
-0.63,10,289.786961
1.21,6,289.807155
1.17,9,289.840551
1.39,7,289.875309
1.63,15,289.928892
1.26,9,289.958551
1.41,11,289.996075
1.18,6,290.019006
1.29,6,290.041232
-0.47,10,290.077671
1.34,7,290.104083
1.22,8,290.13351
1.37,10,290.164282
1.54,12,290.212651
1.3,7,290.240454
1.33,8,290.273567
1.32,9,290.304728
1.28,7,290.329342
1.44,11,290.373492
1.46,8,290.407182
1.59,12,290.449851
1.44,8,290.475654
-0.75,10,290.509651
1.32,10,290.54585
1.17,7,290.572679
1.27,8,290.603895
1.24,6,290.623084
1.29,6,290.652269
1.24,8,290.681912
1.29,6,290.701643
1.43,9,290.730988
-0.72,7,290.760547
1.44,8,290.791453
1.19,5,290.806787
1.24,6,290.826182
1.18,6,290.850037
1.51,9,290.881338
1.34,7,290.902639
1.51,9,290.936894
-0.83,7,290.961173
1.19,5,290.984803
1.34,10,291.020383
1.23,9,291.050402
1.61,10,291.086491
1.45,9,291.115121
1.34,7,291.140737
1.18,6,291.1593
1.28,7,291.186949
1.35,8,291.210761
-0.73,10,291.246113
1.41,8,291.272743
1.32,9,291.302991
1.26,9,291.331825
-0.77,7,291.358688
-0.52,9,291.47164
1.54,10,291.507594
1.35,8,291.530349
1.41,9,291.559732
1.29,6,291.575706
1.16,8,291.605327
1.13,5,291.624177
1.13,5,291.639053
1.16,8,291.666133
1.49,9,291.696157
1.23,7,291.720876
1.33,8,291.747163
1.17,7,291.772211
-0.49,16,291.824127
1.34,7,291.843743
1.43,10,291.875881
1.56,10,291.906008
1.34,7,291.934505
1.44,8,291.96207
1.38,9,291.991746
-0.82,9,292.023543
1.19,8,292.051877
1.26,8,292.078456
-0.61,8,292.104654
1.19,5,292.121214
-0.63,12,292.168521
1.31,9,292.19681
1.36,11,292.235432
1.38,9,292.266497
1.24,6,292.289887
1.18,6,292.308681
1.37,10,292.3448
1.28,7,292.36299
1.17,7,292.386731
1.23,7,292.408415
1.18,6,292.426501
1.27,8,292.450319
1.33,8,292.477474
1.07,6,292.500097
1.39,10,292.533632
1.19,5,292.550353
1.68,11,292.584718
1.46,8,292.611986
1.39,8,292.637311
1.43,9,292.666511
1.49,9,292.696724
1.34,7,292.723334
1.19,5,292.741499
-0.82,6,292.761181
1.42,9,292.795336
1.48,10,292.828395
1.24,6,292.850748
1.26,6,292.869393
1.16,5,292.885277
1.38,9,292.917102
1.24,9,292.944552
1.34,7,292.969747
1.33,8,293.001348
1.2,6,293.019857
1.12,7,293.04448
-0.36,14,293.087855
1.44,9,293.128585
1.23,7,293.150342
1.24,6,293.177285
1.24,8,293.224752
1.39,9,293.260236
1.24,6,293.289079
1.29,6,293.308325
1.37,8,293.336881
1.34,7,293.365692
1.24,6,293.386648
-0.73,9,293.420855
1.4,9,293.450607
1.43,9,293.483701
1.34,9,293.511663
1.14,4,293.525567
1.51,9,293.55586
1.41,8,293.583831
1.54,9,293.619931
1.22,7,293.649782
1.22,8,293.679607
1.28,7,293.705886
1.64,11,293.748194
1.24,6,293.769448
-0.66,9,293.800132
1.18,6,293.821249
-0.75,8,293.849406
-0.68,9,293.880683
1.39,8,293.906748
-0.46,11,293.9405
1.32,8,293.96834
1.53,9,294.003485
1.23,7,294.026459
1.33,8,294.054764
1.35,8,294.088626
1.39,8,294.121466
1.34,9,294.160445
1.39,10,294.198149
-0.67,8,294.221741
1.45,10,294.254989
-0.72,8,294.278322
1.14,4,294.294858
1.14,4,294.307883
1.21,6,294.326552
1.29,6,294.351155
1.18,6,294.371458
1.55,11,294.405908
1.29,6,294.42197
1.29,6,294.442371
1.14,4,294.457522
1.36,11,294.49264
1.17,7,294.513853
1.25,11,294.548296
-0.64,11,294.58984
1.19,5,294.604692
1.19,5,294.620145
1.28,7,294.642081
1.24,6,294.665564
1.45,9,294.694825
-0.7,8,294.721262
1.51,9,294.74981
1.43,9,294.77919
1.34,9,294.806967
1.54,12,294.843828
1.36,8,294.866595
1.55,10,294.900704
1.19,5,294.914438
1.31,7,294.937956
1.23,7,294.961495
1.28,7,294.98443
1.28,7,295.004594
1.43,9,295.036883
1.34,7,295.058302
1.49,8,295.089514
1.29,6,295.110671
1.19,5,295.12661
1.18,6,295.148061
-0.64,7,295.172935
1.22,8,295.196863
-0.86,4,295.210172
-0.69,7,295.237332
1.19,5,295.271426
1.14,4,295.297003
-0.66,7,295.335541
1.23,7,295.365814
1.11,7,295.393825
1.34,7,295.501743
1.22,8,295.537953
1.3,8,295.567749
1.32,9,295.607021
1.38,8,295.634127
-0.65,12,295.682362
1.43,9,295.718732
1.19,5,295.739931
1.36,7,295.772649
1.44,10,295.81464
1.17,7,295.839215
1.19,5,295.864968
1.14,4,295.88079
1.41,9,295.9317
1.44,8,295.974912
1.13,5,296.005945
1.34,7,296.039186
1.24,6,296.058215
1.14,4,296.074321
1.18,6,296.09986
1.21,9,296.131031
1.46,9,296.200938
-0.41,13,296.313321
1.23,7,296.347187
1.19,5,296.368325
1.17,7,296.396321
1.6,10,296.448942
1.43,9,296.499011
1.29,7,296.538723
1.49,9,296.57134
1.4,8,296.599977
1.18,8,296.634344
1.57,11,296.679265
1.19,5,296.706217
1.12,6,296.733565
1.3,8,296.766314
1.34,10,296.804236
1.55,10,296.836831
1.46,8,296.871273
1.29,6,296.906056
1.34,7,296.932291
1.28,7,296.95554
1.24,6,296.977177
1.19,5,296.996182
1.55,11,297.049554
1.23,7,297.08438
1.43,9,297.124551
-0.61,8,297.172533
1.41,8,297.203425
1.24,6,297.227245
1.51,9,297.273016
1.5,10,297.322952
1.33,8,297.357924
1.14,4,297.372434
1.41,8,297.40433
1.34,7,297.441018
1.18,6,297.466396
-0.71,6,297.48936
1.34,11,297.536931
1.34,9,297.579819
1.33,10,297.62835
1.19,5,297.651014
1.14,4,297.668268
1.34,7,297.69861
1.24,6,297.723042
1.29,6,297.745096
1.35,9,297.784324
1.49,12,297.846678
-0.52,10,297.887998
-0.61,8,297.922786
1.35,8,297.953136
1.34,7,297.98624
1.37,10,298.018177
1.34,7,298.045968
1.25,7,298.077123
1.23,7,298.107051
1.5,11,298.149136
1.44,8,298.182008
-0.76,6,298.205932
1.36,8,298.243423
1.35,8,298.271645
1.51,10,298.329055
1.19,7,298.372061
1.38,10,298.421202
1.23,7,298.444489
1.52,10,298.485497
1.43,8,298.526505
1.12,6,298.570674
1.36,11,298.692909
1.2,7,298.908841
-0.79,6,298.931882
-0.58,12,298.98677
1.24,6,299.011053
1.19,5,299.030155
-0.53,11,299.07112
1.47,10,299.119648
1.19,5,299.14686
1.28,7,299.177378
1.19,5,299.196924
1.18,6,299.216438
1.14,4,299.232246
1.36,8,299.262269
1.34,7,299.285677
-0.97,4,299.30978
1.14,4,299.409027
1.19,5,299.443597
1.14,4,299.457739
1.13,5,299.477727
1.18,6,299.498932
1.16,5,299.519077
1.19,5,299.537866
1.14,4,299.553809
-0.7,8,299.590204
1.43,10,299.647826
1.19,5,299.670025
1.27,9,299.714956
1.51,9,299.773495
1.31,7,299.810482
1.24,6,299.837184
1.27,8,299.872258
1.33,8,299.907333
1.39,10,299.943083
1.14,4,299.958014
1.54,10,300.001897
1.28,7,300.038547
-0.47,14,300.099027
1.33,8,300.136648
1.28,7,300.16494
-0.62,12,300.206219
1.41,9,300.241385
1.28,7,300.269075
1.18,6,300.296666
-0.6,12,300.336516
1.34,7,300.361616
1.38,8,300.387632
1.17,7,300.416914
1.11,7,300.444777
1.29,7,300.466302
1.19,5,300.486661
1.34,7,300.512785
1.19,5,300.531046
1.46,8,300.553105
-0.42,11,300.589382
1.29,7,300.61627
1.19,5,300.631801
-0.68,11,300.674003
1.18,6,300.781077
1.12,6,300.800918
1.19,7,300.82574
1.44,9,300.850895
1.34,7,300.877176
1.49,9,300.904594
1.18,6,300.927053
-0.64,8,300.959226
-0.67,8,300.995091
1.31,8,301.038713
1.29,6,301.063249
1.3,8,301.092951
1.46,8,301.118942
1.28,7,301.151853
1.29,6,301.169298
1.24,9,301.210307
1.24,6,301.228355
1.24,6,301.265915
1.39,8,301.297191
1.34,7,301.321634
-0.83,8,301.349688
1.49,9,301.38869
1.17,8,301.420384
1.19,5,301.436853
1.38,9,301.486388
1.41,11,301.54484
1.19,5,301.565576
1.24,6,301.597775
1.42,9,301.634657
1.44,10,301.670151
1.19,5,301.694591
1.34,8,301.729241
1.46,12,301.792212
-0.81,8,301.834108
1.39,8,301.870501
1.28,8,301.903555
1.23,6,301.925017
1.32,8,301.962491
1.28,8,301.994375
1.22,8,302.028473
1.24,6,302.048751
1.21,9,302.080382
1.34,7,302.111774
1.33,8,302.163321
1.33,8,302.199724
1.29,6,302.241041
-0.65,9,302.292151
1.28,8,302.321333
1.18,6,302.343924
1.29,6,302.363915
1.45,10,302.398901
-0.65,9,302.498073
1.29,6,302.525773
1.51,10,302.560855
1.34,7,302.584299
1.34,11,302.639017
1.34,7,302.659686
1.22,8,302.688151
1.12,6,302.707563
1.18,6,302.727531
1.18,6,302.746612
1.25,7,302.775647
1.55,11,302.810066
1.2,8,302.834088
1.34,8,302.857195
1.41,9,302.892699
1.54,10,302.923614
-0.82,6,302.941842
1.27,8,302.967273
1.34,7,302.988012
1.4,9,303.02106
1.29,7,303.038065
1.29,7,303.062189
-0.35,13,303.105793
1.34,7,303.126772
1.36,9,303.150285
1.34,7,303.175387
1.34,7,303.199481
1.23,7,303.225865
1.19,5,303.240583
1.3,8,303.267492
-0.77,7,303.295108
1.14,4,303.309059
1.42,9,303.338793
1.24,9,303.366236
1.14,4,303.379965
1.46,12,303.4162
1.51,10,303.447564
1.51,8,303.474812
-0.59,8,303.503164
1.25,7,303.524585
1.25,7,303.548738
-0.51,16,303.599526
1.38,7,303.624686
1.26,6,303.642813
1.27,9,303.675524
-0.54,14,303.720657
1.5,10,303.756211
1.19,5,303.772977
1.28,7,303.797526
1.51,9,303.825443
1.14,4,303.84147
1.38,9,303.873654
1.39,8,303.896233
1.19,5,303.909681
1.56,10,303.942863
1.34,7,303.96481
1.19,5,303.980419
-0.9,8,304.011058
1.46,9,304.044734
1.14,4,304.057237
1.34,7,304.080096
1.51,9,304.109004
1.46,11,304.146137
1.14,4,304.159116
1.46,9,304.187661
1.5,10,304.215879
-0.81,5,304.234169
1.29,6,304.254809
1.64,10,304.291785
1.51,9,304.32104
1.43,9,304.350394
1.18,13,304.398758
1.19,5,304.414012
1.4,9,304.440287
1.24,6,304.46191
1.38,8,304.490462
1.29,6,304.505624
1.33,8,304.529417
1.27,11,304.569325
1.28,7,304.589115
1.14,4,304.599729
1.17,7,304.622245
1.14,4,304.63667
1.46,8,304.663294
1.14,4,304.677199
1.55,11,304.714254
1.34,7,304.736963
1.38,8,304.76315
1.3,7,304.789591
1.43,8,304.815261
1.39,8,304.840432
1.35,14,304.883363
1.61,11,304.921934
-0.74,6,304.940248
1.14,4,304.955106
1.14,4,304.968256
1.42,10,305.121773
1.34,9,305.167885
1.3,7,305.211949
1.28,7,305.247003
1.19,5,305.274849
1.4,9,305.30639
1.19,5,305.323649
1.44,10,305.355148
1.18,6,305.371074
-0.66,7,305.394604
1.5,10,305.434907
1.24,6,305.453559
1.19,5,305.468721
1.73,12,305.50695
1.22,8,305.53379
1.42,10,305.568387
1.39,8,305.595386
1.54,10,305.6264
1.31,10,305.662128
1.17,7,305.68883
1.32,9,305.715404
1.34,7,305.738644
1.29,9,305.77282
1.28,8,305.79628
1.23,7,305.820921
1.14,4,305.830464
1.13,5,305.848886
1.31,10,305.875897
1.14,4,305.889109
1.19,5,305.909483
1.19,5,305.929598
1.14,4,305.942433
1.13,5,305.957331
1.14,4,305.970784
1.14,4,305.982003
1.31,10,306.01521
1.14,4,306.028868
1.14,4,306.041118
1.14,4,306.056
1.14,4,306.066249
1.16,5,306.078675
1.24,6,306.09776
1.14,4,306.113045
1.19,5,306.130752
1.34,7,306.153034
1.39,8,306.178341
1.24,6,306.203402
1.18,6,306.221296
-0.58,10,306.259501
1.4,9,306.286125
-0.71,7,306.310938
1.36,7,306.332004
1.35,8,306.355278
-0.66,9,306.386663
1.33,8,306.412606
1.44,8,306.44061
1.14,4,306.450347
1.28,7,306.470038
1.28,7,306.492763
1.24,6,306.514931
1.33,8,306.539239
1.7,12,306.580811
1.18,6,306.602592
1.18,6,306.622886
1.3,8,306.64869
-0.66,12,306.681286
1.26,7,306.708499
1.14,7,306.730025
1.19,5,306.74903
-0.6,12,306.78752
1.45,12,306.83004
1.19,5,306.846461
1.33,8,306.874188
1.29,6,306.89029
-0.78,8,306.920393
1.39,11,306.9582
1.14,4,306.970795
1.28,7,306.992604
1.26,10,307.026471
1.34,7,307.046998
-0.53,12,307.082418
1.34,7,307.106935
1.39,8,307.136787
1.19,5,307.150497
1.18,6,307.173556
1.41,8,307.197242
1.55,14,307.24242
1.57,12,307.281518
1.49,8,307.307706
-0.83,7,307.33245
1.19,5,307.352258
1.39,10,307.385697
1.28,8,307.408897
1.49,9,307.441633
1.38,9,307.476296
1.4,9,307.506612
-0.76,6,307.527702
1.16,8,307.554395
1.23,6,307.574652
-0.72,9,307.611964
1.34,7,307.630262
1.19,5,307.649893
1.46,8,307.679938
1.43,11,307.711514
-0.66,7,307.736319
1.22,9,307.767835
1.46,8,307.796869
1.14,4,307.809818
1.46,9,307.840447
1.32,9,307.868739
1.51,9,307.898299
1.19,5,307.910438
1.42,11,307.941921
1.19,5,307.957146
1.33,8,307.988846
1.29,7,308.013222
1.14,4,308.025907
1.32,9,308.054926
1.68,13,308.099018
1.23,7,308.1176
1.34,7,308.138747
1.48,9,308.16284
1.52,11,308.205417
1.33,9,308.236492
1.34,7,308.260747
-0.74,10,308.29331
-0.76,6,308.312476
1.28,7,308.334842
1.17,7,308.358207
1.5,10,308.391642
1.59,12,308.43485
1.23,7,308.454816
1.41,9,308.479689
1.34,9,308.50769
-0.71,10,308.543952
1.41,8,308.56806
1.4,9,308.595516
1.73,12,308.63468
1.58,11,308.675689
1.41,8,308.700008
1.28,7,308.721269
1.19,5,308.735379
1.19,5,308.818017
1.29,6,308.851286
1.19,5,308.865617
1.34,7,308.886976
1.24,8,308.917845
1.14,4,308.932382
1.17,7,308.95393
1.53,10,308.989071
1.49,9,309.021479
1.22,8,309.043796
1.58,10,309.074238
1.22,8,309.097396
1.19,5,309.115859
1.19,5,309.132123
1.29,6,309.153934
1.51,9,309.17864
1.55,9,309.206667
1.4,9,309.233237
1.19,5,309.249197
1.18,6,309.268089
1.19,5,309.287052
1.34,7,309.309027
1.28,7,309.332294
1.18,6,309.346296
1.37,11,309.388819
1.27,8,309.413068
1.53,11,309.450167
1.41,8,309.473223
1.25,7,309.501959
1.32,9,309.530313
1.38,9,309.558775
1.07,6,309.579398
1.4,9,309.610256
1.51,9,309.637755
1.25,10,309.671967
1.23,7,309.691203
1.38,9,309.724477
1.13,5,309.740148
1.54,11,309.77823
1.38,7,309.800311
-0.76,6,309.824107
1.19,5,309.839037
1.33,8,309.865098
1.31,10,309.900215
-0.81,5,309.916276
1.19,5,309.932372
1.29,6,309.949692
1.19,5,309.963331
1.16,5,309.977169
1.3,8,310.004892
1.13,5,310.018222
1.14,4,310.030196
1.17,7,310.058555
1.19,5,310.072268
1.21,6,310.093052
1.15,6,310.111722
1.34,7,310.138649
1.31,6,310.158242
1.19,5,310.172726
1.16,8,310.199744
1.19,5,310.218037
1.19,7,310.239015
-0.82,6,310.259072
1.38,9,310.29055
1.32,9,310.323322
1.34,7,310.347866
1.65,11,310.379242
1.19,5,310.398098
1.22,8,310.425179
1.13,5,310.44178
1.28,7,310.467545
1.18,6,310.483237
1.55,10,310.518393
1.31,6,310.535197
1.46,8,310.561916
1.23,7,310.587718
1.34,7,310.612098
1.29,7,310.634458
-0.62,8,310.660374
1.14,4,310.673797
1.16,8,310.69925
1.16,8,310.726436
1.19,5,310.742659
1.34,10,310.775533
1.28,7,310.803631
1.39,10,310.835702
1.24,6,310.855078
1.29,6,310.872374
1.59,10,310.910281
1.32,9,310.940447
1.41,8,310.969929
1.29,7,310.995084
1.29,6,311.016831
1.18,6,311.039746
1.35,8,311.069268
1.48,10,311.102106
1.24,6,311.126989
1.19,5,311.142645
1.38,8,311.169754
1.43,9,311.199847
1.46,9,311.233953
-0.56,9,311.266822
1.31,7,311.291222
1.35,9,311.321585
1.29,7,311.351249
1.18,6,311.370535
1.39,9,311.40109
1.24,6,311.421601
-0.73,11,311.46833
1.26,7,311.570151
1.21,8,311.601187
1.23,7,311.626611
1.14,4,311.644342
1.21,5,311.663246
1.31,7,311.691918
1.18,6,311.713438
1.23,7,311.736864
1.27,8,311.765344
-0.78,8,311.790677
1.33,8,311.81944
1.46,10,311.85532
1.24,9,311.884777
-0.83,7,311.907448
1.34,7,311.92978
1.19,5,311.947235
1.56,10,311.978968
1.26,6,312.003542
1.33,8,312.025675
1.29,6,312.046789
-0.86,4,312.059284
1.14,4,312.07107
1.6,11,312.109618
1.14,4,312.124622
1.34,7,312.148772
1.28,7,312.168792
1.36,7,312.188411
1.14,4,312.203547
1.34,7,312.227551
1.19,8,312.251022
1.5,10,312.283665
1.2,6,312.302085
1.22,8,312.325552
1.29,6,312.348166
1.14,4,312.357756
1.39,8,312.386667
1.29,7,312.405938
1.4,10,312.437664
1.39,8,312.456828
1.19,5,312.474211
1.19,5,312.490368
1.19,5,312.573996
1.14,4,312.594789
1.48,9,312.630131
1.42,10,312.660817
1.42,9,312.691211
1.28,8,312.71958
1.14,4,312.73437
1.33,8,312.758356
1.33,8,312.784187
-0.83,7,312.801508
1.18,6,312.823697
1.33,8,312.850762
1.48,13,312.887664
1.41,8,312.911719
1.22,8,312.940994
1.16,5,312.954683
1.18,6,312.97423
1.18,6,312.992224
1.39,11,313.026446
1.13,5,313.03906
1.55,11,313.073209
1.36,7,313.097335
1.24,6,313.11757
1.39,8,313.144509
1.29,7,313.167633
1.34,7,313.191443
1.12,6,313.20829
1.43,9,313.244563
1.62,12,313.283711
1.32,9,313.310071
1.63,11,313.347883
1.19,5,313.364042
1.14,4,313.375889
1.14,4,313.388061
1.48,10,313.423196
1.19,5,313.438632
1.14,4,313.451404
1.19,5,313.466829
1.14,4,313.481442
1.35,8,313.503898
1.3,7,313.524729
1.14,4,313.535913
1.5,11,313.56749
1.14,4,313.580281
1.19,5,313.59845
1.19,5,313.612618
1.14,4,313.628278
1.14,4,313.641652
1.34,7,313.66964
-0.93,6,313.691782
1.18,6,313.716888
1.35,9,313.740735
1.19,5,313.758163
1.29,6,313.782228
1.23,7,313.804277
-0.61,11,313.839594
-0.56,10,313.872061
1.35,9,313.901297
1.23,10,313.933184
1.18,6,313.95213
1.27,8,313.974464
1.34,7,313.999395
-0.86,5,314.019731
1.51,9,314.046803
1.13,5,314.05748
1.24,6,314.074539
1.32,9,314.104521
1.33,9,314.133637
1.19,5,314.153164
1.17,7,314.17388
1.14,4,314.190106
1.34,7,314.21421
1.61,10,314.249492
1.33,8,314.276066
1.51,11,314.308056
1.19,5,314.32568
1.18,6,314.341382
1.59,10,314.375395
-0.75,8,314.403631
1.19,5,314.418168
-0.61,8,314.446279
1.24,6,314.462209
1.18,6,314.486183
1.39,8,314.511879
1.49,8,314.537031
1.28,7,314.561047
1.35,9,314.588556
1.34,7,314.61411
1.17,7,314.633234
-0.62,9,314.667368
1.32,9,314.704128
1.19,5,314.723543
1.38,9,314.763298
1.19,5,314.78708
1.36,7,314.819748
1.36,11,314.863883
1.38,9,314.894243
1.41,13,314.940553
1.19,5,314.95654
-0.68,9,314.98724
1.14,4,315.001943
-0.75,10,315.035904
1.39,8,315.068394
1.18,6,315.087298
1.47,11,315.124018
1.29,7,315.152234
1.28,7,315.17748
1.27,9,315.213506
1.19,5,315.230527
1.51,11,315.268504
1.43,10,315.304165
1.29,6,315.32685
1.38,9,315.355187
1.19,5,315.371278
-0.77,7,315.401952
1.33,8,315.431105
1.19,5,315.446824
1.47,11,315.481767
1.28,7,315.51227
1.48,9,315.538531
1.19,5,315.55567
-0.8,7,315.582843
1.18,6,315.605501
1.48,10,315.650376
1.33,8,315.682442
1.19,5,315.702254
1.28,7,315.73835
1.17,7,315.767963
1.29,6,315.78785
1.33,8,315.819276
1.26,10,315.864757
1.23,7,315.886127
1.25,7,315.913042
1.5,10,315.94882
1.29,6,315.96812
1.46,8,316.002074
1.34,7,316.03091
1.41,10,316.066015
1.4,9,316.103913
1.44,12,316.14667
1.34,7,316.171793
1.34,7,316.199577
1.14,4,316.217949
1.19,5,316.234908
1.34,7,316.261546
1.14,4,316.27163
1.29,7,316.302505
1.23,7,316.332892
1.23,7,316.353967
1.14,4,316.366876
1.13,5,316.390828
1.19,5,316.404954
-0.82,6,316.428764
1.24,8,316.463166
1.31,7,316.497389
1.24,6,316.523388
1.36,8,316.637255
1.23,7,316.684968
1.35,9,316.719096
1.13,5,316.734195
-0.61,8,316.763797
1.34,7,316.788323
1.33,8,316.816599
1.43,10,316.8518
1.27,9,316.883871
1.22,8,316.912148
1.19,7,316.941479
1.3,8,316.972764
1.38,9,317.011019
1.16,8,317.03966
1.13,5,317.064661
1.19,8,317.093871
1.48,13,317.139215
1.18,6,317.154912
1.55,14,317.209854
1.33,8,317.23507
1.38,9,317.264489
1.19,5,317.279499
1.23,7,317.305568
1.28,8,317.328523
1.24,6,317.347656
1.36,7,317.366049
1.44,8,317.395643
-0.58,11,317.42914
1.44,8,317.454007
1.41,11,317.48748
1.22,7,317.518462
1.18,6,317.53621
1.33,8,317.563194
1.33,8,317.590056
-0.76,12,317.632258
1.19,5,317.649661
1.19,5,317.669754
1.24,6,317.690061
1.19,5,317.712509
1.4,8,317.740553
1.29,6,317.763257
1.34,7,317.788921
1.18,6,317.809457
-0.78,10,317.848765
1.19,5,317.865805
1.45,11,317.90131
1.56,10,317.934394
1.36,8,317.96209
-0.56,9,317.993015
1.67,11,318.030734
1.41,11,318.07435
1.14,4,318.085248
1.15,6,318.106849
1.14,4,318.121571
1.73,11,318.168211
1.38,8,318.200591
1.44,9,318.317341
1.29,6,318.340406
-0.62,9,318.376416
1.14,4,318.391163
1.38,11,318.434638
1.29,6,318.455832
1.27,8,318.489124
1.14,4,318.503333
-0.4,11,318.548545
1.19,5,318.56659
1.41,8,318.600782
1.18,6,318.625268
1.29,6,318.643939
1.36,7,318.669201
1.3,8,318.699353
1.36,10,318.731172
1.14,4,318.745197
1.34,7,318.765161
1.3,8,318.791797
1.25,8,318.818335
1.27,9,318.846638
1.19,5,318.862037
1.19,5,318.87852
1.14,4,318.890541
1.13,5,318.904866
1.62,12,318.94181
-0.73,9,318.97763
1.26,7,318.997722
1.41,8,319.024094
1.17,7,319.052468
1.13,5,319.07205
1.27,9,319.108255
-0.45,11,319.14186
1.14,4,319.151914
1.19,8,319.182436
1.48,12,319.222913
1.29,6,319.24667
1.31,11,319.283708
1.29,9,319.314967
1.29,6,319.333258
1.34,7,319.357305
1.24,6,319.379143
1.34,7,319.404035
1.13,5,319.423153
1.38,10,319.457661
1.29,7,319.481669
1.19,5,319.499529
1.34,7,319.523994
1.65,14,319.567088
1.43,9,319.598586
1.38,9,319.630613
1.4,9,319.660422
1.18,6,319.687736
1.4,8,319.715123
1.6,11,319.751827
1.52,12,319.791051
1.31,8,319.816027
1.34,7,319.839276
1.58,10,319.880546
1.36,8,319.913102
1.57,12,319.954668
1.12,6,319.971928
1.22,8,319.999359
1.23,7,320.021259
1.47,10,320.053965
1.33,8,320.077368
1.34,7,320.102005
1.46,8,320.127196
1.31,7,320.14907
1.25,7,320.171995
1.18,6,320.192284
1.29,6,320.21186
-0.66,7,320.234212
1.62,12,320.268173
1.29,6,320.295246
1.26,7,320.318783
1.19,5,320.334349
1.27,8,320.357852
1.14,4,320.371417
1.14,4,320.38286
1.19,5,320.398687
-0.77,7,320.509164
1.21,6,320.536103
1.38,9,320.571426
1.35,8,320.596358
1.15,6,320.6125
1.18,6,320.635787
1.17,7,320.654687
1.46,8,320.681206
1.4,9,320.711154
1.24,6,320.733339
1.28,7,320.759008
1.19,5,320.773773
1.42,11,320.812788
1.18,6,320.831291
1.45,9,320.863704
1.24,6,320.877987
1.48,9,320.906081
1.33,8,320.933145
1.28,7,320.957351
1.19,5,320.972031
1.14,4,320.984012
1.25,7,321.015444
1.28,7,321.039823
1.26,6,321.053358
1.28,7,321.078207
1.44,8,321.106862
1.19,7,321.131682
1.41,10,321.160817
1.14,4,321.173103
1.34,7,321.200235
1.53,15,321.245742
1.23,7,321.267319
1.19,5,321.281363
1.24,6,321.3022
1.22,8,321.327373
1.56,9,321.360055
1.29,6,321.378404
-0.63,9,321.40792
1.28,7,321.431553
1.14,4,321.444736
1.38,9,321.476028
1.28,7,321.500916
-0.66,7,321.524053
1.36,7,321.545733
1.14,4,321.558619
-0.73,9,321.590821
1.43,9,321.61698
1.61,11,321.651924
1.28,7,321.672605
1.28,7,321.694107
-0.87,6,321.715153
1.14,4,321.727214
1.24,6,321.743935
1.12,6,321.766522
1.23,7,321.792157
1.21,9,321.824146
1.26,6,321.840638
1.21,5,321.862132
1.29,6,321.879522
1.31,10,321.912217
1.26,7,321.928805
-0.42,12,321.96911
1.51,10,321.999634
1.19,5,322.015069
1.29,6,322.033416
1.19,5,322.050815
1.45,9,322.081356
1.31,8,322.1081
1.24,6,322.125568
1.29,6,322.144878
1.29,7,322.169801
1.36,7,322.194925
1.19,5,322.210895
1.19,5,322.229477
1.29,6,322.249322
1.39,8,322.276886
1.19,5,322.292997
1.22,8,322.32391
1.19,5,322.337037
1.46,9,322.365175
1.27,8,322.387494
1.2,7,322.413163
1.14,4,322.426987
-0.68,10,322.462759
1.33,8,322.484563
1.25,8,322.513254
1.39,8,322.541105
1.29,6,322.558794
1.19,5,322.573802
1.29,6,322.59769
-0.77,7,322.62022
1.33,8,322.647074
1.24,6,322.663683
1.34,7,322.68898
1.61,10,322.716877
1.39,7,322.743235
1.38,9,322.767616
1.28,7,322.794042
1.27,8,322.817876
1.41,8,322.844229
1.34,10,322.874848
1.14,4,322.890067
1.28,8,322.911815
1.29,6,322.928642
-0.52,10,322.958201
1.35,8,322.984021
1.23,7,323.004952
1.24,6,323.024523
1.58,11,323.061079
1.24,6,323.079826
1.19,5,323.096148
1.19,5,323.114068
-0.77,7,323.13631
-0.81,5,323.157837
1.72,12,323.19251
1.33,8,323.214854
1.39,10,323.246629
1.19,5,323.262144
1.19,5,323.28214
1.34,7,323.303434
1.23,7,323.3269
1.48,10,323.364606
1.34,7,323.385155
1.33,8,323.409223
1.24,6,323.429346
1.47,11,323.467863
-0.77,7,323.489665
1.28,7,323.512667
1.26,8,323.537991
1.29,6,323.560682
-0.64,11,323.591903
1.24,6,323.611966
1.28,8,323.643664
1.31,10,323.680046
1.28,7,323.709307
1.49,12,323.748477
1.19,8,323.779142
1.19,5,323.797552
1.14,4,323.810917
1.28,8,323.837753
1.58,10,323.875355
1.14,4,323.892393
1.34,7,323.914124
1.29,6,323.932591
1.19,5,323.947394
1.24,6,323.972405
1.19,5,323.988418
1.26,8,324.015501
1.29,9,324.04473
1.34,7,324.070724
-0.75,11,324.102151
1.33,8,324.127907
1.41,9,324.156942
1.29,8,324.180438
1.29,7,324.204111
1.18,6,324.222255
1.14,4,324.23292
1.19,5,324.25416
1.33,10,324.281466
1.46,8,324.30672
1.34,7,324.331211
1.29,6,324.348748
1.28,8,324.375795
1.19,5,324.394942
1.14,4,324.407827
1.14,4,324.423367
1.56,9,324.457911
1.2,6,324.473925
-0.69,10,324.506492
1.34,7,324.532103
1.19,5,324.546778
1.19,8,324.572124
1.34,7,324.593038
1.33,8,324.693944
1.39,10,324.734691
1.26,9,324.761315
1.39,11,324.801003
1.34,7,324.828546
-0.66,14,324.874823
1.24,6,324.894081
1.18,6,324.913471
1.48,10,324.960638
1.19,5,324.978913
1.24,6,325.004606
-0.64,10,325.037832
1.29,7,325.061417
1.34,7,325.087224
1.19,5,325.103006
1.14,4,325.11577
1.11,7,325.141481
1.26,6,325.160088
-0.83,7,325.185135
1.19,5,325.199643
1.13,5,325.216658
1.18,6,325.236672
1.19,5,325.251889
1.34,7,325.274076
1.21,5,325.291095
1.14,4,325.304117
1.27,10,325.339298
1.39,8,325.364841
1.46,12,325.407503
1.49,9,325.440504
-0.92,5,325.454827
1.62,12,325.488559
1.5,10,325.525148
1.29,6,325.542523
1.34,9,325.57272
1.33,8,325.597729
1.22,7,325.623239
1.3,7,325.645203
1.18,6,325.662032
1.41,8,325.685929
-0.86,5,325.706404
1.35,8,325.734771
1.31,9,325.764323
-0.99,6,325.781997
1.37,10,325.823423
1.23,7,325.84803
1.23,7,325.868033
1.29,6,325.888883
1.24,6,325.912031
-0.39,10,325.953608
1.19,5,325.96946
-0.81,5,325.98679
1.19,5,326.007462
1.18,8,326.034488
1.29,6,326.054158
1.19,5,326.071488
-0.29,12,326.111848
1.5,10,326.145738
1.54,12,326.187994
1.14,4,326.200793
1.14,4,326.215276
1.42,9,326.242548
1.45,10,326.276834
1.28,8,326.30191
1.19,5,326.319359
1.49,9,326.347603
1.14,4,326.358183
1.29,6,326.377292
-0.64,11,326.414063
1.24,5,326.43
1.44,13,326.47586
1.17,7,326.497386
1.19,5,326.516164
1.19,5,326.52972
1.14,4,326.542215
1.18,6,326.562456
1.28,7,326.5802
1.35,8,326.608314
1.31,10,326.644713
-0.61,11,326.693227
1.17,7,326.716404
1.44,9,326.750924
1.36,7,326.770659
1.14,4,326.783521
-0.72,7,326.806683
1.65,14,326.854502
-0.71,6,326.87429
1.43,9,326.903537
1.29,6,326.92792
1.24,6,326.945088
1.23,6,326.967668
1.43,10,326.998917
1.18,6,327.021255
1.33,9,327.044931
1.38,9,327.075
1.29,6,327.095245
1.18,6,327.113712
1.32,9,327.154467
1.22,7,327.242325
1.12,6,327.28448
1.4,9,327.363414
-0.72,8,327.425585
1.23,7,327.466478
1.24,6,327.503364
1.23,7,327.637841
1.24,6,327.688055
1.33,8,327.741972
1.19,5,327.767365
1.18,6,327.797012
1.29,6,327.829169
1.42,10,327.867001
1.14,4,327.883394
1.31,8,327.914239
1.13,5,327.937843
1.18,6,327.958606
-0.77,15,328.031813
1.13,5,328.056476
1.29,6,328.085955
1.36,7,328.105039
1.44,8,328.134627
1.47,12,328.182458
1.24,6,328.2076
1.43,9,328.244105
1.61,10,328.292644
1.29,6,328.325716
1.2,7,328.354999
1.55,10,328.387133
1.18,6,328.410977
1.26,7,328.437783
1.43,8,328.468163
1.41,8,328.494279
1.33,8,328.522028
1.32,9,328.557168
1.26,8,328.587053
1.34,7,328.612741
1.26,9,328.641871
1.29,6,328.66307
1.4,11,328.710593
1.33,8,328.741812
1.51,15,328.79768
1.27,12,328.837588
1.2,10,328.864828
1.28,7,328.887431
1.43,9,328.915854
1.3,9,328.95321
1.36,7,328.975214
1.29,6,328.993853
1.29,6,329.010404
1.33,8,329.041643
1.25,7,329.06689
1.19,5,329.082839
1.33,8,329.109394
1.49,9,329.141059
1.18,6,329.242079
1.36,7,329.271296
1.24,6,329.287661
1.21,9,329.324281
1.36,7,329.342849
1.29,9,329.376871
1.1,8,329.405253
1.14,4,329.420851
1.12,6,329.440365
1.44,7,329.466694
1.18,6,329.484131
1.3,7,329.51044
1.26,9,329.538622
-0.76,8,329.567319
1.28,7,329.591161
1.24,6,329.611713
1.23,7,329.635311
1.14,4,329.647298
1.16,5,329.663897
1.11,7,329.687818
1.34,7,329.711784
1.24,6,329.735698
1.41,13,329.783066
1.44,10,329.818538
1.29,6,329.838392
1.43,9,329.865561
1.14,4,329.877982
1.33,8,329.907505
1.24,6,329.929658
1.29,8,329.955797
1.29,6,329.972708
1.24,6,329.999003
1.59,10,330.031499
1.48,10,330.065514
1.18,6,330.084356
1.18,6,330.105621
1.54,9,330.134649
1.48,8,330.158473
1.12,6,330.175745
1.41,8,330.204432
1.44,8,330.228503
1.38,8,330.255447
1.41,8,330.282283
1.38,9,330.317665
1.34,7,330.339183
1.29,7,330.361149
1.19,5,330.373627
1.34,7,330.400781
1.31,7,330.422698
1.19,5,330.438455
1.46,8,330.464041
1.19,5,330.478868
1.29,8,330.504888
1.13,5,330.523329
1.44,8,330.547762
1.34,7,330.572758
1.54,9,330.606593
1.24,6,330.62447
-0.66,7,330.650265
1.54,10,330.68207
1.14,4,330.694967
1.4,9,330.73075
1.22,8,330.756804
1.29,6,330.77591
1.46,12,330.817245
1.17,7,330.840448
1.13,5,330.854494
1.16,8,330.885713
1.46,8,330.912173
1.11,7,330.937817
1.14,4,330.95029
1.28,8,330.979543
1.53,10,331.010109
1.29,6,331.031035
1.62,11,331.068707
1.54,9,331.103333
1.24,6,331.120126
1.14,4,331.132764
1.28,7,331.157104
-0.91,4,331.171307
1.23,7,331.192797
1.32,9,331.220758
1.33,8,331.243455
1.56,9,331.272363
1.22,8,331.299972
1.53,11,331.332587
1.66,11,331.368963
1.33,8,331.400675
1.76,11,331.43627
1.19,5,331.450966
1.29,6,331.469209
-0.71,6,331.490857
1.14,4,331.503003
1.33,8,331.529904
-0.81,5,331.544558
1.44,8,331.572309
1.44,8,331.602412
1.33,8,331.628916
1.29,7,331.650219
1.18,9,331.683217
-0.83,7,331.703069
1.46,9,331.730619
1.34,7,331.754213
1.28,7,331.780431
1.32,10,331.808224
1.31,6,331.831328
1.34,7,331.850067
1.24,6,331.872145
1.28,8,331.897474
1.23,7,331.917837
1.23,7,331.936665
1.31,7,331.964627
-0.56,12,332.003678
1.14,4,332.014409
1.4,9,332.042782
1.36,10,332.080122
1.29,7,332.104963
1.39,8,332.132777
1.51,9,332.162664
1.43,9,332.18821
1.31,7,332.211793
1.27,8,332.235356
1.19,5,332.251518
1.34,7,332.279563
1.19,5,332.296121
1.33,8,332.322262
-0.66,7,332.348055
1.36,7,332.375187
1.29,6,332.393442
-0.15,17,332.448306
1.24,6,332.468048
1.19,5,332.485706
1.29,6,332.508395
1.19,5,332.523722
1.18,6,332.542914
1.46,9,332.576906
1.51,9,332.60279
1.36,8,332.631693
1.46,9,332.662504
1.29,6,332.686037
1.43,9,332.715998
1.18,6,332.734201
1.33,8,332.762921
1.36,10,332.799426
-0.54,12,332.913384
1.45,9,332.940404
1.5,9,332.968661
1.32,8,332.999713
1.36,8,333.023706
1.55,10,333.053981
1.29,8,333.081749
1.28,7,333.107738
1.42,9,333.137557
1.46,9,333.167571
1.49,9,333.19769
1.36,8,333.223118
-0.53,11,333.261177
1.22,7,333.286009
1.12,6,333.303938
1.18,6,333.32847
1.33,8,333.354523
1.19,5,333.370467
1.34,7,333.3947
1.12,6,333.41525
1.34,7,333.437033
1.33,8,333.462101
1.18,6,333.484083
1.19,5,333.500639
1.25,7,333.521679
1.37,10,333.55296
1.54,11,333.588894
1.28,8,333.615264
1.21,5,333.631781
1.23,7,333.659313
-0.74,8,333.688511
1.34,7,333.716658
-0.82,6,333.740081
1.14,4,333.753536
1.29,6,333.772382
1.27,8,333.801443
1.43,9,333.82721
1.29,6,333.843494
1.38,9,333.875604
-0.71,7,333.900026
1.34,7,333.925702
1.34,7,333.945544
1.23,7,333.967307
1.25,7,333.99305
1.58,10,334.030736
1.11,8,334.057879
1.24,6,334.076244
1.45,10,334.114537
1.18,6,334.131804
1.49,9,334.166378
1.22,7,334.183309
1.34,7,334.211179
1.34,7,334.233702
1.26,6,334.250109
1.49,9,334.280554
1.56,10,334.311302
1.39,7,334.331281
1.16,8,334.355038
1.44,8,334.382365
1.18,6,334.404218
1.3,8,334.433233
1.19,5,334.451368
1.18,6,334.469018
1.43,10,334.504813
1.51,9,334.535771
1.26,7,334.559995
1.32,9,334.587242
1.19,5,334.603038
1.51,9,334.63425
1.19,5,334.651608
1.19,5,334.671124
1.29,6,334.689171
1.34,7,334.714243
1.66,13,334.755497
1.19,5,334.770653
1.13,5,334.78707
1.23,7,334.812669
-0.7,8,334.841079
1.49,8,334.869702
1.19,5,334.888379
1.19,5,334.903722
1.19,5,334.92113
1.19,5,334.941195
1.43,8,334.970942
1.26,9,335.000556
1.36,7,335.026774
1.29,6,335.046034
1.28,8,335.076737
1.34,9,335.105916
1.5,11,335.145228
1.24,6,335.162968
1.19,5,335.181499
1.35,9,335.213168
1.42,11,335.25158
1.29,6,335.272022
1.19,5,335.295172
1.18,6,335.311321
1.19,5,335.326837
1.46,9,335.36012
1.44,8,335.38656
1.19,5,335.40314
1.19,5,335.419543
1.19,5,335.436651
1.38,8,335.464763
1.39,10,335.499615
1.21,5,335.51328
1.33,8,335.538474
1.24,6,335.559814
1.31,6,335.578805
1.38,9,335.608555
1.67,14,335.654932
1.19,5,335.67544
1.29,6,335.697827
1.29,6,335.718348
1.14,4,335.731517
1.61,11,335.772427
1.39,10,335.80218
1.58,9,335.835417
1.49,9,335.864854
-0.66,7,335.893522
1.24,6,335.912591
1.46,8,335.935034
1.19,5,335.951211
1.19,5,335.970644
1.18,6,335.986111
1.14,4,335.999709
1.44,9,336.030352
1.24,6,336.054348
1.26,10,336.085945
1.66,10,336.119723
1.6,12,336.161201
1.33,8,336.254325
1.35,12,336.302273
1.29,6,336.320187
1.39,9,336.352563
1.19,5,336.368412
1.49,11,336.407023
1.17,7,336.426718
1.38,11,336.4594
1.33,8,336.486732
1.34,7,336.511292
1.73,11,336.547137
1.14,4,336.560126
1.35,8,336.588913
-0.78,11,336.620162
1.54,9,336.652388
1.71,12,336.690425
-0.77,13,336.730207
1.26,9,336.760946
1.24,6,336.781918
1.21,6,336.873461
1.48,10,336.916697
1.38,9,336.945682
1.51,12,336.981201
1.31,10,337.012043
1.43,12,337.05324
1.18,6,337.074417
1.34,7,337.096004
1.39,8,337.12019
1.34,9,337.151071
1.53,10,337.182968
1.29,6,337.201009
1.34,7,337.225035
-0.76,6,337.245184
1.26,7,337.272947
1.26,6,337.291756
1.14,4,337.303912
-0.58,16,337.35712
-0.76,6,337.376904
1.19,5,337.390456
1.33,8,337.416242
1.23,7,337.44474
1.38,9,337.471345
1.46,10,337.507354
1.14,4,337.519161
1.35,8,337.547946
1.57,10,337.578556
1.14,4,337.589316
1.48,10,337.622835
1.35,9,337.654061
1.22,8,337.682882
1.41,8,337.712932
-0.78,8,337.739875
1.44,8,337.767684
1.38,10,337.801682
1.23,7,337.823616
-0.46,9,337.849588
1.29,6,337.871711
1.56,9,337.901662
-0.51,11,337.939859
1.14,4,337.950468
1.41,8,337.979386
1.34,8,338.004461
1.29,6,338.022316
1.4,8,338.046945
1.6,11,338.083402
1.19,5,338.09947
1.29,6,338.121235
1.29,6,338.135401
1.41,8,338.16208
-0.49,10,338.191548
1.34,7,338.214737
1.33,8,338.242149
1.18,6,338.262281
1.47,12,338.3073
1.52,11,338.341945
1.18,6,338.359598
1.46,8,338.386792
1.24,6,338.410455
1.28,10,338.439954
1.15,6,338.461498
1.29,7,338.488801
1.28,8,338.515601
1.46,8,338.542622
1.49,9,338.571846
1.44,10,338.609254
1.19,5,338.626833
1.39,8,338.655616
1.39,8,338.681525
1.34,7,338.705163
1.66,11,338.742053
1.19,5,338.759715
1.19,5,338.776586
-0.67,8,338.807357
1.28,7,338.828944
1.29,6,338.849987
1.16,5,338.865826
1.14,4,338.880109
1.48,8,338.907219
1.6,12,338.947101
1.17,7,338.969377
1.16,8,338.994897
1.44,8,339.02249
1.35,9,339.049207
-0.59,11,339.090667
-0.56,8,339.121186
-0.39,10,339.149364
